category,target,k,features,R2,Q2,RMSE,CV,equation
azoarene_svr_rbf_c30_eps005_scale,ln(kobs),5,ar2_Ar_HOMO|rate kobs (s-1)|ar1_bond_length_c_e|ar2_Ar_Ster_B5|ar2_sterimol_B5,0.8146675671456416,0.4861912129707724,1.907201271292815,LOOCV,ln(kobs) = <nonlinear model; no closed-form linear equation>
azoarene_svr_rbf_c30_eps005_scale,ln(kobs),5,ar2_homo_hartree|rate kobs (s-1)|ar1_bond_length_c_e|ar2_Ar_Ster_B5|ar2_sterimol_B5,0.8146675671456416,0.4861912129707724,1.907201271292815,LOOCV,ln(kobs) = <nonlinear model; no closed-form linear equation>
azoarene_svr_rbf_c30_eps005_scale,ln(kobs),4,ar2_Ar_HOMO|ar2_Ar_Ster_B5|ar2_sterimol_B5|ar1_nbo_q_a,0.6936160786413292,0.4706742982930904,2.452188206087831,LOOCV,ln(kobs) = <nonlinear model; no closed-form linear equation>
azoarene_svr_rbf_c30_eps005_scale,ln(kobs),4,ar2_Ar_HOMO|ar2_Ar_Ster_B5|ar2_sterimol_B5|ar1_Ar_NBO_OH,0.6936160786413292,0.4706742982930904,2.452188206087831,LOOCV,ln(kobs) = <nonlinear model; no closed-form linear equation>
azoarene_svr_rbf_c30_eps005_scale,ln(kobs),4,ar2_homo_hartree|ar2_Ar_Ster_B5|ar2_sterimol_B5|ar1_nbo_q_a,0.6936160786413292,0.4706742982930904,2.452188206087831,LOOCV,ln(kobs) = <nonlinear model; no closed-form linear equation>
azoarene_svr_rbf_c30_eps005_scale,ln(kobs),4,ar2_homo_hartree|ar2_Ar_Ster_B5|ar2_sterimol_B5|ar1_Ar_NBO_OH,0.6936160786413292,0.4706742982930904,2.452188206087831,LOOCV,ln(kobs) = <nonlinear model; no closed-form linear equation>
azoarene_svr_rbf_c30_eps005_scale,ln(kobs),4,ar2_Ar_HOMO|ar2_Ar_Ster_B5|ar1_nbo_q_a|ar1_Ar_NBO_OH,0.6994489341186354,0.45600817595969,2.4287339879757517,LOOCV,ln(kobs) = <nonlinear model; no closed-form linear equation>
azoarene_svr_rbf_c30_eps005_scale,ln(kobs),4,ar2_Ar_HOMO|ar2_sterimol_B5|ar1_nbo_q_a|ar1_Ar_NBO_OH,0.6994489341186354,0.45600817595969,2.4287339879757517,LOOCV,ln(kobs) = <nonlinear model; no closed-form linear equation>
azoarene_svr_rbf_c30_eps005_scale,ln(kobs),4,ar2_homo_hartree|ar2_Ar_Ster_B5|ar1_nbo_q_a|ar1_Ar_NBO_OH,0.6994489341186354,0.45600817595969,2.4287339879757517,LOOCV,ln(kobs) = <nonlinear model; no closed-form linear equation>
azoarene_svr_rbf_c30_eps005_scale,ln(kobs),4,ar2_homo_hartree|ar2_sterimol_B5|ar1_nbo_q_a|ar1_Ar_NBO_OH,0.6994489341186354,0.45600817595969,2.4287339879757517,LOOCV,ln(kobs) = <nonlinear model; no closed-form linear equation>
azoarene_svr_rbf_c30_eps005_scale,ln(kobs),4,rate kobs (s-1)|ar1_bond_length_c_e|ar2_Ar_Ster_B5|ar2_sterimol_B5,0.741442247336769,0.4474032806262478,2.252680482721824,LOOCV,ln(kobs) = <nonlinear model; no closed-form linear equation>
azoarene_svr_rbf_c30_eps005_scale,ln(kobs),4,ar2_Ar_HOMO|ar1_bond_length_c_e|ar2_Ar_Ster_B5|ar2_sterimol_B5,0.7467720739341766,0.44671074409056954,2.229341564644566,LOOCV,ln(kobs) = <nonlinear model; no closed-form linear equation>
azoarene_svr_rbf_c30_eps005_scale,ln(kobs),4,ar2_homo_hartree|ar1_bond_length_c_e|ar2_Ar_Ster_B5|ar2_sterimol_B5,0.7467720739341766,0.44671074409056954,2.229341564644566,LOOCV,ln(kobs) = <nonlinear model; no closed-form linear equation>
azoarene_svr_rbf_c30_eps005_scale,ln(kobs),4,ar2_Ar_HOMO|rate kobs (s-1)|ar1_bond_length_c_e|ar2_Ar_Ster_B5,0.822083901097158,0.4445777156138797,1.8686520337553838,LOOCV,ln(kobs) = <nonlinear model; no closed-form linear equation>
azoarene_svr_rbf_c30_eps005_scale,ln(kobs),4,ar2_Ar_HOMO|rate kobs (s-1)|ar1_bond_length_c_e|ar2_sterimol_B5,0.822083901097158,0.4445777156138797,1.8686520337553838,LOOCV,ln(kobs) = <nonlinear model; no closed-form linear equation>
azoarene_svr_rbf_c30_eps005_scale,ln(kobs),4,ar2_homo_hartree|rate kobs (s-1)|ar1_bond_length_c_e|ar2_Ar_Ster_B5,0.822083901097158,0.4445777156138797,1.8686520337553838,LOOCV,ln(kobs) = <nonlinear model; no closed-form linear equation>
azoarene_svr_rbf_c30_eps005_scale,ln(kobs),4,ar2_homo_hartree|rate kobs (s-1)|ar1_bond_length_c_e|ar2_sterimol_B5,0.822083901097158,0.4445777156138797,1.8686520337553838,LOOCV,ln(kobs) = <nonlinear model; no closed-form linear equation>
azoarene_svr_rbf_c30_eps005_scale,ln(kobs),4,ar2_Ar_HOMO|rate kobs (s-1)|ar2_Ar_Ster_B5|ar1_nbo_q_a,0.8098669813438611,0.44296154290938194,1.9317440616071446,LOOCV,ln(kobs) = <nonlinear model; no closed-form linear equation>
azoarene_svr_rbf_c30_eps005_scale,ln(kobs),4,ar2_Ar_HOMO|rate kobs (s-1)|ar2_Ar_Ster_B5|ar1_Ar_NBO_OH,0.8098669813438611,0.44296154290938194,1.9317440616071446,LOOCV,ln(kobs) = <nonlinear model; no closed-form linear equation>
azoarene_svr_rbf_c30_eps005_scale,ln(kobs),4,ar2_Ar_HOMO|rate kobs (s-1)|ar2_sterimol_B5|ar1_nbo_q_a,0.8098669813438611,0.44296154290938194,1.9317440616071446,LOOCV,ln(kobs) = <nonlinear model; no closed-form linear equation>
azoarene_svr_rbf_c30_eps005_scale,ln(kobs),4,ar2_Ar_HOMO|rate kobs (s-1)|ar2_sterimol_B5|ar1_Ar_NBO_OH,0.8098669813438611,0.44296154290938194,1.9317440616071446,LOOCV,ln(kobs) = <nonlinear model; no closed-form linear equation>
azoarene_svr_rbf_c30_eps005_scale,ln(kobs),4,ar2_homo_hartree|rate kobs (s-1)|ar2_Ar_Ster_B5|ar1_nbo_q_a,0.8098669813438611,0.44296154290938194,1.9317440616071446,LOOCV,ln(kobs) = <nonlinear model; no closed-form linear equation>
azoarene_svr_rbf_c30_eps005_scale,ln(kobs),4,ar2_homo_hartree|rate kobs (s-1)|ar2_Ar_Ster_B5|ar1_Ar_NBO_OH,0.8098669813438611,0.44296154290938194,1.9317440616071446,LOOCV,ln(kobs) = <nonlinear model; no closed-form linear equation>
azoarene_svr_rbf_c30_eps005_scale,ln(kobs),4,ar2_homo_hartree|rate kobs (s-1)|ar2_sterimol_B5|ar1_nbo_q_a,0.8098669813438611,0.44296154290938194,1.9317440616071446,LOOCV,ln(kobs) = <nonlinear model; no closed-form linear equation>
azoarene_svr_rbf_c30_eps005_scale,ln(kobs),4,ar2_homo_hartree|rate kobs (s-1)|ar2_sterimol_B5|ar1_Ar_NBO_OH,0.8098669813438611,0.44296154290938194,1.9317440616071446,LOOCV,ln(kobs) = <nonlinear model; no closed-form linear equation>
azoarene_svr_rbf_c30_eps005_scale,ln(kobs),3,rate kobs (s-1)|ar2_Ar_Ster_B5|ar1_nbo_q_a,0.7458881061002498,0.44155527772165515,2.2332292666444276,LOOCV,ln(kobs) = <nonlinear model; no closed-form linear equation>
azoarene_svr_rbf_c30_eps005_scale,ln(kobs),3,rate kobs (s-1)|ar2_Ar_Ster_B5|ar1_Ar_NBO_OH,0.7458881061002498,0.44155527772165515,2.2332292666444276,LOOCV,ln(kobs) = <nonlinear model; no closed-form linear equation>
azoarene_svr_rbf_c30_eps005_scale,ln(kobs),3,rate kobs (s-1)|ar2_sterimol_B5|ar1_nbo_q_a,0.7458881061002498,0.44155527772165515,2.2332292666444276,LOOCV,ln(kobs) = <nonlinear model; no closed-form linear equation>
azoarene_svr_rbf_c30_eps005_scale,ln(kobs),3,rate kobs (s-1)|ar2_sterimol_B5|ar1_Ar_NBO_OH,0.7458881061002498,0.44155527772165515,2.2332292666444276,LOOCV,ln(kobs) = <nonlinear model; no closed-form linear equation>
azoarene_svr_rbf_c30_eps005_scale,ln(kobs),3,rate kobs (s-1)|ar1_bond_length_c_e|ar2_Ar_Ster_B5,0.7487916331807211,0.44032804108947754,2.220433976632481,LOOCV,ln(kobs) = <nonlinear model; no closed-form linear equation>
azoarene_svr_rbf_c30_eps005_scale,ln(kobs),3,rate kobs (s-1)|ar1_bond_length_c_e|ar2_sterimol_B5,0.7487916331807211,0.44032804108947754,2.220433976632481,LOOCV,ln(kobs) = <nonlinear model; no closed-form linear equation>
azoarene_svr_rbf_c30_eps005_scale,ln(kobs),5,ar2_Ar_HOMO|rate kobs (s-1)|ar2_Ar_Ster_B5|ar1_nbo_q_a|ar1_Ar_NBO_OH,0.8009964517163725,0.4364874194467022,1.9762925077277194,LOOCV,ln(kobs) = <nonlinear model; no closed-form linear equation>
azoarene_svr_rbf_c30_eps005_scale,ln(kobs),5,ar2_Ar_HOMO|rate kobs (s-1)|ar2_sterimol_B5|ar1_nbo_q_a|ar1_Ar_NBO_OH,0.8009964517163725,0.4364874194467022,1.9762925077277194,LOOCV,ln(kobs) = <nonlinear model; no closed-form linear equation>
azoarene_svr_rbf_c30_eps005_scale,ln(kobs),5,ar2_homo_hartree|rate kobs (s-1)|ar2_Ar_Ster_B5|ar1_nbo_q_a|ar1_Ar_NBO_OH,0.8009964517163725,0.4364874194467022,1.9762925077277194,LOOCV,ln(kobs) = <nonlinear model; no closed-form linear equation>
azoarene_svr_rbf_c30_eps005_scale,ln(kobs),5,ar2_homo_hartree|rate kobs (s-1)|ar2_sterimol_B5|ar1_nbo_q_a|ar1_Ar_NBO_OH,0.8009964517163725,0.4364874194467022,1.9762925077277194,LOOCV,ln(kobs) = <nonlinear model; no closed-form linear equation>
azoarene_svr_rbf_c30_eps005_scale,ln(kobs),5,ar2_Ar_HOMO|rate kobs (s-1)|ar2_Ar_Ster_B5|ar2_sterimol_B5|ar1_nbo_q_a,0.7972105156791595,0.433383213401067,1.9950028920387362,LOOCV,ln(kobs) = <nonlinear model; no closed-form linear equation>
azoarene_svr_rbf_c30_eps005_scale,ln(kobs),5,ar2_Ar_HOMO|rate kobs (s-1)|ar2_Ar_Ster_B5|ar2_sterimol_B5|ar1_Ar_NBO_OH,0.7972105156791595,0.433383213401067,1.9950028920387362,LOOCV,ln(kobs) = <nonlinear model; no closed-form linear equation>
azoarene_svr_rbf_c30_eps005_scale,ln(kobs),5,ar2_homo_hartree|rate kobs (s-1)|ar2_Ar_Ster_B5|ar2_sterimol_B5|ar1_nbo_q_a,0.7972105156791595,0.433383213401067,1.9950028920387362,LOOCV,ln(kobs) = <nonlinear model; no closed-form linear equation>
azoarene_svr_rbf_c30_eps005_scale,ln(kobs),5,ar2_homo_hartree|rate kobs (s-1)|ar2_Ar_Ster_B5|ar2_sterimol_B5|ar1_Ar_NBO_OH,0.7972105156791595,0.433383213401067,1.9950028920387362,LOOCV,ln(kobs) = <nonlinear model; no closed-form linear equation>
azoarene_svr_rbf_c30_eps005_scale,ln(kobs),5,ar2_Ar_HOMO|rate kobs (s-1)|ar1_bond_length_c_a|ar2_Ar_Ster_B5|ar2_sterimol_B5,0.8150302482025379,0.4280279966412984,1.9053342356715943,LOOCV,ln(kobs) = <nonlinear model; no closed-form linear equation>
azoarene_svr_rbf_c30_eps005_scale,ln(kobs),5,ar2_homo_hartree|rate kobs (s-1)|ar1_bond_length_c_a|ar2_Ar_Ster_B5|ar2_sterimol_B5,0.8150302482025379,0.4280279966412984,1.9053342356715943,LOOCV,ln(kobs) = <nonlinear model; no closed-form linear equation>
azoarene_svr_rbf_c30_eps005_scale,ln(kobs),3,ar2_Ar_HOMO|rate kobs (s-1)|ar1_nbo_q_a,0.8212667602882288,0.4268869022113584,1.8729383310490562,LOOCV,ln(kobs) = <nonlinear model; no closed-form linear equation>
azoarene_svr_rbf_c30_eps005_scale,ln(kobs),3,ar2_Ar_HOMO|rate kobs (s-1)|ar1_Ar_NBO_OH,0.8212667602882288,0.4268869022113584,1.8729383310490562,LOOCV,ln(kobs) = <nonlinear model; no closed-form linear equation>
azoarene_svr_rbf_c30_eps005_scale,ln(kobs),3,ar2_homo_hartree|rate kobs (s-1)|ar1_nbo_q_a,0.8212667602882288,0.4268869022113584,1.8729383310490562,LOOCV,ln(kobs) = <nonlinear model; no closed-form linear equation>
azoarene_svr_rbf_c30_eps005_scale,ln(kobs),3,ar2_homo_hartree|rate kobs (s-1)|ar1_Ar_NBO_OH,0.8212667602882288,0.4268869022113584,1.8729383310490562,LOOCV,ln(kobs) = <nonlinear model; no closed-form linear equation>
azoarene_svr_rbf_c30_eps005_scale,ln(kobs),3,ar2_Ar_HOMO|ar2_Ar_Ster_B5|ar1_nbo_q_a,0.7000863133148962,0.41840848996803637,2.426157310849913,LOOCV,ln(kobs) = <nonlinear model; no closed-form linear equation>
azoarene_svr_rbf_c30_eps005_scale,ln(kobs),3,ar2_Ar_HOMO|ar2_Ar_Ster_B5|ar1_Ar_NBO_OH,0.7000863133148962,0.41840848996803637,2.426157310849913,LOOCV,ln(kobs) = <nonlinear model; no closed-form linear equation>
azoarene_svr_rbf_c30_eps005_scale,ln(kobs),3,ar2_Ar_HOMO|ar2_sterimol_B5|ar1_nbo_q_a,0.7000863133148962,0.41840848996803637,2.426157310849913,LOOCV,ln(kobs) = <nonlinear model; no closed-form linear equation>
azoarene_svr_rbf_c30_eps005_scale,ln(kobs),3,ar2_Ar_HOMO|ar2_sterimol_B5|ar1_Ar_NBO_OH,0.7000863133148962,0.41840848996803637,2.426157310849913,LOOCV,ln(kobs) = <nonlinear model; no closed-form linear equation>
azoarene_svr_rbf_c30_eps005_scale,ln(kobs),3,ar2_homo_hartree|ar2_Ar_Ster_B5|ar1_nbo_q_a,0.7000863133148962,0.41840848996803637,2.426157310849913,LOOCV,ln(kobs) = <nonlinear model; no closed-form linear equation>
azoarene_svr_rbf_c30_eps005_scale,ln(kobs),3,ar2_homo_hartree|ar2_Ar_Ster_B5|ar1_Ar_NBO_OH,0.7000863133148962,0.41840848996803637,2.426157310849913,LOOCV,ln(kobs) = <nonlinear model; no closed-form linear equation>
azoarene_svr_rbf_c30_eps005_scale,ln(kobs),3,ar2_homo_hartree|ar2_sterimol_B5|ar1_nbo_q_a,0.7000863133148962,0.41840848996803637,2.426157310849913,LOOCV,ln(kobs) = <nonlinear model; no closed-form linear equation>
azoarene_svr_rbf_c30_eps005_scale,ln(kobs),3,ar2_homo_hartree|ar2_sterimol_B5|ar1_Ar_NBO_OH,0.7000863133148962,0.41840848996803637,2.426157310849913,LOOCV,ln(kobs) = <nonlinear model; no closed-form linear equation>
azoarene_svr_rbf_c30_eps005_scale,ln(kobs),5,ar2_Ar_HOMO|ar2_homo_hartree|rate kobs (s-1)|ar1_bond_length_c_e|ar2_Ar_Ster_B5,0.8095346665674885,0.41655185357265856,1.933431477202324,LOOCV,ln(kobs) = <nonlinear model; no closed-form linear equation>
azoarene_svr_rbf_c30_eps005_scale,ln(kobs),5,ar2_Ar_HOMO|ar2_homo_hartree|rate kobs (s-1)|ar1_bond_length_c_e|ar2_sterimol_B5,0.8095346665674885,0.41655185357265856,1.933431477202324,LOOCV,ln(kobs) = <nonlinear model; no closed-form linear equation>
azoarene_svr_rbf_c30_eps005_scale,ln(kobs),4,ar2_Ar_HOMO|rate kobs (s-1)|ar1_nbo_q_a|ar1_Ar_NBO_OH,0.799613274334634,0.4157996989425371,1.9831487412901978,LOOCV,ln(kobs) = <nonlinear model; no closed-form linear equation>
azoarene_svr_rbf_c30_eps005_scale,ln(kobs),4,ar2_homo_hartree|rate kobs (s-1)|ar1_nbo_q_a|ar1_Ar_NBO_OH,0.799613274334634,0.4157996989425371,1.9831487412901978,LOOCV,ln(kobs) = <nonlinear model; no closed-form linear equation>
azoarene_svr_rbf_c30_eps005_scale,ln(kobs),5,ar2_Ar_HOMO|ar2_Ar_polar|rate kobs (s-1)|ar1_nbo_q_a|ar1_Ar_NBO_OH,0.8006216138590883,0.4148008704620866,1.978152878436423,LOOCV,ln(kobs) = <nonlinear model; no closed-form linear equation>
azoarene_svr_rbf_c30_eps005_scale,ln(kobs),5,ar2_Ar_HOMO|ar2_isotropic_polarizability_au|rate kobs (s-1)|ar1_nbo_q_a|ar1_Ar_NBO_OH,0.8006216138590883,0.4148008704620866,1.978152878436423,LOOCV,ln(kobs) = <nonlinear model; no closed-form linear equation>
azoarene_svr_rbf_c30_eps005_scale,ln(kobs),5,ar2_homo_hartree|ar2_Ar_polar|rate kobs (s-1)|ar1_nbo_q_a|ar1_Ar_NBO_OH,0.8006216138590883,0.4148008704620866,1.978152878436423,LOOCV,ln(kobs) = <nonlinear model; no closed-form linear equation>
azoarene_svr_rbf_c30_eps005_scale,ln(kobs),5,ar2_homo_hartree|ar2_isotropic_polarizability_au|rate kobs (s-1)|ar1_nbo_q_a|ar1_Ar_NBO_OH,0.8006216138590883,0.4148008704620866,1.978152878436423,LOOCV,ln(kobs) = <nonlinear model; no closed-form linear equation>
azoarene_svr_rbf_c30_eps005_scale,ln(kobs),4,ar2_Ar_HOMO|rate kobs (s-1)|ar1_bond_length_c_a|ar2_Ar_Ster_B5,0.8246568623583704,0.4102459814102909,1.855090925566074,LOOCV,ln(kobs) = <nonlinear model; no closed-form linear equation>
azoarene_svr_rbf_c30_eps005_scale,ln(kobs),4,ar2_Ar_HOMO|rate kobs (s-1)|ar1_bond_length_c_a|ar2_sterimol_B5,0.8246568623583704,0.4102459814102909,1.855090925566074,LOOCV,ln(kobs) = <nonlinear model; no closed-form linear equation>
azoarene_svr_rbf_c30_eps005_scale,ln(kobs),4,ar2_homo_hartree|rate kobs (s-1)|ar1_bond_length_c_a|ar2_Ar_Ster_B5,0.8246568623583704,0.4102459814102909,1.855090925566074,LOOCV,ln(kobs) = <nonlinear model; no closed-form linear equation>
azoarene_svr_rbf_c30_eps005_scale,ln(kobs),4,ar2_homo_hartree|rate kobs (s-1)|ar1_bond_length_c_a|ar2_sterimol_B5,0.8246568623583704,0.4102459814102909,1.855090925566074,LOOCV,ln(kobs) = <nonlinear model; no closed-form linear equation>
azoarene_svr_rbf_c30_eps005_scale,ln(kobs),5,ar2_Ar_HOMO|ar1_bond_length_c_a|ar1_q_a|ar1_bond_length_c_e|ar1_nbo_q_a,0.8301808606583301,0.4095419797753722,1.8256357513505126,LOOCV,ln(kobs) = <nonlinear model; no closed-form linear equation>
azoarene_svr_rbf_c30_eps005_scale,ln(kobs),5,ar2_Ar_HOMO|ar1_bond_length_c_a|ar1_q_a|ar1_bond_length_c_e|ar1_Ar_NBO_OH,0.8301808606583301,0.4095419797753722,1.8256357513505126,LOOCV,ln(kobs) = <nonlinear model; no closed-form linear equation>
azoarene_svr_rbf_c30_eps005_scale,ln(kobs),5,ar2_homo_hartree|ar1_bond_length_c_a|ar1_q_a|ar1_bond_length_c_e|ar1_nbo_q_a,0.8301808606583301,0.4095419797753722,1.8256357513505126,LOOCV,ln(kobs) = <nonlinear model; no closed-form linear equation>
azoarene_svr_rbf_c30_eps005_scale,ln(kobs),5,ar2_homo_hartree|ar1_bond_length_c_a|ar1_q_a|ar1_bond_length_c_e|ar1_Ar_NBO_OH,0.8301808606583301,0.4095419797753722,1.8256357513505126,LOOCV,ln(kobs) = <nonlinear model; no closed-form linear equation>
azoarene_svr_rbf_c30_eps005_scale,ln(kobs),4,rate kobs (s-1)|ar1_bond_length_c_a|ar2_Ar_Ster_B5|ar2_sterimol_B5,0.7324640339017494,0.40763540548811517,2.2914579996245914,LOOCV,ln(kobs) = <nonlinear model; no closed-form linear equation>
azoarene_svr_rbf_c30_eps005_scale,ln(kobs),4,ar2_Ar_HOMO|ar1_bond_length_c_a|ar2_Ar_Ster_B5|ar2_sterimol_B5,0.7488685755552491,0.40735937511880593,2.220093903272592,LOOCV,ln(kobs) = <nonlinear model; no closed-form linear equation>
azoarene_svr_rbf_c30_eps005_scale,ln(kobs),4,ar2_homo_hartree|ar1_bond_length_c_a|ar2_Ar_Ster_B5|ar2_sterimol_B5,0.7488685755552491,0.40735937511880593,2.220093903272592,LOOCV,ln(kobs) = <nonlinear model; no closed-form linear equation>
azoarene_svr_rbf_c30_eps005_scale,ln(kobs),4,rate kobs (s-1)|ar2_Ar_Ster_B5|ar1_nbo_q_a|ar1_Ar_NBO_OH,0.6909996892654819,0.40671579123971524,2.4626362741367505,LOOCV,ln(kobs) = <nonlinear model; no closed-form linear equation>
azoarene_svr_rbf_c30_eps005_scale,ln(kobs),4,rate kobs (s-1)|ar2_sterimol_B5|ar1_nbo_q_a|ar1_Ar_NBO_OH,0.6909996892654819,0.40671579123971524,2.4626362741367505,LOOCV,ln(kobs) = <nonlinear model; no closed-form linear equation>
azoarene_svr_rbf_c30_eps005_scale,ln(kobs),3,rate kobs (s-1)|ar1_bond_length_c_a|ar2_Ar_Ster_B5,0.7400805419038041,0.4002160729760341,2.258604611968905,LOOCV,ln(kobs) = <nonlinear model; no closed-form linear equation>
azoarene_svr_rbf_c30_eps005_scale,ln(kobs),3,rate kobs (s-1)|ar1_bond_length_c_a|ar2_sterimol_B5,0.7400805419038041,0.4002160729760341,2.258604611968905,LOOCV,ln(kobs) = <nonlinear model; no closed-form linear equation>
azoarene_svr_rbf_c30_eps005_scale,ln(kobs),5,ar2_Ar_HOMO|rate kobs (s-1)|ar1_bond_length_c_e|ar2_Ar_Ster_B5|ar1_nbo_q_a,0.8121902666754575,0.3989417152891076,1.9199055417298385,LOOCV,ln(kobs) = <nonlinear model; no closed-form linear equation>
azoarene_svr_rbf_c30_eps005_scale,ln(kobs),5,ar2_Ar_HOMO|rate kobs (s-1)|ar1_bond_length_c_e|ar2_Ar_Ster_B5|ar1_Ar_NBO_OH,0.8121902666754575,0.3989417152891076,1.9199055417298385,LOOCV,ln(kobs) = <nonlinear model; no closed-form linear equation>
azoarene_svr_rbf_c30_eps005_scale,ln(kobs),5,ar2_Ar_HOMO|rate kobs (s-1)|ar1_bond_length_c_e|ar2_sterimol_B5|ar1_nbo_q_a,0.8121902666754575,0.3989417152891076,1.9199055417298385,LOOCV,ln(kobs) = <nonlinear model; no closed-form linear equation>
azoarene_svr_rbf_c30_eps005_scale,ln(kobs),5,ar2_Ar_HOMO|rate kobs (s-1)|ar1_bond_length_c_e|ar2_sterimol_B5|ar1_Ar_NBO_OH,0.8121902666754575,0.3989417152891076,1.9199055417298385,LOOCV,ln(kobs) = <nonlinear model; no closed-form linear equation>
azoarene_svr_rbf_c30_eps005_scale,ln(kobs),5,ar2_homo_hartree|rate kobs (s-1)|ar1_bond_length_c_e|ar2_Ar_Ster_B5|ar1_nbo_q_a,0.8121902666754575,0.3989417152891076,1.9199055417298385,LOOCV,ln(kobs) = <nonlinear model; no closed-form linear equation>
azoarene_svr_rbf_c30_eps005_scale,ln(kobs),5,ar2_homo_hartree|rate kobs (s-1)|ar1_bond_length_c_e|ar2_Ar_Ster_B5|ar1_Ar_NBO_OH,0.8121902666754575,0.3989417152891076,1.9199055417298385,LOOCV,ln(kobs) = <nonlinear model; no closed-form linear equation>
azoarene_svr_rbf_c30_eps005_scale,ln(kobs),5,ar2_homo_hartree|rate kobs (s-1)|ar1_bond_length_c_e|ar2_sterimol_B5|ar1_nbo_q_a,0.8121902666754575,0.3989417152891076,1.9199055417298385,LOOCV,ln(kobs) = <nonlinear model; no closed-form linear equation>
azoarene_svr_rbf_c30_eps005_scale,ln(kobs),5,ar2_homo_hartree|rate kobs (s-1)|ar1_bond_length_c_e|ar2_sterimol_B5|ar1_Ar_NBO_OH,0.8121902666754575,0.3989417152891076,1.9199055417298385,LOOCV,ln(kobs) = <nonlinear model; no closed-form linear equation>
azoarene_svr_rbf_c30_eps005_scale,ln(kobs),4,rate kobs (s-1)|ar2_Ar_Ster_B5|ar2_sterimol_B5|ar1_nbo_q_a,0.731422498859544,0.39669996031321586,2.295914064951397,LOOCV,ln(kobs) = <nonlinear model; no closed-form linear equation>
azoarene_svr_rbf_c30_eps005_scale,ln(kobs),4,rate kobs (s-1)|ar2_Ar_Ster_B5|ar2_sterimol_B5|ar1_Ar_NBO_OH,0.731422498859544,0.39669996031321586,2.295914064951397,LOOCV,ln(kobs) = <nonlinear model; no closed-form linear equation>
azoarene_svr_rbf_c30_eps005_scale,ln(kobs),5,ar2_Ar_HOMO|ar1_q_a|ar1_bond_length_c_e|ar1_nbo_q_a|ar1_Ar_NBO_OH,0.8262927356507591,0.38896998700486896,1.8464170617432394,LOOCV,ln(kobs) = <nonlinear model; no closed-form linear equation>
azoarene_svr_rbf_c30_eps005_scale,ln(kobs),5,ar2_homo_hartree|ar1_q_a|ar1_bond_length_c_e|ar1_nbo_q_a|ar1_Ar_NBO_OH,0.8262927356507591,0.38896998700486896,1.8464170617432394,LOOCV,ln(kobs) = <nonlinear model; no closed-form linear equation>
azoarene_svr_rbf_c30_eps005_scale,ln(kobs),5,ar2_Ar_HOMO|ar2_homo_hartree|rate kobs (s-1)|ar1_bond_length_c_a|ar2_Ar_Ster_B5,0.8023053029936226,0.38823177539619624,1.9697827238753682,LOOCV,ln(kobs) = <nonlinear model; no closed-form linear equation>
azoarene_svr_rbf_c30_eps005_scale,ln(kobs),5,ar2_Ar_HOMO|ar2_homo_hartree|rate kobs (s-1)|ar1_bond_length_c_a|ar2_sterimol_B5,0.8023053029936226,0.38823177539619624,1.9697827238753682,LOOCV,ln(kobs) = <nonlinear model; no closed-form linear equation>
azoarene_svr_rbf_c30_eps005_scale,ln(kobs),3,ar2_Ar_HOMO|ar1_nbo_q_a|ar1_Ar_NBO_OH,0.6782977927644742,0.387096452681132,2.512741627021264,LOOCV,ln(kobs) = <nonlinear model; no closed-form linear equation>
azoarene_svr_rbf_c30_eps005_scale,ln(kobs),3,ar2_homo_hartree|ar1_nbo_q_a|ar1_Ar_NBO_OH,0.6782977927644742,0.387096452681132,2.512741627021264,LOOCV,ln(kobs) = <nonlinear model; no closed-form linear equation>
azoarene_svr_rbf_c30_eps005_scale,ln(kobs),5,ar2_Ar_HOMO|ar2_homo_hartree|rate kobs (s-1)|ar1_nbo_q_a|ar1_Ar_NBO_OH,0.7900921008397287,0.38590357435799494,2.0297156727769066,LOOCV,ln(kobs) = <nonlinear model; no closed-form linear equation>
azoarene_svr_rbf_c30_eps005_scale,ln(kobs),4,ar2_Ar_HOMO|ar1_bond_length_c_e|ar2_Ar_Ster_B5|ar1_nbo_q_a,0.7403380322564834,0.38590175169063534,2.25748558646925,LOOCV,ln(kobs) = <nonlinear model; no closed-form linear equation>
azoarene_svr_rbf_c30_eps005_scale,ln(kobs),4,ar2_Ar_HOMO|ar1_bond_length_c_e|ar2_Ar_Ster_B5|ar1_Ar_NBO_OH,0.7403380322564834,0.38590175169063534,2.25748558646925,LOOCV,ln(kobs) = <nonlinear model; no closed-form linear equation>
azoarene_svr_rbf_c30_eps005_scale,ln(kobs),4,ar2_Ar_HOMO|ar1_bond_length_c_e|ar2_sterimol_B5|ar1_nbo_q_a,0.7403380322564834,0.38590175169063534,2.25748558646925,LOOCV,ln(kobs) = <nonlinear model; no closed-form linear equation>
azoarene_svr_rbf_c30_eps005_scale,ln(kobs),4,ar2_Ar_HOMO|ar1_bond_length_c_e|ar2_sterimol_B5|ar1_Ar_NBO_OH,0.7403380322564834,0.38590175169063534,2.25748558646925,LOOCV,ln(kobs) = <nonlinear model; no closed-form linear equation>
azoarene_svr_rbf_c30_eps005_scale,ln(kobs),4,ar2_homo_hartree|ar1_bond_length_c_e|ar2_Ar_Ster_B5|ar1_nbo_q_a,0.7403380322564834,0.38590175169063534,2.25748558646925,LOOCV,ln(kobs) = <nonlinear model; no closed-form linear equation>
azoarene_svr_rbf_c30_eps005_scale,ln(kobs),4,ar2_homo_hartree|ar1_bond_length_c_e|ar2_Ar_Ster_B5|ar1_Ar_NBO_OH,0.7403380322564834,0.38590175169063534,2.25748558646925,LOOCV,ln(kobs) = <nonlinear model; no closed-form linear equation>
azoarene_svr_rbf_c30_eps005_scale,ln(kobs),4,ar2_homo_hartree|ar1_bond_length_c_e|ar2_sterimol_B5|ar1_nbo_q_a,0.7403380322564834,0.38590175169063534,2.25748558646925,LOOCV,ln(kobs) = <nonlinear model; no closed-form linear equation>
azoarene_svr_rbf_c30_eps005_scale,ln(kobs),4,ar2_homo_hartree|ar1_bond_length_c_e|ar2_sterimol_B5|ar1_Ar_NBO_OH,0.7403380322564834,0.38590175169063534,2.25748558646925,LOOCV,ln(kobs) = <nonlinear model; no closed-form linear equation>
azoarene_svr_rbf_c30_eps005_scale,ln(kobs),5,ar2_Ar_HOMO|ar1_bond_length_c_a|ar1_bond_length_c_e|ar1_nbo_q_a|ar1_Ar_NBO_OH,0.7846593601290257,0.3854501811326492,2.0558139740314263,LOOCV,ln(kobs) = <nonlinear model; no closed-form linear equation>
azoarene_svr_rbf_c30_eps005_scale,ln(kobs),5,ar2_homo_hartree|ar1_bond_length_c_a|ar1_bond_length_c_e|ar1_nbo_q_a|ar1_Ar_NBO_OH,0.7846593601290257,0.3854501811326492,2.0558139740314263,LOOCV,ln(kobs) = <nonlinear model; no closed-form linear equation>
azoarene_svr_rbf_c30_eps005_scale,ln(kobs),4,ar2_Ar_HOMO|ar1_q_a|ar1_bond_length_c_e|ar1_nbo_q_a,0.828269328236745,0.37786223690512666,1.8358819355838651,LOOCV,ln(kobs) = <nonlinear model; no closed-form linear equation>
azoarene_svr_rbf_c30_eps005_scale,ln(kobs),4,ar2_Ar_HOMO|ar1_q_a|ar1_bond_length_c_e|ar1_Ar_NBO_OH,0.828269328236745,0.37786223690512666,1.8358819355838651,LOOCV,ln(kobs) = <nonlinear model; no closed-form linear equation>
azoarene_svr_rbf_c30_eps005_scale,ln(kobs),4,ar2_homo_hartree|ar1_q_a|ar1_bond_length_c_e|ar1_nbo_q_a,0.828269328236745,0.37786223690512666,1.8358819355838651,LOOCV,ln(kobs) = <nonlinear model; no closed-form linear equation>
azoarene_svr_rbf_c30_eps005_scale,ln(kobs),4,ar2_homo_hartree|ar1_q_a|ar1_bond_length_c_e|ar1_Ar_NBO_OH,0.828269328236745,0.37786223690512666,1.8358819355838651,LOOCV,ln(kobs) = <nonlinear model; no closed-form linear equation>
azoarene_svr_rbf_c30_eps005_scale,ln(kobs),4,ar2_Ar_HOMO|ar2_Ar_polar|rate kobs (s-1)|ar1_nbo_q_a,0.8161357410187621,0.37192560397343066,1.899631979181314,LOOCV,ln(kobs) = <nonlinear model; no closed-form linear equation>
azoarene_svr_rbf_c30_eps005_scale,ln(kobs),4,ar2_Ar_HOMO|ar2_Ar_polar|rate kobs (s-1)|ar1_Ar_NBO_OH,0.8161357410187621,0.37192560397343066,1.899631979181314,LOOCV,ln(kobs) = <nonlinear model; no closed-form linear equation>
azoarene_svr_rbf_c30_eps005_scale,ln(kobs),4,ar2_Ar_HOMO|ar2_isotropic_polarizability_au|rate kobs (s-1)|ar1_nbo_q_a,0.8161357410187621,0.37192560397343066,1.899631979181314,LOOCV,ln(kobs) = <nonlinear model; no closed-form linear equation>
azoarene_svr_rbf_c30_eps005_scale,ln(kobs),4,ar2_Ar_HOMO|ar2_isotropic_polarizability_au|rate kobs (s-1)|ar1_Ar_NBO_OH,0.8161357410187621,0.37192560397343066,1.899631979181314,LOOCV,ln(kobs) = <nonlinear model; no closed-form linear equation>
azoarene_svr_rbf_c30_eps005_scale,ln(kobs),4,ar2_homo_hartree|ar2_Ar_polar|rate kobs (s-1)|ar1_nbo_q_a,0.8161357410187621,0.37192560397343066,1.899631979181314,LOOCV,ln(kobs) = <nonlinear model; no closed-form linear equation>
azoarene_svr_rbf_c30_eps005_scale,ln(kobs),4,ar2_homo_hartree|ar2_Ar_polar|rate kobs (s-1)|ar1_Ar_NBO_OH,0.8161357410187621,0.37192560397343066,1.899631979181314,LOOCV,ln(kobs) = <nonlinear model; no closed-form linear equation>
azoarene_svr_rbf_c30_eps005_scale,ln(kobs),4,ar2_homo_hartree|ar2_isotropic_polarizability_au|rate kobs (s-1)|ar1_nbo_q_a,0.8161357410187621,0.37192560397343066,1.899631979181314,LOOCV,ln(kobs) = <nonlinear model; no closed-form linear equation>
azoarene_svr_rbf_c30_eps005_scale,ln(kobs),4,ar2_homo_hartree|ar2_isotropic_polarizability_au|rate kobs (s-1)|ar1_Ar_NBO_OH,0.8161357410187621,0.37192560397343066,1.899631979181314,LOOCV,ln(kobs) = <nonlinear model; no closed-form linear equation>
azoarene_svr_rbf_c30_eps005_scale,ln(kobs),4,ar2_Ar_HOMO|ar2_homo_hartree|rate kobs (s-1)|ar1_nbo_q_a,0.7960960645567845,0.3681395691565217,2.000477256115266,LOOCV,ln(kobs) = <nonlinear model; no closed-form linear equation>
azoarene_svr_rbf_c30_eps005_scale,ln(kobs),4,ar2_Ar_HOMO|ar2_homo_hartree|rate kobs (s-1)|ar1_Ar_NBO_OH,0.7960960645567845,0.3681395691565217,2.000477256115266,LOOCV,ln(kobs) = <nonlinear model; no closed-form linear equation>
azoarene_svr_rbf_c30_eps005_scale,ln(kobs),5,ar2_Ar_HOMO|ar2_scf_energy_hartree|rate kobs (s-1)|ar1_nbo_q_a|ar1_Ar_NBO_OH,0.77527964964006,0.3660966126668913,2.100109869087151,LOOCV,ln(kobs) = <nonlinear model; no closed-form linear equation>
azoarene_svr_rbf_c30_eps005_scale,ln(kobs),5,ar2_homo_hartree|ar2_scf_energy_hartree|rate kobs (s-1)|ar1_nbo_q_a|ar1_Ar_NBO_OH,0.77527964964006,0.3660966126668913,2.100109869087151,LOOCV,ln(kobs) = <nonlinear model; no closed-form linear equation>
azoarene_svr_rbf_c30_eps005_scale,ln(kobs),5,ar2_Ar_HOMO|ar2_enthalpy_hartree|rate kobs (s-1)|ar1_nbo_q_a|ar1_Ar_NBO_OH,0.7752775783776151,0.3660566226560258,2.100119547491158,LOOCV,ln(kobs) = <nonlinear model; no closed-form linear equation>
azoarene_svr_rbf_c30_eps005_scale,ln(kobs),5,ar2_homo_hartree|ar2_enthalpy_hartree|rate kobs (s-1)|ar1_nbo_q_a|ar1_Ar_NBO_OH,0.7752775783776151,0.3660566226560258,2.100119547491158,LOOCV,ln(kobs) = <nonlinear model; no closed-form linear equation>
azoarene_svr_rbf_c30_eps005_scale,ln(kobs),5,ar2_Ar_HOMO|ar2_gibbs_free_energy_hartree|rate kobs (s-1)|ar1_nbo_q_a|ar1_Ar_NBO_OH,0.7752766546078006,0.3660356525027195,2.1001238639831152,LOOCV,ln(kobs) = <nonlinear model; no closed-form linear equation>
azoarene_svr_rbf_c30_eps005_scale,ln(kobs),5,ar2_homo_hartree|ar2_gibbs_free_energy_hartree|rate kobs (s-1)|ar1_nbo_q_a|ar1_Ar_NBO_OH,0.7752766546078006,0.3660356525027195,2.1001238639831152,LOOCV,ln(kobs) = <nonlinear model; no closed-form linear equation>
azoarene_svr_rbf_c30_eps005_scale,ln(kobs),4,ar2_Ar_HOMO|ar1_bond_length_c_a|ar1_bond_length_c_e|ar1_nbo_q_a,0.7775635899317148,0.36258698891905605,2.089410403699239,LOOCV,ln(kobs) = <nonlinear model; no closed-form linear equation>
azoarene_svr_rbf_c30_eps005_scale,ln(kobs),4,ar2_Ar_HOMO|ar1_bond_length_c_a|ar1_bond_length_c_e|ar1_Ar_NBO_OH,0.7775635899317148,0.36258698891905605,2.089410403699239,LOOCV,ln(kobs) = <nonlinear model; no closed-form linear equation>
azoarene_svr_rbf_c30_eps005_scale,ln(kobs),4,ar2_homo_hartree|ar1_bond_length_c_a|ar1_bond_length_c_e|ar1_nbo_q_a,0.7775635899317148,0.36258698891905605,2.089410403699239,LOOCV,ln(kobs) = <nonlinear model; no closed-form linear equation>
azoarene_svr_rbf_c30_eps005_scale,ln(kobs),4,ar2_homo_hartree|ar1_bond_length_c_a|ar1_bond_length_c_e|ar1_Ar_NBO_OH,0.7775635899317148,0.36258698891905605,2.089410403699239,LOOCV,ln(kobs) = <nonlinear model; no closed-form linear equation>
azoarene_svr_rbf_c30_eps005_scale,ln(kobs),5,ar2_Ar_HOMO|ar2_homo_hartree|rate kobs (s-1)|ar2_Ar_Ster_B5|ar1_nbo_q_a,0.7911850420550921,0.3617923378844601,2.024424649701419,LOOCV,ln(kobs) = <nonlinear model; no closed-form linear equation>
azoarene_svr_rbf_c30_eps005_scale,ln(kobs),5,ar2_Ar_HOMO|ar2_homo_hartree|rate kobs (s-1)|ar2_Ar_Ster_B5|ar1_Ar_NBO_OH,0.7911850420550921,0.3617923378844601,2.024424649701419,LOOCV,ln(kobs) = <nonlinear model; no closed-form linear equation>
azoarene_svr_rbf_c30_eps005_scale,ln(kobs),5,ar2_Ar_HOMO|ar2_homo_hartree|rate kobs (s-1)|ar2_sterimol_B5|ar1_nbo_q_a,0.7911850420550921,0.3617923378844601,2.024424649701419,LOOCV,ln(kobs) = <nonlinear model; no closed-form linear equation>
azoarene_svr_rbf_c30_eps005_scale,ln(kobs),5,ar2_Ar_HOMO|ar2_homo_hartree|rate kobs (s-1)|ar2_sterimol_B5|ar1_Ar_NBO_OH,0.7911850420550921,0.3617923378844601,2.024424649701419,LOOCV,ln(kobs) = <nonlinear model; no closed-form linear equation>
azoarene_svr_rbf_c30_eps005_scale,ln(kobs),5,ar2_Ar_HOMO|ar2_Ar_polar|rate kobs (s-1)|ar1_bond_length_c_e|ar2_Ar_Ster_B5,0.8158693288289925,0.3609234123081164,1.901007727590481,LOOCV,ln(kobs) = <nonlinear model; no closed-form linear equation>
azoarene_svr_rbf_c30_eps005_scale,ln(kobs),5,ar2_Ar_HOMO|ar2_Ar_polar|rate kobs (s-1)|ar1_bond_length_c_e|ar2_sterimol_B5,0.8158693288289925,0.3609234123081164,1.901007727590481,LOOCV,ln(kobs) = <nonlinear model; no closed-form linear equation>
azoarene_svr_rbf_c30_eps005_scale,ln(kobs),5,ar2_Ar_HOMO|ar2_isotropic_polarizability_au|rate kobs (s-1)|ar1_bond_length_c_e|ar2_Ar_Ster_B5,0.8158693288289925,0.3609234123081164,1.901007727590481,LOOCV,ln(kobs) = <nonlinear model; no closed-form linear equation>
azoarene_svr_rbf_c30_eps005_scale,ln(kobs),5,ar2_Ar_HOMO|ar2_isotropic_polarizability_au|rate kobs (s-1)|ar1_bond_length_c_e|ar2_sterimol_B5,0.8158693288289925,0.3609234123081164,1.901007727590481,LOOCV,ln(kobs) = <nonlinear model; no closed-form linear equation>
azoarene_svr_rbf_c30_eps005_scale,ln(kobs),5,ar2_homo_hartree|ar2_Ar_polar|rate kobs (s-1)|ar1_bond_length_c_e|ar2_Ar_Ster_B5,0.8158693288289925,0.3609234123081164,1.901007727590481,LOOCV,ln(kobs) = <nonlinear model; no closed-form linear equation>
azoarene_svr_rbf_c30_eps005_scale,ln(kobs),5,ar2_homo_hartree|ar2_Ar_polar|rate kobs (s-1)|ar1_bond_length_c_e|ar2_sterimol_B5,0.8158693288289925,0.3609234123081164,1.901007727590481,LOOCV,ln(kobs) = <nonlinear model; no closed-form linear equation>
azoarene_svr_rbf_c30_eps005_scale,ln(kobs),5,ar2_homo_hartree|ar2_isotropic_polarizability_au|rate kobs (s-1)|ar1_bond_length_c_e|ar2_Ar_Ster_B5,0.8158693288289925,0.3609234123081164,1.901007727590481,LOOCV,ln(kobs) = <nonlinear model; no closed-form linear equation>
azoarene_svr_rbf_c30_eps005_scale,ln(kobs),5,ar2_homo_hartree|ar2_isotropic_polarizability_au|rate kobs (s-1)|ar1_bond_length_c_e|ar2_sterimol_B5,0.8158693288289925,0.3609234123081164,1.901007727590481,LOOCV,ln(kobs) = <nonlinear model; no closed-form linear equation>
azoarene_svr_rbf_c30_eps005_scale,ln(kobs),5,ar2_Ar_HOMO|ar2_Ar_polar|rate kobs (s-1)|ar1_bond_length_c_e|ar1_nbo_q_a,0.8092360491692384,0.3594387120179552,1.9349465302175284,LOOCV,ln(kobs) = <nonlinear model; no closed-form linear equation>
azoarene_svr_rbf_c30_eps005_scale,ln(kobs),5,ar2_Ar_HOMO|ar2_Ar_polar|rate kobs (s-1)|ar1_bond_length_c_e|ar1_Ar_NBO_OH,0.8092360491692384,0.3594387120179552,1.9349465302175284,LOOCV,ln(kobs) = <nonlinear model; no closed-form linear equation>
azoarene_svr_rbf_c30_eps005_scale,ln(kobs),5,ar2_Ar_HOMO|ar2_isotropic_polarizability_au|rate kobs (s-1)|ar1_bond_length_c_e|ar1_nbo_q_a,0.8092360491692384,0.3594387120179552,1.9349465302175284,LOOCV,ln(kobs) = <nonlinear model; no closed-form linear equation>
azoarene_svr_rbf_c30_eps005_scale,ln(kobs),5,ar2_Ar_HOMO|ar2_isotropic_polarizability_au|rate kobs (s-1)|ar1_bond_length_c_e|ar1_Ar_NBO_OH,0.8092360491692384,0.3594387120179552,1.9349465302175284,LOOCV,ln(kobs) = <nonlinear model; no closed-form linear equation>
azoarene_svr_rbf_c30_eps005_scale,ln(kobs),5,ar2_homo_hartree|ar2_Ar_polar|rate kobs (s-1)|ar1_bond_length_c_e|ar1_nbo_q_a,0.8092360491692384,0.3594387120179552,1.9349465302175284,LOOCV,ln(kobs) = <nonlinear model; no closed-form linear equation>
azoarene_svr_rbf_c30_eps005_scale,ln(kobs),5,ar2_homo_hartree|ar2_Ar_polar|rate kobs (s-1)|ar1_bond_length_c_e|ar1_Ar_NBO_OH,0.8092360491692384,0.3594387120179552,1.9349465302175284,LOOCV,ln(kobs) = <nonlinear model; no closed-form linear equation>
azoarene_svr_rbf_c30_eps005_scale,ln(kobs),5,ar2_homo_hartree|ar2_isotropic_polarizability_au|rate kobs (s-1)|ar1_bond_length_c_e|ar1_nbo_q_a,0.8092360491692384,0.3594387120179552,1.9349465302175284,LOOCV,ln(kobs) = <nonlinear model; no closed-form linear equation>
azoarene_svr_rbf_c30_eps005_scale,ln(kobs),5,ar2_homo_hartree|ar2_isotropic_polarizability_au|rate kobs (s-1)|ar1_bond_length_c_e|ar1_Ar_NBO_OH,0.8092360491692384,0.3594387120179552,1.9349465302175284,LOOCV,ln(kobs) = <nonlinear model; no closed-form linear equation>
azoarene_svr_rbf_c30_eps005_scale,ln(kobs),4,ar2_Ar_HOMO|ar1_bond_length_c_a|ar1_q_a|ar1_bond_length_c_e,0.8266500251573605,0.35182797656941955,1.844517184322219,LOOCV,ln(kobs) = <nonlinear model; no closed-form linear equation>
azoarene_svr_rbf_c30_eps005_scale,ln(kobs),4,ar2_homo_hartree|ar1_bond_length_c_a|ar1_q_a|ar1_bond_length_c_e,0.8266500251573605,0.35182797656941955,1.844517184322219,LOOCV,ln(kobs) = <nonlinear model; no closed-form linear equation>
azoarene_svr_rbf_c30_eps005_scale,ln(kobs),3,ar2_Ar_HOMO|rate kobs (s-1)|ar1_bond_length_c_a,0.8224847517012145,0.3505530160182776,1.86654578062374,LOOCV,ln(kobs) = <nonlinear model; no closed-form linear equation>
azoarene_svr_rbf_c30_eps005_scale,ln(kobs),3,ar2_homo_hartree|rate kobs (s-1)|ar1_bond_length_c_a,0.8224847517012145,0.3505530160182776,1.86654578062374,LOOCV,ln(kobs) = <nonlinear model; no closed-form linear equation>
azoarene_svr_rbf_c30_eps005_scale,ln(kobs),4,ar2_Ar_HOMO|ar2_lumo_hartree|ar1_nbo_q_a|ar1_Ar_NBO_OH,0.7058779845128358,0.3499238509800129,2.402617194692495,LOOCV,ln(kobs) = <nonlinear model; no closed-form linear equation>
azoarene_svr_rbf_c30_eps005_scale,ln(kobs),4,ar2_Ar_HOMO|ar2_Ar_LUMO|ar1_nbo_q_a|ar1_Ar_NBO_OH,0.7058779845128358,0.3499238509800129,2.402617194692495,LOOCV,ln(kobs) = <nonlinear model; no closed-form linear equation>
azoarene_svr_rbf_c30_eps005_scale,ln(kobs),4,ar2_homo_hartree|ar2_lumo_hartree|ar1_nbo_q_a|ar1_Ar_NBO_OH,0.7058779845128358,0.3499238509800129,2.402617194692495,LOOCV,ln(kobs) = <nonlinear model; no closed-form linear equation>
azoarene_svr_rbf_c30_eps005_scale,ln(kobs),4,ar2_homo_hartree|ar2_Ar_LUMO|ar1_nbo_q_a|ar1_Ar_NBO_OH,0.7058779845128358,0.3499238509800129,2.402617194692495,LOOCV,ln(kobs) = <nonlinear model; no closed-form linear equation>
azoarene_svr_rbf_c30_eps005_scale,ln(kobs),5,ar2_Ar_HOMO|ar2_homo_hartree|rate kobs (s-1)|ar1_bond_length_c_e|ar1_nbo_q_a,0.7985618610081556,0.34962283100103553,1.9883446470056636,LOOCV,ln(kobs) = <nonlinear model; no closed-form linear equation>
azoarene_svr_rbf_c30_eps005_scale,ln(kobs),5,ar2_Ar_HOMO|ar2_homo_hartree|rate kobs (s-1)|ar1_bond_length_c_e|ar1_Ar_NBO_OH,0.7985618610081556,0.34962283100103553,1.9883446470056636,LOOCV,ln(kobs) = <nonlinear model; no closed-form linear equation>
azoarene_svr_rbf_c30_eps005_scale,ln(kobs),4,ar2_Ar_HOMO|ar2_Ar_polar|ar1_nbo_q_a|ar1_Ar_NBO_OH,0.6997338948324557,0.34825304049711814,2.4275823402599914,LOOCV,ln(kobs) = <nonlinear model; no closed-form linear equation>
azoarene_svr_rbf_c30_eps005_scale,ln(kobs),4,ar2_Ar_HOMO|ar2_isotropic_polarizability_au|ar1_nbo_q_a|ar1_Ar_NBO_OH,0.6997338948324557,0.34825304049711814,2.4275823402599914,LOOCV,ln(kobs) = <nonlinear model; no closed-form linear equation>
azoarene_svr_rbf_c30_eps005_scale,ln(kobs),4,ar2_homo_hartree|ar2_Ar_polar|ar1_nbo_q_a|ar1_Ar_NBO_OH,0.6997338948324557,0.34825304049711814,2.4275823402599914,LOOCV,ln(kobs) = <nonlinear model; no closed-form linear equation>
azoarene_svr_rbf_c30_eps005_scale,ln(kobs),4,ar2_homo_hartree|ar2_isotropic_polarizability_au|ar1_nbo_q_a|ar1_Ar_NBO_OH,0.6997338948324557,0.34825304049711814,2.4275823402599914,LOOCV,ln(kobs) = <nonlinear model; no closed-form linear equation>
azoarene_svr_rbf_c30_eps005_scale,ln(kobs),5,ar2_Ar_HOMO|ar2_Ar_polar|ar2_isotropic_polarizability_au|rate kobs (s-1)|ar1_nbo_q_a,0.7950009626494488,0.3473350099922562,2.0058420199339793,LOOCV,ln(kobs) = <nonlinear model; no closed-form linear equation>
azoarene_svr_rbf_c30_eps005_scale,ln(kobs),5,ar2_Ar_HOMO|ar2_Ar_polar|ar2_isotropic_polarizability_au|rate kobs (s-1)|ar1_Ar_NBO_OH,0.7950009626494488,0.3473350099922562,2.0058420199339793,LOOCV,ln(kobs) = <nonlinear model; no closed-form linear equation>
azoarene_svr_rbf_c30_eps005_scale,ln(kobs),5,ar2_homo_hartree|ar2_Ar_polar|ar2_isotropic_polarizability_au|rate kobs (s-1)|ar1_nbo_q_a,0.7950009626494488,0.3473350099922562,2.0058420199339793,LOOCV,ln(kobs) = <nonlinear model; no closed-form linear equation>
azoarene_svr_rbf_c30_eps005_scale,ln(kobs),5,ar2_homo_hartree|ar2_Ar_polar|ar2_isotropic_polarizability_au|rate kobs (s-1)|ar1_Ar_NBO_OH,0.7950009626494488,0.3473350099922562,2.0058420199339793,LOOCV,ln(kobs) = <nonlinear model; no closed-form linear equation>
azoarene_svr_rbf_c30_eps005_scale,ln(kobs),4,ar2_Ar_HOMO|ar1_bond_length_c_e|ar1_nbo_q_a|ar1_Ar_NBO_OH,0.7674420473602428,0.34706375557101876,2.1364189026554645,LOOCV,ln(kobs) = <nonlinear model; no closed-form linear equation>
azoarene_svr_rbf_c30_eps005_scale,ln(kobs),4,ar2_homo_hartree|ar1_bond_length_c_e|ar1_nbo_q_a|ar1_Ar_NBO_OH,0.7674420473602428,0.34706375557101876,2.1364189026554645,LOOCV,ln(kobs) = <nonlinear model; no closed-form linear equation>
azoarene_svr_rbf_c30_eps005_scale,ln(kobs),3,ar2_Ar_HOMO|ar2_homo_hartree|rate kobs (s-1),0.7759645451143076,0.34660061721656743,2.096907103161953,LOOCV,ln(kobs) = <nonlinear model; no closed-form linear equation>
azoarene_svr_rbf_c30_eps005_scale,ln(kobs),4,ar2_Ar_HOMO|rate kobs (s-1)|ar1_bond_length_c_e|ar1_nbo_q_a,0.8086373155762128,0.3457720487107553,1.9379806723431774,LOOCV,ln(kobs) = <nonlinear model; no closed-form linear equation>
azoarene_svr_rbf_c30_eps005_scale,ln(kobs),4,ar2_Ar_HOMO|rate kobs (s-1)|ar1_bond_length_c_e|ar1_Ar_NBO_OH,0.8086373155762128,0.3457720487107553,1.9379806723431774,LOOCV,ln(kobs) = <nonlinear model; no closed-form linear equation>
azoarene_svr_rbf_c30_eps005_scale,ln(kobs),4,ar2_homo_hartree|rate kobs (s-1)|ar1_bond_length_c_e|ar1_nbo_q_a,0.8086373155762128,0.3457720487107553,1.9379806723431774,LOOCV,ln(kobs) = <nonlinear model; no closed-form linear equation>
azoarene_svr_rbf_c30_eps005_scale,ln(kobs),4,ar2_homo_hartree|rate kobs (s-1)|ar1_bond_length_c_e|ar1_Ar_NBO_OH,0.8086373155762128,0.3457720487107553,1.9379806723431774,LOOCV,ln(kobs) = <nonlinear model; no closed-form linear equation>
azoarene_svr_rbf_c30_eps005_scale,ln(kobs),5,ar2_Ar_HOMO|rate kobs (s-1)|ar2_lumo_hartree|ar1_nbo_q_a|ar1_Ar_NBO_OH,0.807991205909806,0.3456437314128289,1.9412495774167609,LOOCV,ln(kobs) = <nonlinear model; no closed-form linear equation>
azoarene_svr_rbf_c30_eps005_scale,ln(kobs),5,ar2_Ar_HOMO|rate kobs (s-1)|ar2_Ar_LUMO|ar1_nbo_q_a|ar1_Ar_NBO_OH,0.807991205909806,0.3456437314128289,1.9412495774167609,LOOCV,ln(kobs) = <nonlinear model; no closed-form linear equation>
azoarene_svr_rbf_c30_eps005_scale,ln(kobs),5,ar2_homo_hartree|rate kobs (s-1)|ar2_lumo_hartree|ar1_nbo_q_a|ar1_Ar_NBO_OH,0.807991205909806,0.3456437314128289,1.9412495774167609,LOOCV,ln(kobs) = <nonlinear model; no closed-form linear equation>
azoarene_svr_rbf_c30_eps005_scale,ln(kobs),5,ar2_homo_hartree|rate kobs (s-1)|ar2_Ar_LUMO|ar1_nbo_q_a|ar1_Ar_NBO_OH,0.807991205909806,0.3456437314128289,1.9412495774167609,LOOCV,ln(kobs) = <nonlinear model; no closed-form linear equation>
azoarene_svr_rbf_c30_eps005_scale,ln(kobs),3,ar2_Ar_HOMO|ar2_homo_hartree|ar1_nbo_q_a,0.6731814752150094,0.34539559134867637,2.5326439951344795,LOOCV,ln(kobs) = <nonlinear model; no closed-form linear equation>
azoarene_svr_rbf_c30_eps005_scale,ln(kobs),3,ar2_Ar_HOMO|ar2_homo_hartree|ar1_Ar_NBO_OH,0.6731814752150094,0.34539559134867637,2.5326439951344795,LOOCV,ln(kobs) = <nonlinear model; no closed-form linear equation>
azoarene_svr_rbf_c30_eps005_scale,ln(kobs),3,ar2_Ar_Ster_B5|ar2_sterimol_B5|ar1_nbo_q_a,0.5877496634328415,0.3425076633537475,2.8444697766293,LOOCV,ln(kobs) = <nonlinear model; no closed-form linear equation>
azoarene_svr_rbf_c30_eps005_scale,ln(kobs),3,ar2_Ar_Ster_B5|ar2_sterimol_B5|ar1_Ar_NBO_OH,0.5877496634328415,0.3425076633537475,2.8444697766293,LOOCV,ln(kobs) = <nonlinear model; no closed-form linear equation>
azoarene_svr_rbf_c30_eps005_scale,ln(kobs),4,ar2_Ar_HOMO|ar2_gap_hartree|ar1_nbo_q_a|ar1_Ar_NBO_OH,0.706251711093933,0.341709147881726,2.4010902649144086,LOOCV,ln(kobs) = <nonlinear model; no closed-form linear equation>
azoarene_svr_rbf_c30_eps005_scale,ln(kobs),4,ar2_homo_hartree|ar2_gap_hartree|ar1_nbo_q_a|ar1_Ar_NBO_OH,0.706251711093933,0.341709147881726,2.4010902649144086,LOOCV,ln(kobs) = <nonlinear model; no closed-form linear equation>
azoarene_svr_rbf_c30_eps005_scale,ln(kobs),5,ar2_Ar_HOMO|rate kobs (s-1)|ar1_bond_length_c_a|ar2_Ar_Ster_B5|ar1_nbo_q_a,0.8030768866217447,0.3410809989838418,1.9659350284532235,LOOCV,ln(kobs) = <nonlinear model; no closed-form linear equation>
azoarene_svr_rbf_c30_eps005_scale,ln(kobs),5,ar2_Ar_HOMO|rate kobs (s-1)|ar1_bond_length_c_a|ar2_Ar_Ster_B5|ar1_Ar_NBO_OH,0.8030768866217447,0.3410809989838418,1.9659350284532235,LOOCV,ln(kobs) = <nonlinear model; no closed-form linear equation>
azoarene_svr_rbf_c30_eps005_scale,ln(kobs),5,ar2_Ar_HOMO|rate kobs (s-1)|ar1_bond_length_c_a|ar2_sterimol_B5|ar1_nbo_q_a,0.8030768866217447,0.3410809989838418,1.9659350284532235,LOOCV,ln(kobs) = <nonlinear model; no closed-form linear equation>
azoarene_svr_rbf_c30_eps005_scale,ln(kobs),5,ar2_Ar_HOMO|rate kobs (s-1)|ar1_bond_length_c_a|ar2_sterimol_B5|ar1_Ar_NBO_OH,0.8030768866217447,0.3410809989838418,1.9659350284532235,LOOCV,ln(kobs) = <nonlinear model; no closed-form linear equation>
azoarene_svr_rbf_c30_eps005_scale,ln(kobs),5,ar2_homo_hartree|rate kobs (s-1)|ar1_bond_length_c_a|ar2_Ar_Ster_B5|ar1_nbo_q_a,0.8030768866217447,0.3410809989838418,1.9659350284532235,LOOCV,ln(kobs) = <nonlinear model; no closed-form linear equation>
azoarene_svr_rbf_c30_eps005_scale,ln(kobs),5,ar2_homo_hartree|rate kobs (s-1)|ar1_bond_length_c_a|ar2_Ar_Ster_B5|ar1_Ar_NBO_OH,0.8030768866217447,0.3410809989838418,1.9659350284532235,LOOCV,ln(kobs) = <nonlinear model; no closed-form linear equation>
azoarene_svr_rbf_c30_eps005_scale,ln(kobs),5,ar2_homo_hartree|rate kobs (s-1)|ar1_bond_length_c_a|ar2_sterimol_B5|ar1_nbo_q_a,0.8030768866217447,0.3410809989838418,1.9659350284532235,LOOCV,ln(kobs) = <nonlinear model; no closed-form linear equation>
azoarene_svr_rbf_c30_eps005_scale,ln(kobs),5,ar2_homo_hartree|rate kobs (s-1)|ar1_bond_length_c_a|ar2_sterimol_B5|ar1_Ar_NBO_OH,0.8030768866217447,0.3410809989838418,1.9659350284532235,LOOCV,ln(kobs) = <nonlinear model; no closed-form linear equation>
azoarene_svr_rbf_c30_eps005_scale,ln(kobs),4,ar2_Ar_HOMO|ar2_homo_hartree|ar1_nbo_q_a|ar1_Ar_NBO_OH,0.6836448621925514,0.3386918038244735,2.4917717638909185,LOOCV,ln(kobs) = <nonlinear model; no closed-form linear equation>
azoarene_svr_rbf_c30_eps005_scale,ln(kobs),5,ar2_Ar_HOMO|rate kobs (s-1)|ar2_gap_hartree|ar1_nbo_q_a|ar1_Ar_NBO_OH,0.8083909101871037,0.3384094724834874,1.9392279773263652,LOOCV,ln(kobs) = <nonlinear model; no closed-form linear equation>
azoarene_svr_rbf_c30_eps005_scale,ln(kobs),5,ar2_homo_hartree|rate kobs (s-1)|ar2_gap_hartree|ar1_nbo_q_a|ar1_Ar_NBO_OH,0.8083909101871037,0.3384094724834874,1.9392279773263652,LOOCV,ln(kobs) = <nonlinear model; no closed-form linear equation>
azoarene_svr_rbf_c30_eps005_scale,ln(kobs),5,ar2_Ar_HOMO|rate kobs (s-1)|ar2_lumo_hartree|ar1_bond_length_c_e|ar2_Ar_Ster_B5,0.8198276527186044,0.33814297672530447,1.8804633887996633,LOOCV,ln(kobs) = <nonlinear model; no closed-form linear equation>
azoarene_svr_rbf_c30_eps005_scale,ln(kobs),5,ar2_Ar_HOMO|rate kobs (s-1)|ar2_lumo_hartree|ar1_bond_length_c_e|ar2_sterimol_B5,0.8198276527186044,0.33814297672530447,1.8804633887996633,LOOCV,ln(kobs) = <nonlinear model; no closed-form linear equation>
azoarene_svr_rbf_c30_eps005_scale,ln(kobs),5,ar2_Ar_HOMO|rate kobs (s-1)|ar2_Ar_LUMO|ar1_bond_length_c_e|ar2_Ar_Ster_B5,0.8198276527186044,0.33814297672530447,1.8804633887996633,LOOCV,ln(kobs) = <nonlinear model; no closed-form linear equation>
azoarene_svr_rbf_c30_eps005_scale,ln(kobs),5,ar2_Ar_HOMO|rate kobs (s-1)|ar2_Ar_LUMO|ar1_bond_length_c_e|ar2_sterimol_B5,0.8198276527186044,0.33814297672530447,1.8804633887996633,LOOCV,ln(kobs) = <nonlinear model; no closed-form linear equation>
azoarene_svr_rbf_c30_eps005_scale,ln(kobs),5,ar2_homo_hartree|rate kobs (s-1)|ar2_lumo_hartree|ar1_bond_length_c_e|ar2_Ar_Ster_B5,0.8198276527186044,0.33814297672530447,1.8804633887996633,LOOCV,ln(kobs) = <nonlinear model; no closed-form linear equation>
azoarene_svr_rbf_c30_eps005_scale,ln(kobs),5,ar2_homo_hartree|rate kobs (s-1)|ar2_lumo_hartree|ar1_bond_length_c_e|ar2_sterimol_B5,0.8198276527186044,0.33814297672530447,1.8804633887996633,LOOCV,ln(kobs) = <nonlinear model; no closed-form linear equation>
azoarene_svr_rbf_c30_eps005_scale,ln(kobs),5,ar2_homo_hartree|rate kobs (s-1)|ar2_Ar_LUMO|ar1_bond_length_c_e|ar2_Ar_Ster_B5,0.8198276527186044,0.33814297672530447,1.8804633887996633,LOOCV,ln(kobs) = <nonlinear model; no closed-form linear equation>
azoarene_svr_rbf_c30_eps005_scale,ln(kobs),5,ar2_homo_hartree|rate kobs (s-1)|ar2_Ar_LUMO|ar1_bond_length_c_e|ar2_sterimol_B5,0.8198276527186044,0.33814297672530447,1.8804633887996633,LOOCV,ln(kobs) = <nonlinear model; no closed-form linear equation>
azoarene_svr_rbf_c30_eps005_scale,ln(kobs),3,ar2_Ar_HOMO|rate kobs (s-1)|ar1_bond_length_c_e,0.8097572938923574,0.3377421799120409,1.9323011913837227,LOOCV,ln(kobs) = <nonlinear model; no closed-form linear equation>
azoarene_svr_rbf_c30_eps005_scale,ln(kobs),3,ar2_homo_hartree|rate kobs (s-1)|ar1_bond_length_c_e,0.8097572938923574,0.3377421799120409,1.9323011913837227,LOOCV,ln(kobs) = <nonlinear model; no closed-form linear equation>
azoarene_svr_rbf_c30_eps005_scale,ln(kobs),5,ar2_Ar_HOMO|ar2_Ar_polar|rate kobs (s-1)|ar2_Ar_Ster_B5|ar1_nbo_q_a,0.8043301713638042,0.334667199140399,1.9596691079848216,LOOCV,ln(kobs) = <nonlinear model; no closed-form linear equation>
azoarene_svr_rbf_c30_eps005_scale,ln(kobs),5,ar2_Ar_HOMO|ar2_Ar_polar|rate kobs (s-1)|ar2_Ar_Ster_B5|ar1_Ar_NBO_OH,0.8043301713638042,0.334667199140399,1.9596691079848216,LOOCV,ln(kobs) = <nonlinear model; no closed-form linear equation>
azoarene_svr_rbf_c30_eps005_scale,ln(kobs),5,ar2_Ar_HOMO|ar2_Ar_polar|rate kobs (s-1)|ar2_sterimol_B5|ar1_nbo_q_a,0.8043301713638042,0.334667199140399,1.9596691079848216,LOOCV,ln(kobs) = <nonlinear model; no closed-form linear equation>
azoarene_svr_rbf_c30_eps005_scale,ln(kobs),5,ar2_Ar_HOMO|ar2_Ar_polar|rate kobs (s-1)|ar2_sterimol_B5|ar1_Ar_NBO_OH,0.8043301713638042,0.334667199140399,1.9596691079848216,LOOCV,ln(kobs) = <nonlinear model; no closed-form linear equation>
azoarene_svr_rbf_c30_eps005_scale,ln(kobs),5,ar2_Ar_HOMO|ar2_isotropic_polarizability_au|rate kobs (s-1)|ar2_Ar_Ster_B5|ar1_nbo_q_a,0.8043301713638042,0.334667199140399,1.9596691079848216,LOOCV,ln(kobs) = <nonlinear model; no closed-form linear equation>
azoarene_svr_rbf_c30_eps005_scale,ln(kobs),5,ar2_Ar_HOMO|ar2_isotropic_polarizability_au|rate kobs (s-1)|ar2_Ar_Ster_B5|ar1_Ar_NBO_OH,0.8043301713638042,0.334667199140399,1.9596691079848216,LOOCV,ln(kobs) = <nonlinear model; no closed-form linear equation>
azoarene_svr_rbf_c30_eps005_scale,ln(kobs),5,ar2_Ar_HOMO|ar2_isotropic_polarizability_au|rate kobs (s-1)|ar2_sterimol_B5|ar1_nbo_q_a,0.8043301713638042,0.334667199140399,1.9596691079848216,LOOCV,ln(kobs) = <nonlinear model; no closed-form linear equation>
azoarene_svr_rbf_c30_eps005_scale,ln(kobs),5,ar2_Ar_HOMO|ar2_isotropic_polarizability_au|rate kobs (s-1)|ar2_sterimol_B5|ar1_Ar_NBO_OH,0.8043301713638042,0.334667199140399,1.9596691079848216,LOOCV,ln(kobs) = <nonlinear model; no closed-form linear equation>
azoarene_svr_rbf_c30_eps005_scale,ln(kobs),5,ar2_homo_hartree|ar2_Ar_polar|rate kobs (s-1)|ar2_Ar_Ster_B5|ar1_nbo_q_a,0.8043301713638042,0.334667199140399,1.9596691079848216,LOOCV,ln(kobs) = <nonlinear model; no closed-form linear equation>
azoarene_svr_rbf_c30_eps005_scale,ln(kobs),5,ar2_homo_hartree|ar2_Ar_polar|rate kobs (s-1)|ar2_Ar_Ster_B5|ar1_Ar_NBO_OH,0.8043301713638042,0.334667199140399,1.9596691079848216,LOOCV,ln(kobs) = <nonlinear model; no closed-form linear equation>
azoarene_svr_rbf_c30_eps005_scale,ln(kobs),5,ar2_homo_hartree|ar2_Ar_polar|rate kobs (s-1)|ar2_sterimol_B5|ar1_nbo_q_a,0.8043301713638042,0.334667199140399,1.9596691079848216,LOOCV,ln(kobs) = <nonlinear model; no closed-form linear equation>
azoarene_svr_rbf_c30_eps005_scale,ln(kobs),5,ar2_homo_hartree|ar2_Ar_polar|rate kobs (s-1)|ar2_sterimol_B5|ar1_Ar_NBO_OH,0.8043301713638042,0.334667199140399,1.9596691079848216,LOOCV,ln(kobs) = <nonlinear model; no closed-form linear equation>
azoarene_svr_rbf_c30_eps005_scale,ln(kobs),5,ar2_homo_hartree|ar2_isotropic_polarizability_au|rate kobs (s-1)|ar2_Ar_Ster_B5|ar1_nbo_q_a,0.8043301713638042,0.334667199140399,1.9596691079848216,LOOCV,ln(kobs) = <nonlinear model; no closed-form linear equation>
azoarene_svr_rbf_c30_eps005_scale,ln(kobs),5,ar2_homo_hartree|ar2_isotropic_polarizability_au|rate kobs (s-1)|ar2_Ar_Ster_B5|ar1_Ar_NBO_OH,0.8043301713638042,0.334667199140399,1.9596691079848216,LOOCV,ln(kobs) = <nonlinear model; no closed-form linear equation>
azoarene_svr_rbf_c30_eps005_scale,ln(kobs),5,ar2_homo_hartree|ar2_isotropic_polarizability_au|rate kobs (s-1)|ar2_sterimol_B5|ar1_nbo_q_a,0.8043301713638042,0.334667199140399,1.9596691079848216,LOOCV,ln(kobs) = <nonlinear model; no closed-form linear equation>
azoarene_svr_rbf_c30_eps005_scale,ln(kobs),5,ar2_homo_hartree|ar2_isotropic_polarizability_au|rate kobs (s-1)|ar2_sterimol_B5|ar1_Ar_NBO_OH,0.8043301713638042,0.334667199140399,1.9596691079848216,LOOCV,ln(kobs) = <nonlinear model; no closed-form linear equation>
azoarene_svr_rbf_c30_eps005_scale,ln(kobs),5,ar2_Ar_HOMO|ar1_bond_length_c_a|ar1_q_a|ar1_nbo_q_a|ar1_Ar_NBO_OH,0.8256395189776091,0.3335752760940909,1.8498854793241348,LOOCV,ln(kobs) = <nonlinear model; no closed-form linear equation>
azoarene_svr_rbf_c30_eps005_scale,ln(kobs),5,ar2_homo_hartree|ar1_bond_length_c_a|ar1_q_a|ar1_nbo_q_a|ar1_Ar_NBO_OH,0.8256395189776091,0.3335752760940909,1.8498854793241348,LOOCV,ln(kobs) = <nonlinear model; no closed-form linear equation>
azoarene_svr_rbf_c30_eps005_scale,ln(kobs),5,ar2_Ar_HOMO|rate kobs (s-1)|ar2_lumo_hartree|ar1_bond_length_c_e|ar1_nbo_q_a,0.8178754640255437,0.33352005854461386,1.890623463162777,LOOCV,ln(kobs) = <nonlinear model; no closed-form linear equation>
azoarene_svr_rbf_c30_eps005_scale,ln(kobs),5,ar2_Ar_HOMO|rate kobs (s-1)|ar2_lumo_hartree|ar1_bond_length_c_e|ar1_Ar_NBO_OH,0.8178754640255437,0.33352005854461386,1.890623463162777,LOOCV,ln(kobs) = <nonlinear model; no closed-form linear equation>
azoarene_svr_rbf_c30_eps005_scale,ln(kobs),5,ar2_Ar_HOMO|rate kobs (s-1)|ar2_Ar_LUMO|ar1_bond_length_c_e|ar1_nbo_q_a,0.8178754640255437,0.33352005854461386,1.890623463162777,LOOCV,ln(kobs) = <nonlinear model; no closed-form linear equation>
azoarene_svr_rbf_c30_eps005_scale,ln(kobs),5,ar2_Ar_HOMO|rate kobs (s-1)|ar2_Ar_LUMO|ar1_bond_length_c_e|ar1_Ar_NBO_OH,0.8178754640255437,0.33352005854461386,1.890623463162777,LOOCV,ln(kobs) = <nonlinear model; no closed-form linear equation>
azoarene_svr_rbf_c30_eps005_scale,ln(kobs),5,ar2_homo_hartree|rate kobs (s-1)|ar2_lumo_hartree|ar1_bond_length_c_e|ar1_nbo_q_a,0.8178754640255437,0.33352005854461386,1.890623463162777,LOOCV,ln(kobs) = <nonlinear model; no closed-form linear equation>
azoarene_svr_rbf_c30_eps005_scale,ln(kobs),5,ar2_homo_hartree|rate kobs (s-1)|ar2_lumo_hartree|ar1_bond_length_c_e|ar1_Ar_NBO_OH,0.8178754640255437,0.33352005854461386,1.890623463162777,LOOCV,ln(kobs) = <nonlinear model; no closed-form linear equation>
azoarene_svr_rbf_c30_eps005_scale,ln(kobs),5,ar2_homo_hartree|rate kobs (s-1)|ar2_Ar_LUMO|ar1_bond_length_c_e|ar1_nbo_q_a,0.8178754640255437,0.33352005854461386,1.890623463162777,LOOCV,ln(kobs) = <nonlinear model; no closed-form linear equation>
azoarene_svr_rbf_c30_eps005_scale,ln(kobs),5,ar2_homo_hartree|rate kobs (s-1)|ar2_Ar_LUMO|ar1_bond_length_c_e|ar1_Ar_NBO_OH,0.8178754640255437,0.33352005854461386,1.890623463162777,LOOCV,ln(kobs) = <nonlinear model; no closed-form linear equation>
azoarene_svr_rbf_c30_eps005_scale,ln(kobs),5,ar2_Ar_HOMO|ar2_Ar_polar|ar2_isotropic_polarizability_au|rate kobs (s-1)|ar1_bond_length_c_e,0.8038978374728603,0.3332646159168843,1.9618328649157524,LOOCV,ln(kobs) = <nonlinear model; no closed-form linear equation>
azoarene_svr_rbf_c30_eps005_scale,ln(kobs),5,ar2_homo_hartree|ar2_Ar_polar|ar2_isotropic_polarizability_au|rate kobs (s-1)|ar1_bond_length_c_e,0.8038978374728603,0.3332646159168843,1.9618328649157524,LOOCV,ln(kobs) = <nonlinear model; no closed-form linear equation>
azoarene_svr_rbf_c30_eps005_scale,ln(kobs),4,rate kobs (s-1)|ar1_bond_length_c_a|ar1_bond_length_c_e|ar2_Ar_Ster_B5,0.7000050581359822,0.33216724328695946,2.4264859462279547,LOOCV,ln(kobs) = <nonlinear model; no closed-form linear equation>
azoarene_svr_rbf_c30_eps005_scale,ln(kobs),4,rate kobs (s-1)|ar1_bond_length_c_a|ar1_bond_length_c_e|ar2_sterimol_B5,0.7000050581359822,0.33216724328695946,2.4264859462279547,LOOCV,ln(kobs) = <nonlinear model; no closed-form linear equation>
azoarene_svr_rbf_c30_eps005_scale,ln(kobs),5,ar2_Ar_HOMO|ar2_Ar_polar|rate kobs (s-1)|ar1_bond_length_c_a|ar2_Ar_Ster_B5,0.8207971135116683,0.33204368175930077,1.8753974214180194,LOOCV,ln(kobs) = <nonlinear model; no closed-form linear equation>
azoarene_svr_rbf_c30_eps005_scale,ln(kobs),5,ar2_Ar_HOMO|ar2_Ar_polar|rate kobs (s-1)|ar1_bond_length_c_a|ar2_sterimol_B5,0.8207971135116683,0.33204368175930077,1.8753974214180194,LOOCV,ln(kobs) = <nonlinear model; no closed-form linear equation>
azoarene_svr_rbf_c30_eps005_scale,ln(kobs),5,ar2_Ar_HOMO|ar2_isotropic_polarizability_au|rate kobs (s-1)|ar1_bond_length_c_a|ar2_Ar_Ster_B5,0.8207971135116683,0.33204368175930077,1.8753974214180194,LOOCV,ln(kobs) = <nonlinear model; no closed-form linear equation>
azoarene_svr_rbf_c30_eps005_scale,ln(kobs),5,ar2_Ar_HOMO|ar2_isotropic_polarizability_au|rate kobs (s-1)|ar1_bond_length_c_a|ar2_sterimol_B5,0.8207971135116683,0.33204368175930077,1.8753974214180194,LOOCV,ln(kobs) = <nonlinear model; no closed-form linear equation>
azoarene_svr_rbf_c30_eps005_scale,ln(kobs),5,ar2_homo_hartree|ar2_Ar_polar|rate kobs (s-1)|ar1_bond_length_c_a|ar2_Ar_Ster_B5,0.8207971135116683,0.33204368175930077,1.8753974214180194,LOOCV,ln(kobs) = <nonlinear model; no closed-form linear equation>
azoarene_svr_rbf_c30_eps005_scale,ln(kobs),5,ar2_homo_hartree|ar2_Ar_polar|rate kobs (s-1)|ar1_bond_length_c_a|ar2_sterimol_B5,0.8207971135116683,0.33204368175930077,1.8753974214180194,LOOCV,ln(kobs) = <nonlinear model; no closed-form linear equation>
azoarene_svr_rbf_c30_eps005_scale,ln(kobs),5,ar2_homo_hartree|ar2_isotropic_polarizability_au|rate kobs (s-1)|ar1_bond_length_c_a|ar2_Ar_Ster_B5,0.8207971135116683,0.33204368175930077,1.8753974214180194,LOOCV,ln(kobs) = <nonlinear model; no closed-form linear equation>
azoarene_svr_rbf_c30_eps005_scale,ln(kobs),5,ar2_homo_hartree|ar2_isotropic_polarizability_au|rate kobs (s-1)|ar1_bond_length_c_a|ar2_sterimol_B5,0.8207971135116683,0.33204368175930077,1.8753974214180194,LOOCV,ln(kobs) = <nonlinear model; no closed-form linear equation>
azoarene_svr_rbf_c30_eps005_scale,ln(kobs),5,ar2_Ar_HOMO|rate kobs (s-1)|ar2_gap_hartree|ar1_bond_length_c_e|ar2_Ar_Ster_B5,0.8194818730921842,0.33178618828314077,1.882266979264376,LOOCV,ln(kobs) = <nonlinear model; no closed-form linear equation>
azoarene_svr_rbf_c30_eps005_scale,ln(kobs),5,ar2_Ar_HOMO|rate kobs (s-1)|ar2_gap_hartree|ar1_bond_length_c_e|ar2_sterimol_B5,0.8194818730921842,0.33178618828314077,1.882266979264376,LOOCV,ln(kobs) = <nonlinear model; no closed-form linear equation>
azoarene_svr_rbf_c30_eps005_scale,ln(kobs),5,ar2_homo_hartree|rate kobs (s-1)|ar2_gap_hartree|ar1_bond_length_c_e|ar2_Ar_Ster_B5,0.8194818730921842,0.33178618828314077,1.882266979264376,LOOCV,ln(kobs) = <nonlinear model; no closed-form linear equation>
azoarene_svr_rbf_c30_eps005_scale,ln(kobs),5,ar2_homo_hartree|rate kobs (s-1)|ar2_gap_hartree|ar1_bond_length_c_e|ar2_sterimol_B5,0.8194818730921842,0.33178618828314077,1.882266979264376,LOOCV,ln(kobs) = <nonlinear model; no closed-form linear equation>
azoarene_svr_rbf_c30_eps005_scale,ln(kobs),4,ar2_Ar_HOMO|ar2_Ar_polar|rate kobs (s-1)|ar1_bond_length_c_e,0.8196599084495351,0.331300592657808,1.8813385607557402,LOOCV,ln(kobs) = <nonlinear model; no closed-form linear equation>
azoarene_svr_rbf_c30_eps005_scale,ln(kobs),4,ar2_Ar_HOMO|ar2_isotropic_polarizability_au|rate kobs (s-1)|ar1_bond_length_c_e,0.8196599084495351,0.331300592657808,1.8813385607557402,LOOCV,ln(kobs) = <nonlinear model; no closed-form linear equation>
azoarene_svr_rbf_c30_eps005_scale,ln(kobs),4,ar2_homo_hartree|ar2_Ar_polar|rate kobs (s-1)|ar1_bond_length_c_e,0.8196599084495351,0.331300592657808,1.8813385607557402,LOOCV,ln(kobs) = <nonlinear model; no closed-form linear equation>
azoarene_svr_rbf_c30_eps005_scale,ln(kobs),4,ar2_homo_hartree|ar2_isotropic_polarizability_au|rate kobs (s-1)|ar1_bond_length_c_e,0.8196599084495351,0.331300592657808,1.8813385607557402,LOOCV,ln(kobs) = <nonlinear model; no closed-form linear equation>
azoarene_svr_rbf_c30_eps005_scale,ln(kobs),4,ar2_Ar_HOMO|rate kobs (s-1)|ar2_lumo_hartree|ar1_nbo_q_a,0.8170790292142532,0.3298057316535634,1.8947528237226263,LOOCV,ln(kobs) = <nonlinear model; no closed-form linear equation>
azoarene_svr_rbf_c30_eps005_scale,ln(kobs),4,ar2_Ar_HOMO|rate kobs (s-1)|ar2_lumo_hartree|ar1_Ar_NBO_OH,0.8170790292142532,0.3298057316535634,1.8947528237226263,LOOCV,ln(kobs) = <nonlinear model; no closed-form linear equation>
azoarene_svr_rbf_c30_eps005_scale,ln(kobs),4,ar2_Ar_HOMO|rate kobs (s-1)|ar2_Ar_LUMO|ar1_nbo_q_a,0.8170790292142532,0.3298057316535634,1.8947528237226263,LOOCV,ln(kobs) = <nonlinear model; no closed-form linear equation>
azoarene_svr_rbf_c30_eps005_scale,ln(kobs),4,ar2_Ar_HOMO|rate kobs (s-1)|ar2_Ar_LUMO|ar1_Ar_NBO_OH,0.8170790292142532,0.3298057316535634,1.8947528237226263,LOOCV,ln(kobs) = <nonlinear model; no closed-form linear equation>
azoarene_svr_rbf_c30_eps005_scale,ln(kobs),4,ar2_homo_hartree|rate kobs (s-1)|ar2_lumo_hartree|ar1_nbo_q_a,0.8170790292142532,0.3298057316535634,1.8947528237226263,LOOCV,ln(kobs) = <nonlinear model; no closed-form linear equation>
azoarene_svr_rbf_c30_eps005_scale,ln(kobs),4,ar2_homo_hartree|rate kobs (s-1)|ar2_lumo_hartree|ar1_Ar_NBO_OH,0.8170790292142532,0.3298057316535634,1.8947528237226263,LOOCV,ln(kobs) = <nonlinear model; no closed-form linear equation>
azoarene_svr_rbf_c30_eps005_scale,ln(kobs),4,ar2_homo_hartree|rate kobs (s-1)|ar2_Ar_LUMO|ar1_nbo_q_a,0.8170790292142532,0.3298057316535634,1.8947528237226263,LOOCV,ln(kobs) = <nonlinear model; no closed-form linear equation>
azoarene_svr_rbf_c30_eps005_scale,ln(kobs),4,ar2_homo_hartree|rate kobs (s-1)|ar2_Ar_LUMO|ar1_Ar_NBO_OH,0.8170790292142532,0.3298057316535634,1.8947528237226263,LOOCV,ln(kobs) = <nonlinear model; no closed-form linear equation>
azoarene_svr_rbf_c30_eps005_scale,ln(kobs),4,ar2_Ar_polar|rate kobs (s-1)|ar1_bond_length_c_e|ar2_Ar_Ster_B5,0.7459674510763569,0.32882876254058535,2.232880582932079,LOOCV,ln(kobs) = <nonlinear model; no closed-form linear equation>
azoarene_svr_rbf_c30_eps005_scale,ln(kobs),4,ar2_Ar_polar|rate kobs (s-1)|ar1_bond_length_c_e|ar2_sterimol_B5,0.7459674510763569,0.32882876254058535,2.232880582932079,LOOCV,ln(kobs) = <nonlinear model; no closed-form linear equation>
azoarene_svr_rbf_c30_eps005_scale,ln(kobs),4,ar2_isotropic_polarizability_au|rate kobs (s-1)|ar1_bond_length_c_e|ar2_Ar_Ster_B5,0.7459674510763569,0.32882876254058535,2.232880582932079,LOOCV,ln(kobs) = <nonlinear model; no closed-form linear equation>
azoarene_svr_rbf_c30_eps005_scale,ln(kobs),4,ar2_isotropic_polarizability_au|rate kobs (s-1)|ar1_bond_length_c_e|ar2_sterimol_B5,0.7459674510763569,0.32882876254058535,2.232880582932079,LOOCV,ln(kobs) = <nonlinear model; no closed-form linear equation>
azoarene_svr_rbf_c30_eps005_scale,ln(kobs),3,ar2_Ar_HOMO|ar1_bond_length_c_e|ar2_Ar_Ster_B5,0.7454061682687341,0.32702803991444185,2.2353459874150263,LOOCV,ln(kobs) = <nonlinear model; no closed-form linear equation>
azoarene_svr_rbf_c30_eps005_scale,ln(kobs),3,ar2_Ar_HOMO|ar1_bond_length_c_e|ar2_sterimol_B5,0.7454061682687341,0.32702803991444185,2.2353459874150263,LOOCV,ln(kobs) = <nonlinear model; no closed-form linear equation>
azoarene_svr_rbf_c30_eps005_scale,ln(kobs),3,ar2_homo_hartree|ar1_bond_length_c_e|ar2_Ar_Ster_B5,0.7454061682687341,0.32702803991444185,2.2353459874150263,LOOCV,ln(kobs) = <nonlinear model; no closed-form linear equation>
azoarene_svr_rbf_c30_eps005_scale,ln(kobs),3,ar2_homo_hartree|ar1_bond_length_c_e|ar2_sterimol_B5,0.7454061682687341,0.32702803991444185,2.2353459874150263,LOOCV,ln(kobs) = <nonlinear model; no closed-form linear equation>
azoarene_svr_rbf_c30_eps005_scale,ln(kobs),5,ar2_Ar_HOMO|rate kobs (s-1)|ar2_gap_hartree|ar1_bond_length_c_e|ar1_nbo_q_a,0.8185865645629802,0.3263512179849697,1.8869289081202023,LOOCV,ln(kobs) = <nonlinear model; no closed-form linear equation>
azoarene_svr_rbf_c30_eps005_scale,ln(kobs),5,ar2_Ar_HOMO|rate kobs (s-1)|ar2_gap_hartree|ar1_bond_length_c_e|ar1_Ar_NBO_OH,0.8185865645629802,0.3263512179849697,1.8869289081202023,LOOCV,ln(kobs) = <nonlinear model; no closed-form linear equation>
azoarene_svr_rbf_c30_eps005_scale,ln(kobs),5,ar2_homo_hartree|rate kobs (s-1)|ar2_gap_hartree|ar1_bond_length_c_e|ar1_nbo_q_a,0.8185865645629802,0.3263512179849697,1.8869289081202023,LOOCV,ln(kobs) = <nonlinear model; no closed-form linear equation>
azoarene_svr_rbf_c30_eps005_scale,ln(kobs),5,ar2_homo_hartree|rate kobs (s-1)|ar2_gap_hartree|ar1_bond_length_c_e|ar1_Ar_NBO_OH,0.8185865645629802,0.3263512179849697,1.8869289081202023,LOOCV,ln(kobs) = <nonlinear model; no closed-form linear equation>
azoarene_svr_rbf_c30_eps005_scale,ln(kobs),5,ar2_Ar_HOMO|ar2_homo_hartree|ar2_Ar_polar|rate kobs (s-1)|ar1_nbo_q_a,0.8047813621018123,0.32625655080237403,1.957408425151996,LOOCV,ln(kobs) = <nonlinear model; no closed-form linear equation>
azoarene_svr_rbf_c30_eps005_scale,ln(kobs),5,ar2_Ar_HOMO|ar2_homo_hartree|ar2_Ar_polar|rate kobs (s-1)|ar1_Ar_NBO_OH,0.8047813621018123,0.32625655080237403,1.957408425151996,LOOCV,ln(kobs) = <nonlinear model; no closed-form linear equation>
azoarene_svr_rbf_c30_eps005_scale,ln(kobs),5,ar2_Ar_HOMO|ar2_homo_hartree|ar2_isotropic_polarizability_au|rate kobs (s-1)|ar1_nbo_q_a,0.8047813621018123,0.32625655080237403,1.957408425151996,LOOCV,ln(kobs) = <nonlinear model; no closed-form linear equation>
azoarene_svr_rbf_c30_eps005_scale,ln(kobs),5,ar2_Ar_HOMO|ar2_homo_hartree|ar2_isotropic_polarizability_au|rate kobs (s-1)|ar1_Ar_NBO_OH,0.8047813621018123,0.32625655080237403,1.957408425151996,LOOCV,ln(kobs) = <nonlinear model; no closed-form linear equation>
azoarene_svr_rbf_c30_eps005_scale,ln(kobs),4,ar2_Ar_HOMO|rate kobs (s-1)|ar2_Ar_Ster_B5|ar2_sterimol_B5,0.7431448728075103,0.32541416274909496,2.245251182629163,LOOCV,ln(kobs) = <nonlinear model; no closed-form linear equation>
azoarene_svr_rbf_c30_eps005_scale,ln(kobs),4,ar2_homo_hartree|rate kobs (s-1)|ar2_Ar_Ster_B5|ar2_sterimol_B5,0.7431448728075103,0.32541416274909496,2.245251182629163,LOOCV,ln(kobs) = <nonlinear model; no closed-form linear equation>
azoarene_svr_rbf_c30_eps005_scale,ln(kobs),4,ar2_Ar_HOMO|ar2_homo_hartree|rate kobs (s-1)|ar1_bond_length_c_e,0.7929124618075892,0.3249238442924446,2.01603374341507,LOOCV,ln(kobs) = <nonlinear model; no closed-form linear equation>
azoarene_svr_rbf_c30_eps005_scale,ln(kobs),4,ar2_Ar_HOMO|ar2_homo_hartree|ar1_bond_length_c_e|ar2_Ar_Ster_B5,0.7405180101600675,0.3245238475141544,2.2567030923004054,LOOCV,ln(kobs) = <nonlinear model; no closed-form linear equation>
azoarene_svr_rbf_c30_eps005_scale,ln(kobs),4,ar2_Ar_HOMO|ar2_homo_hartree|ar1_bond_length_c_e|ar2_sterimol_B5,0.7405180101600675,0.3245238475141544,2.2567030923004054,LOOCV,ln(kobs) = <nonlinear model; no closed-form linear equation>
azoarene_svr_rbf_c30_eps005_scale,ln(kobs),5,ar2_Ar_HOMO|ar2_homo_hartree|ar2_Ar_polar|rate kobs (s-1)|ar1_bond_length_c_e,0.8115604556569811,0.3239892815565065,1.9231220034367444,LOOCV,ln(kobs) = <nonlinear model; no closed-form linear equation>
azoarene_svr_rbf_c30_eps005_scale,ln(kobs),5,ar2_Ar_HOMO|ar2_homo_hartree|ar2_isotropic_polarizability_au|rate kobs (s-1)|ar1_bond_length_c_e,0.8115604556569811,0.3239892815565065,1.9231220034367444,LOOCV,ln(kobs) = <nonlinear model; no closed-form linear equation>
azoarene_svr_rbf_c30_eps005_scale,ln(kobs),5,ar2_Ar_HOMO|rate kobs (s-1)|ar1_bond_length_c_e|ar1_nbo_q_a|ar1_Ar_NBO_OH,0.7982808841356479,0.323920531065076,1.9897308894025028,LOOCV,ln(kobs) = <nonlinear model; no closed-form linear equation>
azoarene_svr_rbf_c30_eps005_scale,ln(kobs),5,ar2_homo_hartree|rate kobs (s-1)|ar1_bond_length_c_e|ar1_nbo_q_a|ar1_Ar_NBO_OH,0.7982808841356479,0.323920531065076,1.9897308894025028,LOOCV,ln(kobs) = <nonlinear model; no closed-form linear equation>
azoarene_svr_rbf_c30_eps005_scale,ln(kobs),4,rate kobs (s-1)|ar1_bond_length_c_a|ar2_Ar_Ster_B5|ar1_nbo_q_a,0.7054336669135106,0.32391586647427484,2.4044312755601522,LOOCV,ln(kobs) = <nonlinear model; no closed-form linear equation>
azoarene_svr_rbf_c30_eps005_scale,ln(kobs),4,rate kobs (s-1)|ar1_bond_length_c_a|ar2_Ar_Ster_B5|ar1_Ar_NBO_OH,0.7054336669135106,0.32391586647427484,2.4044312755601522,LOOCV,ln(kobs) = <nonlinear model; no closed-form linear equation>
azoarene_svr_rbf_c30_eps005_scale,ln(kobs),4,rate kobs (s-1)|ar1_bond_length_c_a|ar2_sterimol_B5|ar1_nbo_q_a,0.7054336669135106,0.32391586647427484,2.4044312755601522,LOOCV,ln(kobs) = <nonlinear model; no closed-form linear equation>
azoarene_svr_rbf_c30_eps005_scale,ln(kobs),4,rate kobs (s-1)|ar1_bond_length_c_a|ar2_sterimol_B5|ar1_Ar_NBO_OH,0.7054336669135106,0.32391586647427484,2.4044312755601522,LOOCV,ln(kobs) = <nonlinear model; no closed-form linear equation>
azoarene_svr_rbf_c30_eps005_scale,ln(kobs),4,ar2_Ar_HOMO|ar2_homo_hartree|rate kobs (s-1)|ar1_bond_length_c_a,0.8042436640280084,0.3232611976987796,1.960102253507799,LOOCV,ln(kobs) = <nonlinear model; no closed-form linear equation>
azoarene_svr_rbf_c30_eps005_scale,ln(kobs),3,ar2_Ar_HOMO|ar2_Ar_polar|ar1_nbo_q_a,0.6983860315754253,0.3223457366470579,2.433024821496317,LOOCV,ln(kobs) = <nonlinear model; no closed-form linear equation>
azoarene_svr_rbf_c30_eps005_scale,ln(kobs),3,ar2_Ar_HOMO|ar2_Ar_polar|ar1_Ar_NBO_OH,0.6983860315754253,0.3223457366470579,2.433024821496317,LOOCV,ln(kobs) = <nonlinear model; no closed-form linear equation>
azoarene_svr_rbf_c30_eps005_scale,ln(kobs),3,ar2_Ar_HOMO|ar2_isotropic_polarizability_au|ar1_nbo_q_a,0.6983860315754253,0.3223457366470579,2.433024821496317,LOOCV,ln(kobs) = <nonlinear model; no closed-form linear equation>
azoarene_svr_rbf_c30_eps005_scale,ln(kobs),3,ar2_Ar_HOMO|ar2_isotropic_polarizability_au|ar1_Ar_NBO_OH,0.6983860315754253,0.3223457366470579,2.433024821496317,LOOCV,ln(kobs) = <nonlinear model; no closed-form linear equation>
azoarene_svr_rbf_c30_eps005_scale,ln(kobs),3,ar2_homo_hartree|ar2_Ar_polar|ar1_nbo_q_a,0.6983860315754253,0.3223457366470579,2.433024821496317,LOOCV,ln(kobs) = <nonlinear model; no closed-form linear equation>
azoarene_svr_rbf_c30_eps005_scale,ln(kobs),3,ar2_homo_hartree|ar2_Ar_polar|ar1_Ar_NBO_OH,0.6983860315754253,0.3223457366470579,2.433024821496317,LOOCV,ln(kobs) = <nonlinear model; no closed-form linear equation>
azoarene_svr_rbf_c30_eps005_scale,ln(kobs),3,ar2_homo_hartree|ar2_isotropic_polarizability_au|ar1_nbo_q_a,0.6983860315754253,0.3223457366470579,2.433024821496317,LOOCV,ln(kobs) = <nonlinear model; no closed-form linear equation>
azoarene_svr_rbf_c30_eps005_scale,ln(kobs),3,ar2_homo_hartree|ar2_isotropic_polarizability_au|ar1_Ar_NBO_OH,0.6983860315754253,0.3223457366470579,2.433024821496317,LOOCV,ln(kobs) = <nonlinear model; no closed-form linear equation>
azoarene_svr_rbf_c30_eps005_scale,ln(kobs),4,ar2_Ar_HOMO|ar2_homo_hartree|ar2_Ar_polar|ar1_nbo_q_a,0.6972678572176689,0.32189406258122366,2.4375306293215955,LOOCV,ln(kobs) = <nonlinear model; no closed-form linear equation>
azoarene_svr_rbf_c30_eps005_scale,ln(kobs),4,ar2_Ar_HOMO|ar2_homo_hartree|ar2_Ar_polar|ar1_Ar_NBO_OH,0.6972678572176689,0.32189406258122366,2.4375306293215955,LOOCV,ln(kobs) = <nonlinear model; no closed-form linear equation>
azoarene_svr_rbf_c30_eps005_scale,ln(kobs),4,ar2_Ar_HOMO|ar2_homo_hartree|ar2_isotropic_polarizability_au|ar1_nbo_q_a,0.6972678572176689,0.32189406258122366,2.4375306293215955,LOOCV,ln(kobs) = <nonlinear model; no closed-form linear equation>
azoarene_svr_rbf_c30_eps005_scale,ln(kobs),4,ar2_Ar_HOMO|ar2_homo_hartree|ar2_isotropic_polarizability_au|ar1_Ar_NBO_OH,0.6972678572176689,0.32189406258122366,2.4375306293215955,LOOCV,ln(kobs) = <nonlinear model; no closed-form linear equation>
azoarene_svr_rbf_c30_eps005_scale,ln(kobs),5,ar2_Ar_HOMO|ar2_Ar_polar|rate kobs (s-1)|ar1_bond_length_c_a|ar1_nbo_q_a,0.8074170753722244,0.32131513516749177,1.9441497017708882,LOOCV,ln(kobs) = <nonlinear model; no closed-form linear equation>
azoarene_svr_rbf_c30_eps005_scale,ln(kobs),5,ar2_Ar_HOMO|ar2_Ar_polar|rate kobs (s-1)|ar1_bond_length_c_a|ar1_Ar_NBO_OH,0.8074170753722244,0.32131513516749177,1.9441497017708882,LOOCV,ln(kobs) = <nonlinear model; no closed-form linear equation>
azoarene_svr_rbf_c30_eps005_scale,ln(kobs),5,ar2_Ar_HOMO|ar2_isotropic_polarizability_au|rate kobs (s-1)|ar1_bond_length_c_a|ar1_nbo_q_a,0.8074170753722244,0.32131513516749177,1.9441497017708882,LOOCV,ln(kobs) = <nonlinear model; no closed-form linear equation>
azoarene_svr_rbf_c30_eps005_scale,ln(kobs),5,ar2_Ar_HOMO|ar2_isotropic_polarizability_au|rate kobs (s-1)|ar1_bond_length_c_a|ar1_Ar_NBO_OH,0.8074170753722244,0.32131513516749177,1.9441497017708882,LOOCV,ln(kobs) = <nonlinear model; no closed-form linear equation>
azoarene_svr_rbf_c30_eps005_scale,ln(kobs),5,ar2_homo_hartree|ar2_Ar_polar|rate kobs (s-1)|ar1_bond_length_c_a|ar1_nbo_q_a,0.8074170753722244,0.32131513516749177,1.9441497017708882,LOOCV,ln(kobs) = <nonlinear model; no closed-form linear equation>
azoarene_svr_rbf_c30_eps005_scale,ln(kobs),5,ar2_homo_hartree|ar2_Ar_polar|rate kobs (s-1)|ar1_bond_length_c_a|ar1_Ar_NBO_OH,0.8074170753722244,0.32131513516749177,1.9441497017708882,LOOCV,ln(kobs) = <nonlinear model; no closed-form linear equation>
azoarene_svr_rbf_c30_eps005_scale,ln(kobs),5,ar2_homo_hartree|ar2_isotropic_polarizability_au|rate kobs (s-1)|ar1_bond_length_c_a|ar1_nbo_q_a,0.8074170753722244,0.32131513516749177,1.9441497017708882,LOOCV,ln(kobs) = <nonlinear model; no closed-form linear equation>
azoarene_svr_rbf_c30_eps005_scale,ln(kobs),5,ar2_homo_hartree|ar2_isotropic_polarizability_au|rate kobs (s-1)|ar1_bond_length_c_a|ar1_Ar_NBO_OH,0.8074170753722244,0.32131513516749177,1.9441497017708882,LOOCV,ln(kobs) = <nonlinear model; no closed-form linear equation>
azoarene_svr_rbf_c30_eps005_scale,ln(kobs),4,ar2_Ar_HOMO|ar2_gibbs_free_energy_hartree|rate kobs (s-1)|ar1_nbo_q_a,0.7967619982642207,0.32129400891462356,1.9972078863629463,LOOCV,ln(kobs) = <nonlinear model; no closed-form linear equation>
azoarene_svr_rbf_c30_eps005_scale,ln(kobs),4,ar2_Ar_HOMO|ar2_gibbs_free_energy_hartree|rate kobs (s-1)|ar1_Ar_NBO_OH,0.7967619982642207,0.32129400891462356,1.9972078863629463,LOOCV,ln(kobs) = <nonlinear model; no closed-form linear equation>
azoarene_svr_rbf_c30_eps005_scale,ln(kobs),4,ar2_homo_hartree|ar2_gibbs_free_energy_hartree|rate kobs (s-1)|ar1_nbo_q_a,0.7967619982642207,0.32129400891462356,1.9972078863629463,LOOCV,ln(kobs) = <nonlinear model; no closed-form linear equation>
azoarene_svr_rbf_c30_eps005_scale,ln(kobs),4,ar2_homo_hartree|ar2_gibbs_free_energy_hartree|rate kobs (s-1)|ar1_Ar_NBO_OH,0.7967619982642207,0.32129400891462356,1.9972078863629463,LOOCV,ln(kobs) = <nonlinear model; no closed-form linear equation>
azoarene_svr_rbf_c30_eps005_scale,ln(kobs),4,ar2_Ar_HOMO|ar2_enthalpy_hartree|rate kobs (s-1)|ar1_nbo_q_a,0.7967517670914991,0.3212860183316463,1.9972581562965088,LOOCV,ln(kobs) = <nonlinear model; no closed-form linear equation>
azoarene_svr_rbf_c30_eps005_scale,ln(kobs),4,ar2_Ar_HOMO|ar2_enthalpy_hartree|rate kobs (s-1)|ar1_Ar_NBO_OH,0.7967517670914991,0.3212860183316463,1.9972581562965088,LOOCV,ln(kobs) = <nonlinear model; no closed-form linear equation>
azoarene_svr_rbf_c30_eps005_scale,ln(kobs),4,ar2_homo_hartree|ar2_enthalpy_hartree|rate kobs (s-1)|ar1_nbo_q_a,0.7967517670914991,0.3212860183316463,1.9972581562965088,LOOCV,ln(kobs) = <nonlinear model; no closed-form linear equation>
azoarene_svr_rbf_c30_eps005_scale,ln(kobs),4,ar2_homo_hartree|ar2_enthalpy_hartree|rate kobs (s-1)|ar1_Ar_NBO_OH,0.7967517670914991,0.3212860183316463,1.9972581562965088,LOOCV,ln(kobs) = <nonlinear model; no closed-form linear equation>
azoarene_svr_rbf_c30_eps005_scale,ln(kobs),4,ar2_Ar_HOMO|ar2_scf_energy_hartree|rate kobs (s-1)|ar1_nbo_q_a,0.7967568982369625,0.3212665372089917,1.9972329450396553,LOOCV,ln(kobs) = <nonlinear model; no closed-form linear equation>
azoarene_svr_rbf_c30_eps005_scale,ln(kobs),4,ar2_Ar_HOMO|ar2_scf_energy_hartree|rate kobs (s-1)|ar1_Ar_NBO_OH,0.7967568982369625,0.3212665372089917,1.9972329450396553,LOOCV,ln(kobs) = <nonlinear model; no closed-form linear equation>
azoarene_svr_rbf_c30_eps005_scale,ln(kobs),4,ar2_homo_hartree|ar2_scf_energy_hartree|rate kobs (s-1)|ar1_nbo_q_a,0.7967568982369625,0.3212665372089917,1.9972329450396553,LOOCV,ln(kobs) = <nonlinear model; no closed-form linear equation>
azoarene_svr_rbf_c30_eps005_scale,ln(kobs),4,ar2_homo_hartree|ar2_scf_energy_hartree|rate kobs (s-1)|ar1_Ar_NBO_OH,0.7967568982369625,0.3212665372089917,1.9972329450396553,LOOCV,ln(kobs) = <nonlinear model; no closed-form linear equation>
azoarene_svr_rbf_c30_eps005_scale,ln(kobs),4,ar2_Ar_HOMO|ar1_bond_length_c_a|ar1_nbo_q_a|ar1_Ar_NBO_OH,0.7724945581292342,0.32109559808982135,2.1130837432358693,LOOCV,ln(kobs) = <nonlinear model; no closed-form linear equation>
azoarene_svr_rbf_c30_eps005_scale,ln(kobs),4,ar2_homo_hartree|ar1_bond_length_c_a|ar1_nbo_q_a|ar1_Ar_NBO_OH,0.7724945581292342,0.32109559808982135,2.1130837432358693,LOOCV,ln(kobs) = <nonlinear model; no closed-form linear equation>
azoarene_svr_rbf_c30_eps005_scale,ln(kobs),4,ar2_Ar_HOMO|rate kobs (s-1)|ar2_gap_hartree|ar1_nbo_q_a,0.8174488660386314,0.3210512034681877,1.8928364116144747,LOOCV,ln(kobs) = <nonlinear model; no closed-form linear equation>
azoarene_svr_rbf_c30_eps005_scale,ln(kobs),4,ar2_Ar_HOMO|rate kobs (s-1)|ar2_gap_hartree|ar1_Ar_NBO_OH,0.8174488660386314,0.3210512034681877,1.8928364116144747,LOOCV,ln(kobs) = <nonlinear model; no closed-form linear equation>
azoarene_svr_rbf_c30_eps005_scale,ln(kobs),4,ar2_homo_hartree|rate kobs (s-1)|ar2_gap_hartree|ar1_nbo_q_a,0.8174488660386314,0.3210512034681877,1.8928364116144747,LOOCV,ln(kobs) = <nonlinear model; no closed-form linear equation>
azoarene_svr_rbf_c30_eps005_scale,ln(kobs),4,ar2_homo_hartree|rate kobs (s-1)|ar2_gap_hartree|ar1_Ar_NBO_OH,0.8174488660386314,0.3210512034681877,1.8928364116144747,LOOCV,ln(kobs) = <nonlinear model; no closed-form linear equation>
azoarene_svr_rbf_c30_eps005_scale,ln(kobs),3,ar2_Ar_HOMO|ar1_bond_length_c_e|ar1_nbo_q_a,0.7531193143244059,0.32058744713442644,2.201224670775281,LOOCV,ln(kobs) = <nonlinear model; no closed-form linear equation>
azoarene_svr_rbf_c30_eps005_scale,ln(kobs),3,ar2_Ar_HOMO|ar1_bond_length_c_e|ar1_Ar_NBO_OH,0.7531193143244059,0.32058744713442644,2.201224670775281,LOOCV,ln(kobs) = <nonlinear model; no closed-form linear equation>
azoarene_svr_rbf_c30_eps005_scale,ln(kobs),3,ar2_homo_hartree|ar1_bond_length_c_e|ar1_nbo_q_a,0.7531193143244059,0.32058744713442644,2.201224670775281,LOOCV,ln(kobs) = <nonlinear model; no closed-form linear equation>
azoarene_svr_rbf_c30_eps005_scale,ln(kobs),3,ar2_homo_hartree|ar1_bond_length_c_e|ar1_Ar_NBO_OH,0.7531193143244059,0.32058744713442644,2.201224670775281,LOOCV,ln(kobs) = <nonlinear model; no closed-form linear equation>
azoarene_svr_rbf_c30_eps005_scale,ln(kobs),4,rate kobs (s-1)|ar1_bond_length_c_e|ar2_Ar_Ster_B5|ar1_nbo_q_a,0.69574819316976,0.32051487671391177,2.44364096602309,LOOCV,ln(kobs) = <nonlinear model; no closed-form linear equation>
azoarene_svr_rbf_c30_eps005_scale,ln(kobs),4,rate kobs (s-1)|ar1_bond_length_c_e|ar2_Ar_Ster_B5|ar1_Ar_NBO_OH,0.69574819316976,0.32051487671391177,2.44364096602309,LOOCV,ln(kobs) = <nonlinear model; no closed-form linear equation>
azoarene_svr_rbf_c30_eps005_scale,ln(kobs),4,rate kobs (s-1)|ar1_bond_length_c_e|ar2_sterimol_B5|ar1_nbo_q_a,0.69574819316976,0.32051487671391177,2.44364096602309,LOOCV,ln(kobs) = <nonlinear model; no closed-form linear equation>
azoarene_svr_rbf_c30_eps005_scale,ln(kobs),4,rate kobs (s-1)|ar1_bond_length_c_e|ar2_sterimol_B5|ar1_Ar_NBO_OH,0.69574819316976,0.32051487671391177,2.44364096602309,LOOCV,ln(kobs) = <nonlinear model; no closed-form linear equation>
azoarene_svr_rbf_c30_eps005_scale,ln(kobs),5,ar2_Ar_HOMO|ar2_Ar_polar|ar2_isotropic_polarizability_au|rate kobs (s-1)|ar1_bond_length_c_a,0.8056747911533808,0.3198525402875477,1.952924193932953,LOOCV,ln(kobs) = <nonlinear model; no closed-form linear equation>
azoarene_svr_rbf_c30_eps005_scale,ln(kobs),5,ar2_homo_hartree|ar2_Ar_polar|ar2_isotropic_polarizability_au|rate kobs (s-1)|ar1_bond_length_c_a,0.8056747911533808,0.3198525402875477,1.952924193932953,LOOCV,ln(kobs) = <nonlinear model; no closed-form linear equation>
azoarene_svr_rbf_c30_eps005_scale,ln(kobs),4,ar2_Ar_HOMO|ar2_homo_hartree|ar2_Ar_Ster_B5|ar1_nbo_q_a,0.6833825456921201,0.3194827606254186,2.4928046180026597,LOOCV,ln(kobs) = <nonlinear model; no closed-form linear equation>
azoarene_svr_rbf_c30_eps005_scale,ln(kobs),4,ar2_Ar_HOMO|ar2_homo_hartree|ar2_Ar_Ster_B5|ar1_Ar_NBO_OH,0.6833825456921201,0.3194827606254186,2.4928046180026597,LOOCV,ln(kobs) = <nonlinear model; no closed-form linear equation>
azoarene_svr_rbf_c30_eps005_scale,ln(kobs),4,ar2_Ar_HOMO|ar2_homo_hartree|ar2_sterimol_B5|ar1_nbo_q_a,0.6833825456921201,0.3194827606254186,2.4928046180026597,LOOCV,ln(kobs) = <nonlinear model; no closed-form linear equation>
azoarene_svr_rbf_c30_eps005_scale,ln(kobs),4,ar2_Ar_HOMO|ar2_homo_hartree|ar2_sterimol_B5|ar1_Ar_NBO_OH,0.6833825456921201,0.3194827606254186,2.4928046180026597,LOOCV,ln(kobs) = <nonlinear model; no closed-form linear equation>
azoarene_svr_rbf_c30_eps005_scale,ln(kobs),3,ar2_Ar_Ster_B5|ar1_nbo_q_a|ar1_Ar_NBO_OH,0.5808286184052254,0.3188577363121434,2.868247516444964,LOOCV,ln(kobs) = <nonlinear model; no closed-form linear equation>
azoarene_svr_rbf_c30_eps005_scale,ln(kobs),3,ar2_sterimol_B5|ar1_nbo_q_a|ar1_Ar_NBO_OH,0.5808286184052254,0.3188577363121434,2.868247516444964,LOOCV,ln(kobs) = <nonlinear model; no closed-form linear equation>
azoarene_svr_rbf_c30_eps005_scale,ln(kobs),5,ar2_Ar_HOMO|ar2_Ar_polar|ar2_enthalpy_hartree|rate kobs (s-1)|ar1_nbo_q_a,0.8094549943512432,0.3188029797793568,1.933835814995484,LOOCV,ln(kobs) = <nonlinear model; no closed-form linear equation>
azoarene_svr_rbf_c30_eps005_scale,ln(kobs),5,ar2_Ar_HOMO|ar2_Ar_polar|ar2_enthalpy_hartree|rate kobs (s-1)|ar1_Ar_NBO_OH,0.8094549943512432,0.3188029797793568,1.933835814995484,LOOCV,ln(kobs) = <nonlinear model; no closed-form linear equation>
azoarene_svr_rbf_c30_eps005_scale,ln(kobs),5,ar2_Ar_HOMO|ar2_isotropic_polarizability_au|ar2_enthalpy_hartree|rate kobs (s-1)|ar1_nbo_q_a,0.8094549943512432,0.3188029797793568,1.933835814995484,LOOCV,ln(kobs) = <nonlinear model; no closed-form linear equation>
azoarene_svr_rbf_c30_eps005_scale,ln(kobs),5,ar2_Ar_HOMO|ar2_isotropic_polarizability_au|ar2_enthalpy_hartree|rate kobs (s-1)|ar1_Ar_NBO_OH,0.8094549943512432,0.3188029797793568,1.933835814995484,LOOCV,ln(kobs) = <nonlinear model; no closed-form linear equation>
azoarene_svr_rbf_c30_eps005_scale,ln(kobs),5,ar2_homo_hartree|ar2_Ar_polar|ar2_enthalpy_hartree|rate kobs (s-1)|ar1_nbo_q_a,0.8094549943512432,0.3188029797793568,1.933835814995484,LOOCV,ln(kobs) = <nonlinear model; no closed-form linear equation>
azoarene_svr_rbf_c30_eps005_scale,ln(kobs),5,ar2_homo_hartree|ar2_Ar_polar|ar2_enthalpy_hartree|rate kobs (s-1)|ar1_Ar_NBO_OH,0.8094549943512432,0.3188029797793568,1.933835814995484,LOOCV,ln(kobs) = <nonlinear model; no closed-form linear equation>
azoarene_svr_rbf_c30_eps005_scale,ln(kobs),5,ar2_homo_hartree|ar2_isotropic_polarizability_au|ar2_enthalpy_hartree|rate kobs (s-1)|ar1_nbo_q_a,0.8094549943512432,0.3188029797793568,1.933835814995484,LOOCV,ln(kobs) = <nonlinear model; no closed-form linear equation>
azoarene_svr_rbf_c30_eps005_scale,ln(kobs),5,ar2_homo_hartree|ar2_isotropic_polarizability_au|ar2_enthalpy_hartree|rate kobs (s-1)|ar1_Ar_NBO_OH,0.8094549943512432,0.3188029797793568,1.933835814995484,LOOCV,ln(kobs) = <nonlinear model; no closed-form linear equation>
azoarene_svr_rbf_c30_eps005_scale,ln(kobs),5,ar2_Ar_HOMO|ar2_Ar_polar|ar2_gibbs_free_energy_hartree|rate kobs (s-1)|ar1_nbo_q_a,0.8094603763847146,0.3187944614343373,1.9338085037507085,LOOCV,ln(kobs) = <nonlinear model; no closed-form linear equation>
azoarene_svr_rbf_c30_eps005_scale,ln(kobs),5,ar2_Ar_HOMO|ar2_Ar_polar|ar2_gibbs_free_energy_hartree|rate kobs (s-1)|ar1_Ar_NBO_OH,0.8094603763847146,0.3187944614343373,1.9338085037507085,LOOCV,ln(kobs) = <nonlinear model; no closed-form linear equation>
azoarene_svr_rbf_c30_eps005_scale,ln(kobs),5,ar2_Ar_HOMO|ar2_isotropic_polarizability_au|ar2_gibbs_free_energy_hartree|rate kobs (s-1)|ar1_nbo_q_a,0.8094603763847146,0.3187944614343373,1.9338085037507085,LOOCV,ln(kobs) = <nonlinear model; no closed-form linear equation>
azoarene_svr_rbf_c30_eps005_scale,ln(kobs),5,ar2_Ar_HOMO|ar2_isotropic_polarizability_au|ar2_gibbs_free_energy_hartree|rate kobs (s-1)|ar1_Ar_NBO_OH,0.8094603763847146,0.3187944614343373,1.9338085037507085,LOOCV,ln(kobs) = <nonlinear model; no closed-form linear equation>
azoarene_svr_rbf_c30_eps005_scale,ln(kobs),5,ar2_homo_hartree|ar2_Ar_polar|ar2_gibbs_free_energy_hartree|rate kobs (s-1)|ar1_nbo_q_a,0.8094603763847146,0.3187944614343373,1.9338085037507085,LOOCV,ln(kobs) = <nonlinear model; no closed-form linear equation>
azoarene_svr_rbf_c30_eps005_scale,ln(kobs),5,ar2_homo_hartree|ar2_Ar_polar|ar2_gibbs_free_energy_hartree|rate kobs (s-1)|ar1_Ar_NBO_OH,0.8094603763847146,0.3187944614343373,1.9338085037507085,LOOCV,ln(kobs) = <nonlinear model; no closed-form linear equation>
azoarene_svr_rbf_c30_eps005_scale,ln(kobs),5,ar2_homo_hartree|ar2_isotropic_polarizability_au|ar2_gibbs_free_energy_hartree|rate kobs (s-1)|ar1_nbo_q_a,0.8094603763847146,0.3187944614343373,1.9338085037507085,LOOCV,ln(kobs) = <nonlinear model; no closed-form linear equation>
azoarene_svr_rbf_c30_eps005_scale,ln(kobs),5,ar2_homo_hartree|ar2_isotropic_polarizability_au|ar2_gibbs_free_energy_hartree|rate kobs (s-1)|ar1_Ar_NBO_OH,0.8094603763847146,0.3187944614343373,1.9338085037507085,LOOCV,ln(kobs) = <nonlinear model; no closed-form linear equation>
azoarene_svr_rbf_c30_eps005_scale,ln(kobs),5,ar2_Ar_HOMO|ar2_Ar_polar|ar2_scf_energy_hartree|rate kobs (s-1)|ar1_nbo_q_a,0.8094531126834008,0.31876910773745915,1.93384536346848,LOOCV,ln(kobs) = <nonlinear model; no closed-form linear equation>
azoarene_svr_rbf_c30_eps005_scale,ln(kobs),5,ar2_Ar_HOMO|ar2_Ar_polar|ar2_scf_energy_hartree|rate kobs (s-1)|ar1_Ar_NBO_OH,0.8094531126834008,0.31876910773745915,1.93384536346848,LOOCV,ln(kobs) = <nonlinear model; no closed-form linear equation>
azoarene_svr_rbf_c30_eps005_scale,ln(kobs),5,ar2_Ar_HOMO|ar2_isotropic_polarizability_au|ar2_scf_energy_hartree|rate kobs (s-1)|ar1_nbo_q_a,0.8094531126834008,0.31876910773745915,1.93384536346848,LOOCV,ln(kobs) = <nonlinear model; no closed-form linear equation>
azoarene_svr_rbf_c30_eps005_scale,ln(kobs),5,ar2_Ar_HOMO|ar2_isotropic_polarizability_au|ar2_scf_energy_hartree|rate kobs (s-1)|ar1_Ar_NBO_OH,0.8094531126834008,0.31876910773745915,1.93384536346848,LOOCV,ln(kobs) = <nonlinear model; no closed-form linear equation>
azoarene_svr_rbf_c30_eps005_scale,ln(kobs),5,ar2_homo_hartree|ar2_Ar_polar|ar2_scf_energy_hartree|rate kobs (s-1)|ar1_nbo_q_a,0.8094531126834008,0.31876910773745915,1.93384536346848,LOOCV,ln(kobs) = <nonlinear model; no closed-form linear equation>
azoarene_svr_rbf_c30_eps005_scale,ln(kobs),5,ar2_homo_hartree|ar2_Ar_polar|ar2_scf_energy_hartree|rate kobs (s-1)|ar1_Ar_NBO_OH,0.8094531126834008,0.31876910773745915,1.93384536346848,LOOCV,ln(kobs) = <nonlinear model; no closed-form linear equation>
azoarene_svr_rbf_c30_eps005_scale,ln(kobs),5,ar2_homo_hartree|ar2_isotropic_polarizability_au|ar2_scf_energy_hartree|rate kobs (s-1)|ar1_nbo_q_a,0.8094531126834008,0.31876910773745915,1.93384536346848,LOOCV,ln(kobs) = <nonlinear model; no closed-form linear equation>
azoarene_svr_rbf_c30_eps005_scale,ln(kobs),5,ar2_homo_hartree|ar2_isotropic_polarizability_au|ar2_scf_energy_hartree|rate kobs (s-1)|ar1_Ar_NBO_OH,0.8094531126834008,0.31876910773745915,1.93384536346848,LOOCV,ln(kobs) = <nonlinear model; no closed-form linear equation>
azoarene_svr_rbf_c30_eps005_scale,ln(kobs),3,ar2_Ar_polar|rate kobs (s-1)|ar1_nbo_q_a,0.6473853554049365,0.3174276991445637,2.630697952505946,LOOCV,ln(kobs) = <nonlinear model; no closed-form linear equation>
azoarene_svr_rbf_c30_eps005_scale,ln(kobs),3,ar2_Ar_polar|rate kobs (s-1)|ar1_Ar_NBO_OH,0.6473853554049365,0.3174276991445637,2.630697952505946,LOOCV,ln(kobs) = <nonlinear model; no closed-form linear equation>
azoarene_svr_rbf_c30_eps005_scale,ln(kobs),3,ar2_isotropic_polarizability_au|rate kobs (s-1)|ar1_nbo_q_a,0.6473853554049365,0.3174276991445637,2.630697952505946,LOOCV,ln(kobs) = <nonlinear model; no closed-form linear equation>
azoarene_svr_rbf_c30_eps005_scale,ln(kobs),3,ar2_isotropic_polarizability_au|rate kobs (s-1)|ar1_Ar_NBO_OH,0.6473853554049365,0.3174276991445637,2.630697952505946,LOOCV,ln(kobs) = <nonlinear model; no closed-form linear equation>
azoarene_svr_rbf_c30_eps005_scale,ln(kobs),4,ar2_Ar_HOMO|ar2_enthalpy_hartree|ar1_nbo_q_a|ar1_Ar_NBO_OH,0.6766187818793897,0.31669476295560284,2.5192902766357004,LOOCV,ln(kobs) = <nonlinear model; no closed-form linear equation>
azoarene_svr_rbf_c30_eps005_scale,ln(kobs),4,ar2_homo_hartree|ar2_enthalpy_hartree|ar1_nbo_q_a|ar1_Ar_NBO_OH,0.6766187818793897,0.31669476295560284,2.5192902766357004,LOOCV,ln(kobs) = <nonlinear model; no closed-form linear equation>
azoarene_svr_rbf_c30_eps005_scale,ln(kobs),4,ar2_Ar_HOMO|ar2_gibbs_free_energy_hartree|ar1_nbo_q_a|ar1_Ar_NBO_OH,0.6766203869431386,0.3166700545603145,2.5192840245309287,LOOCV,ln(kobs) = <nonlinear model; no closed-form linear equation>
azoarene_svr_rbf_c30_eps005_scale,ln(kobs),4,ar2_homo_hartree|ar2_gibbs_free_energy_hartree|ar1_nbo_q_a|ar1_Ar_NBO_OH,0.6766203869431386,0.3166700545603145,2.5192840245309287,LOOCV,ln(kobs) = <nonlinear model; no closed-form linear equation>
azoarene_svr_rbf_c30_eps005_scale,ln(kobs),4,ar2_Ar_HOMO|ar2_scf_energy_hartree|ar1_nbo_q_a|ar1_Ar_NBO_OH,0.6766118688072821,0.3166611398784448,2.519317204517238,LOOCV,ln(kobs) = <nonlinear model; no closed-form linear equation>
azoarene_svr_rbf_c30_eps005_scale,ln(kobs),4,ar2_homo_hartree|ar2_scf_energy_hartree|ar1_nbo_q_a|ar1_Ar_NBO_OH,0.6766118688072821,0.3166611398784448,2.519317204517238,LOOCV,ln(kobs) = <nonlinear model; no closed-form linear equation>
azoarene_svr_rbf_c30_eps005_scale,ln(kobs),5,ar2_Ar_HOMO|ar2_scf_energy_hartree|rate kobs (s-1)|ar1_bond_length_c_e|ar1_nbo_q_a,0.7847271246506524,0.3156312054951743,2.055490481419649,LOOCV,ln(kobs) = <nonlinear model; no closed-form linear equation>
azoarene_svr_rbf_c30_eps005_scale,ln(kobs),5,ar2_Ar_HOMO|ar2_scf_energy_hartree|rate kobs (s-1)|ar1_bond_length_c_e|ar1_Ar_NBO_OH,0.7847271246506524,0.3156312054951743,2.055490481419649,LOOCV,ln(kobs) = <nonlinear model; no closed-form linear equation>
azoarene_svr_rbf_c30_eps005_scale,ln(kobs),5,ar2_homo_hartree|ar2_scf_energy_hartree|rate kobs (s-1)|ar1_bond_length_c_e|ar1_nbo_q_a,0.7847271246506524,0.3156312054951743,2.055490481419649,LOOCV,ln(kobs) = <nonlinear model; no closed-form linear equation>
azoarene_svr_rbf_c30_eps005_scale,ln(kobs),5,ar2_homo_hartree|ar2_scf_energy_hartree|rate kobs (s-1)|ar1_bond_length_c_e|ar1_Ar_NBO_OH,0.7847271246506524,0.3156312054951743,2.055490481419649,LOOCV,ln(kobs) = <nonlinear model; no closed-form linear equation>
azoarene_svr_rbf_c30_eps005_scale,ln(kobs),5,ar2_Ar_HOMO|ar2_gibbs_free_energy_hartree|rate kobs (s-1)|ar1_bond_length_c_e|ar1_nbo_q_a,0.7847267569995686,0.31554662300908753,2.0554922366407364,LOOCV,ln(kobs) = <nonlinear model; no closed-form linear equation>
azoarene_svr_rbf_c30_eps005_scale,ln(kobs),5,ar2_Ar_HOMO|ar2_gibbs_free_energy_hartree|rate kobs (s-1)|ar1_bond_length_c_e|ar1_Ar_NBO_OH,0.7847267569995686,0.31554662300908753,2.0554922366407364,LOOCV,ln(kobs) = <nonlinear model; no closed-form linear equation>
azoarene_svr_rbf_c30_eps005_scale,ln(kobs),5,ar2_homo_hartree|ar2_gibbs_free_energy_hartree|rate kobs (s-1)|ar1_bond_length_c_e|ar1_nbo_q_a,0.7847267569995686,0.31554662300908753,2.0554922366407364,LOOCV,ln(kobs) = <nonlinear model; no closed-form linear equation>
azoarene_svr_rbf_c30_eps005_scale,ln(kobs),5,ar2_homo_hartree|ar2_gibbs_free_energy_hartree|rate kobs (s-1)|ar1_bond_length_c_e|ar1_Ar_NBO_OH,0.7847267569995686,0.31554662300908753,2.0554922366407364,LOOCV,ln(kobs) = <nonlinear model; no closed-form linear equation>
azoarene_svr_rbf_c30_eps005_scale,ln(kobs),5,ar2_Ar_HOMO|ar2_enthalpy_hartree|rate kobs (s-1)|ar1_bond_length_c_e|ar1_nbo_q_a,0.7847098860412458,0.31552948663608915,2.0555727794986636,LOOCV,ln(kobs) = <nonlinear model; no closed-form linear equation>
azoarene_svr_rbf_c30_eps005_scale,ln(kobs),5,ar2_Ar_HOMO|ar2_enthalpy_hartree|rate kobs (s-1)|ar1_bond_length_c_e|ar1_Ar_NBO_OH,0.7847098860412458,0.31552948663608915,2.0555727794986636,LOOCV,ln(kobs) = <nonlinear model; no closed-form linear equation>
azoarene_svr_rbf_c30_eps005_scale,ln(kobs),5,ar2_homo_hartree|ar2_enthalpy_hartree|rate kobs (s-1)|ar1_bond_length_c_e|ar1_nbo_q_a,0.7847098860412458,0.31552948663608915,2.0555727794986636,LOOCV,ln(kobs) = <nonlinear model; no closed-form linear equation>
azoarene_svr_rbf_c30_eps005_scale,ln(kobs),5,ar2_homo_hartree|ar2_enthalpy_hartree|rate kobs (s-1)|ar1_bond_length_c_e|ar1_Ar_NBO_OH,0.7847098860412458,0.31552948663608915,2.0555727794986636,LOOCV,ln(kobs) = <nonlinear model; no closed-form linear equation>
azoarene_svr_rbf_c30_eps005_scale,ln(kobs),4,ar2_Ar_HOMO|ar1_bond_length_c_a|ar1_bond_length_c_e|ar2_Ar_Ster_B5,0.7444180808403262,0.3137444103600866,2.239679514222957,LOOCV,ln(kobs) = <nonlinear model; no closed-form linear equation>
azoarene_svr_rbf_c30_eps005_scale,ln(kobs),4,ar2_Ar_HOMO|ar1_bond_length_c_a|ar1_bond_length_c_e|ar2_sterimol_B5,0.7444180808403262,0.3137444103600866,2.239679514222957,LOOCV,ln(kobs) = <nonlinear model; no closed-form linear equation>
azoarene_svr_rbf_c30_eps005_scale,ln(kobs),4,ar2_homo_hartree|ar1_bond_length_c_a|ar1_bond_length_c_e|ar2_Ar_Ster_B5,0.7444180808403262,0.3137444103600866,2.239679514222957,LOOCV,ln(kobs) = <nonlinear model; no closed-form linear equation>
azoarene_svr_rbf_c30_eps005_scale,ln(kobs),4,ar2_homo_hartree|ar1_bond_length_c_a|ar1_bond_length_c_e|ar2_sterimol_B5,0.7444180808403262,0.3137444103600866,2.239679514222957,LOOCV,ln(kobs) = <nonlinear model; no closed-form linear equation>
azoarene_svr_rbf_c30_eps005_scale,ln(kobs),4,ar2_Ar_HOMO|rate kobs (s-1)|ar2_lumo_hartree|ar1_bond_length_c_e,0.8239365713121802,0.312712089043517,1.8588972791116192,LOOCV,ln(kobs) = <nonlinear model; no closed-form linear equation>
azoarene_svr_rbf_c30_eps005_scale,ln(kobs),4,ar2_Ar_HOMO|rate kobs (s-1)|ar2_Ar_LUMO|ar1_bond_length_c_e,0.8239365713121802,0.312712089043517,1.8588972791116192,LOOCV,ln(kobs) = <nonlinear model; no closed-form linear equation>
azoarene_svr_rbf_c30_eps005_scale,ln(kobs),4,ar2_homo_hartree|rate kobs (s-1)|ar2_lumo_hartree|ar1_bond_length_c_e,0.8239365713121802,0.312712089043517,1.8588972791116192,LOOCV,ln(kobs) = <nonlinear model; no closed-form linear equation>
azoarene_svr_rbf_c30_eps005_scale,ln(kobs),4,ar2_homo_hartree|rate kobs (s-1)|ar2_Ar_LUMO|ar1_bond_length_c_e,0.8239365713121802,0.312712089043517,1.8588972791116192,LOOCV,ln(kobs) = <nonlinear model; no closed-form linear equation>
azoarene_svr_rbf_c30_eps005_scale,ln(kobs),3,ar2_Ar_HOMO|ar2_lumo_hartree|ar2_Ar_LUMO,0.6398659996089235,0.31245348181387345,2.6585992431701575,LOOCV,ln(kobs) = <nonlinear model; no closed-form linear equation>
azoarene_svr_rbf_c30_eps005_scale,ln(kobs),3,ar2_homo_hartree|ar2_lumo_hartree|ar2_Ar_LUMO,0.6398659996089235,0.31245348181387345,2.6585992431701575,LOOCV,ln(kobs) = <nonlinear model; no closed-form linear equation>
azoarene_svr_rbf_c30_eps005_scale,ln(kobs),3,rate kobs (s-1)|ar2_Ar_Ster_B5|ar2_sterimol_B5,0.6004076781797785,0.3105977228284261,2.8004600492584646,LOOCV,ln(kobs) = <nonlinear model; no closed-form linear equation>
azoarene_svr_rbf_c30_eps005_scale,ln(kobs),3,ar2_Ar_HOMO|ar2_lumo_hartree|ar2_gap_hartree,0.6397864560632499,0.3105730526766757,2.65889283213175,LOOCV,ln(kobs) = <nonlinear model; no closed-form linear equation>
azoarene_svr_rbf_c30_eps005_scale,ln(kobs),3,ar2_Ar_HOMO|ar2_Ar_LUMO|ar2_gap_hartree,0.6397864560632499,0.3105730526766757,2.65889283213175,LOOCV,ln(kobs) = <nonlinear model; no closed-form linear equation>
azoarene_svr_rbf_c30_eps005_scale,ln(kobs),3,ar2_homo_hartree|ar2_lumo_hartree|ar2_gap_hartree,0.6397864560632499,0.3105730526766757,2.65889283213175,LOOCV,ln(kobs) = <nonlinear model; no closed-form linear equation>
azoarene_svr_rbf_c30_eps005_scale,ln(kobs),3,ar2_homo_hartree|ar2_Ar_LUMO|ar2_gap_hartree,0.6397864560632499,0.3105730526766757,2.65889283213175,LOOCV,ln(kobs) = <nonlinear model; no closed-form linear equation>
azoarene_svr_rbf_c30_eps005_scale,ln(kobs),4,ar2_Ar_HOMO|rate kobs (s-1)|ar1_bond_length_c_a|ar1_nbo_q_a,0.809842868214182,0.30919397188753384,1.9318665519526608,LOOCV,ln(kobs) = <nonlinear model; no closed-form linear equation>
azoarene_svr_rbf_c30_eps005_scale,ln(kobs),4,ar2_Ar_HOMO|rate kobs (s-1)|ar1_bond_length_c_a|ar1_Ar_NBO_OH,0.809842868214182,0.30919397188753384,1.9318665519526608,LOOCV,ln(kobs) = <nonlinear model; no closed-form linear equation>
azoarene_svr_rbf_c30_eps005_scale,ln(kobs),4,ar2_homo_hartree|rate kobs (s-1)|ar1_bond_length_c_a|ar1_nbo_q_a,0.809842868214182,0.30919397188753384,1.9318665519526608,LOOCV,ln(kobs) = <nonlinear model; no closed-form linear equation>
azoarene_svr_rbf_c30_eps005_scale,ln(kobs),4,ar2_homo_hartree|rate kobs (s-1)|ar1_bond_length_c_a|ar1_Ar_NBO_OH,0.809842868214182,0.30919397188753384,1.9318665519526608,LOOCV,ln(kobs) = <nonlinear model; no closed-form linear equation>
azoarene_svr_rbf_c30_eps005_scale,ln(kobs),5,ar2_Ar_HOMO|ar2_lumo_hartree|ar1_q_a|ar1_bond_length_c_e|ar1_nbo_q_a,0.8248859094309656,0.308706413501581,1.8538788963904747,LOOCV,ln(kobs) = <nonlinear model; no closed-form linear equation>
azoarene_svr_rbf_c30_eps005_scale,ln(kobs),5,ar2_Ar_HOMO|ar2_lumo_hartree|ar1_q_a|ar1_bond_length_c_e|ar1_Ar_NBO_OH,0.8248859094309656,0.308706413501581,1.8538788963904747,LOOCV,ln(kobs) = <nonlinear model; no closed-form linear equation>
azoarene_svr_rbf_c30_eps005_scale,ln(kobs),5,ar2_Ar_HOMO|ar2_Ar_LUMO|ar1_q_a|ar1_bond_length_c_e|ar1_nbo_q_a,0.8248859094309656,0.308706413501581,1.8538788963904747,LOOCV,ln(kobs) = <nonlinear model; no closed-form linear equation>
azoarene_svr_rbf_c30_eps005_scale,ln(kobs),5,ar2_Ar_HOMO|ar2_Ar_LUMO|ar1_q_a|ar1_bond_length_c_e|ar1_Ar_NBO_OH,0.8248859094309656,0.308706413501581,1.8538788963904747,LOOCV,ln(kobs) = <nonlinear model; no closed-form linear equation>
azoarene_svr_rbf_c30_eps005_scale,ln(kobs),5,ar2_homo_hartree|ar2_lumo_hartree|ar1_q_a|ar1_bond_length_c_e|ar1_nbo_q_a,0.8248859094309656,0.308706413501581,1.8538788963904747,LOOCV,ln(kobs) = <nonlinear model; no closed-form linear equation>
azoarene_svr_rbf_c30_eps005_scale,ln(kobs),5,ar2_homo_hartree|ar2_lumo_hartree|ar1_q_a|ar1_bond_length_c_e|ar1_Ar_NBO_OH,0.8248859094309656,0.308706413501581,1.8538788963904747,LOOCV,ln(kobs) = <nonlinear model; no closed-form linear equation>
azoarene_svr_rbf_c30_eps005_scale,ln(kobs),5,ar2_homo_hartree|ar2_Ar_LUMO|ar1_q_a|ar1_bond_length_c_e|ar1_nbo_q_a,0.8248859094309656,0.308706413501581,1.8538788963904747,LOOCV,ln(kobs) = <nonlinear model; no closed-form linear equation>
azoarene_svr_rbf_c30_eps005_scale,ln(kobs),5,ar2_homo_hartree|ar2_Ar_LUMO|ar1_q_a|ar1_bond_length_c_e|ar1_Ar_NBO_OH,0.8248859094309656,0.308706413501581,1.8538788963904747,LOOCV,ln(kobs) = <nonlinear model; no closed-form linear equation>
azoarene_svr_rbf_c30_eps005_scale,ln(kobs),4,ar2_Ar_HOMO|ar2_Ar_polar|rate kobs (s-1)|ar1_bond_length_c_a,0.8185326824420314,0.30837554193159566,1.8872091083795508,LOOCV,ln(kobs) = <nonlinear model; no closed-form linear equation>
azoarene_svr_rbf_c30_eps005_scale,ln(kobs),4,ar2_Ar_HOMO|ar2_isotropic_polarizability_au|rate kobs (s-1)|ar1_bond_length_c_a,0.8185326824420314,0.30837554193159566,1.8872091083795508,LOOCV,ln(kobs) = <nonlinear model; no closed-form linear equation>
azoarene_svr_rbf_c30_eps005_scale,ln(kobs),4,ar2_homo_hartree|ar2_Ar_polar|rate kobs (s-1)|ar1_bond_length_c_a,0.8185326824420314,0.30837554193159566,1.8872091083795508,LOOCV,ln(kobs) = <nonlinear model; no closed-form linear equation>
azoarene_svr_rbf_c30_eps005_scale,ln(kobs),4,ar2_homo_hartree|ar2_isotropic_polarizability_au|rate kobs (s-1)|ar1_bond_length_c_a,0.8185326824420314,0.30837554193159566,1.8872091083795508,LOOCV,ln(kobs) = <nonlinear model; no closed-form linear equation>
azoarene_svr_rbf_c30_eps005_scale,ln(kobs),4,ar2_Ar_HOMO|ar2_Ar_polar|ar2_isotropic_polarizability_au|ar1_nbo_q_a,0.6861530111640057,0.30756173832813194,2.4818743878337184,LOOCV,ln(kobs) = <nonlinear model; no closed-form linear equation>
azoarene_svr_rbf_c30_eps005_scale,ln(kobs),4,ar2_Ar_HOMO|ar2_Ar_polar|ar2_isotropic_polarizability_au|ar1_Ar_NBO_OH,0.6861530111640057,0.30756173832813194,2.4818743878337184,LOOCV,ln(kobs) = <nonlinear model; no closed-form linear equation>
azoarene_svr_rbf_c30_eps005_scale,ln(kobs),4,ar2_homo_hartree|ar2_Ar_polar|ar2_isotropic_polarizability_au|ar1_nbo_q_a,0.6861530111640057,0.30756173832813194,2.4818743878337184,LOOCV,ln(kobs) = <nonlinear model; no closed-form linear equation>
azoarene_svr_rbf_c30_eps005_scale,ln(kobs),4,ar2_homo_hartree|ar2_Ar_polar|ar2_isotropic_polarizability_au|ar1_Ar_NBO_OH,0.6861530111640057,0.30756173832813194,2.4818743878337184,LOOCV,ln(kobs) = <nonlinear model; no closed-form linear equation>
azoarene_svr_rbf_c30_eps005_scale,ln(kobs),4,ar2_Ar_HOMO|ar1_bond_length_c_a|ar1_q_a|ar1_nbo_q_a,0.8230843112946046,0.30699731818096787,1.8633909756514326,LOOCV,ln(kobs) = <nonlinear model; no closed-form linear equation>
azoarene_svr_rbf_c30_eps005_scale,ln(kobs),4,ar2_Ar_HOMO|ar1_bond_length_c_a|ar1_q_a|ar1_Ar_NBO_OH,0.8230843112946046,0.30699731818096787,1.8633909756514326,LOOCV,ln(kobs) = <nonlinear model; no closed-form linear equation>
azoarene_svr_rbf_c30_eps005_scale,ln(kobs),4,ar2_homo_hartree|ar1_bond_length_c_a|ar1_q_a|ar1_nbo_q_a,0.8230843112946046,0.30699731818096787,1.8633909756514326,LOOCV,ln(kobs) = <nonlinear model; no closed-form linear equation>
azoarene_svr_rbf_c30_eps005_scale,ln(kobs),4,ar2_homo_hartree|ar1_bond_length_c_a|ar1_q_a|ar1_Ar_NBO_OH,0.8230843112946046,0.30699731818096787,1.8633909756514326,LOOCV,ln(kobs) = <nonlinear model; no closed-form linear equation>
azoarene_svr_rbf_c30_eps005_scale,ln(kobs),5,ar2_Ar_HOMO|rate kobs (s-1)|ar1_bond_length_c_a|ar2_lumo_hartree|ar2_Ar_Ster_B5,0.8264690326261851,0.30670762302437005,1.8454798517215454,LOOCV,ln(kobs) = <nonlinear model; no closed-form linear equation>
azoarene_svr_rbf_c30_eps005_scale,ln(kobs),5,ar2_Ar_HOMO|rate kobs (s-1)|ar1_bond_length_c_a|ar2_lumo_hartree|ar2_sterimol_B5,0.8264690326261851,0.30670762302437005,1.8454798517215454,LOOCV,ln(kobs) = <nonlinear model; no closed-form linear equation>
azoarene_svr_rbf_c30_eps005_scale,ln(kobs),5,ar2_Ar_HOMO|rate kobs (s-1)|ar1_bond_length_c_a|ar2_Ar_LUMO|ar2_Ar_Ster_B5,0.8264690326261851,0.30670762302437005,1.8454798517215454,LOOCV,ln(kobs) = <nonlinear model; no closed-form linear equation>
azoarene_svr_rbf_c30_eps005_scale,ln(kobs),5,ar2_Ar_HOMO|rate kobs (s-1)|ar1_bond_length_c_a|ar2_Ar_LUMO|ar2_sterimol_B5,0.8264690326261851,0.30670762302437005,1.8454798517215454,LOOCV,ln(kobs) = <nonlinear model; no closed-form linear equation>
azoarene_svr_rbf_c30_eps005_scale,ln(kobs),5,ar2_homo_hartree|rate kobs (s-1)|ar1_bond_length_c_a|ar2_lumo_hartree|ar2_Ar_Ster_B5,0.8264690326261851,0.30670762302437005,1.8454798517215454,LOOCV,ln(kobs) = <nonlinear model; no closed-form linear equation>
azoarene_svr_rbf_c30_eps005_scale,ln(kobs),5,ar2_homo_hartree|rate kobs (s-1)|ar1_bond_length_c_a|ar2_lumo_hartree|ar2_sterimol_B5,0.8264690326261851,0.30670762302437005,1.8454798517215454,LOOCV,ln(kobs) = <nonlinear model; no closed-form linear equation>
azoarene_svr_rbf_c30_eps005_scale,ln(kobs),5,ar2_homo_hartree|rate kobs (s-1)|ar1_bond_length_c_a|ar2_Ar_LUMO|ar2_Ar_Ster_B5,0.8264690326261851,0.30670762302437005,1.8454798517215454,LOOCV,ln(kobs) = <nonlinear model; no closed-form linear equation>
azoarene_svr_rbf_c30_eps005_scale,ln(kobs),5,ar2_homo_hartree|rate kobs (s-1)|ar1_bond_length_c_a|ar2_Ar_LUMO|ar2_sterimol_B5,0.8264690326261851,0.30670762302437005,1.8454798517215454,LOOCV,ln(kobs) = <nonlinear model; no closed-form linear equation>
azoarene_svr_rbf_c30_eps005_scale,ln(kobs),5,ar2_Ar_HOMO|rate kobs (s-1)|ar1_bond_length_c_a|ar1_bond_length_c_e|ar2_Ar_Ster_B5,0.8086117979850773,0.3051178979758221,1.938109879743508,LOOCV,ln(kobs) = <nonlinear model; no closed-form linear equation>
azoarene_svr_rbf_c30_eps005_scale,ln(kobs),5,ar2_Ar_HOMO|rate kobs (s-1)|ar1_bond_length_c_a|ar1_bond_length_c_e|ar2_sterimol_B5,0.8086117979850773,0.3051178979758221,1.938109879743508,LOOCV,ln(kobs) = <nonlinear model; no closed-form linear equation>
azoarene_svr_rbf_c30_eps005_scale,ln(kobs),5,ar2_homo_hartree|rate kobs (s-1)|ar1_bond_length_c_a|ar1_bond_length_c_e|ar2_Ar_Ster_B5,0.8086117979850773,0.3051178979758221,1.938109879743508,LOOCV,ln(kobs) = <nonlinear model; no closed-form linear equation>
azoarene_svr_rbf_c30_eps005_scale,ln(kobs),5,ar2_homo_hartree|rate kobs (s-1)|ar1_bond_length_c_a|ar1_bond_length_c_e|ar2_sterimol_B5,0.8086117979850773,0.3051178979758221,1.938109879743508,LOOCV,ln(kobs) = <nonlinear model; no closed-form linear equation>
azoarene_svr_rbf_c30_eps005_scale,ln(kobs),3,ar2_Ar_HOMO|rate kobs (s-1)|ar2_Ar_Ster_B5,0.7776737819782165,0.3050880036783782,2.088892806491625,LOOCV,ln(kobs) = <nonlinear model; no closed-form linear equation>
azoarene_svr_rbf_c30_eps005_scale,ln(kobs),3,ar2_Ar_HOMO|rate kobs (s-1)|ar2_sterimol_B5,0.7776737819782165,0.3050880036783782,2.088892806491625,LOOCV,ln(kobs) = <nonlinear model; no closed-form linear equation>
azoarene_svr_rbf_c30_eps005_scale,ln(kobs),3,ar2_homo_hartree|rate kobs (s-1)|ar2_Ar_Ster_B5,0.7776737819782165,0.3050880036783782,2.088892806491625,LOOCV,ln(kobs) = <nonlinear model; no closed-form linear equation>
azoarene_svr_rbf_c30_eps005_scale,ln(kobs),3,ar2_homo_hartree|rate kobs (s-1)|ar2_sterimol_B5,0.7776737819782165,0.3050880036783782,2.088892806491625,LOOCV,ln(kobs) = <nonlinear model; no closed-form linear equation>
azoarene_svr_rbf_c30_eps005_scale,ln(kobs),5,rate kobs (s-1)|ar2_lumo_hartree|ar1_bond_length_c_e|ar2_Ar_Ster_B5|ar2_sterimol_B5,0.7801344892869986,0.3045747940247854,2.077300705682292,LOOCV,ln(kobs) = <nonlinear model; no closed-form linear equation>
azoarene_svr_rbf_c30_eps005_scale,ln(kobs),5,rate kobs (s-1)|ar2_Ar_LUMO|ar1_bond_length_c_e|ar2_Ar_Ster_B5|ar2_sterimol_B5,0.7801344892869986,0.3045747940247854,2.077300705682292,LOOCV,ln(kobs) = <nonlinear model; no closed-form linear equation>
azoarene_svr_rbf_c30_eps005_scale,ln(kobs),5,ar2_Ar_HOMO|ar2_homo_hartree|rate kobs (s-1)|ar2_lumo_hartree|ar1_bond_length_c_e,0.8077972749926002,0.3041551575240915,1.9422296713275273,LOOCV,ln(kobs) = <nonlinear model; no closed-form linear equation>
azoarene_svr_rbf_c30_eps005_scale,ln(kobs),5,ar2_Ar_HOMO|ar2_homo_hartree|rate kobs (s-1)|ar2_Ar_LUMO|ar1_bond_length_c_e,0.8077972749926002,0.3041551575240915,1.9422296713275273,LOOCV,ln(kobs) = <nonlinear model; no closed-form linear equation>
azoarene_svr_rbf_c30_eps005_scale,ln(kobs),3,ar2_Ar_HOMO|ar1_bond_length_c_a|ar1_bond_length_c_e,0.7682036407584082,0.30386840844639873,2.132917803652522,LOOCV,ln(kobs) = <nonlinear model; no closed-form linear equation>
azoarene_svr_rbf_c30_eps005_scale,ln(kobs),3,ar2_homo_hartree|ar1_bond_length_c_a|ar1_bond_length_c_e,0.7682036407584082,0.30386840844639873,2.132917803652522,LOOCV,ln(kobs) = <nonlinear model; no closed-form linear equation>
azoarene_svr_rbf_c30_eps005_scale,ln(kobs),4,ar2_Ar_polar|rate kobs (s-1)|ar1_bond_length_c_a|ar2_Ar_Ster_B5,0.7249466482424939,0.3020459018669437,2.3234283539050553,LOOCV,ln(kobs) = <nonlinear model; no closed-form linear equation>
azoarene_svr_rbf_c30_eps005_scale,ln(kobs),4,ar2_Ar_polar|rate kobs (s-1)|ar1_bond_length_c_a|ar2_sterimol_B5,0.7249466482424939,0.3020459018669437,2.3234283539050553,LOOCV,ln(kobs) = <nonlinear model; no closed-form linear equation>
azoarene_svr_rbf_c30_eps005_scale,ln(kobs),4,ar2_isotropic_polarizability_au|rate kobs (s-1)|ar1_bond_length_c_a|ar2_Ar_Ster_B5,0.7249466482424939,0.3020459018669437,2.3234283539050553,LOOCV,ln(kobs) = <nonlinear model; no closed-form linear equation>
azoarene_svr_rbf_c30_eps005_scale,ln(kobs),4,ar2_isotropic_polarizability_au|rate kobs (s-1)|ar1_bond_length_c_a|ar2_sterimol_B5,0.7249466482424939,0.3020459018669437,2.3234283539050553,LOOCV,ln(kobs) = <nonlinear model; no closed-form linear equation>
azoarene_svr_rbf_c30_eps005_scale,ln(kobs),4,ar2_Ar_HOMO|rate kobs (s-1)|ar2_lumo_hartree|ar2_Ar_Ster_B5,0.7700475209808373,0.30093763985730326,2.124417460027399,LOOCV,ln(kobs) = <nonlinear model; no closed-form linear equation>
azoarene_svr_rbf_c30_eps005_scale,ln(kobs),4,ar2_Ar_HOMO|rate kobs (s-1)|ar2_lumo_hartree|ar2_sterimol_B5,0.7700475209808373,0.30093763985730326,2.124417460027399,LOOCV,ln(kobs) = <nonlinear model; no closed-form linear equation>
azoarene_svr_rbf_c30_eps005_scale,ln(kobs),4,ar2_Ar_HOMO|rate kobs (s-1)|ar2_Ar_LUMO|ar2_Ar_Ster_B5,0.7700475209808373,0.30093763985730326,2.124417460027399,LOOCV,ln(kobs) = <nonlinear model; no closed-form linear equation>
azoarene_svr_rbf_c30_eps005_scale,ln(kobs),4,ar2_Ar_HOMO|rate kobs (s-1)|ar2_Ar_LUMO|ar2_sterimol_B5,0.7700475209808373,0.30093763985730326,2.124417460027399,LOOCV,ln(kobs) = <nonlinear model; no closed-form linear equation>
azoarene_svr_rbf_c30_eps005_scale,ln(kobs),4,ar2_homo_hartree|rate kobs (s-1)|ar2_lumo_hartree|ar2_Ar_Ster_B5,0.7700475209808373,0.30093763985730326,2.124417460027399,LOOCV,ln(kobs) = <nonlinear model; no closed-form linear equation>
azoarene_svr_rbf_c30_eps005_scale,ln(kobs),4,ar2_homo_hartree|rate kobs (s-1)|ar2_lumo_hartree|ar2_sterimol_B5,0.7700475209808373,0.30093763985730326,2.124417460027399,LOOCV,ln(kobs) = <nonlinear model; no closed-form linear equation>
azoarene_svr_rbf_c30_eps005_scale,ln(kobs),4,ar2_homo_hartree|rate kobs (s-1)|ar2_Ar_LUMO|ar2_Ar_Ster_B5,0.7700475209808373,0.30093763985730326,2.124417460027399,LOOCV,ln(kobs) = <nonlinear model; no closed-form linear equation>
azoarene_svr_rbf_c30_eps005_scale,ln(kobs),4,ar2_homo_hartree|rate kobs (s-1)|ar2_Ar_LUMO|ar2_sterimol_B5,0.7700475209808373,0.30093763985730326,2.124417460027399,LOOCV,ln(kobs) = <nonlinear model; no closed-form linear equation>
azoarene_svr_rbf_c30_eps005_scale,ln(kobs),4,ar2_Ar_HOMO|rate kobs (s-1)|ar2_gap_hartree|ar1_bond_length_c_e,0.8244830413051215,0.30090872430099735,1.8560101916086025,LOOCV,ln(kobs) = <nonlinear model; no closed-form linear equation>
azoarene_svr_rbf_c30_eps005_scale,ln(kobs),4,ar2_homo_hartree|rate kobs (s-1)|ar2_gap_hartree|ar1_bond_length_c_e,0.8244830413051215,0.30090872430099735,1.8560101916086025,LOOCV,ln(kobs) = <nonlinear model; no closed-form linear equation>
azoarene_svr_rbf_c30_eps005_scale,ln(kobs),5,ar2_Ar_HOMO|ar2_gap_hartree|ar1_q_a|ar1_bond_length_c_e|ar1_nbo_q_a,0.8257952680077756,0.3007155076309065,1.849059081515008,LOOCV,ln(kobs) = <nonlinear model; no closed-form linear equation>
azoarene_svr_rbf_c30_eps005_scale,ln(kobs),5,ar2_Ar_HOMO|ar2_gap_hartree|ar1_q_a|ar1_bond_length_c_e|ar1_Ar_NBO_OH,0.8257952680077756,0.3007155076309065,1.849059081515008,LOOCV,ln(kobs) = <nonlinear model; no closed-form linear equation>
azoarene_svr_rbf_c30_eps005_scale,ln(kobs),5,ar2_homo_hartree|ar2_gap_hartree|ar1_q_a|ar1_bond_length_c_e|ar1_nbo_q_a,0.8257952680077756,0.3007155076309065,1.849059081515008,LOOCV,ln(kobs) = <nonlinear model; no closed-form linear equation>
azoarene_svr_rbf_c30_eps005_scale,ln(kobs),5,ar2_homo_hartree|ar2_gap_hartree|ar1_q_a|ar1_bond_length_c_e|ar1_Ar_NBO_OH,0.8257952680077756,0.3007155076309065,1.849059081515008,LOOCV,ln(kobs) = <nonlinear model; no closed-form linear equation>
azoarene_svr_rbf_c30_eps005_scale,ln(kobs),5,ar2_Ar_HOMO|ar2_homo_hartree|rate kobs (s-1)|ar1_bond_length_c_a|ar1_nbo_q_a,0.8008054372918819,0.30047527972152965,1.9772407567321884,LOOCV,ln(kobs) = <nonlinear model; no closed-form linear equation>
azoarene_svr_rbf_c30_eps005_scale,ln(kobs),5,ar2_Ar_HOMO|ar2_homo_hartree|rate kobs (s-1)|ar1_bond_length_c_a|ar1_Ar_NBO_OH,0.8008054372918819,0.30047527972152965,1.9772407567321884,LOOCV,ln(kobs) = <nonlinear model; no closed-form linear equation>
azoarene_svr_rbf_c30_eps005_scale,ln(kobs),5,ar2_Ar_HOMO|rate kobs (s-1)|ar1_bond_length_c_a|ar2_gap_hartree|ar2_Ar_Ster_B5,0.8259033756746379,0.3000897318495187,1.848485249554367,LOOCV,ln(kobs) = <nonlinear model; no closed-form linear equation>
azoarene_svr_rbf_c30_eps005_scale,ln(kobs),5,ar2_Ar_HOMO|rate kobs (s-1)|ar1_bond_length_c_a|ar2_gap_hartree|ar2_sterimol_B5,0.8259033756746379,0.3000897318495187,1.848485249554367,LOOCV,ln(kobs) = <nonlinear model; no closed-form linear equation>
azoarene_svr_rbf_c30_eps005_scale,ln(kobs),5,ar2_homo_hartree|rate kobs (s-1)|ar1_bond_length_c_a|ar2_gap_hartree|ar2_Ar_Ster_B5,0.8259033756746379,0.3000897318495187,1.848485249554367,LOOCV,ln(kobs) = <nonlinear model; no closed-form linear equation>
azoarene_svr_rbf_c30_eps005_scale,ln(kobs),5,ar2_homo_hartree|rate kobs (s-1)|ar1_bond_length_c_a|ar2_gap_hartree|ar2_sterimol_B5,0.8259033756746379,0.3000897318495187,1.848485249554367,LOOCV,ln(kobs) = <nonlinear model; no closed-form linear equation>
azoarene_svr_rbf_c30_eps005_scale,ln(kobs),3,ar2_Ar_HOMO|ar1_bond_length_c_a|ar2_Ar_Ster_B5,0.7454109993388152,0.29971823044752854,2.2353247788015302,LOOCV,ln(kobs) = <nonlinear model; no closed-form linear equation>
azoarene_svr_rbf_c30_eps005_scale,ln(kobs),3,ar2_Ar_HOMO|ar1_bond_length_c_a|ar2_sterimol_B5,0.7454109993388152,0.29971823044752854,2.2353247788015302,LOOCV,ln(kobs) = <nonlinear model; no closed-form linear equation>
azoarene_svr_rbf_c30_eps005_scale,ln(kobs),3,ar2_homo_hartree|ar1_bond_length_c_a|ar2_Ar_Ster_B5,0.7454109993388152,0.29971823044752854,2.2353247788015302,LOOCV,ln(kobs) = <nonlinear model; no closed-form linear equation>
azoarene_svr_rbf_c30_eps005_scale,ln(kobs),3,ar2_homo_hartree|ar1_bond_length_c_a|ar2_sterimol_B5,0.7454109993388152,0.29971823044752854,2.2353247788015302,LOOCV,ln(kobs) = <nonlinear model; no closed-form linear equation>
azoarene_svr_rbf_c30_eps005_scale,ln(kobs),5,ar2_Ar_HOMO|rate kobs (s-1)|ar2_lumo_hartree|ar2_Ar_Ster_B5|ar1_nbo_q_a,0.8028079335817655,0.2994962324250312,1.9672770846998542,LOOCV,ln(kobs) = <nonlinear model; no closed-form linear equation>
azoarene_svr_rbf_c30_eps005_scale,ln(kobs),5,ar2_Ar_HOMO|rate kobs (s-1)|ar2_lumo_hartree|ar2_Ar_Ster_B5|ar1_Ar_NBO_OH,0.8028079335817655,0.2994962324250312,1.9672770846998542,LOOCV,ln(kobs) = <nonlinear model; no closed-form linear equation>
azoarene_svr_rbf_c30_eps005_scale,ln(kobs),5,ar2_Ar_HOMO|rate kobs (s-1)|ar2_lumo_hartree|ar2_sterimol_B5|ar1_nbo_q_a,0.8028079335817655,0.2994962324250312,1.9672770846998542,LOOCV,ln(kobs) = <nonlinear model; no closed-form linear equation>
azoarene_svr_rbf_c30_eps005_scale,ln(kobs),5,ar2_Ar_HOMO|rate kobs (s-1)|ar2_lumo_hartree|ar2_sterimol_B5|ar1_Ar_NBO_OH,0.8028079335817655,0.2994962324250312,1.9672770846998542,LOOCV,ln(kobs) = <nonlinear model; no closed-form linear equation>
azoarene_svr_rbf_c30_eps005_scale,ln(kobs),5,ar2_Ar_HOMO|rate kobs (s-1)|ar2_Ar_LUMO|ar2_Ar_Ster_B5|ar1_nbo_q_a,0.8028079335817655,0.2994962324250312,1.9672770846998542,LOOCV,ln(kobs) = <nonlinear model; no closed-form linear equation>
azoarene_svr_rbf_c30_eps005_scale,ln(kobs),5,ar2_Ar_HOMO|rate kobs (s-1)|ar2_Ar_LUMO|ar2_Ar_Ster_B5|ar1_Ar_NBO_OH,0.8028079335817655,0.2994962324250312,1.9672770846998542,LOOCV,ln(kobs) = <nonlinear model; no closed-form linear equation>
azoarene_svr_rbf_c30_eps005_scale,ln(kobs),5,ar2_Ar_HOMO|rate kobs (s-1)|ar2_Ar_LUMO|ar2_sterimol_B5|ar1_nbo_q_a,0.8028079335817655,0.2994962324250312,1.9672770846998542,LOOCV,ln(kobs) = <nonlinear model; no closed-form linear equation>
azoarene_svr_rbf_c30_eps005_scale,ln(kobs),5,ar2_Ar_HOMO|rate kobs (s-1)|ar2_Ar_LUMO|ar2_sterimol_B5|ar1_Ar_NBO_OH,0.8028079335817655,0.2994962324250312,1.9672770846998542,LOOCV,ln(kobs) = <nonlinear model; no closed-form linear equation>
azoarene_svr_rbf_c30_eps005_scale,ln(kobs),5,ar2_homo_hartree|rate kobs (s-1)|ar2_lumo_hartree|ar2_Ar_Ster_B5|ar1_nbo_q_a,0.8028079335817655,0.2994962324250312,1.9672770846998542,LOOCV,ln(kobs) = <nonlinear model; no closed-form linear equation>
azoarene_svr_rbf_c30_eps005_scale,ln(kobs),5,ar2_homo_hartree|rate kobs (s-1)|ar2_lumo_hartree|ar2_Ar_Ster_B5|ar1_Ar_NBO_OH,0.8028079335817655,0.2994962324250312,1.9672770846998542,LOOCV,ln(kobs) = <nonlinear model; no closed-form linear equation>
azoarene_svr_rbf_c30_eps005_scale,ln(kobs),5,ar2_homo_hartree|rate kobs (s-1)|ar2_lumo_hartree|ar2_sterimol_B5|ar1_nbo_q_a,0.8028079335817655,0.2994962324250312,1.9672770846998542,LOOCV,ln(kobs) = <nonlinear model; no closed-form linear equation>
azoarene_svr_rbf_c30_eps005_scale,ln(kobs),5,ar2_homo_hartree|rate kobs (s-1)|ar2_lumo_hartree|ar2_sterimol_B5|ar1_Ar_NBO_OH,0.8028079335817655,0.2994962324250312,1.9672770846998542,LOOCV,ln(kobs) = <nonlinear model; no closed-form linear equation>
azoarene_svr_rbf_c30_eps005_scale,ln(kobs),5,ar2_homo_hartree|rate kobs (s-1)|ar2_Ar_LUMO|ar2_Ar_Ster_B5|ar1_nbo_q_a,0.8028079335817655,0.2994962324250312,1.9672770846998542,LOOCV,ln(kobs) = <nonlinear model; no closed-form linear equation>
azoarene_svr_rbf_c30_eps005_scale,ln(kobs),5,ar2_homo_hartree|rate kobs (s-1)|ar2_Ar_LUMO|ar2_Ar_Ster_B5|ar1_Ar_NBO_OH,0.8028079335817655,0.2994962324250312,1.9672770846998542,LOOCV,ln(kobs) = <nonlinear model; no closed-form linear equation>
azoarene_svr_rbf_c30_eps005_scale,ln(kobs),5,ar2_homo_hartree|rate kobs (s-1)|ar2_Ar_LUMO|ar2_sterimol_B5|ar1_nbo_q_a,0.8028079335817655,0.2994962324250312,1.9672770846998542,LOOCV,ln(kobs) = <nonlinear model; no closed-form linear equation>
azoarene_svr_rbf_c30_eps005_scale,ln(kobs),5,ar2_homo_hartree|rate kobs (s-1)|ar2_Ar_LUMO|ar2_sterimol_B5|ar1_Ar_NBO_OH,0.8028079335817655,0.2994962324250312,1.9672770846998542,LOOCV,ln(kobs) = <nonlinear model; no closed-form linear equation>
azoarene_svr_rbf_c30_eps005_scale,ln(kobs),4,ar2_Ar_HOMO|rate kobs (s-1)|ar1_bond_length_c_a|ar2_lumo_hartree,0.8267825956271672,0.29857703180084627,1.843811746438616,LOOCV,ln(kobs) = <nonlinear model; no closed-form linear equation>
azoarene_svr_rbf_c30_eps005_scale,ln(kobs),4,ar2_Ar_HOMO|rate kobs (s-1)|ar1_bond_length_c_a|ar2_Ar_LUMO,0.8267825956271672,0.29857703180084627,1.843811746438616,LOOCV,ln(kobs) = <nonlinear model; no closed-form linear equation>
azoarene_svr_rbf_c30_eps005_scale,ln(kobs),4,ar2_homo_hartree|rate kobs (s-1)|ar1_bond_length_c_a|ar2_lumo_hartree,0.8267825956271672,0.29857703180084627,1.843811746438616,LOOCV,ln(kobs) = <nonlinear model; no closed-form linear equation>
azoarene_svr_rbf_c30_eps005_scale,ln(kobs),4,ar2_homo_hartree|rate kobs (s-1)|ar1_bond_length_c_a|ar2_Ar_LUMO,0.8267825956271672,0.29857703180084627,1.843811746438616,LOOCV,ln(kobs) = <nonlinear model; no closed-form linear equation>
azoarene_svr_rbf_c30_eps005_scale,ln(kobs),5,ar2_Ar_HOMO|rate kobs (s-1)|ar1_bond_length_c_a|ar1_nbo_q_a|ar1_Ar_NBO_OH,0.7991218461093283,0.29852160123535687,1.9855789883110193,LOOCV,ln(kobs) = <nonlinear model; no closed-form linear equation>
azoarene_svr_rbf_c30_eps005_scale,ln(kobs),5,ar2_homo_hartree|rate kobs (s-1)|ar1_bond_length_c_a|ar1_nbo_q_a|ar1_Ar_NBO_OH,0.7991218461093283,0.29852160123535687,1.9855789883110193,LOOCV,ln(kobs) = <nonlinear model; no closed-form linear equation>
azoarene_svr_rbf_c30_eps005_scale,ln(kobs),3,ar2_Ar_HOMO|ar2_Ar_polar|rate kobs (s-1),0.8130056399162073,0.2982594358672649,1.9157333873973308,LOOCV,ln(kobs) = <nonlinear model; no closed-form linear equation>
azoarene_svr_rbf_c30_eps005_scale,ln(kobs),3,ar2_Ar_HOMO|ar2_isotropic_polarizability_au|rate kobs (s-1),0.8130056399162073,0.2982594358672649,1.9157333873973308,LOOCV,ln(kobs) = <nonlinear model; no closed-form linear equation>
azoarene_svr_rbf_c30_eps005_scale,ln(kobs),3,ar2_homo_hartree|ar2_Ar_polar|rate kobs (s-1),0.8130056399162073,0.2982594358672649,1.9157333873973308,LOOCV,ln(kobs) = <nonlinear model; no closed-form linear equation>
azoarene_svr_rbf_c30_eps005_scale,ln(kobs),3,ar2_homo_hartree|ar2_isotropic_polarizability_au|rate kobs (s-1),0.8130056399162073,0.2982594358672649,1.9157333873973308,LOOCV,ln(kobs) = <nonlinear model; no closed-form linear equation>
azoarene_svr_rbf_c30_eps005_scale,ln(kobs),5,ar2_Ar_HOMO|rate kobs (s-1)|ar1_bond_length_c_a|ar1_bond_length_c_e|ar1_nbo_q_a,0.7986566983612219,0.2980492741453452,1.9878765342040063,LOOCV,ln(kobs) = <nonlinear model; no closed-form linear equation>
azoarene_svr_rbf_c30_eps005_scale,ln(kobs),5,ar2_Ar_HOMO|rate kobs (s-1)|ar1_bond_length_c_a|ar1_bond_length_c_e|ar1_Ar_NBO_OH,0.7986566983612219,0.2980492741453452,1.9878765342040063,LOOCV,ln(kobs) = <nonlinear model; no closed-form linear equation>
azoarene_svr_rbf_c30_eps005_scale,ln(kobs),5,ar2_homo_hartree|rate kobs (s-1)|ar1_bond_length_c_a|ar1_bond_length_c_e|ar1_nbo_q_a,0.7986566983612219,0.2980492741453452,1.9878765342040063,LOOCV,ln(kobs) = <nonlinear model; no closed-form linear equation>
azoarene_svr_rbf_c30_eps005_scale,ln(kobs),5,ar2_homo_hartree|rate kobs (s-1)|ar1_bond_length_c_a|ar1_bond_length_c_e|ar1_Ar_NBO_OH,0.7986566983612219,0.2980492741453452,1.9878765342040063,LOOCV,ln(kobs) = <nonlinear model; no closed-form linear equation>
azoarene_svr_rbf_c30_eps005_scale,ln(kobs),5,ar2_Ar_HOMO|ar2_scf_energy_hartree|rate kobs (s-1)|ar2_Ar_Ster_B5|ar1_nbo_q_a,0.7866630411339723,0.29665229662655634,2.046227250815718,LOOCV,ln(kobs) = <nonlinear model; no closed-form linear equation>
azoarene_svr_rbf_c30_eps005_scale,ln(kobs),5,ar2_Ar_HOMO|ar2_scf_energy_hartree|rate kobs (s-1)|ar2_Ar_Ster_B5|ar1_Ar_NBO_OH,0.7866630411339723,0.29665229662655634,2.046227250815718,LOOCV,ln(kobs) = <nonlinear model; no closed-form linear equation>
azoarene_svr_rbf_c30_eps005_scale,ln(kobs),5,ar2_Ar_HOMO|ar2_scf_energy_hartree|rate kobs (s-1)|ar2_sterimol_B5|ar1_nbo_q_a,0.7866630411339723,0.29665229662655634,2.046227250815718,LOOCV,ln(kobs) = <nonlinear model; no closed-form linear equation>
azoarene_svr_rbf_c30_eps005_scale,ln(kobs),5,ar2_Ar_HOMO|ar2_scf_energy_hartree|rate kobs (s-1)|ar2_sterimol_B5|ar1_Ar_NBO_OH,0.7866630411339723,0.29665229662655634,2.046227250815718,LOOCV,ln(kobs) = <nonlinear model; no closed-form linear equation>
azoarene_svr_rbf_c30_eps005_scale,ln(kobs),5,ar2_homo_hartree|ar2_scf_energy_hartree|rate kobs (s-1)|ar2_Ar_Ster_B5|ar1_nbo_q_a,0.7866630411339723,0.29665229662655634,2.046227250815718,LOOCV,ln(kobs) = <nonlinear model; no closed-form linear equation>
azoarene_svr_rbf_c30_eps005_scale,ln(kobs),5,ar2_homo_hartree|ar2_scf_energy_hartree|rate kobs (s-1)|ar2_Ar_Ster_B5|ar1_Ar_NBO_OH,0.7866630411339723,0.29665229662655634,2.046227250815718,LOOCV,ln(kobs) = <nonlinear model; no closed-form linear equation>
azoarene_svr_rbf_c30_eps005_scale,ln(kobs),5,ar2_homo_hartree|ar2_scf_energy_hartree|rate kobs (s-1)|ar2_sterimol_B5|ar1_nbo_q_a,0.7866630411339723,0.29665229662655634,2.046227250815718,LOOCV,ln(kobs) = <nonlinear model; no closed-form linear equation>
azoarene_svr_rbf_c30_eps005_scale,ln(kobs),5,ar2_homo_hartree|ar2_scf_energy_hartree|rate kobs (s-1)|ar2_sterimol_B5|ar1_Ar_NBO_OH,0.7866630411339723,0.29665229662655634,2.046227250815718,LOOCV,ln(kobs) = <nonlinear model; no closed-form linear equation>
azoarene_svr_rbf_c30_eps005_scale,ln(kobs),5,ar2_Ar_HOMO|ar2_enthalpy_hartree|rate kobs (s-1)|ar2_Ar_Ster_B5|ar1_nbo_q_a,0.7866626161743411,0.2966334725548584,2.0462292888206406,LOOCV,ln(kobs) = <nonlinear model; no closed-form linear equation>
azoarene_svr_rbf_c30_eps005_scale,ln(kobs),5,ar2_Ar_HOMO|ar2_enthalpy_hartree|rate kobs (s-1)|ar2_Ar_Ster_B5|ar1_Ar_NBO_OH,0.7866626161743411,0.2966334725548584,2.0462292888206406,LOOCV,ln(kobs) = <nonlinear model; no closed-form linear equation>
azoarene_svr_rbf_c30_eps005_scale,ln(kobs),5,ar2_Ar_HOMO|ar2_enthalpy_hartree|rate kobs (s-1)|ar2_sterimol_B5|ar1_nbo_q_a,0.7866626161743411,0.2966334725548584,2.0462292888206406,LOOCV,ln(kobs) = <nonlinear model; no closed-form linear equation>
azoarene_svr_rbf_c30_eps005_scale,ln(kobs),5,ar2_Ar_HOMO|ar2_enthalpy_hartree|rate kobs (s-1)|ar2_sterimol_B5|ar1_Ar_NBO_OH,0.7866626161743411,0.2966334725548584,2.0462292888206406,LOOCV,ln(kobs) = <nonlinear model; no closed-form linear equation>
azoarene_svr_rbf_c30_eps005_scale,ln(kobs),5,ar2_homo_hartree|ar2_enthalpy_hartree|rate kobs (s-1)|ar2_Ar_Ster_B5|ar1_nbo_q_a,0.7866626161743411,0.2966334725548584,2.0462292888206406,LOOCV,ln(kobs) = <nonlinear model; no closed-form linear equation>
azoarene_svr_rbf_c30_eps005_scale,ln(kobs),5,ar2_homo_hartree|ar2_enthalpy_hartree|rate kobs (s-1)|ar2_Ar_Ster_B5|ar1_Ar_NBO_OH,0.7866626161743411,0.2966334725548584,2.0462292888206406,LOOCV,ln(kobs) = <nonlinear model; no closed-form linear equation>
azoarene_svr_rbf_c30_eps005_scale,ln(kobs),5,ar2_homo_hartree|ar2_enthalpy_hartree|rate kobs (s-1)|ar2_sterimol_B5|ar1_nbo_q_a,0.7866626161743411,0.2966334725548584,2.0462292888206406,LOOCV,ln(kobs) = <nonlinear model; no closed-form linear equation>
azoarene_svr_rbf_c30_eps005_scale,ln(kobs),5,ar2_homo_hartree|ar2_enthalpy_hartree|rate kobs (s-1)|ar2_sterimol_B5|ar1_Ar_NBO_OH,0.7866626161743411,0.2966334725548584,2.0462292888206406,LOOCV,ln(kobs) = <nonlinear model; no closed-form linear equation>
azoarene_svr_rbf_c30_eps005_scale,ln(kobs),5,ar2_Ar_HOMO|ar2_gibbs_free_energy_hartree|rate kobs (s-1)|ar2_Ar_Ster_B5|ar1_nbo_q_a,0.7866672817409687,0.2966244417016415,2.0462069137659094,LOOCV,ln(kobs) = <nonlinear model; no closed-form linear equation>
azoarene_svr_rbf_c30_eps005_scale,ln(kobs),5,ar2_Ar_HOMO|ar2_gibbs_free_energy_hartree|rate kobs (s-1)|ar2_Ar_Ster_B5|ar1_Ar_NBO_OH,0.7866672817409687,0.2966244417016415,2.0462069137659094,LOOCV,ln(kobs) = <nonlinear model; no closed-form linear equation>
azoarene_svr_rbf_c30_eps005_scale,ln(kobs),5,ar2_Ar_HOMO|ar2_gibbs_free_energy_hartree|rate kobs (s-1)|ar2_sterimol_B5|ar1_nbo_q_a,0.7866672817409687,0.2966244417016415,2.0462069137659094,LOOCV,ln(kobs) = <nonlinear model; no closed-form linear equation>
azoarene_svr_rbf_c30_eps005_scale,ln(kobs),5,ar2_Ar_HOMO|ar2_gibbs_free_energy_hartree|rate kobs (s-1)|ar2_sterimol_B5|ar1_Ar_NBO_OH,0.7866672817409687,0.2966244417016415,2.0462069137659094,LOOCV,ln(kobs) = <nonlinear model; no closed-form linear equation>
azoarene_svr_rbf_c30_eps005_scale,ln(kobs),5,ar2_homo_hartree|ar2_gibbs_free_energy_hartree|rate kobs (s-1)|ar2_Ar_Ster_B5|ar1_nbo_q_a,0.7866672817409687,0.2966244417016415,2.0462069137659094,LOOCV,ln(kobs) = <nonlinear model; no closed-form linear equation>
azoarene_svr_rbf_c30_eps005_scale,ln(kobs),5,ar2_homo_hartree|ar2_gibbs_free_energy_hartree|rate kobs (s-1)|ar2_Ar_Ster_B5|ar1_Ar_NBO_OH,0.7866672817409687,0.2966244417016415,2.0462069137659094,LOOCV,ln(kobs) = <nonlinear model; no closed-form linear equation>
azoarene_svr_rbf_c30_eps005_scale,ln(kobs),5,ar2_homo_hartree|ar2_gibbs_free_energy_hartree|rate kobs (s-1)|ar2_sterimol_B5|ar1_nbo_q_a,0.7866672817409687,0.2966244417016415,2.0462069137659094,LOOCV,ln(kobs) = <nonlinear model; no closed-form linear equation>
azoarene_svr_rbf_c30_eps005_scale,ln(kobs),5,ar2_homo_hartree|ar2_gibbs_free_energy_hartree|rate kobs (s-1)|ar2_sterimol_B5|ar1_Ar_NBO_OH,0.7866672817409687,0.2966244417016415,2.0462069137659094,LOOCV,ln(kobs) = <nonlinear model; no closed-form linear equation>
azoarene_svr_rbf_c30_eps005_scale,ln(kobs),5,rate kobs (s-1)|ar1_bond_length_c_a|ar2_lumo_hartree|ar2_Ar_Ster_B5|ar2_sterimol_B5,0.77212861902368,0.2961730455904361,2.1147824922287466,LOOCV,ln(kobs) = <nonlinear model; no closed-form linear equation>
azoarene_svr_rbf_c30_eps005_scale,ln(kobs),5,rate kobs (s-1)|ar1_bond_length_c_a|ar2_Ar_LUMO|ar2_Ar_Ster_B5|ar2_sterimol_B5,0.77212861902368,0.2961730455904361,2.1147824922287466,LOOCV,ln(kobs) = <nonlinear model; no closed-form linear equation>
azoarene_svr_rbf_c30_eps005_scale,ln(kobs),3,ar2_Ar_HOMO|ar1_bond_length_c_a|ar1_nbo_q_a,0.7589852994640782,0.29536168127157625,2.17491646276946,LOOCV,ln(kobs) = <nonlinear model; no closed-form linear equation>
azoarene_svr_rbf_c30_eps005_scale,ln(kobs),3,ar2_Ar_HOMO|ar1_bond_length_c_a|ar1_Ar_NBO_OH,0.7589852994640782,0.29536168127157625,2.17491646276946,LOOCV,ln(kobs) = <nonlinear model; no closed-form linear equation>
azoarene_svr_rbf_c30_eps005_scale,ln(kobs),3,ar2_homo_hartree|ar1_bond_length_c_a|ar1_nbo_q_a,0.7589852994640782,0.29536168127157625,2.17491646276946,LOOCV,ln(kobs) = <nonlinear model; no closed-form linear equation>
azoarene_svr_rbf_c30_eps005_scale,ln(kobs),3,ar2_homo_hartree|ar1_bond_length_c_a|ar1_Ar_NBO_OH,0.7589852994640782,0.29536168127157625,2.17491646276946,LOOCV,ln(kobs) = <nonlinear model; no closed-form linear equation>
azoarene_svr_rbf_c30_eps005_scale,ln(kobs),5,ar2_Ar_HOMO|rate kobs (s-1)|ar2_gap_hartree|ar2_Ar_Ster_B5|ar1_nbo_q_a,0.802209466405222,0.2948689053849205,1.9702601124602164,LOOCV,ln(kobs) = <nonlinear model; no closed-form linear equation>
azoarene_svr_rbf_c30_eps005_scale,ln(kobs),5,ar2_Ar_HOMO|rate kobs (s-1)|ar2_gap_hartree|ar2_Ar_Ster_B5|ar1_Ar_NBO_OH,0.802209466405222,0.2948689053849205,1.9702601124602164,LOOCV,ln(kobs) = <nonlinear model; no closed-form linear equation>
azoarene_svr_rbf_c30_eps005_scale,ln(kobs),5,ar2_Ar_HOMO|rate kobs (s-1)|ar2_gap_hartree|ar2_sterimol_B5|ar1_nbo_q_a,0.802209466405222,0.2948689053849205,1.9702601124602164,LOOCV,ln(kobs) = <nonlinear model; no closed-form linear equation>
azoarene_svr_rbf_c30_eps005_scale,ln(kobs),5,ar2_Ar_HOMO|rate kobs (s-1)|ar2_gap_hartree|ar2_sterimol_B5|ar1_Ar_NBO_OH,0.802209466405222,0.2948689053849205,1.9702601124602164,LOOCV,ln(kobs) = <nonlinear model; no closed-form linear equation>
azoarene_svr_rbf_c30_eps005_scale,ln(kobs),5,ar2_homo_hartree|rate kobs (s-1)|ar2_gap_hartree|ar2_Ar_Ster_B5|ar1_nbo_q_a,0.802209466405222,0.2948689053849205,1.9702601124602164,LOOCV,ln(kobs) = <nonlinear model; no closed-form linear equation>
azoarene_svr_rbf_c30_eps005_scale,ln(kobs),5,ar2_homo_hartree|rate kobs (s-1)|ar2_gap_hartree|ar2_Ar_Ster_B5|ar1_Ar_NBO_OH,0.802209466405222,0.2948689053849205,1.9702601124602164,LOOCV,ln(kobs) = <nonlinear model; no closed-form linear equation>
azoarene_svr_rbf_c30_eps005_scale,ln(kobs),5,ar2_homo_hartree|rate kobs (s-1)|ar2_gap_hartree|ar2_sterimol_B5|ar1_nbo_q_a,0.802209466405222,0.2948689053849205,1.9702601124602164,LOOCV,ln(kobs) = <nonlinear model; no closed-form linear equation>
azoarene_svr_rbf_c30_eps005_scale,ln(kobs),5,ar2_homo_hartree|rate kobs (s-1)|ar2_gap_hartree|ar2_sterimol_B5|ar1_Ar_NBO_OH,0.802209466405222,0.2948689053849205,1.9702601124602164,LOOCV,ln(kobs) = <nonlinear model; no closed-form linear equation>
azoarene_svr_rbf_c30_eps005_scale,ln(kobs),4,ar2_Ar_polar|rate kobs (s-1)|ar2_Ar_Ster_B5|ar1_nbo_q_a,0.7370202482271836,0.294533243146356,2.271862116613557,LOOCV,ln(kobs) = <nonlinear model; no closed-form linear equation>
azoarene_svr_rbf_c30_eps005_scale,ln(kobs),4,ar2_Ar_polar|rate kobs (s-1)|ar2_Ar_Ster_B5|ar1_Ar_NBO_OH,0.7370202482271836,0.294533243146356,2.271862116613557,LOOCV,ln(kobs) = <nonlinear model; no closed-form linear equation>
azoarene_svr_rbf_c30_eps005_scale,ln(kobs),4,ar2_Ar_polar|rate kobs (s-1)|ar2_sterimol_B5|ar1_nbo_q_a,0.7370202482271836,0.294533243146356,2.271862116613557,LOOCV,ln(kobs) = <nonlinear model; no closed-form linear equation>
azoarene_svr_rbf_c30_eps005_scale,ln(kobs),4,ar2_Ar_polar|rate kobs (s-1)|ar2_sterimol_B5|ar1_Ar_NBO_OH,0.7370202482271836,0.294533243146356,2.271862116613557,LOOCV,ln(kobs) = <nonlinear model; no closed-form linear equation>
azoarene_svr_rbf_c30_eps005_scale,ln(kobs),4,ar2_isotropic_polarizability_au|rate kobs (s-1)|ar2_Ar_Ster_B5|ar1_nbo_q_a,0.7370202482271836,0.294533243146356,2.271862116613557,LOOCV,ln(kobs) = <nonlinear model; no closed-form linear equation>
azoarene_svr_rbf_c30_eps005_scale,ln(kobs),4,ar2_isotropic_polarizability_au|rate kobs (s-1)|ar2_Ar_Ster_B5|ar1_Ar_NBO_OH,0.7370202482271836,0.294533243146356,2.271862116613557,LOOCV,ln(kobs) = <nonlinear model; no closed-form linear equation>
azoarene_svr_rbf_c30_eps005_scale,ln(kobs),4,ar2_isotropic_polarizability_au|rate kobs (s-1)|ar2_sterimol_B5|ar1_nbo_q_a,0.7370202482271836,0.294533243146356,2.271862116613557,LOOCV,ln(kobs) = <nonlinear model; no closed-form linear equation>
azoarene_svr_rbf_c30_eps005_scale,ln(kobs),4,ar2_isotropic_polarizability_au|rate kobs (s-1)|ar2_sterimol_B5|ar1_Ar_NBO_OH,0.7370202482271836,0.294533243146356,2.271862116613557,LOOCV,ln(kobs) = <nonlinear model; no closed-form linear equation>
azoarene_svr_rbf_c30_eps005_scale,ln(kobs),5,ar2_Ar_HOMO|ar2_lumo_hartree|ar1_bond_length_c_e|ar1_nbo_q_a|ar1_Ar_NBO_OH,0.7706501060792934,0.2939870071306422,2.1216321409559225,LOOCV,ln(kobs) = <nonlinear model; no closed-form linear equation>
azoarene_svr_rbf_c30_eps005_scale,ln(kobs),5,ar2_Ar_HOMO|ar2_Ar_LUMO|ar1_bond_length_c_e|ar1_nbo_q_a|ar1_Ar_NBO_OH,0.7706501060792934,0.2939870071306422,2.1216321409559225,LOOCV,ln(kobs) = <nonlinear model; no closed-form linear equation>
azoarene_svr_rbf_c30_eps005_scale,ln(kobs),5,ar2_homo_hartree|ar2_lumo_hartree|ar1_bond_length_c_e|ar1_nbo_q_a|ar1_Ar_NBO_OH,0.7706501060792934,0.2939870071306422,2.1216321409559225,LOOCV,ln(kobs) = <nonlinear model; no closed-form linear equation>
azoarene_svr_rbf_c30_eps005_scale,ln(kobs),5,ar2_homo_hartree|ar2_Ar_LUMO|ar1_bond_length_c_e|ar1_nbo_q_a|ar1_Ar_NBO_OH,0.7706501060792934,0.2939870071306422,2.1216321409559225,LOOCV,ln(kobs) = <nonlinear model; no closed-form linear equation>
azoarene_svr_rbf_c30_eps005_scale,ln(kobs),5,ar2_Ar_HOMO|ar2_homo_hartree|rate kobs (s-1)|ar2_gap_hartree|ar1_bond_length_c_e,0.8083006637319425,0.2939840541295389,1.9396846045375429,LOOCV,ln(kobs) = <nonlinear model; no closed-form linear equation>
azoarene_svr_rbf_c30_eps005_scale,ln(kobs),4,ar2_Ar_HOMO|ar2_scf_energy_hartree|rate kobs (s-1)|ar1_bond_length_c_e,0.797076322966342,0.29375970943217067,1.9956628635769436,LOOCV,ln(kobs) = <nonlinear model; no closed-form linear equation>
azoarene_svr_rbf_c30_eps005_scale,ln(kobs),4,ar2_homo_hartree|ar2_scf_energy_hartree|rate kobs (s-1)|ar1_bond_length_c_e,0.797076322966342,0.29375970943217067,1.9956628635769436,LOOCV,ln(kobs) = <nonlinear model; no closed-form linear equation>
azoarene_svr_rbf_c30_eps005_scale,ln(kobs),4,ar2_Ar_HOMO|ar2_enthalpy_hartree|rate kobs (s-1)|ar1_bond_length_c_e,0.7970828685521429,0.29374884671480794,1.9956306768749397,LOOCV,ln(kobs) = <nonlinear model; no closed-form linear equation>
azoarene_svr_rbf_c30_eps005_scale,ln(kobs),4,ar2_homo_hartree|ar2_enthalpy_hartree|rate kobs (s-1)|ar1_bond_length_c_e,0.7970828685521429,0.29374884671480794,1.9956306768749397,LOOCV,ln(kobs) = <nonlinear model; no closed-form linear equation>
azoarene_svr_rbf_c30_eps005_scale,ln(kobs),4,ar2_Ar_HOMO|ar2_gibbs_free_energy_hartree|rate kobs (s-1)|ar1_bond_length_c_e,0.7970866350725514,0.29374732892715416,1.995612155475343,LOOCV,ln(kobs) = <nonlinear model; no closed-form linear equation>
azoarene_svr_rbf_c30_eps005_scale,ln(kobs),4,ar2_homo_hartree|ar2_gibbs_free_energy_hartree|rate kobs (s-1)|ar1_bond_length_c_e,0.7970866350725514,0.29374732892715416,1.995612155475343,LOOCV,ln(kobs) = <nonlinear model; no closed-form linear equation>
azoarene_svr_rbf_c30_eps005_scale,ln(kobs),4,ar2_Ar_HOMO|ar2_Ar_polar|ar2_Ar_Ster_B5|ar1_nbo_q_a,0.6973679444341103,0.2931494895058975,2.4371276562158455,LOOCV,ln(kobs) = <nonlinear model; no closed-form linear equation>
azoarene_svr_rbf_c30_eps005_scale,ln(kobs),4,ar2_Ar_HOMO|ar2_Ar_polar|ar2_Ar_Ster_B5|ar1_Ar_NBO_OH,0.6973679444341103,0.2931494895058975,2.4371276562158455,LOOCV,ln(kobs) = <nonlinear model; no closed-form linear equation>
azoarene_svr_rbf_c30_eps005_scale,ln(kobs),4,ar2_Ar_HOMO|ar2_Ar_polar|ar2_sterimol_B5|ar1_nbo_q_a,0.6973679444341103,0.2931494895058975,2.4371276562158455,LOOCV,ln(kobs) = <nonlinear model; no closed-form linear equation>
azoarene_svr_rbf_c30_eps005_scale,ln(kobs),4,ar2_Ar_HOMO|ar2_Ar_polar|ar2_sterimol_B5|ar1_Ar_NBO_OH,0.6973679444341103,0.2931494895058975,2.4371276562158455,LOOCV,ln(kobs) = <nonlinear model; no closed-form linear equation>
azoarene_svr_rbf_c30_eps005_scale,ln(kobs),4,ar2_Ar_HOMO|ar2_isotropic_polarizability_au|ar2_Ar_Ster_B5|ar1_nbo_q_a,0.6973679444341103,0.2931494895058975,2.4371276562158455,LOOCV,ln(kobs) = <nonlinear model; no closed-form linear equation>
azoarene_svr_rbf_c30_eps005_scale,ln(kobs),4,ar2_Ar_HOMO|ar2_isotropic_polarizability_au|ar2_Ar_Ster_B5|ar1_Ar_NBO_OH,0.6973679444341103,0.2931494895058975,2.4371276562158455,LOOCV,ln(kobs) = <nonlinear model; no closed-form linear equation>
azoarene_svr_rbf_c30_eps005_scale,ln(kobs),4,ar2_Ar_HOMO|ar2_isotropic_polarizability_au|ar2_sterimol_B5|ar1_nbo_q_a,0.6973679444341103,0.2931494895058975,2.4371276562158455,LOOCV,ln(kobs) = <nonlinear model; no closed-form linear equation>
azoarene_svr_rbf_c30_eps005_scale,ln(kobs),4,ar2_Ar_HOMO|ar2_isotropic_polarizability_au|ar2_sterimol_B5|ar1_Ar_NBO_OH,0.6973679444341103,0.2931494895058975,2.4371276562158455,LOOCV,ln(kobs) = <nonlinear model; no closed-form linear equation>
azoarene_svr_rbf_c30_eps005_scale,ln(kobs),4,ar2_homo_hartree|ar2_Ar_polar|ar2_Ar_Ster_B5|ar1_nbo_q_a,0.6973679444341103,0.2931494895058975,2.4371276562158455,LOOCV,ln(kobs) = <nonlinear model; no closed-form linear equation>
azoarene_svr_rbf_c30_eps005_scale,ln(kobs),4,ar2_homo_hartree|ar2_Ar_polar|ar2_Ar_Ster_B5|ar1_Ar_NBO_OH,0.6973679444341103,0.2931494895058975,2.4371276562158455,LOOCV,ln(kobs) = <nonlinear model; no closed-form linear equation>
azoarene_svr_rbf_c30_eps005_scale,ln(kobs),4,ar2_homo_hartree|ar2_Ar_polar|ar2_sterimol_B5|ar1_nbo_q_a,0.6973679444341103,0.2931494895058975,2.4371276562158455,LOOCV,ln(kobs) = <nonlinear model; no closed-form linear equation>
azoarene_svr_rbf_c30_eps005_scale,ln(kobs),4,ar2_homo_hartree|ar2_Ar_polar|ar2_sterimol_B5|ar1_Ar_NBO_OH,0.6973679444341103,0.2931494895058975,2.4371276562158455,LOOCV,ln(kobs) = <nonlinear model; no closed-form linear equation>
azoarene_svr_rbf_c30_eps005_scale,ln(kobs),4,ar2_homo_hartree|ar2_isotropic_polarizability_au|ar2_Ar_Ster_B5|ar1_nbo_q_a,0.6973679444341103,0.2931494895058975,2.4371276562158455,LOOCV,ln(kobs) = <nonlinear model; no closed-form linear equation>
azoarene_svr_rbf_c30_eps005_scale,ln(kobs),4,ar2_homo_hartree|ar2_isotropic_polarizability_au|ar2_Ar_Ster_B5|ar1_Ar_NBO_OH,0.6973679444341103,0.2931494895058975,2.4371276562158455,LOOCV,ln(kobs) = <nonlinear model; no closed-form linear equation>
azoarene_svr_rbf_c30_eps005_scale,ln(kobs),4,ar2_homo_hartree|ar2_isotropic_polarizability_au|ar2_sterimol_B5|ar1_nbo_q_a,0.6973679444341103,0.2931494895058975,2.4371276562158455,LOOCV,ln(kobs) = <nonlinear model; no closed-form linear equation>
azoarene_svr_rbf_c30_eps005_scale,ln(kobs),4,ar2_homo_hartree|ar2_isotropic_polarizability_au|ar2_sterimol_B5|ar1_Ar_NBO_OH,0.6973679444341103,0.2931494895058975,2.4371276562158455,LOOCV,ln(kobs) = <nonlinear model; no closed-form linear equation>
azoarene_svr_rbf_c30_eps005_scale,ln(kobs),4,ar2_Ar_HOMO|ar2_lumo_hartree|ar2_Ar_Ster_B5|ar1_nbo_q_a,0.7024332953949322,0.29238007956237133,2.416645688487497,LOOCV,ln(kobs) = <nonlinear model; no closed-form linear equation>
azoarene_svr_rbf_c30_eps005_scale,ln(kobs),4,ar2_Ar_HOMO|ar2_lumo_hartree|ar2_Ar_Ster_B5|ar1_Ar_NBO_OH,0.7024332953949322,0.29238007956237133,2.416645688487497,LOOCV,ln(kobs) = <nonlinear model; no closed-form linear equation>
azoarene_svr_rbf_c30_eps005_scale,ln(kobs),4,ar2_Ar_HOMO|ar2_lumo_hartree|ar2_sterimol_B5|ar1_nbo_q_a,0.7024332953949322,0.29238007956237133,2.416645688487497,LOOCV,ln(kobs) = <nonlinear model; no closed-form linear equation>
azoarene_svr_rbf_c30_eps005_scale,ln(kobs),4,ar2_Ar_HOMO|ar2_lumo_hartree|ar2_sterimol_B5|ar1_Ar_NBO_OH,0.7024332953949322,0.29238007956237133,2.416645688487497,LOOCV,ln(kobs) = <nonlinear model; no closed-form linear equation>
azoarene_svr_rbf_c30_eps005_scale,ln(kobs),4,ar2_Ar_HOMO|ar2_Ar_LUMO|ar2_Ar_Ster_B5|ar1_nbo_q_a,0.7024332953949322,0.29238007956237133,2.416645688487497,LOOCV,ln(kobs) = <nonlinear model; no closed-form linear equation>
azoarene_svr_rbf_c30_eps005_scale,ln(kobs),4,ar2_Ar_HOMO|ar2_Ar_LUMO|ar2_Ar_Ster_B5|ar1_Ar_NBO_OH,0.7024332953949322,0.29238007956237133,2.416645688487497,LOOCV,ln(kobs) = <nonlinear model; no closed-form linear equation>
azoarene_svr_rbf_c30_eps005_scale,ln(kobs),4,ar2_Ar_HOMO|ar2_Ar_LUMO|ar2_sterimol_B5|ar1_nbo_q_a,0.7024332953949322,0.29238007956237133,2.416645688487497,LOOCV,ln(kobs) = <nonlinear model; no closed-form linear equation>
azoarene_svr_rbf_c30_eps005_scale,ln(kobs),4,ar2_Ar_HOMO|ar2_Ar_LUMO|ar2_sterimol_B5|ar1_Ar_NBO_OH,0.7024332953949322,0.29238007956237133,2.416645688487497,LOOCV,ln(kobs) = <nonlinear model; no closed-form linear equation>
azoarene_svr_rbf_c30_eps005_scale,ln(kobs),4,ar2_homo_hartree|ar2_lumo_hartree|ar2_Ar_Ster_B5|ar1_nbo_q_a,0.7024332953949322,0.29238007956237133,2.416645688487497,LOOCV,ln(kobs) = <nonlinear model; no closed-form linear equation>
azoarene_svr_rbf_c30_eps005_scale,ln(kobs),4,ar2_homo_hartree|ar2_lumo_hartree|ar2_Ar_Ster_B5|ar1_Ar_NBO_OH,0.7024332953949322,0.29238007956237133,2.416645688487497,LOOCV,ln(kobs) = <nonlinear model; no closed-form linear equation>
azoarene_svr_rbf_c30_eps005_scale,ln(kobs),4,ar2_homo_hartree|ar2_lumo_hartree|ar2_sterimol_B5|ar1_nbo_q_a,0.7024332953949322,0.29238007956237133,2.416645688487497,LOOCV,ln(kobs) = <nonlinear model; no closed-form linear equation>
azoarene_svr_rbf_c30_eps005_scale,ln(kobs),4,ar2_homo_hartree|ar2_lumo_hartree|ar2_sterimol_B5|ar1_Ar_NBO_OH,0.7024332953949322,0.29238007956237133,2.416645688487497,LOOCV,ln(kobs) = <nonlinear model; no closed-form linear equation>
azoarene_svr_rbf_c30_eps005_scale,ln(kobs),4,ar2_homo_hartree|ar2_Ar_LUMO|ar2_Ar_Ster_B5|ar1_nbo_q_a,0.7024332953949322,0.29238007956237133,2.416645688487497,LOOCV,ln(kobs) = <nonlinear model; no closed-form linear equation>
azoarene_svr_rbf_c30_eps005_scale,ln(kobs),4,ar2_homo_hartree|ar2_Ar_LUMO|ar2_Ar_Ster_B5|ar1_Ar_NBO_OH,0.7024332953949322,0.29238007956237133,2.416645688487497,LOOCV,ln(kobs) = <nonlinear model; no closed-form linear equation>
azoarene_svr_rbf_c30_eps005_scale,ln(kobs),4,ar2_homo_hartree|ar2_Ar_LUMO|ar2_sterimol_B5|ar1_nbo_q_a,0.7024332953949322,0.29238007956237133,2.416645688487497,LOOCV,ln(kobs) = <nonlinear model; no closed-form linear equation>
azoarene_svr_rbf_c30_eps005_scale,ln(kobs),4,ar2_homo_hartree|ar2_Ar_LUMO|ar2_sterimol_B5|ar1_Ar_NBO_OH,0.7024332953949322,0.29238007956237133,2.416645688487497,LOOCV,ln(kobs) = <nonlinear model; no closed-form linear equation>
azoarene_svr_rbf_c30_eps005_scale,ln(kobs),4,ar2_Ar_HOMO|rate kobs (s-1)|ar2_gap_hartree|ar2_Ar_Ster_B5,0.7699760916654792,0.29157598200422463,2.1247473845038103,LOOCV,ln(kobs) = <nonlinear model; no closed-form linear equation>
azoarene_svr_rbf_c30_eps005_scale,ln(kobs),4,ar2_Ar_HOMO|rate kobs (s-1)|ar2_gap_hartree|ar2_sterimol_B5,0.7699760916654792,0.29157598200422463,2.1247473845038103,LOOCV,ln(kobs) = <nonlinear model; no closed-form linear equation>
azoarene_svr_rbf_c30_eps005_scale,ln(kobs),4,ar2_homo_hartree|rate kobs (s-1)|ar2_gap_hartree|ar2_Ar_Ster_B5,0.7699760916654792,0.29157598200422463,2.1247473845038103,LOOCV,ln(kobs) = <nonlinear model; no closed-form linear equation>
azoarene_svr_rbf_c30_eps005_scale,ln(kobs),4,ar2_homo_hartree|rate kobs (s-1)|ar2_gap_hartree|ar2_sterimol_B5,0.7699760916654792,0.29157598200422463,2.1247473845038103,LOOCV,ln(kobs) = <nonlinear model; no closed-form linear equation>
azoarene_svr_rbf_c30_eps005_scale,ln(kobs),5,ar2_Ar_HOMO|ar2_homo_hartree|ar2_Ar_polar|rate kobs (s-1)|ar1_bond_length_c_a,0.8129767441021253,0.29125262122918394,1.9158813986459002,LOOCV,ln(kobs) = <nonlinear model; no closed-form linear equation>
azoarene_svr_rbf_c30_eps005_scale,ln(kobs),5,ar2_Ar_HOMO|ar2_homo_hartree|ar2_isotropic_polarizability_au|rate kobs (s-1)|ar1_bond_length_c_a,0.8129767441021253,0.29125262122918394,1.9158813986459002,LOOCV,ln(kobs) = <nonlinear model; no closed-form linear equation>
azoarene_svr_rbf_c30_eps005_scale,ln(kobs),4,ar2_Ar_HOMO|ar2_Ar_polar|ar2_enthalpy_hartree|ar1_nbo_q_a,0.7017974576602175,0.2910871117264652,2.419226243581612,LOOCV,ln(kobs) = <nonlinear model; no closed-form linear equation>
azoarene_svr_rbf_c30_eps005_scale,ln(kobs),4,ar2_Ar_HOMO|ar2_Ar_polar|ar2_enthalpy_hartree|ar1_Ar_NBO_OH,0.7017974576602175,0.2910871117264652,2.419226243581612,LOOCV,ln(kobs) = <nonlinear model; no closed-form linear equation>
azoarene_svr_rbf_c30_eps005_scale,ln(kobs),4,ar2_Ar_HOMO|ar2_isotropic_polarizability_au|ar2_enthalpy_hartree|ar1_nbo_q_a,0.7017974576602175,0.2910871117264652,2.419226243581612,LOOCV,ln(kobs) = <nonlinear model; no closed-form linear equation>
azoarene_svr_rbf_c30_eps005_scale,ln(kobs),4,ar2_Ar_HOMO|ar2_isotropic_polarizability_au|ar2_enthalpy_hartree|ar1_Ar_NBO_OH,0.7017974576602175,0.2910871117264652,2.419226243581612,LOOCV,ln(kobs) = <nonlinear model; no closed-form linear equation>
azoarene_svr_rbf_c30_eps005_scale,ln(kobs),4,ar2_homo_hartree|ar2_Ar_polar|ar2_enthalpy_hartree|ar1_nbo_q_a,0.7017974576602175,0.2910871117264652,2.419226243581612,LOOCV,ln(kobs) = <nonlinear model; no closed-form linear equation>
azoarene_svr_rbf_c30_eps005_scale,ln(kobs),4,ar2_homo_hartree|ar2_Ar_polar|ar2_enthalpy_hartree|ar1_Ar_NBO_OH,0.7017974576602175,0.2910871117264652,2.419226243581612,LOOCV,ln(kobs) = <nonlinear model; no closed-form linear equation>
azoarene_svr_rbf_c30_eps005_scale,ln(kobs),4,ar2_homo_hartree|ar2_isotropic_polarizability_au|ar2_enthalpy_hartree|ar1_nbo_q_a,0.7017974576602175,0.2910871117264652,2.419226243581612,LOOCV,ln(kobs) = <nonlinear model; no closed-form linear equation>
azoarene_svr_rbf_c30_eps005_scale,ln(kobs),4,ar2_homo_hartree|ar2_isotropic_polarizability_au|ar2_enthalpy_hartree|ar1_Ar_NBO_OH,0.7017974576602175,0.2910871117264652,2.419226243581612,LOOCV,ln(kobs) = <nonlinear model; no closed-form linear equation>
azoarene_svr_rbf_c30_eps005_scale,ln(kobs),4,ar2_Ar_HOMO|ar2_Ar_polar|ar2_gibbs_free_energy_hartree|ar1_nbo_q_a,0.7018095222258991,0.2910866423359194,2.4191773050164014,LOOCV,ln(kobs) = <nonlinear model; no closed-form linear equation>
azoarene_svr_rbf_c30_eps005_scale,ln(kobs),4,ar2_Ar_HOMO|ar2_Ar_polar|ar2_gibbs_free_energy_hartree|ar1_Ar_NBO_OH,0.7018095222258991,0.2910866423359194,2.4191773050164014,LOOCV,ln(kobs) = <nonlinear model; no closed-form linear equation>
azoarene_svr_rbf_c30_eps005_scale,ln(kobs),4,ar2_Ar_HOMO|ar2_isotropic_polarizability_au|ar2_gibbs_free_energy_hartree|ar1_nbo_q_a,0.7018095222258991,0.2910866423359194,2.4191773050164014,LOOCV,ln(kobs) = <nonlinear model; no closed-form linear equation>
azoarene_svr_rbf_c30_eps005_scale,ln(kobs),4,ar2_Ar_HOMO|ar2_isotropic_polarizability_au|ar2_gibbs_free_energy_hartree|ar1_Ar_NBO_OH,0.7018095222258991,0.2910866423359194,2.4191773050164014,LOOCV,ln(kobs) = <nonlinear model; no closed-form linear equation>
azoarene_svr_rbf_c30_eps005_scale,ln(kobs),4,ar2_homo_hartree|ar2_Ar_polar|ar2_gibbs_free_energy_hartree|ar1_nbo_q_a,0.7018095222258991,0.2910866423359194,2.4191773050164014,LOOCV,ln(kobs) = <nonlinear model; no closed-form linear equation>
azoarene_svr_rbf_c30_eps005_scale,ln(kobs),4,ar2_homo_hartree|ar2_Ar_polar|ar2_gibbs_free_energy_hartree|ar1_Ar_NBO_OH,0.7018095222258991,0.2910866423359194,2.4191773050164014,LOOCV,ln(kobs) = <nonlinear model; no closed-form linear equation>
azoarene_svr_rbf_c30_eps005_scale,ln(kobs),4,ar2_homo_hartree|ar2_isotropic_polarizability_au|ar2_gibbs_free_energy_hartree|ar1_nbo_q_a,0.7018095222258991,0.2910866423359194,2.4191773050164014,LOOCV,ln(kobs) = <nonlinear model; no closed-form linear equation>
azoarene_svr_rbf_c30_eps005_scale,ln(kobs),4,ar2_homo_hartree|ar2_isotropic_polarizability_au|ar2_gibbs_free_energy_hartree|ar1_Ar_NBO_OH,0.7018095222258991,0.2910866423359194,2.4191773050164014,LOOCV,ln(kobs) = <nonlinear model; no closed-form linear equation>
azoarene_svr_rbf_c30_eps005_scale,ln(kobs),4,ar2_Ar_HOMO|ar2_Ar_polar|ar2_scf_energy_hartree|ar1_nbo_q_a,0.7017959285704228,0.29098703433222195,2.419232446093148,LOOCV,ln(kobs) = <nonlinear model; no closed-form linear equation>
azoarene_svr_rbf_c30_eps005_scale,ln(kobs),4,ar2_Ar_HOMO|ar2_Ar_polar|ar2_scf_energy_hartree|ar1_Ar_NBO_OH,0.7017959285704228,0.29098703433222195,2.419232446093148,LOOCV,ln(kobs) = <nonlinear model; no closed-form linear equation>
azoarene_svr_rbf_c30_eps005_scale,ln(kobs),4,ar2_Ar_HOMO|ar2_isotropic_polarizability_au|ar2_scf_energy_hartree|ar1_nbo_q_a,0.7017959285704228,0.29098703433222195,2.419232446093148,LOOCV,ln(kobs) = <nonlinear model; no closed-form linear equation>
azoarene_svr_rbf_c30_eps005_scale,ln(kobs),4,ar2_Ar_HOMO|ar2_isotropic_polarizability_au|ar2_scf_energy_hartree|ar1_Ar_NBO_OH,0.7017959285704228,0.29098703433222195,2.419232446093148,LOOCV,ln(kobs) = <nonlinear model; no closed-form linear equation>
azoarene_svr_rbf_c30_eps005_scale,ln(kobs),4,ar2_homo_hartree|ar2_Ar_polar|ar2_scf_energy_hartree|ar1_nbo_q_a,0.7017959285704228,0.29098703433222195,2.419232446093148,LOOCV,ln(kobs) = <nonlinear model; no closed-form linear equation>
azoarene_svr_rbf_c30_eps005_scale,ln(kobs),4,ar2_homo_hartree|ar2_Ar_polar|ar2_scf_energy_hartree|ar1_Ar_NBO_OH,0.7017959285704228,0.29098703433222195,2.419232446093148,LOOCV,ln(kobs) = <nonlinear model; no closed-form linear equation>
azoarene_svr_rbf_c30_eps005_scale,ln(kobs),4,ar2_homo_hartree|ar2_isotropic_polarizability_au|ar2_scf_energy_hartree|ar1_nbo_q_a,0.7017959285704228,0.29098703433222195,2.419232446093148,LOOCV,ln(kobs) = <nonlinear model; no closed-form linear equation>
azoarene_svr_rbf_c30_eps005_scale,ln(kobs),4,ar2_homo_hartree|ar2_isotropic_polarizability_au|ar2_scf_energy_hartree|ar1_Ar_NBO_OH,0.7017959285704228,0.29098703433222195,2.419232446093148,LOOCV,ln(kobs) = <nonlinear model; no closed-form linear equation>
azoarene_svr_rbf_c30_eps005_scale,ln(kobs),4,ar2_Ar_HOMO|ar1_bond_length_c_a|ar2_Ar_Ster_B5|ar1_nbo_q_a,0.7330079670704543,0.2908437527812704,2.2891274079766255,LOOCV,ln(kobs) = <nonlinear model; no closed-form linear equation>
azoarene_svr_rbf_c30_eps005_scale,ln(kobs),4,ar2_Ar_HOMO|ar1_bond_length_c_a|ar2_Ar_Ster_B5|ar1_Ar_NBO_OH,0.7330079670704543,0.2908437527812704,2.2891274079766255,LOOCV,ln(kobs) = <nonlinear model; no closed-form linear equation>
azoarene_svr_rbf_c30_eps005_scale,ln(kobs),4,ar2_Ar_HOMO|ar1_bond_length_c_a|ar2_sterimol_B5|ar1_nbo_q_a,0.7330079670704543,0.2908437527812704,2.2891274079766255,LOOCV,ln(kobs) = <nonlinear model; no closed-form linear equation>
azoarene_svr_rbf_c30_eps005_scale,ln(kobs),4,ar2_Ar_HOMO|ar1_bond_length_c_a|ar2_sterimol_B5|ar1_Ar_NBO_OH,0.7330079670704543,0.2908437527812704,2.2891274079766255,LOOCV,ln(kobs) = <nonlinear model; no closed-form linear equation>
azoarene_svr_rbf_c30_eps005_scale,ln(kobs),4,ar2_homo_hartree|ar1_bond_length_c_a|ar2_Ar_Ster_B5|ar1_nbo_q_a,0.7330079670704543,0.2908437527812704,2.2891274079766255,LOOCV,ln(kobs) = <nonlinear model; no closed-form linear equation>
azoarene_svr_rbf_c30_eps005_scale,ln(kobs),4,ar2_homo_hartree|ar1_bond_length_c_a|ar2_Ar_Ster_B5|ar1_Ar_NBO_OH,0.7330079670704543,0.2908437527812704,2.2891274079766255,LOOCV,ln(kobs) = <nonlinear model; no closed-form linear equation>
azoarene_svr_rbf_c30_eps005_scale,ln(kobs),4,ar2_homo_hartree|ar1_bond_length_c_a|ar2_sterimol_B5|ar1_nbo_q_a,0.7330079670704543,0.2908437527812704,2.2891274079766255,LOOCV,ln(kobs) = <nonlinear model; no closed-form linear equation>
azoarene_svr_rbf_c30_eps005_scale,ln(kobs),4,ar2_homo_hartree|ar1_bond_length_c_a|ar2_sterimol_B5|ar1_Ar_NBO_OH,0.7330079670704543,0.2908437527812704,2.2891274079766255,LOOCV,ln(kobs) = <nonlinear model; no closed-form linear equation>
azoarene_svr_rbf_c30_eps005_scale,ln(kobs),4,ar2_lumo_hartree|ar1_bond_length_c_e|ar2_Ar_Ster_B5|ar2_sterimol_B5,0.7273530481574335,0.29067976494013603,2.3132423655102565,LOOCV,ln(kobs) = <nonlinear model; no closed-form linear equation>
azoarene_svr_rbf_c30_eps005_scale,ln(kobs),4,ar2_Ar_LUMO|ar1_bond_length_c_e|ar2_Ar_Ster_B5|ar2_sterimol_B5,0.7273530481574335,0.29067976494013603,2.3132423655102565,LOOCV,ln(kobs) = <nonlinear model; no closed-form linear equation>
azoarene_svr_rbf_c30_eps005_scale,ln(kobs),4,ar2_Ar_HOMO|ar1_q_a|ar1_nbo_q_a|ar1_Ar_NBO_OH,0.8097122825556278,0.2904223838247828,1.9325297686505938,LOOCV,ln(kobs) = <nonlinear model; no closed-form linear equation>
azoarene_svr_rbf_c30_eps005_scale,ln(kobs),4,ar2_homo_hartree|ar1_q_a|ar1_nbo_q_a|ar1_Ar_NBO_OH,0.8097122825556278,0.2904223838247828,1.9325297686505938,LOOCV,ln(kobs) = <nonlinear model; no closed-form linear equation>
azoarene_svr_rbf_c30_eps005_scale,ln(kobs),5,rate kobs (s-1)|ar2_gap_hartree|ar1_bond_length_c_e|ar2_Ar_Ster_B5|ar2_sterimol_B5,0.7800637916444002,0.2899031653796921,2.077634656329145,LOOCV,ln(kobs) = <nonlinear model; no closed-form linear equation>
azoarene_svr_rbf_c30_eps005_scale,ln(kobs),3,ar2_gibbs_free_energy_hartree|rate kobs (s-1)|ar1_nbo_q_a,0.6590229690551296,0.2893515325703504,2.5869222524163127,LOOCV,ln(kobs) = <nonlinear model; no closed-form linear equation>
azoarene_svr_rbf_c30_eps005_scale,ln(kobs),3,ar2_gibbs_free_energy_hartree|rate kobs (s-1)|ar1_Ar_NBO_OH,0.6590229690551296,0.2893515325703504,2.5869222524163127,LOOCV,ln(kobs) = <nonlinear model; no closed-form linear equation>
azoarene_svr_rbf_c30_eps005_scale,ln(kobs),3,ar2_enthalpy_hartree|rate kobs (s-1)|ar1_nbo_q_a,0.6590192552354186,0.2893409265735307,2.5869363403691947,LOOCV,ln(kobs) = <nonlinear model; no closed-form linear equation>
azoarene_svr_rbf_c30_eps005_scale,ln(kobs),3,ar2_enthalpy_hartree|rate kobs (s-1)|ar1_Ar_NBO_OH,0.6590192552354186,0.2893409265735307,2.5869363403691947,LOOCV,ln(kobs) = <nonlinear model; no closed-form linear equation>
azoarene_svr_rbf_c30_eps005_scale,ln(kobs),3,ar2_scf_energy_hartree|rate kobs (s-1)|ar1_nbo_q_a,0.6590935314978799,0.2890347344112122,2.5866545672329755,LOOCV,ln(kobs) = <nonlinear model; no closed-form linear equation>
azoarene_svr_rbf_c30_eps005_scale,ln(kobs),3,ar2_scf_energy_hartree|rate kobs (s-1)|ar1_Ar_NBO_OH,0.6590935314978799,0.2890347344112122,2.5866545672329755,LOOCV,ln(kobs) = <nonlinear model; no closed-form linear equation>
azoarene_svr_rbf_c30_eps005_scale,ln(kobs),3,ar1_bond_length_c_a|ar2_Ar_Ster_B5|ar2_sterimol_B5,0.6374662236088494,0.2871779563398731,2.6674424091302464,LOOCV,ln(kobs) = <nonlinear model; no closed-form linear equation>
azoarene_svr_rbf_c30_eps005_scale,ln(kobs),4,ar2_Ar_HOMO|ar2_gap_hartree|ar2_Ar_Ster_B5|ar1_nbo_q_a,0.7016572716598847,0.2869487785366893,2.4197948198918446,LOOCV,ln(kobs) = <nonlinear model; no closed-form linear equation>
azoarene_svr_rbf_c30_eps005_scale,ln(kobs),4,ar2_Ar_HOMO|ar2_gap_hartree|ar2_Ar_Ster_B5|ar1_Ar_NBO_OH,0.7016572716598847,0.2869487785366893,2.4197948198918446,LOOCV,ln(kobs) = <nonlinear model; no closed-form linear equation>
azoarene_svr_rbf_c30_eps005_scale,ln(kobs),4,ar2_Ar_HOMO|ar2_gap_hartree|ar2_sterimol_B5|ar1_nbo_q_a,0.7016572716598847,0.2869487785366893,2.4197948198918446,LOOCV,ln(kobs) = <nonlinear model; no closed-form linear equation>
azoarene_svr_rbf_c30_eps005_scale,ln(kobs),4,ar2_Ar_HOMO|ar2_gap_hartree|ar2_sterimol_B5|ar1_Ar_NBO_OH,0.7016572716598847,0.2869487785366893,2.4197948198918446,LOOCV,ln(kobs) = <nonlinear model; no closed-form linear equation>
azoarene_svr_rbf_c30_eps005_scale,ln(kobs),4,ar2_homo_hartree|ar2_gap_hartree|ar2_Ar_Ster_B5|ar1_nbo_q_a,0.7016572716598847,0.2869487785366893,2.4197948198918446,LOOCV,ln(kobs) = <nonlinear model; no closed-form linear equation>
azoarene_svr_rbf_c30_eps005_scale,ln(kobs),4,ar2_homo_hartree|ar2_gap_hartree|ar2_Ar_Ster_B5|ar1_Ar_NBO_OH,0.7016572716598847,0.2869487785366893,2.4197948198918446,LOOCV,ln(kobs) = <nonlinear model; no closed-form linear equation>
azoarene_svr_rbf_c30_eps005_scale,ln(kobs),4,ar2_homo_hartree|ar2_gap_hartree|ar2_sterimol_B5|ar1_nbo_q_a,0.7016572716598847,0.2869487785366893,2.4197948198918446,LOOCV,ln(kobs) = <nonlinear model; no closed-form linear equation>
azoarene_svr_rbf_c30_eps005_scale,ln(kobs),4,ar2_homo_hartree|ar2_gap_hartree|ar2_sterimol_B5|ar1_Ar_NBO_OH,0.7016572716598847,0.2869487785366893,2.4197948198918446,LOOCV,ln(kobs) = <nonlinear model; no closed-form linear equation>
azoarene_svr_rbf_c30_eps005_scale,ln(kobs),4,ar2_Ar_HOMO|rate kobs (s-1)|ar1_bond_length_c_a|ar2_gap_hartree,0.8273223089657696,0.2866837527164612,1.8409370175191109,LOOCV,ln(kobs) = <nonlinear model; no closed-form linear equation>
azoarene_svr_rbf_c30_eps005_scale,ln(kobs),4,ar2_homo_hartree|rate kobs (s-1)|ar1_bond_length_c_a|ar2_gap_hartree,0.8273223089657696,0.2866837527164612,1.8409370175191109,LOOCV,ln(kobs) = <nonlinear model; no closed-form linear equation>
azoarene_svr_rbf_c30_eps005_scale,ln(kobs),3,ar2_Ar_polar|rate kobs (s-1)|ar2_Ar_Ster_B5,0.7030949487803719,0.2855392702244125,2.4139574313360987,LOOCV,ln(kobs) = <nonlinear model; no closed-form linear equation>
azoarene_svr_rbf_c30_eps005_scale,ln(kobs),3,ar2_Ar_polar|rate kobs (s-1)|ar2_sterimol_B5,0.7030949487803719,0.2855392702244125,2.4139574313360987,LOOCV,ln(kobs) = <nonlinear model; no closed-form linear equation>
azoarene_svr_rbf_c30_eps005_scale,ln(kobs),3,ar2_isotropic_polarizability_au|rate kobs (s-1)|ar2_Ar_Ster_B5,0.7030949487803719,0.2855392702244125,2.4139574313360987,LOOCV,ln(kobs) = <nonlinear model; no closed-form linear equation>
azoarene_svr_rbf_c30_eps005_scale,ln(kobs),3,ar2_isotropic_polarizability_au|rate kobs (s-1)|ar2_sterimol_B5,0.7030949487803719,0.2855392702244125,2.4139574313360987,LOOCV,ln(kobs) = <nonlinear model; no closed-form linear equation>
azoarene_svr_rbf_c30_eps005_scale,ln(kobs),3,ar1_bond_length_c_e|ar2_Ar_Ster_B5|ar2_sterimol_B5,0.6467318178528126,0.2855322171384327,2.633134697608549,LOOCV,ln(kobs) = <nonlinear model; no closed-form linear equation>
azoarene_svr_rbf_c30_eps005_scale,ln(kobs),5,ar2_Ar_HOMO|ar2_Ar_polar|ar2_gibbs_free_energy_hartree|rate kobs (s-1)|ar1_bond_length_c_e,0.821239630980311,0.2846715641272536,1.8730804691113305,LOOCV,ln(kobs) = <nonlinear model; no closed-form linear equation>
azoarene_svr_rbf_c30_eps005_scale,ln(kobs),5,ar2_Ar_HOMO|ar2_isotropic_polarizability_au|ar2_gibbs_free_energy_hartree|rate kobs (s-1)|ar1_bond_length_c_e,0.821239630980311,0.2846715641272536,1.8730804691113305,LOOCV,ln(kobs) = <nonlinear model; no closed-form linear equation>
azoarene_svr_rbf_c30_eps005_scale,ln(kobs),5,ar2_homo_hartree|ar2_Ar_polar|ar2_gibbs_free_energy_hartree|rate kobs (s-1)|ar1_bond_length_c_e,0.821239630980311,0.2846715641272536,1.8730804691113305,LOOCV,ln(kobs) = <nonlinear model; no closed-form linear equation>
azoarene_svr_rbf_c30_eps005_scale,ln(kobs),5,ar2_homo_hartree|ar2_isotropic_polarizability_au|ar2_gibbs_free_energy_hartree|rate kobs (s-1)|ar1_bond_length_c_e,0.821239630980311,0.2846715641272536,1.8730804691113305,LOOCV,ln(kobs) = <nonlinear model; no closed-form linear equation>
azoarene_svr_rbf_c30_eps005_scale,ln(kobs),5,ar2_Ar_HOMO|ar2_Ar_polar|ar2_enthalpy_hartree|rate kobs (s-1)|ar1_bond_length_c_e,0.8212520719641929,0.28466972162225224,1.873015288642318,LOOCV,ln(kobs) = <nonlinear model; no closed-form linear equation>
azoarene_svr_rbf_c30_eps005_scale,ln(kobs),5,ar2_Ar_HOMO|ar2_isotropic_polarizability_au|ar2_enthalpy_hartree|rate kobs (s-1)|ar1_bond_length_c_e,0.8212520719641929,0.28466972162225224,1.873015288642318,LOOCV,ln(kobs) = <nonlinear model; no closed-form linear equation>
azoarene_svr_rbf_c30_eps005_scale,ln(kobs),5,ar2_homo_hartree|ar2_Ar_polar|ar2_enthalpy_hartree|rate kobs (s-1)|ar1_bond_length_c_e,0.8212520719641929,0.28466972162225224,1.873015288642318,LOOCV,ln(kobs) = <nonlinear model; no closed-form linear equation>
azoarene_svr_rbf_c30_eps005_scale,ln(kobs),5,ar2_homo_hartree|ar2_isotropic_polarizability_au|ar2_enthalpy_hartree|rate kobs (s-1)|ar1_bond_length_c_e,0.8212520719641929,0.28466972162225224,1.873015288642318,LOOCV,ln(kobs) = <nonlinear model; no closed-form linear equation>
azoarene_svr_rbf_c30_eps005_scale,ln(kobs),5,ar2_Ar_HOMO|ar2_Ar_polar|ar2_scf_energy_hartree|rate kobs (s-1)|ar1_bond_length_c_e,0.8212346058234685,0.2846279614657735,1.8731067961351537,LOOCV,ln(kobs) = <nonlinear model; no closed-form linear equation>
azoarene_svr_rbf_c30_eps005_scale,ln(kobs),5,ar2_Ar_HOMO|ar2_isotropic_polarizability_au|ar2_scf_energy_hartree|rate kobs (s-1)|ar1_bond_length_c_e,0.8212346058234685,0.2846279614657735,1.8731067961351537,LOOCV,ln(kobs) = <nonlinear model; no closed-form linear equation>
azoarene_svr_rbf_c30_eps005_scale,ln(kobs),5,ar2_homo_hartree|ar2_Ar_polar|ar2_scf_energy_hartree|rate kobs (s-1)|ar1_bond_length_c_e,0.8212346058234685,0.2846279614657735,1.8731067961351537,LOOCV,ln(kobs) = <nonlinear model; no closed-form linear equation>
azoarene_svr_rbf_c30_eps005_scale,ln(kobs),5,ar2_homo_hartree|ar2_isotropic_polarizability_au|ar2_scf_energy_hartree|rate kobs (s-1)|ar1_bond_length_c_e,0.8212346058234685,0.2846279614657735,1.8731067961351537,LOOCV,ln(kobs) = <nonlinear model; no closed-form linear equation>
azoarene_svr_rbf_c30_eps005_scale,ln(kobs),5,ar2_Ar_HOMO|ar2_gap_hartree|ar1_bond_length_c_e|ar1_nbo_q_a|ar1_Ar_NBO_OH,0.7713259617991504,0.2836449191722308,2.1185037873055514,LOOCV,ln(kobs) = <nonlinear model; no closed-form linear equation>
azoarene_svr_rbf_c30_eps005_scale,ln(kobs),5,ar2_homo_hartree|ar2_gap_hartree|ar1_bond_length_c_e|ar1_nbo_q_a|ar1_Ar_NBO_OH,0.7713259617991504,0.2836449191722308,2.1185037873055514,LOOCV,ln(kobs) = <nonlinear model; no closed-form linear equation>
azoarene_svr_rbf_c30_eps005_scale,ln(kobs),4,ar2_Ar_HOMO|ar2_lumo_hartree|ar2_Ar_LUMO|ar1_nbo_q_a,0.7046603735422823,0.2835450841473426,2.407585254616817,LOOCV,ln(kobs) = <nonlinear model; no closed-form linear equation>
azoarene_svr_rbf_c30_eps005_scale,ln(kobs),4,ar2_Ar_HOMO|ar2_lumo_hartree|ar2_Ar_LUMO|ar1_Ar_NBO_OH,0.7046603735422823,0.2835450841473426,2.407585254616817,LOOCV,ln(kobs) = <nonlinear model; no closed-form linear equation>
azoarene_svr_rbf_c30_eps005_scale,ln(kobs),4,ar2_homo_hartree|ar2_lumo_hartree|ar2_Ar_LUMO|ar1_nbo_q_a,0.7046603735422823,0.2835450841473426,2.407585254616817,LOOCV,ln(kobs) = <nonlinear model; no closed-form linear equation>
azoarene_svr_rbf_c30_eps005_scale,ln(kobs),4,ar2_homo_hartree|ar2_lumo_hartree|ar2_Ar_LUMO|ar1_Ar_NBO_OH,0.7046603735422823,0.2835450841473426,2.407585254616817,LOOCV,ln(kobs) = <nonlinear model; no closed-form linear equation>
azoarene_svr_rbf_c30_eps005_scale,ln(kobs),4,ar2_Ar_HOMO|ar2_homo_hartree|ar2_Ar_polar|rate kobs (s-1),0.7870805479481642,0.28341090231580635,2.04422400624414,LOOCV,ln(kobs) = <nonlinear model; no closed-form linear equation>
azoarene_svr_rbf_c30_eps005_scale,ln(kobs),4,ar2_Ar_HOMO|ar2_homo_hartree|ar2_isotropic_polarizability_au|rate kobs (s-1),0.7870805479481642,0.28341090231580635,2.04422400624414,LOOCV,ln(kobs) = <nonlinear model; no closed-form linear equation>
azoarene_svr_rbf_c30_eps005_scale,ln(kobs),5,ar2_Ar_HOMO|ar2_scf_energy_hartree|ar2_enthalpy_hartree|rate kobs (s-1)|ar1_nbo_q_a,0.7739686455357508,0.2833285047025117,2.106226913559098,LOOCV,ln(kobs) = <nonlinear model; no closed-form linear equation>
azoarene_svr_rbf_c30_eps005_scale,ln(kobs),5,ar2_Ar_HOMO|ar2_scf_energy_hartree|ar2_enthalpy_hartree|rate kobs (s-1)|ar1_Ar_NBO_OH,0.7739686455357508,0.2833285047025117,2.106226913559098,LOOCV,ln(kobs) = <nonlinear model; no closed-form linear equation>
azoarene_svr_rbf_c30_eps005_scale,ln(kobs),5,ar2_homo_hartree|ar2_scf_energy_hartree|ar2_enthalpy_hartree|rate kobs (s-1)|ar1_nbo_q_a,0.7739686455357508,0.2833285047025117,2.106226913559098,LOOCV,ln(kobs) = <nonlinear model; no closed-form linear equation>
azoarene_svr_rbf_c30_eps005_scale,ln(kobs),5,ar2_homo_hartree|ar2_scf_energy_hartree|ar2_enthalpy_hartree|rate kobs (s-1)|ar1_Ar_NBO_OH,0.7739686455357508,0.2833285047025117,2.106226913559098,LOOCV,ln(kobs) = <nonlinear model; no closed-form linear equation>
azoarene_svr_rbf_c30_eps005_scale,ln(kobs),5,ar2_Ar_HOMO|ar2_scf_energy_hartree|ar2_gibbs_free_energy_hartree|rate kobs (s-1)|ar1_nbo_q_a,0.7739766969785021,0.2833134211514996,2.106189400364358,LOOCV,ln(kobs) = <nonlinear model; no closed-form linear equation>
azoarene_svr_rbf_c30_eps005_scale,ln(kobs),5,ar2_Ar_HOMO|ar2_scf_energy_hartree|ar2_gibbs_free_energy_hartree|rate kobs (s-1)|ar1_Ar_NBO_OH,0.7739766969785021,0.2833134211514996,2.106189400364358,LOOCV,ln(kobs) = <nonlinear model; no closed-form linear equation>
azoarene_svr_rbf_c30_eps005_scale,ln(kobs),5,ar2_homo_hartree|ar2_scf_energy_hartree|ar2_gibbs_free_energy_hartree|rate kobs (s-1)|ar1_nbo_q_a,0.7739766969785021,0.2833134211514996,2.106189400364358,LOOCV,ln(kobs) = <nonlinear model; no closed-form linear equation>
azoarene_svr_rbf_c30_eps005_scale,ln(kobs),5,ar2_homo_hartree|ar2_scf_energy_hartree|ar2_gibbs_free_energy_hartree|rate kobs (s-1)|ar1_Ar_NBO_OH,0.7739766969785021,0.2833134211514996,2.106189400364358,LOOCV,ln(kobs) = <nonlinear model; no closed-form linear equation>
azoarene_svr_rbf_c30_eps005_scale,ln(kobs),5,ar2_Ar_HOMO|ar2_gibbs_free_energy_hartree|ar2_enthalpy_hartree|rate kobs (s-1)|ar1_nbo_q_a,0.773974347102293,0.2832888405294516,2.106200348951149,LOOCV,ln(kobs) = <nonlinear model; no closed-form linear equation>
azoarene_svr_rbf_c30_eps005_scale,ln(kobs),5,ar2_Ar_HOMO|ar2_gibbs_free_energy_hartree|ar2_enthalpy_hartree|rate kobs (s-1)|ar1_Ar_NBO_OH,0.773974347102293,0.2832888405294516,2.106200348951149,LOOCV,ln(kobs) = <nonlinear model; no closed-form linear equation>
azoarene_svr_rbf_c30_eps005_scale,ln(kobs),5,ar2_homo_hartree|ar2_gibbs_free_energy_hartree|ar2_enthalpy_hartree|rate kobs (s-1)|ar1_nbo_q_a,0.773974347102293,0.2832888405294516,2.106200348951149,LOOCV,ln(kobs) = <nonlinear model; no closed-form linear equation>
azoarene_svr_rbf_c30_eps005_scale,ln(kobs),5,ar2_homo_hartree|ar2_gibbs_free_energy_hartree|ar2_enthalpy_hartree|rate kobs (s-1)|ar1_Ar_NBO_OH,0.773974347102293,0.2832888405294516,2.106200348951149,LOOCV,ln(kobs) = <nonlinear model; no closed-form linear equation>
azoarene_svr_rbf_c30_eps005_scale,ln(kobs),3,ar2_Ar_HOMO|ar2_Ar_Ster_B5|ar2_sterimol_B5,0.5900734874847058,0.2822923252198487,2.836441416036057,LOOCV,ln(kobs) = <nonlinear model; no closed-form linear equation>
azoarene_svr_rbf_c30_eps005_scale,ln(kobs),3,ar2_homo_hartree|ar2_Ar_Ster_B5|ar2_sterimol_B5,0.5900734874847058,0.2822923252198487,2.836441416036057,LOOCV,ln(kobs) = <nonlinear model; no closed-form linear equation>
azoarene_svr_rbf_c30_eps005_scale,ln(kobs),5,ar2_Ar_HOMO|ar2_homo_hartree|rate kobs (s-1)|ar2_lumo_hartree|ar1_nbo_q_a,0.7968312760526768,0.28159174230548756,1.9968674629746839,LOOCV,ln(kobs) = <nonlinear model; no closed-form linear equation>
azoarene_svr_rbf_c30_eps005_scale,ln(kobs),5,ar2_Ar_HOMO|ar2_homo_hartree|rate kobs (s-1)|ar2_lumo_hartree|ar1_Ar_NBO_OH,0.7968312760526768,0.28159174230548756,1.9968674629746839,LOOCV,ln(kobs) = <nonlinear model; no closed-form linear equation>
azoarene_svr_rbf_c30_eps005_scale,ln(kobs),5,ar2_Ar_HOMO|ar2_homo_hartree|rate kobs (s-1)|ar2_Ar_LUMO|ar1_nbo_q_a,0.7968312760526768,0.28159174230548756,1.9968674629746839,LOOCV,ln(kobs) = <nonlinear model; no closed-form linear equation>
azoarene_svr_rbf_c30_eps005_scale,ln(kobs),5,ar2_Ar_HOMO|ar2_homo_hartree|rate kobs (s-1)|ar2_Ar_LUMO|ar1_Ar_NBO_OH,0.7968312760526768,0.28159174230548756,1.9968674629746839,LOOCV,ln(kobs) = <nonlinear model; no closed-form linear equation>
azoarene_svr_rbf_c30_eps005_scale,ln(kobs),4,ar2_Ar_HOMO|ar2_lumo_hartree|ar2_gap_hartree|ar1_nbo_q_a,0.7047098140733992,0.28109768783333744,2.407383728534605,LOOCV,ln(kobs) = <nonlinear model; no closed-form linear equation>
azoarene_svr_rbf_c30_eps005_scale,ln(kobs),4,ar2_Ar_HOMO|ar2_lumo_hartree|ar2_gap_hartree|ar1_Ar_NBO_OH,0.7047098140733992,0.28109768783333744,2.407383728534605,LOOCV,ln(kobs) = <nonlinear model; no closed-form linear equation>
azoarene_svr_rbf_c30_eps005_scale,ln(kobs),4,ar2_Ar_HOMO|ar2_Ar_LUMO|ar2_gap_hartree|ar1_nbo_q_a,0.7047098140733992,0.28109768783333744,2.407383728534605,LOOCV,ln(kobs) = <nonlinear model; no closed-form linear equation>
azoarene_svr_rbf_c30_eps005_scale,ln(kobs),4,ar2_Ar_HOMO|ar2_Ar_LUMO|ar2_gap_hartree|ar1_Ar_NBO_OH,0.7047098140733992,0.28109768783333744,2.407383728534605,LOOCV,ln(kobs) = <nonlinear model; no closed-form linear equation>
azoarene_svr_rbf_c30_eps005_scale,ln(kobs),4,ar2_homo_hartree|ar2_lumo_hartree|ar2_gap_hartree|ar1_nbo_q_a,0.7047098140733992,0.28109768783333744,2.407383728534605,LOOCV,ln(kobs) = <nonlinear model; no closed-form linear equation>
azoarene_svr_rbf_c30_eps005_scale,ln(kobs),4,ar2_homo_hartree|ar2_lumo_hartree|ar2_gap_hartree|ar1_Ar_NBO_OH,0.7047098140733992,0.28109768783333744,2.407383728534605,LOOCV,ln(kobs) = <nonlinear model; no closed-form linear equation>
azoarene_svr_rbf_c30_eps005_scale,ln(kobs),4,ar2_homo_hartree|ar2_Ar_LUMO|ar2_gap_hartree|ar1_nbo_q_a,0.7047098140733992,0.28109768783333744,2.407383728534605,LOOCV,ln(kobs) = <nonlinear model; no closed-form linear equation>
azoarene_svr_rbf_c30_eps005_scale,ln(kobs),4,ar2_homo_hartree|ar2_Ar_LUMO|ar2_gap_hartree|ar1_Ar_NBO_OH,0.7047098140733992,0.28109768783333744,2.407383728534605,LOOCV,ln(kobs) = <nonlinear model; no closed-form linear equation>
azoarene_svr_rbf_c30_eps005_scale,ln(kobs),5,ar2_Ar_HOMO|ar2_homo_hartree|ar1_q_a|ar1_bond_length_c_e|ar1_nbo_q_a,0.8006717385644955,0.280580356139453,1.97790420413186,LOOCV,ln(kobs) = <nonlinear model; no closed-form linear equation>
azoarene_svr_rbf_c30_eps005_scale,ln(kobs),5,ar2_Ar_HOMO|ar2_homo_hartree|ar1_q_a|ar1_bond_length_c_e|ar1_Ar_NBO_OH,0.8006717385644955,0.280580356139453,1.97790420413186,LOOCV,ln(kobs) = <nonlinear model; no closed-form linear equation>
azoarene_svr_rbf_c30_eps005_scale,ln(kobs),3,ar2_Ar_polar|rate kobs (s-1)|ar1_bond_length_c_e,0.6406719236185348,0.2805711199102412,2.6556228107580377,LOOCV,ln(kobs) = <nonlinear model; no closed-form linear equation>
azoarene_svr_rbf_c30_eps005_scale,ln(kobs),3,ar2_isotropic_polarizability_au|rate kobs (s-1)|ar1_bond_length_c_e,0.6406719236185348,0.2805711199102412,2.6556228107580377,LOOCV,ln(kobs) = <nonlinear model; no closed-form linear equation>
azoarene_svr_rbf_c30_eps005_scale,ln(kobs),4,ar2_scf_energy_hartree|rate kobs (s-1)|ar1_bond_length_c_e|ar2_Ar_Ster_B5,0.7041186989009631,0.2794921719563239,2.4097920876042207,LOOCV,ln(kobs) = <nonlinear model; no closed-form linear equation>
azoarene_svr_rbf_c30_eps005_scale,ln(kobs),4,ar2_scf_energy_hartree|rate kobs (s-1)|ar1_bond_length_c_e|ar2_sterimol_B5,0.7041186989009631,0.2794921719563239,2.4097920876042207,LOOCV,ln(kobs) = <nonlinear model; no closed-form linear equation>
azoarene_svr_rbf_c30_eps005_scale,ln(kobs),4,ar2_gibbs_free_energy_hartree|rate kobs (s-1)|ar1_bond_length_c_e|ar2_Ar_Ster_B5,0.7041382052071972,0.27933593427989944,2.409712652173517,LOOCV,ln(kobs) = <nonlinear model; no closed-form linear equation>
azoarene_svr_rbf_c30_eps005_scale,ln(kobs),4,ar2_gibbs_free_energy_hartree|rate kobs (s-1)|ar1_bond_length_c_e|ar2_sterimol_B5,0.7041382052071972,0.27933593427989944,2.409712652173517,LOOCV,ln(kobs) = <nonlinear model; no closed-form linear equation>
azoarene_svr_rbf_c30_eps005_scale,ln(kobs),4,ar2_enthalpy_hartree|rate kobs (s-1)|ar1_bond_length_c_e|ar2_Ar_Ster_B5,0.7041649454888702,0.2793279113965871,2.4096037536063033,LOOCV,ln(kobs) = <nonlinear model; no closed-form linear equation>
azoarene_svr_rbf_c30_eps005_scale,ln(kobs),4,ar2_enthalpy_hartree|rate kobs (s-1)|ar1_bond_length_c_e|ar2_sterimol_B5,0.7041649454888702,0.2793279113965871,2.4096037536063033,LOOCV,ln(kobs) = <nonlinear model; no closed-form linear equation>
azoarene_svr_rbf_c30_eps005_scale,ln(kobs),5,ar2_Ar_HOMO|ar2_homo_hartree|ar2_Ar_polar|ar2_enthalpy_hartree|rate kobs (s-1),0.7792213343272808,0.2792598687560206,2.081610003548948,LOOCV,ln(kobs) = <nonlinear model; no closed-form linear equation>
azoarene_svr_rbf_c30_eps005_scale,ln(kobs),5,ar2_Ar_HOMO|ar2_homo_hartree|ar2_isotropic_polarizability_au|ar2_enthalpy_hartree|rate kobs (s-1),0.7792213343272808,0.2792598687560206,2.081610003548948,LOOCV,ln(kobs) = <nonlinear model; no closed-form linear equation>
azoarene_svr_rbf_c30_eps005_scale,ln(kobs),5,ar2_Ar_HOMO|ar2_homo_hartree|ar2_Ar_polar|ar2_gibbs_free_energy_hartree|rate kobs (s-1),0.7792198269131413,0.2792537340136906,2.081617109858307,LOOCV,ln(kobs) = <nonlinear model; no closed-form linear equation>
azoarene_svr_rbf_c30_eps005_scale,ln(kobs),5,ar2_Ar_HOMO|ar2_homo_hartree|ar2_isotropic_polarizability_au|ar2_gibbs_free_energy_hartree|rate kobs (s-1),0.7792198269131413,0.2792537340136906,2.081617109858307,LOOCV,ln(kobs) = <nonlinear model; no closed-form linear equation>
azoarene_svr_rbf_c30_eps005_scale,ln(kobs),5,ar2_Ar_HOMO|ar2_homo_hartree|ar2_Ar_polar|ar2_scf_energy_hartree|rate kobs (s-1),0.7792282502279642,0.27923008569904917,2.0815774000345995,LOOCV,ln(kobs) = <nonlinear model; no closed-form linear equation>
azoarene_svr_rbf_c30_eps005_scale,ln(kobs),5,ar2_Ar_HOMO|ar2_homo_hartree|ar2_isotropic_polarizability_au|ar2_scf_energy_hartree|rate kobs (s-1),0.7792282502279642,0.27923008569904917,2.0815774000345995,LOOCV,ln(kobs) = <nonlinear model; no closed-form linear equation>
azoarene_svr_rbf_c30_eps005_scale,ln(kobs),4,ar2_Ar_HOMO|ar2_Ar_polar|rate kobs (s-1)|ar2_Ar_Ster_B5,0.7826999635213192,0.27922233851222955,2.0651457780032456,LOOCV,ln(kobs) = <nonlinear model; no closed-form linear equation>
azoarene_svr_rbf_c30_eps005_scale,ln(kobs),4,ar2_Ar_HOMO|ar2_Ar_polar|rate kobs (s-1)|ar2_sterimol_B5,0.7826999635213192,0.27922233851222955,2.0651457780032456,LOOCV,ln(kobs) = <nonlinear model; no closed-form linear equation>
azoarene_svr_rbf_c30_eps005_scale,ln(kobs),4,ar2_Ar_HOMO|ar2_isotropic_polarizability_au|rate kobs (s-1)|ar2_Ar_Ster_B5,0.7826999635213192,0.27922233851222955,2.0651457780032456,LOOCV,ln(kobs) = <nonlinear model; no closed-form linear equation>
azoarene_svr_rbf_c30_eps005_scale,ln(kobs),4,ar2_Ar_HOMO|ar2_isotropic_polarizability_au|rate kobs (s-1)|ar2_sterimol_B5,0.7826999635213192,0.27922233851222955,2.0651457780032456,LOOCV,ln(kobs) = <nonlinear model; no closed-form linear equation>
azoarene_svr_rbf_c30_eps005_scale,ln(kobs),4,ar2_homo_hartree|ar2_Ar_polar|rate kobs (s-1)|ar2_Ar_Ster_B5,0.7826999635213192,0.27922233851222955,2.0651457780032456,LOOCV,ln(kobs) = <nonlinear model; no closed-form linear equation>
azoarene_svr_rbf_c30_eps005_scale,ln(kobs),4,ar2_homo_hartree|ar2_Ar_polar|rate kobs (s-1)|ar2_sterimol_B5,0.7826999635213192,0.27922233851222955,2.0651457780032456,LOOCV,ln(kobs) = <nonlinear model; no closed-form linear equation>
azoarene_svr_rbf_c30_eps005_scale,ln(kobs),4,ar2_homo_hartree|ar2_isotropic_polarizability_au|rate kobs (s-1)|ar2_Ar_Ster_B5,0.7826999635213192,0.27922233851222955,2.0651457780032456,LOOCV,ln(kobs) = <nonlinear model; no closed-form linear equation>
azoarene_svr_rbf_c30_eps005_scale,ln(kobs),4,ar2_homo_hartree|ar2_isotropic_polarizability_au|rate kobs (s-1)|ar2_sterimol_B5,0.7826999635213192,0.27922233851222955,2.0651457780032456,LOOCV,ln(kobs) = <nonlinear model; no closed-form linear equation>
azoarene_svr_rbf_c30_eps005_scale,ln(kobs),5,ar2_Ar_HOMO|ar2_scf_energy_hartree|rate kobs (s-1)|ar1_bond_length_c_e|ar2_Ar_Ster_B5,0.7971308509834586,0.2778570009768361,1.9953947163315486,LOOCV,ln(kobs) = <nonlinear model; no closed-form linear equation>
azoarene_svr_rbf_c30_eps005_scale,ln(kobs),5,ar2_Ar_HOMO|ar2_scf_energy_hartree|rate kobs (s-1)|ar1_bond_length_c_e|ar2_sterimol_B5,0.7971308509834586,0.2778570009768361,1.9953947163315486,LOOCV,ln(kobs) = <nonlinear model; no closed-form linear equation>
azoarene_svr_rbf_c30_eps005_scale,ln(kobs),5,ar2_homo_hartree|ar2_scf_energy_hartree|rate kobs (s-1)|ar1_bond_length_c_e|ar2_Ar_Ster_B5,0.7971308509834586,0.2778570009768361,1.9953947163315486,LOOCV,ln(kobs) = <nonlinear model; no closed-form linear equation>
azoarene_svr_rbf_c30_eps005_scale,ln(kobs),5,ar2_homo_hartree|ar2_scf_energy_hartree|rate kobs (s-1)|ar1_bond_length_c_e|ar2_sterimol_B5,0.7971308509834586,0.2778570009768361,1.9953947163315486,LOOCV,ln(kobs) = <nonlinear model; no closed-form linear equation>
azoarene_svr_rbf_c30_eps005_scale,ln(kobs),5,ar2_Ar_HOMO|ar2_enthalpy_hartree|rate kobs (s-1)|ar1_bond_length_c_e|ar2_Ar_Ster_B5,0.7971319797001992,0.2778020211729656,1.9953891653678757,LOOCV,ln(kobs) = <nonlinear model; no closed-form linear equation>
azoarene_svr_rbf_c30_eps005_scale,ln(kobs),5,ar2_Ar_HOMO|ar2_enthalpy_hartree|rate kobs (s-1)|ar1_bond_length_c_e|ar2_sterimol_B5,0.7971319797001992,0.2778020211729656,1.9953891653678757,LOOCV,ln(kobs) = <nonlinear model; no closed-form linear equation>
azoarene_svr_rbf_c30_eps005_scale,ln(kobs),5,ar2_homo_hartree|ar2_enthalpy_hartree|rate kobs (s-1)|ar1_bond_length_c_e|ar2_Ar_Ster_B5,0.7971319797001992,0.2778020211729656,1.9953891653678757,LOOCV,ln(kobs) = <nonlinear model; no closed-form linear equation>
azoarene_svr_rbf_c30_eps005_scale,ln(kobs),5,ar2_homo_hartree|ar2_enthalpy_hartree|rate kobs (s-1)|ar1_bond_length_c_e|ar2_sterimol_B5,0.7971319797001992,0.2778020211729656,1.9953891653678757,LOOCV,ln(kobs) = <nonlinear model; no closed-form linear equation>
azoarene_svr_rbf_c30_eps005_scale,ln(kobs),5,ar2_Ar_HOMO|ar2_gibbs_free_energy_hartree|rate kobs (s-1)|ar1_bond_length_c_e|ar2_Ar_Ster_B5,0.7971340483000209,0.2778020167932206,1.995378992073465,LOOCV,ln(kobs) = <nonlinear model; no closed-form linear equation>
azoarene_svr_rbf_c30_eps005_scale,ln(kobs),5,ar2_Ar_HOMO|ar2_gibbs_free_energy_hartree|rate kobs (s-1)|ar1_bond_length_c_e|ar2_sterimol_B5,0.7971340483000209,0.2778020167932206,1.995378992073465,LOOCV,ln(kobs) = <nonlinear model; no closed-form linear equation>
azoarene_svr_rbf_c30_eps005_scale,ln(kobs),5,ar2_homo_hartree|ar2_gibbs_free_energy_hartree|rate kobs (s-1)|ar1_bond_length_c_e|ar2_Ar_Ster_B5,0.7971340483000209,0.2778020167932206,1.995378992073465,LOOCV,ln(kobs) = <nonlinear model; no closed-form linear equation>
azoarene_svr_rbf_c30_eps005_scale,ln(kobs),5,ar2_homo_hartree|ar2_gibbs_free_energy_hartree|rate kobs (s-1)|ar1_bond_length_c_e|ar2_sterimol_B5,0.7971340483000209,0.2778020167932206,1.995378992073465,LOOCV,ln(kobs) = <nonlinear model; no closed-form linear equation>
azoarene_svr_rbf_c30_eps005_scale,ln(kobs),3,ar2_Ar_polar|ar2_isotropic_polarizability_au|ar1_nbo_q_a,0.4568446393775776,0.27764657437395723,3.264997471157115,LOOCV,ln(kobs) = <nonlinear model; no closed-form linear equation>
azoarene_svr_rbf_c30_eps005_scale,ln(kobs),3,ar2_Ar_polar|ar2_isotropic_polarizability_au|ar1_Ar_NBO_OH,0.4568446393775776,0.27764657437395723,3.264997471157115,LOOCV,ln(kobs) = <nonlinear model; no closed-form linear equation>
azoarene_svr_rbf_c30_eps005_scale,ln(kobs),4,ar2_Ar_HOMO|ar2_homo_hartree|ar1_bond_length_c_a|ar2_Ar_Ster_B5,0.7369316398794454,0.2771629121457485,2.2722448247744405,LOOCV,ln(kobs) = <nonlinear model; no closed-form linear equation>
azoarene_svr_rbf_c30_eps005_scale,ln(kobs),4,ar2_Ar_HOMO|ar2_homo_hartree|ar1_bond_length_c_a|ar2_sterimol_B5,0.7369316398794454,0.2771629121457485,2.2722448247744405,LOOCV,ln(kobs) = <nonlinear model; no closed-form linear equation>
azoarene_svr_rbf_c30_eps005_scale,ln(kobs),3,ar2_scf_energy_hartree|rate kobs (s-1)|ar1_bond_length_c_e,0.6530607506389804,0.27696821994868315,2.6094412981136723,LOOCV,ln(kobs) = <nonlinear model; no closed-form linear equation>
azoarene_svr_rbf_c30_eps005_scale,ln(kobs),3,ar2_gibbs_free_energy_hartree|rate kobs (s-1)|ar1_bond_length_c_e,0.6530007432835792,0.27671171097243386,2.609666955633541,LOOCV,ln(kobs) = <nonlinear model; no closed-form linear equation>
azoarene_svr_rbf_c30_eps005_scale,ln(kobs),3,ar2_enthalpy_hartree|rate kobs (s-1)|ar1_bond_length_c_e,0.6529955838360746,0.276689018558094,2.6096863568128685,LOOCV,ln(kobs) = <nonlinear model; no closed-form linear equation>
azoarene_svr_rbf_c30_eps005_scale,ln(kobs),4,ar2_Ar_HOMO|ar2_lumo_hartree|ar1_bond_length_c_e|ar2_Ar_Ster_B5,0.7543170646448735,0.27635368816428263,2.1958785192168855,LOOCV,ln(kobs) = <nonlinear model; no closed-form linear equation>
azoarene_svr_rbf_c30_eps005_scale,ln(kobs),4,ar2_Ar_HOMO|ar2_lumo_hartree|ar1_bond_length_c_e|ar2_sterimol_B5,0.7543170646448735,0.27635368816428263,2.1958785192168855,LOOCV,ln(kobs) = <nonlinear model; no closed-form linear equation>
azoarene_svr_rbf_c30_eps005_scale,ln(kobs),4,ar2_Ar_HOMO|ar2_Ar_LUMO|ar1_bond_length_c_e|ar2_Ar_Ster_B5,0.7543170646448735,0.27635368816428263,2.1958785192168855,LOOCV,ln(kobs) = <nonlinear model; no closed-form linear equation>
azoarene_svr_rbf_c30_eps005_scale,ln(kobs),4,ar2_Ar_HOMO|ar2_Ar_LUMO|ar1_bond_length_c_e|ar2_sterimol_B5,0.7543170646448735,0.27635368816428263,2.1958785192168855,LOOCV,ln(kobs) = <nonlinear model; no closed-form linear equation>
azoarene_svr_rbf_c30_eps005_scale,ln(kobs),4,ar2_homo_hartree|ar2_lumo_hartree|ar1_bond_length_c_e|ar2_Ar_Ster_B5,0.7543170646448735,0.27635368816428263,2.1958785192168855,LOOCV,ln(kobs) = <nonlinear model; no closed-form linear equation>
azoarene_svr_rbf_c30_eps005_scale,ln(kobs),4,ar2_homo_hartree|ar2_lumo_hartree|ar1_bond_length_c_e|ar2_sterimol_B5,0.7543170646448735,0.27635368816428263,2.1958785192168855,LOOCV,ln(kobs) = <nonlinear model; no closed-form linear equation>
azoarene_svr_rbf_c30_eps005_scale,ln(kobs),4,ar2_homo_hartree|ar2_Ar_LUMO|ar1_bond_length_c_e|ar2_Ar_Ster_B5,0.7543170646448735,0.27635368816428263,2.1958785192168855,LOOCV,ln(kobs) = <nonlinear model; no closed-form linear equation>
azoarene_svr_rbf_c30_eps005_scale,ln(kobs),4,ar2_homo_hartree|ar2_Ar_LUMO|ar1_bond_length_c_e|ar2_sterimol_B5,0.7543170646448735,0.27635368816428263,2.1958785192168855,LOOCV,ln(kobs) = <nonlinear model; no closed-form linear equation>
azoarene_svr_rbf_c30_eps005_scale,ln(kobs),3,ar2_Ar_HOMO|ar2_enthalpy_hartree|rate kobs (s-1),0.7976446783953928,0.27568723398271877,1.99286614423336,LOOCV,ln(kobs) = <nonlinear model; no closed-form linear equation>
azoarene_svr_rbf_c30_eps005_scale,ln(kobs),3,ar2_homo_hartree|ar2_enthalpy_hartree|rate kobs (s-1),0.7976446783953928,0.27568723398271877,1.99286614423336,LOOCV,ln(kobs) = <nonlinear model; no closed-form linear equation>
azoarene_svr_rbf_c30_eps005_scale,ln(kobs),3,ar2_Ar_HOMO|ar2_scf_energy_hartree|rate kobs (s-1),0.7976539286036393,0.2756845663887346,1.9928205940660306,LOOCV,ln(kobs) = <nonlinear model; no closed-form linear equation>
azoarene_svr_rbf_c30_eps005_scale,ln(kobs),3,ar2_homo_hartree|ar2_scf_energy_hartree|rate kobs (s-1),0.7976539286036393,0.2756845663887346,1.9928205940660306,LOOCV,ln(kobs) = <nonlinear model; no closed-form linear equation>
azoarene_svr_rbf_c30_eps005_scale,ln(kobs),3,ar2_Ar_HOMO|ar2_gibbs_free_energy_hartree|rate kobs (s-1),0.7976561722972245,0.2756797264113081,1.9928095454423844,LOOCV,ln(kobs) = <nonlinear model; no closed-form linear equation>
azoarene_svr_rbf_c30_eps005_scale,ln(kobs),3,ar2_homo_hartree|ar2_gibbs_free_energy_hartree|rate kobs (s-1),0.7976561722972245,0.2756797264113081,1.9928095454423844,LOOCV,ln(kobs) = <nonlinear model; no closed-form linear equation>
azoarene_svr_rbf_c30_eps005_scale,ln(kobs),5,ar2_Ar_HOMO|ar2_Ar_polar|ar1_q_a|ar1_bond_length_c_e|ar1_nbo_q_a,0.8037917389031842,0.2752707170630053,1.9623635054551893,LOOCV,ln(kobs) = <nonlinear model; no closed-form linear equation>
azoarene_svr_rbf_c30_eps005_scale,ln(kobs),5,ar2_Ar_HOMO|ar2_Ar_polar|ar1_q_a|ar1_bond_length_c_e|ar1_Ar_NBO_OH,0.8037917389031842,0.2752707170630053,1.9623635054551893,LOOCV,ln(kobs) = <nonlinear model; no closed-form linear equation>
azoarene_svr_rbf_c30_eps005_scale,ln(kobs),5,ar2_Ar_HOMO|ar2_isotropic_polarizability_au|ar1_q_a|ar1_bond_length_c_e|ar1_nbo_q_a,0.8037917389031842,0.2752707170630053,1.9623635054551893,LOOCV,ln(kobs) = <nonlinear model; no closed-form linear equation>
azoarene_svr_rbf_c30_eps005_scale,ln(kobs),5,ar2_Ar_HOMO|ar2_isotropic_polarizability_au|ar1_q_a|ar1_bond_length_c_e|ar1_Ar_NBO_OH,0.8037917389031842,0.2752707170630053,1.9623635054551893,LOOCV,ln(kobs) = <nonlinear model; no closed-form linear equation>
azoarene_svr_rbf_c30_eps005_scale,ln(kobs),5,ar2_homo_hartree|ar2_Ar_polar|ar1_q_a|ar1_bond_length_c_e|ar1_nbo_q_a,0.8037917389031842,0.2752707170630053,1.9623635054551893,LOOCV,ln(kobs) = <nonlinear model; no closed-form linear equation>
azoarene_svr_rbf_c30_eps005_scale,ln(kobs),5,ar2_homo_hartree|ar2_Ar_polar|ar1_q_a|ar1_bond_length_c_e|ar1_Ar_NBO_OH,0.8037917389031842,0.2752707170630053,1.9623635054551893,LOOCV,ln(kobs) = <nonlinear model; no closed-form linear equation>
azoarene_svr_rbf_c30_eps005_scale,ln(kobs),5,ar2_homo_hartree|ar2_isotropic_polarizability_au|ar1_q_a|ar1_bond_length_c_e|ar1_nbo_q_a,0.8037917389031842,0.2752707170630053,1.9623635054551893,LOOCV,ln(kobs) = <nonlinear model; no closed-form linear equation>
azoarene_svr_rbf_c30_eps005_scale,ln(kobs),5,ar2_homo_hartree|ar2_isotropic_polarizability_au|ar1_q_a|ar1_bond_length_c_e|ar1_Ar_NBO_OH,0.8037917389031842,0.2752707170630053,1.9623635054551893,LOOCV,ln(kobs) = <nonlinear model; no closed-form linear equation>
azoarene_svr_rbf_c30_eps005_scale,ln(kobs),4,ar2_gap_hartree|ar1_bond_length_c_e|ar2_Ar_Ster_B5|ar2_sterimol_B5,0.7264094009563505,0.2750933922504707,2.31724204193654,LOOCV,ln(kobs) = <nonlinear model; no closed-form linear equation>
azoarene_svr_rbf_c30_eps005_scale,ln(kobs),5,ar2_Ar_HOMO|ar2_Ar_polar|ar2_enthalpy_hartree|rate kobs (s-1)|ar1_bond_length_c_a,0.8236919730432855,0.2743563716195634,1.8601880788279883,LOOCV,ln(kobs) = <nonlinear model; no closed-form linear equation>
azoarene_svr_rbf_c30_eps005_scale,ln(kobs),5,ar2_Ar_HOMO|ar2_isotropic_polarizability_au|ar2_enthalpy_hartree|rate kobs (s-1)|ar1_bond_length_c_a,0.8236919730432855,0.2743563716195634,1.8601880788279883,LOOCV,ln(kobs) = <nonlinear model; no closed-form linear equation>
azoarene_svr_rbf_c30_eps005_scale,ln(kobs),5,ar2_homo_hartree|ar2_Ar_polar|ar2_enthalpy_hartree|rate kobs (s-1)|ar1_bond_length_c_a,0.8236919730432855,0.2743563716195634,1.8601880788279883,LOOCV,ln(kobs) = <nonlinear model; no closed-form linear equation>
azoarene_svr_rbf_c30_eps005_scale,ln(kobs),5,ar2_homo_hartree|ar2_isotropic_polarizability_au|ar2_enthalpy_hartree|rate kobs (s-1)|ar1_bond_length_c_a,0.8236919730432855,0.2743563716195634,1.8601880788279883,LOOCV,ln(kobs) = <nonlinear model; no closed-form linear equation>
azoarene_svr_rbf_c30_eps005_scale,ln(kobs),5,ar2_Ar_HOMO|ar2_Ar_polar|ar2_gibbs_free_energy_hartree|rate kobs (s-1)|ar1_bond_length_c_a,0.8236957458596742,0.2743499151371095,1.8601681756343083,LOOCV,ln(kobs) = <nonlinear model; no closed-form linear equation>
azoarene_svr_rbf_c30_eps005_scale,ln(kobs),5,ar2_Ar_HOMO|ar2_isotropic_polarizability_au|ar2_gibbs_free_energy_hartree|rate kobs (s-1)|ar1_bond_length_c_a,0.8236957458596742,0.2743499151371095,1.8601681756343083,LOOCV,ln(kobs) = <nonlinear model; no closed-form linear equation>
azoarene_svr_rbf_c30_eps005_scale,ln(kobs),5,ar2_homo_hartree|ar2_Ar_polar|ar2_gibbs_free_energy_hartree|rate kobs (s-1)|ar1_bond_length_c_a,0.8236957458596742,0.2743499151371095,1.8601681756343083,LOOCV,ln(kobs) = <nonlinear model; no closed-form linear equation>
azoarene_svr_rbf_c30_eps005_scale,ln(kobs),5,ar2_homo_hartree|ar2_isotropic_polarizability_au|ar2_gibbs_free_energy_hartree|rate kobs (s-1)|ar1_bond_length_c_a,0.8236957458596742,0.2743499151371095,1.8601681756343083,LOOCV,ln(kobs) = <nonlinear model; no closed-form linear equation>
azoarene_svr_rbf_c30_eps005_scale,ln(kobs),5,ar2_Ar_HOMO|ar2_Ar_polar|ar2_scf_energy_hartree|rate kobs (s-1)|ar1_bond_length_c_a,0.8236980136859194,0.2743115480843672,1.8601562117943093,LOOCV,ln(kobs) = <nonlinear model; no closed-form linear equation>
azoarene_svr_rbf_c30_eps005_scale,ln(kobs),5,ar2_Ar_HOMO|ar2_isotropic_polarizability_au|ar2_scf_energy_hartree|rate kobs (s-1)|ar1_bond_length_c_a,0.8236980136859194,0.2743115480843672,1.8601562117943093,LOOCV,ln(kobs) = <nonlinear model; no closed-form linear equation>
azoarene_svr_rbf_c30_eps005_scale,ln(kobs),5,ar2_homo_hartree|ar2_Ar_polar|ar2_scf_energy_hartree|rate kobs (s-1)|ar1_bond_length_c_a,0.8236980136859194,0.2743115480843672,1.8601562117943093,LOOCV,ln(kobs) = <nonlinear model; no closed-form linear equation>
azoarene_svr_rbf_c30_eps005_scale,ln(kobs),5,ar2_homo_hartree|ar2_isotropic_polarizability_au|ar2_scf_energy_hartree|rate kobs (s-1)|ar1_bond_length_c_a,0.8236980136859194,0.2743115480843672,1.8601562117943093,LOOCV,ln(kobs) = <nonlinear model; no closed-form linear equation>
azoarene_svr_rbf_c30_eps005_scale,ln(kobs),5,ar2_Ar_HOMO|ar2_homo_hartree|rate kobs (s-1)|ar2_gap_hartree|ar1_nbo_q_a,0.797464419018016,0.2742463340787431,1.9937535754148468,LOOCV,ln(kobs) = <nonlinear model; no closed-form linear equation>
azoarene_svr_rbf_c30_eps005_scale,ln(kobs),5,ar2_Ar_HOMO|ar2_homo_hartree|rate kobs (s-1)|ar2_gap_hartree|ar1_Ar_NBO_OH,0.797464419018016,0.2742463340787431,1.9937535754148468,LOOCV,ln(kobs) = <nonlinear model; no closed-form linear equation>
azoarene_svr_rbf_c30_eps005_scale,ln(kobs),5,ar2_Ar_HOMO|rate kobs (s-1)|ar2_lumo_hartree|ar2_Ar_LUMO|ar1_bond_length_c_e,0.8246899769587704,0.2736102958813842,1.8549157447857199,LOOCV,ln(kobs) = <nonlinear model; no closed-form linear equation>
azoarene_svr_rbf_c30_eps005_scale,ln(kobs),5,ar2_homo_hartree|rate kobs (s-1)|ar2_lumo_hartree|ar2_Ar_LUMO|ar1_bond_length_c_e,0.8246899769587704,0.2736102958813842,1.8549157447857199,LOOCV,ln(kobs) = <nonlinear model; no closed-form linear equation>
azoarene_svr_rbf_c30_eps005_scale,ln(kobs),4,ar2_Ar_HOMO|ar2_scf_energy_hartree|rate kobs (s-1)|ar1_bond_length_c_a,0.7972745252206206,0.2731878176317747,1.9946880105761566,LOOCV,ln(kobs) = <nonlinear model; no closed-form linear equation>
azoarene_svr_rbf_c30_eps005_scale,ln(kobs),4,ar2_homo_hartree|ar2_scf_energy_hartree|rate kobs (s-1)|ar1_bond_length_c_a,0.7972745252206206,0.2731878176317747,1.9946880105761566,LOOCV,ln(kobs) = <nonlinear model; no closed-form linear equation>
azoarene_svr_rbf_c30_eps005_scale,ln(kobs),4,ar2_Ar_HOMO|ar2_enthalpy_hartree|rate kobs (s-1)|ar1_bond_length_c_a,0.7972630670192269,0.2731780382665323,1.9947443804379696,LOOCV,ln(kobs) = <nonlinear model; no closed-form linear equation>
azoarene_svr_rbf_c30_eps005_scale,ln(kobs),4,ar2_homo_hartree|ar2_enthalpy_hartree|rate kobs (s-1)|ar1_bond_length_c_a,0.7972630670192269,0.2731780382665323,1.9947443804379696,LOOCV,ln(kobs) = <nonlinear model; no closed-form linear equation>
azoarene_svr_rbf_c30_eps005_scale,ln(kobs),4,ar2_Ar_HOMO|ar2_gibbs_free_energy_hartree|rate kobs (s-1)|ar1_bond_length_c_a,0.7972605335445561,0.27314959108751735,1.994756843925753,LOOCV,ln(kobs) = <nonlinear model; no closed-form linear equation>
azoarene_svr_rbf_c30_eps005_scale,ln(kobs),4,ar2_homo_hartree|ar2_gibbs_free_energy_hartree|rate kobs (s-1)|ar1_bond_length_c_a,0.7972605335445561,0.27314959108751735,1.994756843925753,LOOCV,ln(kobs) = <nonlinear model; no closed-form linear equation>
azoarene_svr_rbf_c30_eps005_scale,ln(kobs),5,ar2_Ar_HOMO|ar2_scf_energy_hartree|rate kobs (s-1)|ar1_bond_length_c_a|ar1_nbo_q_a,0.786043010669634,0.2728102594596259,2.0491986129744615,LOOCV,ln(kobs) = <nonlinear model; no closed-form linear equation>
azoarene_svr_rbf_c30_eps005_scale,ln(kobs),5,ar2_Ar_HOMO|ar2_scf_energy_hartree|rate kobs (s-1)|ar1_bond_length_c_a|ar1_Ar_NBO_OH,0.786043010669634,0.2728102594596259,2.0491986129744615,LOOCV,ln(kobs) = <nonlinear model; no closed-form linear equation>
azoarene_svr_rbf_c30_eps005_scale,ln(kobs),5,ar2_homo_hartree|ar2_scf_energy_hartree|rate kobs (s-1)|ar1_bond_length_c_a|ar1_nbo_q_a,0.786043010669634,0.2728102594596259,2.0491986129744615,LOOCV,ln(kobs) = <nonlinear model; no closed-form linear equation>
azoarene_svr_rbf_c30_eps005_scale,ln(kobs),5,ar2_homo_hartree|ar2_scf_energy_hartree|rate kobs (s-1)|ar1_bond_length_c_a|ar1_Ar_NBO_OH,0.786043010669634,0.2728102594596259,2.0491986129744615,LOOCV,ln(kobs) = <nonlinear model; no closed-form linear equation>
azoarene_svr_rbf_c30_eps005_scale,ln(kobs),5,ar2_Ar_HOMO|ar2_enthalpy_hartree|rate kobs (s-1)|ar1_bond_length_c_a|ar1_nbo_q_a,0.7860368125044799,0.27279570007941123,2.049228294592929,LOOCV,ln(kobs) = <nonlinear model; no closed-form linear equation>
azoarene_svr_rbf_c30_eps005_scale,ln(kobs),5,ar2_Ar_HOMO|ar2_enthalpy_hartree|rate kobs (s-1)|ar1_bond_length_c_a|ar1_Ar_NBO_OH,0.7860368125044799,0.27279570007941123,2.049228294592929,LOOCV,ln(kobs) = <nonlinear model; no closed-form linear equation>
azoarene_svr_rbf_c30_eps005_scale,ln(kobs),5,ar2_homo_hartree|ar2_enthalpy_hartree|rate kobs (s-1)|ar1_bond_length_c_a|ar1_nbo_q_a,0.7860368125044799,0.27279570007941123,2.049228294592929,LOOCV,ln(kobs) = <nonlinear model; no closed-form linear equation>
azoarene_svr_rbf_c30_eps005_scale,ln(kobs),5,ar2_homo_hartree|ar2_enthalpy_hartree|rate kobs (s-1)|ar1_bond_length_c_a|ar1_Ar_NBO_OH,0.7860368125044799,0.27279570007941123,2.049228294592929,LOOCV,ln(kobs) = <nonlinear model; no closed-form linear equation>
azoarene_svr_rbf_c30_eps005_scale,ln(kobs),5,ar2_Ar_HOMO|ar2_gibbs_free_energy_hartree|rate kobs (s-1)|ar1_bond_length_c_a|ar1_nbo_q_a,0.7860337238502141,0.2727719548385039,2.0492430853028316,LOOCV,ln(kobs) = <nonlinear model; no closed-form linear equation>
azoarene_svr_rbf_c30_eps005_scale,ln(kobs),5,ar2_Ar_HOMO|ar2_gibbs_free_energy_hartree|rate kobs (s-1)|ar1_bond_length_c_a|ar1_Ar_NBO_OH,0.7860337238502141,0.2727719548385039,2.0492430853028316,LOOCV,ln(kobs) = <nonlinear model; no closed-form linear equation>
azoarene_svr_rbf_c30_eps005_scale,ln(kobs),5,ar2_homo_hartree|ar2_gibbs_free_energy_hartree|rate kobs (s-1)|ar1_bond_length_c_a|ar1_nbo_q_a,0.7860337238502141,0.2727719548385039,2.0492430853028316,LOOCV,ln(kobs) = <nonlinear model; no closed-form linear equation>
azoarene_svr_rbf_c30_eps005_scale,ln(kobs),5,ar2_homo_hartree|ar2_gibbs_free_energy_hartree|rate kobs (s-1)|ar1_bond_length_c_a|ar1_Ar_NBO_OH,0.7860337238502141,0.2727719548385039,2.0492430853028316,LOOCV,ln(kobs) = <nonlinear model; no closed-form linear equation>
azoarene_svr_rbf_c30_eps005_scale,ln(kobs),5,ar2_Ar_HOMO|rate kobs (s-1)|ar1_bond_length_c_a|ar2_lumo_hartree|ar1_nbo_q_a,0.8156029126882574,0.2724044226334318,1.9023825014787488,LOOCV,ln(kobs) = <nonlinear model; no closed-form linear equation>
azoarene_svr_rbf_c30_eps005_scale,ln(kobs),5,ar2_Ar_HOMO|rate kobs (s-1)|ar1_bond_length_c_a|ar2_lumo_hartree|ar1_Ar_NBO_OH,0.8156029126882574,0.2724044226334318,1.9023825014787488,LOOCV,ln(kobs) = <nonlinear model; no closed-form linear equation>
azoarene_svr_rbf_c30_eps005_scale,ln(kobs),5,ar2_Ar_HOMO|rate kobs (s-1)|ar1_bond_length_c_a|ar2_Ar_LUMO|ar1_nbo_q_a,0.8156029126882574,0.2724044226334318,1.9023825014787488,LOOCV,ln(kobs) = <nonlinear model; no closed-form linear equation>
azoarene_svr_rbf_c30_eps005_scale,ln(kobs),5,ar2_Ar_HOMO|rate kobs (s-1)|ar1_bond_length_c_a|ar2_Ar_LUMO|ar1_Ar_NBO_OH,0.8156029126882574,0.2724044226334318,1.9023825014787488,LOOCV,ln(kobs) = <nonlinear model; no closed-form linear equation>
azoarene_svr_rbf_c30_eps005_scale,ln(kobs),5,ar2_homo_hartree|rate kobs (s-1)|ar1_bond_length_c_a|ar2_lumo_hartree|ar1_nbo_q_a,0.8156029126882574,0.2724044226334318,1.9023825014787488,LOOCV,ln(kobs) = <nonlinear model; no closed-form linear equation>
azoarene_svr_rbf_c30_eps005_scale,ln(kobs),5,ar2_homo_hartree|rate kobs (s-1)|ar1_bond_length_c_a|ar2_lumo_hartree|ar1_Ar_NBO_OH,0.8156029126882574,0.2724044226334318,1.9023825014787488,LOOCV,ln(kobs) = <nonlinear model; no closed-form linear equation>
azoarene_svr_rbf_c30_eps005_scale,ln(kobs),5,ar2_homo_hartree|rate kobs (s-1)|ar1_bond_length_c_a|ar2_Ar_LUMO|ar1_nbo_q_a,0.8156029126882574,0.2724044226334318,1.9023825014787488,LOOCV,ln(kobs) = <nonlinear model; no closed-form linear equation>
azoarene_svr_rbf_c30_eps005_scale,ln(kobs),5,ar2_homo_hartree|rate kobs (s-1)|ar1_bond_length_c_a|ar2_Ar_LUMO|ar1_Ar_NBO_OH,0.8156029126882574,0.2724044226334318,1.9023825014787488,LOOCV,ln(kobs) = <nonlinear model; no closed-form linear equation>
azoarene_svr_rbf_c30_eps005_scale,ln(kobs),5,rate kobs (s-1)|ar1_bond_length_c_a|ar2_gap_hartree|ar2_Ar_Ster_B5|ar2_sterimol_B5,0.7718178256667774,0.27217371836803284,2.1162241747926545,LOOCV,ln(kobs) = <nonlinear model; no closed-form linear equation>
azoarene_svr_rbf_c30_eps005_scale,ln(kobs),4,ar2_Ar_HOMO|ar2_Ar_polar|ar2_gibbs_free_energy_hartree|rate kobs (s-1),0.7930139377253099,0.27169648017744974,2.0155397399036663,LOOCV,ln(kobs) = <nonlinear model; no closed-form linear equation>
azoarene_svr_rbf_c30_eps005_scale,ln(kobs),4,ar2_Ar_HOMO|ar2_isotropic_polarizability_au|ar2_gibbs_free_energy_hartree|rate kobs (s-1),0.7930139377253099,0.27169648017744974,2.0155397399036663,LOOCV,ln(kobs) = <nonlinear model; no closed-form linear equation>
azoarene_svr_rbf_c30_eps005_scale,ln(kobs),4,ar2_homo_hartree|ar2_Ar_polar|ar2_gibbs_free_energy_hartree|rate kobs (s-1),0.7930139377253099,0.27169648017744974,2.0155397399036663,LOOCV,ln(kobs) = <nonlinear model; no closed-form linear equation>
azoarene_svr_rbf_c30_eps005_scale,ln(kobs),4,ar2_homo_hartree|ar2_isotropic_polarizability_au|ar2_gibbs_free_energy_hartree|rate kobs (s-1),0.7930139377253099,0.27169648017744974,2.0155397399036663,LOOCV,ln(kobs) = <nonlinear model; no closed-form linear equation>
azoarene_svr_rbf_c30_eps005_scale,ln(kobs),4,ar2_Ar_HOMO|ar2_Ar_polar|ar2_enthalpy_hartree|rate kobs (s-1),0.7930006187181957,0.2716792185869009,2.015604586193321,LOOCV,ln(kobs) = <nonlinear model; no closed-form linear equation>
azoarene_svr_rbf_c30_eps005_scale,ln(kobs),4,ar2_Ar_HOMO|ar2_isotropic_polarizability_au|ar2_enthalpy_hartree|rate kobs (s-1),0.7930006187181957,0.2716792185869009,2.015604586193321,LOOCV,ln(kobs) = <nonlinear model; no closed-form linear equation>
azoarene_svr_rbf_c30_eps005_scale,ln(kobs),4,ar2_homo_hartree|ar2_Ar_polar|ar2_enthalpy_hartree|rate kobs (s-1),0.7930006187181957,0.2716792185869009,2.015604586193321,LOOCV,ln(kobs) = <nonlinear model; no closed-form linear equation>
azoarene_svr_rbf_c30_eps005_scale,ln(kobs),4,ar2_homo_hartree|ar2_isotropic_polarizability_au|ar2_enthalpy_hartree|rate kobs (s-1),0.7930006187181957,0.2716792185869009,2.015604586193321,LOOCV,ln(kobs) = <nonlinear model; no closed-form linear equation>
azoarene_svr_rbf_c30_eps005_scale,ln(kobs),4,ar2_Ar_HOMO|ar2_Ar_polar|ar2_scf_energy_hartree|rate kobs (s-1),0.7930091305439925,0.27161623035589466,2.0155631448822917,LOOCV,ln(kobs) = <nonlinear model; no closed-form linear equation>
azoarene_svr_rbf_c30_eps005_scale,ln(kobs),4,ar2_Ar_HOMO|ar2_isotropic_polarizability_au|ar2_scf_energy_hartree|rate kobs (s-1),0.7930091305439925,0.27161623035589466,2.0155631448822917,LOOCV,ln(kobs) = <nonlinear model; no closed-form linear equation>
azoarene_svr_rbf_c30_eps005_scale,ln(kobs),4,ar2_homo_hartree|ar2_Ar_polar|ar2_scf_energy_hartree|rate kobs (s-1),0.7930091305439925,0.27161623035589466,2.0155631448822917,LOOCV,ln(kobs) = <nonlinear model; no closed-form linear equation>
azoarene_svr_rbf_c30_eps005_scale,ln(kobs),4,ar2_homo_hartree|ar2_isotropic_polarizability_au|ar2_scf_energy_hartree|rate kobs (s-1),0.7930091305439925,0.27161623035589466,2.0155631448822917,LOOCV,ln(kobs) = <nonlinear model; no closed-form linear equation>
azoarene_svr_rbf_c30_eps005_scale,ln(kobs),4,ar2_Ar_HOMO|ar2_gap_hartree|ar1_bond_length_c_e|ar2_Ar_Ster_B5,0.7543379172125939,0.27085060967754726,2.195785328623258,LOOCV,ln(kobs) = <nonlinear model; no closed-form linear equation>
azoarene_svr_rbf_c30_eps005_scale,ln(kobs),4,ar2_Ar_HOMO|ar2_gap_hartree|ar1_bond_length_c_e|ar2_sterimol_B5,0.7543379172125939,0.27085060967754726,2.195785328623258,LOOCV,ln(kobs) = <nonlinear model; no closed-form linear equation>
azoarene_svr_rbf_c30_eps005_scale,ln(kobs),4,ar2_homo_hartree|ar2_gap_hartree|ar1_bond_length_c_e|ar2_Ar_Ster_B5,0.7543379172125939,0.27085060967754726,2.195785328623258,LOOCV,ln(kobs) = <nonlinear model; no closed-form linear equation>
azoarene_svr_rbf_c30_eps005_scale,ln(kobs),4,ar2_homo_hartree|ar2_gap_hartree|ar1_bond_length_c_e|ar2_sterimol_B5,0.7543379172125939,0.27085060967754726,2.195785328623258,LOOCV,ln(kobs) = <nonlinear model; no closed-form linear equation>
azoarene_svr_rbf_c30_eps005_scale,ln(kobs),3,ar2_Ar_polar|ar2_gibbs_free_energy_hartree|rate kobs (s-1),0.6352365051000703,0.27067942969543424,2.675632720006661,LOOCV,ln(kobs) = <nonlinear model; no closed-form linear equation>
azoarene_svr_rbf_c30_eps005_scale,ln(kobs),3,ar2_isotropic_polarizability_au|ar2_gibbs_free_energy_hartree|rate kobs (s-1),0.6352365051000703,0.27067942969543424,2.675632720006661,LOOCV,ln(kobs) = <nonlinear model; no closed-form linear equation>
azoarene_svr_rbf_c30_eps005_scale,ln(kobs),3,ar2_Ar_polar|ar2_enthalpy_hartree|rate kobs (s-1),0.6352412931565475,0.27065503352530107,2.6756151591449027,LOOCV,ln(kobs) = <nonlinear model; no closed-form linear equation>
azoarene_svr_rbf_c30_eps005_scale,ln(kobs),3,ar2_isotropic_polarizability_au|ar2_enthalpy_hartree|rate kobs (s-1),0.6352412931565475,0.27065503352530107,2.6756151591449027,LOOCV,ln(kobs) = <nonlinear model; no closed-form linear equation>
azoarene_svr_rbf_c30_eps005_scale,ln(kobs),3,ar2_Ar_polar|ar2_scf_energy_hartree|rate kobs (s-1),0.6352190165420062,0.2706150605119789,2.675696860741656,LOOCV,ln(kobs) = <nonlinear model; no closed-form linear equation>
azoarene_svr_rbf_c30_eps005_scale,ln(kobs),3,ar2_isotropic_polarizability_au|ar2_scf_energy_hartree|rate kobs (s-1),0.6352190165420062,0.2706150605119789,2.675696860741656,LOOCV,ln(kobs) = <nonlinear model; no closed-form linear equation>
azoarene_svr_rbf_c30_eps005_scale,ln(kobs),3,ar2_Ar_polar|ar2_isotropic_polarizability_au|rate kobs (s-1),0.6286659192981492,0.27025771139430554,2.69962361993247,LOOCV,ln(kobs) = <nonlinear model; no closed-form linear equation>
azoarene_svr_rbf_c30_eps005_scale,ln(kobs),3,ar2_Ar_HOMO|ar2_lumo_hartree|ar1_nbo_q_a,0.7058641987655778,0.2679016157361248,2.402673500381216,LOOCV,ln(kobs) = <nonlinear model; no closed-form linear equation>
azoarene_svr_rbf_c30_eps005_scale,ln(kobs),3,ar2_Ar_HOMO|ar2_lumo_hartree|ar1_Ar_NBO_OH,0.7058641987655778,0.2679016157361248,2.402673500381216,LOOCV,ln(kobs) = <nonlinear model; no closed-form linear equation>
azoarene_svr_rbf_c30_eps005_scale,ln(kobs),3,ar2_Ar_HOMO|ar2_Ar_LUMO|ar1_nbo_q_a,0.7058641987655778,0.2679016157361248,2.402673500381216,LOOCV,ln(kobs) = <nonlinear model; no closed-form linear equation>
azoarene_svr_rbf_c30_eps005_scale,ln(kobs),3,ar2_Ar_HOMO|ar2_Ar_LUMO|ar1_Ar_NBO_OH,0.7058641987655778,0.2679016157361248,2.402673500381216,LOOCV,ln(kobs) = <nonlinear model; no closed-form linear equation>
azoarene_svr_rbf_c30_eps005_scale,ln(kobs),3,ar2_homo_hartree|ar2_lumo_hartree|ar1_nbo_q_a,0.7058641987655778,0.2679016157361248,2.402673500381216,LOOCV,ln(kobs) = <nonlinear model; no closed-form linear equation>
azoarene_svr_rbf_c30_eps005_scale,ln(kobs),3,ar2_homo_hartree|ar2_lumo_hartree|ar1_Ar_NBO_OH,0.7058641987655778,0.2679016157361248,2.402673500381216,LOOCV,ln(kobs) = <nonlinear model; no closed-form linear equation>
azoarene_svr_rbf_c30_eps005_scale,ln(kobs),3,ar2_homo_hartree|ar2_Ar_LUMO|ar1_nbo_q_a,0.7058641987655778,0.2679016157361248,2.402673500381216,LOOCV,ln(kobs) = <nonlinear model; no closed-form linear equation>
azoarene_svr_rbf_c30_eps005_scale,ln(kobs),3,ar2_homo_hartree|ar2_Ar_LUMO|ar1_Ar_NBO_OH,0.7058641987655778,0.2679016157361248,2.402673500381216,LOOCV,ln(kobs) = <nonlinear model; no closed-form linear equation>
azoarene_svr_rbf_c30_eps005_scale,ln(kobs),3,ar2_Ar_polar|ar1_nbo_q_a|ar1_Ar_NBO_OH,0.47447723688045174,0.26666290728148456,3.2115639947099304,LOOCV,ln(kobs) = <nonlinear model; no closed-form linear equation>
azoarene_svr_rbf_c30_eps005_scale,ln(kobs),3,ar2_isotropic_polarizability_au|ar1_nbo_q_a|ar1_Ar_NBO_OH,0.47447723688045174,0.26666290728148456,3.2115639947099304,LOOCV,ln(kobs) = <nonlinear model; no closed-form linear equation>
azoarene_svr_rbf_c30_eps005_scale,ln(kobs),5,ar2_Ar_HOMO|rate kobs (s-1)|ar1_bond_length_c_a|ar2_gap_hartree|ar1_nbo_q_a,0.8158694989508393,0.266132586325199,1.9010068494015897,LOOCV,ln(kobs) = <nonlinear model; no closed-form linear equation>
azoarene_svr_rbf_c30_eps005_scale,ln(kobs),5,ar2_Ar_HOMO|rate kobs (s-1)|ar1_bond_length_c_a|ar2_gap_hartree|ar1_Ar_NBO_OH,0.8158694989508393,0.266132586325199,1.9010068494015897,LOOCV,ln(kobs) = <nonlinear model; no closed-form linear equation>
azoarene_svr_rbf_c30_eps005_scale,ln(kobs),5,ar2_homo_hartree|rate kobs (s-1)|ar1_bond_length_c_a|ar2_gap_hartree|ar1_nbo_q_a,0.8158694989508393,0.266132586325199,1.9010068494015897,LOOCV,ln(kobs) = <nonlinear model; no closed-form linear equation>
azoarene_svr_rbf_c30_eps005_scale,ln(kobs),5,ar2_homo_hartree|rate kobs (s-1)|ar1_bond_length_c_a|ar2_gap_hartree|ar1_Ar_NBO_OH,0.8158694989508393,0.266132586325199,1.9010068494015897,LOOCV,ln(kobs) = <nonlinear model; no closed-form linear equation>
azoarene_svr_rbf_c30_eps005_scale,ln(kobs),3,ar2_scf_energy_hartree|rate kobs (s-1)|ar2_Ar_Ster_B5,0.6516725547031936,0.26598761453378417,2.6146566196449865,LOOCV,ln(kobs) = <nonlinear model; no closed-form linear equation>
azoarene_svr_rbf_c30_eps005_scale,ln(kobs),3,ar2_scf_energy_hartree|rate kobs (s-1)|ar2_sterimol_B5,0.6516725547031936,0.26598761453378417,2.6146566196449865,LOOCV,ln(kobs) = <nonlinear model; no closed-form linear equation>
azoarene_svr_rbf_c30_eps005_scale,ln(kobs),3,ar2_gibbs_free_energy_hartree|rate kobs (s-1)|ar2_Ar_Ster_B5,0.6516537105086111,0.26578762182301185,2.61472734394824,LOOCV,ln(kobs) = <nonlinear model; no closed-form linear equation>
azoarene_svr_rbf_c30_eps005_scale,ln(kobs),3,ar2_gibbs_free_energy_hartree|rate kobs (s-1)|ar2_sterimol_B5,0.6516537105086111,0.26578762182301185,2.61472734394824,LOOCV,ln(kobs) = <nonlinear model; no closed-form linear equation>
azoarene_svr_rbf_c30_eps005_scale,ln(kobs),3,ar2_enthalpy_hartree|rate kobs (s-1)|ar2_Ar_Ster_B5,0.6516550877074452,0.26573085728660584,2.614722175236648,LOOCV,ln(kobs) = <nonlinear model; no closed-form linear equation>
azoarene_svr_rbf_c30_eps005_scale,ln(kobs),3,ar2_enthalpy_hartree|rate kobs (s-1)|ar2_sterimol_B5,0.6516550877074452,0.26573085728660584,2.614722175236648,LOOCV,ln(kobs) = <nonlinear model; no closed-form linear equation>
azoarene_svr_rbf_c30_eps005_scale,ln(kobs),5,ar2_Ar_HOMO|ar1_bond_length_c_a|ar2_lumo_hartree|ar1_q_a|ar1_bond_length_c_e,0.8264497565934693,0.2653940728014702,1.8455823479581062,LOOCV,ln(kobs) = <nonlinear model; no closed-form linear equation>
azoarene_svr_rbf_c30_eps005_scale,ln(kobs),5,ar2_Ar_HOMO|ar1_bond_length_c_a|ar2_Ar_LUMO|ar1_q_a|ar1_bond_length_c_e,0.8264497565934693,0.2653940728014702,1.8455823479581062,LOOCV,ln(kobs) = <nonlinear model; no closed-form linear equation>
azoarene_svr_rbf_c30_eps005_scale,ln(kobs),5,ar2_homo_hartree|ar1_bond_length_c_a|ar2_lumo_hartree|ar1_q_a|ar1_bond_length_c_e,0.8264497565934693,0.2653940728014702,1.8455823479581062,LOOCV,ln(kobs) = <nonlinear model; no closed-form linear equation>
azoarene_svr_rbf_c30_eps005_scale,ln(kobs),5,ar2_homo_hartree|ar1_bond_length_c_a|ar2_Ar_LUMO|ar1_q_a|ar1_bond_length_c_e,0.8264497565934693,0.2653940728014702,1.8455823479581062,LOOCV,ln(kobs) = <nonlinear model; no closed-form linear equation>
azoarene_svr_rbf_c30_eps005_scale,ln(kobs),5,ar2_Ar_HOMO|rate kobs (s-1)|ar2_lumo_hartree|ar2_Ar_LUMO|ar1_nbo_q_a,0.8094005039433284,0.26511898753306773,1.9341123060258434,LOOCV,ln(kobs) = <nonlinear model; no closed-form linear equation>
azoarene_svr_rbf_c30_eps005_scale,ln(kobs),5,ar2_Ar_HOMO|rate kobs (s-1)|ar2_lumo_hartree|ar2_Ar_LUMO|ar1_Ar_NBO_OH,0.8094005039433284,0.26511898753306773,1.9341123060258434,LOOCV,ln(kobs) = <nonlinear model; no closed-form linear equation>
azoarene_svr_rbf_c30_eps005_scale,ln(kobs),5,ar2_homo_hartree|rate kobs (s-1)|ar2_lumo_hartree|ar2_Ar_LUMO|ar1_nbo_q_a,0.8094005039433284,0.26511898753306773,1.9341123060258434,LOOCV,ln(kobs) = <nonlinear model; no closed-form linear equation>
azoarene_svr_rbf_c30_eps005_scale,ln(kobs),5,ar2_homo_hartree|rate kobs (s-1)|ar2_lumo_hartree|ar2_Ar_LUMO|ar1_Ar_NBO_OH,0.8094005039433284,0.26511898753306773,1.9341123060258434,LOOCV,ln(kobs) = <nonlinear model; no closed-form linear equation>
azoarene_svr_rbf_c30_eps005_scale,ln(kobs),3,ar2_Ar_HOMO|ar1_q_a|ar1_bond_length_c_e,0.8385775578789036,0.26510430905683857,1.7799293765351694,LOOCV,ln(kobs) = <nonlinear model; no closed-form linear equation>
azoarene_svr_rbf_c30_eps005_scale,ln(kobs),3,ar2_homo_hartree|ar1_q_a|ar1_bond_length_c_e,0.8385775578789036,0.26510430905683857,1.7799293765351694,LOOCV,ln(kobs) = <nonlinear model; no closed-form linear equation>
azoarene_svr_rbf_c30_eps005_scale,ln(kobs),5,ar2_Ar_HOMO|rate kobs (s-1)|ar2_lumo_hartree|ar2_gap_hartree|ar1_bond_length_c_e,0.8246994677839803,0.26473594591653804,1.8548655339675315,LOOCV,ln(kobs) = <nonlinear model; no closed-form linear equation>
azoarene_svr_rbf_c30_eps005_scale,ln(kobs),5,ar2_Ar_HOMO|rate kobs (s-1)|ar2_Ar_LUMO|ar2_gap_hartree|ar1_bond_length_c_e,0.8246994677839803,0.26473594591653804,1.8548655339675315,LOOCV,ln(kobs) = <nonlinear model; no closed-form linear equation>
azoarene_svr_rbf_c30_eps005_scale,ln(kobs),5,ar2_homo_hartree|rate kobs (s-1)|ar2_lumo_hartree|ar2_gap_hartree|ar1_bond_length_c_e,0.8246994677839803,0.26473594591653804,1.8548655339675315,LOOCV,ln(kobs) = <nonlinear model; no closed-form linear equation>
azoarene_svr_rbf_c30_eps005_scale,ln(kobs),5,ar2_homo_hartree|rate kobs (s-1)|ar2_Ar_LUMO|ar2_gap_hartree|ar1_bond_length_c_e,0.8246994677839803,0.26473594591653804,1.8548655339675315,LOOCV,ln(kobs) = <nonlinear model; no closed-form linear equation>
azoarene_svr_rbf_c30_eps005_scale,ln(kobs),5,ar2_Ar_HOMO|ar2_Ar_polar|rate kobs (s-1)|ar1_bond_length_c_a|ar1_bond_length_c_e,0.7996819335946213,0.2639457740753107,1.982808965314638,LOOCV,ln(kobs) = <nonlinear model; no closed-form linear equation>
azoarene_svr_rbf_c30_eps005_scale,ln(kobs),5,ar2_Ar_HOMO|ar2_isotropic_polarizability_au|rate kobs (s-1)|ar1_bond_length_c_a|ar1_bond_length_c_e,0.7996819335946213,0.2639457740753107,1.982808965314638,LOOCV,ln(kobs) = <nonlinear model; no closed-form linear equation>
azoarene_svr_rbf_c30_eps005_scale,ln(kobs),5,ar2_homo_hartree|ar2_Ar_polar|rate kobs (s-1)|ar1_bond_length_c_a|ar1_bond_length_c_e,0.7996819335946213,0.2639457740753107,1.982808965314638,LOOCV,ln(kobs) = <nonlinear model; no closed-form linear equation>
azoarene_svr_rbf_c30_eps005_scale,ln(kobs),5,ar2_homo_hartree|ar2_isotropic_polarizability_au|rate kobs (s-1)|ar1_bond_length_c_a|ar1_bond_length_c_e,0.7996819335946213,0.2639457740753107,1.982808965314638,LOOCV,ln(kobs) = <nonlinear model; no closed-form linear equation>
azoarene_svr_rbf_c30_eps005_scale,ln(kobs),3,ar2_Ar_HOMO|ar2_gap_hartree|ar1_nbo_q_a,0.7066422574937765,0.2636879455645871,2.399493576374813,LOOCV,ln(kobs) = <nonlinear model; no closed-form linear equation>
azoarene_svr_rbf_c30_eps005_scale,ln(kobs),3,ar2_Ar_HOMO|ar2_gap_hartree|ar1_Ar_NBO_OH,0.7066422574937765,0.2636879455645871,2.399493576374813,LOOCV,ln(kobs) = <nonlinear model; no closed-form linear equation>
azoarene_svr_rbf_c30_eps005_scale,ln(kobs),3,ar2_homo_hartree|ar2_gap_hartree|ar1_nbo_q_a,0.7066422574937765,0.2636879455645871,2.399493576374813,LOOCV,ln(kobs) = <nonlinear model; no closed-form linear equation>
azoarene_svr_rbf_c30_eps005_scale,ln(kobs),3,ar2_homo_hartree|ar2_gap_hartree|ar1_Ar_NBO_OH,0.7066422574937765,0.2636879455645871,2.399493576374813,LOOCV,ln(kobs) = <nonlinear model; no closed-form linear equation>
azoarene_svr_rbf_c30_eps005_scale,ln(kobs),3,ar2_Ar_HOMO|ar2_homo_hartree|ar2_lumo_hartree,0.635354495550427,0.2636847959240941,2.6751999400710975,LOOCV,ln(kobs) = <nonlinear model; no closed-form linear equation>
azoarene_svr_rbf_c30_eps005_scale,ln(kobs),3,ar2_Ar_HOMO|ar2_homo_hartree|ar2_Ar_LUMO,0.635354495550427,0.2636847959240941,2.6751999400710975,LOOCV,ln(kobs) = <nonlinear model; no closed-form linear equation>
azoarene_svr_rbf_c30_eps005_scale,ln(kobs),4,ar2_Ar_HOMO|ar2_homo_hartree|ar2_gibbs_free_energy_hartree|ar1_nbo_q_a,0.6882933333734599,0.2636801283659843,2.473397170318534,LOOCV,ln(kobs) = <nonlinear model; no closed-form linear equation>
azoarene_svr_rbf_c30_eps005_scale,ln(kobs),4,ar2_Ar_HOMO|ar2_homo_hartree|ar2_gibbs_free_energy_hartree|ar1_Ar_NBO_OH,0.6882933333734599,0.2636801283659843,2.473397170318534,LOOCV,ln(kobs) = <nonlinear model; no closed-form linear equation>
azoarene_svr_rbf_c30_eps005_scale,ln(kobs),4,ar2_Ar_HOMO|ar2_homo_hartree|ar2_scf_energy_hartree|ar1_nbo_q_a,0.6882756308692611,0.2636666549505271,2.473467404142241,LOOCV,ln(kobs) = <nonlinear model; no closed-form linear equation>
azoarene_svr_rbf_c30_eps005_scale,ln(kobs),4,ar2_Ar_HOMO|ar2_homo_hartree|ar2_scf_energy_hartree|ar1_Ar_NBO_OH,0.6882756308692611,0.2636666549505271,2.473467404142241,LOOCV,ln(kobs) = <nonlinear model; no closed-form linear equation>
azoarene_svr_rbf_c30_eps005_scale,ln(kobs),4,ar2_Ar_HOMO|ar2_homo_hartree|ar2_enthalpy_hartree|ar1_nbo_q_a,0.6882881144295929,0.26366160709232767,2.4734178764315926,LOOCV,ln(kobs) = <nonlinear model; no closed-form linear equation>
azoarene_svr_rbf_c30_eps005_scale,ln(kobs),4,ar2_Ar_HOMO|ar2_homo_hartree|ar2_enthalpy_hartree|ar1_Ar_NBO_OH,0.6882881144295929,0.26366160709232767,2.4734178764315926,LOOCV,ln(kobs) = <nonlinear model; no closed-form linear equation>
azoarene_svr_rbf_c30_eps005_scale,ln(kobs),4,rate kobs (s-1)|ar2_lumo_hartree|ar2_Ar_Ster_B5|ar2_sterimol_B5,0.7123848182553005,0.2634627572950283,2.3758921216156654,LOOCV,ln(kobs) = <nonlinear model; no closed-form linear equation>
azoarene_svr_rbf_c30_eps005_scale,ln(kobs),4,rate kobs (s-1)|ar2_Ar_LUMO|ar2_Ar_Ster_B5|ar2_sterimol_B5,0.7123848182553005,0.2634627572950283,2.3758921216156654,LOOCV,ln(kobs) = <nonlinear model; no closed-form linear equation>
azoarene_svr_rbf_c30_eps005_scale,ln(kobs),3,ar2_Ar_HOMO|ar2_homo_hartree|ar2_gap_hartree,0.6363641280581191,0.26123619872034387,2.6714938186486945,LOOCV,ln(kobs) = <nonlinear model; no closed-form linear equation>
azoarene_svr_rbf_c30_eps005_scale,ln(kobs),3,ar2_Ar_polar|ar2_Ar_Ster_B5|ar1_nbo_q_a,0.6171916396398508,0.2612011347700568,2.74101568785346,LOOCV,ln(kobs) = <nonlinear model; no closed-form linear equation>
azoarene_svr_rbf_c30_eps005_scale,ln(kobs),3,ar2_Ar_polar|ar2_Ar_Ster_B5|ar1_Ar_NBO_OH,0.6171916396398508,0.2612011347700568,2.74101568785346,LOOCV,ln(kobs) = <nonlinear model; no closed-form linear equation>
azoarene_svr_rbf_c30_eps005_scale,ln(kobs),3,ar2_Ar_polar|ar2_sterimol_B5|ar1_nbo_q_a,0.6171916396398508,0.2612011347700568,2.74101568785346,LOOCV,ln(kobs) = <nonlinear model; no closed-form linear equation>
azoarene_svr_rbf_c30_eps005_scale,ln(kobs),3,ar2_Ar_polar|ar2_sterimol_B5|ar1_Ar_NBO_OH,0.6171916396398508,0.2612011347700568,2.74101568785346,LOOCV,ln(kobs) = <nonlinear model; no closed-form linear equation>
azoarene_svr_rbf_c30_eps005_scale,ln(kobs),3,ar2_isotropic_polarizability_au|ar2_Ar_Ster_B5|ar1_nbo_q_a,0.6171916396398508,0.2612011347700568,2.74101568785346,LOOCV,ln(kobs) = <nonlinear model; no closed-form linear equation>
azoarene_svr_rbf_c30_eps005_scale,ln(kobs),3,ar2_isotropic_polarizability_au|ar2_Ar_Ster_B5|ar1_Ar_NBO_OH,0.6171916396398508,0.2612011347700568,2.74101568785346,LOOCV,ln(kobs) = <nonlinear model; no closed-form linear equation>
azoarene_svr_rbf_c30_eps005_scale,ln(kobs),3,ar2_isotropic_polarizability_au|ar2_sterimol_B5|ar1_nbo_q_a,0.6171916396398508,0.2612011347700568,2.74101568785346,LOOCV,ln(kobs) = <nonlinear model; no closed-form linear equation>
azoarene_svr_rbf_c30_eps005_scale,ln(kobs),3,ar2_isotropic_polarizability_au|ar2_sterimol_B5|ar1_Ar_NBO_OH,0.6171916396398508,0.2612011347700568,2.74101568785346,LOOCV,ln(kobs) = <nonlinear model; no closed-form linear equation>
azoarene_svr_rbf_c30_eps005_scale,ln(kobs),3,ar1_bond_length_c_a|ar1_q_a|ar1_bond_length_c_e,0.49726452704121915,0.261195029516309,3.1411637666181633,LOOCV,ln(kobs) = <nonlinear model; no closed-form linear equation>
azoarene_svr_rbf_c30_eps005_scale,ln(kobs),3,ar2_gibbs_free_energy_hartree|ar2_enthalpy_hartree|rate kobs (s-1),0.6270702703109086,0.26057377253833525,2.705417639742479,LOOCV,ln(kobs) = <nonlinear model; no closed-form linear equation>
azoarene_svr_rbf_c30_eps005_scale,ln(kobs),3,ar2_scf_energy_hartree|ar2_enthalpy_hartree|rate kobs (s-1),0.6270724390466607,0.26046435665013956,2.705409773187439,LOOCV,ln(kobs) = <nonlinear model; no closed-form linear equation>
azoarene_svr_rbf_c30_eps005_scale,ln(kobs),3,ar2_scf_energy_hartree|ar2_gibbs_free_energy_hartree|rate kobs (s-1),0.6270690548712301,0.26043342348612175,2.705422048440694,LOOCV,ln(kobs) = <nonlinear model; no closed-form linear equation>
azoarene_svr_rbf_c30_eps005_scale,ln(kobs),3,ar2_Ar_HOMO|ar2_homo_hartree|ar2_Ar_Ster_B5,0.6049668863152862,0.2602526166921356,2.784438083798249,LOOCV,ln(kobs) = <nonlinear model; no closed-form linear equation>
azoarene_svr_rbf_c30_eps005_scale,ln(kobs),3,ar2_Ar_HOMO|ar2_homo_hartree|ar2_sterimol_B5,0.6049668863152862,0.2602526166921356,2.784438083798249,LOOCV,ln(kobs) = <nonlinear model; no closed-form linear equation>
azoarene_svr_rbf_c30_eps005_scale,ln(kobs),5,ar2_Ar_HOMO|ar2_homo_hartree|rate kobs (s-1)|ar1_bond_length_c_a|ar2_lumo_hartree,0.8057339839107122,0.2597689444734569,1.952626734398547,LOOCV,ln(kobs) = <nonlinear model; no closed-form linear equation>
azoarene_svr_rbf_c30_eps005_scale,ln(kobs),5,ar2_Ar_HOMO|ar2_homo_hartree|rate kobs (s-1)|ar1_bond_length_c_a|ar2_Ar_LUMO,0.8057339839107122,0.2597689444734569,1.952626734398547,LOOCV,ln(kobs) = <nonlinear model; no closed-form linear equation>
azoarene_svr_rbf_c30_eps005_scale,ln(kobs),5,ar2_Ar_HOMO|rate kobs (s-1)|ar2_lumo_hartree|ar2_gap_hartree|ar1_nbo_q_a,0.809403755445266,0.2588684166134624,1.9340958086140936,LOOCV,ln(kobs) = <nonlinear model; no closed-form linear equation>
azoarene_svr_rbf_c30_eps005_scale,ln(kobs),5,ar2_Ar_HOMO|rate kobs (s-1)|ar2_lumo_hartree|ar2_gap_hartree|ar1_Ar_NBO_OH,0.809403755445266,0.2588684166134624,1.9340958086140936,LOOCV,ln(kobs) = <nonlinear model; no closed-form linear equation>
azoarene_svr_rbf_c30_eps005_scale,ln(kobs),5,ar2_Ar_HOMO|rate kobs (s-1)|ar2_Ar_LUMO|ar2_gap_hartree|ar1_nbo_q_a,0.809403755445266,0.2588684166134624,1.9340958086140936,LOOCV,ln(kobs) = <nonlinear model; no closed-form linear equation>
azoarene_svr_rbf_c30_eps005_scale,ln(kobs),5,ar2_Ar_HOMO|rate kobs (s-1)|ar2_Ar_LUMO|ar2_gap_hartree|ar1_Ar_NBO_OH,0.809403755445266,0.2588684166134624,1.9340958086140936,LOOCV,ln(kobs) = <nonlinear model; no closed-form linear equation>
azoarene_svr_rbf_c30_eps005_scale,ln(kobs),5,ar2_homo_hartree|rate kobs (s-1)|ar2_lumo_hartree|ar2_gap_hartree|ar1_nbo_q_a,0.809403755445266,0.2588684166134624,1.9340958086140936,LOOCV,ln(kobs) = <nonlinear model; no closed-form linear equation>
azoarene_svr_rbf_c30_eps005_scale,ln(kobs),5,ar2_homo_hartree|rate kobs (s-1)|ar2_lumo_hartree|ar2_gap_hartree|ar1_Ar_NBO_OH,0.809403755445266,0.2588684166134624,1.9340958086140936,LOOCV,ln(kobs) = <nonlinear model; no closed-form linear equation>
azoarene_svr_rbf_c30_eps005_scale,ln(kobs),5,ar2_homo_hartree|rate kobs (s-1)|ar2_Ar_LUMO|ar2_gap_hartree|ar1_nbo_q_a,0.809403755445266,0.2588684166134624,1.9340958086140936,LOOCV,ln(kobs) = <nonlinear model; no closed-form linear equation>
azoarene_svr_rbf_c30_eps005_scale,ln(kobs),5,ar2_homo_hartree|rate kobs (s-1)|ar2_Ar_LUMO|ar2_gap_hartree|ar1_Ar_NBO_OH,0.809403755445266,0.2588684166134624,1.9340958086140936,LOOCV,ln(kobs) = <nonlinear model; no closed-form linear equation>
azoarene_svr_rbf_c30_eps005_scale,ln(kobs),4,ar2_Ar_HOMO|ar2_Ar_polar|ar1_bond_length_c_e|ar2_Ar_Ster_B5,0.7477592334099613,0.25828724454342133,2.2249919957799684,LOOCV,ln(kobs) = <nonlinear model; no closed-form linear equation>
azoarene_svr_rbf_c30_eps005_scale,ln(kobs),4,ar2_Ar_HOMO|ar2_Ar_polar|ar1_bond_length_c_e|ar2_sterimol_B5,0.7477592334099613,0.25828724454342133,2.2249919957799684,LOOCV,ln(kobs) = <nonlinear model; no closed-form linear equation>
azoarene_svr_rbf_c30_eps005_scale,ln(kobs),4,ar2_Ar_HOMO|ar2_isotropic_polarizability_au|ar1_bond_length_c_e|ar2_Ar_Ster_B5,0.7477592334099613,0.25828724454342133,2.2249919957799684,LOOCV,ln(kobs) = <nonlinear model; no closed-form linear equation>
azoarene_svr_rbf_c30_eps005_scale,ln(kobs),4,ar2_Ar_HOMO|ar2_isotropic_polarizability_au|ar1_bond_length_c_e|ar2_sterimol_B5,0.7477592334099613,0.25828724454342133,2.2249919957799684,LOOCV,ln(kobs) = <nonlinear model; no closed-form linear equation>
azoarene_svr_rbf_c30_eps005_scale,ln(kobs),4,ar2_homo_hartree|ar2_Ar_polar|ar1_bond_length_c_e|ar2_Ar_Ster_B5,0.7477592334099613,0.25828724454342133,2.2249919957799684,LOOCV,ln(kobs) = <nonlinear model; no closed-form linear equation>
azoarene_svr_rbf_c30_eps005_scale,ln(kobs),4,ar2_homo_hartree|ar2_Ar_polar|ar1_bond_length_c_e|ar2_sterimol_B5,0.7477592334099613,0.25828724454342133,2.2249919957799684,LOOCV,ln(kobs) = <nonlinear model; no closed-form linear equation>
azoarene_svr_rbf_c30_eps005_scale,ln(kobs),4,ar2_homo_hartree|ar2_isotropic_polarizability_au|ar1_bond_length_c_e|ar2_Ar_Ster_B5,0.7477592334099613,0.25828724454342133,2.2249919957799684,LOOCV,ln(kobs) = <nonlinear model; no closed-form linear equation>
azoarene_svr_rbf_c30_eps005_scale,ln(kobs),4,ar2_homo_hartree|ar2_isotropic_polarizability_au|ar1_bond_length_c_e|ar2_sterimol_B5,0.7477592334099613,0.25828724454342133,2.2249919957799684,LOOCV,ln(kobs) = <nonlinear model; no closed-form linear equation>
azoarene_svr_rbf_c30_eps005_scale,ln(kobs),5,ar2_Ar_HOMO|ar1_bond_length_c_a|ar2_lumo_hartree|ar1_bond_length_c_e|ar1_nbo_q_a,0.7880608747433038,0.2581064843936167,2.0395125541081334,LOOCV,ln(kobs) = <nonlinear model; no closed-form linear equation>
azoarene_svr_rbf_c30_eps005_scale,ln(kobs),5,ar2_Ar_HOMO|ar1_bond_length_c_a|ar2_lumo_hartree|ar1_bond_length_c_e|ar1_Ar_NBO_OH,0.7880608747433038,0.2581064843936167,2.0395125541081334,LOOCV,ln(kobs) = <nonlinear model; no closed-form linear equation>
azoarene_svr_rbf_c30_eps005_scale,ln(kobs),5,ar2_Ar_HOMO|ar1_bond_length_c_a|ar2_Ar_LUMO|ar1_bond_length_c_e|ar1_nbo_q_a,0.7880608747433038,0.2581064843936167,2.0395125541081334,LOOCV,ln(kobs) = <nonlinear model; no closed-form linear equation>
azoarene_svr_rbf_c30_eps005_scale,ln(kobs),5,ar2_Ar_HOMO|ar1_bond_length_c_a|ar2_Ar_LUMO|ar1_bond_length_c_e|ar1_Ar_NBO_OH,0.7880608747433038,0.2581064843936167,2.0395125541081334,LOOCV,ln(kobs) = <nonlinear model; no closed-form linear equation>
azoarene_svr_rbf_c30_eps005_scale,ln(kobs),5,ar2_homo_hartree|ar1_bond_length_c_a|ar2_lumo_hartree|ar1_bond_length_c_e|ar1_nbo_q_a,0.7880608747433038,0.2581064843936167,2.0395125541081334,LOOCV,ln(kobs) = <nonlinear model; no closed-form linear equation>
azoarene_svr_rbf_c30_eps005_scale,ln(kobs),5,ar2_homo_hartree|ar1_bond_length_c_a|ar2_lumo_hartree|ar1_bond_length_c_e|ar1_Ar_NBO_OH,0.7880608747433038,0.2581064843936167,2.0395125541081334,LOOCV,ln(kobs) = <nonlinear model; no closed-form linear equation>
azoarene_svr_rbf_c30_eps005_scale,ln(kobs),5,ar2_homo_hartree|ar1_bond_length_c_a|ar2_Ar_LUMO|ar1_bond_length_c_e|ar1_nbo_q_a,0.7880608747433038,0.2581064843936167,2.0395125541081334,LOOCV,ln(kobs) = <nonlinear model; no closed-form linear equation>
azoarene_svr_rbf_c30_eps005_scale,ln(kobs),5,ar2_homo_hartree|ar1_bond_length_c_a|ar2_Ar_LUMO|ar1_bond_length_c_e|ar1_Ar_NBO_OH,0.7880608747433038,0.2581064843936167,2.0395125541081334,LOOCV,ln(kobs) = <nonlinear model; no closed-form linear equation>
azoarene_svr_rbf_c30_eps005_scale,ln(kobs),4,ar2_Ar_HOMO|ar2_gibbs_free_energy_hartree|rate kobs (s-1)|ar2_Ar_Ster_B5,0.7656109048120718,0.2580138348815715,2.144813405645484,LOOCV,ln(kobs) = <nonlinear model; no closed-form linear equation>
azoarene_svr_rbf_c30_eps005_scale,ln(kobs),4,ar2_Ar_HOMO|ar2_gibbs_free_energy_hartree|rate kobs (s-1)|ar2_sterimol_B5,0.7656109048120718,0.2580138348815715,2.144813405645484,LOOCV,ln(kobs) = <nonlinear model; no closed-form linear equation>
azoarene_svr_rbf_c30_eps005_scale,ln(kobs),4,ar2_homo_hartree|ar2_gibbs_free_energy_hartree|rate kobs (s-1)|ar2_Ar_Ster_B5,0.7656109048120718,0.2580138348815715,2.144813405645484,LOOCV,ln(kobs) = <nonlinear model; no closed-form linear equation>
azoarene_svr_rbf_c30_eps005_scale,ln(kobs),4,ar2_homo_hartree|ar2_gibbs_free_energy_hartree|rate kobs (s-1)|ar2_sterimol_B5,0.7656109048120718,0.2580138348815715,2.144813405645484,LOOCV,ln(kobs) = <nonlinear model; no closed-form linear equation>
azoarene_svr_rbf_c30_eps005_scale,ln(kobs),4,ar2_Ar_HOMO|ar2_enthalpy_hartree|rate kobs (s-1)|ar2_Ar_Ster_B5,0.7656169938617655,0.2579949284838934,2.1447855460724528,LOOCV,ln(kobs) = <nonlinear model; no closed-form linear equation>
azoarene_svr_rbf_c30_eps005_scale,ln(kobs),4,ar2_Ar_HOMO|ar2_enthalpy_hartree|rate kobs (s-1)|ar2_sterimol_B5,0.7656169938617655,0.2579949284838934,2.1447855460724528,LOOCV,ln(kobs) = <nonlinear model; no closed-form linear equation>
azoarene_svr_rbf_c30_eps005_scale,ln(kobs),4,ar2_homo_hartree|ar2_enthalpy_hartree|rate kobs (s-1)|ar2_Ar_Ster_B5,0.7656169938617655,0.2579949284838934,2.1447855460724528,LOOCV,ln(kobs) = <nonlinear model; no closed-form linear equation>
azoarene_svr_rbf_c30_eps005_scale,ln(kobs),4,ar2_homo_hartree|ar2_enthalpy_hartree|rate kobs (s-1)|ar2_sterimol_B5,0.7656169938617655,0.2579949284838934,2.1447855460724528,LOOCV,ln(kobs) = <nonlinear model; no closed-form linear equation>
azoarene_svr_rbf_c30_eps005_scale,ln(kobs),4,ar2_Ar_HOMO|ar2_scf_energy_hartree|rate kobs (s-1)|ar2_Ar_Ster_B5,0.7656201363209643,0.25794723510288964,2.144771168059791,LOOCV,ln(kobs) = <nonlinear model; no closed-form linear equation>
azoarene_svr_rbf_c30_eps005_scale,ln(kobs),4,ar2_Ar_HOMO|ar2_scf_energy_hartree|rate kobs (s-1)|ar2_sterimol_B5,0.7656201363209643,0.25794723510288964,2.144771168059791,LOOCV,ln(kobs) = <nonlinear model; no closed-form linear equation>
azoarene_svr_rbf_c30_eps005_scale,ln(kobs),4,ar2_homo_hartree|ar2_scf_energy_hartree|rate kobs (s-1)|ar2_Ar_Ster_B5,0.7656201363209643,0.25794723510288964,2.144771168059791,LOOCV,ln(kobs) = <nonlinear model; no closed-form linear equation>
azoarene_svr_rbf_c30_eps005_scale,ln(kobs),4,ar2_homo_hartree|ar2_scf_energy_hartree|rate kobs (s-1)|ar2_sterimol_B5,0.7656201363209643,0.25794723510288964,2.144771168059791,LOOCV,ln(kobs) = <nonlinear model; no closed-form linear equation>
azoarene_svr_rbf_c30_eps005_scale,ln(kobs),3,ar1_bond_length_c_a|ar1_bond_length_c_e|ar2_Ar_Ster_B5,0.6253285803776985,0.2577052776308948,2.7117278230067012,LOOCV,ln(kobs) = <nonlinear model; no closed-form linear equation>
azoarene_svr_rbf_c30_eps005_scale,ln(kobs),3,ar1_bond_length_c_a|ar1_bond_length_c_e|ar2_sterimol_B5,0.6253285803776985,0.2577052776308948,2.7117278230067012,LOOCV,ln(kobs) = <nonlinear model; no closed-form linear equation>
azoarene_svr_rbf_c30_eps005_scale,ln(kobs),5,ar2_Ar_HOMO|ar1_bond_length_c_a|ar2_gap_hartree|ar1_q_a|ar1_bond_length_c_e,0.826950075292104,0.2567933564940601,1.8429201626692202,LOOCV,ln(kobs) = <nonlinear model; no closed-form linear equation>
azoarene_svr_rbf_c30_eps005_scale,ln(kobs),5,ar2_homo_hartree|ar1_bond_length_c_a|ar2_gap_hartree|ar1_q_a|ar1_bond_length_c_e,0.826950075292104,0.2567933564940601,1.8429201626692202,LOOCV,ln(kobs) = <nonlinear model; no closed-form linear equation>
azoarene_svr_rbf_c30_eps005_scale,ln(kobs),4,rate kobs (s-1)|ar2_gap_hartree|ar2_Ar_Ster_B5|ar2_sterimol_B5,0.7101591357995167,0.25664429852175485,2.3850672121618177,LOOCV,ln(kobs) = <nonlinear model; no closed-form linear equation>
azoarene_svr_rbf_c30_eps005_scale,ln(kobs),5,ar2_Ar_HOMO|ar2_enthalpy_hartree|rate kobs (s-1)|ar1_bond_length_c_a|ar2_Ar_Ster_B5,0.8018382661131854,0.25366636646088947,1.9721080732670915,LOOCV,ln(kobs) = <nonlinear model; no closed-form linear equation>
azoarene_svr_rbf_c30_eps005_scale,ln(kobs),5,ar2_Ar_HOMO|ar2_enthalpy_hartree|rate kobs (s-1)|ar1_bond_length_c_a|ar2_sterimol_B5,0.8018382661131854,0.25366636646088947,1.9721080732670915,LOOCV,ln(kobs) = <nonlinear model; no closed-form linear equation>
azoarene_svr_rbf_c30_eps005_scale,ln(kobs),5,ar2_homo_hartree|ar2_enthalpy_hartree|rate kobs (s-1)|ar1_bond_length_c_a|ar2_Ar_Ster_B5,0.8018382661131854,0.25366636646088947,1.9721080732670915,LOOCV,ln(kobs) = <nonlinear model; no closed-form linear equation>
azoarene_svr_rbf_c30_eps005_scale,ln(kobs),5,ar2_homo_hartree|ar2_enthalpy_hartree|rate kobs (s-1)|ar1_bond_length_c_a|ar2_sterimol_B5,0.8018382661131854,0.25366636646088947,1.9721080732670915,LOOCV,ln(kobs) = <nonlinear model; no closed-form linear equation>
azoarene_svr_rbf_c30_eps005_scale,ln(kobs),5,ar2_Ar_HOMO|ar2_scf_energy_hartree|rate kobs (s-1)|ar1_bond_length_c_a|ar2_Ar_Ster_B5,0.8018373907720558,0.2536561543898459,1.9721124289652587,LOOCV,ln(kobs) = <nonlinear model; no closed-form linear equation>
azoarene_svr_rbf_c30_eps005_scale,ln(kobs),5,ar2_Ar_HOMO|ar2_scf_energy_hartree|rate kobs (s-1)|ar1_bond_length_c_a|ar2_sterimol_B5,0.8018373907720558,0.2536561543898459,1.9721124289652587,LOOCV,ln(kobs) = <nonlinear model; no closed-form linear equation>
azoarene_svr_rbf_c30_eps005_scale,ln(kobs),5,ar2_homo_hartree|ar2_scf_energy_hartree|rate kobs (s-1)|ar1_bond_length_c_a|ar2_Ar_Ster_B5,0.8018373907720558,0.2536561543898459,1.9721124289652587,LOOCV,ln(kobs) = <nonlinear model; no closed-form linear equation>
azoarene_svr_rbf_c30_eps005_scale,ln(kobs),5,ar2_homo_hartree|ar2_scf_energy_hartree|rate kobs (s-1)|ar1_bond_length_c_a|ar2_sterimol_B5,0.8018373907720558,0.2536561543898459,1.9721124289652587,LOOCV,ln(kobs) = <nonlinear model; no closed-form linear equation>
azoarene_svr_rbf_c30_eps005_scale,ln(kobs),5,ar2_Ar_HOMO|ar2_gibbs_free_energy_hartree|rate kobs (s-1)|ar1_bond_length_c_a|ar2_Ar_Ster_B5,0.8018235696559837,0.253643404419833,1.9721812015748987,LOOCV,ln(kobs) = <nonlinear model; no closed-form linear equation>
azoarene_svr_rbf_c30_eps005_scale,ln(kobs),5,ar2_Ar_HOMO|ar2_gibbs_free_energy_hartree|rate kobs (s-1)|ar1_bond_length_c_a|ar2_sterimol_B5,0.8018235696559837,0.253643404419833,1.9721812015748987,LOOCV,ln(kobs) = <nonlinear model; no closed-form linear equation>
azoarene_svr_rbf_c30_eps005_scale,ln(kobs),5,ar2_homo_hartree|ar2_gibbs_free_energy_hartree|rate kobs (s-1)|ar1_bond_length_c_a|ar2_Ar_Ster_B5,0.8018235696559837,0.253643404419833,1.9721812015748987,LOOCV,ln(kobs) = <nonlinear model; no closed-form linear equation>
azoarene_svr_rbf_c30_eps005_scale,ln(kobs),5,ar2_homo_hartree|ar2_gibbs_free_energy_hartree|rate kobs (s-1)|ar1_bond_length_c_a|ar2_sterimol_B5,0.8018235696559837,0.253643404419833,1.9721812015748987,LOOCV,ln(kobs) = <nonlinear model; no closed-form linear equation>
azoarene_svr_rbf_c30_eps005_scale,ln(kobs),4,ar2_Ar_HOMO|ar2_homo_hartree|ar2_lumo_hartree|ar1_nbo_q_a,0.6850504099434706,0.2531878820433977,2.4862302022413196,LOOCV,ln(kobs) = <nonlinear model; no closed-form linear equation>
azoarene_svr_rbf_c30_eps005_scale,ln(kobs),4,ar2_Ar_HOMO|ar2_homo_hartree|ar2_lumo_hartree|ar1_Ar_NBO_OH,0.6850504099434706,0.2531878820433977,2.4862302022413196,LOOCV,ln(kobs) = <nonlinear model; no closed-form linear equation>
azoarene_svr_rbf_c30_eps005_scale,ln(kobs),4,ar2_Ar_HOMO|ar2_homo_hartree|ar2_Ar_LUMO|ar1_nbo_q_a,0.6850504099434706,0.2531878820433977,2.4862302022413196,LOOCV,ln(kobs) = <nonlinear model; no closed-form linear equation>
azoarene_svr_rbf_c30_eps005_scale,ln(kobs),4,ar2_Ar_HOMO|ar2_homo_hartree|ar2_Ar_LUMO|ar1_Ar_NBO_OH,0.6850504099434706,0.2531878820433977,2.4862302022413196,LOOCV,ln(kobs) = <nonlinear model; no closed-form linear equation>
azoarene_svr_rbf_c30_eps005_scale,ln(kobs),4,ar2_Ar_HOMO|ar2_enthalpy_hartree|ar1_bond_length_c_e|ar1_nbo_q_a,0.7187139463944909,0.2531820165289942,2.349605305582461,LOOCV,ln(kobs) = <nonlinear model; no closed-form linear equation>
azoarene_svr_rbf_c30_eps005_scale,ln(kobs),4,ar2_Ar_HOMO|ar2_enthalpy_hartree|ar1_bond_length_c_e|ar1_Ar_NBO_OH,0.7187139463944909,0.2531820165289942,2.349605305582461,LOOCV,ln(kobs) = <nonlinear model; no closed-form linear equation>
azoarene_svr_rbf_c30_eps005_scale,ln(kobs),4,ar2_homo_hartree|ar2_enthalpy_hartree|ar1_bond_length_c_e|ar1_nbo_q_a,0.7187139463944909,0.2531820165289942,2.349605305582461,LOOCV,ln(kobs) = <nonlinear model; no closed-form linear equation>
azoarene_svr_rbf_c30_eps005_scale,ln(kobs),4,ar2_homo_hartree|ar2_enthalpy_hartree|ar1_bond_length_c_e|ar1_Ar_NBO_OH,0.7187139463944909,0.2531820165289942,2.349605305582461,LOOCV,ln(kobs) = <nonlinear model; no closed-form linear equation>
azoarene_svr_rbf_c30_eps005_scale,ln(kobs),4,ar2_Ar_HOMO|ar2_gibbs_free_energy_hartree|ar1_bond_length_c_e|ar1_nbo_q_a,0.7187244666687626,0.2531800382392094,2.3495613668178943,LOOCV,ln(kobs) = <nonlinear model; no closed-form linear equation>
azoarene_svr_rbf_c30_eps005_scale,ln(kobs),4,ar2_Ar_HOMO|ar2_gibbs_free_energy_hartree|ar1_bond_length_c_e|ar1_Ar_NBO_OH,0.7187244666687626,0.2531800382392094,2.3495613668178943,LOOCV,ln(kobs) = <nonlinear model; no closed-form linear equation>
azoarene_svr_rbf_c30_eps005_scale,ln(kobs),4,ar2_homo_hartree|ar2_gibbs_free_energy_hartree|ar1_bond_length_c_e|ar1_nbo_q_a,0.7187244666687626,0.2531800382392094,2.3495613668178943,LOOCV,ln(kobs) = <nonlinear model; no closed-form linear equation>
azoarene_svr_rbf_c30_eps005_scale,ln(kobs),4,ar2_homo_hartree|ar2_gibbs_free_energy_hartree|ar1_bond_length_c_e|ar1_Ar_NBO_OH,0.7187244666687626,0.2531800382392094,2.3495613668178943,LOOCV,ln(kobs) = <nonlinear model; no closed-form linear equation>
azoarene_svr_rbf_c30_eps005_scale,ln(kobs),4,ar2_Ar_HOMO|ar2_scf_energy_hartree|ar1_bond_length_c_e|ar1_nbo_q_a,0.7187278325893587,0.25314691214832974,2.3495473086085608,LOOCV,ln(kobs) = <nonlinear model; no closed-form linear equation>
azoarene_svr_rbf_c30_eps005_scale,ln(kobs),4,ar2_Ar_HOMO|ar2_scf_energy_hartree|ar1_bond_length_c_e|ar1_Ar_NBO_OH,0.7187278325893587,0.25314691214832974,2.3495473086085608,LOOCV,ln(kobs) = <nonlinear model; no closed-form linear equation>
azoarene_svr_rbf_c30_eps005_scale,ln(kobs),4,ar2_homo_hartree|ar2_scf_energy_hartree|ar1_bond_length_c_e|ar1_nbo_q_a,0.7187278325893587,0.25314691214832974,2.3495473086085608,LOOCV,ln(kobs) = <nonlinear model; no closed-form linear equation>
azoarene_svr_rbf_c30_eps005_scale,ln(kobs),4,ar2_homo_hartree|ar2_scf_energy_hartree|ar1_bond_length_c_e|ar1_Ar_NBO_OH,0.7187278325893587,0.25314691214832974,2.3495473086085608,LOOCV,ln(kobs) = <nonlinear model; no closed-form linear equation>
azoarene_svr_rbf_c30_eps005_scale,ln(kobs),4,ar2_Ar_HOMO|ar2_gibbs_free_energy_hartree|ar2_Ar_Ster_B5|ar1_nbo_q_a,0.67967318886622,0.25302822845184336,2.507364422864064,LOOCV,ln(kobs) = <nonlinear model; no closed-form linear equation>
azoarene_svr_rbf_c30_eps005_scale,ln(kobs),4,ar2_Ar_HOMO|ar2_gibbs_free_energy_hartree|ar2_Ar_Ster_B5|ar1_Ar_NBO_OH,0.67967318886622,0.25302822845184336,2.507364422864064,LOOCV,ln(kobs) = <nonlinear model; no closed-form linear equation>
azoarene_svr_rbf_c30_eps005_scale,ln(kobs),4,ar2_Ar_HOMO|ar2_gibbs_free_energy_hartree|ar2_sterimol_B5|ar1_nbo_q_a,0.67967318886622,0.25302822845184336,2.507364422864064,LOOCV,ln(kobs) = <nonlinear model; no closed-form linear equation>
azoarene_svr_rbf_c30_eps005_scale,ln(kobs),4,ar2_Ar_HOMO|ar2_gibbs_free_energy_hartree|ar2_sterimol_B5|ar1_Ar_NBO_OH,0.67967318886622,0.25302822845184336,2.507364422864064,LOOCV,ln(kobs) = <nonlinear model; no closed-form linear equation>
azoarene_svr_rbf_c30_eps005_scale,ln(kobs),4,ar2_homo_hartree|ar2_gibbs_free_energy_hartree|ar2_Ar_Ster_B5|ar1_nbo_q_a,0.67967318886622,0.25302822845184336,2.507364422864064,LOOCV,ln(kobs) = <nonlinear model; no closed-form linear equation>
azoarene_svr_rbf_c30_eps005_scale,ln(kobs),4,ar2_homo_hartree|ar2_gibbs_free_energy_hartree|ar2_Ar_Ster_B5|ar1_Ar_NBO_OH,0.67967318886622,0.25302822845184336,2.507364422864064,LOOCV,ln(kobs) = <nonlinear model; no closed-form linear equation>
azoarene_svr_rbf_c30_eps005_scale,ln(kobs),4,ar2_homo_hartree|ar2_gibbs_free_energy_hartree|ar2_sterimol_B5|ar1_nbo_q_a,0.67967318886622,0.25302822845184336,2.507364422864064,LOOCV,ln(kobs) = <nonlinear model; no closed-form linear equation>
azoarene_svr_rbf_c30_eps005_scale,ln(kobs),4,ar2_homo_hartree|ar2_gibbs_free_energy_hartree|ar2_sterimol_B5|ar1_Ar_NBO_OH,0.67967318886622,0.25302822845184336,2.507364422864064,LOOCV,ln(kobs) = <nonlinear model; no closed-form linear equation>
azoarene_svr_rbf_c30_eps005_scale,ln(kobs),4,ar2_Ar_HOMO|ar2_enthalpy_hartree|ar2_Ar_Ster_B5|ar1_nbo_q_a,0.6796799203456374,0.25302392518822836,2.507338077331797,LOOCV,ln(kobs) = <nonlinear model; no closed-form linear equation>
azoarene_svr_rbf_c30_eps005_scale,ln(kobs),4,ar2_Ar_HOMO|ar2_enthalpy_hartree|ar2_Ar_Ster_B5|ar1_Ar_NBO_OH,0.6796799203456374,0.25302392518822836,2.507338077331797,LOOCV,ln(kobs) = <nonlinear model; no closed-form linear equation>
azoarene_svr_rbf_c30_eps005_scale,ln(kobs),4,ar2_Ar_HOMO|ar2_enthalpy_hartree|ar2_sterimol_B5|ar1_nbo_q_a,0.6796799203456374,0.25302392518822836,2.507338077331797,LOOCV,ln(kobs) = <nonlinear model; no closed-form linear equation>
azoarene_svr_rbf_c30_eps005_scale,ln(kobs),4,ar2_Ar_HOMO|ar2_enthalpy_hartree|ar2_sterimol_B5|ar1_Ar_NBO_OH,0.6796799203456374,0.25302392518822836,2.507338077331797,LOOCV,ln(kobs) = <nonlinear model; no closed-form linear equation>
azoarene_svr_rbf_c30_eps005_scale,ln(kobs),4,ar2_homo_hartree|ar2_enthalpy_hartree|ar2_Ar_Ster_B5|ar1_nbo_q_a,0.6796799203456374,0.25302392518822836,2.507338077331797,LOOCV,ln(kobs) = <nonlinear model; no closed-form linear equation>
azoarene_svr_rbf_c30_eps005_scale,ln(kobs),4,ar2_homo_hartree|ar2_enthalpy_hartree|ar2_Ar_Ster_B5|ar1_Ar_NBO_OH,0.6796799203456374,0.25302392518822836,2.507338077331797,LOOCV,ln(kobs) = <nonlinear model; no closed-form linear equation>
azoarene_svr_rbf_c30_eps005_scale,ln(kobs),4,ar2_homo_hartree|ar2_enthalpy_hartree|ar2_sterimol_B5|ar1_nbo_q_a,0.6796799203456374,0.25302392518822836,2.507338077331797,LOOCV,ln(kobs) = <nonlinear model; no closed-form linear equation>
azoarene_svr_rbf_c30_eps005_scale,ln(kobs),4,ar2_homo_hartree|ar2_enthalpy_hartree|ar2_sterimol_B5|ar1_Ar_NBO_OH,0.6796799203456374,0.25302392518822836,2.507338077331797,LOOCV,ln(kobs) = <nonlinear model; no closed-form linear equation>
azoarene_svr_rbf_c30_eps005_scale,ln(kobs),4,ar2_Ar_HOMO|ar2_scf_energy_hartree|ar2_Ar_Ster_B5|ar1_nbo_q_a,0.6796874126721858,0.2529784944021489,2.507308753685408,LOOCV,ln(kobs) = <nonlinear model; no closed-form linear equation>
azoarene_svr_rbf_c30_eps005_scale,ln(kobs),4,ar2_Ar_HOMO|ar2_scf_energy_hartree|ar2_Ar_Ster_B5|ar1_Ar_NBO_OH,0.6796874126721858,0.2529784944021489,2.507308753685408,LOOCV,ln(kobs) = <nonlinear model; no closed-form linear equation>
azoarene_svr_rbf_c30_eps005_scale,ln(kobs),4,ar2_Ar_HOMO|ar2_scf_energy_hartree|ar2_sterimol_B5|ar1_nbo_q_a,0.6796874126721858,0.2529784944021489,2.507308753685408,LOOCV,ln(kobs) = <nonlinear model; no closed-form linear equation>
azoarene_svr_rbf_c30_eps005_scale,ln(kobs),4,ar2_Ar_HOMO|ar2_scf_energy_hartree|ar2_sterimol_B5|ar1_Ar_NBO_OH,0.6796874126721858,0.2529784944021489,2.507308753685408,LOOCV,ln(kobs) = <nonlinear model; no closed-form linear equation>
azoarene_svr_rbf_c30_eps005_scale,ln(kobs),4,ar2_homo_hartree|ar2_scf_energy_hartree|ar2_Ar_Ster_B5|ar1_nbo_q_a,0.6796874126721858,0.2529784944021489,2.507308753685408,LOOCV,ln(kobs) = <nonlinear model; no closed-form linear equation>
azoarene_svr_rbf_c30_eps005_scale,ln(kobs),4,ar2_homo_hartree|ar2_scf_energy_hartree|ar2_Ar_Ster_B5|ar1_Ar_NBO_OH,0.6796874126721858,0.2529784944021489,2.507308753685408,LOOCV,ln(kobs) = <nonlinear model; no closed-form linear equation>
azoarene_svr_rbf_c30_eps005_scale,ln(kobs),4,ar2_homo_hartree|ar2_scf_energy_hartree|ar2_sterimol_B5|ar1_nbo_q_a,0.6796874126721858,0.2529784944021489,2.507308753685408,LOOCV,ln(kobs) = <nonlinear model; no closed-form linear equation>
azoarene_svr_rbf_c30_eps005_scale,ln(kobs),4,ar2_homo_hartree|ar2_scf_energy_hartree|ar2_sterimol_B5|ar1_Ar_NBO_OH,0.6796874126721858,0.2529784944021489,2.507308753685408,LOOCV,ln(kobs) = <nonlinear model; no closed-form linear equation>
azoarene_svr_rbf_c30_eps005_scale,ln(kobs),3,ar2_Ar_polar|rate kobs (s-1)|ar1_bond_length_c_a,0.6406058943769746,0.2524258316508765,2.655866794900825,LOOCV,ln(kobs) = <nonlinear model; no closed-form linear equation>
azoarene_svr_rbf_c30_eps005_scale,ln(kobs),3,ar2_isotropic_polarizability_au|rate kobs (s-1)|ar1_bond_length_c_a,0.6406058943769746,0.2524258316508765,2.655866794900825,LOOCV,ln(kobs) = <nonlinear model; no closed-form linear equation>
azoarene_svr_rbf_c30_eps005_scale,ln(kobs),5,ar2_Ar_HOMO|ar1_bond_length_c_a|ar2_gap_hartree|ar1_bond_length_c_e|ar1_nbo_q_a,0.7888809982591953,0.2522433882886982,2.0355626617173024,LOOCV,ln(kobs) = <nonlinear model; no closed-form linear equation>
azoarene_svr_rbf_c30_eps005_scale,ln(kobs),5,ar2_Ar_HOMO|ar1_bond_length_c_a|ar2_gap_hartree|ar1_bond_length_c_e|ar1_Ar_NBO_OH,0.7888809982591953,0.2522433882886982,2.0355626617173024,LOOCV,ln(kobs) = <nonlinear model; no closed-form linear equation>
azoarene_svr_rbf_c30_eps005_scale,ln(kobs),5,ar2_homo_hartree|ar1_bond_length_c_a|ar2_gap_hartree|ar1_bond_length_c_e|ar1_nbo_q_a,0.7888809982591953,0.2522433882886982,2.0355626617173024,LOOCV,ln(kobs) = <nonlinear model; no closed-form linear equation>
azoarene_svr_rbf_c30_eps005_scale,ln(kobs),5,ar2_homo_hartree|ar1_bond_length_c_a|ar2_gap_hartree|ar1_bond_length_c_e|ar1_Ar_NBO_OH,0.7888809982591953,0.2522433882886982,2.0355626617173024,LOOCV,ln(kobs) = <nonlinear model; no closed-form linear equation>
azoarene_svr_rbf_c30_eps005_scale,ln(kobs),5,ar2_Ar_HOMO|ar2_homo_hartree|rate kobs (s-1)|ar1_bond_length_c_a|ar2_gap_hartree,0.80633931376594,0.25196259428958967,1.9495821837357112,LOOCV,ln(kobs) = <nonlinear model; no closed-form linear equation>
azoarene_svr_rbf_c30_eps005_scale,ln(kobs),5,ar2_Ar_HOMO|ar2_Ar_polar|ar2_isotropic_polarizability_au|ar2_gibbs_free_energy_hartree|rate kobs (s-1),0.7689678150352768,0.25156490235445894,2.1293990544704946,LOOCV,ln(kobs) = <nonlinear model; no closed-form linear equation>
azoarene_svr_rbf_c30_eps005_scale,ln(kobs),5,ar2_homo_hartree|ar2_Ar_polar|ar2_isotropic_polarizability_au|ar2_gibbs_free_energy_hartree|rate kobs (s-1),0.7689678150352768,0.25156490235445894,2.1293990544704946,LOOCV,ln(kobs) = <nonlinear model; no closed-form linear equation>
azoarene_svr_rbf_c30_eps005_scale,ln(kobs),5,ar2_Ar_HOMO|ar2_Ar_polar|ar2_isotropic_polarizability_au|ar2_enthalpy_hartree|rate kobs (s-1),0.768967276825786,0.2515509058263029,2.129401534778841,LOOCV,ln(kobs) = <nonlinear model; no closed-form linear equation>
azoarene_svr_rbf_c30_eps005_scale,ln(kobs),5,ar2_homo_hartree|ar2_Ar_polar|ar2_isotropic_polarizability_au|ar2_enthalpy_hartree|rate kobs (s-1),0.768967276825786,0.2515509058263029,2.129401534778841,LOOCV,ln(kobs) = <nonlinear model; no closed-form linear equation>
azoarene_svr_rbf_c30_eps005_scale,ln(kobs),5,ar2_Ar_HOMO|ar2_Ar_polar|ar2_isotropic_polarizability_au|ar2_scf_energy_hartree|rate kobs (s-1),0.7689784856902294,0.2515036431548008,2.129349878757289,LOOCV,ln(kobs) = <nonlinear model; no closed-form linear equation>
azoarene_svr_rbf_c30_eps005_scale,ln(kobs),5,ar2_homo_hartree|ar2_Ar_polar|ar2_isotropic_polarizability_au|ar2_scf_energy_hartree|rate kobs (s-1),0.7689784856902294,0.2515036431548008,2.129349878757289,LOOCV,ln(kobs) = <nonlinear model; no closed-form linear equation>
azoarene_svr_rbf_c30_eps005_scale,ln(kobs),5,ar2_Ar_HOMO|ar1_bond_length_c_a|ar2_lumo_hartree|ar1_q_a|ar1_nbo_q_a,0.8203980758552525,0.2497094676893148,1.8774842685463784,LOOCV,ln(kobs) = <nonlinear model; no closed-form linear equation>
azoarene_svr_rbf_c30_eps005_scale,ln(kobs),5,ar2_Ar_HOMO|ar1_bond_length_c_a|ar2_lumo_hartree|ar1_q_a|ar1_Ar_NBO_OH,0.8203980758552525,0.2497094676893148,1.8774842685463784,LOOCV,ln(kobs) = <nonlinear model; no closed-form linear equation>
azoarene_svr_rbf_c30_eps005_scale,ln(kobs),5,ar2_Ar_HOMO|ar1_bond_length_c_a|ar2_Ar_LUMO|ar1_q_a|ar1_nbo_q_a,0.8203980758552525,0.2497094676893148,1.8774842685463784,LOOCV,ln(kobs) = <nonlinear model; no closed-form linear equation>
azoarene_svr_rbf_c30_eps005_scale,ln(kobs),5,ar2_Ar_HOMO|ar1_bond_length_c_a|ar2_Ar_LUMO|ar1_q_a|ar1_Ar_NBO_OH,0.8203980758552525,0.2497094676893148,1.8774842685463784,LOOCV,ln(kobs) = <nonlinear model; no closed-form linear equation>
azoarene_svr_rbf_c30_eps005_scale,ln(kobs),5,ar2_homo_hartree|ar1_bond_length_c_a|ar2_lumo_hartree|ar1_q_a|ar1_nbo_q_a,0.8203980758552525,0.2497094676893148,1.8774842685463784,LOOCV,ln(kobs) = <nonlinear model; no closed-form linear equation>
azoarene_svr_rbf_c30_eps005_scale,ln(kobs),5,ar2_homo_hartree|ar1_bond_length_c_a|ar2_lumo_hartree|ar1_q_a|ar1_Ar_NBO_OH,0.8203980758552525,0.2497094676893148,1.8774842685463784,LOOCV,ln(kobs) = <nonlinear model; no closed-form linear equation>
azoarene_svr_rbf_c30_eps005_scale,ln(kobs),5,ar2_homo_hartree|ar1_bond_length_c_a|ar2_Ar_LUMO|ar1_q_a|ar1_nbo_q_a,0.8203980758552525,0.2497094676893148,1.8774842685463784,LOOCV,ln(kobs) = <nonlinear model; no closed-form linear equation>
azoarene_svr_rbf_c30_eps005_scale,ln(kobs),5,ar2_homo_hartree|ar1_bond_length_c_a|ar2_Ar_LUMO|ar1_q_a|ar1_Ar_NBO_OH,0.8203980758552525,0.2497094676893148,1.8774842685463784,LOOCV,ln(kobs) = <nonlinear model; no closed-form linear equation>
azoarene_svr_rbf_c30_eps005_scale,ln(kobs),4,ar2_Ar_HOMO|ar2_Ar_polar|ar2_isotropic_polarizability_au|rate kobs (s-1),0.7792651253170768,0.24898539443287004,2.081403551800691,LOOCV,ln(kobs) = <nonlinear model; no closed-form linear equation>
azoarene_svr_rbf_c30_eps005_scale,ln(kobs),4,ar2_homo_hartree|ar2_Ar_polar|ar2_isotropic_polarizability_au|rate kobs (s-1),0.7792651253170768,0.24898539443287004,2.081403551800691,LOOCV,ln(kobs) = <nonlinear model; no closed-form linear equation>
azoarene_svr_rbf_c30_eps005_scale,ln(kobs),5,ar2_Ar_HOMO|rate kobs (s-1)|ar1_bond_length_c_a|ar2_lumo_hartree|ar2_Ar_LUMO,0.8238206364564045,0.24705683905542664,1.8595092049488935,LOOCV,ln(kobs) = <nonlinear model; no closed-form linear equation>
azoarene_svr_rbf_c30_eps005_scale,ln(kobs),5,ar2_homo_hartree|rate kobs (s-1)|ar1_bond_length_c_a|ar2_lumo_hartree|ar2_Ar_LUMO,0.8238206364564045,0.24705683905542664,1.8595092049488935,LOOCV,ln(kobs) = <nonlinear model; no closed-form linear equation>
azoarene_svr_rbf_c30_eps005_scale,ln(kobs),5,ar2_Ar_HOMO|ar2_homo_hartree|ar2_scf_energy_hartree|rate kobs (s-1)|ar1_nbo_q_a,0.7926325750598857,0.24578350674838456,2.0173956568508604,LOOCV,ln(kobs) = <nonlinear model; no closed-form linear equation>
azoarene_svr_rbf_c30_eps005_scale,ln(kobs),5,ar2_Ar_HOMO|ar2_homo_hartree|ar2_scf_energy_hartree|rate kobs (s-1)|ar1_Ar_NBO_OH,0.7926325750598857,0.24578350674838456,2.0173956568508604,LOOCV,ln(kobs) = <nonlinear model; no closed-form linear equation>
azoarene_svr_rbf_c30_eps005_scale,ln(kobs),5,ar2_Ar_HOMO|ar2_homo_hartree|ar2_enthalpy_hartree|rate kobs (s-1)|ar1_nbo_q_a,0.7926298467996863,0.24573934089917704,2.017408927889394,LOOCV,ln(kobs) = <nonlinear model; no closed-form linear equation>
azoarene_svr_rbf_c30_eps005_scale,ln(kobs),5,ar2_Ar_HOMO|ar2_homo_hartree|ar2_enthalpy_hartree|rate kobs (s-1)|ar1_Ar_NBO_OH,0.7926298467996863,0.24573934089917704,2.017408927889394,LOOCV,ln(kobs) = <nonlinear model; no closed-form linear equation>
azoarene_svr_rbf_c30_eps005_scale,ln(kobs),5,ar2_Ar_HOMO|ar2_homo_hartree|ar2_gibbs_free_energy_hartree|rate kobs (s-1)|ar1_nbo_q_a,0.7926376190209312,0.24572688936774756,2.0173711213506786,LOOCV,ln(kobs) = <nonlinear model; no closed-form linear equation>
azoarene_svr_rbf_c30_eps005_scale,ln(kobs),5,ar2_Ar_HOMO|ar2_homo_hartree|ar2_gibbs_free_energy_hartree|rate kobs (s-1)|ar1_Ar_NBO_OH,0.7926376190209312,0.24572688936774756,2.0173711213506786,LOOCV,ln(kobs) = <nonlinear model; no closed-form linear equation>
azoarene_svr_rbf_c30_eps005_scale,ln(kobs),4,rate kobs (s-1)|ar2_lumo_hartree|ar1_bond_length_c_e|ar2_Ar_Ster_B5,0.7874459855030936,0.24531095894946298,2.0424689833264984,LOOCV,ln(kobs) = <nonlinear model; no closed-form linear equation>
azoarene_svr_rbf_c30_eps005_scale,ln(kobs),4,rate kobs (s-1)|ar2_lumo_hartree|ar1_bond_length_c_e|ar2_sterimol_B5,0.7874459855030936,0.24531095894946298,2.0424689833264984,LOOCV,ln(kobs) = <nonlinear model; no closed-form linear equation>
azoarene_svr_rbf_c30_eps005_scale,ln(kobs),4,rate kobs (s-1)|ar2_Ar_LUMO|ar1_bond_length_c_e|ar2_Ar_Ster_B5,0.7874459855030936,0.24531095894946298,2.0424689833264984,LOOCV,ln(kobs) = <nonlinear model; no closed-form linear equation>
azoarene_svr_rbf_c30_eps005_scale,ln(kobs),4,rate kobs (s-1)|ar2_Ar_LUMO|ar1_bond_length_c_e|ar2_sterimol_B5,0.7874459855030936,0.24531095894946298,2.0424689833264984,LOOCV,ln(kobs) = <nonlinear model; no closed-form linear equation>
azoarene_svr_rbf_c30_eps005_scale,ln(kobs),5,ar2_Ar_HOMO|ar2_Ar_polar|ar1_bond_length_c_a|ar1_q_a|ar1_nbo_q_a,0.802279066166084,0.24349475446396018,1.9699134282792286,LOOCV,ln(kobs) = <nonlinear model; no closed-form linear equation>
azoarene_svr_rbf_c30_eps005_scale,ln(kobs),5,ar2_Ar_HOMO|ar2_Ar_polar|ar1_bond_length_c_a|ar1_q_a|ar1_Ar_NBO_OH,0.802279066166084,0.24349475446396018,1.9699134282792286,LOOCV,ln(kobs) = <nonlinear model; no closed-form linear equation>
azoarene_svr_rbf_c30_eps005_scale,ln(kobs),5,ar2_Ar_HOMO|ar2_isotropic_polarizability_au|ar1_bond_length_c_a|ar1_q_a|ar1_nbo_q_a,0.802279066166084,0.24349475446396018,1.9699134282792286,LOOCV,ln(kobs) = <nonlinear model; no closed-form linear equation>
azoarene_svr_rbf_c30_eps005_scale,ln(kobs),5,ar2_Ar_HOMO|ar2_isotropic_polarizability_au|ar1_bond_length_c_a|ar1_q_a|ar1_Ar_NBO_OH,0.802279066166084,0.24349475446396018,1.9699134282792286,LOOCV,ln(kobs) = <nonlinear model; no closed-form linear equation>
azoarene_svr_rbf_c30_eps005_scale,ln(kobs),5,ar2_homo_hartree|ar2_Ar_polar|ar1_bond_length_c_a|ar1_q_a|ar1_nbo_q_a,0.802279066166084,0.24349475446396018,1.9699134282792286,LOOCV,ln(kobs) = <nonlinear model; no closed-form linear equation>
azoarene_svr_rbf_c30_eps005_scale,ln(kobs),5,ar2_homo_hartree|ar2_Ar_polar|ar1_bond_length_c_a|ar1_q_a|ar1_Ar_NBO_OH,0.802279066166084,0.24349475446396018,1.9699134282792286,LOOCV,ln(kobs) = <nonlinear model; no closed-form linear equation>
azoarene_svr_rbf_c30_eps005_scale,ln(kobs),5,ar2_homo_hartree|ar2_isotropic_polarizability_au|ar1_bond_length_c_a|ar1_q_a|ar1_nbo_q_a,0.802279066166084,0.24349475446396018,1.9699134282792286,LOOCV,ln(kobs) = <nonlinear model; no closed-form linear equation>
azoarene_svr_rbf_c30_eps005_scale,ln(kobs),5,ar2_homo_hartree|ar2_isotropic_polarizability_au|ar1_bond_length_c_a|ar1_q_a|ar1_Ar_NBO_OH,0.802279066166084,0.24349475446396018,1.9699134282792286,LOOCV,ln(kobs) = <nonlinear model; no closed-form linear equation>
azoarene_svr_rbf_c30_eps005_scale,ln(kobs),4,ar2_Ar_HOMO|ar2_homo_hartree|ar2_gap_hartree|ar1_nbo_q_a,0.6858729696435393,0.24327040663525323,2.482981412801263,LOOCV,ln(kobs) = <nonlinear model; no closed-form linear equation>
azoarene_svr_rbf_c30_eps005_scale,ln(kobs),4,ar2_Ar_HOMO|ar2_homo_hartree|ar2_gap_hartree|ar1_Ar_NBO_OH,0.6858729696435393,0.24327040663525323,2.482981412801263,LOOCV,ln(kobs) = <nonlinear model; no closed-form linear equation>
azoarene_svr_rbf_c30_eps005_scale,ln(kobs),5,ar2_Ar_HOMO|ar1_bond_length_c_a|ar2_gap_hartree|ar1_q_a|ar1_nbo_q_a,0.8212170544240591,0.24276258486837998,1.8731987458068566,LOOCV,ln(kobs) = <nonlinear model; no closed-form linear equation>
azoarene_svr_rbf_c30_eps005_scale,ln(kobs),5,ar2_Ar_HOMO|ar1_bond_length_c_a|ar2_gap_hartree|ar1_q_a|ar1_Ar_NBO_OH,0.8212170544240591,0.24276258486837998,1.8731987458068566,LOOCV,ln(kobs) = <nonlinear model; no closed-form linear equation>
azoarene_svr_rbf_c30_eps005_scale,ln(kobs),5,ar2_homo_hartree|ar1_bond_length_c_a|ar2_gap_hartree|ar1_q_a|ar1_nbo_q_a,0.8212170544240591,0.24276258486837998,1.8731987458068566,LOOCV,ln(kobs) = <nonlinear model; no closed-form linear equation>
azoarene_svr_rbf_c30_eps005_scale,ln(kobs),5,ar2_homo_hartree|ar1_bond_length_c_a|ar2_gap_hartree|ar1_q_a|ar1_Ar_NBO_OH,0.8212170544240591,0.24276258486837998,1.8731987458068566,LOOCV,ln(kobs) = <nonlinear model; no closed-form linear equation>
azoarene_svr_rbf_c30_eps005_scale,ln(kobs),3,ar2_Ar_HOMO|ar2_gibbs_free_energy_hartree|ar1_nbo_q_a,0.6851298719270493,0.24273276434307067,2.4859165437186674,LOOCV,ln(kobs) = <nonlinear model; no closed-form linear equation>
azoarene_svr_rbf_c30_eps005_scale,ln(kobs),3,ar2_Ar_HOMO|ar2_gibbs_free_energy_hartree|ar1_Ar_NBO_OH,0.6851298719270493,0.24273276434307067,2.4859165437186674,LOOCV,ln(kobs) = <nonlinear model; no closed-form linear equation>
azoarene_svr_rbf_c30_eps005_scale,ln(kobs),3,ar2_homo_hartree|ar2_gibbs_free_energy_hartree|ar1_nbo_q_a,0.6851298719270493,0.24273276434307067,2.4859165437186674,LOOCV,ln(kobs) = <nonlinear model; no closed-form linear equation>
azoarene_svr_rbf_c30_eps005_scale,ln(kobs),3,ar2_homo_hartree|ar2_gibbs_free_energy_hartree|ar1_Ar_NBO_OH,0.6851298719270493,0.24273276434307067,2.4859165437186674,LOOCV,ln(kobs) = <nonlinear model; no closed-form linear equation>
azoarene_svr_rbf_c30_eps005_scale,ln(kobs),3,ar2_Ar_HOMO|ar2_enthalpy_hartree|ar1_nbo_q_a,0.6851336364862262,0.24270201505636824,2.485901682975975,LOOCV,ln(kobs) = <nonlinear model; no closed-form linear equation>
azoarene_svr_rbf_c30_eps005_scale,ln(kobs),3,ar2_Ar_HOMO|ar2_enthalpy_hartree|ar1_Ar_NBO_OH,0.6851336364862262,0.24270201505636824,2.485901682975975,LOOCV,ln(kobs) = <nonlinear model; no closed-form linear equation>
azoarene_svr_rbf_c30_eps005_scale,ln(kobs),3,ar2_homo_hartree|ar2_enthalpy_hartree|ar1_nbo_q_a,0.6851336364862262,0.24270201505636824,2.485901682975975,LOOCV,ln(kobs) = <nonlinear model; no closed-form linear equation>
azoarene_svr_rbf_c30_eps005_scale,ln(kobs),3,ar2_homo_hartree|ar2_enthalpy_hartree|ar1_Ar_NBO_OH,0.6851336364862262,0.24270201505636824,2.485901682975975,LOOCV,ln(kobs) = <nonlinear model; no closed-form linear equation>
azoarene_svr_rbf_c30_eps005_scale,ln(kobs),3,ar2_Ar_HOMO|ar2_scf_energy_hartree|ar1_nbo_q_a,0.6851214366395397,0.2426946019266294,2.4859498420192403,LOOCV,ln(kobs) = <nonlinear model; no closed-form linear equation>
azoarene_svr_rbf_c30_eps005_scale,ln(kobs),3,ar2_Ar_HOMO|ar2_scf_energy_hartree|ar1_Ar_NBO_OH,0.6851214366395397,0.2426946019266294,2.4859498420192403,LOOCV,ln(kobs) = <nonlinear model; no closed-form linear equation>
azoarene_svr_rbf_c30_eps005_scale,ln(kobs),3,ar2_homo_hartree|ar2_scf_energy_hartree|ar1_nbo_q_a,0.6851214366395397,0.2426946019266294,2.4859498420192403,LOOCV,ln(kobs) = <nonlinear model; no closed-form linear equation>
azoarene_svr_rbf_c30_eps005_scale,ln(kobs),3,ar2_homo_hartree|ar2_scf_energy_hartree|ar1_Ar_NBO_OH,0.6851214366395397,0.2426946019266294,2.4859498420192403,LOOCV,ln(kobs) = <nonlinear model; no closed-form linear equation>
azoarene_svr_rbf_c30_eps005_scale,ln(kobs),4,ar2_Ar_HOMO|ar2_homo_hartree|ar1_bond_length_c_e|ar1_nbo_q_a,0.7329291045996399,0.24171157848967084,2.2894654572298294,LOOCV,ln(kobs) = <nonlinear model; no closed-form linear equation>
azoarene_svr_rbf_c30_eps005_scale,ln(kobs),4,ar2_Ar_HOMO|ar2_homo_hartree|ar1_bond_length_c_e|ar1_Ar_NBO_OH,0.7329291045996399,0.24171157848967084,2.2894654572298294,LOOCV,ln(kobs) = <nonlinear model; no closed-form linear equation>
azoarene_svr_rbf_c30_eps005_scale,ln(kobs),3,ar2_gibbs_free_energy_hartree|ar1_nbo_q_a|ar1_Ar_NBO_OH,0.48329157483318375,0.24049646644157208,3.1845171028511365,LOOCV,ln(kobs) = <nonlinear model; no closed-form linear equation>
azoarene_svr_rbf_c30_eps005_scale,ln(kobs),3,ar2_enthalpy_hartree|ar1_nbo_q_a|ar1_Ar_NBO_OH,0.4832667465870586,0.2404748846490251,3.1845936112074895,LOOCV,ln(kobs) = <nonlinear model; no closed-form linear equation>
azoarene_svr_rbf_c30_eps005_scale,ln(kobs),3,ar2_scf_energy_hartree|ar1_nbo_q_a|ar1_Ar_NBO_OH,0.48334860635601773,0.24046937241181088,3.1843413529864164,LOOCV,ln(kobs) = <nonlinear model; no closed-form linear equation>
azoarene_svr_rbf_c30_eps005_scale,ln(kobs),3,ar2_Ar_HOMO|rate kobs (s-1)|ar2_lumo_hartree,0.8033175341206165,0.24023749209340883,1.9647334377320493,LOOCV,ln(kobs) = <nonlinear model; no closed-form linear equation>
azoarene_svr_rbf_c30_eps005_scale,ln(kobs),3,ar2_Ar_HOMO|rate kobs (s-1)|ar2_Ar_LUMO,0.8033175341206165,0.24023749209340883,1.9647334377320493,LOOCV,ln(kobs) = <nonlinear model; no closed-form linear equation>
azoarene_svr_rbf_c30_eps005_scale,ln(kobs),3,ar2_homo_hartree|rate kobs (s-1)|ar2_lumo_hartree,0.8033175341206165,0.24023749209340883,1.9647334377320493,LOOCV,ln(kobs) = <nonlinear model; no closed-form linear equation>
azoarene_svr_rbf_c30_eps005_scale,ln(kobs),3,ar2_homo_hartree|rate kobs (s-1)|ar2_Ar_LUMO,0.8033175341206165,0.24023749209340883,1.9647334377320493,LOOCV,ln(kobs) = <nonlinear model; no closed-form linear equation>
azoarene_svr_rbf_c30_eps005_scale,ln(kobs),5,ar2_Ar_HOMO|rate kobs (s-1)|ar1_bond_length_c_a|ar2_lumo_hartree|ar2_gap_hartree,0.8238138331313001,0.23891846734849886,1.8595451079152596,LOOCV,ln(kobs) = <nonlinear model; no closed-form linear equation>
azoarene_svr_rbf_c30_eps005_scale,ln(kobs),5,ar2_Ar_HOMO|rate kobs (s-1)|ar1_bond_length_c_a|ar2_Ar_LUMO|ar2_gap_hartree,0.8238138331313001,0.23891846734849886,1.8595451079152596,LOOCV,ln(kobs) = <nonlinear model; no closed-form linear equation>
azoarene_svr_rbf_c30_eps005_scale,ln(kobs),5,ar2_homo_hartree|rate kobs (s-1)|ar1_bond_length_c_a|ar2_lumo_hartree|ar2_gap_hartree,0.8238138331313001,0.23891846734849886,1.8595451079152596,LOOCV,ln(kobs) = <nonlinear model; no closed-form linear equation>
azoarene_svr_rbf_c30_eps005_scale,ln(kobs),5,ar2_homo_hartree|rate kobs (s-1)|ar1_bond_length_c_a|ar2_Ar_LUMO|ar2_gap_hartree,0.8238138331313001,0.23891846734849886,1.8595451079152596,LOOCV,ln(kobs) = <nonlinear model; no closed-form linear equation>
azoarene_svr_rbf_c30_eps005_scale,ln(kobs),4,ar2_Ar_HOMO|ar1_bond_length_c_a|ar2_lumo_hartree|ar2_Ar_Ster_B5,0.7595163264615027,0.23861119806708386,2.1725191479443726,LOOCV,ln(kobs) = <nonlinear model; no closed-form linear equation>
azoarene_svr_rbf_c30_eps005_scale,ln(kobs),4,ar2_Ar_HOMO|ar1_bond_length_c_a|ar2_lumo_hartree|ar2_sterimol_B5,0.7595163264615027,0.23861119806708386,2.1725191479443726,LOOCV,ln(kobs) = <nonlinear model; no closed-form linear equation>
azoarene_svr_rbf_c30_eps005_scale,ln(kobs),4,ar2_Ar_HOMO|ar1_bond_length_c_a|ar2_Ar_LUMO|ar2_Ar_Ster_B5,0.7595163264615027,0.23861119806708386,2.1725191479443726,LOOCV,ln(kobs) = <nonlinear model; no closed-form linear equation>
azoarene_svr_rbf_c30_eps005_scale,ln(kobs),4,ar2_Ar_HOMO|ar1_bond_length_c_a|ar2_Ar_LUMO|ar2_sterimol_B5,0.7595163264615027,0.23861119806708386,2.1725191479443726,LOOCV,ln(kobs) = <nonlinear model; no closed-form linear equation>
azoarene_svr_rbf_c30_eps005_scale,ln(kobs),4,ar2_homo_hartree|ar1_bond_length_c_a|ar2_lumo_hartree|ar2_Ar_Ster_B5,0.7595163264615027,0.23861119806708386,2.1725191479443726,LOOCV,ln(kobs) = <nonlinear model; no closed-form linear equation>
azoarene_svr_rbf_c30_eps005_scale,ln(kobs),4,ar2_homo_hartree|ar1_bond_length_c_a|ar2_lumo_hartree|ar2_sterimol_B5,0.7595163264615027,0.23861119806708386,2.1725191479443726,LOOCV,ln(kobs) = <nonlinear model; no closed-form linear equation>
azoarene_svr_rbf_c30_eps005_scale,ln(kobs),4,ar2_homo_hartree|ar1_bond_length_c_a|ar2_Ar_LUMO|ar2_Ar_Ster_B5,0.7595163264615027,0.23861119806708386,2.1725191479443726,LOOCV,ln(kobs) = <nonlinear model; no closed-form linear equation>
azoarene_svr_rbf_c30_eps005_scale,ln(kobs),4,ar2_homo_hartree|ar1_bond_length_c_a|ar2_Ar_LUMO|ar2_sterimol_B5,0.7595163264615027,0.23861119806708386,2.1725191479443726,LOOCV,ln(kobs) = <nonlinear model; no closed-form linear equation>
azoarene_svr_rbf_c30_eps005_scale,ln(kobs),4,ar2_Ar_HOMO|ar2_Ar_polar|ar1_bond_length_c_e|ar1_nbo_q_a,0.7415417983879877,0.23829551407260485,2.252246772461661,LOOCV,ln(kobs) = <nonlinear model; no closed-form linear equation>
azoarene_svr_rbf_c30_eps005_scale,ln(kobs),4,ar2_Ar_HOMO|ar2_Ar_polar|ar1_bond_length_c_e|ar1_Ar_NBO_OH,0.7415417983879877,0.23829551407260485,2.252246772461661,LOOCV,ln(kobs) = <nonlinear model; no closed-form linear equation>
azoarene_svr_rbf_c30_eps005_scale,ln(kobs),4,ar2_Ar_HOMO|ar2_isotropic_polarizability_au|ar1_bond_length_c_e|ar1_nbo_q_a,0.7415417983879877,0.23829551407260485,2.252246772461661,LOOCV,ln(kobs) = <nonlinear model; no closed-form linear equation>
azoarene_svr_rbf_c30_eps005_scale,ln(kobs),4,ar2_Ar_HOMO|ar2_isotropic_polarizability_au|ar1_bond_length_c_e|ar1_Ar_NBO_OH,0.7415417983879877,0.23829551407260485,2.252246772461661,LOOCV,ln(kobs) = <nonlinear model; no closed-form linear equation>
azoarene_svr_rbf_c30_eps005_scale,ln(kobs),4,ar2_homo_hartree|ar2_Ar_polar|ar1_bond_length_c_e|ar1_nbo_q_a,0.7415417983879877,0.23829551407260485,2.252246772461661,LOOCV,ln(kobs) = <nonlinear model; no closed-form linear equation>
azoarene_svr_rbf_c30_eps005_scale,ln(kobs),4,ar2_homo_hartree|ar2_Ar_polar|ar1_bond_length_c_e|ar1_Ar_NBO_OH,0.7415417983879877,0.23829551407260485,2.252246772461661,LOOCV,ln(kobs) = <nonlinear model; no closed-form linear equation>
azoarene_svr_rbf_c30_eps005_scale,ln(kobs),4,ar2_homo_hartree|ar2_isotropic_polarizability_au|ar1_bond_length_c_e|ar1_nbo_q_a,0.7415417983879877,0.23829551407260485,2.252246772461661,LOOCV,ln(kobs) = <nonlinear model; no closed-form linear equation>
azoarene_svr_rbf_c30_eps005_scale,ln(kobs),4,ar2_homo_hartree|ar2_isotropic_polarizability_au|ar1_bond_length_c_e|ar1_Ar_NBO_OH,0.7415417983879877,0.23829551407260485,2.252246772461661,LOOCV,ln(kobs) = <nonlinear model; no closed-form linear equation>
azoarene_svr_rbf_c30_eps005_scale,ln(kobs),5,ar2_Ar_HOMO|ar2_homo_hartree|ar1_bond_length_c_a|ar1_q_a|ar1_nbo_q_a,0.7983313313684115,0.23704448014408408,1.9894820714028632,LOOCV,ln(kobs) = <nonlinear model; no closed-form linear equation>
azoarene_svr_rbf_c30_eps005_scale,ln(kobs),5,ar2_Ar_HOMO|ar2_homo_hartree|ar1_bond_length_c_a|ar1_q_a|ar1_Ar_NBO_OH,0.7983313313684115,0.23704448014408408,1.9894820714028632,LOOCV,ln(kobs) = <nonlinear model; no closed-form linear equation>
azoarene_svr_rbf_c30_eps005_scale,ln(kobs),3,ar1_bond_length_c_a|ar2_Ar_Ster_B5|ar1_nbo_q_a,0.6231336715917037,0.23654984471672547,2.7196591774197505,LOOCV,ln(kobs) = <nonlinear model; no closed-form linear equation>
azoarene_svr_rbf_c30_eps005_scale,ln(kobs),3,ar1_bond_length_c_a|ar2_Ar_Ster_B5|ar1_Ar_NBO_OH,0.6231336715917037,0.23654984471672547,2.7196591774197505,LOOCV,ln(kobs) = <nonlinear model; no closed-form linear equation>
azoarene_svr_rbf_c30_eps005_scale,ln(kobs),3,ar1_bond_length_c_a|ar2_sterimol_B5|ar1_nbo_q_a,0.6231336715917037,0.23654984471672547,2.7196591774197505,LOOCV,ln(kobs) = <nonlinear model; no closed-form linear equation>
azoarene_svr_rbf_c30_eps005_scale,ln(kobs),3,ar1_bond_length_c_a|ar2_sterimol_B5|ar1_Ar_NBO_OH,0.6231336715917037,0.23654984471672547,2.7196591774197505,LOOCV,ln(kobs) = <nonlinear model; no closed-form linear equation>
azoarene_svr_rbf_c30_eps005_scale,ln(kobs),5,ar2_Ar_HOMO|ar2_homo_hartree|ar2_Ar_polar|ar2_isotropic_polarizability_au|rate kobs (s-1),0.767325388616496,0.2358528950138713,2.136954684585446,LOOCV,ln(kobs) = <nonlinear model; no closed-form linear equation>
azoarene_svr_rbf_c30_eps005_scale,ln(kobs),3,ar2_Ar_HOMO|ar2_homo_hartree|ar2_Ar_polar,0.6110179598731841,0.23546215287586103,2.7630299281318442,LOOCV,ln(kobs) = <nonlinear model; no closed-form linear equation>
azoarene_svr_rbf_c30_eps005_scale,ln(kobs),3,ar2_Ar_HOMO|ar2_homo_hartree|ar2_isotropic_polarizability_au,0.6110179598731841,0.23546215287586103,2.7630299281318442,LOOCV,ln(kobs) = <nonlinear model; no closed-form linear equation>
azoarene_svr_rbf_c30_eps005_scale,ln(kobs),5,ar2_Ar_HOMO|rate kobs (s-1)|ar1_q_a|ar1_bond_length_c_e|ar1_nbo_q_a,0.8321687784512013,0.2342406346636482,1.8149187691388569,LOOCV,ln(kobs) = <nonlinear model; no closed-form linear equation>
azoarene_svr_rbf_c30_eps005_scale,ln(kobs),5,ar2_Ar_HOMO|rate kobs (s-1)|ar1_q_a|ar1_bond_length_c_e|ar1_Ar_NBO_OH,0.8321687784512013,0.2342406346636482,1.8149187691388569,LOOCV,ln(kobs) = <nonlinear model; no closed-form linear equation>
azoarene_svr_rbf_c30_eps005_scale,ln(kobs),5,ar2_homo_hartree|rate kobs (s-1)|ar1_q_a|ar1_bond_length_c_e|ar1_nbo_q_a,0.8321687784512013,0.2342406346636482,1.8149187691388569,LOOCV,ln(kobs) = <nonlinear model; no closed-form linear equation>
azoarene_svr_rbf_c30_eps005_scale,ln(kobs),5,ar2_homo_hartree|rate kobs (s-1)|ar1_q_a|ar1_bond_length_c_e|ar1_Ar_NBO_OH,0.8321687784512013,0.2342406346636482,1.8149187691388569,LOOCV,ln(kobs) = <nonlinear model; no closed-form linear equation>
azoarene_svr_rbf_c30_eps005_scale,ln(kobs),5,ar2_Ar_HOMO|ar2_gibbs_free_energy_hartree|ar2_enthalpy_hartree|rate kobs (s-1)|ar1_bond_length_c_a,0.7799525814978263,0.23330391320697808,2.0781598651062785,LOOCV,ln(kobs) = <nonlinear model; no closed-form linear equation>
azoarene_svr_rbf_c30_eps005_scale,ln(kobs),5,ar2_homo_hartree|ar2_gibbs_free_energy_hartree|ar2_enthalpy_hartree|rate kobs (s-1)|ar1_bond_length_c_a,0.7799525814978263,0.23330391320697808,2.0781598651062785,LOOCV,ln(kobs) = <nonlinear model; no closed-form linear equation>
azoarene_svr_rbf_c30_eps005_scale,ln(kobs),5,ar2_Ar_HOMO|ar2_scf_energy_hartree|ar2_enthalpy_hartree|rate kobs (s-1)|ar1_bond_length_c_a,0.7799469196506456,0.23330383947550015,2.0781866005889484,LOOCV,ln(kobs) = <nonlinear model; no closed-form linear equation>
azoarene_svr_rbf_c30_eps005_scale,ln(kobs),5,ar2_homo_hartree|ar2_scf_energy_hartree|ar2_enthalpy_hartree|rate kobs (s-1)|ar1_bond_length_c_a,0.7799469196506456,0.23330383947550015,2.0781866005889484,LOOCV,ln(kobs) = <nonlinear model; no closed-form linear equation>
azoarene_svr_rbf_c30_eps005_scale,ln(kobs),5,ar2_Ar_HOMO|ar2_scf_energy_hartree|ar2_gibbs_free_energy_hartree|rate kobs (s-1)|ar1_bond_length_c_a,0.7799581984647844,0.23327006971984865,2.0781333412100476,LOOCV,ln(kobs) = <nonlinear model; no closed-form linear equation>
azoarene_svr_rbf_c30_eps005_scale,ln(kobs),5,ar2_homo_hartree|ar2_scf_energy_hartree|ar2_gibbs_free_energy_hartree|rate kobs (s-1)|ar1_bond_length_c_a,0.7799581984647844,0.23327006971984865,2.0781333412100476,LOOCV,ln(kobs) = <nonlinear model; no closed-form linear equation>
azoarene_svr_rbf_c30_eps005_scale,ln(kobs),5,ar2_Ar_HOMO|ar2_Ar_polar|ar1_bond_length_c_a|ar1_q_a|ar1_bond_length_c_e,0.8046523823095935,0.23263019228567738,1.9580549424306057,LOOCV,ln(kobs) = <nonlinear model; no closed-form linear equation>
azoarene_svr_rbf_c30_eps005_scale,ln(kobs),5,ar2_Ar_HOMO|ar2_isotropic_polarizability_au|ar1_bond_length_c_a|ar1_q_a|ar1_bond_length_c_e,0.8046523823095935,0.23263019228567738,1.9580549424306057,LOOCV,ln(kobs) = <nonlinear model; no closed-form linear equation>
azoarene_svr_rbf_c30_eps005_scale,ln(kobs),5,ar2_homo_hartree|ar2_Ar_polar|ar1_bond_length_c_a|ar1_q_a|ar1_bond_length_c_e,0.8046523823095935,0.23263019228567738,1.9580549424306057,LOOCV,ln(kobs) = <nonlinear model; no closed-form linear equation>
azoarene_svr_rbf_c30_eps005_scale,ln(kobs),5,ar2_homo_hartree|ar2_isotropic_polarizability_au|ar1_bond_length_c_a|ar1_q_a|ar1_bond_length_c_e,0.8046523823095935,0.23263019228567738,1.9580549424306057,LOOCV,ln(kobs) = <nonlinear model; no closed-form linear equation>
azoarene_svr_rbf_c30_eps005_scale,ln(kobs),5,ar2_Ar_HOMO|ar1_q_a|ar1_bond_length_c_e|ar2_Ar_Ster_B5|ar1_nbo_q_a,0.7916635753646795,0.23200999231023578,2.0221036706667155,LOOCV,ln(kobs) = <nonlinear model; no closed-form linear equation>
azoarene_svr_rbf_c30_eps005_scale,ln(kobs),5,ar2_Ar_HOMO|ar1_q_a|ar1_bond_length_c_e|ar2_Ar_Ster_B5|ar1_Ar_NBO_OH,0.7916635753646795,0.23200999231023578,2.0221036706667155,LOOCV,ln(kobs) = <nonlinear model; no closed-form linear equation>
azoarene_svr_rbf_c30_eps005_scale,ln(kobs),5,ar2_Ar_HOMO|ar1_q_a|ar1_bond_length_c_e|ar2_sterimol_B5|ar1_nbo_q_a,0.7916635753646795,0.23200999231023578,2.0221036706667155,LOOCV,ln(kobs) = <nonlinear model; no closed-form linear equation>
azoarene_svr_rbf_c30_eps005_scale,ln(kobs),5,ar2_Ar_HOMO|ar1_q_a|ar1_bond_length_c_e|ar2_sterimol_B5|ar1_Ar_NBO_OH,0.7916635753646795,0.23200999231023578,2.0221036706667155,LOOCV,ln(kobs) = <nonlinear model; no closed-form linear equation>
azoarene_svr_rbf_c30_eps005_scale,ln(kobs),5,ar2_homo_hartree|ar1_q_a|ar1_bond_length_c_e|ar2_Ar_Ster_B5|ar1_nbo_q_a,0.7916635753646795,0.23200999231023578,2.0221036706667155,LOOCV,ln(kobs) = <nonlinear model; no closed-form linear equation>
azoarene_svr_rbf_c30_eps005_scale,ln(kobs),5,ar2_homo_hartree|ar1_q_a|ar1_bond_length_c_e|ar2_Ar_Ster_B5|ar1_Ar_NBO_OH,0.7916635753646795,0.23200999231023578,2.0221036706667155,LOOCV,ln(kobs) = <nonlinear model; no closed-form linear equation>
azoarene_svr_rbf_c30_eps005_scale,ln(kobs),5,ar2_homo_hartree|ar1_q_a|ar1_bond_length_c_e|ar2_sterimol_B5|ar1_nbo_q_a,0.7916635753646795,0.23200999231023578,2.0221036706667155,LOOCV,ln(kobs) = <nonlinear model; no closed-form linear equation>
azoarene_svr_rbf_c30_eps005_scale,ln(kobs),5,ar2_homo_hartree|ar1_q_a|ar1_bond_length_c_e|ar2_sterimol_B5|ar1_Ar_NBO_OH,0.7916635753646795,0.23200999231023578,2.0221036706667155,LOOCV,ln(kobs) = <nonlinear model; no closed-form linear equation>
azoarene_svr_rbf_c30_eps005_scale,ln(kobs),3,ar2_Ar_HOMO|ar2_lumo_hartree|ar2_Ar_Ster_B5,0.6281002677304972,0.23158425878341504,2.701678999870352,LOOCV,ln(kobs) = <nonlinear model; no closed-form linear equation>
azoarene_svr_rbf_c30_eps005_scale,ln(kobs),3,ar2_Ar_HOMO|ar2_lumo_hartree|ar2_sterimol_B5,0.6281002677304972,0.23158425878341504,2.701678999870352,LOOCV,ln(kobs) = <nonlinear model; no closed-form linear equation>
azoarene_svr_rbf_c30_eps005_scale,ln(kobs),3,ar2_Ar_HOMO|ar2_Ar_LUMO|ar2_Ar_Ster_B5,0.6281002677304972,0.23158425878341504,2.701678999870352,LOOCV,ln(kobs) = <nonlinear model; no closed-form linear equation>
azoarene_svr_rbf_c30_eps005_scale,ln(kobs),3,ar2_Ar_HOMO|ar2_Ar_LUMO|ar2_sterimol_B5,0.6281002677304972,0.23158425878341504,2.701678999870352,LOOCV,ln(kobs) = <nonlinear model; no closed-form linear equation>
azoarene_svr_rbf_c30_eps005_scale,ln(kobs),3,ar2_homo_hartree|ar2_lumo_hartree|ar2_Ar_Ster_B5,0.6281002677304972,0.23158425878341504,2.701678999870352,LOOCV,ln(kobs) = <nonlinear model; no closed-form linear equation>
azoarene_svr_rbf_c30_eps005_scale,ln(kobs),3,ar2_homo_hartree|ar2_lumo_hartree|ar2_sterimol_B5,0.6281002677304972,0.23158425878341504,2.701678999870352,LOOCV,ln(kobs) = <nonlinear model; no closed-form linear equation>
azoarene_svr_rbf_c30_eps005_scale,ln(kobs),3,ar2_homo_hartree|ar2_Ar_LUMO|ar2_Ar_Ster_B5,0.6281002677304972,0.23158425878341504,2.701678999870352,LOOCV,ln(kobs) = <nonlinear model; no closed-form linear equation>
azoarene_svr_rbf_c30_eps005_scale,ln(kobs),3,ar2_homo_hartree|ar2_Ar_LUMO|ar2_sterimol_B5,0.6281002677304972,0.23158425878341504,2.701678999870352,LOOCV,ln(kobs) = <nonlinear model; no closed-form linear equation>
azoarene_svr_rbf_c30_eps005_scale,ln(kobs),3,ar2_Ar_polar|ar2_enthalpy_hartree|ar1_nbo_q_a,0.45849990622275494,0.23089100324928802,3.2600186324553033,LOOCV,ln(kobs) = <nonlinear model; no closed-form linear equation>
azoarene_svr_rbf_c30_eps005_scale,ln(kobs),3,ar2_Ar_polar|ar2_enthalpy_hartree|ar1_Ar_NBO_OH,0.45849990622275494,0.23089100324928802,3.2600186324553033,LOOCV,ln(kobs) = <nonlinear model; no closed-form linear equation>
azoarene_svr_rbf_c30_eps005_scale,ln(kobs),3,ar2_isotropic_polarizability_au|ar2_enthalpy_hartree|ar1_nbo_q_a,0.45849990622275494,0.23089100324928802,3.2600186324553033,LOOCV,ln(kobs) = <nonlinear model; no closed-form linear equation>
azoarene_svr_rbf_c30_eps005_scale,ln(kobs),3,ar2_isotropic_polarizability_au|ar2_enthalpy_hartree|ar1_Ar_NBO_OH,0.45849990622275494,0.23089100324928802,3.2600186324553033,LOOCV,ln(kobs) = <nonlinear model; no closed-form linear equation>
azoarene_svr_rbf_c30_eps005_scale,ln(kobs),3,ar2_Ar_polar|ar2_gibbs_free_energy_hartree|ar1_nbo_q_a,0.4584946213385719,0.23088147219144206,3.2600345408356235,LOOCV,ln(kobs) = <nonlinear model; no closed-form linear equation>
azoarene_svr_rbf_c30_eps005_scale,ln(kobs),3,ar2_Ar_polar|ar2_gibbs_free_energy_hartree|ar1_Ar_NBO_OH,0.4584946213385719,0.23088147219144206,3.2600345408356235,LOOCV,ln(kobs) = <nonlinear model; no closed-form linear equation>
azoarene_svr_rbf_c30_eps005_scale,ln(kobs),3,ar2_isotropic_polarizability_au|ar2_gibbs_free_energy_hartree|ar1_nbo_q_a,0.4584946213385719,0.23088147219144206,3.2600345408356235,LOOCV,ln(kobs) = <nonlinear model; no closed-form linear equation>
azoarene_svr_rbf_c30_eps005_scale,ln(kobs),3,ar2_isotropic_polarizability_au|ar2_gibbs_free_energy_hartree|ar1_Ar_NBO_OH,0.4584946213385719,0.23088147219144206,3.2600345408356235,LOOCV,ln(kobs) = <nonlinear model; no closed-form linear equation>
azoarene_svr_rbf_c30_eps005_scale,ln(kobs),3,ar2_Ar_polar|ar2_scf_energy_hartree|ar1_nbo_q_a,0.4584832324378332,0.23082272346097443,3.260068823057034,LOOCV,ln(kobs) = <nonlinear model; no closed-form linear equation>
azoarene_svr_rbf_c30_eps005_scale,ln(kobs),3,ar2_Ar_polar|ar2_scf_energy_hartree|ar1_Ar_NBO_OH,0.4584832324378332,0.23082272346097443,3.260068823057034,LOOCV,ln(kobs) = <nonlinear model; no closed-form linear equation>
azoarene_svr_rbf_c30_eps005_scale,ln(kobs),3,ar2_isotropic_polarizability_au|ar2_scf_energy_hartree|ar1_nbo_q_a,0.4584832324378332,0.23082272346097443,3.260068823057034,LOOCV,ln(kobs) = <nonlinear model; no closed-form linear equation>
azoarene_svr_rbf_c30_eps005_scale,ln(kobs),3,ar2_isotropic_polarizability_au|ar2_scf_energy_hartree|ar1_Ar_NBO_OH,0.4584832324378332,0.23082272346097443,3.260068823057034,LOOCV,ln(kobs) = <nonlinear model; no closed-form linear equation>
azoarene_svr_rbf_c30_eps005_scale,ln(kobs),4,ar2_Ar_HOMO|ar1_bond_length_c_a|ar2_gap_hartree|ar2_Ar_Ster_B5,0.7598252563898411,0.23073678340946002,2.1711232696745792,LOOCV,ln(kobs) = <nonlinear model; no closed-form linear equation>
azoarene_svr_rbf_c30_eps005_scale,ln(kobs),4,ar2_Ar_HOMO|ar1_bond_length_c_a|ar2_gap_hartree|ar2_sterimol_B5,0.7598252563898411,0.23073678340946002,2.1711232696745792,LOOCV,ln(kobs) = <nonlinear model; no closed-form linear equation>
azoarene_svr_rbf_c30_eps005_scale,ln(kobs),4,ar2_homo_hartree|ar1_bond_length_c_a|ar2_gap_hartree|ar2_Ar_Ster_B5,0.7598252563898411,0.23073678340946002,2.1711232696745792,LOOCV,ln(kobs) = <nonlinear model; no closed-form linear equation>
azoarene_svr_rbf_c30_eps005_scale,ln(kobs),4,ar2_homo_hartree|ar1_bond_length_c_a|ar2_gap_hartree|ar2_sterimol_B5,0.7598252563898411,0.23073678340946002,2.1711232696745792,LOOCV,ln(kobs) = <nonlinear model; no closed-form linear equation>
azoarene_svr_rbf_c30_eps005_scale,ln(kobs),5,ar2_Ar_HOMO|ar2_homo_hartree|ar2_enthalpy_hartree|rate kobs (s-1)|ar1_bond_length_c_a,0.7915674109095088,0.2303429856347401,2.0225703006957803,LOOCV,ln(kobs) = <nonlinear model; no closed-form linear equation>
azoarene_svr_rbf_c30_eps005_scale,ln(kobs),5,ar2_Ar_HOMO|ar2_homo_hartree|ar2_scf_energy_hartree|rate kobs (s-1)|ar1_bond_length_c_a,0.7915562130854642,0.2303222243173738,2.0226246302088895,LOOCV,ln(kobs) = <nonlinear model; no closed-form linear equation>
azoarene_svr_rbf_c30_eps005_scale,ln(kobs),5,ar2_Ar_HOMO|ar2_homo_hartree|ar2_gibbs_free_energy_hartree|rate kobs (s-1)|ar1_bond_length_c_a,0.7915561704606308,0.23031818275648896,2.0226248370129274,LOOCV,ln(kobs) = <nonlinear model; no closed-form linear equation>
azoarene_svr_rbf_c30_eps005_scale,ln(kobs),5,ar2_Ar_HOMO|ar2_homo_hartree|ar2_Ar_polar|rate kobs (s-1)|ar2_Ar_Ster_B5,0.7686243246715913,0.22982415066896622,2.1309814235945796,LOOCV,ln(kobs) = <nonlinear model; no closed-form linear equation>
azoarene_svr_rbf_c30_eps005_scale,ln(kobs),5,ar2_Ar_HOMO|ar2_homo_hartree|ar2_Ar_polar|rate kobs (s-1)|ar2_sterimol_B5,0.7686243246715913,0.22982415066896622,2.1309814235945796,LOOCV,ln(kobs) = <nonlinear model; no closed-form linear equation>
azoarene_svr_rbf_c30_eps005_scale,ln(kobs),5,ar2_Ar_HOMO|ar2_homo_hartree|ar2_isotropic_polarizability_au|rate kobs (s-1)|ar2_Ar_Ster_B5,0.7686243246715913,0.22982415066896622,2.1309814235945796,LOOCV,ln(kobs) = <nonlinear model; no closed-form linear equation>
azoarene_svr_rbf_c30_eps005_scale,ln(kobs),5,ar2_Ar_HOMO|ar2_homo_hartree|ar2_isotropic_polarizability_au|rate kobs (s-1)|ar2_sterimol_B5,0.7686243246715913,0.22982415066896622,2.1309814235945796,LOOCV,ln(kobs) = <nonlinear model; no closed-form linear equation>
azoarene_svr_rbf_c30_eps005_scale,ln(kobs),4,ar2_Ar_HOMO|rate kobs (s-1)|ar1_bond_length_c_a|ar1_bond_length_c_e,0.8074868773592293,0.22936433696669412,1.9437973397653272,LOOCV,ln(kobs) = <nonlinear model; no closed-form linear equation>
azoarene_svr_rbf_c30_eps005_scale,ln(kobs),4,ar2_homo_hartree|rate kobs (s-1)|ar1_bond_length_c_a|ar1_bond_length_c_e,0.8074868773592293,0.22936433696669412,1.9437973397653272,LOOCV,ln(kobs) = <nonlinear model; no closed-form linear equation>
azoarene_svr_rbf_c30_eps005_scale,ln(kobs),3,ar2_Ar_HOMO|rate kobs (s-1)|ar2_gap_hartree,0.8034404586536692,0.22928969254140708,1.9641193726015869,LOOCV,ln(kobs) = <nonlinear model; no closed-form linear equation>
azoarene_svr_rbf_c30_eps005_scale,ln(kobs),3,ar2_homo_hartree|rate kobs (s-1)|ar2_gap_hartree,0.8034404586536692,0.22928969254140708,1.9641193726015869,LOOCV,ln(kobs) = <nonlinear model; no closed-form linear equation>
azoarene_svr_rbf_c30_eps005_scale,ln(kobs),5,ar2_Ar_HOMO|ar2_lumo_hartree|ar1_q_a|ar1_nbo_q_a|ar1_Ar_NBO_OH,0.8032909665866922,0.22889516537543053,1.964866129681574,LOOCV,ln(kobs) = <nonlinear model; no closed-form linear equation>
azoarene_svr_rbf_c30_eps005_scale,ln(kobs),5,ar2_Ar_HOMO|ar2_Ar_LUMO|ar1_q_a|ar1_nbo_q_a|ar1_Ar_NBO_OH,0.8032909665866922,0.22889516537543053,1.964866129681574,LOOCV,ln(kobs) = <nonlinear model; no closed-form linear equation>
azoarene_svr_rbf_c30_eps005_scale,ln(kobs),5,ar2_homo_hartree|ar2_lumo_hartree|ar1_q_a|ar1_nbo_q_a|ar1_Ar_NBO_OH,0.8032909665866922,0.22889516537543053,1.964866129681574,LOOCV,ln(kobs) = <nonlinear model; no closed-form linear equation>
azoarene_svr_rbf_c30_eps005_scale,ln(kobs),5,ar2_homo_hartree|ar2_Ar_LUMO|ar1_q_a|ar1_nbo_q_a|ar1_Ar_NBO_OH,0.8032909665866922,0.22889516537543053,1.964866129681574,LOOCV,ln(kobs) = <nonlinear model; no closed-form linear equation>
azoarene_svr_rbf_c30_eps005_scale,ln(kobs),4,ar2_Ar_HOMO|rate kobs (s-1)|ar2_lumo_hartree|ar2_Ar_LUMO,0.7803290606255964,0.22877763415859642,2.076381342207886,LOOCV,ln(kobs) = <nonlinear model; no closed-form linear equation>
azoarene_svr_rbf_c30_eps005_scale,ln(kobs),4,ar2_homo_hartree|rate kobs (s-1)|ar2_lumo_hartree|ar2_Ar_LUMO,0.7803290606255964,0.22877763415859642,2.076381342207886,LOOCV,ln(kobs) = <nonlinear model; no closed-form linear equation>
azoarene_svr_rbf_c30_eps005_scale,ln(kobs),4,rate kobs (s-1)|ar2_gap_hartree|ar1_bond_length_c_e|ar2_Ar_Ster_B5,0.787789261094839,0.2286567630231242,2.0408190190545996,LOOCV,ln(kobs) = <nonlinear model; no closed-form linear equation>
azoarene_svr_rbf_c30_eps005_scale,ln(kobs),4,rate kobs (s-1)|ar2_gap_hartree|ar1_bond_length_c_e|ar2_sterimol_B5,0.787789261094839,0.2286567630231242,2.0408190190545996,LOOCV,ln(kobs) = <nonlinear model; no closed-form linear equation>
azoarene_svr_rbf_c30_eps005_scale,ln(kobs),3,ar2_lumo_hartree|ar2_Ar_Ster_B5|ar1_nbo_q_a,0.6703755104800605,0.2280133077892561,2.543493014921397,LOOCV,ln(kobs) = <nonlinear model; no closed-form linear equation>
azoarene_svr_rbf_c30_eps005_scale,ln(kobs),3,ar2_lumo_hartree|ar2_Ar_Ster_B5|ar1_Ar_NBO_OH,0.6703755104800605,0.2280133077892561,2.543493014921397,LOOCV,ln(kobs) = <nonlinear model; no closed-form linear equation>
azoarene_svr_rbf_c30_eps005_scale,ln(kobs),3,ar2_lumo_hartree|ar2_sterimol_B5|ar1_nbo_q_a,0.6703755104800605,0.2280133077892561,2.543493014921397,LOOCV,ln(kobs) = <nonlinear model; no closed-form linear equation>
azoarene_svr_rbf_c30_eps005_scale,ln(kobs),3,ar2_lumo_hartree|ar2_sterimol_B5|ar1_Ar_NBO_OH,0.6703755104800605,0.2280133077892561,2.543493014921397,LOOCV,ln(kobs) = <nonlinear model; no closed-form linear equation>
azoarene_svr_rbf_c30_eps005_scale,ln(kobs),3,ar2_Ar_LUMO|ar2_Ar_Ster_B5|ar1_nbo_q_a,0.6703755104800605,0.2280133077892561,2.543493014921397,LOOCV,ln(kobs) = <nonlinear model; no closed-form linear equation>
azoarene_svr_rbf_c30_eps005_scale,ln(kobs),3,ar2_Ar_LUMO|ar2_Ar_Ster_B5|ar1_Ar_NBO_OH,0.6703755104800605,0.2280133077892561,2.543493014921397,LOOCV,ln(kobs) = <nonlinear model; no closed-form linear equation>
azoarene_svr_rbf_c30_eps005_scale,ln(kobs),3,ar2_Ar_LUMO|ar2_sterimol_B5|ar1_nbo_q_a,0.6703755104800605,0.2280133077892561,2.543493014921397,LOOCV,ln(kobs) = <nonlinear model; no closed-form linear equation>
azoarene_svr_rbf_c30_eps005_scale,ln(kobs),3,ar2_Ar_LUMO|ar2_sterimol_B5|ar1_Ar_NBO_OH,0.6703755104800605,0.2280133077892561,2.543493014921397,LOOCV,ln(kobs) = <nonlinear model; no closed-form linear equation>
azoarene_svr_rbf_c30_eps005_scale,ln(kobs),4,ar2_Ar_HOMO|ar2_homo_hartree|ar2_Ar_polar|ar1_bond_length_c_e,0.743383773811632,0.22712126331055427,2.2442067854417482,LOOCV,ln(kobs) = <nonlinear model; no closed-form linear equation>
azoarene_svr_rbf_c30_eps005_scale,ln(kobs),4,ar2_Ar_HOMO|ar2_homo_hartree|ar2_isotropic_polarizability_au|ar1_bond_length_c_e,0.743383773811632,0.22712126331055427,2.2442067854417482,LOOCV,ln(kobs) = <nonlinear model; no closed-form linear equation>
azoarene_svr_rbf_c30_eps005_scale,ln(kobs),4,ar2_Ar_HOMO|rate kobs (s-1)|ar2_lumo_hartree|ar2_gap_hartree,0.78041152125478,0.22677701146704543,2.075991587004878,LOOCV,ln(kobs) = <nonlinear model; no closed-form linear equation>
azoarene_svr_rbf_c30_eps005_scale,ln(kobs),4,ar2_Ar_HOMO|rate kobs (s-1)|ar2_Ar_LUMO|ar2_gap_hartree,0.78041152125478,0.22677701146704543,2.075991587004878,LOOCV,ln(kobs) = <nonlinear model; no closed-form linear equation>
azoarene_svr_rbf_c30_eps005_scale,ln(kobs),4,ar2_homo_hartree|rate kobs (s-1)|ar2_lumo_hartree|ar2_gap_hartree,0.78041152125478,0.22677701146704543,2.075991587004878,LOOCV,ln(kobs) = <nonlinear model; no closed-form linear equation>
azoarene_svr_rbf_c30_eps005_scale,ln(kobs),4,ar2_homo_hartree|rate kobs (s-1)|ar2_Ar_LUMO|ar2_gap_hartree,0.78041152125478,0.22677701146704543,2.075991587004878,LOOCV,ln(kobs) = <nonlinear model; no closed-form linear equation>
azoarene_svr_rbf_c30_eps005_scale,ln(kobs),5,ar2_gibbs_free_energy_hartree|rate kobs (s-1)|ar2_lumo_hartree|ar1_bond_length_c_e|ar2_Ar_Ster_B5,0.7707450993752113,0.22642859063136533,2.121192721300061,LOOCV,ln(kobs) = <nonlinear model; no closed-form linear equation>
azoarene_svr_rbf_c30_eps005_scale,ln(kobs),5,ar2_gibbs_free_energy_hartree|rate kobs (s-1)|ar2_lumo_hartree|ar1_bond_length_c_e|ar2_sterimol_B5,0.7707450993752113,0.22642859063136533,2.121192721300061,LOOCV,ln(kobs) = <nonlinear model; no closed-form linear equation>
azoarene_svr_rbf_c30_eps005_scale,ln(kobs),5,ar2_gibbs_free_energy_hartree|rate kobs (s-1)|ar2_Ar_LUMO|ar1_bond_length_c_e|ar2_Ar_Ster_B5,0.7707450993752113,0.22642859063136533,2.121192721300061,LOOCV,ln(kobs) = <nonlinear model; no closed-form linear equation>
azoarene_svr_rbf_c30_eps005_scale,ln(kobs),5,ar2_gibbs_free_energy_hartree|rate kobs (s-1)|ar2_Ar_LUMO|ar1_bond_length_c_e|ar2_sterimol_B5,0.7707450993752113,0.22642859063136533,2.121192721300061,LOOCV,ln(kobs) = <nonlinear model; no closed-form linear equation>
azoarene_svr_rbf_c30_eps005_scale,ln(kobs),5,ar2_enthalpy_hartree|rate kobs (s-1)|ar2_lumo_hartree|ar1_bond_length_c_e|ar2_Ar_Ster_B5,0.7707759763268744,0.22641110196563818,2.1210498712008756,LOOCV,ln(kobs) = <nonlinear model; no closed-form linear equation>
azoarene_svr_rbf_c30_eps005_scale,ln(kobs),5,ar2_enthalpy_hartree|rate kobs (s-1)|ar2_lumo_hartree|ar1_bond_length_c_e|ar2_sterimol_B5,0.7707759763268744,0.22641110196563818,2.1210498712008756,LOOCV,ln(kobs) = <nonlinear model; no closed-form linear equation>
azoarene_svr_rbf_c30_eps005_scale,ln(kobs),5,ar2_enthalpy_hartree|rate kobs (s-1)|ar2_Ar_LUMO|ar1_bond_length_c_e|ar2_Ar_Ster_B5,0.7707759763268744,0.22641110196563818,2.1210498712008756,LOOCV,ln(kobs) = <nonlinear model; no closed-form linear equation>
azoarene_svr_rbf_c30_eps005_scale,ln(kobs),5,ar2_enthalpy_hartree|rate kobs (s-1)|ar2_Ar_LUMO|ar1_bond_length_c_e|ar2_sterimol_B5,0.7707759763268744,0.22641110196563818,2.1210498712008756,LOOCV,ln(kobs) = <nonlinear model; no closed-form linear equation>
azoarene_svr_rbf_c30_eps005_scale,ln(kobs),5,ar2_scf_energy_hartree|rate kobs (s-1)|ar2_lumo_hartree|ar1_bond_length_c_e|ar2_Ar_Ster_B5,0.7707643143683918,0.22639971142714932,2.121103825582573,LOOCV,ln(kobs) = <nonlinear model; no closed-form linear equation>
azoarene_svr_rbf_c30_eps005_scale,ln(kobs),5,ar2_scf_energy_hartree|rate kobs (s-1)|ar2_lumo_hartree|ar1_bond_length_c_e|ar2_sterimol_B5,0.7707643143683918,0.22639971142714932,2.121103825582573,LOOCV,ln(kobs) = <nonlinear model; no closed-form linear equation>
azoarene_svr_rbf_c30_eps005_scale,ln(kobs),5,ar2_scf_energy_hartree|rate kobs (s-1)|ar2_Ar_LUMO|ar1_bond_length_c_e|ar2_Ar_Ster_B5,0.7707643143683918,0.22639971142714932,2.121103825582573,LOOCV,ln(kobs) = <nonlinear model; no closed-form linear equation>
azoarene_svr_rbf_c30_eps005_scale,ln(kobs),5,ar2_scf_energy_hartree|rate kobs (s-1)|ar2_Ar_LUMO|ar1_bond_length_c_e|ar2_sterimol_B5,0.7707643143683918,0.22639971142714932,2.121103825582573,LOOCV,ln(kobs) = <nonlinear model; no closed-form linear equation>
azoarene_svr_rbf_c30_eps005_scale,ln(kobs),3,rate kobs (s-1)|ar2_lumo_hartree|ar2_Ar_Ster_B5,0.7351375888600071,0.22626526452551,2.279979689887782,LOOCV,ln(kobs) = <nonlinear model; no closed-form linear equation>
azoarene_svr_rbf_c30_eps005_scale,ln(kobs),3,rate kobs (s-1)|ar2_lumo_hartree|ar2_sterimol_B5,0.7351375888600071,0.22626526452551,2.279979689887782,LOOCV,ln(kobs) = <nonlinear model; no closed-form linear equation>
azoarene_svr_rbf_c30_eps005_scale,ln(kobs),3,rate kobs (s-1)|ar2_Ar_LUMO|ar2_Ar_Ster_B5,0.7351375888600071,0.22626526452551,2.279979689887782,LOOCV,ln(kobs) = <nonlinear model; no closed-form linear equation>
azoarene_svr_rbf_c30_eps005_scale,ln(kobs),3,rate kobs (s-1)|ar2_Ar_LUMO|ar2_sterimol_B5,0.7351375888600071,0.22626526452551,2.279979689887782,LOOCV,ln(kobs) = <nonlinear model; no closed-form linear equation>
azoarene_svr_rbf_c30_eps005_scale,ln(kobs),5,ar2_Ar_HOMO|ar2_homo_hartree|ar1_bond_length_c_a|ar1_q_a|ar1_bond_length_c_e,0.8005776241642084,0.22546027873587093,1.9783710905103487,LOOCV,ln(kobs) = <nonlinear model; no closed-form linear equation>
azoarene_svr_rbf_c30_eps005_scale,ln(kobs),4,ar2_Ar_HOMO|ar2_Ar_polar|ar1_bond_length_c_a|ar2_Ar_Ster_B5,0.7532339512234301,0.22370338640913878,2.200713551670158,LOOCV,ln(kobs) = <nonlinear model; no closed-form linear equation>
azoarene_svr_rbf_c30_eps005_scale,ln(kobs),4,ar2_Ar_HOMO|ar2_Ar_polar|ar1_bond_length_c_a|ar2_sterimol_B5,0.7532339512234301,0.22370338640913878,2.200713551670158,LOOCV,ln(kobs) = <nonlinear model; no closed-form linear equation>
azoarene_svr_rbf_c30_eps005_scale,ln(kobs),4,ar2_Ar_HOMO|ar2_isotropic_polarizability_au|ar1_bond_length_c_a|ar2_Ar_Ster_B5,0.7532339512234301,0.22370338640913878,2.200713551670158,LOOCV,ln(kobs) = <nonlinear model; no closed-form linear equation>
azoarene_svr_rbf_c30_eps005_scale,ln(kobs),4,ar2_Ar_HOMO|ar2_isotropic_polarizability_au|ar1_bond_length_c_a|ar2_sterimol_B5,0.7532339512234301,0.22370338640913878,2.200713551670158,LOOCV,ln(kobs) = <nonlinear model; no closed-form linear equation>
azoarene_svr_rbf_c30_eps005_scale,ln(kobs),4,ar2_homo_hartree|ar2_Ar_polar|ar1_bond_length_c_a|ar2_Ar_Ster_B5,0.7532339512234301,0.22370338640913878,2.200713551670158,LOOCV,ln(kobs) = <nonlinear model; no closed-form linear equation>
azoarene_svr_rbf_c30_eps005_scale,ln(kobs),4,ar2_homo_hartree|ar2_Ar_polar|ar1_bond_length_c_a|ar2_sterimol_B5,0.7532339512234301,0.22370338640913878,2.200713551670158,LOOCV,ln(kobs) = <nonlinear model; no closed-form linear equation>
azoarene_svr_rbf_c30_eps005_scale,ln(kobs),4,ar2_homo_hartree|ar2_isotropic_polarizability_au|ar1_bond_length_c_a|ar2_Ar_Ster_B5,0.7532339512234301,0.22370338640913878,2.200713551670158,LOOCV,ln(kobs) = <nonlinear model; no closed-form linear equation>
azoarene_svr_rbf_c30_eps005_scale,ln(kobs),4,ar2_homo_hartree|ar2_isotropic_polarizability_au|ar1_bond_length_c_a|ar2_sterimol_B5,0.7532339512234301,0.22370338640913878,2.200713551670158,LOOCV,ln(kobs) = <nonlinear model; no closed-form linear equation>
azoarene_svr_rbf_c30_eps005_scale,ln(kobs),4,ar2_gibbs_free_energy_hartree|rate kobs (s-1)|ar2_Ar_Ster_B5|ar1_nbo_q_a,0.7011562919005252,0.2236035953807579,2.4218256381847096,LOOCV,ln(kobs) = <nonlinear model; no closed-form linear equation>
azoarene_svr_rbf_c30_eps005_scale,ln(kobs),4,ar2_gibbs_free_energy_hartree|rate kobs (s-1)|ar2_Ar_Ster_B5|ar1_Ar_NBO_OH,0.7011562919005252,0.2236035953807579,2.4218256381847096,LOOCV,ln(kobs) = <nonlinear model; no closed-form linear equation>
azoarene_svr_rbf_c30_eps005_scale,ln(kobs),4,ar2_gibbs_free_energy_hartree|rate kobs (s-1)|ar2_sterimol_B5|ar1_nbo_q_a,0.7011562919005252,0.2236035953807579,2.4218256381847096,LOOCV,ln(kobs) = <nonlinear model; no closed-form linear equation>
azoarene_svr_rbf_c30_eps005_scale,ln(kobs),4,ar2_gibbs_free_energy_hartree|rate kobs (s-1)|ar2_sterimol_B5|ar1_Ar_NBO_OH,0.7011562919005252,0.2236035953807579,2.4218256381847096,LOOCV,ln(kobs) = <nonlinear model; no closed-form linear equation>
azoarene_svr_rbf_c30_eps005_scale,ln(kobs),4,ar2_enthalpy_hartree|rate kobs (s-1)|ar2_Ar_Ster_B5|ar1_nbo_q_a,0.7011537844050026,0.22359912494801149,2.4218357985194285,LOOCV,ln(kobs) = <nonlinear model; no closed-form linear equation>
azoarene_svr_rbf_c30_eps005_scale,ln(kobs),4,ar2_enthalpy_hartree|rate kobs (s-1)|ar2_Ar_Ster_B5|ar1_Ar_NBO_OH,0.7011537844050026,0.22359912494801149,2.4218357985194285,LOOCV,ln(kobs) = <nonlinear model; no closed-form linear equation>
azoarene_svr_rbf_c30_eps005_scale,ln(kobs),4,ar2_enthalpy_hartree|rate kobs (s-1)|ar2_sterimol_B5|ar1_nbo_q_a,0.7011537844050026,0.22359912494801149,2.4218357985194285,LOOCV,ln(kobs) = <nonlinear model; no closed-form linear equation>
azoarene_svr_rbf_c30_eps005_scale,ln(kobs),4,ar2_enthalpy_hartree|rate kobs (s-1)|ar2_sterimol_B5|ar1_Ar_NBO_OH,0.7011537844050026,0.22359912494801149,2.4218357985194285,LOOCV,ln(kobs) = <nonlinear model; no closed-form linear equation>
azoarene_svr_rbf_c30_eps005_scale,ln(kobs),4,ar2_scf_energy_hartree|rate kobs (s-1)|ar2_Ar_Ster_B5|ar1_nbo_q_a,0.701197252337555,0.22347404985282582,2.421659661064855,LOOCV,ln(kobs) = <nonlinear model; no closed-form linear equation>
azoarene_svr_rbf_c30_eps005_scale,ln(kobs),4,ar2_scf_energy_hartree|rate kobs (s-1)|ar2_Ar_Ster_B5|ar1_Ar_NBO_OH,0.701197252337555,0.22347404985282582,2.421659661064855,LOOCV,ln(kobs) = <nonlinear model; no closed-form linear equation>
azoarene_svr_rbf_c30_eps005_scale,ln(kobs),4,ar2_scf_energy_hartree|rate kobs (s-1)|ar2_sterimol_B5|ar1_nbo_q_a,0.701197252337555,0.22347404985282582,2.421659661064855,LOOCV,ln(kobs) = <nonlinear model; no closed-form linear equation>
azoarene_svr_rbf_c30_eps005_scale,ln(kobs),4,ar2_scf_energy_hartree|rate kobs (s-1)|ar2_sterimol_B5|ar1_Ar_NBO_OH,0.701197252337555,0.22347404985282582,2.421659661064855,LOOCV,ln(kobs) = <nonlinear model; no closed-form linear equation>
azoarene_svr_rbf_c30_eps005_scale,ln(kobs),4,ar2_Ar_HOMO|ar2_lumo_hartree|ar2_Ar_LUMO|ar1_bond_length_c_e,0.7627694912676882,0.2222872185076682,2.1577746383687173,LOOCV,ln(kobs) = <nonlinear model; no closed-form linear equation>
azoarene_svr_rbf_c30_eps005_scale,ln(kobs),4,ar2_homo_hartree|ar2_lumo_hartree|ar2_Ar_LUMO|ar1_bond_length_c_e,0.7627694912676882,0.2222872185076682,2.1577746383687173,LOOCV,ln(kobs) = <nonlinear model; no closed-form linear equation>
azoarene_svr_rbf_c30_eps005_scale,ln(kobs),4,ar2_scf_energy_hartree|rate kobs (s-1)|ar1_bond_length_c_a|ar2_Ar_Ster_B5,0.704158980162501,0.222172838330834,2.4096280475500587,LOOCV,ln(kobs) = <nonlinear model; no closed-form linear equation>
azoarene_svr_rbf_c30_eps005_scale,ln(kobs),4,ar2_scf_energy_hartree|rate kobs (s-1)|ar1_bond_length_c_a|ar2_sterimol_B5,0.704158980162501,0.222172838330834,2.4096280475500587,LOOCV,ln(kobs) = <nonlinear model; no closed-form linear equation>
azoarene_svr_rbf_c30_eps005_scale,ln(kobs),4,ar2_enthalpy_hartree|rate kobs (s-1)|ar1_bond_length_c_a|ar2_Ar_Ster_B5,0.7041479715540894,0.22204510332395921,2.4096728797454725,LOOCV,ln(kobs) = <nonlinear model; no closed-form linear equation>
azoarene_svr_rbf_c30_eps005_scale,ln(kobs),4,ar2_enthalpy_hartree|rate kobs (s-1)|ar1_bond_length_c_a|ar2_sterimol_B5,0.7041479715540894,0.22204510332395921,2.4096728797454725,LOOCV,ln(kobs) = <nonlinear model; no closed-form linear equation>
azoarene_svr_rbf_c30_eps005_scale,ln(kobs),4,ar2_gibbs_free_energy_hartree|rate kobs (s-1)|ar1_bond_length_c_a|ar2_Ar_Ster_B5,0.7041468762902883,0.2220444054503683,2.409677340125631,LOOCV,ln(kobs) = <nonlinear model; no closed-form linear equation>
azoarene_svr_rbf_c30_eps005_scale,ln(kobs),4,ar2_gibbs_free_energy_hartree|rate kobs (s-1)|ar1_bond_length_c_a|ar2_sterimol_B5,0.7041468762902883,0.2220444054503683,2.409677340125631,LOOCV,ln(kobs) = <nonlinear model; no closed-form linear equation>
azoarene_svr_rbf_c30_eps005_scale,ln(kobs),3,ar2_Ar_HOMO|ar2_Ar_polar|ar2_Ar_Ster_B5,0.6183325974351648,0.22189262025741852,2.7369278500399905,LOOCV,ln(kobs) = <nonlinear model; no closed-form linear equation>
azoarene_svr_rbf_c30_eps005_scale,ln(kobs),3,ar2_Ar_HOMO|ar2_Ar_polar|ar2_sterimol_B5,0.6183325974351648,0.22189262025741852,2.7369278500399905,LOOCV,ln(kobs) = <nonlinear model; no closed-form linear equation>
azoarene_svr_rbf_c30_eps005_scale,ln(kobs),3,ar2_Ar_HOMO|ar2_isotropic_polarizability_au|ar2_Ar_Ster_B5,0.6183325974351648,0.22189262025741852,2.7369278500399905,LOOCV,ln(kobs) = <nonlinear model; no closed-form linear equation>
azoarene_svr_rbf_c30_eps005_scale,ln(kobs),3,ar2_Ar_HOMO|ar2_isotropic_polarizability_au|ar2_sterimol_B5,0.6183325974351648,0.22189262025741852,2.7369278500399905,LOOCV,ln(kobs) = <nonlinear model; no closed-form linear equation>
azoarene_svr_rbf_c30_eps005_scale,ln(kobs),3,ar2_homo_hartree|ar2_Ar_polar|ar2_Ar_Ster_B5,0.6183325974351648,0.22189262025741852,2.7369278500399905,LOOCV,ln(kobs) = <nonlinear model; no closed-form linear equation>
azoarene_svr_rbf_c30_eps005_scale,ln(kobs),3,ar2_homo_hartree|ar2_Ar_polar|ar2_sterimol_B5,0.6183325974351648,0.22189262025741852,2.7369278500399905,LOOCV,ln(kobs) = <nonlinear model; no closed-form linear equation>
azoarene_svr_rbf_c30_eps005_scale,ln(kobs),3,ar2_homo_hartree|ar2_isotropic_polarizability_au|ar2_Ar_Ster_B5,0.6183325974351648,0.22189262025741852,2.7369278500399905,LOOCV,ln(kobs) = <nonlinear model; no closed-form linear equation>
azoarene_svr_rbf_c30_eps005_scale,ln(kobs),3,ar2_homo_hartree|ar2_isotropic_polarizability_au|ar2_sterimol_B5,0.6183325974351648,0.22189262025741852,2.7369278500399905,LOOCV,ln(kobs) = <nonlinear model; no closed-form linear equation>
azoarene_svr_rbf_c30_eps005_scale,ln(kobs),5,ar2_Ar_HOMO|ar2_gap_hartree|ar1_q_a|ar1_nbo_q_a|ar1_Ar_NBO_OH,0.803732356928167,0.22164727104082238,1.9626604353717196,LOOCV,ln(kobs) = <nonlinear model; no closed-form linear equation>
azoarene_svr_rbf_c30_eps005_scale,ln(kobs),5,ar2_homo_hartree|ar2_gap_hartree|ar1_q_a|ar1_nbo_q_a|ar1_Ar_NBO_OH,0.803732356928167,0.22164727104082238,1.9626604353717196,LOOCV,ln(kobs) = <nonlinear model; no closed-form linear equation>
azoarene_svr_rbf_c30_eps005_scale,ln(kobs),4,ar2_Ar_HOMO|ar2_lumo_hartree|ar2_gap_hartree|ar1_bond_length_c_e,0.7627469432814918,0.2208086768727262,2.157877180653408,LOOCV,ln(kobs) = <nonlinear model; no closed-form linear equation>
azoarene_svr_rbf_c30_eps005_scale,ln(kobs),4,ar2_Ar_HOMO|ar2_Ar_LUMO|ar2_gap_hartree|ar1_bond_length_c_e,0.7627469432814918,0.2208086768727262,2.157877180653408,LOOCV,ln(kobs) = <nonlinear model; no closed-form linear equation>
azoarene_svr_rbf_c30_eps005_scale,ln(kobs),4,ar2_homo_hartree|ar2_lumo_hartree|ar2_gap_hartree|ar1_bond_length_c_e,0.7627469432814918,0.2208086768727262,2.157877180653408,LOOCV,ln(kobs) = <nonlinear model; no closed-form linear equation>
azoarene_svr_rbf_c30_eps005_scale,ln(kobs),4,ar2_homo_hartree|ar2_Ar_LUMO|ar2_gap_hartree|ar1_bond_length_c_e,0.7627469432814918,0.2208086768727262,2.157877180653408,LOOCV,ln(kobs) = <nonlinear model; no closed-form linear equation>
azoarene_svr_rbf_c30_eps005_scale,ln(kobs),3,ar2_Ar_polar|ar2_isotropic_polarizability_au|ar2_Ar_Ster_B5,0.469360717926978,0.2201786371891722,3.227160108653901,LOOCV,ln(kobs) = <nonlinear model; no closed-form linear equation>
azoarene_svr_rbf_c30_eps005_scale,ln(kobs),3,ar2_Ar_polar|ar2_isotropic_polarizability_au|ar2_sterimol_B5,0.469360717926978,0.2201786371891722,3.227160108653901,LOOCV,ln(kobs) = <nonlinear model; no closed-form linear equation>
azoarene_svr_rbf_c30_eps005_scale,ln(kobs),3,ar2_gap_hartree|ar2_Ar_Ster_B5|ar1_nbo_q_a,0.669419044697005,0.2194139973623519,2.547180547088695,LOOCV,ln(kobs) = <nonlinear model; no closed-form linear equation>
azoarene_svr_rbf_c30_eps005_scale,ln(kobs),3,ar2_gap_hartree|ar2_Ar_Ster_B5|ar1_Ar_NBO_OH,0.669419044697005,0.2194139973623519,2.547180547088695,LOOCV,ln(kobs) = <nonlinear model; no closed-form linear equation>
azoarene_svr_rbf_c30_eps005_scale,ln(kobs),3,ar2_gap_hartree|ar2_sterimol_B5|ar1_nbo_q_a,0.669419044697005,0.2194139973623519,2.547180547088695,LOOCV,ln(kobs) = <nonlinear model; no closed-form linear equation>
azoarene_svr_rbf_c30_eps005_scale,ln(kobs),3,ar2_gap_hartree|ar2_sterimol_B5|ar1_Ar_NBO_OH,0.669419044697005,0.2194139973623519,2.547180547088695,LOOCV,ln(kobs) = <nonlinear model; no closed-form linear equation>
azoarene_svr_rbf_c30_eps005_scale,ln(kobs),5,ar2_Ar_HOMO|ar2_Ar_polar|ar2_gibbs_free_energy_hartree|ar2_enthalpy_hartree|rate kobs (s-1),0.7670116089959814,0.21941291296172238,2.138395123041589,LOOCV,ln(kobs) = <nonlinear model; no closed-form linear equation>
azoarene_svr_rbf_c30_eps005_scale,ln(kobs),5,ar2_Ar_HOMO|ar2_isotropic_polarizability_au|ar2_gibbs_free_energy_hartree|ar2_enthalpy_hartree|rate kobs (s-1),0.7670116089959814,0.21941291296172238,2.138395123041589,LOOCV,ln(kobs) = <nonlinear model; no closed-form linear equation>
azoarene_svr_rbf_c30_eps005_scale,ln(kobs),5,ar2_homo_hartree|ar2_Ar_polar|ar2_gibbs_free_energy_hartree|ar2_enthalpy_hartree|rate kobs (s-1),0.7670116089959814,0.21941291296172238,2.138395123041589,LOOCV,ln(kobs) = <nonlinear model; no closed-form linear equation>
azoarene_svr_rbf_c30_eps005_scale,ln(kobs),5,ar2_homo_hartree|ar2_isotropic_polarizability_au|ar2_gibbs_free_energy_hartree|ar2_enthalpy_hartree|rate kobs (s-1),0.7670116089959814,0.21941291296172238,2.138395123041589,LOOCV,ln(kobs) = <nonlinear model; no closed-form linear equation>
azoarene_svr_rbf_c30_eps005_scale,ln(kobs),5,ar2_Ar_HOMO|ar2_Ar_polar|ar2_scf_energy_hartree|ar2_gibbs_free_energy_hartree|rate kobs (s-1),0.7670115610132859,0.21938358896220178,2.1383953432370166,LOOCV,ln(kobs) = <nonlinear model; no closed-form linear equation>
azoarene_svr_rbf_c30_eps005_scale,ln(kobs),5,ar2_Ar_HOMO|ar2_isotropic_polarizability_au|ar2_scf_energy_hartree|ar2_gibbs_free_energy_hartree|rate kobs (s-1),0.7670115610132859,0.21938358896220178,2.1383953432370166,LOOCV,ln(kobs) = <nonlinear model; no closed-form linear equation>
azoarene_svr_rbf_c30_eps005_scale,ln(kobs),5,ar2_homo_hartree|ar2_Ar_polar|ar2_scf_energy_hartree|ar2_gibbs_free_energy_hartree|rate kobs (s-1),0.7670115610132859,0.21938358896220178,2.1383953432370166,LOOCV,ln(kobs) = <nonlinear model; no closed-form linear equation>
azoarene_svr_rbf_c30_eps005_scale,ln(kobs),5,ar2_homo_hartree|ar2_isotropic_polarizability_au|ar2_scf_energy_hartree|ar2_gibbs_free_energy_hartree|rate kobs (s-1),0.7670115610132859,0.21938358896220178,2.1383953432370166,LOOCV,ln(kobs) = <nonlinear model; no closed-form linear equation>
azoarene_svr_rbf_c30_eps005_scale,ln(kobs),5,ar2_Ar_HOMO|ar2_Ar_polar|ar2_scf_energy_hartree|ar2_enthalpy_hartree|rate kobs (s-1),0.7670086417816905,0.2193583498936832,2.1384087397208145,LOOCV,ln(kobs) = <nonlinear model; no closed-form linear equation>
azoarene_svr_rbf_c30_eps005_scale,ln(kobs),5,ar2_Ar_HOMO|ar2_isotropic_polarizability_au|ar2_scf_energy_hartree|ar2_enthalpy_hartree|rate kobs (s-1),0.7670086417816905,0.2193583498936832,2.1384087397208145,LOOCV,ln(kobs) = <nonlinear model; no closed-form linear equation>
azoarene_svr_rbf_c30_eps005_scale,ln(kobs),5,ar2_homo_hartree|ar2_Ar_polar|ar2_scf_energy_hartree|ar2_enthalpy_hartree|rate kobs (s-1),0.7670086417816905,0.2193583498936832,2.1384087397208145,LOOCV,ln(kobs) = <nonlinear model; no closed-form linear equation>
azoarene_svr_rbf_c30_eps005_scale,ln(kobs),5,ar2_homo_hartree|ar2_isotropic_polarizability_au|ar2_scf_energy_hartree|ar2_enthalpy_hartree|rate kobs (s-1),0.7670086417816905,0.2193583498936832,2.1384087397208145,LOOCV,ln(kobs) = <nonlinear model; no closed-form linear equation>
azoarene_svr_rbf_c30_eps005_scale,ln(kobs),4,ar2_Ar_HOMO|ar2_homo_hartree|rate kobs (s-1)|ar2_Ar_Ster_B5,0.7641012819854146,0.21906016472626455,2.15170933759913,LOOCV,ln(kobs) = <nonlinear model; no closed-form linear equation>
azoarene_svr_rbf_c30_eps005_scale,ln(kobs),4,ar2_Ar_HOMO|ar2_homo_hartree|rate kobs (s-1)|ar2_sterimol_B5,0.7641012819854146,0.21906016472626455,2.15170933759913,LOOCV,ln(kobs) = <nonlinear model; no closed-form linear equation>
azoarene_svr_rbf_c30_eps005_scale,ln(kobs),4,ar2_Ar_HOMO|ar2_lumo_hartree|ar1_bond_length_c_e|ar1_nbo_q_a,0.7673613507167274,0.21789496975605738,2.1367895347485506,LOOCV,ln(kobs) = <nonlinear model; no closed-form linear equation>
azoarene_svr_rbf_c30_eps005_scale,ln(kobs),4,ar2_Ar_HOMO|ar2_lumo_hartree|ar1_bond_length_c_e|ar1_Ar_NBO_OH,0.7673613507167274,0.21789496975605738,2.1367895347485506,LOOCV,ln(kobs) = <nonlinear model; no closed-form linear equation>
azoarene_svr_rbf_c30_eps005_scale,ln(kobs),4,ar2_Ar_HOMO|ar2_Ar_LUMO|ar1_bond_length_c_e|ar1_nbo_q_a,0.7673613507167274,0.21789496975605738,2.1367895347485506,LOOCV,ln(kobs) = <nonlinear model; no closed-form linear equation>
azoarene_svr_rbf_c30_eps005_scale,ln(kobs),4,ar2_Ar_HOMO|ar2_Ar_LUMO|ar1_bond_length_c_e|ar1_Ar_NBO_OH,0.7673613507167274,0.21789496975605738,2.1367895347485506,LOOCV,ln(kobs) = <nonlinear model; no closed-form linear equation>
azoarene_svr_rbf_c30_eps005_scale,ln(kobs),4,ar2_homo_hartree|ar2_lumo_hartree|ar1_bond_length_c_e|ar1_nbo_q_a,0.7673613507167274,0.21789496975605738,2.1367895347485506,LOOCV,ln(kobs) = <nonlinear model; no closed-form linear equation>
azoarene_svr_rbf_c30_eps005_scale,ln(kobs),4,ar2_homo_hartree|ar2_lumo_hartree|ar1_bond_length_c_e|ar1_Ar_NBO_OH,0.7673613507167274,0.21789496975605738,2.1367895347485506,LOOCV,ln(kobs) = <nonlinear model; no closed-form linear equation>
azoarene_svr_rbf_c30_eps005_scale,ln(kobs),4,ar2_homo_hartree|ar2_Ar_LUMO|ar1_bond_length_c_e|ar1_nbo_q_a,0.7673613507167274,0.21789496975605738,2.1367895347485506,LOOCV,ln(kobs) = <nonlinear model; no closed-form linear equation>
azoarene_svr_rbf_c30_eps005_scale,ln(kobs),4,ar2_homo_hartree|ar2_Ar_LUMO|ar1_bond_length_c_e|ar1_Ar_NBO_OH,0.7673613507167274,0.21789496975605738,2.1367895347485506,LOOCV,ln(kobs) = <nonlinear model; no closed-form linear equation>
azoarene_svr_rbf_c30_eps005_scale,ln(kobs),3,ar1_q_a|ar1_bond_length_c_e|ar1_nbo_q_a,0.49587850149346424,0.21775623048490456,3.1454908300719864,LOOCV,ln(kobs) = <nonlinear model; no closed-form linear equation>
azoarene_svr_rbf_c30_eps005_scale,ln(kobs),3,ar1_q_a|ar1_bond_length_c_e|ar1_Ar_NBO_OH,0.49587850149346424,0.21775623048490456,3.1454908300719864,LOOCV,ln(kobs) = <nonlinear model; no closed-form linear equation>
azoarene_svr_rbf_c30_eps005_scale,ln(kobs),3,rate kobs (s-1)|ar2_gap_hartree|ar2_Ar_Ster_B5,0.7325078180939715,0.21757030793366106,2.2912704851302954,LOOCV,ln(kobs) = <nonlinear model; no closed-form linear equation>
azoarene_svr_rbf_c30_eps005_scale,ln(kobs),3,rate kobs (s-1)|ar2_gap_hartree|ar2_sterimol_B5,0.7325078180939715,0.21757030793366106,2.2912704851302954,LOOCV,ln(kobs) = <nonlinear model; no closed-form linear equation>
azoarene_svr_rbf_c30_eps005_scale,ln(kobs),5,ar2_Ar_HOMO|ar2_homo_hartree|ar2_enthalpy_hartree|rate kobs (s-1)|ar1_bond_length_c_e,0.797231103101173,0.21752383730129743,1.9949016219727236,LOOCV,ln(kobs) = <nonlinear model; no closed-form linear equation>
azoarene_svr_rbf_c30_eps005_scale,ln(kobs),5,ar2_Ar_HOMO|ar2_homo_hartree|ar2_scf_energy_hartree|rate kobs (s-1)|ar1_bond_length_c_e,0.7972240135634874,0.21751263055853964,1.994936496173906,LOOCV,ln(kobs) = <nonlinear model; no closed-form linear equation>
azoarene_svr_rbf_c30_eps005_scale,ln(kobs),5,ar2_Ar_HOMO|ar2_homo_hartree|ar2_gibbs_free_energy_hartree|rate kobs (s-1)|ar1_bond_length_c_e,0.7972488986738471,0.21750644065959746,1.9948140809438153,LOOCV,ln(kobs) = <nonlinear model; no closed-form linear equation>
azoarene_svr_rbf_c30_eps005_scale,ln(kobs),3,ar2_Ar_HOMO|ar2_gap_hartree|ar2_Ar_Ster_B5,0.6280468029784526,0.21731154870160074,2.701873191199749,LOOCV,ln(kobs) = <nonlinear model; no closed-form linear equation>
azoarene_svr_rbf_c30_eps005_scale,ln(kobs),3,ar2_Ar_HOMO|ar2_gap_hartree|ar2_sterimol_B5,0.6280468029784526,0.21731154870160074,2.701873191199749,LOOCV,ln(kobs) = <nonlinear model; no closed-form linear equation>
azoarene_svr_rbf_c30_eps005_scale,ln(kobs),3,ar2_homo_hartree|ar2_gap_hartree|ar2_Ar_Ster_B5,0.6280468029784526,0.21731154870160074,2.701873191199749,LOOCV,ln(kobs) = <nonlinear model; no closed-form linear equation>
azoarene_svr_rbf_c30_eps005_scale,ln(kobs),3,ar2_homo_hartree|ar2_gap_hartree|ar2_sterimol_B5,0.6280468029784526,0.21731154870160074,2.701873191199749,LOOCV,ln(kobs) = <nonlinear model; no closed-form linear equation>
azoarene_svr_rbf_c30_eps005_scale,ln(kobs),5,rate kobs (s-1)|ar1_bond_length_c_a|ar2_lumo_hartree|ar2_Ar_Ster_B5|ar1_nbo_q_a,0.7787061731722142,0.21698776758276717,2.084037185043205,LOOCV,ln(kobs) = <nonlinear model; no closed-form linear equation>
azoarene_svr_rbf_c30_eps005_scale,ln(kobs),5,rate kobs (s-1)|ar1_bond_length_c_a|ar2_lumo_hartree|ar2_Ar_Ster_B5|ar1_Ar_NBO_OH,0.7787061731722142,0.21698776758276717,2.084037185043205,LOOCV,ln(kobs) = <nonlinear model; no closed-form linear equation>
azoarene_svr_rbf_c30_eps005_scale,ln(kobs),5,rate kobs (s-1)|ar1_bond_length_c_a|ar2_lumo_hartree|ar2_sterimol_B5|ar1_nbo_q_a,0.7787061731722142,0.21698776758276717,2.084037185043205,LOOCV,ln(kobs) = <nonlinear model; no closed-form linear equation>
azoarene_svr_rbf_c30_eps005_scale,ln(kobs),5,rate kobs (s-1)|ar1_bond_length_c_a|ar2_lumo_hartree|ar2_sterimol_B5|ar1_Ar_NBO_OH,0.7787061731722142,0.21698776758276717,2.084037185043205,LOOCV,ln(kobs) = <nonlinear model; no closed-form linear equation>
azoarene_svr_rbf_c30_eps005_scale,ln(kobs),5,rate kobs (s-1)|ar1_bond_length_c_a|ar2_Ar_LUMO|ar2_Ar_Ster_B5|ar1_nbo_q_a,0.7787061731722142,0.21698776758276717,2.084037185043205,LOOCV,ln(kobs) = <nonlinear model; no closed-form linear equation>
azoarene_svr_rbf_c30_eps005_scale,ln(kobs),5,rate kobs (s-1)|ar1_bond_length_c_a|ar2_Ar_LUMO|ar2_Ar_Ster_B5|ar1_Ar_NBO_OH,0.7787061731722142,0.21698776758276717,2.084037185043205,LOOCV,ln(kobs) = <nonlinear model; no closed-form linear equation>
azoarene_svr_rbf_c30_eps005_scale,ln(kobs),5,rate kobs (s-1)|ar1_bond_length_c_a|ar2_Ar_LUMO|ar2_sterimol_B5|ar1_nbo_q_a,0.7787061731722142,0.21698776758276717,2.084037185043205,LOOCV,ln(kobs) = <nonlinear model; no closed-form linear equation>
azoarene_svr_rbf_c30_eps005_scale,ln(kobs),5,rate kobs (s-1)|ar1_bond_length_c_a|ar2_Ar_LUMO|ar2_sterimol_B5|ar1_Ar_NBO_OH,0.7787061731722142,0.21698776758276717,2.084037185043205,LOOCV,ln(kobs) = <nonlinear model; no closed-form linear equation>
azoarene_svr_rbf_c30_eps005_scale,ln(kobs),4,ar2_Ar_HOMO|ar2_homo_hartree|ar1_bond_length_c_a|ar1_nbo_q_a,0.7363829365609156,0.2168710856336309,2.27461329436199,LOOCV,ln(kobs) = <nonlinear model; no closed-form linear equation>
azoarene_svr_rbf_c30_eps005_scale,ln(kobs),4,ar2_Ar_HOMO|ar2_homo_hartree|ar1_bond_length_c_a|ar1_Ar_NBO_OH,0.7363829365609156,0.2168710856336309,2.27461329436199,LOOCV,ln(kobs) = <nonlinear model; no closed-form linear equation>
azoarene_svr_rbf_c30_eps005_scale,ln(kobs),5,ar2_Ar_HOMO|ar1_bond_length_c_a|ar2_lumo_hartree|ar2_Ar_LUMO|ar2_Ar_Ster_B5,0.765379921610669,0.21649212815453844,2.1458699690327476,LOOCV,ln(kobs) = <nonlinear model; no closed-form linear equation>
azoarene_svr_rbf_c30_eps005_scale,ln(kobs),5,ar2_Ar_HOMO|ar1_bond_length_c_a|ar2_lumo_hartree|ar2_Ar_LUMO|ar2_sterimol_B5,0.765379921610669,0.21649212815453844,2.1458699690327476,LOOCV,ln(kobs) = <nonlinear model; no closed-form linear equation>
azoarene_svr_rbf_c30_eps005_scale,ln(kobs),5,ar2_homo_hartree|ar1_bond_length_c_a|ar2_lumo_hartree|ar2_Ar_LUMO|ar2_Ar_Ster_B5,0.765379921610669,0.21649212815453844,2.1458699690327476,LOOCV,ln(kobs) = <nonlinear model; no closed-form linear equation>
azoarene_svr_rbf_c30_eps005_scale,ln(kobs),5,ar2_homo_hartree|ar1_bond_length_c_a|ar2_lumo_hartree|ar2_Ar_LUMO|ar2_sterimol_B5,0.765379921610669,0.21649212815453844,2.1458699690327476,LOOCV,ln(kobs) = <nonlinear model; no closed-form linear equation>
azoarene_svr_rbf_c30_eps005_scale,ln(kobs),5,ar2_Ar_HOMO|ar1_bond_length_c_a|ar1_q_a|ar2_Ar_Ster_B5|ar1_nbo_q_a,0.7895497537204704,0.2158527435633104,2.032336108496495,LOOCV,ln(kobs) = <nonlinear model; no closed-form linear equation>
azoarene_svr_rbf_c30_eps005_scale,ln(kobs),5,ar2_Ar_HOMO|ar1_bond_length_c_a|ar1_q_a|ar2_Ar_Ster_B5|ar1_Ar_NBO_OH,0.7895497537204704,0.2158527435633104,2.032336108496495,LOOCV,ln(kobs) = <nonlinear model; no closed-form linear equation>
azoarene_svr_rbf_c30_eps005_scale,ln(kobs),5,ar2_Ar_HOMO|ar1_bond_length_c_a|ar1_q_a|ar2_sterimol_B5|ar1_nbo_q_a,0.7895497537204704,0.2158527435633104,2.032336108496495,LOOCV,ln(kobs) = <nonlinear model; no closed-form linear equation>
azoarene_svr_rbf_c30_eps005_scale,ln(kobs),5,ar2_Ar_HOMO|ar1_bond_length_c_a|ar1_q_a|ar2_sterimol_B5|ar1_Ar_NBO_OH,0.7895497537204704,0.2158527435633104,2.032336108496495,LOOCV,ln(kobs) = <nonlinear model; no closed-form linear equation>
azoarene_svr_rbf_c30_eps005_scale,ln(kobs),5,ar2_homo_hartree|ar1_bond_length_c_a|ar1_q_a|ar2_Ar_Ster_B5|ar1_nbo_q_a,0.7895497537204704,0.2158527435633104,2.032336108496495,LOOCV,ln(kobs) = <nonlinear model; no closed-form linear equation>
azoarene_svr_rbf_c30_eps005_scale,ln(kobs),5,ar2_homo_hartree|ar1_bond_length_c_a|ar1_q_a|ar2_Ar_Ster_B5|ar1_Ar_NBO_OH,0.7895497537204704,0.2158527435633104,2.032336108496495,LOOCV,ln(kobs) = <nonlinear model; no closed-form linear equation>
azoarene_svr_rbf_c30_eps005_scale,ln(kobs),5,ar2_homo_hartree|ar1_bond_length_c_a|ar1_q_a|ar2_sterimol_B5|ar1_nbo_q_a,0.7895497537204704,0.2158527435633104,2.032336108496495,LOOCV,ln(kobs) = <nonlinear model; no closed-form linear equation>
azoarene_svr_rbf_c30_eps005_scale,ln(kobs),5,ar2_homo_hartree|ar1_bond_length_c_a|ar1_q_a|ar2_sterimol_B5|ar1_Ar_NBO_OH,0.7895497537204704,0.2158527435633104,2.032336108496495,LOOCV,ln(kobs) = <nonlinear model; no closed-form linear equation>
azoarene_svr_rbf_c30_eps005_scale,ln(kobs),4,ar2_Ar_HOMO|ar2_gibbs_free_energy_hartree|ar1_bond_length_c_e|ar2_Ar_Ster_B5,0.7297651240570449,0.21313377911178188,2.3029871402279767,LOOCV,ln(kobs) = <nonlinear model; no closed-form linear equation>
azoarene_svr_rbf_c30_eps005_scale,ln(kobs),4,ar2_Ar_HOMO|ar2_gibbs_free_energy_hartree|ar1_bond_length_c_e|ar2_sterimol_B5,0.7297651240570449,0.21313377911178188,2.3029871402279767,LOOCV,ln(kobs) = <nonlinear model; no closed-form linear equation>
azoarene_svr_rbf_c30_eps005_scale,ln(kobs),4,ar2_homo_hartree|ar2_gibbs_free_energy_hartree|ar1_bond_length_c_e|ar2_Ar_Ster_B5,0.7297651240570449,0.21313377911178188,2.3029871402279767,LOOCV,ln(kobs) = <nonlinear model; no closed-form linear equation>
azoarene_svr_rbf_c30_eps005_scale,ln(kobs),4,ar2_homo_hartree|ar2_gibbs_free_energy_hartree|ar1_bond_length_c_e|ar2_sterimol_B5,0.7297651240570449,0.21313377911178188,2.3029871402279767,LOOCV,ln(kobs) = <nonlinear model; no closed-form linear equation>
azoarene_svr_rbf_c30_eps005_scale,ln(kobs),4,ar2_Ar_HOMO|ar2_scf_energy_hartree|ar1_bond_length_c_e|ar2_Ar_Ster_B5,0.7297664908734741,0.21309990549458036,2.3029813161006714,LOOCV,ln(kobs) = <nonlinear model; no closed-form linear equation>
azoarene_svr_rbf_c30_eps005_scale,ln(kobs),4,ar2_Ar_HOMO|ar2_scf_energy_hartree|ar1_bond_length_c_e|ar2_sterimol_B5,0.7297664908734741,0.21309990549458036,2.3029813161006714,LOOCV,ln(kobs) = <nonlinear model; no closed-form linear equation>
azoarene_svr_rbf_c30_eps005_scale,ln(kobs),4,ar2_homo_hartree|ar2_scf_energy_hartree|ar1_bond_length_c_e|ar2_Ar_Ster_B5,0.7297664908734741,0.21309990549458036,2.3029813161006714,LOOCV,ln(kobs) = <nonlinear model; no closed-form linear equation>
azoarene_svr_rbf_c30_eps005_scale,ln(kobs),4,ar2_homo_hartree|ar2_scf_energy_hartree|ar1_bond_length_c_e|ar2_sterimol_B5,0.7297664908734741,0.21309990549458036,2.3029813161006714,LOOCV,ln(kobs) = <nonlinear model; no closed-form linear equation>
azoarene_svr_rbf_c30_eps005_scale,ln(kobs),4,ar2_Ar_HOMO|ar2_enthalpy_hartree|ar1_bond_length_c_e|ar2_Ar_Ster_B5,0.7297547969131728,0.21309237554061622,2.3030311446375333,LOOCV,ln(kobs) = <nonlinear model; no closed-form linear equation>
azoarene_svr_rbf_c30_eps005_scale,ln(kobs),4,ar2_Ar_HOMO|ar2_enthalpy_hartree|ar1_bond_length_c_e|ar2_sterimol_B5,0.7297547969131728,0.21309237554061622,2.3030311446375333,LOOCV,ln(kobs) = <nonlinear model; no closed-form linear equation>
azoarene_svr_rbf_c30_eps005_scale,ln(kobs),4,ar2_homo_hartree|ar2_enthalpy_hartree|ar1_bond_length_c_e|ar2_Ar_Ster_B5,0.7297547969131728,0.21309237554061622,2.3030311446375333,LOOCV,ln(kobs) = <nonlinear model; no closed-form linear equation>
azoarene_svr_rbf_c30_eps005_scale,ln(kobs),4,ar2_homo_hartree|ar2_enthalpy_hartree|ar1_bond_length_c_e|ar2_sterimol_B5,0.7297547969131728,0.21309237554061622,2.3030311446375333,LOOCV,ln(kobs) = <nonlinear model; no closed-form linear equation>
azoarene_svr_rbf_c30_eps005_scale,ln(kobs),3,ar2_Ar_polar|ar2_isotropic_polarizability_au|ar2_enthalpy_hartree,0.36621763782624983,0.21281077539196913,3.526881667123112,LOOCV,ln(kobs) = <nonlinear model; no closed-form linear equation>
azoarene_svr_rbf_c30_eps005_scale,ln(kobs),3,ar2_Ar_polar|ar2_isotropic_polarizability_au|ar2_gibbs_free_energy_hartree,0.36621236134793955,0.2127926790978385,3.526896348405676,LOOCV,ln(kobs) = <nonlinear model; no closed-form linear equation>
azoarene_svr_rbf_c30_eps005_scale,ln(kobs),4,ar2_Ar_HOMO|ar2_homo_hartree|rate kobs (s-1)|ar2_lumo_hartree,0.7797636071835886,0.212765793402084,2.0790520240749757,LOOCV,ln(kobs) = <nonlinear model; no closed-form linear equation>
azoarene_svr_rbf_c30_eps005_scale,ln(kobs),4,ar2_Ar_HOMO|ar2_homo_hartree|rate kobs (s-1)|ar2_Ar_LUMO,0.7797636071835886,0.212765793402084,2.0790520240749757,LOOCV,ln(kobs) = <nonlinear model; no closed-form linear equation>
azoarene_svr_rbf_c30_eps005_scale,ln(kobs),3,ar2_Ar_HOMO|ar1_q_a|ar1_nbo_q_a,0.8162870885655477,0.2127575573904471,1.8988499788335094,LOOCV,ln(kobs) = <nonlinear model; no closed-form linear equation>
azoarene_svr_rbf_c30_eps005_scale,ln(kobs),3,ar2_Ar_HOMO|ar1_q_a|ar1_Ar_NBO_OH,0.8162870885655477,0.2127575573904471,1.8988499788335094,LOOCV,ln(kobs) = <nonlinear model; no closed-form linear equation>
azoarene_svr_rbf_c30_eps005_scale,ln(kobs),3,ar2_homo_hartree|ar1_q_a|ar1_nbo_q_a,0.8162870885655477,0.2127575573904471,1.8988499788335094,LOOCV,ln(kobs) = <nonlinear model; no closed-form linear equation>
azoarene_svr_rbf_c30_eps005_scale,ln(kobs),3,ar2_homo_hartree|ar1_q_a|ar1_Ar_NBO_OH,0.8162870885655477,0.2127575573904471,1.8988499788335094,LOOCV,ln(kobs) = <nonlinear model; no closed-form linear equation>
azoarene_svr_rbf_c30_eps005_scale,ln(kobs),3,ar2_Ar_polar|ar2_isotropic_polarizability_au|ar2_scf_energy_hartree,0.36620354337073235,0.21274766499520747,3.526920883424617,LOOCV,ln(kobs) = <nonlinear model; no closed-form linear equation>
azoarene_svr_rbf_c30_eps005_scale,ln(kobs),3,ar2_Ar_polar|ar2_Ar_Ster_B5|ar2_sterimol_B5,0.48557412049767834,0.21222363476304285,3.1774755581708547,LOOCV,ln(kobs) = <nonlinear model; no closed-form linear equation>
azoarene_svr_rbf_c30_eps005_scale,ln(kobs),3,ar2_isotropic_polarizability_au|ar2_Ar_Ster_B5|ar2_sterimol_B5,0.48557412049767834,0.21222363476304285,3.1774755581708547,LOOCV,ln(kobs) = <nonlinear model; no closed-form linear equation>
azoarene_svr_rbf_c30_eps005_scale,ln(kobs),4,ar2_Ar_HOMO|ar2_Ar_polar|ar2_enthalpy_hartree|ar1_bond_length_c_e,0.7531951780670995,0.21196023164624445,2.2008864386200564,LOOCV,ln(kobs) = <nonlinear model; no closed-form linear equation>
azoarene_svr_rbf_c30_eps005_scale,ln(kobs),4,ar2_Ar_HOMO|ar2_isotropic_polarizability_au|ar2_enthalpy_hartree|ar1_bond_length_c_e,0.7531951780670995,0.21196023164624445,2.2008864386200564,LOOCV,ln(kobs) = <nonlinear model; no closed-form linear equation>
azoarene_svr_rbf_c30_eps005_scale,ln(kobs),4,ar2_homo_hartree|ar2_Ar_polar|ar2_enthalpy_hartree|ar1_bond_length_c_e,0.7531951780670995,0.21196023164624445,2.2008864386200564,LOOCV,ln(kobs) = <nonlinear model; no closed-form linear equation>
azoarene_svr_rbf_c30_eps005_scale,ln(kobs),4,ar2_homo_hartree|ar2_isotropic_polarizability_au|ar2_enthalpy_hartree|ar1_bond_length_c_e,0.7531951780670995,0.21196023164624445,2.2008864386200564,LOOCV,ln(kobs) = <nonlinear model; no closed-form linear equation>
azoarene_svr_rbf_c30_eps005_scale,ln(kobs),4,ar2_Ar_HOMO|ar2_Ar_polar|ar2_gibbs_free_energy_hartree|ar1_bond_length_c_e,0.7531793853559803,0.211950882342419,2.2009568533863644,LOOCV,ln(kobs) = <nonlinear model; no closed-form linear equation>
azoarene_svr_rbf_c30_eps005_scale,ln(kobs),4,ar2_Ar_HOMO|ar2_isotropic_polarizability_au|ar2_gibbs_free_energy_hartree|ar1_bond_length_c_e,0.7531793853559803,0.211950882342419,2.2009568533863644,LOOCV,ln(kobs) = <nonlinear model; no closed-form linear equation>
azoarene_svr_rbf_c30_eps005_scale,ln(kobs),4,ar2_homo_hartree|ar2_Ar_polar|ar2_gibbs_free_energy_hartree|ar1_bond_length_c_e,0.7531793853559803,0.211950882342419,2.2009568533863644,LOOCV,ln(kobs) = <nonlinear model; no closed-form linear equation>
azoarene_svr_rbf_c30_eps005_scale,ln(kobs),4,ar2_homo_hartree|ar2_isotropic_polarizability_au|ar2_gibbs_free_energy_hartree|ar1_bond_length_c_e,0.7531793853559803,0.211950882342419,2.2009568533863644,LOOCV,ln(kobs) = <nonlinear model; no closed-form linear equation>
azoarene_svr_rbf_c30_eps005_scale,ln(kobs),4,ar2_Ar_HOMO|ar2_Ar_polar|ar2_scf_energy_hartree|ar1_bond_length_c_e,0.7531983210316201,0.2118662658425361,2.2008724248541203,LOOCV,ln(kobs) = <nonlinear model; no closed-form linear equation>
azoarene_svr_rbf_c30_eps005_scale,ln(kobs),4,ar2_Ar_HOMO|ar2_isotropic_polarizability_au|ar2_scf_energy_hartree|ar1_bond_length_c_e,0.7531983210316201,0.2118662658425361,2.2008724248541203,LOOCV,ln(kobs) = <nonlinear model; no closed-form linear equation>
azoarene_svr_rbf_c30_eps005_scale,ln(kobs),4,ar2_homo_hartree|ar2_Ar_polar|ar2_scf_energy_hartree|ar1_bond_length_c_e,0.7531983210316201,0.2118662658425361,2.2008724248541203,LOOCV,ln(kobs) = <nonlinear model; no closed-form linear equation>
azoarene_svr_rbf_c30_eps005_scale,ln(kobs),4,ar2_homo_hartree|ar2_isotropic_polarizability_au|ar2_scf_energy_hartree|ar1_bond_length_c_e,0.7531983210316201,0.2118662658425361,2.2008724248541203,LOOCV,ln(kobs) = <nonlinear model; no closed-form linear equation>
azoarene_svr_rbf_c30_eps005_scale,ln(kobs),5,ar2_Ar_HOMO|ar2_homo_hartree|ar1_q_a|ar1_nbo_q_a|ar1_Ar_NBO_OH,0.7796221081088024,0.21089624334654244,2.079719799043712,LOOCV,ln(kobs) = <nonlinear model; no closed-form linear equation>
azoarene_svr_rbf_c30_eps005_scale,ln(kobs),5,ar2_Ar_HOMO|ar1_bond_length_c_a|ar2_lumo_hartree|ar2_gap_hartree|ar2_Ar_Ster_B5,0.7654167167072069,0.2102785263024758,2.1457016957350232,LOOCV,ln(kobs) = <nonlinear model; no closed-form linear equation>
azoarene_svr_rbf_c30_eps005_scale,ln(kobs),5,ar2_Ar_HOMO|ar1_bond_length_c_a|ar2_lumo_hartree|ar2_gap_hartree|ar2_sterimol_B5,0.7654167167072069,0.2102785263024758,2.1457016957350232,LOOCV,ln(kobs) = <nonlinear model; no closed-form linear equation>
azoarene_svr_rbf_c30_eps005_scale,ln(kobs),5,ar2_Ar_HOMO|ar1_bond_length_c_a|ar2_Ar_LUMO|ar2_gap_hartree|ar2_Ar_Ster_B5,0.7654167167072069,0.2102785263024758,2.1457016957350232,LOOCV,ln(kobs) = <nonlinear model; no closed-form linear equation>
azoarene_svr_rbf_c30_eps005_scale,ln(kobs),5,ar2_Ar_HOMO|ar1_bond_length_c_a|ar2_Ar_LUMO|ar2_gap_hartree|ar2_sterimol_B5,0.7654167167072069,0.2102785263024758,2.1457016957350232,LOOCV,ln(kobs) = <nonlinear model; no closed-form linear equation>
azoarene_svr_rbf_c30_eps005_scale,ln(kobs),5,ar2_homo_hartree|ar1_bond_length_c_a|ar2_lumo_hartree|ar2_gap_hartree|ar2_Ar_Ster_B5,0.7654167167072069,0.2102785263024758,2.1457016957350232,LOOCV,ln(kobs) = <nonlinear model; no closed-form linear equation>
azoarene_svr_rbf_c30_eps005_scale,ln(kobs),5,ar2_homo_hartree|ar1_bond_length_c_a|ar2_lumo_hartree|ar2_gap_hartree|ar2_sterimol_B5,0.7654167167072069,0.2102785263024758,2.1457016957350232,LOOCV,ln(kobs) = <nonlinear model; no closed-form linear equation>
azoarene_svr_rbf_c30_eps005_scale,ln(kobs),5,ar2_homo_hartree|ar1_bond_length_c_a|ar2_Ar_LUMO|ar2_gap_hartree|ar2_Ar_Ster_B5,0.7654167167072069,0.2102785263024758,2.1457016957350232,LOOCV,ln(kobs) = <nonlinear model; no closed-form linear equation>
azoarene_svr_rbf_c30_eps005_scale,ln(kobs),5,ar2_homo_hartree|ar1_bond_length_c_a|ar2_Ar_LUMO|ar2_gap_hartree|ar2_sterimol_B5,0.7654167167072069,0.2102785263024758,2.1457016957350232,LOOCV,ln(kobs) = <nonlinear model; no closed-form linear equation>
azoarene_svr_rbf_c30_eps005_scale,ln(kobs),4,ar2_Ar_HOMO|ar2_Ar_polar|ar2_isotropic_polarizability_au|ar1_bond_length_c_e,0.7331132983377832,0.21017802611346237,2.28867582057569,LOOCV,ln(kobs) = <nonlinear model; no closed-form linear equation>
azoarene_svr_rbf_c30_eps005_scale,ln(kobs),4,ar2_homo_hartree|ar2_Ar_polar|ar2_isotropic_polarizability_au|ar1_bond_length_c_e,0.7331132983377832,0.21017802611346237,2.28867582057569,LOOCV,ln(kobs) = <nonlinear model; no closed-form linear equation>
azoarene_svr_rbf_c30_eps005_scale,ln(kobs),5,ar2_Ar_polar|rate kobs (s-1)|ar2_gap_hartree|ar1_bond_length_c_e|ar2_Ar_Ster_B5,0.7734740858792332,0.20953937388676336,2.1085298809840425,LOOCV,ln(kobs) = <nonlinear model; no closed-form linear equation>
azoarene_svr_rbf_c30_eps005_scale,ln(kobs),5,ar2_Ar_polar|rate kobs (s-1)|ar2_gap_hartree|ar1_bond_length_c_e|ar2_sterimol_B5,0.7734740858792332,0.20953937388676336,2.1085298809840425,LOOCV,ln(kobs) = <nonlinear model; no closed-form linear equation>
azoarene_svr_rbf_c30_eps005_scale,ln(kobs),5,ar2_isotropic_polarizability_au|rate kobs (s-1)|ar2_gap_hartree|ar1_bond_length_c_e|ar2_Ar_Ster_B5,0.7734740858792332,0.20953937388676336,2.1085298809840425,LOOCV,ln(kobs) = <nonlinear model; no closed-form linear equation>
azoarene_svr_rbf_c30_eps005_scale,ln(kobs),5,ar2_isotropic_polarizability_au|rate kobs (s-1)|ar2_gap_hartree|ar1_bond_length_c_e|ar2_sterimol_B5,0.7734740858792332,0.20953937388676336,2.1085298809840425,LOOCV,ln(kobs) = <nonlinear model; no closed-form linear equation>
azoarene_svr_rbf_c30_eps005_scale,ln(kobs),4,ar2_Ar_HOMO|ar2_scf_energy_hartree|ar2_gibbs_free_energy_hartree|rate kobs (s-1),0.7565337993011645,0.20952613469338055,2.185949645273982,LOOCV,ln(kobs) = <nonlinear model; no closed-form linear equation>
azoarene_svr_rbf_c30_eps005_scale,ln(kobs),4,ar2_homo_hartree|ar2_scf_energy_hartree|ar2_gibbs_free_energy_hartree|rate kobs (s-1),0.7565337993011645,0.20952613469338055,2.185949645273982,LOOCV,ln(kobs) = <nonlinear model; no closed-form linear equation>
azoarene_svr_rbf_c30_eps005_scale,ln(kobs),4,ar2_Ar_HOMO|ar2_scf_energy_hartree|ar2_enthalpy_hartree|rate kobs (s-1),0.7565354313896555,0.20951234911758032,2.185942318447452,LOOCV,ln(kobs) = <nonlinear model; no closed-form linear equation>
azoarene_svr_rbf_c30_eps005_scale,ln(kobs),4,ar2_homo_hartree|ar2_scf_energy_hartree|ar2_enthalpy_hartree|rate kobs (s-1),0.7565354313896555,0.20951234911758032,2.185942318447452,LOOCV,ln(kobs) = <nonlinear model; no closed-form linear equation>
azoarene_svr_rbf_c30_eps005_scale,ln(kobs),4,ar2_Ar_HOMO|ar2_gibbs_free_energy_hartree|ar2_enthalpy_hartree|rate kobs (s-1),0.7565357773897301,0.20947227371787536,2.1859407651691285,LOOCV,ln(kobs) = <nonlinear model; no closed-form linear equation>
azoarene_svr_rbf_c30_eps005_scale,ln(kobs),4,ar2_homo_hartree|ar2_gibbs_free_energy_hartree|ar2_enthalpy_hartree|rate kobs (s-1),0.7565357773897301,0.20947227371787536,2.1859407651691285,LOOCV,ln(kobs) = <nonlinear model; no closed-form linear equation>
azoarene_svr_rbf_c30_eps005_scale,ln(kobs),3,ar1_bond_length_c_e|ar2_Ar_Ster_B5|ar1_nbo_q_a,0.614750720028818,0.2093432300395669,2.7497406376044586,LOOCV,ln(kobs) = <nonlinear model; no closed-form linear equation>
azoarene_svr_rbf_c30_eps005_scale,ln(kobs),3,ar1_bond_length_c_e|ar2_Ar_Ster_B5|ar1_Ar_NBO_OH,0.614750720028818,0.2093432300395669,2.7497406376044586,LOOCV,ln(kobs) = <nonlinear model; no closed-form linear equation>
azoarene_svr_rbf_c30_eps005_scale,ln(kobs),3,ar1_bond_length_c_e|ar2_sterimol_B5|ar1_nbo_q_a,0.614750720028818,0.2093432300395669,2.7497406376044586,LOOCV,ln(kobs) = <nonlinear model; no closed-form linear equation>
azoarene_svr_rbf_c30_eps005_scale,ln(kobs),3,ar1_bond_length_c_e|ar2_sterimol_B5|ar1_Ar_NBO_OH,0.614750720028818,0.2093432300395669,2.7497406376044586,LOOCV,ln(kobs) = <nonlinear model; no closed-form linear equation>
azoarene_svr_rbf_c30_eps005_scale,ln(kobs),3,ar2_lumo_hartree|ar2_Ar_Ster_B5|ar2_sterimol_B5,0.5805593705032632,0.20884759482453097,2.869168554576534,LOOCV,ln(kobs) = <nonlinear model; no closed-form linear equation>
azoarene_svr_rbf_c30_eps005_scale,ln(kobs),3,ar2_Ar_LUMO|ar2_Ar_Ster_B5|ar2_sterimol_B5,0.5805593705032632,0.20884759482453097,2.869168554576534,LOOCV,ln(kobs) = <nonlinear model; no closed-form linear equation>
azoarene_svr_rbf_c30_eps005_scale,ln(kobs),4,ar2_Ar_HOMO|ar2_gap_hartree|ar1_bond_length_c_e|ar1_nbo_q_a,0.768253233308783,0.2083799199563211,2.1326896238565123,LOOCV,ln(kobs) = <nonlinear model; no closed-form linear equation>
azoarene_svr_rbf_c30_eps005_scale,ln(kobs),4,ar2_Ar_HOMO|ar2_gap_hartree|ar1_bond_length_c_e|ar1_Ar_NBO_OH,0.768253233308783,0.2083799199563211,2.1326896238565123,LOOCV,ln(kobs) = <nonlinear model; no closed-form linear equation>
azoarene_svr_rbf_c30_eps005_scale,ln(kobs),4,ar2_homo_hartree|ar2_gap_hartree|ar1_bond_length_c_e|ar1_nbo_q_a,0.768253233308783,0.2083799199563211,2.1326896238565123,LOOCV,ln(kobs) = <nonlinear model; no closed-form linear equation>
azoarene_svr_rbf_c30_eps005_scale,ln(kobs),4,ar2_homo_hartree|ar2_gap_hartree|ar1_bond_length_c_e|ar1_Ar_NBO_OH,0.768253233308783,0.2083799199563211,2.1326896238565123,LOOCV,ln(kobs) = <nonlinear model; no closed-form linear equation>
azoarene_svr_rbf_c30_eps005_scale,ln(kobs),5,ar2_Ar_HOMO|ar2_scf_energy_hartree|rate kobs (s-1)|ar1_bond_length_c_a|ar1_bond_length_c_e,0.7774799273101314,0.2080724504961312,2.089803300523189,LOOCV,ln(kobs) = <nonlinear model; no closed-form linear equation>
azoarene_svr_rbf_c30_eps005_scale,ln(kobs),5,ar2_homo_hartree|ar2_scf_energy_hartree|rate kobs (s-1)|ar1_bond_length_c_a|ar1_bond_length_c_e,0.7774799273101314,0.2080724504961312,2.089803300523189,LOOCV,ln(kobs) = <nonlinear model; no closed-form linear equation>
azoarene_svr_rbf_c30_eps005_scale,ln(kobs),5,ar2_Ar_HOMO|ar2_enthalpy_hartree|rate kobs (s-1)|ar1_bond_length_c_a|ar1_bond_length_c_e,0.7774861135479,0.20805438622067873,2.0897742512113577,LOOCV,ln(kobs) = <nonlinear model; no closed-form linear equation>
azoarene_svr_rbf_c30_eps005_scale,ln(kobs),5,ar2_homo_hartree|ar2_enthalpy_hartree|rate kobs (s-1)|ar1_bond_length_c_a|ar1_bond_length_c_e,0.7774861135479,0.20805438622067873,2.0897742512113577,LOOCV,ln(kobs) = <nonlinear model; no closed-form linear equation>
azoarene_svr_rbf_c30_eps005_scale,ln(kobs),5,ar2_Ar_HOMO|ar2_gibbs_free_energy_hartree|rate kobs (s-1)|ar1_bond_length_c_a|ar1_bond_length_c_e,0.7774740715752257,0.20804918579483722,2.089830797488918,LOOCV,ln(kobs) = <nonlinear model; no closed-form linear equation>
azoarene_svr_rbf_c30_eps005_scale,ln(kobs),5,ar2_homo_hartree|ar2_gibbs_free_energy_hartree|rate kobs (s-1)|ar1_bond_length_c_a|ar1_bond_length_c_e,0.7774740715752257,0.20804918579483722,2.089830797488918,LOOCV,ln(kobs) = <nonlinear model; no closed-form linear equation>
azoarene_svr_rbf_c30_eps005_scale,ln(kobs),4,ar2_Ar_HOMO|ar2_Ar_polar|ar1_bond_length_c_a|ar1_nbo_q_a,0.7418533484696708,0.2076242092686057,2.2508889141198227,LOOCV,ln(kobs) = <nonlinear model; no closed-form linear equation>
azoarene_svr_rbf_c30_eps005_scale,ln(kobs),4,ar2_Ar_HOMO|ar2_Ar_polar|ar1_bond_length_c_a|ar1_Ar_NBO_OH,0.7418533484696708,0.2076242092686057,2.2508889141198227,LOOCV,ln(kobs) = <nonlinear model; no closed-form linear equation>
azoarene_svr_rbf_c30_eps005_scale,ln(kobs),4,ar2_Ar_HOMO|ar2_isotropic_polarizability_au|ar1_bond_length_c_a|ar1_nbo_q_a,0.7418533484696708,0.2076242092686057,2.2508889141198227,LOOCV,ln(kobs) = <nonlinear model; no closed-form linear equation>
azoarene_svr_rbf_c30_eps005_scale,ln(kobs),4,ar2_Ar_HOMO|ar2_isotropic_polarizability_au|ar1_bond_length_c_a|ar1_Ar_NBO_OH,0.7418533484696708,0.2076242092686057,2.2508889141198227,LOOCV,ln(kobs) = <nonlinear model; no closed-form linear equation>
azoarene_svr_rbf_c30_eps005_scale,ln(kobs),4,ar2_homo_hartree|ar2_Ar_polar|ar1_bond_length_c_a|ar1_nbo_q_a,0.7418533484696708,0.2076242092686057,2.2508889141198227,LOOCV,ln(kobs) = <nonlinear model; no closed-form linear equation>
azoarene_svr_rbf_c30_eps005_scale,ln(kobs),4,ar2_homo_hartree|ar2_Ar_polar|ar1_bond_length_c_a|ar1_Ar_NBO_OH,0.7418533484696708,0.2076242092686057,2.2508889141198227,LOOCV,ln(kobs) = <nonlinear model; no closed-form linear equation>
azoarene_svr_rbf_c30_eps005_scale,ln(kobs),4,ar2_homo_hartree|ar2_isotropic_polarizability_au|ar1_bond_length_c_a|ar1_nbo_q_a,0.7418533484696708,0.2076242092686057,2.2508889141198227,LOOCV,ln(kobs) = <nonlinear model; no closed-form linear equation>
azoarene_svr_rbf_c30_eps005_scale,ln(kobs),4,ar2_homo_hartree|ar2_isotropic_polarizability_au|ar1_bond_length_c_a|ar1_Ar_NBO_OH,0.7418533484696708,0.2076242092686057,2.2508889141198227,LOOCV,ln(kobs) = <nonlinear model; no closed-form linear equation>
azoarene_svr_rbf_c30_eps005_scale,ln(kobs),5,ar2_Ar_polar|rate kobs (s-1)|ar2_lumo_hartree|ar1_bond_length_c_e|ar2_Ar_Ster_B5,0.7729224177142386,0.20756265142090902,2.111095815819583,LOOCV,ln(kobs) = <nonlinear model; no closed-form linear equation>
azoarene_svr_rbf_c30_eps005_scale,ln(kobs),5,ar2_Ar_polar|rate kobs (s-1)|ar2_lumo_hartree|ar1_bond_length_c_e|ar2_sterimol_B5,0.7729224177142386,0.20756265142090902,2.111095815819583,LOOCV,ln(kobs) = <nonlinear model; no closed-form linear equation>
azoarene_svr_rbf_c30_eps005_scale,ln(kobs),5,ar2_Ar_polar|rate kobs (s-1)|ar2_Ar_LUMO|ar1_bond_length_c_e|ar2_Ar_Ster_B5,0.7729224177142386,0.20756265142090902,2.111095815819583,LOOCV,ln(kobs) = <nonlinear model; no closed-form linear equation>
azoarene_svr_rbf_c30_eps005_scale,ln(kobs),5,ar2_Ar_polar|rate kobs (s-1)|ar2_Ar_LUMO|ar1_bond_length_c_e|ar2_sterimol_B5,0.7729224177142386,0.20756265142090902,2.111095815819583,LOOCV,ln(kobs) = <nonlinear model; no closed-form linear equation>
azoarene_svr_rbf_c30_eps005_scale,ln(kobs),5,ar2_isotropic_polarizability_au|rate kobs (s-1)|ar2_lumo_hartree|ar1_bond_length_c_e|ar2_Ar_Ster_B5,0.7729224177142386,0.20756265142090902,2.111095815819583,LOOCV,ln(kobs) = <nonlinear model; no closed-form linear equation>
azoarene_svr_rbf_c30_eps005_scale,ln(kobs),5,ar2_isotropic_polarizability_au|rate kobs (s-1)|ar2_lumo_hartree|ar1_bond_length_c_e|ar2_sterimol_B5,0.7729224177142386,0.20756265142090902,2.111095815819583,LOOCV,ln(kobs) = <nonlinear model; no closed-form linear equation>
azoarene_svr_rbf_c30_eps005_scale,ln(kobs),5,ar2_isotropic_polarizability_au|rate kobs (s-1)|ar2_Ar_LUMO|ar1_bond_length_c_e|ar2_Ar_Ster_B5,0.7729224177142386,0.20756265142090902,2.111095815819583,LOOCV,ln(kobs) = <nonlinear model; no closed-form linear equation>
azoarene_svr_rbf_c30_eps005_scale,ln(kobs),5,ar2_isotropic_polarizability_au|rate kobs (s-1)|ar2_Ar_LUMO|ar1_bond_length_c_e|ar2_sterimol_B5,0.7729224177142386,0.20756265142090902,2.111095815819583,LOOCV,ln(kobs) = <nonlinear model; no closed-form linear equation>
azoarene_svr_rbf_c30_eps005_scale,ln(kobs),5,ar2_Ar_HOMO|ar1_q_a|ar1_bond_length_c_e|ar2_Ar_Ster_B5|ar2_sterimol_B5,0.804496075376055,0.20623625024465897,1.958838152302939,LOOCV,ln(kobs) = <nonlinear model; no closed-form linear equation>
azoarene_svr_rbf_c30_eps005_scale,ln(kobs),5,ar2_homo_hartree|ar1_q_a|ar1_bond_length_c_e|ar2_Ar_Ster_B5|ar2_sterimol_B5,0.804496075376055,0.20623625024465897,1.958838152302939,LOOCV,ln(kobs) = <nonlinear model; no closed-form linear equation>
azoarene_svr_rbf_c30_eps005_scale,ln(kobs),5,ar2_Ar_HOMO|ar1_bond_length_c_a|ar2_lumo_hartree|ar1_nbo_q_a|ar1_Ar_NBO_OH,0.7862773035488307,0.20583208208095405,2.0480763216367746,LOOCV,ln(kobs) = <nonlinear model; no closed-form linear equation>
azoarene_svr_rbf_c30_eps005_scale,ln(kobs),5,ar2_Ar_HOMO|ar1_bond_length_c_a|ar2_Ar_LUMO|ar1_nbo_q_a|ar1_Ar_NBO_OH,0.7862773035488307,0.20583208208095405,2.0480763216367746,LOOCV,ln(kobs) = <nonlinear model; no closed-form linear equation>
azoarene_svr_rbf_c30_eps005_scale,ln(kobs),5,ar2_homo_hartree|ar1_bond_length_c_a|ar2_lumo_hartree|ar1_nbo_q_a|ar1_Ar_NBO_OH,0.7862773035488307,0.20583208208095405,2.0480763216367746,LOOCV,ln(kobs) = <nonlinear model; no closed-form linear equation>
azoarene_svr_rbf_c30_eps005_scale,ln(kobs),5,ar2_homo_hartree|ar1_bond_length_c_a|ar2_Ar_LUMO|ar1_nbo_q_a|ar1_Ar_NBO_OH,0.7862773035488307,0.20583208208095405,2.0480763216367746,LOOCV,ln(kobs) = <nonlinear model; no closed-form linear equation>
azoarene_svr_rbf_c30_eps005_scale,ln(kobs),4,rate kobs (s-1)|ar1_q_a|ar1_bond_length_c_e|ar2_Ar_Ster_B5,0.731283598822436,0.2045187862024157,2.2965076763419106,LOOCV,ln(kobs) = <nonlinear model; no closed-form linear equation>
azoarene_svr_rbf_c30_eps005_scale,ln(kobs),4,rate kobs (s-1)|ar1_q_a|ar1_bond_length_c_e|ar2_sterimol_B5,0.731283598822436,0.2045187862024157,2.2965076763419106,LOOCV,ln(kobs) = <nonlinear model; no closed-form linear equation>
azoarene_svr_rbf_c30_eps005_scale,ln(kobs),4,ar2_Ar_HOMO|ar2_Ar_polar|ar1_bond_length_c_a|ar1_bond_length_c_e,0.7396498129245779,0.20413169089561878,2.2604752755936377,LOOCV,ln(kobs) = <nonlinear model; no closed-form linear equation>
azoarene_svr_rbf_c30_eps005_scale,ln(kobs),4,ar2_Ar_HOMO|ar2_isotropic_polarizability_au|ar1_bond_length_c_a|ar1_bond_length_c_e,0.7396498129245779,0.20413169089561878,2.2604752755936377,LOOCV,ln(kobs) = <nonlinear model; no closed-form linear equation>
azoarene_svr_rbf_c30_eps005_scale,ln(kobs),4,ar2_homo_hartree|ar2_Ar_polar|ar1_bond_length_c_a|ar1_bond_length_c_e,0.7396498129245779,0.20413169089561878,2.2604752755936377,LOOCV,ln(kobs) = <nonlinear model; no closed-form linear equation>
azoarene_svr_rbf_c30_eps005_scale,ln(kobs),4,ar2_homo_hartree|ar2_isotropic_polarizability_au|ar1_bond_length_c_a|ar1_bond_length_c_e,0.7396498129245779,0.20413169089561878,2.2604752755936377,LOOCV,ln(kobs) = <nonlinear model; no closed-form linear equation>
azoarene_svr_rbf_c30_eps005_scale,ln(kobs),4,rate kobs (s-1)|ar2_lumo_hartree|ar2_Ar_Ster_B5|ar1_nbo_q_a,0.7659201677000571,0.2040892045278554,2.1433979598198913,LOOCV,ln(kobs) = <nonlinear model; no closed-form linear equation>
azoarene_svr_rbf_c30_eps005_scale,ln(kobs),4,rate kobs (s-1)|ar2_lumo_hartree|ar2_Ar_Ster_B5|ar1_Ar_NBO_OH,0.7659201677000571,0.2040892045278554,2.1433979598198913,LOOCV,ln(kobs) = <nonlinear model; no closed-form linear equation>
azoarene_svr_rbf_c30_eps005_scale,ln(kobs),4,rate kobs (s-1)|ar2_lumo_hartree|ar2_sterimol_B5|ar1_nbo_q_a,0.7659201677000571,0.2040892045278554,2.1433979598198913,LOOCV,ln(kobs) = <nonlinear model; no closed-form linear equation>
azoarene_svr_rbf_c30_eps005_scale,ln(kobs),4,rate kobs (s-1)|ar2_lumo_hartree|ar2_sterimol_B5|ar1_Ar_NBO_OH,0.7659201677000571,0.2040892045278554,2.1433979598198913,LOOCV,ln(kobs) = <nonlinear model; no closed-form linear equation>
azoarene_svr_rbf_c30_eps005_scale,ln(kobs),4,rate kobs (s-1)|ar2_Ar_LUMO|ar2_Ar_Ster_B5|ar1_nbo_q_a,0.7659201677000571,0.2040892045278554,2.1433979598198913,LOOCV,ln(kobs) = <nonlinear model; no closed-form linear equation>
azoarene_svr_rbf_c30_eps005_scale,ln(kobs),4,rate kobs (s-1)|ar2_Ar_LUMO|ar2_Ar_Ster_B5|ar1_Ar_NBO_OH,0.7659201677000571,0.2040892045278554,2.1433979598198913,LOOCV,ln(kobs) = <nonlinear model; no closed-form linear equation>
azoarene_svr_rbf_c30_eps005_scale,ln(kobs),4,rate kobs (s-1)|ar2_Ar_LUMO|ar2_sterimol_B5|ar1_nbo_q_a,0.7659201677000571,0.2040892045278554,2.1433979598198913,LOOCV,ln(kobs) = <nonlinear model; no closed-form linear equation>
azoarene_svr_rbf_c30_eps005_scale,ln(kobs),4,rate kobs (s-1)|ar2_Ar_LUMO|ar2_sterimol_B5|ar1_Ar_NBO_OH,0.7659201677000571,0.2040892045278554,2.1433979598198913,LOOCV,ln(kobs) = <nonlinear model; no closed-form linear equation>
azoarene_svr_rbf_c30_eps005_scale,ln(kobs),5,ar2_Ar_HOMO|ar2_scf_energy_hartree|ar2_enthalpy_hartree|rate kobs (s-1)|ar1_bond_length_c_e,0.7805402408480329,0.2040039055055619,2.075383039675969,LOOCV,ln(kobs) = <nonlinear model; no closed-form linear equation>
azoarene_svr_rbf_c30_eps005_scale,ln(kobs),5,ar2_homo_hartree|ar2_scf_energy_hartree|ar2_enthalpy_hartree|rate kobs (s-1)|ar1_bond_length_c_e,0.7805402408480329,0.2040039055055619,2.075383039675969,LOOCV,ln(kobs) = <nonlinear model; no closed-form linear equation>
azoarene_svr_rbf_c30_eps005_scale,ln(kobs),5,ar2_Ar_HOMO|ar2_scf_energy_hartree|ar2_gibbs_free_energy_hartree|rate kobs (s-1)|ar1_bond_length_c_e,0.780544004814662,0.20399085300689257,2.0753652420942412,LOOCV,ln(kobs) = <nonlinear model; no closed-form linear equation>
azoarene_svr_rbf_c30_eps005_scale,ln(kobs),5,ar2_homo_hartree|ar2_scf_energy_hartree|ar2_gibbs_free_energy_hartree|rate kobs (s-1)|ar1_bond_length_c_e,0.780544004814662,0.20399085300689257,2.0753652420942412,LOOCV,ln(kobs) = <nonlinear model; no closed-form linear equation>
azoarene_svr_rbf_c30_eps005_scale,ln(kobs),5,ar2_Ar_HOMO|ar2_gibbs_free_energy_hartree|ar2_enthalpy_hartree|rate kobs (s-1)|ar1_bond_length_c_e,0.7805341742959218,0.20396345625772572,2.075411724507304,LOOCV,ln(kobs) = <nonlinear model; no closed-form linear equation>
azoarene_svr_rbf_c30_eps005_scale,ln(kobs),5,ar2_homo_hartree|ar2_gibbs_free_energy_hartree|ar2_enthalpy_hartree|rate kobs (s-1)|ar1_bond_length_c_e,0.7805341742959218,0.20396345625772572,2.075411724507304,LOOCV,ln(kobs) = <nonlinear model; no closed-form linear equation>
azoarene_svr_rbf_c30_eps005_scale,ln(kobs),5,ar2_scf_energy_hartree|rate kobs (s-1)|ar2_gap_hartree|ar1_bond_length_c_e|ar2_Ar_Ster_B5,0.7728377616322923,0.20395281275804045,2.1114892946582815,LOOCV,ln(kobs) = <nonlinear model; no closed-form linear equation>
azoarene_svr_rbf_c30_eps005_scale,ln(kobs),5,ar2_scf_energy_hartree|rate kobs (s-1)|ar2_gap_hartree|ar1_bond_length_c_e|ar2_sterimol_B5,0.7728377616322923,0.20395281275804045,2.1114892946582815,LOOCV,ln(kobs) = <nonlinear model; no closed-form linear equation>
azoarene_svr_rbf_c30_eps005_scale,ln(kobs),5,ar2_gibbs_free_energy_hartree|rate kobs (s-1)|ar2_gap_hartree|ar1_bond_length_c_e|ar2_Ar_Ster_B5,0.7728261092804867,0.20389453432450733,2.1115434486866205,LOOCV,ln(kobs) = <nonlinear model; no closed-form linear equation>
azoarene_svr_rbf_c30_eps005_scale,ln(kobs),5,ar2_gibbs_free_energy_hartree|rate kobs (s-1)|ar2_gap_hartree|ar1_bond_length_c_e|ar2_sterimol_B5,0.7728261092804867,0.20389453432450733,2.1115434486866205,LOOCV,ln(kobs) = <nonlinear model; no closed-form linear equation>
azoarene_svr_rbf_c30_eps005_scale,ln(kobs),5,ar2_enthalpy_hartree|rate kobs (s-1)|ar2_gap_hartree|ar1_bond_length_c_e|ar2_Ar_Ster_B5,0.7728394965519698,0.20388119822456752,2.1114812315414824,LOOCV,ln(kobs) = <nonlinear model; no closed-form linear equation>
azoarene_svr_rbf_c30_eps005_scale,ln(kobs),5,ar2_enthalpy_hartree|rate kobs (s-1)|ar2_gap_hartree|ar1_bond_length_c_e|ar2_sterimol_B5,0.7728394965519698,0.20388119822456752,2.1114812315414824,LOOCV,ln(kobs) = <nonlinear model; no closed-form linear equation>
azoarene_svr_rbf_c30_eps005_scale,ln(kobs),4,ar2_Ar_HOMO|ar2_homo_hartree|ar2_Ar_polar|ar1_bond_length_c_a,0.74533251219142,0.20332635058908421,2.2356693159675247,LOOCV,ln(kobs) = <nonlinear model; no closed-form linear equation>
azoarene_svr_rbf_c30_eps005_scale,ln(kobs),4,ar2_Ar_HOMO|ar2_homo_hartree|ar2_isotropic_polarizability_au|ar1_bond_length_c_a,0.74533251219142,0.20332635058908421,2.2356693159675247,LOOCV,ln(kobs) = <nonlinear model; no closed-form linear equation>
azoarene_svr_rbf_c30_eps005_scale,ln(kobs),5,rate kobs (s-1)|ar1_bond_length_c_a|ar2_gap_hartree|ar2_Ar_Ster_B5|ar1_nbo_q_a,0.779258909396301,0.20321884770596488,2.081432857882291,LOOCV,ln(kobs) = <nonlinear model; no closed-form linear equation>
azoarene_svr_rbf_c30_eps005_scale,ln(kobs),5,rate kobs (s-1)|ar1_bond_length_c_a|ar2_gap_hartree|ar2_Ar_Ster_B5|ar1_Ar_NBO_OH,0.779258909396301,0.20321884770596488,2.081432857882291,LOOCV,ln(kobs) = <nonlinear model; no closed-form linear equation>
azoarene_svr_rbf_c30_eps005_scale,ln(kobs),5,rate kobs (s-1)|ar1_bond_length_c_a|ar2_gap_hartree|ar2_sterimol_B5|ar1_nbo_q_a,0.779258909396301,0.20321884770596488,2.081432857882291,LOOCV,ln(kobs) = <nonlinear model; no closed-form linear equation>
azoarene_svr_rbf_c30_eps005_scale,ln(kobs),5,rate kobs (s-1)|ar1_bond_length_c_a|ar2_gap_hartree|ar2_sterimol_B5|ar1_Ar_NBO_OH,0.779258909396301,0.20321884770596488,2.081432857882291,LOOCV,ln(kobs) = <nonlinear model; no closed-form linear equation>
azoarene_svr_rbf_c30_eps005_scale,ln(kobs),3,ar2_Ar_polar|ar2_isotropic_polarizability_au|ar1_bond_length_c_e,0.5089813290236972,0.2031467778186733,3.1043438350224153,LOOCV,ln(kobs) = <nonlinear model; no closed-form linear equation>
azoarene_svr_rbf_c30_eps005_scale,ln(kobs),3,ar2_Ar_polar|ar1_bond_length_c_e|ar2_Ar_Ster_B5,0.6701251368322083,0.20297744194677225,2.544458815039678,LOOCV,ln(kobs) = <nonlinear model; no closed-form linear equation>
azoarene_svr_rbf_c30_eps005_scale,ln(kobs),3,ar2_Ar_polar|ar1_bond_length_c_e|ar2_sterimol_B5,0.6701251368322083,0.20297744194677225,2.544458815039678,LOOCV,ln(kobs) = <nonlinear model; no closed-form linear equation>
azoarene_svr_rbf_c30_eps005_scale,ln(kobs),3,ar2_isotropic_polarizability_au|ar1_bond_length_c_e|ar2_Ar_Ster_B5,0.6701251368322083,0.20297744194677225,2.544458815039678,LOOCV,ln(kobs) = <nonlinear model; no closed-form linear equation>
azoarene_svr_rbf_c30_eps005_scale,ln(kobs),3,ar2_isotropic_polarizability_au|ar1_bond_length_c_e|ar2_sterimol_B5,0.6701251368322083,0.20297744194677225,2.544458815039678,LOOCV,ln(kobs) = <nonlinear model; no closed-form linear equation>
azoarene_svr_rbf_c30_eps005_scale,ln(kobs),4,ar2_Ar_HOMO|ar2_homo_hartree|ar2_gibbs_free_energy_hartree|rate kobs (s-1),0.778722153200514,0.20207704838278373,2.0839619376336618,LOOCV,ln(kobs) = <nonlinear model; no closed-form linear equation>
azoarene_svr_rbf_c30_eps005_scale,ln(kobs),4,ar2_Ar_HOMO|ar2_homo_hartree|ar2_enthalpy_hartree|rate kobs (s-1),0.778722147105223,0.2020703769570752,2.0839619663359343,LOOCV,ln(kobs) = <nonlinear model; no closed-form linear equation>
azoarene_svr_rbf_c30_eps005_scale,ln(kobs),4,ar2_Ar_HOMO|ar2_homo_hartree|ar2_scf_energy_hartree|rate kobs (s-1),0.7787165025483844,0.20206734470770304,2.0839885459655725,LOOCV,ln(kobs) = <nonlinear model; no closed-form linear equation>
azoarene_svr_rbf_c30_eps005_scale,ln(kobs),4,ar2_Ar_HOMO|ar2_homo_hartree|rate kobs (s-1)|ar2_gap_hartree,0.7802530237635518,0.20118017582804626,2.0767406702605906,LOOCV,ln(kobs) = <nonlinear model; no closed-form linear equation>
azoarene_svr_rbf_c30_eps005_scale,ln(kobs),5,ar2_Ar_HOMO|ar1_bond_length_c_a|ar1_q_a|ar1_bond_length_c_e|ar2_Ar_Ster_B5,0.80357514443652,0.20083062429257614,1.963446334076908,LOOCV,ln(kobs) = <nonlinear model; no closed-form linear equation>
azoarene_svr_rbf_c30_eps005_scale,ln(kobs),5,ar2_Ar_HOMO|ar1_bond_length_c_a|ar1_q_a|ar1_bond_length_c_e|ar2_sterimol_B5,0.80357514443652,0.20083062429257614,1.963446334076908,LOOCV,ln(kobs) = <nonlinear model; no closed-form linear equation>
azoarene_svr_rbf_c30_eps005_scale,ln(kobs),5,ar2_homo_hartree|ar1_bond_length_c_a|ar1_q_a|ar1_bond_length_c_e|ar2_Ar_Ster_B5,0.80357514443652,0.20083062429257614,1.963446334076908,LOOCV,ln(kobs) = <nonlinear model; no closed-form linear equation>
azoarene_svr_rbf_c30_eps005_scale,ln(kobs),5,ar2_homo_hartree|ar1_bond_length_c_a|ar1_q_a|ar1_bond_length_c_e|ar2_sterimol_B5,0.80357514443652,0.20083062429257614,1.963446334076908,LOOCV,ln(kobs) = <nonlinear model; no closed-form linear equation>
azoarene_svr_rbf_c30_eps005_scale,ln(kobs),4,ar2_Ar_HOMO|ar2_Ar_polar|ar2_isotropic_polarizability_au|ar1_bond_length_c_a,0.7361731285449923,0.20058221315378855,2.275518275964362,LOOCV,ln(kobs) = <nonlinear model; no closed-form linear equation>
azoarene_svr_rbf_c30_eps005_scale,ln(kobs),4,ar2_homo_hartree|ar2_Ar_polar|ar2_isotropic_polarizability_au|ar1_bond_length_c_a,0.7361731285449923,0.20058221315378855,2.275518275964362,LOOCV,ln(kobs) = <nonlinear model; no closed-form linear equation>
azoarene_svr_rbf_c30_eps005_scale,ln(kobs),5,ar2_Ar_HOMO|ar1_bond_length_c_a|ar2_gap_hartree|ar1_nbo_q_a|ar1_Ar_NBO_OH,0.7869369730854819,0.19908323921201598,2.0449131159452074,LOOCV,ln(kobs) = <nonlinear model; no closed-form linear equation>
azoarene_svr_rbf_c30_eps005_scale,ln(kobs),5,ar2_homo_hartree|ar1_bond_length_c_a|ar2_gap_hartree|ar1_nbo_q_a|ar1_Ar_NBO_OH,0.7869369730854819,0.19908323921201598,2.0449131159452074,LOOCV,ln(kobs) = <nonlinear model; no closed-form linear equation>
azoarene_svr_rbf_c30_eps005_scale,ln(kobs),3,ar2_Ar_HOMO|ar1_bond_length_c_a|ar1_q_a,0.8211992738065896,0.1980478652707658,1.8732918917223154,LOOCV,ln(kobs) = <nonlinear model; no closed-form linear equation>
azoarene_svr_rbf_c30_eps005_scale,ln(kobs),3,ar2_homo_hartree|ar1_bond_length_c_a|ar1_q_a,0.8211992738065896,0.1980478652707658,1.8732918917223154,LOOCV,ln(kobs) = <nonlinear model; no closed-form linear equation>
azoarene_svr_rbf_c30_eps005_scale,ln(kobs),4,rate kobs (s-1)|ar1_bond_length_c_a|ar2_lumo_hartree|ar2_Ar_Ster_B5,0.7804088421987652,0.19784700054564852,2.0760042508768994,LOOCV,ln(kobs) = <nonlinear model; no closed-form linear equation>
azoarene_svr_rbf_c30_eps005_scale,ln(kobs),4,rate kobs (s-1)|ar1_bond_length_c_a|ar2_lumo_hartree|ar2_sterimol_B5,0.7804088421987652,0.19784700054564852,2.0760042508768994,LOOCV,ln(kobs) = <nonlinear model; no closed-form linear equation>
azoarene_svr_rbf_c30_eps005_scale,ln(kobs),4,rate kobs (s-1)|ar1_bond_length_c_a|ar2_Ar_LUMO|ar2_Ar_Ster_B5,0.7804088421987652,0.19784700054564852,2.0760042508768994,LOOCV,ln(kobs) = <nonlinear model; no closed-form linear equation>
azoarene_svr_rbf_c30_eps005_scale,ln(kobs),4,rate kobs (s-1)|ar1_bond_length_c_a|ar2_Ar_LUMO|ar2_sterimol_B5,0.7804088421987652,0.19784700054564852,2.0760042508768994,LOOCV,ln(kobs) = <nonlinear model; no closed-form linear equation>
azoarene_svr_rbf_c30_eps005_scale,ln(kobs),5,ar2_Ar_HOMO|ar2_Ar_polar|ar1_q_a|ar1_nbo_q_a|ar1_Ar_NBO_OH,0.7846269596176252,0.1966634212239149,2.0559686288118484,LOOCV,ln(kobs) = <nonlinear model; no closed-form linear equation>
azoarene_svr_rbf_c30_eps005_scale,ln(kobs),5,ar2_Ar_HOMO|ar2_isotropic_polarizability_au|ar1_q_a|ar1_nbo_q_a|ar1_Ar_NBO_OH,0.7846269596176252,0.1966634212239149,2.0559686288118484,LOOCV,ln(kobs) = <nonlinear model; no closed-form linear equation>
azoarene_svr_rbf_c30_eps005_scale,ln(kobs),5,ar2_homo_hartree|ar2_Ar_polar|ar1_q_a|ar1_nbo_q_a|ar1_Ar_NBO_OH,0.7846269596176252,0.1966634212239149,2.0559686288118484,LOOCV,ln(kobs) = <nonlinear model; no closed-form linear equation>
azoarene_svr_rbf_c30_eps005_scale,ln(kobs),5,ar2_homo_hartree|ar2_isotropic_polarizability_au|ar1_q_a|ar1_nbo_q_a|ar1_Ar_NBO_OH,0.7846269596176252,0.1966634212239149,2.0559686288118484,LOOCV,ln(kobs) = <nonlinear model; no closed-form linear equation>
azoarene_svr_rbf_c30_eps005_scale,ln(kobs),3,ar2_scf_energy_hartree|rate kobs (s-1)|ar1_bond_length_c_a,0.669648331346623,0.1953447272377964,2.546297048222441,LOOCV,ln(kobs) = <nonlinear model; no closed-form linear equation>
azoarene_svr_rbf_c30_eps005_scale,ln(kobs),3,ar2_enthalpy_hartree|rate kobs (s-1)|ar1_bond_length_c_a,0.6696373539662936,0.19529195011323996,2.54633935380401,LOOCV,ln(kobs) = <nonlinear model; no closed-form linear equation>
azoarene_svr_rbf_c30_eps005_scale,ln(kobs),3,ar2_gibbs_free_energy_hartree|rate kobs (s-1)|ar1_bond_length_c_a,0.6696326275189772,0.19527659931386776,2.5463575687806497,LOOCV,ln(kobs) = <nonlinear model; no closed-form linear equation>
azoarene_svr_rbf_c30_eps005_scale,ln(kobs),5,rate kobs (s-1)|ar1_bond_length_c_a|ar2_lumo_hartree|ar1_bond_length_c_e|ar2_Ar_Ster_B5,0.7752842044204576,0.19507659255921195,2.100088585772756,LOOCV,ln(kobs) = <nonlinear model; no closed-form linear equation>
azoarene_svr_rbf_c30_eps005_scale,ln(kobs),5,rate kobs (s-1)|ar1_bond_length_c_a|ar2_lumo_hartree|ar1_bond_length_c_e|ar2_sterimol_B5,0.7752842044204576,0.19507659255921195,2.100088585772756,LOOCV,ln(kobs) = <nonlinear model; no closed-form linear equation>
azoarene_svr_rbf_c30_eps005_scale,ln(kobs),5,rate kobs (s-1)|ar1_bond_length_c_a|ar2_Ar_LUMO|ar1_bond_length_c_e|ar2_Ar_Ster_B5,0.7752842044204576,0.19507659255921195,2.100088585772756,LOOCV,ln(kobs) = <nonlinear model; no closed-form linear equation>
azoarene_svr_rbf_c30_eps005_scale,ln(kobs),5,rate kobs (s-1)|ar1_bond_length_c_a|ar2_Ar_LUMO|ar1_bond_length_c_e|ar2_sterimol_B5,0.7752842044204576,0.19507659255921195,2.100088585772756,LOOCV,ln(kobs) = <nonlinear model; no closed-form linear equation>
azoarene_svr_rbf_c30_eps005_scale,ln(kobs),5,ar2_Ar_HOMO|rate kobs (s-1)|ar1_bond_length_c_a|ar1_q_a|ar1_nbo_q_a,0.8311051132953453,0.19450760798208144,1.8206608974808522,LOOCV,ln(kobs) = <nonlinear model; no closed-form linear equation>
azoarene_svr_rbf_c30_eps005_scale,ln(kobs),5,ar2_Ar_HOMO|rate kobs (s-1)|ar1_bond_length_c_a|ar1_q_a|ar1_Ar_NBO_OH,0.8311051132953453,0.19450760798208144,1.8206608974808522,LOOCV,ln(kobs) = <nonlinear model; no closed-form linear equation>
azoarene_svr_rbf_c30_eps005_scale,ln(kobs),5,ar2_homo_hartree|rate kobs (s-1)|ar1_bond_length_c_a|ar1_q_a|ar1_nbo_q_a,0.8311051132953453,0.19450760798208144,1.8206608974808522,LOOCV,ln(kobs) = <nonlinear model; no closed-form linear equation>
azoarene_svr_rbf_c30_eps005_scale,ln(kobs),5,ar2_homo_hartree|rate kobs (s-1)|ar1_bond_length_c_a|ar1_q_a|ar1_Ar_NBO_OH,0.8311051132953453,0.19450760798208144,1.8206608974808522,LOOCV,ln(kobs) = <nonlinear model; no closed-form linear equation>
azoarene_svr_rbf_c30_eps005_scale,ln(kobs),4,ar1_bond_length_c_a|ar1_q_a|ar1_bond_length_c_e|ar2_Ar_Ster_B5,0.6886889421130762,0.19288957296733,2.471827091284275,LOOCV,ln(kobs) = <nonlinear model; no closed-form linear equation>
azoarene_svr_rbf_c30_eps005_scale,ln(kobs),4,ar1_bond_length_c_a|ar1_q_a|ar1_bond_length_c_e|ar2_sterimol_B5,0.6886889421130762,0.19288957296733,2.471827091284275,LOOCV,ln(kobs) = <nonlinear model; no closed-form linear equation>
azoarene_svr_rbf_c30_eps005_scale,ln(kobs),3,ar2_gap_hartree|ar2_Ar_Ster_B5|ar2_sterimol_B5,0.5795489947563294,0.1918848870877936,2.872622195484933,LOOCV,ln(kobs) = <nonlinear model; no closed-form linear equation>
azoarene_svr_rbf_c30_eps005_scale,ln(kobs),4,ar2_Ar_HOMO|ar1_bond_length_c_a|ar2_lumo_hartree|ar1_bond_length_c_e,0.7825970296490291,0.191776762980021,2.0656348443822714,LOOCV,ln(kobs) = <nonlinear model; no closed-form linear equation>
azoarene_svr_rbf_c30_eps005_scale,ln(kobs),4,ar2_Ar_HOMO|ar1_bond_length_c_a|ar2_Ar_LUMO|ar1_bond_length_c_e,0.7825970296490291,0.191776762980021,2.0656348443822714,LOOCV,ln(kobs) = <nonlinear model; no closed-form linear equation>
azoarene_svr_rbf_c30_eps005_scale,ln(kobs),4,ar2_homo_hartree|ar1_bond_length_c_a|ar2_lumo_hartree|ar1_bond_length_c_e,0.7825970296490291,0.191776762980021,2.0656348443822714,LOOCV,ln(kobs) = <nonlinear model; no closed-form linear equation>
azoarene_svr_rbf_c30_eps005_scale,ln(kobs),4,ar2_homo_hartree|ar1_bond_length_c_a|ar2_Ar_LUMO|ar1_bond_length_c_e,0.7825970296490291,0.191776762980021,2.0656348443822714,LOOCV,ln(kobs) = <nonlinear model; no closed-form linear equation>
azoarene_svr_rbf_c30_eps005_scale,ln(kobs),5,rate kobs (s-1)|ar2_lumo_hartree|ar2_Ar_LUMO|ar1_bond_length_c_e|ar2_Ar_Ster_B5,0.7679215805569819,0.19153931533975155,2.1342151241145024,LOOCV,ln(kobs) = <nonlinear model; no closed-form linear equation>
azoarene_svr_rbf_c30_eps005_scale,ln(kobs),5,rate kobs (s-1)|ar2_lumo_hartree|ar2_Ar_LUMO|ar1_bond_length_c_e|ar2_sterimol_B5,0.7679215805569819,0.19153931533975155,2.1342151241145024,LOOCV,ln(kobs) = <nonlinear model; no closed-form linear equation>
azoarene_svr_rbf_c30_eps005_scale,ln(kobs),3,ar2_Ar_polar|ar2_isotropic_polarizability_au|ar1_bond_length_c_a,0.5067410933276341,0.1914787808162326,3.111417443445485,LOOCV,ln(kobs) = <nonlinear model; no closed-form linear equation>
azoarene_svr_rbf_c30_eps005_scale,ln(kobs),4,rate kobs (s-1)|ar2_gap_hartree|ar2_Ar_Ster_B5|ar1_nbo_q_a,0.7658692378738522,0.19117955736031245,2.1436311216164183,LOOCV,ln(kobs) = <nonlinear model; no closed-form linear equation>
azoarene_svr_rbf_c30_eps005_scale,ln(kobs),4,rate kobs (s-1)|ar2_gap_hartree|ar2_Ar_Ster_B5|ar1_Ar_NBO_OH,0.7658692378738522,0.19117955736031245,2.1436311216164183,LOOCV,ln(kobs) = <nonlinear model; no closed-form linear equation>
azoarene_svr_rbf_c30_eps005_scale,ln(kobs),4,rate kobs (s-1)|ar2_gap_hartree|ar2_sterimol_B5|ar1_nbo_q_a,0.7658692378738522,0.19117955736031245,2.1436311216164183,LOOCV,ln(kobs) = <nonlinear model; no closed-form linear equation>
azoarene_svr_rbf_c30_eps005_scale,ln(kobs),4,rate kobs (s-1)|ar2_gap_hartree|ar2_sterimol_B5|ar1_Ar_NBO_OH,0.7658692378738522,0.19117955736031245,2.1436311216164183,LOOCV,ln(kobs) = <nonlinear model; no closed-form linear equation>
azoarene_svr_rbf_c30_eps005_scale,ln(kobs),5,ar2_Ar_HOMO|ar2_gibbs_free_energy_hartree|rate kobs (s-1)|ar1_bond_length_c_a|ar2_lumo_hartree,0.8106781590863927,0.191071479253776,1.9276188898978173,LOOCV,ln(kobs) = <nonlinear model; no closed-form linear equation>
azoarene_svr_rbf_c30_eps005_scale,ln(kobs),5,ar2_Ar_HOMO|ar2_gibbs_free_energy_hartree|rate kobs (s-1)|ar1_bond_length_c_a|ar2_Ar_LUMO,0.8106781590863927,0.191071479253776,1.9276188898978173,LOOCV,ln(kobs) = <nonlinear model; no closed-form linear equation>
azoarene_svr_rbf_c30_eps005_scale,ln(kobs),5,ar2_homo_hartree|ar2_gibbs_free_energy_hartree|rate kobs (s-1)|ar1_bond_length_c_a|ar2_lumo_hartree,0.8106781590863927,0.191071479253776,1.9276188898978173,LOOCV,ln(kobs) = <nonlinear model; no closed-form linear equation>
azoarene_svr_rbf_c30_eps005_scale,ln(kobs),5,ar2_homo_hartree|ar2_gibbs_free_energy_hartree|rate kobs (s-1)|ar1_bond_length_c_a|ar2_Ar_LUMO,0.8106781590863927,0.191071479253776,1.9276188898978173,LOOCV,ln(kobs) = <nonlinear model; no closed-form linear equation>
azoarene_svr_rbf_c30_eps005_scale,ln(kobs),5,ar2_Ar_HOMO|ar2_scf_energy_hartree|rate kobs (s-1)|ar1_bond_length_c_a|ar2_lumo_hartree,0.8106798255580724,0.19103715462844417,1.9276104061187065,LOOCV,ln(kobs) = <nonlinear model; no closed-form linear equation>
azoarene_svr_rbf_c30_eps005_scale,ln(kobs),5,ar2_Ar_HOMO|ar2_scf_energy_hartree|rate kobs (s-1)|ar1_bond_length_c_a|ar2_Ar_LUMO,0.8106798255580724,0.19103715462844417,1.9276104061187065,LOOCV,ln(kobs) = <nonlinear model; no closed-form linear equation>
azoarene_svr_rbf_c30_eps005_scale,ln(kobs),5,ar2_homo_hartree|ar2_scf_energy_hartree|rate kobs (s-1)|ar1_bond_length_c_a|ar2_lumo_hartree,0.8106798255580724,0.19103715462844417,1.9276104061187065,LOOCV,ln(kobs) = <nonlinear model; no closed-form linear equation>
azoarene_svr_rbf_c30_eps005_scale,ln(kobs),5,ar2_homo_hartree|ar2_scf_energy_hartree|rate kobs (s-1)|ar1_bond_length_c_a|ar2_Ar_LUMO,0.8106798255580724,0.19103715462844417,1.9276104061187065,LOOCV,ln(kobs) = <nonlinear model; no closed-form linear equation>
azoarene_svr_rbf_c30_eps005_scale,ln(kobs),5,ar2_Ar_HOMO|ar2_enthalpy_hartree|rate kobs (s-1)|ar1_bond_length_c_a|ar2_lumo_hartree,0.8106832957188088,0.19102975961828772,1.92759273988578,LOOCV,ln(kobs) = <nonlinear model; no closed-form linear equation>
azoarene_svr_rbf_c30_eps005_scale,ln(kobs),5,ar2_Ar_HOMO|ar2_enthalpy_hartree|rate kobs (s-1)|ar1_bond_length_c_a|ar2_Ar_LUMO,0.8106832957188088,0.19102975961828772,1.92759273988578,LOOCV,ln(kobs) = <nonlinear model; no closed-form linear equation>
azoarene_svr_rbf_c30_eps005_scale,ln(kobs),5,ar2_homo_hartree|ar2_enthalpy_hartree|rate kobs (s-1)|ar1_bond_length_c_a|ar2_lumo_hartree,0.8106832957188088,0.19102975961828772,1.92759273988578,LOOCV,ln(kobs) = <nonlinear model; no closed-form linear equation>
azoarene_svr_rbf_c30_eps005_scale,ln(kobs),5,ar2_homo_hartree|ar2_enthalpy_hartree|rate kobs (s-1)|ar1_bond_length_c_a|ar2_Ar_LUMO,0.8106832957188088,0.19102975961828772,1.92759273988578,LOOCV,ln(kobs) = <nonlinear model; no closed-form linear equation>
azoarene_svr_rbf_c30_eps005_scale,ln(kobs),3,ar2_Ar_HOMO|ar2_Ar_polar|ar1_bond_length_c_e,0.7409189619688276,0.19013763762255287,2.25495888840925,LOOCV,ln(kobs) = <nonlinear model; no closed-form linear equation>
azoarene_svr_rbf_c30_eps005_scale,ln(kobs),3,ar2_Ar_HOMO|ar2_isotropic_polarizability_au|ar1_bond_length_c_e,0.7409189619688276,0.19013763762255287,2.25495888840925,LOOCV,ln(kobs) = <nonlinear model; no closed-form linear equation>
azoarene_svr_rbf_c30_eps005_scale,ln(kobs),3,ar2_homo_hartree|ar2_Ar_polar|ar1_bond_length_c_e,0.7409189619688276,0.19013763762255287,2.25495888840925,LOOCV,ln(kobs) = <nonlinear model; no closed-form linear equation>
azoarene_svr_rbf_c30_eps005_scale,ln(kobs),3,ar2_homo_hartree|ar2_isotropic_polarizability_au|ar1_bond_length_c_e,0.7409189619688276,0.19013763762255287,2.25495888840925,LOOCV,ln(kobs) = <nonlinear model; no closed-form linear equation>
azoarene_svr_rbf_c30_eps005_scale,ln(kobs),3,rate kobs (s-1)|ar1_nbo_q_a|ar1_Ar_NBO_OH,0.5254421491826389,0.18897934755918921,3.051865540024367,LOOCV,ln(kobs) = <nonlinear model; no closed-form linear equation>
azoarene_svr_rbf_c30_eps005_scale,ln(kobs),5,ar2_Ar_HOMO|rate kobs (s-1)|ar1_bond_length_c_a|ar2_lumo_hartree|ar1_bond_length_c_e,0.8144780548061324,0.188874596480737,1.9081761298726374,LOOCV,ln(kobs) = <nonlinear model; no closed-form linear equation>
azoarene_svr_rbf_c30_eps005_scale,ln(kobs),5,ar2_Ar_HOMO|rate kobs (s-1)|ar1_bond_length_c_a|ar2_Ar_LUMO|ar1_bond_length_c_e,0.8144780548061324,0.188874596480737,1.9081761298726374,LOOCV,ln(kobs) = <nonlinear model; no closed-form linear equation>
azoarene_svr_rbf_c30_eps005_scale,ln(kobs),5,ar2_homo_hartree|rate kobs (s-1)|ar1_bond_length_c_a|ar2_lumo_hartree|ar1_bond_length_c_e,0.8144780548061324,0.188874596480737,1.9081761298726374,LOOCV,ln(kobs) = <nonlinear model; no closed-form linear equation>
azoarene_svr_rbf_c30_eps005_scale,ln(kobs),5,ar2_homo_hartree|rate kobs (s-1)|ar1_bond_length_c_a|ar2_Ar_LUMO|ar1_bond_length_c_e,0.8144780548061324,0.188874596480737,1.9081761298726374,LOOCV,ln(kobs) = <nonlinear model; no closed-form linear equation>
azoarene_svr_rbf_c30_eps005_scale,ln(kobs),4,ar2_Ar_HOMO|ar2_homo_hartree|ar1_bond_length_c_a|ar1_bond_length_c_e,0.7382392542838575,0.1883434786515974,2.266590550211344,LOOCV,ln(kobs) = <nonlinear model; no closed-form linear equation>
azoarene_svr_rbf_c30_eps005_scale,ln(kobs),4,ar2_Ar_HOMO|ar2_homo_hartree|ar2_scf_energy_hartree|ar1_bond_length_c_e,0.7330086097118135,0.18828276673069733,2.2891246530464167,LOOCV,ln(kobs) = <nonlinear model; no closed-form linear equation>
azoarene_svr_rbf_c30_eps005_scale,ln(kobs),4,ar2_Ar_HOMO|ar2_homo_hartree|ar2_gibbs_free_energy_hartree|ar1_bond_length_c_e,0.7330160618079269,0.18828081406188002,2.289092706518203,LOOCV,ln(kobs) = <nonlinear model; no closed-form linear equation>
azoarene_svr_rbf_c30_eps005_scale,ln(kobs),4,ar2_Ar_HOMO|ar2_homo_hartree|ar2_enthalpy_hartree|ar1_bond_length_c_e,0.733028716189205,0.18826441787738413,2.289038457196437,LOOCV,ln(kobs) = <nonlinear model; no closed-form linear equation>
azoarene_svr_rbf_c30_eps005_scale,ln(kobs),5,ar2_Ar_HOMO|ar2_homo_hartree|rate kobs (s-1)|ar1_bond_length_c_a|ar1_bond_length_c_e,0.7902998292134137,0.18765980202860155,2.028711103863598,LOOCV,ln(kobs) = <nonlinear model; no closed-form linear equation>
azoarene_svr_rbf_c30_eps005_scale,ln(kobs),5,ar2_Ar_HOMO|rate kobs (s-1)|ar1_q_a|ar1_bond_length_c_e|ar2_Ar_Ster_B5,0.8395561151151637,0.18700962510419206,1.7745261300588613,LOOCV,ln(kobs) = <nonlinear model; no closed-form linear equation>
azoarene_svr_rbf_c30_eps005_scale,ln(kobs),5,ar2_Ar_HOMO|rate kobs (s-1)|ar1_q_a|ar1_bond_length_c_e|ar2_sterimol_B5,0.8395561151151637,0.18700962510419206,1.7745261300588613,LOOCV,ln(kobs) = <nonlinear model; no closed-form linear equation>
azoarene_svr_rbf_c30_eps005_scale,ln(kobs),5,ar2_homo_hartree|rate kobs (s-1)|ar1_q_a|ar1_bond_length_c_e|ar2_Ar_Ster_B5,0.8395561151151637,0.18700962510419206,1.7745261300588613,LOOCV,ln(kobs) = <nonlinear model; no closed-form linear equation>
azoarene_svr_rbf_c30_eps005_scale,ln(kobs),5,ar2_homo_hartree|rate kobs (s-1)|ar1_q_a|ar1_bond_length_c_e|ar2_sterimol_B5,0.8395561151151637,0.18700962510419206,1.7745261300588613,LOOCV,ln(kobs) = <nonlinear model; no closed-form linear equation>
azoarene_svr_rbf_c30_eps005_scale,ln(kobs),4,ar2_Ar_polar|rate kobs (s-1)|ar2_gap_hartree|ar2_Ar_Ster_B5,0.7304649834698705,0.1867072951246247,2.3000030469981354,LOOCV,ln(kobs) = <nonlinear model; no closed-form linear equation>
azoarene_svr_rbf_c30_eps005_scale,ln(kobs),4,ar2_Ar_polar|rate kobs (s-1)|ar2_gap_hartree|ar2_sterimol_B5,0.7304649834698705,0.1867072951246247,2.3000030469981354,LOOCV,ln(kobs) = <nonlinear model; no closed-form linear equation>
azoarene_svr_rbf_c30_eps005_scale,ln(kobs),4,ar2_isotropic_polarizability_au|rate kobs (s-1)|ar2_gap_hartree|ar2_Ar_Ster_B5,0.7304649834698705,0.1867072951246247,2.3000030469981354,LOOCV,ln(kobs) = <nonlinear model; no closed-form linear equation>
azoarene_svr_rbf_c30_eps005_scale,ln(kobs),4,ar2_isotropic_polarizability_au|rate kobs (s-1)|ar2_gap_hartree|ar2_sterimol_B5,0.7304649834698705,0.1867072951246247,2.3000030469981354,LOOCV,ln(kobs) = <nonlinear model; no closed-form linear equation>
azoarene_svr_rbf_c30_eps005_scale,ln(kobs),5,ar2_Ar_HOMO|ar2_Ar_polar|rate kobs (s-1)|ar2_lumo_hartree|ar1_bond_length_c_e,0.8244281617727792,0.18667480774360246,1.8563003316934736,LOOCV,ln(kobs) = <nonlinear model; no closed-form linear equation>
azoarene_svr_rbf_c30_eps005_scale,ln(kobs),5,ar2_Ar_HOMO|ar2_Ar_polar|rate kobs (s-1)|ar2_Ar_LUMO|ar1_bond_length_c_e,0.8244281617727792,0.18667480774360246,1.8563003316934736,LOOCV,ln(kobs) = <nonlinear model; no closed-form linear equation>
azoarene_svr_rbf_c30_eps005_scale,ln(kobs),5,ar2_Ar_HOMO|ar2_isotropic_polarizability_au|rate kobs (s-1)|ar2_lumo_hartree|ar1_bond_length_c_e,0.8244281617727792,0.18667480774360246,1.8563003316934736,LOOCV,ln(kobs) = <nonlinear model; no closed-form linear equation>
azoarene_svr_rbf_c30_eps005_scale,ln(kobs),5,ar2_Ar_HOMO|ar2_isotropic_polarizability_au|rate kobs (s-1)|ar2_Ar_LUMO|ar1_bond_length_c_e,0.8244281617727792,0.18667480774360246,1.8563003316934736,LOOCV,ln(kobs) = <nonlinear model; no closed-form linear equation>
azoarene_svr_rbf_c30_eps005_scale,ln(kobs),5,ar2_homo_hartree|ar2_Ar_polar|rate kobs (s-1)|ar2_lumo_hartree|ar1_bond_length_c_e,0.8244281617727792,0.18667480774360246,1.8563003316934736,LOOCV,ln(kobs) = <nonlinear model; no closed-form linear equation>
azoarene_svr_rbf_c30_eps005_scale,ln(kobs),5,ar2_homo_hartree|ar2_Ar_polar|rate kobs (s-1)|ar2_Ar_LUMO|ar1_bond_length_c_e,0.8244281617727792,0.18667480774360246,1.8563003316934736,LOOCV,ln(kobs) = <nonlinear model; no closed-form linear equation>
azoarene_svr_rbf_c30_eps005_scale,ln(kobs),5,ar2_homo_hartree|ar2_isotropic_polarizability_au|rate kobs (s-1)|ar2_lumo_hartree|ar1_bond_length_c_e,0.8244281617727792,0.18667480774360246,1.8563003316934736,LOOCV,ln(kobs) = <nonlinear model; no closed-form linear equation>
azoarene_svr_rbf_c30_eps005_scale,ln(kobs),5,ar2_homo_hartree|ar2_isotropic_polarizability_au|rate kobs (s-1)|ar2_Ar_LUMO|ar1_bond_length_c_e,0.8244281617727792,0.18667480774360246,1.8563003316934736,LOOCV,ln(kobs) = <nonlinear model; no closed-form linear equation>
azoarene_svr_rbf_c30_eps005_scale,ln(kobs),4,ar2_Ar_HOMO|ar1_q_a|ar1_bond_length_c_e|ar2_Ar_Ster_B5,0.8183656701517825,0.186526154410937,1.8880773490987288,LOOCV,ln(kobs) = <nonlinear model; no closed-form linear equation>
azoarene_svr_rbf_c30_eps005_scale,ln(kobs),4,ar2_Ar_HOMO|ar1_q_a|ar1_bond_length_c_e|ar2_sterimol_B5,0.8183656701517825,0.186526154410937,1.8880773490987288,LOOCV,ln(kobs) = <nonlinear model; no closed-form linear equation>
azoarene_svr_rbf_c30_eps005_scale,ln(kobs),4,ar2_homo_hartree|ar1_q_a|ar1_bond_length_c_e|ar2_Ar_Ster_B5,0.8183656701517825,0.186526154410937,1.8880773490987288,LOOCV,ln(kobs) = <nonlinear model; no closed-form linear equation>
azoarene_svr_rbf_c30_eps005_scale,ln(kobs),4,ar2_homo_hartree|ar1_q_a|ar1_bond_length_c_e|ar2_sterimol_B5,0.8183656701517825,0.186526154410937,1.8880773490987288,LOOCV,ln(kobs) = <nonlinear model; no closed-form linear equation>
azoarene_svr_rbf_c30_eps005_scale,ln(kobs),5,ar2_Ar_HOMO|ar2_gibbs_free_energy_hartree|rate kobs (s-1)|ar1_bond_length_c_a|ar2_gap_hartree,0.8103265410589663,0.18643637045078298,1.9294080948199532,LOOCV,ln(kobs) = <nonlinear model; no closed-form linear equation>
azoarene_svr_rbf_c30_eps005_scale,ln(kobs),5,ar2_homo_hartree|ar2_gibbs_free_energy_hartree|rate kobs (s-1)|ar1_bond_length_c_a|ar2_gap_hartree,0.8103265410589663,0.18643637045078298,1.9294080948199532,LOOCV,ln(kobs) = <nonlinear model; no closed-form linear equation>
azoarene_svr_rbf_c30_eps005_scale,ln(kobs),5,ar2_Ar_HOMO|ar2_scf_energy_hartree|rate kobs (s-1)|ar1_bond_length_c_a|ar2_gap_hartree,0.8103285417552337,0.18643579599412619,1.9293979189899386,LOOCV,ln(kobs) = <nonlinear model; no closed-form linear equation>
azoarene_svr_rbf_c30_eps005_scale,ln(kobs),5,ar2_homo_hartree|ar2_scf_energy_hartree|rate kobs (s-1)|ar1_bond_length_c_a|ar2_gap_hartree,0.8103285417552337,0.18643579599412619,1.9293979189899386,LOOCV,ln(kobs) = <nonlinear model; no closed-form linear equation>
azoarene_svr_rbf_c30_eps005_scale,ln(kobs),5,ar2_Ar_HOMO|ar2_enthalpy_hartree|rate kobs (s-1)|ar1_bond_length_c_a|ar2_gap_hartree,0.8103274600038798,0.18642794853812894,1.9294034209401385,LOOCV,ln(kobs) = <nonlinear model; no closed-form linear equation>
azoarene_svr_rbf_c30_eps005_scale,ln(kobs),5,ar2_homo_hartree|ar2_enthalpy_hartree|rate kobs (s-1)|ar1_bond_length_c_a|ar2_gap_hartree,0.8103274600038798,0.18642794853812894,1.9294034209401385,LOOCV,ln(kobs) = <nonlinear model; no closed-form linear equation>
azoarene_svr_rbf_c30_eps005_scale,ln(kobs),4,rate kobs (s-1)|ar1_bond_length_c_a|ar2_gap_hartree|ar2_Ar_Ster_B5,0.7795652453943824,0.18571406416399228,2.0799880902153034,LOOCV,ln(kobs) = <nonlinear model; no closed-form linear equation>
azoarene_svr_rbf_c30_eps005_scale,ln(kobs),4,rate kobs (s-1)|ar1_bond_length_c_a|ar2_gap_hartree|ar2_sterimol_B5,0.7795652453943824,0.18571406416399228,2.0799880902153034,LOOCV,ln(kobs) = <nonlinear model; no closed-form linear equation>
azoarene_svr_rbf_c30_eps005_scale,ln(kobs),5,ar2_Ar_HOMO|ar1_bond_length_c_a|ar2_lumo_hartree|ar2_Ar_LUMO|ar1_nbo_q_a,0.771821924740388,0.18474182299035924,2.116205166739873,LOOCV,ln(kobs) = <nonlinear model; no closed-form linear equation>
azoarene_svr_rbf_c30_eps005_scale,ln(kobs),5,ar2_Ar_HOMO|ar1_bond_length_c_a|ar2_lumo_hartree|ar2_Ar_LUMO|ar1_Ar_NBO_OH,0.771821924740388,0.18474182299035924,2.116205166739873,LOOCV,ln(kobs) = <nonlinear model; no closed-form linear equation>
azoarene_svr_rbf_c30_eps005_scale,ln(kobs),5,ar2_homo_hartree|ar1_bond_length_c_a|ar2_lumo_hartree|ar2_Ar_LUMO|ar1_nbo_q_a,0.771821924740388,0.18474182299035924,2.116205166739873,LOOCV,ln(kobs) = <nonlinear model; no closed-form linear equation>
azoarene_svr_rbf_c30_eps005_scale,ln(kobs),5,ar2_homo_hartree|ar1_bond_length_c_a|ar2_lumo_hartree|ar2_Ar_LUMO|ar1_Ar_NBO_OH,0.771821924740388,0.18474182299035924,2.116205166739873,LOOCV,ln(kobs) = <nonlinear model; no closed-form linear equation>
azoarene_svr_rbf_c30_eps005_scale,ln(kobs),4,ar2_Ar_HOMO|ar1_bond_length_c_a|ar2_gap_hartree|ar1_bond_length_c_e,0.7835226345180666,0.1842070599015565,2.0612328781159586,LOOCV,ln(kobs) = <nonlinear model; no closed-form linear equation>
azoarene_svr_rbf_c30_eps005_scale,ln(kobs),4,ar2_homo_hartree|ar1_bond_length_c_a|ar2_gap_hartree|ar1_bond_length_c_e,0.7835226345180666,0.1842070599015565,2.0612328781159586,LOOCV,ln(kobs) = <nonlinear model; no closed-form linear equation>
azoarene_svr_rbf_c30_eps005_scale,ln(kobs),5,ar2_Ar_HOMO|ar1_bond_length_c_a|ar2_lumo_hartree|ar2_gap_hartree|ar1_nbo_q_a,0.7722683018124603,0.1839961261260089,2.1141342230211824,LOOCV,ln(kobs) = <nonlinear model; no closed-form linear equation>
azoarene_svr_rbf_c30_eps005_scale,ln(kobs),5,ar2_Ar_HOMO|ar1_bond_length_c_a|ar2_lumo_hartree|ar2_gap_hartree|ar1_Ar_NBO_OH,0.7722683018124603,0.1839961261260089,2.1141342230211824,LOOCV,ln(kobs) = <nonlinear model; no closed-form linear equation>
azoarene_svr_rbf_c30_eps005_scale,ln(kobs),5,ar2_Ar_HOMO|ar1_bond_length_c_a|ar2_Ar_LUMO|ar2_gap_hartree|ar1_nbo_q_a,0.7722683018124603,0.1839961261260089,2.1141342230211824,LOOCV,ln(kobs) = <nonlinear model; no closed-form linear equation>
azoarene_svr_rbf_c30_eps005_scale,ln(kobs),5,ar2_Ar_HOMO|ar1_bond_length_c_a|ar2_Ar_LUMO|ar2_gap_hartree|ar1_Ar_NBO_OH,0.7722683018124603,0.1839961261260089,2.1141342230211824,LOOCV,ln(kobs) = <nonlinear model; no closed-form linear equation>
azoarene_svr_rbf_c30_eps005_scale,ln(kobs),5,ar2_homo_hartree|ar1_bond_length_c_a|ar2_lumo_hartree|ar2_gap_hartree|ar1_nbo_q_a,0.7722683018124603,0.1839961261260089,2.1141342230211824,LOOCV,ln(kobs) = <nonlinear model; no closed-form linear equation>
azoarene_svr_rbf_c30_eps005_scale,ln(kobs),5,ar2_homo_hartree|ar1_bond_length_c_a|ar2_lumo_hartree|ar2_gap_hartree|ar1_Ar_NBO_OH,0.7722683018124603,0.1839961261260089,2.1141342230211824,LOOCV,ln(kobs) = <nonlinear model; no closed-form linear equation>
azoarene_svr_rbf_c30_eps005_scale,ln(kobs),5,ar2_homo_hartree|ar1_bond_length_c_a|ar2_Ar_LUMO|ar2_gap_hartree|ar1_nbo_q_a,0.7722683018124603,0.1839961261260089,2.1141342230211824,LOOCV,ln(kobs) = <nonlinear model; no closed-form linear equation>
azoarene_svr_rbf_c30_eps005_scale,ln(kobs),5,ar2_homo_hartree|ar1_bond_length_c_a|ar2_Ar_LUMO|ar2_gap_hartree|ar1_Ar_NBO_OH,0.7722683018124603,0.1839961261260089,2.1141342230211824,LOOCV,ln(kobs) = <nonlinear model; no closed-form linear equation>
azoarene_svr_rbf_c30_eps005_scale,ln(kobs),5,ar2_Ar_HOMO|ar2_Ar_polar|rate kobs (s-1)|ar1_bond_length_c_a|ar2_lumo_hartree,0.8246626913600402,0.1838138791345103,1.855060090547043,LOOCV,ln(kobs) = <nonlinear model; no closed-form linear equation>
azoarene_svr_rbf_c30_eps005_scale,ln(kobs),5,ar2_Ar_HOMO|ar2_Ar_polar|rate kobs (s-1)|ar1_bond_length_c_a|ar2_Ar_LUMO,0.8246626913600402,0.1838138791345103,1.855060090547043,LOOCV,ln(kobs) = <nonlinear model; no closed-form linear equation>
azoarene_svr_rbf_c30_eps005_scale,ln(kobs),5,ar2_Ar_HOMO|ar2_isotropic_polarizability_au|rate kobs (s-1)|ar1_bond_length_c_a|ar2_lumo_hartree,0.8246626913600402,0.1838138791345103,1.855060090547043,LOOCV,ln(kobs) = <nonlinear model; no closed-form linear equation>
azoarene_svr_rbf_c30_eps005_scale,ln(kobs),5,ar2_Ar_HOMO|ar2_isotropic_polarizability_au|rate kobs (s-1)|ar1_bond_length_c_a|ar2_Ar_LUMO,0.8246626913600402,0.1838138791345103,1.855060090547043,LOOCV,ln(kobs) = <nonlinear model; no closed-form linear equation>
azoarene_svr_rbf_c30_eps005_scale,ln(kobs),5,ar2_homo_hartree|ar2_Ar_polar|rate kobs (s-1)|ar1_bond_length_c_a|ar2_lumo_hartree,0.8246626913600402,0.1838138791345103,1.855060090547043,LOOCV,ln(kobs) = <nonlinear model; no closed-form linear equation>
azoarene_svr_rbf_c30_eps005_scale,ln(kobs),5,ar2_homo_hartree|ar2_Ar_polar|rate kobs (s-1)|ar1_bond_length_c_a|ar2_Ar_LUMO,0.8246626913600402,0.1838138791345103,1.855060090547043,LOOCV,ln(kobs) = <nonlinear model; no closed-form linear equation>
azoarene_svr_rbf_c30_eps005_scale,ln(kobs),5,ar2_homo_hartree|ar2_isotropic_polarizability_au|rate kobs (s-1)|ar1_bond_length_c_a|ar2_lumo_hartree,0.8246626913600402,0.1838138791345103,1.855060090547043,LOOCV,ln(kobs) = <nonlinear model; no closed-form linear equation>
azoarene_svr_rbf_c30_eps005_scale,ln(kobs),5,ar2_homo_hartree|ar2_isotropic_polarizability_au|rate kobs (s-1)|ar1_bond_length_c_a|ar2_Ar_LUMO,0.8246626913600402,0.1838138791345103,1.855060090547043,LOOCV,ln(kobs) = <nonlinear model; no closed-form linear equation>
azoarene_svr_rbf_c30_eps005_scale,ln(kobs),4,ar2_Ar_polar|ar2_scf_energy_hartree|rate kobs (s-1)|ar2_Ar_Ster_B5,0.6933847463126694,0.18315591678585075,2.4531137823515192,LOOCV,ln(kobs) = <nonlinear model; no closed-form linear equation>
azoarene_svr_rbf_c30_eps005_scale,ln(kobs),4,ar2_Ar_polar|ar2_scf_energy_hartree|rate kobs (s-1)|ar2_sterimol_B5,0.6933847463126694,0.18315591678585075,2.4531137823515192,LOOCV,ln(kobs) = <nonlinear model; no closed-form linear equation>
azoarene_svr_rbf_c30_eps005_scale,ln(kobs),4,ar2_isotropic_polarizability_au|ar2_scf_energy_hartree|rate kobs (s-1)|ar2_Ar_Ster_B5,0.6933847463126694,0.18315591678585075,2.4531137823515192,LOOCV,ln(kobs) = <nonlinear model; no closed-form linear equation>
azoarene_svr_rbf_c30_eps005_scale,ln(kobs),4,ar2_isotropic_polarizability_au|ar2_scf_energy_hartree|rate kobs (s-1)|ar2_sterimol_B5,0.6933847463126694,0.18315591678585075,2.4531137823515192,LOOCV,ln(kobs) = <nonlinear model; no closed-form linear equation>
azoarene_svr_rbf_c30_eps005_scale,ln(kobs),4,ar1_q_a|ar1_bond_length_c_e|ar2_Ar_Ster_B5|ar1_nbo_q_a,0.6845789818016785,0.18315110759369468,2.488090246906475,LOOCV,ln(kobs) = <nonlinear model; no closed-form linear equation>
azoarene_svr_rbf_c30_eps005_scale,ln(kobs),4,ar1_q_a|ar1_bond_length_c_e|ar2_Ar_Ster_B5|ar1_Ar_NBO_OH,0.6845789818016785,0.18315110759369468,2.488090246906475,LOOCV,ln(kobs) = <nonlinear model; no closed-form linear equation>
azoarene_svr_rbf_c30_eps005_scale,ln(kobs),4,ar1_q_a|ar1_bond_length_c_e|ar2_sterimol_B5|ar1_nbo_q_a,0.6845789818016785,0.18315110759369468,2.488090246906475,LOOCV,ln(kobs) = <nonlinear model; no closed-form linear equation>
azoarene_svr_rbf_c30_eps005_scale,ln(kobs),4,ar1_q_a|ar1_bond_length_c_e|ar2_sterimol_B5|ar1_Ar_NBO_OH,0.6845789818016785,0.18315110759369468,2.488090246906475,LOOCV,ln(kobs) = <nonlinear model; no closed-form linear equation>
azoarene_svr_rbf_c30_eps005_scale,ln(kobs),4,ar2_Ar_polar|ar2_enthalpy_hartree|rate kobs (s-1)|ar2_Ar_Ster_B5,0.6934599354243619,0.183120532295044,2.4528129839518424,LOOCV,ln(kobs) = <nonlinear model; no closed-form linear equation>
azoarene_svr_rbf_c30_eps005_scale,ln(kobs),4,ar2_Ar_polar|ar2_enthalpy_hartree|rate kobs (s-1)|ar2_sterimol_B5,0.6934599354243619,0.183120532295044,2.4528129839518424,LOOCV,ln(kobs) = <nonlinear model; no closed-form linear equation>
azoarene_svr_rbf_c30_eps005_scale,ln(kobs),4,ar2_isotropic_polarizability_au|ar2_enthalpy_hartree|rate kobs (s-1)|ar2_Ar_Ster_B5,0.6934599354243619,0.183120532295044,2.4528129839518424,LOOCV,ln(kobs) = <nonlinear model; no closed-form linear equation>
azoarene_svr_rbf_c30_eps005_scale,ln(kobs),4,ar2_isotropic_polarizability_au|ar2_enthalpy_hartree|rate kobs (s-1)|ar2_sterimol_B5,0.6934599354243619,0.183120532295044,2.4528129839518424,LOOCV,ln(kobs) = <nonlinear model; no closed-form linear equation>
azoarene_svr_rbf_c30_eps005_scale,ln(kobs),4,ar2_Ar_polar|ar2_gibbs_free_energy_hartree|rate kobs (s-1)|ar2_Ar_Ster_B5,0.6934631639448375,0.183091899220297,2.4528000672425643,LOOCV,ln(kobs) = <nonlinear model; no closed-form linear equation>
azoarene_svr_rbf_c30_eps005_scale,ln(kobs),4,ar2_Ar_polar|ar2_gibbs_free_energy_hartree|rate kobs (s-1)|ar2_sterimol_B5,0.6934631639448375,0.183091899220297,2.4528000672425643,LOOCV,ln(kobs) = <nonlinear model; no closed-form linear equation>
azoarene_svr_rbf_c30_eps005_scale,ln(kobs),4,ar2_isotropic_polarizability_au|ar2_gibbs_free_energy_hartree|rate kobs (s-1)|ar2_Ar_Ster_B5,0.6934631639448375,0.183091899220297,2.4528000672425643,LOOCV,ln(kobs) = <nonlinear model; no closed-form linear equation>
azoarene_svr_rbf_c30_eps005_scale,ln(kobs),4,ar2_isotropic_polarizability_au|ar2_gibbs_free_energy_hartree|rate kobs (s-1)|ar2_sterimol_B5,0.6934631639448375,0.183091899220297,2.4528000672425643,LOOCV,ln(kobs) = <nonlinear model; no closed-form linear equation>
azoarene_svr_rbf_c30_eps005_scale,ln(kobs),5,ar2_Ar_HOMO|ar2_scf_energy_hartree|ar1_q_a|ar1_bond_length_c_e|ar1_nbo_q_a,0.7760327023830639,0.18293104640881985,2.096588112731074,LOOCV,ln(kobs) = <nonlinear model; no closed-form linear equation>
azoarene_svr_rbf_c30_eps005_scale,ln(kobs),5,ar2_Ar_HOMO|ar2_scf_energy_hartree|ar1_q_a|ar1_bond_length_c_e|ar1_Ar_NBO_OH,0.7760327023830639,0.18293104640881985,2.096588112731074,LOOCV,ln(kobs) = <nonlinear model; no closed-form linear equation>
azoarene_svr_rbf_c30_eps005_scale,ln(kobs),5,ar2_homo_hartree|ar2_scf_energy_hartree|ar1_q_a|ar1_bond_length_c_e|ar1_nbo_q_a,0.7760327023830639,0.18293104640881985,2.096588112731074,LOOCV,ln(kobs) = <nonlinear model; no closed-form linear equation>
azoarene_svr_rbf_c30_eps005_scale,ln(kobs),5,ar2_homo_hartree|ar2_scf_energy_hartree|ar1_q_a|ar1_bond_length_c_e|ar1_Ar_NBO_OH,0.7760327023830639,0.18293104640881985,2.096588112731074,LOOCV,ln(kobs) = <nonlinear model; no closed-form linear equation>
azoarene_svr_rbf_c30_eps005_scale,ln(kobs),5,ar2_Ar_HOMO|ar2_gibbs_free_energy_hartree|ar1_q_a|ar1_bond_length_c_e|ar1_nbo_q_a,0.7760442893736483,0.1829264216941061,2.0965338783379486,LOOCV,ln(kobs) = <nonlinear model; no closed-form linear equation>
azoarene_svr_rbf_c30_eps005_scale,ln(kobs),5,ar2_Ar_HOMO|ar2_gibbs_free_energy_hartree|ar1_q_a|ar1_bond_length_c_e|ar1_Ar_NBO_OH,0.7760442893736483,0.1829264216941061,2.0965338783379486,LOOCV,ln(kobs) = <nonlinear model; no closed-form linear equation>
azoarene_svr_rbf_c30_eps005_scale,ln(kobs),5,ar2_homo_hartree|ar2_gibbs_free_energy_hartree|ar1_q_a|ar1_bond_length_c_e|ar1_nbo_q_a,0.7760442893736483,0.1829264216941061,2.0965338783379486,LOOCV,ln(kobs) = <nonlinear model; no closed-form linear equation>
azoarene_svr_rbf_c30_eps005_scale,ln(kobs),5,ar2_homo_hartree|ar2_gibbs_free_energy_hartree|ar1_q_a|ar1_bond_length_c_e|ar1_Ar_NBO_OH,0.7760442893736483,0.1829264216941061,2.0965338783379486,LOOCV,ln(kobs) = <nonlinear model; no closed-form linear equation>
azoarene_svr_rbf_c30_eps005_scale,ln(kobs),5,ar2_Ar_HOMO|ar2_enthalpy_hartree|ar1_q_a|ar1_bond_length_c_e|ar1_nbo_q_a,0.7760360448750164,0.18291467681076345,2.0965724679134694,LOOCV,ln(kobs) = <nonlinear model; no closed-form linear equation>
azoarene_svr_rbf_c30_eps005_scale,ln(kobs),5,ar2_Ar_HOMO|ar2_enthalpy_hartree|ar1_q_a|ar1_bond_length_c_e|ar1_Ar_NBO_OH,0.7760360448750164,0.18291467681076345,2.0965724679134694,LOOCV,ln(kobs) = <nonlinear model; no closed-form linear equation>
azoarene_svr_rbf_c30_eps005_scale,ln(kobs),5,ar2_homo_hartree|ar2_enthalpy_hartree|ar1_q_a|ar1_bond_length_c_e|ar1_nbo_q_a,0.7760360448750164,0.18291467681076345,2.0965724679134694,LOOCV,ln(kobs) = <nonlinear model; no closed-form linear equation>
azoarene_svr_rbf_c30_eps005_scale,ln(kobs),5,ar2_homo_hartree|ar2_enthalpy_hartree|ar1_q_a|ar1_bond_length_c_e|ar1_Ar_NBO_OH,0.7760360448750164,0.18291467681076345,2.0965724679134694,LOOCV,ln(kobs) = <nonlinear model; no closed-form linear equation>
azoarene_svr_rbf_c30_eps005_scale,ln(kobs),5,ar2_Ar_HOMO|ar2_gibbs_free_energy_hartree|rate kobs (s-1)|ar2_lumo_hartree|ar1_nbo_q_a,0.8072871194185799,0.18276992575113915,1.9448055522840038,LOOCV,ln(kobs) = <nonlinear model; no closed-form linear equation>
azoarene_svr_rbf_c30_eps005_scale,ln(kobs),5,ar2_Ar_HOMO|ar2_gibbs_free_energy_hartree|rate kobs (s-1)|ar2_lumo_hartree|ar1_Ar_NBO_OH,0.8072871194185799,0.18276992575113915,1.9448055522840038,LOOCV,ln(kobs) = <nonlinear model; no closed-form linear equation>
azoarene_svr_rbf_c30_eps005_scale,ln(kobs),5,ar2_Ar_HOMO|ar2_gibbs_free_energy_hartree|rate kobs (s-1)|ar2_Ar_LUMO|ar1_nbo_q_a,0.8072871194185799,0.18276992575113915,1.9448055522840038,LOOCV,ln(kobs) = <nonlinear model; no closed-form linear equation>
azoarene_svr_rbf_c30_eps005_scale,ln(kobs),5,ar2_Ar_HOMO|ar2_gibbs_free_energy_hartree|rate kobs (s-1)|ar2_Ar_LUMO|ar1_Ar_NBO_OH,0.8072871194185799,0.18276992575113915,1.9448055522840038,LOOCV,ln(kobs) = <nonlinear model; no closed-form linear equation>
azoarene_svr_rbf_c30_eps005_scale,ln(kobs),5,ar2_homo_hartree|ar2_gibbs_free_energy_hartree|rate kobs (s-1)|ar2_lumo_hartree|ar1_nbo_q_a,0.8072871194185799,0.18276992575113915,1.9448055522840038,LOOCV,ln(kobs) = <nonlinear model; no closed-form linear equation>
azoarene_svr_rbf_c30_eps005_scale,ln(kobs),5,ar2_homo_hartree|ar2_gibbs_free_energy_hartree|rate kobs (s-1)|ar2_lumo_hartree|ar1_Ar_NBO_OH,0.8072871194185799,0.18276992575113915,1.9448055522840038,LOOCV,ln(kobs) = <nonlinear model; no closed-form linear equation>
azoarene_svr_rbf_c30_eps005_scale,ln(kobs),5,ar2_homo_hartree|ar2_gibbs_free_energy_hartree|rate kobs (s-1)|ar2_Ar_LUMO|ar1_nbo_q_a,0.8072871194185799,0.18276992575113915,1.9448055522840038,LOOCV,ln(kobs) = <nonlinear model; no closed-form linear equation>
azoarene_svr_rbf_c30_eps005_scale,ln(kobs),5,ar2_homo_hartree|ar2_gibbs_free_energy_hartree|rate kobs (s-1)|ar2_Ar_LUMO|ar1_Ar_NBO_OH,0.8072871194185799,0.18276992575113915,1.9448055522840038,LOOCV,ln(kobs) = <nonlinear model; no closed-form linear equation>
azoarene_svr_rbf_c30_eps005_scale,ln(kobs),5,ar2_Ar_HOMO|ar2_enthalpy_hartree|rate kobs (s-1)|ar2_lumo_hartree|ar1_nbo_q_a,0.8072862361348455,0.1827665729348854,1.9448100092075296,LOOCV,ln(kobs) = <nonlinear model; no closed-form linear equation>
azoarene_svr_rbf_c30_eps005_scale,ln(kobs),5,ar2_Ar_HOMO|ar2_enthalpy_hartree|rate kobs (s-1)|ar2_lumo_hartree|ar1_Ar_NBO_OH,0.8072862361348455,0.1827665729348854,1.9448100092075296,LOOCV,ln(kobs) = <nonlinear model; no closed-form linear equation>
azoarene_svr_rbf_c30_eps005_scale,ln(kobs),5,ar2_Ar_HOMO|ar2_enthalpy_hartree|rate kobs (s-1)|ar2_Ar_LUMO|ar1_nbo_q_a,0.8072862361348455,0.1827665729348854,1.9448100092075296,LOOCV,ln(kobs) = <nonlinear model; no closed-form linear equation>
azoarene_svr_rbf_c30_eps005_scale,ln(kobs),5,ar2_Ar_HOMO|ar2_enthalpy_hartree|rate kobs (s-1)|ar2_Ar_LUMO|ar1_Ar_NBO_OH,0.8072862361348455,0.1827665729348854,1.9448100092075296,LOOCV,ln(kobs) = <nonlinear model; no closed-form linear equation>
azoarene_svr_rbf_c30_eps005_scale,ln(kobs),5,ar2_homo_hartree|ar2_enthalpy_hartree|rate kobs (s-1)|ar2_lumo_hartree|ar1_nbo_q_a,0.8072862361348455,0.1827665729348854,1.9448100092075296,LOOCV,ln(kobs) = <nonlinear model; no closed-form linear equation>
azoarene_svr_rbf_c30_eps005_scale,ln(kobs),5,ar2_homo_hartree|ar2_enthalpy_hartree|rate kobs (s-1)|ar2_lumo_hartree|ar1_Ar_NBO_OH,0.8072862361348455,0.1827665729348854,1.9448100092075296,LOOCV,ln(kobs) = <nonlinear model; no closed-form linear equation>
azoarene_svr_rbf_c30_eps005_scale,ln(kobs),5,ar2_homo_hartree|ar2_enthalpy_hartree|rate kobs (s-1)|ar2_Ar_LUMO|ar1_nbo_q_a,0.8072862361348455,0.1827665729348854,1.9448100092075296,LOOCV,ln(kobs) = <nonlinear model; no closed-form linear equation>
azoarene_svr_rbf_c30_eps005_scale,ln(kobs),5,ar2_homo_hartree|ar2_enthalpy_hartree|rate kobs (s-1)|ar2_Ar_LUMO|ar1_Ar_NBO_OH,0.8072862361348455,0.1827665729348854,1.9448100092075296,LOOCV,ln(kobs) = <nonlinear model; no closed-form linear equation>
azoarene_svr_rbf_c30_eps005_scale,ln(kobs),5,ar2_Ar_HOMO|ar2_scf_energy_hartree|rate kobs (s-1)|ar2_lumo_hartree|ar1_nbo_q_a,0.8072874424985301,0.18273943391713876,1.944803922066183,LOOCV,ln(kobs) = <nonlinear model; no closed-form linear equation>
azoarene_svr_rbf_c30_eps005_scale,ln(kobs),5,ar2_Ar_HOMO|ar2_scf_energy_hartree|rate kobs (s-1)|ar2_lumo_hartree|ar1_Ar_NBO_OH,0.8072874424985301,0.18273943391713876,1.944803922066183,LOOCV,ln(kobs) = <nonlinear model; no closed-form linear equation>
azoarene_svr_rbf_c30_eps005_scale,ln(kobs),5,ar2_Ar_HOMO|ar2_scf_energy_hartree|rate kobs (s-1)|ar2_Ar_LUMO|ar1_nbo_q_a,0.8072874424985301,0.18273943391713876,1.944803922066183,LOOCV,ln(kobs) = <nonlinear model; no closed-form linear equation>
azoarene_svr_rbf_c30_eps005_scale,ln(kobs),5,ar2_Ar_HOMO|ar2_scf_energy_hartree|rate kobs (s-1)|ar2_Ar_LUMO|ar1_Ar_NBO_OH,0.8072874424985301,0.18273943391713876,1.944803922066183,LOOCV,ln(kobs) = <nonlinear model; no closed-form linear equation>
azoarene_svr_rbf_c30_eps005_scale,ln(kobs),5,ar2_homo_hartree|ar2_scf_energy_hartree|rate kobs (s-1)|ar2_lumo_hartree|ar1_nbo_q_a,0.8072874424985301,0.18273943391713876,1.944803922066183,LOOCV,ln(kobs) = <nonlinear model; no closed-form linear equation>
azoarene_svr_rbf_c30_eps005_scale,ln(kobs),5,ar2_homo_hartree|ar2_scf_energy_hartree|rate kobs (s-1)|ar2_lumo_hartree|ar1_Ar_NBO_OH,0.8072874424985301,0.18273943391713876,1.944803922066183,LOOCV,ln(kobs) = <nonlinear model; no closed-form linear equation>
azoarene_svr_rbf_c30_eps005_scale,ln(kobs),5,ar2_homo_hartree|ar2_scf_energy_hartree|rate kobs (s-1)|ar2_Ar_LUMO|ar1_nbo_q_a,0.8072874424985301,0.18273943391713876,1.944803922066183,LOOCV,ln(kobs) = <nonlinear model; no closed-form linear equation>
azoarene_svr_rbf_c30_eps005_scale,ln(kobs),5,ar2_homo_hartree|ar2_scf_energy_hartree|rate kobs (s-1)|ar2_Ar_LUMO|ar1_Ar_NBO_OH,0.8072874424985301,0.18273943391713876,1.944803922066183,LOOCV,ln(kobs) = <nonlinear model; no closed-form linear equation>
azoarene_svr_rbf_c30_eps005_scale,ln(kobs),5,ar2_Ar_HOMO|rate kobs (s-1)|ar1_bond_length_c_a|ar2_gap_hartree|ar1_bond_length_c_e,0.8146308004079703,0.18155015999313728,1.9073904397248256,LOOCV,ln(kobs) = <nonlinear model; no closed-form linear equation>
azoarene_svr_rbf_c30_eps005_scale,ln(kobs),5,ar2_homo_hartree|rate kobs (s-1)|ar1_bond_length_c_a|ar2_gap_hartree|ar1_bond_length_c_e,0.8146308004079703,0.18155015999313728,1.9073904397248256,LOOCV,ln(kobs) = <nonlinear model; no closed-form linear equation>
azoarene_svr_rbf_c30_eps005_scale,ln(kobs),3,ar2_scf_energy_hartree|ar2_Ar_Ster_B5|ar1_nbo_q_a,0.5847319657234223,0.18117914286875647,2.854861640512926,LOOCV,ln(kobs) = <nonlinear model; no closed-form linear equation>
azoarene_svr_rbf_c30_eps005_scale,ln(kobs),3,ar2_scf_energy_hartree|ar2_Ar_Ster_B5|ar1_Ar_NBO_OH,0.5847319657234223,0.18117914286875647,2.854861640512926,LOOCV,ln(kobs) = <nonlinear model; no closed-form linear equation>
azoarene_svr_rbf_c30_eps005_scale,ln(kobs),3,ar2_scf_energy_hartree|ar2_sterimol_B5|ar1_nbo_q_a,0.5847319657234223,0.18117914286875647,2.854861640512926,LOOCV,ln(kobs) = <nonlinear model; no closed-form linear equation>
azoarene_svr_rbf_c30_eps005_scale,ln(kobs),3,ar2_scf_energy_hartree|ar2_sterimol_B5|ar1_Ar_NBO_OH,0.5847319657234223,0.18117914286875647,2.854861640512926,LOOCV,ln(kobs) = <nonlinear model; no closed-form linear equation>
azoarene_svr_rbf_c30_eps005_scale,ln(kobs),3,ar2_enthalpy_hartree|ar2_Ar_Ster_B5|ar1_nbo_q_a,0.5846671706843827,0.18114816399384803,2.8550843564951567,LOOCV,ln(kobs) = <nonlinear model; no closed-form linear equation>
azoarene_svr_rbf_c30_eps005_scale,ln(kobs),3,ar2_enthalpy_hartree|ar2_Ar_Ster_B5|ar1_Ar_NBO_OH,0.5846671706843827,0.18114816399384803,2.8550843564951567,LOOCV,ln(kobs) = <nonlinear model; no closed-form linear equation>
azoarene_svr_rbf_c30_eps005_scale,ln(kobs),3,ar2_enthalpy_hartree|ar2_sterimol_B5|ar1_nbo_q_a,0.5846671706843827,0.18114816399384803,2.8550843564951567,LOOCV,ln(kobs) = <nonlinear model; no closed-form linear equation>
azoarene_svr_rbf_c30_eps005_scale,ln(kobs),3,ar2_enthalpy_hartree|ar2_sterimol_B5|ar1_Ar_NBO_OH,0.5846671706843827,0.18114816399384803,2.8550843564951567,LOOCV,ln(kobs) = <nonlinear model; no closed-form linear equation>
azoarene_svr_rbf_c30_eps005_scale,ln(kobs),3,ar2_gibbs_free_energy_hartree|ar2_Ar_Ster_B5|ar1_nbo_q_a,0.584687483925167,0.18113801474028346,2.8550145369178934,LOOCV,ln(kobs) = <nonlinear model; no closed-form linear equation>
azoarene_svr_rbf_c30_eps005_scale,ln(kobs),3,ar2_gibbs_free_energy_hartree|ar2_Ar_Ster_B5|ar1_Ar_NBO_OH,0.584687483925167,0.18113801474028346,2.8550145369178934,LOOCV,ln(kobs) = <nonlinear model; no closed-form linear equation>
azoarene_svr_rbf_c30_eps005_scale,ln(kobs),3,ar2_gibbs_free_energy_hartree|ar2_sterimol_B5|ar1_nbo_q_a,0.584687483925167,0.18113801474028346,2.8550145369178934,LOOCV,ln(kobs) = <nonlinear model; no closed-form linear equation>
azoarene_svr_rbf_c30_eps005_scale,ln(kobs),3,ar2_gibbs_free_energy_hartree|ar2_sterimol_B5|ar1_Ar_NBO_OH,0.584687483925167,0.18113801474028346,2.8550145369178934,LOOCV,ln(kobs) = <nonlinear model; no closed-form linear equation>
azoarene_svr_rbf_c30_eps005_scale,ln(kobs),3,ar2_Ar_HOMO|ar2_homo_hartree|ar1_bond_length_c_a,0.7280872693618515,0.18097900618047924,2.3101255571818027,LOOCV,ln(kobs) = <nonlinear model; no closed-form linear equation>
azoarene_svr_rbf_c30_eps005_scale,ln(kobs),4,ar1_bond_length_c_a|ar2_lumo_hartree|ar2_Ar_Ster_B5|ar2_sterimol_B5,0.7183099453692494,0.18089183101946416,2.3512920268825233,LOOCV,ln(kobs) = <nonlinear model; no closed-form linear equation>
azoarene_svr_rbf_c30_eps005_scale,ln(kobs),4,ar1_bond_length_c_a|ar2_Ar_LUMO|ar2_Ar_Ster_B5|ar2_sterimol_B5,0.7183099453692494,0.18089183101946416,2.3512920268825233,LOOCV,ln(kobs) = <nonlinear model; no closed-form linear equation>
azoarene_svr_rbf_c30_eps005_scale,ln(kobs),5,rate kobs (s-1)|ar2_lumo_hartree|ar2_gap_hartree|ar1_bond_length_c_e|ar2_Ar_Ster_B5,0.7669206789328223,0.18070392977861327,2.1388123657948763,LOOCV,ln(kobs) = <nonlinear model; no closed-form linear equation>
azoarene_svr_rbf_c30_eps005_scale,ln(kobs),5,rate kobs (s-1)|ar2_lumo_hartree|ar2_gap_hartree|ar1_bond_length_c_e|ar2_sterimol_B5,0.7669206789328223,0.18070392977861327,2.1388123657948763,LOOCV,ln(kobs) = <nonlinear model; no closed-form linear equation>
azoarene_svr_rbf_c30_eps005_scale,ln(kobs),5,rate kobs (s-1)|ar2_Ar_LUMO|ar2_gap_hartree|ar1_bond_length_c_e|ar2_Ar_Ster_B5,0.7669206789328223,0.18070392977861327,2.1388123657948763,LOOCV,ln(kobs) = <nonlinear model; no closed-form linear equation>
azoarene_svr_rbf_c30_eps005_scale,ln(kobs),5,rate kobs (s-1)|ar2_Ar_LUMO|ar2_gap_hartree|ar1_bond_length_c_e|ar2_sterimol_B5,0.7669206789328223,0.18070392977861327,2.1388123657948763,LOOCV,ln(kobs) = <nonlinear model; no closed-form linear equation>
azoarene_svr_rbf_c30_eps005_scale,ln(kobs),4,ar2_Ar_polar|rate kobs (s-1)|ar2_lumo_hartree|ar2_Ar_Ster_B5,0.7302831616340618,0.18037277340156332,2.3007786795674625,LOOCV,ln(kobs) = <nonlinear model; no closed-form linear equation>
azoarene_svr_rbf_c30_eps005_scale,ln(kobs),4,ar2_Ar_polar|rate kobs (s-1)|ar2_lumo_hartree|ar2_sterimol_B5,0.7302831616340618,0.18037277340156332,2.3007786795674625,LOOCV,ln(kobs) = <nonlinear model; no closed-form linear equation>
azoarene_svr_rbf_c30_eps005_scale,ln(kobs),4,ar2_Ar_polar|rate kobs (s-1)|ar2_Ar_LUMO|ar2_Ar_Ster_B5,0.7302831616340618,0.18037277340156332,2.3007786795674625,LOOCV,ln(kobs) = <nonlinear model; no closed-form linear equation>
azoarene_svr_rbf_c30_eps005_scale,ln(kobs),4,ar2_Ar_polar|rate kobs (s-1)|ar2_Ar_LUMO|ar2_sterimol_B5,0.7302831616340618,0.18037277340156332,2.3007786795674625,LOOCV,ln(kobs) = <nonlinear model; no closed-form linear equation>
azoarene_svr_rbf_c30_eps005_scale,ln(kobs),4,ar2_isotropic_polarizability_au|rate kobs (s-1)|ar2_lumo_hartree|ar2_Ar_Ster_B5,0.7302831616340618,0.18037277340156332,2.3007786795674625,LOOCV,ln(kobs) = <nonlinear model; no closed-form linear equation>
azoarene_svr_rbf_c30_eps005_scale,ln(kobs),4,ar2_isotropic_polarizability_au|rate kobs (s-1)|ar2_lumo_hartree|ar2_sterimol_B5,0.7302831616340618,0.18037277340156332,2.3007786795674625,LOOCV,ln(kobs) = <nonlinear model; no closed-form linear equation>
azoarene_svr_rbf_c30_eps005_scale,ln(kobs),4,ar2_isotropic_polarizability_au|rate kobs (s-1)|ar2_Ar_LUMO|ar2_Ar_Ster_B5,0.7302831616340618,0.18037277340156332,2.3007786795674625,LOOCV,ln(kobs) = <nonlinear model; no closed-form linear equation>
azoarene_svr_rbf_c30_eps005_scale,ln(kobs),4,ar2_isotropic_polarizability_au|rate kobs (s-1)|ar2_Ar_LUMO|ar2_sterimol_B5,0.7302831616340618,0.18037277340156332,2.3007786795674625,LOOCV,ln(kobs) = <nonlinear model; no closed-form linear equation>
azoarene_svr_rbf_c30_eps005_scale,ln(kobs),3,ar2_gibbs_free_energy_hartree|ar2_enthalpy_hartree|ar1_nbo_q_a,0.4743647598513764,0.18016163366342552,3.211907659985698,LOOCV,ln(kobs) = <nonlinear model; no closed-form linear equation>
azoarene_svr_rbf_c30_eps005_scale,ln(kobs),3,ar2_gibbs_free_energy_hartree|ar2_enthalpy_hartree|ar1_Ar_NBO_OH,0.4743647598513764,0.18016163366342552,3.211907659985698,LOOCV,ln(kobs) = <nonlinear model; no closed-form linear equation>
azoarene_svr_rbf_c30_eps005_scale,ln(kobs),3,ar2_scf_energy_hartree|ar2_gibbs_free_energy_hartree|ar1_nbo_q_a,0.47438336265959313,0.18014510770915293,3.2118508230136755,LOOCV,ln(kobs) = <nonlinear model; no closed-form linear equation>
azoarene_svr_rbf_c30_eps005_scale,ln(kobs),3,ar2_scf_energy_hartree|ar2_gibbs_free_energy_hartree|ar1_Ar_NBO_OH,0.47438336265959313,0.18014510770915293,3.2118508230136755,LOOCV,ln(kobs) = <nonlinear model; no closed-form linear equation>
azoarene_svr_rbf_c30_eps005_scale,ln(kobs),3,ar2_scf_energy_hartree|ar2_enthalpy_hartree|ar1_nbo_q_a,0.47438274058196994,0.18013305243544142,3.211852723657408,LOOCV,ln(kobs) = <nonlinear model; no closed-form linear equation>
azoarene_svr_rbf_c30_eps005_scale,ln(kobs),3,ar2_scf_energy_hartree|ar2_enthalpy_hartree|ar1_Ar_NBO_OH,0.47438274058196994,0.18013305243544142,3.211852723657408,LOOCV,ln(kobs) = <nonlinear model; no closed-form linear equation>
azoarene_svr_rbf_c30_eps005_scale,ln(kobs),4,ar2_Ar_HOMO|rate kobs (s-1)|ar1_bond_length_c_a|ar1_q_a,0.8255108052975577,0.17925697072396163,1.8505681501905118,LOOCV,ln(kobs) = <nonlinear model; no closed-form linear equation>
azoarene_svr_rbf_c30_eps005_scale,ln(kobs),4,ar2_homo_hartree|rate kobs (s-1)|ar1_bond_length_c_a|ar1_q_a,0.8255108052975577,0.17925697072396163,1.8505681501905118,LOOCV,ln(kobs) = <nonlinear model; no closed-form linear equation>
azoarene_svr_rbf_c30_eps005_scale,ln(kobs),5,ar2_Ar_HOMO|ar2_Ar_polar|rate kobs (s-1)|ar2_gap_hartree|ar1_bond_length_c_e,0.824350982336826,0.17900054946646282,1.8567082914001272,LOOCV,ln(kobs) = <nonlinear model; no closed-form linear equation>
azoarene_svr_rbf_c30_eps005_scale,ln(kobs),5,ar2_Ar_HOMO|ar2_isotropic_polarizability_au|rate kobs (s-1)|ar2_gap_hartree|ar1_bond_length_c_e,0.824350982336826,0.17900054946646282,1.8567082914001272,LOOCV,ln(kobs) = <nonlinear model; no closed-form linear equation>
azoarene_svr_rbf_c30_eps005_scale,ln(kobs),5,ar2_homo_hartree|ar2_Ar_polar|rate kobs (s-1)|ar2_gap_hartree|ar1_bond_length_c_e,0.824350982336826,0.17900054946646282,1.8567082914001272,LOOCV,ln(kobs) = <nonlinear model; no closed-form linear equation>
azoarene_svr_rbf_c30_eps005_scale,ln(kobs),5,ar2_homo_hartree|ar2_isotropic_polarizability_au|rate kobs (s-1)|ar2_gap_hartree|ar1_bond_length_c_e,0.824350982336826,0.17900054946646282,1.8567082914001272,LOOCV,ln(kobs) = <nonlinear model; no closed-form linear equation>
azoarene_svr_rbf_c30_eps005_scale,ln(kobs),4,ar2_Ar_HOMO|ar2_enthalpy_hartree|ar1_bond_length_c_a|ar1_nbo_q_a,0.721491645379728,0.17899088306645128,2.3379753500247267,LOOCV,ln(kobs) = <nonlinear model; no closed-form linear equation>
azoarene_svr_rbf_c30_eps005_scale,ln(kobs),4,ar2_Ar_HOMO|ar2_enthalpy_hartree|ar1_bond_length_c_a|ar1_Ar_NBO_OH,0.721491645379728,0.17899088306645128,2.3379753500247267,LOOCV,ln(kobs) = <nonlinear model; no closed-form linear equation>
azoarene_svr_rbf_c30_eps005_scale,ln(kobs),4,ar2_homo_hartree|ar2_enthalpy_hartree|ar1_bond_length_c_a|ar1_nbo_q_a,0.721491645379728,0.17899088306645128,2.3379753500247267,LOOCV,ln(kobs) = <nonlinear model; no closed-form linear equation>
azoarene_svr_rbf_c30_eps005_scale,ln(kobs),4,ar2_homo_hartree|ar2_enthalpy_hartree|ar1_bond_length_c_a|ar1_Ar_NBO_OH,0.721491645379728,0.17899088306645128,2.3379753500247267,LOOCV,ln(kobs) = <nonlinear model; no closed-form linear equation>
azoarene_svr_rbf_c30_eps005_scale,ln(kobs),4,ar2_Ar_HOMO|ar2_gibbs_free_energy_hartree|ar1_bond_length_c_a|ar1_nbo_q_a,0.7214988747179621,0.17896277464831412,2.3379450060081246,LOOCV,ln(kobs) = <nonlinear model; no closed-form linear equation>
azoarene_svr_rbf_c30_eps005_scale,ln(kobs),4,ar2_Ar_HOMO|ar2_gibbs_free_energy_hartree|ar1_bond_length_c_a|ar1_Ar_NBO_OH,0.7214988747179621,0.17896277464831412,2.3379450060081246,LOOCV,ln(kobs) = <nonlinear model; no closed-form linear equation>
azoarene_svr_rbf_c30_eps005_scale,ln(kobs),4,ar2_homo_hartree|ar2_gibbs_free_energy_hartree|ar1_bond_length_c_a|ar1_nbo_q_a,0.7214988747179621,0.17896277464831412,2.3379450060081246,LOOCV,ln(kobs) = <nonlinear model; no closed-form linear equation>
azoarene_svr_rbf_c30_eps005_scale,ln(kobs),4,ar2_homo_hartree|ar2_gibbs_free_energy_hartree|ar1_bond_length_c_a|ar1_Ar_NBO_OH,0.7214988747179621,0.17896277464831412,2.3379450060081246,LOOCV,ln(kobs) = <nonlinear model; no closed-form linear equation>
azoarene_svr_rbf_c30_eps005_scale,ln(kobs),4,ar2_Ar_HOMO|ar2_scf_energy_hartree|ar1_bond_length_c_a|ar1_nbo_q_a,0.7214836952188657,0.1789189162648559,2.3380087191268966,LOOCV,ln(kobs) = <nonlinear model; no closed-form linear equation>
azoarene_svr_rbf_c30_eps005_scale,ln(kobs),4,ar2_Ar_HOMO|ar2_scf_energy_hartree|ar1_bond_length_c_a|ar1_Ar_NBO_OH,0.7214836952188657,0.1789189162648559,2.3380087191268966,LOOCV,ln(kobs) = <nonlinear model; no closed-form linear equation>
azoarene_svr_rbf_c30_eps005_scale,ln(kobs),4,ar2_homo_hartree|ar2_scf_energy_hartree|ar1_bond_length_c_a|ar1_nbo_q_a,0.7214836952188657,0.1789189162648559,2.3380087191268966,LOOCV,ln(kobs) = <nonlinear model; no closed-form linear equation>
azoarene_svr_rbf_c30_eps005_scale,ln(kobs),4,ar2_homo_hartree|ar2_scf_energy_hartree|ar1_bond_length_c_a|ar1_Ar_NBO_OH,0.7214836952188657,0.1789189162648559,2.3380087191268966,LOOCV,ln(kobs) = <nonlinear model; no closed-form linear equation>
azoarene_svr_rbf_c30_eps005_scale,ln(kobs),3,ar2_gap_hartree|ar1_bond_length_c_e|ar2_Ar_Ster_B5,0.7237999298817571,0.17845236248547558,2.3282665912393274,LOOCV,ln(kobs) = <nonlinear model; no closed-form linear equation>
azoarene_svr_rbf_c30_eps005_scale,ln(kobs),3,ar2_gap_hartree|ar1_bond_length_c_e|ar2_sterimol_B5,0.7237999298817571,0.17845236248547558,2.3282665912393274,LOOCV,ln(kobs) = <nonlinear model; no closed-form linear equation>
azoarene_svr_rbf_c30_eps005_scale,ln(kobs),3,ar2_enthalpy_hartree|ar1_bond_length_c_e|ar1_nbo_q_a,0.5362854262410035,0.17777230114482845,3.016797689615857,LOOCV,ln(kobs) = <nonlinear model; no closed-form linear equation>
azoarene_svr_rbf_c30_eps005_scale,ln(kobs),3,ar2_enthalpy_hartree|ar1_bond_length_c_e|ar1_Ar_NBO_OH,0.5362854262410035,0.17777230114482845,3.016797689615857,LOOCV,ln(kobs) = <nonlinear model; no closed-form linear equation>
azoarene_svr_rbf_c30_eps005_scale,ln(kobs),3,ar2_gibbs_free_energy_hartree|ar1_bond_length_c_e|ar1_nbo_q_a,0.5362836409628045,0.1777455974117631,3.0168034968712973,LOOCV,ln(kobs) = <nonlinear model; no closed-form linear equation>
azoarene_svr_rbf_c30_eps005_scale,ln(kobs),3,ar2_gibbs_free_energy_hartree|ar1_bond_length_c_e|ar1_Ar_NBO_OH,0.5362836409628045,0.1777455974117631,3.0168034968712973,LOOCV,ln(kobs) = <nonlinear model; no closed-form linear equation>
azoarene_svr_rbf_c30_eps005_scale,ln(kobs),3,ar2_scf_energy_hartree|ar1_bond_length_c_e|ar1_nbo_q_a,0.5363557511045512,0.17768643488767455,3.01656892396761,LOOCV,ln(kobs) = <nonlinear model; no closed-form linear equation>
azoarene_svr_rbf_c30_eps005_scale,ln(kobs),3,ar2_scf_energy_hartree|ar1_bond_length_c_e|ar1_Ar_NBO_OH,0.5363557511045512,0.17768643488767455,3.01656892396761,LOOCV,ln(kobs) = <nonlinear model; no closed-form linear equation>
azoarene_svr_rbf_c30_eps005_scale,ln(kobs),4,ar2_Ar_HOMO|ar1_bond_length_c_a|ar2_lumo_hartree|ar2_Ar_LUMO,0.7683629546704449,0.17766756286253882,2.1321846991996054,LOOCV,ln(kobs) = <nonlinear model; no closed-form linear equation>
azoarene_svr_rbf_c30_eps005_scale,ln(kobs),4,ar2_homo_hartree|ar1_bond_length_c_a|ar2_lumo_hartree|ar2_Ar_LUMO,0.7683629546704449,0.17766756286253882,2.1321846991996054,LOOCV,ln(kobs) = <nonlinear model; no closed-form linear equation>
azoarene_svr_rbf_c30_eps005_scale,ln(kobs),3,ar2_Ar_polar|ar1_bond_length_c_e|ar1_nbo_q_a,0.5201982775104632,0.17731573187879202,3.0686807964027576,LOOCV,ln(kobs) = <nonlinear model; no closed-form linear equation>
azoarene_svr_rbf_c30_eps005_scale,ln(kobs),3,ar2_Ar_polar|ar1_bond_length_c_e|ar1_Ar_NBO_OH,0.5201982775104632,0.17731573187879202,3.0686807964027576,LOOCV,ln(kobs) = <nonlinear model; no closed-form linear equation>
azoarene_svr_rbf_c30_eps005_scale,ln(kobs),3,ar2_isotropic_polarizability_au|ar1_bond_length_c_e|ar1_nbo_q_a,0.5201982775104632,0.17731573187879202,3.0686807964027576,LOOCV,ln(kobs) = <nonlinear model; no closed-form linear equation>
azoarene_svr_rbf_c30_eps005_scale,ln(kobs),3,ar2_isotropic_polarizability_au|ar1_bond_length_c_e|ar1_Ar_NBO_OH,0.5201982775104632,0.17731573187879202,3.0686807964027576,LOOCV,ln(kobs) = <nonlinear model; no closed-form linear equation>
azoarene_svr_rbf_c30_eps005_scale,ln(kobs),5,ar2_Ar_HOMO|ar2_Ar_polar|rate kobs (s-1)|ar2_lumo_hartree|ar1_nbo_q_a,0.8108231957059351,0.1772238230420381,1.9268803884884125,LOOCV,ln(kobs) = <nonlinear model; no closed-form linear equation>
azoarene_svr_rbf_c30_eps005_scale,ln(kobs),5,ar2_Ar_HOMO|ar2_Ar_polar|rate kobs (s-1)|ar2_lumo_hartree|ar1_Ar_NBO_OH,0.8108231957059351,0.1772238230420381,1.9268803884884125,LOOCV,ln(kobs) = <nonlinear model; no closed-form linear equation>
azoarene_svr_rbf_c30_eps005_scale,ln(kobs),5,ar2_Ar_HOMO|ar2_Ar_polar|rate kobs (s-1)|ar2_Ar_LUMO|ar1_nbo_q_a,0.8108231957059351,0.1772238230420381,1.9268803884884125,LOOCV,ln(kobs) = <nonlinear model; no closed-form linear equation>
azoarene_svr_rbf_c30_eps005_scale,ln(kobs),5,ar2_Ar_HOMO|ar2_Ar_polar|rate kobs (s-1)|ar2_Ar_LUMO|ar1_Ar_NBO_OH,0.8108231957059351,0.1772238230420381,1.9268803884884125,LOOCV,ln(kobs) = <nonlinear model; no closed-form linear equation>
azoarene_svr_rbf_c30_eps005_scale,ln(kobs),5,ar2_Ar_HOMO|ar2_isotropic_polarizability_au|rate kobs (s-1)|ar2_lumo_hartree|ar1_nbo_q_a,0.8108231957059351,0.1772238230420381,1.9268803884884125,LOOCV,ln(kobs) = <nonlinear model; no closed-form linear equation>
azoarene_svr_rbf_c30_eps005_scale,ln(kobs),5,ar2_Ar_HOMO|ar2_isotropic_polarizability_au|rate kobs (s-1)|ar2_lumo_hartree|ar1_Ar_NBO_OH,0.8108231957059351,0.1772238230420381,1.9268803884884125,LOOCV,ln(kobs) = <nonlinear model; no closed-form linear equation>
azoarene_svr_rbf_c30_eps005_scale,ln(kobs),5,ar2_Ar_HOMO|ar2_isotropic_polarizability_au|rate kobs (s-1)|ar2_Ar_LUMO|ar1_nbo_q_a,0.8108231957059351,0.1772238230420381,1.9268803884884125,LOOCV,ln(kobs) = <nonlinear model; no closed-form linear equation>
azoarene_svr_rbf_c30_eps005_scale,ln(kobs),5,ar2_Ar_HOMO|ar2_isotropic_polarizability_au|rate kobs (s-1)|ar2_Ar_LUMO|ar1_Ar_NBO_OH,0.8108231957059351,0.1772238230420381,1.9268803884884125,LOOCV,ln(kobs) = <nonlinear model; no closed-form linear equation>
azoarene_svr_rbf_c30_eps005_scale,ln(kobs),5,ar2_homo_hartree|ar2_Ar_polar|rate kobs (s-1)|ar2_lumo_hartree|ar1_nbo_q_a,0.8108231957059351,0.1772238230420381,1.9268803884884125,LOOCV,ln(kobs) = <nonlinear model; no closed-form linear equation>
azoarene_svr_rbf_c30_eps005_scale,ln(kobs),5,ar2_homo_hartree|ar2_Ar_polar|rate kobs (s-1)|ar2_lumo_hartree|ar1_Ar_NBO_OH,0.8108231957059351,0.1772238230420381,1.9268803884884125,LOOCV,ln(kobs) = <nonlinear model; no closed-form linear equation>
azoarene_svr_rbf_c30_eps005_scale,ln(kobs),5,ar2_homo_hartree|ar2_Ar_polar|rate kobs (s-1)|ar2_Ar_LUMO|ar1_nbo_q_a,0.8108231957059351,0.1772238230420381,1.9268803884884125,LOOCV,ln(kobs) = <nonlinear model; no closed-form linear equation>
azoarene_svr_rbf_c30_eps005_scale,ln(kobs),5,ar2_homo_hartree|ar2_Ar_polar|rate kobs (s-1)|ar2_Ar_LUMO|ar1_Ar_NBO_OH,0.8108231957059351,0.1772238230420381,1.9268803884884125,LOOCV,ln(kobs) = <nonlinear model; no closed-form linear equation>
azoarene_svr_rbf_c30_eps005_scale,ln(kobs),5,ar2_homo_hartree|ar2_isotropic_polarizability_au|rate kobs (s-1)|ar2_lumo_hartree|ar1_nbo_q_a,0.8108231957059351,0.1772238230420381,1.9268803884884125,LOOCV,ln(kobs) = <nonlinear model; no closed-form linear equation>
azoarene_svr_rbf_c30_eps005_scale,ln(kobs),5,ar2_homo_hartree|ar2_isotropic_polarizability_au|rate kobs (s-1)|ar2_lumo_hartree|ar1_Ar_NBO_OH,0.8108231957059351,0.1772238230420381,1.9268803884884125,LOOCV,ln(kobs) = <nonlinear model; no closed-form linear equation>
azoarene_svr_rbf_c30_eps005_scale,ln(kobs),5,ar2_homo_hartree|ar2_isotropic_polarizability_au|rate kobs (s-1)|ar2_Ar_LUMO|ar1_nbo_q_a,0.8108231957059351,0.1772238230420381,1.9268803884884125,LOOCV,ln(kobs) = <nonlinear model; no closed-form linear equation>
azoarene_svr_rbf_c30_eps005_scale,ln(kobs),5,ar2_homo_hartree|ar2_isotropic_polarizability_au|rate kobs (s-1)|ar2_Ar_LUMO|ar1_Ar_NBO_OH,0.8108231957059351,0.1772238230420381,1.9268803884884125,LOOCV,ln(kobs) = <nonlinear model; no closed-form linear equation>
azoarene_svr_rbf_c30_eps005_scale,ln(kobs),5,ar2_Ar_HOMO|ar2_enthalpy_hartree|rate kobs (s-1)|ar2_gap_hartree|ar1_nbo_q_a,0.8069348121622972,0.177220047817236,1.946582434671695,LOOCV,ln(kobs) = <nonlinear model; no closed-form linear equation>
azoarene_svr_rbf_c30_eps005_scale,ln(kobs),5,ar2_Ar_HOMO|ar2_enthalpy_hartree|rate kobs (s-1)|ar2_gap_hartree|ar1_Ar_NBO_OH,0.8069348121622972,0.177220047817236,1.946582434671695,LOOCV,ln(kobs) = <nonlinear model; no closed-form linear equation>
azoarene_svr_rbf_c30_eps005_scale,ln(kobs),5,ar2_homo_hartree|ar2_enthalpy_hartree|rate kobs (s-1)|ar2_gap_hartree|ar1_nbo_q_a,0.8069348121622972,0.177220047817236,1.946582434671695,LOOCV,ln(kobs) = <nonlinear model; no closed-form linear equation>
azoarene_svr_rbf_c30_eps005_scale,ln(kobs),5,ar2_homo_hartree|ar2_enthalpy_hartree|rate kobs (s-1)|ar2_gap_hartree|ar1_Ar_NBO_OH,0.8069348121622972,0.177220047817236,1.946582434671695,LOOCV,ln(kobs) = <nonlinear model; no closed-form linear equation>
azoarene_svr_rbf_c30_eps005_scale,ln(kobs),5,ar2_Ar_HOMO|ar2_gibbs_free_energy_hartree|rate kobs (s-1)|ar2_gap_hartree|ar1_nbo_q_a,0.8069347680529525,0.1772013011999748,1.9465826570382223,LOOCV,ln(kobs) = <nonlinear model; no closed-form linear equation>
azoarene_svr_rbf_c30_eps005_scale,ln(kobs),5,ar2_Ar_HOMO|ar2_gibbs_free_energy_hartree|rate kobs (s-1)|ar2_gap_hartree|ar1_Ar_NBO_OH,0.8069347680529525,0.1772013011999748,1.9465826570382223,LOOCV,ln(kobs) = <nonlinear model; no closed-form linear equation>
azoarene_svr_rbf_c30_eps005_scale,ln(kobs),5,ar2_homo_hartree|ar2_gibbs_free_energy_hartree|rate kobs (s-1)|ar2_gap_hartree|ar1_nbo_q_a,0.8069347680529525,0.1772013011999748,1.9465826570382223,LOOCV,ln(kobs) = <nonlinear model; no closed-form linear equation>
azoarene_svr_rbf_c30_eps005_scale,ln(kobs),5,ar2_homo_hartree|ar2_gibbs_free_energy_hartree|rate kobs (s-1)|ar2_gap_hartree|ar1_Ar_NBO_OH,0.8069347680529525,0.1772013011999748,1.9465826570382223,LOOCV,ln(kobs) = <nonlinear model; no closed-form linear equation>
azoarene_svr_rbf_c30_eps005_scale,ln(kobs),5,ar2_Ar_HOMO|ar2_scf_energy_hartree|rate kobs (s-1)|ar2_gap_hartree|ar1_nbo_q_a,0.8069369844037306,0.17716938243220626,1.946571483813699,LOOCV,ln(kobs) = <nonlinear model; no closed-form linear equation>
azoarene_svr_rbf_c30_eps005_scale,ln(kobs),5,ar2_Ar_HOMO|ar2_scf_energy_hartree|rate kobs (s-1)|ar2_gap_hartree|ar1_Ar_NBO_OH,0.8069369844037306,0.17716938243220626,1.946571483813699,LOOCV,ln(kobs) = <nonlinear model; no closed-form linear equation>
azoarene_svr_rbf_c30_eps005_scale,ln(kobs),5,ar2_homo_hartree|ar2_scf_energy_hartree|rate kobs (s-1)|ar2_gap_hartree|ar1_nbo_q_a,0.8069369844037306,0.17716938243220626,1.946571483813699,LOOCV,ln(kobs) = <nonlinear model; no closed-form linear equation>
azoarene_svr_rbf_c30_eps005_scale,ln(kobs),5,ar2_homo_hartree|ar2_scf_energy_hartree|rate kobs (s-1)|ar2_gap_hartree|ar1_Ar_NBO_OH,0.8069369844037306,0.17716938243220626,1.946571483813699,LOOCV,ln(kobs) = <nonlinear model; no closed-form linear equation>
azoarene_svr_rbf_c30_eps005_scale,ln(kobs),3,ar2_Ar_HOMO|ar2_Ar_polar|ar1_bond_length_c_a,0.7423981899681202,0.1767448512460359,2.248512308690023,LOOCV,ln(kobs) = <nonlinear model; no closed-form linear equation>
azoarene_svr_rbf_c30_eps005_scale,ln(kobs),3,ar2_Ar_HOMO|ar2_isotropic_polarizability_au|ar1_bond_length_c_a,0.7423981899681202,0.1767448512460359,2.248512308690023,LOOCV,ln(kobs) = <nonlinear model; no closed-form linear equation>
azoarene_svr_rbf_c30_eps005_scale,ln(kobs),3,ar2_homo_hartree|ar2_Ar_polar|ar1_bond_length_c_a,0.7423981899681202,0.1767448512460359,2.248512308690023,LOOCV,ln(kobs) = <nonlinear model; no closed-form linear equation>
azoarene_svr_rbf_c30_eps005_scale,ln(kobs),3,ar2_homo_hartree|ar2_isotropic_polarizability_au|ar1_bond_length_c_a,0.7423981899681202,0.1767448512460359,2.248512308690023,LOOCV,ln(kobs) = <nonlinear model; no closed-form linear equation>
azoarene_svr_rbf_c30_eps005_scale,ln(kobs),5,ar2_Ar_HOMO|ar2_Ar_polar|rate kobs (s-1)|ar1_bond_length_c_a|ar2_gap_hartree,0.8245802464022217,0.1757351874731573,1.8554961710877276,LOOCV,ln(kobs) = <nonlinear model; no closed-form linear equation>
azoarene_svr_rbf_c30_eps005_scale,ln(kobs),5,ar2_Ar_HOMO|ar2_isotropic_polarizability_au|rate kobs (s-1)|ar1_bond_length_c_a|ar2_gap_hartree,0.8245802464022217,0.1757351874731573,1.8554961710877276,LOOCV,ln(kobs) = <nonlinear model; no closed-form linear equation>
azoarene_svr_rbf_c30_eps005_scale,ln(kobs),5,ar2_homo_hartree|ar2_Ar_polar|rate kobs (s-1)|ar1_bond_length_c_a|ar2_gap_hartree,0.8245802464022217,0.1757351874731573,1.8554961710877276,LOOCV,ln(kobs) = <nonlinear model; no closed-form linear equation>
azoarene_svr_rbf_c30_eps005_scale,ln(kobs),5,ar2_homo_hartree|ar2_isotropic_polarizability_au|rate kobs (s-1)|ar1_bond_length_c_a|ar2_gap_hartree,0.8245802464022217,0.1757351874731573,1.8554961710877276,LOOCV,ln(kobs) = <nonlinear model; no closed-form linear equation>
azoarene_svr_rbf_c30_eps005_scale,ln(kobs),4,ar2_Ar_HOMO|rate kobs (s-1)|ar1_q_a|ar2_Ar_Ster_B5,0.7614801675933232,0.17568988342087977,2.163630335662214,LOOCV,ln(kobs) = <nonlinear model; no closed-form linear equation>
azoarene_svr_rbf_c30_eps005_scale,ln(kobs),4,ar2_Ar_HOMO|rate kobs (s-1)|ar1_q_a|ar2_sterimol_B5,0.7614801675933232,0.17568988342087977,2.163630335662214,LOOCV,ln(kobs) = <nonlinear model; no closed-form linear equation>
azoarene_svr_rbf_c30_eps005_scale,ln(kobs),4,ar2_homo_hartree|rate kobs (s-1)|ar1_q_a|ar2_Ar_Ster_B5,0.7614801675933232,0.17568988342087977,2.163630335662214,LOOCV,ln(kobs) = <nonlinear model; no closed-form linear equation>
azoarene_svr_rbf_c30_eps005_scale,ln(kobs),4,ar2_homo_hartree|rate kobs (s-1)|ar1_q_a|ar2_sterimol_B5,0.7614801675933232,0.17568988342087977,2.163630335662214,LOOCV,ln(kobs) = <nonlinear model; no closed-form linear equation>
azoarene_svr_rbf_c30_eps005_scale,ln(kobs),3,rate kobs (s-1)|ar2_gap_hartree|ar1_nbo_q_a,0.7003259653697886,0.17524495318638422,2.4251877822674714,LOOCV,ln(kobs) = <nonlinear model; no closed-form linear equation>
azoarene_svr_rbf_c30_eps005_scale,ln(kobs),3,rate kobs (s-1)|ar2_gap_hartree|ar1_Ar_NBO_OH,0.7003259653697886,0.17524495318638422,2.4251877822674714,LOOCV,ln(kobs) = <nonlinear model; no closed-form linear equation>
azoarene_svr_rbf_c30_eps005_scale,ln(kobs),4,ar2_Ar_HOMO|ar1_bond_length_c_a|ar2_lumo_hartree|ar2_gap_hartree,0.7683318000683257,0.17523774372317746,2.132328081128056,LOOCV,ln(kobs) = <nonlinear model; no closed-form linear equation>
azoarene_svr_rbf_c30_eps005_scale,ln(kobs),4,ar2_Ar_HOMO|ar1_bond_length_c_a|ar2_Ar_LUMO|ar2_gap_hartree,0.7683318000683257,0.17523774372317746,2.132328081128056,LOOCV,ln(kobs) = <nonlinear model; no closed-form linear equation>
azoarene_svr_rbf_c30_eps005_scale,ln(kobs),4,ar2_homo_hartree|ar1_bond_length_c_a|ar2_lumo_hartree|ar2_gap_hartree,0.7683318000683257,0.17523774372317746,2.132328081128056,LOOCV,ln(kobs) = <nonlinear model; no closed-form linear equation>
azoarene_svr_rbf_c30_eps005_scale,ln(kobs),4,ar2_homo_hartree|ar1_bond_length_c_a|ar2_Ar_LUMO|ar2_gap_hartree,0.7683318000683257,0.17523774372317746,2.132328081128056,LOOCV,ln(kobs) = <nonlinear model; no closed-form linear equation>
azoarene_svr_rbf_c30_eps005_scale,ln(kobs),3,ar2_Ar_polar|ar2_gibbs_free_energy_hartree|ar2_enthalpy_hartree,0.37259677526210966,0.1746058001640659,3.5090874180724425,LOOCV,ln(kobs) = <nonlinear model; no closed-form linear equation>
azoarene_svr_rbf_c30_eps005_scale,ln(kobs),3,ar2_isotropic_polarizability_au|ar2_gibbs_free_energy_hartree|ar2_enthalpy_hartree,0.37259677526210966,0.1746058001640659,3.5090874180724425,LOOCV,ln(kobs) = <nonlinear model; no closed-form linear equation>
azoarene_svr_rbf_c30_eps005_scale,ln(kobs),3,ar2_Ar_polar|ar2_scf_energy_hartree|ar2_enthalpy_hartree,0.3725759027024165,0.17455136822128692,3.509145788052508,LOOCV,ln(kobs) = <nonlinear model; no closed-form linear equation>
azoarene_svr_rbf_c30_eps005_scale,ln(kobs),3,ar2_isotropic_polarizability_au|ar2_scf_energy_hartree|ar2_enthalpy_hartree,0.3725759027024165,0.17455136822128692,3.509145788052508,LOOCV,ln(kobs) = <nonlinear model; no closed-form linear equation>
azoarene_svr_rbf_c30_eps005_scale,ln(kobs),3,ar2_Ar_polar|ar2_scf_energy_hartree|ar2_gibbs_free_energy_hartree,0.37257879472131983,0.17454927870432846,3.509137700598032,LOOCV,ln(kobs) = <nonlinear model; no closed-form linear equation>
azoarene_svr_rbf_c30_eps005_scale,ln(kobs),3,ar2_isotropic_polarizability_au|ar2_scf_energy_hartree|ar2_gibbs_free_energy_hartree,0.37257879472131983,0.17454927870432846,3.509137700598032,LOOCV,ln(kobs) = <nonlinear model; no closed-form linear equation>
azoarene_svr_rbf_c30_eps005_scale,ln(kobs),3,ar2_Ar_polar|ar2_enthalpy_hartree|ar1_bond_length_c_e,0.4988284188540092,0.17403829645153668,3.1362742502850476,LOOCV,ln(kobs) = <nonlinear model; no closed-form linear equation>
azoarene_svr_rbf_c30_eps005_scale,ln(kobs),3,ar2_isotropic_polarizability_au|ar2_enthalpy_hartree|ar1_bond_length_c_e,0.4988284188540092,0.17403829645153668,3.1362742502850476,LOOCV,ln(kobs) = <nonlinear model; no closed-form linear equation>
azoarene_svr_rbf_c30_eps005_scale,ln(kobs),3,ar2_Ar_polar|ar2_gibbs_free_energy_hartree|ar1_bond_length_c_e,0.4988132540811352,0.1740304456935189,3.1363216996304306,LOOCV,ln(kobs) = <nonlinear model; no closed-form linear equation>
azoarene_svr_rbf_c30_eps005_scale,ln(kobs),3,ar2_isotropic_polarizability_au|ar2_gibbs_free_energy_hartree|ar1_bond_length_c_e,0.4988132540811352,0.1740304456935189,3.1363216996304306,LOOCV,ln(kobs) = <nonlinear model; no closed-form linear equation>
azoarene_svr_rbf_c30_eps005_scale,ln(kobs),3,ar2_Ar_polar|ar2_scf_energy_hartree|ar1_bond_length_c_e,0.49885986044959163,0.1739851772256502,3.136175869793249,LOOCV,ln(kobs) = <nonlinear model; no closed-form linear equation>
azoarene_svr_rbf_c30_eps005_scale,ln(kobs),3,ar2_isotropic_polarizability_au|ar2_scf_energy_hartree|ar1_bond_length_c_e,0.49885986044959163,0.1739851772256502,3.136175869793249,LOOCV,ln(kobs) = <nonlinear model; no closed-form linear equation>
azoarene_svr_rbf_c30_eps005_scale,ln(kobs),4,ar2_Ar_HOMO|ar2_enthalpy_hartree|ar2_lumo_hartree|ar1_nbo_q_a,0.7061416723998133,0.17389011016846667,2.401539949403071,LOOCV,ln(kobs) = <nonlinear model; no closed-form linear equation>
azoarene_svr_rbf_c30_eps005_scale,ln(kobs),4,ar2_Ar_HOMO|ar2_enthalpy_hartree|ar2_lumo_hartree|ar1_Ar_NBO_OH,0.7061416723998133,0.17389011016846667,2.401539949403071,LOOCV,ln(kobs) = <nonlinear model; no closed-form linear equation>
azoarene_svr_rbf_c30_eps005_scale,ln(kobs),4,ar2_Ar_HOMO|ar2_enthalpy_hartree|ar2_Ar_LUMO|ar1_nbo_q_a,0.7061416723998133,0.17389011016846667,2.401539949403071,LOOCV,ln(kobs) = <nonlinear model; no closed-form linear equation>
azoarene_svr_rbf_c30_eps005_scale,ln(kobs),4,ar2_Ar_HOMO|ar2_enthalpy_hartree|ar2_Ar_LUMO|ar1_Ar_NBO_OH,0.7061416723998133,0.17389011016846667,2.401539949403071,LOOCV,ln(kobs) = <nonlinear model; no closed-form linear equation>
azoarene_svr_rbf_c30_eps005_scale,ln(kobs),4,ar2_homo_hartree|ar2_enthalpy_hartree|ar2_lumo_hartree|ar1_nbo_q_a,0.7061416723998133,0.17389011016846667,2.401539949403071,LOOCV,ln(kobs) = <nonlinear model; no closed-form linear equation>
azoarene_svr_rbf_c30_eps005_scale,ln(kobs),4,ar2_homo_hartree|ar2_enthalpy_hartree|ar2_lumo_hartree|ar1_Ar_NBO_OH,0.7061416723998133,0.17389011016846667,2.401539949403071,LOOCV,ln(kobs) = <nonlinear model; no closed-form linear equation>
azoarene_svr_rbf_c30_eps005_scale,ln(kobs),4,ar2_homo_hartree|ar2_enthalpy_hartree|ar2_Ar_LUMO|ar1_nbo_q_a,0.7061416723998133,0.17389011016846667,2.401539949403071,LOOCV,ln(kobs) = <nonlinear model; no closed-form linear equation>
azoarene_svr_rbf_c30_eps005_scale,ln(kobs),4,ar2_homo_hartree|ar2_enthalpy_hartree|ar2_Ar_LUMO|ar1_Ar_NBO_OH,0.7061416723998133,0.17389011016846667,2.401539949403071,LOOCV,ln(kobs) = <nonlinear model; no closed-form linear equation>
azoarene_svr_rbf_c30_eps005_scale,ln(kobs),4,ar2_Ar_HOMO|ar2_gibbs_free_energy_hartree|ar2_lumo_hartree|ar1_nbo_q_a,0.7061434045967653,0.17387464586930812,2.4015328712536363,LOOCV,ln(kobs) = <nonlinear model; no closed-form linear equation>
azoarene_svr_rbf_c30_eps005_scale,ln(kobs),4,ar2_Ar_HOMO|ar2_gibbs_free_energy_hartree|ar2_lumo_hartree|ar1_Ar_NBO_OH,0.7061434045967653,0.17387464586930812,2.4015328712536363,LOOCV,ln(kobs) = <nonlinear model; no closed-form linear equation>
azoarene_svr_rbf_c30_eps005_scale,ln(kobs),4,ar2_Ar_HOMO|ar2_gibbs_free_energy_hartree|ar2_Ar_LUMO|ar1_nbo_q_a,0.7061434045967653,0.17387464586930812,2.4015328712536363,LOOCV,ln(kobs) = <nonlinear model; no closed-form linear equation>
azoarene_svr_rbf_c30_eps005_scale,ln(kobs),4,ar2_Ar_HOMO|ar2_gibbs_free_energy_hartree|ar2_Ar_LUMO|ar1_Ar_NBO_OH,0.7061434045967653,0.17387464586930812,2.4015328712536363,LOOCV,ln(kobs) = <nonlinear model; no closed-form linear equation>
azoarene_svr_rbf_c30_eps005_scale,ln(kobs),4,ar2_homo_hartree|ar2_gibbs_free_energy_hartree|ar2_lumo_hartree|ar1_nbo_q_a,0.7061434045967653,0.17387464586930812,2.4015328712536363,LOOCV,ln(kobs) = <nonlinear model; no closed-form linear equation>
azoarene_svr_rbf_c30_eps005_scale,ln(kobs),4,ar2_homo_hartree|ar2_gibbs_free_energy_hartree|ar2_lumo_hartree|ar1_Ar_NBO_OH,0.7061434045967653,0.17387464586930812,2.4015328712536363,LOOCV,ln(kobs) = <nonlinear model; no closed-form linear equation>
azoarene_svr_rbf_c30_eps005_scale,ln(kobs),4,ar2_homo_hartree|ar2_gibbs_free_energy_hartree|ar2_Ar_LUMO|ar1_nbo_q_a,0.7061434045967653,0.17387464586930812,2.4015328712536363,LOOCV,ln(kobs) = <nonlinear model; no closed-form linear equation>
azoarene_svr_rbf_c30_eps005_scale,ln(kobs),4,ar2_homo_hartree|ar2_gibbs_free_energy_hartree|ar2_Ar_LUMO|ar1_Ar_NBO_OH,0.7061434045967653,0.17387464586930812,2.4015328712536363,LOOCV,ln(kobs) = <nonlinear model; no closed-form linear equation>
azoarene_svr_rbf_c30_eps005_scale,ln(kobs),4,ar2_Ar_HOMO|ar2_scf_energy_hartree|ar2_lumo_hartree|ar1_nbo_q_a,0.7061387157227611,0.1738244979726924,2.401552031007591,LOOCV,ln(kobs) = <nonlinear model; no closed-form linear equation>
azoarene_svr_rbf_c30_eps005_scale,ln(kobs),4,ar2_Ar_HOMO|ar2_scf_energy_hartree|ar2_lumo_hartree|ar1_Ar_NBO_OH,0.7061387157227611,0.1738244979726924,2.401552031007591,LOOCV,ln(kobs) = <nonlinear model; no closed-form linear equation>
azoarene_svr_rbf_c30_eps005_scale,ln(kobs),4,ar2_Ar_HOMO|ar2_scf_energy_hartree|ar2_Ar_LUMO|ar1_nbo_q_a,0.7061387157227611,0.1738244979726924,2.401552031007591,LOOCV,ln(kobs) = <nonlinear model; no closed-form linear equation>
azoarene_svr_rbf_c30_eps005_scale,ln(kobs),4,ar2_Ar_HOMO|ar2_scf_energy_hartree|ar2_Ar_LUMO|ar1_Ar_NBO_OH,0.7061387157227611,0.1738244979726924,2.401552031007591,LOOCV,ln(kobs) = <nonlinear model; no closed-form linear equation>
azoarene_svr_rbf_c30_eps005_scale,ln(kobs),4,ar2_homo_hartree|ar2_scf_energy_hartree|ar2_lumo_hartree|ar1_nbo_q_a,0.7061387157227611,0.1738244979726924,2.401552031007591,LOOCV,ln(kobs) = <nonlinear model; no closed-form linear equation>
azoarene_svr_rbf_c30_eps005_scale,ln(kobs),4,ar2_homo_hartree|ar2_scf_energy_hartree|ar2_lumo_hartree|ar1_Ar_NBO_OH,0.7061387157227611,0.1738244979726924,2.401552031007591,LOOCV,ln(kobs) = <nonlinear model; no closed-form linear equation>
azoarene_svr_rbf_c30_eps005_scale,ln(kobs),4,ar2_homo_hartree|ar2_scf_energy_hartree|ar2_Ar_LUMO|ar1_nbo_q_a,0.7061387157227611,0.1738244979726924,2.401552031007591,LOOCV,ln(kobs) = <nonlinear model; no closed-form linear equation>
azoarene_svr_rbf_c30_eps005_scale,ln(kobs),4,ar2_homo_hartree|ar2_scf_energy_hartree|ar2_Ar_LUMO|ar1_Ar_NBO_OH,0.7061387157227611,0.1738244979726924,2.401552031007591,LOOCV,ln(kobs) = <nonlinear model; no closed-form linear equation>
azoarene_svr_rbf_c30_eps005_scale,ln(kobs),4,ar1_bond_length_c_a|ar2_gap_hartree|ar2_Ar_Ster_B5|ar2_sterimol_B5,0.7177005698773927,0.17357915701118487,2.353833908731014,LOOCV,ln(kobs) = <nonlinear model; no closed-form linear equation>
azoarene_svr_rbf_c30_eps005_scale,ln(kobs),4,ar2_Ar_HOMO|ar2_scf_energy_hartree|ar2_gap_hartree|ar1_nbo_q_a,0.705968109579147,0.17333869515703249,2.4022490606989297,LOOCV,ln(kobs) = <nonlinear model; no closed-form linear equation>
azoarene_svr_rbf_c30_eps005_scale,ln(kobs),4,ar2_Ar_HOMO|ar2_scf_energy_hartree|ar2_gap_hartree|ar1_Ar_NBO_OH,0.705968109579147,0.17333869515703249,2.4022490606989297,LOOCV,ln(kobs) = <nonlinear model; no closed-form linear equation>
azoarene_svr_rbf_c30_eps005_scale,ln(kobs),4,ar2_homo_hartree|ar2_scf_energy_hartree|ar2_gap_hartree|ar1_nbo_q_a,0.705968109579147,0.17333869515703249,2.4022490606989297,LOOCV,ln(kobs) = <nonlinear model; no closed-form linear equation>
azoarene_svr_rbf_c30_eps005_scale,ln(kobs),4,ar2_homo_hartree|ar2_scf_energy_hartree|ar2_gap_hartree|ar1_Ar_NBO_OH,0.705968109579147,0.17333869515703249,2.4022490606989297,LOOCV,ln(kobs) = <nonlinear model; no closed-form linear equation>
azoarene_svr_rbf_c30_eps005_scale,ln(kobs),3,ar2_Ar_polar|ar1_bond_length_c_a|ar2_Ar_Ster_B5,0.6580753663197502,0.1733382394854469,2.590514391476599,LOOCV,ln(kobs) = <nonlinear model; no closed-form linear equation>
azoarene_svr_rbf_c30_eps005_scale,ln(kobs),3,ar2_Ar_polar|ar1_bond_length_c_a|ar2_sterimol_B5,0.6580753663197502,0.1733382394854469,2.590514391476599,LOOCV,ln(kobs) = <nonlinear model; no closed-form linear equation>
azoarene_svr_rbf_c30_eps005_scale,ln(kobs),3,ar2_isotropic_polarizability_au|ar1_bond_length_c_a|ar2_Ar_Ster_B5,0.6580753663197502,0.1733382394854469,2.590514391476599,LOOCV,ln(kobs) = <nonlinear model; no closed-form linear equation>
azoarene_svr_rbf_c30_eps005_scale,ln(kobs),3,ar2_isotropic_polarizability_au|ar1_bond_length_c_a|ar2_sterimol_B5,0.6580753663197502,0.1733382394854469,2.590514391476599,LOOCV,ln(kobs) = <nonlinear model; no closed-form linear equation>
azoarene_svr_rbf_c30_eps005_scale,ln(kobs),4,ar2_Ar_HOMO|ar2_enthalpy_hartree|ar2_gap_hartree|ar1_nbo_q_a,0.705950398149904,0.1733124072473463,2.402321411054357,LOOCV,ln(kobs) = <nonlinear model; no closed-form linear equation>
azoarene_svr_rbf_c30_eps005_scale,ln(kobs),4,ar2_Ar_HOMO|ar2_enthalpy_hartree|ar2_gap_hartree|ar1_Ar_NBO_OH,0.705950398149904,0.1733124072473463,2.402321411054357,LOOCV,ln(kobs) = <nonlinear model; no closed-form linear equation>
azoarene_svr_rbf_c30_eps005_scale,ln(kobs),4,ar2_homo_hartree|ar2_enthalpy_hartree|ar2_gap_hartree|ar1_nbo_q_a,0.705950398149904,0.1733124072473463,2.402321411054357,LOOCV,ln(kobs) = <nonlinear model; no closed-form linear equation>
azoarene_svr_rbf_c30_eps005_scale,ln(kobs),4,ar2_homo_hartree|ar2_enthalpy_hartree|ar2_gap_hartree|ar1_Ar_NBO_OH,0.705950398149904,0.1733124072473463,2.402321411054357,LOOCV,ln(kobs) = <nonlinear model; no closed-form linear equation>
azoarene_svr_rbf_c30_eps005_scale,ln(kobs),4,ar2_Ar_HOMO|ar2_gibbs_free_energy_hartree|ar2_gap_hartree|ar1_nbo_q_a,0.7059503369890179,0.17330743480205857,2.402321660889925,LOOCV,ln(kobs) = <nonlinear model; no closed-form linear equation>
azoarene_svr_rbf_c30_eps005_scale,ln(kobs),4,ar2_Ar_HOMO|ar2_gibbs_free_energy_hartree|ar2_gap_hartree|ar1_Ar_NBO_OH,0.7059503369890179,0.17330743480205857,2.402321660889925,LOOCV,ln(kobs) = <nonlinear model; no closed-form linear equation>
azoarene_svr_rbf_c30_eps005_scale,ln(kobs),4,ar2_homo_hartree|ar2_gibbs_free_energy_hartree|ar2_gap_hartree|ar1_nbo_q_a,0.7059503369890179,0.17330743480205857,2.402321660889925,LOOCV,ln(kobs) = <nonlinear model; no closed-form linear equation>
azoarene_svr_rbf_c30_eps005_scale,ln(kobs),4,ar2_homo_hartree|ar2_gibbs_free_energy_hartree|ar2_gap_hartree|ar1_Ar_NBO_OH,0.7059503369890179,0.17330743480205857,2.402321660889925,LOOCV,ln(kobs) = <nonlinear model; no closed-form linear equation>
azoarene_svr_rbf_c30_eps005_scale,ln(kobs),5,ar2_Ar_HOMO|rate kobs (s-1)|ar1_bond_length_c_a|ar1_q_a|ar1_bond_length_c_e,0.8305340575723769,0.1732286610191488,1.8237362465589184,LOOCV,ln(kobs) = <nonlinear model; no closed-form linear equation>
azoarene_svr_rbf_c30_eps005_scale,ln(kobs),5,ar2_homo_hartree|rate kobs (s-1)|ar1_bond_length_c_a|ar1_q_a|ar1_bond_length_c_e,0.8305340575723769,0.1732286610191488,1.8237362465589184,LOOCV,ln(kobs) = <nonlinear model; no closed-form linear equation>
azoarene_svr_rbf_c30_eps005_scale,ln(kobs),4,ar1_bond_length_c_a|ar2_lumo_hartree|ar1_bond_length_c_e|ar2_Ar_Ster_B5,0.721123858090196,0.1729306840642051,2.3395185603266415,LOOCV,ln(kobs) = <nonlinear model; no closed-form linear equation>
azoarene_svr_rbf_c30_eps005_scale,ln(kobs),4,ar1_bond_length_c_a|ar2_lumo_hartree|ar1_bond_length_c_e|ar2_sterimol_B5,0.721123858090196,0.1729306840642051,2.3395185603266415,LOOCV,ln(kobs) = <nonlinear model; no closed-form linear equation>
azoarene_svr_rbf_c30_eps005_scale,ln(kobs),4,ar1_bond_length_c_a|ar2_Ar_LUMO|ar1_bond_length_c_e|ar2_Ar_Ster_B5,0.721123858090196,0.1729306840642051,2.3395185603266415,LOOCV,ln(kobs) = <nonlinear model; no closed-form linear equation>
azoarene_svr_rbf_c30_eps005_scale,ln(kobs),4,ar1_bond_length_c_a|ar2_Ar_LUMO|ar1_bond_length_c_e|ar2_sterimol_B5,0.721123858090196,0.1729306840642051,2.3395185603266415,LOOCV,ln(kobs) = <nonlinear model; no closed-form linear equation>
azoarene_svr_rbf_c30_eps005_scale,ln(kobs),5,rate kobs (s-1)|ar1_bond_length_c_a|ar2_gap_hartree|ar1_bond_length_c_e|ar2_Ar_Ster_B5,0.7762895778068619,0.17283206293341857,2.095385445024841,LOOCV,ln(kobs) = <nonlinear model; no closed-form linear equation>
azoarene_svr_rbf_c30_eps005_scale,ln(kobs),5,rate kobs (s-1)|ar1_bond_length_c_a|ar2_gap_hartree|ar1_bond_length_c_e|ar2_sterimol_B5,0.7762895778068619,0.17283206293341857,2.095385445024841,LOOCV,ln(kobs) = <nonlinear model; no closed-form linear equation>
azoarene_svr_rbf_c30_eps005_scale,ln(kobs),4,ar1_bond_length_c_a|ar2_lumo_hartree|ar2_Ar_Ster_B5|ar1_nbo_q_a,0.7216840935541553,0.17271885102460427,2.3371674445635393,LOOCV,ln(kobs) = <nonlinear model; no closed-form linear equation>
azoarene_svr_rbf_c30_eps005_scale,ln(kobs),4,ar1_bond_length_c_a|ar2_lumo_hartree|ar2_Ar_Ster_B5|ar1_Ar_NBO_OH,0.7216840935541553,0.17271885102460427,2.3371674445635393,LOOCV,ln(kobs) = <nonlinear model; no closed-form linear equation>
azoarene_svr_rbf_c30_eps005_scale,ln(kobs),4,ar1_bond_length_c_a|ar2_lumo_hartree|ar2_sterimol_B5|ar1_nbo_q_a,0.7216840935541553,0.17271885102460427,2.3371674445635393,LOOCV,ln(kobs) = <nonlinear model; no closed-form linear equation>
azoarene_svr_rbf_c30_eps005_scale,ln(kobs),4,ar1_bond_length_c_a|ar2_lumo_hartree|ar2_sterimol_B5|ar1_Ar_NBO_OH,0.7216840935541553,0.17271885102460427,2.3371674445635393,LOOCV,ln(kobs) = <nonlinear model; no closed-form linear equation>
azoarene_svr_rbf_c30_eps005_scale,ln(kobs),4,ar1_bond_length_c_a|ar2_Ar_LUMO|ar2_Ar_Ster_B5|ar1_nbo_q_a,0.7216840935541553,0.17271885102460427,2.3371674445635393,LOOCV,ln(kobs) = <nonlinear model; no closed-form linear equation>
azoarene_svr_rbf_c30_eps005_scale,ln(kobs),4,ar1_bond_length_c_a|ar2_Ar_LUMO|ar2_Ar_Ster_B5|ar1_Ar_NBO_OH,0.7216840935541553,0.17271885102460427,2.3371674445635393,LOOCV,ln(kobs) = <nonlinear model; no closed-form linear equation>
azoarene_svr_rbf_c30_eps005_scale,ln(kobs),4,ar1_bond_length_c_a|ar2_Ar_LUMO|ar2_sterimol_B5|ar1_nbo_q_a,0.7216840935541553,0.17271885102460427,2.3371674445635393,LOOCV,ln(kobs) = <nonlinear model; no closed-form linear equation>
azoarene_svr_rbf_c30_eps005_scale,ln(kobs),4,ar1_bond_length_c_a|ar2_Ar_LUMO|ar2_sterimol_B5|ar1_Ar_NBO_OH,0.7216840935541553,0.17271885102460427,2.3371674445635393,LOOCV,ln(kobs) = <nonlinear model; no closed-form linear equation>
azoarene_svr_rbf_c30_eps005_scale,ln(kobs),3,ar2_lumo_hartree|ar1_bond_length_c_e|ar2_Ar_Ster_B5,0.7245684889173978,0.170894901039087,2.3250249974352717,LOOCV,ln(kobs) = <nonlinear model; no closed-form linear equation>
azoarene_svr_rbf_c30_eps005_scale,ln(kobs),3,ar2_lumo_hartree|ar1_bond_length_c_e|ar2_sterimol_B5,0.7245684889173978,0.170894901039087,2.3250249974352717,LOOCV,ln(kobs) = <nonlinear model; no closed-form linear equation>
azoarene_svr_rbf_c30_eps005_scale,ln(kobs),3,ar2_Ar_LUMO|ar1_bond_length_c_e|ar2_Ar_Ster_B5,0.7245684889173978,0.170894901039087,2.3250249974352717,LOOCV,ln(kobs) = <nonlinear model; no closed-form linear equation>
azoarene_svr_rbf_c30_eps005_scale,ln(kobs),3,ar2_Ar_LUMO|ar1_bond_length_c_e|ar2_sterimol_B5,0.7245684889173978,0.170894901039087,2.3250249974352717,LOOCV,ln(kobs) = <nonlinear model; no closed-form linear equation>
azoarene_svr_rbf_c30_eps005_scale,ln(kobs),4,ar2_Ar_HOMO|ar2_homo_hartree|ar2_enthalpy_hartree|ar1_bond_length_c_a,0.7322311012635638,0.17065202665502088,2.2924553220327306,LOOCV,ln(kobs) = <nonlinear model; no closed-form linear equation>
azoarene_svr_rbf_c30_eps005_scale,ln(kobs),4,ar2_Ar_HOMO|ar2_homo_hartree|ar2_gibbs_free_energy_hartree|ar1_bond_length_c_a,0.7322397147341331,0.1706336105878168,2.2924184503957727,LOOCV,ln(kobs) = <nonlinear model; no closed-form linear equation>
azoarene_svr_rbf_c30_eps005_scale,ln(kobs),4,ar2_Ar_HOMO|ar2_homo_hartree|ar2_scf_energy_hartree|ar1_bond_length_c_a,0.7322210096471331,0.17059348119976225,2.292498520406281,LOOCV,ln(kobs) = <nonlinear model; no closed-form linear equation>
azoarene_svr_rbf_c30_eps005_scale,ln(kobs),5,rate kobs (s-1)|ar2_lumo_hartree|ar1_bond_length_c_e|ar2_Ar_Ster_B5|ar1_nbo_q_a,0.7694145870981874,0.17028338365372486,2.12733913284341,LOOCV,ln(kobs) = <nonlinear model; no closed-form linear equation>
azoarene_svr_rbf_c30_eps005_scale,ln(kobs),5,rate kobs (s-1)|ar2_lumo_hartree|ar1_bond_length_c_e|ar2_Ar_Ster_B5|ar1_Ar_NBO_OH,0.7694145870981874,0.17028338365372486,2.12733913284341,LOOCV,ln(kobs) = <nonlinear model; no closed-form linear equation>
azoarene_svr_rbf_c30_eps005_scale,ln(kobs),5,rate kobs (s-1)|ar2_lumo_hartree|ar1_bond_length_c_e|ar2_sterimol_B5|ar1_nbo_q_a,0.7694145870981874,0.17028338365372486,2.12733913284341,LOOCV,ln(kobs) = <nonlinear model; no closed-form linear equation>
azoarene_svr_rbf_c30_eps005_scale,ln(kobs),5,rate kobs (s-1)|ar2_lumo_hartree|ar1_bond_length_c_e|ar2_sterimol_B5|ar1_Ar_NBO_OH,0.7694145870981874,0.17028338365372486,2.12733913284341,LOOCV,ln(kobs) = <nonlinear model; no closed-form linear equation>
azoarene_svr_rbf_c30_eps005_scale,ln(kobs),5,rate kobs (s-1)|ar2_Ar_LUMO|ar1_bond_length_c_e|ar2_Ar_Ster_B5|ar1_nbo_q_a,0.7694145870981874,0.17028338365372486,2.12733913284341,LOOCV,ln(kobs) = <nonlinear model; no closed-form linear equation>
azoarene_svr_rbf_c30_eps005_scale,ln(kobs),5,rate kobs (s-1)|ar2_Ar_LUMO|ar1_bond_length_c_e|ar2_Ar_Ster_B5|ar1_Ar_NBO_OH,0.7694145870981874,0.17028338365372486,2.12733913284341,LOOCV,ln(kobs) = <nonlinear model; no closed-form linear equation>
azoarene_svr_rbf_c30_eps005_scale,ln(kobs),5,rate kobs (s-1)|ar2_Ar_LUMO|ar1_bond_length_c_e|ar2_sterimol_B5|ar1_nbo_q_a,0.7694145870981874,0.17028338365372486,2.12733913284341,LOOCV,ln(kobs) = <nonlinear model; no closed-form linear equation>
azoarene_svr_rbf_c30_eps005_scale,ln(kobs),5,rate kobs (s-1)|ar2_Ar_LUMO|ar1_bond_length_c_e|ar2_sterimol_B5|ar1_Ar_NBO_OH,0.7694145870981874,0.17028338365372486,2.12733913284341,LOOCV,ln(kobs) = <nonlinear model; no closed-form linear equation>
azoarene_svr_rbf_c30_eps005_scale,ln(kobs),5,ar2_Ar_HOMO|ar2_Ar_polar|rate kobs (s-1)|ar2_gap_hartree|ar1_nbo_q_a,0.8108067610666617,0.16899146068339854,1.9269640850506824,LOOCV,ln(kobs) = <nonlinear model; no closed-form linear equation>
azoarene_svr_rbf_c30_eps005_scale,ln(kobs),5,ar2_Ar_HOMO|ar2_Ar_polar|rate kobs (s-1)|ar2_gap_hartree|ar1_Ar_NBO_OH,0.8108067610666617,0.16899146068339854,1.9269640850506824,LOOCV,ln(kobs) = <nonlinear model; no closed-form linear equation>
azoarene_svr_rbf_c30_eps005_scale,ln(kobs),5,ar2_Ar_HOMO|ar2_isotropic_polarizability_au|rate kobs (s-1)|ar2_gap_hartree|ar1_nbo_q_a,0.8108067610666617,0.16899146068339854,1.9269640850506824,LOOCV,ln(kobs) = <nonlinear model; no closed-form linear equation>
azoarene_svr_rbf_c30_eps005_scale,ln(kobs),5,ar2_Ar_HOMO|ar2_isotropic_polarizability_au|rate kobs (s-1)|ar2_gap_hartree|ar1_Ar_NBO_OH,0.8108067610666617,0.16899146068339854,1.9269640850506824,LOOCV,ln(kobs) = <nonlinear model; no closed-form linear equation>
azoarene_svr_rbf_c30_eps005_scale,ln(kobs),5,ar2_homo_hartree|ar2_Ar_polar|rate kobs (s-1)|ar2_gap_hartree|ar1_nbo_q_a,0.8108067610666617,0.16899146068339854,1.9269640850506824,LOOCV,ln(kobs) = <nonlinear model; no closed-form linear equation>
azoarene_svr_rbf_c30_eps005_scale,ln(kobs),5,ar2_homo_hartree|ar2_Ar_polar|rate kobs (s-1)|ar2_gap_hartree|ar1_Ar_NBO_OH,0.8108067610666617,0.16899146068339854,1.9269640850506824,LOOCV,ln(kobs) = <nonlinear model; no closed-form linear equation>
azoarene_svr_rbf_c30_eps005_scale,ln(kobs),5,ar2_homo_hartree|ar2_isotropic_polarizability_au|rate kobs (s-1)|ar2_gap_hartree|ar1_nbo_q_a,0.8108067610666617,0.16899146068339854,1.9269640850506824,LOOCV,ln(kobs) = <nonlinear model; no closed-form linear equation>
azoarene_svr_rbf_c30_eps005_scale,ln(kobs),5,ar2_homo_hartree|ar2_isotropic_polarizability_au|rate kobs (s-1)|ar2_gap_hartree|ar1_Ar_NBO_OH,0.8108067610666617,0.16899146068339854,1.9269640850506824,LOOCV,ln(kobs) = <nonlinear model; no closed-form linear equation>
azoarene_svr_rbf_c30_eps005_scale,ln(kobs),3,rate kobs (s-1)|ar2_lumo_hartree|ar1_nbo_q_a,0.7105839877184632,0.16872153183147487,2.3833185422773955,LOOCV,ln(kobs) = <nonlinear model; no closed-form linear equation>
azoarene_svr_rbf_c30_eps005_scale,ln(kobs),3,rate kobs (s-1)|ar2_lumo_hartree|ar1_Ar_NBO_OH,0.7105839877184632,0.16872153183147487,2.3833185422773955,LOOCV,ln(kobs) = <nonlinear model; no closed-form linear equation>
azoarene_svr_rbf_c30_eps005_scale,ln(kobs),3,rate kobs (s-1)|ar2_Ar_LUMO|ar1_nbo_q_a,0.7105839877184632,0.16872153183147487,2.3833185422773955,LOOCV,ln(kobs) = <nonlinear model; no closed-form linear equation>
azoarene_svr_rbf_c30_eps005_scale,ln(kobs),3,rate kobs (s-1)|ar2_Ar_LUMO|ar1_Ar_NBO_OH,0.7105839877184632,0.16872153183147487,2.3833185422773955,LOOCV,ln(kobs) = <nonlinear model; no closed-form linear equation>
azoarene_svr_rbf_c30_eps005_scale,ln(kobs),3,ar2_Ar_HOMO|ar2_enthalpy_hartree|ar1_bond_length_c_e,0.7239740576931954,0.16815546090751743,2.3275325583267876,LOOCV,ln(kobs) = <nonlinear model; no closed-form linear equation>
azoarene_svr_rbf_c30_eps005_scale,ln(kobs),3,ar2_homo_hartree|ar2_enthalpy_hartree|ar1_bond_length_c_e,0.7239740576931954,0.16815546090751743,2.3275325583267876,LOOCV,ln(kobs) = <nonlinear model; no closed-form linear equation>
azoarene_svr_rbf_c30_eps005_scale,ln(kobs),3,ar2_Ar_HOMO|ar2_scf_energy_hartree|ar1_bond_length_c_e,0.7239587782820588,0.16813719282208495,2.3275969776970413,LOOCV,ln(kobs) = <nonlinear model; no closed-form linear equation>
azoarene_svr_rbf_c30_eps005_scale,ln(kobs),3,ar2_homo_hartree|ar2_scf_energy_hartree|ar1_bond_length_c_e,0.7239587782820588,0.16813719282208495,2.3275969776970413,LOOCV,ln(kobs) = <nonlinear model; no closed-form linear equation>
azoarene_svr_rbf_c30_eps005_scale,ln(kobs),3,ar2_Ar_HOMO|ar2_gibbs_free_energy_hartree|ar1_bond_length_c_e,0.7239691753397728,0.16812732922230433,2.3275531429613454,LOOCV,ln(kobs) = <nonlinear model; no closed-form linear equation>
azoarene_svr_rbf_c30_eps005_scale,ln(kobs),3,ar2_homo_hartree|ar2_gibbs_free_energy_hartree|ar1_bond_length_c_e,0.7239691753397728,0.16812732922230433,2.3275531429613454,LOOCV,ln(kobs) = <nonlinear model; no closed-form linear equation>
azoarene_svr_rbf_c30_eps005_scale,ln(kobs),3,ar2_scf_energy_hartree|ar2_Ar_Ster_B5|ar2_sterimol_B5,0.4374332869336114,0.16553608492130734,3.322827759027368,LOOCV,ln(kobs) = <nonlinear model; no closed-form linear equation>
azoarene_svr_rbf_c30_eps005_scale,ln(kobs),3,ar2_enthalpy_hartree|ar2_Ar_Ster_B5|ar2_sterimol_B5,0.43751694289648724,0.16549303586588326,3.322580690827327,LOOCV,ln(kobs) = <nonlinear model; no closed-form linear equation>
azoarene_svr_rbf_c30_eps005_scale,ln(kobs),3,ar2_gibbs_free_energy_hartree|ar2_Ar_Ster_B5|ar2_sterimol_B5,0.43751166697797594,0.16544204005070573,3.32259627318456,LOOCV,ln(kobs) = <nonlinear model; no closed-form linear equation>
azoarene_svr_rbf_c30_eps005_scale,ln(kobs),4,ar2_lumo_hartree|ar2_Ar_LUMO|ar1_bond_length_c_e|ar2_Ar_Ster_B5,0.7153597845764481,0.16422640848175207,2.3635725845543414,LOOCV,ln(kobs) = <nonlinear model; no closed-form linear equation>
azoarene_svr_rbf_c30_eps005_scale,ln(kobs),4,ar2_lumo_hartree|ar2_Ar_LUMO|ar1_bond_length_c_e|ar2_sterimol_B5,0.7153597845764481,0.16422640848175207,2.3635725845543414,LOOCV,ln(kobs) = <nonlinear model; no closed-form linear equation>
azoarene_svr_rbf_c30_eps005_scale,ln(kobs),5,ar2_Ar_polar|rate kobs (s-1)|ar1_bond_length_c_a|ar2_gap_hartree|ar2_Ar_Ster_B5,0.7764235553840559,0.16335282277010776,2.094757900033341,LOOCV,ln(kobs) = <nonlinear model; no closed-form linear equation>
azoarene_svr_rbf_c30_eps005_scale,ln(kobs),5,ar2_Ar_polar|rate kobs (s-1)|ar1_bond_length_c_a|ar2_gap_hartree|ar2_sterimol_B5,0.7764235553840559,0.16335282277010776,2.094757900033341,LOOCV,ln(kobs) = <nonlinear model; no closed-form linear equation>
azoarene_svr_rbf_c30_eps005_scale,ln(kobs),5,ar2_isotropic_polarizability_au|rate kobs (s-1)|ar1_bond_length_c_a|ar2_gap_hartree|ar2_Ar_Ster_B5,0.7764235553840559,0.16335282277010776,2.094757900033341,LOOCV,ln(kobs) = <nonlinear model; no closed-form linear equation>
azoarene_svr_rbf_c30_eps005_scale,ln(kobs),5,ar2_isotropic_polarizability_au|rate kobs (s-1)|ar1_bond_length_c_a|ar2_gap_hartree|ar2_sterimol_B5,0.7764235553840559,0.16335282277010776,2.094757900033341,LOOCV,ln(kobs) = <nonlinear model; no closed-form linear equation>
azoarene_svr_rbf_c30_eps005_scale,ln(kobs),4,ar2_Ar_polar|rate kobs (s-1)|ar1_bond_length_c_a|ar1_nbo_q_a,0.7016259877311177,0.16323153609946717,2.419921685233638,LOOCV,ln(kobs) = <nonlinear model; no closed-form linear equation>
azoarene_svr_rbf_c30_eps005_scale,ln(kobs),4,ar2_Ar_polar|rate kobs (s-1)|ar1_bond_length_c_a|ar1_Ar_NBO_OH,0.7016259877311177,0.16323153609946717,2.419921685233638,LOOCV,ln(kobs) = <nonlinear model; no closed-form linear equation>
azoarene_svr_rbf_c30_eps005_scale,ln(kobs),4,ar2_isotropic_polarizability_au|rate kobs (s-1)|ar1_bond_length_c_a|ar1_nbo_q_a,0.7016259877311177,0.16323153609946717,2.419921685233638,LOOCV,ln(kobs) = <nonlinear model; no closed-form linear equation>
azoarene_svr_rbf_c30_eps005_scale,ln(kobs),4,ar2_isotropic_polarizability_au|rate kobs (s-1)|ar1_bond_length_c_a|ar1_Ar_NBO_OH,0.7016259877311177,0.16323153609946717,2.419921685233638,LOOCV,ln(kobs) = <nonlinear model; no closed-form linear equation>
azoarene_svr_rbf_c30_eps005_scale,ln(kobs),5,ar2_Ar_polar|rate kobs (s-1)|ar1_bond_length_c_a|ar2_lumo_hartree|ar2_Ar_Ster_B5,0.7759542732113559,0.16280864701206577,2.0969551736322916,LOOCV,ln(kobs) = <nonlinear model; no closed-form linear equation>
azoarene_svr_rbf_c30_eps005_scale,ln(kobs),5,ar2_Ar_polar|rate kobs (s-1)|ar1_bond_length_c_a|ar2_lumo_hartree|ar2_sterimol_B5,0.7759542732113559,0.16280864701206577,2.0969551736322916,LOOCV,ln(kobs) = <nonlinear model; no closed-form linear equation>
azoarene_svr_rbf_c30_eps005_scale,ln(kobs),5,ar2_Ar_polar|rate kobs (s-1)|ar1_bond_length_c_a|ar2_Ar_LUMO|ar2_Ar_Ster_B5,0.7759542732113559,0.16280864701206577,2.0969551736322916,LOOCV,ln(kobs) = <nonlinear model; no closed-form linear equation>
azoarene_svr_rbf_c30_eps005_scale,ln(kobs),5,ar2_Ar_polar|rate kobs (s-1)|ar1_bond_length_c_a|ar2_Ar_LUMO|ar2_sterimol_B5,0.7759542732113559,0.16280864701206577,2.0969551736322916,LOOCV,ln(kobs) = <nonlinear model; no closed-form linear equation>
azoarene_svr_rbf_c30_eps005_scale,ln(kobs),5,ar2_isotropic_polarizability_au|rate kobs (s-1)|ar1_bond_length_c_a|ar2_lumo_hartree|ar2_Ar_Ster_B5,0.7759542732113559,0.16280864701206577,2.0969551736322916,LOOCV,ln(kobs) = <nonlinear model; no closed-form linear equation>
azoarene_svr_rbf_c30_eps005_scale,ln(kobs),5,ar2_isotropic_polarizability_au|rate kobs (s-1)|ar1_bond_length_c_a|ar2_lumo_hartree|ar2_sterimol_B5,0.7759542732113559,0.16280864701206577,2.0969551736322916,LOOCV,ln(kobs) = <nonlinear model; no closed-form linear equation>
azoarene_svr_rbf_c30_eps005_scale,ln(kobs),5,ar2_isotropic_polarizability_au|rate kobs (s-1)|ar1_bond_length_c_a|ar2_Ar_LUMO|ar2_Ar_Ster_B5,0.7759542732113559,0.16280864701206577,2.0969551736322916,LOOCV,ln(kobs) = <nonlinear model; no closed-form linear equation>
azoarene_svr_rbf_c30_eps005_scale,ln(kobs),5,ar2_isotropic_polarizability_au|rate kobs (s-1)|ar1_bond_length_c_a|ar2_Ar_LUMO|ar2_sterimol_B5,0.7759542732113559,0.16280864701206577,2.0969551736322916,LOOCV,ln(kobs) = <nonlinear model; no closed-form linear equation>
azoarene_svr_rbf_c30_eps005_scale,ln(kobs),3,ar2_Ar_HOMO|ar2_Ar_polar|ar2_gibbs_free_energy_hartree,0.6205871717520358,0.1624507562587315,2.7288321272744653,LOOCV,ln(kobs) = <nonlinear model; no closed-form linear equation>
azoarene_svr_rbf_c30_eps005_scale,ln(kobs),3,ar2_Ar_HOMO|ar2_isotropic_polarizability_au|ar2_gibbs_free_energy_hartree,0.6205871717520358,0.1624507562587315,2.7288321272744653,LOOCV,ln(kobs) = <nonlinear model; no closed-form linear equation>
azoarene_svr_rbf_c30_eps005_scale,ln(kobs),3,ar2_homo_hartree|ar2_Ar_polar|ar2_gibbs_free_energy_hartree,0.6205871717520358,0.1624507562587315,2.7288321272744653,LOOCV,ln(kobs) = <nonlinear model; no closed-form linear equation>
azoarene_svr_rbf_c30_eps005_scale,ln(kobs),3,ar2_homo_hartree|ar2_isotropic_polarizability_au|ar2_gibbs_free_energy_hartree,0.6205871717520358,0.1624507562587315,2.7288321272744653,LOOCV,ln(kobs) = <nonlinear model; no closed-form linear equation>
azoarene_svr_rbf_c30_eps005_scale,ln(kobs),3,ar2_Ar_HOMO|ar2_Ar_polar|ar2_enthalpy_hartree,0.6205743836972275,0.16244509790345985,2.7288781143341643,LOOCV,ln(kobs) = <nonlinear model; no closed-form linear equation>
azoarene_svr_rbf_c30_eps005_scale,ln(kobs),3,ar2_Ar_HOMO|ar2_isotropic_polarizability_au|ar2_enthalpy_hartree,0.6205743836972275,0.16244509790345985,2.7288781143341643,LOOCV,ln(kobs) = <nonlinear model; no closed-form linear equation>
azoarene_svr_rbf_c30_eps005_scale,ln(kobs),3,ar2_homo_hartree|ar2_Ar_polar|ar2_enthalpy_hartree,0.6205743836972275,0.16244509790345985,2.7288781143341643,LOOCV,ln(kobs) = <nonlinear model; no closed-form linear equation>
azoarene_svr_rbf_c30_eps005_scale,ln(kobs),3,ar2_homo_hartree|ar2_isotropic_polarizability_au|ar2_enthalpy_hartree,0.6205743836972275,0.16244509790345985,2.7288781143341643,LOOCV,ln(kobs) = <nonlinear model; no closed-form linear equation>
azoarene_svr_rbf_c30_eps005_scale,ln(kobs),3,ar2_Ar_HOMO|ar2_Ar_polar|ar2_scf_energy_hartree,0.6205864893041714,0.16230843752089175,2.72883458144138,LOOCV,ln(kobs) = <nonlinear model; no closed-form linear equation>
azoarene_svr_rbf_c30_eps005_scale,ln(kobs),3,ar2_Ar_HOMO|ar2_isotropic_polarizability_au|ar2_scf_energy_hartree,0.6205864893041714,0.16230843752089175,2.72883458144138,LOOCV,ln(kobs) = <nonlinear model; no closed-form linear equation>
azoarene_svr_rbf_c30_eps005_scale,ln(kobs),3,ar2_homo_hartree|ar2_Ar_polar|ar2_scf_energy_hartree,0.6205864893041714,0.16230843752089175,2.72883458144138,LOOCV,ln(kobs) = <nonlinear model; no closed-form linear equation>
azoarene_svr_rbf_c30_eps005_scale,ln(kobs),3,ar2_homo_hartree|ar2_isotropic_polarizability_au|ar2_scf_energy_hartree,0.6205864893041714,0.16230843752089175,2.72883458144138,LOOCV,ln(kobs) = <nonlinear model; no closed-form linear equation>
azoarene_svr_rbf_c30_eps005_scale,ln(kobs),4,ar2_Ar_HOMO|ar2_homo_hartree|rate kobs (s-1)|ar1_q_a,0.7355132024320867,0.16155533804643096,2.2783624442594506,LOOCV,ln(kobs) = <nonlinear model; no closed-form linear equation>
azoarene_svr_rbf_c30_eps005_scale,ln(kobs),5,ar2_gibbs_free_energy_hartree|rate kobs (s-1)|ar1_bond_length_c_a|ar2_lumo_hartree|ar2_Ar_Ster_B5,0.7782534187279048,0.16096509259849545,2.086168005835485,LOOCV,ln(kobs) = <nonlinear model; no closed-form linear equation>
azoarene_svr_rbf_c30_eps005_scale,ln(kobs),5,ar2_gibbs_free_energy_hartree|rate kobs (s-1)|ar1_bond_length_c_a|ar2_lumo_hartree|ar2_sterimol_B5,0.7782534187279048,0.16096509259849545,2.086168005835485,LOOCV,ln(kobs) = <nonlinear model; no closed-form linear equation>
azoarene_svr_rbf_c30_eps005_scale,ln(kobs),5,ar2_gibbs_free_energy_hartree|rate kobs (s-1)|ar1_bond_length_c_a|ar2_Ar_LUMO|ar2_Ar_Ster_B5,0.7782534187279048,0.16096509259849545,2.086168005835485,LOOCV,ln(kobs) = <nonlinear model; no closed-form linear equation>
azoarene_svr_rbf_c30_eps005_scale,ln(kobs),5,ar2_gibbs_free_energy_hartree|rate kobs (s-1)|ar1_bond_length_c_a|ar2_Ar_LUMO|ar2_sterimol_B5,0.7782534187279048,0.16096509259849545,2.086168005835485,LOOCV,ln(kobs) = <nonlinear model; no closed-form linear equation>
azoarene_svr_rbf_c30_eps005_scale,ln(kobs),5,ar2_Ar_HOMO|ar2_homo_hartree|rate kobs (s-1)|ar2_lumo_hartree|ar2_Ar_LUMO,0.7651549165669699,0.16094881414545215,2.1468986871710634,LOOCV,ln(kobs) = <nonlinear model; no closed-form linear equation>
azoarene_svr_rbf_c30_eps005_scale,ln(kobs),5,ar2_enthalpy_hartree|rate kobs (s-1)|ar1_bond_length_c_a|ar2_lumo_hartree|ar2_Ar_Ster_B5,0.7782706259346758,0.16093480213745992,2.086087062489149,LOOCV,ln(kobs) = <nonlinear model; no closed-form linear equation>
azoarene_svr_rbf_c30_eps005_scale,ln(kobs),5,ar2_enthalpy_hartree|rate kobs (s-1)|ar1_bond_length_c_a|ar2_lumo_hartree|ar2_sterimol_B5,0.7782706259346758,0.16093480213745992,2.086087062489149,LOOCV,ln(kobs) = <nonlinear model; no closed-form linear equation>
azoarene_svr_rbf_c30_eps005_scale,ln(kobs),5,ar2_enthalpy_hartree|rate kobs (s-1)|ar1_bond_length_c_a|ar2_Ar_LUMO|ar2_Ar_Ster_B5,0.7782706259346758,0.16093480213745992,2.086087062489149,LOOCV,ln(kobs) = <nonlinear model; no closed-form linear equation>
azoarene_svr_rbf_c30_eps005_scale,ln(kobs),5,ar2_enthalpy_hartree|rate kobs (s-1)|ar1_bond_length_c_a|ar2_Ar_LUMO|ar2_sterimol_B5,0.7782706259346758,0.16093480213745992,2.086087062489149,LOOCV,ln(kobs) = <nonlinear model; no closed-form linear equation>
azoarene_svr_rbf_c30_eps005_scale,ln(kobs),5,ar2_scf_energy_hartree|rate kobs (s-1)|ar1_bond_length_c_a|ar2_lumo_hartree|ar2_Ar_Ster_B5,0.7782613528517723,0.16092612539814866,2.086130683809296,LOOCV,ln(kobs) = <nonlinear model; no closed-form linear equation>
azoarene_svr_rbf_c30_eps005_scale,ln(kobs),5,ar2_scf_energy_hartree|rate kobs (s-1)|ar1_bond_length_c_a|ar2_lumo_hartree|ar2_sterimol_B5,0.7782613528517723,0.16092612539814866,2.086130683809296,LOOCV,ln(kobs) = <nonlinear model; no closed-form linear equation>
azoarene_svr_rbf_c30_eps005_scale,ln(kobs),5,ar2_scf_energy_hartree|rate kobs (s-1)|ar1_bond_length_c_a|ar2_Ar_LUMO|ar2_Ar_Ster_B5,0.7782613528517723,0.16092612539814866,2.086130683809296,LOOCV,ln(kobs) = <nonlinear model; no closed-form linear equation>
azoarene_svr_rbf_c30_eps005_scale,ln(kobs),5,ar2_scf_energy_hartree|rate kobs (s-1)|ar1_bond_length_c_a|ar2_Ar_LUMO|ar2_sterimol_B5,0.7782613528517723,0.16092612539814866,2.086130683809296,LOOCV,ln(kobs) = <nonlinear model; no closed-form linear equation>
azoarene_svr_rbf_c30_eps005_scale,ln(kobs),4,ar1_q_a|ar1_bond_length_c_e|ar2_Ar_Ster_B5|ar2_sterimol_B5,0.7103556164015211,0.1606671717198156,2.384258666948308,LOOCV,ln(kobs) = <nonlinear model; no closed-form linear equation>
azoarene_svr_rbf_c30_eps005_scale,ln(kobs),5,ar2_Ar_HOMO|ar2_Ar_polar|rate kobs (s-1)|ar1_q_a|ar1_bond_length_c_e,0.8285197147272366,0.16064614279903633,1.8345430725029668,LOOCV,ln(kobs) = <nonlinear model; no closed-form linear equation>
azoarene_svr_rbf_c30_eps005_scale,ln(kobs),5,ar2_Ar_HOMO|ar2_isotropic_polarizability_au|rate kobs (s-1)|ar1_q_a|ar1_bond_length_c_e,0.8285197147272366,0.16064614279903633,1.8345430725029668,LOOCV,ln(kobs) = <nonlinear model; no closed-form linear equation>
azoarene_svr_rbf_c30_eps005_scale,ln(kobs),5,ar2_homo_hartree|ar2_Ar_polar|rate kobs (s-1)|ar1_q_a|ar1_bond_length_c_e,0.8285197147272366,0.16064614279903633,1.8345430725029668,LOOCV,ln(kobs) = <nonlinear model; no closed-form linear equation>
azoarene_svr_rbf_c30_eps005_scale,ln(kobs),5,ar2_homo_hartree|ar2_isotropic_polarizability_au|rate kobs (s-1)|ar1_q_a|ar1_bond_length_c_e,0.8285197147272366,0.16064614279903633,1.8345430725029668,LOOCV,ln(kobs) = <nonlinear model; no closed-form linear equation>
azoarene_svr_rbf_c30_eps005_scale,ln(kobs),5,ar2_Ar_HOMO|ar2_homo_hartree|rate kobs (s-1)|ar2_lumo_hartree|ar2_gap_hartree,0.7654117038461867,0.15938974017486618,2.1457246215948262,LOOCV,ln(kobs) = <nonlinear model; no closed-form linear equation>
azoarene_svr_rbf_c30_eps005_scale,ln(kobs),5,ar2_Ar_HOMO|ar2_homo_hartree|rate kobs (s-1)|ar2_Ar_LUMO|ar2_gap_hartree,0.7654117038461867,0.15938974017486618,2.1457246215948262,LOOCV,ln(kobs) = <nonlinear model; no closed-form linear equation>
azoarene_svr_rbf_c30_eps005_scale,ln(kobs),3,rate kobs (s-1)|ar2_lumo_hartree|ar1_bond_length_c_e,0.7370163411790722,0.15815518619769098,2.2718789928969287,LOOCV,ln(kobs) = <nonlinear model; no closed-form linear equation>
azoarene_svr_rbf_c30_eps005_scale,ln(kobs),3,rate kobs (s-1)|ar2_Ar_LUMO|ar1_bond_length_c_e,0.7370163411790722,0.15815518619769098,2.2718789928969287,LOOCV,ln(kobs) = <nonlinear model; no closed-form linear equation>
azoarene_svr_rbf_c30_eps005_scale,ln(kobs),3,ar1_q_a|ar1_bond_length_c_e|ar2_Ar_Ster_B5,0.7252136189908438,0.1575706107965631,2.3223005036344078,LOOCV,ln(kobs) = <nonlinear model; no closed-form linear equation>
azoarene_svr_rbf_c30_eps005_scale,ln(kobs),3,ar1_q_a|ar1_bond_length_c_e|ar2_sterimol_B5,0.7252136189908438,0.1575706107965631,2.3223005036344078,LOOCV,ln(kobs) = <nonlinear model; no closed-form linear equation>
azoarene_svr_rbf_c30_eps005_scale,ln(kobs),5,ar2_Ar_HOMO|rate kobs (s-1)|ar1_q_a|ar1_nbo_q_a|ar1_Ar_NBO_OH,0.8178746220222385,0.15461177261916015,1.8906278335496565,LOOCV,ln(kobs) = <nonlinear model; no closed-form linear equation>
azoarene_svr_rbf_c30_eps005_scale,ln(kobs),5,ar2_homo_hartree|rate kobs (s-1)|ar1_q_a|ar1_nbo_q_a|ar1_Ar_NBO_OH,0.8178746220222385,0.15461177261916015,1.8906278335496565,LOOCV,ln(kobs) = <nonlinear model; no closed-form linear equation>
azoarene_svr_rbf_c30_eps005_scale,ln(kobs),4,ar2_Ar_HOMO|ar2_homo_hartree|ar2_lumo_hartree|ar1_bond_length_c_e,0.7390653342807805,0.1542545335122919,2.2630112039440986,LOOCV,ln(kobs) = <nonlinear model; no closed-form linear equation>
azoarene_svr_rbf_c30_eps005_scale,ln(kobs),4,ar2_Ar_HOMO|ar2_homo_hartree|ar2_Ar_LUMO|ar1_bond_length_c_e,0.7390653342807805,0.1542545335122919,2.2630112039440986,LOOCV,ln(kobs) = <nonlinear model; no closed-form linear equation>
azoarene_svr_rbf_c30_eps005_scale,ln(kobs),4,ar2_lumo_hartree|ar2_gap_hartree|ar1_bond_length_c_e|ar2_Ar_Ster_B5,0.7145899931247734,0.1539798313597749,2.366766492830244,LOOCV,ln(kobs) = <nonlinear model; no closed-form linear equation>
azoarene_svr_rbf_c30_eps005_scale,ln(kobs),4,ar2_lumo_hartree|ar2_gap_hartree|ar1_bond_length_c_e|ar2_sterimol_B5,0.7145899931247734,0.1539798313597749,2.366766492830244,LOOCV,ln(kobs) = <nonlinear model; no closed-form linear equation>
azoarene_svr_rbf_c30_eps005_scale,ln(kobs),4,ar2_Ar_LUMO|ar2_gap_hartree|ar1_bond_length_c_e|ar2_Ar_Ster_B5,0.7145899931247734,0.1539798313597749,2.366766492830244,LOOCV,ln(kobs) = <nonlinear model; no closed-form linear equation>
azoarene_svr_rbf_c30_eps005_scale,ln(kobs),4,ar2_Ar_LUMO|ar2_gap_hartree|ar1_bond_length_c_e|ar2_sterimol_B5,0.7145899931247734,0.1539798313597749,2.366766492830244,LOOCV,ln(kobs) = <nonlinear model; no closed-form linear equation>
azoarene_svr_rbf_c30_eps005_scale,ln(kobs),4,ar1_bond_length_c_a|ar1_q_a|ar2_Ar_Ster_B5|ar1_nbo_q_a,0.6821891658348285,0.15373243430222105,2.4974980814716266,LOOCV,ln(kobs) = <nonlinear model; no closed-form linear equation>
azoarene_svr_rbf_c30_eps005_scale,ln(kobs),4,ar1_bond_length_c_a|ar1_q_a|ar2_Ar_Ster_B5|ar1_Ar_NBO_OH,0.6821891658348285,0.15373243430222105,2.4974980814716266,LOOCV,ln(kobs) = <nonlinear model; no closed-form linear equation>
azoarene_svr_rbf_c30_eps005_scale,ln(kobs),4,ar1_bond_length_c_a|ar1_q_a|ar2_sterimol_B5|ar1_nbo_q_a,0.6821891658348285,0.15373243430222105,2.4974980814716266,LOOCV,ln(kobs) = <nonlinear model; no closed-form linear equation>
azoarene_svr_rbf_c30_eps005_scale,ln(kobs),4,ar1_bond_length_c_a|ar1_q_a|ar2_sterimol_B5|ar1_Ar_NBO_OH,0.6821891658348285,0.15373243430222105,2.4974980814716266,LOOCV,ln(kobs) = <nonlinear model; no closed-form linear equation>
azoarene_svr_rbf_c30_eps005_scale,ln(kobs),3,rate kobs (s-1)|ar2_gap_hartree|ar1_bond_length_c_e,0.7282654268140698,0.15310004619930562,2.30936863506324,LOOCV,ln(kobs) = <nonlinear model; no closed-form linear equation>
azoarene_svr_rbf_c30_eps005_scale,ln(kobs),4,ar1_bond_length_c_a|ar2_gap_hartree|ar2_Ar_Ster_B5|ar1_nbo_q_a,0.721541074352748,0.15304829055427793,2.3377678717812085,LOOCV,ln(kobs) = <nonlinear model; no closed-form linear equation>
azoarene_svr_rbf_c30_eps005_scale,ln(kobs),4,ar1_bond_length_c_a|ar2_gap_hartree|ar2_Ar_Ster_B5|ar1_Ar_NBO_OH,0.721541074352748,0.15304829055427793,2.3377678717812085,LOOCV,ln(kobs) = <nonlinear model; no closed-form linear equation>
azoarene_svr_rbf_c30_eps005_scale,ln(kobs),4,ar1_bond_length_c_a|ar2_gap_hartree|ar2_sterimol_B5|ar1_nbo_q_a,0.721541074352748,0.15304829055427793,2.3377678717812085,LOOCV,ln(kobs) = <nonlinear model; no closed-form linear equation>
azoarene_svr_rbf_c30_eps005_scale,ln(kobs),4,ar1_bond_length_c_a|ar2_gap_hartree|ar2_sterimol_B5|ar1_Ar_NBO_OH,0.721541074352748,0.15304829055427793,2.3377678717812085,LOOCV,ln(kobs) = <nonlinear model; no closed-form linear equation>
azoarene_svr_rbf_c30_eps005_scale,ln(kobs),5,ar2_Ar_HOMO|ar1_q_a|ar2_Ar_Ster_B5|ar1_nbo_q_a|ar1_Ar_NBO_OH,0.7708912141351152,0.15240305977959878,2.120516646405979,LOOCV,ln(kobs) = <nonlinear model; no closed-form linear equation>
azoarene_svr_rbf_c30_eps005_scale,ln(kobs),5,ar2_Ar_HOMO|ar1_q_a|ar2_sterimol_B5|ar1_nbo_q_a|ar1_Ar_NBO_OH,0.7708912141351152,0.15240305977959878,2.120516646405979,LOOCV,ln(kobs) = <nonlinear model; no closed-form linear equation>
azoarene_svr_rbf_c30_eps005_scale,ln(kobs),5,ar2_homo_hartree|ar1_q_a|ar2_Ar_Ster_B5|ar1_nbo_q_a|ar1_Ar_NBO_OH,0.7708912141351152,0.15240305977959878,2.120516646405979,LOOCV,ln(kobs) = <nonlinear model; no closed-form linear equation>
azoarene_svr_rbf_c30_eps005_scale,ln(kobs),5,ar2_homo_hartree|ar1_q_a|ar2_sterimol_B5|ar1_nbo_q_a|ar1_Ar_NBO_OH,0.7708912141351152,0.15240305977959878,2.120516646405979,LOOCV,ln(kobs) = <nonlinear model; no closed-form linear equation>
azoarene_svr_rbf_c30_eps005_scale,ln(kobs),3,ar2_Ar_HOMO|ar2_gibbs_free_energy_hartree|ar2_Ar_Ster_B5,0.611427806760879,0.15159755955047238,2.7615739256079617,LOOCV,ln(kobs) = <nonlinear model; no closed-form linear equation>
azoarene_svr_rbf_c30_eps005_scale,ln(kobs),3,ar2_Ar_HOMO|ar2_gibbs_free_energy_hartree|ar2_sterimol_B5,0.611427806760879,0.15159755955047238,2.7615739256079617,LOOCV,ln(kobs) = <nonlinear model; no closed-form linear equation>
azoarene_svr_rbf_c30_eps005_scale,ln(kobs),3,ar2_homo_hartree|ar2_gibbs_free_energy_hartree|ar2_Ar_Ster_B5,0.611427806760879,0.15159755955047238,2.7615739256079617,LOOCV,ln(kobs) = <nonlinear model; no closed-form linear equation>
azoarene_svr_rbf_c30_eps005_scale,ln(kobs),3,ar2_homo_hartree|ar2_gibbs_free_energy_hartree|ar2_sterimol_B5,0.611427806760879,0.15159755955047238,2.7615739256079617,LOOCV,ln(kobs) = <nonlinear model; no closed-form linear equation>
azoarene_svr_rbf_c30_eps005_scale,ln(kobs),4,ar2_Ar_HOMO|ar2_Ar_polar|rate kobs (s-1)|ar2_lumo_hartree,0.7857211206949289,0.15155921534632455,2.050739503473911,LOOCV,ln(kobs) = <nonlinear model; no closed-form linear equation>
azoarene_svr_rbf_c30_eps005_scale,ln(kobs),4,ar2_Ar_HOMO|ar2_Ar_polar|rate kobs (s-1)|ar2_Ar_LUMO,0.7857211206949289,0.15155921534632455,2.050739503473911,LOOCV,ln(kobs) = <nonlinear model; no closed-form linear equation>
azoarene_svr_rbf_c30_eps005_scale,ln(kobs),4,ar2_Ar_HOMO|ar2_isotropic_polarizability_au|rate kobs (s-1)|ar2_lumo_hartree,0.7857211206949289,0.15155921534632455,2.050739503473911,LOOCV,ln(kobs) = <nonlinear model; no closed-form linear equation>
azoarene_svr_rbf_c30_eps005_scale,ln(kobs),4,ar2_Ar_HOMO|ar2_isotropic_polarizability_au|rate kobs (s-1)|ar2_Ar_LUMO,0.7857211206949289,0.15155921534632455,2.050739503473911,LOOCV,ln(kobs) = <nonlinear model; no closed-form linear equation>
azoarene_svr_rbf_c30_eps005_scale,ln(kobs),4,ar2_homo_hartree|ar2_Ar_polar|rate kobs (s-1)|ar2_lumo_hartree,0.7857211206949289,0.15155921534632455,2.050739503473911,LOOCV,ln(kobs) = <nonlinear model; no closed-form linear equation>
azoarene_svr_rbf_c30_eps005_scale,ln(kobs),4,ar2_homo_hartree|ar2_Ar_polar|rate kobs (s-1)|ar2_Ar_LUMO,0.7857211206949289,0.15155921534632455,2.050739503473911,LOOCV,ln(kobs) = <nonlinear model; no closed-form linear equation>
azoarene_svr_rbf_c30_eps005_scale,ln(kobs),4,ar2_homo_hartree|ar2_isotropic_polarizability_au|rate kobs (s-1)|ar2_lumo_hartree,0.7857211206949289,0.15155921534632455,2.050739503473911,LOOCV,ln(kobs) = <nonlinear model; no closed-form linear equation>
azoarene_svr_rbf_c30_eps005_scale,ln(kobs),4,ar2_homo_hartree|ar2_isotropic_polarizability_au|rate kobs (s-1)|ar2_Ar_LUMO,0.7857211206949289,0.15155921534632455,2.050739503473911,LOOCV,ln(kobs) = <nonlinear model; no closed-form linear equation>
azoarene_svr_rbf_c30_eps005_scale,ln(kobs),3,ar2_Ar_HOMO|ar2_enthalpy_hartree|ar2_Ar_Ster_B5,0.6114366795537458,0.15153884983048416,2.7615423960572976,LOOCV,ln(kobs) = <nonlinear model; no closed-form linear equation>
azoarene_svr_rbf_c30_eps005_scale,ln(kobs),3,ar2_Ar_HOMO|ar2_enthalpy_hartree|ar2_sterimol_B5,0.6114366795537458,0.15153884983048416,2.7615423960572976,LOOCV,ln(kobs) = <nonlinear model; no closed-form linear equation>
azoarene_svr_rbf_c30_eps005_scale,ln(kobs),3,ar2_homo_hartree|ar2_enthalpy_hartree|ar2_Ar_Ster_B5,0.6114366795537458,0.15153884983048416,2.7615423960572976,LOOCV,ln(kobs) = <nonlinear model; no closed-form linear equation>
azoarene_svr_rbf_c30_eps005_scale,ln(kobs),3,ar2_homo_hartree|ar2_enthalpy_hartree|ar2_sterimol_B5,0.6114366795537458,0.15153884983048416,2.7615423960572976,LOOCV,ln(kobs) = <nonlinear model; no closed-form linear equation>
azoarene_svr_rbf_c30_eps005_scale,ln(kobs),3,ar2_Ar_HOMO|ar2_scf_energy_hartree|ar2_Ar_Ster_B5,0.6114225968839919,0.1515358480635658,2.7615924387854256,LOOCV,ln(kobs) = <nonlinear model; no closed-form linear equation>
azoarene_svr_rbf_c30_eps005_scale,ln(kobs),3,ar2_Ar_HOMO|ar2_scf_energy_hartree|ar2_sterimol_B5,0.6114225968839919,0.1515358480635658,2.7615924387854256,LOOCV,ln(kobs) = <nonlinear model; no closed-form linear equation>
azoarene_svr_rbf_c30_eps005_scale,ln(kobs),3,ar2_homo_hartree|ar2_scf_energy_hartree|ar2_Ar_Ster_B5,0.6114225968839919,0.1515358480635658,2.7615924387854256,LOOCV,ln(kobs) = <nonlinear model; no closed-form linear equation>
azoarene_svr_rbf_c30_eps005_scale,ln(kobs),3,ar2_homo_hartree|ar2_scf_energy_hartree|ar2_sterimol_B5,0.6114225968839919,0.1515358480635658,2.7615924387854256,LOOCV,ln(kobs) = <nonlinear model; no closed-form linear equation>
azoarene_svr_rbf_c30_eps005_scale,ln(kobs),5,ar2_Ar_HOMO|ar2_homo_hartree|ar2_Ar_polar|rate kobs (s-1)|ar2_lumo_hartree,0.7707598466342943,0.15138253620743913,2.1211244953174933,LOOCV,ln(kobs) = <nonlinear model; no closed-form linear equation>
azoarene_svr_rbf_c30_eps005_scale,ln(kobs),5,ar2_Ar_HOMO|ar2_homo_hartree|ar2_Ar_polar|rate kobs (s-1)|ar2_Ar_LUMO,0.7707598466342943,0.15138253620743913,2.1211244953174933,LOOCV,ln(kobs) = <nonlinear model; no closed-form linear equation>
azoarene_svr_rbf_c30_eps005_scale,ln(kobs),5,ar2_Ar_HOMO|ar2_homo_hartree|ar2_isotropic_polarizability_au|rate kobs (s-1)|ar2_lumo_hartree,0.7707598466342943,0.15138253620743913,2.1211244953174933,LOOCV,ln(kobs) = <nonlinear model; no closed-form linear equation>
azoarene_svr_rbf_c30_eps005_scale,ln(kobs),5,ar2_Ar_HOMO|ar2_homo_hartree|ar2_isotropic_polarizability_au|rate kobs (s-1)|ar2_Ar_LUMO,0.7707598466342943,0.15138253620743913,2.1211244953174933,LOOCV,ln(kobs) = <nonlinear model; no closed-form linear equation>
azoarene_svr_rbf_c30_eps005_scale,ln(kobs),4,ar2_Ar_HOMO|ar2_Ar_polar|ar2_lumo_hartree|ar1_nbo_q_a,0.7044701066192941,0.15100300947069545,2.408360650200424,LOOCV,ln(kobs) = <nonlinear model; no closed-form linear equation>
azoarene_svr_rbf_c30_eps005_scale,ln(kobs),4,ar2_Ar_HOMO|ar2_Ar_polar|ar2_lumo_hartree|ar1_Ar_NBO_OH,0.7044701066192941,0.15100300947069545,2.408360650200424,LOOCV,ln(kobs) = <nonlinear model; no closed-form linear equation>
azoarene_svr_rbf_c30_eps005_scale,ln(kobs),4,ar2_Ar_HOMO|ar2_Ar_polar|ar2_Ar_LUMO|ar1_nbo_q_a,0.7044701066192941,0.15100300947069545,2.408360650200424,LOOCV,ln(kobs) = <nonlinear model; no closed-form linear equation>
azoarene_svr_rbf_c30_eps005_scale,ln(kobs),4,ar2_Ar_HOMO|ar2_Ar_polar|ar2_Ar_LUMO|ar1_Ar_NBO_OH,0.7044701066192941,0.15100300947069545,2.408360650200424,LOOCV,ln(kobs) = <nonlinear model; no closed-form linear equation>
azoarene_svr_rbf_c30_eps005_scale,ln(kobs),4,ar2_Ar_HOMO|ar2_isotropic_polarizability_au|ar2_lumo_hartree|ar1_nbo_q_a,0.7044701066192941,0.15100300947069545,2.408360650200424,LOOCV,ln(kobs) = <nonlinear model; no closed-form linear equation>
azoarene_svr_rbf_c30_eps005_scale,ln(kobs),4,ar2_Ar_HOMO|ar2_isotropic_polarizability_au|ar2_lumo_hartree|ar1_Ar_NBO_OH,0.7044701066192941,0.15100300947069545,2.408360650200424,LOOCV,ln(kobs) = <nonlinear model; no closed-form linear equation>
azoarene_svr_rbf_c30_eps005_scale,ln(kobs),4,ar2_Ar_HOMO|ar2_isotropic_polarizability_au|ar2_Ar_LUMO|ar1_nbo_q_a,0.7044701066192941,0.15100300947069545,2.408360650200424,LOOCV,ln(kobs) = <nonlinear model; no closed-form linear equation>
azoarene_svr_rbf_c30_eps005_scale,ln(kobs),4,ar2_Ar_HOMO|ar2_isotropic_polarizability_au|ar2_Ar_LUMO|ar1_Ar_NBO_OH,0.7044701066192941,0.15100300947069545,2.408360650200424,LOOCV,ln(kobs) = <nonlinear model; no closed-form linear equation>
azoarene_svr_rbf_c30_eps005_scale,ln(kobs),4,ar2_homo_hartree|ar2_Ar_polar|ar2_lumo_hartree|ar1_nbo_q_a,0.7044701066192941,0.15100300947069545,2.408360650200424,LOOCV,ln(kobs) = <nonlinear model; no closed-form linear equation>
azoarene_svr_rbf_c30_eps005_scale,ln(kobs),4,ar2_homo_hartree|ar2_Ar_polar|ar2_lumo_hartree|ar1_Ar_NBO_OH,0.7044701066192941,0.15100300947069545,2.408360650200424,LOOCV,ln(kobs) = <nonlinear model; no closed-form linear equation>
azoarene_svr_rbf_c30_eps005_scale,ln(kobs),4,ar2_homo_hartree|ar2_Ar_polar|ar2_Ar_LUMO|ar1_nbo_q_a,0.7044701066192941,0.15100300947069545,2.408360650200424,LOOCV,ln(kobs) = <nonlinear model; no closed-form linear equation>
azoarene_svr_rbf_c30_eps005_scale,ln(kobs),4,ar2_homo_hartree|ar2_Ar_polar|ar2_Ar_LUMO|ar1_Ar_NBO_OH,0.7044701066192941,0.15100300947069545,2.408360650200424,LOOCV,ln(kobs) = <nonlinear model; no closed-form linear equation>
azoarene_svr_rbf_c30_eps005_scale,ln(kobs),4,ar2_homo_hartree|ar2_isotropic_polarizability_au|ar2_lumo_hartree|ar1_nbo_q_a,0.7044701066192941,0.15100300947069545,2.408360650200424,LOOCV,ln(kobs) = <nonlinear model; no closed-form linear equation>
azoarene_svr_rbf_c30_eps005_scale,ln(kobs),4,ar2_homo_hartree|ar2_isotropic_polarizability_au|ar2_lumo_hartree|ar1_Ar_NBO_OH,0.7044701066192941,0.15100300947069545,2.408360650200424,LOOCV,ln(kobs) = <nonlinear model; no closed-form linear equation>
azoarene_svr_rbf_c30_eps005_scale,ln(kobs),4,ar2_homo_hartree|ar2_isotropic_polarizability_au|ar2_Ar_LUMO|ar1_nbo_q_a,0.7044701066192941,0.15100300947069545,2.408360650200424,LOOCV,ln(kobs) = <nonlinear model; no closed-form linear equation>
azoarene_svr_rbf_c30_eps005_scale,ln(kobs),4,ar2_homo_hartree|ar2_isotropic_polarizability_au|ar2_Ar_LUMO|ar1_Ar_NBO_OH,0.7044701066192941,0.15100300947069545,2.408360650200424,LOOCV,ln(kobs) = <nonlinear model; no closed-form linear equation>
azoarene_svr_rbf_c30_eps005_scale,ln(kobs),4,ar2_Ar_HOMO|ar2_Ar_polar|ar2_gibbs_free_energy_hartree|ar1_bond_length_c_a,0.7555742037769289,0.15026024395316728,2.19025325016945,LOOCV,ln(kobs) = <nonlinear model; no closed-form linear equation>
azoarene_svr_rbf_c30_eps005_scale,ln(kobs),4,ar2_Ar_HOMO|ar2_isotropic_polarizability_au|ar2_gibbs_free_energy_hartree|ar1_bond_length_c_a,0.7555742037769289,0.15026024395316728,2.19025325016945,LOOCV,ln(kobs) = <nonlinear model; no closed-form linear equation>
azoarene_svr_rbf_c30_eps005_scale,ln(kobs),4,ar2_homo_hartree|ar2_Ar_polar|ar2_gibbs_free_energy_hartree|ar1_bond_length_c_a,0.7555742037769289,0.15026024395316728,2.19025325016945,LOOCV,ln(kobs) = <nonlinear model; no closed-form linear equation>
azoarene_svr_rbf_c30_eps005_scale,ln(kobs),4,ar2_homo_hartree|ar2_isotropic_polarizability_au|ar2_gibbs_free_energy_hartree|ar1_bond_length_c_a,0.7555742037769289,0.15026024395316728,2.19025325016945,LOOCV,ln(kobs) = <nonlinear model; no closed-form linear equation>
azoarene_svr_rbf_c30_eps005_scale,ln(kobs),4,ar2_Ar_HOMO|ar2_Ar_polar|ar2_enthalpy_hartree|ar1_bond_length_c_a,0.7555741204285222,0.15022884771022882,2.1902536236040584,LOOCV,ln(kobs) = <nonlinear model; no closed-form linear equation>
azoarene_svr_rbf_c30_eps005_scale,ln(kobs),4,ar2_Ar_HOMO|ar2_isotropic_polarizability_au|ar2_enthalpy_hartree|ar1_bond_length_c_a,0.7555741204285222,0.15022884771022882,2.1902536236040584,LOOCV,ln(kobs) = <nonlinear model; no closed-form linear equation>
azoarene_svr_rbf_c30_eps005_scale,ln(kobs),4,ar2_homo_hartree|ar2_Ar_polar|ar2_enthalpy_hartree|ar1_bond_length_c_a,0.7555741204285222,0.15022884771022882,2.1902536236040584,LOOCV,ln(kobs) = <nonlinear model; no closed-form linear equation>
azoarene_svr_rbf_c30_eps005_scale,ln(kobs),4,ar2_homo_hartree|ar2_isotropic_polarizability_au|ar2_enthalpy_hartree|ar1_bond_length_c_a,0.7555741204285222,0.15022884771022882,2.1902536236040584,LOOCV,ln(kobs) = <nonlinear model; no closed-form linear equation>
azoarene_svr_rbf_c30_eps005_scale,ln(kobs),4,ar2_Ar_HOMO|ar2_Ar_polar|ar2_scf_energy_hartree|ar1_bond_length_c_a,0.7555962315350603,0.1501380540738687,2.1901545546622008,LOOCV,ln(kobs) = <nonlinear model; no closed-form linear equation>
azoarene_svr_rbf_c30_eps005_scale,ln(kobs),4,ar2_Ar_HOMO|ar2_isotropic_polarizability_au|ar2_scf_energy_hartree|ar1_bond_length_c_a,0.7555962315350603,0.1501380540738687,2.1901545546622008,LOOCV,ln(kobs) = <nonlinear model; no closed-form linear equation>
azoarene_svr_rbf_c30_eps005_scale,ln(kobs),4,ar2_homo_hartree|ar2_Ar_polar|ar2_scf_energy_hartree|ar1_bond_length_c_a,0.7555962315350603,0.1501380540738687,2.1901545546622008,LOOCV,ln(kobs) = <nonlinear model; no closed-form linear equation>
azoarene_svr_rbf_c30_eps005_scale,ln(kobs),4,ar2_homo_hartree|ar2_isotropic_polarizability_au|ar2_scf_energy_hartree|ar1_bond_length_c_a,0.7555962315350603,0.1501380540738687,2.1901545546622008,LOOCV,ln(kobs) = <nonlinear model; no closed-form linear equation>
azoarene_svr_rbf_c30_eps005_scale,ln(kobs),4,ar2_Ar_HOMO|ar1_bond_length_c_a|ar2_lumo_hartree|ar1_nbo_q_a,0.7774775121311287,0.15012887169583333,2.0898146416019836,LOOCV,ln(kobs) = <nonlinear model; no closed-form linear equation>
azoarene_svr_rbf_c30_eps005_scale,ln(kobs),4,ar2_Ar_HOMO|ar1_bond_length_c_a|ar2_lumo_hartree|ar1_Ar_NBO_OH,0.7774775121311287,0.15012887169583333,2.0898146416019836,LOOCV,ln(kobs) = <nonlinear model; no closed-form linear equation>
azoarene_svr_rbf_c30_eps005_scale,ln(kobs),4,ar2_Ar_HOMO|ar1_bond_length_c_a|ar2_Ar_LUMO|ar1_nbo_q_a,0.7774775121311287,0.15012887169583333,2.0898146416019836,LOOCV,ln(kobs) = <nonlinear model; no closed-form linear equation>
azoarene_svr_rbf_c30_eps005_scale,ln(kobs),4,ar2_Ar_HOMO|ar1_bond_length_c_a|ar2_Ar_LUMO|ar1_Ar_NBO_OH,0.7774775121311287,0.15012887169583333,2.0898146416019836,LOOCV,ln(kobs) = <nonlinear model; no closed-form linear equation>
azoarene_svr_rbf_c30_eps005_scale,ln(kobs),4,ar2_homo_hartree|ar1_bond_length_c_a|ar2_lumo_hartree|ar1_nbo_q_a,0.7774775121311287,0.15012887169583333,2.0898146416019836,LOOCV,ln(kobs) = <nonlinear model; no closed-form linear equation>
azoarene_svr_rbf_c30_eps005_scale,ln(kobs),4,ar2_homo_hartree|ar1_bond_length_c_a|ar2_lumo_hartree|ar1_Ar_NBO_OH,0.7774775121311287,0.15012887169583333,2.0898146416019836,LOOCV,ln(kobs) = <nonlinear model; no closed-form linear equation>
azoarene_svr_rbf_c30_eps005_scale,ln(kobs),4,ar2_homo_hartree|ar1_bond_length_c_a|ar2_Ar_LUMO|ar1_nbo_q_a,0.7774775121311287,0.15012887169583333,2.0898146416019836,LOOCV,ln(kobs) = <nonlinear model; no closed-form linear equation>
azoarene_svr_rbf_c30_eps005_scale,ln(kobs),4,ar2_homo_hartree|ar1_bond_length_c_a|ar2_Ar_LUMO|ar1_Ar_NBO_OH,0.7774775121311287,0.15012887169583333,2.0898146416019836,LOOCV,ln(kobs) = <nonlinear model; no closed-form linear equation>
azoarene_svr_rbf_c30_eps005_scale,ln(kobs),4,ar2_Ar_HOMO|ar2_gibbs_free_energy_hartree|ar1_bond_length_c_a|ar1_bond_length_c_e,0.7199057802603945,0.14927410626765003,2.3446222789430724,LOOCV,ln(kobs) = <nonlinear model; no closed-form linear equation>
azoarene_svr_rbf_c30_eps005_scale,ln(kobs),4,ar2_homo_hartree|ar2_gibbs_free_energy_hartree|ar1_bond_length_c_a|ar1_bond_length_c_e,0.7199057802603945,0.14927410626765003,2.3446222789430724,LOOCV,ln(kobs) = <nonlinear model; no closed-form linear equation>
azoarene_svr_rbf_c30_eps005_scale,ln(kobs),4,ar2_Ar_HOMO|ar2_enthalpy_hartree|ar1_bond_length_c_a|ar1_bond_length_c_e,0.7199132256926035,0.1492592591572487,2.344591116496629,LOOCV,ln(kobs) = <nonlinear model; no closed-form linear equation>
azoarene_svr_rbf_c30_eps005_scale,ln(kobs),4,ar2_homo_hartree|ar2_enthalpy_hartree|ar1_bond_length_c_a|ar1_bond_length_c_e,0.7199132256926035,0.1492592591572487,2.344591116496629,LOOCV,ln(kobs) = <nonlinear model; no closed-form linear equation>
azoarene_svr_rbf_c30_eps005_scale,ln(kobs),4,ar2_Ar_HOMO|ar2_scf_energy_hartree|ar1_bond_length_c_a|ar1_bond_length_c_e,0.7199001253601252,0.1491900623306215,2.3446459469399508,LOOCV,ln(kobs) = <nonlinear model; no closed-form linear equation>
azoarene_svr_rbf_c30_eps005_scale,ln(kobs),4,ar2_homo_hartree|ar2_scf_energy_hartree|ar1_bond_length_c_a|ar1_bond_length_c_e,0.7199001253601252,0.1491900623306215,2.3446459469399508,LOOCV,ln(kobs) = <nonlinear model; no closed-form linear equation>
azoarene_svr_rbf_c30_eps005_scale,ln(kobs),3,ar2_Ar_HOMO|ar2_homo_hartree|ar1_bond_length_c_e,0.7187305028769353,0.149182574077799,2.349536155742038,LOOCV,ln(kobs) = <nonlinear model; no closed-form linear equation>
azoarene_svr_rbf_c30_eps005_scale,ln(kobs),4,ar2_Ar_HOMO|ar2_homo_hartree|ar2_gap_hartree|ar1_bond_length_c_e,0.7396662248829781,0.1490429850647922,2.260404026536201,LOOCV,ln(kobs) = <nonlinear model; no closed-form linear equation>
azoarene_svr_rbf_c30_eps005_scale,ln(kobs),5,ar2_Ar_HOMO|ar2_scf_energy_hartree|ar1_bond_length_c_a|ar1_q_a|ar1_nbo_q_a,0.7803003080304252,0.14860197013166032,2.076517225904844,LOOCV,ln(kobs) = <nonlinear model; no closed-form linear equation>
azoarene_svr_rbf_c30_eps005_scale,ln(kobs),5,ar2_Ar_HOMO|ar2_scf_energy_hartree|ar1_bond_length_c_a|ar1_q_a|ar1_Ar_NBO_OH,0.7803003080304252,0.14860197013166032,2.076517225904844,LOOCV,ln(kobs) = <nonlinear model; no closed-form linear equation>
azoarene_svr_rbf_c30_eps005_scale,ln(kobs),5,ar2_homo_hartree|ar2_scf_energy_hartree|ar1_bond_length_c_a|ar1_q_a|ar1_nbo_q_a,0.7803003080304252,0.14860197013166032,2.076517225904844,LOOCV,ln(kobs) = <nonlinear model; no closed-form linear equation>
azoarene_svr_rbf_c30_eps005_scale,ln(kobs),5,ar2_homo_hartree|ar2_scf_energy_hartree|ar1_bond_length_c_a|ar1_q_a|ar1_Ar_NBO_OH,0.7803003080304252,0.14860197013166032,2.076517225904844,LOOCV,ln(kobs) = <nonlinear model; no closed-form linear equation>
azoarene_svr_rbf_c30_eps005_scale,ln(kobs),5,ar2_Ar_HOMO|ar2_enthalpy_hartree|ar1_bond_length_c_a|ar1_q_a|ar1_nbo_q_a,0.7803080971973584,0.14858891046609402,2.076480415469359,LOOCV,ln(kobs) = <nonlinear model; no closed-form linear equation>
azoarene_svr_rbf_c30_eps005_scale,ln(kobs),5,ar2_Ar_HOMO|ar2_enthalpy_hartree|ar1_bond_length_c_a|ar1_q_a|ar1_Ar_NBO_OH,0.7803080971973584,0.14858891046609402,2.076480415469359,LOOCV,ln(kobs) = <nonlinear model; no closed-form linear equation>
azoarene_svr_rbf_c30_eps005_scale,ln(kobs),5,ar2_homo_hartree|ar2_enthalpy_hartree|ar1_bond_length_c_a|ar1_q_a|ar1_nbo_q_a,0.7803080971973584,0.14858891046609402,2.076480415469359,LOOCV,ln(kobs) = <nonlinear model; no closed-form linear equation>
azoarene_svr_rbf_c30_eps005_scale,ln(kobs),5,ar2_homo_hartree|ar2_enthalpy_hartree|ar1_bond_length_c_a|ar1_q_a|ar1_Ar_NBO_OH,0.7803080971973584,0.14858891046609402,2.076480415469359,LOOCV,ln(kobs) = <nonlinear model; no closed-form linear equation>
azoarene_svr_rbf_c30_eps005_scale,ln(kobs),5,ar2_Ar_HOMO|ar2_gibbs_free_energy_hartree|ar1_bond_length_c_a|ar1_q_a|ar1_nbo_q_a,0.7803025917505264,0.14856084975954986,2.076506433453543,LOOCV,ln(kobs) = <nonlinear model; no closed-form linear equation>
azoarene_svr_rbf_c30_eps005_scale,ln(kobs),5,ar2_Ar_HOMO|ar2_gibbs_free_energy_hartree|ar1_bond_length_c_a|ar1_q_a|ar1_Ar_NBO_OH,0.7803025917505264,0.14856084975954986,2.076506433453543,LOOCV,ln(kobs) = <nonlinear model; no closed-form linear equation>
azoarene_svr_rbf_c30_eps005_scale,ln(kobs),5,ar2_homo_hartree|ar2_gibbs_free_energy_hartree|ar1_bond_length_c_a|ar1_q_a|ar1_nbo_q_a,0.7803025917505264,0.14856084975954986,2.076506433453543,LOOCV,ln(kobs) = <nonlinear model; no closed-form linear equation>
azoarene_svr_rbf_c30_eps005_scale,ln(kobs),5,ar2_homo_hartree|ar2_gibbs_free_energy_hartree|ar1_bond_length_c_a|ar1_q_a|ar1_Ar_NBO_OH,0.7803025917505264,0.14856084975954986,2.076506433453543,LOOCV,ln(kobs) = <nonlinear model; no closed-form linear equation>
azoarene_svr_rbf_c30_eps005_scale,ln(kobs),4,ar2_Ar_HOMO|rate kobs (s-1)|ar2_lumo_hartree|ar1_q_a,0.7715359087176394,0.14797224261498487,2.117531058876106,LOOCV,ln(kobs) = <nonlinear model; no closed-form linear equation>
azoarene_svr_rbf_c30_eps005_scale,ln(kobs),4,ar2_Ar_HOMO|rate kobs (s-1)|ar2_Ar_LUMO|ar1_q_a,0.7715359087176394,0.14797224261498487,2.117531058876106,LOOCV,ln(kobs) = <nonlinear model; no closed-form linear equation>
azoarene_svr_rbf_c30_eps005_scale,ln(kobs),4,ar2_homo_hartree|rate kobs (s-1)|ar2_lumo_hartree|ar1_q_a,0.7715359087176394,0.14797224261498487,2.117531058876106,LOOCV,ln(kobs) = <nonlinear model; no closed-form linear equation>
azoarene_svr_rbf_c30_eps005_scale,ln(kobs),4,ar2_homo_hartree|rate kobs (s-1)|ar2_Ar_LUMO|ar1_q_a,0.7715359087176394,0.14797224261498487,2.117531058876106,LOOCV,ln(kobs) = <nonlinear model; no closed-form linear equation>
azoarene_svr_rbf_c30_eps005_scale,ln(kobs),3,ar2_lumo_hartree|ar2_gap_hartree|ar1_nbo_q_a,0.5955413579651032,0.14794578442977657,2.817460745179284,LOOCV,ln(kobs) = <nonlinear model; no closed-form linear equation>
azoarene_svr_rbf_c30_eps005_scale,ln(kobs),3,ar2_lumo_hartree|ar2_gap_hartree|ar1_Ar_NBO_OH,0.5955413579651032,0.14794578442977657,2.817460745179284,LOOCV,ln(kobs) = <nonlinear model; no closed-form linear equation>
azoarene_svr_rbf_c30_eps005_scale,ln(kobs),3,ar2_Ar_LUMO|ar2_gap_hartree|ar1_nbo_q_a,0.5955413579651032,0.14794578442977657,2.817460745179284,LOOCV,ln(kobs) = <nonlinear model; no closed-form linear equation>
azoarene_svr_rbf_c30_eps005_scale,ln(kobs),3,ar2_Ar_LUMO|ar2_gap_hartree|ar1_Ar_NBO_OH,0.5955413579651032,0.14794578442977657,2.817460745179284,LOOCV,ln(kobs) = <nonlinear model; no closed-form linear equation>
azoarene_svr_rbf_c30_eps005_scale,ln(kobs),5,rate kobs (s-1)|ar2_gap_hartree|ar1_bond_length_c_e|ar2_Ar_Ster_B5|ar1_nbo_q_a,0.7685988264312026,0.14767087610381735,2.1310988403878657,LOOCV,ln(kobs) = <nonlinear model; no closed-form linear equation>
azoarene_svr_rbf_c30_eps005_scale,ln(kobs),5,rate kobs (s-1)|ar2_gap_hartree|ar1_bond_length_c_e|ar2_Ar_Ster_B5|ar1_Ar_NBO_OH,0.7685988264312026,0.14767087610381735,2.1310988403878657,LOOCV,ln(kobs) = <nonlinear model; no closed-form linear equation>
azoarene_svr_rbf_c30_eps005_scale,ln(kobs),5,rate kobs (s-1)|ar2_gap_hartree|ar1_bond_length_c_e|ar2_sterimol_B5|ar1_nbo_q_a,0.7685988264312026,0.14767087610381735,2.1310988403878657,LOOCV,ln(kobs) = <nonlinear model; no closed-form linear equation>
azoarene_svr_rbf_c30_eps005_scale,ln(kobs),5,rate kobs (s-1)|ar2_gap_hartree|ar1_bond_length_c_e|ar2_sterimol_B5|ar1_Ar_NBO_OH,0.7685988264312026,0.14767087610381735,2.1310988403878657,LOOCV,ln(kobs) = <nonlinear model; no closed-form linear equation>
azoarene_svr_rbf_c30_eps005_scale,ln(kobs),4,ar1_bond_length_c_a|ar2_gap_hartree|ar1_bond_length_c_e|ar2_Ar_Ster_B5,0.7211908101914211,0.1476218529461777,2.3392377096867647,LOOCV,ln(kobs) = <nonlinear model; no closed-form linear equation>
azoarene_svr_rbf_c30_eps005_scale,ln(kobs),4,ar1_bond_length_c_a|ar2_gap_hartree|ar1_bond_length_c_e|ar2_sterimol_B5,0.7211908101914211,0.1476218529461777,2.3392377096867647,LOOCV,ln(kobs) = <nonlinear model; no closed-form linear equation>
azoarene_svr_rbf_c30_eps005_scale,ln(kobs),3,ar2_scf_energy_hartree|ar1_bond_length_c_a|ar2_Ar_Ster_B5,0.6177134696546873,0.14684357144112925,2.739146825799144,LOOCV,ln(kobs) = <nonlinear model; no closed-form linear equation>
azoarene_svr_rbf_c30_eps005_scale,ln(kobs),3,ar2_scf_energy_hartree|ar1_bond_length_c_a|ar2_sterimol_B5,0.6177134696546873,0.14684357144112925,2.739146825799144,LOOCV,ln(kobs) = <nonlinear model; no closed-form linear equation>
azoarene_svr_rbf_c30_eps005_scale,ln(kobs),3,ar2_gibbs_free_energy_hartree|ar1_bond_length_c_a|ar2_Ar_Ster_B5,0.6176961243310315,0.14673795896395525,2.739208966164481,LOOCV,ln(kobs) = <nonlinear model; no closed-form linear equation>
azoarene_svr_rbf_c30_eps005_scale,ln(kobs),3,ar2_gibbs_free_energy_hartree|ar1_bond_length_c_a|ar2_sterimol_B5,0.6176961243310315,0.14673795896395525,2.739208966164481,LOOCV,ln(kobs) = <nonlinear model; no closed-form linear equation>
azoarene_svr_rbf_c30_eps005_scale,ln(kobs),3,ar2_enthalpy_hartree|ar1_bond_length_c_a|ar2_Ar_Ster_B5,0.6176981367499887,0.1467065425463363,2.7392017566596127,LOOCV,ln(kobs) = <nonlinear model; no closed-form linear equation>
azoarene_svr_rbf_c30_eps005_scale,ln(kobs),3,ar2_enthalpy_hartree|ar1_bond_length_c_a|ar2_sterimol_B5,0.6176981367499887,0.1467065425463363,2.7392017566596127,LOOCV,ln(kobs) = <nonlinear model; no closed-form linear equation>
azoarene_svr_rbf_c30_eps005_scale,ln(kobs),4,ar2_Ar_HOMO|ar2_homo_hartree|ar1_q_a|ar1_nbo_q_a,0.7793735822547034,0.1465339146171255,2.0808921455453286,LOOCV,ln(kobs) = <nonlinear model; no closed-form linear equation>
azoarene_svr_rbf_c30_eps005_scale,ln(kobs),4,ar2_Ar_HOMO|ar2_homo_hartree|ar1_q_a|ar1_Ar_NBO_OH,0.7793735822547034,0.1465339146171255,2.0808921455453286,LOOCV,ln(kobs) = <nonlinear model; no closed-form linear equation>
azoarene_svr_rbf_c30_eps005_scale,ln(kobs),4,ar2_Ar_HOMO|ar2_Ar_polar|ar2_gap_hartree|ar1_nbo_q_a,0.7046942421047868,0.14604212060061217,2.4074472037387173,LOOCV,ln(kobs) = <nonlinear model; no closed-form linear equation>
azoarene_svr_rbf_c30_eps005_scale,ln(kobs),4,ar2_Ar_HOMO|ar2_Ar_polar|ar2_gap_hartree|ar1_Ar_NBO_OH,0.7046942421047868,0.14604212060061217,2.4074472037387173,LOOCV,ln(kobs) = <nonlinear model; no closed-form linear equation>
azoarene_svr_rbf_c30_eps005_scale,ln(kobs),4,ar2_Ar_HOMO|ar2_isotropic_polarizability_au|ar2_gap_hartree|ar1_nbo_q_a,0.7046942421047868,0.14604212060061217,2.4074472037387173,LOOCV,ln(kobs) = <nonlinear model; no closed-form linear equation>
azoarene_svr_rbf_c30_eps005_scale,ln(kobs),4,ar2_Ar_HOMO|ar2_isotropic_polarizability_au|ar2_gap_hartree|ar1_Ar_NBO_OH,0.7046942421047868,0.14604212060061217,2.4074472037387173,LOOCV,ln(kobs) = <nonlinear model; no closed-form linear equation>
azoarene_svr_rbf_c30_eps005_scale,ln(kobs),4,ar2_homo_hartree|ar2_Ar_polar|ar2_gap_hartree|ar1_nbo_q_a,0.7046942421047868,0.14604212060061217,2.4074472037387173,LOOCV,ln(kobs) = <nonlinear model; no closed-form linear equation>
azoarene_svr_rbf_c30_eps005_scale,ln(kobs),4,ar2_homo_hartree|ar2_Ar_polar|ar2_gap_hartree|ar1_Ar_NBO_OH,0.7046942421047868,0.14604212060061217,2.4074472037387173,LOOCV,ln(kobs) = <nonlinear model; no closed-form linear equation>
azoarene_svr_rbf_c30_eps005_scale,ln(kobs),4,ar2_homo_hartree|ar2_isotropic_polarizability_au|ar2_gap_hartree|ar1_nbo_q_a,0.7046942421047868,0.14604212060061217,2.4074472037387173,LOOCV,ln(kobs) = <nonlinear model; no closed-form linear equation>
azoarene_svr_rbf_c30_eps005_scale,ln(kobs),4,ar2_homo_hartree|ar2_isotropic_polarizability_au|ar2_gap_hartree|ar1_Ar_NBO_OH,0.7046942421047868,0.14604212060061217,2.4074472037387173,LOOCV,ln(kobs) = <nonlinear model; no closed-form linear equation>
azoarene_svr_rbf_c30_eps005_scale,ln(kobs),3,ar2_lumo_hartree|ar2_Ar_LUMO|ar1_nbo_q_a,0.5987056981948232,0.14603089929155433,2.80641769931705,LOOCV,ln(kobs) = <nonlinear model; no closed-form linear equation>
azoarene_svr_rbf_c30_eps005_scale,ln(kobs),3,ar2_lumo_hartree|ar2_Ar_LUMO|ar1_Ar_NBO_OH,0.5987056981948232,0.14603089929155433,2.80641769931705,LOOCV,ln(kobs) = <nonlinear model; no closed-form linear equation>
azoarene_svr_rbf_c30_eps005_scale,ln(kobs),5,ar2_Ar_HOMO|ar2_scf_energy_hartree|rate kobs (s-1)|ar2_lumo_hartree|ar1_bond_length_c_e,0.8145723358051746,0.14584061554880545,1.9076912071480256,LOOCV,ln(kobs) = <nonlinear model; no closed-form linear equation>
azoarene_svr_rbf_c30_eps005_scale,ln(kobs),5,ar2_Ar_HOMO|ar2_scf_energy_hartree|rate kobs (s-1)|ar2_Ar_LUMO|ar1_bond_length_c_e,0.8145723358051746,0.14584061554880545,1.9076912071480256,LOOCV,ln(kobs) = <nonlinear model; no closed-form linear equation>
azoarene_svr_rbf_c30_eps005_scale,ln(kobs),5,ar2_homo_hartree|ar2_scf_energy_hartree|rate kobs (s-1)|ar2_lumo_hartree|ar1_bond_length_c_e,0.8145723358051746,0.14584061554880545,1.9076912071480256,LOOCV,ln(kobs) = <nonlinear model; no closed-form linear equation>
azoarene_svr_rbf_c30_eps005_scale,ln(kobs),5,ar2_homo_hartree|ar2_scf_energy_hartree|rate kobs (s-1)|ar2_Ar_LUMO|ar1_bond_length_c_e,0.8145723358051746,0.14584061554880545,1.9076912071480256,LOOCV,ln(kobs) = <nonlinear model; no closed-form linear equation>
azoarene_svr_rbf_c30_eps005_scale,ln(kobs),5,ar2_Ar_HOMO|ar2_gibbs_free_energy_hartree|rate kobs (s-1)|ar2_lumo_hartree|ar1_bond_length_c_e,0.8145710085511021,0.145804705450313,1.9076980345715493,LOOCV,ln(kobs) = <nonlinear model; no closed-form linear equation>
azoarene_svr_rbf_c30_eps005_scale,ln(kobs),5,ar2_Ar_HOMO|ar2_gibbs_free_energy_hartree|rate kobs (s-1)|ar2_Ar_LUMO|ar1_bond_length_c_e,0.8145710085511021,0.145804705450313,1.9076980345715493,LOOCV,ln(kobs) = <nonlinear model; no closed-form linear equation>
azoarene_svr_rbf_c30_eps005_scale,ln(kobs),5,ar2_homo_hartree|ar2_gibbs_free_energy_hartree|rate kobs (s-1)|ar2_lumo_hartree|ar1_bond_length_c_e,0.8145710085511021,0.145804705450313,1.9076980345715493,LOOCV,ln(kobs) = <nonlinear model; no closed-form linear equation>
azoarene_svr_rbf_c30_eps005_scale,ln(kobs),5,ar2_homo_hartree|ar2_gibbs_free_energy_hartree|rate kobs (s-1)|ar2_Ar_LUMO|ar1_bond_length_c_e,0.8145710085511021,0.145804705450313,1.9076980345715493,LOOCV,ln(kobs) = <nonlinear model; no closed-form linear equation>
azoarene_svr_rbf_c30_eps005_scale,ln(kobs),5,ar2_Ar_HOMO|ar2_enthalpy_hartree|rate kobs (s-1)|ar2_lumo_hartree|ar1_bond_length_c_e,0.8145677798266704,0.1458017370043896,1.9077146430975207,LOOCV,ln(kobs) = <nonlinear model; no closed-form linear equation>
azoarene_svr_rbf_c30_eps005_scale,ln(kobs),5,ar2_Ar_HOMO|ar2_enthalpy_hartree|rate kobs (s-1)|ar2_Ar_LUMO|ar1_bond_length_c_e,0.8145677798266704,0.1458017370043896,1.9077146430975207,LOOCV,ln(kobs) = <nonlinear model; no closed-form linear equation>
azoarene_svr_rbf_c30_eps005_scale,ln(kobs),5,ar2_homo_hartree|ar2_enthalpy_hartree|rate kobs (s-1)|ar2_lumo_hartree|ar1_bond_length_c_e,0.8145677798266704,0.1458017370043896,1.9077146430975207,LOOCV,ln(kobs) = <nonlinear model; no closed-form linear equation>
azoarene_svr_rbf_c30_eps005_scale,ln(kobs),5,ar2_homo_hartree|ar2_enthalpy_hartree|rate kobs (s-1)|ar2_Ar_LUMO|ar1_bond_length_c_e,0.8145677798266704,0.1458017370043896,1.9077146430975207,LOOCV,ln(kobs) = <nonlinear model; no closed-form linear equation>
azoarene_svr_rbf_c30_eps005_scale,ln(kobs),4,ar2_Ar_HOMO|ar2_homo_hartree|ar1_q_a|ar1_bond_length_c_e,0.8095450878248835,0.14534650090089252,1.9333785828977996,LOOCV,ln(kobs) = <nonlinear model; no closed-form linear equation>
azoarene_svr_rbf_c30_eps005_scale,ln(kobs),5,ar2_Ar_HOMO|ar2_Ar_polar|ar1_q_a|ar1_bond_length_c_e|ar2_Ar_Ster_B5,0.8033321771836479,0.1448737032727958,1.9646602989015538,LOOCV,ln(kobs) = <nonlinear model; no closed-form linear equation>
azoarene_svr_rbf_c30_eps005_scale,ln(kobs),5,ar2_Ar_HOMO|ar2_Ar_polar|ar1_q_a|ar1_bond_length_c_e|ar2_sterimol_B5,0.8033321771836479,0.1448737032727958,1.9646602989015538,LOOCV,ln(kobs) = <nonlinear model; no closed-form linear equation>
azoarene_svr_rbf_c30_eps005_scale,ln(kobs),5,ar2_Ar_HOMO|ar2_isotropic_polarizability_au|ar1_q_a|ar1_bond_length_c_e|ar2_Ar_Ster_B5,0.8033321771836479,0.1448737032727958,1.9646602989015538,LOOCV,ln(kobs) = <nonlinear model; no closed-form linear equation>
azoarene_svr_rbf_c30_eps005_scale,ln(kobs),5,ar2_Ar_HOMO|ar2_isotropic_polarizability_au|ar1_q_a|ar1_bond_length_c_e|ar2_sterimol_B5,0.8033321771836479,0.1448737032727958,1.9646602989015538,LOOCV,ln(kobs) = <nonlinear model; no closed-form linear equation>
azoarene_svr_rbf_c30_eps005_scale,ln(kobs),5,ar2_homo_hartree|ar2_Ar_polar|ar1_q_a|ar1_bond_length_c_e|ar2_Ar_Ster_B5,0.8033321771836479,0.1448737032727958,1.9646602989015538,LOOCV,ln(kobs) = <nonlinear model; no closed-form linear equation>
azoarene_svr_rbf_c30_eps005_scale,ln(kobs),5,ar2_homo_hartree|ar2_Ar_polar|ar1_q_a|ar1_bond_length_c_e|ar2_sterimol_B5,0.8033321771836479,0.1448737032727958,1.9646602989015538,LOOCV,ln(kobs) = <nonlinear model; no closed-form linear equation>
azoarene_svr_rbf_c30_eps005_scale,ln(kobs),5,ar2_homo_hartree|ar2_isotropic_polarizability_au|ar1_q_a|ar1_bond_length_c_e|ar2_Ar_Ster_B5,0.8033321771836479,0.1448737032727958,1.9646602989015538,LOOCV,ln(kobs) = <nonlinear model; no closed-form linear equation>
azoarene_svr_rbf_c30_eps005_scale,ln(kobs),5,ar2_homo_hartree|ar2_isotropic_polarizability_au|ar1_q_a|ar1_bond_length_c_e|ar2_sterimol_B5,0.8033321771836479,0.1448737032727958,1.9646602989015538,LOOCV,ln(kobs) = <nonlinear model; no closed-form linear equation>
azoarene_svr_rbf_c30_eps005_scale,ln(kobs),3,ar1_bond_length_c_a|ar2_gap_hartree|ar2_Ar_Ster_B5,0.720608876744232,0.14464127681406125,2.341677677834258,LOOCV,ln(kobs) = <nonlinear model; no closed-form linear equation>
azoarene_svr_rbf_c30_eps005_scale,ln(kobs),3,ar1_bond_length_c_a|ar2_gap_hartree|ar2_sterimol_B5,0.720608876744232,0.14464127681406125,2.341677677834258,LOOCV,ln(kobs) = <nonlinear model; no closed-form linear equation>
azoarene_svr_rbf_c30_eps005_scale,ln(kobs),5,ar2_Ar_HOMO|ar2_Ar_polar|rate kobs (s-1)|ar1_bond_length_c_a|ar1_q_a,0.8151933585069062,0.14434532947315015,1.9044939680403958,LOOCV,ln(kobs) = <nonlinear model; no closed-form linear equation>
azoarene_svr_rbf_c30_eps005_scale,ln(kobs),5,ar2_Ar_HOMO|ar2_isotropic_polarizability_au|rate kobs (s-1)|ar1_bond_length_c_a|ar1_q_a,0.8151933585069062,0.14434532947315015,1.9044939680403958,LOOCV,ln(kobs) = <nonlinear model; no closed-form linear equation>
azoarene_svr_rbf_c30_eps005_scale,ln(kobs),5,ar2_homo_hartree|ar2_Ar_polar|rate kobs (s-1)|ar1_bond_length_c_a|ar1_q_a,0.8151933585069062,0.14434532947315015,1.9044939680403958,LOOCV,ln(kobs) = <nonlinear model; no closed-form linear equation>
azoarene_svr_rbf_c30_eps005_scale,ln(kobs),5,ar2_homo_hartree|ar2_isotropic_polarizability_au|rate kobs (s-1)|ar1_bond_length_c_a|ar1_q_a,0.8151933585069062,0.14434532947315015,1.9044939680403958,LOOCV,ln(kobs) = <nonlinear model; no closed-form linear equation>
azoarene_svr_rbf_c30_eps005_scale,ln(kobs),4,ar2_Ar_HOMO|ar2_lumo_hartree|ar1_q_a|ar1_bond_length_c_e,0.8428505873969393,0.14430352260361023,1.7562130306972863,LOOCV,ln(kobs) = <nonlinear model; no closed-form linear equation>
azoarene_svr_rbf_c30_eps005_scale,ln(kobs),4,ar2_Ar_HOMO|ar2_Ar_LUMO|ar1_q_a|ar1_bond_length_c_e,0.8428505873969393,0.14430352260361023,1.7562130306972863,LOOCV,ln(kobs) = <nonlinear model; no closed-form linear equation>
azoarene_svr_rbf_c30_eps005_scale,ln(kobs),4,ar2_homo_hartree|ar2_lumo_hartree|ar1_q_a|ar1_bond_length_c_e,0.8428505873969393,0.14430352260361023,1.7562130306972863,LOOCV,ln(kobs) = <nonlinear model; no closed-form linear equation>
azoarene_svr_rbf_c30_eps005_scale,ln(kobs),4,ar2_homo_hartree|ar2_Ar_LUMO|ar1_q_a|ar1_bond_length_c_e,0.8428505873969393,0.14430352260361023,1.7562130306972863,LOOCV,ln(kobs) = <nonlinear model; no closed-form linear equation>
azoarene_svr_rbf_c30_eps005_scale,ln(kobs),3,ar2_Ar_HOMO|ar2_Ar_polar|ar2_isotropic_polarizability_au,0.6115607250868782,0.14389910267018824,2.7611015614175805,LOOCV,ln(kobs) = <nonlinear model; no closed-form linear equation>
azoarene_svr_rbf_c30_eps005_scale,ln(kobs),3,ar2_homo_hartree|ar2_Ar_polar|ar2_isotropic_polarizability_au,0.6115607250868782,0.14389910267018824,2.7611015614175805,LOOCV,ln(kobs) = <nonlinear model; no closed-form linear equation>
azoarene_svr_rbf_c30_eps005_scale,ln(kobs),4,ar2_Ar_HOMO|ar1_bond_length_c_a|ar2_gap_hartree|ar1_nbo_q_a,0.7784075031007827,0.1438359218885047,2.0854430752706166,LOOCV,ln(kobs) = <nonlinear model; no closed-form linear equation>
azoarene_svr_rbf_c30_eps005_scale,ln(kobs),4,ar2_Ar_HOMO|ar1_bond_length_c_a|ar2_gap_hartree|ar1_Ar_NBO_OH,0.7784075031007827,0.1438359218885047,2.0854430752706166,LOOCV,ln(kobs) = <nonlinear model; no closed-form linear equation>
azoarene_svr_rbf_c30_eps005_scale,ln(kobs),4,ar2_homo_hartree|ar1_bond_length_c_a|ar2_gap_hartree|ar1_nbo_q_a,0.7784075031007827,0.1438359218885047,2.0854430752706166,LOOCV,ln(kobs) = <nonlinear model; no closed-form linear equation>
azoarene_svr_rbf_c30_eps005_scale,ln(kobs),4,ar2_homo_hartree|ar1_bond_length_c_a|ar2_gap_hartree|ar1_Ar_NBO_OH,0.7784075031007827,0.1438359218885047,2.0854430752706166,LOOCV,ln(kobs) = <nonlinear model; no closed-form linear equation>
azoarene_svr_rbf_c30_eps005_scale,ln(kobs),3,ar2_Ar_HOMO|ar2_homo_hartree|ar2_enthalpy_hartree,0.610690884056206,0.14356877840956683,2.7641913318526408,LOOCV,ln(kobs) = <nonlinear model; no closed-form linear equation>
azoarene_svr_rbf_c30_eps005_scale,ln(kobs),3,ar2_Ar_HOMO|ar2_homo_hartree|ar2_scf_energy_hartree,0.6106971836827518,0.14354049780896527,2.7641689673062904,LOOCV,ln(kobs) = <nonlinear model; no closed-form linear equation>
azoarene_svr_rbf_c30_eps005_scale,ln(kobs),3,ar2_Ar_HOMO|ar2_homo_hartree|ar2_gibbs_free_energy_hartree,0.6106896529610788,0.14353596811995994,2.7641957023896384,LOOCV,ln(kobs) = <nonlinear model; no closed-form linear equation>
azoarene_svr_rbf_c30_eps005_scale,ln(kobs),4,ar2_Ar_HOMO|ar2_Ar_polar|rate kobs (s-1)|ar2_gap_hartree,0.7856426292757969,0.14294482301352174,2.0511150671237384,LOOCV,ln(kobs) = <nonlinear model; no closed-form linear equation>
azoarene_svr_rbf_c30_eps005_scale,ln(kobs),4,ar2_Ar_HOMO|ar2_isotropic_polarizability_au|rate kobs (s-1)|ar2_gap_hartree,0.7856426292757969,0.14294482301352174,2.0511150671237384,LOOCV,ln(kobs) = <nonlinear model; no closed-form linear equation>
azoarene_svr_rbf_c30_eps005_scale,ln(kobs),4,ar2_homo_hartree|ar2_Ar_polar|rate kobs (s-1)|ar2_gap_hartree,0.7856426292757969,0.14294482301352174,2.0511150671237384,LOOCV,ln(kobs) = <nonlinear model; no closed-form linear equation>
azoarene_svr_rbf_c30_eps005_scale,ln(kobs),4,ar2_homo_hartree|ar2_isotropic_polarizability_au|rate kobs (s-1)|ar2_gap_hartree,0.7856426292757969,0.14294482301352174,2.0511150671237384,LOOCV,ln(kobs) = <nonlinear model; no closed-form linear equation>
azoarene_svr_rbf_c30_eps005_scale,ln(kobs),4,rate kobs (s-1)|ar2_lumo_hartree|ar1_nbo_q_a|ar1_Ar_NBO_OH,0.6774510958424917,0.14116082967106747,2.516046131180771,LOOCV,ln(kobs) = <nonlinear model; no closed-form linear equation>
azoarene_svr_rbf_c30_eps005_scale,ln(kobs),4,rate kobs (s-1)|ar2_Ar_LUMO|ar1_nbo_q_a|ar1_Ar_NBO_OH,0.6774510958424917,0.14116082967106747,2.516046131180771,LOOCV,ln(kobs) = <nonlinear model; no closed-form linear equation>
azoarene_svr_rbf_c30_eps005_scale,ln(kobs),3,ar2_scf_energy_hartree|ar2_gibbs_free_energy_hartree|ar2_enthalpy_hartree,0.3572253124646402,0.1410951678290081,3.5518138559951904,LOOCV,ln(kobs) = <nonlinear model; no closed-form linear equation>
azoarene_svr_rbf_c30_eps005_scale,ln(kobs),3,ar2_gibbs_free_energy_hartree|ar1_bond_length_c_e|ar2_Ar_Ster_B5,0.6285556174192459,0.1405504069507637,2.7000245411830934,LOOCV,ln(kobs) = <nonlinear model; no closed-form linear equation>
azoarene_svr_rbf_c30_eps005_scale,ln(kobs),3,ar2_gibbs_free_energy_hartree|ar1_bond_length_c_e|ar2_sterimol_B5,0.6285556174192459,0.1405504069507637,2.7000245411830934,LOOCV,ln(kobs) = <nonlinear model; no closed-form linear equation>
azoarene_svr_rbf_c30_eps005_scale,ln(kobs),3,ar2_enthalpy_hartree|ar1_bond_length_c_e|ar2_Ar_Ster_B5,0.6285367192521494,0.14050994760231816,2.700093225578848,LOOCV,ln(kobs) = <nonlinear model; no closed-form linear equation>
azoarene_svr_rbf_c30_eps005_scale,ln(kobs),3,ar2_enthalpy_hartree|ar1_bond_length_c_e|ar2_sterimol_B5,0.6285367192521494,0.14050994760231816,2.700093225578848,LOOCV,ln(kobs) = <nonlinear model; no closed-form linear equation>
azoarene_svr_rbf_c30_eps005_scale,ln(kobs),3,ar2_scf_energy_hartree|ar1_bond_length_c_e|ar2_Ar_Ster_B5,0.628590324888473,0.1404993729444608,2.6998983941578008,LOOCV,ln(kobs) = <nonlinear model; no closed-form linear equation>
azoarene_svr_rbf_c30_eps005_scale,ln(kobs),3,ar2_scf_energy_hartree|ar1_bond_length_c_e|ar2_sterimol_B5,0.628590324888473,0.1404993729444608,2.6998983941578008,LOOCV,ln(kobs) = <nonlinear model; no closed-form linear equation>
azoarene_svr_rbf_c30_eps005_scale,ln(kobs),4,ar2_Ar_HOMO|ar1_q_a|ar2_Ar_Ster_B5|ar2_sterimol_B5,0.6876233941537958,0.14035441741924948,2.4760537326534107,LOOCV,ln(kobs) = <nonlinear model; no closed-form linear equation>
azoarene_svr_rbf_c30_eps005_scale,ln(kobs),4,ar2_homo_hartree|ar1_q_a|ar2_Ar_Ster_B5|ar2_sterimol_B5,0.6876233941537958,0.14035441741924948,2.4760537326534107,LOOCV,ln(kobs) = <nonlinear model; no closed-form linear equation>
azoarene_svr_rbf_c30_eps005_scale,ln(kobs),5,ar2_Ar_HOMO|ar2_homo_hartree|ar2_Ar_polar|rate kobs (s-1)|ar2_gap_hartree,0.7709695650503069,0.1403356117763509,2.120154026905601,LOOCV,ln(kobs) = <nonlinear model; no closed-form linear equation>
azoarene_svr_rbf_c30_eps005_scale,ln(kobs),5,ar2_Ar_HOMO|ar2_homo_hartree|ar2_isotropic_polarizability_au|rate kobs (s-1)|ar2_gap_hartree,0.7709695650503069,0.1403356117763509,2.120154026905601,LOOCV,ln(kobs) = <nonlinear model; no closed-form linear equation>
azoarene_svr_rbf_c30_eps005_scale,ln(kobs),5,ar2_Ar_HOMO|rate kobs (s-1)|ar1_bond_length_c_a|ar1_q_a|ar2_Ar_Ster_B5,0.8158959126790538,0.13997612941759008,1.9008704937221572,LOOCV,ln(kobs) = <nonlinear model; no closed-form linear equation>
azoarene_svr_rbf_c30_eps005_scale,ln(kobs),5,ar2_Ar_HOMO|rate kobs (s-1)|ar1_bond_length_c_a|ar1_q_a|ar2_sterimol_B5,0.8158959126790538,0.13997612941759008,1.9008704937221572,LOOCV,ln(kobs) = <nonlinear model; no closed-form linear equation>
azoarene_svr_rbf_c30_eps005_scale,ln(kobs),5,ar2_homo_hartree|rate kobs (s-1)|ar1_bond_length_c_a|ar1_q_a|ar2_Ar_Ster_B5,0.8158959126790538,0.13997612941759008,1.9008704937221572,LOOCV,ln(kobs) = <nonlinear model; no closed-form linear equation>
azoarene_svr_rbf_c30_eps005_scale,ln(kobs),5,ar2_homo_hartree|rate kobs (s-1)|ar1_bond_length_c_a|ar1_q_a|ar2_sterimol_B5,0.8158959126790538,0.13997612941759008,1.9008704937221572,LOOCV,ln(kobs) = <nonlinear model; no closed-form linear equation>
azoarene_svr_rbf_c30_eps005_scale,ln(kobs),3,ar1_bond_length_c_a|ar2_lumo_hartree|ar2_Ar_Ster_B5,0.7219945219091701,0.13991406848255716,2.3358636644884267,LOOCV,ln(kobs) = <nonlinear model; no closed-form linear equation>
azoarene_svr_rbf_c30_eps005_scale,ln(kobs),3,ar1_bond_length_c_a|ar2_lumo_hartree|ar2_sterimol_B5,0.7219945219091701,0.13991406848255716,2.3358636644884267,LOOCV,ln(kobs) = <nonlinear model; no closed-form linear equation>
azoarene_svr_rbf_c30_eps005_scale,ln(kobs),3,ar1_bond_length_c_a|ar2_Ar_LUMO|ar2_Ar_Ster_B5,0.7219945219091701,0.13991406848255716,2.3358636644884267,LOOCV,ln(kobs) = <nonlinear model; no closed-form linear equation>
azoarene_svr_rbf_c30_eps005_scale,ln(kobs),3,ar1_bond_length_c_a|ar2_Ar_LUMO|ar2_sterimol_B5,0.7219945219091701,0.13991406848255716,2.3358636644884267,LOOCV,ln(kobs) = <nonlinear model; no closed-form linear equation>
azoarene_svr_rbf_c30_eps005_scale,ln(kobs),5,ar2_Ar_HOMO|ar2_scf_energy_hartree|rate kobs (s-1)|ar2_gap_hartree|ar1_bond_length_c_e,0.8142059290423689,0.1396664743931988,1.909575084616589,LOOCV,ln(kobs) = <nonlinear model; no closed-form linear equation>
azoarene_svr_rbf_c30_eps005_scale,ln(kobs),5,ar2_homo_hartree|ar2_scf_energy_hartree|rate kobs (s-1)|ar2_gap_hartree|ar1_bond_length_c_e,0.8142059290423689,0.1396664743931988,1.909575084616589,LOOCV,ln(kobs) = <nonlinear model; no closed-form linear equation>
azoarene_svr_rbf_c30_eps005_scale,ln(kobs),5,ar2_Ar_HOMO|ar2_enthalpy_hartree|rate kobs (s-1)|ar2_gap_hartree|ar1_bond_length_c_e,0.8142027502234235,0.1396097451832058,1.9095914203571787,LOOCV,ln(kobs) = <nonlinear model; no closed-form linear equation>
azoarene_svr_rbf_c30_eps005_scale,ln(kobs),5,ar2_homo_hartree|ar2_enthalpy_hartree|rate kobs (s-1)|ar2_gap_hartree|ar1_bond_length_c_e,0.8142027502234235,0.1396097451832058,1.9095914203571787,LOOCV,ln(kobs) = <nonlinear model; no closed-form linear equation>
azoarene_svr_rbf_c30_eps005_scale,ln(kobs),5,ar2_Ar_HOMO|ar2_gibbs_free_energy_hartree|rate kobs (s-1)|ar2_gap_hartree|ar1_bond_length_c_e,0.8142036642403576,0.13960141446400187,1.9095867232988415,LOOCV,ln(kobs) = <nonlinear model; no closed-form linear equation>
azoarene_svr_rbf_c30_eps005_scale,ln(kobs),5,ar2_homo_hartree|ar2_gibbs_free_energy_hartree|rate kobs (s-1)|ar2_gap_hartree|ar1_bond_length_c_e,0.8142036642403576,0.13960141446400187,1.9095867232988415,LOOCV,ln(kobs) = <nonlinear model; no closed-form linear equation>
azoarene_svr_rbf_c30_eps005_scale,ln(kobs),4,ar2_Ar_HOMO|rate kobs (s-1)|ar2_gap_hartree|ar1_q_a,0.7717520577503028,0.13937861694209353,2.1165291276835636,LOOCV,ln(kobs) = <nonlinear model; no closed-form linear equation>
azoarene_svr_rbf_c30_eps005_scale,ln(kobs),4,ar2_homo_hartree|rate kobs (s-1)|ar2_gap_hartree|ar1_q_a,0.7717520577503028,0.13937861694209353,2.1165291276835636,LOOCV,ln(kobs) = <nonlinear model; no closed-form linear equation>
azoarene_svr_rbf_c30_eps005_scale,ln(kobs),4,ar2_Ar_HOMO|ar2_gap_hartree|ar1_q_a|ar1_bond_length_c_e,0.8434896861686774,0.13803366091115543,1.7526382891744459,LOOCV,ln(kobs) = <nonlinear model; no closed-form linear equation>
azoarene_svr_rbf_c30_eps005_scale,ln(kobs),4,ar2_homo_hartree|ar2_gap_hartree|ar1_q_a|ar1_bond_length_c_e,0.8434896861686774,0.13803366091115543,1.7526382891744459,LOOCV,ln(kobs) = <nonlinear model; no closed-form linear equation>
azoarene_svr_rbf_c30_eps005_scale,ln(kobs),3,ar2_Ar_HOMO|ar2_gibbs_free_energy_hartree|ar2_lumo_hartree,0.6333345402485593,0.13799938462847527,2.6825993476071184,LOOCV,ln(kobs) = <nonlinear model; no closed-form linear equation>
azoarene_svr_rbf_c30_eps005_scale,ln(kobs),3,ar2_Ar_HOMO|ar2_gibbs_free_energy_hartree|ar2_Ar_LUMO,0.6333345402485593,0.13799938462847527,2.6825993476071184,LOOCV,ln(kobs) = <nonlinear model; no closed-form linear equation>
azoarene_svr_rbf_c30_eps005_scale,ln(kobs),3,ar2_homo_hartree|ar2_gibbs_free_energy_hartree|ar2_lumo_hartree,0.6333345402485593,0.13799938462847527,2.6825993476071184,LOOCV,ln(kobs) = <nonlinear model; no closed-form linear equation>
azoarene_svr_rbf_c30_eps005_scale,ln(kobs),3,ar2_homo_hartree|ar2_gibbs_free_energy_hartree|ar2_Ar_LUMO,0.6333345402485593,0.13799938462847527,2.6825993476071184,LOOCV,ln(kobs) = <nonlinear model; no closed-form linear equation>
azoarene_svr_rbf_c30_eps005_scale,ln(kobs),3,ar2_Ar_HOMO|ar2_scf_energy_hartree|ar2_lumo_hartree,0.633329124964866,0.1379837643053048,2.6826191571944125,LOOCV,ln(kobs) = <nonlinear model; no closed-form linear equation>
azoarene_svr_rbf_c30_eps005_scale,ln(kobs),3,ar2_Ar_HOMO|ar2_scf_energy_hartree|ar2_Ar_LUMO,0.633329124964866,0.1379837643053048,2.6826191571944125,LOOCV,ln(kobs) = <nonlinear model; no closed-form linear equation>
azoarene_svr_rbf_c30_eps005_scale,ln(kobs),3,ar2_homo_hartree|ar2_scf_energy_hartree|ar2_lumo_hartree,0.633329124964866,0.1379837643053048,2.6826191571944125,LOOCV,ln(kobs) = <nonlinear model; no closed-form linear equation>
azoarene_svr_rbf_c30_eps005_scale,ln(kobs),3,ar2_homo_hartree|ar2_scf_energy_hartree|ar2_Ar_LUMO,0.633329124964866,0.1379837643053048,2.6826191571944125,LOOCV,ln(kobs) = <nonlinear model; no closed-form linear equation>
azoarene_svr_rbf_c30_eps005_scale,ln(kobs),3,ar2_Ar_HOMO|ar2_enthalpy_hartree|ar2_lumo_hartree,0.6333337004148591,0.13796263238377948,2.6826024198027474,LOOCV,ln(kobs) = <nonlinear model; no closed-form linear equation>
azoarene_svr_rbf_c30_eps005_scale,ln(kobs),3,ar2_Ar_HOMO|ar2_enthalpy_hartree|ar2_Ar_LUMO,0.6333337004148591,0.13796263238377948,2.6826024198027474,LOOCV,ln(kobs) = <nonlinear model; no closed-form linear equation>
azoarene_svr_rbf_c30_eps005_scale,ln(kobs),3,ar2_homo_hartree|ar2_enthalpy_hartree|ar2_lumo_hartree,0.6333337004148591,0.13796263238377948,2.6826024198027474,LOOCV,ln(kobs) = <nonlinear model; no closed-form linear equation>
azoarene_svr_rbf_c30_eps005_scale,ln(kobs),3,ar2_homo_hartree|ar2_enthalpy_hartree|ar2_Ar_LUMO,0.6333337004148591,0.13796263238377948,2.6826024198027474,LOOCV,ln(kobs) = <nonlinear model; no closed-form linear equation>
azoarene_svr_rbf_c30_eps005_scale,ln(kobs),5,ar2_lumo_hartree|ar1_q_a|ar1_bond_length_c_e|ar2_Ar_Ster_B5|ar1_nbo_q_a,0.778913946628445,0.13753731951962733,2.0830586008213916,LOOCV,ln(kobs) = <nonlinear model; no closed-form linear equation>
azoarene_svr_rbf_c30_eps005_scale,ln(kobs),5,ar2_lumo_hartree|ar1_q_a|ar1_bond_length_c_e|ar2_Ar_Ster_B5|ar1_Ar_NBO_OH,0.778913946628445,0.13753731951962733,2.0830586008213916,LOOCV,ln(kobs) = <nonlinear model; no closed-form linear equation>
azoarene_svr_rbf_c30_eps005_scale,ln(kobs),5,ar2_lumo_hartree|ar1_q_a|ar1_bond_length_c_e|ar2_sterimol_B5|ar1_nbo_q_a,0.778913946628445,0.13753731951962733,2.0830586008213916,LOOCV,ln(kobs) = <nonlinear model; no closed-form linear equation>
azoarene_svr_rbf_c30_eps005_scale,ln(kobs),5,ar2_lumo_hartree|ar1_q_a|ar1_bond_length_c_e|ar2_sterimol_B5|ar1_Ar_NBO_OH,0.778913946628445,0.13753731951962733,2.0830586008213916,LOOCV,ln(kobs) = <nonlinear model; no closed-form linear equation>
azoarene_svr_rbf_c30_eps005_scale,ln(kobs),5,ar2_Ar_LUMO|ar1_q_a|ar1_bond_length_c_e|ar2_Ar_Ster_B5|ar1_nbo_q_a,0.778913946628445,0.13753731951962733,2.0830586008213916,LOOCV,ln(kobs) = <nonlinear model; no closed-form linear equation>
azoarene_svr_rbf_c30_eps005_scale,ln(kobs),5,ar2_Ar_LUMO|ar1_q_a|ar1_bond_length_c_e|ar2_Ar_Ster_B5|ar1_Ar_NBO_OH,0.778913946628445,0.13753731951962733,2.0830586008213916,LOOCV,ln(kobs) = <nonlinear model; no closed-form linear equation>
azoarene_svr_rbf_c30_eps005_scale,ln(kobs),5,ar2_Ar_LUMO|ar1_q_a|ar1_bond_length_c_e|ar2_sterimol_B5|ar1_nbo_q_a,0.778913946628445,0.13753731951962733,2.0830586008213916,LOOCV,ln(kobs) = <nonlinear model; no closed-form linear equation>
azoarene_svr_rbf_c30_eps005_scale,ln(kobs),5,ar2_Ar_LUMO|ar1_q_a|ar1_bond_length_c_e|ar2_sterimol_B5|ar1_Ar_NBO_OH,0.778913946628445,0.13753731951962733,2.0830586008213916,LOOCV,ln(kobs) = <nonlinear model; no closed-form linear equation>
azoarene_svr_rbf_c30_eps005_scale,ln(kobs),5,ar2_Ar_HOMO|ar2_gibbs_free_energy_hartree|ar1_bond_length_c_a|ar1_q_a|ar1_bond_length_c_e,0.7765597104941367,0.13740197147481292,2.0941199629090277,LOOCV,ln(kobs) = <nonlinear model; no closed-form linear equation>
azoarene_svr_rbf_c30_eps005_scale,ln(kobs),5,ar2_homo_hartree|ar2_gibbs_free_energy_hartree|ar1_bond_length_c_a|ar1_q_a|ar1_bond_length_c_e,0.7765597104941367,0.13740197147481292,2.0941199629090277,LOOCV,ln(kobs) = <nonlinear model; no closed-form linear equation>
azoarene_svr_rbf_c30_eps005_scale,ln(kobs),5,ar2_Ar_HOMO|ar2_enthalpy_hartree|ar1_bond_length_c_a|ar1_q_a|ar1_bond_length_c_e,0.7765674388633836,0.13739861985633728,2.0940837468078417,LOOCV,ln(kobs) = <nonlinear model; no closed-form linear equation>
azoarene_svr_rbf_c30_eps005_scale,ln(kobs),5,ar2_homo_hartree|ar2_enthalpy_hartree|ar1_bond_length_c_a|ar1_q_a|ar1_bond_length_c_e,0.7765674388633836,0.13739861985633728,2.0940837468078417,LOOCV,ln(kobs) = <nonlinear model; no closed-form linear equation>
azoarene_svr_rbf_c30_eps005_scale,ln(kobs),5,ar2_Ar_HOMO|ar2_scf_energy_hartree|ar1_bond_length_c_a|ar1_q_a|ar1_bond_length_c_e,0.7765500892672264,0.13738503784418477,2.0941650483018615,LOOCV,ln(kobs) = <nonlinear model; no closed-form linear equation>
azoarene_svr_rbf_c30_eps005_scale,ln(kobs),5,ar2_homo_hartree|ar2_scf_energy_hartree|ar1_bond_length_c_a|ar1_q_a|ar1_bond_length_c_e,0.7765500892672264,0.13738503784418477,2.0941650483018615,LOOCV,ln(kobs) = <nonlinear model; no closed-form linear equation>
azoarene_svr_rbf_c30_eps005_scale,ln(kobs),3,ar2_enthalpy_hartree|ar1_bond_length_c_a|ar1_bond_length_c_e,0.5413445066710872,0.137237765241507,3.0002960752711623,LOOCV,ln(kobs) = <nonlinear model; no closed-form linear equation>
azoarene_svr_rbf_c30_eps005_scale,ln(kobs),3,ar2_scf_energy_hartree|ar1_bond_length_c_a|ar1_bond_length_c_e,0.5413934640571946,0.13722208922010182,3.0001359435650676,LOOCV,ln(kobs) = <nonlinear model; no closed-form linear equation>
azoarene_svr_rbf_c30_eps005_scale,ln(kobs),3,ar2_gibbs_free_energy_hartree|ar1_bond_length_c_a|ar1_bond_length_c_e,0.5413694771509912,0.13721169785420473,3.00021440193064,LOOCV,ln(kobs) = <nonlinear model; no closed-form linear equation>
azoarene_svr_rbf_c30_eps005_scale,ln(kobs),4,rate kobs (s-1)|ar2_lumo_hartree|ar2_Ar_LUMO|ar2_Ar_Ster_B5,0.707121712654826,0.13665384468666475,2.3975319441047316,LOOCV,ln(kobs) = <nonlinear model; no closed-form linear equation>
azoarene_svr_rbf_c30_eps005_scale,ln(kobs),4,rate kobs (s-1)|ar2_lumo_hartree|ar2_Ar_LUMO|ar2_sterimol_B5,0.707121712654826,0.13665384468666475,2.3975319441047316,LOOCV,ln(kobs) = <nonlinear model; no closed-form linear equation>
azoarene_svr_rbf_c30_eps005_scale,ln(kobs),4,ar2_Ar_HOMO|ar2_gibbs_free_energy_hartree|ar1_bond_length_c_a|ar2_Ar_Ster_B5,0.735260175264115,0.1362866083218245,2.2794520067455197,LOOCV,ln(kobs) = <nonlinear model; no closed-form linear equation>
azoarene_svr_rbf_c30_eps005_scale,ln(kobs),4,ar2_Ar_HOMO|ar2_gibbs_free_energy_hartree|ar1_bond_length_c_a|ar2_sterimol_B5,0.735260175264115,0.1362866083218245,2.2794520067455197,LOOCV,ln(kobs) = <nonlinear model; no closed-form linear equation>
azoarene_svr_rbf_c30_eps005_scale,ln(kobs),4,ar2_homo_hartree|ar2_gibbs_free_energy_hartree|ar1_bond_length_c_a|ar2_Ar_Ster_B5,0.735260175264115,0.1362866083218245,2.2794520067455197,LOOCV,ln(kobs) = <nonlinear model; no closed-form linear equation>
azoarene_svr_rbf_c30_eps005_scale,ln(kobs),4,ar2_homo_hartree|ar2_gibbs_free_energy_hartree|ar1_bond_length_c_a|ar2_sterimol_B5,0.735260175264115,0.1362866083218245,2.2794520067455197,LOOCV,ln(kobs) = <nonlinear model; no closed-form linear equation>
azoarene_svr_rbf_c30_eps005_scale,ln(kobs),4,ar2_Ar_HOMO|ar2_enthalpy_hartree|ar1_bond_length_c_a|ar2_Ar_Ster_B5,0.7352723596432315,0.13627961472454397,2.279399551420698,LOOCV,ln(kobs) = <nonlinear model; no closed-form linear equation>
azoarene_svr_rbf_c30_eps005_scale,ln(kobs),4,ar2_Ar_HOMO|ar2_enthalpy_hartree|ar1_bond_length_c_a|ar2_sterimol_B5,0.7352723596432315,0.13627961472454397,2.279399551420698,LOOCV,ln(kobs) = <nonlinear model; no closed-form linear equation>
azoarene_svr_rbf_c30_eps005_scale,ln(kobs),4,ar2_homo_hartree|ar2_enthalpy_hartree|ar1_bond_length_c_a|ar2_Ar_Ster_B5,0.7352723596432315,0.13627961472454397,2.279399551420698,LOOCV,ln(kobs) = <nonlinear model; no closed-form linear equation>
azoarene_svr_rbf_c30_eps005_scale,ln(kobs),4,ar2_homo_hartree|ar2_enthalpy_hartree|ar1_bond_length_c_a|ar2_sterimol_B5,0.7352723596432315,0.13627961472454397,2.279399551420698,LOOCV,ln(kobs) = <nonlinear model; no closed-form linear equation>
azoarene_svr_rbf_c30_eps005_scale,ln(kobs),4,ar2_Ar_HOMO|ar2_scf_energy_hartree|ar1_bond_length_c_a|ar2_Ar_Ster_B5,0.7352682546034026,0.13620774158326387,2.279417224281866,LOOCV,ln(kobs) = <nonlinear model; no closed-form linear equation>
azoarene_svr_rbf_c30_eps005_scale,ln(kobs),4,ar2_Ar_HOMO|ar2_scf_energy_hartree|ar1_bond_length_c_a|ar2_sterimol_B5,0.7352682546034026,0.13620774158326387,2.279417224281866,LOOCV,ln(kobs) = <nonlinear model; no closed-form linear equation>
azoarene_svr_rbf_c30_eps005_scale,ln(kobs),4,ar2_homo_hartree|ar2_scf_energy_hartree|ar1_bond_length_c_a|ar2_Ar_Ster_B5,0.7352682546034026,0.13620774158326387,2.279417224281866,LOOCV,ln(kobs) = <nonlinear model; no closed-form linear equation>
azoarene_svr_rbf_c30_eps005_scale,ln(kobs),4,ar2_homo_hartree|ar2_scf_energy_hartree|ar1_bond_length_c_a|ar2_sterimol_B5,0.7352682546034026,0.13620774158326387,2.279417224281866,LOOCV,ln(kobs) = <nonlinear model; no closed-form linear equation>
azoarene_svr_rbf_c30_eps005_scale,ln(kobs),5,ar2_Ar_HOMO|ar2_Ar_polar|rate kobs (s-1)|ar2_lumo_hartree|ar2_Ar_LUMO,0.7666343070570006,0.13594939301768405,2.1401258836283574,LOOCV,ln(kobs) = <nonlinear model; no closed-form linear equation>
azoarene_svr_rbf_c30_eps005_scale,ln(kobs),5,ar2_Ar_HOMO|ar2_isotropic_polarizability_au|rate kobs (s-1)|ar2_lumo_hartree|ar2_Ar_LUMO,0.7666343070570006,0.13594939301768405,2.1401258836283574,LOOCV,ln(kobs) = <nonlinear model; no closed-form linear equation>
azoarene_svr_rbf_c30_eps005_scale,ln(kobs),5,ar2_homo_hartree|ar2_Ar_polar|rate kobs (s-1)|ar2_lumo_hartree|ar2_Ar_LUMO,0.7666343070570006,0.13594939301768405,2.1401258836283574,LOOCV,ln(kobs) = <nonlinear model; no closed-form linear equation>
azoarene_svr_rbf_c30_eps005_scale,ln(kobs),5,ar2_homo_hartree|ar2_isotropic_polarizability_au|rate kobs (s-1)|ar2_lumo_hartree|ar2_Ar_LUMO,0.7666343070570006,0.13594939301768405,2.1401258836283574,LOOCV,ln(kobs) = <nonlinear model; no closed-form linear equation>
azoarene_svr_rbf_c30_eps005_scale,ln(kobs),5,ar1_bond_length_c_a|ar2_lumo_hartree|ar1_q_a|ar1_bond_length_c_e|ar2_Ar_Ster_B5,0.7822700628518927,0.13558644490861493,2.067187583648693,LOOCV,ln(kobs) = <nonlinear model; no closed-form linear equation>
azoarene_svr_rbf_c30_eps005_scale,ln(kobs),5,ar1_bond_length_c_a|ar2_lumo_hartree|ar1_q_a|ar1_bond_length_c_e|ar2_sterimol_B5,0.7822700628518927,0.13558644490861493,2.067187583648693,LOOCV,ln(kobs) = <nonlinear model; no closed-form linear equation>
azoarene_svr_rbf_c30_eps005_scale,ln(kobs),5,ar1_bond_length_c_a|ar2_Ar_LUMO|ar1_q_a|ar1_bond_length_c_e|ar2_Ar_Ster_B5,0.7822700628518927,0.13558644490861493,2.067187583648693,LOOCV,ln(kobs) = <nonlinear model; no closed-form linear equation>
azoarene_svr_rbf_c30_eps005_scale,ln(kobs),5,ar1_bond_length_c_a|ar2_Ar_LUMO|ar1_q_a|ar1_bond_length_c_e|ar2_sterimol_B5,0.7822700628518927,0.13558644490861493,2.067187583648693,LOOCV,ln(kobs) = <nonlinear model; no closed-form linear equation>
azoarene_svr_rbf_c30_eps005_scale,ln(kobs),3,ar2_Ar_HOMO|ar2_scf_energy_hartree|ar2_gap_hartree,0.6333707342437755,0.13526449898434934,2.6824669430111068,LOOCV,ln(kobs) = <nonlinear model; no closed-form linear equation>
azoarene_svr_rbf_c30_eps005_scale,ln(kobs),3,ar2_homo_hartree|ar2_scf_energy_hartree|ar2_gap_hartree,0.6333707342437755,0.13526449898434934,2.6824669430111068,LOOCV,ln(kobs) = <nonlinear model; no closed-form linear equation>
azoarene_svr_rbf_c30_eps005_scale,ln(kobs),3,ar2_Ar_HOMO|ar2_enthalpy_hartree|ar2_gap_hartree,0.6333742950057673,0.13526239520079864,2.682453916705765,LOOCV,ln(kobs) = <nonlinear model; no closed-form linear equation>
azoarene_svr_rbf_c30_eps005_scale,ln(kobs),3,ar2_homo_hartree|ar2_enthalpy_hartree|ar2_gap_hartree,0.6333742950057673,0.13526239520079864,2.682453916705765,LOOCV,ln(kobs) = <nonlinear model; no closed-form linear equation>
azoarene_svr_rbf_c30_eps005_scale,ln(kobs),3,ar2_Ar_HOMO|ar2_gibbs_free_energy_hartree|ar2_gap_hartree,0.6333754679482965,0.13524925528782505,2.6824496257262243,LOOCV,ln(kobs) = <nonlinear model; no closed-form linear equation>
azoarene_svr_rbf_c30_eps005_scale,ln(kobs),3,ar2_homo_hartree|ar2_gibbs_free_energy_hartree|ar2_gap_hartree,0.6333754679482965,0.13524925528782505,2.6824496257262243,LOOCV,ln(kobs) = <nonlinear model; no closed-form linear equation>
azoarene_svr_rbf_c30_eps005_scale,ln(kobs),5,ar2_Ar_HOMO|ar2_Ar_polar|ar2_isotropic_polarizability_au|rate kobs (s-1)|ar2_lumo_hartree,0.7654949863152976,0.1342932334758602,2.145343705089847,LOOCV,ln(kobs) = <nonlinear model; no closed-form linear equation>
azoarene_svr_rbf_c30_eps005_scale,ln(kobs),5,ar2_Ar_HOMO|ar2_Ar_polar|ar2_isotropic_polarizability_au|rate kobs (s-1)|ar2_Ar_LUMO,0.7654949863152976,0.1342932334758602,2.145343705089847,LOOCV,ln(kobs) = <nonlinear model; no closed-form linear equation>
azoarene_svr_rbf_c30_eps005_scale,ln(kobs),5,ar2_homo_hartree|ar2_Ar_polar|ar2_isotropic_polarizability_au|rate kobs (s-1)|ar2_lumo_hartree,0.7654949863152976,0.1342932334758602,2.145343705089847,LOOCV,ln(kobs) = <nonlinear model; no closed-form linear equation>
azoarene_svr_rbf_c30_eps005_scale,ln(kobs),5,ar2_homo_hartree|ar2_Ar_polar|ar2_isotropic_polarizability_au|rate kobs (s-1)|ar2_Ar_LUMO,0.7654949863152976,0.1342932334758602,2.145343705089847,LOOCV,ln(kobs) = <nonlinear model; no closed-form linear equation>
azoarene_svr_rbf_c30_eps005_scale,ln(kobs),5,ar2_Ar_HOMO|ar2_Ar_polar|rate kobs (s-1)|ar2_lumo_hartree|ar2_gap_hartree,0.7666726879869368,0.13373551887469448,2.13994988646664,LOOCV,ln(kobs) = <nonlinear model; no closed-form linear equation>
azoarene_svr_rbf_c30_eps005_scale,ln(kobs),5,ar2_Ar_HOMO|ar2_Ar_polar|rate kobs (s-1)|ar2_Ar_LUMO|ar2_gap_hartree,0.7666726879869368,0.13373551887469448,2.13994988646664,LOOCV,ln(kobs) = <nonlinear model; no closed-form linear equation>
azoarene_svr_rbf_c30_eps005_scale,ln(kobs),5,ar2_Ar_HOMO|ar2_isotropic_polarizability_au|rate kobs (s-1)|ar2_lumo_hartree|ar2_gap_hartree,0.7666726879869368,0.13373551887469448,2.13994988646664,LOOCV,ln(kobs) = <nonlinear model; no closed-form linear equation>
azoarene_svr_rbf_c30_eps005_scale,ln(kobs),5,ar2_Ar_HOMO|ar2_isotropic_polarizability_au|rate kobs (s-1)|ar2_Ar_LUMO|ar2_gap_hartree,0.7666726879869368,0.13373551887469448,2.13994988646664,LOOCV,ln(kobs) = <nonlinear model; no closed-form linear equation>
azoarene_svr_rbf_c30_eps005_scale,ln(kobs),5,ar2_homo_hartree|ar2_Ar_polar|rate kobs (s-1)|ar2_lumo_hartree|ar2_gap_hartree,0.7666726879869368,0.13373551887469448,2.13994988646664,LOOCV,ln(kobs) = <nonlinear model; no closed-form linear equation>
azoarene_svr_rbf_c30_eps005_scale,ln(kobs),5,ar2_homo_hartree|ar2_Ar_polar|rate kobs (s-1)|ar2_Ar_LUMO|ar2_gap_hartree,0.7666726879869368,0.13373551887469448,2.13994988646664,LOOCV,ln(kobs) = <nonlinear model; no closed-form linear equation>
azoarene_svr_rbf_c30_eps005_scale,ln(kobs),5,ar2_homo_hartree|ar2_isotropic_polarizability_au|rate kobs (s-1)|ar2_lumo_hartree|ar2_gap_hartree,0.7666726879869368,0.13373551887469448,2.13994988646664,LOOCV,ln(kobs) = <nonlinear model; no closed-form linear equation>
azoarene_svr_rbf_c30_eps005_scale,ln(kobs),5,ar2_homo_hartree|ar2_isotropic_polarizability_au|rate kobs (s-1)|ar2_Ar_LUMO|ar2_gap_hartree,0.7666726879869368,0.13373551887469448,2.13994988646664,LOOCV,ln(kobs) = <nonlinear model; no closed-form linear equation>
azoarene_svr_rbf_c30_eps005_scale,ln(kobs),4,rate kobs (s-1)|ar2_lumo_hartree|ar2_gap_hartree|ar2_Ar_Ster_B5,0.7071163726938525,0.13363350006313246,2.3975538007414485,LOOCV,ln(kobs) = <nonlinear model; no closed-form linear equation>
azoarene_svr_rbf_c30_eps005_scale,ln(kobs),4,rate kobs (s-1)|ar2_lumo_hartree|ar2_gap_hartree|ar2_sterimol_B5,0.7071163726938525,0.13363350006313246,2.3975538007414485,LOOCV,ln(kobs) = <nonlinear model; no closed-form linear equation>
azoarene_svr_rbf_c30_eps005_scale,ln(kobs),4,rate kobs (s-1)|ar2_Ar_LUMO|ar2_gap_hartree|ar2_Ar_Ster_B5,0.7071163726938525,0.13363350006313246,2.3975538007414485,LOOCV,ln(kobs) = <nonlinear model; no closed-form linear equation>
azoarene_svr_rbf_c30_eps005_scale,ln(kobs),4,rate kobs (s-1)|ar2_Ar_LUMO|ar2_gap_hartree|ar2_sterimol_B5,0.7071163726938525,0.13363350006313246,2.3975538007414485,LOOCV,ln(kobs) = <nonlinear model; no closed-form linear equation>
azoarene_svr_rbf_c30_eps005_scale,ln(kobs),3,ar2_scf_energy_hartree|ar2_gibbs_free_energy_hartree|ar1_bond_length_c_e,0.5179508533589916,0.13340666745586394,3.075859355589366,LOOCV,ln(kobs) = <nonlinear model; no closed-form linear equation>
azoarene_svr_rbf_c30_eps005_scale,ln(kobs),3,ar2_scf_energy_hartree|ar2_enthalpy_hartree|ar1_bond_length_c_e,0.5179526255039233,0.13339150298780345,3.0758537017326844,LOOCV,ln(kobs) = <nonlinear model; no closed-form linear equation>
azoarene_svr_rbf_c30_eps005_scale,ln(kobs),3,ar2_gibbs_free_energy_hartree|ar2_enthalpy_hartree|ar1_bond_length_c_e,0.5179454276539975,0.13338674131885486,3.0758766657107754,LOOCV,ln(kobs) = <nonlinear model; no closed-form linear equation>
azoarene_svr_rbf_c30_eps005_scale,ln(kobs),4,ar2_Ar_HOMO|ar2_gibbs_free_energy_hartree|ar2_enthalpy_hartree|ar1_bond_length_c_a,0.7127693520704412,0.1323659727999671,2.374303338247245,LOOCV,ln(kobs) = <nonlinear model; no closed-form linear equation>
azoarene_svr_rbf_c30_eps005_scale,ln(kobs),4,ar2_homo_hartree|ar2_gibbs_free_energy_hartree|ar2_enthalpy_hartree|ar1_bond_length_c_a,0.7127693520704412,0.1323659727999671,2.374303338247245,LOOCV,ln(kobs) = <nonlinear model; no closed-form linear equation>
azoarene_svr_rbf_c30_eps005_scale,ln(kobs),4,ar2_Ar_HOMO|ar2_scf_energy_hartree|ar2_gibbs_free_energy_hartree|ar1_bond_length_c_a,0.7127758199196607,0.13234949668117435,2.3742766058589106,LOOCV,ln(kobs) = <nonlinear model; no closed-form linear equation>
azoarene_svr_rbf_c30_eps005_scale,ln(kobs),4,ar2_homo_hartree|ar2_scf_energy_hartree|ar2_gibbs_free_energy_hartree|ar1_bond_length_c_a,0.7127758199196607,0.13234949668117435,2.3742766058589106,LOOCV,ln(kobs) = <nonlinear model; no closed-form linear equation>
azoarene_svr_rbf_c30_eps005_scale,ln(kobs),4,ar2_Ar_HOMO|ar2_scf_energy_hartree|ar2_enthalpy_hartree|ar1_bond_length_c_a,0.7127608350219212,0.13234027819850314,2.374338539760338,LOOCV,ln(kobs) = <nonlinear model; no closed-form linear equation>
azoarene_svr_rbf_c30_eps005_scale,ln(kobs),4,ar2_homo_hartree|ar2_scf_energy_hartree|ar2_enthalpy_hartree|ar1_bond_length_c_a,0.7127608350219212,0.13234027819850314,2.374338539760338,LOOCV,ln(kobs) = <nonlinear model; no closed-form linear equation>
azoarene_svr_rbf_c30_eps005_scale,ln(kobs),3,ar2_Ar_polar|ar2_enthalpy_hartree|ar1_bond_length_c_a,0.4951624508280328,0.13194069098381522,3.1477239540087916,LOOCV,ln(kobs) = <nonlinear model; no closed-form linear equation>
azoarene_svr_rbf_c30_eps005_scale,ln(kobs),3,ar2_isotropic_polarizability_au|ar2_enthalpy_hartree|ar1_bond_length_c_a,0.4951624508280328,0.13194069098381522,3.1477239540087916,LOOCV,ln(kobs) = <nonlinear model; no closed-form linear equation>
azoarene_svr_rbf_c30_eps005_scale,ln(kobs),3,ar2_Ar_polar|ar2_gibbs_free_energy_hartree|ar1_bond_length_c_a,0.495167461947277,0.1319137915358819,3.1477083314988867,LOOCV,ln(kobs) = <nonlinear model; no closed-form linear equation>
azoarene_svr_rbf_c30_eps005_scale,ln(kobs),3,ar2_isotropic_polarizability_au|ar2_gibbs_free_energy_hartree|ar1_bond_length_c_a,0.495167461947277,0.1319137915358819,3.1477083314988867,LOOCV,ln(kobs) = <nonlinear model; no closed-form linear equation>
azoarene_svr_rbf_c30_eps005_scale,ln(kobs),3,ar2_Ar_polar|ar2_scf_energy_hartree|ar1_bond_length_c_a,0.4951823621385034,0.13188028571473775,3.147661878666898,LOOCV,ln(kobs) = <nonlinear model; no closed-form linear equation>
azoarene_svr_rbf_c30_eps005_scale,ln(kobs),3,ar2_isotropic_polarizability_au|ar2_scf_energy_hartree|ar1_bond_length_c_a,0.4951823621385034,0.13188028571473775,3.147661878666898,LOOCV,ln(kobs) = <nonlinear model; no closed-form linear equation>
azoarene_svr_rbf_c30_eps005_scale,ln(kobs),3,ar2_lumo_hartree|ar1_nbo_q_a|ar1_Ar_NBO_OH,0.5972175465983784,0.1316578118599684,2.8116165150334274,LOOCV,ln(kobs) = <nonlinear model; no closed-form linear equation>
azoarene_svr_rbf_c30_eps005_scale,ln(kobs),3,ar2_Ar_LUMO|ar1_nbo_q_a|ar1_Ar_NBO_OH,0.5972175465983784,0.1316578118599684,2.8116165150334274,LOOCV,ln(kobs) = <nonlinear model; no closed-form linear equation>
azoarene_svr_rbf_c30_eps005_scale,ln(kobs),4,ar2_Ar_HOMO|ar2_scf_energy_hartree|rate kobs (s-1)|ar2_lumo_hartree,0.7798810727624625,0.13121596678793512,2.07849750713283,LOOCV,ln(kobs) = <nonlinear model; no closed-form linear equation>
azoarene_svr_rbf_c30_eps005_scale,ln(kobs),4,ar2_Ar_HOMO|ar2_scf_energy_hartree|rate kobs (s-1)|ar2_Ar_LUMO,0.7798810727624625,0.13121596678793512,2.07849750713283,LOOCV,ln(kobs) = <nonlinear model; no closed-form linear equation>
azoarene_svr_rbf_c30_eps005_scale,ln(kobs),4,ar2_homo_hartree|ar2_scf_energy_hartree|rate kobs (s-1)|ar2_lumo_hartree,0.7798810727624625,0.13121596678793512,2.07849750713283,LOOCV,ln(kobs) = <nonlinear model; no closed-form linear equation>
azoarene_svr_rbf_c30_eps005_scale,ln(kobs),4,ar2_homo_hartree|ar2_scf_energy_hartree|rate kobs (s-1)|ar2_Ar_LUMO,0.7798810727624625,0.13121596678793512,2.07849750713283,LOOCV,ln(kobs) = <nonlinear model; no closed-form linear equation>
azoarene_svr_rbf_c30_eps005_scale,ln(kobs),4,ar2_Ar_HOMO|ar2_gibbs_free_energy_hartree|rate kobs (s-1)|ar2_lumo_hartree,0.7798781630086984,0.13118076914876098,2.078511244924565,LOOCV,ln(kobs) = <nonlinear model; no closed-form linear equation>
azoarene_svr_rbf_c30_eps005_scale,ln(kobs),4,ar2_Ar_HOMO|ar2_gibbs_free_energy_hartree|rate kobs (s-1)|ar2_Ar_LUMO,0.7798781630086984,0.13118076914876098,2.078511244924565,LOOCV,ln(kobs) = <nonlinear model; no closed-form linear equation>
azoarene_svr_rbf_c30_eps005_scale,ln(kobs),4,ar2_homo_hartree|ar2_gibbs_free_energy_hartree|rate kobs (s-1)|ar2_lumo_hartree,0.7798781630086984,0.13118076914876098,2.078511244924565,LOOCV,ln(kobs) = <nonlinear model; no closed-form linear equation>
azoarene_svr_rbf_c30_eps005_scale,ln(kobs),4,ar2_homo_hartree|ar2_gibbs_free_energy_hartree|rate kobs (s-1)|ar2_Ar_LUMO,0.7798781630086984,0.13118076914876098,2.078511244924565,LOOCV,ln(kobs) = <nonlinear model; no closed-form linear equation>
azoarene_svr_rbf_c30_eps005_scale,ln(kobs),4,ar2_Ar_HOMO|ar2_enthalpy_hartree|rate kobs (s-1)|ar2_lumo_hartree,0.779875413735887,0.13115564833099835,2.0785242249557356,LOOCV,ln(kobs) = <nonlinear model; no closed-form linear equation>
azoarene_svr_rbf_c30_eps005_scale,ln(kobs),4,ar2_Ar_HOMO|ar2_enthalpy_hartree|rate kobs (s-1)|ar2_Ar_LUMO,0.779875413735887,0.13115564833099835,2.0785242249557356,LOOCV,ln(kobs) = <nonlinear model; no closed-form linear equation>
azoarene_svr_rbf_c30_eps005_scale,ln(kobs),4,ar2_homo_hartree|ar2_enthalpy_hartree|rate kobs (s-1)|ar2_lumo_hartree,0.779875413735887,0.13115564833099835,2.0785242249557356,LOOCV,ln(kobs) = <nonlinear model; no closed-form linear equation>
azoarene_svr_rbf_c30_eps005_scale,ln(kobs),4,ar2_homo_hartree|ar2_enthalpy_hartree|rate kobs (s-1)|ar2_Ar_LUMO,0.779875413735887,0.13115564833099835,2.0785242249557356,LOOCV,ln(kobs) = <nonlinear model; no closed-form linear equation>
azoarene_svr_rbf_c30_eps005_scale,ln(kobs),4,ar2_Ar_HOMO|ar2_Ar_polar|ar1_q_a|ar1_bond_length_c_e,0.8142686237264924,0.13098312726674188,1.9092528722136908,LOOCV,ln(kobs) = <nonlinear model; no closed-form linear equation>
azoarene_svr_rbf_c30_eps005_scale,ln(kobs),4,ar2_Ar_HOMO|ar2_isotropic_polarizability_au|ar1_q_a|ar1_bond_length_c_e,0.8142686237264924,0.13098312726674188,1.9092528722136908,LOOCV,ln(kobs) = <nonlinear model; no closed-form linear equation>
azoarene_svr_rbf_c30_eps005_scale,ln(kobs),4,ar2_homo_hartree|ar2_Ar_polar|ar1_q_a|ar1_bond_length_c_e,0.8142686237264924,0.13098312726674188,1.9092528722136908,LOOCV,ln(kobs) = <nonlinear model; no closed-form linear equation>
azoarene_svr_rbf_c30_eps005_scale,ln(kobs),4,ar2_homo_hartree|ar2_isotropic_polarizability_au|ar1_q_a|ar1_bond_length_c_e,0.8142686237264924,0.13098312726674188,1.9092528722136908,LOOCV,ln(kobs) = <nonlinear model; no closed-form linear equation>
azoarene_svr_rbf_c30_eps005_scale,ln(kobs),4,ar2_scf_energy_hartree|ar2_lumo_hartree|ar1_bond_length_c_e|ar2_Ar_Ster_B5,0.7162826021114195,0.13080719218650894,2.359738065000858,LOOCV,ln(kobs) = <nonlinear model; no closed-form linear equation>
azoarene_svr_rbf_c30_eps005_scale,ln(kobs),4,ar2_scf_energy_hartree|ar2_lumo_hartree|ar1_bond_length_c_e|ar2_sterimol_B5,0.7162826021114195,0.13080719218650894,2.359738065000858,LOOCV,ln(kobs) = <nonlinear model; no closed-form linear equation>
azoarene_svr_rbf_c30_eps005_scale,ln(kobs),4,ar2_scf_energy_hartree|ar2_Ar_LUMO|ar1_bond_length_c_e|ar2_Ar_Ster_B5,0.7162826021114195,0.13080719218650894,2.359738065000858,LOOCV,ln(kobs) = <nonlinear model; no closed-form linear equation>
azoarene_svr_rbf_c30_eps005_scale,ln(kobs),4,ar2_scf_energy_hartree|ar2_Ar_LUMO|ar1_bond_length_c_e|ar2_sterimol_B5,0.7162826021114195,0.13080719218650894,2.359738065000858,LOOCV,ln(kobs) = <nonlinear model; no closed-form linear equation>
azoarene_svr_rbf_c30_eps005_scale,ln(kobs),4,ar2_enthalpy_hartree|ar2_lumo_hartree|ar1_bond_length_c_e|ar2_Ar_Ster_B5,0.7162762422024184,0.13073503452303148,2.359764513211944,LOOCV,ln(kobs) = <nonlinear model; no closed-form linear equation>
azoarene_svr_rbf_c30_eps005_scale,ln(kobs),4,ar2_enthalpy_hartree|ar2_lumo_hartree|ar1_bond_length_c_e|ar2_sterimol_B5,0.7162762422024184,0.13073503452303148,2.359764513211944,LOOCV,ln(kobs) = <nonlinear model; no closed-form linear equation>
azoarene_svr_rbf_c30_eps005_scale,ln(kobs),4,ar2_enthalpy_hartree|ar2_Ar_LUMO|ar1_bond_length_c_e|ar2_Ar_Ster_B5,0.7162762422024184,0.13073503452303148,2.359764513211944,LOOCV,ln(kobs) = <nonlinear model; no closed-form linear equation>
azoarene_svr_rbf_c30_eps005_scale,ln(kobs),4,ar2_enthalpy_hartree|ar2_Ar_LUMO|ar1_bond_length_c_e|ar2_sterimol_B5,0.7162762422024184,0.13073503452303148,2.359764513211944,LOOCV,ln(kobs) = <nonlinear model; no closed-form linear equation>
azoarene_svr_rbf_c30_eps005_scale,ln(kobs),4,ar2_gibbs_free_energy_hartree|ar2_lumo_hartree|ar1_bond_length_c_e|ar2_Ar_Ster_B5,0.7162916616814802,0.13072560788423648,2.3597003895125956,LOOCV,ln(kobs) = <nonlinear model; no closed-form linear equation>
azoarene_svr_rbf_c30_eps005_scale,ln(kobs),4,ar2_gibbs_free_energy_hartree|ar2_lumo_hartree|ar1_bond_length_c_e|ar2_sterimol_B5,0.7162916616814802,0.13072560788423648,2.3597003895125956,LOOCV,ln(kobs) = <nonlinear model; no closed-form linear equation>
azoarene_svr_rbf_c30_eps005_scale,ln(kobs),4,ar2_gibbs_free_energy_hartree|ar2_Ar_LUMO|ar1_bond_length_c_e|ar2_Ar_Ster_B5,0.7162916616814802,0.13072560788423648,2.3597003895125956,LOOCV,ln(kobs) = <nonlinear model; no closed-form linear equation>
azoarene_svr_rbf_c30_eps005_scale,ln(kobs),4,ar2_gibbs_free_energy_hartree|ar2_Ar_LUMO|ar1_bond_length_c_e|ar2_sterimol_B5,0.7162916616814802,0.13072560788423648,2.3597003895125956,LOOCV,ln(kobs) = <nonlinear model; no closed-form linear equation>
azoarene_svr_rbf_c30_eps005_scale,ln(kobs),4,ar2_Ar_HOMO|ar1_bond_length_c_a|ar2_lumo_hartree|ar1_q_a,0.812639767146666,0.1301288036368834,1.917606631496225,LOOCV,ln(kobs) = <nonlinear model; no closed-form linear equation>
azoarene_svr_rbf_c30_eps005_scale,ln(kobs),4,ar2_Ar_HOMO|ar1_bond_length_c_a|ar2_Ar_LUMO|ar1_q_a,0.812639767146666,0.1301288036368834,1.917606631496225,LOOCV,ln(kobs) = <nonlinear model; no closed-form linear equation>
azoarene_svr_rbf_c30_eps005_scale,ln(kobs),4,ar2_homo_hartree|ar1_bond_length_c_a|ar2_lumo_hartree|ar1_q_a,0.812639767146666,0.1301288036368834,1.917606631496225,LOOCV,ln(kobs) = <nonlinear model; no closed-form linear equation>
azoarene_svr_rbf_c30_eps005_scale,ln(kobs),4,ar2_homo_hartree|ar1_bond_length_c_a|ar2_Ar_LUMO|ar1_q_a,0.812639767146666,0.1301288036368834,1.917606631496225,LOOCV,ln(kobs) = <nonlinear model; no closed-form linear equation>
azoarene_svr_rbf_c30_eps005_scale,ln(kobs),5,ar2_enthalpy_hartree|rate kobs (s-1)|ar1_bond_length_c_a|ar2_gap_hartree|ar2_Ar_Ster_B5,0.7803385315975946,0.12996310739623818,2.0763365807989005,LOOCV,ln(kobs) = <nonlinear model; no closed-form linear equation>
azoarene_svr_rbf_c30_eps005_scale,ln(kobs),5,ar2_enthalpy_hartree|rate kobs (s-1)|ar1_bond_length_c_a|ar2_gap_hartree|ar2_sterimol_B5,0.7803385315975946,0.12996310739623818,2.0763365807989005,LOOCV,ln(kobs) = <nonlinear model; no closed-form linear equation>
azoarene_svr_rbf_c30_eps005_scale,ln(kobs),5,ar2_gibbs_free_energy_hartree|rate kobs (s-1)|ar1_bond_length_c_a|ar2_gap_hartree|ar2_Ar_Ster_B5,0.7803370520593692,0.12995935989745933,2.0763435734093694,LOOCV,ln(kobs) = <nonlinear model; no closed-form linear equation>
azoarene_svr_rbf_c30_eps005_scale,ln(kobs),5,ar2_gibbs_free_energy_hartree|rate kobs (s-1)|ar1_bond_length_c_a|ar2_gap_hartree|ar2_sterimol_B5,0.7803370520593692,0.12995935989745933,2.0763435734093694,LOOCV,ln(kobs) = <nonlinear model; no closed-form linear equation>
azoarene_svr_rbf_c30_eps005_scale,ln(kobs),5,ar2_scf_energy_hartree|rate kobs (s-1)|ar1_bond_length_c_a|ar2_gap_hartree|ar2_Ar_Ster_B5,0.7803178468774488,0.1299356222697804,2.076434339022925,LOOCV,ln(kobs) = <nonlinear model; no closed-form linear equation>
azoarene_svr_rbf_c30_eps005_scale,ln(kobs),5,ar2_scf_energy_hartree|rate kobs (s-1)|ar1_bond_length_c_a|ar2_gap_hartree|ar2_sterimol_B5,0.7803178468774488,0.1299356222697804,2.076434339022925,LOOCV,ln(kobs) = <nonlinear model; no closed-form linear equation>
azoarene_svr_rbf_c30_eps005_scale,ln(kobs),4,ar2_Ar_HOMO|ar2_scf_energy_hartree|rate kobs (s-1)|ar2_gap_hartree,0.779595161026383,0.12842260616999224,2.07984694579897,LOOCV,ln(kobs) = <nonlinear model; no closed-form linear equation>
azoarene_svr_rbf_c30_eps005_scale,ln(kobs),4,ar2_homo_hartree|ar2_scf_energy_hartree|rate kobs (s-1)|ar2_gap_hartree,0.779595161026383,0.12842260616999224,2.07984694579897,LOOCV,ln(kobs) = <nonlinear model; no closed-form linear equation>
azoarene_svr_rbf_c30_eps005_scale,ln(kobs),4,ar2_Ar_HOMO|ar2_gibbs_free_energy_hartree|rate kobs (s-1)|ar2_gap_hartree,0.7795935121825665,0.12839612004192935,2.0798547254293505,LOOCV,ln(kobs) = <nonlinear model; no closed-form linear equation>
azoarene_svr_rbf_c30_eps005_scale,ln(kobs),4,ar2_homo_hartree|ar2_gibbs_free_energy_hartree|rate kobs (s-1)|ar2_gap_hartree,0.7795935121825665,0.12839612004192935,2.0798547254293505,LOOCV,ln(kobs) = <nonlinear model; no closed-form linear equation>
azoarene_svr_rbf_c30_eps005_scale,ln(kobs),4,ar2_Ar_HOMO|ar2_enthalpy_hartree|rate kobs (s-1)|ar2_gap_hartree,0.7795905068648814,0.1283741999926271,2.0798689051455272,LOOCV,ln(kobs) = <nonlinear model; no closed-form linear equation>
azoarene_svr_rbf_c30_eps005_scale,ln(kobs),4,ar2_homo_hartree|ar2_enthalpy_hartree|rate kobs (s-1)|ar2_gap_hartree,0.7795905068648814,0.1283741999926271,2.0798689051455272,LOOCV,ln(kobs) = <nonlinear model; no closed-form linear equation>
azoarene_svr_rbf_c30_eps005_scale,ln(kobs),4,ar2_scf_energy_hartree|ar2_gap_hartree|ar1_bond_length_c_e|ar2_Ar_Ster_B5,0.7179170314557308,0.1278374061481038,2.352931299200977,LOOCV,ln(kobs) = <nonlinear model; no closed-form linear equation>
azoarene_svr_rbf_c30_eps005_scale,ln(kobs),4,ar2_scf_energy_hartree|ar2_gap_hartree|ar1_bond_length_c_e|ar2_sterimol_B5,0.7179170314557308,0.1278374061481038,2.352931299200977,LOOCV,ln(kobs) = <nonlinear model; no closed-form linear equation>
azoarene_svr_rbf_c30_eps005_scale,ln(kobs),4,ar2_gibbs_free_energy_hartree|ar2_gap_hartree|ar1_bond_length_c_e|ar2_Ar_Ster_B5,0.7179249920644447,0.12780139654624434,2.352898098157944,LOOCV,ln(kobs) = <nonlinear model; no closed-form linear equation>
azoarene_svr_rbf_c30_eps005_scale,ln(kobs),4,ar2_gibbs_free_energy_hartree|ar2_gap_hartree|ar1_bond_length_c_e|ar2_sterimol_B5,0.7179249920644447,0.12780139654624434,2.352898098157944,LOOCV,ln(kobs) = <nonlinear model; no closed-form linear equation>
azoarene_svr_rbf_c30_eps005_scale,ln(kobs),4,ar2_enthalpy_hartree|ar2_gap_hartree|ar1_bond_length_c_e|ar2_Ar_Ster_B5,0.717922400822763,0.12779431596149537,2.3529089054139063,LOOCV,ln(kobs) = <nonlinear model; no closed-form linear equation>
azoarene_svr_rbf_c30_eps005_scale,ln(kobs),4,ar2_enthalpy_hartree|ar2_gap_hartree|ar1_bond_length_c_e|ar2_sterimol_B5,0.717922400822763,0.12779431596149537,2.3529089054139063,LOOCV,ln(kobs) = <nonlinear model; no closed-form linear equation>
azoarene_svr_rbf_c30_eps005_scale,ln(kobs),3,ar2_lumo_hartree|ar2_gap_hartree|ar2_Ar_Ster_B5,0.5604064501116905,0.12743992737969478,2.9372875865609345,LOOCV,ln(kobs) = <nonlinear model; no closed-form linear equation>
azoarene_svr_rbf_c30_eps005_scale,ln(kobs),3,ar2_lumo_hartree|ar2_gap_hartree|ar2_sterimol_B5,0.5604064501116905,0.12743992737969478,2.9372875865609345,LOOCV,ln(kobs) = <nonlinear model; no closed-form linear equation>
azoarene_svr_rbf_c30_eps005_scale,ln(kobs),3,ar2_Ar_LUMO|ar2_gap_hartree|ar2_Ar_Ster_B5,0.5604064501116905,0.12743992737969478,2.9372875865609345,LOOCV,ln(kobs) = <nonlinear model; no closed-form linear equation>
azoarene_svr_rbf_c30_eps005_scale,ln(kobs),3,ar2_Ar_LUMO|ar2_gap_hartree|ar2_sterimol_B5,0.5604064501116905,0.12743992737969478,2.9372875865609345,LOOCV,ln(kobs) = <nonlinear model; no closed-form linear equation>
azoarene_svr_rbf_c30_eps005_scale,ln(kobs),3,ar2_Ar_HOMO|ar2_enthalpy_hartree|ar1_bond_length_c_a,0.7254508336358342,0.12728956154040827,2.3212979018513518,LOOCV,ln(kobs) = <nonlinear model; no closed-form linear equation>
azoarene_svr_rbf_c30_eps005_scale,ln(kobs),3,ar2_homo_hartree|ar2_enthalpy_hartree|ar1_bond_length_c_a,0.7254508336358342,0.12728956154040827,2.3212979018513518,LOOCV,ln(kobs) = <nonlinear model; no closed-form linear equation>
azoarene_svr_rbf_c30_eps005_scale,ln(kobs),3,ar2_Ar_HOMO|ar2_gibbs_free_energy_hartree|ar1_bond_length_c_a,0.7254408825433423,0.12727745034213944,2.3213399694364054,LOOCV,ln(kobs) = <nonlinear model; no closed-form linear equation>
azoarene_svr_rbf_c30_eps005_scale,ln(kobs),3,ar2_homo_hartree|ar2_gibbs_free_energy_hartree|ar1_bond_length_c_a,0.7254408825433423,0.12727745034213944,2.3213399694364054,LOOCV,ln(kobs) = <nonlinear model; no closed-form linear equation>
azoarene_svr_rbf_c30_eps005_scale,ln(kobs),3,ar2_Ar_HOMO|ar2_scf_energy_hartree|ar1_bond_length_c_a,0.7254477171697036,0.12722416390736968,2.321311076587696,LOOCV,ln(kobs) = <nonlinear model; no closed-form linear equation>
azoarene_svr_rbf_c30_eps005_scale,ln(kobs),3,ar2_homo_hartree|ar2_scf_energy_hartree|ar1_bond_length_c_a,0.7254477171697036,0.12722416390736968,2.321311076587696,LOOCV,ln(kobs) = <nonlinear model; no closed-form linear equation>
azoarene_svr_rbf_c30_eps005_scale,ln(kobs),5,ar2_gap_hartree|ar1_q_a|ar1_bond_length_c_e|ar2_Ar_Ster_B5|ar1_nbo_q_a,0.7794594524803717,0.12665712414297348,2.0804871530923745,LOOCV,ln(kobs) = <nonlinear model; no closed-form linear equation>
azoarene_svr_rbf_c30_eps005_scale,ln(kobs),5,ar2_gap_hartree|ar1_q_a|ar1_bond_length_c_e|ar2_Ar_Ster_B5|ar1_Ar_NBO_OH,0.7794594524803717,0.12665712414297348,2.0804871530923745,LOOCV,ln(kobs) = <nonlinear model; no closed-form linear equation>
azoarene_svr_rbf_c30_eps005_scale,ln(kobs),5,ar2_gap_hartree|ar1_q_a|ar1_bond_length_c_e|ar2_sterimol_B5|ar1_nbo_q_a,0.7794594524803717,0.12665712414297348,2.0804871530923745,LOOCV,ln(kobs) = <nonlinear model; no closed-form linear equation>
azoarene_svr_rbf_c30_eps005_scale,ln(kobs),5,ar2_gap_hartree|ar1_q_a|ar1_bond_length_c_e|ar2_sterimol_B5|ar1_Ar_NBO_OH,0.7794594524803717,0.12665712414297348,2.0804871530923745,LOOCV,ln(kobs) = <nonlinear model; no closed-form linear equation>
azoarene_svr_rbf_c30_eps005_scale,ln(kobs),4,ar2_Ar_HOMO|ar2_homo_hartree|ar1_bond_length_c_a|ar1_q_a,0.7811350906671362,0.12665116402337928,2.072568448682156,LOOCV,ln(kobs) = <nonlinear model; no closed-form linear equation>
azoarene_svr_rbf_c30_eps005_scale,ln(kobs),5,ar2_Ar_HOMO|ar2_homo_hartree|ar2_Ar_polar|ar1_q_a|ar1_bond_length_c_e,0.7956935769032383,0.12581724124031246,2.0024506620112015,LOOCV,ln(kobs) = <nonlinear model; no closed-form linear equation>
azoarene_svr_rbf_c30_eps005_scale,ln(kobs),5,ar2_Ar_HOMO|ar2_homo_hartree|ar2_isotropic_polarizability_au|ar1_q_a|ar1_bond_length_c_e,0.7956935769032383,0.12581724124031246,2.0024506620112015,LOOCV,ln(kobs) = <nonlinear model; no closed-form linear equation>
azoarene_svr_rbf_c30_eps005_scale,ln(kobs),4,ar2_Ar_HOMO|ar2_lumo_hartree|ar1_q_a|ar1_nbo_q_a,0.8034185702973117,0.12530985717322585,1.9642287291550193,LOOCV,ln(kobs) = <nonlinear model; no closed-form linear equation>
azoarene_svr_rbf_c30_eps005_scale,ln(kobs),4,ar2_Ar_HOMO|ar2_lumo_hartree|ar1_q_a|ar1_Ar_NBO_OH,0.8034185702973117,0.12530985717322585,1.9642287291550193,LOOCV,ln(kobs) = <nonlinear model; no closed-form linear equation>
azoarene_svr_rbf_c30_eps005_scale,ln(kobs),4,ar2_Ar_HOMO|ar2_Ar_LUMO|ar1_q_a|ar1_nbo_q_a,0.8034185702973117,0.12530985717322585,1.9642287291550193,LOOCV,ln(kobs) = <nonlinear model; no closed-form linear equation>
azoarene_svr_rbf_c30_eps005_scale,ln(kobs),4,ar2_Ar_HOMO|ar2_Ar_LUMO|ar1_q_a|ar1_Ar_NBO_OH,0.8034185702973117,0.12530985717322585,1.9642287291550193,LOOCV,ln(kobs) = <nonlinear model; no closed-form linear equation>
azoarene_svr_rbf_c30_eps005_scale,ln(kobs),4,ar2_homo_hartree|ar2_lumo_hartree|ar1_q_a|ar1_nbo_q_a,0.8034185702973117,0.12530985717322585,1.9642287291550193,LOOCV,ln(kobs) = <nonlinear model; no closed-form linear equation>
azoarene_svr_rbf_c30_eps005_scale,ln(kobs),4,ar2_homo_hartree|ar2_lumo_hartree|ar1_q_a|ar1_Ar_NBO_OH,0.8034185702973117,0.12530985717322585,1.9642287291550193,LOOCV,ln(kobs) = <nonlinear model; no closed-form linear equation>
azoarene_svr_rbf_c30_eps005_scale,ln(kobs),4,ar2_homo_hartree|ar2_Ar_LUMO|ar1_q_a|ar1_nbo_q_a,0.8034185702973117,0.12530985717322585,1.9642287291550193,LOOCV,ln(kobs) = <nonlinear model; no closed-form linear equation>
azoarene_svr_rbf_c30_eps005_scale,ln(kobs),4,ar2_homo_hartree|ar2_Ar_LUMO|ar1_q_a|ar1_Ar_NBO_OH,0.8034185702973117,0.12530985717322585,1.9642287291550193,LOOCV,ln(kobs) = <nonlinear model; no closed-form linear equation>
azoarene_svr_rbf_c30_eps005_scale,ln(kobs),5,ar2_Ar_HOMO|ar2_Ar_polar|ar2_isotropic_polarizability_au|rate kobs (s-1)|ar2_gap_hartree,0.7652799873228007,0.12487372137408259,2.146326927273956,LOOCV,ln(kobs) = <nonlinear model; no closed-form linear equation>
azoarene_svr_rbf_c30_eps005_scale,ln(kobs),5,ar2_homo_hartree|ar2_Ar_polar|ar2_isotropic_polarizability_au|rate kobs (s-1)|ar2_gap_hartree,0.7652799873228007,0.12487372137408259,2.146326927273956,LOOCV,ln(kobs) = <nonlinear model; no closed-form linear equation>
azoarene_svr_rbf_c30_eps005_scale,ln(kobs),3,ar2_Ar_HOMO|rate kobs (s-1)|ar1_q_a,0.7552951113051662,0.12454265123848285,2.1915033408046134,LOOCV,ln(kobs) = <nonlinear model; no closed-form linear equation>
azoarene_svr_rbf_c30_eps005_scale,ln(kobs),3,ar2_homo_hartree|rate kobs (s-1)|ar1_q_a,0.7552951113051662,0.12454265123848285,2.1915033408046134,LOOCV,ln(kobs) = <nonlinear model; no closed-form linear equation>
azoarene_svr_rbf_c30_eps005_scale,ln(kobs),5,ar1_bond_length_c_a|ar2_gap_hartree|ar1_q_a|ar1_bond_length_c_e|ar2_Ar_Ster_B5,0.7833298021670476,0.12453080266770589,2.0621507198171267,LOOCV,ln(kobs) = <nonlinear model; no closed-form linear equation>
azoarene_svr_rbf_c30_eps005_scale,ln(kobs),5,ar1_bond_length_c_a|ar2_gap_hartree|ar1_q_a|ar1_bond_length_c_e|ar2_sterimol_B5,0.7833298021670476,0.12453080266770589,2.0621507198171267,LOOCV,ln(kobs) = <nonlinear model; no closed-form linear equation>
azoarene_svr_rbf_c30_eps005_scale,ln(kobs),4,ar2_Ar_HOMO|rate kobs (s-1)|ar1_q_a|ar1_nbo_q_a,0.8126091885536674,0.12382269327655071,1.9177631089927827,LOOCV,ln(kobs) = <nonlinear model; no closed-form linear equation>
azoarene_svr_rbf_c30_eps005_scale,ln(kobs),4,ar2_Ar_HOMO|rate kobs (s-1)|ar1_q_a|ar1_Ar_NBO_OH,0.8126091885536674,0.12382269327655071,1.9177631089927827,LOOCV,ln(kobs) = <nonlinear model; no closed-form linear equation>
azoarene_svr_rbf_c30_eps005_scale,ln(kobs),4,ar2_homo_hartree|rate kobs (s-1)|ar1_q_a|ar1_nbo_q_a,0.8126091885536674,0.12382269327655071,1.9177631089927827,LOOCV,ln(kobs) = <nonlinear model; no closed-form linear equation>
azoarene_svr_rbf_c30_eps005_scale,ln(kobs),4,ar2_homo_hartree|rate kobs (s-1)|ar1_q_a|ar1_Ar_NBO_OH,0.8126091885536674,0.12382269327655071,1.9177631089927827,LOOCV,ln(kobs) = <nonlinear model; no closed-form linear equation>
azoarene_svr_rbf_c30_eps005_scale,ln(kobs),3,ar2_Ar_HOMO|ar2_lumo_hartree|ar1_bond_length_c_e,0.779873376414505,0.1234385553213041,2.078533843626962,LOOCV,ln(kobs) = <nonlinear model; no closed-form linear equation>
azoarene_svr_rbf_c30_eps005_scale,ln(kobs),3,ar2_Ar_HOMO|ar2_Ar_LUMO|ar1_bond_length_c_e,0.779873376414505,0.1234385553213041,2.078533843626962,LOOCV,ln(kobs) = <nonlinear model; no closed-form linear equation>
azoarene_svr_rbf_c30_eps005_scale,ln(kobs),3,ar2_homo_hartree|ar2_lumo_hartree|ar1_bond_length_c_e,0.779873376414505,0.1234385553213041,2.078533843626962,LOOCV,ln(kobs) = <nonlinear model; no closed-form linear equation>
azoarene_svr_rbf_c30_eps005_scale,ln(kobs),3,ar2_homo_hartree|ar2_Ar_LUMO|ar1_bond_length_c_e,0.779873376414505,0.1234385553213041,2.078533843626962,LOOCV,ln(kobs) = <nonlinear model; no closed-form linear equation>
azoarene_svr_rbf_c30_eps005_scale,ln(kobs),4,ar2_Ar_HOMO|ar1_bond_length_c_a|ar2_gap_hartree|ar1_q_a,0.8132891667778066,0.1229071799978011,1.914280488173906,LOOCV,ln(kobs) = <nonlinear model; no closed-form linear equation>
azoarene_svr_rbf_c30_eps005_scale,ln(kobs),4,ar2_homo_hartree|ar1_bond_length_c_a|ar2_gap_hartree|ar1_q_a,0.8132891667778066,0.1229071799978011,1.914280488173906,LOOCV,ln(kobs) = <nonlinear model; no closed-form linear equation>
azoarene_svr_rbf_c30_eps005_scale,ln(kobs),5,ar2_Ar_HOMO|ar2_lumo_hartree|ar1_q_a|ar1_bond_length_c_e|ar2_Ar_Ster_B5,0.8164938677607355,0.12222066502162365,1.8977810468381924,LOOCV,ln(kobs) = <nonlinear model; no closed-form linear equation>
azoarene_svr_rbf_c30_eps005_scale,ln(kobs),5,ar2_Ar_HOMO|ar2_lumo_hartree|ar1_q_a|ar1_bond_length_c_e|ar2_sterimol_B5,0.8164938677607355,0.12222066502162365,1.8977810468381924,LOOCV,ln(kobs) = <nonlinear model; no closed-form linear equation>
azoarene_svr_rbf_c30_eps005_scale,ln(kobs),5,ar2_Ar_HOMO|ar2_Ar_LUMO|ar1_q_a|ar1_bond_length_c_e|ar2_Ar_Ster_B5,0.8164938677607355,0.12222066502162365,1.8977810468381924,LOOCV,ln(kobs) = <nonlinear model; no closed-form linear equation>
azoarene_svr_rbf_c30_eps005_scale,ln(kobs),5,ar2_Ar_HOMO|ar2_Ar_LUMO|ar1_q_a|ar1_bond_length_c_e|ar2_sterimol_B5,0.8164938677607355,0.12222066502162365,1.8977810468381924,LOOCV,ln(kobs) = <nonlinear model; no closed-form linear equation>
azoarene_svr_rbf_c30_eps005_scale,ln(kobs),5,ar2_homo_hartree|ar2_lumo_hartree|ar1_q_a|ar1_bond_length_c_e|ar2_Ar_Ster_B5,0.8164938677607355,0.12222066502162365,1.8977810468381924,LOOCV,ln(kobs) = <nonlinear model; no closed-form linear equation>
azoarene_svr_rbf_c30_eps005_scale,ln(kobs),5,ar2_homo_hartree|ar2_lumo_hartree|ar1_q_a|ar1_bond_length_c_e|ar2_sterimol_B5,0.8164938677607355,0.12222066502162365,1.8977810468381924,LOOCV,ln(kobs) = <nonlinear model; no closed-form linear equation>
azoarene_svr_rbf_c30_eps005_scale,ln(kobs),5,ar2_homo_hartree|ar2_Ar_LUMO|ar1_q_a|ar1_bond_length_c_e|ar2_Ar_Ster_B5,0.8164938677607355,0.12222066502162365,1.8977810468381924,LOOCV,ln(kobs) = <nonlinear model; no closed-form linear equation>
azoarene_svr_rbf_c30_eps005_scale,ln(kobs),5,ar2_homo_hartree|ar2_Ar_LUMO|ar1_q_a|ar1_bond_length_c_e|ar2_sterimol_B5,0.8164938677607355,0.12222066502162365,1.8977810468381924,LOOCV,ln(kobs) = <nonlinear model; no closed-form linear equation>
azoarene_svr_rbf_c30_eps005_scale,ln(kobs),3,ar2_lumo_hartree|ar2_Ar_LUMO|ar2_Ar_Ster_B5,0.5606577544284995,0.1221549207570305,2.936447880682243,LOOCV,ln(kobs) = <nonlinear model; no closed-form linear equation>
azoarene_svr_rbf_c30_eps005_scale,ln(kobs),3,ar2_lumo_hartree|ar2_Ar_LUMO|ar2_sterimol_B5,0.5606577544284995,0.1221549207570305,2.936447880682243,LOOCV,ln(kobs) = <nonlinear model; no closed-form linear equation>
azoarene_svr_rbf_c30_eps005_scale,ln(kobs),3,ar2_Ar_HOMO|ar2_gap_hartree|ar1_bond_length_c_e,0.7805621631593143,0.12157290032508039,2.075279379830857,LOOCV,ln(kobs) = <nonlinear model; no closed-form linear equation>
azoarene_svr_rbf_c30_eps005_scale,ln(kobs),3,ar2_homo_hartree|ar2_gap_hartree|ar1_bond_length_c_e,0.7805621631593143,0.12157290032508039,2.075279379830857,LOOCV,ln(kobs) = <nonlinear model; no closed-form linear equation>
azoarene_svr_rbf_c30_eps005_scale,ln(kobs),5,ar2_Ar_HOMO|ar2_homo_hartree|rate kobs (s-1)|ar1_q_a|ar1_nbo_q_a,0.7910688277718199,0.12113769509472483,2.0249879099609513,LOOCV,ln(kobs) = <nonlinear model; no closed-form linear equation>
azoarene_svr_rbf_c30_eps005_scale,ln(kobs),5,ar2_Ar_HOMO|ar2_homo_hartree|rate kobs (s-1)|ar1_q_a|ar1_Ar_NBO_OH,0.7910688277718199,0.12113769509472483,2.0249879099609513,LOOCV,ln(kobs) = <nonlinear model; no closed-form linear equation>
azoarene_svr_rbf_c30_eps005_scale,ln(kobs),4,ar2_lumo_hartree|ar1_bond_length_c_e|ar1_nbo_q_a|ar1_Ar_NBO_OH,0.6880553234458116,0.12049162260559998,2.4743412963356,LOOCV,ln(kobs) = <nonlinear model; no closed-form linear equation>
azoarene_svr_rbf_c30_eps005_scale,ln(kobs),4,ar2_Ar_LUMO|ar1_bond_length_c_e|ar1_nbo_q_a|ar1_Ar_NBO_OH,0.6880553234458116,0.12049162260559998,2.4743412963356,LOOCV,ln(kobs) = <nonlinear model; no closed-form linear equation>
azoarene_svr_rbf_c30_eps005_scale,ln(kobs),3,ar2_gap_hartree|ar1_nbo_q_a|ar1_Ar_NBO_OH,0.5902671140662553,0.11864080184626746,2.8357714479956218,LOOCV,ln(kobs) = <nonlinear model; no closed-form linear equation>
azoarene_svr_rbf_c30_eps005_scale,ln(kobs),3,ar2_Ar_HOMO|ar1_bond_length_c_a|ar2_lumo_hartree,0.759523621633411,0.11848203467939733,2.172486195560074,LOOCV,ln(kobs) = <nonlinear model; no closed-form linear equation>
azoarene_svr_rbf_c30_eps005_scale,ln(kobs),3,ar2_Ar_HOMO|ar1_bond_length_c_a|ar2_Ar_LUMO,0.759523621633411,0.11848203467939733,2.172486195560074,LOOCV,ln(kobs) = <nonlinear model; no closed-form linear equation>
azoarene_svr_rbf_c30_eps005_scale,ln(kobs),3,ar2_homo_hartree|ar1_bond_length_c_a|ar2_lumo_hartree,0.759523621633411,0.11848203467939733,2.172486195560074,LOOCV,ln(kobs) = <nonlinear model; no closed-form linear equation>
azoarene_svr_rbf_c30_eps005_scale,ln(kobs),3,ar2_homo_hartree|ar1_bond_length_c_a|ar2_Ar_LUMO,0.759523621633411,0.11848203467939733,2.172486195560074,LOOCV,ln(kobs) = <nonlinear model; no closed-form linear equation>
azoarene_svr_rbf_c30_eps005_scale,ln(kobs),5,ar2_Ar_HOMO|ar2_gap_hartree|ar1_q_a|ar1_bond_length_c_e|ar2_Ar_Ster_B5,0.8162692060643799,0.1181481046228986,1.898942393025904,LOOCV,ln(kobs) = <nonlinear model; no closed-form linear equation>
azoarene_svr_rbf_c30_eps005_scale,ln(kobs),5,ar2_Ar_HOMO|ar2_gap_hartree|ar1_q_a|ar1_bond_length_c_e|ar2_sterimol_B5,0.8162692060643799,0.1181481046228986,1.898942393025904,LOOCV,ln(kobs) = <nonlinear model; no closed-form linear equation>
azoarene_svr_rbf_c30_eps005_scale,ln(kobs),5,ar2_homo_hartree|ar2_gap_hartree|ar1_q_a|ar1_bond_length_c_e|ar2_Ar_Ster_B5,0.8162692060643799,0.1181481046228986,1.898942393025904,LOOCV,ln(kobs) = <nonlinear model; no closed-form linear equation>
azoarene_svr_rbf_c30_eps005_scale,ln(kobs),5,ar2_homo_hartree|ar2_gap_hartree|ar1_q_a|ar1_bond_length_c_e|ar2_sterimol_B5,0.8162692060643799,0.1181481046228986,1.898942393025904,LOOCV,ln(kobs) = <nonlinear model; no closed-form linear equation>
azoarene_svr_rbf_c30_eps005_scale,ln(kobs),4,ar2_lumo_hartree|ar1_bond_length_c_e|ar2_Ar_Ster_B5|ar1_nbo_q_a,0.7121007102277045,0.11705183162602795,2.3770652923222446,LOOCV,ln(kobs) = <nonlinear model; no closed-form linear equation>
azoarene_svr_rbf_c30_eps005_scale,ln(kobs),4,ar2_lumo_hartree|ar1_bond_length_c_e|ar2_Ar_Ster_B5|ar1_Ar_NBO_OH,0.7121007102277045,0.11705183162602795,2.3770652923222446,LOOCV,ln(kobs) = <nonlinear model; no closed-form linear equation>
azoarene_svr_rbf_c30_eps005_scale,ln(kobs),4,ar2_lumo_hartree|ar1_bond_length_c_e|ar2_sterimol_B5|ar1_nbo_q_a,0.7121007102277045,0.11705183162602795,2.3770652923222446,LOOCV,ln(kobs) = <nonlinear model; no closed-form linear equation>
azoarene_svr_rbf_c30_eps005_scale,ln(kobs),4,ar2_lumo_hartree|ar1_bond_length_c_e|ar2_sterimol_B5|ar1_Ar_NBO_OH,0.7121007102277045,0.11705183162602795,2.3770652923222446,LOOCV,ln(kobs) = <nonlinear model; no closed-form linear equation>
azoarene_svr_rbf_c30_eps005_scale,ln(kobs),4,ar2_Ar_LUMO|ar1_bond_length_c_e|ar2_Ar_Ster_B5|ar1_nbo_q_a,0.7121007102277045,0.11705183162602795,2.3770652923222446,LOOCV,ln(kobs) = <nonlinear model; no closed-form linear equation>
azoarene_svr_rbf_c30_eps005_scale,ln(kobs),4,ar2_Ar_LUMO|ar1_bond_length_c_e|ar2_Ar_Ster_B5|ar1_Ar_NBO_OH,0.7121007102277045,0.11705183162602795,2.3770652923222446,LOOCV,ln(kobs) = <nonlinear model; no closed-form linear equation>
azoarene_svr_rbf_c30_eps005_scale,ln(kobs),4,ar2_Ar_LUMO|ar1_bond_length_c_e|ar2_sterimol_B5|ar1_nbo_q_a,0.7121007102277045,0.11705183162602795,2.3770652923222446,LOOCV,ln(kobs) = <nonlinear model; no closed-form linear equation>
azoarene_svr_rbf_c30_eps005_scale,ln(kobs),4,ar2_Ar_LUMO|ar1_bond_length_c_e|ar2_sterimol_B5|ar1_Ar_NBO_OH,0.7121007102277045,0.11705183162602795,2.3770652923222446,LOOCV,ln(kobs) = <nonlinear model; no closed-form linear equation>
azoarene_svr_rbf_c30_eps005_scale,ln(kobs),5,ar2_Ar_HOMO|ar2_homo_hartree|ar1_q_a|ar1_bond_length_c_e|ar2_Ar_Ster_B5,0.7917702150548884,0.11613800031786492,2.0215860844824096,LOOCV,ln(kobs) = <nonlinear model; no closed-form linear equation>
azoarene_svr_rbf_c30_eps005_scale,ln(kobs),5,ar2_Ar_HOMO|ar2_homo_hartree|ar1_q_a|ar1_bond_length_c_e|ar2_sterimol_B5,0.7917702150548884,0.11613800031786492,2.0215860844824096,LOOCV,ln(kobs) = <nonlinear model; no closed-form linear equation>
azoarene_svr_rbf_c30_eps005_scale,ln(kobs),5,ar2_Ar_HOMO|ar1_bond_length_c_a|ar2_lumo_hartree|ar2_Ar_LUMO|ar1_bond_length_c_e,0.7824873734017108,0.11565024669223667,2.06615572321339,LOOCV,ln(kobs) = <nonlinear model; no closed-form linear equation>
azoarene_svr_rbf_c30_eps005_scale,ln(kobs),5,ar2_homo_hartree|ar1_bond_length_c_a|ar2_lumo_hartree|ar2_Ar_LUMO|ar1_bond_length_c_e,0.7824873734017108,0.11565024669223667,2.06615572321339,LOOCV,ln(kobs) = <nonlinear model; no closed-form linear equation>
azoarene_svr_rbf_c30_eps005_scale,ln(kobs),3,rate kobs (s-1)|ar1_bond_length_c_a|ar2_gap_hartree,0.7258916262213448,0.11510373047257072,2.319433714932881,LOOCV,ln(kobs) = <nonlinear model; no closed-form linear equation>
azoarene_svr_rbf_c30_eps005_scale,ln(kobs),5,rate kobs (s-1)|ar1_bond_length_c_a|ar2_lumo_hartree|ar2_Ar_LUMO|ar2_Ar_Ster_B5,0.7753102942777634,0.11491161025068297,2.099966670440071,LOOCV,ln(kobs) = <nonlinear model; no closed-form linear equation>
azoarene_svr_rbf_c30_eps005_scale,ln(kobs),5,rate kobs (s-1)|ar1_bond_length_c_a|ar2_lumo_hartree|ar2_Ar_LUMO|ar2_sterimol_B5,0.7753102942777634,0.11491161025068297,2.099966670440071,LOOCV,ln(kobs) = <nonlinear model; no closed-form linear equation>
azoarene_svr_rbf_c30_eps005_scale,ln(kobs),3,ar2_Ar_HOMO|ar1_bond_length_c_a|ar2_gap_hartree,0.7600085254954198,0.11485655274857054,2.1702947567580013,LOOCV,ln(kobs) = <nonlinear model; no closed-form linear equation>
azoarene_svr_rbf_c30_eps005_scale,ln(kobs),3,ar2_homo_hartree|ar1_bond_length_c_a|ar2_gap_hartree,0.7600085254954198,0.11485655274857054,2.1702947567580013,LOOCV,ln(kobs) = <nonlinear model; no closed-form linear equation>
azoarene_svr_rbf_c30_eps005_scale,ln(kobs),5,ar2_Ar_HOMO|ar2_Ar_polar|ar2_gibbs_free_energy_hartree|rate kobs (s-1)|ar1_q_a,0.7756273169714775,0.1146183805369767,2.098484688694904,LOOCV,ln(kobs) = <nonlinear model; no closed-form linear equation>
azoarene_svr_rbf_c30_eps005_scale,ln(kobs),5,ar2_Ar_HOMO|ar2_isotropic_polarizability_au|ar2_gibbs_free_energy_hartree|rate kobs (s-1)|ar1_q_a,0.7756273169714775,0.1146183805369767,2.098484688694904,LOOCV,ln(kobs) = <nonlinear model; no closed-form linear equation>
azoarene_svr_rbf_c30_eps005_scale,ln(kobs),5,ar2_homo_hartree|ar2_Ar_polar|ar2_gibbs_free_energy_hartree|rate kobs (s-1)|ar1_q_a,0.7756273169714775,0.1146183805369767,2.098484688694904,LOOCV,ln(kobs) = <nonlinear model; no closed-form linear equation>
azoarene_svr_rbf_c30_eps005_scale,ln(kobs),5,ar2_homo_hartree|ar2_isotropic_polarizability_au|ar2_gibbs_free_energy_hartree|rate kobs (s-1)|ar1_q_a,0.7756273169714775,0.1146183805369767,2.098484688694904,LOOCV,ln(kobs) = <nonlinear model; no closed-form linear equation>
azoarene_svr_rbf_c30_eps005_scale,ln(kobs),5,ar2_Ar_HOMO|ar2_Ar_polar|ar2_scf_energy_hartree|rate kobs (s-1)|ar1_q_a,0.7756324425693693,0.11457837882872823,2.0984607195334637,LOOCV,ln(kobs) = <nonlinear model; no closed-form linear equation>
azoarene_svr_rbf_c30_eps005_scale,ln(kobs),5,ar2_Ar_HOMO|ar2_isotropic_polarizability_au|ar2_scf_energy_hartree|rate kobs (s-1)|ar1_q_a,0.7756324425693693,0.11457837882872823,2.0984607195334637,LOOCV,ln(kobs) = <nonlinear model; no closed-form linear equation>
azoarene_svr_rbf_c30_eps005_scale,ln(kobs),5,ar2_homo_hartree|ar2_Ar_polar|ar2_scf_energy_hartree|rate kobs (s-1)|ar1_q_a,0.7756324425693693,0.11457837882872823,2.0984607195334637,LOOCV,ln(kobs) = <nonlinear model; no closed-form linear equation>
azoarene_svr_rbf_c30_eps005_scale,ln(kobs),5,ar2_homo_hartree|ar2_isotropic_polarizability_au|ar2_scf_energy_hartree|rate kobs (s-1)|ar1_q_a,0.7756324425693693,0.11457837882872823,2.0984607195334637,LOOCV,ln(kobs) = <nonlinear model; no closed-form linear equation>
azoarene_svr_rbf_c30_eps005_scale,ln(kobs),5,ar2_Ar_HOMO|ar2_Ar_polar|ar2_enthalpy_hartree|rate kobs (s-1)|ar1_q_a,0.7756342575421282,0.11457617803765041,2.0984522319945613,LOOCV,ln(kobs) = <nonlinear model; no closed-form linear equation>
azoarene_svr_rbf_c30_eps005_scale,ln(kobs),5,ar2_Ar_HOMO|ar2_isotropic_polarizability_au|ar2_enthalpy_hartree|rate kobs (s-1)|ar1_q_a,0.7756342575421282,0.11457617803765041,2.0984522319945613,LOOCV,ln(kobs) = <nonlinear model; no closed-form linear equation>
azoarene_svr_rbf_c30_eps005_scale,ln(kobs),5,ar2_homo_hartree|ar2_Ar_polar|ar2_enthalpy_hartree|rate kobs (s-1)|ar1_q_a,0.7756342575421282,0.11457617803765041,2.0984522319945613,LOOCV,ln(kobs) = <nonlinear model; no closed-form linear equation>
azoarene_svr_rbf_c30_eps005_scale,ln(kobs),5,ar2_homo_hartree|ar2_isotropic_polarizability_au|ar2_enthalpy_hartree|rate kobs (s-1)|ar1_q_a,0.7756342575421282,0.11457617803765041,2.0984522319945613,LOOCV,ln(kobs) = <nonlinear model; no closed-form linear equation>
azoarene_svr_rbf_c30_eps005_scale,ln(kobs),4,ar2_Ar_HOMO|ar2_gap_hartree|ar1_q_a|ar1_nbo_q_a,0.8041398600092503,0.11441232402364954,1.9606218778768036,LOOCV,ln(kobs) = <nonlinear model; no closed-form linear equation>
azoarene_svr_rbf_c30_eps005_scale,ln(kobs),4,ar2_Ar_HOMO|ar2_gap_hartree|ar1_q_a|ar1_Ar_NBO_OH,0.8041398600092503,0.11441232402364954,1.9606218778768036,LOOCV,ln(kobs) = <nonlinear model; no closed-form linear equation>
azoarene_svr_rbf_c30_eps005_scale,ln(kobs),4,ar2_homo_hartree|ar2_gap_hartree|ar1_q_a|ar1_nbo_q_a,0.8041398600092503,0.11441232402364954,1.9606218778768036,LOOCV,ln(kobs) = <nonlinear model; no closed-form linear equation>
azoarene_svr_rbf_c30_eps005_scale,ln(kobs),4,ar2_homo_hartree|ar2_gap_hartree|ar1_q_a|ar1_Ar_NBO_OH,0.8041398600092503,0.11441232402364954,1.9606218778768036,LOOCV,ln(kobs) = <nonlinear model; no closed-form linear equation>
azoarene_svr_rbf_c30_eps005_scale,ln(kobs),5,ar2_Ar_HOMO|ar1_bond_length_c_a|ar2_lumo_hartree|ar2_gap_hartree|ar1_bond_length_c_e,0.7828254609041185,0.11397019264816566,2.064549349615693,LOOCV,ln(kobs) = <nonlinear model; no closed-form linear equation>
azoarene_svr_rbf_c30_eps005_scale,ln(kobs),5,ar2_Ar_HOMO|ar1_bond_length_c_a|ar2_Ar_LUMO|ar2_gap_hartree|ar1_bond_length_c_e,0.7828254609041185,0.11397019264816566,2.064549349615693,LOOCV,ln(kobs) = <nonlinear model; no closed-form linear equation>
azoarene_svr_rbf_c30_eps005_scale,ln(kobs),5,ar2_homo_hartree|ar1_bond_length_c_a|ar2_lumo_hartree|ar2_gap_hartree|ar1_bond_length_c_e,0.7828254609041185,0.11397019264816566,2.064549349615693,LOOCV,ln(kobs) = <nonlinear model; no closed-form linear equation>
azoarene_svr_rbf_c30_eps005_scale,ln(kobs),5,ar2_homo_hartree|ar1_bond_length_c_a|ar2_Ar_LUMO|ar2_gap_hartree|ar1_bond_length_c_e,0.7828254609041185,0.11397019264816566,2.064549349615693,LOOCV,ln(kobs) = <nonlinear model; no closed-form linear equation>
azoarene_svr_rbf_c30_eps005_scale,ln(kobs),5,ar2_Ar_HOMO|ar2_homo_hartree|rate kobs (s-1)|ar1_bond_length_c_a|ar1_q_a,0.7974684383912998,0.11374735172962724,1.9937337920277125,LOOCV,ln(kobs) = <nonlinear model; no closed-form linear equation>
azoarene_svr_rbf_c30_eps005_scale,ln(kobs),4,ar2_Ar_HOMO|ar2_scf_energy_hartree|ar2_enthalpy_hartree|ar1_bond_length_c_e,0.7118130146878593,0.1134420448584269,2.3782526872644096,LOOCV,ln(kobs) = <nonlinear model; no closed-form linear equation>
azoarene_svr_rbf_c30_eps005_scale,ln(kobs),4,ar2_homo_hartree|ar2_scf_energy_hartree|ar2_enthalpy_hartree|ar1_bond_length_c_e,0.7118130146878593,0.1134420448584269,2.3782526872644096,LOOCV,ln(kobs) = <nonlinear model; no closed-form linear equation>
azoarene_svr_rbf_c30_eps005_scale,ln(kobs),4,ar2_Ar_HOMO|ar2_scf_energy_hartree|ar2_gibbs_free_energy_hartree|ar1_bond_length_c_e,0.7118126332818061,0.11343710078852098,2.3782542610337276,LOOCV,ln(kobs) = <nonlinear model; no closed-form linear equation>
azoarene_svr_rbf_c30_eps005_scale,ln(kobs),4,ar2_homo_hartree|ar2_scf_energy_hartree|ar2_gibbs_free_energy_hartree|ar1_bond_length_c_e,0.7118126332818061,0.11343710078852098,2.3782542610337276,LOOCV,ln(kobs) = <nonlinear model; no closed-form linear equation>
azoarene_svr_rbf_c30_eps005_scale,ln(kobs),4,ar2_Ar_HOMO|ar2_gibbs_free_energy_hartree|ar2_enthalpy_hartree|ar1_bond_length_c_e,0.7118212865912006,0.11340182892084871,2.3782185552277073,LOOCV,ln(kobs) = <nonlinear model; no closed-form linear equation>
azoarene_svr_rbf_c30_eps005_scale,ln(kobs),4,ar2_homo_hartree|ar2_gibbs_free_energy_hartree|ar2_enthalpy_hartree|ar1_bond_length_c_e,0.7118212865912006,0.11340182892084871,2.3782185552277073,LOOCV,ln(kobs) = <nonlinear model; no closed-form linear equation>
azoarene_svr_rbf_c30_eps005_scale,ln(kobs),3,ar2_Ar_HOMO|ar2_Ar_polar|ar2_lumo_hartree,0.6358411713893235,0.112889175073279,2.6734141099094098,LOOCV,ln(kobs) = <nonlinear model; no closed-form linear equation>
azoarene_svr_rbf_c30_eps005_scale,ln(kobs),3,ar2_Ar_HOMO|ar2_Ar_polar|ar2_Ar_LUMO,0.6358411713893235,0.112889175073279,2.6734141099094098,LOOCV,ln(kobs) = <nonlinear model; no closed-form linear equation>
azoarene_svr_rbf_c30_eps005_scale,ln(kobs),3,ar2_Ar_HOMO|ar2_isotropic_polarizability_au|ar2_lumo_hartree,0.6358411713893235,0.112889175073279,2.6734141099094098,LOOCV,ln(kobs) = <nonlinear model; no closed-form linear equation>
azoarene_svr_rbf_c30_eps005_scale,ln(kobs),3,ar2_Ar_HOMO|ar2_isotropic_polarizability_au|ar2_Ar_LUMO,0.6358411713893235,0.112889175073279,2.6734141099094098,LOOCV,ln(kobs) = <nonlinear model; no closed-form linear equation>
azoarene_svr_rbf_c30_eps005_scale,ln(kobs),3,ar2_homo_hartree|ar2_Ar_polar|ar2_lumo_hartree,0.6358411713893235,0.112889175073279,2.6734141099094098,LOOCV,ln(kobs) = <nonlinear model; no closed-form linear equation>
azoarene_svr_rbf_c30_eps005_scale,ln(kobs),3,ar2_homo_hartree|ar2_Ar_polar|ar2_Ar_LUMO,0.6358411713893235,0.112889175073279,2.6734141099094098,LOOCV,ln(kobs) = <nonlinear model; no closed-form linear equation>
azoarene_svr_rbf_c30_eps005_scale,ln(kobs),3,ar2_homo_hartree|ar2_isotropic_polarizability_au|ar2_lumo_hartree,0.6358411713893235,0.112889175073279,2.6734141099094098,LOOCV,ln(kobs) = <nonlinear model; no closed-form linear equation>
azoarene_svr_rbf_c30_eps005_scale,ln(kobs),3,ar2_homo_hartree|ar2_isotropic_polarizability_au|ar2_Ar_LUMO,0.6358411713893235,0.112889175073279,2.6734141099094098,LOOCV,ln(kobs) = <nonlinear model; no closed-form linear equation>
azoarene_svr_rbf_c30_eps005_scale,ln(kobs),5,ar2_Ar_HOMO|rate kobs (s-1)|ar1_q_a|ar2_Ar_Ster_B5|ar1_nbo_q_a,0.7928251246195388,0.11245323998907375,2.0164588200738547,LOOCV,ln(kobs) = <nonlinear model; no closed-form linear equation>
azoarene_svr_rbf_c30_eps005_scale,ln(kobs),5,ar2_Ar_HOMO|rate kobs (s-1)|ar1_q_a|ar2_Ar_Ster_B5|ar1_Ar_NBO_OH,0.7928251246195388,0.11245323998907375,2.0164588200738547,LOOCV,ln(kobs) = <nonlinear model; no closed-form linear equation>
azoarene_svr_rbf_c30_eps005_scale,ln(kobs),5,ar2_Ar_HOMO|rate kobs (s-1)|ar1_q_a|ar2_sterimol_B5|ar1_nbo_q_a,0.7928251246195388,0.11245323998907375,2.0164588200738547,LOOCV,ln(kobs) = <nonlinear model; no closed-form linear equation>
azoarene_svr_rbf_c30_eps005_scale,ln(kobs),5,ar2_Ar_HOMO|rate kobs (s-1)|ar1_q_a|ar2_sterimol_B5|ar1_Ar_NBO_OH,0.7928251246195388,0.11245323998907375,2.0164588200738547,LOOCV,ln(kobs) = <nonlinear model; no closed-form linear equation>
azoarene_svr_rbf_c30_eps005_scale,ln(kobs),5,ar2_homo_hartree|rate kobs (s-1)|ar1_q_a|ar2_Ar_Ster_B5|ar1_nbo_q_a,0.7928251246195388,0.11245323998907375,2.0164588200738547,LOOCV,ln(kobs) = <nonlinear model; no closed-form linear equation>
azoarene_svr_rbf_c30_eps005_scale,ln(kobs),5,ar2_homo_hartree|rate kobs (s-1)|ar1_q_a|ar2_Ar_Ster_B5|ar1_Ar_NBO_OH,0.7928251246195388,0.11245323998907375,2.0164588200738547,LOOCV,ln(kobs) = <nonlinear model; no closed-form linear equation>
azoarene_svr_rbf_c30_eps005_scale,ln(kobs),5,ar2_homo_hartree|rate kobs (s-1)|ar1_q_a|ar2_sterimol_B5|ar1_nbo_q_a,0.7928251246195388,0.11245323998907375,2.0164588200738547,LOOCV,ln(kobs) = <nonlinear model; no closed-form linear equation>
azoarene_svr_rbf_c30_eps005_scale,ln(kobs),5,ar2_homo_hartree|rate kobs (s-1)|ar1_q_a|ar2_sterimol_B5|ar1_Ar_NBO_OH,0.7928251246195388,0.11245323998907375,2.0164588200738547,LOOCV,ln(kobs) = <nonlinear model; no closed-form linear equation>
azoarene_svr_rbf_c30_eps005_scale,ln(kobs),5,rate kobs (s-1)|ar1_bond_length_c_a|ar2_lumo_hartree|ar2_gap_hartree|ar2_Ar_Ster_B5,0.774482680435155,0.11236187513754325,2.103830585866426,LOOCV,ln(kobs) = <nonlinear model; no closed-form linear equation>
azoarene_svr_rbf_c30_eps005_scale,ln(kobs),5,rate kobs (s-1)|ar1_bond_length_c_a|ar2_lumo_hartree|ar2_gap_hartree|ar2_sterimol_B5,0.774482680435155,0.11236187513754325,2.103830585866426,LOOCV,ln(kobs) = <nonlinear model; no closed-form linear equation>
azoarene_svr_rbf_c30_eps005_scale,ln(kobs),5,rate kobs (s-1)|ar1_bond_length_c_a|ar2_Ar_LUMO|ar2_gap_hartree|ar2_Ar_Ster_B5,0.774482680435155,0.11236187513754325,2.103830585866426,LOOCV,ln(kobs) = <nonlinear model; no closed-form linear equation>
azoarene_svr_rbf_c30_eps005_scale,ln(kobs),5,rate kobs (s-1)|ar1_bond_length_c_a|ar2_Ar_LUMO|ar2_gap_hartree|ar2_sterimol_B5,0.774482680435155,0.11236187513754325,2.103830585866426,LOOCV,ln(kobs) = <nonlinear model; no closed-form linear equation>
azoarene_svr_rbf_c30_eps005_scale,ln(kobs),3,rate kobs (s-1)|ar1_bond_length_c_a|ar2_lumo_hartree,0.7355218761464415,0.11232589996221731,2.2783250850656405,LOOCV,ln(kobs) = <nonlinear model; no closed-form linear equation>
azoarene_svr_rbf_c30_eps005_scale,ln(kobs),3,rate kobs (s-1)|ar1_bond_length_c_a|ar2_Ar_LUMO,0.7355218761464415,0.11232589996221731,2.2783250850656405,LOOCV,ln(kobs) = <nonlinear model; no closed-form linear equation>
azoarene_svr_rbf_c30_eps005_scale,ln(kobs),5,ar2_Ar_HOMO|ar2_Ar_polar|rate kobs (s-1)|ar1_q_a|ar1_nbo_q_a,0.8014369268545596,0.1116415679963072,1.9741041297993431,LOOCV,ln(kobs) = <nonlinear model; no closed-form linear equation>
azoarene_svr_rbf_c30_eps005_scale,ln(kobs),5,ar2_Ar_HOMO|ar2_Ar_polar|rate kobs (s-1)|ar1_q_a|ar1_Ar_NBO_OH,0.8014369268545596,0.1116415679963072,1.9741041297993431,LOOCV,ln(kobs) = <nonlinear model; no closed-form linear equation>
azoarene_svr_rbf_c30_eps005_scale,ln(kobs),5,ar2_Ar_HOMO|ar2_isotropic_polarizability_au|rate kobs (s-1)|ar1_q_a|ar1_nbo_q_a,0.8014369268545596,0.1116415679963072,1.9741041297993431,LOOCV,ln(kobs) = <nonlinear model; no closed-form linear equation>
azoarene_svr_rbf_c30_eps005_scale,ln(kobs),5,ar2_Ar_HOMO|ar2_isotropic_polarizability_au|rate kobs (s-1)|ar1_q_a|ar1_Ar_NBO_OH,0.8014369268545596,0.1116415679963072,1.9741041297993431,LOOCV,ln(kobs) = <nonlinear model; no closed-form linear equation>
azoarene_svr_rbf_c30_eps005_scale,ln(kobs),5,ar2_homo_hartree|ar2_Ar_polar|rate kobs (s-1)|ar1_q_a|ar1_nbo_q_a,0.8014369268545596,0.1116415679963072,1.9741041297993431,LOOCV,ln(kobs) = <nonlinear model; no closed-form linear equation>
azoarene_svr_rbf_c30_eps005_scale,ln(kobs),5,ar2_homo_hartree|ar2_Ar_polar|rate kobs (s-1)|ar1_q_a|ar1_Ar_NBO_OH,0.8014369268545596,0.1116415679963072,1.9741041297993431,LOOCV,ln(kobs) = <nonlinear model; no closed-form linear equation>
azoarene_svr_rbf_c30_eps005_scale,ln(kobs),5,ar2_homo_hartree|ar2_isotropic_polarizability_au|rate kobs (s-1)|ar1_q_a|ar1_nbo_q_a,0.8014369268545596,0.1116415679963072,1.9741041297993431,LOOCV,ln(kobs) = <nonlinear model; no closed-form linear equation>
azoarene_svr_rbf_c30_eps005_scale,ln(kobs),5,ar2_homo_hartree|ar2_isotropic_polarizability_au|rate kobs (s-1)|ar1_q_a|ar1_Ar_NBO_OH,0.8014369268545596,0.1116415679963072,1.9741041297993431,LOOCV,ln(kobs) = <nonlinear model; no closed-form linear equation>
azoarene_svr_rbf_c30_eps005_scale,ln(kobs),4,ar2_lumo_hartree|ar1_q_a|ar1_bond_length_c_e|ar1_nbo_q_a,0.7389601828004431,0.11082865264568453,2.2634671322683486,LOOCV,ln(kobs) = <nonlinear model; no closed-form linear equation>
azoarene_svr_rbf_c30_eps005_scale,ln(kobs),4,ar2_lumo_hartree|ar1_q_a|ar1_bond_length_c_e|ar1_Ar_NBO_OH,0.7389601828004431,0.11082865264568453,2.2634671322683486,LOOCV,ln(kobs) = <nonlinear model; no closed-form linear equation>
azoarene_svr_rbf_c30_eps005_scale,ln(kobs),4,ar2_Ar_LUMO|ar1_q_a|ar1_bond_length_c_e|ar1_nbo_q_a,0.7389601828004431,0.11082865264568453,2.2634671322683486,LOOCV,ln(kobs) = <nonlinear model; no closed-form linear equation>
azoarene_svr_rbf_c30_eps005_scale,ln(kobs),4,ar2_Ar_LUMO|ar1_q_a|ar1_bond_length_c_e|ar1_Ar_NBO_OH,0.7389601828004431,0.11082865264568453,2.2634671322683486,LOOCV,ln(kobs) = <nonlinear model; no closed-form linear equation>
azoarene_svr_rbf_c30_eps005_scale,ln(kobs),4,ar2_Ar_HOMO|ar1_bond_length_c_a|ar1_q_a|ar2_Ar_Ster_B5,0.78459201535111,0.1107262090422414,2.0561354124576483,LOOCV,ln(kobs) = <nonlinear model; no closed-form linear equation>
azoarene_svr_rbf_c30_eps005_scale,ln(kobs),4,ar2_Ar_HOMO|ar1_bond_length_c_a|ar1_q_a|ar2_sterimol_B5,0.78459201535111,0.1107262090422414,2.0561354124576483,LOOCV,ln(kobs) = <nonlinear model; no closed-form linear equation>
azoarene_svr_rbf_c30_eps005_scale,ln(kobs),4,ar2_homo_hartree|ar1_bond_length_c_a|ar1_q_a|ar2_Ar_Ster_B5,0.78459201535111,0.1107262090422414,2.0561354124576483,LOOCV,ln(kobs) = <nonlinear model; no closed-form linear equation>
azoarene_svr_rbf_c30_eps005_scale,ln(kobs),4,ar2_homo_hartree|ar1_bond_length_c_a|ar1_q_a|ar2_sterimol_B5,0.78459201535111,0.1107262090422414,2.0561354124576483,LOOCV,ln(kobs) = <nonlinear model; no closed-form linear equation>
azoarene_svr_rbf_c30_eps005_scale,ln(kobs),5,ar2_Ar_HOMO|ar1_bond_length_c_a|ar1_q_a|ar2_Ar_Ster_B5|ar2_sterimol_B5,0.7699356754479377,0.11014383644917958,2.124934040059192,LOOCV,ln(kobs) = <nonlinear model; no closed-form linear equation>
azoarene_svr_rbf_c30_eps005_scale,ln(kobs),5,ar2_homo_hartree|ar1_bond_length_c_a|ar1_q_a|ar2_Ar_Ster_B5|ar2_sterimol_B5,0.7699356754479377,0.11014383644917958,2.124934040059192,LOOCV,ln(kobs) = <nonlinear model; no closed-form linear equation>
azoarene_svr_rbf_c30_eps005_scale,ln(kobs),3,ar2_Ar_HOMO|ar2_Ar_polar|ar2_gap_hartree,0.6360868262161579,0.11001108924767378,2.6725122398712946,LOOCV,ln(kobs) = <nonlinear model; no closed-form linear equation>
azoarene_svr_rbf_c30_eps005_scale,ln(kobs),3,ar2_Ar_HOMO|ar2_isotropic_polarizability_au|ar2_gap_hartree,0.6360868262161579,0.11001108924767378,2.6725122398712946,LOOCV,ln(kobs) = <nonlinear model; no closed-form linear equation>
azoarene_svr_rbf_c30_eps005_scale,ln(kobs),3,ar2_homo_hartree|ar2_Ar_polar|ar2_gap_hartree,0.6360868262161579,0.11001108924767378,2.6725122398712946,LOOCV,ln(kobs) = <nonlinear model; no closed-form linear equation>
azoarene_svr_rbf_c30_eps005_scale,ln(kobs),3,ar2_homo_hartree|ar2_isotropic_polarizability_au|ar2_gap_hartree,0.6360868262161579,0.11001108924767378,2.6725122398712946,LOOCV,ln(kobs) = <nonlinear model; no closed-form linear equation>
azoarene_svr_rbf_c30_eps005_scale,ln(kobs),4,ar2_Ar_polar|ar2_gap_hartree|ar1_bond_length_c_e|ar2_Ar_Ster_B5,0.7140943956683279,0.10899628110484683,2.3688204759982243,LOOCV,ln(kobs) = <nonlinear model; no closed-form linear equation>
azoarene_svr_rbf_c30_eps005_scale,ln(kobs),4,ar2_Ar_polar|ar2_gap_hartree|ar1_bond_length_c_e|ar2_sterimol_B5,0.7140943956683279,0.10899628110484683,2.3688204759982243,LOOCV,ln(kobs) = <nonlinear model; no closed-form linear equation>
azoarene_svr_rbf_c30_eps005_scale,ln(kobs),4,ar2_isotropic_polarizability_au|ar2_gap_hartree|ar1_bond_length_c_e|ar2_Ar_Ster_B5,0.7140943956683279,0.10899628110484683,2.3688204759982243,LOOCV,ln(kobs) = <nonlinear model; no closed-form linear equation>
azoarene_svr_rbf_c30_eps005_scale,ln(kobs),4,ar2_isotropic_polarizability_au|ar2_gap_hartree|ar1_bond_length_c_e|ar2_sterimol_B5,0.7140943956683279,0.10899628110484683,2.3688204759982243,LOOCV,ln(kobs) = <nonlinear model; no closed-form linear equation>
azoarene_svr_rbf_c30_eps005_scale,ln(kobs),4,ar1_bond_length_c_a|ar2_lumo_hartree|ar1_q_a|ar1_bond_length_c_e,0.7400172423355584,0.1082754202205477,2.258879620224156,LOOCV,ln(kobs) = <nonlinear model; no closed-form linear equation>
azoarene_svr_rbf_c30_eps005_scale,ln(kobs),4,ar1_bond_length_c_a|ar2_Ar_LUMO|ar1_q_a|ar1_bond_length_c_e,0.7400172423355584,0.1082754202205477,2.258879620224156,LOOCV,ln(kobs) = <nonlinear model; no closed-form linear equation>
azoarene_svr_rbf_c30_eps005_scale,ln(kobs),3,rate kobs (s-1)|ar1_bond_length_c_e|ar1_nbo_q_a,0.5340660132345791,0.10793442439213796,3.0240085128924896,LOOCV,ln(kobs) = <nonlinear model; no closed-form linear equation>
azoarene_svr_rbf_c30_eps005_scale,ln(kobs),3,rate kobs (s-1)|ar1_bond_length_c_e|ar1_Ar_NBO_OH,0.5340660132345791,0.10793442439213796,3.0240085128924896,LOOCV,ln(kobs) = <nonlinear model; no closed-form linear equation>
azoarene_svr_rbf_c30_eps005_scale,ln(kobs),4,rate kobs (s-1)|ar2_lumo_hartree|ar2_Ar_LUMO|ar1_bond_length_c_e,0.7335283356054336,0.10730190410255003,2.28689556076129,LOOCV,ln(kobs) = <nonlinear model; no closed-form linear equation>
azoarene_svr_rbf_c30_eps005_scale,ln(kobs),4,rate kobs (s-1)|ar2_lumo_hartree|ar2_Ar_LUMO|ar1_nbo_q_a,0.7061401917489456,0.10637579208766146,2.4015459996616424,LOOCV,ln(kobs) = <nonlinear model; no closed-form linear equation>
azoarene_svr_rbf_c30_eps005_scale,ln(kobs),4,rate kobs (s-1)|ar2_lumo_hartree|ar2_Ar_LUMO|ar1_Ar_NBO_OH,0.7061401917489456,0.10637579208766146,2.4015459996616424,LOOCV,ln(kobs) = <nonlinear model; no closed-form linear equation>
azoarene_svr_rbf_c30_eps005_scale,ln(kobs),4,ar2_Ar_HOMO|rate kobs (s-1)|ar1_q_a|ar1_bond_length_c_e,0.8370824346438454,0.10621724574073554,1.7881533878555327,LOOCV,ln(kobs) = <nonlinear model; no closed-form linear equation>
azoarene_svr_rbf_c30_eps005_scale,ln(kobs),4,ar2_homo_hartree|rate kobs (s-1)|ar1_q_a|ar1_bond_length_c_e,0.8370824346438454,0.10621724574073554,1.7881533878555327,LOOCV,ln(kobs) = <nonlinear model; no closed-form linear equation>
azoarene_svr_rbf_c30_eps005_scale,ln(kobs),4,ar2_Ar_HOMO|ar2_homo_hartree|ar1_bond_length_c_a|ar2_lumo_hartree,0.7412643787177873,0.10607531226823175,2.253455188326818,LOOCV,ln(kobs) = <nonlinear model; no closed-form linear equation>
azoarene_svr_rbf_c30_eps005_scale,ln(kobs),4,ar2_Ar_HOMO|ar2_homo_hartree|ar1_bond_length_c_a|ar2_Ar_LUMO,0.7412643787177873,0.10607531226823175,2.253455188326818,LOOCV,ln(kobs) = <nonlinear model; no closed-form linear equation>
azoarene_svr_rbf_c30_eps005_scale,ln(kobs),5,ar2_Ar_HOMO|ar2_Ar_polar|ar2_gibbs_free_energy_hartree|ar1_q_a|ar1_bond_length_c_e,0.8058822420352594,0.10458419843729094,1.9518814984648605,LOOCV,ln(kobs) = <nonlinear model; no closed-form linear equation>
azoarene_svr_rbf_c30_eps005_scale,ln(kobs),5,ar2_Ar_HOMO|ar2_isotropic_polarizability_au|ar2_gibbs_free_energy_hartree|ar1_q_a|ar1_bond_length_c_e,0.8058822420352594,0.10458419843729094,1.9518814984648605,LOOCV,ln(kobs) = <nonlinear model; no closed-form linear equation>
azoarene_svr_rbf_c30_eps005_scale,ln(kobs),5,ar2_homo_hartree|ar2_Ar_polar|ar2_gibbs_free_energy_hartree|ar1_q_a|ar1_bond_length_c_e,0.8058822420352594,0.10458419843729094,1.9518814984648605,LOOCV,ln(kobs) = <nonlinear model; no closed-form linear equation>
azoarene_svr_rbf_c30_eps005_scale,ln(kobs),5,ar2_homo_hartree|ar2_isotropic_polarizability_au|ar2_gibbs_free_energy_hartree|ar1_q_a|ar1_bond_length_c_e,0.8058822420352594,0.10458419843729094,1.9518814984648605,LOOCV,ln(kobs) = <nonlinear model; no closed-form linear equation>
azoarene_svr_rbf_c30_eps005_scale,ln(kobs),5,ar2_Ar_HOMO|ar2_Ar_polar|ar2_enthalpy_hartree|ar1_q_a|ar1_bond_length_c_e,0.8058713695954224,0.10457260958093295,1.9519361596592752,LOOCV,ln(kobs) = <nonlinear model; no closed-form linear equation>
azoarene_svr_rbf_c30_eps005_scale,ln(kobs),5,ar2_Ar_HOMO|ar2_isotropic_polarizability_au|ar2_enthalpy_hartree|ar1_q_a|ar1_bond_length_c_e,0.8058713695954224,0.10457260958093295,1.9519361596592752,LOOCV,ln(kobs) = <nonlinear model; no closed-form linear equation>
azoarene_svr_rbf_c30_eps005_scale,ln(kobs),5,ar2_homo_hartree|ar2_Ar_polar|ar2_enthalpy_hartree|ar1_q_a|ar1_bond_length_c_e,0.8058713695954224,0.10457260958093295,1.9519361596592752,LOOCV,ln(kobs) = <nonlinear model; no closed-form linear equation>
azoarene_svr_rbf_c30_eps005_scale,ln(kobs),5,ar2_homo_hartree|ar2_isotropic_polarizability_au|ar2_enthalpy_hartree|ar1_q_a|ar1_bond_length_c_e,0.8058713695954224,0.10457260958093295,1.9519361596592752,LOOCV,ln(kobs) = <nonlinear model; no closed-form linear equation>
azoarene_svr_rbf_c30_eps005_scale,ln(kobs),5,ar2_Ar_HOMO|ar2_Ar_polar|ar2_scf_energy_hartree|ar1_q_a|ar1_bond_length_c_e,0.8058828900573036,0.10452276328540899,1.9518782404855095,LOOCV,ln(kobs) = <nonlinear model; no closed-form linear equation>
azoarene_svr_rbf_c30_eps005_scale,ln(kobs),5,ar2_Ar_HOMO|ar2_isotropic_polarizability_au|ar2_scf_energy_hartree|ar1_q_a|ar1_bond_length_c_e,0.8058828900573036,0.10452276328540899,1.9518782404855095,LOOCV,ln(kobs) = <nonlinear model; no closed-form linear equation>
azoarene_svr_rbf_c30_eps005_scale,ln(kobs),5,ar2_homo_hartree|ar2_Ar_polar|ar2_scf_energy_hartree|ar1_q_a|ar1_bond_length_c_e,0.8058828900573036,0.10452276328540899,1.9518782404855095,LOOCV,ln(kobs) = <nonlinear model; no closed-form linear equation>
azoarene_svr_rbf_c30_eps005_scale,ln(kobs),5,ar2_homo_hartree|ar2_isotropic_polarizability_au|ar2_scf_energy_hartree|ar1_q_a|ar1_bond_length_c_e,0.8058828900573036,0.10452276328540899,1.9518782404855095,LOOCV,ln(kobs) = <nonlinear model; no closed-form linear equation>
azoarene_svr_rbf_c30_eps005_scale,ln(kobs),4,ar2_Ar_polar|ar2_lumo_hartree|ar1_bond_length_c_e|ar2_Ar_Ster_B5,0.7136856692724673,0.10442574538204419,2.3705130865262602,LOOCV,ln(kobs) = <nonlinear model; no closed-form linear equation>
azoarene_svr_rbf_c30_eps005_scale,ln(kobs),4,ar2_Ar_polar|ar2_lumo_hartree|ar1_bond_length_c_e|ar2_sterimol_B5,0.7136856692724673,0.10442574538204419,2.3705130865262602,LOOCV,ln(kobs) = <nonlinear model; no closed-form linear equation>
azoarene_svr_rbf_c30_eps005_scale,ln(kobs),4,ar2_Ar_polar|ar2_Ar_LUMO|ar1_bond_length_c_e|ar2_Ar_Ster_B5,0.7136856692724673,0.10442574538204419,2.3705130865262602,LOOCV,ln(kobs) = <nonlinear model; no closed-form linear equation>
azoarene_svr_rbf_c30_eps005_scale,ln(kobs),4,ar2_Ar_polar|ar2_Ar_LUMO|ar1_bond_length_c_e|ar2_sterimol_B5,0.7136856692724673,0.10442574538204419,2.3705130865262602,LOOCV,ln(kobs) = <nonlinear model; no closed-form linear equation>
azoarene_svr_rbf_c30_eps005_scale,ln(kobs),4,ar2_isotropic_polarizability_au|ar2_lumo_hartree|ar1_bond_length_c_e|ar2_Ar_Ster_B5,0.7136856692724673,0.10442574538204419,2.3705130865262602,LOOCV,ln(kobs) = <nonlinear model; no closed-form linear equation>
azoarene_svr_rbf_c30_eps005_scale,ln(kobs),4,ar2_isotropic_polarizability_au|ar2_lumo_hartree|ar1_bond_length_c_e|ar2_sterimol_B5,0.7136856692724673,0.10442574538204419,2.3705130865262602,LOOCV,ln(kobs) = <nonlinear model; no closed-form linear equation>
azoarene_svr_rbf_c30_eps005_scale,ln(kobs),4,ar2_isotropic_polarizability_au|ar2_Ar_LUMO|ar1_bond_length_c_e|ar2_Ar_Ster_B5,0.7136856692724673,0.10442574538204419,2.3705130865262602,LOOCV,ln(kobs) = <nonlinear model; no closed-form linear equation>
azoarene_svr_rbf_c30_eps005_scale,ln(kobs),4,ar2_isotropic_polarizability_au|ar2_Ar_LUMO|ar1_bond_length_c_e|ar2_sterimol_B5,0.7136856692724673,0.10442574538204419,2.3705130865262602,LOOCV,ln(kobs) = <nonlinear model; no closed-form linear equation>
azoarene_svr_rbf_c30_eps005_scale,ln(kobs),4,rate kobs (s-1)|ar2_lumo_hartree|ar2_gap_hartree|ar1_nbo_q_a,0.7028599879203765,0.10288532214707424,2.4149124055663003,LOOCV,ln(kobs) = <nonlinear model; no closed-form linear equation>
azoarene_svr_rbf_c30_eps005_scale,ln(kobs),4,rate kobs (s-1)|ar2_lumo_hartree|ar2_gap_hartree|ar1_Ar_NBO_OH,0.7028599879203765,0.10288532214707424,2.4149124055663003,LOOCV,ln(kobs) = <nonlinear model; no closed-form linear equation>
azoarene_svr_rbf_c30_eps005_scale,ln(kobs),4,rate kobs (s-1)|ar2_Ar_LUMO|ar2_gap_hartree|ar1_nbo_q_a,0.7028599879203765,0.10288532214707424,2.4149124055663003,LOOCV,ln(kobs) = <nonlinear model; no closed-form linear equation>
azoarene_svr_rbf_c30_eps005_scale,ln(kobs),4,rate kobs (s-1)|ar2_Ar_LUMO|ar2_gap_hartree|ar1_Ar_NBO_OH,0.7028599879203765,0.10288532214707424,2.4149124055663003,LOOCV,ln(kobs) = <nonlinear model; no closed-form linear equation>
azoarene_svr_rbf_c30_eps005_scale,ln(kobs),4,ar2_gap_hartree|ar1_bond_length_c_e|ar2_Ar_Ster_B5|ar1_nbo_q_a,0.7106321426215643,0.10237071042163626,2.3831202580723607,LOOCV,ln(kobs) = <nonlinear model; no closed-form linear equation>
azoarene_svr_rbf_c30_eps005_scale,ln(kobs),4,ar2_gap_hartree|ar1_bond_length_c_e|ar2_Ar_Ster_B5|ar1_Ar_NBO_OH,0.7106321426215643,0.10237071042163626,2.3831202580723607,LOOCV,ln(kobs) = <nonlinear model; no closed-form linear equation>
azoarene_svr_rbf_c30_eps005_scale,ln(kobs),4,ar2_gap_hartree|ar1_bond_length_c_e|ar2_sterimol_B5|ar1_nbo_q_a,0.7106321426215643,0.10237071042163626,2.3831202580723607,LOOCV,ln(kobs) = <nonlinear model; no closed-form linear equation>
azoarene_svr_rbf_c30_eps005_scale,ln(kobs),4,ar2_gap_hartree|ar1_bond_length_c_e|ar2_sterimol_B5|ar1_Ar_NBO_OH,0.7106321426215643,0.10237071042163626,2.3831202580723607,LOOCV,ln(kobs) = <nonlinear model; no closed-form linear equation>
azoarene_svr_rbf_c30_eps005_scale,ln(kobs),3,ar2_Ar_polar|ar1_bond_length_c_a|ar1_bond_length_c_e,0.5264739875054474,0.10131205477079741,3.048545875809354,LOOCV,ln(kobs) = <nonlinear model; no closed-form linear equation>
azoarene_svr_rbf_c30_eps005_scale,ln(kobs),3,ar2_isotropic_polarizability_au|ar1_bond_length_c_a|ar1_bond_length_c_e,0.5264739875054474,0.10131205477079741,3.048545875809354,LOOCV,ln(kobs) = <nonlinear model; no closed-form linear equation>
azoarene_svr_rbf_c30_eps005_scale,ln(kobs),5,ar2_Ar_HOMO|ar2_Ar_polar|rate kobs (s-1)|ar1_q_a|ar2_Ar_Ster_B5,0.7715066148909436,0.1005904885812039,2.117666810186606,LOOCV,ln(kobs) = <nonlinear model; no closed-form linear equation>
azoarene_svr_rbf_c30_eps005_scale,ln(kobs),5,ar2_Ar_HOMO|ar2_Ar_polar|rate kobs (s-1)|ar1_q_a|ar2_sterimol_B5,0.7715066148909436,0.1005904885812039,2.117666810186606,LOOCV,ln(kobs) = <nonlinear model; no closed-form linear equation>
azoarene_svr_rbf_c30_eps005_scale,ln(kobs),5,ar2_Ar_HOMO|ar2_isotropic_polarizability_au|rate kobs (s-1)|ar1_q_a|ar2_Ar_Ster_B5,0.7715066148909436,0.1005904885812039,2.117666810186606,LOOCV,ln(kobs) = <nonlinear model; no closed-form linear equation>
azoarene_svr_rbf_c30_eps005_scale,ln(kobs),5,ar2_Ar_HOMO|ar2_isotropic_polarizability_au|rate kobs (s-1)|ar1_q_a|ar2_sterimol_B5,0.7715066148909436,0.1005904885812039,2.117666810186606,LOOCV,ln(kobs) = <nonlinear model; no closed-form linear equation>
azoarene_svr_rbf_c30_eps005_scale,ln(kobs),5,ar2_homo_hartree|ar2_Ar_polar|rate kobs (s-1)|ar1_q_a|ar2_Ar_Ster_B5,0.7715066148909436,0.1005904885812039,2.117666810186606,LOOCV,ln(kobs) = <nonlinear model; no closed-form linear equation>
azoarene_svr_rbf_c30_eps005_scale,ln(kobs),5,ar2_homo_hartree|ar2_Ar_polar|rate kobs (s-1)|ar1_q_a|ar2_sterimol_B5,0.7715066148909436,0.1005904885812039,2.117666810186606,LOOCV,ln(kobs) = <nonlinear model; no closed-form linear equation>
azoarene_svr_rbf_c30_eps005_scale,ln(kobs),5,ar2_homo_hartree|ar2_isotropic_polarizability_au|rate kobs (s-1)|ar1_q_a|ar2_Ar_Ster_B5,0.7715066148909436,0.1005904885812039,2.117666810186606,LOOCV,ln(kobs) = <nonlinear model; no closed-form linear equation>
azoarene_svr_rbf_c30_eps005_scale,ln(kobs),5,ar2_homo_hartree|ar2_isotropic_polarizability_au|rate kobs (s-1)|ar1_q_a|ar2_sterimol_B5,0.7715066148909436,0.1005904885812039,2.117666810186606,LOOCV,ln(kobs) = <nonlinear model; no closed-form linear equation>
azoarene_svr_rbf_c30_eps005_scale,ln(kobs),4,rate kobs (s-1)|ar2_lumo_hartree|ar2_gap_hartree|ar1_bond_length_c_e,0.7303112375376621,0.10035368589398741,2.3006589278272345,LOOCV,ln(kobs) = <nonlinear model; no closed-form linear equation>
azoarene_svr_rbf_c30_eps005_scale,ln(kobs),4,rate kobs (s-1)|ar2_Ar_LUMO|ar2_gap_hartree|ar1_bond_length_c_e,0.7303112375376621,0.10035368589398741,2.3006589278272345,LOOCV,ln(kobs) = <nonlinear model; no closed-form linear equation>
azoarene_svr_rbf_c30_eps005_scale,ln(kobs),5,ar2_Ar_HOMO|rate kobs (s-1)|ar2_lumo_hartree|ar2_Ar_LUMO|ar1_q_a,0.7654672803195939,0.09961025101478305,2.1454704339964463,LOOCV,ln(kobs) = <nonlinear model; no closed-form linear equation>
azoarene_svr_rbf_c30_eps005_scale,ln(kobs),5,ar2_homo_hartree|rate kobs (s-1)|ar2_lumo_hartree|ar2_Ar_LUMO|ar1_q_a,0.7654672803195939,0.09961025101478305,2.1454704339964463,LOOCV,ln(kobs) = <nonlinear model; no closed-form linear equation>
azoarene_svr_rbf_c30_eps005_scale,ln(kobs),3,ar2_lumo_hartree|ar1_q_a|ar1_bond_length_c_e,0.7642780947501819,0.09901644693083056,2.1509028029211583,LOOCV,ln(kobs) = <nonlinear model; no closed-form linear equation>
azoarene_svr_rbf_c30_eps005_scale,ln(kobs),3,ar2_Ar_LUMO|ar1_q_a|ar1_bond_length_c_e,0.7642780947501819,0.09901644693083056,2.1509028029211583,LOOCV,ln(kobs) = <nonlinear model; no closed-form linear equation>
azoarene_svr_rbf_c30_eps005_scale,ln(kobs),3,ar2_Ar_HOMO|ar2_gibbs_free_energy_hartree|ar2_enthalpy_hartree,0.6007715644300181,0.09850631545758148,2.7991846481134295,LOOCV,ln(kobs) = <nonlinear model; no closed-form linear equation>
azoarene_svr_rbf_c30_eps005_scale,ln(kobs),3,ar2_homo_hartree|ar2_gibbs_free_energy_hartree|ar2_enthalpy_hartree,0.6007715644300181,0.09850631545758148,2.7991846481134295,LOOCV,ln(kobs) = <nonlinear model; no closed-form linear equation>
azoarene_svr_rbf_c30_eps005_scale,ln(kobs),3,ar2_Ar_HOMO|ar2_scf_energy_hartree|ar2_gibbs_free_energy_hartree,0.6007615505229388,0.09843634185869965,2.799219754078704,LOOCV,ln(kobs) = <nonlinear model; no closed-form linear equation>
azoarene_svr_rbf_c30_eps005_scale,ln(kobs),3,ar2_homo_hartree|ar2_scf_energy_hartree|ar2_gibbs_free_energy_hartree,0.6007615505229388,0.09843634185869965,2.799219754078704,LOOCV,ln(kobs) = <nonlinear model; no closed-form linear equation>
azoarene_svr_rbf_c30_eps005_scale,ln(kobs),3,ar2_Ar_HOMO|ar2_scf_energy_hartree|ar2_enthalpy_hartree,0.6007604459071823,0.09843535961883632,2.7992236265265,LOOCV,ln(kobs) = <nonlinear model; no closed-form linear equation>
azoarene_svr_rbf_c30_eps005_scale,ln(kobs),3,ar2_homo_hartree|ar2_scf_energy_hartree|ar2_enthalpy_hartree,0.6007604459071823,0.09843535961883632,2.7992236265265,LOOCV,ln(kobs) = <nonlinear model; no closed-form linear equation>
azoarene_svr_rbf_c30_eps005_scale,ln(kobs),4,ar2_Ar_HOMO|ar2_homo_hartree|ar1_bond_length_c_a|ar2_gap_hartree,0.741834492798003,0.09803855398090788,2.2509711178731635,LOOCV,ln(kobs) = <nonlinear model; no closed-form linear equation>
azoarene_svr_rbf_c30_eps005_scale,ln(kobs),5,ar2_Ar_HOMO|ar2_Ar_polar|ar2_isotropic_polarizability_au|ar1_q_a|ar1_bond_length_c_e,0.7896538613846532,0.09799795046338888,2.031833357983823,LOOCV,ln(kobs) = <nonlinear model; no closed-form linear equation>
azoarene_svr_rbf_c30_eps005_scale,ln(kobs),5,ar2_homo_hartree|ar2_Ar_polar|ar2_isotropic_polarizability_au|ar1_q_a|ar1_bond_length_c_e,0.7896538613846532,0.09799795046338888,2.031833357983823,LOOCV,ln(kobs) = <nonlinear model; no closed-form linear equation>
azoarene_svr_rbf_c30_eps005_scale,ln(kobs),5,ar2_Ar_HOMO|rate kobs (s-1)|ar1_bond_length_c_a|ar2_lumo_hartree|ar1_q_a,0.8217407893839476,0.09608525980745353,1.8704530163094126,LOOCV,ln(kobs) = <nonlinear model; no closed-form linear equation>
azoarene_svr_rbf_c30_eps005_scale,ln(kobs),5,ar2_Ar_HOMO|rate kobs (s-1)|ar1_bond_length_c_a|ar2_Ar_LUMO|ar1_q_a,0.8217407893839476,0.09608525980745353,1.8704530163094126,LOOCV,ln(kobs) = <nonlinear model; no closed-form linear equation>
azoarene_svr_rbf_c30_eps005_scale,ln(kobs),5,ar2_homo_hartree|rate kobs (s-1)|ar1_bond_length_c_a|ar2_lumo_hartree|ar1_q_a,0.8217407893839476,0.09608525980745353,1.8704530163094126,LOOCV,ln(kobs) = <nonlinear model; no closed-form linear equation>
azoarene_svr_rbf_c30_eps005_scale,ln(kobs),5,ar2_homo_hartree|rate kobs (s-1)|ar1_bond_length_c_a|ar2_Ar_LUMO|ar1_q_a,0.8217407893839476,0.09608525980745353,1.8704530163094126,LOOCV,ln(kobs) = <nonlinear model; no closed-form linear equation>
azoarene_svr_rbf_c30_eps005_scale,ln(kobs),4,ar2_Ar_HOMO|ar2_scf_energy_hartree|ar2_lumo_hartree|ar1_bond_length_c_e,0.7508113086782322,0.0955542972898118,2.211489994488523,LOOCV,ln(kobs) = <nonlinear model; no closed-form linear equation>
azoarene_svr_rbf_c30_eps005_scale,ln(kobs),4,ar2_Ar_HOMO|ar2_scf_energy_hartree|ar2_Ar_LUMO|ar1_bond_length_c_e,0.7508113086782322,0.0955542972898118,2.211489994488523,LOOCV,ln(kobs) = <nonlinear model; no closed-form linear equation>
azoarene_svr_rbf_c30_eps005_scale,ln(kobs),4,ar2_homo_hartree|ar2_scf_energy_hartree|ar2_lumo_hartree|ar1_bond_length_c_e,0.7508113086782322,0.0955542972898118,2.211489994488523,LOOCV,ln(kobs) = <nonlinear model; no closed-form linear equation>
azoarene_svr_rbf_c30_eps005_scale,ln(kobs),4,ar2_homo_hartree|ar2_scf_energy_hartree|ar2_Ar_LUMO|ar1_bond_length_c_e,0.7508113086782322,0.0955542972898118,2.211489994488523,LOOCV,ln(kobs) = <nonlinear model; no closed-form linear equation>
azoarene_svr_rbf_c30_eps005_scale,ln(kobs),4,ar2_Ar_HOMO|ar2_gibbs_free_energy_hartree|ar2_lumo_hartree|ar1_bond_length_c_e,0.7508110489279449,0.09550817878290074,2.2114911470990375,LOOCV,ln(kobs) = <nonlinear model; no closed-form linear equation>
azoarene_svr_rbf_c30_eps005_scale,ln(kobs),4,ar2_Ar_HOMO|ar2_gibbs_free_energy_hartree|ar2_Ar_LUMO|ar1_bond_length_c_e,0.7508110489279449,0.09550817878290074,2.2114911470990375,LOOCV,ln(kobs) = <nonlinear model; no closed-form linear equation>
azoarene_svr_rbf_c30_eps005_scale,ln(kobs),4,ar2_homo_hartree|ar2_gibbs_free_energy_hartree|ar2_lumo_hartree|ar1_bond_length_c_e,0.7508110489279449,0.09550817878290074,2.2114911470990375,LOOCV,ln(kobs) = <nonlinear model; no closed-form linear equation>
azoarene_svr_rbf_c30_eps005_scale,ln(kobs),4,ar2_homo_hartree|ar2_gibbs_free_energy_hartree|ar2_Ar_LUMO|ar1_bond_length_c_e,0.7508110489279449,0.09550817878290074,2.2114911470990375,LOOCV,ln(kobs) = <nonlinear model; no closed-form linear equation>
azoarene_svr_rbf_c30_eps005_scale,ln(kobs),4,ar2_Ar_HOMO|ar2_enthalpy_hartree|ar2_lumo_hartree|ar1_bond_length_c_e,0.7508129018172689,0.09548722396231546,2.2114829251133994,LOOCV,ln(kobs) = <nonlinear model; no closed-form linear equation>
azoarene_svr_rbf_c30_eps005_scale,ln(kobs),4,ar2_Ar_HOMO|ar2_enthalpy_hartree|ar2_Ar_LUMO|ar1_bond_length_c_e,0.7508129018172689,0.09548722396231546,2.2114829251133994,LOOCV,ln(kobs) = <nonlinear model; no closed-form linear equation>
azoarene_svr_rbf_c30_eps005_scale,ln(kobs),4,ar2_homo_hartree|ar2_enthalpy_hartree|ar2_lumo_hartree|ar1_bond_length_c_e,0.7508129018172689,0.09548722396231546,2.2114829251133994,LOOCV,ln(kobs) = <nonlinear model; no closed-form linear equation>
azoarene_svr_rbf_c30_eps005_scale,ln(kobs),4,ar2_homo_hartree|ar2_enthalpy_hartree|ar2_Ar_LUMO|ar1_bond_length_c_e,0.7508129018172689,0.09548722396231546,2.2114829251133994,LOOCV,ln(kobs) = <nonlinear model; no closed-form linear equation>
azoarene_svr_rbf_c30_eps005_scale,ln(kobs),3,ar1_bond_length_c_a|ar1_q_a|ar1_nbo_q_a,0.4923702516442957,0.09543679018133933,3.156416802749349,LOOCV,ln(kobs) = <nonlinear model; no closed-form linear equation>
azoarene_svr_rbf_c30_eps005_scale,ln(kobs),3,ar1_bond_length_c_a|ar1_q_a|ar1_Ar_NBO_OH,0.4923702516442957,0.09543679018133933,3.156416802749349,LOOCV,ln(kobs) = <nonlinear model; no closed-form linear equation>
azoarene_svr_rbf_c30_eps005_scale,ln(kobs),5,ar2_Ar_HOMO|rate kobs (s-1)|ar2_lumo_hartree|ar2_gap_hartree|ar1_q_a,0.7653780675052229,0.09437802061028977,2.1458784479774384,LOOCV,ln(kobs) = <nonlinear model; no closed-form linear equation>
azoarene_svr_rbf_c30_eps005_scale,ln(kobs),5,ar2_Ar_HOMO|rate kobs (s-1)|ar2_Ar_LUMO|ar2_gap_hartree|ar1_q_a,0.7653780675052229,0.09437802061028977,2.1458784479774384,LOOCV,ln(kobs) = <nonlinear model; no closed-form linear equation>
azoarene_svr_rbf_c30_eps005_scale,ln(kobs),5,ar2_homo_hartree|rate kobs (s-1)|ar2_lumo_hartree|ar2_gap_hartree|ar1_q_a,0.7653780675052229,0.09437802061028977,2.1458784479774384,LOOCV,ln(kobs) = <nonlinear model; no closed-form linear equation>
azoarene_svr_rbf_c30_eps005_scale,ln(kobs),5,ar2_homo_hartree|rate kobs (s-1)|ar2_Ar_LUMO|ar2_gap_hartree|ar1_q_a,0.7653780675052229,0.09437802061028977,2.1458784479774384,LOOCV,ln(kobs) = <nonlinear model; no closed-form linear equation>
azoarene_svr_rbf_c30_eps005_scale,ln(kobs),5,ar2_Ar_HOMO|rate kobs (s-1)|ar2_lumo_hartree|ar1_q_a|ar2_Ar_Ster_B5,0.7797428214506559,0.09364710908670881,2.0791501313858998,LOOCV,ln(kobs) = <nonlinear model; no closed-form linear equation>
azoarene_svr_rbf_c30_eps005_scale,ln(kobs),5,ar2_Ar_HOMO|rate kobs (s-1)|ar2_lumo_hartree|ar1_q_a|ar2_sterimol_B5,0.7797428214506559,0.09364710908670881,2.0791501313858998,LOOCV,ln(kobs) = <nonlinear model; no closed-form linear equation>
azoarene_svr_rbf_c30_eps005_scale,ln(kobs),5,ar2_Ar_HOMO|rate kobs (s-1)|ar2_Ar_LUMO|ar1_q_a|ar2_Ar_Ster_B5,0.7797428214506559,0.09364710908670881,2.0791501313858998,LOOCV,ln(kobs) = <nonlinear model; no closed-form linear equation>
azoarene_svr_rbf_c30_eps005_scale,ln(kobs),5,ar2_Ar_HOMO|rate kobs (s-1)|ar2_Ar_LUMO|ar1_q_a|ar2_sterimol_B5,0.7797428214506559,0.09364710908670881,2.0791501313858998,LOOCV,ln(kobs) = <nonlinear model; no closed-form linear equation>
azoarene_svr_rbf_c30_eps005_scale,ln(kobs),5,ar2_homo_hartree|rate kobs (s-1)|ar2_lumo_hartree|ar1_q_a|ar2_Ar_Ster_B5,0.7797428214506559,0.09364710908670881,2.0791501313858998,LOOCV,ln(kobs) = <nonlinear model; no closed-form linear equation>
azoarene_svr_rbf_c30_eps005_scale,ln(kobs),5,ar2_homo_hartree|rate kobs (s-1)|ar2_lumo_hartree|ar1_q_a|ar2_sterimol_B5,0.7797428214506559,0.09364710908670881,2.0791501313858998,LOOCV,ln(kobs) = <nonlinear model; no closed-form linear equation>
azoarene_svr_rbf_c30_eps005_scale,ln(kobs),5,ar2_homo_hartree|rate kobs (s-1)|ar2_Ar_LUMO|ar1_q_a|ar2_Ar_Ster_B5,0.7797428214506559,0.09364710908670881,2.0791501313858998,LOOCV,ln(kobs) = <nonlinear model; no closed-form linear equation>
azoarene_svr_rbf_c30_eps005_scale,ln(kobs),5,ar2_homo_hartree|rate kobs (s-1)|ar2_Ar_LUMO|ar1_q_a|ar2_sterimol_B5,0.7797428214506559,0.09364710908670881,2.0791501313858998,LOOCV,ln(kobs) = <nonlinear model; no closed-form linear equation>
azoarene_svr_rbf_c30_eps005_scale,ln(kobs),3,ar2_lumo_hartree|ar1_bond_length_c_e|ar1_nbo_q_a,0.6988531723835893,0.0933916657251429,2.4311399525568365,LOOCV,ln(kobs) = <nonlinear model; no closed-form linear equation>
azoarene_svr_rbf_c30_eps005_scale,ln(kobs),3,ar2_lumo_hartree|ar1_bond_length_c_e|ar1_Ar_NBO_OH,0.6988531723835893,0.0933916657251429,2.4311399525568365,LOOCV,ln(kobs) = <nonlinear model; no closed-form linear equation>
azoarene_svr_rbf_c30_eps005_scale,ln(kobs),3,ar2_Ar_LUMO|ar1_bond_length_c_e|ar1_nbo_q_a,0.6988531723835893,0.0933916657251429,2.4311399525568365,LOOCV,ln(kobs) = <nonlinear model; no closed-form linear equation>
azoarene_svr_rbf_c30_eps005_scale,ln(kobs),3,ar2_Ar_LUMO|ar1_bond_length_c_e|ar1_Ar_NBO_OH,0.6988531723835893,0.0933916657251429,2.4311399525568365,LOOCV,ln(kobs) = <nonlinear model; no closed-form linear equation>
azoarene_svr_rbf_c30_eps005_scale,ln(kobs),4,ar2_Ar_HOMO|ar2_enthalpy_hartree|rate kobs (s-1)|ar1_q_a,0.7389291040157195,0.09323703373048065,2.2636018697861924,LOOCV,ln(kobs) = <nonlinear model; no closed-form linear equation>
azoarene_svr_rbf_c30_eps005_scale,ln(kobs),4,ar2_homo_hartree|ar2_enthalpy_hartree|rate kobs (s-1)|ar1_q_a,0.7389291040157195,0.09323703373048065,2.2636018697861924,LOOCV,ln(kobs) = <nonlinear model; no closed-form linear equation>
azoarene_svr_rbf_c30_eps005_scale,ln(kobs),4,ar2_Ar_HOMO|ar2_scf_energy_hartree|rate kobs (s-1)|ar1_q_a,0.7389092883936959,0.09323177471771393,2.263687773325526,LOOCV,ln(kobs) = <nonlinear model; no closed-form linear equation>
azoarene_svr_rbf_c30_eps005_scale,ln(kobs),4,ar2_homo_hartree|ar2_scf_energy_hartree|rate kobs (s-1)|ar1_q_a,0.7389092883936959,0.09323177471771393,2.263687773325526,LOOCV,ln(kobs) = <nonlinear model; no closed-form linear equation>
azoarene_svr_rbf_c30_eps005_scale,ln(kobs),4,ar2_Ar_HOMO|ar2_gibbs_free_energy_hartree|rate kobs (s-1)|ar1_q_a,0.7389064914985,0.09322948125262065,2.263699898001397,LOOCV,ln(kobs) = <nonlinear model; no closed-form linear equation>
azoarene_svr_rbf_c30_eps005_scale,ln(kobs),4,ar2_homo_hartree|ar2_gibbs_free_energy_hartree|rate kobs (s-1)|ar1_q_a,0.7389064914985,0.09322948125262065,2.263699898001397,LOOCV,ln(kobs) = <nonlinear model; no closed-form linear equation>
azoarene_svr_rbf_c30_eps005_scale,ln(kobs),4,ar2_Ar_HOMO|ar2_gibbs_free_energy_hartree|ar2_gap_hartree|ar1_bond_length_c_e,0.7506167840354646,0.09313862037284493,2.212353005921265,LOOCV,ln(kobs) = <nonlinear model; no closed-form linear equation>
azoarene_svr_rbf_c30_eps005_scale,ln(kobs),4,ar2_homo_hartree|ar2_gibbs_free_energy_hartree|ar2_gap_hartree|ar1_bond_length_c_e,0.7506167840354646,0.09313862037284493,2.212353005921265,LOOCV,ln(kobs) = <nonlinear model; no closed-form linear equation>
azoarene_svr_rbf_c30_eps005_scale,ln(kobs),4,ar2_Ar_HOMO|ar2_enthalpy_hartree|ar2_gap_hartree|ar1_bond_length_c_e,0.7506143194266715,0.09312444717298252,2.212363938034678,LOOCV,ln(kobs) = <nonlinear model; no closed-form linear equation>
azoarene_svr_rbf_c30_eps005_scale,ln(kobs),4,ar2_homo_hartree|ar2_enthalpy_hartree|ar2_gap_hartree|ar1_bond_length_c_e,0.7506143194266715,0.09312444717298252,2.212363938034678,LOOCV,ln(kobs) = <nonlinear model; no closed-form linear equation>
azoarene_svr_rbf_c30_eps005_scale,ln(kobs),4,ar2_Ar_HOMO|ar2_scf_energy_hartree|ar2_gap_hartree|ar1_bond_length_c_e,0.7506199492533266,0.09312435817751596,2.2123389660801234,LOOCV,ln(kobs) = <nonlinear model; no closed-form linear equation>
azoarene_svr_rbf_c30_eps005_scale,ln(kobs),4,ar2_homo_hartree|ar2_scf_energy_hartree|ar2_gap_hartree|ar1_bond_length_c_e,0.7506199492533266,0.09312435817751596,2.2123389660801234,LOOCV,ln(kobs) = <nonlinear model; no closed-form linear equation>
azoarene_svr_rbf_c30_eps005_scale,ln(kobs),4,ar2_gap_hartree|ar1_bond_length_c_e|ar1_nbo_q_a|ar1_Ar_NBO_OH,0.6792151805210649,0.09232984819421197,2.5091563172441202,LOOCV,ln(kobs) = <nonlinear model; no closed-form linear equation>
azoarene_svr_rbf_c30_eps005_scale,ln(kobs),4,rate kobs (s-1)|ar1_bond_length_c_a|ar1_q_a|ar2_Ar_Ster_B5,0.707247334406315,0.09125045669964171,2.397017712634053,LOOCV,ln(kobs) = <nonlinear model; no closed-form linear equation>
azoarene_svr_rbf_c30_eps005_scale,ln(kobs),4,rate kobs (s-1)|ar1_bond_length_c_a|ar1_q_a|ar2_sterimol_B5,0.707247334406315,0.09125045669964171,2.397017712634053,LOOCV,ln(kobs) = <nonlinear model; no closed-form linear equation>
azoarene_svr_rbf_c30_eps005_scale,ln(kobs),3,ar2_enthalpy_hartree|ar1_bond_length_c_a|ar1_nbo_q_a,0.5655935915421805,0.09012735144082684,2.919906372347656,LOOCV,ln(kobs) = <nonlinear model; no closed-form linear equation>
azoarene_svr_rbf_c30_eps005_scale,ln(kobs),3,ar2_enthalpy_hartree|ar1_bond_length_c_a|ar1_Ar_NBO_OH,0.5655935915421805,0.09012735144082684,2.919906372347656,LOOCV,ln(kobs) = <nonlinear model; no closed-form linear equation>
azoarene_svr_rbf_c30_eps005_scale,ln(kobs),3,ar2_gibbs_free_energy_hartree|ar1_bond_length_c_a|ar1_nbo_q_a,0.5656014449474969,0.09009151822036388,2.9198799785014526,LOOCV,ln(kobs) = <nonlinear model; no closed-form linear equation>
azoarene_svr_rbf_c30_eps005_scale,ln(kobs),3,ar2_gibbs_free_energy_hartree|ar1_bond_length_c_a|ar1_Ar_NBO_OH,0.5656014449474969,0.09009151822036388,2.9198799785014526,LOOCV,ln(kobs) = <nonlinear model; no closed-form linear equation>
azoarene_svr_rbf_c30_eps005_scale,ln(kobs),3,ar2_scf_energy_hartree|ar1_bond_length_c_a|ar1_nbo_q_a,0.5656968526497577,0.09005336999546809,2.9195593117608936,LOOCV,ln(kobs) = <nonlinear model; no closed-form linear equation>
azoarene_svr_rbf_c30_eps005_scale,ln(kobs),3,ar2_scf_energy_hartree|ar1_bond_length_c_a|ar1_Ar_NBO_OH,0.5656968526497577,0.09005336999546809,2.9195593117608936,LOOCV,ln(kobs) = <nonlinear model; no closed-form linear equation>
azoarene_svr_rbf_c30_eps005_scale,ln(kobs),3,ar2_Ar_polar|ar2_gap_hartree|ar2_Ar_Ster_B5,0.5827555034623265,0.08984602314244428,2.8616474124446785,LOOCV,ln(kobs) = <nonlinear model; no closed-form linear equation>
azoarene_svr_rbf_c30_eps005_scale,ln(kobs),3,ar2_Ar_polar|ar2_gap_hartree|ar2_sterimol_B5,0.5827555034623265,0.08984602314244428,2.8616474124446785,LOOCV,ln(kobs) = <nonlinear model; no closed-form linear equation>
azoarene_svr_rbf_c30_eps005_scale,ln(kobs),3,ar2_isotropic_polarizability_au|ar2_gap_hartree|ar2_Ar_Ster_B5,0.5827555034623265,0.08984602314244428,2.8616474124446785,LOOCV,ln(kobs) = <nonlinear model; no closed-form linear equation>
azoarene_svr_rbf_c30_eps005_scale,ln(kobs),3,ar2_isotropic_polarizability_au|ar2_gap_hartree|ar2_sterimol_B5,0.5827555034623265,0.08984602314244428,2.8616474124446785,LOOCV,ln(kobs) = <nonlinear model; no closed-form linear equation>
azoarene_svr_rbf_c30_eps005_scale,ln(kobs),5,ar2_Ar_HOMO|ar2_scf_energy_hartree|rate kobs (s-1)|ar1_bond_length_c_a|ar1_q_a,0.78860384281678,0.08956409718422897,2.036898359187022,LOOCV,ln(kobs) = <nonlinear model; no closed-form linear equation>
azoarene_svr_rbf_c30_eps005_scale,ln(kobs),5,ar2_homo_hartree|ar2_scf_energy_hartree|rate kobs (s-1)|ar1_bond_length_c_a|ar1_q_a,0.78860384281678,0.08956409718422897,2.036898359187022,LOOCV,ln(kobs) = <nonlinear model; no closed-form linear equation>
azoarene_svr_rbf_c30_eps005_scale,ln(kobs),5,ar2_Ar_HOMO|ar2_gibbs_free_energy_hartree|rate kobs (s-1)|ar1_bond_length_c_a|ar1_q_a,0.788613670064737,0.08956362495970993,2.0368510136294047,LOOCV,ln(kobs) = <nonlinear model; no closed-form linear equation>
azoarene_svr_rbf_c30_eps005_scale,ln(kobs),5,ar2_homo_hartree|ar2_gibbs_free_energy_hartree|rate kobs (s-1)|ar1_bond_length_c_a|ar1_q_a,0.788613670064737,0.08956362495970993,2.0368510136294047,LOOCV,ln(kobs) = <nonlinear model; no closed-form linear equation>
azoarene_svr_rbf_c30_eps005_scale,ln(kobs),5,ar2_Ar_HOMO|ar2_enthalpy_hartree|rate kobs (s-1)|ar1_bond_length_c_a|ar1_q_a,0.7886079365142291,0.08955562383642557,2.036878636770831,LOOCV,ln(kobs) = <nonlinear model; no closed-form linear equation>
azoarene_svr_rbf_c30_eps005_scale,ln(kobs),5,ar2_homo_hartree|ar2_enthalpy_hartree|rate kobs (s-1)|ar1_bond_length_c_a|ar1_q_a,0.7886079365142291,0.08955562383642557,2.036878636770831,LOOCV,ln(kobs) = <nonlinear model; no closed-form linear equation>
azoarene_svr_rbf_c30_eps005_scale,ln(kobs),3,ar2_Ar_polar|ar2_gibbs_free_energy_hartree|ar2_Ar_Ster_B5,0.5044066467868364,0.08838721384397741,3.118771455656571,LOOCV,ln(kobs) = <nonlinear model; no closed-form linear equation>
azoarene_svr_rbf_c30_eps005_scale,ln(kobs),3,ar2_Ar_polar|ar2_gibbs_free_energy_hartree|ar2_sterimol_B5,0.5044066467868364,0.08838721384397741,3.118771455656571,LOOCV,ln(kobs) = <nonlinear model; no closed-form linear equation>
azoarene_svr_rbf_c30_eps005_scale,ln(kobs),3,ar2_isotropic_polarizability_au|ar2_gibbs_free_energy_hartree|ar2_Ar_Ster_B5,0.5044066467868364,0.08838721384397741,3.118771455656571,LOOCV,ln(kobs) = <nonlinear model; no closed-form linear equation>
azoarene_svr_rbf_c30_eps005_scale,ln(kobs),3,ar2_isotropic_polarizability_au|ar2_gibbs_free_energy_hartree|ar2_sterimol_B5,0.5044066467868364,0.08838721384397741,3.118771455656571,LOOCV,ln(kobs) = <nonlinear model; no closed-form linear equation>
azoarene_svr_rbf_c30_eps005_scale,ln(kobs),3,ar2_Ar_polar|ar2_enthalpy_hartree|ar2_Ar_Ster_B5,0.5044358979438038,0.08834147276100446,3.1186794154597397,LOOCV,ln(kobs) = <nonlinear model; no closed-form linear equation>
azoarene_svr_rbf_c30_eps005_scale,ln(kobs),3,ar2_Ar_polar|ar2_enthalpy_hartree|ar2_sterimol_B5,0.5044358979438038,0.08834147276100446,3.1186794154597397,LOOCV,ln(kobs) = <nonlinear model; no closed-form linear equation>
azoarene_svr_rbf_c30_eps005_scale,ln(kobs),3,ar2_isotropic_polarizability_au|ar2_enthalpy_hartree|ar2_Ar_Ster_B5,0.5044358979438038,0.08834147276100446,3.1186794154597397,LOOCV,ln(kobs) = <nonlinear model; no closed-form linear equation>
azoarene_svr_rbf_c30_eps005_scale,ln(kobs),3,ar2_isotropic_polarizability_au|ar2_enthalpy_hartree|ar2_sterimol_B5,0.5044358979438038,0.08834147276100446,3.1186794154597397,LOOCV,ln(kobs) = <nonlinear model; no closed-form linear equation>
azoarene_svr_rbf_c30_eps005_scale,ln(kobs),3,ar2_Ar_polar|ar2_scf_energy_hartree|ar2_Ar_Ster_B5,0.5043560061611299,0.08833858325303579,3.1189307924420344,LOOCV,ln(kobs) = <nonlinear model; no closed-form linear equation>
azoarene_svr_rbf_c30_eps005_scale,ln(kobs),3,ar2_Ar_polar|ar2_scf_energy_hartree|ar2_sterimol_B5,0.5043560061611299,0.08833858325303579,3.1189307924420344,LOOCV,ln(kobs) = <nonlinear model; no closed-form linear equation>
azoarene_svr_rbf_c30_eps005_scale,ln(kobs),3,ar2_isotropic_polarizability_au|ar2_scf_energy_hartree|ar2_Ar_Ster_B5,0.5043560061611299,0.08833858325303579,3.1189307924420344,LOOCV,ln(kobs) = <nonlinear model; no closed-form linear equation>
azoarene_svr_rbf_c30_eps005_scale,ln(kobs),3,ar2_isotropic_polarizability_au|ar2_scf_energy_hartree|ar2_sterimol_B5,0.5043560061611299,0.08833858325303579,3.1189307924420344,LOOCV,ln(kobs) = <nonlinear model; no closed-form linear equation>
azoarene_svr_rbf_c30_eps005_scale,ln(kobs),5,ar2_Ar_HOMO|rate kobs (s-1)|ar1_bond_length_c_a|ar2_gap_hartree|ar1_q_a,0.822505820690448,0.08814422622939166,1.8664350087314856,LOOCV,ln(kobs) = <nonlinear model; no closed-form linear equation>
azoarene_svr_rbf_c30_eps005_scale,ln(kobs),5,ar2_homo_hartree|rate kobs (s-1)|ar1_bond_length_c_a|ar2_gap_hartree|ar1_q_a,0.822505820690448,0.08814422622939166,1.8664350087314856,LOOCV,ln(kobs) = <nonlinear model; no closed-form linear equation>
azoarene_svr_rbf_c30_eps005_scale,ln(kobs),5,ar2_Ar_HOMO|rate kobs (s-1)|ar2_gap_hartree|ar1_q_a|ar2_Ar_Ster_B5,0.7796300717645342,0.08777565296411227,2.079682221948335,LOOCV,ln(kobs) = <nonlinear model; no closed-form linear equation>
azoarene_svr_rbf_c30_eps005_scale,ln(kobs),5,ar2_Ar_HOMO|rate kobs (s-1)|ar2_gap_hartree|ar1_q_a|ar2_sterimol_B5,0.7796300717645342,0.08777565296411227,2.079682221948335,LOOCV,ln(kobs) = <nonlinear model; no closed-form linear equation>
azoarene_svr_rbf_c30_eps005_scale,ln(kobs),5,ar2_homo_hartree|rate kobs (s-1)|ar2_gap_hartree|ar1_q_a|ar2_Ar_Ster_B5,0.7796300717645342,0.08777565296411227,2.079682221948335,LOOCV,ln(kobs) = <nonlinear model; no closed-form linear equation>
azoarene_svr_rbf_c30_eps005_scale,ln(kobs),5,ar2_homo_hartree|rate kobs (s-1)|ar2_gap_hartree|ar1_q_a|ar2_sterimol_B5,0.7796300717645342,0.08777565296411227,2.079682221948335,LOOCV,ln(kobs) = <nonlinear model; no closed-form linear equation>
azoarene_svr_rbf_c30_eps005_scale,ln(kobs),4,ar2_Ar_HOMO|ar2_Ar_polar|ar2_lumo_hartree|ar1_bond_length_c_e,0.7553279734862084,0.08658947385305138,2.191356183962033,LOOCV,ln(kobs) = <nonlinear model; no closed-form linear equation>
azoarene_svr_rbf_c30_eps005_scale,ln(kobs),4,ar2_Ar_HOMO|ar2_Ar_polar|ar2_Ar_LUMO|ar1_bond_length_c_e,0.7553279734862084,0.08658947385305138,2.191356183962033,LOOCV,ln(kobs) = <nonlinear model; no closed-form linear equation>
azoarene_svr_rbf_c30_eps005_scale,ln(kobs),4,ar2_Ar_HOMO|ar2_isotropic_polarizability_au|ar2_lumo_hartree|ar1_bond_length_c_e,0.7553279734862084,0.08658947385305138,2.191356183962033,LOOCV,ln(kobs) = <nonlinear model; no closed-form linear equation>
azoarene_svr_rbf_c30_eps005_scale,ln(kobs),4,ar2_Ar_HOMO|ar2_isotropic_polarizability_au|ar2_Ar_LUMO|ar1_bond_length_c_e,0.7553279734862084,0.08658947385305138,2.191356183962033,LOOCV,ln(kobs) = <nonlinear model; no closed-form linear equation>
azoarene_svr_rbf_c30_eps005_scale,ln(kobs),4,ar2_homo_hartree|ar2_Ar_polar|ar2_lumo_hartree|ar1_bond_length_c_e,0.7553279734862084,0.08658947385305138,2.191356183962033,LOOCV,ln(kobs) = <nonlinear model; no closed-form linear equation>
azoarene_svr_rbf_c30_eps005_scale,ln(kobs),4,ar2_homo_hartree|ar2_Ar_polar|ar2_Ar_LUMO|ar1_bond_length_c_e,0.7553279734862084,0.08658947385305138,2.191356183962033,LOOCV,ln(kobs) = <nonlinear model; no closed-form linear equation>
azoarene_svr_rbf_c30_eps005_scale,ln(kobs),4,ar2_homo_hartree|ar2_isotropic_polarizability_au|ar2_lumo_hartree|ar1_bond_length_c_e,0.7553279734862084,0.08658947385305138,2.191356183962033,LOOCV,ln(kobs) = <nonlinear model; no closed-form linear equation>
azoarene_svr_rbf_c30_eps005_scale,ln(kobs),4,ar2_homo_hartree|ar2_isotropic_polarizability_au|ar2_Ar_LUMO|ar1_bond_length_c_e,0.7553279734862084,0.08658947385305138,2.191356183962033,LOOCV,ln(kobs) = <nonlinear model; no closed-form linear equation>
azoarene_svr_rbf_c30_eps005_scale,ln(kobs),3,ar2_Ar_polar|ar2_lumo_hartree|ar2_Ar_Ster_B5,0.5829303599285574,0.08516099990312032,2.8610477280951803,LOOCV,ln(kobs) = <nonlinear model; no closed-form linear equation>
azoarene_svr_rbf_c30_eps005_scale,ln(kobs),3,ar2_Ar_polar|ar2_lumo_hartree|ar2_sterimol_B5,0.5829303599285574,0.08516099990312032,2.8610477280951803,LOOCV,ln(kobs) = <nonlinear model; no closed-form linear equation>
azoarene_svr_rbf_c30_eps005_scale,ln(kobs),3,ar2_Ar_polar|ar2_Ar_LUMO|ar2_Ar_Ster_B5,0.5829303599285574,0.08516099990312032,2.8610477280951803,LOOCV,ln(kobs) = <nonlinear model; no closed-form linear equation>
azoarene_svr_rbf_c30_eps005_scale,ln(kobs),3,ar2_Ar_polar|ar2_Ar_LUMO|ar2_sterimol_B5,0.5829303599285574,0.08516099990312032,2.8610477280951803,LOOCV,ln(kobs) = <nonlinear model; no closed-form linear equation>
azoarene_svr_rbf_c30_eps005_scale,ln(kobs),3,ar2_isotropic_polarizability_au|ar2_lumo_hartree|ar2_Ar_Ster_B5,0.5829303599285574,0.08516099990312032,2.8610477280951803,LOOCV,ln(kobs) = <nonlinear model; no closed-form linear equation>
azoarene_svr_rbf_c30_eps005_scale,ln(kobs),3,ar2_isotropic_polarizability_au|ar2_lumo_hartree|ar2_sterimol_B5,0.5829303599285574,0.08516099990312032,2.8610477280951803,LOOCV,ln(kobs) = <nonlinear model; no closed-form linear equation>
azoarene_svr_rbf_c30_eps005_scale,ln(kobs),3,ar2_isotropic_polarizability_au|ar2_Ar_LUMO|ar2_Ar_Ster_B5,0.5829303599285574,0.08516099990312032,2.8610477280951803,LOOCV,ln(kobs) = <nonlinear model; no closed-form linear equation>
azoarene_svr_rbf_c30_eps005_scale,ln(kobs),3,ar2_isotropic_polarizability_au|ar2_Ar_LUMO|ar2_sterimol_B5,0.5829303599285574,0.08516099990312032,2.8610477280951803,LOOCV,ln(kobs) = <nonlinear model; no closed-form linear equation>
azoarene_svr_rbf_c30_eps005_scale,ln(kobs),5,ar2_Ar_HOMO|rate kobs (s-1)|ar2_lumo_hartree|ar1_q_a|ar1_nbo_q_a,0.8076610046849161,0.08476181027100371,1.942918062554976,LOOCV,ln(kobs) = <nonlinear model; no closed-form linear equation>
azoarene_svr_rbf_c30_eps005_scale,ln(kobs),5,ar2_Ar_HOMO|rate kobs (s-1)|ar2_lumo_hartree|ar1_q_a|ar1_Ar_NBO_OH,0.8076610046849161,0.08476181027100371,1.942918062554976,LOOCV,ln(kobs) = <nonlinear model; no closed-form linear equation>
azoarene_svr_rbf_c30_eps005_scale,ln(kobs),5,ar2_Ar_HOMO|rate kobs (s-1)|ar2_Ar_LUMO|ar1_q_a|ar1_nbo_q_a,0.8076610046849161,0.08476181027100371,1.942918062554976,LOOCV,ln(kobs) = <nonlinear model; no closed-form linear equation>
azoarene_svr_rbf_c30_eps005_scale,ln(kobs),5,ar2_Ar_HOMO|rate kobs (s-1)|ar2_Ar_LUMO|ar1_q_a|ar1_Ar_NBO_OH,0.8076610046849161,0.08476181027100371,1.942918062554976,LOOCV,ln(kobs) = <nonlinear model; no closed-form linear equation>
azoarene_svr_rbf_c30_eps005_scale,ln(kobs),5,ar2_homo_hartree|rate kobs (s-1)|ar2_lumo_hartree|ar1_q_a|ar1_nbo_q_a,0.8076610046849161,0.08476181027100371,1.942918062554976,LOOCV,ln(kobs) = <nonlinear model; no closed-form linear equation>
azoarene_svr_rbf_c30_eps005_scale,ln(kobs),5,ar2_homo_hartree|rate kobs (s-1)|ar2_lumo_hartree|ar1_q_a|ar1_Ar_NBO_OH,0.8076610046849161,0.08476181027100371,1.942918062554976,LOOCV,ln(kobs) = <nonlinear model; no closed-form linear equation>
azoarene_svr_rbf_c30_eps005_scale,ln(kobs),5,ar2_homo_hartree|rate kobs (s-1)|ar2_Ar_LUMO|ar1_q_a|ar1_nbo_q_a,0.8076610046849161,0.08476181027100371,1.942918062554976,LOOCV,ln(kobs) = <nonlinear model; no closed-form linear equation>
azoarene_svr_rbf_c30_eps005_scale,ln(kobs),5,ar2_homo_hartree|rate kobs (s-1)|ar2_Ar_LUMO|ar1_q_a|ar1_Ar_NBO_OH,0.8076610046849161,0.08476181027100371,1.942918062554976,LOOCV,ln(kobs) = <nonlinear model; no closed-form linear equation>
azoarene_svr_rbf_c30_eps005_scale,ln(kobs),3,rate kobs (s-1)|ar1_bond_length_c_a|ar1_nbo_q_a,0.5282823350157946,0.08445249329968751,3.0427192649082344,LOOCV,ln(kobs) = <nonlinear model; no closed-form linear equation>
azoarene_svr_rbf_c30_eps005_scale,ln(kobs),3,rate kobs (s-1)|ar1_bond_length_c_a|ar1_Ar_NBO_OH,0.5282823350157946,0.08445249329968751,3.0427192649082344,LOOCV,ln(kobs) = <nonlinear model; no closed-form linear equation>
azoarene_svr_rbf_c30_eps005_scale,ln(kobs),5,ar2_Ar_HOMO|ar2_homo_hartree|ar2_scf_energy_hartree|rate kobs (s-1)|ar2_lumo_hartree,0.7637783367909827,0.08363381597153341,2.1531816782182016,LOOCV,ln(kobs) = <nonlinear model; no closed-form linear equation>
azoarene_svr_rbf_c30_eps005_scale,ln(kobs),5,ar2_Ar_HOMO|ar2_homo_hartree|ar2_scf_energy_hartree|rate kobs (s-1)|ar2_Ar_LUMO,0.7637783367909827,0.08363381597153341,2.1531816782182016,LOOCV,ln(kobs) = <nonlinear model; no closed-form linear equation>
azoarene_svr_rbf_c30_eps005_scale,ln(kobs),5,ar2_Ar_HOMO|ar2_homo_hartree|ar2_gibbs_free_energy_hartree|rate kobs (s-1)|ar2_lumo_hartree,0.7637744492600967,0.0835830861369754,2.153199395741914,LOOCV,ln(kobs) = <nonlinear model; no closed-form linear equation>
azoarene_svr_rbf_c30_eps005_scale,ln(kobs),5,ar2_Ar_HOMO|ar2_homo_hartree|ar2_gibbs_free_energy_hartree|rate kobs (s-1)|ar2_Ar_LUMO,0.7637744492600967,0.0835830861369754,2.153199395741914,LOOCV,ln(kobs) = <nonlinear model; no closed-form linear equation>
azoarene_svr_rbf_c30_eps005_scale,ln(kobs),5,ar2_Ar_HOMO|ar2_homo_hartree|ar2_enthalpy_hartree|rate kobs (s-1)|ar2_lumo_hartree,0.7637726038923022,0.0835566709683484,2.153207806002887,LOOCV,ln(kobs) = <nonlinear model; no closed-form linear equation>
azoarene_svr_rbf_c30_eps005_scale,ln(kobs),5,ar2_Ar_HOMO|ar2_Ar_polar|ar2_scf_energy_hartree|rate kobs (s-1)|ar2_lumo_hartree,0.7672140751286238,0.08269454203478643,2.137465791995874,LOOCV,ln(kobs) = <nonlinear model; no closed-form linear equation>
azoarene_svr_rbf_c30_eps005_scale,ln(kobs),5,ar2_Ar_HOMO|ar2_Ar_polar|ar2_scf_energy_hartree|rate kobs (s-1)|ar2_Ar_LUMO,0.7672140751286238,0.08269454203478643,2.137465791995874,LOOCV,ln(kobs) = <nonlinear model; no closed-form linear equation>
azoarene_svr_rbf_c30_eps005_scale,ln(kobs),5,ar2_Ar_HOMO|ar2_isotropic_polarizability_au|ar2_scf_energy_hartree|rate kobs (s-1)|ar2_lumo_hartree,0.7672140751286238,0.08269454203478643,2.137465791995874,LOOCV,ln(kobs) = <nonlinear model; no closed-form linear equation>
azoarene_svr_rbf_c30_eps005_scale,ln(kobs),5,ar2_Ar_HOMO|ar2_isotropic_polarizability_au|ar2_scf_energy_hartree|rate kobs (s-1)|ar2_Ar_LUMO,0.7672140751286238,0.08269454203478643,2.137465791995874,LOOCV,ln(kobs) = <nonlinear model; no closed-form linear equation>
azoarene_svr_rbf_c30_eps005_scale,ln(kobs),5,ar2_homo_hartree|ar2_Ar_polar|ar2_scf_energy_hartree|rate kobs (s-1)|ar2_lumo_hartree,0.7672140751286238,0.08269454203478643,2.137465791995874,LOOCV,ln(kobs) = <nonlinear model; no closed-form linear equation>
azoarene_svr_rbf_c30_eps005_scale,ln(kobs),5,ar2_homo_hartree|ar2_Ar_polar|ar2_scf_energy_hartree|rate kobs (s-1)|ar2_Ar_LUMO,0.7672140751286238,0.08269454203478643,2.137465791995874,LOOCV,ln(kobs) = <nonlinear model; no closed-form linear equation>
azoarene_svr_rbf_c30_eps005_scale,ln(kobs),5,ar2_homo_hartree|ar2_isotropic_polarizability_au|ar2_scf_energy_hartree|rate kobs (s-1)|ar2_lumo_hartree,0.7672140751286238,0.08269454203478643,2.137465791995874,LOOCV,ln(kobs) = <nonlinear model; no closed-form linear equation>
azoarene_svr_rbf_c30_eps005_scale,ln(kobs),5,ar2_homo_hartree|ar2_isotropic_polarizability_au|ar2_scf_energy_hartree|rate kobs (s-1)|ar2_Ar_LUMO,0.7672140751286238,0.08269454203478643,2.137465791995874,LOOCV,ln(kobs) = <nonlinear model; no closed-form linear equation>
azoarene_svr_rbf_c30_eps005_scale,ln(kobs),5,ar2_Ar_HOMO|ar2_Ar_polar|ar2_enthalpy_hartree|rate kobs (s-1)|ar2_lumo_hartree,0.7672074320140945,0.08267510418602986,2.137496290679942,LOOCV,ln(kobs) = <nonlinear model; no closed-form linear equation>
azoarene_svr_rbf_c30_eps005_scale,ln(kobs),5,ar2_Ar_HOMO|ar2_Ar_polar|ar2_enthalpy_hartree|rate kobs (s-1)|ar2_Ar_LUMO,0.7672074320140945,0.08267510418602986,2.137496290679942,LOOCV,ln(kobs) = <nonlinear model; no closed-form linear equation>
azoarene_svr_rbf_c30_eps005_scale,ln(kobs),5,ar2_Ar_HOMO|ar2_isotropic_polarizability_au|ar2_enthalpy_hartree|rate kobs (s-1)|ar2_lumo_hartree,0.7672074320140945,0.08267510418602986,2.137496290679942,LOOCV,ln(kobs) = <nonlinear model; no closed-form linear equation>
azoarene_svr_rbf_c30_eps005_scale,ln(kobs),5,ar2_Ar_HOMO|ar2_isotropic_polarizability_au|ar2_enthalpy_hartree|rate kobs (s-1)|ar2_Ar_LUMO,0.7672074320140945,0.08267510418602986,2.137496290679942,LOOCV,ln(kobs) = <nonlinear model; no closed-form linear equation>
azoarene_svr_rbf_c30_eps005_scale,ln(kobs),5,ar2_homo_hartree|ar2_Ar_polar|ar2_enthalpy_hartree|rate kobs (s-1)|ar2_lumo_hartree,0.7672074320140945,0.08267510418602986,2.137496290679942,LOOCV,ln(kobs) = <nonlinear model; no closed-form linear equation>
azoarene_svr_rbf_c30_eps005_scale,ln(kobs),5,ar2_homo_hartree|ar2_Ar_polar|ar2_enthalpy_hartree|rate kobs (s-1)|ar2_Ar_LUMO,0.7672074320140945,0.08267510418602986,2.137496290679942,LOOCV,ln(kobs) = <nonlinear model; no closed-form linear equation>
azoarene_svr_rbf_c30_eps005_scale,ln(kobs),5,ar2_homo_hartree|ar2_isotropic_polarizability_au|ar2_enthalpy_hartree|rate kobs (s-1)|ar2_lumo_hartree,0.7672074320140945,0.08267510418602986,2.137496290679942,LOOCV,ln(kobs) = <nonlinear model; no closed-form linear equation>
azoarene_svr_rbf_c30_eps005_scale,ln(kobs),5,ar2_homo_hartree|ar2_isotropic_polarizability_au|ar2_enthalpy_hartree|rate kobs (s-1)|ar2_Ar_LUMO,0.7672074320140945,0.08267510418602986,2.137496290679942,LOOCV,ln(kobs) = <nonlinear model; no closed-form linear equation>
azoarene_svr_rbf_c30_eps005_scale,ln(kobs),4,rate kobs (s-1)|ar1_q_a|ar2_Ar_Ster_B5|ar1_nbo_q_a,0.7049093647563176,0.08266811469396929,2.406570162291053,LOOCV,ln(kobs) = <nonlinear model; no closed-form linear equation>
azoarene_svr_rbf_c30_eps005_scale,ln(kobs),4,rate kobs (s-1)|ar1_q_a|ar2_Ar_Ster_B5|ar1_Ar_NBO_OH,0.7049093647563176,0.08266811469396929,2.406570162291053,LOOCV,ln(kobs) = <nonlinear model; no closed-form linear equation>
azoarene_svr_rbf_c30_eps005_scale,ln(kobs),4,rate kobs (s-1)|ar1_q_a|ar2_sterimol_B5|ar1_nbo_q_a,0.7049093647563176,0.08266811469396929,2.406570162291053,LOOCV,ln(kobs) = <nonlinear model; no closed-form linear equation>
azoarene_svr_rbf_c30_eps005_scale,ln(kobs),4,rate kobs (s-1)|ar1_q_a|ar2_sterimol_B5|ar1_Ar_NBO_OH,0.7049093647563176,0.08266811469396929,2.406570162291053,LOOCV,ln(kobs) = <nonlinear model; no closed-form linear equation>
azoarene_svr_rbf_c30_eps005_scale,ln(kobs),5,ar2_Ar_HOMO|ar2_Ar_polar|ar2_gibbs_free_energy_hartree|rate kobs (s-1)|ar2_lumo_hartree,0.767203780295171,0.08266539469075673,2.1375130556160196,LOOCV,ln(kobs) = <nonlinear model; no closed-form linear equation>
azoarene_svr_rbf_c30_eps005_scale,ln(kobs),5,ar2_Ar_HOMO|ar2_Ar_polar|ar2_gibbs_free_energy_hartree|rate kobs (s-1)|ar2_Ar_LUMO,0.767203780295171,0.08266539469075673,2.1375130556160196,LOOCV,ln(kobs) = <nonlinear model; no closed-form linear equation>
azoarene_svr_rbf_c30_eps005_scale,ln(kobs),5,ar2_Ar_HOMO|ar2_isotropic_polarizability_au|ar2_gibbs_free_energy_hartree|rate kobs (s-1)|ar2_lumo_hartree,0.767203780295171,0.08266539469075673,2.1375130556160196,LOOCV,ln(kobs) = <nonlinear model; no closed-form linear equation>
azoarene_svr_rbf_c30_eps005_scale,ln(kobs),5,ar2_Ar_HOMO|ar2_isotropic_polarizability_au|ar2_gibbs_free_energy_hartree|rate kobs (s-1)|ar2_Ar_LUMO,0.767203780295171,0.08266539469075673,2.1375130556160196,LOOCV,ln(kobs) = <nonlinear model; no closed-form linear equation>
azoarene_svr_rbf_c30_eps005_scale,ln(kobs),5,ar2_homo_hartree|ar2_Ar_polar|ar2_gibbs_free_energy_hartree|rate kobs (s-1)|ar2_lumo_hartree,0.767203780295171,0.08266539469075673,2.1375130556160196,LOOCV,ln(kobs) = <nonlinear model; no closed-form linear equation>
azoarene_svr_rbf_c30_eps005_scale,ln(kobs),5,ar2_homo_hartree|ar2_Ar_polar|ar2_gibbs_free_energy_hartree|rate kobs (s-1)|ar2_Ar_LUMO,0.767203780295171,0.08266539469075673,2.1375130556160196,LOOCV,ln(kobs) = <nonlinear model; no closed-form linear equation>
azoarene_svr_rbf_c30_eps005_scale,ln(kobs),5,ar2_homo_hartree|ar2_isotropic_polarizability_au|ar2_gibbs_free_energy_hartree|rate kobs (s-1)|ar2_lumo_hartree,0.767203780295171,0.08266539469075673,2.1375130556160196,LOOCV,ln(kobs) = <nonlinear model; no closed-form linear equation>
azoarene_svr_rbf_c30_eps005_scale,ln(kobs),5,ar2_homo_hartree|ar2_isotropic_polarizability_au|ar2_gibbs_free_energy_hartree|rate kobs (s-1)|ar2_Ar_LUMO,0.767203780295171,0.08266539469075673,2.1375130556160196,LOOCV,ln(kobs) = <nonlinear model; no closed-form linear equation>
azoarene_svr_rbf_c30_eps005_scale,ln(kobs),5,ar2_Ar_HOMO|ar2_enthalpy_hartree|ar1_q_a|ar1_bond_length_c_e|ar2_Ar_Ster_B5,0.782568679604052,0.08236571990013519,2.065769522697945,LOOCV,ln(kobs) = <nonlinear model; no closed-form linear equation>
azoarene_svr_rbf_c30_eps005_scale,ln(kobs),5,ar2_Ar_HOMO|ar2_enthalpy_hartree|ar1_q_a|ar1_bond_length_c_e|ar2_sterimol_B5,0.782568679604052,0.08236571990013519,2.065769522697945,LOOCV,ln(kobs) = <nonlinear model; no closed-form linear equation>
azoarene_svr_rbf_c30_eps005_scale,ln(kobs),5,ar2_homo_hartree|ar2_enthalpy_hartree|ar1_q_a|ar1_bond_length_c_e|ar2_Ar_Ster_B5,0.782568679604052,0.08236571990013519,2.065769522697945,LOOCV,ln(kobs) = <nonlinear model; no closed-form linear equation>
azoarene_svr_rbf_c30_eps005_scale,ln(kobs),5,ar2_homo_hartree|ar2_enthalpy_hartree|ar1_q_a|ar1_bond_length_c_e|ar2_sterimol_B5,0.782568679604052,0.08236571990013519,2.065769522697945,LOOCV,ln(kobs) = <nonlinear model; no closed-form linear equation>
azoarene_svr_rbf_c30_eps005_scale,ln(kobs),5,ar2_Ar_HOMO|ar2_scf_energy_hartree|ar1_q_a|ar1_bond_length_c_e|ar2_Ar_Ster_B5,0.7825756637368453,0.08236354641543919,2.0657363450386725,LOOCV,ln(kobs) = <nonlinear model; no closed-form linear equation>
azoarene_svr_rbf_c30_eps005_scale,ln(kobs),5,ar2_Ar_HOMO|ar2_scf_energy_hartree|ar1_q_a|ar1_bond_length_c_e|ar2_sterimol_B5,0.7825756637368453,0.08236354641543919,2.0657363450386725,LOOCV,ln(kobs) = <nonlinear model; no closed-form linear equation>
azoarene_svr_rbf_c30_eps005_scale,ln(kobs),5,ar2_homo_hartree|ar2_scf_energy_hartree|ar1_q_a|ar1_bond_length_c_e|ar2_Ar_Ster_B5,0.7825756637368453,0.08236354641543919,2.0657363450386725,LOOCV,ln(kobs) = <nonlinear model; no closed-form linear equation>
azoarene_svr_rbf_c30_eps005_scale,ln(kobs),5,ar2_homo_hartree|ar2_scf_energy_hartree|ar1_q_a|ar1_bond_length_c_e|ar2_sterimol_B5,0.7825756637368453,0.08236354641543919,2.0657363450386725,LOOCV,ln(kobs) = <nonlinear model; no closed-form linear equation>
azoarene_svr_rbf_c30_eps005_scale,ln(kobs),5,ar2_Ar_HOMO|ar2_gibbs_free_energy_hartree|ar1_q_a|ar1_bond_length_c_e|ar2_Ar_Ster_B5,0.7825720030679342,0.08234176166415352,2.065753734869815,LOOCV,ln(kobs) = <nonlinear model; no closed-form linear equation>
azoarene_svr_rbf_c30_eps005_scale,ln(kobs),5,ar2_Ar_HOMO|ar2_gibbs_free_energy_hartree|ar1_q_a|ar1_bond_length_c_e|ar2_sterimol_B5,0.7825720030679342,0.08234176166415352,2.065753734869815,LOOCV,ln(kobs) = <nonlinear model; no closed-form linear equation>
azoarene_svr_rbf_c30_eps005_scale,ln(kobs),5,ar2_homo_hartree|ar2_gibbs_free_energy_hartree|ar1_q_a|ar1_bond_length_c_e|ar2_Ar_Ster_B5,0.7825720030679342,0.08234176166415352,2.065753734869815,LOOCV,ln(kobs) = <nonlinear model; no closed-form linear equation>
azoarene_svr_rbf_c30_eps005_scale,ln(kobs),5,ar2_homo_hartree|ar2_gibbs_free_energy_hartree|ar1_q_a|ar1_bond_length_c_e|ar2_sterimol_B5,0.7825720030679342,0.08234176166415352,2.065753734869815,LOOCV,ln(kobs) = <nonlinear model; no closed-form linear equation>
azoarene_svr_rbf_c30_eps005_scale,ln(kobs),4,ar2_Ar_HOMO|ar2_Ar_polar|ar2_gap_hartree|ar1_bond_length_c_e,0.7554506014828923,0.08219914228290848,2.190806968545986,LOOCV,ln(kobs) = <nonlinear model; no closed-form linear equation>
azoarene_svr_rbf_c30_eps005_scale,ln(kobs),4,ar2_Ar_HOMO|ar2_isotropic_polarizability_au|ar2_gap_hartree|ar1_bond_length_c_e,0.7554506014828923,0.08219914228290848,2.190806968545986,LOOCV,ln(kobs) = <nonlinear model; no closed-form linear equation>
azoarene_svr_rbf_c30_eps005_scale,ln(kobs),4,ar2_homo_hartree|ar2_Ar_polar|ar2_gap_hartree|ar1_bond_length_c_e,0.7554506014828923,0.08219914228290848,2.190806968545986,LOOCV,ln(kobs) = <nonlinear model; no closed-form linear equation>
azoarene_svr_rbf_c30_eps005_scale,ln(kobs),4,ar2_homo_hartree|ar2_isotropic_polarizability_au|ar2_gap_hartree|ar1_bond_length_c_e,0.7554506014828923,0.08219914228290848,2.190806968545986,LOOCV,ln(kobs) = <nonlinear model; no closed-form linear equation>
azoarene_svr_rbf_c30_eps005_scale,ln(kobs),4,rate kobs (s-1)|ar2_lumo_hartree|ar1_bond_length_c_e|ar1_nbo_q_a,0.7094131180404728,0.0820006398016031,2.3881346868633253,LOOCV,ln(kobs) = <nonlinear model; no closed-form linear equation>
azoarene_svr_rbf_c30_eps005_scale,ln(kobs),4,rate kobs (s-1)|ar2_lumo_hartree|ar1_bond_length_c_e|ar1_Ar_NBO_OH,0.7094131180404728,0.0820006398016031,2.3881346868633253,LOOCV,ln(kobs) = <nonlinear model; no closed-form linear equation>
azoarene_svr_rbf_c30_eps005_scale,ln(kobs),4,rate kobs (s-1)|ar2_Ar_LUMO|ar1_bond_length_c_e|ar1_nbo_q_a,0.7094131180404728,0.0820006398016031,2.3881346868633253,LOOCV,ln(kobs) = <nonlinear model; no closed-form linear equation>
azoarene_svr_rbf_c30_eps005_scale,ln(kobs),4,rate kobs (s-1)|ar2_Ar_LUMO|ar1_bond_length_c_e|ar1_Ar_NBO_OH,0.7094131180404728,0.0820006398016031,2.3881346868633253,LOOCV,ln(kobs) = <nonlinear model; no closed-form linear equation>
azoarene_svr_rbf_c30_eps005_scale,ln(kobs),5,ar2_Ar_HOMO|ar2_homo_hartree|ar2_lumo_hartree|ar1_q_a|ar1_nbo_q_a,0.7696099295070719,0.08078300149930728,2.126437845129671,LOOCV,ln(kobs) = <nonlinear model; no closed-form linear equation>
azoarene_svr_rbf_c30_eps005_scale,ln(kobs),5,ar2_Ar_HOMO|ar2_homo_hartree|ar2_lumo_hartree|ar1_q_a|ar1_Ar_NBO_OH,0.7696099295070719,0.08078300149930728,2.126437845129671,LOOCV,ln(kobs) = <nonlinear model; no closed-form linear equation>
azoarene_svr_rbf_c30_eps005_scale,ln(kobs),5,ar2_Ar_HOMO|ar2_homo_hartree|ar2_Ar_LUMO|ar1_q_a|ar1_nbo_q_a,0.7696099295070719,0.08078300149930728,2.126437845129671,LOOCV,ln(kobs) = <nonlinear model; no closed-form linear equation>
azoarene_svr_rbf_c30_eps005_scale,ln(kobs),5,ar2_Ar_HOMO|ar2_homo_hartree|ar2_Ar_LUMO|ar1_q_a|ar1_Ar_NBO_OH,0.7696099295070719,0.08078300149930728,2.126437845129671,LOOCV,ln(kobs) = <nonlinear model; no closed-form linear equation>
azoarene_svr_rbf_c30_eps005_scale,ln(kobs),5,ar2_Ar_HOMO|ar2_homo_hartree|ar2_scf_energy_hartree|rate kobs (s-1)|ar2_gap_hartree,0.7639864146017247,0.08056251388022984,2.1522331453239048,LOOCV,ln(kobs) = <nonlinear model; no closed-form linear equation>
azoarene_svr_rbf_c30_eps005_scale,ln(kobs),5,ar2_Ar_HOMO|ar2_homo_hartree|ar2_enthalpy_hartree|rate kobs (s-1)|ar2_gap_hartree,0.7639794507644737,0.08053261345186291,2.1522648970782976,LOOCV,ln(kobs) = <nonlinear model; no closed-form linear equation>
azoarene_svr_rbf_c30_eps005_scale,ln(kobs),5,ar2_Ar_HOMO|ar2_homo_hartree|ar2_gibbs_free_energy_hartree|rate kobs (s-1)|ar2_gap_hartree,0.7639776057828501,0.08048895027219682,2.1522733092301993,LOOCV,ln(kobs) = <nonlinear model; no closed-form linear equation>
azoarene_svr_rbf_c30_eps005_scale,ln(kobs),3,rate kobs (s-1)|ar1_bond_length_c_a|ar1_bond_length_c_e,0.5224170665525814,0.07991336626130852,3.0615771900177777,LOOCV,ln(kobs) = <nonlinear model; no closed-form linear equation>
azoarene_svr_rbf_c30_eps005_scale,ln(kobs),3,ar2_gap_hartree|ar1_bond_length_c_e|ar1_nbo_q_a,0.6905091922832566,0.07917709670961737,2.464590053222831,LOOCV,ln(kobs) = <nonlinear model; no closed-form linear equation>
azoarene_svr_rbf_c30_eps005_scale,ln(kobs),3,ar2_gap_hartree|ar1_bond_length_c_e|ar1_Ar_NBO_OH,0.6905091922832566,0.07917709670961737,2.464590053222831,LOOCV,ln(kobs) = <nonlinear model; no closed-form linear equation>
azoarene_svr_rbf_c30_eps005_scale,ln(kobs),5,ar2_Ar_HOMO|rate kobs (s-1)|ar2_gap_hartree|ar1_q_a|ar1_nbo_q_a,0.8082063438431482,0.07901827738926881,1.9401617275715308,LOOCV,ln(kobs) = <nonlinear model; no closed-form linear equation>
azoarene_svr_rbf_c30_eps005_scale,ln(kobs),5,ar2_Ar_HOMO|rate kobs (s-1)|ar2_gap_hartree|ar1_q_a|ar1_Ar_NBO_OH,0.8082063438431482,0.07901827738926881,1.9401617275715308,LOOCV,ln(kobs) = <nonlinear model; no closed-form linear equation>
azoarene_svr_rbf_c30_eps005_scale,ln(kobs),5,ar2_homo_hartree|rate kobs (s-1)|ar2_gap_hartree|ar1_q_a|ar1_nbo_q_a,0.8082063438431482,0.07901827738926881,1.9401617275715308,LOOCV,ln(kobs) = <nonlinear model; no closed-form linear equation>
azoarene_svr_rbf_c30_eps005_scale,ln(kobs),5,ar2_homo_hartree|rate kobs (s-1)|ar2_gap_hartree|ar1_q_a|ar1_Ar_NBO_OH,0.8082063438431482,0.07901827738926881,1.9401617275715308,LOOCV,ln(kobs) = <nonlinear model; no closed-form linear equation>
azoarene_svr_rbf_c30_eps005_scale,ln(kobs),5,ar2_Ar_HOMO|ar2_Ar_polar|ar2_scf_energy_hartree|rate kobs (s-1)|ar2_gap_hartree,0.7670340444825507,0.07885724286493156,2.1382921627827844,LOOCV,ln(kobs) = <nonlinear model; no closed-form linear equation>
azoarene_svr_rbf_c30_eps005_scale,ln(kobs),5,ar2_Ar_HOMO|ar2_isotropic_polarizability_au|ar2_scf_energy_hartree|rate kobs (s-1)|ar2_gap_hartree,0.7670340444825507,0.07885724286493156,2.1382921627827844,LOOCV,ln(kobs) = <nonlinear model; no closed-form linear equation>
azoarene_svr_rbf_c30_eps005_scale,ln(kobs),5,ar2_homo_hartree|ar2_Ar_polar|ar2_scf_energy_hartree|rate kobs (s-1)|ar2_gap_hartree,0.7670340444825507,0.07885724286493156,2.1382921627827844,LOOCV,ln(kobs) = <nonlinear model; no closed-form linear equation>
azoarene_svr_rbf_c30_eps005_scale,ln(kobs),5,ar2_homo_hartree|ar2_isotropic_polarizability_au|ar2_scf_energy_hartree|rate kobs (s-1)|ar2_gap_hartree,0.7670340444825507,0.07885724286493156,2.1382921627827844,LOOCV,ln(kobs) = <nonlinear model; no closed-form linear equation>
azoarene_svr_rbf_c30_eps005_scale,ln(kobs),5,ar2_Ar_HOMO|ar2_Ar_polar|ar2_gibbs_free_energy_hartree|rate kobs (s-1)|ar2_gap_hartree,0.7670319700756276,0.07884137516179424,2.138301682796518,LOOCV,ln(kobs) = <nonlinear model; no closed-form linear equation>
azoarene_svr_rbf_c30_eps005_scale,ln(kobs),5,ar2_Ar_HOMO|ar2_isotropic_polarizability_au|ar2_gibbs_free_energy_hartree|rate kobs (s-1)|ar2_gap_hartree,0.7670319700756276,0.07884137516179424,2.138301682796518,LOOCV,ln(kobs) = <nonlinear model; no closed-form linear equation>
azoarene_svr_rbf_c30_eps005_scale,ln(kobs),5,ar2_homo_hartree|ar2_Ar_polar|ar2_gibbs_free_energy_hartree|rate kobs (s-1)|ar2_gap_hartree,0.7670319700756276,0.07884137516179424,2.138301682796518,LOOCV,ln(kobs) = <nonlinear model; no closed-form linear equation>
azoarene_svr_rbf_c30_eps005_scale,ln(kobs),5,ar2_homo_hartree|ar2_isotropic_polarizability_au|ar2_gibbs_free_energy_hartree|rate kobs (s-1)|ar2_gap_hartree,0.7670319700756276,0.07884137516179424,2.138301682796518,LOOCV,ln(kobs) = <nonlinear model; no closed-form linear equation>
azoarene_svr_rbf_c30_eps005_scale,ln(kobs),5,ar2_Ar_HOMO|ar2_Ar_polar|ar2_enthalpy_hartree|rate kobs (s-1)|ar2_gap_hartree,0.767033600923796,0.07881478427182176,2.1382941983972916,LOOCV,ln(kobs) = <nonlinear model; no closed-form linear equation>
azoarene_svr_rbf_c30_eps005_scale,ln(kobs),5,ar2_Ar_HOMO|ar2_isotropic_polarizability_au|ar2_enthalpy_hartree|rate kobs (s-1)|ar2_gap_hartree,0.767033600923796,0.07881478427182176,2.1382941983972916,LOOCV,ln(kobs) = <nonlinear model; no closed-form linear equation>
azoarene_svr_rbf_c30_eps005_scale,ln(kobs),5,ar2_homo_hartree|ar2_Ar_polar|ar2_enthalpy_hartree|rate kobs (s-1)|ar2_gap_hartree,0.767033600923796,0.07881478427182176,2.1382941983972916,LOOCV,ln(kobs) = <nonlinear model; no closed-form linear equation>
azoarene_svr_rbf_c30_eps005_scale,ln(kobs),5,ar2_homo_hartree|ar2_isotropic_polarizability_au|ar2_enthalpy_hartree|rate kobs (s-1)|ar2_gap_hartree,0.767033600923796,0.07881478427182176,2.1382941983972916,LOOCV,ln(kobs) = <nonlinear model; no closed-form linear equation>
azoarene_svr_rbf_c30_eps005_scale,ln(kobs),5,ar2_Ar_HOMO|ar2_homo_hartree|rate kobs (s-1)|ar1_q_a|ar1_bond_length_c_e,0.8149648535618936,0.07826907687450069,1.9056710140790367,LOOCV,ln(kobs) = <nonlinear model; no closed-form linear equation>
azoarene_svr_rbf_c30_eps005_scale,ln(kobs),5,ar1_bond_length_c_a|ar2_lumo_hartree|ar1_q_a|ar2_Ar_Ster_B5|ar1_nbo_q_a,0.7754136403466758,0.07803107060022996,2.099483674879024,LOOCV,ln(kobs) = <nonlinear model; no closed-form linear equation>
azoarene_svr_rbf_c30_eps005_scale,ln(kobs),5,ar1_bond_length_c_a|ar2_lumo_hartree|ar1_q_a|ar2_Ar_Ster_B5|ar1_Ar_NBO_OH,0.7754136403466758,0.07803107060022996,2.099483674879024,LOOCV,ln(kobs) = <nonlinear model; no closed-form linear equation>
azoarene_svr_rbf_c30_eps005_scale,ln(kobs),5,ar1_bond_length_c_a|ar2_lumo_hartree|ar1_q_a|ar2_sterimol_B5|ar1_nbo_q_a,0.7754136403466758,0.07803107060022996,2.099483674879024,LOOCV,ln(kobs) = <nonlinear model; no closed-form linear equation>
azoarene_svr_rbf_c30_eps005_scale,ln(kobs),5,ar1_bond_length_c_a|ar2_lumo_hartree|ar1_q_a|ar2_sterimol_B5|ar1_Ar_NBO_OH,0.7754136403466758,0.07803107060022996,2.099483674879024,LOOCV,ln(kobs) = <nonlinear model; no closed-form linear equation>
azoarene_svr_rbf_c30_eps005_scale,ln(kobs),5,ar1_bond_length_c_a|ar2_Ar_LUMO|ar1_q_a|ar2_Ar_Ster_B5|ar1_nbo_q_a,0.7754136403466758,0.07803107060022996,2.099483674879024,LOOCV,ln(kobs) = <nonlinear model; no closed-form linear equation>
azoarene_svr_rbf_c30_eps005_scale,ln(kobs),5,ar1_bond_length_c_a|ar2_Ar_LUMO|ar1_q_a|ar2_Ar_Ster_B5|ar1_Ar_NBO_OH,0.7754136403466758,0.07803107060022996,2.099483674879024,LOOCV,ln(kobs) = <nonlinear model; no closed-form linear equation>
azoarene_svr_rbf_c30_eps005_scale,ln(kobs),5,ar1_bond_length_c_a|ar2_Ar_LUMO|ar1_q_a|ar2_sterimol_B5|ar1_nbo_q_a,0.7754136403466758,0.07803107060022996,2.099483674879024,LOOCV,ln(kobs) = <nonlinear model; no closed-form linear equation>
azoarene_svr_rbf_c30_eps005_scale,ln(kobs),5,ar1_bond_length_c_a|ar2_Ar_LUMO|ar1_q_a|ar2_sterimol_B5|ar1_Ar_NBO_OH,0.7754136403466758,0.07803107060022996,2.099483674879024,LOOCV,ln(kobs) = <nonlinear model; no closed-form linear equation>
azoarene_svr_rbf_c30_eps005_scale,ln(kobs),3,ar2_Ar_polar|ar1_bond_length_c_a|ar1_nbo_q_a,0.6178691496082299,0.07793706136661394,2.7385890325736875,LOOCV,ln(kobs) = <nonlinear model; no closed-form linear equation>
azoarene_svr_rbf_c30_eps005_scale,ln(kobs),3,ar2_Ar_polar|ar1_bond_length_c_a|ar1_Ar_NBO_OH,0.6178691496082299,0.07793706136661394,2.7385890325736875,LOOCV,ln(kobs) = <nonlinear model; no closed-form linear equation>
azoarene_svr_rbf_c30_eps005_scale,ln(kobs),3,ar2_isotropic_polarizability_au|ar1_bond_length_c_a|ar1_nbo_q_a,0.6178691496082299,0.07793706136661394,2.7385890325736875,LOOCV,ln(kobs) = <nonlinear model; no closed-form linear equation>
azoarene_svr_rbf_c30_eps005_scale,ln(kobs),3,ar2_isotropic_polarizability_au|ar1_bond_length_c_a|ar1_Ar_NBO_OH,0.6178691496082299,0.07793706136661394,2.7385890325736875,LOOCV,ln(kobs) = <nonlinear model; no closed-form linear equation>
azoarene_svr_rbf_c30_eps005_scale,ln(kobs),5,ar2_Ar_HOMO|ar2_homo_hartree|ar2_lumo_hartree|ar1_q_a|ar1_bond_length_c_e,0.8093772921960912,0.07785833989834756,1.934230073281671,LOOCV,ln(kobs) = <nonlinear model; no closed-form linear equation>
azoarene_svr_rbf_c30_eps005_scale,ln(kobs),5,ar2_Ar_HOMO|ar2_homo_hartree|ar2_Ar_LUMO|ar1_q_a|ar1_bond_length_c_e,0.8093772921960912,0.07785833989834756,1.934230073281671,LOOCV,ln(kobs) = <nonlinear model; no closed-form linear equation>
azoarene_svr_rbf_c30_eps005_scale,ln(kobs),4,ar2_Ar_polar|ar1_q_a|ar1_bond_length_c_e|ar1_nbo_q_a,0.6951075080622603,0.07666879184393194,2.446212489026149,LOOCV,ln(kobs) = <nonlinear model; no closed-form linear equation>
azoarene_svr_rbf_c30_eps005_scale,ln(kobs),4,ar2_Ar_polar|ar1_q_a|ar1_bond_length_c_e|ar1_Ar_NBO_OH,0.6951075080622603,0.07666879184393194,2.446212489026149,LOOCV,ln(kobs) = <nonlinear model; no closed-form linear equation>
azoarene_svr_rbf_c30_eps005_scale,ln(kobs),4,ar2_isotropic_polarizability_au|ar1_q_a|ar1_bond_length_c_e|ar1_nbo_q_a,0.6951075080622603,0.07666879184393194,2.446212489026149,LOOCV,ln(kobs) = <nonlinear model; no closed-form linear equation>
azoarene_svr_rbf_c30_eps005_scale,ln(kobs),4,ar2_isotropic_polarizability_au|ar1_q_a|ar1_bond_length_c_e|ar1_Ar_NBO_OH,0.6951075080622603,0.07666879184393194,2.446212489026149,LOOCV,ln(kobs) = <nonlinear model; no closed-form linear equation>
azoarene_svr_rbf_c30_eps005_scale,ln(kobs),4,ar2_gap_hartree|ar1_q_a|ar1_bond_length_c_e|ar1_nbo_q_a,0.7315790438975287,0.0752008087971121,2.2952448608279905,LOOCV,ln(kobs) = <nonlinear model; no closed-form linear equation>
azoarene_svr_rbf_c30_eps005_scale,ln(kobs),4,ar2_gap_hartree|ar1_q_a|ar1_bond_length_c_e|ar1_Ar_NBO_OH,0.7315790438975287,0.0752008087971121,2.2952448608279905,LOOCV,ln(kobs) = <nonlinear model; no closed-form linear equation>
azoarene_svr_rbf_c30_eps005_scale,ln(kobs),3,ar1_q_a|ar1_nbo_q_a|ar1_Ar_NBO_OH,0.4774134172397395,0.0737908729537855,3.2025796651360143,LOOCV,ln(kobs) = <nonlinear model; no closed-form linear equation>
azoarene_svr_rbf_c30_eps005_scale,ln(kobs),5,ar2_Ar_HOMO|ar2_homo_hartree|ar2_gap_hartree|ar1_q_a|ar1_nbo_q_a,0.7701873394308245,0.0731884027677534,2.123771504996307,LOOCV,ln(kobs) = <nonlinear model; no closed-form linear equation>
azoarene_svr_rbf_c30_eps005_scale,ln(kobs),5,ar2_Ar_HOMO|ar2_homo_hartree|ar2_gap_hartree|ar1_q_a|ar1_Ar_NBO_OH,0.7701873394308245,0.0731884027677534,2.123771504996307,LOOCV,ln(kobs) = <nonlinear model; no closed-form linear equation>
azoarene_svr_rbf_c30_eps005_scale,ln(kobs),4,ar2_Ar_HOMO|ar2_Ar_polar|ar1_bond_length_c_a|ar1_q_a,0.7939625940224513,0.07275474028041018,2.010915635490189,LOOCV,ln(kobs) = <nonlinear model; no closed-form linear equation>
azoarene_svr_rbf_c30_eps005_scale,ln(kobs),4,ar2_Ar_HOMO|ar2_isotropic_polarizability_au|ar1_bond_length_c_a|ar1_q_a,0.7939625940224513,0.07275474028041018,2.010915635490189,LOOCV,ln(kobs) = <nonlinear model; no closed-form linear equation>
azoarene_svr_rbf_c30_eps005_scale,ln(kobs),4,ar2_homo_hartree|ar2_Ar_polar|ar1_bond_length_c_a|ar1_q_a,0.7939625940224513,0.07275474028041018,2.010915635490189,LOOCV,ln(kobs) = <nonlinear model; no closed-form linear equation>
azoarene_svr_rbf_c30_eps005_scale,ln(kobs),4,ar2_homo_hartree|ar2_isotropic_polarizability_au|ar1_bond_length_c_a|ar1_q_a,0.7939625940224513,0.07275474028041018,2.010915635490189,LOOCV,ln(kobs) = <nonlinear model; no closed-form linear equation>
azoarene_svr_rbf_c30_eps005_scale,ln(kobs),3,ar1_bond_length_c_a|ar2_lumo_hartree|ar1_bond_length_c_e,0.7023680556486263,0.07275121674459528,2.416910591631154,LOOCV,ln(kobs) = <nonlinear model; no closed-form linear equation>
azoarene_svr_rbf_c30_eps005_scale,ln(kobs),3,ar1_bond_length_c_a|ar2_Ar_LUMO|ar1_bond_length_c_e,0.7023680556486263,0.07275121674459528,2.416910591631154,LOOCV,ln(kobs) = <nonlinear model; no closed-form linear equation>
azoarene_svr_rbf_c30_eps005_scale,ln(kobs),5,ar2_Ar_HOMO|ar2_homo_hartree|ar2_gap_hartree|ar1_q_a|ar1_bond_length_c_e,0.810063185369623,0.07102808771673663,1.9307470917112612,LOOCV,ln(kobs) = <nonlinear model; no closed-form linear equation>
azoarene_svr_rbf_c30_eps005_scale,ln(kobs),4,ar2_Ar_HOMO|ar1_q_a|ar2_Ar_Ster_B5|ar1_nbo_q_a,0.7705578969457141,0.07070869416761838,2.122058594612958,LOOCV,ln(kobs) = <nonlinear model; no closed-form linear equation>
azoarene_svr_rbf_c30_eps005_scale,ln(kobs),4,ar2_Ar_HOMO|ar1_q_a|ar2_Ar_Ster_B5|ar1_Ar_NBO_OH,0.7705578969457141,0.07070869416761838,2.122058594612958,LOOCV,ln(kobs) = <nonlinear model; no closed-form linear equation>
azoarene_svr_rbf_c30_eps005_scale,ln(kobs),4,ar2_Ar_HOMO|ar1_q_a|ar2_sterimol_B5|ar1_nbo_q_a,0.7705578969457141,0.07070869416761838,2.122058594612958,LOOCV,ln(kobs) = <nonlinear model; no closed-form linear equation>
azoarene_svr_rbf_c30_eps005_scale,ln(kobs),4,ar2_Ar_HOMO|ar1_q_a|ar2_sterimol_B5|ar1_Ar_NBO_OH,0.7705578969457141,0.07070869416761838,2.122058594612958,LOOCV,ln(kobs) = <nonlinear model; no closed-form linear equation>
azoarene_svr_rbf_c30_eps005_scale,ln(kobs),4,ar2_homo_hartree|ar1_q_a|ar2_Ar_Ster_B5|ar1_nbo_q_a,0.7705578969457141,0.07070869416761838,2.122058594612958,LOOCV,ln(kobs) = <nonlinear model; no closed-form linear equation>
azoarene_svr_rbf_c30_eps005_scale,ln(kobs),4,ar2_homo_hartree|ar1_q_a|ar2_Ar_Ster_B5|ar1_Ar_NBO_OH,0.7705578969457141,0.07070869416761838,2.122058594612958,LOOCV,ln(kobs) = <nonlinear model; no closed-form linear equation>
azoarene_svr_rbf_c30_eps005_scale,ln(kobs),4,ar2_homo_hartree|ar1_q_a|ar2_sterimol_B5|ar1_nbo_q_a,0.7705578969457141,0.07070869416761838,2.122058594612958,LOOCV,ln(kobs) = <nonlinear model; no closed-form linear equation>
azoarene_svr_rbf_c30_eps005_scale,ln(kobs),4,ar2_homo_hartree|ar1_q_a|ar2_sterimol_B5|ar1_Ar_NBO_OH,0.7705578969457141,0.07070869416761838,2.122058594612958,LOOCV,ln(kobs) = <nonlinear model; no closed-form linear equation>
azoarene_svr_rbf_c30_eps005_scale,ln(kobs),4,ar1_bond_length_c_a|ar1_q_a|ar2_Ar_Ster_B5|ar2_sterimol_B5,0.6819281542597952,0.07060451138046919,2.4985234431799923,LOOCV,ln(kobs) = <nonlinear model; no closed-form linear equation>
azoarene_svr_rbf_c30_eps005_scale,ln(kobs),5,ar2_Ar_HOMO|ar2_scf_energy_hartree|rate kobs (s-1)|ar1_q_a|ar1_nbo_q_a,0.7770168504285477,0.06875569896074485,2.091976669933883,LOOCV,ln(kobs) = <nonlinear model; no closed-form linear equation>
azoarene_svr_rbf_c30_eps005_scale,ln(kobs),5,ar2_Ar_HOMO|ar2_scf_energy_hartree|rate kobs (s-1)|ar1_q_a|ar1_Ar_NBO_OH,0.7770168504285477,0.06875569896074485,2.091976669933883,LOOCV,ln(kobs) = <nonlinear model; no closed-form linear equation>
azoarene_svr_rbf_c30_eps005_scale,ln(kobs),5,ar2_homo_hartree|ar2_scf_energy_hartree|rate kobs (s-1)|ar1_q_a|ar1_nbo_q_a,0.7770168504285477,0.06875569896074485,2.091976669933883,LOOCV,ln(kobs) = <nonlinear model; no closed-form linear equation>
azoarene_svr_rbf_c30_eps005_scale,ln(kobs),5,ar2_homo_hartree|ar2_scf_energy_hartree|rate kobs (s-1)|ar1_q_a|ar1_Ar_NBO_OH,0.7770168504285477,0.06875569896074485,2.091976669933883,LOOCV,ln(kobs) = <nonlinear model; no closed-form linear equation>
azoarene_svr_rbf_c30_eps005_scale,ln(kobs),5,ar2_Ar_HOMO|ar2_gibbs_free_energy_hartree|rate kobs (s-1)|ar1_q_a|ar1_nbo_q_a,0.7770026289237488,0.0687072969210587,2.0920433803152605,LOOCV,ln(kobs) = <nonlinear model; no closed-form linear equation>
azoarene_svr_rbf_c30_eps005_scale,ln(kobs),5,ar2_Ar_HOMO|ar2_gibbs_free_energy_hartree|rate kobs (s-1)|ar1_q_a|ar1_Ar_NBO_OH,0.7770026289237488,0.0687072969210587,2.0920433803152605,LOOCV,ln(kobs) = <nonlinear model; no closed-form linear equation>
azoarene_svr_rbf_c30_eps005_scale,ln(kobs),5,ar2_homo_hartree|ar2_gibbs_free_energy_hartree|rate kobs (s-1)|ar1_q_a|ar1_nbo_q_a,0.7770026289237488,0.0687072969210587,2.0920433803152605,LOOCV,ln(kobs) = <nonlinear model; no closed-form linear equation>
azoarene_svr_rbf_c30_eps005_scale,ln(kobs),5,ar2_homo_hartree|ar2_gibbs_free_energy_hartree|rate kobs (s-1)|ar1_q_a|ar1_Ar_NBO_OH,0.7770026289237488,0.0687072969210587,2.0920433803152605,LOOCV,ln(kobs) = <nonlinear model; no closed-form linear equation>
azoarene_svr_rbf_c30_eps005_scale,ln(kobs),5,ar2_Ar_HOMO|ar2_enthalpy_hartree|rate kobs (s-1)|ar1_q_a|ar1_nbo_q_a,0.7770058614195713,0.06870105518542224,2.0920282174773273,LOOCV,ln(kobs) = <nonlinear model; no closed-form linear equation>
azoarene_svr_rbf_c30_eps005_scale,ln(kobs),5,ar2_Ar_HOMO|ar2_enthalpy_hartree|rate kobs (s-1)|ar1_q_a|ar1_Ar_NBO_OH,0.7770058614195713,0.06870105518542224,2.0920282174773273,LOOCV,ln(kobs) = <nonlinear model; no closed-form linear equation>
azoarene_svr_rbf_c30_eps005_scale,ln(kobs),5,ar2_homo_hartree|ar2_enthalpy_hartree|rate kobs (s-1)|ar1_q_a|ar1_nbo_q_a,0.7770058614195713,0.06870105518542224,2.0920282174773273,LOOCV,ln(kobs) = <nonlinear model; no closed-form linear equation>
azoarene_svr_rbf_c30_eps005_scale,ln(kobs),5,ar2_homo_hartree|ar2_enthalpy_hartree|rate kobs (s-1)|ar1_q_a|ar1_Ar_NBO_OH,0.7770058614195713,0.06870105518542224,2.0920282174773273,LOOCV,ln(kobs) = <nonlinear model; no closed-form linear equation>
azoarene_svr_rbf_c30_eps005_scale,ln(kobs),4,ar1_bond_length_c_a|ar2_lumo_hartree|ar1_bond_length_c_e|ar1_nbo_q_a,0.68608998772434,0.06865908957331335,2.4821235672342317,LOOCV,ln(kobs) = <nonlinear model; no closed-form linear equation>
azoarene_svr_rbf_c30_eps005_scale,ln(kobs),4,ar1_bond_length_c_a|ar2_lumo_hartree|ar1_bond_length_c_e|ar1_Ar_NBO_OH,0.68608998772434,0.06865908957331335,2.4821235672342317,LOOCV,ln(kobs) = <nonlinear model; no closed-form linear equation>
azoarene_svr_rbf_c30_eps005_scale,ln(kobs),4,ar1_bond_length_c_a|ar2_Ar_LUMO|ar1_bond_length_c_e|ar1_nbo_q_a,0.68608998772434,0.06865908957331335,2.4821235672342317,LOOCV,ln(kobs) = <nonlinear model; no closed-form linear equation>
azoarene_svr_rbf_c30_eps005_scale,ln(kobs),4,ar1_bond_length_c_a|ar2_Ar_LUMO|ar1_bond_length_c_e|ar1_Ar_NBO_OH,0.68608998772434,0.06865908957331335,2.4821235672342317,LOOCV,ln(kobs) = <nonlinear model; no closed-form linear equation>
azoarene_svr_rbf_c30_eps005_scale,ln(kobs),4,ar1_bond_length_c_a|ar2_gap_hartree|ar1_q_a|ar1_bond_length_c_e,0.7337192160347064,0.06786838096940451,2.286076333304999,LOOCV,ln(kobs) = <nonlinear model; no closed-form linear equation>
azoarene_svr_rbf_c30_eps005_scale,ln(kobs),5,ar1_bond_length_c_a|ar2_gap_hartree|ar1_q_a|ar2_Ar_Ster_B5|ar1_nbo_q_a,0.7763556866492114,0.06667391511490384,2.0950758176503124,LOOCV,ln(kobs) = <nonlinear model; no closed-form linear equation>
azoarene_svr_rbf_c30_eps005_scale,ln(kobs),5,ar1_bond_length_c_a|ar2_gap_hartree|ar1_q_a|ar2_Ar_Ster_B5|ar1_Ar_NBO_OH,0.7763556866492114,0.06667391511490384,2.0950758176503124,LOOCV,ln(kobs) = <nonlinear model; no closed-form linear equation>
azoarene_svr_rbf_c30_eps005_scale,ln(kobs),5,ar1_bond_length_c_a|ar2_gap_hartree|ar1_q_a|ar2_sterimol_B5|ar1_nbo_q_a,0.7763556866492114,0.06667391511490384,2.0950758176503124,LOOCV,ln(kobs) = <nonlinear model; no closed-form linear equation>
azoarene_svr_rbf_c30_eps005_scale,ln(kobs),5,ar1_bond_length_c_a|ar2_gap_hartree|ar1_q_a|ar2_sterimol_B5|ar1_Ar_NBO_OH,0.7763556866492114,0.06667391511490384,2.0950758176503124,LOOCV,ln(kobs) = <nonlinear model; no closed-form linear equation>
azoarene_svr_rbf_c30_eps005_scale,ln(kobs),4,ar2_enthalpy_hartree|ar1_bond_length_c_a|ar2_lumo_hartree|ar2_Ar_Ster_B5,0.7236533313952906,0.06633084166066028,2.32888439535439,LOOCV,ln(kobs) = <nonlinear model; no closed-form linear equation>
azoarene_svr_rbf_c30_eps005_scale,ln(kobs),4,ar2_enthalpy_hartree|ar1_bond_length_c_a|ar2_lumo_hartree|ar2_sterimol_B5,0.7236533313952906,0.06633084166066028,2.32888439535439,LOOCV,ln(kobs) = <nonlinear model; no closed-form linear equation>
azoarene_svr_rbf_c30_eps005_scale,ln(kobs),4,ar2_enthalpy_hartree|ar1_bond_length_c_a|ar2_Ar_LUMO|ar2_Ar_Ster_B5,0.7236533313952906,0.06633084166066028,2.32888439535439,LOOCV,ln(kobs) = <nonlinear model; no closed-form linear equation>
azoarene_svr_rbf_c30_eps005_scale,ln(kobs),4,ar2_enthalpy_hartree|ar1_bond_length_c_a|ar2_Ar_LUMO|ar2_sterimol_B5,0.7236533313952906,0.06633084166066028,2.32888439535439,LOOCV,ln(kobs) = <nonlinear model; no closed-form linear equation>
azoarene_svr_rbf_c30_eps005_scale,ln(kobs),4,ar2_scf_energy_hartree|ar1_bond_length_c_a|ar2_lumo_hartree|ar2_Ar_Ster_B5,0.7236503163442559,0.06630704232848084,2.3288970998429033,LOOCV,ln(kobs) = <nonlinear model; no closed-form linear equation>
azoarene_svr_rbf_c30_eps005_scale,ln(kobs),4,ar2_scf_energy_hartree|ar1_bond_length_c_a|ar2_lumo_hartree|ar2_sterimol_B5,0.7236503163442559,0.06630704232848084,2.3288970998429033,LOOCV,ln(kobs) = <nonlinear model; no closed-form linear equation>
azoarene_svr_rbf_c30_eps005_scale,ln(kobs),4,ar2_scf_energy_hartree|ar1_bond_length_c_a|ar2_Ar_LUMO|ar2_Ar_Ster_B5,0.7236503163442559,0.06630704232848084,2.3288970998429033,LOOCV,ln(kobs) = <nonlinear model; no closed-form linear equation>
azoarene_svr_rbf_c30_eps005_scale,ln(kobs),4,ar2_scf_energy_hartree|ar1_bond_length_c_a|ar2_Ar_LUMO|ar2_sterimol_B5,0.7236503163442559,0.06630704232848084,2.3288970998429033,LOOCV,ln(kobs) = <nonlinear model; no closed-form linear equation>
azoarene_svr_rbf_c30_eps005_scale,ln(kobs),4,ar2_gibbs_free_energy_hartree|ar1_bond_length_c_a|ar2_lumo_hartree|ar2_Ar_Ster_B5,0.7236653482439019,0.06630471745991195,2.3288337593984743,LOOCV,ln(kobs) = <nonlinear model; no closed-form linear equation>
azoarene_svr_rbf_c30_eps005_scale,ln(kobs),4,ar2_gibbs_free_energy_hartree|ar1_bond_length_c_a|ar2_lumo_hartree|ar2_sterimol_B5,0.7236653482439019,0.06630471745991195,2.3288337593984743,LOOCV,ln(kobs) = <nonlinear model; no closed-form linear equation>
azoarene_svr_rbf_c30_eps005_scale,ln(kobs),4,ar2_gibbs_free_energy_hartree|ar1_bond_length_c_a|ar2_Ar_LUMO|ar2_Ar_Ster_B5,0.7236653482439019,0.06630471745991195,2.3288337593984743,LOOCV,ln(kobs) = <nonlinear model; no closed-form linear equation>
azoarene_svr_rbf_c30_eps005_scale,ln(kobs),4,ar2_gibbs_free_energy_hartree|ar1_bond_length_c_a|ar2_Ar_LUMO|ar2_sterimol_B5,0.7236653482439019,0.06630471745991195,2.3288337593984743,LOOCV,ln(kobs) = <nonlinear model; no closed-form linear equation>
azoarene_svr_rbf_c30_eps005_scale,ln(kobs),3,ar2_gap_hartree|ar1_q_a|ar1_bond_length_c_e,0.7554825567504353,0.06521707263881604,2.1906638275070605,LOOCV,ln(kobs) = <nonlinear model; no closed-form linear equation>
azoarene_svr_rbf_c30_eps005_scale,ln(kobs),4,ar2_Ar_HOMO|ar2_gibbs_free_energy_hartree|ar1_bond_length_c_a|ar2_lumo_hartree,0.7513241680723979,0.06491203254350453,2.209213070153587,LOOCV,ln(kobs) = <nonlinear model; no closed-form linear equation>
azoarene_svr_rbf_c30_eps005_scale,ln(kobs),4,ar2_Ar_HOMO|ar2_gibbs_free_energy_hartree|ar1_bond_length_c_a|ar2_Ar_LUMO,0.7513241680723979,0.06491203254350453,2.209213070153587,LOOCV,ln(kobs) = <nonlinear model; no closed-form linear equation>
azoarene_svr_rbf_c30_eps005_scale,ln(kobs),4,ar2_homo_hartree|ar2_gibbs_free_energy_hartree|ar1_bond_length_c_a|ar2_lumo_hartree,0.7513241680723979,0.06491203254350453,2.209213070153587,LOOCV,ln(kobs) = <nonlinear model; no closed-form linear equation>
azoarene_svr_rbf_c30_eps005_scale,ln(kobs),4,ar2_homo_hartree|ar2_gibbs_free_energy_hartree|ar1_bond_length_c_a|ar2_Ar_LUMO,0.7513241680723979,0.06491203254350453,2.209213070153587,LOOCV,ln(kobs) = <nonlinear model; no closed-form linear equation>
azoarene_svr_rbf_c30_eps005_scale,ln(kobs),4,ar2_Ar_HOMO|ar2_enthalpy_hartree|ar1_bond_length_c_a|ar2_lumo_hartree,0.7513237953708938,0.06490284266538648,2.209214725675797,LOOCV,ln(kobs) = <nonlinear model; no closed-form linear equation>
azoarene_svr_rbf_c30_eps005_scale,ln(kobs),4,ar2_Ar_HOMO|ar2_enthalpy_hartree|ar1_bond_length_c_a|ar2_Ar_LUMO,0.7513237953708938,0.06490284266538648,2.209214725675797,LOOCV,ln(kobs) = <nonlinear model; no closed-form linear equation>
azoarene_svr_rbf_c30_eps005_scale,ln(kobs),4,ar2_homo_hartree|ar2_enthalpy_hartree|ar1_bond_length_c_a|ar2_lumo_hartree,0.7513237953708938,0.06490284266538648,2.209214725675797,LOOCV,ln(kobs) = <nonlinear model; no closed-form linear equation>
azoarene_svr_rbf_c30_eps005_scale,ln(kobs),4,ar2_homo_hartree|ar2_enthalpy_hartree|ar1_bond_length_c_a|ar2_Ar_LUMO,0.7513237953708938,0.06490284266538648,2.209214725675797,LOOCV,ln(kobs) = <nonlinear model; no closed-form linear equation>
azoarene_svr_rbf_c30_eps005_scale,ln(kobs),4,ar2_Ar_HOMO|ar2_scf_energy_hartree|ar1_bond_length_c_a|ar2_lumo_hartree,0.7513209445518606,0.06487378890836837,2.209227388836206,LOOCV,ln(kobs) = <nonlinear model; no closed-form linear equation>
azoarene_svr_rbf_c30_eps005_scale,ln(kobs),4,ar2_Ar_HOMO|ar2_scf_energy_hartree|ar1_bond_length_c_a|ar2_Ar_LUMO,0.7513209445518606,0.06487378890836837,2.209227388836206,LOOCV,ln(kobs) = <nonlinear model; no closed-form linear equation>
azoarene_svr_rbf_c30_eps005_scale,ln(kobs),4,ar2_homo_hartree|ar2_scf_energy_hartree|ar1_bond_length_c_a|ar2_lumo_hartree,0.7513209445518606,0.06487378890836837,2.209227388836206,LOOCV,ln(kobs) = <nonlinear model; no closed-form linear equation>
azoarene_svr_rbf_c30_eps005_scale,ln(kobs),4,ar2_homo_hartree|ar2_scf_energy_hartree|ar1_bond_length_c_a|ar2_Ar_LUMO,0.7513209445518606,0.06487378890836837,2.209227388836206,LOOCV,ln(kobs) = <nonlinear model; no closed-form linear equation>
azoarene_svr_rbf_c30_eps005_scale,ln(kobs),4,ar2_Ar_HOMO|ar2_enthalpy_hartree|ar1_bond_length_c_a|ar2_gap_hartree,0.7511856403118017,0.06268929813763957,2.20982831838332,LOOCV,ln(kobs) = <nonlinear model; no closed-form linear equation>
azoarene_svr_rbf_c30_eps005_scale,ln(kobs),4,ar2_homo_hartree|ar2_enthalpy_hartree|ar1_bond_length_c_a|ar2_gap_hartree,0.7511856403118017,0.06268929813763957,2.20982831838332,LOOCV,ln(kobs) = <nonlinear model; no closed-form linear equation>
azoarene_svr_rbf_c30_eps005_scale,ln(kobs),4,ar2_Ar_HOMO|ar2_gibbs_free_energy_hartree|ar1_bond_length_c_a|ar2_gap_hartree,0.7511962139978189,0.0626486066922396,2.209781363137113,LOOCV,ln(kobs) = <nonlinear model; no closed-form linear equation>
azoarene_svr_rbf_c30_eps005_scale,ln(kobs),4,ar2_homo_hartree|ar2_gibbs_free_energy_hartree|ar1_bond_length_c_a|ar2_gap_hartree,0.7511962139978189,0.0626486066922396,2.209781363137113,LOOCV,ln(kobs) = <nonlinear model; no closed-form linear equation>
azoarene_svr_rbf_c30_eps005_scale,ln(kobs),4,ar2_Ar_HOMO|ar2_scf_energy_hartree|ar1_bond_length_c_a|ar2_gap_hartree,0.7511827301799812,0.06259461220810791,2.2098412414174073,LOOCV,ln(kobs) = <nonlinear model; no closed-form linear equation>
azoarene_svr_rbf_c30_eps005_scale,ln(kobs),4,ar2_homo_hartree|ar2_scf_energy_hartree|ar1_bond_length_c_a|ar2_gap_hartree,0.7511827301799812,0.06259461220810791,2.2098412414174073,LOOCV,ln(kobs) = <nonlinear model; no closed-form linear equation>
azoarene_svr_rbf_c30_eps005_scale,ln(kobs),4,rate kobs (s-1)|ar2_gap_hartree|ar1_bond_length_c_e|ar1_nbo_q_a,0.7054022255834997,0.06104242718149888,2.4045595938564692,LOOCV,ln(kobs) = <nonlinear model; no closed-form linear equation>
azoarene_svr_rbf_c30_eps005_scale,ln(kobs),4,rate kobs (s-1)|ar2_gap_hartree|ar1_bond_length_c_e|ar1_Ar_NBO_OH,0.7054022255834997,0.06104242718149888,2.4045595938564692,LOOCV,ln(kobs) = <nonlinear model; no closed-form linear equation>
azoarene_svr_rbf_c30_eps005_scale,ln(kobs),4,ar2_lumo_hartree|ar2_Ar_LUMO|ar1_bond_length_c_e|ar1_nbo_q_a,0.7022299643779308,0.05935055621779706,2.41747120946362,LOOCV,ln(kobs) = <nonlinear model; no closed-form linear equation>
azoarene_svr_rbf_c30_eps005_scale,ln(kobs),4,ar2_lumo_hartree|ar2_Ar_LUMO|ar1_bond_length_c_e|ar1_Ar_NBO_OH,0.7022299643779308,0.05935055621779706,2.41747120946362,LOOCV,ln(kobs) = <nonlinear model; no closed-form linear equation>
azoarene_svr_rbf_c30_eps005_scale,ln(kobs),4,ar2_Ar_polar|ar1_q_a|ar1_bond_length_c_e|ar2_Ar_Ster_B5,0.710375413983642,0.057484197527530534,2.384177181916927,LOOCV,ln(kobs) = <nonlinear model; no closed-form linear equation>
azoarene_svr_rbf_c30_eps005_scale,ln(kobs),4,ar2_Ar_polar|ar1_q_a|ar1_bond_length_c_e|ar2_sterimol_B5,0.710375413983642,0.057484197527530534,2.384177181916927,LOOCV,ln(kobs) = <nonlinear model; no closed-form linear equation>
azoarene_svr_rbf_c30_eps005_scale,ln(kobs),4,ar2_isotropic_polarizability_au|ar1_q_a|ar1_bond_length_c_e|ar2_Ar_Ster_B5,0.710375413983642,0.057484197527530534,2.384177181916927,LOOCV,ln(kobs) = <nonlinear model; no closed-form linear equation>
azoarene_svr_rbf_c30_eps005_scale,ln(kobs),4,ar2_isotropic_polarizability_au|ar1_q_a|ar1_bond_length_c_e|ar2_sterimol_B5,0.710375413983642,0.057484197527530534,2.384177181916927,LOOCV,ln(kobs) = <nonlinear model; no closed-form linear equation>
azoarene_svr_rbf_c30_eps005_scale,ln(kobs),4,ar2_scf_energy_hartree|rate kobs (s-1)|ar2_lumo_hartree|ar2_Ar_Ster_B5,0.7124570554085425,0.057065674844622105,2.37559373948568,LOOCV,ln(kobs) = <nonlinear model; no closed-form linear equation>
azoarene_svr_rbf_c30_eps005_scale,ln(kobs),4,ar2_scf_energy_hartree|rate kobs (s-1)|ar2_lumo_hartree|ar2_sterimol_B5,0.7124570554085425,0.057065674844622105,2.37559373948568,LOOCV,ln(kobs) = <nonlinear model; no closed-form linear equation>
azoarene_svr_rbf_c30_eps005_scale,ln(kobs),4,ar2_scf_energy_hartree|rate kobs (s-1)|ar2_Ar_LUMO|ar2_Ar_Ster_B5,0.7124570554085425,0.057065674844622105,2.37559373948568,LOOCV,ln(kobs) = <nonlinear model; no closed-form linear equation>
azoarene_svr_rbf_c30_eps005_scale,ln(kobs),4,ar2_scf_energy_hartree|rate kobs (s-1)|ar2_Ar_LUMO|ar2_sterimol_B5,0.7124570554085425,0.057065674844622105,2.37559373948568,LOOCV,ln(kobs) = <nonlinear model; no closed-form linear equation>
azoarene_svr_rbf_c30_eps005_scale,ln(kobs),4,ar2_gibbs_free_energy_hartree|rate kobs (s-1)|ar2_lumo_hartree|ar2_Ar_Ster_B5,0.7124740226426383,0.05692382912235361,2.375523649347009,LOOCV,ln(kobs) = <nonlinear model; no closed-form linear equation>
azoarene_svr_rbf_c30_eps005_scale,ln(kobs),4,ar2_gibbs_free_energy_hartree|rate kobs (s-1)|ar2_lumo_hartree|ar2_sterimol_B5,0.7124740226426383,0.05692382912235361,2.375523649347009,LOOCV,ln(kobs) = <nonlinear model; no closed-form linear equation>
azoarene_svr_rbf_c30_eps005_scale,ln(kobs),4,ar2_gibbs_free_energy_hartree|rate kobs (s-1)|ar2_Ar_LUMO|ar2_Ar_Ster_B5,0.7124740226426383,0.05692382912235361,2.375523649347009,LOOCV,ln(kobs) = <nonlinear model; no closed-form linear equation>
azoarene_svr_rbf_c30_eps005_scale,ln(kobs),4,ar2_gibbs_free_energy_hartree|rate kobs (s-1)|ar2_Ar_LUMO|ar2_sterimol_B5,0.7124740226426383,0.05692382912235361,2.375523649347009,LOOCV,ln(kobs) = <nonlinear model; no closed-form linear equation>
azoarene_svr_rbf_c30_eps005_scale,ln(kobs),4,ar2_enthalpy_hartree|rate kobs (s-1)|ar2_lumo_hartree|ar2_Ar_Ster_B5,0.712475055916158,0.056892659871588314,2.3755193809189694,LOOCV,ln(kobs) = <nonlinear model; no closed-form linear equation>
azoarene_svr_rbf_c30_eps005_scale,ln(kobs),4,ar2_enthalpy_hartree|rate kobs (s-1)|ar2_lumo_hartree|ar2_sterimol_B5,0.712475055916158,0.056892659871588314,2.3755193809189694,LOOCV,ln(kobs) = <nonlinear model; no closed-form linear equation>
azoarene_svr_rbf_c30_eps005_scale,ln(kobs),4,ar2_enthalpy_hartree|rate kobs (s-1)|ar2_Ar_LUMO|ar2_Ar_Ster_B5,0.712475055916158,0.056892659871588314,2.3755193809189694,LOOCV,ln(kobs) = <nonlinear model; no closed-form linear equation>
azoarene_svr_rbf_c30_eps005_scale,ln(kobs),4,ar2_enthalpy_hartree|rate kobs (s-1)|ar2_Ar_LUMO|ar2_sterimol_B5,0.712475055916158,0.056892659871588314,2.3755193809189694,LOOCV,ln(kobs) = <nonlinear model; no closed-form linear equation>
azoarene_svr_rbf_c30_eps005_scale,ln(kobs),5,ar2_enthalpy_hartree|ar2_lumo_hartree|ar1_q_a|ar1_bond_length_c_e|ar2_Ar_Ster_B5,0.7684014306798487,0.056246849933120124,2.132007608861084,LOOCV,ln(kobs) = <nonlinear model; no closed-form linear equation>
azoarene_svr_rbf_c30_eps005_scale,ln(kobs),5,ar2_enthalpy_hartree|ar2_lumo_hartree|ar1_q_a|ar1_bond_length_c_e|ar2_sterimol_B5,0.7684014306798487,0.056246849933120124,2.132007608861084,LOOCV,ln(kobs) = <nonlinear model; no closed-form linear equation>
azoarene_svr_rbf_c30_eps005_scale,ln(kobs),5,ar2_enthalpy_hartree|ar2_Ar_LUMO|ar1_q_a|ar1_bond_length_c_e|ar2_Ar_Ster_B5,0.7684014306798487,0.056246849933120124,2.132007608861084,LOOCV,ln(kobs) = <nonlinear model; no closed-form linear equation>
azoarene_svr_rbf_c30_eps005_scale,ln(kobs),5,ar2_enthalpy_hartree|ar2_Ar_LUMO|ar1_q_a|ar1_bond_length_c_e|ar2_sterimol_B5,0.7684014306798487,0.056246849933120124,2.132007608861084,LOOCV,ln(kobs) = <nonlinear model; no closed-form linear equation>
azoarene_svr_rbf_c30_eps005_scale,ln(kobs),5,ar2_gibbs_free_energy_hartree|ar2_lumo_hartree|ar1_q_a|ar1_bond_length_c_e|ar2_Ar_Ster_B5,0.7683944984367467,0.056246150239869896,2.132039516408028,LOOCV,ln(kobs) = <nonlinear model; no closed-form linear equation>
azoarene_svr_rbf_c30_eps005_scale,ln(kobs),5,ar2_gibbs_free_energy_hartree|ar2_lumo_hartree|ar1_q_a|ar1_bond_length_c_e|ar2_sterimol_B5,0.7683944984367467,0.056246150239869896,2.132039516408028,LOOCV,ln(kobs) = <nonlinear model; no closed-form linear equation>
azoarene_svr_rbf_c30_eps005_scale,ln(kobs),5,ar2_gibbs_free_energy_hartree|ar2_Ar_LUMO|ar1_q_a|ar1_bond_length_c_e|ar2_Ar_Ster_B5,0.7683944984367467,0.056246150239869896,2.132039516408028,LOOCV,ln(kobs) = <nonlinear model; no closed-form linear equation>
azoarene_svr_rbf_c30_eps005_scale,ln(kobs),5,ar2_gibbs_free_energy_hartree|ar2_Ar_LUMO|ar1_q_a|ar1_bond_length_c_e|ar2_sterimol_B5,0.7683944984367467,0.056246150239869896,2.132039516408028,LOOCV,ln(kobs) = <nonlinear model; no closed-form linear equation>
azoarene_svr_rbf_c30_eps005_scale,ln(kobs),5,ar2_scf_energy_hartree|ar2_lumo_hartree|ar1_q_a|ar1_bond_length_c_e|ar2_Ar_Ster_B5,0.7683991120371698,0.05617570542657435,2.1320182811020127,LOOCV,ln(kobs) = <nonlinear model; no closed-form linear equation>
azoarene_svr_rbf_c30_eps005_scale,ln(kobs),5,ar2_scf_energy_hartree|ar2_lumo_hartree|ar1_q_a|ar1_bond_length_c_e|ar2_sterimol_B5,0.7683991120371698,0.05617570542657435,2.1320182811020127,LOOCV,ln(kobs) = <nonlinear model; no closed-form linear equation>
azoarene_svr_rbf_c30_eps005_scale,ln(kobs),5,ar2_scf_energy_hartree|ar2_Ar_LUMO|ar1_q_a|ar1_bond_length_c_e|ar2_Ar_Ster_B5,0.7683991120371698,0.05617570542657435,2.1320182811020127,LOOCV,ln(kobs) = <nonlinear model; no closed-form linear equation>
azoarene_svr_rbf_c30_eps005_scale,ln(kobs),5,ar2_scf_energy_hartree|ar2_Ar_LUMO|ar1_q_a|ar1_bond_length_c_e|ar2_sterimol_B5,0.7683991120371698,0.05617570542657435,2.1320182811020127,LOOCV,ln(kobs) = <nonlinear model; no closed-form linear equation>
azoarene_svr_rbf_c30_eps005_scale,ln(kobs),4,ar2_Ar_HOMO|ar2_Ar_polar|ar1_q_a|ar1_nbo_q_a,0.7859706418527902,0.056137239089047775,2.049545144166541,LOOCV,ln(kobs) = <nonlinear model; no closed-form linear equation>
azoarene_svr_rbf_c30_eps005_scale,ln(kobs),4,ar2_Ar_HOMO|ar2_Ar_polar|ar1_q_a|ar1_Ar_NBO_OH,0.7859706418527902,0.056137239089047775,2.049545144166541,LOOCV,ln(kobs) = <nonlinear model; no closed-form linear equation>
azoarene_svr_rbf_c30_eps005_scale,ln(kobs),4,ar2_Ar_HOMO|ar2_isotropic_polarizability_au|ar1_q_a|ar1_nbo_q_a,0.7859706418527902,0.056137239089047775,2.049545144166541,LOOCV,ln(kobs) = <nonlinear model; no closed-form linear equation>
azoarene_svr_rbf_c30_eps005_scale,ln(kobs),4,ar2_Ar_HOMO|ar2_isotropic_polarizability_au|ar1_q_a|ar1_Ar_NBO_OH,0.7859706418527902,0.056137239089047775,2.049545144166541,LOOCV,ln(kobs) = <nonlinear model; no closed-form linear equation>
azoarene_svr_rbf_c30_eps005_scale,ln(kobs),4,ar2_homo_hartree|ar2_Ar_polar|ar1_q_a|ar1_nbo_q_a,0.7859706418527902,0.056137239089047775,2.049545144166541,LOOCV,ln(kobs) = <nonlinear model; no closed-form linear equation>
azoarene_svr_rbf_c30_eps005_scale,ln(kobs),4,ar2_homo_hartree|ar2_Ar_polar|ar1_q_a|ar1_Ar_NBO_OH,0.7859706418527902,0.056137239089047775,2.049545144166541,LOOCV,ln(kobs) = <nonlinear model; no closed-form linear equation>
azoarene_svr_rbf_c30_eps005_scale,ln(kobs),4,ar2_homo_hartree|ar2_isotropic_polarizability_au|ar1_q_a|ar1_nbo_q_a,0.7859706418527902,0.056137239089047775,2.049545144166541,LOOCV,ln(kobs) = <nonlinear model; no closed-form linear equation>
azoarene_svr_rbf_c30_eps005_scale,ln(kobs),4,ar2_homo_hartree|ar2_isotropic_polarizability_au|ar1_q_a|ar1_Ar_NBO_OH,0.7859706418527902,0.056137239089047775,2.049545144166541,LOOCV,ln(kobs) = <nonlinear model; no closed-form linear equation>
azoarene_svr_rbf_c30_eps005_scale,ln(kobs),4,ar1_bond_length_c_a|ar2_lumo_hartree|ar2_Ar_LUMO|ar2_Ar_Ster_B5,0.723870432958279,0.0558766371093572,2.327969414569208,LOOCV,ln(kobs) = <nonlinear model; no closed-form linear equation>
azoarene_svr_rbf_c30_eps005_scale,ln(kobs),4,ar1_bond_length_c_a|ar2_lumo_hartree|ar2_Ar_LUMO|ar2_sterimol_B5,0.723870432958279,0.0558766371093572,2.327969414569208,LOOCV,ln(kobs) = <nonlinear model; no closed-form linear equation>
azoarene_svr_rbf_c30_eps005_scale,ln(kobs),4,ar2_gibbs_free_energy_hartree|ar1_bond_length_c_a|ar2_gap_hartree|ar2_Ar_Ster_B5,0.7252657526261013,0.0558419537114071,2.3220801948440095,LOOCV,ln(kobs) = <nonlinear model; no closed-form linear equation>
azoarene_svr_rbf_c30_eps005_scale,ln(kobs),4,ar2_gibbs_free_energy_hartree|ar1_bond_length_c_a|ar2_gap_hartree|ar2_sterimol_B5,0.7252657526261013,0.0558419537114071,2.3220801948440095,LOOCV,ln(kobs) = <nonlinear model; no closed-form linear equation>
azoarene_svr_rbf_c30_eps005_scale,ln(kobs),4,ar2_scf_energy_hartree|ar1_bond_length_c_a|ar2_gap_hartree|ar2_Ar_Ster_B5,0.725281998666275,0.05581708256749274,2.322011537284554,LOOCV,ln(kobs) = <nonlinear model; no closed-form linear equation>
azoarene_svr_rbf_c30_eps005_scale,ln(kobs),4,ar2_scf_energy_hartree|ar1_bond_length_c_a|ar2_gap_hartree|ar2_sterimol_B5,0.725281998666275,0.05581708256749274,2.322011537284554,LOOCV,ln(kobs) = <nonlinear model; no closed-form linear equation>
azoarene_svr_rbf_c30_eps005_scale,ln(kobs),4,ar2_enthalpy_hartree|ar1_bond_length_c_a|ar2_gap_hartree|ar2_Ar_Ster_B5,0.7252861471512171,0.05576469427210695,2.321994005003784,LOOCV,ln(kobs) = <nonlinear model; no closed-form linear equation>
azoarene_svr_rbf_c30_eps005_scale,ln(kobs),4,ar2_enthalpy_hartree|ar1_bond_length_c_a|ar2_gap_hartree|ar2_sterimol_B5,0.7252861471512171,0.05576469427210695,2.321994005003784,LOOCV,ln(kobs) = <nonlinear model; no closed-form linear equation>
azoarene_svr_rbf_c30_eps005_scale,ln(kobs),4,ar2_lumo_hartree|ar1_q_a|ar1_bond_length_c_e|ar2_Ar_Ster_B5,0.7914050727571194,0.054918603026191226,2.02335778891889,LOOCV,ln(kobs) = <nonlinear model; no closed-form linear equation>
azoarene_svr_rbf_c30_eps005_scale,ln(kobs),4,ar2_lumo_hartree|ar1_q_a|ar1_bond_length_c_e|ar2_sterimol_B5,0.7914050727571194,0.054918603026191226,2.02335778891889,LOOCV,ln(kobs) = <nonlinear model; no closed-form linear equation>
azoarene_svr_rbf_c30_eps005_scale,ln(kobs),4,ar2_Ar_LUMO|ar1_q_a|ar1_bond_length_c_e|ar2_Ar_Ster_B5,0.7914050727571194,0.054918603026191226,2.02335778891889,LOOCV,ln(kobs) = <nonlinear model; no closed-form linear equation>
azoarene_svr_rbf_c30_eps005_scale,ln(kobs),4,ar2_Ar_LUMO|ar1_q_a|ar1_bond_length_c_e|ar2_sterimol_B5,0.7914050727571194,0.054918603026191226,2.02335778891889,LOOCV,ln(kobs) = <nonlinear model; no closed-form linear equation>
azoarene_svr_rbf_c30_eps005_scale,ln(kobs),5,ar2_Ar_HOMO|ar2_homo_hartree|ar1_bond_length_c_a|ar2_lumo_hartree|ar1_q_a,0.7762305239117466,0.05472801065694177,2.0956619911643966,LOOCV,ln(kobs) = <nonlinear model; no closed-form linear equation>
azoarene_svr_rbf_c30_eps005_scale,ln(kobs),5,ar2_Ar_HOMO|ar2_homo_hartree|ar1_bond_length_c_a|ar2_Ar_LUMO|ar1_q_a,0.7762305239117466,0.05472801065694177,2.0956619911643966,LOOCV,ln(kobs) = <nonlinear model; no closed-form linear equation>
azoarene_svr_rbf_c30_eps005_scale,ln(kobs),5,ar2_lumo_hartree|ar2_Ar_LUMO|ar1_q_a|ar1_bond_length_c_e|ar2_Ar_Ster_B5,0.7710948251387597,0.0547218474491008,2.1195741760179767,LOOCV,ln(kobs) = <nonlinear model; no closed-form linear equation>
azoarene_svr_rbf_c30_eps005_scale,ln(kobs),5,ar2_lumo_hartree|ar2_Ar_LUMO|ar1_q_a|ar1_bond_length_c_e|ar2_sterimol_B5,0.7710948251387597,0.0547218474491008,2.1195741760179767,LOOCV,ln(kobs) = <nonlinear model; no closed-form linear equation>
azoarene_svr_rbf_c30_eps005_scale,ln(kobs),5,ar2_gap_hartree|ar1_q_a|ar1_bond_length_c_e|ar2_Ar_Ster_B5|ar2_sterimol_B5,0.7755692125508605,0.05444324253603161,2.098756386974837,LOOCV,ln(kobs) = <nonlinear model; no closed-form linear equation>
azoarene_svr_rbf_c30_eps005_scale,ln(kobs),4,ar2_gap_hartree|ar1_q_a|ar1_bond_length_c_e|ar2_Ar_Ster_B5,0.7910387348235133,0.05441353704036522,2.0251337370812927,LOOCV,ln(kobs) = <nonlinear model; no closed-form linear equation>
azoarene_svr_rbf_c30_eps005_scale,ln(kobs),4,ar2_gap_hartree|ar1_q_a|ar1_bond_length_c_e|ar2_sterimol_B5,0.7910387348235133,0.05441353704036522,2.0251337370812927,LOOCV,ln(kobs) = <nonlinear model; no closed-form linear equation>
azoarene_svr_rbf_c30_eps005_scale,ln(kobs),5,ar2_lumo_hartree|ar1_q_a|ar1_bond_length_c_e|ar2_Ar_Ster_B5|ar2_sterimol_B5,0.7759018631422928,0.054359425531455674,2.097200425216861,LOOCV,ln(kobs) = <nonlinear model; no closed-form linear equation>
azoarene_svr_rbf_c30_eps005_scale,ln(kobs),5,ar2_Ar_LUMO|ar1_q_a|ar1_bond_length_c_e|ar2_Ar_Ster_B5|ar2_sterimol_B5,0.7759018631422928,0.054359425531455674,2.097200425216861,LOOCV,ln(kobs) = <nonlinear model; no closed-form linear equation>
azoarene_svr_rbf_c30_eps005_scale,ln(kobs),3,ar1_bond_length_c_a|ar2_lumo_hartree|ar1_nbo_q_a,0.6939763470239111,0.05395773455995578,2.450746051857653,LOOCV,ln(kobs) = <nonlinear model; no closed-form linear equation>
azoarene_svr_rbf_c30_eps005_scale,ln(kobs),3,ar1_bond_length_c_a|ar2_lumo_hartree|ar1_Ar_NBO_OH,0.6939763470239111,0.05395773455995578,2.450746051857653,LOOCV,ln(kobs) = <nonlinear model; no closed-form linear equation>
azoarene_svr_rbf_c30_eps005_scale,ln(kobs),3,ar1_bond_length_c_a|ar2_Ar_LUMO|ar1_nbo_q_a,0.6939763470239111,0.05395773455995578,2.450746051857653,LOOCV,ln(kobs) = <nonlinear model; no closed-form linear equation>
azoarene_svr_rbf_c30_eps005_scale,ln(kobs),3,ar1_bond_length_c_a|ar2_Ar_LUMO|ar1_Ar_NBO_OH,0.6939763470239111,0.05395773455995578,2.450746051857653,LOOCV,ln(kobs) = <nonlinear model; no closed-form linear equation>
azoarene_svr_rbf_c30_eps005_scale,ln(kobs),4,ar2_lumo_hartree|ar2_gap_hartree|ar1_bond_length_c_e|ar1_nbo_q_a,0.700114675820261,0.05391910371745501,2.426042588631916,LOOCV,ln(kobs) = <nonlinear model; no closed-form linear equation>
azoarene_svr_rbf_c30_eps005_scale,ln(kobs),4,ar2_lumo_hartree|ar2_gap_hartree|ar1_bond_length_c_e|ar1_Ar_NBO_OH,0.700114675820261,0.05391910371745501,2.426042588631916,LOOCV,ln(kobs) = <nonlinear model; no closed-form linear equation>
azoarene_svr_rbf_c30_eps005_scale,ln(kobs),4,ar2_Ar_LUMO|ar2_gap_hartree|ar1_bond_length_c_e|ar1_nbo_q_a,0.700114675820261,0.05391910371745501,2.426042588631916,LOOCV,ln(kobs) = <nonlinear model; no closed-form linear equation>
azoarene_svr_rbf_c30_eps005_scale,ln(kobs),4,ar2_Ar_LUMO|ar2_gap_hartree|ar1_bond_length_c_e|ar1_Ar_NBO_OH,0.700114675820261,0.05391910371745501,2.426042588631916,LOOCV,ln(kobs) = <nonlinear model; no closed-form linear equation>
azoarene_svr_rbf_c30_eps005_scale,ln(kobs),5,ar2_lumo_hartree|ar2_gap_hartree|ar1_q_a|ar1_bond_length_c_e|ar2_Ar_Ster_B5,0.7704975815588736,0.05279861352077786,2.1223374980330307,LOOCV,ln(kobs) = <nonlinear model; no closed-form linear equation>
azoarene_svr_rbf_c30_eps005_scale,ln(kobs),5,ar2_lumo_hartree|ar2_gap_hartree|ar1_q_a|ar1_bond_length_c_e|ar2_sterimol_B5,0.7704975815588736,0.05279861352077786,2.1223374980330307,LOOCV,ln(kobs) = <nonlinear model; no closed-form linear equation>
azoarene_svr_rbf_c30_eps005_scale,ln(kobs),5,ar2_Ar_LUMO|ar2_gap_hartree|ar1_q_a|ar1_bond_length_c_e|ar2_Ar_Ster_B5,0.7704975815588736,0.05279861352077786,2.1223374980330307,LOOCV,ln(kobs) = <nonlinear model; no closed-form linear equation>
azoarene_svr_rbf_c30_eps005_scale,ln(kobs),5,ar2_Ar_LUMO|ar2_gap_hartree|ar1_q_a|ar1_bond_length_c_e|ar2_sterimol_B5,0.7704975815588736,0.05279861352077786,2.1223374980330307,LOOCV,ln(kobs) = <nonlinear model; no closed-form linear equation>
azoarene_svr_rbf_c30_eps005_scale,ln(kobs),4,ar2_scf_energy_hartree|rate kobs (s-1)|ar2_gap_hartree|ar2_Ar_Ster_B5,0.7138672034195754,0.05157878014691897,2.369761469757464,LOOCV,ln(kobs) = <nonlinear model; no closed-form linear equation>
azoarene_svr_rbf_c30_eps005_scale,ln(kobs),4,ar2_scf_energy_hartree|rate kobs (s-1)|ar2_gap_hartree|ar2_sterimol_B5,0.7138672034195754,0.05157878014691897,2.369761469757464,LOOCV,ln(kobs) = <nonlinear model; no closed-form linear equation>
azoarene_svr_rbf_c30_eps005_scale,ln(kobs),4,ar2_enthalpy_hartree|rate kobs (s-1)|ar2_gap_hartree|ar2_Ar_Ster_B5,0.7139088088291257,0.05144463917882358,2.369589174791638,LOOCV,ln(kobs) = <nonlinear model; no closed-form linear equation>
azoarene_svr_rbf_c30_eps005_scale,ln(kobs),4,ar2_enthalpy_hartree|rate kobs (s-1)|ar2_gap_hartree|ar2_sterimol_B5,0.7139088088291257,0.05144463917882358,2.369589174791638,LOOCV,ln(kobs) = <nonlinear model; no closed-form linear equation>
azoarene_svr_rbf_c30_eps005_scale,ln(kobs),4,ar2_gibbs_free_energy_hartree|rate kobs (s-1)|ar2_gap_hartree|ar2_Ar_Ster_B5,0.7138922209421852,0.05142673622856786,2.3696578695099624,LOOCV,ln(kobs) = <nonlinear model; no closed-form linear equation>
azoarene_svr_rbf_c30_eps005_scale,ln(kobs),4,ar2_gibbs_free_energy_hartree|rate kobs (s-1)|ar2_gap_hartree|ar2_sterimol_B5,0.7138922209421852,0.05142673622856786,2.3696578695099624,LOOCV,ln(kobs) = <nonlinear model; no closed-form linear equation>
azoarene_svr_rbf_c30_eps005_scale,ln(kobs),5,ar2_Ar_HOMO|ar2_lumo_hartree|ar2_Ar_LUMO|ar1_q_a|ar1_nbo_q_a,0.785160418853238,0.0509512354830306,2.053420827456033,LOOCV,ln(kobs) = <nonlinear model; no closed-form linear equation>
azoarene_svr_rbf_c30_eps005_scale,ln(kobs),5,ar2_Ar_HOMO|ar2_lumo_hartree|ar2_Ar_LUMO|ar1_q_a|ar1_Ar_NBO_OH,0.785160418853238,0.0509512354830306,2.053420827456033,LOOCV,ln(kobs) = <nonlinear model; no closed-form linear equation>
azoarene_svr_rbf_c30_eps005_scale,ln(kobs),5,ar2_homo_hartree|ar2_lumo_hartree|ar2_Ar_LUMO|ar1_q_a|ar1_nbo_q_a,0.785160418853238,0.0509512354830306,2.053420827456033,LOOCV,ln(kobs) = <nonlinear model; no closed-form linear equation>
azoarene_svr_rbf_c30_eps005_scale,ln(kobs),5,ar2_homo_hartree|ar2_lumo_hartree|ar2_Ar_LUMO|ar1_q_a|ar1_Ar_NBO_OH,0.785160418853238,0.0509512354830306,2.053420827456033,LOOCV,ln(kobs) = <nonlinear model; no closed-form linear equation>
azoarene_svr_rbf_c30_eps005_scale,ln(kobs),5,rate kobs (s-1)|ar2_lumo_hartree|ar1_q_a|ar1_bond_length_c_e|ar2_Ar_Ster_B5,0.7948590717398321,0.05042933256359017,2.0065360756740716,LOOCV,ln(kobs) = <nonlinear model; no closed-form linear equation>
azoarene_svr_rbf_c30_eps005_scale,ln(kobs),5,rate kobs (s-1)|ar2_lumo_hartree|ar1_q_a|ar1_bond_length_c_e|ar2_sterimol_B5,0.7948590717398321,0.05042933256359017,2.0065360756740716,LOOCV,ln(kobs) = <nonlinear model; no closed-form linear equation>
azoarene_svr_rbf_c30_eps005_scale,ln(kobs),5,rate kobs (s-1)|ar2_Ar_LUMO|ar1_q_a|ar1_bond_length_c_e|ar2_Ar_Ster_B5,0.7948590717398321,0.05042933256359017,2.0065360756740716,LOOCV,ln(kobs) = <nonlinear model; no closed-form linear equation>
azoarene_svr_rbf_c30_eps005_scale,ln(kobs),5,rate kobs (s-1)|ar2_Ar_LUMO|ar1_q_a|ar1_bond_length_c_e|ar2_sterimol_B5,0.7948590717398321,0.05042933256359017,2.0065360756740716,LOOCV,ln(kobs) = <nonlinear model; no closed-form linear equation>
azoarene_svr_rbf_c30_eps005_scale,ln(kobs),5,ar2_Ar_HOMO|ar2_lumo_hartree|ar2_gap_hartree|ar1_q_a|ar1_nbo_q_a,0.785170508564117,0.050419339077395375,2.0533726085347066,LOOCV,ln(kobs) = <nonlinear model; no closed-form linear equation>
azoarene_svr_rbf_c30_eps005_scale,ln(kobs),5,ar2_Ar_HOMO|ar2_lumo_hartree|ar2_gap_hartree|ar1_q_a|ar1_Ar_NBO_OH,0.785170508564117,0.050419339077395375,2.0533726085347066,LOOCV,ln(kobs) = <nonlinear model; no closed-form linear equation>
azoarene_svr_rbf_c30_eps005_scale,ln(kobs),5,ar2_Ar_HOMO|ar2_Ar_LUMO|ar2_gap_hartree|ar1_q_a|ar1_nbo_q_a,0.785170508564117,0.050419339077395375,2.0533726085347066,LOOCV,ln(kobs) = <nonlinear model; no closed-form linear equation>
azoarene_svr_rbf_c30_eps005_scale,ln(kobs),5,ar2_Ar_HOMO|ar2_Ar_LUMO|ar2_gap_hartree|ar1_q_a|ar1_Ar_NBO_OH,0.785170508564117,0.050419339077395375,2.0533726085347066,LOOCV,ln(kobs) = <nonlinear model; no closed-form linear equation>
azoarene_svr_rbf_c30_eps005_scale,ln(kobs),5,ar2_homo_hartree|ar2_lumo_hartree|ar2_gap_hartree|ar1_q_a|ar1_nbo_q_a,0.785170508564117,0.050419339077395375,2.0533726085347066,LOOCV,ln(kobs) = <nonlinear model; no closed-form linear equation>
azoarene_svr_rbf_c30_eps005_scale,ln(kobs),5,ar2_homo_hartree|ar2_lumo_hartree|ar2_gap_hartree|ar1_q_a|ar1_Ar_NBO_OH,0.785170508564117,0.050419339077395375,2.0533726085347066,LOOCV,ln(kobs) = <nonlinear model; no closed-form linear equation>
azoarene_svr_rbf_c30_eps005_scale,ln(kobs),5,ar2_homo_hartree|ar2_Ar_LUMO|ar2_gap_hartree|ar1_q_a|ar1_nbo_q_a,0.785170508564117,0.050419339077395375,2.0533726085347066,LOOCV,ln(kobs) = <nonlinear model; no closed-form linear equation>
azoarene_svr_rbf_c30_eps005_scale,ln(kobs),5,ar2_homo_hartree|ar2_Ar_LUMO|ar2_gap_hartree|ar1_q_a|ar1_Ar_NBO_OH,0.785170508564117,0.050419339077395375,2.0533726085347066,LOOCV,ln(kobs) = <nonlinear model; no closed-form linear equation>
azoarene_svr_rbf_c30_eps005_scale,ln(kobs),4,ar2_Ar_HOMO|ar2_Ar_polar|rate kobs (s-1)|ar1_q_a,0.7629071322671694,0.049947889961073355,2.1571485777673165,LOOCV,ln(kobs) = <nonlinear model; no closed-form linear equation>
azoarene_svr_rbf_c30_eps005_scale,ln(kobs),4,ar2_Ar_HOMO|ar2_isotropic_polarizability_au|rate kobs (s-1)|ar1_q_a,0.7629071322671694,0.049947889961073355,2.1571485777673165,LOOCV,ln(kobs) = <nonlinear model; no closed-form linear equation>
azoarene_svr_rbf_c30_eps005_scale,ln(kobs),4,ar2_homo_hartree|ar2_Ar_polar|rate kobs (s-1)|ar1_q_a,0.7629071322671694,0.049947889961073355,2.1571485777673165,LOOCV,ln(kobs) = <nonlinear model; no closed-form linear equation>
azoarene_svr_rbf_c30_eps005_scale,ln(kobs),4,ar2_homo_hartree|ar2_isotropic_polarizability_au|rate kobs (s-1)|ar1_q_a,0.7629071322671694,0.049947889961073355,2.1571485777673165,LOOCV,ln(kobs) = <nonlinear model; no closed-form linear equation>
azoarene_svr_rbf_c30_eps005_scale,ln(kobs),5,ar2_Ar_HOMO|ar2_Ar_polar|ar1_bond_length_c_a|ar1_q_a|ar2_Ar_Ster_B5,0.7821155280895811,0.04985978048712303,2.067921051179648,LOOCV,ln(kobs) = <nonlinear model; no closed-form linear equation>
azoarene_svr_rbf_c30_eps005_scale,ln(kobs),5,ar2_Ar_HOMO|ar2_Ar_polar|ar1_bond_length_c_a|ar1_q_a|ar2_sterimol_B5,0.7821155280895811,0.04985978048712303,2.067921051179648,LOOCV,ln(kobs) = <nonlinear model; no closed-form linear equation>
azoarene_svr_rbf_c30_eps005_scale,ln(kobs),5,ar2_Ar_HOMO|ar2_isotropic_polarizability_au|ar1_bond_length_c_a|ar1_q_a|ar2_Ar_Ster_B5,0.7821155280895811,0.04985978048712303,2.067921051179648,LOOCV,ln(kobs) = <nonlinear model; no closed-form linear equation>
azoarene_svr_rbf_c30_eps005_scale,ln(kobs),5,ar2_Ar_HOMO|ar2_isotropic_polarizability_au|ar1_bond_length_c_a|ar1_q_a|ar2_sterimol_B5,0.7821155280895811,0.04985978048712303,2.067921051179648,LOOCV,ln(kobs) = <nonlinear model; no closed-form linear equation>
azoarene_svr_rbf_c30_eps005_scale,ln(kobs),5,ar2_homo_hartree|ar2_Ar_polar|ar1_bond_length_c_a|ar1_q_a|ar2_Ar_Ster_B5,0.7821155280895811,0.04985978048712303,2.067921051179648,LOOCV,ln(kobs) = <nonlinear model; no closed-form linear equation>
azoarene_svr_rbf_c30_eps005_scale,ln(kobs),5,ar2_homo_hartree|ar2_Ar_polar|ar1_bond_length_c_a|ar1_q_a|ar2_sterimol_B5,0.7821155280895811,0.04985978048712303,2.067921051179648,LOOCV,ln(kobs) = <nonlinear model; no closed-form linear equation>
azoarene_svr_rbf_c30_eps005_scale,ln(kobs),5,ar2_homo_hartree|ar2_isotropic_polarizability_au|ar1_bond_length_c_a|ar1_q_a|ar2_Ar_Ster_B5,0.7821155280895811,0.04985978048712303,2.067921051179648,LOOCV,ln(kobs) = <nonlinear model; no closed-form linear equation>
azoarene_svr_rbf_c30_eps005_scale,ln(kobs),5,ar2_homo_hartree|ar2_isotropic_polarizability_au|ar1_bond_length_c_a|ar1_q_a|ar2_sterimol_B5,0.7821155280895811,0.04985978048712303,2.067921051179648,LOOCV,ln(kobs) = <nonlinear model; no closed-form linear equation>
azoarene_svr_rbf_c30_eps005_scale,ln(kobs),4,ar2_Ar_polar|ar1_bond_length_c_a|ar1_q_a|ar1_nbo_q_a,0.7017963215903573,0.049301963092712175,2.4192308518713013,LOOCV,ln(kobs) = <nonlinear model; no closed-form linear equation>
azoarene_svr_rbf_c30_eps005_scale,ln(kobs),4,ar2_Ar_polar|ar1_bond_length_c_a|ar1_q_a|ar1_Ar_NBO_OH,0.7017963215903573,0.049301963092712175,2.4192308518713013,LOOCV,ln(kobs) = <nonlinear model; no closed-form linear equation>
azoarene_svr_rbf_c30_eps005_scale,ln(kobs),4,ar2_isotropic_polarizability_au|ar1_bond_length_c_a|ar1_q_a|ar1_nbo_q_a,0.7017963215903573,0.049301963092712175,2.4192308518713013,LOOCV,ln(kobs) = <nonlinear model; no closed-form linear equation>
azoarene_svr_rbf_c30_eps005_scale,ln(kobs),4,ar2_isotropic_polarizability_au|ar1_bond_length_c_a|ar1_q_a|ar1_Ar_NBO_OH,0.7017963215903573,0.049301963092712175,2.4192308518713013,LOOCV,ln(kobs) = <nonlinear model; no closed-form linear equation>
azoarene_svr_rbf_c30_eps005_scale,ln(kobs),4,ar2_gibbs_free_energy_hartree|rate kobs (s-1)|ar2_lumo_hartree|ar1_nbo_q_a,0.717217742593463,0.049181466394564,2.3558459738988713,LOOCV,ln(kobs) = <nonlinear model; no closed-form linear equation>
azoarene_svr_rbf_c30_eps005_scale,ln(kobs),4,ar2_gibbs_free_energy_hartree|rate kobs (s-1)|ar2_lumo_hartree|ar1_Ar_NBO_OH,0.717217742593463,0.049181466394564,2.3558459738988713,LOOCV,ln(kobs) = <nonlinear model; no closed-form linear equation>
azoarene_svr_rbf_c30_eps005_scale,ln(kobs),4,ar2_gibbs_free_energy_hartree|rate kobs (s-1)|ar2_Ar_LUMO|ar1_nbo_q_a,0.717217742593463,0.049181466394564,2.3558459738988713,LOOCV,ln(kobs) = <nonlinear model; no closed-form linear equation>
azoarene_svr_rbf_c30_eps005_scale,ln(kobs),4,ar2_gibbs_free_energy_hartree|rate kobs (s-1)|ar2_Ar_LUMO|ar1_Ar_NBO_OH,0.717217742593463,0.049181466394564,2.3558459738988713,LOOCV,ln(kobs) = <nonlinear model; no closed-form linear equation>
azoarene_svr_rbf_c30_eps005_scale,ln(kobs),4,ar2_enthalpy_hartree|rate kobs (s-1)|ar2_lumo_hartree|ar1_nbo_q_a,0.7171946671646885,0.04913831906875732,2.355942092105705,LOOCV,ln(kobs) = <nonlinear model; no closed-form linear equation>
azoarene_svr_rbf_c30_eps005_scale,ln(kobs),4,ar2_enthalpy_hartree|rate kobs (s-1)|ar2_lumo_hartree|ar1_Ar_NBO_OH,0.7171946671646885,0.04913831906875732,2.355942092105705,LOOCV,ln(kobs) = <nonlinear model; no closed-form linear equation>
azoarene_svr_rbf_c30_eps005_scale,ln(kobs),4,ar2_enthalpy_hartree|rate kobs (s-1)|ar2_Ar_LUMO|ar1_nbo_q_a,0.7171946671646885,0.04913831906875732,2.355942092105705,LOOCV,ln(kobs) = <nonlinear model; no closed-form linear equation>
azoarene_svr_rbf_c30_eps005_scale,ln(kobs),4,ar2_enthalpy_hartree|rate kobs (s-1)|ar2_Ar_LUMO|ar1_Ar_NBO_OH,0.7171946671646885,0.04913831906875732,2.355942092105705,LOOCV,ln(kobs) = <nonlinear model; no closed-form linear equation>
azoarene_svr_rbf_c30_eps005_scale,ln(kobs),5,ar2_Ar_HOMO|ar2_homo_hartree|ar2_Ar_polar|ar1_q_a|ar1_nbo_q_a,0.7641850574555449,0.048996011062937606,2.151327231944169,LOOCV,ln(kobs) = <nonlinear model; no closed-form linear equation>
azoarene_svr_rbf_c30_eps005_scale,ln(kobs),5,ar2_Ar_HOMO|ar2_homo_hartree|ar2_Ar_polar|ar1_q_a|ar1_Ar_NBO_OH,0.7641850574555449,0.048996011062937606,2.151327231944169,LOOCV,ln(kobs) = <nonlinear model; no closed-form linear equation>
azoarene_svr_rbf_c30_eps005_scale,ln(kobs),5,ar2_Ar_HOMO|ar2_homo_hartree|ar2_isotropic_polarizability_au|ar1_q_a|ar1_nbo_q_a,0.7641850574555449,0.048996011062937606,2.151327231944169,LOOCV,ln(kobs) = <nonlinear model; no closed-form linear equation>
azoarene_svr_rbf_c30_eps005_scale,ln(kobs),5,ar2_Ar_HOMO|ar2_homo_hartree|ar2_isotropic_polarizability_au|ar1_q_a|ar1_Ar_NBO_OH,0.7641850574555449,0.048996011062937606,2.151327231944169,LOOCV,ln(kobs) = <nonlinear model; no closed-form linear equation>
azoarene_svr_rbf_c30_eps005_scale,ln(kobs),4,ar2_scf_energy_hartree|rate kobs (s-1)|ar2_lumo_hartree|ar1_nbo_q_a,0.7172481403873066,0.04898439234217833,2.355719349185026,LOOCV,ln(kobs) = <nonlinear model; no closed-form linear equation>
azoarene_svr_rbf_c30_eps005_scale,ln(kobs),4,ar2_scf_energy_hartree|rate kobs (s-1)|ar2_lumo_hartree|ar1_Ar_NBO_OH,0.7172481403873066,0.04898439234217833,2.355719349185026,LOOCV,ln(kobs) = <nonlinear model; no closed-form linear equation>
azoarene_svr_rbf_c30_eps005_scale,ln(kobs),4,ar2_scf_energy_hartree|rate kobs (s-1)|ar2_Ar_LUMO|ar1_nbo_q_a,0.7172481403873066,0.04898439234217833,2.355719349185026,LOOCV,ln(kobs) = <nonlinear model; no closed-form linear equation>
azoarene_svr_rbf_c30_eps005_scale,ln(kobs),4,ar2_scf_energy_hartree|rate kobs (s-1)|ar2_Ar_LUMO|ar1_Ar_NBO_OH,0.7172481403873066,0.04898439234217833,2.355719349185026,LOOCV,ln(kobs) = <nonlinear model; no closed-form linear equation>
azoarene_svr_rbf_c30_eps005_scale,ln(kobs),5,rate kobs (s-1)|ar2_gap_hartree|ar1_q_a|ar1_bond_length_c_e|ar2_Ar_Ster_B5,0.7945534811462058,0.04882193734623563,2.008030049520412,LOOCV,ln(kobs) = <nonlinear model; no closed-form linear equation>
azoarene_svr_rbf_c30_eps005_scale,ln(kobs),5,rate kobs (s-1)|ar2_gap_hartree|ar1_q_a|ar1_bond_length_c_e|ar2_sterimol_B5,0.7945534811462058,0.04882193734623563,2.008030049520412,LOOCV,ln(kobs) = <nonlinear model; no closed-form linear equation>
azoarene_svr_rbf_c30_eps005_scale,ln(kobs),4,ar1_bond_length_c_a|ar2_lumo_hartree|ar2_gap_hartree|ar2_Ar_Ster_B5,0.7231109327216427,0.0487336565109604,2.3311687807486208,LOOCV,ln(kobs) = <nonlinear model; no closed-form linear equation>
azoarene_svr_rbf_c30_eps005_scale,ln(kobs),4,ar1_bond_length_c_a|ar2_lumo_hartree|ar2_gap_hartree|ar2_sterimol_B5,0.7231109327216427,0.0487336565109604,2.3311687807486208,LOOCV,ln(kobs) = <nonlinear model; no closed-form linear equation>
azoarene_svr_rbf_c30_eps005_scale,ln(kobs),4,ar1_bond_length_c_a|ar2_Ar_LUMO|ar2_gap_hartree|ar2_Ar_Ster_B5,0.7231109327216427,0.0487336565109604,2.3311687807486208,LOOCV,ln(kobs) = <nonlinear model; no closed-form linear equation>
azoarene_svr_rbf_c30_eps005_scale,ln(kobs),4,ar1_bond_length_c_a|ar2_Ar_LUMO|ar2_gap_hartree|ar2_sterimol_B5,0.7231109327216427,0.0487336565109604,2.3311687807486208,LOOCV,ln(kobs) = <nonlinear model; no closed-form linear equation>
azoarene_svr_rbf_c30_eps005_scale,ln(kobs),4,ar1_bond_length_c_a|ar2_lumo_hartree|ar2_Ar_LUMO|ar1_bond_length_c_e,0.7057020275660474,0.04740136433272979,2.4033357637802593,LOOCV,ln(kobs) = <nonlinear model; no closed-form linear equation>
azoarene_svr_rbf_c30_eps005_scale,ln(kobs),3,ar2_gibbs_free_energy_hartree|ar2_enthalpy_hartree|ar2_Ar_Ster_B5,0.40708951091772405,0.0470119242001521,3.4112643915521828,LOOCV,ln(kobs) = <nonlinear model; no closed-form linear equation>
azoarene_svr_rbf_c30_eps005_scale,ln(kobs),3,ar2_gibbs_free_energy_hartree|ar2_enthalpy_hartree|ar2_sterimol_B5,0.40708951091772405,0.0470119242001521,3.4112643915521828,LOOCV,ln(kobs) = <nonlinear model; no closed-form linear equation>
azoarene_svr_rbf_c30_eps005_scale,ln(kobs),3,ar2_scf_energy_hartree|ar2_gibbs_free_energy_hartree|ar2_Ar_Ster_B5,0.4070989512135451,0.047010741228964315,3.41123723444014,LOOCV,ln(kobs) = <nonlinear model; no closed-form linear equation>
azoarene_svr_rbf_c30_eps005_scale,ln(kobs),3,ar2_scf_energy_hartree|ar2_gibbs_free_energy_hartree|ar2_sterimol_B5,0.4070989512135451,0.047010741228964315,3.41123723444014,LOOCV,ln(kobs) = <nonlinear model; no closed-form linear equation>
azoarene_svr_rbf_c30_eps005_scale,ln(kobs),3,ar2_scf_energy_hartree|ar2_enthalpy_hartree|ar2_Ar_Ster_B5,0.40710317955418096,0.046979652532820104,3.4112250706071,LOOCV,ln(kobs) = <nonlinear model; no closed-form linear equation>
azoarene_svr_rbf_c30_eps005_scale,ln(kobs),3,ar2_scf_energy_hartree|ar2_enthalpy_hartree|ar2_sterimol_B5,0.40710317955418096,0.046979652532820104,3.4112250706071,LOOCV,ln(kobs) = <nonlinear model; no closed-form linear equation>
azoarene_svr_rbf_c30_eps005_scale,ln(kobs),3,ar2_scf_energy_hartree|ar2_lumo_hartree|ar2_Ar_Ster_B5,0.5856224616716015,0.04605273928323361,2.8517990317088278,LOOCV,ln(kobs) = <nonlinear model; no closed-form linear equation>
azoarene_svr_rbf_c30_eps005_scale,ln(kobs),3,ar2_scf_energy_hartree|ar2_lumo_hartree|ar2_sterimol_B5,0.5856224616716015,0.04605273928323361,2.8517990317088278,LOOCV,ln(kobs) = <nonlinear model; no closed-form linear equation>
azoarene_svr_rbf_c30_eps005_scale,ln(kobs),3,ar2_scf_energy_hartree|ar2_Ar_LUMO|ar2_Ar_Ster_B5,0.5856224616716015,0.04605273928323361,2.8517990317088278,LOOCV,ln(kobs) = <nonlinear model; no closed-form linear equation>
azoarene_svr_rbf_c30_eps005_scale,ln(kobs),3,ar2_scf_energy_hartree|ar2_Ar_LUMO|ar2_sterimol_B5,0.5856224616716015,0.04605273928323361,2.8517990317088278,LOOCV,ln(kobs) = <nonlinear model; no closed-form linear equation>
azoarene_svr_rbf_c30_eps005_scale,ln(kobs),5,ar2_Ar_HOMO|ar2_homo_hartree|ar1_bond_length_c_a|ar2_gap_hartree|ar1_q_a,0.7768980833779022,0.046050873569478346,2.0925337183576973,LOOCV,ln(kobs) = <nonlinear model; no closed-form linear equation>
azoarene_svr_rbf_c30_eps005_scale,ln(kobs),3,ar2_enthalpy_hartree|ar2_lumo_hartree|ar2_Ar_Ster_B5,0.5856479836416418,0.0459741382871548,2.851711207631199,LOOCV,ln(kobs) = <nonlinear model; no closed-form linear equation>
azoarene_svr_rbf_c30_eps005_scale,ln(kobs),3,ar2_enthalpy_hartree|ar2_lumo_hartree|ar2_sterimol_B5,0.5856479836416418,0.0459741382871548,2.851711207631199,LOOCV,ln(kobs) = <nonlinear model; no closed-form linear equation>
azoarene_svr_rbf_c30_eps005_scale,ln(kobs),3,ar2_enthalpy_hartree|ar2_Ar_LUMO|ar2_Ar_Ster_B5,0.5856479836416418,0.0459741382871548,2.851711207631199,LOOCV,ln(kobs) = <nonlinear model; no closed-form linear equation>
azoarene_svr_rbf_c30_eps005_scale,ln(kobs),3,ar2_enthalpy_hartree|ar2_Ar_LUMO|ar2_sterimol_B5,0.5856479836416418,0.0459741382871548,2.851711207631199,LOOCV,ln(kobs) = <nonlinear model; no closed-form linear equation>
azoarene_svr_rbf_c30_eps005_scale,ln(kobs),3,ar2_gibbs_free_energy_hartree|ar2_lumo_hartree|ar2_Ar_Ster_B5,0.5856557718461004,0.04597013880424272,2.851684406972061,LOOCV,ln(kobs) = <nonlinear model; no closed-form linear equation>
azoarene_svr_rbf_c30_eps005_scale,ln(kobs),3,ar2_gibbs_free_energy_hartree|ar2_lumo_hartree|ar2_sterimol_B5,0.5856557718461004,0.04597013880424272,2.851684406972061,LOOCV,ln(kobs) = <nonlinear model; no closed-form linear equation>
azoarene_svr_rbf_c30_eps005_scale,ln(kobs),3,ar2_gibbs_free_energy_hartree|ar2_Ar_LUMO|ar2_Ar_Ster_B5,0.5856557718461004,0.04597013880424272,2.851684406972061,LOOCV,ln(kobs) = <nonlinear model; no closed-form linear equation>
azoarene_svr_rbf_c30_eps005_scale,ln(kobs),3,ar2_gibbs_free_energy_hartree|ar2_Ar_LUMO|ar2_sterimol_B5,0.5856557718461004,0.04597013880424272,2.851684406972061,LOOCV,ln(kobs) = <nonlinear model; no closed-form linear equation>
azoarene_svr_rbf_c30_eps005_scale,ln(kobs),4,rate kobs (s-1)|ar1_bond_length_c_a|ar2_lumo_hartree|ar2_Ar_LUMO,0.7355955838362342,0.045825846292277594,2.2780075885219686,LOOCV,ln(kobs) = <nonlinear model; no closed-form linear equation>
azoarene_svr_rbf_c30_eps005_scale,ln(kobs),4,rate kobs (s-1)|ar1_bond_length_c_a|ar2_lumo_hartree|ar1_bond_length_c_e,0.7060485883664729,0.044661701161922696,2.4019202811883527,LOOCV,ln(kobs) = <nonlinear model; no closed-form linear equation>
azoarene_svr_rbf_c30_eps005_scale,ln(kobs),4,rate kobs (s-1)|ar1_bond_length_c_a|ar2_Ar_LUMO|ar1_bond_length_c_e,0.7060485883664729,0.044661701161922696,2.4019202811883527,LOOCV,ln(kobs) = <nonlinear model; no closed-form linear equation>
azoarene_svr_rbf_c30_eps005_scale,ln(kobs),5,ar2_Ar_HOMO|rate kobs (s-1)|ar2_lumo_hartree|ar1_q_a|ar1_bond_length_c_e,0.8405225072419592,0.044423036794276394,1.7691738594369484,LOOCV,ln(kobs) = <nonlinear model; no closed-form linear equation>
azoarene_svr_rbf_c30_eps005_scale,ln(kobs),5,ar2_Ar_HOMO|rate kobs (s-1)|ar2_Ar_LUMO|ar1_q_a|ar1_bond_length_c_e,0.8405225072419592,0.044423036794276394,1.7691738594369484,LOOCV,ln(kobs) = <nonlinear model; no closed-form linear equation>
azoarene_svr_rbf_c30_eps005_scale,ln(kobs),5,ar2_homo_hartree|rate kobs (s-1)|ar2_lumo_hartree|ar1_q_a|ar1_bond_length_c_e,0.8405225072419592,0.044423036794276394,1.7691738594369484,LOOCV,ln(kobs) = <nonlinear model; no closed-form linear equation>
azoarene_svr_rbf_c30_eps005_scale,ln(kobs),5,ar2_homo_hartree|rate kobs (s-1)|ar2_Ar_LUMO|ar1_q_a|ar1_bond_length_c_e,0.8405225072419592,0.044423036794276394,1.7691738594369484,LOOCV,ln(kobs) = <nonlinear model; no closed-form linear equation>
azoarene_svr_rbf_c30_eps005_scale,ln(kobs),3,ar2_scf_energy_hartree|ar2_gap_hartree|ar2_Ar_Ster_B5,0.5866212183920663,0.04361103932459287,2.848360172803033,LOOCV,ln(kobs) = <nonlinear model; no closed-form linear equation>
azoarene_svr_rbf_c30_eps005_scale,ln(kobs),3,ar2_scf_energy_hartree|ar2_gap_hartree|ar2_sterimol_B5,0.5866212183920663,0.04361103932459287,2.848360172803033,LOOCV,ln(kobs) = <nonlinear model; no closed-form linear equation>
azoarene_svr_rbf_c30_eps005_scale,ln(kobs),3,ar2_gibbs_free_energy_hartree|ar2_gap_hartree|ar2_Ar_Ster_B5,0.5866259546934983,0.043602644083281294,2.8483438551645763,LOOCV,ln(kobs) = <nonlinear model; no closed-form linear equation>
azoarene_svr_rbf_c30_eps005_scale,ln(kobs),3,ar2_gibbs_free_energy_hartree|ar2_gap_hartree|ar2_sterimol_B5,0.5866259546934983,0.043602644083281294,2.8483438551645763,LOOCV,ln(kobs) = <nonlinear model; no closed-form linear equation>
azoarene_svr_rbf_c30_eps005_scale,ln(kobs),3,ar2_enthalpy_hartree|ar2_gap_hartree|ar2_Ar_Ster_B5,0.5866210603173908,0.043574062055517504,2.848360717404724,LOOCV,ln(kobs) = <nonlinear model; no closed-form linear equation>
azoarene_svr_rbf_c30_eps005_scale,ln(kobs),3,ar2_enthalpy_hartree|ar2_gap_hartree|ar2_sterimol_B5,0.5866210603173908,0.043574062055517504,2.848360717404724,LOOCV,ln(kobs) = <nonlinear model; no closed-form linear equation>
azoarene_svr_rbf_c30_eps005_scale,ln(kobs),4,rate kobs (s-1)|ar1_bond_length_c_a|ar2_lumo_hartree|ar2_gap_hartree,0.7311191990624564,0.043333574482774084,2.2972100666343493,LOOCV,ln(kobs) = <nonlinear model; no closed-form linear equation>
azoarene_svr_rbf_c30_eps005_scale,ln(kobs),4,rate kobs (s-1)|ar1_bond_length_c_a|ar2_Ar_LUMO|ar2_gap_hartree,0.7311191990624564,0.043333574482774084,2.2972100666343493,LOOCV,ln(kobs) = <nonlinear model; no closed-form linear equation>
azoarene_svr_rbf_c30_eps005_scale,ln(kobs),3,ar2_lumo_hartree|ar2_gap_hartree|ar1_bond_length_c_e,0.7056968322472765,0.04286280430661127,2.4033569770427876,LOOCV,ln(kobs) = <nonlinear model; no closed-form linear equation>
azoarene_svr_rbf_c30_eps005_scale,ln(kobs),3,ar2_Ar_LUMO|ar2_gap_hartree|ar1_bond_length_c_e,0.7056968322472765,0.04286280430661127,2.4033569770427876,LOOCV,ln(kobs) = <nonlinear model; no closed-form linear equation>
azoarene_svr_rbf_c30_eps005_scale,ln(kobs),3,ar1_bond_length_c_a|ar2_gap_hartree|ar1_bond_length_c_e,0.6941228404055729,0.04145160578563223,2.450159396138441,LOOCV,ln(kobs) = <nonlinear model; no closed-form linear equation>
azoarene_svr_rbf_c30_eps005_scale,ln(kobs),5,ar2_Ar_HOMO|ar2_homo_hartree|ar2_Ar_polar|ar1_bond_length_c_a|ar1_q_a,0.7735047984801752,0.03960410796673053,2.1083869378858724,LOOCV,ln(kobs) = <nonlinear model; no closed-form linear equation>
azoarene_svr_rbf_c30_eps005_scale,ln(kobs),5,ar2_Ar_HOMO|ar2_homo_hartree|ar2_isotropic_polarizability_au|ar1_bond_length_c_a|ar1_q_a,0.7735047984801752,0.03960410796673053,2.1083869378858724,LOOCV,ln(kobs) = <nonlinear model; no closed-form linear equation>
azoarene_svr_rbf_c30_eps005_scale,ln(kobs),3,ar2_gibbs_free_energy_hartree|ar2_enthalpy_hartree|ar1_bond_length_c_a,0.5473827046166999,0.03941677674782007,2.9804811999109124,LOOCV,ln(kobs) = <nonlinear model; no closed-form linear equation>
azoarene_svr_rbf_c30_eps005_scale,ln(kobs),3,ar2_scf_energy_hartree|ar2_enthalpy_hartree|ar1_bond_length_c_a,0.5474104927089636,0.03932272971390083,2.980389706326096,LOOCV,ln(kobs) = <nonlinear model; no closed-form linear equation>
azoarene_svr_rbf_c30_eps005_scale,ln(kobs),3,ar2_scf_energy_hartree|ar2_gibbs_free_energy_hartree|ar1_bond_length_c_a,0.5474248429051851,0.03927067103369264,2.9803424565385535,LOOCV,ln(kobs) = <nonlinear model; no closed-form linear equation>
azoarene_svr_rbf_c30_eps005_scale,ln(kobs),4,ar1_bond_length_c_a|ar2_gap_hartree|ar1_bond_length_c_e|ar1_nbo_q_a,0.6786231266950753,0.039216346128019275,2.511470751544717,LOOCV,ln(kobs) = <nonlinear model; no closed-form linear equation>
azoarene_svr_rbf_c30_eps005_scale,ln(kobs),4,ar1_bond_length_c_a|ar2_gap_hartree|ar1_bond_length_c_e|ar1_Ar_NBO_OH,0.6786231266950753,0.039216346128019275,2.511470751544717,LOOCV,ln(kobs) = <nonlinear model; no closed-form linear equation>
azoarene_svr_rbf_c30_eps005_scale,ln(kobs),4,ar1_bond_length_c_a|ar2_lumo_hartree|ar2_gap_hartree|ar1_bond_length_c_e,0.7029475021492397,0.03909098952465406,2.4145567571318107,LOOCV,ln(kobs) = <nonlinear model; no closed-form linear equation>
azoarene_svr_rbf_c30_eps005_scale,ln(kobs),4,ar1_bond_length_c_a|ar2_Ar_LUMO|ar2_gap_hartree|ar1_bond_length_c_e,0.7029475021492397,0.03909098952465406,2.4145567571318107,LOOCV,ln(kobs) = <nonlinear model; no closed-form linear equation>
azoarene_svr_rbf_c30_eps005_scale,ln(kobs),5,ar2_Ar_HOMO|ar1_bond_length_c_a|ar2_lumo_hartree|ar1_q_a|ar2_Ar_Ster_B5,0.7904427835779603,0.03879657222945143,2.0280194912898946,LOOCV,ln(kobs) = <nonlinear model; no closed-form linear equation>
azoarene_svr_rbf_c30_eps005_scale,ln(kobs),5,ar2_Ar_HOMO|ar1_bond_length_c_a|ar2_lumo_hartree|ar1_q_a|ar2_sterimol_B5,0.7904427835779603,0.03879657222945143,2.0280194912898946,LOOCV,ln(kobs) = <nonlinear model; no closed-form linear equation>
azoarene_svr_rbf_c30_eps005_scale,ln(kobs),5,ar2_Ar_HOMO|ar1_bond_length_c_a|ar2_Ar_LUMO|ar1_q_a|ar2_Ar_Ster_B5,0.7904427835779603,0.03879657222945143,2.0280194912898946,LOOCV,ln(kobs) = <nonlinear model; no closed-form linear equation>
azoarene_svr_rbf_c30_eps005_scale,ln(kobs),5,ar2_Ar_HOMO|ar1_bond_length_c_a|ar2_Ar_LUMO|ar1_q_a|ar2_sterimol_B5,0.7904427835779603,0.03879657222945143,2.0280194912898946,LOOCV,ln(kobs) = <nonlinear model; no closed-form linear equation>
azoarene_svr_rbf_c30_eps005_scale,ln(kobs),5,ar2_homo_hartree|ar1_bond_length_c_a|ar2_lumo_hartree|ar1_q_a|ar2_Ar_Ster_B5,0.7904427835779603,0.03879657222945143,2.0280194912898946,LOOCV,ln(kobs) = <nonlinear model; no closed-form linear equation>
azoarene_svr_rbf_c30_eps005_scale,ln(kobs),5,ar2_homo_hartree|ar1_bond_length_c_a|ar2_lumo_hartree|ar1_q_a|ar2_sterimol_B5,0.7904427835779603,0.03879657222945143,2.0280194912898946,LOOCV,ln(kobs) = <nonlinear model; no closed-form linear equation>
azoarene_svr_rbf_c30_eps005_scale,ln(kobs),5,ar2_homo_hartree|ar1_bond_length_c_a|ar2_Ar_LUMO|ar1_q_a|ar2_Ar_Ster_B5,0.7904427835779603,0.03879657222945143,2.0280194912898946,LOOCV,ln(kobs) = <nonlinear model; no closed-form linear equation>
azoarene_svr_rbf_c30_eps005_scale,ln(kobs),5,ar2_homo_hartree|ar1_bond_length_c_a|ar2_Ar_LUMO|ar1_q_a|ar2_sterimol_B5,0.7904427835779603,0.03879657222945143,2.0280194912898946,LOOCV,ln(kobs) = <nonlinear model; no closed-form linear equation>
azoarene_svr_rbf_c30_eps005_scale,ln(kobs),5,ar2_gibbs_free_energy_hartree|ar2_gap_hartree|ar1_q_a|ar1_bond_length_c_e|ar2_Ar_Ster_B5,0.7702419510062652,0.03858933307423784,2.123519148579831,LOOCV,ln(kobs) = <nonlinear model; no closed-form linear equation>
azoarene_svr_rbf_c30_eps005_scale,ln(kobs),5,ar2_gibbs_free_energy_hartree|ar2_gap_hartree|ar1_q_a|ar1_bond_length_c_e|ar2_sterimol_B5,0.7702419510062652,0.03858933307423784,2.123519148579831,LOOCV,ln(kobs) = <nonlinear model; no closed-form linear equation>
azoarene_svr_rbf_c30_eps005_scale,ln(kobs),5,ar2_enthalpy_hartree|ar2_gap_hartree|ar1_q_a|ar1_bond_length_c_e|ar2_Ar_Ster_B5,0.7702641601478428,0.03855035957576103,2.123416513052216,LOOCV,ln(kobs) = <nonlinear model; no closed-form linear equation>
azoarene_svr_rbf_c30_eps005_scale,ln(kobs),5,ar2_enthalpy_hartree|ar2_gap_hartree|ar1_q_a|ar1_bond_length_c_e|ar2_sterimol_B5,0.7702641601478428,0.03855035957576103,2.123416513052216,LOOCV,ln(kobs) = <nonlinear model; no closed-form linear equation>
azoarene_svr_rbf_c30_eps005_scale,ln(kobs),5,ar2_scf_energy_hartree|ar2_gap_hartree|ar1_q_a|ar1_bond_length_c_e|ar2_Ar_Ster_B5,0.7702501292879105,0.038514127525472674,2.123481354708631,LOOCV,ln(kobs) = <nonlinear model; no closed-form linear equation>
azoarene_svr_rbf_c30_eps005_scale,ln(kobs),5,ar2_scf_energy_hartree|ar2_gap_hartree|ar1_q_a|ar1_bond_length_c_e|ar2_sterimol_B5,0.7702501292879105,0.038514127525472674,2.123481354708631,LOOCV,ln(kobs) = <nonlinear model; no closed-form linear equation>
azoarene_svr_rbf_c30_eps005_scale,ln(kobs),3,ar2_lumo_hartree|ar2_Ar_LUMO|ar1_bond_length_c_e,0.7088120291219238,0.03726243985561428,2.3906033800779434,LOOCV,ln(kobs) = <nonlinear model; no closed-form linear equation>
azoarene_svr_rbf_c30_eps005_scale,ln(kobs),5,ar2_Ar_HOMO|rate kobs (s-1)|ar2_gap_hartree|ar1_q_a|ar1_bond_length_c_e,0.8408789748590008,0.03723286654973934,1.767195505044138,LOOCV,ln(kobs) = <nonlinear model; no closed-form linear equation>
azoarene_svr_rbf_c30_eps005_scale,ln(kobs),5,ar2_homo_hartree|rate kobs (s-1)|ar2_gap_hartree|ar1_q_a|ar1_bond_length_c_e,0.8408789748590008,0.03723286654973934,1.767195505044138,LOOCV,ln(kobs) = <nonlinear model; no closed-form linear equation>
azoarene_svr_rbf_c30_eps005_scale,ln(kobs),4,ar2_Ar_polar|ar1_bond_length_c_a|ar2_gap_hartree|ar2_Ar_Ster_B5,0.7183112450079434,0.03610358008169556,2.351286602776182,LOOCV,ln(kobs) = <nonlinear model; no closed-form linear equation>
azoarene_svr_rbf_c30_eps005_scale,ln(kobs),4,ar2_Ar_polar|ar1_bond_length_c_a|ar2_gap_hartree|ar2_sterimol_B5,0.7183112450079434,0.03610358008169556,2.351286602776182,LOOCV,ln(kobs) = <nonlinear model; no closed-form linear equation>
azoarene_svr_rbf_c30_eps005_scale,ln(kobs),4,ar2_isotropic_polarizability_au|ar1_bond_length_c_a|ar2_gap_hartree|ar2_Ar_Ster_B5,0.7183112450079434,0.03610358008169556,2.351286602776182,LOOCV,ln(kobs) = <nonlinear model; no closed-form linear equation>
azoarene_svr_rbf_c30_eps005_scale,ln(kobs),4,ar2_isotropic_polarizability_au|ar1_bond_length_c_a|ar2_gap_hartree|ar2_sterimol_B5,0.7183112450079434,0.03610358008169556,2.351286602776182,LOOCV,ln(kobs) = <nonlinear model; no closed-form linear equation>
azoarene_svr_rbf_c30_eps005_scale,ln(kobs),5,ar2_Ar_HOMO|ar2_Ar_polar|ar2_isotropic_polarizability_au|ar1_bond_length_c_a|ar1_q_a,0.7663798217485566,0.034028687946441094,2.1412924694056272,LOOCV,ln(kobs) = <nonlinear model; no closed-form linear equation>
azoarene_svr_rbf_c30_eps005_scale,ln(kobs),5,ar2_homo_hartree|ar2_Ar_polar|ar2_isotropic_polarizability_au|ar1_bond_length_c_a|ar1_q_a,0.7663798217485566,0.034028687946441094,2.1412924694056272,LOOCV,ln(kobs) = <nonlinear model; no closed-form linear equation>
azoarene_svr_rbf_c30_eps005_scale,ln(kobs),4,ar2_gibbs_free_energy_hartree|rate kobs (s-1)|ar2_lumo_hartree|ar1_bond_length_c_e,0.7386366446418333,0.033317811453626,2.264869391938713,LOOCV,ln(kobs) = <nonlinear model; no closed-form linear equation>
azoarene_svr_rbf_c30_eps005_scale,ln(kobs),4,ar2_gibbs_free_energy_hartree|rate kobs (s-1)|ar2_Ar_LUMO|ar1_bond_length_c_e,0.7386366446418333,0.033317811453626,2.264869391938713,LOOCV,ln(kobs) = <nonlinear model; no closed-form linear equation>
azoarene_svr_rbf_c30_eps005_scale,ln(kobs),4,ar2_scf_energy_hartree|rate kobs (s-1)|ar2_lumo_hartree|ar1_bond_length_c_e,0.7386145867215914,0.03329979454261489,2.2649649624411583,LOOCV,ln(kobs) = <nonlinear model; no closed-form linear equation>
azoarene_svr_rbf_c30_eps005_scale,ln(kobs),4,ar2_scf_energy_hartree|rate kobs (s-1)|ar2_Ar_LUMO|ar1_bond_length_c_e,0.7386145867215914,0.03329979454261489,2.2649649624411583,LOOCV,ln(kobs) = <nonlinear model; no closed-form linear equation>
azoarene_svr_rbf_c30_eps005_scale,ln(kobs),4,ar2_enthalpy_hartree|rate kobs (s-1)|ar2_lumo_hartree|ar1_bond_length_c_e,0.7386462060658217,0.03326974781825642,2.2648279638384308,LOOCV,ln(kobs) = <nonlinear model; no closed-form linear equation>
azoarene_svr_rbf_c30_eps005_scale,ln(kobs),4,ar2_enthalpy_hartree|rate kobs (s-1)|ar2_Ar_LUMO|ar1_bond_length_c_e,0.7386462060658217,0.03326974781825642,2.2648279638384308,LOOCV,ln(kobs) = <nonlinear model; no closed-form linear equation>
azoarene_svr_rbf_c30_eps005_scale,ln(kobs),5,ar2_Ar_HOMO|ar2_Ar_polar|ar1_q_a|ar2_Ar_Ster_B5|ar1_nbo_q_a,0.7681085081618539,0.03273041936350218,2.1333554489945987,LOOCV,ln(kobs) = <nonlinear model; no closed-form linear equation>
azoarene_svr_rbf_c30_eps005_scale,ln(kobs),5,ar2_Ar_HOMO|ar2_Ar_polar|ar1_q_a|ar2_Ar_Ster_B5|ar1_Ar_NBO_OH,0.7681085081618539,0.03273041936350218,2.1333554489945987,LOOCV,ln(kobs) = <nonlinear model; no closed-form linear equation>
azoarene_svr_rbf_c30_eps005_scale,ln(kobs),5,ar2_Ar_HOMO|ar2_Ar_polar|ar1_q_a|ar2_sterimol_B5|ar1_nbo_q_a,0.7681085081618539,0.03273041936350218,2.1333554489945987,LOOCV,ln(kobs) = <nonlinear model; no closed-form linear equation>
azoarene_svr_rbf_c30_eps005_scale,ln(kobs),5,ar2_Ar_HOMO|ar2_Ar_polar|ar1_q_a|ar2_sterimol_B5|ar1_Ar_NBO_OH,0.7681085081618539,0.03273041936350218,2.1333554489945987,LOOCV,ln(kobs) = <nonlinear model; no closed-form linear equation>
azoarene_svr_rbf_c30_eps005_scale,ln(kobs),5,ar2_Ar_HOMO|ar2_isotropic_polarizability_au|ar1_q_a|ar2_Ar_Ster_B5|ar1_nbo_q_a,0.7681085081618539,0.03273041936350218,2.1333554489945987,LOOCV,ln(kobs) = <nonlinear model; no closed-form linear equation>
azoarene_svr_rbf_c30_eps005_scale,ln(kobs),5,ar2_Ar_HOMO|ar2_isotropic_polarizability_au|ar1_q_a|ar2_Ar_Ster_B5|ar1_Ar_NBO_OH,0.7681085081618539,0.03273041936350218,2.1333554489945987,LOOCV,ln(kobs) = <nonlinear model; no closed-form linear equation>
azoarene_svr_rbf_c30_eps005_scale,ln(kobs),5,ar2_Ar_HOMO|ar2_isotropic_polarizability_au|ar1_q_a|ar2_sterimol_B5|ar1_nbo_q_a,0.7681085081618539,0.03273041936350218,2.1333554489945987,LOOCV,ln(kobs) = <nonlinear model; no closed-form linear equation>
azoarene_svr_rbf_c30_eps005_scale,ln(kobs),5,ar2_Ar_HOMO|ar2_isotropic_polarizability_au|ar1_q_a|ar2_sterimol_B5|ar1_Ar_NBO_OH,0.7681085081618539,0.03273041936350218,2.1333554489945987,LOOCV,ln(kobs) = <nonlinear model; no closed-form linear equation>
azoarene_svr_rbf_c30_eps005_scale,ln(kobs),5,ar2_homo_hartree|ar2_Ar_polar|ar1_q_a|ar2_Ar_Ster_B5|ar1_nbo_q_a,0.7681085081618539,0.03273041936350218,2.1333554489945987,LOOCV,ln(kobs) = <nonlinear model; no closed-form linear equation>
azoarene_svr_rbf_c30_eps005_scale,ln(kobs),5,ar2_homo_hartree|ar2_Ar_polar|ar1_q_a|ar2_Ar_Ster_B5|ar1_Ar_NBO_OH,0.7681085081618539,0.03273041936350218,2.1333554489945987,LOOCV,ln(kobs) = <nonlinear model; no closed-form linear equation>
azoarene_svr_rbf_c30_eps005_scale,ln(kobs),5,ar2_homo_hartree|ar2_Ar_polar|ar1_q_a|ar2_sterimol_B5|ar1_nbo_q_a,0.7681085081618539,0.03273041936350218,2.1333554489945987,LOOCV,ln(kobs) = <nonlinear model; no closed-form linear equation>
azoarene_svr_rbf_c30_eps005_scale,ln(kobs),5,ar2_homo_hartree|ar2_Ar_polar|ar1_q_a|ar2_sterimol_B5|ar1_Ar_NBO_OH,0.7681085081618539,0.03273041936350218,2.1333554489945987,LOOCV,ln(kobs) = <nonlinear model; no closed-form linear equation>
azoarene_svr_rbf_c30_eps005_scale,ln(kobs),5,ar2_homo_hartree|ar2_isotropic_polarizability_au|ar1_q_a|ar2_Ar_Ster_B5|ar1_nbo_q_a,0.7681085081618539,0.03273041936350218,2.1333554489945987,LOOCV,ln(kobs) = <nonlinear model; no closed-form linear equation>
azoarene_svr_rbf_c30_eps005_scale,ln(kobs),5,ar2_homo_hartree|ar2_isotropic_polarizability_au|ar1_q_a|ar2_Ar_Ster_B5|ar1_Ar_NBO_OH,0.7681085081618539,0.03273041936350218,2.1333554489945987,LOOCV,ln(kobs) = <nonlinear model; no closed-form linear equation>
azoarene_svr_rbf_c30_eps005_scale,ln(kobs),5,ar2_homo_hartree|ar2_isotropic_polarizability_au|ar1_q_a|ar2_sterimol_B5|ar1_nbo_q_a,0.7681085081618539,0.03273041936350218,2.1333554489945987,LOOCV,ln(kobs) = <nonlinear model; no closed-form linear equation>
azoarene_svr_rbf_c30_eps005_scale,ln(kobs),5,ar2_homo_hartree|ar2_isotropic_polarizability_au|ar1_q_a|ar2_sterimol_B5|ar1_Ar_NBO_OH,0.7681085081618539,0.03273041936350218,2.1333554489945987,LOOCV,ln(kobs) = <nonlinear model; no closed-form linear equation>
azoarene_svr_rbf_c30_eps005_scale,ln(kobs),4,ar2_Ar_polar|ar1_bond_length_c_a|ar2_lumo_hartree|ar2_Ar_Ster_B5,0.7175966620970841,0.030746125491709964,2.3542670643249117,LOOCV,ln(kobs) = <nonlinear model; no closed-form linear equation>
azoarene_svr_rbf_c30_eps005_scale,ln(kobs),4,ar2_Ar_polar|ar1_bond_length_c_a|ar2_lumo_hartree|ar2_sterimol_B5,0.7175966620970841,0.030746125491709964,2.3542670643249117,LOOCV,ln(kobs) = <nonlinear model; no closed-form linear equation>
azoarene_svr_rbf_c30_eps005_scale,ln(kobs),4,ar2_Ar_polar|ar1_bond_length_c_a|ar2_Ar_LUMO|ar2_Ar_Ster_B5,0.7175966620970841,0.030746125491709964,2.3542670643249117,LOOCV,ln(kobs) = <nonlinear model; no closed-form linear equation>
azoarene_svr_rbf_c30_eps005_scale,ln(kobs),4,ar2_Ar_polar|ar1_bond_length_c_a|ar2_Ar_LUMO|ar2_sterimol_B5,0.7175966620970841,0.030746125491709964,2.3542670643249117,LOOCV,ln(kobs) = <nonlinear model; no closed-form linear equation>
azoarene_svr_rbf_c30_eps005_scale,ln(kobs),4,ar2_isotropic_polarizability_au|ar1_bond_length_c_a|ar2_lumo_hartree|ar2_Ar_Ster_B5,0.7175966620970841,0.030746125491709964,2.3542670643249117,LOOCV,ln(kobs) = <nonlinear model; no closed-form linear equation>
azoarene_svr_rbf_c30_eps005_scale,ln(kobs),4,ar2_isotropic_polarizability_au|ar1_bond_length_c_a|ar2_lumo_hartree|ar2_sterimol_B5,0.7175966620970841,0.030746125491709964,2.3542670643249117,LOOCV,ln(kobs) = <nonlinear model; no closed-form linear equation>
azoarene_svr_rbf_c30_eps005_scale,ln(kobs),4,ar2_isotropic_polarizability_au|ar1_bond_length_c_a|ar2_Ar_LUMO|ar2_Ar_Ster_B5,0.7175966620970841,0.030746125491709964,2.3542670643249117,LOOCV,ln(kobs) = <nonlinear model; no closed-form linear equation>
azoarene_svr_rbf_c30_eps005_scale,ln(kobs),4,ar2_isotropic_polarizability_au|ar1_bond_length_c_a|ar2_Ar_LUMO|ar2_sterimol_B5,0.7175966620970841,0.030746125491709964,2.3542670643249117,LOOCV,ln(kobs) = <nonlinear model; no closed-form linear equation>
azoarene_svr_rbf_c30_eps005_scale,ln(kobs),5,ar2_Ar_HOMO|ar1_bond_length_c_a|ar2_lumo_hartree|ar2_Ar_LUMO|ar1_q_a,0.7950401308569517,0.030271218540401823,2.0056503873521825,LOOCV,ln(kobs) = <nonlinear model; no closed-form linear equation>
azoarene_svr_rbf_c30_eps005_scale,ln(kobs),5,ar2_homo_hartree|ar1_bond_length_c_a|ar2_lumo_hartree|ar2_Ar_LUMO|ar1_q_a,0.7950401308569517,0.030271218540401823,2.0056503873521825,LOOCV,ln(kobs) = <nonlinear model; no closed-form linear equation>
azoarene_svr_rbf_c30_eps005_scale,ln(kobs),4,ar2_enthalpy_hartree|rate kobs (s-1)|ar2_gap_hartree|ar1_nbo_q_a,0.7158545808362425,0.02999108093490266,2.361517366265583,LOOCV,ln(kobs) = <nonlinear model; no closed-form linear equation>
azoarene_svr_rbf_c30_eps005_scale,ln(kobs),4,ar2_enthalpy_hartree|rate kobs (s-1)|ar2_gap_hartree|ar1_Ar_NBO_OH,0.7158545808362425,0.02999108093490266,2.361517366265583,LOOCV,ln(kobs) = <nonlinear model; no closed-form linear equation>
azoarene_svr_rbf_c30_eps005_scale,ln(kobs),4,ar2_gibbs_free_energy_hartree|rate kobs (s-1)|ar2_gap_hartree|ar1_nbo_q_a,0.7158334134299138,0.02998115673745505,2.3616053252178637,LOOCV,ln(kobs) = <nonlinear model; no closed-form linear equation>
azoarene_svr_rbf_c30_eps005_scale,ln(kobs),4,ar2_gibbs_free_energy_hartree|rate kobs (s-1)|ar2_gap_hartree|ar1_Ar_NBO_OH,0.7158334134299138,0.02998115673745505,2.3616053252178637,LOOCV,ln(kobs) = <nonlinear model; no closed-form linear equation>
azoarene_svr_rbf_c30_eps005_scale,ln(kobs),4,ar2_scf_energy_hartree|rate kobs (s-1)|ar2_gap_hartree|ar1_nbo_q_a,0.7159043301940275,0.02997768863537298,2.3613106250913614,LOOCV,ln(kobs) = <nonlinear model; no closed-form linear equation>
azoarene_svr_rbf_c30_eps005_scale,ln(kobs),4,ar2_scf_energy_hartree|rate kobs (s-1)|ar2_gap_hartree|ar1_Ar_NBO_OH,0.7159043301940275,0.02997768863537298,2.3613106250913614,LOOCV,ln(kobs) = <nonlinear model; no closed-form linear equation>
azoarene_svr_rbf_c30_eps005_scale,ln(kobs),5,ar2_Ar_HOMO|ar1_bond_length_c_a|ar2_gap_hartree|ar1_q_a|ar2_Ar_Ster_B5,0.7904495210585449,0.028880793451686815,2.0279868895689694,LOOCV,ln(kobs) = <nonlinear model; no closed-form linear equation>
azoarene_svr_rbf_c30_eps005_scale,ln(kobs),5,ar2_Ar_HOMO|ar1_bond_length_c_a|ar2_gap_hartree|ar1_q_a|ar2_sterimol_B5,0.7904495210585449,0.028880793451686815,2.0279868895689694,LOOCV,ln(kobs) = <nonlinear model; no closed-form linear equation>
azoarene_svr_rbf_c30_eps005_scale,ln(kobs),5,ar2_homo_hartree|ar1_bond_length_c_a|ar2_gap_hartree|ar1_q_a|ar2_Ar_Ster_B5,0.7904495210585449,0.028880793451686815,2.0279868895689694,LOOCV,ln(kobs) = <nonlinear model; no closed-form linear equation>
azoarene_svr_rbf_c30_eps005_scale,ln(kobs),5,ar2_homo_hartree|ar1_bond_length_c_a|ar2_gap_hartree|ar1_q_a|ar2_sterimol_B5,0.7904495210585449,0.028880793451686815,2.0279868895689694,LOOCV,ln(kobs) = <nonlinear model; no closed-form linear equation>
azoarene_svr_rbf_c30_eps005_scale,ln(kobs),5,ar2_Ar_HOMO|ar2_lumo_hartree|ar1_q_a|ar2_Ar_Ster_B5|ar1_nbo_q_a,0.7749025979355479,0.02853686312646897,2.101870987133218,LOOCV,ln(kobs) = <nonlinear model; no closed-form linear equation>
azoarene_svr_rbf_c30_eps005_scale,ln(kobs),5,ar2_Ar_HOMO|ar2_lumo_hartree|ar1_q_a|ar2_Ar_Ster_B5|ar1_Ar_NBO_OH,0.7749025979355479,0.02853686312646897,2.101870987133218,LOOCV,ln(kobs) = <nonlinear model; no closed-form linear equation>
azoarene_svr_rbf_c30_eps005_scale,ln(kobs),5,ar2_Ar_HOMO|ar2_lumo_hartree|ar1_q_a|ar2_sterimol_B5|ar1_nbo_q_a,0.7749025979355479,0.02853686312646897,2.101870987133218,LOOCV,ln(kobs) = <nonlinear model; no closed-form linear equation>
azoarene_svr_rbf_c30_eps005_scale,ln(kobs),5,ar2_Ar_HOMO|ar2_lumo_hartree|ar1_q_a|ar2_sterimol_B5|ar1_Ar_NBO_OH,0.7749025979355479,0.02853686312646897,2.101870987133218,LOOCV,ln(kobs) = <nonlinear model; no closed-form linear equation>
azoarene_svr_rbf_c30_eps005_scale,ln(kobs),5,ar2_Ar_HOMO|ar2_Ar_LUMO|ar1_q_a|ar2_Ar_Ster_B5|ar1_nbo_q_a,0.7749025979355479,0.02853686312646897,2.101870987133218,LOOCV,ln(kobs) = <nonlinear model; no closed-form linear equation>
azoarene_svr_rbf_c30_eps005_scale,ln(kobs),5,ar2_Ar_HOMO|ar2_Ar_LUMO|ar1_q_a|ar2_Ar_Ster_B5|ar1_Ar_NBO_OH,0.7749025979355479,0.02853686312646897,2.101870987133218,LOOCV,ln(kobs) = <nonlinear model; no closed-form linear equation>
azoarene_svr_rbf_c30_eps005_scale,ln(kobs),5,ar2_Ar_HOMO|ar2_Ar_LUMO|ar1_q_a|ar2_sterimol_B5|ar1_nbo_q_a,0.7749025979355479,0.02853686312646897,2.101870987133218,LOOCV,ln(kobs) = <nonlinear model; no closed-form linear equation>
azoarene_svr_rbf_c30_eps005_scale,ln(kobs),5,ar2_Ar_HOMO|ar2_Ar_LUMO|ar1_q_a|ar2_sterimol_B5|ar1_Ar_NBO_OH,0.7749025979355479,0.02853686312646897,2.101870987133218,LOOCV,ln(kobs) = <nonlinear model; no closed-form linear equation>
azoarene_svr_rbf_c30_eps005_scale,ln(kobs),5,ar2_homo_hartree|ar2_lumo_hartree|ar1_q_a|ar2_Ar_Ster_B5|ar1_nbo_q_a,0.7749025979355479,0.02853686312646897,2.101870987133218,LOOCV,ln(kobs) = <nonlinear model; no closed-form linear equation>
azoarene_svr_rbf_c30_eps005_scale,ln(kobs),5,ar2_homo_hartree|ar2_lumo_hartree|ar1_q_a|ar2_Ar_Ster_B5|ar1_Ar_NBO_OH,0.7749025979355479,0.02853686312646897,2.101870987133218,LOOCV,ln(kobs) = <nonlinear model; no closed-form linear equation>
azoarene_svr_rbf_c30_eps005_scale,ln(kobs),5,ar2_homo_hartree|ar2_lumo_hartree|ar1_q_a|ar2_sterimol_B5|ar1_nbo_q_a,0.7749025979355479,0.02853686312646897,2.101870987133218,LOOCV,ln(kobs) = <nonlinear model; no closed-form linear equation>
azoarene_svr_rbf_c30_eps005_scale,ln(kobs),5,ar2_homo_hartree|ar2_lumo_hartree|ar1_q_a|ar2_sterimol_B5|ar1_Ar_NBO_OH,0.7749025979355479,0.02853686312646897,2.101870987133218,LOOCV,ln(kobs) = <nonlinear model; no closed-form linear equation>
azoarene_svr_rbf_c30_eps005_scale,ln(kobs),5,ar2_homo_hartree|ar2_Ar_LUMO|ar1_q_a|ar2_Ar_Ster_B5|ar1_nbo_q_a,0.7749025979355479,0.02853686312646897,2.101870987133218,LOOCV,ln(kobs) = <nonlinear model; no closed-form linear equation>
azoarene_svr_rbf_c30_eps005_scale,ln(kobs),5,ar2_homo_hartree|ar2_Ar_LUMO|ar1_q_a|ar2_Ar_Ster_B5|ar1_Ar_NBO_OH,0.7749025979355479,0.02853686312646897,2.101870987133218,LOOCV,ln(kobs) = <nonlinear model; no closed-form linear equation>
azoarene_svr_rbf_c30_eps005_scale,ln(kobs),5,ar2_homo_hartree|ar2_Ar_LUMO|ar1_q_a|ar2_sterimol_B5|ar1_nbo_q_a,0.7749025979355479,0.02853686312646897,2.101870987133218,LOOCV,ln(kobs) = <nonlinear model; no closed-form linear equation>
azoarene_svr_rbf_c30_eps005_scale,ln(kobs),5,ar2_homo_hartree|ar2_Ar_LUMO|ar1_q_a|ar2_sterimol_B5|ar1_Ar_NBO_OH,0.7749025979355479,0.02853686312646897,2.101870987133218,LOOCV,ln(kobs) = <nonlinear model; no closed-form linear equation>
azoarene_svr_rbf_c30_eps005_scale,ln(kobs),4,ar2_enthalpy_hartree|rate kobs (s-1)|ar2_gap_hartree|ar1_bond_length_c_e,0.7381694143786585,0.028447019684259778,2.2668929024821094,LOOCV,ln(kobs) = <nonlinear model; no closed-form linear equation>
azoarene_svr_rbf_c30_eps005_scale,ln(kobs),4,ar2_gibbs_free_energy_hartree|rate kobs (s-1)|ar2_gap_hartree|ar1_bond_length_c_e,0.7381932161564273,0.02843564005079391,2.2667898638946933,LOOCV,ln(kobs) = <nonlinear model; no closed-form linear equation>
azoarene_svr_rbf_c30_eps005_scale,ln(kobs),4,ar2_scf_energy_hartree|rate kobs (s-1)|ar2_gap_hartree|ar1_bond_length_c_e,0.7381515954994347,0.028402702037708227,2.2669700378624644,LOOCV,ln(kobs) = <nonlinear model; no closed-form linear equation>
azoarene_svr_rbf_c30_eps005_scale,ln(kobs),3,ar2_lumo_hartree|ar2_Ar_LUMO|ar2_gap_hartree,0.38679569860803875,0.02821461124224045,3.4691526527472822,LOOCV,ln(kobs) = <nonlinear model; no closed-form linear equation>
azoarene_svr_rbf_c30_eps005_scale,ln(kobs),4,ar2_Ar_HOMO|ar2_homo_hartree|ar1_q_a|ar2_Ar_Ster_B5,0.6836146687298656,0.028213506696860513,2.4918906704831074,LOOCV,ln(kobs) = <nonlinear model; no closed-form linear equation>
azoarene_svr_rbf_c30_eps005_scale,ln(kobs),4,ar2_Ar_HOMO|ar2_homo_hartree|ar1_q_a|ar2_sterimol_B5,0.6836146687298656,0.028213506696860513,2.4918906704831074,LOOCV,ln(kobs) = <nonlinear model; no closed-form linear equation>
azoarene_svr_rbf_c30_eps005_scale,ln(kobs),3,ar2_scf_energy_hartree|ar2_lumo_hartree|ar1_nbo_q_a,0.6126162762270093,0.027689283698322464,2.757347478410695,LOOCV,ln(kobs) = <nonlinear model; no closed-form linear equation>
azoarene_svr_rbf_c30_eps005_scale,ln(kobs),3,ar2_scf_energy_hartree|ar2_lumo_hartree|ar1_Ar_NBO_OH,0.6126162762270093,0.027689283698322464,2.757347478410695,LOOCV,ln(kobs) = <nonlinear model; no closed-form linear equation>
azoarene_svr_rbf_c30_eps005_scale,ln(kobs),3,ar2_scf_energy_hartree|ar2_Ar_LUMO|ar1_nbo_q_a,0.6126162762270093,0.027689283698322464,2.757347478410695,LOOCV,ln(kobs) = <nonlinear model; no closed-form linear equation>
azoarene_svr_rbf_c30_eps005_scale,ln(kobs),3,ar2_scf_energy_hartree|ar2_Ar_LUMO|ar1_Ar_NBO_OH,0.6126162762270093,0.027689283698322464,2.757347478410695,LOOCV,ln(kobs) = <nonlinear model; no closed-form linear equation>
azoarene_svr_rbf_c30_eps005_scale,ln(kobs),3,ar2_gibbs_free_energy_hartree|ar2_lumo_hartree|ar1_nbo_q_a,0.6125731878576353,0.027679106981036594,2.7575008228799662,LOOCV,ln(kobs) = <nonlinear model; no closed-form linear equation>
azoarene_svr_rbf_c30_eps005_scale,ln(kobs),3,ar2_gibbs_free_energy_hartree|ar2_lumo_hartree|ar1_Ar_NBO_OH,0.6125731878576353,0.027679106981036594,2.7575008228799662,LOOCV,ln(kobs) = <nonlinear model; no closed-form linear equation>
azoarene_svr_rbf_c30_eps005_scale,ln(kobs),3,ar2_gibbs_free_energy_hartree|ar2_Ar_LUMO|ar1_nbo_q_a,0.6125731878576353,0.027679106981036594,2.7575008228799662,LOOCV,ln(kobs) = <nonlinear model; no closed-form linear equation>
azoarene_svr_rbf_c30_eps005_scale,ln(kobs),3,ar2_gibbs_free_energy_hartree|ar2_Ar_LUMO|ar1_Ar_NBO_OH,0.6125731878576353,0.027679106981036594,2.7575008228799662,LOOCV,ln(kobs) = <nonlinear model; no closed-form linear equation>
azoarene_svr_rbf_c30_eps005_scale,ln(kobs),3,ar2_enthalpy_hartree|ar2_lumo_hartree|ar1_nbo_q_a,0.6126055856774755,0.027660736830181665,2.7573855251259056,LOOCV,ln(kobs) = <nonlinear model; no closed-form linear equation>
azoarene_svr_rbf_c30_eps005_scale,ln(kobs),3,ar2_enthalpy_hartree|ar2_lumo_hartree|ar1_Ar_NBO_OH,0.6126055856774755,0.027660736830181665,2.7573855251259056,LOOCV,ln(kobs) = <nonlinear model; no closed-form linear equation>
azoarene_svr_rbf_c30_eps005_scale,ln(kobs),3,ar2_enthalpy_hartree|ar2_Ar_LUMO|ar1_nbo_q_a,0.6126055856774755,0.027660736830181665,2.7573855251259056,LOOCV,ln(kobs) = <nonlinear model; no closed-form linear equation>
azoarene_svr_rbf_c30_eps005_scale,ln(kobs),3,ar2_enthalpy_hartree|ar2_Ar_LUMO|ar1_Ar_NBO_OH,0.6126055856774755,0.027660736830181665,2.7573855251259056,LOOCV,ln(kobs) = <nonlinear model; no closed-form linear equation>
azoarene_svr_rbf_c30_eps005_scale,ln(kobs),3,ar1_bond_length_c_a|ar2_gap_hartree|ar1_nbo_q_a,0.6852280650444318,0.027645665760374083,2.4855288935305593,LOOCV,ln(kobs) = <nonlinear model; no closed-form linear equation>
azoarene_svr_rbf_c30_eps005_scale,ln(kobs),3,ar1_bond_length_c_a|ar2_gap_hartree|ar1_Ar_NBO_OH,0.6852280650444318,0.027645665760374083,2.4855288935305593,LOOCV,ln(kobs) = <nonlinear model; no closed-form linear equation>
azoarene_svr_rbf_c30_eps005_scale,ln(kobs),4,ar2_gibbs_free_energy_hartree|rate kobs (s-1)|ar1_bond_length_c_a|ar2_lumo_hartree,0.7359277866606495,0.02746260526232247,2.276576072328849,LOOCV,ln(kobs) = <nonlinear model; no closed-form linear equation>
azoarene_svr_rbf_c30_eps005_scale,ln(kobs),4,ar2_gibbs_free_energy_hartree|rate kobs (s-1)|ar1_bond_length_c_a|ar2_Ar_LUMO,0.7359277866606495,0.02746260526232247,2.276576072328849,LOOCV,ln(kobs) = <nonlinear model; no closed-form linear equation>
azoarene_svr_rbf_c30_eps005_scale,ln(kobs),4,ar2_enthalpy_hartree|rate kobs (s-1)|ar1_bond_length_c_a|ar2_lumo_hartree,0.7359160371962985,0.02745803486004017,2.276626718043404,LOOCV,ln(kobs) = <nonlinear model; no closed-form linear equation>
azoarene_svr_rbf_c30_eps005_scale,ln(kobs),4,ar2_enthalpy_hartree|rate kobs (s-1)|ar1_bond_length_c_a|ar2_Ar_LUMO,0.7359160371962985,0.02745803486004017,2.276626718043404,LOOCV,ln(kobs) = <nonlinear model; no closed-form linear equation>
azoarene_svr_rbf_c30_eps005_scale,ln(kobs),4,ar2_scf_energy_hartree|rate kobs (s-1)|ar1_bond_length_c_a|ar2_lumo_hartree,0.7359149263367386,0.02722109935236261,2.2766315063120053,LOOCV,ln(kobs) = <nonlinear model; no closed-form linear equation>
azoarene_svr_rbf_c30_eps005_scale,ln(kobs),4,ar2_scf_energy_hartree|rate kobs (s-1)|ar1_bond_length_c_a|ar2_Ar_LUMO,0.7359149263367386,0.02722109935236261,2.2766315063120053,LOOCV,ln(kobs) = <nonlinear model; no closed-form linear equation>
azoarene_svr_rbf_c30_eps005_scale,ln(kobs),4,rate kobs (s-1)|ar1_bond_length_c_a|ar2_lumo_hartree|ar1_nbo_q_a,0.7014268093432049,0.02408211656545789,2.420729255042863,LOOCV,ln(kobs) = <nonlinear model; no closed-form linear equation>
azoarene_svr_rbf_c30_eps005_scale,ln(kobs),4,rate kobs (s-1)|ar1_bond_length_c_a|ar2_lumo_hartree|ar1_Ar_NBO_OH,0.7014268093432049,0.02408211656545789,2.420729255042863,LOOCV,ln(kobs) = <nonlinear model; no closed-form linear equation>
azoarene_svr_rbf_c30_eps005_scale,ln(kobs),4,rate kobs (s-1)|ar1_bond_length_c_a|ar2_Ar_LUMO|ar1_nbo_q_a,0.7014268093432049,0.02408211656545789,2.420729255042863,LOOCV,ln(kobs) = <nonlinear model; no closed-form linear equation>
azoarene_svr_rbf_c30_eps005_scale,ln(kobs),4,rate kobs (s-1)|ar1_bond_length_c_a|ar2_Ar_LUMO|ar1_Ar_NBO_OH,0.7014268093432049,0.02408211656545789,2.420729255042863,LOOCV,ln(kobs) = <nonlinear model; no closed-form linear equation>
azoarene_svr_rbf_c30_eps005_scale,ln(kobs),5,ar2_Ar_HOMO|ar1_bond_length_c_a|ar2_lumo_hartree|ar2_gap_hartree|ar1_q_a,0.795069903503567,0.023274753048936447,2.0055047108128363,LOOCV,ln(kobs) = <nonlinear model; no closed-form linear equation>
azoarene_svr_rbf_c30_eps005_scale,ln(kobs),5,ar2_Ar_HOMO|ar1_bond_length_c_a|ar2_Ar_LUMO|ar2_gap_hartree|ar1_q_a,0.795069903503567,0.023274753048936447,2.0055047108128363,LOOCV,ln(kobs) = <nonlinear model; no closed-form linear equation>
azoarene_svr_rbf_c30_eps005_scale,ln(kobs),5,ar2_homo_hartree|ar1_bond_length_c_a|ar2_lumo_hartree|ar2_gap_hartree|ar1_q_a,0.795069903503567,0.023274753048936447,2.0055047108128363,LOOCV,ln(kobs) = <nonlinear model; no closed-form linear equation>
azoarene_svr_rbf_c30_eps005_scale,ln(kobs),5,ar2_homo_hartree|ar1_bond_length_c_a|ar2_Ar_LUMO|ar2_gap_hartree|ar1_q_a,0.795069903503567,0.023274753048936447,2.0055047108128363,LOOCV,ln(kobs) = <nonlinear model; no closed-form linear equation>
azoarene_svr_rbf_c30_eps005_scale,ln(kobs),5,ar2_Ar_HOMO|ar2_gap_hartree|ar1_q_a|ar2_Ar_Ster_B5|ar1_nbo_q_a,0.7751989629969336,0.021718337223512685,2.1004868612187315,LOOCV,ln(kobs) = <nonlinear model; no closed-form linear equation>
azoarene_svr_rbf_c30_eps005_scale,ln(kobs),5,ar2_Ar_HOMO|ar2_gap_hartree|ar1_q_a|ar2_Ar_Ster_B5|ar1_Ar_NBO_OH,0.7751989629969336,0.021718337223512685,2.1004868612187315,LOOCV,ln(kobs) = <nonlinear model; no closed-form linear equation>
azoarene_svr_rbf_c30_eps005_scale,ln(kobs),5,ar2_Ar_HOMO|ar2_gap_hartree|ar1_q_a|ar2_sterimol_B5|ar1_nbo_q_a,0.7751989629969336,0.021718337223512685,2.1004868612187315,LOOCV,ln(kobs) = <nonlinear model; no closed-form linear equation>
azoarene_svr_rbf_c30_eps005_scale,ln(kobs),5,ar2_Ar_HOMO|ar2_gap_hartree|ar1_q_a|ar2_sterimol_B5|ar1_Ar_NBO_OH,0.7751989629969336,0.021718337223512685,2.1004868612187315,LOOCV,ln(kobs) = <nonlinear model; no closed-form linear equation>
azoarene_svr_rbf_c30_eps005_scale,ln(kobs),5,ar2_homo_hartree|ar2_gap_hartree|ar1_q_a|ar2_Ar_Ster_B5|ar1_nbo_q_a,0.7751989629969336,0.021718337223512685,2.1004868612187315,LOOCV,ln(kobs) = <nonlinear model; no closed-form linear equation>
azoarene_svr_rbf_c30_eps005_scale,ln(kobs),5,ar2_homo_hartree|ar2_gap_hartree|ar1_q_a|ar2_Ar_Ster_B5|ar1_Ar_NBO_OH,0.7751989629969336,0.021718337223512685,2.1004868612187315,LOOCV,ln(kobs) = <nonlinear model; no closed-form linear equation>
azoarene_svr_rbf_c30_eps005_scale,ln(kobs),5,ar2_homo_hartree|ar2_gap_hartree|ar1_q_a|ar2_sterimol_B5|ar1_nbo_q_a,0.7751989629969336,0.021718337223512685,2.1004868612187315,LOOCV,ln(kobs) = <nonlinear model; no closed-form linear equation>
azoarene_svr_rbf_c30_eps005_scale,ln(kobs),5,ar2_homo_hartree|ar2_gap_hartree|ar1_q_a|ar2_sterimol_B5|ar1_Ar_NBO_OH,0.7751989629969336,0.021718337223512685,2.1004868612187315,LOOCV,ln(kobs) = <nonlinear model; no closed-form linear equation>
azoarene_svr_rbf_c30_eps005_scale,ln(kobs),3,ar2_Ar_polar|ar1_q_a|ar1_bond_length_c_e,0.6203809073511622,0.02170061396956202,2.7295737791166315,LOOCV,ln(kobs) = <nonlinear model; no closed-form linear equation>
azoarene_svr_rbf_c30_eps005_scale,ln(kobs),3,ar2_isotropic_polarizability_au|ar1_q_a|ar1_bond_length_c_e,0.6203809073511622,0.02170061396956202,2.7295737791166315,LOOCV,ln(kobs) = <nonlinear model; no closed-form linear equation>
azoarene_svr_rbf_c30_eps005_scale,ln(kobs),5,ar2_Ar_HOMO|ar2_gibbs_free_energy_hartree|rate kobs (s-1)|ar1_q_a|ar1_bond_length_c_e,0.8059030352351819,0.0188419899449781,1.95177695638288,LOOCV,ln(kobs) = <nonlinear model; no closed-form linear equation>
azoarene_svr_rbf_c30_eps005_scale,ln(kobs),5,ar2_homo_hartree|ar2_gibbs_free_energy_hartree|rate kobs (s-1)|ar1_q_a|ar1_bond_length_c_e,0.8059030352351819,0.0188419899449781,1.95177695638288,LOOCV,ln(kobs) = <nonlinear model; no closed-form linear equation>
azoarene_svr_rbf_c30_eps005_scale,ln(kobs),5,ar2_Ar_HOMO|ar2_scf_energy_hartree|rate kobs (s-1)|ar1_q_a|ar1_bond_length_c_e,0.8058993510631325,0.018841132108932346,1.951795479722482,LOOCV,ln(kobs) = <nonlinear model; no closed-form linear equation>
azoarene_svr_rbf_c30_eps005_scale,ln(kobs),5,ar2_homo_hartree|ar2_scf_energy_hartree|rate kobs (s-1)|ar1_q_a|ar1_bond_length_c_e,0.8058993510631325,0.018841132108932346,1.951795479722482,LOOCV,ln(kobs) = <nonlinear model; no closed-form linear equation>
azoarene_svr_rbf_c30_eps005_scale,ln(kobs),5,ar2_Ar_HOMO|ar2_enthalpy_hartree|rate kobs (s-1)|ar1_q_a|ar1_bond_length_c_e,0.8058952459332431,0.018825911956246277,1.9518161193536259,LOOCV,ln(kobs) = <nonlinear model; no closed-form linear equation>
azoarene_svr_rbf_c30_eps005_scale,ln(kobs),5,ar2_homo_hartree|ar2_enthalpy_hartree|rate kobs (s-1)|ar1_q_a|ar1_bond_length_c_e,0.8058952459332431,0.018825911956246277,1.9518161193536259,LOOCV,ln(kobs) = <nonlinear model; no closed-form linear equation>
azoarene_svr_rbf_c30_eps005_scale,ln(kobs),3,ar1_bond_length_c_a|ar2_lumo_hartree|ar2_Ar_LUMO,0.6821395285051746,0.01792065150427591,2.497693109900643,LOOCV,ln(kobs) = <nonlinear model; no closed-form linear equation>
azoarene_svr_rbf_c30_eps005_scale,ln(kobs),3,ar1_bond_length_c_a|ar2_lumo_hartree|ar2_gap_hartree,0.6823803791431297,0.016460099854410548,2.49674664905958,LOOCV,ln(kobs) = <nonlinear model; no closed-form linear equation>
azoarene_svr_rbf_c30_eps005_scale,ln(kobs),3,ar1_bond_length_c_a|ar2_Ar_LUMO|ar2_gap_hartree,0.6823803791431297,0.016460099854410548,2.49674664905958,LOOCV,ln(kobs) = <nonlinear model; no closed-form linear equation>
azoarene_svr_rbf_c30_eps005_scale,ln(kobs),5,ar2_Ar_HOMO|ar2_lumo_hartree|ar2_Ar_LUMO|ar1_q_a|ar1_bond_length_c_e,0.8273519147434542,0.01480820415423445,1.8407791954285202,LOOCV,ln(kobs) = <nonlinear model; no closed-form linear equation>
azoarene_svr_rbf_c30_eps005_scale,ln(kobs),5,ar2_homo_hartree|ar2_lumo_hartree|ar2_Ar_LUMO|ar1_q_a|ar1_bond_length_c_e,0.8273519147434542,0.01480820415423445,1.8407791954285202,LOOCV,ln(kobs) = <nonlinear model; no closed-form linear equation>
azoarene_svr_rbf_c30_eps005_scale,ln(kobs),3,ar2_scf_energy_hartree|ar2_gap_hartree|ar1_nbo_q_a,0.6087513415634925,0.013173663810952974,2.771068393596046,LOOCV,ln(kobs) = <nonlinear model; no closed-form linear equation>
azoarene_svr_rbf_c30_eps005_scale,ln(kobs),3,ar2_scf_energy_hartree|ar2_gap_hartree|ar1_Ar_NBO_OH,0.6087513415634925,0.013173663810952974,2.771068393596046,LOOCV,ln(kobs) = <nonlinear model; no closed-form linear equation>
azoarene_svr_rbf_c30_eps005_scale,ln(kobs),3,ar2_enthalpy_hartree|ar2_gap_hartree|ar1_nbo_q_a,0.6087610066387865,0.013135332981858427,2.7710341663220386,LOOCV,ln(kobs) = <nonlinear model; no closed-form linear equation>
azoarene_svr_rbf_c30_eps005_scale,ln(kobs),3,ar2_enthalpy_hartree|ar2_gap_hartree|ar1_Ar_NBO_OH,0.6087610066387865,0.013135332981858427,2.7710341663220386,LOOCV,ln(kobs) = <nonlinear model; no closed-form linear equation>
azoarene_svr_rbf_c30_eps005_scale,ln(kobs),3,ar2_gibbs_free_energy_hartree|ar2_gap_hartree|ar1_nbo_q_a,0.6087574012286461,0.013117502013811011,2.7710469343383095,LOOCV,ln(kobs) = <nonlinear model; no closed-form linear equation>
azoarene_svr_rbf_c30_eps005_scale,ln(kobs),3,ar2_gibbs_free_energy_hartree|ar2_gap_hartree|ar1_Ar_NBO_OH,0.6087574012286461,0.013117502013811011,2.7710469343383095,LOOCV,ln(kobs) = <nonlinear model; no closed-form linear equation>
azoarene_svr_rbf_c30_eps005_scale,ln(kobs),4,ar2_gibbs_free_energy_hartree|rate kobs (s-1)|ar1_bond_length_c_a|ar2_gap_hartree,0.7333110686004966,0.011962667446572928,2.287827678087313,LOOCV,ln(kobs) = <nonlinear model; no closed-form linear equation>
azoarene_svr_rbf_c30_eps005_scale,ln(kobs),4,ar2_enthalpy_hartree|rate kobs (s-1)|ar1_bond_length_c_a|ar2_gap_hartree,0.7332987029421996,0.011948296483662468,2.287880717722722,LOOCV,ln(kobs) = <nonlinear model; no closed-form linear equation>
azoarene_svr_rbf_c30_eps005_scale,ln(kobs),4,ar2_scf_energy_hartree|rate kobs (s-1)|ar1_bond_length_c_a|ar2_gap_hartree,0.7332861013958114,0.01180766126113153,2.2879347678806314,LOOCV,ln(kobs) = <nonlinear model; no closed-form linear equation>
azoarene_svr_rbf_c30_eps005_scale,ln(kobs),4,ar2_Ar_HOMO|ar2_enthalpy_hartree|ar1_bond_length_c_a|ar1_q_a,0.7694638023781896,0.011700605521655638,2.1271120951116527,LOOCV,ln(kobs) = <nonlinear model; no closed-form linear equation>
azoarene_svr_rbf_c30_eps005_scale,ln(kobs),4,ar2_homo_hartree|ar2_enthalpy_hartree|ar1_bond_length_c_a|ar1_q_a,0.7694638023781896,0.011700605521655638,2.1271120951116527,LOOCV,ln(kobs) = <nonlinear model; no closed-form linear equation>
azoarene_svr_rbf_c30_eps005_scale,ln(kobs),4,ar2_Ar_HOMO|ar2_scf_energy_hartree|ar1_bond_length_c_a|ar1_q_a,0.7694502378697645,0.011698560304973182,2.1271746727151304,LOOCV,ln(kobs) = <nonlinear model; no closed-form linear equation>
azoarene_svr_rbf_c30_eps005_scale,ln(kobs),4,ar2_homo_hartree|ar2_scf_energy_hartree|ar1_bond_length_c_a|ar1_q_a,0.7694502378697645,0.011698560304973182,2.1271746727151304,LOOCV,ln(kobs) = <nonlinear model; no closed-form linear equation>
azoarene_svr_rbf_c30_eps005_scale,ln(kobs),4,ar2_Ar_HOMO|ar2_gibbs_free_energy_hartree|ar1_bond_length_c_a|ar1_q_a,0.7694590540787384,0.011693972284728016,2.1271340008108246,LOOCV,ln(kobs) = <nonlinear model; no closed-form linear equation>
azoarene_svr_rbf_c30_eps005_scale,ln(kobs),4,ar2_homo_hartree|ar2_gibbs_free_energy_hartree|ar1_bond_length_c_a|ar1_q_a,0.7694590540787384,0.011693972284728016,2.1271340008108246,LOOCV,ln(kobs) = <nonlinear model; no closed-form linear equation>
azoarene_svr_rbf_c30_eps005_scale,ln(kobs),5,ar2_Ar_HOMO|ar2_lumo_hartree|ar2_gap_hartree|ar1_q_a|ar1_bond_length_c_e,0.8272890372440532,0.010758914081644755,1.8411143658308058,LOOCV,ln(kobs) = <nonlinear model; no closed-form linear equation>
azoarene_svr_rbf_c30_eps005_scale,ln(kobs),5,ar2_Ar_HOMO|ar2_Ar_LUMO|ar2_gap_hartree|ar1_q_a|ar1_bond_length_c_e,0.8272890372440532,0.010758914081644755,1.8411143658308058,LOOCV,ln(kobs) = <nonlinear model; no closed-form linear equation>
azoarene_svr_rbf_c30_eps005_scale,ln(kobs),5,ar2_homo_hartree|ar2_lumo_hartree|ar2_gap_hartree|ar1_q_a|ar1_bond_length_c_e,0.8272890372440532,0.010758914081644755,1.8411143658308058,LOOCV,ln(kobs) = <nonlinear model; no closed-form linear equation>
azoarene_svr_rbf_c30_eps005_scale,ln(kobs),5,ar2_homo_hartree|ar2_Ar_LUMO|ar2_gap_hartree|ar1_q_a|ar1_bond_length_c_e,0.8272890372440532,0.010758914081644755,1.8411143658308058,LOOCV,ln(kobs) = <nonlinear model; no closed-form linear equation>
azoarene_svr_rbf_c30_eps005_scale,ln(kobs),5,ar2_Ar_HOMO|ar2_Ar_polar|ar2_gibbs_free_energy_hartree|ar1_bond_length_c_a|ar1_q_a,0.7839325748753623,0.008430233697731437,2.0592802884007275,LOOCV,ln(kobs) = <nonlinear model; no closed-form linear equation>
azoarene_svr_rbf_c30_eps005_scale,ln(kobs),5,ar2_Ar_HOMO|ar2_isotropic_polarizability_au|ar2_gibbs_free_energy_hartree|ar1_bond_length_c_a|ar1_q_a,0.7839325748753623,0.008430233697731437,2.0592802884007275,LOOCV,ln(kobs) = <nonlinear model; no closed-form linear equation>
azoarene_svr_rbf_c30_eps005_scale,ln(kobs),5,ar2_homo_hartree|ar2_Ar_polar|ar2_gibbs_free_energy_hartree|ar1_bond_length_c_a|ar1_q_a,0.7839325748753623,0.008430233697731437,2.0592802884007275,LOOCV,ln(kobs) = <nonlinear model; no closed-form linear equation>
azoarene_svr_rbf_c30_eps005_scale,ln(kobs),5,ar2_homo_hartree|ar2_isotropic_polarizability_au|ar2_gibbs_free_energy_hartree|ar1_bond_length_c_a|ar1_q_a,0.7839325748753623,0.008430233697731437,2.0592802884007275,LOOCV,ln(kobs) = <nonlinear model; no closed-form linear equation>
azoarene_svr_rbf_c30_eps005_scale,ln(kobs),5,ar2_Ar_HOMO|ar2_Ar_polar|ar2_enthalpy_hartree|ar1_bond_length_c_a|ar1_q_a,0.7839399803672858,0.008394330653039184,2.059244998226359,LOOCV,ln(kobs) = <nonlinear model; no closed-form linear equation>
azoarene_svr_rbf_c30_eps005_scale,ln(kobs),5,ar2_Ar_HOMO|ar2_isotropic_polarizability_au|ar2_enthalpy_hartree|ar1_bond_length_c_a|ar1_q_a,0.7839399803672858,0.008394330653039184,2.059244998226359,LOOCV,ln(kobs) = <nonlinear model; no closed-form linear equation>
azoarene_svr_rbf_c30_eps005_scale,ln(kobs),5,ar2_homo_hartree|ar2_Ar_polar|ar2_enthalpy_hartree|ar1_bond_length_c_a|ar1_q_a,0.7839399803672858,0.008394330653039184,2.059244998226359,LOOCV,ln(kobs) = <nonlinear model; no closed-form linear equation>
azoarene_svr_rbf_c30_eps005_scale,ln(kobs),5,ar2_homo_hartree|ar2_isotropic_polarizability_au|ar2_enthalpy_hartree|ar1_bond_length_c_a|ar1_q_a,0.7839399803672858,0.008394330653039184,2.059244998226359,LOOCV,ln(kobs) = <nonlinear model; no closed-form linear equation>
azoarene_svr_rbf_c30_eps005_scale,ln(kobs),5,ar2_Ar_HOMO|ar2_Ar_polar|ar2_scf_energy_hartree|ar1_bond_length_c_a|ar1_q_a,0.7839431015311698,0.008326891771973322,2.059230124432634,LOOCV,ln(kobs) = <nonlinear model; no closed-form linear equation>
azoarene_svr_rbf_c30_eps005_scale,ln(kobs),5,ar2_Ar_HOMO|ar2_isotropic_polarizability_au|ar2_scf_energy_hartree|ar1_bond_length_c_a|ar1_q_a,0.7839431015311698,0.008326891771973322,2.059230124432634,LOOCV,ln(kobs) = <nonlinear model; no closed-form linear equation>
azoarene_svr_rbf_c30_eps005_scale,ln(kobs),5,ar2_homo_hartree|ar2_Ar_polar|ar2_scf_energy_hartree|ar1_bond_length_c_a|ar1_q_a,0.7839431015311698,0.008326891771973322,2.059230124432634,LOOCV,ln(kobs) = <nonlinear model; no closed-form linear equation>
azoarene_svr_rbf_c30_eps005_scale,ln(kobs),5,ar2_homo_hartree|ar2_isotropic_polarizability_au|ar2_scf_energy_hartree|ar1_bond_length_c_a|ar1_q_a,0.7839431015311698,0.008326891771973322,2.059230124432634,LOOCV,ln(kobs) = <nonlinear model; no closed-form linear equation>
azoarene_svr_rbf_c30_eps005_scale,ln(kobs),4,ar1_q_a|ar2_Ar_Ster_B5|ar2_sterimol_B5|ar1_nbo_q_a,0.6762804138418568,0.008016373061161652,2.520607954329092,LOOCV,ln(kobs) = <nonlinear model; no closed-form linear equation>
azoarene_svr_rbf_c30_eps005_scale,ln(kobs),4,ar1_q_a|ar2_Ar_Ster_B5|ar2_sterimol_B5|ar1_Ar_NBO_OH,0.6762804138418568,0.008016373061161652,2.520607954329092,LOOCV,ln(kobs) = <nonlinear model; no closed-form linear equation>
azoarene_svr_rbf_c30_eps005_scale,ln(kobs),5,ar2_Ar_HOMO|ar2_Ar_polar|ar2_gibbs_free_energy_hartree|ar1_q_a|ar1_nbo_q_a,0.7713959751871136,0.00729923941941002,2.1181794501320566,LOOCV,ln(kobs) = <nonlinear model; no closed-form linear equation>
azoarene_svr_rbf_c30_eps005_scale,ln(kobs),5,ar2_Ar_HOMO|ar2_Ar_polar|ar2_gibbs_free_energy_hartree|ar1_q_a|ar1_Ar_NBO_OH,0.7713959751871136,0.00729923941941002,2.1181794501320566,LOOCV,ln(kobs) = <nonlinear model; no closed-form linear equation>
azoarene_svr_rbf_c30_eps005_scale,ln(kobs),5,ar2_Ar_HOMO|ar2_isotropic_polarizability_au|ar2_gibbs_free_energy_hartree|ar1_q_a|ar1_nbo_q_a,0.7713959751871136,0.00729923941941002,2.1181794501320566,LOOCV,ln(kobs) = <nonlinear model; no closed-form linear equation>
azoarene_svr_rbf_c30_eps005_scale,ln(kobs),5,ar2_Ar_HOMO|ar2_isotropic_polarizability_au|ar2_gibbs_free_energy_hartree|ar1_q_a|ar1_Ar_NBO_OH,0.7713959751871136,0.00729923941941002,2.1181794501320566,LOOCV,ln(kobs) = <nonlinear model; no closed-form linear equation>
azoarene_svr_rbf_c30_eps005_scale,ln(kobs),5,ar2_homo_hartree|ar2_Ar_polar|ar2_gibbs_free_energy_hartree|ar1_q_a|ar1_nbo_q_a,0.7713959751871136,0.00729923941941002,2.1181794501320566,LOOCV,ln(kobs) = <nonlinear model; no closed-form linear equation>
azoarene_svr_rbf_c30_eps005_scale,ln(kobs),5,ar2_homo_hartree|ar2_Ar_polar|ar2_gibbs_free_energy_hartree|ar1_q_a|ar1_Ar_NBO_OH,0.7713959751871136,0.00729923941941002,2.1181794501320566,LOOCV,ln(kobs) = <nonlinear model; no closed-form linear equation>
azoarene_svr_rbf_c30_eps005_scale,ln(kobs),5,ar2_homo_hartree|ar2_isotropic_polarizability_au|ar2_gibbs_free_energy_hartree|ar1_q_a|ar1_nbo_q_a,0.7713959751871136,0.00729923941941002,2.1181794501320566,LOOCV,ln(kobs) = <nonlinear model; no closed-form linear equation>
azoarene_svr_rbf_c30_eps005_scale,ln(kobs),5,ar2_homo_hartree|ar2_isotropic_polarizability_au|ar2_gibbs_free_energy_hartree|ar1_q_a|ar1_Ar_NBO_OH,0.7713959751871136,0.00729923941941002,2.1181794501320566,LOOCV,ln(kobs) = <nonlinear model; no closed-form linear equation>
azoarene_svr_rbf_c30_eps005_scale,ln(kobs),5,ar2_Ar_HOMO|ar2_Ar_polar|ar2_enthalpy_hartree|ar1_q_a|ar1_nbo_q_a,0.7713945408128825,0.0072978607135366635,2.118186095372132,LOOCV,ln(kobs) = <nonlinear model; no closed-form linear equation>
azoarene_svr_rbf_c30_eps005_scale,ln(kobs),5,ar2_Ar_HOMO|ar2_Ar_polar|ar2_enthalpy_hartree|ar1_q_a|ar1_Ar_NBO_OH,0.7713945408128825,0.0072978607135366635,2.118186095372132,LOOCV,ln(kobs) = <nonlinear model; no closed-form linear equation>
azoarene_svr_rbf_c30_eps005_scale,ln(kobs),5,ar2_Ar_HOMO|ar2_isotropic_polarizability_au|ar2_enthalpy_hartree|ar1_q_a|ar1_nbo_q_a,0.7713945408128825,0.0072978607135366635,2.118186095372132,LOOCV,ln(kobs) = <nonlinear model; no closed-form linear equation>
azoarene_svr_rbf_c30_eps005_scale,ln(kobs),5,ar2_Ar_HOMO|ar2_isotropic_polarizability_au|ar2_enthalpy_hartree|ar1_q_a|ar1_Ar_NBO_OH,0.7713945408128825,0.0072978607135366635,2.118186095372132,LOOCV,ln(kobs) = <nonlinear model; no closed-form linear equation>
azoarene_svr_rbf_c30_eps005_scale,ln(kobs),5,ar2_homo_hartree|ar2_Ar_polar|ar2_enthalpy_hartree|ar1_q_a|ar1_nbo_q_a,0.7713945408128825,0.0072978607135366635,2.118186095372132,LOOCV,ln(kobs) = <nonlinear model; no closed-form linear equation>
azoarene_svr_rbf_c30_eps005_scale,ln(kobs),5,ar2_homo_hartree|ar2_Ar_polar|ar2_enthalpy_hartree|ar1_q_a|ar1_Ar_NBO_OH,0.7713945408128825,0.0072978607135366635,2.118186095372132,LOOCV,ln(kobs) = <nonlinear model; no closed-form linear equation>
azoarene_svr_rbf_c30_eps005_scale,ln(kobs),5,ar2_homo_hartree|ar2_isotropic_polarizability_au|ar2_enthalpy_hartree|ar1_q_a|ar1_nbo_q_a,0.7713945408128825,0.0072978607135366635,2.118186095372132,LOOCV,ln(kobs) = <nonlinear model; no closed-form linear equation>
azoarene_svr_rbf_c30_eps005_scale,ln(kobs),5,ar2_homo_hartree|ar2_isotropic_polarizability_au|ar2_enthalpy_hartree|ar1_q_a|ar1_Ar_NBO_OH,0.7713945408128825,0.0072978607135366635,2.118186095372132,LOOCV,ln(kobs) = <nonlinear model; no closed-form linear equation>
azoarene_svr_rbf_c30_eps005_scale,ln(kobs),5,ar2_Ar_HOMO|ar2_Ar_polar|ar2_scf_energy_hartree|ar1_q_a|ar1_nbo_q_a,0.7713865629095991,0.007250647985766134,2.118223055417694,LOOCV,ln(kobs) = <nonlinear model; no closed-form linear equation>
azoarene_svr_rbf_c30_eps005_scale,ln(kobs),5,ar2_Ar_HOMO|ar2_Ar_polar|ar2_scf_energy_hartree|ar1_q_a|ar1_Ar_NBO_OH,0.7713865629095991,0.007250647985766134,2.118223055417694,LOOCV,ln(kobs) = <nonlinear model; no closed-form linear equation>
azoarene_svr_rbf_c30_eps005_scale,ln(kobs),5,ar2_Ar_HOMO|ar2_isotropic_polarizability_au|ar2_scf_energy_hartree|ar1_q_a|ar1_nbo_q_a,0.7713865629095991,0.007250647985766134,2.118223055417694,LOOCV,ln(kobs) = <nonlinear model; no closed-form linear equation>
azoarene_svr_rbf_c30_eps005_scale,ln(kobs),5,ar2_Ar_HOMO|ar2_isotropic_polarizability_au|ar2_scf_energy_hartree|ar1_q_a|ar1_Ar_NBO_OH,0.7713865629095991,0.007250647985766134,2.118223055417694,LOOCV,ln(kobs) = <nonlinear model; no closed-form linear equation>
azoarene_svr_rbf_c30_eps005_scale,ln(kobs),5,ar2_homo_hartree|ar2_Ar_polar|ar2_scf_energy_hartree|ar1_q_a|ar1_nbo_q_a,0.7713865629095991,0.007250647985766134,2.118223055417694,LOOCV,ln(kobs) = <nonlinear model; no closed-form linear equation>
azoarene_svr_rbf_c30_eps005_scale,ln(kobs),5,ar2_homo_hartree|ar2_Ar_polar|ar2_scf_energy_hartree|ar1_q_a|ar1_Ar_NBO_OH,0.7713865629095991,0.007250647985766134,2.118223055417694,LOOCV,ln(kobs) = <nonlinear model; no closed-form linear equation>
azoarene_svr_rbf_c30_eps005_scale,ln(kobs),5,ar2_homo_hartree|ar2_isotropic_polarizability_au|ar2_scf_energy_hartree|ar1_q_a|ar1_nbo_q_a,0.7713865629095991,0.007250647985766134,2.118223055417694,LOOCV,ln(kobs) = <nonlinear model; no closed-form linear equation>
azoarene_svr_rbf_c30_eps005_scale,ln(kobs),5,ar2_homo_hartree|ar2_isotropic_polarizability_au|ar2_scf_energy_hartree|ar1_q_a|ar1_Ar_NBO_OH,0.7713865629095991,0.007250647985766134,2.118223055417694,LOOCV,ln(kobs) = <nonlinear model; no closed-form linear equation>
azoarene_svr_rbf_c30_eps005_scale,ln(kobs),4,ar2_Ar_HOMO|ar2_Ar_polar|ar1_bond_length_c_a|ar2_lumo_hartree,0.7587694278637185,0.007077492150022069,2.175890257340189,LOOCV,ln(kobs) = <nonlinear model; no closed-form linear equation>
azoarene_svr_rbf_c30_eps005_scale,ln(kobs),4,ar2_Ar_HOMO|ar2_Ar_polar|ar1_bond_length_c_a|ar2_Ar_LUMO,0.7587694278637185,0.007077492150022069,2.175890257340189,LOOCV,ln(kobs) = <nonlinear model; no closed-form linear equation>
azoarene_svr_rbf_c30_eps005_scale,ln(kobs),4,ar2_Ar_HOMO|ar2_isotropic_polarizability_au|ar1_bond_length_c_a|ar2_lumo_hartree,0.7587694278637185,0.007077492150022069,2.175890257340189,LOOCV,ln(kobs) = <nonlinear model; no closed-form linear equation>
azoarene_svr_rbf_c30_eps005_scale,ln(kobs),4,ar2_Ar_HOMO|ar2_isotropic_polarizability_au|ar1_bond_length_c_a|ar2_Ar_LUMO,0.7587694278637185,0.007077492150022069,2.175890257340189,LOOCV,ln(kobs) = <nonlinear model; no closed-form linear equation>
azoarene_svr_rbf_c30_eps005_scale,ln(kobs),4,ar2_homo_hartree|ar2_Ar_polar|ar1_bond_length_c_a|ar2_lumo_hartree,0.7587694278637185,0.007077492150022069,2.175890257340189,LOOCV,ln(kobs) = <nonlinear model; no closed-form linear equation>
azoarene_svr_rbf_c30_eps005_scale,ln(kobs),4,ar2_homo_hartree|ar2_Ar_polar|ar1_bond_length_c_a|ar2_Ar_LUMO,0.7587694278637185,0.007077492150022069,2.175890257340189,LOOCV,ln(kobs) = <nonlinear model; no closed-form linear equation>
azoarene_svr_rbf_c30_eps005_scale,ln(kobs),4,ar2_homo_hartree|ar2_isotropic_polarizability_au|ar1_bond_length_c_a|ar2_lumo_hartree,0.7587694278637185,0.007077492150022069,2.175890257340189,LOOCV,ln(kobs) = <nonlinear model; no closed-form linear equation>
azoarene_svr_rbf_c30_eps005_scale,ln(kobs),4,ar2_homo_hartree|ar2_isotropic_polarizability_au|ar1_bond_length_c_a|ar2_Ar_LUMO,0.7587694278637185,0.007077492150022069,2.175890257340189,LOOCV,ln(kobs) = <nonlinear model; no closed-form linear equation>
azoarene_svr_rbf_c30_eps005_scale,ln(kobs),4,rate kobs (s-1)|ar1_bond_length_c_a|ar2_gap_hartree|ar1_bond_length_c_e,0.7024093768130085,0.004975125685019566,2.416742812217199,LOOCV,ln(kobs) = <nonlinear model; no closed-form linear equation>
azoarene_svr_rbf_c30_eps005_scale,ln(kobs),4,ar2_Ar_HOMO|ar2_Ar_polar|ar1_bond_length_c_a|ar2_gap_hartree,0.7588467197427062,0.003017876888855686,2.175541644561719,LOOCV,ln(kobs) = <nonlinear model; no closed-form linear equation>
azoarene_svr_rbf_c30_eps005_scale,ln(kobs),4,ar2_Ar_HOMO|ar2_isotropic_polarizability_au|ar1_bond_length_c_a|ar2_gap_hartree,0.7588467197427062,0.003017876888855686,2.175541644561719,LOOCV,ln(kobs) = <nonlinear model; no closed-form linear equation>
azoarene_svr_rbf_c30_eps005_scale,ln(kobs),4,ar2_homo_hartree|ar2_Ar_polar|ar1_bond_length_c_a|ar2_gap_hartree,0.7588467197427062,0.003017876888855686,2.175541644561719,LOOCV,ln(kobs) = <nonlinear model; no closed-form linear equation>
azoarene_svr_rbf_c30_eps005_scale,ln(kobs),4,ar2_homo_hartree|ar2_isotropic_polarizability_au|ar1_bond_length_c_a|ar2_gap_hartree,0.7588467197427062,0.003017876888855686,2.175541644561719,LOOCV,ln(kobs) = <nonlinear model; no closed-form linear equation>
azoarene_svr_rbf_c30_eps005_scale,ln(kobs),3,ar1_q_a|ar2_Ar_Ster_B5|ar1_nbo_q_a,0.6995881694871331,-0.0024705623468956883,2.428171346740186,LOOCV,ln(kobs) = <nonlinear model; no closed-form linear equation>
azoarene_svr_rbf_c30_eps005_scale,ln(kobs),3,ar1_q_a|ar2_Ar_Ster_B5|ar1_Ar_NBO_OH,0.6995881694871331,-0.0024705623468956883,2.428171346740186,LOOCV,ln(kobs) = <nonlinear model; no closed-form linear equation>
azoarene_svr_rbf_c30_eps005_scale,ln(kobs),3,ar1_q_a|ar2_sterimol_B5|ar1_nbo_q_a,0.6995881694871331,-0.0024705623468956883,2.428171346740186,LOOCV,ln(kobs) = <nonlinear model; no closed-form linear equation>
azoarene_svr_rbf_c30_eps005_scale,ln(kobs),3,ar1_q_a|ar2_sterimol_B5|ar1_Ar_NBO_OH,0.6995881694871331,-0.0024705623468956883,2.428171346740186,LOOCV,ln(kobs) = <nonlinear model; no closed-form linear equation>
azoarene_svr_rbf_c30_eps005_scale,ln(kobs),4,ar2_Ar_HOMO|ar2_lumo_hartree|ar1_q_a|ar2_Ar_Ster_B5,0.7099808858238543,-0.0027584350591300932,2.3858004987354375,LOOCV,ln(kobs) = <nonlinear model; no closed-form linear equation>
azoarene_svr_rbf_c30_eps005_scale,ln(kobs),4,ar2_Ar_HOMO|ar2_lumo_hartree|ar1_q_a|ar2_sterimol_B5,0.7099808858238543,-0.0027584350591300932,2.3858004987354375,LOOCV,ln(kobs) = <nonlinear model; no closed-form linear equation>
azoarene_svr_rbf_c30_eps005_scale,ln(kobs),4,ar2_Ar_HOMO|ar2_Ar_LUMO|ar1_q_a|ar2_Ar_Ster_B5,0.7099808858238543,-0.0027584350591300932,2.3858004987354375,LOOCV,ln(kobs) = <nonlinear model; no closed-form linear equation>
azoarene_svr_rbf_c30_eps005_scale,ln(kobs),4,ar2_Ar_HOMO|ar2_Ar_LUMO|ar1_q_a|ar2_sterimol_B5,0.7099808858238543,-0.0027584350591300932,2.3858004987354375,LOOCV,ln(kobs) = <nonlinear model; no closed-form linear equation>
azoarene_svr_rbf_c30_eps005_scale,ln(kobs),4,ar2_homo_hartree|ar2_lumo_hartree|ar1_q_a|ar2_Ar_Ster_B5,0.7099808858238543,-0.0027584350591300932,2.3858004987354375,LOOCV,ln(kobs) = <nonlinear model; no closed-form linear equation>
azoarene_svr_rbf_c30_eps005_scale,ln(kobs),4,ar2_homo_hartree|ar2_lumo_hartree|ar1_q_a|ar2_sterimol_B5,0.7099808858238543,-0.0027584350591300932,2.3858004987354375,LOOCV,ln(kobs) = <nonlinear model; no closed-form linear equation>
azoarene_svr_rbf_c30_eps005_scale,ln(kobs),4,ar2_homo_hartree|ar2_Ar_LUMO|ar1_q_a|ar2_Ar_Ster_B5,0.7099808858238543,-0.0027584350591300932,2.3858004987354375,LOOCV,ln(kobs) = <nonlinear model; no closed-form linear equation>
azoarene_svr_rbf_c30_eps005_scale,ln(kobs),4,ar2_homo_hartree|ar2_Ar_LUMO|ar1_q_a|ar2_sterimol_B5,0.7099808858238543,-0.0027584350591300932,2.3858004987354375,LOOCV,ln(kobs) = <nonlinear model; no closed-form linear equation>
azoarene_svr_rbf_c30_eps005_scale,ln(kobs),5,rate kobs (s-1)|ar1_bond_length_c_a|ar2_lumo_hartree|ar1_q_a|ar2_Ar_Ster_B5,0.7821350200498713,-0.0031205566382950245,2.0678285509289753,LOOCV,ln(kobs) = <nonlinear model; no closed-form linear equation>
azoarene_svr_rbf_c30_eps005_scale,ln(kobs),5,rate kobs (s-1)|ar1_bond_length_c_a|ar2_lumo_hartree|ar1_q_a|ar2_sterimol_B5,0.7821350200498713,-0.0031205566382950245,2.0678285509289753,LOOCV,ln(kobs) = <nonlinear model; no closed-form linear equation>
azoarene_svr_rbf_c30_eps005_scale,ln(kobs),5,rate kobs (s-1)|ar1_bond_length_c_a|ar2_Ar_LUMO|ar1_q_a|ar2_Ar_Ster_B5,0.7821350200498713,-0.0031205566382950245,2.0678285509289753,LOOCV,ln(kobs) = <nonlinear model; no closed-form linear equation>
azoarene_svr_rbf_c30_eps005_scale,ln(kobs),5,rate kobs (s-1)|ar1_bond_length_c_a|ar2_Ar_LUMO|ar1_q_a|ar2_sterimol_B5,0.7821350200498713,-0.0031205566382950245,2.0678285509289753,LOOCV,ln(kobs) = <nonlinear model; no closed-form linear equation>
azoarene_svr_rbf_c30_eps005_scale,ln(kobs),3,ar1_bond_length_c_a|ar1_q_a|ar2_Ar_Ster_B5,0.6980769631595864,-0.005113386374616891,2.4342710810624446,LOOCV,ln(kobs) = <nonlinear model; no closed-form linear equation>
azoarene_svr_rbf_c30_eps005_scale,ln(kobs),3,ar1_bond_length_c_a|ar1_q_a|ar2_sterimol_B5,0.6980769631595864,-0.005113386374616891,2.4342710810624446,LOOCV,ln(kobs) = <nonlinear model; no closed-form linear equation>
azoarene_svr_rbf_c30_eps005_scale,ln(kobs),5,ar2_Ar_HOMO|ar2_Ar_polar|ar2_lumo_hartree|ar1_q_a|ar1_bond_length_c_e,0.8181639785749437,-0.00579136867251151,1.8891253438294593,LOOCV,ln(kobs) = <nonlinear model; no closed-form linear equation>
azoarene_svr_rbf_c30_eps005_scale,ln(kobs),5,ar2_Ar_HOMO|ar2_Ar_polar|ar2_Ar_LUMO|ar1_q_a|ar1_bond_length_c_e,0.8181639785749437,-0.00579136867251151,1.8891253438294593,LOOCV,ln(kobs) = <nonlinear model; no closed-form linear equation>
azoarene_svr_rbf_c30_eps005_scale,ln(kobs),5,ar2_Ar_HOMO|ar2_isotropic_polarizability_au|ar2_lumo_hartree|ar1_q_a|ar1_bond_length_c_e,0.8181639785749437,-0.00579136867251151,1.8891253438294593,LOOCV,ln(kobs) = <nonlinear model; no closed-form linear equation>
azoarene_svr_rbf_c30_eps005_scale,ln(kobs),5,ar2_Ar_HOMO|ar2_isotropic_polarizability_au|ar2_Ar_LUMO|ar1_q_a|ar1_bond_length_c_e,0.8181639785749437,-0.00579136867251151,1.8891253438294593,LOOCV,ln(kobs) = <nonlinear model; no closed-form linear equation>
azoarene_svr_rbf_c30_eps005_scale,ln(kobs),5,ar2_homo_hartree|ar2_Ar_polar|ar2_lumo_hartree|ar1_q_a|ar1_bond_length_c_e,0.8181639785749437,-0.00579136867251151,1.8891253438294593,LOOCV,ln(kobs) = <nonlinear model; no closed-form linear equation>
azoarene_svr_rbf_c30_eps005_scale,ln(kobs),5,ar2_homo_hartree|ar2_Ar_polar|ar2_Ar_LUMO|ar1_q_a|ar1_bond_length_c_e,0.8181639785749437,-0.00579136867251151,1.8891253438294593,LOOCV,ln(kobs) = <nonlinear model; no closed-form linear equation>
azoarene_svr_rbf_c30_eps005_scale,ln(kobs),5,ar2_homo_hartree|ar2_isotropic_polarizability_au|ar2_lumo_hartree|ar1_q_a|ar1_bond_length_c_e,0.8181639785749437,-0.00579136867251151,1.8891253438294593,LOOCV,ln(kobs) = <nonlinear model; no closed-form linear equation>
azoarene_svr_rbf_c30_eps005_scale,ln(kobs),5,ar2_homo_hartree|ar2_isotropic_polarizability_au|ar2_Ar_LUMO|ar1_q_a|ar1_bond_length_c_e,0.8181639785749437,-0.00579136867251151,1.8891253438294593,LOOCV,ln(kobs) = <nonlinear model; no closed-form linear equation>
azoarene_svr_rbf_c30_eps005_scale,ln(kobs),4,ar2_Ar_HOMO|ar2_gap_hartree|ar1_q_a|ar2_Ar_Ster_B5,0.7091186329244944,-0.009386728908733488,2.38934446624082,LOOCV,ln(kobs) = <nonlinear model; no closed-form linear equation>
azoarene_svr_rbf_c30_eps005_scale,ln(kobs),4,ar2_Ar_HOMO|ar2_gap_hartree|ar1_q_a|ar2_sterimol_B5,0.7091186329244944,-0.009386728908733488,2.38934446624082,LOOCV,ln(kobs) = <nonlinear model; no closed-form linear equation>
azoarene_svr_rbf_c30_eps005_scale,ln(kobs),4,ar2_homo_hartree|ar2_gap_hartree|ar1_q_a|ar2_Ar_Ster_B5,0.7091186329244944,-0.009386728908733488,2.38934446624082,LOOCV,ln(kobs) = <nonlinear model; no closed-form linear equation>
azoarene_svr_rbf_c30_eps005_scale,ln(kobs),4,ar2_homo_hartree|ar2_gap_hartree|ar1_q_a|ar2_sterimol_B5,0.7091186329244944,-0.009386728908733488,2.38934446624082,LOOCV,ln(kobs) = <nonlinear model; no closed-form linear equation>
azoarene_svr_rbf_c30_eps005_scale,ln(kobs),4,ar2_Ar_HOMO|ar2_enthalpy_hartree|ar1_q_a|ar1_bond_length_c_e,0.791513718035048,-0.010556319287590155,2.0228307940784327,LOOCV,ln(kobs) = <nonlinear model; no closed-form linear equation>
azoarene_svr_rbf_c30_eps005_scale,ln(kobs),4,ar2_homo_hartree|ar2_enthalpy_hartree|ar1_q_a|ar1_bond_length_c_e,0.791513718035048,-0.010556319287590155,2.0228307940784327,LOOCV,ln(kobs) = <nonlinear model; no closed-form linear equation>
azoarene_svr_rbf_c30_eps005_scale,ln(kobs),4,ar2_Ar_HOMO|ar2_scf_energy_hartree|ar1_q_a|ar1_bond_length_c_e,0.7915118042141699,-0.010585859639677508,2.022840078446895,LOOCV,ln(kobs) = <nonlinear model; no closed-form linear equation>
azoarene_svr_rbf_c30_eps005_scale,ln(kobs),4,ar2_homo_hartree|ar2_scf_energy_hartree|ar1_q_a|ar1_bond_length_c_e,0.7915118042141699,-0.010585859639677508,2.022840078446895,LOOCV,ln(kobs) = <nonlinear model; no closed-form linear equation>
azoarene_svr_rbf_c30_eps005_scale,ln(kobs),4,ar2_Ar_HOMO|ar2_gibbs_free_energy_hartree|ar1_q_a|ar1_bond_length_c_e,0.7915139846442312,-0.01058870932917566,2.0228295006949226,LOOCV,ln(kobs) = <nonlinear model; no closed-form linear equation>
azoarene_svr_rbf_c30_eps005_scale,ln(kobs),4,ar2_homo_hartree|ar2_gibbs_free_energy_hartree|ar1_q_a|ar1_bond_length_c_e,0.7915139846442312,-0.01058870932917566,2.0228295006949226,LOOCV,ln(kobs) = <nonlinear model; no closed-form linear equation>
azoarene_svr_rbf_c30_eps005_scale,ln(kobs),4,ar2_Ar_polar|rate kobs (s-1)|ar2_gap_hartree|ar1_bond_length_c_e,0.7134504848869114,-0.010889898091316352,2.3714864803872455,LOOCV,ln(kobs) = <nonlinear model; no closed-form linear equation>
azoarene_svr_rbf_c30_eps005_scale,ln(kobs),4,ar2_isotropic_polarizability_au|rate kobs (s-1)|ar2_gap_hartree|ar1_bond_length_c_e,0.7134504848869114,-0.010889898091316352,2.3714864803872455,LOOCV,ln(kobs) = <nonlinear model; no closed-form linear equation>
azoarene_svr_rbf_c30_eps005_scale,ln(kobs),4,ar2_scf_energy_hartree|ar2_enthalpy_hartree|ar2_lumo_hartree|ar1_bond_length_c_e,0.6849320752359964,-0.011979323320792101,2.4866972288748643,LOOCV,ln(kobs) = <nonlinear model; no closed-form linear equation>
azoarene_svr_rbf_c30_eps005_scale,ln(kobs),4,ar2_scf_energy_hartree|ar2_enthalpy_hartree|ar2_Ar_LUMO|ar1_bond_length_c_e,0.6849320752359964,-0.011979323320792101,2.4866972288748643,LOOCV,ln(kobs) = <nonlinear model; no closed-form linear equation>
azoarene_svr_rbf_c30_eps005_scale,ln(kobs),4,ar2_scf_energy_hartree|ar2_gibbs_free_energy_hartree|ar2_lumo_hartree|ar1_bond_length_c_e,0.6849366437003037,-0.011997889381236249,2.486679200335902,LOOCV,ln(kobs) = <nonlinear model; no closed-form linear equation>
azoarene_svr_rbf_c30_eps005_scale,ln(kobs),4,ar2_scf_energy_hartree|ar2_gibbs_free_energy_hartree|ar2_Ar_LUMO|ar1_bond_length_c_e,0.6849366437003037,-0.011997889381236249,2.486679200335902,LOOCV,ln(kobs) = <nonlinear model; no closed-form linear equation>
azoarene_svr_rbf_c30_eps005_scale,ln(kobs),4,ar2_gibbs_free_energy_hartree|ar2_enthalpy_hartree|ar2_lumo_hartree|ar1_bond_length_c_e,0.6849483996023706,-0.012055182271273113,2.4866328073973634,LOOCV,ln(kobs) = <nonlinear model; no closed-form linear equation>
azoarene_svr_rbf_c30_eps005_scale,ln(kobs),4,ar2_gibbs_free_energy_hartree|ar2_enthalpy_hartree|ar2_Ar_LUMO|ar1_bond_length_c_e,0.6849483996023706,-0.012055182271273113,2.4866328073973634,LOOCV,ln(kobs) = <nonlinear model; no closed-form linear equation>
azoarene_svr_rbf_c30_eps005_scale,ln(kobs),4,rate kobs (s-1)|ar1_bond_length_c_a|ar2_gap_hartree|ar1_nbo_q_a,0.6963412613462738,-0.012283985079036164,2.441258149240588,LOOCV,ln(kobs) = <nonlinear model; no closed-form linear equation>
azoarene_svr_rbf_c30_eps005_scale,ln(kobs),4,rate kobs (s-1)|ar1_bond_length_c_a|ar2_gap_hartree|ar1_Ar_NBO_OH,0.6963412613462738,-0.012283985079036164,2.441258149240588,LOOCV,ln(kobs) = <nonlinear model; no closed-form linear equation>
azoarene_svr_rbf_c30_eps005_scale,ln(kobs),3,rate kobs (s-1)|ar1_q_a|ar2_Ar_Ster_B5,0.6632258771015693,-0.012758561697148618,2.570929520416379,LOOCV,ln(kobs) = <nonlinear model; no closed-form linear equation>
azoarene_svr_rbf_c30_eps005_scale,ln(kobs),3,rate kobs (s-1)|ar1_q_a|ar2_sterimol_B5,0.6632258771015693,-0.012758561697148618,2.570929520416379,LOOCV,ln(kobs) = <nonlinear model; no closed-form linear equation>
azoarene_svr_rbf_c30_eps005_scale,ln(kobs),4,ar2_Ar_polar|rate kobs (s-1)|ar2_lumo_hartree|ar1_bond_length_c_e,0.7196448148389294,-0.013044342008603937,2.345714273787692,LOOCV,ln(kobs) = <nonlinear model; no closed-form linear equation>
azoarene_svr_rbf_c30_eps005_scale,ln(kobs),4,ar2_Ar_polar|rate kobs (s-1)|ar2_Ar_LUMO|ar1_bond_length_c_e,0.7196448148389294,-0.013044342008603937,2.345714273787692,LOOCV,ln(kobs) = <nonlinear model; no closed-form linear equation>
azoarene_svr_rbf_c30_eps005_scale,ln(kobs),4,ar2_isotropic_polarizability_au|rate kobs (s-1)|ar2_lumo_hartree|ar1_bond_length_c_e,0.7196448148389294,-0.013044342008603937,2.345714273787692,LOOCV,ln(kobs) = <nonlinear model; no closed-form linear equation>
azoarene_svr_rbf_c30_eps005_scale,ln(kobs),4,ar2_isotropic_polarizability_au|rate kobs (s-1)|ar2_Ar_LUMO|ar1_bond_length_c_e,0.7196448148389294,-0.013044342008603937,2.345714273787692,LOOCV,ln(kobs) = <nonlinear model; no closed-form linear equation>
azoarene_svr_rbf_c30_eps005_scale,ln(kobs),4,ar2_Ar_HOMO|ar2_gibbs_free_energy_hartree|ar1_q_a|ar1_nbo_q_a,0.7629025362935837,-0.013099926785628657,2.1571694855026133,LOOCV,ln(kobs) = <nonlinear model; no closed-form linear equation>
azoarene_svr_rbf_c30_eps005_scale,ln(kobs),4,ar2_Ar_HOMO|ar2_gibbs_free_energy_hartree|ar1_q_a|ar1_Ar_NBO_OH,0.7629025362935837,-0.013099926785628657,2.1571694855026133,LOOCV,ln(kobs) = <nonlinear model; no closed-form linear equation>
azoarene_svr_rbf_c30_eps005_scale,ln(kobs),4,ar2_homo_hartree|ar2_gibbs_free_energy_hartree|ar1_q_a|ar1_nbo_q_a,0.7629025362935837,-0.013099926785628657,2.1571694855026133,LOOCV,ln(kobs) = <nonlinear model; no closed-form linear equation>
azoarene_svr_rbf_c30_eps005_scale,ln(kobs),4,ar2_homo_hartree|ar2_gibbs_free_energy_hartree|ar1_q_a|ar1_Ar_NBO_OH,0.7629025362935837,-0.013099926785628657,2.1571694855026133,LOOCV,ln(kobs) = <nonlinear model; no closed-form linear equation>
azoarene_svr_rbf_c30_eps005_scale,ln(kobs),4,ar2_Ar_HOMO|ar2_enthalpy_hartree|ar1_q_a|ar1_nbo_q_a,0.7628954109869122,-0.013115031652034759,2.1572018991320308,LOOCV,ln(kobs) = <nonlinear model; no closed-form linear equation>
azoarene_svr_rbf_c30_eps005_scale,ln(kobs),4,ar2_Ar_HOMO|ar2_enthalpy_hartree|ar1_q_a|ar1_Ar_NBO_OH,0.7628954109869122,-0.013115031652034759,2.1572018991320308,LOOCV,ln(kobs) = <nonlinear model; no closed-form linear equation>
azoarene_svr_rbf_c30_eps005_scale,ln(kobs),4,ar2_homo_hartree|ar2_enthalpy_hartree|ar1_q_a|ar1_nbo_q_a,0.7628954109869122,-0.013115031652034759,2.1572018991320308,LOOCV,ln(kobs) = <nonlinear model; no closed-form linear equation>
azoarene_svr_rbf_c30_eps005_scale,ln(kobs),4,ar2_homo_hartree|ar2_enthalpy_hartree|ar1_q_a|ar1_Ar_NBO_OH,0.7628954109869122,-0.013115031652034759,2.1572018991320308,LOOCV,ln(kobs) = <nonlinear model; no closed-form linear equation>
azoarene_svr_rbf_c30_eps005_scale,ln(kobs),4,ar2_Ar_HOMO|ar2_scf_energy_hartree|ar1_q_a|ar1_nbo_q_a,0.7629091615729306,-0.013120975953036407,2.157139346103274,LOOCV,ln(kobs) = <nonlinear model; no closed-form linear equation>
azoarene_svr_rbf_c30_eps005_scale,ln(kobs),4,ar2_Ar_HOMO|ar2_scf_energy_hartree|ar1_q_a|ar1_Ar_NBO_OH,0.7629091615729306,-0.013120975953036407,2.157139346103274,LOOCV,ln(kobs) = <nonlinear model; no closed-form linear equation>
azoarene_svr_rbf_c30_eps005_scale,ln(kobs),4,ar2_homo_hartree|ar2_scf_energy_hartree|ar1_q_a|ar1_nbo_q_a,0.7629091615729306,-0.013120975953036407,2.157139346103274,LOOCV,ln(kobs) = <nonlinear model; no closed-form linear equation>
azoarene_svr_rbf_c30_eps005_scale,ln(kobs),4,ar2_homo_hartree|ar2_scf_energy_hartree|ar1_q_a|ar1_Ar_NBO_OH,0.7629091615729306,-0.013120975953036407,2.157139346103274,LOOCV,ln(kobs) = <nonlinear model; no closed-form linear equation>
azoarene_svr_rbf_c30_eps005_scale,ln(kobs),5,ar2_Ar_HOMO|ar2_Ar_polar|ar2_gap_hartree|ar1_q_a|ar1_bond_length_c_e,0.8182674321977038,-0.013656944691264883,1.8885878687324908,LOOCV,ln(kobs) = <nonlinear model; no closed-form linear equation>
azoarene_svr_rbf_c30_eps005_scale,ln(kobs),5,ar2_Ar_HOMO|ar2_isotropic_polarizability_au|ar2_gap_hartree|ar1_q_a|ar1_bond_length_c_e,0.8182674321977038,-0.013656944691264883,1.8885878687324908,LOOCV,ln(kobs) = <nonlinear model; no closed-form linear equation>
azoarene_svr_rbf_c30_eps005_scale,ln(kobs),5,ar2_homo_hartree|ar2_Ar_polar|ar2_gap_hartree|ar1_q_a|ar1_bond_length_c_e,0.8182674321977038,-0.013656944691264883,1.8885878687324908,LOOCV,ln(kobs) = <nonlinear model; no closed-form linear equation>
azoarene_svr_rbf_c30_eps005_scale,ln(kobs),5,ar2_homo_hartree|ar2_isotropic_polarizability_au|ar2_gap_hartree|ar1_q_a|ar1_bond_length_c_e,0.8182674321977038,-0.013656944691264883,1.8885878687324908,LOOCV,ln(kobs) = <nonlinear model; no closed-form linear equation>
azoarene_svr_rbf_c30_eps005_scale,ln(kobs),4,ar2_Ar_polar|ar1_q_a|ar1_nbo_q_a|ar1_Ar_NBO_OH,0.6836477890062,-0.014592838111670892,2.4917602373379966,LOOCV,ln(kobs) = <nonlinear model; no closed-form linear equation>
azoarene_svr_rbf_c30_eps005_scale,ln(kobs),4,ar2_isotropic_polarizability_au|ar1_q_a|ar1_nbo_q_a|ar1_Ar_NBO_OH,0.6836477890062,-0.014592838111670892,2.4917602373379966,LOOCV,ln(kobs) = <nonlinear model; no closed-form linear equation>
azoarene_svr_rbf_c30_eps005_scale,ln(kobs),4,ar2_lumo_hartree|ar1_q_a|ar1_nbo_q_a|ar1_Ar_NBO_OH,0.715077305644892,-0.0147236724114721,2.364745106666189,LOOCV,ln(kobs) = <nonlinear model; no closed-form linear equation>
azoarene_svr_rbf_c30_eps005_scale,ln(kobs),4,ar2_Ar_LUMO|ar1_q_a|ar1_nbo_q_a|ar1_Ar_NBO_OH,0.715077305644892,-0.0147236724114721,2.364745106666189,LOOCV,ln(kobs) = <nonlinear model; no closed-form linear equation>
azoarene_svr_rbf_c30_eps005_scale,ln(kobs),5,ar2_Ar_polar|ar2_lumo_hartree|ar1_q_a|ar1_bond_length_c_e|ar2_Ar_Ster_B5,0.7646317265808558,-0.0168314060730983,2.1492887968234413,LOOCV,ln(kobs) = <nonlinear model; no closed-form linear equation>
azoarene_svr_rbf_c30_eps005_scale,ln(kobs),5,ar2_Ar_polar|ar2_lumo_hartree|ar1_q_a|ar1_bond_length_c_e|ar2_sterimol_B5,0.7646317265808558,-0.0168314060730983,2.1492887968234413,LOOCV,ln(kobs) = <nonlinear model; no closed-form linear equation>
azoarene_svr_rbf_c30_eps005_scale,ln(kobs),5,ar2_Ar_polar|ar2_Ar_LUMO|ar1_q_a|ar1_bond_length_c_e|ar2_Ar_Ster_B5,0.7646317265808558,-0.0168314060730983,2.1492887968234413,LOOCV,ln(kobs) = <nonlinear model; no closed-form linear equation>
azoarene_svr_rbf_c30_eps005_scale,ln(kobs),5,ar2_Ar_polar|ar2_Ar_LUMO|ar1_q_a|ar1_bond_length_c_e|ar2_sterimol_B5,0.7646317265808558,-0.0168314060730983,2.1492887968234413,LOOCV,ln(kobs) = <nonlinear model; no closed-form linear equation>
azoarene_svr_rbf_c30_eps005_scale,ln(kobs),5,ar2_isotropic_polarizability_au|ar2_lumo_hartree|ar1_q_a|ar1_bond_length_c_e|ar2_Ar_Ster_B5,0.7646317265808558,-0.0168314060730983,2.1492887968234413,LOOCV,ln(kobs) = <nonlinear model; no closed-form linear equation>
azoarene_svr_rbf_c30_eps005_scale,ln(kobs),5,ar2_isotropic_polarizability_au|ar2_lumo_hartree|ar1_q_a|ar1_bond_length_c_e|ar2_sterimol_B5,0.7646317265808558,-0.0168314060730983,2.1492887968234413,LOOCV,ln(kobs) = <nonlinear model; no closed-form linear equation>
azoarene_svr_rbf_c30_eps005_scale,ln(kobs),5,ar2_isotropic_polarizability_au|ar2_Ar_LUMO|ar1_q_a|ar1_bond_length_c_e|ar2_Ar_Ster_B5,0.7646317265808558,-0.0168314060730983,2.1492887968234413,LOOCV,ln(kobs) = <nonlinear model; no closed-form linear equation>
azoarene_svr_rbf_c30_eps005_scale,ln(kobs),5,ar2_isotropic_polarizability_au|ar2_Ar_LUMO|ar1_q_a|ar1_bond_length_c_e|ar2_sterimol_B5,0.7646317265808558,-0.0168314060730983,2.1492887968234413,LOOCV,ln(kobs) = <nonlinear model; no closed-form linear equation>
azoarene_svr_rbf_c30_eps005_scale,ln(kobs),4,ar2_Ar_polar|rate kobs (s-1)|ar2_gap_hartree|ar1_nbo_q_a,0.69591369779943,-0.017509543174634823,2.4429762388148277,LOOCV,ln(kobs) = <nonlinear model; no closed-form linear equation>
azoarene_svr_rbf_c30_eps005_scale,ln(kobs),4,ar2_Ar_polar|rate kobs (s-1)|ar2_gap_hartree|ar1_Ar_NBO_OH,0.69591369779943,-0.017509543174634823,2.4429762388148277,LOOCV,ln(kobs) = <nonlinear model; no closed-form linear equation>
azoarene_svr_rbf_c30_eps005_scale,ln(kobs),4,ar2_isotropic_polarizability_au|rate kobs (s-1)|ar2_gap_hartree|ar1_nbo_q_a,0.69591369779943,-0.017509543174634823,2.4429762388148277,LOOCV,ln(kobs) = <nonlinear model; no closed-form linear equation>
azoarene_svr_rbf_c30_eps005_scale,ln(kobs),4,ar2_isotropic_polarizability_au|rate kobs (s-1)|ar2_gap_hartree|ar1_Ar_NBO_OH,0.69591369779943,-0.017509543174634823,2.4429762388148277,LOOCV,ln(kobs) = <nonlinear model; no closed-form linear equation>
azoarene_svr_rbf_c30_eps005_scale,ln(kobs),4,ar1_bond_length_c_a|ar2_lumo_hartree|ar2_Ar_LUMO|ar1_nbo_q_a,0.6995503103474172,-0.018146686128926115,2.4283243460112103,LOOCV,ln(kobs) = <nonlinear model; no closed-form linear equation>
azoarene_svr_rbf_c30_eps005_scale,ln(kobs),4,ar1_bond_length_c_a|ar2_lumo_hartree|ar2_Ar_LUMO|ar1_Ar_NBO_OH,0.6995503103474172,-0.018146686128926115,2.4283243460112103,LOOCV,ln(kobs) = <nonlinear model; no closed-form linear equation>
azoarene_svr_rbf_c30_eps005_scale,ln(kobs),4,ar2_Ar_polar|rate kobs (s-1)|ar2_lumo_hartree|ar1_nbo_q_a,0.7017743808190638,-0.018251609311652484,2.419319849456426,LOOCV,ln(kobs) = <nonlinear model; no closed-form linear equation>
azoarene_svr_rbf_c30_eps005_scale,ln(kobs),4,ar2_Ar_polar|rate kobs (s-1)|ar2_lumo_hartree|ar1_Ar_NBO_OH,0.7017743808190638,-0.018251609311652484,2.419319849456426,LOOCV,ln(kobs) = <nonlinear model; no closed-form linear equation>
azoarene_svr_rbf_c30_eps005_scale,ln(kobs),4,ar2_Ar_polar|rate kobs (s-1)|ar2_Ar_LUMO|ar1_nbo_q_a,0.7017743808190638,-0.018251609311652484,2.419319849456426,LOOCV,ln(kobs) = <nonlinear model; no closed-form linear equation>
azoarene_svr_rbf_c30_eps005_scale,ln(kobs),4,ar2_Ar_polar|rate kobs (s-1)|ar2_Ar_LUMO|ar1_Ar_NBO_OH,0.7017743808190638,-0.018251609311652484,2.419319849456426,LOOCV,ln(kobs) = <nonlinear model; no closed-form linear equation>
azoarene_svr_rbf_c30_eps005_scale,ln(kobs),4,ar2_isotropic_polarizability_au|rate kobs (s-1)|ar2_lumo_hartree|ar1_nbo_q_a,0.7017743808190638,-0.018251609311652484,2.419319849456426,LOOCV,ln(kobs) = <nonlinear model; no closed-form linear equation>
azoarene_svr_rbf_c30_eps005_scale,ln(kobs),4,ar2_isotropic_polarizability_au|rate kobs (s-1)|ar2_lumo_hartree|ar1_Ar_NBO_OH,0.7017743808190638,-0.018251609311652484,2.419319849456426,LOOCV,ln(kobs) = <nonlinear model; no closed-form linear equation>
azoarene_svr_rbf_c30_eps005_scale,ln(kobs),4,ar2_isotropic_polarizability_au|rate kobs (s-1)|ar2_Ar_LUMO|ar1_nbo_q_a,0.7017743808190638,-0.018251609311652484,2.419319849456426,LOOCV,ln(kobs) = <nonlinear model; no closed-form linear equation>
azoarene_svr_rbf_c30_eps005_scale,ln(kobs),4,ar2_isotropic_polarizability_au|rate kobs (s-1)|ar2_Ar_LUMO|ar1_Ar_NBO_OH,0.7017743808190638,-0.018251609311652484,2.419319849456426,LOOCV,ln(kobs) = <nonlinear model; no closed-form linear equation>
azoarene_svr_rbf_c30_eps005_scale,ln(kobs),5,ar2_Ar_polar|ar2_gap_hartree|ar1_q_a|ar1_bond_length_c_e|ar2_Ar_Ster_B5,0.7652813906442965,-0.01890815783383104,2.146320511137595,LOOCV,ln(kobs) = <nonlinear model; no closed-form linear equation>
azoarene_svr_rbf_c30_eps005_scale,ln(kobs),5,ar2_Ar_polar|ar2_gap_hartree|ar1_q_a|ar1_bond_length_c_e|ar2_sterimol_B5,0.7652813906442965,-0.01890815783383104,2.146320511137595,LOOCV,ln(kobs) = <nonlinear model; no closed-form linear equation>
azoarene_svr_rbf_c30_eps005_scale,ln(kobs),5,ar2_isotropic_polarizability_au|ar2_gap_hartree|ar1_q_a|ar1_bond_length_c_e|ar2_Ar_Ster_B5,0.7652813906442965,-0.01890815783383104,2.146320511137595,LOOCV,ln(kobs) = <nonlinear model; no closed-form linear equation>
azoarene_svr_rbf_c30_eps005_scale,ln(kobs),5,ar2_isotropic_polarizability_au|ar2_gap_hartree|ar1_q_a|ar1_bond_length_c_e|ar2_sterimol_B5,0.7652813906442965,-0.01890815783383104,2.146320511137595,LOOCV,ln(kobs) = <nonlinear model; no closed-form linear equation>
azoarene_svr_rbf_c30_eps005_scale,ln(kobs),5,rate kobs (s-1)|ar1_bond_length_c_a|ar2_gap_hartree|ar1_q_a|ar2_Ar_Ster_B5,0.7824622871256905,-0.021252344254788724,2.0662748672354794,LOOCV,ln(kobs) = <nonlinear model; no closed-form linear equation>
azoarene_svr_rbf_c30_eps005_scale,ln(kobs),5,rate kobs (s-1)|ar1_bond_length_c_a|ar2_gap_hartree|ar1_q_a|ar2_sterimol_B5,0.7824622871256905,-0.021252344254788724,2.0662748672354794,LOOCV,ln(kobs) = <nonlinear model; no closed-form linear equation>
azoarene_svr_rbf_c30_eps005_scale,ln(kobs),4,ar2_scf_energy_hartree|ar2_gibbs_free_energy_hartree|ar2_gap_hartree|ar1_bond_length_c_e,0.6849128364491984,-0.0212577697713201,2.486773149499844,LOOCV,ln(kobs) = <nonlinear model; no closed-form linear equation>
azoarene_svr_rbf_c30_eps005_scale,ln(kobs),4,ar2_scf_energy_hartree|ar2_enthalpy_hartree|ar2_gap_hartree|ar1_bond_length_c_e,0.6849013581386614,-0.021275842242708176,2.486818444417878,LOOCV,ln(kobs) = <nonlinear model; no closed-form linear equation>
azoarene_svr_rbf_c30_eps005_scale,ln(kobs),4,ar2_gibbs_free_energy_hartree|ar2_enthalpy_hartree|ar2_gap_hartree|ar1_bond_length_c_e,0.6849374349501398,-0.02135678973677968,2.4866760778119623,LOOCV,ln(kobs) = <nonlinear model; no closed-form linear equation>
azoarene_svr_rbf_c30_eps005_scale,ln(kobs),4,ar2_Ar_HOMO|ar2_Ar_polar|ar2_gibbs_free_energy_hartree|ar1_q_a,0.7071430733797999,-0.021481439267300617,2.3974445119588346,LOOCV,ln(kobs) = <nonlinear model; no closed-form linear equation>
azoarene_svr_rbf_c30_eps005_scale,ln(kobs),4,ar2_Ar_HOMO|ar2_isotropic_polarizability_au|ar2_gibbs_free_energy_hartree|ar1_q_a,0.7071430733797999,-0.021481439267300617,2.3974445119588346,LOOCV,ln(kobs) = <nonlinear model; no closed-form linear equation>
azoarene_svr_rbf_c30_eps005_scale,ln(kobs),4,ar2_homo_hartree|ar2_Ar_polar|ar2_gibbs_free_energy_hartree|ar1_q_a,0.7071430733797999,-0.021481439267300617,2.3974445119588346,LOOCV,ln(kobs) = <nonlinear model; no closed-form linear equation>
azoarene_svr_rbf_c30_eps005_scale,ln(kobs),4,ar2_homo_hartree|ar2_isotropic_polarizability_au|ar2_gibbs_free_energy_hartree|ar1_q_a,0.7071430733797999,-0.021481439267300617,2.3974445119588346,LOOCV,ln(kobs) = <nonlinear model; no closed-form linear equation>
azoarene_svr_rbf_c30_eps005_scale,ln(kobs),4,ar2_Ar_HOMO|ar2_Ar_polar|ar2_scf_energy_hartree|ar1_q_a,0.7071272850000394,-0.021510941442171694,2.3975091360991927,LOOCV,ln(kobs) = <nonlinear model; no closed-form linear equation>
azoarene_svr_rbf_c30_eps005_scale,ln(kobs),4,ar2_Ar_HOMO|ar2_isotropic_polarizability_au|ar2_scf_energy_hartree|ar1_q_a,0.7071272850000394,-0.021510941442171694,2.3975091360991927,LOOCV,ln(kobs) = <nonlinear model; no closed-form linear equation>
azoarene_svr_rbf_c30_eps005_scale,ln(kobs),4,ar2_homo_hartree|ar2_Ar_polar|ar2_scf_energy_hartree|ar1_q_a,0.7071272850000394,-0.021510941442171694,2.3975091360991927,LOOCV,ln(kobs) = <nonlinear model; no closed-form linear equation>
azoarene_svr_rbf_c30_eps005_scale,ln(kobs),4,ar2_homo_hartree|ar2_isotropic_polarizability_au|ar2_scf_energy_hartree|ar1_q_a,0.7071272850000394,-0.021510941442171694,2.3975091360991927,LOOCV,ln(kobs) = <nonlinear model; no closed-form linear equation>
azoarene_svr_rbf_c30_eps005_scale,ln(kobs),4,ar2_Ar_HOMO|ar2_Ar_polar|ar2_enthalpy_hartree|ar1_q_a,0.7071324303089633,-0.021514419556374786,2.3974880757909043,LOOCV,ln(kobs) = <nonlinear model; no closed-form linear equation>
azoarene_svr_rbf_c30_eps005_scale,ln(kobs),4,ar2_Ar_HOMO|ar2_isotropic_polarizability_au|ar2_enthalpy_hartree|ar1_q_a,0.7071324303089633,-0.021514419556374786,2.3974880757909043,LOOCV,ln(kobs) = <nonlinear model; no closed-form linear equation>
azoarene_svr_rbf_c30_eps005_scale,ln(kobs),4,ar2_homo_hartree|ar2_Ar_polar|ar2_enthalpy_hartree|ar1_q_a,0.7071324303089633,-0.021514419556374786,2.3974880757909043,LOOCV,ln(kobs) = <nonlinear model; no closed-form linear equation>
azoarene_svr_rbf_c30_eps005_scale,ln(kobs),4,ar2_homo_hartree|ar2_isotropic_polarizability_au|ar2_enthalpy_hartree|ar1_q_a,0.7071324303089633,-0.021514419556374786,2.3974880757909043,LOOCV,ln(kobs) = <nonlinear model; no closed-form linear equation>
azoarene_svr_rbf_c30_eps005_scale,ln(kobs),3,ar2_scf_energy_hartree|ar2_lumo_hartree|ar1_bond_length_c_e,0.6720310319208678,-0.022390995336209363,2.5370976956830718,LOOCV,ln(kobs) = <nonlinear model; no closed-form linear equation>
azoarene_svr_rbf_c30_eps005_scale,ln(kobs),3,ar2_scf_energy_hartree|ar2_Ar_LUMO|ar1_bond_length_c_e,0.6720310319208678,-0.022390995336209363,2.5370976956830718,LOOCV,ln(kobs) = <nonlinear model; no closed-form linear equation>
azoarene_svr_rbf_c30_eps005_scale,ln(kobs),3,ar2_gibbs_free_energy_hartree|ar2_lumo_hartree|ar1_bond_length_c_e,0.6720388369517147,-0.022432311348128398,2.537067506479948,LOOCV,ln(kobs) = <nonlinear model; no closed-form linear equation>
azoarene_svr_rbf_c30_eps005_scale,ln(kobs),3,ar2_gibbs_free_energy_hartree|ar2_Ar_LUMO|ar1_bond_length_c_e,0.6720388369517147,-0.022432311348128398,2.537067506479948,LOOCV,ln(kobs) = <nonlinear model; no closed-form linear equation>
azoarene_svr_rbf_c30_eps005_scale,ln(kobs),3,ar2_enthalpy_hartree|ar2_lumo_hartree|ar1_bond_length_c_e,0.6720337746596666,-0.022446388778901705,2.5370870870409252,LOOCV,ln(kobs) = <nonlinear model; no closed-form linear equation>
azoarene_svr_rbf_c30_eps005_scale,ln(kobs),3,ar2_enthalpy_hartree|ar2_Ar_LUMO|ar1_bond_length_c_e,0.6720337746596666,-0.022446388778901705,2.5370870870409252,LOOCV,ln(kobs) = <nonlinear model; no closed-form linear equation>
azoarene_svr_rbf_c30_eps005_scale,ln(kobs),4,ar1_bond_length_c_a|ar2_lumo_hartree|ar2_gap_hartree|ar1_nbo_q_a,0.6968063738921437,-0.028141357905651088,2.4393878014189543,LOOCV,ln(kobs) = <nonlinear model; no closed-form linear equation>
azoarene_svr_rbf_c30_eps005_scale,ln(kobs),4,ar1_bond_length_c_a|ar2_lumo_hartree|ar2_gap_hartree|ar1_Ar_NBO_OH,0.6968063738921437,-0.028141357905651088,2.4393878014189543,LOOCV,ln(kobs) = <nonlinear model; no closed-form linear equation>
azoarene_svr_rbf_c30_eps005_scale,ln(kobs),4,ar1_bond_length_c_a|ar2_Ar_LUMO|ar2_gap_hartree|ar1_nbo_q_a,0.6968063738921437,-0.028141357905651088,2.4393878014189543,LOOCV,ln(kobs) = <nonlinear model; no closed-form linear equation>
azoarene_svr_rbf_c30_eps005_scale,ln(kobs),4,ar1_bond_length_c_a|ar2_Ar_LUMO|ar2_gap_hartree|ar1_Ar_NBO_OH,0.6968063738921437,-0.028141357905651088,2.4393878014189543,LOOCV,ln(kobs) = <nonlinear model; no closed-form linear equation>
azoarene_svr_rbf_c30_eps005_scale,ln(kobs),5,ar2_Ar_HOMO|ar2_homo_hartree|ar2_enthalpy_hartree|ar1_q_a|ar1_bond_length_c_e,0.7759247364387516,-0.028378136319886726,2.097093393735375,LOOCV,ln(kobs) = <nonlinear model; no closed-form linear equation>
azoarene_svr_rbf_c30_eps005_scale,ln(kobs),5,ar2_Ar_HOMO|ar2_homo_hartree|ar2_gibbs_free_energy_hartree|ar1_q_a|ar1_bond_length_c_e,0.7759187274936041,-0.0283917544661918,2.0971215120436875,LOOCV,ln(kobs) = <nonlinear model; no closed-form linear equation>
azoarene_svr_rbf_c30_eps005_scale,ln(kobs),5,ar2_Ar_HOMO|ar2_homo_hartree|ar2_scf_energy_hartree|ar1_q_a|ar1_bond_length_c_e,0.7759221481102474,-0.028409511253815634,2.0971055056277055,LOOCV,ln(kobs) = <nonlinear model; no closed-form linear equation>
azoarene_svr_rbf_c30_eps005_scale,ln(kobs),3,rate kobs (s-1)|ar2_lumo_hartree|ar2_gap_hartree,0.6529029369089734,-0.02924152584953288,2.6100347144624245,LOOCV,ln(kobs) = <nonlinear model; no closed-form linear equation>
azoarene_svr_rbf_c30_eps005_scale,ln(kobs),3,rate kobs (s-1)|ar2_Ar_LUMO|ar2_gap_hartree,0.6529029369089734,-0.02924152584953288,2.6100347144624245,LOOCV,ln(kobs) = <nonlinear model; no closed-form linear equation>
azoarene_svr_rbf_c30_eps005_scale,ln(kobs),3,rate kobs (s-1)|ar2_lumo_hartree|ar2_Ar_LUMO,0.6467864520926976,-0.03203869583066665,2.6329310776924153,LOOCV,ln(kobs) = <nonlinear model; no closed-form linear equation>
azoarene_svr_rbf_c30_eps005_scale,ln(kobs),3,ar2_Ar_polar|ar2_lumo_hartree|ar1_nbo_q_a,0.5947018365744496,-0.03255027510825648,2.8203832843292393,LOOCV,ln(kobs) = <nonlinear model; no closed-form linear equation>
azoarene_svr_rbf_c30_eps005_scale,ln(kobs),3,ar2_Ar_polar|ar2_lumo_hartree|ar1_Ar_NBO_OH,0.5947018365744496,-0.03255027510825648,2.8203832843292393,LOOCV,ln(kobs) = <nonlinear model; no closed-form linear equation>
azoarene_svr_rbf_c30_eps005_scale,ln(kobs),3,ar2_Ar_polar|ar2_Ar_LUMO|ar1_nbo_q_a,0.5947018365744496,-0.03255027510825648,2.8203832843292393,LOOCV,ln(kobs) = <nonlinear model; no closed-form linear equation>
azoarene_svr_rbf_c30_eps005_scale,ln(kobs),3,ar2_Ar_polar|ar2_Ar_LUMO|ar1_Ar_NBO_OH,0.5947018365744496,-0.03255027510825648,2.8203832843292393,LOOCV,ln(kobs) = <nonlinear model; no closed-form linear equation>
azoarene_svr_rbf_c30_eps005_scale,ln(kobs),3,ar2_isotropic_polarizability_au|ar2_lumo_hartree|ar1_nbo_q_a,0.5947018365744496,-0.03255027510825648,2.8203832843292393,LOOCV,ln(kobs) = <nonlinear model; no closed-form linear equation>
azoarene_svr_rbf_c30_eps005_scale,ln(kobs),3,ar2_isotropic_polarizability_au|ar2_lumo_hartree|ar1_Ar_NBO_OH,0.5947018365744496,-0.03255027510825648,2.8203832843292393,LOOCV,ln(kobs) = <nonlinear model; no closed-form linear equation>
azoarene_svr_rbf_c30_eps005_scale,ln(kobs),3,ar2_isotropic_polarizability_au|ar2_Ar_LUMO|ar1_nbo_q_a,0.5947018365744496,-0.03255027510825648,2.8203832843292393,LOOCV,ln(kobs) = <nonlinear model; no closed-form linear equation>
azoarene_svr_rbf_c30_eps005_scale,ln(kobs),3,ar2_isotropic_polarizability_au|ar2_Ar_LUMO|ar1_Ar_NBO_OH,0.5947018365744496,-0.03255027510825648,2.8203832843292393,LOOCV,ln(kobs) = <nonlinear model; no closed-form linear equation>
azoarene_svr_rbf_c30_eps005_scale,ln(kobs),5,ar2_Ar_HOMO|ar2_Ar_polar|rate kobs (s-1)|ar2_lumo_hartree|ar1_q_a,0.7828667887601236,-0.033455527294766085,2.0643529005793706,LOOCV,ln(kobs) = <nonlinear model; no closed-form linear equation>
azoarene_svr_rbf_c30_eps005_scale,ln(kobs),5,ar2_Ar_HOMO|ar2_Ar_polar|rate kobs (s-1)|ar2_Ar_LUMO|ar1_q_a,0.7828667887601236,-0.033455527294766085,2.0643529005793706,LOOCV,ln(kobs) = <nonlinear model; no closed-form linear equation>
azoarene_svr_rbf_c30_eps005_scale,ln(kobs),5,ar2_Ar_HOMO|ar2_isotropic_polarizability_au|rate kobs (s-1)|ar2_lumo_hartree|ar1_q_a,0.7828667887601236,-0.033455527294766085,2.0643529005793706,LOOCV,ln(kobs) = <nonlinear model; no closed-form linear equation>
azoarene_svr_rbf_c30_eps005_scale,ln(kobs),5,ar2_Ar_HOMO|ar2_isotropic_polarizability_au|rate kobs (s-1)|ar2_Ar_LUMO|ar1_q_a,0.7828667887601236,-0.033455527294766085,2.0643529005793706,LOOCV,ln(kobs) = <nonlinear model; no closed-form linear equation>
azoarene_svr_rbf_c30_eps005_scale,ln(kobs),5,ar2_homo_hartree|ar2_Ar_polar|rate kobs (s-1)|ar2_lumo_hartree|ar1_q_a,0.7828667887601236,-0.033455527294766085,2.0643529005793706,LOOCV,ln(kobs) = <nonlinear model; no closed-form linear equation>
azoarene_svr_rbf_c30_eps005_scale,ln(kobs),5,ar2_homo_hartree|ar2_Ar_polar|rate kobs (s-1)|ar2_Ar_LUMO|ar1_q_a,0.7828667887601236,-0.033455527294766085,2.0643529005793706,LOOCV,ln(kobs) = <nonlinear model; no closed-form linear equation>
azoarene_svr_rbf_c30_eps005_scale,ln(kobs),5,ar2_homo_hartree|ar2_isotropic_polarizability_au|rate kobs (s-1)|ar2_lumo_hartree|ar1_q_a,0.7828667887601236,-0.033455527294766085,2.0643529005793706,LOOCV,ln(kobs) = <nonlinear model; no closed-form linear equation>
azoarene_svr_rbf_c30_eps005_scale,ln(kobs),5,ar2_homo_hartree|ar2_isotropic_polarizability_au|rate kobs (s-1)|ar2_Ar_LUMO|ar1_q_a,0.7828667887601236,-0.033455527294766085,2.0643529005793706,LOOCV,ln(kobs) = <nonlinear model; no closed-form linear equation>
azoarene_svr_rbf_c30_eps005_scale,ln(kobs),4,ar2_Ar_HOMO|ar2_homo_hartree|ar2_lumo_hartree|ar1_q_a,0.6908920239194931,-0.03348579298122134,2.463065266415237,LOOCV,ln(kobs) = <nonlinear model; no closed-form linear equation>
azoarene_svr_rbf_c30_eps005_scale,ln(kobs),4,ar2_Ar_HOMO|ar2_homo_hartree|ar2_Ar_LUMO|ar1_q_a,0.6908920239194931,-0.03348579298122134,2.463065266415237,LOOCV,ln(kobs) = <nonlinear model; no closed-form linear equation>
azoarene_svr_rbf_c30_eps005_scale,ln(kobs),3,ar2_Ar_HOMO|ar1_q_a|ar2_Ar_Ster_B5,0.6650699393802417,-0.03531321288125655,2.5638810840526567,LOOCV,ln(kobs) = <nonlinear model; no closed-form linear equation>
azoarene_svr_rbf_c30_eps005_scale,ln(kobs),3,ar2_Ar_HOMO|ar1_q_a|ar2_sterimol_B5,0.6650699393802417,-0.03531321288125655,2.5638810840526567,LOOCV,ln(kobs) = <nonlinear model; no closed-form linear equation>
azoarene_svr_rbf_c30_eps005_scale,ln(kobs),3,ar2_homo_hartree|ar1_q_a|ar2_Ar_Ster_B5,0.6650699393802417,-0.03531321288125655,2.5638810840526567,LOOCV,ln(kobs) = <nonlinear model; no closed-form linear equation>
azoarene_svr_rbf_c30_eps005_scale,ln(kobs),3,ar2_homo_hartree|ar1_q_a|ar2_sterimol_B5,0.6650699393802417,-0.03531321288125655,2.5638810840526567,LOOCV,ln(kobs) = <nonlinear model; no closed-form linear equation>
azoarene_svr_rbf_c30_eps005_scale,ln(kobs),4,ar2_Ar_polar|rate kobs (s-1)|ar1_bond_length_c_a|ar2_lumo_hartree,0.720130946990376,-0.03586088909462193,2.3436796727814877,LOOCV,ln(kobs) = <nonlinear model; no closed-form linear equation>
azoarene_svr_rbf_c30_eps005_scale,ln(kobs),4,ar2_Ar_polar|rate kobs (s-1)|ar1_bond_length_c_a|ar2_Ar_LUMO,0.720130946990376,-0.03586088909462193,2.3436796727814877,LOOCV,ln(kobs) = <nonlinear model; no closed-form linear equation>
azoarene_svr_rbf_c30_eps005_scale,ln(kobs),4,ar2_isotropic_polarizability_au|rate kobs (s-1)|ar1_bond_length_c_a|ar2_lumo_hartree,0.720130946990376,-0.03586088909462193,2.3436796727814877,LOOCV,ln(kobs) = <nonlinear model; no closed-form linear equation>
azoarene_svr_rbf_c30_eps005_scale,ln(kobs),4,ar2_isotropic_polarizability_au|rate kobs (s-1)|ar1_bond_length_c_a|ar2_Ar_LUMO,0.720130946990376,-0.03586088909462193,2.3436796727814877,LOOCV,ln(kobs) = <nonlinear model; no closed-form linear equation>
azoarene_svr_rbf_c30_eps005_scale,ln(kobs),4,ar2_Ar_polar|rate kobs (s-1)|ar1_bond_length_c_a|ar2_gap_hartree,0.7131014868233669,-0.03655689949259555,2.3729301965607608,LOOCV,ln(kobs) = <nonlinear model; no closed-form linear equation>
azoarene_svr_rbf_c30_eps005_scale,ln(kobs),4,ar2_isotropic_polarizability_au|rate kobs (s-1)|ar1_bond_length_c_a|ar2_gap_hartree,0.7131014868233669,-0.03655689949259555,2.3729301965607608,LOOCV,ln(kobs) = <nonlinear model; no closed-form linear equation>
azoarene_svr_rbf_c30_eps005_scale,ln(kobs),3,ar2_Ar_polar|ar1_bond_length_c_a|ar1_q_a,0.631701031519919,-0.03802193570994228,2.6885682487197995,LOOCV,ln(kobs) = <nonlinear model; no closed-form linear equation>
azoarene_svr_rbf_c30_eps005_scale,ln(kobs),3,ar2_isotropic_polarizability_au|ar1_bond_length_c_a|ar1_q_a,0.631701031519919,-0.03802193570994228,2.6885682487197995,LOOCV,ln(kobs) = <nonlinear model; no closed-form linear equation>
azoarene_svr_rbf_c30_eps005_scale,ln(kobs),3,ar2_scf_energy_hartree|ar2_gap_hartree|ar1_bond_length_c_e,0.6697363945283075,-0.038063219607275656,2.5459576372452006,LOOCV,ln(kobs) = <nonlinear model; no closed-form linear equation>
azoarene_svr_rbf_c30_eps005_scale,ln(kobs),3,ar2_gibbs_free_energy_hartree|ar2_gap_hartree|ar1_bond_length_c_e,0.6697503799956783,-0.0381100903741689,2.5459037306326766,LOOCV,ln(kobs) = <nonlinear model; no closed-form linear equation>
azoarene_svr_rbf_c30_eps005_scale,ln(kobs),3,ar2_enthalpy_hartree|ar2_gap_hartree|ar1_bond_length_c_e,0.6697413794527038,-0.038129514934608366,2.5459384231174274,LOOCV,ln(kobs) = <nonlinear model; no closed-form linear equation>
azoarene_svr_rbf_c30_eps005_scale,ln(kobs),4,ar2_Ar_HOMO|ar2_Ar_polar|ar1_q_a|ar2_Ar_Ster_B5,0.7020530283033828,-0.038346463489090876,2.418189338041015,LOOCV,ln(kobs) = <nonlinear model; no closed-form linear equation>
azoarene_svr_rbf_c30_eps005_scale,ln(kobs),4,ar2_Ar_HOMO|ar2_Ar_polar|ar1_q_a|ar2_sterimol_B5,0.7020530283033828,-0.038346463489090876,2.418189338041015,LOOCV,ln(kobs) = <nonlinear model; no closed-form linear equation>
azoarene_svr_rbf_c30_eps005_scale,ln(kobs),4,ar2_Ar_HOMO|ar2_isotropic_polarizability_au|ar1_q_a|ar2_Ar_Ster_B5,0.7020530283033828,-0.038346463489090876,2.418189338041015,LOOCV,ln(kobs) = <nonlinear model; no closed-form linear equation>
azoarene_svr_rbf_c30_eps005_scale,ln(kobs),4,ar2_Ar_HOMO|ar2_isotropic_polarizability_au|ar1_q_a|ar2_sterimol_B5,0.7020530283033828,-0.038346463489090876,2.418189338041015,LOOCV,ln(kobs) = <nonlinear model; no closed-form linear equation>
azoarene_svr_rbf_c30_eps005_scale,ln(kobs),4,ar2_homo_hartree|ar2_Ar_polar|ar1_q_a|ar2_Ar_Ster_B5,0.7020530283033828,-0.038346463489090876,2.418189338041015,LOOCV,ln(kobs) = <nonlinear model; no closed-form linear equation>
azoarene_svr_rbf_c30_eps005_scale,ln(kobs),4,ar2_homo_hartree|ar2_Ar_polar|ar1_q_a|ar2_sterimol_B5,0.7020530283033828,-0.038346463489090876,2.418189338041015,LOOCV,ln(kobs) = <nonlinear model; no closed-form linear equation>
azoarene_svr_rbf_c30_eps005_scale,ln(kobs),4,ar2_homo_hartree|ar2_isotropic_polarizability_au|ar1_q_a|ar2_Ar_Ster_B5,0.7020530283033828,-0.038346463489090876,2.418189338041015,LOOCV,ln(kobs) = <nonlinear model; no closed-form linear equation>
azoarene_svr_rbf_c30_eps005_scale,ln(kobs),4,ar2_homo_hartree|ar2_isotropic_polarizability_au|ar1_q_a|ar2_sterimol_B5,0.7020530283033828,-0.038346463489090876,2.418189338041015,LOOCV,ln(kobs) = <nonlinear model; no closed-form linear equation>
azoarene_svr_rbf_c30_eps005_scale,ln(kobs),4,ar2_lumo_hartree|ar2_Ar_LUMO|ar1_q_a|ar1_bond_length_c_e,0.7540550593728446,-0.040650194745286417,2.1970490898162773,LOOCV,ln(kobs) = <nonlinear model; no closed-form linear equation>
azoarene_svr_rbf_c30_eps005_scale,ln(kobs),3,ar2_Ar_polar|ar2_gap_hartree|ar1_nbo_q_a,0.5899286834500475,-0.04134292677705531,2.8369423495975337,LOOCV,ln(kobs) = <nonlinear model; no closed-form linear equation>
azoarene_svr_rbf_c30_eps005_scale,ln(kobs),3,ar2_Ar_polar|ar2_gap_hartree|ar1_Ar_NBO_OH,0.5899286834500475,-0.04134292677705531,2.8369423495975337,LOOCV,ln(kobs) = <nonlinear model; no closed-form linear equation>
azoarene_svr_rbf_c30_eps005_scale,ln(kobs),3,ar2_isotropic_polarizability_au|ar2_gap_hartree|ar1_nbo_q_a,0.5899286834500475,-0.04134292677705531,2.8369423495975337,LOOCV,ln(kobs) = <nonlinear model; no closed-form linear equation>
azoarene_svr_rbf_c30_eps005_scale,ln(kobs),3,ar2_isotropic_polarizability_au|ar2_gap_hartree|ar1_Ar_NBO_OH,0.5899286834500475,-0.04134292677705531,2.8369423495975337,LOOCV,ln(kobs) = <nonlinear model; no closed-form linear equation>
azoarene_svr_rbf_c30_eps005_scale,ln(kobs),3,ar2_Ar_HOMO|ar2_homo_hartree|ar1_q_a,0.6552818220918094,-0.04249323834934926,2.601075191708294,LOOCV,ln(kobs) = <nonlinear model; no closed-form linear equation>
azoarene_svr_rbf_c30_eps005_scale,ln(kobs),4,ar2_lumo_hartree|ar2_gap_hartree|ar1_q_a|ar1_bond_length_c_e,0.7481058778061142,-0.04265932739538192,2.223462611405175,LOOCV,ln(kobs) = <nonlinear model; no closed-form linear equation>
azoarene_svr_rbf_c30_eps005_scale,ln(kobs),4,ar2_Ar_LUMO|ar2_gap_hartree|ar1_q_a|ar1_bond_length_c_e,0.7481058778061142,-0.04265932739538192,2.223462611405175,LOOCV,ln(kobs) = <nonlinear model; no closed-form linear equation>
azoarene_svr_rbf_c30_eps005_scale,ln(kobs),4,ar2_Ar_HOMO|ar2_homo_hartree|ar2_gap_hartree|ar1_q_a,0.691721136405987,-0.04315931110354865,2.45975973958888,LOOCV,ln(kobs) = <nonlinear model; no closed-form linear equation>
azoarene_svr_rbf_c30_eps005_scale,ln(kobs),4,ar2_Ar_HOMO|ar2_homo_hartree|ar2_gibbs_free_energy_hartree|ar1_q_a,0.6771607716931316,-0.0438280390855208,2.5171782147884505,LOOCV,ln(kobs) = <nonlinear model; no closed-form linear equation>
azoarene_svr_rbf_c30_eps005_scale,ln(kobs),4,ar2_Ar_HOMO|ar2_homo_hartree|ar2_scf_energy_hartree|ar1_q_a,0.6771430556141955,-0.04382985141124629,2.5172472799953174,LOOCV,ln(kobs) = <nonlinear model; no closed-form linear equation>
azoarene_svr_rbf_c30_eps005_scale,ln(kobs),4,ar2_Ar_HOMO|ar2_homo_hartree|ar2_enthalpy_hartree|ar1_q_a,0.6771612718112353,-0.043857340865264494,2.517176265076686,LOOCV,ln(kobs) = <nonlinear model; no closed-form linear equation>
azoarene_svr_rbf_c30_eps005_scale,ln(kobs),5,ar2_Ar_HOMO|ar2_Ar_polar|rate kobs (s-1)|ar2_gap_hartree|ar1_q_a,0.7828982357136944,-0.044356216605009546,2.0642034071875295,LOOCV,ln(kobs) = <nonlinear model; no closed-form linear equation>
azoarene_svr_rbf_c30_eps005_scale,ln(kobs),5,ar2_Ar_HOMO|ar2_isotropic_polarizability_au|rate kobs (s-1)|ar2_gap_hartree|ar1_q_a,0.7828982357136944,-0.044356216605009546,2.0642034071875295,LOOCV,ln(kobs) = <nonlinear model; no closed-form linear equation>
azoarene_svr_rbf_c30_eps005_scale,ln(kobs),5,ar2_homo_hartree|ar2_Ar_polar|rate kobs (s-1)|ar2_gap_hartree|ar1_q_a,0.7828982357136944,-0.044356216605009546,2.0642034071875295,LOOCV,ln(kobs) = <nonlinear model; no closed-form linear equation>
azoarene_svr_rbf_c30_eps005_scale,ln(kobs),5,ar2_homo_hartree|ar2_isotropic_polarizability_au|rate kobs (s-1)|ar2_gap_hartree|ar1_q_a,0.7828982357136944,-0.044356216605009546,2.0642034071875295,LOOCV,ln(kobs) = <nonlinear model; no closed-form linear equation>
azoarene_svr_rbf_c30_eps005_scale,ln(kobs),3,ar2_gibbs_free_energy_hartree|ar1_bond_length_c_a|ar2_lumo_hartree,0.6742323273089664,-0.04586330563929053,2.528568985789083,LOOCV,ln(kobs) = <nonlinear model; no closed-form linear equation>
azoarene_svr_rbf_c30_eps005_scale,ln(kobs),3,ar2_gibbs_free_energy_hartree|ar1_bond_length_c_a|ar2_Ar_LUMO,0.6742323273089664,-0.04586330563929053,2.528568985789083,LOOCV,ln(kobs) = <nonlinear model; no closed-form linear equation>
azoarene_svr_rbf_c30_eps005_scale,ln(kobs),3,ar2_scf_energy_hartree|ar1_bond_length_c_a|ar2_lumo_hartree,0.6742125751956651,-0.045869447596201374,2.528645641375627,LOOCV,ln(kobs) = <nonlinear model; no closed-form linear equation>
azoarene_svr_rbf_c30_eps005_scale,ln(kobs),3,ar2_scf_energy_hartree|ar1_bond_length_c_a|ar2_Ar_LUMO,0.6742125751956651,-0.045869447596201374,2.528645641375627,LOOCV,ln(kobs) = <nonlinear model; no closed-form linear equation>
azoarene_svr_rbf_c30_eps005_scale,ln(kobs),3,ar2_enthalpy_hartree|ar1_bond_length_c_a|ar2_lumo_hartree,0.6742323797671259,-0.04589156068251543,2.528568782202154,LOOCV,ln(kobs) = <nonlinear model; no closed-form linear equation>
azoarene_svr_rbf_c30_eps005_scale,ln(kobs),3,ar2_enthalpy_hartree|ar1_bond_length_c_a|ar2_Ar_LUMO,0.6742323797671259,-0.04589156068251543,2.528568782202154,LOOCV,ln(kobs) = <nonlinear model; no closed-form linear equation>
azoarene_svr_rbf_c30_eps005_scale,ln(kobs),3,ar2_Ar_polar|rate kobs (s-1)|ar2_gap_hartree,0.6431974779905884,-0.046235068806615987,2.6462737690103433,LOOCV,ln(kobs) = <nonlinear model; no closed-form linear equation>
azoarene_svr_rbf_c30_eps005_scale,ln(kobs),3,ar2_isotropic_polarizability_au|rate kobs (s-1)|ar2_gap_hartree,0.6431974779905884,-0.046235068806615987,2.6462737690103433,LOOCV,ln(kobs) = <nonlinear model; no closed-form linear equation>
azoarene_svr_rbf_c30_eps005_scale,ln(kobs),4,ar2_gap_hartree|ar1_q_a|ar1_nbo_q_a|ar1_Ar_NBO_OH,0.7076116230199045,-0.04920280745503747,2.3955258763913725,LOOCV,ln(kobs) = <nonlinear model; no closed-form linear equation>
azoarene_svr_rbf_c30_eps005_scale,ln(kobs),3,ar2_Ar_polar|rate kobs (s-1)|ar2_lumo_hartree,0.6471385636156478,-0.05141169457336936,2.6316183922921295,LOOCV,ln(kobs) = <nonlinear model; no closed-form linear equation>
azoarene_svr_rbf_c30_eps005_scale,ln(kobs),3,ar2_Ar_polar|rate kobs (s-1)|ar2_Ar_LUMO,0.6471385636156478,-0.05141169457336936,2.6316183922921295,LOOCV,ln(kobs) = <nonlinear model; no closed-form linear equation>
azoarene_svr_rbf_c30_eps005_scale,ln(kobs),3,ar2_isotropic_polarizability_au|rate kobs (s-1)|ar2_lumo_hartree,0.6471385636156478,-0.05141169457336936,2.6316183922921295,LOOCV,ln(kobs) = <nonlinear model; no closed-form linear equation>
azoarene_svr_rbf_c30_eps005_scale,ln(kobs),3,ar2_isotropic_polarizability_au|rate kobs (s-1)|ar2_Ar_LUMO,0.6471385636156478,-0.05141169457336936,2.6316183922921295,LOOCV,ln(kobs) = <nonlinear model; no closed-form linear equation>
azoarene_svr_rbf_c30_eps005_scale,ln(kobs),3,ar2_gibbs_free_energy_hartree|ar2_enthalpy_hartree|ar2_lumo_hartree,0.5193749912559701,-0.051956428690955736,3.071312425024754,LOOCV,ln(kobs) = <nonlinear model; no closed-form linear equation>
azoarene_svr_rbf_c30_eps005_scale,ln(kobs),3,ar2_gibbs_free_energy_hartree|ar2_enthalpy_hartree|ar2_Ar_LUMO,0.5193749912559701,-0.051956428690955736,3.071312425024754,LOOCV,ln(kobs) = <nonlinear model; no closed-form linear equation>
azoarene_svr_rbf_c30_eps005_scale,ln(kobs),3,ar2_scf_energy_hartree|ar2_enthalpy_hartree|ar2_lumo_hartree,0.519326585703757,-0.05202332430411505,3.0714670828434203,LOOCV,ln(kobs) = <nonlinear model; no closed-form linear equation>
azoarene_svr_rbf_c30_eps005_scale,ln(kobs),3,ar2_scf_energy_hartree|ar2_enthalpy_hartree|ar2_Ar_LUMO,0.519326585703757,-0.05202332430411505,3.0714670828434203,LOOCV,ln(kobs) = <nonlinear model; no closed-form linear equation>
azoarene_svr_rbf_c30_eps005_scale,ln(kobs),3,ar2_scf_energy_hartree|ar2_gibbs_free_energy_hartree|ar2_lumo_hartree,0.5193226959772439,-0.05206024243373353,3.0714795103486883,LOOCV,ln(kobs) = <nonlinear model; no closed-form linear equation>
azoarene_svr_rbf_c30_eps005_scale,ln(kobs),3,ar2_scf_energy_hartree|ar2_gibbs_free_energy_hartree|ar2_Ar_LUMO,0.5193226959772439,-0.05206024243373353,3.0714795103486883,LOOCV,ln(kobs) = <nonlinear model; no closed-form linear equation>
azoarene_svr_rbf_c30_eps005_scale,ln(kobs),3,ar2_lumo_hartree|ar1_q_a|ar1_nbo_q_a,0.7420067282142052,-0.055401007958540305,2.2502201236054855,LOOCV,ln(kobs) = <nonlinear model; no closed-form linear equation>
azoarene_svr_rbf_c30_eps005_scale,ln(kobs),3,ar2_lumo_hartree|ar1_q_a|ar1_Ar_NBO_OH,0.7420067282142052,-0.055401007958540305,2.2502201236054855,LOOCV,ln(kobs) = <nonlinear model; no closed-form linear equation>
azoarene_svr_rbf_c30_eps005_scale,ln(kobs),3,ar2_Ar_LUMO|ar1_q_a|ar1_nbo_q_a,0.7420067282142052,-0.055401007958540305,2.2502201236054855,LOOCV,ln(kobs) = <nonlinear model; no closed-form linear equation>
azoarene_svr_rbf_c30_eps005_scale,ln(kobs),3,ar2_Ar_LUMO|ar1_q_a|ar1_Ar_NBO_OH,0.7420067282142052,-0.055401007958540305,2.2502201236054855,LOOCV,ln(kobs) = <nonlinear model; no closed-form linear equation>
azoarene_svr_rbf_c30_eps005_scale,ln(kobs),3,ar2_gibbs_free_energy_hartree|ar1_bond_length_c_a|ar2_gap_hartree,0.6713352645182253,-0.060138320917645816,2.539787423719695,LOOCV,ln(kobs) = <nonlinear model; no closed-form linear equation>
azoarene_svr_rbf_c30_eps005_scale,ln(kobs),3,ar2_enthalpy_hartree|ar1_bond_length_c_a|ar2_gap_hartree,0.6713315381133972,-0.06016178598149069,2.5398018217494656,LOOCV,ln(kobs) = <nonlinear model; no closed-form linear equation>
azoarene_svr_rbf_c30_eps005_scale,ln(kobs),3,ar2_scf_energy_hartree|ar1_bond_length_c_a|ar2_gap_hartree,0.6713162781056066,-0.06020861058373317,2.53986078229819,LOOCV,ln(kobs) = <nonlinear model; no closed-form linear equation>
azoarene_svr_rbf_c30_eps005_scale,ln(kobs),4,rate kobs (s-1)|ar2_lumo_hartree|ar1_q_a|ar1_bond_length_c_e,0.7474665988429035,-0.061652663911172745,2.2262822726117326,LOOCV,ln(kobs) = <nonlinear model; no closed-form linear equation>
azoarene_svr_rbf_c30_eps005_scale,ln(kobs),4,rate kobs (s-1)|ar2_Ar_LUMO|ar1_q_a|ar1_bond_length_c_e,0.7474665988429035,-0.061652663911172745,2.2262822726117326,LOOCV,ln(kobs) = <nonlinear model; no closed-form linear equation>
azoarene_svr_rbf_c30_eps005_scale,ln(kobs),4,ar2_Ar_HOMO|ar2_homo_hartree|ar2_Ar_polar|ar1_q_a,0.6938521182613671,-0.06576615668038088,2.4512434354011057,LOOCV,ln(kobs) = <nonlinear model; no closed-form linear equation>
azoarene_svr_rbf_c30_eps005_scale,ln(kobs),4,ar2_Ar_HOMO|ar2_homo_hartree|ar2_isotropic_polarizability_au|ar1_q_a,0.6938521182613671,-0.06576615668038088,2.4512434354011057,LOOCV,ln(kobs) = <nonlinear model; no closed-form linear equation>
azoarene_svr_rbf_c30_eps005_scale,ln(kobs),3,rate kobs (s-1)|ar1_q_a|ar1_bond_length_c_e,0.5529690424503708,-0.06727888159604256,2.962031099452122,LOOCV,ln(kobs) = <nonlinear model; no closed-form linear equation>
azoarene_svr_rbf_c30_eps005_scale,ln(kobs),3,ar2_Ar_polar|rate kobs (s-1)|ar1_q_a,0.5686299969977269,-0.06834782894825775,2.909683725153404,LOOCV,ln(kobs) = <nonlinear model; no closed-form linear equation>
azoarene_svr_rbf_c30_eps005_scale,ln(kobs),3,ar2_isotropic_polarizability_au|rate kobs (s-1)|ar1_q_a,0.5686299969977269,-0.06834782894825775,2.909683725153404,LOOCV,ln(kobs) = <nonlinear model; no closed-form linear equation>
azoarene_svr_rbf_c30_eps005_scale,ln(kobs),3,ar2_gibbs_free_energy_hartree|ar2_enthalpy_hartree|ar2_gap_hartree,0.5162087843273344,-0.06954018478955226,3.0814122405741364,LOOCV,ln(kobs) = <nonlinear model; no closed-form linear equation>
azoarene_svr_rbf_c30_eps005_scale,ln(kobs),3,ar2_scf_energy_hartree|ar2_enthalpy_hartree|ar2_gap_hartree,0.5161884204645264,-0.06965033673216259,3.0814770916853047,LOOCV,ln(kobs) = <nonlinear model; no closed-form linear equation>
azoarene_svr_rbf_c30_eps005_scale,ln(kobs),3,ar2_scf_energy_hartree|ar2_gibbs_free_energy_hartree|ar2_gap_hartree,0.5161649950710407,-0.06966385121453622,3.081551690912251,LOOCV,ln(kobs) = <nonlinear model; no closed-form linear equation>
azoarene_svr_rbf_c30_eps005_scale,ln(kobs),4,ar2_gibbs_free_energy_hartree|ar2_enthalpy_hartree|ar1_bond_length_c_a|ar2_lumo_hartree,0.6840588479867774,-0.07021373381649365,2.490140850263424,LOOCV,ln(kobs) = <nonlinear model; no closed-form linear equation>
azoarene_svr_rbf_c30_eps005_scale,ln(kobs),4,ar2_gibbs_free_energy_hartree|ar2_enthalpy_hartree|ar1_bond_length_c_a|ar2_Ar_LUMO,0.6840588479867774,-0.07021373381649365,2.490140850263424,LOOCV,ln(kobs) = <nonlinear model; no closed-form linear equation>
azoarene_svr_rbf_c30_eps005_scale,ln(kobs),4,ar2_scf_energy_hartree|ar2_gibbs_free_energy_hartree|ar1_bond_length_c_a|ar2_lumo_hartree,0.684037618955567,-0.07029029034551226,2.490224508864893,LOOCV,ln(kobs) = <nonlinear model; no closed-form linear equation>
azoarene_svr_rbf_c30_eps005_scale,ln(kobs),4,ar2_scf_energy_hartree|ar2_gibbs_free_energy_hartree|ar1_bond_length_c_a|ar2_Ar_LUMO,0.684037618955567,-0.07029029034551226,2.490224508864893,LOOCV,ln(kobs) = <nonlinear model; no closed-form linear equation>
azoarene_svr_rbf_c30_eps005_scale,ln(kobs),4,ar2_scf_energy_hartree|ar2_enthalpy_hartree|ar1_bond_length_c_a|ar2_lumo_hartree,0.6840577963351189,-0.07029209028333017,2.4901449946405636,LOOCV,ln(kobs) = <nonlinear model; no closed-form linear equation>
azoarene_svr_rbf_c30_eps005_scale,ln(kobs),4,ar2_scf_energy_hartree|ar2_enthalpy_hartree|ar1_bond_length_c_a|ar2_Ar_LUMO,0.6840577963351189,-0.07029209028333017,2.4901449946405636,LOOCV,ln(kobs) = <nonlinear model; no closed-form linear equation>
azoarene_svr_rbf_c30_eps005_scale,ln(kobs),5,ar2_Ar_HOMO|ar2_gibbs_free_energy_hartree|rate kobs (s-1)|ar2_lumo_hartree|ar1_q_a,0.7712971379193153,-0.07482132589050128,2.1186372995637988,LOOCV,ln(kobs) = <nonlinear model; no closed-form linear equation>
azoarene_svr_rbf_c30_eps005_scale,ln(kobs),5,ar2_Ar_HOMO|ar2_gibbs_free_energy_hartree|rate kobs (s-1)|ar2_Ar_LUMO|ar1_q_a,0.7712971379193153,-0.07482132589050128,2.1186372995637988,LOOCV,ln(kobs) = <nonlinear model; no closed-form linear equation>
azoarene_svr_rbf_c30_eps005_scale,ln(kobs),5,ar2_homo_hartree|ar2_gibbs_free_energy_hartree|rate kobs (s-1)|ar2_lumo_hartree|ar1_q_a,0.7712971379193153,-0.07482132589050128,2.1186372995637988,LOOCV,ln(kobs) = <nonlinear model; no closed-form linear equation>
azoarene_svr_rbf_c30_eps005_scale,ln(kobs),5,ar2_homo_hartree|ar2_gibbs_free_energy_hartree|rate kobs (s-1)|ar2_Ar_LUMO|ar1_q_a,0.7712971379193153,-0.07482132589050128,2.1186372995637988,LOOCV,ln(kobs) = <nonlinear model; no closed-form linear equation>
azoarene_svr_rbf_c30_eps005_scale,ln(kobs),5,ar2_Ar_HOMO|ar2_enthalpy_hartree|rate kobs (s-1)|ar2_lumo_hartree|ar1_q_a,0.7713007789220903,-0.07483355634510436,2.118620434897308,LOOCV,ln(kobs) = <nonlinear model; no closed-form linear equation>
azoarene_svr_rbf_c30_eps005_scale,ln(kobs),5,ar2_Ar_HOMO|ar2_enthalpy_hartree|rate kobs (s-1)|ar2_Ar_LUMO|ar1_q_a,0.7713007789220903,-0.07483355634510436,2.118620434897308,LOOCV,ln(kobs) = <nonlinear model; no closed-form linear equation>
azoarene_svr_rbf_c30_eps005_scale,ln(kobs),5,ar2_homo_hartree|ar2_enthalpy_hartree|rate kobs (s-1)|ar2_lumo_hartree|ar1_q_a,0.7713007789220903,-0.07483355634510436,2.118620434897308,LOOCV,ln(kobs) = <nonlinear model; no closed-form linear equation>
azoarene_svr_rbf_c30_eps005_scale,ln(kobs),5,ar2_homo_hartree|ar2_enthalpy_hartree|rate kobs (s-1)|ar2_Ar_LUMO|ar1_q_a,0.7713007789220903,-0.07483355634510436,2.118620434897308,LOOCV,ln(kobs) = <nonlinear model; no closed-form linear equation>
azoarene_svr_rbf_c30_eps005_scale,ln(kobs),5,ar2_Ar_HOMO|ar2_scf_energy_hartree|rate kobs (s-1)|ar2_lumo_hartree|ar1_q_a,0.7713141498569276,-0.07485925556106876,2.118558501258645,LOOCV,ln(kobs) = <nonlinear model; no closed-form linear equation>
azoarene_svr_rbf_c30_eps005_scale,ln(kobs),5,ar2_Ar_HOMO|ar2_scf_energy_hartree|rate kobs (s-1)|ar2_Ar_LUMO|ar1_q_a,0.7713141498569276,-0.07485925556106876,2.118558501258645,LOOCV,ln(kobs) = <nonlinear model; no closed-form linear equation>
azoarene_svr_rbf_c30_eps005_scale,ln(kobs),5,ar2_homo_hartree|ar2_scf_energy_hartree|rate kobs (s-1)|ar2_lumo_hartree|ar1_q_a,0.7713141498569276,-0.07485925556106876,2.118558501258645,LOOCV,ln(kobs) = <nonlinear model; no closed-form linear equation>
azoarene_svr_rbf_c30_eps005_scale,ln(kobs),5,ar2_homo_hartree|ar2_scf_energy_hartree|rate kobs (s-1)|ar2_Ar_LUMO|ar1_q_a,0.7713141498569276,-0.07485925556106876,2.118558501258645,LOOCV,ln(kobs) = <nonlinear model; no closed-form linear equation>
azoarene_svr_rbf_c30_eps005_scale,ln(kobs),4,ar1_bond_length_c_a|ar2_lumo_hartree|ar1_q_a|ar1_nbo_q_a,0.7330106672573877,-0.07545763791935345,2.2891158325609173,LOOCV,ln(kobs) = <nonlinear model; no closed-form linear equation>
azoarene_svr_rbf_c30_eps005_scale,ln(kobs),4,ar1_bond_length_c_a|ar2_lumo_hartree|ar1_q_a|ar1_Ar_NBO_OH,0.7330106672573877,-0.07545763791935345,2.2891158325609173,LOOCV,ln(kobs) = <nonlinear model; no closed-form linear equation>
azoarene_svr_rbf_c30_eps005_scale,ln(kobs),4,ar1_bond_length_c_a|ar2_Ar_LUMO|ar1_q_a|ar1_nbo_q_a,0.7330106672573877,-0.07545763791935345,2.2891158325609173,LOOCV,ln(kobs) = <nonlinear model; no closed-form linear equation>
azoarene_svr_rbf_c30_eps005_scale,ln(kobs),4,ar1_bond_length_c_a|ar2_Ar_LUMO|ar1_q_a|ar1_Ar_NBO_OH,0.7330106672573877,-0.07545763791935345,2.2891158325609173,LOOCV,ln(kobs) = <nonlinear model; no closed-form linear equation>
azoarene_svr_rbf_c30_eps005_scale,ln(kobs),5,rate kobs (s-1)|ar2_lumo_hartree|ar1_q_a|ar2_Ar_Ster_B5|ar1_nbo_q_a,0.7754378175456274,-0.07878597889277739,2.0993706648975836,LOOCV,ln(kobs) = <nonlinear model; no closed-form linear equation>
azoarene_svr_rbf_c30_eps005_scale,ln(kobs),5,rate kobs (s-1)|ar2_lumo_hartree|ar1_q_a|ar2_Ar_Ster_B5|ar1_Ar_NBO_OH,0.7754378175456274,-0.07878597889277739,2.0993706648975836,LOOCV,ln(kobs) = <nonlinear model; no closed-form linear equation>
azoarene_svr_rbf_c30_eps005_scale,ln(kobs),5,rate kobs (s-1)|ar2_lumo_hartree|ar1_q_a|ar2_sterimol_B5|ar1_nbo_q_a,0.7754378175456274,-0.07878597889277739,2.0993706648975836,LOOCV,ln(kobs) = <nonlinear model; no closed-form linear equation>
azoarene_svr_rbf_c30_eps005_scale,ln(kobs),5,rate kobs (s-1)|ar2_lumo_hartree|ar1_q_a|ar2_sterimol_B5|ar1_Ar_NBO_OH,0.7754378175456274,-0.07878597889277739,2.0993706648975836,LOOCV,ln(kobs) = <nonlinear model; no closed-form linear equation>
azoarene_svr_rbf_c30_eps005_scale,ln(kobs),5,rate kobs (s-1)|ar2_Ar_LUMO|ar1_q_a|ar2_Ar_Ster_B5|ar1_nbo_q_a,0.7754378175456274,-0.07878597889277739,2.0993706648975836,LOOCV,ln(kobs) = <nonlinear model; no closed-form linear equation>
azoarene_svr_rbf_c30_eps005_scale,ln(kobs),5,rate kobs (s-1)|ar2_Ar_LUMO|ar1_q_a|ar2_Ar_Ster_B5|ar1_Ar_NBO_OH,0.7754378175456274,-0.07878597889277739,2.0993706648975836,LOOCV,ln(kobs) = <nonlinear model; no closed-form linear equation>
azoarene_svr_rbf_c30_eps005_scale,ln(kobs),5,rate kobs (s-1)|ar2_Ar_LUMO|ar1_q_a|ar2_sterimol_B5|ar1_nbo_q_a,0.7754378175456274,-0.07878597889277739,2.0993706648975836,LOOCV,ln(kobs) = <nonlinear model; no closed-form linear equation>
azoarene_svr_rbf_c30_eps005_scale,ln(kobs),5,rate kobs (s-1)|ar2_Ar_LUMO|ar1_q_a|ar2_sterimol_B5|ar1_Ar_NBO_OH,0.7754378175456274,-0.07878597889277739,2.0993706648975836,LOOCV,ln(kobs) = <nonlinear model; no closed-form linear equation>
azoarene_svr_rbf_c30_eps005_scale,ln(kobs),5,ar2_Ar_HOMO|ar2_enthalpy_hartree|rate kobs (s-1)|ar2_gap_hartree|ar1_q_a,0.771020238930186,-0.07898657451080693,2.119919467743522,LOOCV,ln(kobs) = <nonlinear model; no closed-form linear equation>
azoarene_svr_rbf_c30_eps005_scale,ln(kobs),5,ar2_homo_hartree|ar2_enthalpy_hartree|rate kobs (s-1)|ar2_gap_hartree|ar1_q_a,0.771020238930186,-0.07898657451080693,2.119919467743522,LOOCV,ln(kobs) = <nonlinear model; no closed-form linear equation>
azoarene_svr_rbf_c30_eps005_scale,ln(kobs),5,ar2_Ar_HOMO|ar2_scf_energy_hartree|rate kobs (s-1)|ar2_gap_hartree|ar1_q_a,0.7710191972976661,-0.07900573123879218,2.119924289511472,LOOCV,ln(kobs) = <nonlinear model; no closed-form linear equation>
azoarene_svr_rbf_c30_eps005_scale,ln(kobs),5,ar2_homo_hartree|ar2_scf_energy_hartree|rate kobs (s-1)|ar2_gap_hartree|ar1_q_a,0.7710191972976661,-0.07900573123879218,2.119924289511472,LOOCV,ln(kobs) = <nonlinear model; no closed-form linear equation>
azoarene_svr_rbf_c30_eps005_scale,ln(kobs),5,ar2_Ar_HOMO|ar2_gibbs_free_energy_hartree|rate kobs (s-1)|ar2_gap_hartree|ar1_q_a,0.7710220308102766,-0.07902012656331969,2.1199111730171634,LOOCV,ln(kobs) = <nonlinear model; no closed-form linear equation>
azoarene_svr_rbf_c30_eps005_scale,ln(kobs),5,ar2_homo_hartree|ar2_gibbs_free_energy_hartree|rate kobs (s-1)|ar2_gap_hartree|ar1_q_a,0.7710220308102766,-0.07902012656331969,2.1199111730171634,LOOCV,ln(kobs) = <nonlinear model; no closed-form linear equation>
azoarene_svr_rbf_c30_eps005_scale,ln(kobs),4,ar2_gibbs_free_energy_hartree|ar2_enthalpy_hartree|ar1_bond_length_c_a|ar2_gap_hartree,0.6838099732680265,-0.07914334194029227,2.49112143019588,LOOCV,ln(kobs) = <nonlinear model; no closed-form linear equation>
azoarene_svr_rbf_c30_eps005_scale,ln(kobs),4,ar2_scf_energy_hartree|ar2_enthalpy_hartree|ar1_bond_length_c_a|ar2_gap_hartree,0.6838246528768467,-0.07914893536788781,2.4910636024507324,LOOCV,ln(kobs) = <nonlinear model; no closed-form linear equation>
azoarene_svr_rbf_c30_eps005_scale,ln(kobs),4,ar2_scf_energy_hartree|ar2_gibbs_free_energy_hartree|ar1_bond_length_c_a|ar2_gap_hartree,0.6838106763236838,-0.07916681354368293,2.4911186606619924,LOOCV,ln(kobs) = <nonlinear model; no closed-form linear equation>
azoarene_svr_rbf_c30_eps005_scale,ln(kobs),4,ar2_Ar_HOMO|ar2_lumo_hartree|ar2_Ar_LUMO|ar1_q_a,0.7042422989730739,-0.08021160885043788,2.4092887073857705,LOOCV,ln(kobs) = <nonlinear model; no closed-form linear equation>
azoarene_svr_rbf_c30_eps005_scale,ln(kobs),4,ar2_homo_hartree|ar2_lumo_hartree|ar2_Ar_LUMO|ar1_q_a,0.7042422989730739,-0.08021160885043788,2.4092887073857705,LOOCV,ln(kobs) = <nonlinear model; no closed-form linear equation>
azoarene_svr_rbf_c30_eps005_scale,ln(kobs),5,rate kobs (s-1)|ar2_gap_hartree|ar1_q_a|ar2_Ar_Ster_B5|ar1_nbo_q_a,0.7758861015254408,-0.08088865143093127,2.097274175692488,LOOCV,ln(kobs) = <nonlinear model; no closed-form linear equation>
azoarene_svr_rbf_c30_eps005_scale,ln(kobs),5,rate kobs (s-1)|ar2_gap_hartree|ar1_q_a|ar2_Ar_Ster_B5|ar1_Ar_NBO_OH,0.7758861015254408,-0.08088865143093127,2.097274175692488,LOOCV,ln(kobs) = <nonlinear model; no closed-form linear equation>
azoarene_svr_rbf_c30_eps005_scale,ln(kobs),5,rate kobs (s-1)|ar2_gap_hartree|ar1_q_a|ar2_sterimol_B5|ar1_nbo_q_a,0.7758861015254408,-0.08088865143093127,2.097274175692488,LOOCV,ln(kobs) = <nonlinear model; no closed-form linear equation>
azoarene_svr_rbf_c30_eps005_scale,ln(kobs),5,rate kobs (s-1)|ar2_gap_hartree|ar1_q_a|ar2_sterimol_B5|ar1_Ar_NBO_OH,0.7758861015254408,-0.08088865143093127,2.097274175692488,LOOCV,ln(kobs) = <nonlinear model; no closed-form linear equation>
azoarene_svr_rbf_c30_eps005_scale,ln(kobs),4,ar1_bond_length_c_a|ar2_lumo_hartree|ar1_q_a|ar2_Ar_Ster_B5,0.7677899141003581,-0.0817863600304598,2.134820446873591,LOOCV,ln(kobs) = <nonlinear model; no closed-form linear equation>
azoarene_svr_rbf_c30_eps005_scale,ln(kobs),4,ar1_bond_length_c_a|ar2_lumo_hartree|ar1_q_a|ar2_sterimol_B5,0.7677899141003581,-0.0817863600304598,2.134820446873591,LOOCV,ln(kobs) = <nonlinear model; no closed-form linear equation>
azoarene_svr_rbf_c30_eps005_scale,ln(kobs),4,ar1_bond_length_c_a|ar2_Ar_LUMO|ar1_q_a|ar2_Ar_Ster_B5,0.7677899141003581,-0.0817863600304598,2.134820446873591,LOOCV,ln(kobs) = <nonlinear model; no closed-form linear equation>
azoarene_svr_rbf_c30_eps005_scale,ln(kobs),4,ar1_bond_length_c_a|ar2_Ar_LUMO|ar1_q_a|ar2_sterimol_B5,0.7677899141003581,-0.0817863600304598,2.134820446873591,LOOCV,ln(kobs) = <nonlinear model; no closed-form linear equation>
azoarene_svr_rbf_c30_eps005_scale,ln(kobs),4,ar2_Ar_HOMO|ar2_lumo_hartree|ar2_gap_hartree|ar1_q_a,0.7046147646307778,-0.08275178986424447,2.407771147558294,LOOCV,ln(kobs) = <nonlinear model; no closed-form linear equation>
azoarene_svr_rbf_c30_eps005_scale,ln(kobs),4,ar2_Ar_HOMO|ar2_Ar_LUMO|ar2_gap_hartree|ar1_q_a,0.7046147646307778,-0.08275178986424447,2.407771147558294,LOOCV,ln(kobs) = <nonlinear model; no closed-form linear equation>
azoarene_svr_rbf_c30_eps005_scale,ln(kobs),4,ar2_homo_hartree|ar2_lumo_hartree|ar2_gap_hartree|ar1_q_a,0.7046147646307778,-0.08275178986424447,2.407771147558294,LOOCV,ln(kobs) = <nonlinear model; no closed-form linear equation>
azoarene_svr_rbf_c30_eps005_scale,ln(kobs),4,ar2_homo_hartree|ar2_Ar_LUMO|ar2_gap_hartree|ar1_q_a,0.7046147646307778,-0.08275178986424447,2.407771147558294,LOOCV,ln(kobs) = <nonlinear model; no closed-form linear equation>
azoarene_svr_rbf_c30_eps005_scale,ln(kobs),4,ar2_Ar_HOMO|ar2_enthalpy_hartree|ar1_q_a|ar2_Ar_Ster_B5,0.6792462837361347,-0.0834965220867463,2.5090346707139775,LOOCV,ln(kobs) = <nonlinear model; no closed-form linear equation>
azoarene_svr_rbf_c30_eps005_scale,ln(kobs),4,ar2_Ar_HOMO|ar2_enthalpy_hartree|ar1_q_a|ar2_sterimol_B5,0.6792462837361347,-0.0834965220867463,2.5090346707139775,LOOCV,ln(kobs) = <nonlinear model; no closed-form linear equation>
azoarene_svr_rbf_c30_eps005_scale,ln(kobs),4,ar2_homo_hartree|ar2_enthalpy_hartree|ar1_q_a|ar2_Ar_Ster_B5,0.6792462837361347,-0.0834965220867463,2.5090346707139775,LOOCV,ln(kobs) = <nonlinear model; no closed-form linear equation>
azoarene_svr_rbf_c30_eps005_scale,ln(kobs),4,ar2_homo_hartree|ar2_enthalpy_hartree|ar1_q_a|ar2_sterimol_B5,0.6792462837361347,-0.0834965220867463,2.5090346707139775,LOOCV,ln(kobs) = <nonlinear model; no closed-form linear equation>
azoarene_svr_rbf_c30_eps005_scale,ln(kobs),4,ar2_Ar_HOMO|ar2_gibbs_free_energy_hartree|ar1_q_a|ar2_Ar_Ster_B5,0.6792284594709301,-0.08349856887348062,2.5091043832002753,LOOCV,ln(kobs) = <nonlinear model; no closed-form linear equation>
azoarene_svr_rbf_c30_eps005_scale,ln(kobs),4,ar2_Ar_HOMO|ar2_gibbs_free_energy_hartree|ar1_q_a|ar2_sterimol_B5,0.6792284594709301,-0.08349856887348062,2.5091043832002753,LOOCV,ln(kobs) = <nonlinear model; no closed-form linear equation>
azoarene_svr_rbf_c30_eps005_scale,ln(kobs),4,ar2_homo_hartree|ar2_gibbs_free_energy_hartree|ar1_q_a|ar2_Ar_Ster_B5,0.6792284594709301,-0.08349856887348062,2.5091043832002753,LOOCV,ln(kobs) = <nonlinear model; no closed-form linear equation>
azoarene_svr_rbf_c30_eps005_scale,ln(kobs),4,ar2_homo_hartree|ar2_gibbs_free_energy_hartree|ar1_q_a|ar2_sterimol_B5,0.6792284594709301,-0.08349856887348062,2.5091043832002753,LOOCV,ln(kobs) = <nonlinear model; no closed-form linear equation>
azoarene_svr_rbf_c30_eps005_scale,ln(kobs),4,ar2_Ar_HOMO|ar2_scf_energy_hartree|ar1_q_a|ar2_Ar_Ster_B5,0.6792382212399155,-0.08353598057111555,2.5090662041840552,LOOCV,ln(kobs) = <nonlinear model; no closed-form linear equation>
azoarene_svr_rbf_c30_eps005_scale,ln(kobs),4,ar2_Ar_HOMO|ar2_scf_energy_hartree|ar1_q_a|ar2_sterimol_B5,0.6792382212399155,-0.08353598057111555,2.5090662041840552,LOOCV,ln(kobs) = <nonlinear model; no closed-form linear equation>
azoarene_svr_rbf_c30_eps005_scale,ln(kobs),4,ar2_homo_hartree|ar2_scf_energy_hartree|ar1_q_a|ar2_Ar_Ster_B5,0.6792382212399155,-0.08353598057111555,2.5090662041840552,LOOCV,ln(kobs) = <nonlinear model; no closed-form linear equation>
azoarene_svr_rbf_c30_eps005_scale,ln(kobs),4,ar2_homo_hartree|ar2_scf_energy_hartree|ar1_q_a|ar2_sterimol_B5,0.6792382212399155,-0.08353598057111555,2.5090662041840552,LOOCV,ln(kobs) = <nonlinear model; no closed-form linear equation>
azoarene_svr_rbf_c30_eps005_scale,ln(kobs),3,ar2_gap_hartree|ar1_q_a|ar1_nbo_q_a,0.7339596480727795,-0.08605529052020366,2.285044020510247,LOOCV,ln(kobs) = <nonlinear model; no closed-form linear equation>
azoarene_svr_rbf_c30_eps005_scale,ln(kobs),3,ar2_gap_hartree|ar1_q_a|ar1_Ar_NBO_OH,0.7339596480727795,-0.08605529052020366,2.285044020510247,LOOCV,ln(kobs) = <nonlinear model; no closed-form linear equation>
azoarene_svr_rbf_c30_eps005_scale,ln(kobs),4,ar1_bond_length_c_a|ar2_gap_hartree|ar1_q_a|ar2_Ar_Ster_B5,0.7678685833812182,-0.08910692065105441,2.134458793727967,LOOCV,ln(kobs) = <nonlinear model; no closed-form linear equation>
azoarene_svr_rbf_c30_eps005_scale,ln(kobs),4,ar1_bond_length_c_a|ar2_gap_hartree|ar1_q_a|ar2_sterimol_B5,0.7678685833812182,-0.08910692065105441,2.134458793727967,LOOCV,ln(kobs) = <nonlinear model; no closed-form linear equation>
azoarene_svr_rbf_c30_eps005_scale,ln(kobs),3,ar2_scf_energy_hartree|ar1_q_a|ar1_bond_length_c_e,0.6240370403262535,-0.08927052936523183,2.716397637511992,LOOCV,ln(kobs) = <nonlinear model; no closed-form linear equation>
azoarene_svr_rbf_c30_eps005_scale,ln(kobs),3,ar2_gibbs_free_energy_hartree|ar1_q_a|ar1_bond_length_c_e,0.6238288104962986,-0.0894295248998147,2.717149781712647,LOOCV,ln(kobs) = <nonlinear model; no closed-form linear equation>
azoarene_svr_rbf_c30_eps005_scale,ln(kobs),3,ar2_enthalpy_hartree|ar1_q_a|ar1_bond_length_c_e,0.6238140734267859,-0.08943225692350443,2.717203005396637,LOOCV,ln(kobs) = <nonlinear model; no closed-form linear equation>
azoarene_svr_rbf_c30_eps005_scale,ln(kobs),4,ar2_lumo_hartree|ar1_q_a|ar2_Ar_Ster_B5|ar1_nbo_q_a,0.7650820031408501,-0.09324356594035477,2.147231940029,LOOCV,ln(kobs) = <nonlinear model; no closed-form linear equation>
azoarene_svr_rbf_c30_eps005_scale,ln(kobs),4,ar2_lumo_hartree|ar1_q_a|ar2_Ar_Ster_B5|ar1_Ar_NBO_OH,0.7650820031408501,-0.09324356594035477,2.147231940029,LOOCV,ln(kobs) = <nonlinear model; no closed-form linear equation>
azoarene_svr_rbf_c30_eps005_scale,ln(kobs),4,ar2_lumo_hartree|ar1_q_a|ar2_sterimol_B5|ar1_nbo_q_a,0.7650820031408501,-0.09324356594035477,2.147231940029,LOOCV,ln(kobs) = <nonlinear model; no closed-form linear equation>
azoarene_svr_rbf_c30_eps005_scale,ln(kobs),4,ar2_lumo_hartree|ar1_q_a|ar2_sterimol_B5|ar1_Ar_NBO_OH,0.7650820031408501,-0.09324356594035477,2.147231940029,LOOCV,ln(kobs) = <nonlinear model; no closed-form linear equation>
azoarene_svr_rbf_c30_eps005_scale,ln(kobs),4,ar2_Ar_LUMO|ar1_q_a|ar2_Ar_Ster_B5|ar1_nbo_q_a,0.7650820031408501,-0.09324356594035477,2.147231940029,LOOCV,ln(kobs) = <nonlinear model; no closed-form linear equation>
azoarene_svr_rbf_c30_eps005_scale,ln(kobs),4,ar2_Ar_LUMO|ar1_q_a|ar2_Ar_Ster_B5|ar1_Ar_NBO_OH,0.7650820031408501,-0.09324356594035477,2.147231940029,LOOCV,ln(kobs) = <nonlinear model; no closed-form linear equation>
azoarene_svr_rbf_c30_eps005_scale,ln(kobs),4,ar2_Ar_LUMO|ar1_q_a|ar2_sterimol_B5|ar1_nbo_q_a,0.7650820031408501,-0.09324356594035477,2.147231940029,LOOCV,ln(kobs) = <nonlinear model; no closed-form linear equation>
azoarene_svr_rbf_c30_eps005_scale,ln(kobs),4,ar2_Ar_LUMO|ar1_q_a|ar2_sterimol_B5|ar1_Ar_NBO_OH,0.7650820031408501,-0.09324356594035477,2.147231940029,LOOCV,ln(kobs) = <nonlinear model; no closed-form linear equation>
azoarene_svr_rbf_c30_eps005_scale,ln(kobs),5,ar2_Ar_HOMO|ar2_Ar_polar|ar2_lumo_hartree|ar1_q_a|ar1_nbo_q_a,0.7818806112048764,-0.09353756606864883,2.0690355378988983,LOOCV,ln(kobs) = <nonlinear model; no closed-form linear equation>
azoarene_svr_rbf_c30_eps005_scale,ln(kobs),5,ar2_Ar_HOMO|ar2_Ar_polar|ar2_lumo_hartree|ar1_q_a|ar1_Ar_NBO_OH,0.7818806112048764,-0.09353756606864883,2.0690355378988983,LOOCV,ln(kobs) = <nonlinear model; no closed-form linear equation>
azoarene_svr_rbf_c30_eps005_scale,ln(kobs),5,ar2_Ar_HOMO|ar2_Ar_polar|ar2_Ar_LUMO|ar1_q_a|ar1_nbo_q_a,0.7818806112048764,-0.09353756606864883,2.0690355378988983,LOOCV,ln(kobs) = <nonlinear model; no closed-form linear equation>
azoarene_svr_rbf_c30_eps005_scale,ln(kobs),5,ar2_Ar_HOMO|ar2_Ar_polar|ar2_Ar_LUMO|ar1_q_a|ar1_Ar_NBO_OH,0.7818806112048764,-0.09353756606864883,2.0690355378988983,LOOCV,ln(kobs) = <nonlinear model; no closed-form linear equation>
azoarene_svr_rbf_c30_eps005_scale,ln(kobs),5,ar2_Ar_HOMO|ar2_isotropic_polarizability_au|ar2_lumo_hartree|ar1_q_a|ar1_nbo_q_a,0.7818806112048764,-0.09353756606864883,2.0690355378988983,LOOCV,ln(kobs) = <nonlinear model; no closed-form linear equation>
azoarene_svr_rbf_c30_eps005_scale,ln(kobs),5,ar2_Ar_HOMO|ar2_isotropic_polarizability_au|ar2_lumo_hartree|ar1_q_a|ar1_Ar_NBO_OH,0.7818806112048764,-0.09353756606864883,2.0690355378988983,LOOCV,ln(kobs) = <nonlinear model; no closed-form linear equation>
azoarene_svr_rbf_c30_eps005_scale,ln(kobs),5,ar2_Ar_HOMO|ar2_isotropic_polarizability_au|ar2_Ar_LUMO|ar1_q_a|ar1_nbo_q_a,0.7818806112048764,-0.09353756606864883,2.0690355378988983,LOOCV,ln(kobs) = <nonlinear model; no closed-form linear equation>
azoarene_svr_rbf_c30_eps005_scale,ln(kobs),5,ar2_Ar_HOMO|ar2_isotropic_polarizability_au|ar2_Ar_LUMO|ar1_q_a|ar1_Ar_NBO_OH,0.7818806112048764,-0.09353756606864883,2.0690355378988983,LOOCV,ln(kobs) = <nonlinear model; no closed-form linear equation>
azoarene_svr_rbf_c30_eps005_scale,ln(kobs),5,ar2_homo_hartree|ar2_Ar_polar|ar2_lumo_hartree|ar1_q_a|ar1_nbo_q_a,0.7818806112048764,-0.09353756606864883,2.0690355378988983,LOOCV,ln(kobs) = <nonlinear model; no closed-form linear equation>
azoarene_svr_rbf_c30_eps005_scale,ln(kobs),5,ar2_homo_hartree|ar2_Ar_polar|ar2_lumo_hartree|ar1_q_a|ar1_Ar_NBO_OH,0.7818806112048764,-0.09353756606864883,2.0690355378988983,LOOCV,ln(kobs) = <nonlinear model; no closed-form linear equation>
azoarene_svr_rbf_c30_eps005_scale,ln(kobs),5,ar2_homo_hartree|ar2_Ar_polar|ar2_Ar_LUMO|ar1_q_a|ar1_nbo_q_a,0.7818806112048764,-0.09353756606864883,2.0690355378988983,LOOCV,ln(kobs) = <nonlinear model; no closed-form linear equation>
azoarene_svr_rbf_c30_eps005_scale,ln(kobs),5,ar2_homo_hartree|ar2_Ar_polar|ar2_Ar_LUMO|ar1_q_a|ar1_Ar_NBO_OH,0.7818806112048764,-0.09353756606864883,2.0690355378988983,LOOCV,ln(kobs) = <nonlinear model; no closed-form linear equation>
azoarene_svr_rbf_c30_eps005_scale,ln(kobs),5,ar2_homo_hartree|ar2_isotropic_polarizability_au|ar2_lumo_hartree|ar1_q_a|ar1_nbo_q_a,0.7818806112048764,-0.09353756606864883,2.0690355378988983,LOOCV,ln(kobs) = <nonlinear model; no closed-form linear equation>
azoarene_svr_rbf_c30_eps005_scale,ln(kobs),5,ar2_homo_hartree|ar2_isotropic_polarizability_au|ar2_lumo_hartree|ar1_q_a|ar1_Ar_NBO_OH,0.7818806112048764,-0.09353756606864883,2.0690355378988983,LOOCV,ln(kobs) = <nonlinear model; no closed-form linear equation>
azoarene_svr_rbf_c30_eps005_scale,ln(kobs),5,ar2_homo_hartree|ar2_isotropic_polarizability_au|ar2_Ar_LUMO|ar1_q_a|ar1_nbo_q_a,0.7818806112048764,-0.09353756606864883,2.0690355378988983,LOOCV,ln(kobs) = <nonlinear model; no closed-form linear equation>
azoarene_svr_rbf_c30_eps005_scale,ln(kobs),5,ar2_homo_hartree|ar2_isotropic_polarizability_au|ar2_Ar_LUMO|ar1_q_a|ar1_Ar_NBO_OH,0.7818806112048764,-0.09353756606864883,2.0690355378988983,LOOCV,ln(kobs) = <nonlinear model; no closed-form linear equation>
azoarene_svr_rbf_c30_eps005_scale,ln(kobs),5,ar2_Ar_HOMO|ar2_Ar_polar|ar1_bond_length_c_a|ar2_lumo_hartree|ar1_q_a,0.7971737629185341,-0.09448495016872194,1.9951836670482086,LOOCV,ln(kobs) = <nonlinear model; no closed-form linear equation>
azoarene_svr_rbf_c30_eps005_scale,ln(kobs),5,ar2_Ar_HOMO|ar2_Ar_polar|ar1_bond_length_c_a|ar2_Ar_LUMO|ar1_q_a,0.7971737629185341,-0.09448495016872194,1.9951836670482086,LOOCV,ln(kobs) = <nonlinear model; no closed-form linear equation>
azoarene_svr_rbf_c30_eps005_scale,ln(kobs),5,ar2_Ar_HOMO|ar2_isotropic_polarizability_au|ar1_bond_length_c_a|ar2_lumo_hartree|ar1_q_a,0.7971737629185341,-0.09448495016872194,1.9951836670482086,LOOCV,ln(kobs) = <nonlinear model; no closed-form linear equation>
azoarene_svr_rbf_c30_eps005_scale,ln(kobs),5,ar2_Ar_HOMO|ar2_isotropic_polarizability_au|ar1_bond_length_c_a|ar2_Ar_LUMO|ar1_q_a,0.7971737629185341,-0.09448495016872194,1.9951836670482086,LOOCV,ln(kobs) = <nonlinear model; no closed-form linear equation>
azoarene_svr_rbf_c30_eps005_scale,ln(kobs),5,ar2_homo_hartree|ar2_Ar_polar|ar1_bond_length_c_a|ar2_lumo_hartree|ar1_q_a,0.7971737629185341,-0.09448495016872194,1.9951836670482086,LOOCV,ln(kobs) = <nonlinear model; no closed-form linear equation>
azoarene_svr_rbf_c30_eps005_scale,ln(kobs),5,ar2_homo_hartree|ar2_Ar_polar|ar1_bond_length_c_a|ar2_Ar_LUMO|ar1_q_a,0.7971737629185341,-0.09448495016872194,1.9951836670482086,LOOCV,ln(kobs) = <nonlinear model; no closed-form linear equation>
azoarene_svr_rbf_c30_eps005_scale,ln(kobs),5,ar2_homo_hartree|ar2_isotropic_polarizability_au|ar1_bond_length_c_a|ar2_lumo_hartree|ar1_q_a,0.7971737629185341,-0.09448495016872194,1.9951836670482086,LOOCV,ln(kobs) = <nonlinear model; no closed-form linear equation>
azoarene_svr_rbf_c30_eps005_scale,ln(kobs),5,ar2_homo_hartree|ar2_isotropic_polarizability_au|ar1_bond_length_c_a|ar2_Ar_LUMO|ar1_q_a,0.7971737629185341,-0.09448495016872194,1.9951836670482086,LOOCV,ln(kobs) = <nonlinear model; no closed-form linear equation>
azoarene_svr_rbf_c30_eps005_scale,ln(kobs),4,ar2_gap_hartree|ar1_q_a|ar2_Ar_Ster_B5|ar1_nbo_q_a,0.7654376017541086,-0.09507434244678636,2.1456061772534856,LOOCV,ln(kobs) = <nonlinear model; no closed-form linear equation>
azoarene_svr_rbf_c30_eps005_scale,ln(kobs),4,ar2_gap_hartree|ar1_q_a|ar2_Ar_Ster_B5|ar1_Ar_NBO_OH,0.7654376017541086,-0.09507434244678636,2.1456061772534856,LOOCV,ln(kobs) = <nonlinear model; no closed-form linear equation>
azoarene_svr_rbf_c30_eps005_scale,ln(kobs),4,ar2_gap_hartree|ar1_q_a|ar2_sterimol_B5|ar1_nbo_q_a,0.7654376017541086,-0.09507434244678636,2.1456061772534856,LOOCV,ln(kobs) = <nonlinear model; no closed-form linear equation>
azoarene_svr_rbf_c30_eps005_scale,ln(kobs),4,ar2_gap_hartree|ar1_q_a|ar2_sterimol_B5|ar1_Ar_NBO_OH,0.7654376017541086,-0.09507434244678636,2.1456061772534856,LOOCV,ln(kobs) = <nonlinear model; no closed-form linear equation>
azoarene_svr_rbf_c30_eps005_scale,ln(kobs),3,ar2_Ar_polar|ar1_q_a|ar1_nbo_q_a,0.6870672112005415,-0.09682538172167132,2.4782570449402592,LOOCV,ln(kobs) = <nonlinear model; no closed-form linear equation>
azoarene_svr_rbf_c30_eps005_scale,ln(kobs),3,ar2_Ar_polar|ar1_q_a|ar1_Ar_NBO_OH,0.6870672112005415,-0.09682538172167132,2.4782570449402592,LOOCV,ln(kobs) = <nonlinear model; no closed-form linear equation>
azoarene_svr_rbf_c30_eps005_scale,ln(kobs),3,ar2_isotropic_polarizability_au|ar1_q_a|ar1_nbo_q_a,0.6870672112005415,-0.09682538172167132,2.4782570449402592,LOOCV,ln(kobs) = <nonlinear model; no closed-form linear equation>
azoarene_svr_rbf_c30_eps005_scale,ln(kobs),3,ar2_isotropic_polarizability_au|ar1_q_a|ar1_Ar_NBO_OH,0.6870672112005415,-0.09682538172167132,2.4782570449402592,LOOCV,ln(kobs) = <nonlinear model; no closed-form linear equation>
azoarene_svr_rbf_c30_eps005_scale,ln(kobs),4,ar2_Ar_polar|rate kobs (s-1)|ar1_q_a|ar1_nbo_q_a,0.6850995329065603,-0.09804971704634702,2.4860363049306,LOOCV,ln(kobs) = <nonlinear model; no closed-form linear equation>
azoarene_svr_rbf_c30_eps005_scale,ln(kobs),4,ar2_Ar_polar|rate kobs (s-1)|ar1_q_a|ar1_Ar_NBO_OH,0.6850995329065603,-0.09804971704634702,2.4860363049306,LOOCV,ln(kobs) = <nonlinear model; no closed-form linear equation>
azoarene_svr_rbf_c30_eps005_scale,ln(kobs),4,ar2_isotropic_polarizability_au|rate kobs (s-1)|ar1_q_a|ar1_nbo_q_a,0.6850995329065603,-0.09804971704634702,2.4860363049306,LOOCV,ln(kobs) = <nonlinear model; no closed-form linear equation>
azoarene_svr_rbf_c30_eps005_scale,ln(kobs),4,ar2_isotropic_polarizability_au|rate kobs (s-1)|ar1_q_a|ar1_Ar_NBO_OH,0.6850995329065603,-0.09804971704634702,2.4860363049306,LOOCV,ln(kobs) = <nonlinear model; no closed-form linear equation>
azoarene_svr_rbf_c30_eps005_scale,ln(kobs),5,ar2_Ar_HOMO|ar2_Ar_polar|ar2_gap_hartree|ar1_q_a|ar1_nbo_q_a,0.7819182266692744,-0.10042402195125533,2.0688571239377396,LOOCV,ln(kobs) = <nonlinear model; no closed-form linear equation>
azoarene_svr_rbf_c30_eps005_scale,ln(kobs),5,ar2_Ar_HOMO|ar2_Ar_polar|ar2_gap_hartree|ar1_q_a|ar1_Ar_NBO_OH,0.7819182266692744,-0.10042402195125533,2.0688571239377396,LOOCV,ln(kobs) = <nonlinear model; no closed-form linear equation>
azoarene_svr_rbf_c30_eps005_scale,ln(kobs),5,ar2_Ar_HOMO|ar2_isotropic_polarizability_au|ar2_gap_hartree|ar1_q_a|ar1_nbo_q_a,0.7819182266692744,-0.10042402195125533,2.0688571239377396,LOOCV,ln(kobs) = <nonlinear model; no closed-form linear equation>
azoarene_svr_rbf_c30_eps005_scale,ln(kobs),5,ar2_Ar_HOMO|ar2_isotropic_polarizability_au|ar2_gap_hartree|ar1_q_a|ar1_Ar_NBO_OH,0.7819182266692744,-0.10042402195125533,2.0688571239377396,LOOCV,ln(kobs) = <nonlinear model; no closed-form linear equation>
azoarene_svr_rbf_c30_eps005_scale,ln(kobs),5,ar2_homo_hartree|ar2_Ar_polar|ar2_gap_hartree|ar1_q_a|ar1_nbo_q_a,0.7819182266692744,-0.10042402195125533,2.0688571239377396,LOOCV,ln(kobs) = <nonlinear model; no closed-form linear equation>
azoarene_svr_rbf_c30_eps005_scale,ln(kobs),5,ar2_homo_hartree|ar2_Ar_polar|ar2_gap_hartree|ar1_q_a|ar1_Ar_NBO_OH,0.7819182266692744,-0.10042402195125533,2.0688571239377396,LOOCV,ln(kobs) = <nonlinear model; no closed-form linear equation>
azoarene_svr_rbf_c30_eps005_scale,ln(kobs),5,ar2_homo_hartree|ar2_isotropic_polarizability_au|ar2_gap_hartree|ar1_q_a|ar1_nbo_q_a,0.7819182266692744,-0.10042402195125533,2.0688571239377396,LOOCV,ln(kobs) = <nonlinear model; no closed-form linear equation>
azoarene_svr_rbf_c30_eps005_scale,ln(kobs),5,ar2_homo_hartree|ar2_isotropic_polarizability_au|ar2_gap_hartree|ar1_q_a|ar1_Ar_NBO_OH,0.7819182266692744,-0.10042402195125533,2.0688571239377396,LOOCV,ln(kobs) = <nonlinear model; no closed-form linear equation>
azoarene_svr_rbf_c30_eps005_scale,ln(kobs),4,ar2_Ar_polar|ar1_q_a|ar2_Ar_Ster_B5|ar1_nbo_q_a,0.6838611438953962,-0.10057898756876837,2.490919846664702,LOOCV,ln(kobs) = <nonlinear model; no closed-form linear equation>
azoarene_svr_rbf_c30_eps005_scale,ln(kobs),4,ar2_Ar_polar|ar1_q_a|ar2_Ar_Ster_B5|ar1_Ar_NBO_OH,0.6838611438953962,-0.10057898756876837,2.490919846664702,LOOCV,ln(kobs) = <nonlinear model; no closed-form linear equation>
azoarene_svr_rbf_c30_eps005_scale,ln(kobs),4,ar2_Ar_polar|ar1_q_a|ar2_sterimol_B5|ar1_nbo_q_a,0.6838611438953962,-0.10057898756876837,2.490919846664702,LOOCV,ln(kobs) = <nonlinear model; no closed-form linear equation>
azoarene_svr_rbf_c30_eps005_scale,ln(kobs),4,ar2_Ar_polar|ar1_q_a|ar2_sterimol_B5|ar1_Ar_NBO_OH,0.6838611438953962,-0.10057898756876837,2.490919846664702,LOOCV,ln(kobs) = <nonlinear model; no closed-form linear equation>
azoarene_svr_rbf_c30_eps005_scale,ln(kobs),4,ar2_isotropic_polarizability_au|ar1_q_a|ar2_Ar_Ster_B5|ar1_nbo_q_a,0.6838611438953962,-0.10057898756876837,2.490919846664702,LOOCV,ln(kobs) = <nonlinear model; no closed-form linear equation>
azoarene_svr_rbf_c30_eps005_scale,ln(kobs),4,ar2_isotropic_polarizability_au|ar1_q_a|ar2_Ar_Ster_B5|ar1_Ar_NBO_OH,0.6838611438953962,-0.10057898756876837,2.490919846664702,LOOCV,ln(kobs) = <nonlinear model; no closed-form linear equation>
azoarene_svr_rbf_c30_eps005_scale,ln(kobs),4,ar2_isotropic_polarizability_au|ar1_q_a|ar2_sterimol_B5|ar1_nbo_q_a,0.6838611438953962,-0.10057898756876837,2.490919846664702,LOOCV,ln(kobs) = <nonlinear model; no closed-form linear equation>
azoarene_svr_rbf_c30_eps005_scale,ln(kobs),4,ar2_isotropic_polarizability_au|ar1_q_a|ar2_sterimol_B5|ar1_Ar_NBO_OH,0.6838611438953962,-0.10057898756876837,2.490919846664702,LOOCV,ln(kobs) = <nonlinear model; no closed-form linear equation>
azoarene_svr_rbf_c30_eps005_scale,ln(kobs),5,ar2_Ar_HOMO|ar2_Ar_polar|ar1_bond_length_c_a|ar2_gap_hartree|ar1_q_a,0.797287519965241,-0.1011912926821914,1.9946240795958166,LOOCV,ln(kobs) = <nonlinear model; no closed-form linear equation>
azoarene_svr_rbf_c30_eps005_scale,ln(kobs),5,ar2_Ar_HOMO|ar2_isotropic_polarizability_au|ar1_bond_length_c_a|ar2_gap_hartree|ar1_q_a,0.797287519965241,-0.1011912926821914,1.9946240795958166,LOOCV,ln(kobs) = <nonlinear model; no closed-form linear equation>
azoarene_svr_rbf_c30_eps005_scale,ln(kobs),5,ar2_homo_hartree|ar2_Ar_polar|ar1_bond_length_c_a|ar2_gap_hartree|ar1_q_a,0.797287519965241,-0.1011912926821914,1.9946240795958166,LOOCV,ln(kobs) = <nonlinear model; no closed-form linear equation>
azoarene_svr_rbf_c30_eps005_scale,ln(kobs),5,ar2_homo_hartree|ar2_isotropic_polarizability_au|ar1_bond_length_c_a|ar2_gap_hartree|ar1_q_a,0.797287519965241,-0.1011912926821914,1.9946240795958166,LOOCV,ln(kobs) = <nonlinear model; no closed-form linear equation>
azoarene_svr_rbf_c30_eps005_scale,ln(kobs),4,rate kobs (s-1)|ar2_gap_hartree|ar1_q_a|ar1_bond_length_c_e,0.742388210378488,-0.10647475553118646,2.2485558623684683,LOOCV,ln(kobs) = <nonlinear model; no closed-form linear equation>
azoarene_svr_rbf_c30_eps005_scale,ln(kobs),4,ar1_bond_length_c_a|ar2_gap_hartree|ar1_q_a|ar1_nbo_q_a,0.7254506825754246,-0.10794203805356473,2.3212985404549364,LOOCV,ln(kobs) = <nonlinear model; no closed-form linear equation>
azoarene_svr_rbf_c30_eps005_scale,ln(kobs),4,ar1_bond_length_c_a|ar2_gap_hartree|ar1_q_a|ar1_Ar_NBO_OH,0.7254506825754246,-0.10794203805356473,2.3212985404549364,LOOCV,ln(kobs) = <nonlinear model; no closed-form linear equation>
azoarene_svr_rbf_c30_eps005_scale,ln(kobs),4,rate kobs (s-1)|ar2_lumo_hartree|ar1_q_a|ar2_Ar_Ster_B5,0.7205591281039538,-0.11133246267092756,2.3418861491946434,LOOCV,ln(kobs) = <nonlinear model; no closed-form linear equation>
azoarene_svr_rbf_c30_eps005_scale,ln(kobs),4,rate kobs (s-1)|ar2_lumo_hartree|ar1_q_a|ar2_sterimol_B5,0.7205591281039538,-0.11133246267092756,2.3418861491946434,LOOCV,ln(kobs) = <nonlinear model; no closed-form linear equation>
azoarene_svr_rbf_c30_eps005_scale,ln(kobs),4,rate kobs (s-1)|ar2_Ar_LUMO|ar1_q_a|ar2_Ar_Ster_B5,0.7205591281039538,-0.11133246267092756,2.3418861491946434,LOOCV,ln(kobs) = <nonlinear model; no closed-form linear equation>
azoarene_svr_rbf_c30_eps005_scale,ln(kobs),4,rate kobs (s-1)|ar2_Ar_LUMO|ar1_q_a|ar2_sterimol_B5,0.7205591281039538,-0.11133246267092756,2.3418861491946434,LOOCV,ln(kobs) = <nonlinear model; no closed-form linear equation>
azoarene_svr_rbf_c30_eps005_scale,ln(kobs),5,ar2_Ar_HOMO|ar2_scf_energy_hartree|ar2_gap_hartree|ar1_q_a|ar1_nbo_q_a,0.7709666904668702,-0.11364243194596368,2.1201673319943493,LOOCV,ln(kobs) = <nonlinear model; no closed-form linear equation>
azoarene_svr_rbf_c30_eps005_scale,ln(kobs),5,ar2_Ar_HOMO|ar2_scf_energy_hartree|ar2_gap_hartree|ar1_q_a|ar1_Ar_NBO_OH,0.7709666904668702,-0.11364243194596368,2.1201673319943493,LOOCV,ln(kobs) = <nonlinear model; no closed-form linear equation>
azoarene_svr_rbf_c30_eps005_scale,ln(kobs),5,ar2_homo_hartree|ar2_scf_energy_hartree|ar2_gap_hartree|ar1_q_a|ar1_nbo_q_a,0.7709666904668702,-0.11364243194596368,2.1201673319943493,LOOCV,ln(kobs) = <nonlinear model; no closed-form linear equation>
azoarene_svr_rbf_c30_eps005_scale,ln(kobs),5,ar2_homo_hartree|ar2_scf_energy_hartree|ar2_gap_hartree|ar1_q_a|ar1_Ar_NBO_OH,0.7709666904668702,-0.11364243194596368,2.1201673319943493,LOOCV,ln(kobs) = <nonlinear model; no closed-form linear equation>
azoarene_svr_rbf_c30_eps005_scale,ln(kobs),5,ar2_Ar_HOMO|ar2_gibbs_free_energy_hartree|ar2_gap_hartree|ar1_q_a|ar1_nbo_q_a,0.7709842111398316,-0.11366818030313364,2.1200862357796395,LOOCV,ln(kobs) = <nonlinear model; no closed-form linear equation>
azoarene_svr_rbf_c30_eps005_scale,ln(kobs),5,ar2_Ar_HOMO|ar2_gibbs_free_energy_hartree|ar2_gap_hartree|ar1_q_a|ar1_Ar_NBO_OH,0.7709842111398316,-0.11366818030313364,2.1200862357796395,LOOCV,ln(kobs) = <nonlinear model; no closed-form linear equation>
azoarene_svr_rbf_c30_eps005_scale,ln(kobs),5,ar2_homo_hartree|ar2_gibbs_free_energy_hartree|ar2_gap_hartree|ar1_q_a|ar1_nbo_q_a,0.7709842111398316,-0.11366818030313364,2.1200862357796395,LOOCV,ln(kobs) = <nonlinear model; no closed-form linear equation>
azoarene_svr_rbf_c30_eps005_scale,ln(kobs),5,ar2_homo_hartree|ar2_gibbs_free_energy_hartree|ar2_gap_hartree|ar1_q_a|ar1_Ar_NBO_OH,0.7709842111398316,-0.11366818030313364,2.1200862357796395,LOOCV,ln(kobs) = <nonlinear model; no closed-form linear equation>
azoarene_svr_rbf_c30_eps005_scale,ln(kobs),5,ar2_Ar_HOMO|ar2_enthalpy_hartree|ar2_gap_hartree|ar1_q_a|ar1_nbo_q_a,0.7709859384756752,-0.11367209999945471,2.12007824046222,LOOCV,ln(kobs) = <nonlinear model; no closed-form linear equation>
azoarene_svr_rbf_c30_eps005_scale,ln(kobs),5,ar2_Ar_HOMO|ar2_enthalpy_hartree|ar2_gap_hartree|ar1_q_a|ar1_Ar_NBO_OH,0.7709859384756752,-0.11367209999945471,2.12007824046222,LOOCV,ln(kobs) = <nonlinear model; no closed-form linear equation>
azoarene_svr_rbf_c30_eps005_scale,ln(kobs),5,ar2_homo_hartree|ar2_enthalpy_hartree|ar2_gap_hartree|ar1_q_a|ar1_nbo_q_a,0.7709859384756752,-0.11367209999945471,2.12007824046222,LOOCV,ln(kobs) = <nonlinear model; no closed-form linear equation>
azoarene_svr_rbf_c30_eps005_scale,ln(kobs),5,ar2_homo_hartree|ar2_enthalpy_hartree|ar2_gap_hartree|ar1_q_a|ar1_Ar_NBO_OH,0.7709859384756752,-0.11367209999945471,2.12007824046222,LOOCV,ln(kobs) = <nonlinear model; no closed-form linear equation>
azoarene_svr_rbf_c30_eps005_scale,ln(kobs),5,ar2_Ar_HOMO|ar2_scf_energy_hartree|ar2_lumo_hartree|ar1_q_a|ar1_nbo_q_a,0.7710869118118444,-0.11455144115085125,2.119610812888305,LOOCV,ln(kobs) = <nonlinear model; no closed-form linear equation>
azoarene_svr_rbf_c30_eps005_scale,ln(kobs),5,ar2_Ar_HOMO|ar2_scf_energy_hartree|ar2_lumo_hartree|ar1_q_a|ar1_Ar_NBO_OH,0.7710869118118444,-0.11455144115085125,2.119610812888305,LOOCV,ln(kobs) = <nonlinear model; no closed-form linear equation>
azoarene_svr_rbf_c30_eps005_scale,ln(kobs),5,ar2_Ar_HOMO|ar2_scf_energy_hartree|ar2_Ar_LUMO|ar1_q_a|ar1_nbo_q_a,0.7710869118118444,-0.11455144115085125,2.119610812888305,LOOCV,ln(kobs) = <nonlinear model; no closed-form linear equation>
azoarene_svr_rbf_c30_eps005_scale,ln(kobs),5,ar2_Ar_HOMO|ar2_scf_energy_hartree|ar2_Ar_LUMO|ar1_q_a|ar1_Ar_NBO_OH,0.7710869118118444,-0.11455144115085125,2.119610812888305,LOOCV,ln(kobs) = <nonlinear model; no closed-form linear equation>
azoarene_svr_rbf_c30_eps005_scale,ln(kobs),5,ar2_homo_hartree|ar2_scf_energy_hartree|ar2_lumo_hartree|ar1_q_a|ar1_nbo_q_a,0.7710869118118444,-0.11455144115085125,2.119610812888305,LOOCV,ln(kobs) = <nonlinear model; no closed-form linear equation>
azoarene_svr_rbf_c30_eps005_scale,ln(kobs),5,ar2_homo_hartree|ar2_scf_energy_hartree|ar2_lumo_hartree|ar1_q_a|ar1_Ar_NBO_OH,0.7710869118118444,-0.11455144115085125,2.119610812888305,LOOCV,ln(kobs) = <nonlinear model; no closed-form linear equation>
azoarene_svr_rbf_c30_eps005_scale,ln(kobs),5,ar2_homo_hartree|ar2_scf_energy_hartree|ar2_Ar_LUMO|ar1_q_a|ar1_nbo_q_a,0.7710869118118444,-0.11455144115085125,2.119610812888305,LOOCV,ln(kobs) = <nonlinear model; no closed-form linear equation>
azoarene_svr_rbf_c30_eps005_scale,ln(kobs),5,ar2_homo_hartree|ar2_scf_energy_hartree|ar2_Ar_LUMO|ar1_q_a|ar1_Ar_NBO_OH,0.7710869118118444,-0.11455144115085125,2.119610812888305,LOOCV,ln(kobs) = <nonlinear model; no closed-form linear equation>
azoarene_svr_rbf_c30_eps005_scale,ln(kobs),5,ar2_Ar_HOMO|ar2_gibbs_free_energy_hartree|ar2_lumo_hartree|ar1_q_a|ar1_nbo_q_a,0.7710799635051593,-0.11457322312983664,2.119642981416413,LOOCV,ln(kobs) = <nonlinear model; no closed-form linear equation>
azoarene_svr_rbf_c30_eps005_scale,ln(kobs),5,ar2_Ar_HOMO|ar2_gibbs_free_energy_hartree|ar2_lumo_hartree|ar1_q_a|ar1_Ar_NBO_OH,0.7710799635051593,-0.11457322312983664,2.119642981416413,LOOCV,ln(kobs) = <nonlinear model; no closed-form linear equation>
azoarene_svr_rbf_c30_eps005_scale,ln(kobs),5,ar2_Ar_HOMO|ar2_gibbs_free_energy_hartree|ar2_Ar_LUMO|ar1_q_a|ar1_nbo_q_a,0.7710799635051593,-0.11457322312983664,2.119642981416413,LOOCV,ln(kobs) = <nonlinear model; no closed-form linear equation>
azoarene_svr_rbf_c30_eps005_scale,ln(kobs),5,ar2_Ar_HOMO|ar2_gibbs_free_energy_hartree|ar2_Ar_LUMO|ar1_q_a|ar1_Ar_NBO_OH,0.7710799635051593,-0.11457322312983664,2.119642981416413,LOOCV,ln(kobs) = <nonlinear model; no closed-form linear equation>
azoarene_svr_rbf_c30_eps005_scale,ln(kobs),5,ar2_homo_hartree|ar2_gibbs_free_energy_hartree|ar2_lumo_hartree|ar1_q_a|ar1_nbo_q_a,0.7710799635051593,-0.11457322312983664,2.119642981416413,LOOCV,ln(kobs) = <nonlinear model; no closed-form linear equation>
azoarene_svr_rbf_c30_eps005_scale,ln(kobs),5,ar2_homo_hartree|ar2_gibbs_free_energy_hartree|ar2_lumo_hartree|ar1_q_a|ar1_Ar_NBO_OH,0.7710799635051593,-0.11457322312983664,2.119642981416413,LOOCV,ln(kobs) = <nonlinear model; no closed-form linear equation>
azoarene_svr_rbf_c30_eps005_scale,ln(kobs),5,ar2_homo_hartree|ar2_gibbs_free_energy_hartree|ar2_Ar_LUMO|ar1_q_a|ar1_nbo_q_a,0.7710799635051593,-0.11457322312983664,2.119642981416413,LOOCV,ln(kobs) = <nonlinear model; no closed-form linear equation>
azoarene_svr_rbf_c30_eps005_scale,ln(kobs),5,ar2_homo_hartree|ar2_gibbs_free_energy_hartree|ar2_Ar_LUMO|ar1_q_a|ar1_Ar_NBO_OH,0.7710799635051593,-0.11457322312983664,2.119642981416413,LOOCV,ln(kobs) = <nonlinear model; no closed-form linear equation>
azoarene_svr_rbf_c30_eps005_scale,ln(kobs),5,ar2_Ar_HOMO|ar2_enthalpy_hartree|ar2_lumo_hartree|ar1_q_a|ar1_nbo_q_a,0.7710852053541312,-0.11457511244781582,2.119618713309177,LOOCV,ln(kobs) = <nonlinear model; no closed-form linear equation>
azoarene_svr_rbf_c30_eps005_scale,ln(kobs),5,ar2_Ar_HOMO|ar2_enthalpy_hartree|ar2_lumo_hartree|ar1_q_a|ar1_Ar_NBO_OH,0.7710852053541312,-0.11457511244781582,2.119618713309177,LOOCV,ln(kobs) = <nonlinear model; no closed-form linear equation>
azoarene_svr_rbf_c30_eps005_scale,ln(kobs),5,ar2_Ar_HOMO|ar2_enthalpy_hartree|ar2_Ar_LUMO|ar1_q_a|ar1_nbo_q_a,0.7710852053541312,-0.11457511244781582,2.119618713309177,LOOCV,ln(kobs) = <nonlinear model; no closed-form linear equation>
azoarene_svr_rbf_c30_eps005_scale,ln(kobs),5,ar2_Ar_HOMO|ar2_enthalpy_hartree|ar2_Ar_LUMO|ar1_q_a|ar1_Ar_NBO_OH,0.7710852053541312,-0.11457511244781582,2.119618713309177,LOOCV,ln(kobs) = <nonlinear model; no closed-form linear equation>
azoarene_svr_rbf_c30_eps005_scale,ln(kobs),5,ar2_homo_hartree|ar2_enthalpy_hartree|ar2_lumo_hartree|ar1_q_a|ar1_nbo_q_a,0.7710852053541312,-0.11457511244781582,2.119618713309177,LOOCV,ln(kobs) = <nonlinear model; no closed-form linear equation>
azoarene_svr_rbf_c30_eps005_scale,ln(kobs),5,ar2_homo_hartree|ar2_enthalpy_hartree|ar2_lumo_hartree|ar1_q_a|ar1_Ar_NBO_OH,0.7710852053541312,-0.11457511244781582,2.119618713309177,LOOCV,ln(kobs) = <nonlinear model; no closed-form linear equation>
azoarene_svr_rbf_c30_eps005_scale,ln(kobs),5,ar2_homo_hartree|ar2_enthalpy_hartree|ar2_Ar_LUMO|ar1_q_a|ar1_nbo_q_a,0.7710852053541312,-0.11457511244781582,2.119618713309177,LOOCV,ln(kobs) = <nonlinear model; no closed-form linear equation>
azoarene_svr_rbf_c30_eps005_scale,ln(kobs),5,ar2_homo_hartree|ar2_enthalpy_hartree|ar2_Ar_LUMO|ar1_q_a|ar1_Ar_NBO_OH,0.7710852053541312,-0.11457511244781582,2.119618713309177,LOOCV,ln(kobs) = <nonlinear model; no closed-form linear equation>
azoarene_svr_rbf_c30_eps005_scale,ln(kobs),3,ar2_enthalpy_hartree|rate kobs (s-1)|ar1_q_a,0.5633979282927029,-0.1171605888043572,2.927276257200003,LOOCV,ln(kobs) = <nonlinear model; no closed-form linear equation>
azoarene_svr_rbf_c30_eps005_scale,ln(kobs),3,ar2_gibbs_free_energy_hartree|rate kobs (s-1)|ar1_q_a,0.5634134301540108,-0.11716244938240616,2.9272242892453213,LOOCV,ln(kobs) = <nonlinear model; no closed-form linear equation>
azoarene_svr_rbf_c30_eps005_scale,ln(kobs),3,ar2_Ar_polar|ar2_lumo_hartree|ar2_Ar_LUMO,0.5146574959253993,-0.11730872759028999,3.0863485985759085,LOOCV,ln(kobs) = <nonlinear model; no closed-form linear equation>
azoarene_svr_rbf_c30_eps005_scale,ln(kobs),3,ar2_isotropic_polarizability_au|ar2_lumo_hartree|ar2_Ar_LUMO,0.5146574959253993,-0.11730872759028999,3.0863485985759085,LOOCV,ln(kobs) = <nonlinear model; no closed-form linear equation>
azoarene_svr_rbf_c30_eps005_scale,ln(kobs),3,ar2_scf_energy_hartree|rate kobs (s-1)|ar1_q_a,0.5634918219363514,-0.11742365770779095,2.9269614769569703,LOOCV,ln(kobs) = <nonlinear model; no closed-form linear equation>
azoarene_svr_rbf_c30_eps005_scale,ln(kobs),5,ar2_Ar_HOMO|ar2_enthalpy_hartree|ar2_lumo_hartree|ar1_q_a|ar1_bond_length_c_e,0.8024020492249269,-0.11812902650137924,1.9693006867281877,LOOCV,ln(kobs) = <nonlinear model; no closed-form linear equation>
azoarene_svr_rbf_c30_eps005_scale,ln(kobs),5,ar2_Ar_HOMO|ar2_enthalpy_hartree|ar2_Ar_LUMO|ar1_q_a|ar1_bond_length_c_e,0.8024020492249269,-0.11812902650137924,1.9693006867281877,LOOCV,ln(kobs) = <nonlinear model; no closed-form linear equation>
azoarene_svr_rbf_c30_eps005_scale,ln(kobs),5,ar2_homo_hartree|ar2_enthalpy_hartree|ar2_lumo_hartree|ar1_q_a|ar1_bond_length_c_e,0.8024020492249269,-0.11812902650137924,1.9693006867281877,LOOCV,ln(kobs) = <nonlinear model; no closed-form linear equation>
azoarene_svr_rbf_c30_eps005_scale,ln(kobs),5,ar2_homo_hartree|ar2_enthalpy_hartree|ar2_Ar_LUMO|ar1_q_a|ar1_bond_length_c_e,0.8024020492249269,-0.11812902650137924,1.9693006867281877,LOOCV,ln(kobs) = <nonlinear model; no closed-form linear equation>
azoarene_svr_rbf_c30_eps005_scale,ln(kobs),5,ar2_Ar_HOMO|ar2_gibbs_free_energy_hartree|ar2_lumo_hartree|ar1_q_a|ar1_bond_length_c_e,0.8023963926450273,-0.11815210284818556,1.9693288738296133,LOOCV,ln(kobs) = <nonlinear model; no closed-form linear equation>
azoarene_svr_rbf_c30_eps005_scale,ln(kobs),5,ar2_Ar_HOMO|ar2_gibbs_free_energy_hartree|ar2_Ar_LUMO|ar1_q_a|ar1_bond_length_c_e,0.8023963926450273,-0.11815210284818556,1.9693288738296133,LOOCV,ln(kobs) = <nonlinear model; no closed-form linear equation>
azoarene_svr_rbf_c30_eps005_scale,ln(kobs),5,ar2_homo_hartree|ar2_gibbs_free_energy_hartree|ar2_lumo_hartree|ar1_q_a|ar1_bond_length_c_e,0.8023963926450273,-0.11815210284818556,1.9693288738296133,LOOCV,ln(kobs) = <nonlinear model; no closed-form linear equation>
azoarene_svr_rbf_c30_eps005_scale,ln(kobs),5,ar2_homo_hartree|ar2_gibbs_free_energy_hartree|ar2_Ar_LUMO|ar1_q_a|ar1_bond_length_c_e,0.8023963926450273,-0.11815210284818556,1.9693288738296133,LOOCV,ln(kobs) = <nonlinear model; no closed-form linear equation>
azoarene_svr_rbf_c30_eps005_scale,ln(kobs),5,ar2_Ar_HOMO|ar2_scf_energy_hartree|ar2_lumo_hartree|ar1_q_a|ar1_bond_length_c_e,0.8024012343375208,-0.11820452604453102,1.9693047473894134,LOOCV,ln(kobs) = <nonlinear model; no closed-form linear equation>
azoarene_svr_rbf_c30_eps005_scale,ln(kobs),5,ar2_Ar_HOMO|ar2_scf_energy_hartree|ar2_Ar_LUMO|ar1_q_a|ar1_bond_length_c_e,0.8024012343375208,-0.11820452604453102,1.9693047473894134,LOOCV,ln(kobs) = <nonlinear model; no closed-form linear equation>
azoarene_svr_rbf_c30_eps005_scale,ln(kobs),5,ar2_homo_hartree|ar2_scf_energy_hartree|ar2_lumo_hartree|ar1_q_a|ar1_bond_length_c_e,0.8024012343375208,-0.11820452604453102,1.9693047473894134,LOOCV,ln(kobs) = <nonlinear model; no closed-form linear equation>
azoarene_svr_rbf_c30_eps005_scale,ln(kobs),5,ar2_homo_hartree|ar2_scf_energy_hartree|ar2_Ar_LUMO|ar1_q_a|ar1_bond_length_c_e,0.8024012343375208,-0.11820452604453102,1.9693047473894134,LOOCV,ln(kobs) = <nonlinear model; no closed-form linear equation>
azoarene_svr_rbf_c30_eps005_scale,ln(kobs),5,ar2_Ar_HOMO|ar2_gibbs_free_energy_hartree|ar2_gap_hartree|ar1_q_a|ar1_bond_length_c_e,0.8021769844114086,-0.12099923808881763,1.9704218880223023,LOOCV,ln(kobs) = <nonlinear model; no closed-form linear equation>
azoarene_svr_rbf_c30_eps005_scale,ln(kobs),5,ar2_homo_hartree|ar2_gibbs_free_energy_hartree|ar2_gap_hartree|ar1_q_a|ar1_bond_length_c_e,0.8021769844114086,-0.12099923808881763,1.9704218880223023,LOOCV,ln(kobs) = <nonlinear model; no closed-form linear equation>
azoarene_svr_rbf_c30_eps005_scale,ln(kobs),5,ar2_Ar_HOMO|ar2_scf_energy_hartree|ar2_gap_hartree|ar1_q_a|ar1_bond_length_c_e,0.8021816637047845,-0.12100359339862066,1.970398583765755,LOOCV,ln(kobs) = <nonlinear model; no closed-form linear equation>
azoarene_svr_rbf_c30_eps005_scale,ln(kobs),5,ar2_homo_hartree|ar2_scf_energy_hartree|ar2_gap_hartree|ar1_q_a|ar1_bond_length_c_e,0.8021816637047845,-0.12100359339862066,1.970398583765755,LOOCV,ln(kobs) = <nonlinear model; no closed-form linear equation>
azoarene_svr_rbf_c30_eps005_scale,ln(kobs),5,ar2_Ar_HOMO|ar2_enthalpy_hartree|ar2_gap_hartree|ar1_q_a|ar1_bond_length_c_e,0.8021833760667805,-0.12101252836578835,1.9703900556307585,LOOCV,ln(kobs) = <nonlinear model; no closed-form linear equation>
azoarene_svr_rbf_c30_eps005_scale,ln(kobs),5,ar2_homo_hartree|ar2_enthalpy_hartree|ar2_gap_hartree|ar1_q_a|ar1_bond_length_c_e,0.8021833760667805,-0.12101252836578835,1.9703900556307585,LOOCV,ln(kobs) = <nonlinear model; no closed-form linear equation>
azoarene_svr_rbf_c30_eps005_scale,ln(kobs),3,ar2_Ar_polar|ar1_bond_length_c_a|ar2_lumo_hartree,0.6487016482444555,-0.1217529917586293,2.6257832296455836,LOOCV,ln(kobs) = <nonlinear model; no closed-form linear equation>
azoarene_svr_rbf_c30_eps005_scale,ln(kobs),3,ar2_Ar_polar|ar1_bond_length_c_a|ar2_Ar_LUMO,0.6487016482444555,-0.1217529917586293,2.6257832296455836,LOOCV,ln(kobs) = <nonlinear model; no closed-form linear equation>
azoarene_svr_rbf_c30_eps005_scale,ln(kobs),3,ar2_isotropic_polarizability_au|ar1_bond_length_c_a|ar2_lumo_hartree,0.6487016482444555,-0.1217529917586293,2.6257832296455836,LOOCV,ln(kobs) = <nonlinear model; no closed-form linear equation>
azoarene_svr_rbf_c30_eps005_scale,ln(kobs),3,ar2_isotropic_polarizability_au|ar1_bond_length_c_a|ar2_Ar_LUMO,0.6487016482444555,-0.1217529917586293,2.6257832296455836,LOOCV,ln(kobs) = <nonlinear model; no closed-form linear equation>
azoarene_svr_rbf_c30_eps005_scale,ln(kobs),4,ar2_Ar_HOMO|ar2_Ar_polar|ar2_isotropic_polarizability_au|ar1_q_a,0.6835584657053002,-0.12542307164021227,2.49211199170053,LOOCV,ln(kobs) = <nonlinear model; no closed-form linear equation>
azoarene_svr_rbf_c30_eps005_scale,ln(kobs),4,ar2_homo_hartree|ar2_Ar_polar|ar2_isotropic_polarizability_au|ar1_q_a,0.6835584657053002,-0.12542307164021227,2.49211199170053,LOOCV,ln(kobs) = <nonlinear model; no closed-form linear equation>
azoarene_svr_rbf_c30_eps005_scale,ln(kobs),3,ar2_Ar_polar|ar2_lumo_hartree|ar2_gap_hartree,0.5113231627693946,-0.12547438700594005,3.096932155574943,LOOCV,ln(kobs) = <nonlinear model; no closed-form linear equation>
azoarene_svr_rbf_c30_eps005_scale,ln(kobs),3,ar2_Ar_polar|ar2_Ar_LUMO|ar2_gap_hartree,0.5113231627693946,-0.12547438700594005,3.096932155574943,LOOCV,ln(kobs) = <nonlinear model; no closed-form linear equation>
azoarene_svr_rbf_c30_eps005_scale,ln(kobs),3,ar2_isotropic_polarizability_au|ar2_lumo_hartree|ar2_gap_hartree,0.5113231627693946,-0.12547438700594005,3.096932155574943,LOOCV,ln(kobs) = <nonlinear model; no closed-form linear equation>
azoarene_svr_rbf_c30_eps005_scale,ln(kobs),3,ar2_isotropic_polarizability_au|ar2_Ar_LUMO|ar2_gap_hartree,0.5113231627693946,-0.12547438700594005,3.096932155574943,LOOCV,ln(kobs) = <nonlinear model; no closed-form linear equation>
azoarene_svr_rbf_c30_eps005_scale,ln(kobs),3,ar2_Ar_polar|ar1_bond_length_c_a|ar2_gap_hartree,0.644477018376689,-0.12833076302311364,2.6415245659097812,LOOCV,ln(kobs) = <nonlinear model; no closed-form linear equation>
azoarene_svr_rbf_c30_eps005_scale,ln(kobs),3,ar2_isotropic_polarizability_au|ar1_bond_length_c_a|ar2_gap_hartree,0.644477018376689,-0.12833076302311364,2.6415245659097812,LOOCV,ln(kobs) = <nonlinear model; no closed-form linear equation>
azoarene_svr_rbf_c30_eps005_scale,ln(kobs),3,ar2_Ar_polar|ar2_lumo_hartree|ar1_bond_length_c_e,0.65764763580398,-0.13203779496041812,2.592134186656622,LOOCV,ln(kobs) = <nonlinear model; no closed-form linear equation>
azoarene_svr_rbf_c30_eps005_scale,ln(kobs),3,ar2_Ar_polar|ar2_Ar_LUMO|ar1_bond_length_c_e,0.65764763580398,-0.13203779496041812,2.592134186656622,LOOCV,ln(kobs) = <nonlinear model; no closed-form linear equation>
azoarene_svr_rbf_c30_eps005_scale,ln(kobs),3,ar2_isotropic_polarizability_au|ar2_lumo_hartree|ar1_bond_length_c_e,0.65764763580398,-0.13203779496041812,2.592134186656622,LOOCV,ln(kobs) = <nonlinear model; no closed-form linear equation>
azoarene_svr_rbf_c30_eps005_scale,ln(kobs),3,ar2_isotropic_polarizability_au|ar2_Ar_LUMO|ar1_bond_length_c_e,0.65764763580398,-0.13203779496041812,2.592134186656622,LOOCV,ln(kobs) = <nonlinear model; no closed-form linear equation>
azoarene_svr_rbf_c30_eps005_scale,ln(kobs),4,rate kobs (s-1)|ar2_lumo_hartree|ar2_gap_hartree|ar1_q_a,0.68818911474374,-0.1321517256425213,2.4738106239729696,LOOCV,ln(kobs) = <nonlinear model; no closed-form linear equation>
azoarene_svr_rbf_c30_eps005_scale,ln(kobs),4,rate kobs (s-1)|ar2_Ar_LUMO|ar2_gap_hartree|ar1_q_a,0.68818911474374,-0.1321517256425213,2.4738106239729696,LOOCV,ln(kobs) = <nonlinear model; no closed-form linear equation>
azoarene_svr_rbf_c30_eps005_scale,ln(kobs),4,rate kobs (s-1)|ar2_gap_hartree|ar1_q_a|ar2_Ar_Ster_B5,0.7195437163192481,-0.1321625597159577,2.34613717815624,LOOCV,ln(kobs) = <nonlinear model; no closed-form linear equation>
azoarene_svr_rbf_c30_eps005_scale,ln(kobs),4,rate kobs (s-1)|ar2_gap_hartree|ar1_q_a|ar2_sterimol_B5,0.7195437163192481,-0.1321625597159577,2.34613717815624,LOOCV,ln(kobs) = <nonlinear model; no closed-form linear equation>
azoarene_svr_rbf_c30_eps005_scale,ln(kobs),4,rate kobs (s-1)|ar2_lumo_hartree|ar2_Ar_LUMO|ar1_q_a,0.690357988820198,-0.13575233917481766,2.465192024327102,LOOCV,ln(kobs) = <nonlinear model; no closed-form linear equation>
azoarene_svr_rbf_c30_eps005_scale,ln(kobs),3,ar2_Ar_polar|ar2_gap_hartree|ar1_bond_length_c_e,0.6558369892619768,-0.13638505401762258,2.598979837421114,LOOCV,ln(kobs) = <nonlinear model; no closed-form linear equation>
azoarene_svr_rbf_c30_eps005_scale,ln(kobs),3,ar2_isotropic_polarizability_au|ar2_gap_hartree|ar1_bond_length_c_e,0.6558369892619768,-0.13638505401762258,2.598979837421114,LOOCV,ln(kobs) = <nonlinear model; no closed-form linear equation>
azoarene_svr_rbf_c30_eps005_scale,ln(kobs),4,rate kobs (s-1)|ar2_lumo_hartree|ar1_q_a|ar1_nbo_q_a,0.7199326517377018,-0.13657185022152718,2.344509807904596,LOOCV,ln(kobs) = <nonlinear model; no closed-form linear equation>
azoarene_svr_rbf_c30_eps005_scale,ln(kobs),4,rate kobs (s-1)|ar2_lumo_hartree|ar1_q_a|ar1_Ar_NBO_OH,0.7199326517377018,-0.13657185022152718,2.344509807904596,LOOCV,ln(kobs) = <nonlinear model; no closed-form linear equation>
azoarene_svr_rbf_c30_eps005_scale,ln(kobs),4,rate kobs (s-1)|ar2_Ar_LUMO|ar1_q_a|ar1_nbo_q_a,0.7199326517377018,-0.13657185022152718,2.344509807904596,LOOCV,ln(kobs) = <nonlinear model; no closed-form linear equation>
azoarene_svr_rbf_c30_eps005_scale,ln(kobs),4,rate kobs (s-1)|ar2_Ar_LUMO|ar1_q_a|ar1_Ar_NBO_OH,0.7199326517377018,-0.13657185022152718,2.344509807904596,LOOCV,ln(kobs) = <nonlinear model; no closed-form linear equation>
azoarene_svr_rbf_c30_eps005_scale,ln(kobs),3,ar1_bond_length_c_a|ar1_bond_length_c_e|ar1_nbo_q_a,0.3744754113636036,-0.14039245444224857,3.5038298418555653,LOOCV,ln(kobs) = <nonlinear model; no closed-form linear equation>
azoarene_svr_rbf_c30_eps005_scale,ln(kobs),3,ar1_bond_length_c_a|ar1_bond_length_c_e|ar1_Ar_NBO_OH,0.3744754113636036,-0.14039245444224857,3.5038298418555653,LOOCV,ln(kobs) = <nonlinear model; no closed-form linear equation>
azoarene_svr_rbf_c30_eps005_scale,ln(kobs),4,ar2_lumo_hartree|ar2_Ar_LUMO|ar1_q_a|ar1_nbo_q_a,0.7282959424884704,-0.14484579355409144,2.309238960875823,LOOCV,ln(kobs) = <nonlinear model; no closed-form linear equation>
azoarene_svr_rbf_c30_eps005_scale,ln(kobs),4,ar2_lumo_hartree|ar2_Ar_LUMO|ar1_q_a|ar1_Ar_NBO_OH,0.7282959424884704,-0.14484579355409144,2.309238960875823,LOOCV,ln(kobs) = <nonlinear model; no closed-form linear equation>
azoarene_svr_rbf_c30_eps005_scale,ln(kobs),4,ar2_lumo_hartree|ar2_gap_hartree|ar1_q_a|ar1_nbo_q_a,0.7217091736719852,-0.14868654334035458,2.337062136612866,LOOCV,ln(kobs) = <nonlinear model; no closed-form linear equation>
azoarene_svr_rbf_c30_eps005_scale,ln(kobs),4,ar2_lumo_hartree|ar2_gap_hartree|ar1_q_a|ar1_Ar_NBO_OH,0.7217091736719852,-0.14868654334035458,2.337062136612866,LOOCV,ln(kobs) = <nonlinear model; no closed-form linear equation>
azoarene_svr_rbf_c30_eps005_scale,ln(kobs),4,ar2_Ar_LUMO|ar2_gap_hartree|ar1_q_a|ar1_nbo_q_a,0.7217091736719852,-0.14868654334035458,2.337062136612866,LOOCV,ln(kobs) = <nonlinear model; no closed-form linear equation>
azoarene_svr_rbf_c30_eps005_scale,ln(kobs),4,ar2_Ar_LUMO|ar2_gap_hartree|ar1_q_a|ar1_Ar_NBO_OH,0.7217091736719852,-0.14868654334035458,2.337062136612866,LOOCV,ln(kobs) = <nonlinear model; no closed-form linear equation>
azoarene_svr_rbf_c30_eps005_scale,ln(kobs),4,ar2_Ar_HOMO|ar2_gibbs_free_energy_hartree|ar2_lumo_hartree|ar1_q_a,0.705724638015562,-0.15152651345887347,2.4032434397569777,LOOCV,ln(kobs) = <nonlinear model; no closed-form linear equation>
azoarene_svr_rbf_c30_eps005_scale,ln(kobs),4,ar2_Ar_HOMO|ar2_gibbs_free_energy_hartree|ar2_Ar_LUMO|ar1_q_a,0.705724638015562,-0.15152651345887347,2.4032434397569777,LOOCV,ln(kobs) = <nonlinear model; no closed-form linear equation>
azoarene_svr_rbf_c30_eps005_scale,ln(kobs),4,ar2_homo_hartree|ar2_gibbs_free_energy_hartree|ar2_lumo_hartree|ar1_q_a,0.705724638015562,-0.15152651345887347,2.4032434397569777,LOOCV,ln(kobs) = <nonlinear model; no closed-form linear equation>
azoarene_svr_rbf_c30_eps005_scale,ln(kobs),4,ar2_homo_hartree|ar2_gibbs_free_energy_hartree|ar2_Ar_LUMO|ar1_q_a,0.705724638015562,-0.15152651345887347,2.4032434397569777,LOOCV,ln(kobs) = <nonlinear model; no closed-form linear equation>
azoarene_svr_rbf_c30_eps005_scale,ln(kobs),4,ar2_Ar_HOMO|ar2_enthalpy_hartree|ar2_lumo_hartree|ar1_q_a,0.7057444211091306,-0.15158736015898167,2.403162657613699,LOOCV,ln(kobs) = <nonlinear model; no closed-form linear equation>
azoarene_svr_rbf_c30_eps005_scale,ln(kobs),4,ar2_Ar_HOMO|ar2_enthalpy_hartree|ar2_Ar_LUMO|ar1_q_a,0.7057444211091306,-0.15158736015898167,2.403162657613699,LOOCV,ln(kobs) = <nonlinear model; no closed-form linear equation>
azoarene_svr_rbf_c30_eps005_scale,ln(kobs),4,ar2_homo_hartree|ar2_enthalpy_hartree|ar2_lumo_hartree|ar1_q_a,0.7057444211091306,-0.15158736015898167,2.403162657613699,LOOCV,ln(kobs) = <nonlinear model; no closed-form linear equation>
azoarene_svr_rbf_c30_eps005_scale,ln(kobs),4,ar2_homo_hartree|ar2_enthalpy_hartree|ar2_Ar_LUMO|ar1_q_a,0.7057444211091306,-0.15158736015898167,2.403162657613699,LOOCV,ln(kobs) = <nonlinear model; no closed-form linear equation>
azoarene_svr_rbf_c30_eps005_scale,ln(kobs),4,ar2_Ar_HOMO|ar2_scf_energy_hartree|ar2_lumo_hartree|ar1_q_a,0.7057383709520486,-0.15159422389011734,2.4031873630702463,LOOCV,ln(kobs) = <nonlinear model; no closed-form linear equation>
azoarene_svr_rbf_c30_eps005_scale,ln(kobs),4,ar2_Ar_HOMO|ar2_scf_energy_hartree|ar2_Ar_LUMO|ar1_q_a,0.7057383709520486,-0.15159422389011734,2.4031873630702463,LOOCV,ln(kobs) = <nonlinear model; no closed-form linear equation>
azoarene_svr_rbf_c30_eps005_scale,ln(kobs),4,ar2_homo_hartree|ar2_scf_energy_hartree|ar2_lumo_hartree|ar1_q_a,0.7057383709520486,-0.15159422389011734,2.4031873630702463,LOOCV,ln(kobs) = <nonlinear model; no closed-form linear equation>
azoarene_svr_rbf_c30_eps005_scale,ln(kobs),4,ar2_homo_hartree|ar2_scf_energy_hartree|ar2_Ar_LUMO|ar1_q_a,0.7057383709520486,-0.15159422389011734,2.4031873630702463,LOOCV,ln(kobs) = <nonlinear model; no closed-form linear equation>
azoarene_svr_rbf_c30_eps005_scale,ln(kobs),4,ar2_Ar_HOMO|ar2_enthalpy_hartree|ar2_gap_hartree|ar1_q_a,0.7055156417687314,-0.15427252438510242,2.4040966877298224,LOOCV,ln(kobs) = <nonlinear model; no closed-form linear equation>
azoarene_svr_rbf_c30_eps005_scale,ln(kobs),4,ar2_homo_hartree|ar2_enthalpy_hartree|ar2_gap_hartree|ar1_q_a,0.7055156417687314,-0.15427252438510242,2.4040966877298224,LOOCV,ln(kobs) = <nonlinear model; no closed-form linear equation>
azoarene_svr_rbf_c30_eps005_scale,ln(kobs),4,ar2_Ar_HOMO|ar2_gibbs_free_energy_hartree|ar2_gap_hartree|ar1_q_a,0.7055222266264782,-0.15431578348950392,2.4040698090132584,LOOCV,ln(kobs) = <nonlinear model; no closed-form linear equation>
azoarene_svr_rbf_c30_eps005_scale,ln(kobs),4,ar2_homo_hartree|ar2_gibbs_free_energy_hartree|ar2_gap_hartree|ar1_q_a,0.7055222266264782,-0.15431578348950392,2.4040698090132584,LOOCV,ln(kobs) = <nonlinear model; no closed-form linear equation>
azoarene_svr_rbf_c30_eps005_scale,ln(kobs),4,ar2_Ar_HOMO|ar2_scf_energy_hartree|ar2_gap_hartree|ar1_q_a,0.7055138870707207,-0.154356009048513,2.40410385017712,LOOCV,ln(kobs) = <nonlinear model; no closed-form linear equation>
azoarene_svr_rbf_c30_eps005_scale,ln(kobs),4,ar2_homo_hartree|ar2_scf_energy_hartree|ar2_gap_hartree|ar1_q_a,0.7055138870707207,-0.154356009048513,2.40410385017712,LOOCV,ln(kobs) = <nonlinear model; no closed-form linear equation>
azoarene_svr_rbf_c30_eps005_scale,ln(kobs),5,ar2_Ar_HOMO|ar2_scf_energy_hartree|ar1_bond_length_c_a|ar2_lumo_hartree|ar1_q_a,0.7799542238789827,-0.1561009715753341,2.0781521096483995,LOOCV,ln(kobs) = <nonlinear model; no closed-form linear equation>
azoarene_svr_rbf_c30_eps005_scale,ln(kobs),5,ar2_Ar_HOMO|ar2_scf_energy_hartree|ar1_bond_length_c_a|ar2_Ar_LUMO|ar1_q_a,0.7799542238789827,-0.1561009715753341,2.0781521096483995,LOOCV,ln(kobs) = <nonlinear model; no closed-form linear equation>
azoarene_svr_rbf_c30_eps005_scale,ln(kobs),5,ar2_homo_hartree|ar2_scf_energy_hartree|ar1_bond_length_c_a|ar2_lumo_hartree|ar1_q_a,0.7799542238789827,-0.1561009715753341,2.0781521096483995,LOOCV,ln(kobs) = <nonlinear model; no closed-form linear equation>
azoarene_svr_rbf_c30_eps005_scale,ln(kobs),5,ar2_homo_hartree|ar2_scf_energy_hartree|ar1_bond_length_c_a|ar2_Ar_LUMO|ar1_q_a,0.7799542238789827,-0.1561009715753341,2.0781521096483995,LOOCV,ln(kobs) = <nonlinear model; no closed-form linear equation>
azoarene_svr_rbf_c30_eps005_scale,ln(kobs),5,ar2_Ar_HOMO|ar2_gibbs_free_energy_hartree|ar1_bond_length_c_a|ar2_lumo_hartree|ar1_q_a,0.7799549732205896,-0.15613695700814656,2.0781485711865524,LOOCV,ln(kobs) = <nonlinear model; no closed-form linear equation>
azoarene_svr_rbf_c30_eps005_scale,ln(kobs),5,ar2_Ar_HOMO|ar2_gibbs_free_energy_hartree|ar1_bond_length_c_a|ar2_Ar_LUMO|ar1_q_a,0.7799549732205896,-0.15613695700814656,2.0781485711865524,LOOCV,ln(kobs) = <nonlinear model; no closed-form linear equation>
azoarene_svr_rbf_c30_eps005_scale,ln(kobs),5,ar2_homo_hartree|ar2_gibbs_free_energy_hartree|ar1_bond_length_c_a|ar2_lumo_hartree|ar1_q_a,0.7799549732205896,-0.15613695700814656,2.0781485711865524,LOOCV,ln(kobs) = <nonlinear model; no closed-form linear equation>
azoarene_svr_rbf_c30_eps005_scale,ln(kobs),5,ar2_homo_hartree|ar2_gibbs_free_energy_hartree|ar1_bond_length_c_a|ar2_Ar_LUMO|ar1_q_a,0.7799549732205896,-0.15613695700814656,2.0781485711865524,LOOCV,ln(kobs) = <nonlinear model; no closed-form linear equation>
azoarene_svr_rbf_c30_eps005_scale,ln(kobs),5,ar2_Ar_HOMO|ar2_enthalpy_hartree|ar1_bond_length_c_a|ar2_lumo_hartree|ar1_q_a,0.7799443647380283,-0.1561552273863498,2.078198664882134,LOOCV,ln(kobs) = <nonlinear model; no closed-form linear equation>
azoarene_svr_rbf_c30_eps005_scale,ln(kobs),5,ar2_Ar_HOMO|ar2_enthalpy_hartree|ar1_bond_length_c_a|ar2_Ar_LUMO|ar1_q_a,0.7799443647380283,-0.1561552273863498,2.078198664882134,LOOCV,ln(kobs) = <nonlinear model; no closed-form linear equation>
azoarene_svr_rbf_c30_eps005_scale,ln(kobs),5,ar2_homo_hartree|ar2_enthalpy_hartree|ar1_bond_length_c_a|ar2_lumo_hartree|ar1_q_a,0.7799443647380283,-0.1561552273863498,2.078198664882134,LOOCV,ln(kobs) = <nonlinear model; no closed-form linear equation>
azoarene_svr_rbf_c30_eps005_scale,ln(kobs),5,ar2_homo_hartree|ar2_enthalpy_hartree|ar1_bond_length_c_a|ar2_Ar_LUMO|ar1_q_a,0.7799443647380283,-0.1561552273863498,2.078198664882134,LOOCV,ln(kobs) = <nonlinear model; no closed-form linear equation>
azoarene_svr_rbf_c30_eps005_scale,ln(kobs),5,ar2_Ar_HOMO|ar2_enthalpy_hartree|ar1_bond_length_c_a|ar2_gap_hartree|ar1_q_a,0.7798935545251993,-0.1563426707050466,2.0784385760794093,LOOCV,ln(kobs) = <nonlinear model; no closed-form linear equation>
azoarene_svr_rbf_c30_eps005_scale,ln(kobs),5,ar2_homo_hartree|ar2_enthalpy_hartree|ar1_bond_length_c_a|ar2_gap_hartree|ar1_q_a,0.7798935545251993,-0.1563426707050466,2.0784385760794093,LOOCV,ln(kobs) = <nonlinear model; no closed-form linear equation>
azoarene_svr_rbf_c30_eps005_scale,ln(kobs),5,ar2_Ar_HOMO|ar2_scf_energy_hartree|ar1_bond_length_c_a|ar2_gap_hartree|ar1_q_a,0.7798975400628495,-0.1563530661620438,2.0784197585189332,LOOCV,ln(kobs) = <nonlinear model; no closed-form linear equation>
azoarene_svr_rbf_c30_eps005_scale,ln(kobs),5,ar2_homo_hartree|ar2_scf_energy_hartree|ar1_bond_length_c_a|ar2_gap_hartree|ar1_q_a,0.7798975400628495,-0.1563530661620438,2.0784197585189332,LOOCV,ln(kobs) = <nonlinear model; no closed-form linear equation>
azoarene_svr_rbf_c30_eps005_scale,ln(kobs),5,ar2_Ar_HOMO|ar2_gibbs_free_energy_hartree|ar1_bond_length_c_a|ar2_gap_hartree|ar1_q_a,0.7798981942469553,-0.15635524721062555,2.0784166697979307,LOOCV,ln(kobs) = <nonlinear model; no closed-form linear equation>
azoarene_svr_rbf_c30_eps005_scale,ln(kobs),5,ar2_homo_hartree|ar2_gibbs_free_energy_hartree|ar1_bond_length_c_a|ar2_gap_hartree|ar1_q_a,0.7798981942469553,-0.15635524721062555,2.0784166697979307,LOOCV,ln(kobs) = <nonlinear model; no closed-form linear equation>
azoarene_svr_rbf_c30_eps005_scale,ln(kobs),3,ar1_bond_length_c_a|ar2_lumo_hartree|ar1_q_a,0.7475927494516874,-0.15994033907795524,2.2257261443034135,LOOCV,ln(kobs) = <nonlinear model; no closed-form linear equation>
azoarene_svr_rbf_c30_eps005_scale,ln(kobs),3,ar1_bond_length_c_a|ar2_Ar_LUMO|ar1_q_a,0.7475927494516874,-0.15994033907795524,2.2257261443034135,LOOCV,ln(kobs) = <nonlinear model; no closed-form linear equation>
azoarene_svr_rbf_c30_eps005_scale,ln(kobs),3,ar2_gibbs_free_energy_hartree|rate kobs (s-1)|ar2_lumo_hartree,0.6640765652871397,-0.16248740150089835,2.56768039572125,LOOCV,ln(kobs) = <nonlinear model; no closed-form linear equation>
azoarene_svr_rbf_c30_eps005_scale,ln(kobs),3,ar2_gibbs_free_energy_hartree|rate kobs (s-1)|ar2_Ar_LUMO,0.6640765652871397,-0.16248740150089835,2.56768039572125,LOOCV,ln(kobs) = <nonlinear model; no closed-form linear equation>
azoarene_svr_rbf_c30_eps005_scale,ln(kobs),3,ar2_enthalpy_hartree|rate kobs (s-1)|ar2_lumo_hartree,0.6640653564312988,-0.1625111207199219,2.567723233636601,LOOCV,ln(kobs) = <nonlinear model; no closed-form linear equation>
azoarene_svr_rbf_c30_eps005_scale,ln(kobs),3,ar2_enthalpy_hartree|rate kobs (s-1)|ar2_Ar_LUMO,0.6640653564312988,-0.1625111207199219,2.567723233636601,LOOCV,ln(kobs) = <nonlinear model; no closed-form linear equation>
azoarene_svr_rbf_c30_eps005_scale,ln(kobs),3,ar2_scf_energy_hartree|rate kobs (s-1)|ar2_lumo_hartree,0.6640036206956992,-0.16255294560618938,2.5679591619688065,LOOCV,ln(kobs) = <nonlinear model; no closed-form linear equation>
azoarene_svr_rbf_c30_eps005_scale,ln(kobs),3,ar2_scf_energy_hartree|rate kobs (s-1)|ar2_Ar_LUMO,0.6640036206956992,-0.16255294560618938,2.5679591619688065,LOOCV,ln(kobs) = <nonlinear model; no closed-form linear equation>
azoarene_svr_rbf_c30_eps005_scale,ln(kobs),4,rate kobs (s-1)|ar1_bond_length_c_a|ar2_lumo_hartree|ar1_q_a,0.7324902241283161,-0.16259731372063424,2.2913458366248336,LOOCV,ln(kobs) = <nonlinear model; no closed-form linear equation>
azoarene_svr_rbf_c30_eps005_scale,ln(kobs),4,rate kobs (s-1)|ar1_bond_length_c_a|ar2_Ar_LUMO|ar1_q_a,0.7324902241283161,-0.16259731372063424,2.2913458366248336,LOOCV,ln(kobs) = <nonlinear model; no closed-form linear equation>
azoarene_svr_rbf_c30_eps005_scale,ln(kobs),3,ar2_Ar_polar|ar2_enthalpy_hartree|ar2_lumo_hartree,0.5216143461229114,-0.16293867560459918,3.064149056152468,LOOCV,ln(kobs) = <nonlinear model; no closed-form linear equation>
azoarene_svr_rbf_c30_eps005_scale,ln(kobs),3,ar2_Ar_polar|ar2_enthalpy_hartree|ar2_Ar_LUMO,0.5216143461229114,-0.16293867560459918,3.064149056152468,LOOCV,ln(kobs) = <nonlinear model; no closed-form linear equation>
azoarene_svr_rbf_c30_eps005_scale,ln(kobs),3,ar2_isotropic_polarizability_au|ar2_enthalpy_hartree|ar2_lumo_hartree,0.5216143461229114,-0.16293867560459918,3.064149056152468,LOOCV,ln(kobs) = <nonlinear model; no closed-form linear equation>
azoarene_svr_rbf_c30_eps005_scale,ln(kobs),3,ar2_isotropic_polarizability_au|ar2_enthalpy_hartree|ar2_Ar_LUMO,0.5216143461229114,-0.16293867560459918,3.064149056152468,LOOCV,ln(kobs) = <nonlinear model; no closed-form linear equation>
azoarene_svr_rbf_c30_eps005_scale,ln(kobs),3,ar2_Ar_polar|ar2_gibbs_free_energy_hartree|ar2_lumo_hartree,0.521608858026746,-0.1630281083757712,3.064166632240212,LOOCV,ln(kobs) = <nonlinear model; no closed-form linear equation>
azoarene_svr_rbf_c30_eps005_scale,ln(kobs),3,ar2_Ar_polar|ar2_gibbs_free_energy_hartree|ar2_Ar_LUMO,0.521608858026746,-0.1630281083757712,3.064166632240212,LOOCV,ln(kobs) = <nonlinear model; no closed-form linear equation>
azoarene_svr_rbf_c30_eps005_scale,ln(kobs),3,ar2_isotropic_polarizability_au|ar2_gibbs_free_energy_hartree|ar2_lumo_hartree,0.521608858026746,-0.1630281083757712,3.064166632240212,LOOCV,ln(kobs) = <nonlinear model; no closed-form linear equation>
azoarene_svr_rbf_c30_eps005_scale,ln(kobs),3,ar2_isotropic_polarizability_au|ar2_gibbs_free_energy_hartree|ar2_Ar_LUMO,0.521608858026746,-0.1630281083757712,3.064166632240212,LOOCV,ln(kobs) = <nonlinear model; no closed-form linear equation>
azoarene_svr_rbf_c30_eps005_scale,ln(kobs),3,ar2_Ar_polar|ar2_scf_energy_hartree|ar2_lumo_hartree,0.5216186901414548,-0.16317218035694148,3.0641351439976727,LOOCV,ln(kobs) = <nonlinear model; no closed-form linear equation>
azoarene_svr_rbf_c30_eps005_scale,ln(kobs),3,ar2_Ar_polar|ar2_scf_energy_hartree|ar2_Ar_LUMO,0.5216186901414548,-0.16317218035694148,3.0641351439976727,LOOCV,ln(kobs) = <nonlinear model; no closed-form linear equation>
azoarene_svr_rbf_c30_eps005_scale,ln(kobs),3,ar2_isotropic_polarizability_au|ar2_scf_energy_hartree|ar2_lumo_hartree,0.5216186901414548,-0.16317218035694148,3.0641351439976727,LOOCV,ln(kobs) = <nonlinear model; no closed-form linear equation>
azoarene_svr_rbf_c30_eps005_scale,ln(kobs),3,ar2_isotropic_polarizability_au|ar2_scf_energy_hartree|ar2_Ar_LUMO,0.5216186901414548,-0.16317218035694148,3.0641351439976727,LOOCV,ln(kobs) = <nonlinear model; no closed-form linear equation>
azoarene_svr_rbf_c30_eps005_scale,ln(kobs),3,rate kobs (s-1)|ar1_bond_length_c_a|ar1_q_a,0.5448927588547842,-0.16331521919305847,2.988668092157695,LOOCV,ln(kobs) = <nonlinear model; no closed-form linear equation>
azoarene_svr_rbf_c30_eps005_scale,ln(kobs),3,ar1_bond_length_c_e|ar1_nbo_q_a|ar1_Ar_NBO_OH,0.36325426104779757,-0.16952905276886,3.535117373365735,LOOCV,ln(kobs) = <nonlinear model; no closed-form linear equation>
azoarene_svr_rbf_c30_eps005_scale,ln(kobs),4,rate kobs (s-1)|ar2_gap_hartree|ar1_q_a|ar1_nbo_q_a,0.7176451918623448,-0.17142004403674016,2.3540647704397024,LOOCV,ln(kobs) = <nonlinear model; no closed-form linear equation>
azoarene_svr_rbf_c30_eps005_scale,ln(kobs),4,rate kobs (s-1)|ar2_gap_hartree|ar1_q_a|ar1_Ar_NBO_OH,0.7176451918623448,-0.17142004403674016,2.3540647704397024,LOOCV,ln(kobs) = <nonlinear model; no closed-form linear equation>
azoarene_svr_rbf_c30_eps005_scale,ln(kobs),3,ar2_gibbs_free_energy_hartree|rate kobs (s-1)|ar2_gap_hartree,0.6622386281781121,-0.17224629619693532,2.5746950858412574,LOOCV,ln(kobs) = <nonlinear model; no closed-form linear equation>
azoarene_svr_rbf_c30_eps005_scale,ln(kobs),3,ar2_enthalpy_hartree|rate kobs (s-1)|ar2_gap_hartree,0.6622338831115003,-0.1722973293398291,2.5747131711787157,LOOCV,ln(kobs) = <nonlinear model; no closed-form linear equation>
azoarene_svr_rbf_c30_eps005_scale,ln(kobs),3,ar2_scf_energy_hartree|rate kobs (s-1)|ar2_gap_hartree,0.6621858998826824,-0.17245918461279786,2.574896047224773,LOOCV,ln(kobs) = <nonlinear model; no closed-form linear equation>
azoarene_svr_rbf_c30_eps005_scale,ln(kobs),3,ar2_Ar_polar|ar2_isotropic_polarizability_au|ar2_lumo_hartree,0.485341506317466,-0.17270588624848204,3.1781938757804147,LOOCV,ln(kobs) = <nonlinear model; no closed-form linear equation>
azoarene_svr_rbf_c30_eps005_scale,ln(kobs),3,ar2_Ar_polar|ar2_isotropic_polarizability_au|ar2_Ar_LUMO,0.485341506317466,-0.17270588624848204,3.1781938757804147,LOOCV,ln(kobs) = <nonlinear model; no closed-form linear equation>
azoarene_svr_rbf_c30_eps005_scale,ln(kobs),3,ar2_Ar_polar|ar2_enthalpy_hartree|ar2_gap_hartree,0.5208789026858419,-0.17333172945153064,3.0665034775861892,LOOCV,ln(kobs) = <nonlinear model; no closed-form linear equation>
azoarene_svr_rbf_c30_eps005_scale,ln(kobs),3,ar2_isotropic_polarizability_au|ar2_enthalpy_hartree|ar2_gap_hartree,0.5208789026858419,-0.17333172945153064,3.0665034775861892,LOOCV,ln(kobs) = <nonlinear model; no closed-form linear equation>
azoarene_svr_rbf_c30_eps005_scale,ln(kobs),3,ar2_Ar_polar|ar2_gibbs_free_energy_hartree|ar2_gap_hartree,0.5208761280554535,-0.17336375437001483,3.0665123567625234,LOOCV,ln(kobs) = <nonlinear model; no closed-form linear equation>
azoarene_svr_rbf_c30_eps005_scale,ln(kobs),3,ar2_isotropic_polarizability_au|ar2_gibbs_free_energy_hartree|ar2_gap_hartree,0.5208761280554535,-0.17336375437001483,3.0665123567625234,LOOCV,ln(kobs) = <nonlinear model; no closed-form linear equation>
azoarene_svr_rbf_c30_eps005_scale,ln(kobs),3,ar2_Ar_polar|ar2_scf_energy_hartree|ar2_gap_hartree,0.5208979721183211,-0.1735268724213137,3.066442452238729,LOOCV,ln(kobs) = <nonlinear model; no closed-form linear equation>
azoarene_svr_rbf_c30_eps005_scale,ln(kobs),3,ar2_isotropic_polarizability_au|ar2_scf_energy_hartree|ar2_gap_hartree,0.5208979721183211,-0.1735268724213137,3.066442452238729,LOOCV,ln(kobs) = <nonlinear model; no closed-form linear equation>
azoarene_svr_rbf_c30_eps005_scale,ln(kobs),3,ar2_Ar_polar|ar2_isotropic_polarizability_au|ar2_gap_hartree,0.48311513149744445,-0.17533576323513445,3.185060773936709,LOOCV,ln(kobs) = <nonlinear model; no closed-form linear equation>
azoarene_svr_rbf_c30_eps005_scale,ln(kobs),3,ar2_Ar_HOMO|ar2_enthalpy_hartree|ar1_q_a,0.6504827281623615,-0.17859994076605124,2.619118420977655,LOOCV,ln(kobs) = <nonlinear model; no closed-form linear equation>
azoarene_svr_rbf_c30_eps005_scale,ln(kobs),3,ar2_homo_hartree|ar2_enthalpy_hartree|ar1_q_a,0.6504827281623615,-0.17859994076605124,2.619118420977655,LOOCV,ln(kobs) = <nonlinear model; no closed-form linear equation>
azoarene_svr_rbf_c30_eps005_scale,ln(kobs),3,ar2_Ar_HOMO|ar2_scf_energy_hartree|ar1_q_a,0.6504656482019047,-0.17860245204219716,2.619182414800232,LOOCV,ln(kobs) = <nonlinear model; no closed-form linear equation>
azoarene_svr_rbf_c30_eps005_scale,ln(kobs),3,ar2_homo_hartree|ar2_scf_energy_hartree|ar1_q_a,0.6504656482019047,-0.17860245204219716,2.619182414800232,LOOCV,ln(kobs) = <nonlinear model; no closed-form linear equation>
azoarene_svr_rbf_c30_eps005_scale,ln(kobs),3,ar2_Ar_HOMO|ar2_gibbs_free_energy_hartree|ar1_q_a,0.6504632649480849,-0.1786143611699278,2.619191344059719,LOOCV,ln(kobs) = <nonlinear model; no closed-form linear equation>
azoarene_svr_rbf_c30_eps005_scale,ln(kobs),3,ar2_homo_hartree|ar2_gibbs_free_energy_hartree|ar1_q_a,0.6504632649480849,-0.1786143611699278,2.619191344059719,LOOCV,ln(kobs) = <nonlinear model; no closed-form linear equation>
azoarene_svr_rbf_c30_eps005_scale,ln(kobs),3,ar2_Ar_HOMO|ar2_lumo_hartree|ar1_q_a,0.6996324585226589,-0.17897770236583388,2.427992350242625,LOOCV,ln(kobs) = <nonlinear model; no closed-form linear equation>
azoarene_svr_rbf_c30_eps005_scale,ln(kobs),3,ar2_Ar_HOMO|ar2_Ar_LUMO|ar1_q_a,0.6996324585226589,-0.17897770236583388,2.427992350242625,LOOCV,ln(kobs) = <nonlinear model; no closed-form linear equation>
azoarene_svr_rbf_c30_eps005_scale,ln(kobs),3,ar2_homo_hartree|ar2_lumo_hartree|ar1_q_a,0.6996324585226589,-0.17897770236583388,2.427992350242625,LOOCV,ln(kobs) = <nonlinear model; no closed-form linear equation>
azoarene_svr_rbf_c30_eps005_scale,ln(kobs),3,ar2_homo_hartree|ar2_Ar_LUMO|ar1_q_a,0.6996324585226589,-0.17897770236583388,2.427992350242625,LOOCV,ln(kobs) = <nonlinear model; no closed-form linear equation>
azoarene_svr_rbf_c30_eps005_scale,ln(kobs),3,ar2_enthalpy_hartree|ar1_bond_length_c_a|ar1_q_a,0.6388043523999236,-0.1807958618015717,2.6625150320151123,LOOCV,ln(kobs) = <nonlinear model; no closed-form linear equation>
azoarene_svr_rbf_c30_eps005_scale,ln(kobs),3,ar2_gibbs_free_energy_hartree|ar1_bond_length_c_a|ar1_q_a,0.6387991392999104,-0.1808124657107244,2.6625342458499954,LOOCV,ln(kobs) = <nonlinear model; no closed-form linear equation>
azoarene_svr_rbf_c30_eps005_scale,ln(kobs),3,ar2_scf_energy_hartree|ar1_bond_length_c_a|ar1_q_a,0.6388911237331388,-0.1809582466940003,2.6621952000105926,LOOCV,ln(kobs) = <nonlinear model; no closed-form linear equation>
azoarene_svr_rbf_c30_eps005_scale,ln(kobs),3,ar1_bond_length_c_a|ar2_gap_hartree|ar1_q_a,0.7399962926228485,-0.1842124944370629,2.258970629963071,LOOCV,ln(kobs) = <nonlinear model; no closed-form linear equation>
azoarene_svr_rbf_c30_eps005_scale,ln(kobs),3,ar2_Ar_HOMO|ar2_gap_hartree|ar1_q_a,0.7003775486678843,-0.18529935616692605,2.4249790478532574,LOOCV,ln(kobs) = <nonlinear model; no closed-form linear equation>
azoarene_svr_rbf_c30_eps005_scale,ln(kobs),3,ar2_homo_hartree|ar2_gap_hartree|ar1_q_a,0.7003775486678843,-0.18529935616692605,2.4249790478532574,LOOCV,ln(kobs) = <nonlinear model; no closed-form linear equation>
azoarene_svr_rbf_c30_eps005_scale,ln(kobs),4,ar2_enthalpy_hartree|ar2_lumo_hartree|ar1_q_a|ar1_bond_length_c_e,0.739683111386166,-0.18900305501582304,2.260330714998386,LOOCV,ln(kobs) = <nonlinear model; no closed-form linear equation>
azoarene_svr_rbf_c30_eps005_scale,ln(kobs),4,ar2_enthalpy_hartree|ar2_Ar_LUMO|ar1_q_a|ar1_bond_length_c_e,0.739683111386166,-0.18900305501582304,2.260330714998386,LOOCV,ln(kobs) = <nonlinear model; no closed-form linear equation>
azoarene_svr_rbf_c30_eps005_scale,ln(kobs),4,ar2_gibbs_free_energy_hartree|ar2_lumo_hartree|ar1_q_a|ar1_bond_length_c_e,0.7396722998889427,-0.18903544783102721,2.2603776526090207,LOOCV,ln(kobs) = <nonlinear model; no closed-form linear equation>
azoarene_svr_rbf_c30_eps005_scale,ln(kobs),4,ar2_gibbs_free_energy_hartree|ar2_Ar_LUMO|ar1_q_a|ar1_bond_length_c_e,0.7396722998889427,-0.18903544783102721,2.2603776526090207,LOOCV,ln(kobs) = <nonlinear model; no closed-form linear equation>
azoarene_svr_rbf_c30_eps005_scale,ln(kobs),4,ar2_scf_energy_hartree|ar2_lumo_hartree|ar1_q_a|ar1_bond_length_c_e,0.7396731399945162,-0.18912803094033115,2.260374005364806,LOOCV,ln(kobs) = <nonlinear model; no closed-form linear equation>
azoarene_svr_rbf_c30_eps005_scale,ln(kobs),4,ar2_scf_energy_hartree|ar2_Ar_LUMO|ar1_q_a|ar1_bond_length_c_e,0.7396731399945162,-0.18912803094033115,2.260374005364806,LOOCV,ln(kobs) = <nonlinear model; no closed-form linear equation>
azoarene_svr_rbf_c30_eps005_scale,ln(kobs),3,ar2_gibbs_free_energy_hartree|ar1_q_a|ar1_nbo_q_a,0.6169338074330348,-0.1905704137295039,2.7419386080893173,LOOCV,ln(kobs) = <nonlinear model; no closed-form linear equation>
azoarene_svr_rbf_c30_eps005_scale,ln(kobs),3,ar2_gibbs_free_energy_hartree|ar1_q_a|ar1_Ar_NBO_OH,0.6169338074330348,-0.1905704137295039,2.7419386080893173,LOOCV,ln(kobs) = <nonlinear model; no closed-form linear equation>
azoarene_svr_rbf_c30_eps005_scale,ln(kobs),3,ar2_enthalpy_hartree|ar1_q_a|ar1_nbo_q_a,0.6169059200429812,-0.1905765310228762,2.742038413451054,LOOCV,ln(kobs) = <nonlinear model; no closed-form linear equation>
azoarene_svr_rbf_c30_eps005_scale,ln(kobs),3,ar2_enthalpy_hartree|ar1_q_a|ar1_Ar_NBO_OH,0.6169059200429812,-0.1905765310228762,2.742038413451054,LOOCV,ln(kobs) = <nonlinear model; no closed-form linear equation>
azoarene_svr_rbf_c30_eps005_scale,ln(kobs),3,rate kobs (s-1)|ar1_q_a|ar1_nbo_q_a,0.5320836800575747,-0.1906923956798392,3.0304345625553575,LOOCV,ln(kobs) = <nonlinear model; no closed-form linear equation>
azoarene_svr_rbf_c30_eps005_scale,ln(kobs),3,rate kobs (s-1)|ar1_q_a|ar1_Ar_NBO_OH,0.5320836800575747,-0.1906923956798392,3.0304345625553575,LOOCV,ln(kobs) = <nonlinear model; no closed-form linear equation>
azoarene_svr_rbf_c30_eps005_scale,ln(kobs),3,ar2_scf_energy_hartree|ar1_q_a|ar1_nbo_q_a,0.6174407432853319,-0.1907555383648798,2.740123716588453,LOOCV,ln(kobs) = <nonlinear model; no closed-form linear equation>
azoarene_svr_rbf_c30_eps005_scale,ln(kobs),3,ar2_scf_energy_hartree|ar1_q_a|ar1_Ar_NBO_OH,0.6174407432853319,-0.1907555383648798,2.740123716588453,LOOCV,ln(kobs) = <nonlinear model; no closed-form linear equation>
azoarene_svr_rbf_c30_eps005_scale,ln(kobs),3,ar2_Ar_polar|ar1_q_a|ar2_Ar_Ster_B5,0.5511615688526025,-0.19128809982751416,2.9680132267554717,LOOCV,ln(kobs) = <nonlinear model; no closed-form linear equation>
azoarene_svr_rbf_c30_eps005_scale,ln(kobs),3,ar2_Ar_polar|ar1_q_a|ar2_sterimol_B5,0.5511615688526025,-0.19128809982751416,2.9680132267554717,LOOCV,ln(kobs) = <nonlinear model; no closed-form linear equation>
azoarene_svr_rbf_c30_eps005_scale,ln(kobs),3,ar2_isotropic_polarizability_au|ar1_q_a|ar2_Ar_Ster_B5,0.5511615688526025,-0.19128809982751416,2.9680132267554717,LOOCV,ln(kobs) = <nonlinear model; no closed-form linear equation>
azoarene_svr_rbf_c30_eps005_scale,ln(kobs),3,ar2_isotropic_polarizability_au|ar1_q_a|ar2_sterimol_B5,0.5511615688526025,-0.19128809982751416,2.9680132267554717,LOOCV,ln(kobs) = <nonlinear model; no closed-form linear equation>
azoarene_svr_rbf_c30_eps005_scale,ln(kobs),3,rate kobs (s-1)|ar2_lumo_hartree|ar1_q_a,0.6913830275383479,-0.19158658055414368,2.461108256740192,LOOCV,ln(kobs) = <nonlinear model; no closed-form linear equation>
azoarene_svr_rbf_c30_eps005_scale,ln(kobs),3,rate kobs (s-1)|ar2_Ar_LUMO|ar1_q_a,0.6913830275383479,-0.19158658055414368,2.461108256740192,LOOCV,ln(kobs) = <nonlinear model; no closed-form linear equation>
azoarene_svr_rbf_c30_eps005_scale,ln(kobs),4,ar2_gibbs_free_energy_hartree|ar2_gap_hartree|ar1_q_a|ar1_bond_length_c_e,0.7392451906213032,-0.19203174230721398,2.2622311483818316,LOOCV,ln(kobs) = <nonlinear model; no closed-form linear equation>
azoarene_svr_rbf_c30_eps005_scale,ln(kobs),4,ar2_enthalpy_hartree|ar2_gap_hartree|ar1_q_a|ar1_bond_length_c_e,0.7392600623837708,-0.19206374608322196,2.2621666359686587,LOOCV,ln(kobs) = <nonlinear model; no closed-form linear equation>
azoarene_svr_rbf_c30_eps005_scale,ln(kobs),4,ar2_scf_energy_hartree|ar2_gap_hartree|ar1_q_a|ar1_bond_length_c_e,0.7392711062226369,-0.1921508163084078,2.262118727564995,LOOCV,ln(kobs) = <nonlinear model; no closed-form linear equation>
azoarene_svr_rbf_c30_eps005_scale,ln(kobs),4,rate kobs (s-1)|ar1_bond_length_c_a|ar2_gap_hartree|ar1_q_a,0.7285559194534916,-0.19874453713061402,2.3081339118381274,LOOCV,ln(kobs) = <nonlinear model; no closed-form linear equation>
azoarene_svr_rbf_c30_eps005_scale,ln(kobs),4,ar2_Ar_HOMO|ar2_Ar_polar|ar2_lumo_hartree|ar1_q_a,0.7187641646938452,-0.20332731353381361,2.349395557448987,LOOCV,ln(kobs) = <nonlinear model; no closed-form linear equation>
azoarene_svr_rbf_c30_eps005_scale,ln(kobs),4,ar2_Ar_HOMO|ar2_Ar_polar|ar2_Ar_LUMO|ar1_q_a,0.7187641646938452,-0.20332731353381361,2.349395557448987,LOOCV,ln(kobs) = <nonlinear model; no closed-form linear equation>
azoarene_svr_rbf_c30_eps005_scale,ln(kobs),4,ar2_Ar_HOMO|ar2_isotropic_polarizability_au|ar2_lumo_hartree|ar1_q_a,0.7187641646938452,-0.20332731353381361,2.349395557448987,LOOCV,ln(kobs) = <nonlinear model; no closed-form linear equation>
azoarene_svr_rbf_c30_eps005_scale,ln(kobs),4,ar2_Ar_HOMO|ar2_isotropic_polarizability_au|ar2_Ar_LUMO|ar1_q_a,0.7187641646938452,-0.20332731353381361,2.349395557448987,LOOCV,ln(kobs) = <nonlinear model; no closed-form linear equation>
azoarene_svr_rbf_c30_eps005_scale,ln(kobs),4,ar2_homo_hartree|ar2_Ar_polar|ar2_lumo_hartree|ar1_q_a,0.7187641646938452,-0.20332731353381361,2.349395557448987,LOOCV,ln(kobs) = <nonlinear model; no closed-form linear equation>
azoarene_svr_rbf_c30_eps005_scale,ln(kobs),4,ar2_homo_hartree|ar2_Ar_polar|ar2_Ar_LUMO|ar1_q_a,0.7187641646938452,-0.20332731353381361,2.349395557448987,LOOCV,ln(kobs) = <nonlinear model; no closed-form linear equation>
azoarene_svr_rbf_c30_eps005_scale,ln(kobs),4,ar2_homo_hartree|ar2_isotropic_polarizability_au|ar2_lumo_hartree|ar1_q_a,0.7187641646938452,-0.20332731353381361,2.349395557448987,LOOCV,ln(kobs) = <nonlinear model; no closed-form linear equation>
azoarene_svr_rbf_c30_eps005_scale,ln(kobs),4,ar2_homo_hartree|ar2_isotropic_polarizability_au|ar2_Ar_LUMO|ar1_q_a,0.7187641646938452,-0.20332731353381361,2.349395557448987,LOOCV,ln(kobs) = <nonlinear model; no closed-form linear equation>
azoarene_svr_rbf_c30_eps005_scale,ln(kobs),3,ar2_scf_energy_hartree|ar2_lumo_hartree|ar2_gap_hartree,0.4841670837942491,-0.2084168363510599,3.181818041686857,LOOCV,ln(kobs) = <nonlinear model; no closed-form linear equation>
azoarene_svr_rbf_c30_eps005_scale,ln(kobs),3,ar2_scf_energy_hartree|ar2_Ar_LUMO|ar2_gap_hartree,0.4841670837942491,-0.2084168363510599,3.181818041686857,LOOCV,ln(kobs) = <nonlinear model; no closed-form linear equation>
azoarene_svr_rbf_c30_eps005_scale,ln(kobs),3,ar2_enthalpy_hartree|ar2_lumo_hartree|ar2_gap_hartree,0.4841735455439209,-0.2084259015211083,3.1817981125824613,LOOCV,ln(kobs) = <nonlinear model; no closed-form linear equation>
azoarene_svr_rbf_c30_eps005_scale,ln(kobs),3,ar2_enthalpy_hartree|ar2_Ar_LUMO|ar2_gap_hartree,0.4841735455439209,-0.2084259015211083,3.1817981125824613,LOOCV,ln(kobs) = <nonlinear model; no closed-form linear equation>
azoarene_svr_rbf_c30_eps005_scale,ln(kobs),3,ar2_gibbs_free_energy_hartree|ar2_lumo_hartree|ar2_gap_hartree,0.4841712156927903,-0.2084912174169462,3.1818052982429634,LOOCV,ln(kobs) = <nonlinear model; no closed-form linear equation>
azoarene_svr_rbf_c30_eps005_scale,ln(kobs),3,ar2_gibbs_free_energy_hartree|ar2_Ar_LUMO|ar2_gap_hartree,0.4841712156927903,-0.2084912174169462,3.1818052982429634,LOOCV,ln(kobs) = <nonlinear model; no closed-form linear equation>
azoarene_svr_rbf_c30_eps005_scale,ln(kobs),4,ar2_Ar_HOMO|ar2_Ar_polar|ar2_gap_hartree|ar1_q_a,0.7189986014741976,-0.2085875653090612,2.3484161311245013,LOOCV,ln(kobs) = <nonlinear model; no closed-form linear equation>
azoarene_svr_rbf_c30_eps005_scale,ln(kobs),4,ar2_Ar_HOMO|ar2_isotropic_polarizability_au|ar2_gap_hartree|ar1_q_a,0.7189986014741976,-0.2085875653090612,2.3484161311245013,LOOCV,ln(kobs) = <nonlinear model; no closed-form linear equation>
azoarene_svr_rbf_c30_eps005_scale,ln(kobs),4,ar2_homo_hartree|ar2_Ar_polar|ar2_gap_hartree|ar1_q_a,0.7189986014741976,-0.2085875653090612,2.3484161311245013,LOOCV,ln(kobs) = <nonlinear model; no closed-form linear equation>
azoarene_svr_rbf_c30_eps005_scale,ln(kobs),4,ar2_homo_hartree|ar2_isotropic_polarizability_au|ar2_gap_hartree|ar1_q_a,0.7189986014741976,-0.2085875653090612,2.3484161311245013,LOOCV,ln(kobs) = <nonlinear model; no closed-form linear equation>
azoarene_svr_rbf_c30_eps005_scale,ln(kobs),3,rate kobs (s-1)|ar2_gap_hartree|ar1_q_a,0.6824009683000364,-0.2103448766887439,2.4966657240501657,LOOCV,ln(kobs) = <nonlinear model; no closed-form linear equation>
azoarene_svr_rbf_c30_eps005_scale,ln(kobs),3,ar2_enthalpy_hartree|ar2_lumo_hartree|ar2_Ar_LUMO,0.4877585237964317,-0.21132790864493334,3.1707221342904877,LOOCV,ln(kobs) = <nonlinear model; no closed-form linear equation>
azoarene_svr_rbf_c30_eps005_scale,ln(kobs),3,ar2_gibbs_free_energy_hartree|ar2_lumo_hartree|ar2_Ar_LUMO,0.4877435405268177,-0.21133818616687616,3.1707685064015094,LOOCV,ln(kobs) = <nonlinear model; no closed-form linear equation>
azoarene_svr_rbf_c30_eps005_scale,ln(kobs),3,ar2_scf_energy_hartree|ar2_lumo_hartree|ar2_Ar_LUMO,0.48773830056556466,-0.21138259526011893,3.1707847235338855,LOOCV,ln(kobs) = <nonlinear model; no closed-form linear equation>
azoarene_svr_rbf_c30_eps005_scale,ln(kobs),3,ar2_Ar_polar|ar2_enthalpy_hartree|ar1_q_a,0.4161229346830232,-0.2155068028692293,3.385178098680564,LOOCV,ln(kobs) = <nonlinear model; no closed-form linear equation>
azoarene_svr_rbf_c30_eps005_scale,ln(kobs),3,ar2_isotropic_polarizability_au|ar2_enthalpy_hartree|ar1_q_a,0.4161229346830232,-0.2155068028692293,3.385178098680564,LOOCV,ln(kobs) = <nonlinear model; no closed-form linear equation>
azoarene_svr_rbf_c30_eps005_scale,ln(kobs),3,ar2_Ar_polar|ar2_gibbs_free_energy_hartree|ar1_q_a,0.4161362898868226,-0.21551177221038187,3.385139383337371,LOOCV,ln(kobs) = <nonlinear model; no closed-form linear equation>
azoarene_svr_rbf_c30_eps005_scale,ln(kobs),3,ar2_isotropic_polarizability_au|ar2_gibbs_free_energy_hartree|ar1_q_a,0.4161362898868226,-0.21551177221038187,3.385139383337371,LOOCV,ln(kobs) = <nonlinear model; no closed-form linear equation>
azoarene_svr_rbf_c30_eps005_scale,ln(kobs),3,ar2_Ar_polar|ar2_scf_energy_hartree|ar1_q_a,0.4161568250137889,-0.2155331504657776,3.3850798532817556,LOOCV,ln(kobs) = <nonlinear model; no closed-form linear equation>
azoarene_svr_rbf_c30_eps005_scale,ln(kobs),3,ar2_isotropic_polarizability_au|ar2_scf_energy_hartree|ar1_q_a,0.4161568250137889,-0.2155331504657776,3.3850798532817556,LOOCV,ln(kobs) = <nonlinear model; no closed-form linear equation>
azoarene_svr_rbf_c30_eps005_scale,ln(kobs),3,ar1_bond_length_c_a|ar1_nbo_q_a|ar1_Ar_NBO_OH,0.3489539911249214,-0.21749268821617052,3.5745934448606604,LOOCV,ln(kobs) = <nonlinear model; no closed-form linear equation>
azoarene_svr_rbf_c30_eps005_scale,ln(kobs),4,ar2_Ar_polar|ar2_lumo_hartree|ar1_q_a|ar1_bond_length_c_e,0.7356747504041126,-0.21860810960051857,2.2776665285156974,LOOCV,ln(kobs) = <nonlinear model; no closed-form linear equation>
azoarene_svr_rbf_c30_eps005_scale,ln(kobs),4,ar2_Ar_polar|ar2_Ar_LUMO|ar1_q_a|ar1_bond_length_c_e,0.7356747504041126,-0.21860810960051857,2.2776665285156974,LOOCV,ln(kobs) = <nonlinear model; no closed-form linear equation>
azoarene_svr_rbf_c30_eps005_scale,ln(kobs),4,ar2_isotropic_polarizability_au|ar2_lumo_hartree|ar1_q_a|ar1_bond_length_c_e,0.7356747504041126,-0.21860810960051857,2.2776665285156974,LOOCV,ln(kobs) = <nonlinear model; no closed-form linear equation>
azoarene_svr_rbf_c30_eps005_scale,ln(kobs),4,ar2_isotropic_polarizability_au|ar2_Ar_LUMO|ar1_q_a|ar1_bond_length_c_e,0.7356747504041126,-0.21860810960051857,2.2776665285156974,LOOCV,ln(kobs) = <nonlinear model; no closed-form linear equation>
azoarene_svr_rbf_c30_eps005_scale,ln(kobs),3,ar2_gibbs_free_energy_hartree|ar2_enthalpy_hartree|ar1_q_a,0.4341303490476017,-0.22119612922272602,3.3325679652400786,LOOCV,ln(kobs) = <nonlinear model; no closed-form linear equation>
azoarene_svr_rbf_c30_eps005_scale,ln(kobs),3,ar2_scf_energy_hartree|ar2_gibbs_free_energy_hartree|ar1_q_a,0.43417351396919057,-0.22120033399902628,3.3324408575413216,LOOCV,ln(kobs) = <nonlinear model; no closed-form linear equation>
azoarene_svr_rbf_c30_eps005_scale,ln(kobs),3,ar2_scf_energy_hartree|ar2_enthalpy_hartree|ar1_q_a,0.4341602442605189,-0.2212363545266074,3.332479933354469,LOOCV,ln(kobs) = <nonlinear model; no closed-form linear equation>
azoarene_svr_rbf_c30_eps005_scale,ln(kobs),4,ar2_Ar_polar|ar2_gap_hartree|ar1_q_a|ar1_bond_length_c_e,0.7272991245613708,-0.2216227273406719,2.3134711085404858,LOOCV,ln(kobs) = <nonlinear model; no closed-form linear equation>
azoarene_svr_rbf_c30_eps005_scale,ln(kobs),4,ar2_isotropic_polarizability_au|ar2_gap_hartree|ar1_q_a|ar1_bond_length_c_e,0.7272991245613708,-0.2216227273406719,2.3134711085404858,LOOCV,ln(kobs) = <nonlinear model; no closed-form linear equation>
azoarene_svr_rbf_c30_eps005_scale,ln(kobs),3,ar1_q_a|ar2_Ar_Ster_B5|ar2_sterimol_B5,0.5629448858442756,-0.22206344581557724,2.9287946152628144,LOOCV,ln(kobs) = <nonlinear model; no closed-form linear equation>
azoarene_svr_rbf_c30_eps005_scale,ln(kobs),3,ar2_Ar_HOMO|ar2_Ar_polar|ar1_q_a,0.6721007849028893,-0.2254048828170434,2.5368278842713914,LOOCV,ln(kobs) = <nonlinear model; no closed-form linear equation>
azoarene_svr_rbf_c30_eps005_scale,ln(kobs),3,ar2_Ar_HOMO|ar2_isotropic_polarizability_au|ar1_q_a,0.6721007849028893,-0.2254048828170434,2.5368278842713914,LOOCV,ln(kobs) = <nonlinear model; no closed-form linear equation>
azoarene_svr_rbf_c30_eps005_scale,ln(kobs),3,ar2_homo_hartree|ar2_Ar_polar|ar1_q_a,0.6721007849028893,-0.2254048828170434,2.5368278842713914,LOOCV,ln(kobs) = <nonlinear model; no closed-form linear equation>
azoarene_svr_rbf_c30_eps005_scale,ln(kobs),3,ar2_homo_hartree|ar2_isotropic_polarizability_au|ar1_q_a,0.6721007849028893,-0.2254048828170434,2.5368278842713914,LOOCV,ln(kobs) = <nonlinear model; no closed-form linear equation>
azoarene_svr_rbf_c30_eps005_scale,ln(kobs),4,ar1_bond_length_c_a|ar2_lumo_hartree|ar2_Ar_LUMO|ar1_q_a,0.730798024644554,-0.23749562275555647,2.298581650083885,LOOCV,ln(kobs) = <nonlinear model; no closed-form linear equation>
azoarene_svr_rbf_c30_eps005_scale,ln(kobs),4,ar1_bond_length_c_a|ar2_lumo_hartree|ar2_gap_hartree|ar1_q_a,0.726617342957129,-0.23875146987887286,2.31636126690143,LOOCV,ln(kobs) = <nonlinear model; no closed-form linear equation>
azoarene_svr_rbf_c30_eps005_scale,ln(kobs),4,ar1_bond_length_c_a|ar2_Ar_LUMO|ar2_gap_hartree|ar1_q_a,0.726617342957129,-0.23875146987887286,2.31636126690143,LOOCV,ln(kobs) = <nonlinear model; no closed-form linear equation>
azoarene_svr_rbf_c30_eps005_scale,ln(kobs),3,ar2_Ar_polar|ar2_isotropic_polarizability_au|ar1_q_a,0.44125707444484596,-0.24645582744627226,3.3115158104967937,LOOCV,ln(kobs) = <nonlinear model; no closed-form linear equation>
azoarene_svr_rbf_c30_eps005_scale,ln(kobs),3,ar2_enthalpy_hartree|ar1_q_a|ar2_Ar_Ster_B5,0.5086061454482214,-0.26235764405304707,3.105529611133362,LOOCV,ln(kobs) = <nonlinear model; no closed-form linear equation>
azoarene_svr_rbf_c30_eps005_scale,ln(kobs),3,ar2_enthalpy_hartree|ar1_q_a|ar2_sterimol_B5,0.5086061454482214,-0.26235764405304707,3.105529611133362,LOOCV,ln(kobs) = <nonlinear model; no closed-form linear equation>
azoarene_svr_rbf_c30_eps005_scale,ln(kobs),3,ar2_scf_energy_hartree|ar1_q_a|ar2_Ar_Ster_B5,0.5085925913233343,-0.2623577505350858,3.1055724407755547,LOOCV,ln(kobs) = <nonlinear model; no closed-form linear equation>
azoarene_svr_rbf_c30_eps005_scale,ln(kobs),3,ar2_scf_energy_hartree|ar1_q_a|ar2_sterimol_B5,0.5085925913233343,-0.2623577505350858,3.1055724407755547,LOOCV,ln(kobs) = <nonlinear model; no closed-form linear equation>
azoarene_svr_rbf_c30_eps005_scale,ln(kobs),3,ar2_gibbs_free_energy_hartree|ar1_q_a|ar2_Ar_Ster_B5,0.5086224925830052,-0.26239612078659547,3.105477955081016,LOOCV,ln(kobs) = <nonlinear model; no closed-form linear equation>
azoarene_svr_rbf_c30_eps005_scale,ln(kobs),3,ar2_gibbs_free_energy_hartree|ar1_q_a|ar2_sterimol_B5,0.5086224925830052,-0.26239612078659547,3.105477955081016,LOOCV,ln(kobs) = <nonlinear model; no closed-form linear equation>
azoarene_svr_rbf_c30_eps005_scale,ln(kobs),4,ar2_Ar_polar|ar1_bond_length_c_a|ar2_lumo_hartree|ar1_q_a,0.7161298614903354,-0.29980482252955554,2.3603731676837794,LOOCV,ln(kobs) = <nonlinear model; no closed-form linear equation>
azoarene_svr_rbf_c30_eps005_scale,ln(kobs),4,ar2_Ar_polar|ar1_bond_length_c_a|ar2_Ar_LUMO|ar1_q_a,0.7161298614903354,-0.29980482252955554,2.3603731676837794,LOOCV,ln(kobs) = <nonlinear model; no closed-form linear equation>
azoarene_svr_rbf_c30_eps005_scale,ln(kobs),4,ar2_isotropic_polarizability_au|ar1_bond_length_c_a|ar2_lumo_hartree|ar1_q_a,0.7161298614903354,-0.29980482252955554,2.3603731676837794,LOOCV,ln(kobs) = <nonlinear model; no closed-form linear equation>
azoarene_svr_rbf_c30_eps005_scale,ln(kobs),4,ar2_isotropic_polarizability_au|ar1_bond_length_c_a|ar2_Ar_LUMO|ar1_q_a,0.7161298614903354,-0.29980482252955554,2.3603731676837794,LOOCV,ln(kobs) = <nonlinear model; no closed-form linear equation>
azoarene_svr_rbf_c30_eps005_scale,ln(kobs),4,ar2_Ar_polar|ar1_bond_length_c_a|ar2_gap_hartree|ar1_q_a,0.7062909529600347,-0.30167327036250935,2.4009298786019317,LOOCV,ln(kobs) = <nonlinear model; no closed-form linear equation>
azoarene_svr_rbf_c30_eps005_scale,ln(kobs),4,ar2_isotropic_polarizability_au|ar1_bond_length_c_a|ar2_gap_hartree|ar1_q_a,0.7062909529600347,-0.30167327036250935,2.4009298786019317,LOOCV,ln(kobs) = <nonlinear model; no closed-form linear equation>
azoarene_svr_rbf_c30_eps005_scale,ln(kobs),4,ar2_enthalpy_hartree|ar1_bond_length_c_a|ar2_lumo_hartree|ar1_q_a,0.7261603147071534,-0.3084496491680908,2.318296650202317,LOOCV,ln(kobs) = <nonlinear model; no closed-form linear equation>
azoarene_svr_rbf_c30_eps005_scale,ln(kobs),4,ar2_enthalpy_hartree|ar1_bond_length_c_a|ar2_Ar_LUMO|ar1_q_a,0.7261603147071534,-0.3084496491680908,2.318296650202317,LOOCV,ln(kobs) = <nonlinear model; no closed-form linear equation>
azoarene_svr_rbf_c30_eps005_scale,ln(kobs),4,ar2_gibbs_free_energy_hartree|ar1_bond_length_c_a|ar2_lumo_hartree|ar1_q_a,0.7261683543180533,-0.30845416455173824,2.3182626187218194,LOOCV,ln(kobs) = <nonlinear model; no closed-form linear equation>
azoarene_svr_rbf_c30_eps005_scale,ln(kobs),4,ar2_gibbs_free_energy_hartree|ar1_bond_length_c_a|ar2_Ar_LUMO|ar1_q_a,0.7261683543180533,-0.30845416455173824,2.3182626187218194,LOOCV,ln(kobs) = <nonlinear model; no closed-form linear equation>
azoarene_svr_rbf_c30_eps005_scale,ln(kobs),4,ar2_scf_energy_hartree|ar1_bond_length_c_a|ar2_lumo_hartree|ar1_q_a,0.7261571847511044,-0.30852361513462356,2.3183098990962487,LOOCV,ln(kobs) = <nonlinear model; no closed-form linear equation>
azoarene_svr_rbf_c30_eps005_scale,ln(kobs),4,ar2_scf_energy_hartree|ar1_bond_length_c_a|ar2_Ar_LUMO|ar1_q_a,0.7261571847511044,-0.30852361513462356,2.3183098990962487,LOOCV,ln(kobs) = <nonlinear model; no closed-form linear equation>
azoarene_svr_rbf_c30_eps005_scale,ln(kobs),4,ar2_gibbs_free_energy_hartree|ar1_bond_length_c_a|ar2_gap_hartree|ar1_q_a,0.7251769613384713,-0.314361129424231,2.322455400768076,LOOCV,ln(kobs) = <nonlinear model; no closed-form linear equation>
azoarene_svr_rbf_c30_eps005_scale,ln(kobs),4,ar2_enthalpy_hartree|ar1_bond_length_c_a|ar2_gap_hartree|ar1_q_a,0.7251885648819112,-0.3143873635403538,2.322406371042032,LOOCV,ln(kobs) = <nonlinear model; no closed-form linear equation>
azoarene_svr_rbf_c30_eps005_scale,ln(kobs),4,ar2_scf_energy_hartree|ar1_bond_length_c_a|ar2_gap_hartree|ar1_q_a,0.7251686598972809,-0.3143995778565347,2.32249047712381,LOOCV,ln(kobs) = <nonlinear model; no closed-form linear equation>
azoarene_svr_rbf_c30_eps005_scale,ln(kobs),3,ar2_lumo_hartree|ar1_q_a|ar2_Ar_Ster_B5,0.6566507667113808,-0.316221081823602,2.5959053598803465,LOOCV,ln(kobs) = <nonlinear model; no closed-form linear equation>
azoarene_svr_rbf_c30_eps005_scale,ln(kobs),3,ar2_lumo_hartree|ar1_q_a|ar2_sterimol_B5,0.6566507667113808,-0.316221081823602,2.5959053598803465,LOOCV,ln(kobs) = <nonlinear model; no closed-form linear equation>
azoarene_svr_rbf_c30_eps005_scale,ln(kobs),3,ar2_Ar_LUMO|ar1_q_a|ar2_Ar_Ster_B5,0.6566507667113808,-0.316221081823602,2.5959053598803465,LOOCV,ln(kobs) = <nonlinear model; no closed-form linear equation>
azoarene_svr_rbf_c30_eps005_scale,ln(kobs),3,ar2_Ar_LUMO|ar1_q_a|ar2_sterimol_B5,0.6566507667113808,-0.316221081823602,2.5959053598803465,LOOCV,ln(kobs) = <nonlinear model; no closed-form linear equation>
azoarene_svr_rbf_c30_eps005_scale,ln(kobs),4,ar2_enthalpy_hartree|ar2_lumo_hartree|ar1_q_a|ar1_nbo_q_a,0.7166885194328056,-0.3236402338767188,2.358049410354707,LOOCV,ln(kobs) = <nonlinear model; no closed-form linear equation>
azoarene_svr_rbf_c30_eps005_scale,ln(kobs),4,ar2_enthalpy_hartree|ar2_lumo_hartree|ar1_q_a|ar1_Ar_NBO_OH,0.7166885194328056,-0.3236402338767188,2.358049410354707,LOOCV,ln(kobs) = <nonlinear model; no closed-form linear equation>
azoarene_svr_rbf_c30_eps005_scale,ln(kobs),4,ar2_enthalpy_hartree|ar2_Ar_LUMO|ar1_q_a|ar1_nbo_q_a,0.7166885194328056,-0.3236402338767188,2.358049410354707,LOOCV,ln(kobs) = <nonlinear model; no closed-form linear equation>
azoarene_svr_rbf_c30_eps005_scale,ln(kobs),4,ar2_enthalpy_hartree|ar2_Ar_LUMO|ar1_q_a|ar1_Ar_NBO_OH,0.7166885194328056,-0.3236402338767188,2.358049410354707,LOOCV,ln(kobs) = <nonlinear model; no closed-form linear equation>
azoarene_svr_rbf_c30_eps005_scale,ln(kobs),4,ar2_gibbs_free_energy_hartree|ar2_lumo_hartree|ar1_q_a|ar1_nbo_q_a,0.7167046381075767,-0.3236701397809503,2.357982330171276,LOOCV,ln(kobs) = <nonlinear model; no closed-form linear equation>
azoarene_svr_rbf_c30_eps005_scale,ln(kobs),4,ar2_gibbs_free_energy_hartree|ar2_lumo_hartree|ar1_q_a|ar1_Ar_NBO_OH,0.7167046381075767,-0.3236701397809503,2.357982330171276,LOOCV,ln(kobs) = <nonlinear model; no closed-form linear equation>
azoarene_svr_rbf_c30_eps005_scale,ln(kobs),4,ar2_gibbs_free_energy_hartree|ar2_Ar_LUMO|ar1_q_a|ar1_nbo_q_a,0.7167046381075767,-0.3236701397809503,2.357982330171276,LOOCV,ln(kobs) = <nonlinear model; no closed-form linear equation>
azoarene_svr_rbf_c30_eps005_scale,ln(kobs),4,ar2_gibbs_free_energy_hartree|ar2_Ar_LUMO|ar1_q_a|ar1_Ar_NBO_OH,0.7167046381075767,-0.3236701397809503,2.357982330171276,LOOCV,ln(kobs) = <nonlinear model; no closed-form linear equation>
azoarene_svr_rbf_c30_eps005_scale,ln(kobs),4,ar2_scf_energy_hartree|ar2_lumo_hartree|ar1_q_a|ar1_nbo_q_a,0.7166786141964583,-0.32377425357386747,2.358090631473828,LOOCV,ln(kobs) = <nonlinear model; no closed-form linear equation>
azoarene_svr_rbf_c30_eps005_scale,ln(kobs),4,ar2_scf_energy_hartree|ar2_lumo_hartree|ar1_q_a|ar1_Ar_NBO_OH,0.7166786141964583,-0.32377425357386747,2.358090631473828,LOOCV,ln(kobs) = <nonlinear model; no closed-form linear equation>
azoarene_svr_rbf_c30_eps005_scale,ln(kobs),4,ar2_scf_energy_hartree|ar2_Ar_LUMO|ar1_q_a|ar1_nbo_q_a,0.7166786141964583,-0.32377425357386747,2.358090631473828,LOOCV,ln(kobs) = <nonlinear model; no closed-form linear equation>
azoarene_svr_rbf_c30_eps005_scale,ln(kobs),4,ar2_scf_energy_hartree|ar2_Ar_LUMO|ar1_q_a|ar1_Ar_NBO_OH,0.7166786141964583,-0.32377425357386747,2.358090631473828,LOOCV,ln(kobs) = <nonlinear model; no closed-form linear equation>
azoarene_svr_rbf_c30_eps005_scale,ln(kobs),3,ar2_gap_hartree|ar1_q_a|ar2_Ar_Ster_B5,0.6564505346670159,-0.3259414916028758,2.596662180673807,LOOCV,ln(kobs) = <nonlinear model; no closed-form linear equation>
azoarene_svr_rbf_c30_eps005_scale,ln(kobs),3,ar2_gap_hartree|ar1_q_a|ar2_sterimol_B5,0.6564505346670159,-0.3259414916028758,2.596662180673807,LOOCV,ln(kobs) = <nonlinear model; no closed-form linear equation>
azoarene_svr_rbf_c30_eps005_scale,ln(kobs),4,ar2_enthalpy_hartree|ar2_gap_hartree|ar1_q_a|ar1_nbo_q_a,0.71537435219557,-0.3281948551512952,2.3635121010669966,LOOCV,ln(kobs) = <nonlinear model; no closed-form linear equation>
azoarene_svr_rbf_c30_eps005_scale,ln(kobs),4,ar2_enthalpy_hartree|ar2_gap_hartree|ar1_q_a|ar1_Ar_NBO_OH,0.71537435219557,-0.3281948551512952,2.3635121010669966,LOOCV,ln(kobs) = <nonlinear model; no closed-form linear equation>
azoarene_svr_rbf_c30_eps005_scale,ln(kobs),4,ar2_gibbs_free_energy_hartree|ar2_gap_hartree|ar1_q_a|ar1_nbo_q_a,0.7153736538170545,-0.32819903447599863,2.363515000709163,LOOCV,ln(kobs) = <nonlinear model; no closed-form linear equation>
azoarene_svr_rbf_c30_eps005_scale,ln(kobs),4,ar2_gibbs_free_energy_hartree|ar2_gap_hartree|ar1_q_a|ar1_Ar_NBO_OH,0.7153736538170545,-0.32819903447599863,2.363515000709163,LOOCV,ln(kobs) = <nonlinear model; no closed-form linear equation>
azoarene_svr_rbf_c30_eps005_scale,ln(kobs),4,ar2_scf_energy_hartree|ar2_gap_hartree|ar1_q_a|ar1_nbo_q_a,0.7153396255136522,-0.32826776487178,2.3636562806766217,LOOCV,ln(kobs) = <nonlinear model; no closed-form linear equation>
azoarene_svr_rbf_c30_eps005_scale,ln(kobs),4,ar2_scf_energy_hartree|ar2_gap_hartree|ar1_q_a|ar1_Ar_NBO_OH,0.7153396255136522,-0.32826776487178,2.3636562806766217,LOOCV,ln(kobs) = <nonlinear model; no closed-form linear equation>
azoarene_svr_rbf_c30_eps005_scale,ln(kobs),4,ar2_Ar_polar|ar2_gap_hartree|ar1_q_a|ar1_nbo_q_a,0.6973492060709399,-0.3294400297839384,2.4372031060490382,LOOCV,ln(kobs) = <nonlinear model; no closed-form linear equation>
azoarene_svr_rbf_c30_eps005_scale,ln(kobs),4,ar2_Ar_polar|ar2_gap_hartree|ar1_q_a|ar1_Ar_NBO_OH,0.6973492060709399,-0.3294400297839384,2.4372031060490382,LOOCV,ln(kobs) = <nonlinear model; no closed-form linear equation>
azoarene_svr_rbf_c30_eps005_scale,ln(kobs),4,ar2_isotropic_polarizability_au|ar2_gap_hartree|ar1_q_a|ar1_nbo_q_a,0.6973492060709399,-0.3294400297839384,2.4372031060490382,LOOCV,ln(kobs) = <nonlinear model; no closed-form linear equation>
azoarene_svr_rbf_c30_eps005_scale,ln(kobs),4,ar2_isotropic_polarizability_au|ar2_gap_hartree|ar1_q_a|ar1_Ar_NBO_OH,0.6973492060709399,-0.3294400297839384,2.4372031060490382,LOOCV,ln(kobs) = <nonlinear model; no closed-form linear equation>
azoarene_svr_rbf_c30_eps005_scale,ln(kobs),4,ar2_Ar_polar|ar2_lumo_hartree|ar1_q_a|ar1_nbo_q_a,0.705819893704583,-0.3304846029796831,2.402854448411399,LOOCV,ln(kobs) = <nonlinear model; no closed-form linear equation>
azoarene_svr_rbf_c30_eps005_scale,ln(kobs),4,ar2_Ar_polar|ar2_lumo_hartree|ar1_q_a|ar1_Ar_NBO_OH,0.705819893704583,-0.3304846029796831,2.402854448411399,LOOCV,ln(kobs) = <nonlinear model; no closed-form linear equation>
azoarene_svr_rbf_c30_eps005_scale,ln(kobs),4,ar2_Ar_polar|ar2_Ar_LUMO|ar1_q_a|ar1_nbo_q_a,0.705819893704583,-0.3304846029796831,2.402854448411399,LOOCV,ln(kobs) = <nonlinear model; no closed-form linear equation>
azoarene_svr_rbf_c30_eps005_scale,ln(kobs),4,ar2_Ar_polar|ar2_Ar_LUMO|ar1_q_a|ar1_Ar_NBO_OH,0.705819893704583,-0.3304846029796831,2.402854448411399,LOOCV,ln(kobs) = <nonlinear model; no closed-form linear equation>
azoarene_svr_rbf_c30_eps005_scale,ln(kobs),4,ar2_isotropic_polarizability_au|ar2_lumo_hartree|ar1_q_a|ar1_nbo_q_a,0.705819893704583,-0.3304846029796831,2.402854448411399,LOOCV,ln(kobs) = <nonlinear model; no closed-form linear equation>
azoarene_svr_rbf_c30_eps005_scale,ln(kobs),4,ar2_isotropic_polarizability_au|ar2_lumo_hartree|ar1_q_a|ar1_Ar_NBO_OH,0.705819893704583,-0.3304846029796831,2.402854448411399,LOOCV,ln(kobs) = <nonlinear model; no closed-form linear equation>
azoarene_svr_rbf_c30_eps005_scale,ln(kobs),4,ar2_isotropic_polarizability_au|ar2_Ar_LUMO|ar1_q_a|ar1_nbo_q_a,0.705819893704583,-0.3304846029796831,2.402854448411399,LOOCV,ln(kobs) = <nonlinear model; no closed-form linear equation>
azoarene_svr_rbf_c30_eps005_scale,ln(kobs),4,ar2_isotropic_polarizability_au|ar2_Ar_LUMO|ar1_q_a|ar1_Ar_NBO_OH,0.705819893704583,-0.3304846029796831,2.402854448411399,LOOCV,ln(kobs) = <nonlinear model; no closed-form linear equation>
azoarene_svr_rbf_c30_eps005_scale,ln(kobs),4,ar2_gibbs_free_energy_hartree|rate kobs (s-1)|ar2_lumo_hartree|ar1_q_a,0.6759786413808601,-0.3640926287347974,2.5217825401597893,LOOCV,ln(kobs) = <nonlinear model; no closed-form linear equation>
azoarene_svr_rbf_c30_eps005_scale,ln(kobs),4,ar2_gibbs_free_energy_hartree|rate kobs (s-1)|ar2_Ar_LUMO|ar1_q_a,0.6759786413808601,-0.3640926287347974,2.5217825401597893,LOOCV,ln(kobs) = <nonlinear model; no closed-form linear equation>
azoarene_svr_rbf_c30_eps005_scale,ln(kobs),4,ar2_enthalpy_hartree|rate kobs (s-1)|ar2_lumo_hartree|ar1_q_a,0.6759704314293199,-0.3641181424309534,2.521814488024883,LOOCV,ln(kobs) = <nonlinear model; no closed-form linear equation>
azoarene_svr_rbf_c30_eps005_scale,ln(kobs),4,ar2_enthalpy_hartree|rate kobs (s-1)|ar2_Ar_LUMO|ar1_q_a,0.6759704314293199,-0.3641181424309534,2.521814488024883,LOOCV,ln(kobs) = <nonlinear model; no closed-form linear equation>
azoarene_svr_rbf_c30_eps005_scale,ln(kobs),4,ar2_scf_energy_hartree|rate kobs (s-1)|ar2_lumo_hartree|ar1_q_a,0.6759638347496475,-0.36413582206778883,2.521840157777457,LOOCV,ln(kobs) = <nonlinear model; no closed-form linear equation>
azoarene_svr_rbf_c30_eps005_scale,ln(kobs),4,ar2_scf_energy_hartree|rate kobs (s-1)|ar2_Ar_LUMO|ar1_q_a,0.6759638347496475,-0.36413582206778883,2.521840157777457,LOOCV,ln(kobs) = <nonlinear model; no closed-form linear equation>
azoarene_svr_rbf_c30_eps005_scale,ln(kobs),3,ar2_lumo_hartree|ar2_Ar_LUMO|ar1_q_a,0.6241468652467395,-0.4727078431370275,2.7160008564772045,LOOCV,ln(kobs) = <nonlinear model; no closed-form linear equation>
azoarene_svr_rbf_c30_eps005_scale,ln(kobs),3,ar2_lumo_hartree|ar2_gap_hartree|ar1_q_a,0.620842916661561,-0.47765869821995355,2.7279122815071433,LOOCV,ln(kobs) = <nonlinear model; no closed-form linear equation>
azoarene_svr_rbf_c30_eps005_scale,ln(kobs),3,ar2_Ar_LUMO|ar2_gap_hartree|ar1_q_a,0.620842916661561,-0.47765869821995355,2.7279122815071433,LOOCV,ln(kobs) = <nonlinear model; no closed-form linear equation>
azoarene_svr_rbf_c30_eps005_scale,ln(kobs),3,ar2_scf_energy_hartree|ar2_lumo_hartree|ar1_q_a,0.6022543038222166,-0.5454344192708978,2.7939817093157435,LOOCV,ln(kobs) = <nonlinear model; no closed-form linear equation>
azoarene_svr_rbf_c30_eps005_scale,ln(kobs),3,ar2_scf_energy_hartree|ar2_Ar_LUMO|ar1_q_a,0.6022543038222166,-0.5454344192708978,2.7939817093157435,LOOCV,ln(kobs) = <nonlinear model; no closed-form linear equation>
azoarene_svr_rbf_c30_eps005_scale,ln(kobs),3,ar2_gibbs_free_energy_hartree|ar2_lumo_hartree|ar1_q_a,0.6022635167597505,-0.5454925695029615,2.793949350790855,LOOCV,ln(kobs) = <nonlinear model; no closed-form linear equation>
azoarene_svr_rbf_c30_eps005_scale,ln(kobs),3,ar2_gibbs_free_energy_hartree|ar2_Ar_LUMO|ar1_q_a,0.6022635167597505,-0.5454925695029615,2.793949350790855,LOOCV,ln(kobs) = <nonlinear model; no closed-form linear equation>
azoarene_svr_rbf_c30_eps005_scale,ln(kobs),3,ar2_enthalpy_hartree|ar2_lumo_hartree|ar1_q_a,0.602286121887604,-0.5455166061061714,2.793869953397909,LOOCV,ln(kobs) = <nonlinear model; no closed-form linear equation>
azoarene_svr_rbf_c30_eps005_scale,ln(kobs),3,ar2_enthalpy_hartree|ar2_Ar_LUMO|ar1_q_a,0.602286121887604,-0.5455166061061714,2.793869953397909,LOOCV,ln(kobs) = <nonlinear model; no closed-form linear equation>
azoarene_svr_rbf_c30_eps005_scale,ln(kobs),3,ar2_scf_energy_hartree|ar2_gap_hartree|ar1_q_a,0.5992813031414563,-0.5659089771868884,2.8044042548387442,LOOCV,ln(kobs) = <nonlinear model; no closed-form linear equation>
azoarene_svr_rbf_c30_eps005_scale,ln(kobs),3,ar2_gibbs_free_energy_hartree|ar2_gap_hartree|ar1_q_a,0.5992950821416396,-0.5660179348851162,2.804356038697056,LOOCV,ln(kobs) = <nonlinear model; no closed-form linear equation>
azoarene_svr_rbf_c30_eps005_scale,ln(kobs),3,ar2_enthalpy_hartree|ar2_gap_hartree|ar1_q_a,0.5993118549007572,-0.5660262671849279,2.8042973455310265,LOOCV,ln(kobs) = <nonlinear model; no closed-form linear equation>
azoarene_svr_rbf_c30_eps005_scale,ln(kobs),3,ar2_Ar_polar|ar2_lumo_hartree|ar1_q_a,0.5645051470268687,-0.6179263226745715,2.923562128472797,LOOCV,ln(kobs) = <nonlinear model; no closed-form linear equation>
azoarene_svr_rbf_c30_eps005_scale,ln(kobs),3,ar2_Ar_polar|ar2_Ar_LUMO|ar1_q_a,0.5645051470268687,-0.6179263226745715,2.923562128472797,LOOCV,ln(kobs) = <nonlinear model; no closed-form linear equation>
azoarene_svr_rbf_c30_eps005_scale,ln(kobs),3,ar2_isotropic_polarizability_au|ar2_lumo_hartree|ar1_q_a,0.5645051470268687,-0.6179263226745715,2.923562128472797,LOOCV,ln(kobs) = <nonlinear model; no closed-form linear equation>
azoarene_svr_rbf_c30_eps005_scale,ln(kobs),3,ar2_isotropic_polarizability_au|ar2_Ar_LUMO|ar1_q_a,0.5645051470268687,-0.6179263226745715,2.923562128472797,LOOCV,ln(kobs) = <nonlinear model; no closed-form linear equation>
azoarene_svr_rbf_c30_eps005_scale,ln(kobs),3,ar2_Ar_polar|ar2_gap_hartree|ar1_q_a,0.5558213571967996,-0.6223055218686564,2.9525662460535966,LOOCV,ln(kobs) = <nonlinear model; no closed-form linear equation>
azoarene_svr_rbf_c30_eps005_scale,ln(kobs),3,ar2_isotropic_polarizability_au|ar2_gap_hartree|ar1_q_a,0.5558213571967996,-0.6223055218686564,2.9525662460535966,LOOCV,ln(kobs) = <nonlinear model; no closed-form linear equation>
