category,target,k,features,R2,Q2,RMSE,CV,equation
indigo_aryl_alkyl,ln(kobs)_MeCN,5,kobs_MeCN|ln(kobs)_toluene|kobs_toluene|LUMO|Ster_B1,0.9908443974537028,0.9782294147641333,0.05160677910869846,LOOCV,ln(kobs)_MeCN = 0.68 + 3.18*kobs_MeCN + 0.97*ln(kobs)_toluene - 8.03*kobs_toluene + 2.89*LUMO + 0.15*Ster_B1
indigo_aryl_alkyl,ln(kobs)_MeCN,5,kobs_MeCN|ln(kobs)_toluene|kobs_toluene|HOMO|LUMO,0.9904851703622122,0.9762489274254231,0.052609454340481275,LOOCV,ln(kobs)_MeCN = 1.34 + 2.63*kobs_MeCN + 0.92*ln(kobs)_toluene - 6.17*kobs_toluene + 1.89*HOMO + 2.11*LUMO
indigo_aryl_alkyl,ln(kobs)_MeCN,4,kobs_MeCN|ln(kobs)_toluene|kobs_toluene|HOMO,0.9880457566071462,0.9759832030488823,0.05896907779823057,LOOCV,ln(kobs)_MeCN = 1.34 + 2.74*kobs_MeCN + 0.89*ln(kobs)_toluene - 6.01*kobs_toluene + 2.51*HOMO
indigo_aryl_alkyl,ln(kobs)_MeCN,5,kobs_MeCN|ln(kobs)_toluene|kobs_toluene|HOMO|Ar_NBO_-O,0.9884024834212394,0.9751737684676315,0.05808256539039582,LOOCV,ln(kobs)_MeCN = -1.64 + 2.65*kobs_MeCN + 0.88*ln(kobs)_toluene - 5.74*kobs_toluene + 2.28*HOMO - 4.11*Ar_NBO_-O
indigo_aryl_alkyl,ln(kobs)_MeCN,5,kobs_MeCN|ln(kobs)_toluene|kobs_toluene|LUMO|polarizability,0.9904087212805779,0.9742950042752933,0.05282038286505679,LOOCV,ln(kobs)_MeCN = 0.68 + 2.96*kobs_MeCN + 0.91*ln(kobs)_toluene - 6.84*kobs_toluene + 2.93*LUMO + 0.00*polarizability
indigo_aryl_alkyl,ln(kobs)_MeCN,5,kobs_MeCN|ln(kobs)_toluene|kobs_toluene|HOMO|Ster_L,0.9880546277498361,0.9740427222603792,0.058947193511054145,LOOCV,ln(kobs)_MeCN = 1.38 + 2.73*kobs_MeCN + 0.90*ln(kobs)_toluene - 6.00*kobs_toluene + 2.55*HOMO - 0.00*Ster_L
indigo_aryl_alkyl,ln(kobs)_MeCN,5,kobs_MeCN|ln(kobs)_toluene|kobs_toluene|Ar_NBO_=O|HOMO,0.9885134265665273,0.973996231603526,0.05780408562799572,LOOCV,ln(kobs)_MeCN = -0.52 + 2.68*kobs_MeCN + 0.87*ln(kobs)_toluene - 5.78*kobs_toluene - 2.74*Ar_NBO_=O + 2.01*HOMO
indigo_aryl_alkyl,ln(kobs)_MeCN,5,kobs_MeCN|ln(kobs)_toluene|kobs_toluene|HOMO|Ster_B5,0.9882642755895436,0.9737224259255554,0.05842762594505529,LOOCV,ln(kobs)_MeCN = 1.57 + 2.61*kobs_MeCN + 0.90*ln(kobs)_toluene - 5.83*kobs_toluene + 3.05*HOMO - 0.01*Ster_B5
indigo_aryl_alkyl,ln(kobs)_MeCN,5,kobs_MeCN|ln(kobs)_toluene|kobs_toluene|LUMO|Ster_L,0.9898013361754585,0.9732254683465009,0.05446718460402497,LOOCV,ln(kobs)_MeCN = 0.58 + 2.88*kobs_MeCN + 0.90*ln(kobs)_toluene - 6.58*kobs_toluene + 3.36*LUMO + 0.02*Ster_L
indigo_aryl_alkyl,ln(kobs)_MeCN,5,kobs_MeCN|ln(kobs)_toluene|kobs_toluene|HOMO|Occupancy_C1-O,0.9884216156991384,0.9723142911120595,0.0580346365748798,LOOCV,ln(kobs)_MeCN = -28.61 + 2.77*kobs_MeCN + 0.89*ln(kobs)_toluene - 6.00*kobs_toluene + 2.49*HOMO + 15.01*Occupancy_C1-O
indigo_aryl_alkyl,ln(kobs)_MeCN,5,kobs_MeCN|ln(kobs)_toluene|kobs_toluene|HOMO|Entry,0.9880798749024139,0.9722387744015057,0.05888486661315831,LOOCV,ln(kobs)_MeCN = 1.40 + 2.71*kobs_MeCN + 0.90*ln(kobs)_toluene - 5.97*kobs_toluene + 2.60*HOMO - 0.00*Entry
indigo_aryl_alkyl,ln(kobs)_MeCN,5,kobs_MeCN|ln(kobs)_toluene|kobs_toluene|HOMO|L_C1-C2,0.989114600119897,0.9721462523544251,0.05627111009825265,LOOCV,ln(kobs)_MeCN = 6.78 + 2.70*kobs_MeCN + 0.91*ln(kobs)_toluene - 6.07*kobs_toluene + 2.09*HOMO - 3.70*L_C1-C2
indigo_aryl_alkyl,ln(kobs)_MeCN,5,kobs_MeCN|ln(kobs)_toluene|kobs_toluene|LUMO|Ster_B5,0.9894921232007732,0.9720998450824216,0.05528671361579558,LOOCV,ln(kobs)_MeCN = 0.71 + 2.92*kobs_MeCN + 0.92*ln(kobs)_toluene - 6.67*kobs_toluene + 2.82*LUMO + 0.01*Ster_B5
indigo_aryl_alkyl,ln(kobs)_MeCN,5,kobs_MeCN|ln(kobs)_toluene|kobs_toluene|HOMO|Ar_NBO_C1_x,0.9880539499339543,0.9720740828800292,0.058948865906703576,LOOCV,ln(kobs)_MeCN = 1.60 + 2.76*kobs_MeCN + 0.90*ln(kobs)_toluene - 6.05*kobs_toluene + 2.48*HOMO - 0.33*Ar_NBO_C1_x
indigo_aryl_alkyl,ln(kobs)_MeCN,5,kobs_MeCN|ln(kobs)_toluene|kobs_toluene|Ar_NBO_=O|Ster_B1,0.9886366993248328,0.9718380119520391,0.0574930751082052,LOOCV,ln(kobs)_MeCN = -3.15 + 3.14*kobs_MeCN + 0.89*ln(kobs)_toluene - 7.14*kobs_toluene - 5.75*Ar_NBO_=O + 0.14*Ster_B1
indigo_aryl_alkyl,ln(kobs)_MeCN,5,kobs_MeCN|ln(kobs)_toluene|kobs_toluene|HOMO|polarizability,0.9880731558599103,0.9717498633267493,0.0589014601547468,LOOCV,ln(kobs)_MeCN = 1.42 + 2.69*kobs_MeCN + 0.90*ln(kobs)_toluene - 5.93*kobs_toluene + 2.70*HOMO - 0.00*polarizability
indigo_aryl_alkyl,ln(kobs)_MeCN,5,kobs_MeCN|ln(kobs)_toluene|kobs_toluene|Ar_NBO_-O|Ster_B1,0.9868685472611579,0.9712058968593681,0.061804440112484885,LOOCV,ln(kobs)_MeCN = -4.67 + 3.18*kobs_MeCN + 0.92*ln(kobs)_toluene - 7.22*kobs_toluene - 7.21*Ar_NBO_-O + 0.14*Ster_B1
indigo_aryl_alkyl,ln(kobs)_MeCN,5,kobs_MeCN|ln(kobs)_toluene|kobs_toluene|HOMO|Ar_v_C=O,0.9885148383850921,0.971177054080895,0.05780053315912926,LOOCV,ln(kobs)_MeCN = 7.80 + 2.72*kobs_MeCN + 0.88*ln(kobs)_toluene - 5.97*kobs_toluene + 1.99*HOMO - 0.00*Ar_v_C=O
indigo_aryl_alkyl,ln(kobs)_MeCN,5,kobs_MeCN|ln(kobs)_toluene|kobs_toluene|HOMO|Ster_B1,0.990548083050842,0.9706402750158751,0.05243523726737864,LOOCV,ln(kobs)_MeCN = 1.15 + 3.13*kobs_MeCN + 0.91*ln(kobs)_toluene - 7.44*kobs_toluene + 2.42*HOMO + 0.14*Ster_B1
indigo_aryl_alkyl,ln(kobs)_MeCN,4,kobs_MeCN|ln(kobs)_toluene|kobs_toluene|polarizability,0.9850941906793695,0.9704429934962595,0.06584776968821737,LOOCV,ln(kobs)_MeCN = 0.44 + 3.22*kobs_MeCN + 0.90*ln(kobs)_toluene - 6.74*kobs_toluene + 0.00*polarizability
indigo_aryl_alkyl,ln(kobs)_MeCN,5,kobs_MeCN|ln(kobs)_toluene|kobs_toluene|Ar_v_C=O|Ster_B1,0.9891430773485347,0.9704085446926138,0.056197456640612695,LOOCV,ln(kobs)_MeCN = 15.26 + 3.25*kobs_MeCN + 0.91*ln(kobs)_toluene - 7.64*kobs_toluene - 0.01*Ar_v_C=O + 0.15*Ster_B1
indigo_aryl_alkyl,ln(kobs)_MeCN,5,kobs_MeCN|ln(kobs)_toluene|kobs_toluene|HOMO|Ar_I_C=O,0.9882856108812089,0.9702289704482949,0.05837449170841582,LOOCV,ln(kobs)_MeCN = 1.20 + 2.72*kobs_MeCN + 0.90*ln(kobs)_toluene - 6.03*kobs_toluene + 2.17*HOMO + 0.00*Ar_I_C=O
indigo_aryl_alkyl,ln(kobs)_MeCN,5,kobs_MeCN|ln(kobs)_toluene|kobs_toluene|Ar_I_C=O|Ster_B1,0.9878685194968252,0.9701557046456974,0.05940461578540233,LOOCV,ln(kobs)_MeCN = 0.33 + 3.23*kobs_MeCN + 0.97*ln(kobs)_toluene - 7.70*kobs_toluene + 0.00*Ar_I_C=O + 0.14*Ster_B1
indigo_aryl_alkyl,ln(kobs)_MeCN,4,kobs_MeCN|ln(kobs)_toluene|kobs_toluene|LUMO,0.9878493844678171,0.9697201922545335,0.059451446885912855,LOOCV,ln(kobs)_MeCN = 0.86 + 2.77*kobs_MeCN + 0.95*ln(kobs)_toluene - 6.48*kobs_toluene + 2.86*LUMO
indigo_aryl_alkyl,ln(kobs)_MeCN,4,kobs_MeCN|ln(kobs)_toluene|kobs_toluene|Ster_B1,0.9856537926215888,0.9694164762215813,0.0645998993315333,LOOCV,ln(kobs)_MeCN = 0.44 + 3.44*kobs_MeCN + 0.95*ln(kobs)_toluene - 7.92*kobs_toluene + 0.15*Ster_B1
indigo_aryl_alkyl,ln(kobs)_MeCN,5,kobs_MeCN|ln(kobs)_toluene|kobs_toluene|Ster_L|polarizability,0.9856876675200488,0.9690124709607975,0.06452358618874529,LOOCV,ln(kobs)_MeCN = 0.60 + 3.21*kobs_MeCN + 0.93*ln(kobs)_toluene - 6.89*kobs_toluene - 0.01*Ster_L + 0.00*polarizability
indigo_aryl_alkyl,ln(kobs)_MeCN,5,kobs_MeCN|ln(kobs)_toluene|kobs_toluene|polarizability|L_C1-C2,0.988150234930377,0.9687367418794542,0.05871082176086299,LOOCV,ln(kobs)_MeCN = 9.25 + 3.06*kobs_MeCN + 0.92*ln(kobs)_toluene - 6.72*kobs_toluene + 0.00*polarizability - 5.87*L_C1-C2
indigo_aryl_alkyl,ln(kobs)_MeCN,5,kobs_MeCN|ln(kobs)_toluene|kobs_toluene|Ar_NBO_-O|polarizability,0.9857890070440843,0.9683443091860663,0.06429474839178227,LOOCV,ln(kobs)_MeCN = -3.65 + 3.00*kobs_MeCN + 0.88*ln(kobs)_toluene - 6.22*kobs_toluene - 5.81*Ar_NBO_-O + 0.00*polarizability
indigo_aryl_alkyl,ln(kobs)_MeCN,5,kobs_MeCN|ln(kobs)_toluene|kobs_toluene|polarizability|Ster_B1,0.9863457946241486,0.9683331042766927,0.06302262734231881,LOOCV,ln(kobs)_MeCN = 0.37 + 3.45*kobs_MeCN + 0.92*ln(kobs)_toluene - 7.74*kobs_toluene + 0.00*polarizability + 0.11*Ster_B1
indigo_aryl_alkyl,ln(kobs)_MeCN,5,kobs_MeCN|ln(kobs)_toluene|kobs_toluene|Ar_NBO_-O|Ster_B5,0.9865299101222855,0.9682467674897414,0.0625962816216578,LOOCV,ln(kobs)_MeCN = -6.00 + 2.92*kobs_MeCN + 0.86*ln(kobs)_toluene - 5.92*kobs_toluene - 9.09*Ar_NBO_-O + 0.01*Ster_B5
indigo_aryl_alkyl,ln(kobs)_MeCN,5,kobs_MeCN|ln(kobs)_toluene|kobs_toluene|Ar_I_C=O|polarizability,0.9863638734833613,0.9681398861176155,0.06298089094778944,LOOCV,ln(kobs)_MeCN = 0.40 + 3.01*kobs_MeCN + 0.92*ln(kobs)_toluene - 6.56*kobs_toluene + 0.00*Ar_I_C=O + 0.00*polarizability
indigo_aryl_alkyl,ln(kobs)_MeCN,5,kobs_MeCN|ln(kobs)_toluene|kobs_toluene|Ar_NBO_=O|Ster_B5,0.986976200646433,0.9681178719643515,0.06155057825877266,LOOCV,ln(kobs)_MeCN = -2.83 + 2.89*kobs_MeCN + 0.85*ln(kobs)_toluene - 5.93*kobs_toluene - 5.34*Ar_NBO_=O + 0.01*Ster_B5
indigo_aryl_alkyl,ln(kobs)_MeCN,4,kobs_MeCN|ln(kobs)_toluene|kobs_toluene|Ster_B5,0.9845624672414318,0.968093750058442,0.06701194681103474,LOOCV,ln(kobs)_MeCN = 0.47 + 3.18*kobs_MeCN + 0.90*ln(kobs)_toluene - 6.61*kobs_toluene + 0.01*Ster_B5
indigo_aryl_alkyl,ln(kobs)_MeCN,5,kobs_MeCN|ln(kobs)_toluene|kobs_toluene|polarizability|Ster_B5,0.9851279970348077,0.9679845820542288,0.06577305597509313,LOOCV,ln(kobs)_MeCN = 0.43 + 3.22*kobs_MeCN + 0.90*ln(kobs)_toluene - 6.73*kobs_toluene + 0.00*polarizability + 0.00*Ster_B5
indigo_aryl_alkyl,ln(kobs)_MeCN,5,kobs_MeCN|ln(kobs)_toluene|kobs_toluene|Ar_NBO_=O|Ar_NBO_-O,0.9865637917228037,0.9676425408825153,0.0625175071825351,LOOCV,ln(kobs)_MeCN = 0.30 + 2.83*kobs_MeCN + 0.86*ln(kobs)_toluene - 5.91*kobs_toluene - 9.86*Ar_NBO_=O + 8.25*Ar_NBO_-O
indigo_aryl_alkyl,ln(kobs)_MeCN,5,kobs_MeCN|ln(kobs)_toluene|kobs_toluene|Ster_B1|Ster_B5,0.9867313727816969,0.9675556071089539,0.06212641385565366,LOOCV,ln(kobs)_MeCN = 0.34 + 3.51*kobs_MeCN + 0.93*ln(kobs)_toluene - 7.90*kobs_toluene + 0.13*Ster_B1 + 0.01*Ster_B5
indigo_aryl_alkyl,ln(kobs)_MeCN,4,kobs_MeCN|ln(kobs)_toluene|kobs_toluene|Ar_NBO_=O,0.986196237944144,0.9674039385684929,0.06336683578996538,LOOCV,ln(kobs)_MeCN = -3.23 + 2.75*kobs_MeCN + 0.87*ln(kobs)_toluene - 5.70*kobs_toluene - 6.14*Ar_NBO_=O
indigo_aryl_alkyl,ln(kobs)_MeCN,5,kobs_MeCN|ln(kobs)_toluene|kobs_toluene|Ar_NBO_=O|Occupancy_C1-O,0.9882176388573948,0.9673075960834788,0.05854360394990441,LOOCV,ln(kobs)_MeCN = -78.44 + 2.72*kobs_MeCN + 0.85*ln(kobs)_toluene - 5.46*kobs_toluene - 7.90*Ar_NBO_=O + 37.16*Occupancy_C1-O
indigo_aryl_alkyl,ln(kobs)_MeCN,4,kobs_MeCN|ln(kobs)_toluene|kobs_toluene|Ar_NBO_-O,0.9845682279430527,0.9671771727988743,0.06699944248612558,LOOCV,ln(kobs)_MeCN = -5.54 + 2.77*kobs_MeCN + 0.90*ln(kobs)_toluene - 5.74*kobs_toluene - 8.67*Ar_NBO_-O
indigo_aryl_alkyl,ln(kobs)_MeCN,5,kobs_MeCN|ln(kobs)_toluene|kobs_toluene|LUMO|Ar_I_C=O,0.9885801855160069,0.9670058054180635,0.057635864732437876,LOOCV,ln(kobs)_MeCN = 0.75 + 2.71*kobs_MeCN + 0.96*ln(kobs)_toluene - 6.42*kobs_toluene + 2.42*LUMO + 0.00*Ar_I_C=O
indigo_aryl_alkyl,ln(kobs)_MeCN,5,kobs_MeCN|ln(kobs)_toluene|kobs_toluene|Ar_NBO_-O|Ar_I_C=O,0.9862634314548018,0.9668895750493753,0.06321242011933136,LOOCV,ln(kobs)_MeCN = -3.75 + 2.69*kobs_MeCN + 0.92*ln(kobs)_toluene - 5.86*kobs_toluene - 6.00*Ar_NBO_-O + 0.00*Ar_I_C=O
indigo_aryl_alkyl,ln(kobs)_MeCN,5,kobs_MeCN|ln(kobs)_toluene|kobs_toluene|L_C1-C2|Ster_B1,0.9887260507588079,0.9666627128821965,0.05726659042799057,LOOCV,ln(kobs)_MeCN = 9.27 + 3.28*kobs_MeCN + 0.97*ln(kobs)_toluene - 7.90*kobs_toluene - 5.89*L_C1-C2 + 0.15*Ster_B1
indigo_aryl_alkyl,ln(kobs)_MeCN,5,kobs_MeCN|ln(kobs)_toluene|kobs_toluene|LUMO|Ar_NBO_C1_x,0.9882411867812966,0.9665396533631918,0.058485072820106954,LOOCV,ln(kobs)_MeCN = -1.27 + 2.64*kobs_MeCN + 0.94*ln(kobs)_toluene - 6.29*kobs_toluene + 3.45*LUMO + 2.67*Ar_NBO_C1_x
indigo_aryl_alkyl,ln(kobs)_MeCN,5,kobs_MeCN|ln(kobs)_toluene|kobs_toluene|Ar_v_C=O|Ster_B5,0.987306673195122,0.966531626969475,0.060764652671451896,LOOCV,ln(kobs)_MeCN = 13.86 + 2.98*kobs_MeCN + 0.87*ln(kobs)_toluene - 6.30*kobs_toluene - 0.01*Ar_v_C=O + 0.01*Ster_B5
indigo_aryl_alkyl,ln(kobs)_MeCN,5,kobs_MeCN|ln(kobs)_toluene|kobs_toluene|L_C1-C2|Ster_B5,0.9877856483513217,0.9664662572638798,0.05960716937799013,LOOCV,ln(kobs)_MeCN = 9.51 + 3.03*kobs_MeCN + 0.92*ln(kobs)_toluene - 6.60*kobs_toluene - 6.03*L_C1-C2 + 0.01*Ster_B5
indigo_aryl_alkyl,ln(kobs)_MeCN,5,kobs_MeCN|ln(kobs)_toluene|kobs_toluene|Ster_L|Ster_B1,0.985686773874541,0.9664477427440001,0.06452560054639735,LOOCV,ln(kobs)_MeCN = 0.47 + 3.44*kobs_MeCN + 0.96*ln(kobs)_toluene - 8.01*kobs_toluene - 0.00*Ster_L + 0.16*Ster_B1
indigo_aryl_alkyl,ln(kobs)_MeCN,4,kobs_MeCN|ln(kobs)_toluene|kobs_toluene|Ar_I_C=O,0.9854830424151515,0.9662923424672173,0.06498319989065582,LOOCV,ln(kobs)_MeCN = 0.49 + 2.84*kobs_MeCN + 0.95*ln(kobs)_toluene - 6.31*kobs_toluene + 0.00*Ar_I_C=O
indigo_aryl_alkyl,ln(kobs)_MeCN,5,kobs_MeCN|ln(kobs)_toluene|kobs_toluene|Ar_NBO_C1_x|polarizability,0.9862611114940504,0.9661553250592474,0.06321775784766569,LOOCV,ln(kobs)_MeCN = 3.48 + 3.34*kobs_MeCN + 0.92*ln(kobs)_toluene - 7.07*kobs_toluene - 3.73*Ar_NBO_C1_x + 0.00*polarizability
indigo_aryl_alkyl,ln(kobs)_MeCN,5,kobs_MeCN|ln(kobs)_toluene|kobs_toluene|LUMO|Entry,0.9878500438124129,0.9660261653330036,0.05944983381857889,LOOCV,ln(kobs)_MeCN = 0.86 + 2.78*kobs_MeCN + 0.95*ln(kobs)_toluene - 6.49*kobs_toluene + 2.85*LUMO + 0.00*Entry
indigo_aryl_alkyl,ln(kobs)_MeCN,5,kobs_MeCN|ln(kobs)_toluene|kobs_toluene|Ar_NBO_=O|Ar_I_C=O,0.9873123238782646,0.9659047539943124,0.06075112587796978,LOOCV,ln(kobs)_MeCN = -2.48 + 2.68*kobs_MeCN + 0.89*ln(kobs)_toluene - 5.79*kobs_toluene - 4.80*Ar_NBO_=O + 0.00*Ar_I_C=O
indigo_aryl_alkyl,ln(kobs)_MeCN,5,kobs_MeCN|ln(kobs)_toluene|kobs_toluene|Ar_v_C=O|polarizability,0.987218787508577,0.9656256908588747,0.060974650071451884,LOOCV,ln(kobs)_MeCN = 12.71 + 3.00*kobs_MeCN + 0.88*ln(kobs)_toluene - 6.40*kobs_toluene - 0.01*Ar_v_C=O + 0.00*polarizability
indigo_aryl_alkyl,ln(kobs)_MeCN,5,kobs_MeCN|ln(kobs)_toluene|kobs_toluene|Ster_L|Ar_I_C=O,0.9857093880265376,0.9656221592191606,0.06447460685206366,LOOCV,ln(kobs)_MeCN = 0.39 + 2.90*kobs_MeCN + 0.93*ln(kobs)_toluene - 6.34*kobs_toluene + 0.01*Ster_L + 0.00*Ar_I_C=O
indigo_aryl_alkyl,ln(kobs)_MeCN,5,kobs_MeCN|ln(kobs)_toluene|kobs_toluene|Entry|Ster_B1,0.9864836715615141,0.9655583725215336,0.06270362620490369,LOOCV,ln(kobs)_MeCN = 0.30 + 3.58*kobs_MeCN + 0.92*ln(kobs)_toluene - 8.18*kobs_toluene + 0.00*Entry + 0.16*Ster_B1
indigo_aryl_alkyl,ln(kobs)_MeCN,5,kobs_MeCN|ln(kobs)_toluene|kobs_toluene|Entry|polarizability,0.985272939887504,0.9655357941530536,0.06545175842392635,LOOCV,ln(kobs)_MeCN = 0.39 + 3.26*kobs_MeCN + 0.88*ln(kobs)_toluene - 6.80*kobs_toluene + 0.00*Entry + 0.00*polarizability
indigo_aryl_alkyl,ln(kobs)_MeCN,5,kobs_MeCN|ln(kobs)_toluene|kobs_toluene|Ar_NBO_C1_x|Ster_B1,0.9871207060343177,0.9654873433217559,0.061208158981961185,LOOCV,ln(kobs)_MeCN = 3.88 + 3.62*kobs_MeCN + 0.98*ln(kobs)_toluene - 8.48*kobs_toluene - 4.22*Ar_NBO_C1_x + 0.17*Ster_B1
indigo_aryl_alkyl,ln(kobs)_MeCN,5,kobs_MeCN|ln(kobs)_toluene|kobs_toluene|Ster_L|Ster_B5,0.9846184235436061,0.9653911328096961,0.06689038772222872,LOOCV,ln(kobs)_MeCN = 0.42 + 3.20*kobs_MeCN + 0.89*ln(kobs)_toluene - 6.60*kobs_toluene + 0.00*Ster_L + 0.01*Ster_B5
indigo_aryl_alkyl,ln(kobs)_MeCN,5,kobs_MeCN|ln(kobs)_toluene|kobs_toluene|Ar_NBO_-O|Occupancy_C1-O,0.9864771037650693,0.9653107711119729,0.06271885869349228,LOOCV,ln(kobs)_MeCN = -82.99 + 2.69*kobs_MeCN + 0.88*ln(kobs)_toluene - 5.38*kobs_toluene - 12.85*Ar_NBO_-O + 37.34*Occupancy_C1-O
indigo_aryl_alkyl,ln(kobs)_MeCN,5,kobs_MeCN|ln(kobs)_toluene|kobs_toluene|Ar_I_C=O|Ster_B5,0.9858680584038217,0.9651627259234904,0.06411567310678007,LOOCV,ln(kobs)_MeCN = 0.43 + 2.96*kobs_MeCN + 0.93*ln(kobs)_toluene - 6.43*kobs_toluene + 0.00*Ar_I_C=O + 0.01*Ster_B5
indigo_aryl_alkyl,ln(kobs)_MeCN,3,kobs_MeCN|ln(kobs)_toluene|kobs_toluene,0.9827748481874358,0.9647304674526701,0.07078558378353875,LOOCV,ln(kobs)_MeCN = 0.62 + 3.03*kobs_MeCN + 0.93*ln(kobs)_toluene - 6.41*kobs_toluene
indigo_aryl_alkyl,ln(kobs)_MeCN,5,kobs_MeCN|ln(kobs)_toluene|kobs_toluene|Ar_NBO_-O|LUMO,0.9879116623253879,0.9646985583934707,0.05929889225927548,LOOCV,ln(kobs)_MeCN = -0.48 + 2.73*kobs_MeCN + 0.94*ln(kobs)_toluene - 6.34*kobs_toluene - 1.86*Ar_NBO_-O + 2.68*LUMO
indigo_aryl_alkyl,ln(kobs)_MeCN,5,kobs_MeCN|ln(kobs)_toluene|kobs_toluene|Ar_NBO_=O|LUMO,0.988556124332081,0.9646003910777585,0.057696551245055995,LOOCV,ln(kobs)_MeCN = -1.20 + 2.68*kobs_MeCN + 0.91*ln(kobs)_toluene - 6.10*kobs_toluene - 3.21*Ar_NBO_=O + 2.25*LUMO
indigo_aryl_alkyl,ln(kobs)_MeCN,5,kobs_MeCN|ln(kobs)_toluene|kobs_toluene|Ar_NBO_=O|polarizability,0.9865762247516061,0.9645836965332937,0.06248857558789473,LOOCV,ln(kobs)_MeCN = -2.48 + 2.90*kobs_MeCN + 0.86*ln(kobs)_toluene - 6.01*kobs_toluene - 4.81*Ar_NBO_=O + 0.00*polarizability
indigo_aryl_alkyl,ln(kobs)_MeCN,4,kobs_MeCN|ln(kobs)_toluene|kobs_toluene|Ar_v_C=O,0.986271767519856,0.9642930611354632,0.0631932369145533,LOOCV,ln(kobs)_MeCN = 15.46 + 2.85*kobs_MeCN + 0.89*ln(kobs)_toluene - 6.12*kobs_toluene - 0.01*Ar_v_C=O
indigo_aryl_alkyl,ln(kobs)_MeCN,5,kobs_MeCN|ln(kobs)_toluene|kobs_toluene|polarizability|Occupancy_C1-O,0.9857700475386294,0.9639591767304051,0.06433762331011096,LOOCV,ln(kobs)_MeCN = -39.87 + 3.25*kobs_MeCN + 0.89*ln(kobs)_toluene - 6.74*kobs_toluene + 0.00*polarizability + 20.20*Occupancy_C1-O
indigo_aryl_alkyl,ln(kobs)_MeCN,5,kobs_MeCN|ln(kobs)_toluene|kobs_toluene|Ar_v_C=O|LUMO,0.9883863510241425,0.9639267339697216,0.05812294840596211,LOOCV,ln(kobs)_MeCN = 7.83 + 2.74*kobs_MeCN + 0.93*ln(kobs)_toluene - 6.33*kobs_toluene - 0.00*Ar_v_C=O + 2.23*LUMO
indigo_aryl_alkyl,ln(kobs)_MeCN,4,kobs_MeCN|ln(kobs)_toluene|kobs_toluene|Ster_L,0.9833118738428772,0.9638776379839029,0.06967341153478661,LOOCV,ln(kobs)_MeCN = 0.46 + 3.11*kobs_MeCN + 0.90*ln(kobs)_toluene - 6.45*kobs_toluene + 0.01*Ster_L
indigo_aryl_alkyl,ln(kobs)_MeCN,5,kobs_MeCN|ln(kobs)_toluene|kobs_toluene|Ar_NBO_-O|Ster_L,0.9845916236167629,0.9637095036953393,0.0669486352408629,LOOCV,ln(kobs)_MeCN = -5.23 + 2.80*kobs_MeCN + 0.89*ln(kobs)_toluene - 5.79*kobs_toluene - 8.18*Ar_NBO_-O + 0.00*Ster_L
indigo_aryl_alkyl,ln(kobs)_MeCN,5,kobs_MeCN|ln(kobs)_toluene|kobs_toluene|LUMO|Occupancy_C1-O,0.9879099903482489,0.9632068760710342,0.059302993028414006,LOOCV,ln(kobs)_MeCN = -11.40 + 2.79*kobs_MeCN + 0.95*ln(kobs)_toluene - 6.48*kobs_toluene + 2.80*LUMO + 6.15*Occupancy_C1-O
indigo_aryl_alkyl,ln(kobs)_MeCN,5,kobs_MeCN|ln(kobs)_toluene|kobs_toluene|Ar_NBO_-O|Entry,0.9849043801348202,0.9630912618559752,0.06626569610885027,LOOCV,ln(kobs)_MeCN = -5.35 + 2.86*kobs_MeCN + 0.88*ln(kobs)_toluene - 5.87*kobs_toluene - 8.28*Ar_NBO_-O + 0.00*Entry
indigo_aryl_alkyl,ln(kobs)_MeCN,5,kobs_MeCN|ln(kobs)_toluene|kobs_toluene|Ster_L|L_C1-C2,0.9868102462954289,0.9627725488774886,0.061941487704911216,LOOCV,ln(kobs)_MeCN = 9.90 + 2.97*kobs_MeCN + 0.92*ln(kobs)_toluene - 6.45*kobs_toluene + 0.01*Ster_L - 6.33*L_C1-C2
indigo_aryl_alkyl,ln(kobs)_MeCN,5,kobs_MeCN|ln(kobs)_toluene|kobs_toluene|Ar_NBO_=O|Ar_NBO_C1_x,0.9867511051249632,0.9625912184709252,0.06208020124393693,LOOCV,ln(kobs)_MeCN = -1.05 + 2.83*kobs_MeCN + 0.88*ln(kobs)_toluene - 5.92*kobs_toluene - 6.00*Ar_NBO_=O - 2.55*Ar_NBO_C1_x
indigo_aryl_alkyl,ln(kobs)_MeCN,5,kobs_MeCN|ln(kobs)_toluene|kobs_toluene|Ar_NBO_=O|Ster_L,0.9862203497371693,0.9625781013327914,0.0633114684264162,LOOCV,ln(kobs)_MeCN = -3.36 + 2.72*kobs_MeCN + 0.87*ln(kobs)_toluene - 5.66*kobs_toluene - 6.41*Ar_NBO_=O - 0.00*Ster_L
indigo_aryl_alkyl,ln(kobs)_MeCN,5,kobs_MeCN|ln(kobs)_toluene|kobs_toluene|Ar_v_C=O|Ster_L,0.9864684566635442,0.9625748063421624,0.06273890801054854,LOOCV,ln(kobs)_MeCN = 14.80 + 2.90*kobs_MeCN + 0.88*ln(kobs)_toluene - 6.16*kobs_toluene - 0.01*Ar_v_C=O + 0.01*Ster_L
indigo_aryl_alkyl,ln(kobs)_MeCN,5,kobs_MeCN|ln(kobs)_toluene|kobs_toluene|Ar_v_C=O|L_C1-C2,0.9863370365832002,0.962559965105506,0.06304283599803417,LOOCV,ln(kobs)_MeCN = 14.43 + 2.85*kobs_MeCN + 0.91*ln(kobs)_toluene - 6.19*kobs_toluene - 0.01*Ar_v_C=O - 1.80*L_C1-C2
indigo_aryl_alkyl,ln(kobs)_MeCN,5,kobs_MeCN|ln(kobs)_toluene|kobs_toluene|Ar_NBO_=O|Entry,0.9864777888656842,0.9625029369198073,0.06271726993350521,LOOCV,ln(kobs)_MeCN = -3.19 + 2.83*kobs_MeCN + 0.85*ln(kobs)_toluene - 5.82*kobs_toluene - 5.96*Ar_NBO_=O + 0.00*Entry
indigo_aryl_alkyl,ln(kobs)_MeCN,5,kobs_MeCN|ln(kobs)_toluene|kobs_toluene|Ar_NBO_-O|Ar_NBO_C1_x,0.9852688811022001,0.9623957123938212,0.0654607770716422,LOOCV,ln(kobs)_MeCN = -3.17 + 2.85*kobs_MeCN + 0.92*ln(kobs)_toluene - 5.97*kobs_toluene - 8.64*Ar_NBO_-O - 2.86*Ar_NBO_C1_x
indigo_aryl_alkyl,ln(kobs)_MeCN,5,kobs_MeCN|ln(kobs)_toluene|kobs_toluene|Entry|Ster_B5,0.9846569869773059,0.9622051536152618,0.06680648403843693,LOOCV,ln(kobs)_MeCN = 0.43 + 3.22*kobs_MeCN + 0.89*ln(kobs)_toluene - 6.65*kobs_toluene + 0.00*Entry + 0.01*Ster_B5
indigo_aryl_alkyl,ln(kobs)_MeCN,5,kobs_MeCN|ln(kobs)_toluene|kobs_toluene|LUMO|L_C1-C2,0.9881110192344122,0.962178798125289,0.05880789052067021,LOOCV,ln(kobs)_MeCN = 4.05 + 2.76*kobs_MeCN + 0.96*ln(kobs)_toluene - 6.47*kobs_toluene + 2.37*LUMO - 2.15*L_C1-C2
indigo_aryl_alkyl,ln(kobs)_MeCN,5,kobs_MeCN|ln(kobs)_toluene|kobs_toluene|Ar_NBO_-O|L_C1-C2,0.9861559556376482,0.9620111949485253,0.0634592273703652,LOOCV,ln(kobs)_MeCN = 5.22 + 2.79*kobs_MeCN + 0.94*ln(kobs)_toluene - 6.10*kobs_toluene - 3.88*Ar_NBO_-O - 4.91*L_C1-C2
indigo_aryl_alkyl,ln(kobs)_MeCN,5,kobs_MeCN|ln(kobs)_toluene|kobs_toluene|Ster_B5|Occupancy_C1-O,0.984766191780714,0.9619461286420498,0.06656830992468558,LOOCV,ln(kobs)_MeCN = -21.92 + 3.19*kobs_MeCN + 0.90*ln(kobs)_toluene - 6.58*kobs_toluene + 0.01*Ster_B5 + 11.23*Occupancy_C1-O
indigo_aryl_alkyl,ln(kobs)_MeCN,5,kobs_MeCN|ln(kobs)_toluene|kobs_toluene|Entry|Ar_I_C=O,0.9855535922911123,0.9618150930479947,0.06482510408177326,LOOCV,ln(kobs)_MeCN = 0.52 + 2.77*kobs_MeCN + 0.97*ln(kobs)_toluene - 6.24*kobs_toluene - 0.00*Entry + 0.00*Ar_I_C=O
indigo_aryl_alkyl,ln(kobs)_MeCN,5,kobs_MeCN|ln(kobs)_toluene|kobs_toluene|Ar_NBO_C1_x|Ster_B5,0.9851064912125719,0.9617895492377064,0.06582059471811932,LOOCV,ln(kobs)_MeCN = 2.55 + 3.25*kobs_MeCN + 0.92*ln(kobs)_toluene - 6.79*kobs_toluene - 2.53*Ar_NBO_C1_x + 0.01*Ster_B5
indigo_aryl_alkyl,ln(kobs)_MeCN,5,kobs_MeCN|ln(kobs)_toluene|kobs_toluene|Ar_I_C=O|Occupancy_C1-O,0.9860669738448201,0.961704259562129,0.06366284096888095,LOOCV,ln(kobs)_MeCN = -36.87 + 2.86*kobs_MeCN + 0.95*ln(kobs)_toluene - 6.29*kobs_toluene + 0.00*Ar_I_C=O + 18.73*Occupancy_C1-O
indigo_aryl_alkyl,ln(kobs)_MeCN,5,kobs_MeCN|ln(kobs)_toluene|kobs_toluene|Ar_v_C=O|Occupancy_C1-O,0.9871270938268915,0.9616393539374098,0.06119297827733356,LOOCV,ln(kobs)_MeCN = -29.13 + 2.86*kobs_MeCN + 0.89*ln(kobs)_toluene - 6.09*kobs_toluene - 0.01*Ar_v_C=O + 22.82*Occupancy_C1-O
indigo_aryl_alkyl,ln(kobs)_MeCN,5,kobs_MeCN|ln(kobs)_toluene|kobs_toluene|Ar_v_C=O|Ar_NBO_C1_x,0.9862799921525827,0.9616345014578952,0.06317430443241447,LOOCV,ln(kobs)_MeCN = 15.57 + 2.83*kobs_MeCN + 0.89*ln(kobs)_toluene - 6.09*kobs_toluene - 0.01*Ar_v_C=O + 0.36*Ar_NBO_C1_x
indigo_aryl_alkyl,ln(kobs)_MeCN,4,kobs_MeCN|ln(kobs)_toluene|kobs_toluene|L_C1-C2,0.9858883378930423,0.9614773068592608,0.06406965324850658,LOOCV,ln(kobs)_MeCN = 9.51 + 2.88*kobs_MeCN + 0.96*ln(kobs)_toluene - 6.39*kobs_toluene - 5.93*L_C1-C2
indigo_aryl_alkyl,ln(kobs)_MeCN,5,kobs_MeCN|ln(kobs)_toluene|kobs_toluene|Ster_B1|Occupancy_C1-O,0.9857975462049394,0.9614403800654656,0.06427542864051694,LOOCV,ln(kobs)_MeCN = -18.38 + 3.43*kobs_MeCN + 0.95*ln(kobs)_toluene - 7.85*kobs_toluene + 0.14*Ster_B1 + 9.44*Occupancy_C1-O
indigo_aryl_alkyl,ln(kobs)_MeCN,4,kobs_MeCN|ln(kobs)_toluene|kobs_toluene|Entry,0.9832830049089075,0.9609490466444588,0.0697336498133803,LOOCV,ln(kobs)_MeCN = 0.52 + 3.13*kobs_MeCN + 0.91*ln(kobs)_toluene - 6.53*kobs_toluene + 0.00*Entry
indigo_aryl_alkyl,ln(kobs)_MeCN,5,kobs_MeCN|ln(kobs)_toluene|kobs_toluene|Ar_v_C=O|Ar_I_C=O,0.9871577685252064,0.9608688839539741,0.061120026774681285,LOOCV,ln(kobs)_MeCN = 11.87 + 2.77*kobs_MeCN + 0.91*ln(kobs)_toluene - 6.13*kobs_toluene - 0.01*Ar_v_C=O + 0.00*Ar_I_C=O
indigo_aryl_alkyl,ln(kobs)_MeCN,5,kobs_MeCN|ln(kobs)_toluene|kobs_toluene|Ar_NBO_C1_x|Ar_I_C=O,0.9855934441904282,0.9608205984110835,0.0647356289790086,LOOCV,ln(kobs)_MeCN = 1.48 + 2.89*kobs_MeCN + 0.96*ln(kobs)_toluene - 6.41*kobs_toluene - 1.20*Ar_NBO_C1_x + 0.00*Ar_I_C=O
indigo_aryl_alkyl,ln(kobs)_MeCN,5,kobs_MeCN|ln(kobs)_toluene|kobs_toluene|Ar_NBO_C1_x|Ster_L,0.9849575157048645,0.9606014487188039,0.0661489678952189,LOOCV,ln(kobs)_MeCN = 4.30 + 3.31*kobs_MeCN + 0.91*ln(kobs)_toluene - 6.86*kobs_toluene - 4.85*Ar_NBO_C1_x + 0.02*Ster_L
indigo_aryl_alkyl,ln(kobs)_MeCN,5,kobs_MeCN|ln(kobs)_toluene|kobs_toluene|Ar_v_C=O|Ar_NBO_-O,0.9862764749419481,0.9605793998393907,0.06318240147941537,LOOCV,ln(kobs)_MeCN = 14.50 + 2.83*kobs_MeCN + 0.89*ln(kobs)_toluene - 6.09*kobs_toluene - 0.01*Ar_v_C=O - 0.61*Ar_NBO_-O
indigo_aryl_alkyl,ln(kobs)_MeCN,5,kobs_MeCN|ln(kobs)_toluene|kobs_toluene|Ar_v_C=O|Entry,0.9862899159489374,0.9604867324018705,0.06315145304829858,LOOCV,ln(kobs)_MeCN = 15.08 + 2.87*kobs_MeCN + 0.89*ln(kobs)_toluene - 6.16*kobs_toluene - 0.01*Ar_v_C=O + 0.00*Entry
indigo_aryl_alkyl,ln(kobs)_MeCN,5,kobs_MeCN|ln(kobs)_toluene|kobs_toluene|Ster_L|Entry,0.9838939414989412,0.9601013257665363,0.0684475527497978,LOOCV,ln(kobs)_MeCN = 0.34 + 3.22*kobs_MeCN + 0.87*ln(kobs)_toluene - 6.59*kobs_toluene + 0.01*Ster_L + 0.00*Entry
indigo_aryl_alkyl,ln(kobs)_MeCN,5,kobs_MeCN|ln(kobs)_toluene|kobs_toluene|Ster_L|Occupancy_C1-O,0.9844438152176221,0.9597888289855799,0.0672689789330073,LOOCV,ln(kobs)_MeCN = -56.28 + 3.19*kobs_MeCN + 0.88*ln(kobs)_toluene - 6.45*kobs_toluene + 0.01*Ster_L + 28.40*Occupancy_C1-O
indigo_aryl_alkyl,ln(kobs)_MeCN,5,kobs_MeCN|ln(kobs)_toluene|HOMO|Ster_B1|Energy_C1-O,0.9808455840023811,0.9597019229104036,0.0746444885434201,LOOCV,ln(kobs)_MeCN = 2.07 + 1.63*kobs_MeCN + 0.53*ln(kobs)_toluene + 4.15*HOMO + 0.34*Ster_B1 + 1.90*Energy_C1-O
indigo_aryl_alkyl,ln(kobs)_MeCN,5,kobs_MeCN|ln(kobs)_toluene|kobs_toluene|Ar_I_C=O|L_C1-C2,0.9868170874871659,0.9594876410918989,0.06192542187968132,LOOCV,ln(kobs)_MeCN = 7.02 + 2.80*kobs_MeCN + 0.96*ln(kobs)_toluene - 6.33*kobs_toluene + 0.00*Ar_I_C=O - 4.33*L_C1-C2
indigo_aryl_alkyl,ln(kobs)_MeCN,4,kobs_MeCN|ln(kobs)_toluene|kobs_toluene|Ar_NBO_C1_x,0.9834889050687522,0.9594094858785231,0.0693028709656352,LOOCV,ln(kobs)_MeCN = 2.99 + 3.11*kobs_MeCN + 0.95*ln(kobs)_toluene - 6.63*kobs_toluene - 2.89*Ar_NBO_C1_x
indigo_aryl_alkyl,ln(kobs)_MeCN,4,kobs_MeCN|ln(kobs)_toluene|kobs_toluene|Occupancy_C1-O,0.9832422877671645,0.9589297519092573,0.06981852236539221,LOOCV,ln(kobs)_MeCN = -32.76 + 3.05*kobs_MeCN + 0.93*ln(kobs)_toluene - 6.39*kobs_toluene + 16.74*Occupancy_C1-O
indigo_aryl_alkyl,ln(kobs)_MeCN,5,kobs_MeCN|ln(kobs)_toluene|kobs_toluene|Ar_NBO_C1_x|L_C1-C2,0.9860845868778251,0.9589077280800381,0.06362258947239186,LOOCV,ln(kobs)_MeCN = 9.84 + 2.79*kobs_MeCN + 0.95*ln(kobs)_toluene - 6.23*kobs_toluene + 2.03*Ar_NBO_C1_x - 7.26*L_C1-C2
indigo_aryl_alkyl,ln(kobs)_MeCN,5,ln(kobs)_toluene|HOMO|Ar_NBO_C1_x|polarizability|L_C1-C2,0.9732755132309362,0.9573170866073617,0.08816941835303846,LOOCV,ln(kobs)_MeCN = 4.05 + 0.78*ln(kobs)_toluene + 7.98*HOMO + 17.03*Ar_NBO_C1_x - 0.00*polarizability - 9.84*L_C1-C2
indigo_aryl_alkyl,ln(kobs)_MeCN,5,kobs_MeCN|ln(kobs)_toluene|kobs_toluene|Entry|L_C1-C2,0.9858902102422129,0.9568701803429549,0.06406540269529032,LOOCV,ln(kobs)_MeCN = 9.62 + 2.87*kobs_MeCN + 0.96*ln(kobs)_toluene - 6.38*kobs_toluene - 0.00*Entry - 6.00*L_C1-C2
indigo_aryl_alkyl,ln(kobs)_MeCN,5,ln(kobs)_toluene|HOMO|Ar_NBO_-O|Ar_NBO_C1_x|polarizability,0.9731790433820727,0.9551390611871781,0.08832841164662845,LOOCV,ln(kobs)_MeCN = -15.13 + 0.79*ln(kobs)_toluene + 7.78*HOMO - 14.44*Ar_NBO_-O + 10.12*Ar_NBO_C1_x - 0.00*polarizability
indigo_aryl_alkyl,ln(kobs)_MeCN,5,kobs_MeCN|ln(kobs)_toluene|kobs_toluene|L_C1-C2|Occupancy_C1-O,0.9862647616966376,0.9546582996033681,0.06320935931701524,LOOCV,ln(kobs)_MeCN = -20.59 + 2.90*kobs_MeCN + 0.95*ln(kobs)_toluene - 6.38*kobs_toluene - 5.85*L_C1-C2 + 15.03*Occupancy_C1-O
indigo_aryl_alkyl,ln(kobs)_MeCN,5,kobs_MeCN|ln(kobs)_toluene|Ar_NBO_=O|Occupancy_C1-O|Energy_C1-O,0.978875663269507,0.9546074698689149,0.07838894686852345,LOOCV,ln(kobs)_MeCN = -145.22 + 1.69*kobs_MeCN + 0.56*ln(kobs)_toluene - 11.51*Ar_NBO_=O + 69.50*Occupancy_C1-O + 0.79*Energy_C1-O
indigo_aryl_alkyl,ln(kobs)_MeCN,5,kobs_MeCN|ln(kobs)_toluene|kobs_toluene|Entry|Occupancy_C1-O,0.9836100150112282,0.9542132453687199,0.06904823265282369,LOOCV,ln(kobs)_MeCN = -27.79 + 3.13*kobs_MeCN + 0.91*ln(kobs)_toluene - 6.50*kobs_toluene + 0.00*Entry + 14.20*Occupancy_C1-O
indigo_aryl_alkyl,ln(kobs)_MeCN,5,kobs_MeCN|ln(kobs)_toluene|kobs_toluene|Ar_NBO_C1_x|Occupancy_C1-O,0.9836718293293646,0.9527549803725917,0.06891790302327748,LOOCV,ln(kobs)_MeCN = -19.57 + 3.12*kobs_MeCN + 0.95*ln(kobs)_toluene - 6.58*kobs_toluene - 2.37*Ar_NBO_C1_x + 11.10*Occupancy_C1-O
indigo_aryl_alkyl,ln(kobs)_MeCN,5,ln(kobs)_toluene|HOMO|Ar_v_C=O|Ar_NBO_C1_x|polarizability,0.9714064190774333,0.9525357751581333,0.09120057214611968,LOOCV,ln(kobs)_MeCN = 9.75 + 0.76*ln(kobs)_toluene + 7.84*HOMO - 0.01*Ar_v_C=O + 14.35*Ar_NBO_C1_x - 0.00*polarizability
indigo_aryl_alkyl,ln(kobs)_MeCN,5,kobs_MeCN|ln(kobs)_toluene|kobs_toluene|Ar_NBO_C1_x|Entry,0.9836127789547738,0.9522929959526106,0.06904241039418092,LOOCV,ln(kobs)_MeCN = 2.39 + 3.15*kobs_MeCN + 0.93*ln(kobs)_toluene - 6.65*kobs_toluene - 2.23*Ar_NBO_C1_x + 0.00*Entry
indigo_aryl_alkyl,ln(kobs)_MeCN,5,ln(kobs)_toluene|Ar_NBO_=O|HOMO|Ar_NBO_C1_x|polarizability,0.9722817311530231,0.9507215773534565,0.08979379782539791,LOOCV,ln(kobs)_MeCN = -10.23 + 0.78*ln(kobs)_toluene - 7.89*Ar_NBO_=O + 7.54*HOMO + 10.59*Ar_NBO_C1_x - 0.00*polarizability
indigo_aryl_alkyl,ln(kobs)_MeCN,5,kobs_MeCN|ln(kobs)_toluene|kobs_toluene|Ar_NBO_=O|L_C1-C2,0.9871143089903721,0.9498987699314849,0.06122335790031172,LOOCV,ln(kobs)_MeCN = 3.55 + 2.74*kobs_MeCN + 0.90*ln(kobs)_toluene - 5.91*kobs_toluene - 4.26*Ar_NBO_=O - 3.74*L_C1-C2
indigo_aryl_alkyl,ln(kobs)_MeCN,5,kobs_MeCN|ln(kobs)_toluene|HOMO|Ar_NBO_-O|Energy_C1-O,0.9768942957642212,0.9483556271611899,0.08198282775715116,LOOCV,ln(kobs)_MeCN = -5.12 + 1.50*kobs_MeCN + 0.59*ln(kobs)_toluene + 2.92*HOMO - 9.05*Ar_NBO_-O + 0.74*Energy_C1-O
indigo_aryl_alkyl,ln(kobs)_MeCN,4,ln(kobs)_toluene|HOMO|Ar_NBO_C1_x|polarizability,0.9682811024899373,0.9477169851294163,0.09605552075809894,LOOCV,ln(kobs)_MeCN = -6.31 + 0.80*ln(kobs)_toluene + 9.31*HOMO + 12.37*Ar_NBO_C1_x - 0.00*polarizability
indigo_aryl_alkyl,ln(kobs)_MeCN,5,kobs_MeCN|ln(kobs)_toluene|HOMO|Ar_NBO_-O|polarizability,0.9737280373881315,0.947623229383161,0.08741974749202612,LOOCV,ln(kobs)_MeCN = -9.59 + 1.27*kobs_MeCN + 0.59*ln(kobs)_toluene + 4.25*HOMO - 15.20*Ar_NBO_-O - 0.00*polarizability
indigo_aryl_alkyl,ln(kobs)_MeCN,5,kobs_MeCN|ln(kobs)_toluene|HOMO|Ar_NBO_C1_x|L_C1-C2,0.9697770164900452,0.9475722388016369,0.09376309968512092,LOOCV,ln(kobs)_MeCN = 5.85 + 1.54*kobs_MeCN + 0.49*ln(kobs)_toluene + 3.16*HOMO + 9.57*Ar_NBO_C1_x - 8.93*L_C1-C2
indigo_aryl_alkyl,ln(kobs)_MeCN,3,kobs_MeCN|ln(kobs)_toluene|Ar_NBO_-O,0.9657210520749283,0.9473265895734512,0.0998566589548581,LOOCV,ln(kobs)_MeCN = -14.23 + 1.85*kobs_MeCN + 0.51*ln(kobs)_toluene - 19.25*Ar_NBO_-O
indigo_aryl_alkyl,ln(kobs)_MeCN,5,kobs_MeCN|ln(kobs)_toluene|Ar_NBO_=O|Ar_I_C=O|Energy_C1-O,0.9731889025573202,0.9462977976161615,0.08831217573554852,LOOCV,ln(kobs)_MeCN = -4.56 + 1.64*kobs_MeCN + 0.57*ln(kobs)_toluene - 7.61*Ar_NBO_=O + 0.00*Ar_I_C=O + 0.66*Energy_C1-O
indigo_aryl_alkyl,ln(kobs)_MeCN,4,kobs_MeCN|ln(kobs)_toluene|HOMO|Ar_NBO_-O,0.9695863651276713,0.9462577319109943,0.09405837099743011,LOOCV,ln(kobs)_MeCN = -10.32 + 1.72*kobs_MeCN + 0.49*ln(kobs)_toluene + 2.29*HOMO - 14.66*Ar_NBO_-O
indigo_aryl_alkyl,ln(kobs)_MeCN,4,kobs_MeCN|ln(kobs)_toluene|Ar_NBO_-O|Ar_I_C=O,0.9667016935286881,0.9457803884144763,0.09841796075467278,LOOCV,ln(kobs)_MeCN = -13.02 + 1.77*kobs_MeCN + 0.52*ln(kobs)_toluene - 17.40*Ar_NBO_-O + 0.00*Ar_I_C=O
indigo_aryl_alkyl,ln(kobs)_MeCN,5,ln(kobs)_toluene|HOMO|Ar_NBO_-O|Entry|polarizability,0.9690456613636512,0.9454052359810292,0.09489078812467436,LOOCV,ln(kobs)_MeCN = -9.17 + 0.90*ln(kobs)_toluene + 6.63*HOMO - 17.40*Ar_NBO_-O - 0.01*Entry - 0.00*polarizability
indigo_aryl_alkyl,ln(kobs)_MeCN,5,ln(kobs)_toluene|HOMO|Ar_NBO_C1_x|Ster_L|L_C1-C2,0.9677064053114136,0.945233840522082,0.0969218029046367,LOOCV,ln(kobs)_MeCN = 5.61 + 0.81*ln(kobs)_toluene + 5.75*HOMO + 21.12*Ar_NBO_C1_x - 0.05*Ster_L - 13.44*L_C1-C2
indigo_aryl_alkyl,ln(kobs)_MeCN,4,kobs_MeCN|ln(kobs)_toluene|Ar_v_C=O|Ar_NBO_C1_x,0.9642135284696055,0.9451562087679979,0.10202878831007577,LOOCV,ln(kobs)_MeCN = 20.48 + 1.87*kobs_MeCN + 0.45*ln(kobs)_toluene - 0.01*Ar_v_C=O + 5.98*Ar_NBO_C1_x
indigo_aryl_alkyl,ln(kobs)_MeCN,5,ln(kobs)_toluene|HOMO|LUMO|Ar_NBO_C1_x|polarizability,0.9733265939526059,0.945148644647098,0.08808511529947818,LOOCV,ln(kobs)_MeCN = -9.61 + 0.75*ln(kobs)_toluene + 7.71*HOMO + 3.55*LUMO + 15.82*Ar_NBO_C1_x - 0.00*polarizability
indigo_aryl_alkyl,ln(kobs)_MeCN,5,ln(kobs)_toluene|HOMO|Ar_NBO_C1_x|polarizability|Ster_B5,0.9689665521811162,0.9450241180351123,0.09501196568715355,LOOCV,ln(kobs)_MeCN = -5.58 + 0.80*ln(kobs)_toluene + 9.49*HOMO + 11.53*Ar_NBO_C1_x - 0.00*polarizability - 0.01*Ster_B5
indigo_aryl_alkyl,ln(kobs)_MeCN,5,kobs_MeCN|ln(kobs)_toluene|HOMO|Ar_NBO_C1_x|polarizability,0.9731845182259902,0.9448058794487684,0.08831939614142793,LOOCV,ln(kobs)_MeCN = -4.87 + 1.05*kobs_MeCN + 0.60*ln(kobs)_toluene + 6.99*HOMO + 8.62*Ar_NBO_C1_x - 0.00*polarizability
indigo_aryl_alkyl,ln(kobs)_MeCN,5,kobs_MeCN|ln(kobs)_toluene|Ar_NBO_=O|HOMO|Energy_C1-O,0.9761097101774969,0.9446193195849331,0.08336312725120759,LOOCV,ln(kobs)_MeCN = -1.31 + 1.57*kobs_MeCN + 0.57*ln(kobs)_toluene - 4.07*Ar_NBO_=O + 2.74*HOMO + 0.77*Energy_C1-O
indigo_aryl_alkyl,ln(kobs)_MeCN,5,ln(kobs)_toluene|HOMO|Ar_NBO_C1_x|Ar_I_C=O|polarizability,0.9704636483908813,0.9443269912914912,0.09269188490355994,LOOCV,ln(kobs)_MeCN = -7.36 + 0.81*ln(kobs)_toluene + 8.24*HOMO + 12.99*Ar_NBO_C1_x + 0.00*Ar_I_C=O - 0.00*polarizability
indigo_aryl_alkyl,ln(kobs)_MeCN,5,kobs_MeCN|ln(kobs)_toluene|Ar_NBO_=O|HOMO|polarizability,0.9731121947944337,0.9442914978039816,0.08843841806907407,LOOCV,ln(kobs)_MeCN = -4.37 + 1.34*kobs_MeCN + 0.56*ln(kobs)_toluene - 8.64*Ar_NBO_=O + 3.74*HOMO - 0.00*polarizability
indigo_aryl_alkyl,ln(kobs)_MeCN,5,ln(kobs)_toluene|kobs_toluene|HOMO|Ar_NBO_C1_x|polarizability,0.9701963048592406,0.9442016149607118,0.0931104327694384,LOOCV,ln(kobs)_MeCN = -5.24 + 0.96*ln(kobs)_toluene - 1.58*kobs_toluene + 9.15*HOMO + 11.65*Ar_NBO_C1_x - 0.00*polarizability
indigo_aryl_alkyl,ln(kobs)_MeCN,3,kobs_MeCN|ln(kobs)_toluene|Ar_NBO_=O,0.9664568726421844,0.9439487355851578,0.09877909993412215,LOOCV,ln(kobs)_MeCN = -7.22 + 1.92*kobs_MeCN + 0.45*ln(kobs)_toluene - 10.52*Ar_NBO_=O
indigo_aryl_alkyl,ln(kobs)_MeCN,4,kobs_MeCN|ln(kobs)_toluene|Ar_NBO_-O|Ar_NBO_C1_x,0.9657239716796301,0.9439429008964363,0.09985240637132366,LOOCV,ln(kobs)_MeCN = -14.36 + 1.84*kobs_MeCN + 0.51*ln(kobs)_toluene - 19.23*Ar_NBO_-O + 0.18*Ar_NBO_C1_x
indigo_aryl_alkyl,ln(kobs)_MeCN,5,kobs_MeCN|ln(kobs)_toluene|HOMO|Ar_NBO_-O|Ar_NBO_C1_x,0.9701837826037628,0.9436546520204621,0.09312999125331044,LOOCV,ln(kobs)_MeCN = -11.70 + 1.66*kobs_MeCN + 0.49*ln(kobs)_toluene + 2.61*HOMO - 13.63*Ar_NBO_-O + 2.75*Ar_NBO_C1_x
indigo_aryl_alkyl,ln(kobs)_MeCN,5,ln(kobs)_toluene|HOMO|Ar_NBO_C1_x|Ster_L|polarizability,0.9685383206848746,0.9434354533756861,0.09566525622582864,LOOCV,ln(kobs)_MeCN = -5.65 + 0.79*ln(kobs)_toluene + 9.51*HOMO + 11.53*Ar_NBO_C1_x + 0.01*Ster_L - 0.00*polarizability
indigo_aryl_alkyl,ln(kobs)_MeCN,5,kobs_MeCN|ln(kobs)_toluene|HOMO|Ar_NBO_-O|Entry,0.9705246840497902,0.9433577737452696,0.09259606338635788,LOOCV,ln(kobs)_MeCN = -9.53 + 1.58*kobs_MeCN + 0.54*ln(kobs)_toluene + 2.73*HOMO - 14.01*Ar_NBO_-O - 0.00*Entry
indigo_aryl_alkyl,ln(kobs)_MeCN,4,kobs_MeCN|ln(kobs)_toluene|Ar_NBO_-O|Ster_L,0.9664247834547551,0.9430217288134803,0.09882633738001716,LOOCV,ln(kobs)_MeCN = -15.52 + 1.71*kobs_MeCN + 0.56*ln(kobs)_toluene - 21.41*Ar_NBO_-O - 0.01*Ster_L
indigo_aryl_alkyl,ln(kobs)_MeCN,5,kobs_MeCN|ln(kobs)_toluene|Ar_v_C=O|Ar_NBO_C1_x|Ar_I_C=O,0.965549174001326,0.942911990875706,0.10010669156264689,LOOCV,ln(kobs)_MeCN = 16.20 + 1.75*kobs_MeCN + 0.47*ln(kobs)_toluene - 0.01*Ar_v_C=O + 6.58*Ar_NBO_C1_x + 0.00*Ar_I_C=O
indigo_aryl_alkyl,ln(kobs)_MeCN,5,kobs_MeCN|ln(kobs)_toluene|HOMO|Ar_NBO_C1_x|Ster_B5,0.9703302559701706,0.9428809142300585,0.09290095720959327,LOOCV,ln(kobs)_MeCN = -2.76 + 1.30*kobs_MeCN + 0.55*ln(kobs)_toluene + 5.97*HOMO + 5.29*Ar_NBO_C1_x - 0.03*Ster_B5
indigo_aryl_alkyl,ln(kobs)_MeCN,5,kobs_MeCN|ln(kobs)_toluene|Ar_NBO_-O|Entry|Ar_I_C=O,0.967504181010027,0.9428321834601857,0.09722479419100914,LOOCV,ln(kobs)_MeCN = -12.24 + 1.60*kobs_MeCN + 0.59*ln(kobs)_toluene - 16.49*Ar_NBO_-O - 0.00*Entry + 0.00*Ar_I_C=O
indigo_aryl_alkyl,ln(kobs)_MeCN,3,kobs_MeCN|ln(kobs)_toluene|HOMO,0.9643919758520233,0.9427663604521461,0.10177408977499616,LOOCV,ln(kobs)_MeCN = 0.15 + 1.94*kobs_MeCN + 0.47*ln(kobs)_toluene + 3.25*HOMO
indigo_aryl_alkyl,ln(kobs)_MeCN,5,kobs_MeCN|ln(kobs)_toluene|HOMO|Ar_NBO_-O|Ster_L,0.9714008458722058,0.9427421497918248,0.09120945971326114,LOOCV,ln(kobs)_MeCN = -11.78 + 1.48*kobs_MeCN + 0.56*ln(kobs)_toluene + 2.67*HOMO - 17.47*Ar_NBO_-O - 0.02*Ster_L
indigo_aryl_alkyl,ln(kobs)_MeCN,5,kobs_MeCN|ln(kobs)_toluene|Ar_NBO_-O|Ar_NBO_C1_x|Ar_I_C=O,0.9668772052938814,0.9426781902082568,0.09815824286302649,LOOCV,ln(kobs)_MeCN = -13.89 + 1.74*kobs_MeCN + 0.52*ln(kobs)_toluene - 16.91*Ar_NBO_-O + 1.49*Ar_NBO_C1_x + 0.00*Ar_I_C=O
indigo_aryl_alkyl,ln(kobs)_MeCN,4,kobs_MeCN|ln(kobs)_toluene|Ar_NBO_=O|HOMO,0.9682618915153423,0.9425416546638349,0.09608460501051164,LOOCV,ln(kobs)_MeCN = -4.88 + 1.84*kobs_MeCN + 0.45*ln(kobs)_toluene - 7.58*Ar_NBO_=O + 1.77*HOMO
indigo_aryl_alkyl,ln(kobs)_MeCN,5,ln(kobs)_toluene|Ar_NBO_=O|HOMO|Entry|polarizability,0.96683952985005,0.9425257644405585,0.09821405192717,LOOCV,ln(kobs)_MeCN = -2.53 + 0.88*ln(kobs)_toluene - 9.05*Ar_NBO_=O + 6.35*HOMO - 0.01*Entry - 0.00*polarizability
indigo_aryl_alkyl,ln(kobs)_MeCN,5,kobs_MeCN|ln(kobs)_toluene|HOMO|Ar_v_C=O|Ar_NBO_C1_x,0.968098358813426,0.9424491848494571,0.09633182810069445,LOOCV,ln(kobs)_MeCN = 10.40 + 1.72*kobs_MeCN + 0.45*ln(kobs)_toluene + 2.62*HOMO - 0.01*Ar_v_C=O + 6.28*Ar_NBO_C1_x
indigo_aryl_alkyl,ln(kobs)_MeCN,5,kobs_MeCN|ln(kobs)_toluene|Ar_NBO_-O|Occupancy_C1-O|Energy_C1-O,0.9781800752199145,0.942445739443414,0.0796691004566768,LOOCV,ln(kobs)_MeCN = -161.58 + 1.62*kobs_MeCN + 0.62*ln(kobs)_toluene - 21.76*Ar_NBO_-O + 73.58*Occupancy_C1-O + 0.76*Energy_C1-O
indigo_aryl_alkyl,ln(kobs)_MeCN,4,kobs_MeCN|ln(kobs)_toluene|Ar_v_C=O|Ar_NBO_-O,0.9659050458876014,0.942236858236005,0.09958830579069053,LOOCV,ln(kobs)_MeCN = -7.95 + 1.85*kobs_MeCN + 0.50*ln(kobs)_toluene - 0.00*Ar_v_C=O - 16.86*Ar_NBO_-O
indigo_aryl_alkyl,ln(kobs)_MeCN,5,kobs_MeCN|ln(kobs)_toluene|Ar_v_C=O|Ar_NBO_C1_x|L_C1-C2,0.9642487133838593,0.9421270007591762,0.1019786191144131,LOOCV,ln(kobs)_MeCN = 19.74 + 1.85*kobs_MeCN + 0.46*ln(kobs)_toluene - 0.01*Ar_v_C=O + 6.49*Ar_NBO_C1_x - 1.59*L_C1-C2
indigo_aryl_alkyl,ln(kobs)_MeCN,3,kobs_MeCN|ln(kobs)_toluene|Ar_v_C=O,0.9616548693801369,0.941931175927876,0.10561324818845397,LOOCV,ln(kobs)_MeCN = 18.85 + 2.05*kobs_MeCN + 0.46*ln(kobs)_toluene - 0.01*Ar_v_C=O
indigo_aryl_alkyl,ln(kobs)_MeCN,4,kobs_MeCN|ln(kobs)_toluene|HOMO|Ster_B5,0.9680759036247025,0.9416775361412503,0.09636572555517821,LOOCV,ln(kobs)_MeCN = 1.19 + 1.49*kobs_MeCN + 0.55*ln(kobs)_toluene + 5.25*HOMO - 0.03*Ster_B5
indigo_aryl_alkyl,ln(kobs)_MeCN,4,kobs_MeCN|ln(kobs)_toluene|Ar_NBO_-O|Entry,0.9657521338150129,0.9416587670957273,0.09981137718886325,LOOCV,ln(kobs)_MeCN = -14.23 + 1.83*kobs_MeCN + 0.52*ln(kobs)_toluene - 19.29*Ar_NBO_-O - 0.00*Entry
indigo_aryl_alkyl,ln(kobs)_MeCN,5,kobs_MeCN|ln(kobs)_toluene|Ar_NBO_=O|HOMO|Ster_B5,0.9701646635570657,0.9416562917696902,0.09315984533042242,LOOCV,ln(kobs)_MeCN = -2.94 + 1.53*kobs_MeCN + 0.52*ln(kobs)_toluene - 5.85*Ar_NBO_=O + 3.62*HOMO - 0.02*Ster_B5
indigo_aryl_alkyl,ln(kobs)_MeCN,4,kobs_MeCN|ln(kobs)_toluene|Ar_v_C=O|L_C1-C2,0.9622656095908694,0.9415374507052877,0.10476879725634418,LOOCV,ln(kobs)_MeCN = 21.83 + 2.07*kobs_MeCN + 0.43*ln(kobs)_toluene - 0.02*Ar_v_C=O + 5.37*L_C1-C2
indigo_aryl_alkyl,ln(kobs)_MeCN,5,ln(kobs)_toluene|HOMO|Ar_NBO_C1_x|polarizability|Occupancy_C1-O,0.9693318117792373,0.941534555087289,0.09445117151628162,LOOCV,ln(kobs)_MeCN = -60.19 + 0.80*ln(kobs)_toluene + 9.40*HOMO + 13.61*Ar_NBO_C1_x - 0.00*polarizability + 26.53*Occupancy_C1-O
indigo_aryl_alkyl,ln(kobs)_MeCN,4,kobs_MeCN|ln(kobs)_toluene|Ar_NBO_-O|Occupancy_C1-O,0.9704945377634265,0.9414064214503527,0.09264340323624665,LOOCV,ln(kobs)_MeCN = -133.62 + 1.82*kobs_MeCN + 0.52*ln(kobs)_toluene - 24.73*Ar_NBO_-O + 57.96*Occupancy_C1-O
indigo_aryl_alkyl,ln(kobs)_MeCN,5,ln(kobs)_toluene|HOMO|Ar_v_C=O|Ar_NBO_-O|polarizability,0.9681084413590845,0.9412862197118619,0.09631660401231042,LOOCV,ln(kobs)_MeCN = -37.22 + 0.88*ln(kobs)_toluene + 7.40*HOMO + 0.01*Ar_v_C=O - 27.78*Ar_NBO_-O - 0.00*polarizability
indigo_aryl_alkyl,ln(kobs)_MeCN,4,kobs_MeCN|ln(kobs)_toluene|Ar_NBO_=O|Ar_I_C=O,0.9670585799798147,0.9412018874912103,0.09788912517989011,LOOCV,ln(kobs)_MeCN = -6.71 + 1.85*kobs_MeCN + 0.47*ln(kobs)_toluene - 9.59*Ar_NBO_=O + 0.00*Ar_I_C=O
indigo_aryl_alkyl,ln(kobs)_MeCN,5,kobs_MeCN|ln(kobs)_toluene|HOMO|Ar_NBO_-O|Occupancy_C1-O,0.9729229138221378,0.9410632185601202,0.08874916028870702,LOOCV,ln(kobs)_MeCN = -112.96 + 1.72*kobs_MeCN + 0.50*ln(kobs)_toluene + 1.85*HOMO - 20.22*Ar_NBO_-O + 49.47*Occupancy_C1-O
indigo_aryl_alkyl,ln(kobs)_MeCN,4,ln(kobs)_toluene|HOMO|Ar_NBO_-O|polarizability,0.9652489215915688,0.9405302489797509,0.10054197965983433,LOOCV,ln(kobs)_MeCN = -11.01 + 0.86*ln(kobs)_toluene + 6.17*HOMO - 19.62*Ar_NBO_-O - 0.00*polarizability
indigo_aryl_alkyl,ln(kobs)_MeCN,5,kobs_MeCN|ln(kobs)_toluene|HOMO|Ster_L|polarizability,0.9706614487643637,0.9404044896779817,0.09238099192801946,LOOCV,ln(kobs)_MeCN = 1.34 + 1.43*kobs_MeCN + 0.54*ln(kobs)_toluene + 6.14*HOMO + 0.03*Ster_L - 0.00*polarizability
indigo_aryl_alkyl,ln(kobs)_MeCN,4,kobs_MeCN|ln(kobs)_toluene|HOMO|Ar_v_C=O,0.9652819728129405,0.9403233467240513,0.10049415631337838,LOOCV,ln(kobs)_MeCN = 9.05 + 1.91*kobs_MeCN + 0.46*ln(kobs)_toluene + 2.53*HOMO - 0.00*Ar_v_C=O
indigo_aryl_alkyl,ln(kobs)_MeCN,5,kobs_MeCN|ln(kobs)_toluene|Ar_NBO_C1_x|Ar_I_C=O|L_C1-C2,0.9639829737054868,0.9400292636871435,0.1023569214929826,LOOCV,ln(kobs)_MeCN = 6.41 + 1.69*kobs_MeCN + 0.54*ln(kobs)_toluene + 8.57*Ar_NBO_C1_x + 0.00*Ar_I_C=O - 9.52*L_C1-C2
indigo_aryl_alkyl,ln(kobs)_MeCN,5,kobs_MeCN|ln(kobs)_toluene|HOMO|Ar_NBO_-O|Ster_B5,0.9703739412433996,0.9397613047588037,0.09283253904800756,LOOCV,ln(kobs)_MeCN = -7.36 + 1.54*kobs_MeCN + 0.53*ln(kobs)_toluene + 3.58*HOMO - 11.31*Ar_NBO_-O - 0.01*Ster_B5
indigo_aryl_alkyl,ln(kobs)_MeCN,4,kobs_MeCN|ln(kobs)_toluene|HOMO|Ar_NBO_C1_x,0.9658769235793292,0.939689684924518,0.09962936869627025,LOOCV,ln(kobs)_MeCN = -3.13 + 1.82*kobs_MeCN + 0.46*ln(kobs)_toluene + 3.65*HOMO + 4.25*Ar_NBO_C1_x
indigo_aryl_alkyl,ln(kobs)_MeCN,5,kobs_MeCN|ln(kobs)_toluene|Ar_NBO_-O|Ster_L|Ar_I_C=O,0.9674841822718362,0.9395883742372084,0.09725470687213511,LOOCV,ln(kobs)_MeCN = -14.32 + 1.63*kobs_MeCN + 0.57*ln(kobs)_toluene - 19.60*Ar_NBO_-O - 0.01*Ster_L + 0.00*Ar_I_C=O
indigo_aryl_alkyl,ln(kobs)_MeCN,5,kobs_MeCN|ln(kobs)_toluene|HOMO|Ar_v_C=O|Ar_NBO_-O,0.9699394256650689,0.9395678720224634,0.0935108330539204,LOOCV,ln(kobs)_MeCN = -19.60 + 1.70*kobs_MeCN + 0.50*ln(kobs)_toluene + 2.67*HOMO + 0.00*Ar_v_C=O - 17.67*Ar_NBO_-O
indigo_aryl_alkyl,ln(kobs)_MeCN,5,ln(kobs)_toluene|HOMO|Ar_NBO_C1_x|Entry|polarizability,0.9686549888122661,0.9395582981096893,0.09548771559816797,LOOCV,ln(kobs)_MeCN = -5.15 + 0.82*ln(kobs)_toluene + 9.25*HOMO + 10.99*Ar_NBO_C1_x - 0.00*Entry - 0.00*polarizability
indigo_aryl_alkyl,ln(kobs)_MeCN,5,kobs_MeCN|ln(kobs)_toluene|Ar_v_C=O|Ar_NBO_-O|Ar_I_C=O,0.9667157147798517,0.9394269399500188,0.09839723765505916,LOOCV,ln(kobs)_MeCN = -11.24 + 1.78*kobs_MeCN + 0.52*ln(kobs)_toluene - 0.00*Ar_v_C=O - 16.78*Ar_NBO_-O + 0.00*Ar_I_C=O
indigo_aryl_alkyl,ln(kobs)_MeCN,4,kobs_MeCN|ln(kobs)_toluene|HOMO|Entry,0.965835127335308,0.9394013711315374,0.0996903664065427,LOOCV,ln(kobs)_MeCN = 0.54 + 1.75*kobs_MeCN + 0.53*ln(kobs)_toluene + 3.74*HOMO - 0.00*Entry
indigo_aryl_alkyl,ln(kobs)_MeCN,5,kobs_MeCN|ln(kobs)_toluene|Ar_NBO_-O|Ar_NBO_C1_x|Ster_L,0.9666186147494725,0.9393463940023687,0.09854065994307169,LOOCV,ln(kobs)_MeCN = -16.97 + 1.66*kobs_MeCN + 0.57*ln(kobs)_toluene - 21.71*Ar_NBO_-O + 1.62*Ar_NBO_C1_x - 0.01*Ster_L
indigo_aryl_alkyl,ln(kobs)_MeCN,4,kobs_MeCN|ln(kobs)_toluene|Ar_NBO_=O|Ar_NBO_C1_x,0.9665210235504887,0.9391624449776678,0.09868459768977703,LOOCV,ln(kobs)_MeCN = -7.89 + 1.90*kobs_MeCN + 0.45*ln(kobs)_toluene - 10.51*Ar_NBO_=O + 0.85*Ar_NBO_C1_x
indigo_aryl_alkyl,ln(kobs)_MeCN,4,kobs_MeCN|ln(kobs)_toluene|Ar_NBO_C1_x|L_C1-C2,0.9623430362283698,0.9389788302835309,0.10466125528941664,LOOCV,ln(kobs)_MeCN = 9.67 + 1.80*kobs_MeCN + 0.52*ln(kobs)_toluene + 8.44*Ar_NBO_C1_x - 11.56*L_C1-C2
indigo_aryl_alkyl,ln(kobs)_MeCN,5,kobs_MeCN|ln(kobs)_toluene|Ar_NBO_=O|HOMO|Entry,0.9689481680786283,0.9389163589259342,0.09504010389331456,LOOCV,ln(kobs)_MeCN = -4.17 + 1.71*kobs_MeCN + 0.50*ln(kobs)_toluene - 6.93*Ar_NBO_=O + 2.25*HOMO - 0.00*Entry
indigo_aryl_alkyl,ln(kobs)_MeCN,5,kobs_MeCN|ln(kobs)_toluene|Ar_NBO_-O|polarizability|Ster_B5,0.9722511197646808,0.938747015363214,0.0898433671968988,LOOCV,ln(kobs)_MeCN = -21.63 + 1.65*kobs_MeCN + 0.54*ln(kobs)_toluene - 30.04*Ar_NBO_-O - 0.00*polarizability + 0.05*Ster_B5
indigo_aryl_alkyl,ln(kobs)_MeCN,3,kobs_MeCN|ln(kobs)_toluene|Ar_I_C=O,0.9590320369864639,0.9386398403937402,0.10916551662096419,LOOCV,ln(kobs)_MeCN = -1.04 + 2.04*kobs_MeCN + 0.52*ln(kobs)_toluene + 0.00*Ar_I_C=O
indigo_aryl_alkyl,ln(kobs)_MeCN,5,ln(kobs)_toluene|HOMO|Ar_NBO_-O|Ar_NBO_C1_x|Ster_L,0.9690173202796831,0.9386137237235664,0.09493421810294184,LOOCV,ln(kobs)_MeCN = -22.34 + 0.84*ln(kobs)_toluene + 5.27*HOMO - 21.72*Ar_NBO_-O + 12.12*Ar_NBO_C1_x - 0.05*Ster_L
indigo_aryl_alkyl,ln(kobs)_MeCN,5,kobs_MeCN|ln(kobs)_toluene|HOMO|Entry|L_C1-C2,0.9675335097170541,0.9385963057774394,0.09718090975794434,LOOCV,ln(kobs)_MeCN = 7.96 + 1.60*kobs_MeCN + 0.57*ln(kobs)_toluene + 3.39*HOMO - 0.01*Entry - 4.96*L_C1-C2
indigo_aryl_alkyl,ln(kobs)_MeCN,5,ln(kobs)_toluene|HOMO|Ar_NBO_C1_x|Ster_L|Ster_B5,0.9672223745207491,0.9385446265066121,0.09764545497525569,LOOCV,ln(kobs)_MeCN = -6.11 + 0.82*ln(kobs)_toluene + 8.90*HOMO + 12.19*Ar_NBO_C1_x - 0.03*Ster_L - 0.04*Ster_B5
indigo_aryl_alkyl,ln(kobs)_MeCN,5,kobs_MeCN|ln(kobs)_toluene|HOMO|Ar_NBO_-O|Ar_I_C=O,0.9695884984722003,0.9384287298952421,0.09405507210811749,LOOCV,ln(kobs)_MeCN = -10.30 + 1.72*kobs_MeCN + 0.49*ln(kobs)_toluene + 2.26*HOMO - 14.62*Ar_NBO_-O + 0.00*Ar_I_C=O
indigo_aryl_alkyl,ln(kobs)_MeCN,5,kobs_MeCN|ln(kobs)_toluene|Ar_NBO_=O|HOMO|Ar_NBO_C1_x,0.9688919522962132,0.938382802606013,0.09512609459895537,LOOCV,ln(kobs)_MeCN = -6.59 + 1.77*kobs_MeCN + 0.45*ln(kobs)_toluene - 6.87*Ar_NBO_=O + 2.18*HOMO + 2.84*Ar_NBO_C1_x
indigo_aryl_alkyl,ln(kobs)_MeCN,5,ln(kobs)_toluene|kobs_toluene|HOMO|Entry|polarizability,0.9652072759558139,0.938243956180067,0.10060220629368251,LOOCV,ln(kobs)_MeCN = 4.33 + 1.15*ln(kobs)_toluene - 2.16*kobs_toluene + 8.12*HOMO - 0.01*Entry - 0.00*polarizability
indigo_aryl_alkyl,ln(kobs)_MeCN,4,kobs_MeCN|ln(kobs)_toluene|Ar_NBO_-O|LUMO,0.9662658676968229,0.9382122717667425,0.09905994008253083,LOOCV,ln(kobs)_MeCN = -12.60 + 1.80*kobs_MeCN + 0.51*ln(kobs)_toluene - 17.01*Ar_NBO_-O + 1.05*LUMO
indigo_aryl_alkyl,ln(kobs)_MeCN,5,kobs_MeCN|ln(kobs)_toluene|HOMO|Entry|Ster_B5,0.9690422004063337,0.9381846128491768,0.09489609277343553,LOOCV,ln(kobs)_MeCN = 1.46 + 1.36*kobs_MeCN + 0.59*ln(kobs)_toluene + 5.54*HOMO - 0.00*Entry - 0.02*Ster_B5
indigo_aryl_alkyl,ln(kobs)_MeCN,4,kobs_MeCN|ln(kobs)_toluene|Ar_NBO_=O|Entry,0.9665066292435032,0.9381462138794033,0.09870581016237177,LOOCV,ln(kobs)_MeCN = -7.20 + 1.89*kobs_MeCN + 0.47*ln(kobs)_toluene - 10.56*Ar_NBO_=O - 0.00*Entry
indigo_aryl_alkyl,ln(kobs)_MeCN,4,kobs_MeCN|ln(kobs)_toluene|Ar_NBO_=O|Occupancy_C1-O,0.9703790761184485,0.9380629669326984,0.09282449369595382,LOOCV,ln(kobs)_MeCN = -110.90 + 1.92*kobs_MeCN + 0.45*ln(kobs)_toluene - 12.71*Ar_NBO_=O + 51.33*Occupancy_C1-O
indigo_aryl_alkyl,ln(kobs)_MeCN,5,kobs_MeCN|ln(kobs)_toluene|Ar_NBO_=O|Entry|Ar_I_C=O,0.9677193291253837,0.9379088588765722,0.09690240703512576,LOOCV,ln(kobs)_MeCN = -6.26 + 1.69*kobs_MeCN + 0.53*ln(kobs)_toluene - 9.08*Ar_NBO_=O - 0.00*Entry + 0.00*Ar_I_C=O
indigo_aryl_alkyl,ln(kobs)_MeCN,5,kobs_MeCN|ln(kobs)_toluene|Ar_NBO_=O|Ster_B1|Energy_C1-O,0.9738165746654889,0.9377685220851096,0.08727231963360732,LOOCV,ln(kobs)_MeCN = -4.87 + 1.79*kobs_MeCN + 0.52*ln(kobs)_toluene - 8.50*Ar_NBO_=O + 0.18*Ster_B1 + 1.20*Energy_C1-O
indigo_aryl_alkyl,ln(kobs)_MeCN,5,ln(kobs)_toluene|HOMO|Ar_NBO_C1_x|L_C1-C2|Ster_B5,0.9644934591943941,0.9377517241845907,0.10162895753933923,LOOCV,ln(kobs)_MeCN = 4.31 + 0.78*ln(kobs)_toluene + 7.34*HOMO + 12.29*Ar_NBO_C1_x - 7.63*L_C1-C2 - 0.04*Ster_B5
indigo_aryl_alkyl,ln(kobs)_MeCN,5,kobs_MeCN|ln(kobs)_toluene|HOMO|Ar_v_C=O|Entry,0.9670044266461826,0.937728964901354,0.09796955349195506,LOOCV,ln(kobs)_MeCN = 10.84 + 1.70*kobs_MeCN + 0.53*ln(kobs)_toluene + 2.96*HOMO - 0.01*Ar_v_C=O - 0.00*Entry
indigo_aryl_alkyl,ln(kobs)_MeCN,4,ln(kobs)_toluene|Ar_NBO_=O|HOMO|polarizability,0.963448608352597,0.9376271036027707,0.10311343327974452,LOOCV,ln(kobs)_MeCN = -3.92 + 0.84*ln(kobs)_toluene - 10.82*Ar_NBO_=O + 5.74*HOMO - 0.00*polarizability
indigo_aryl_alkyl,ln(kobs)_MeCN,4,kobs_MeCN|ln(kobs)_toluene|Ar_NBO_=O|Ster_L,0.9675679384165985,0.9376064770444809,0.09712936892628081,LOOCV,ln(kobs)_MeCN = -7.91 + 1.75*kobs_MeCN + 0.50*ln(kobs)_toluene - 12.14*Ar_NBO_=O - 0.01*Ster_L
indigo_aryl_alkyl,ln(kobs)_MeCN,5,ln(kobs)_toluene|HOMO|Ar_NBO_C1_x|Ster_B5|Occupancy_C1-O,0.966723843274558,0.9375889933683879,0.09838522192063669,LOOCV,ln(kobs)_MeCN = -120.35 + 0.80*ln(kobs)_toluene + 9.20*HOMO + 10.90*Ar_NBO_C1_x - 0.06*Ster_B5 + 57.74*Occupancy_C1-O
indigo_aryl_alkyl,ln(kobs)_MeCN,5,kobs_MeCN|ln(kobs)_toluene|Ar_NBO_-O|Ar_I_C=O|Occupancy_C1-O,0.9711750418882779,0.9374983085532569,0.09156882289992302,LOOCV,ln(kobs)_MeCN = -129.14 + 1.75*kobs_MeCN + 0.53*ln(kobs)_toluene - 23.02*Ar_NBO_-O + 0.00*Ar_I_C=O + 56.28*Occupancy_C1-O
indigo_aryl_alkyl,ln(kobs)_MeCN,4,kobs_MeCN|ln(kobs)_toluene|HOMO|L_C1-C2,0.9650602227645217,0.9374292148586579,0.10081458225842425,LOOCV,ln(kobs)_MeCN = 4.43 + 1.90*kobs_MeCN + 0.48*ln(kobs)_toluene + 2.92*HOMO - 2.93*L_C1-C2
indigo_aryl_alkyl,ln(kobs)_MeCN,5,kobs_MeCN|ln(kobs)_toluene|Ar_v_C=O|Ar_I_C=O|L_C1-C2,0.9633965210675762,0.9374132105628967,0.10318687763396993,LOOCV,ln(kobs)_MeCN = 18.38 + 1.99*kobs_MeCN + 0.44*ln(kobs)_toluene - 0.02*Ar_v_C=O + 0.00*Ar_I_C=O + 6.55*L_C1-C2
indigo_aryl_alkyl,ln(kobs)_MeCN,5,kobs_MeCN|ln(kobs)_toluene|Ar_v_C=O|Ar_NBO_C1_x|Ster_L,0.9649952777426865,0.9373816556590893,0.10090823433719541,LOOCV,ln(kobs)_MeCN = 22.58 + 1.69*kobs_MeCN + 0.49*ln(kobs)_toluene - 0.02*Ar_v_C=O + 8.11*Ar_NBO_C1_x - 0.01*Ster_L
indigo_aryl_alkyl,ln(kobs)_MeCN,5,kobs_MeCN|ln(kobs)_toluene|Ar_NBO_=O|Ar_NBO_C1_x|Ar_I_C=O,0.9673494053865429,0.9371885482829933,0.0974560570571092,LOOCV,ln(kobs)_MeCN = -8.11 + 1.80*kobs_MeCN + 0.47*ln(kobs)_toluene - 9.34*Ar_NBO_=O + 1.91*Ar_NBO_C1_x + 0.00*Ar_I_C=O
indigo_aryl_alkyl,ln(kobs)_MeCN,5,kobs_MeCN|ln(kobs)_toluene|Ar_NBO_-O|Ar_I_C=O|Energy_C1-O,0.9724156324706223,0.9370528258232151,0.08957664747110809,LOOCV,ln(kobs)_MeCN = -9.09 + 1.59*kobs_MeCN + 0.61*ln(kobs)_toluene - 13.09*Ar_NBO_-O + 0.00*Ar_I_C=O + 0.65*Energy_C1-O
indigo_aryl_alkyl,ln(kobs)_MeCN,5,kobs_MeCN|ln(kobs)_toluene|Ar_NBO_-O|Ar_NBO_C1_x|Occupancy_C1-O,0.9711113498383824,0.9369099908497424,0.09166993298370724,LOOCV,ln(kobs)_MeCN = -149.89 + 1.77*kobs_MeCN + 0.52*ln(kobs)_toluene - 25.01*Ar_NBO_-O + 2.77*Ar_NBO_C1_x + 64.91*Occupancy_C1-O
indigo_aryl_alkyl,ln(kobs)_MeCN,5,kobs_MeCN|ln(kobs)_toluene|Ar_NBO_-O|Ster_L|Entry,0.9664846791864593,0.9367730094694442,0.09873814855140355,LOOCV,ln(kobs)_MeCN = -15.54 + 1.68*kobs_MeCN + 0.57*ln(kobs)_toluene - 21.52*Ar_NBO_-O - 0.01*Ster_L - 0.00*Entry
indigo_aryl_alkyl,ln(kobs)_MeCN,5,kobs_MeCN|ln(kobs)_toluene|HOMO|Ar_NBO_-O|LUMO,0.9697026533153196,0.9367488410456732,0.09387838013196627,LOOCV,ln(kobs)_MeCN = -9.69 + 1.70*kobs_MeCN + 0.49*ln(kobs)_toluene + 2.20*HOMO - 13.77*Ar_NBO_-O + 0.50*LUMO
indigo_aryl_alkyl,ln(kobs)_MeCN,4,kobs_MeCN|ln(kobs)_toluene|Ar_v_C=O|Ar_I_C=O,0.9625103511013551,0.9367240776481083,0.10442848454050335,LOOCV,ln(kobs)_MeCN = 15.33 + 1.97*kobs_MeCN + 0.48*ln(kobs)_toluene - 0.01*Ar_v_C=O + 0.00*Ar_I_C=O
indigo_aryl_alkyl,ln(kobs)_MeCN,4,kobs_MeCN|ln(kobs)_toluene|Ar_v_C=O|Entry,0.9623106365615406,0.9366425613068291,0.10470627034615666,LOOCV,ln(kobs)_MeCN = 20.94 + 1.93*kobs_MeCN + 0.50*ln(kobs)_toluene - 0.01*Ar_v_C=O - 0.00*Entry
indigo_aryl_alkyl,ln(kobs)_MeCN,4,kobs_MeCN|ln(kobs)_toluene|Ar_NBO_=O|Ster_B5,0.9664569296258216,0.9366085249594996,0.09877901603027604,LOOCV,ln(kobs)_MeCN = -7.22 + 1.91*kobs_MeCN + 0.45*ln(kobs)_toluene - 10.53*Ar_NBO_=O - 0.00*Ster_B5
indigo_aryl_alkyl,ln(kobs)_MeCN,5,kobs_MeCN|ln(kobs)_toluene|HOMO|Ster_L|Ster_B5,0.9681048383121704,0.9365826753185528,0.09632204469091663,LOOCV,ln(kobs)_MeCN = 1.24 + 1.48*kobs_MeCN + 0.56*ln(kobs)_toluene + 5.28*HOMO - 0.00*Ster_L - 0.02*Ster_B5
indigo_aryl_alkyl,ln(kobs)_MeCN,5,kobs_MeCN|ln(kobs)_toluene|Ar_v_C=O|Ar_NBO_C1_x|Entry,0.9642347348213313,0.9365111535989985,0.10199855371430874,LOOCV,ln(kobs)_MeCN = 20.83 + 1.85*kobs_MeCN + 0.45*ln(kobs)_toluene - 0.01*Ar_v_C=O + 5.73*Ar_NBO_C1_x - 0.00*Entry
indigo_aryl_alkyl,ln(kobs)_MeCN,4,ln(kobs)_toluene|HOMO|Entry|polarizability,0.9615602026270134,0.9364214796163007,0.10574353722271976,LOOCV,ln(kobs)_MeCN = 3.63 + 0.93*ln(kobs)_toluene + 8.24*HOMO - 0.01*Entry - 0.00*polarizability
indigo_aryl_alkyl,ln(kobs)_MeCN,5,kobs_MeCN|ln(kobs)_toluene|HOMO|L_C1-C2|Ster_B5,0.968082304667711,0.9364060215209962,0.09635606401190237,LOOCV,ln(kobs)_MeCN = 1.63 + 1.50*kobs_MeCN + 0.55*ln(kobs)_toluene + 5.18*HOMO - 0.31*L_C1-C2 - 0.02*Ster_B5
indigo_aryl_alkyl,ln(kobs)_MeCN,5,kobs_MeCN|ln(kobs)_toluene|HOMO|Ar_v_C=O|Ster_B5,0.968109297655247,0.9363806942704589,0.09631531094142359,LOOCV,ln(kobs)_MeCN = 3.03 + 1.51*kobs_MeCN + 0.54*ln(kobs)_toluene + 5.02*HOMO - 0.00*Ar_v_C=O - 0.02*Ster_B5
indigo_aryl_alkyl,ln(kobs)_MeCN,4,kobs_MeCN|ln(kobs)_toluene|HOMO|Ar_I_C=O,0.9645107785390454,0.936321289942573,0.10160416828086356,LOOCV,ln(kobs)_MeCN = 0.04 + 1.92*kobs_MeCN + 0.48*ln(kobs)_toluene + 3.01*HOMO + 0.00*Ar_I_C=O
indigo_aryl_alkyl,ln(kobs)_MeCN,5,kobs_MeCN|ln(kobs)_toluene|Ar_v_C=O|Entry|Ar_I_C=O,0.9646415700919347,0.93625352481464,0.10141677006859623,LOOCV,ln(kobs)_MeCN = 16.51 + 1.67*kobs_MeCN + 0.58*ln(kobs)_toluene - 0.01*Ar_v_C=O - 0.01*Entry + 0.00*Ar_I_C=O
indigo_aryl_alkyl,ln(kobs)_MeCN,5,kobs_MeCN|ln(kobs)_toluene|HOMO|Ar_I_C=O|Ster_B5,0.968519009635717,0.9362135113771243,0.09569461119211986,LOOCV,ln(kobs)_MeCN = 1.05 + 1.43*kobs_MeCN + 0.57*ln(kobs)_toluene + 4.90*HOMO + 0.00*Ar_I_C=O - 0.03*Ster_B5
indigo_aryl_alkyl,ln(kobs)_MeCN,5,kobs_MeCN|ln(kobs)_toluene|Ar_v_C=O|Ar_NBO_-O|Ster_L,0.9665069762338709,0.9361813647792558,0.09870529886635565,LOOCV,ln(kobs)_MeCN = -11.17 + 1.72*kobs_MeCN + 0.55*ln(kobs)_toluene - 0.00*Ar_v_C=O - 19.66*Ar_NBO_-O - 0.01*Ster_L
indigo_aryl_alkyl,ln(kobs)_MeCN,4,kobs_MeCN|ln(kobs)_toluene|HOMO|polarizability,0.9681556057528383,0.9361607088378601,0.09624535639652598,LOOCV,ln(kobs)_MeCN = 1.20 + 1.52*kobs_MeCN + 0.56*ln(kobs)_toluene + 5.15*HOMO - 0.00*polarizability
indigo_aryl_alkyl,ln(kobs)_MeCN,4,kobs_MeCN|ln(kobs)_toluene|Ar_NBO_=O|Ar_NBO_-O,0.9667635638666361,0.9360613619510586,0.09832648487684165,LOOCV,ln(kobs)_MeCN = -10.21 + 1.87*kobs_MeCN + 0.47*ln(kobs)_toluene - 7.10*Ar_NBO_=O - 7.29*Ar_NBO_-O
indigo_aryl_alkyl,ln(kobs)_MeCN,5,kobs_MeCN|ln(kobs)_toluene|HOMO|Ar_NBO_-O|L_C1-C2,0.9695949500513507,0.9359830178911647,0.0940450950287664,LOOCV,ln(kobs)_MeCN = -11.03 + 1.73*kobs_MeCN + 0.49*ln(kobs)_toluene + 2.31*HOMO - 14.92*Ar_NBO_-O + 0.36*L_C1-C2
indigo_aryl_alkyl,ln(kobs)_MeCN,5,kobs_MeCN|ln(kobs)_toluene|HOMO|Entry|Ar_I_C=O,0.9668469957166863,0.9359500862877976,0.09820299517365241,LOOCV,ln(kobs)_MeCN = 0.37 + 1.59*kobs_MeCN + 0.58*ln(kobs)_toluene + 3.18*HOMO - 0.01*Entry + 0.00*Ar_I_C=O
indigo_aryl_alkyl,ln(kobs)_MeCN,5,kobs_MeCN|ln(kobs)_toluene|Ar_NBO_-O|Ar_NBO_C1_x|Entry,0.9657536388599971,0.935928383465896,0.09980918402648914,LOOCV,ln(kobs)_MeCN = -14.12 + 1.83*kobs_MeCN + 0.52*ln(kobs)_toluene - 19.32*Ar_NBO_-O - 0.15*Ar_NBO_C1_x - 0.00*Entry
indigo_aryl_alkyl,ln(kobs)_MeCN,5,kobs_MeCN|ln(kobs)_toluene|Ar_v_C=O|Ar_NBO_-O|Occupancy_C1-O,0.9704952052835204,0.9359264138519653,0.09264235526617094,LOOCV,ln(kobs)_MeCN = -134.31 + 1.82*kobs_MeCN + 0.52*ln(kobs)_toluene + 0.00*Ar_v_C=O - 24.89*Ar_NBO_-O + 58.11*Occupancy_C1-O
indigo_aryl_alkyl,ln(kobs)_MeCN,5,kobs_MeCN|ln(kobs)_toluene|Ar_NBO_=O|HOMO|Ster_L,0.969815925697005,0.935875061573948,0.09370272472579866,LOOCV,ln(kobs)_MeCN = -5.41 + 1.63*kobs_MeCN + 0.51*ln(kobs)_toluene - 9.13*Ar_NBO_=O + 1.99*HOMO - 0.02*Ster_L
indigo_aryl_alkyl,ln(kobs)_MeCN,4,kobs_MeCN|ln(kobs)_toluene|HOMO|Ster_L,0.9647291045854784,0.9358620170179011,0.10129115692943873,LOOCV,ln(kobs)_MeCN = 0.37 + 1.86*kobs_MeCN + 0.50*ln(kobs)_toluene + 3.48*HOMO - 0.01*Ster_L
indigo_aryl_alkyl,ln(kobs)_MeCN,5,kobs_MeCN|ln(kobs)_toluene|Ar_v_C=O|Ar_NBO_C1_x|Ster_B5,0.9643399914852812,0.9358560945869853,0.10184835298076766,LOOCV,ln(kobs)_MeCN = 19.98 + 1.91*kobs_MeCN + 0.43*ln(kobs)_toluene - 0.01*Ar_v_C=O + 6.03*Ar_NBO_C1_x + 0.00*Ster_B5
indigo_aryl_alkyl,ln(kobs)_MeCN,4,kobs_MeCN|ln(kobs)_toluene|Ar_NBO_-O|Ster_B5,0.9666913368115193,0.9356271938544272,0.09843326495250465,LOOCV,ln(kobs)_MeCN = -14.74 + 1.93*kobs_MeCN + 0.48*ln(kobs)_toluene - 19.77*Ar_NBO_-O + 0.01*Ster_B5
indigo_aryl_alkyl,ln(kobs)_MeCN,4,kobs_MeCN|ln(kobs)_toluene|Entry|Ar_I_C=O,0.9607830651869471,0.935558206571884,0.10680709724581428,LOOCV,ln(kobs)_MeCN = -0.80 + 1.77*kobs_MeCN + 0.61*ln(kobs)_toluene - 0.01*Entry + 0.00*Ar_I_C=O
indigo_aryl_alkyl,ln(kobs)_MeCN,5,kobs_MeCN|ln(kobs)_toluene|Ar_NBO_=O|HOMO|Occupancy_C1-O,0.9710430182187618,0.9354576950771113,0.0917782844509294,LOOCV,ln(kobs)_MeCN = -96.79 + 1.87*kobs_MeCN + 0.45*ln(kobs)_toluene - 10.58*Ar_NBO_=O + 1.12*HOMO + 45.08*Occupancy_C1-O
indigo_aryl_alkyl,ln(kobs)_MeCN,4,kobs_MeCN|ln(kobs)_toluene|Ar_NBO_-O|Ster_B1,0.9675714737037621,0.9354239951767848,0.09712407494322003,LOOCV,ln(kobs)_MeCN = -13.24 + 1.72*kobs_MeCN + 0.57*ln(kobs)_toluene - 18.33*Ar_NBO_-O - 0.10*Ster_B1
indigo_aryl_alkyl,ln(kobs)_MeCN,5,kobs_MeCN|ln(kobs)_toluene|Ar_v_C=O|Ar_NBO_C1_x|Occupancy_C1-O,0.9680214891237169,0.9354150828282949,0.0964478180950145,LOOCV,ln(kobs)_MeCN = -82.46 + 1.82*kobs_MeCN + 0.44*ln(kobs)_toluene - 0.02*Ar_v_C=O + 9.40*Ar_NBO_C1_x + 53.13*Occupancy_C1-O
indigo_aryl_alkyl,ln(kobs)_MeCN,5,kobs_MeCN|ln(kobs)_toluene|Ar_NBO_=O|Ar_I_C=O|Ster_B5,0.9672047437767105,0.9353399291809052,0.09767171268242171,LOOCV,ln(kobs)_MeCN = -6.71 + 1.79*kobs_MeCN + 0.49*ln(kobs)_toluene - 9.67*Ar_NBO_=O + 0.00*Ar_I_C=O - 0.00*Ster_B5
indigo_aryl_alkyl,ln(kobs)_MeCN,5,kobs_MeCN|ln(kobs)_toluene|HOMO|Ar_NBO_C1_x|Ar_I_C=O,0.9662104145571164,0.9352690586222675,0.09914132544375834,LOOCV,ln(kobs)_MeCN = -3.60 + 1.77*kobs_MeCN + 0.47*ln(kobs)_toluene + 3.28*HOMO + 4.62*Ar_NBO_C1_x + 0.00*Ar_I_C=O
indigo_aryl_alkyl,ln(kobs)_MeCN,5,kobs_MeCN|ln(kobs)_toluene|Ar_NBO_=O|HOMO|Ar_I_C=O,0.9683056487892013,0.9352522182467102,0.09601834632772357,LOOCV,ln(kobs)_MeCN = -4.90 + 1.83*kobs_MeCN + 0.46*ln(kobs)_toluene - 7.52*Ar_NBO_=O + 1.64*HOMO + 0.00*Ar_I_C=O
indigo_aryl_alkyl,ln(kobs)_MeCN,5,ln(kobs)_toluene|HOMO|Ar_NBO_-O|Ster_L|polarizability,0.9656261825228856,0.9351251181253623,0.09999474386666793,LOOCV,ln(kobs)_MeCN = -9.52 + 0.85*ln(kobs)_toluene + 6.71*HOMO - 17.60*Ar_NBO_-O + 0.01*Ster_L - 0.00*polarizability
indigo_aryl_alkyl,ln(kobs)_MeCN,4,kobs_MeCN|ln(kobs)_toluene|Ar_NBO_C1_x|Ar_I_C=O,0.9598731436929686,0.9351183586976088,0.10803907504393398,LOOCV,ln(kobs)_MeCN = -3.63 + 1.95*kobs_MeCN + 0.52*ln(kobs)_toluene + 3.21*Ar_NBO_C1_x + 0.00*Ar_I_C=O
indigo_aryl_alkyl,ln(kobs)_MeCN,5,ln(kobs)_toluene|Ar_NBO_=O|HOMO|Ster_L|polarizability,0.9645607504547067,0.9349892009281134,0.10153260932129678,LOOCV,ln(kobs)_MeCN = -2.86 + 0.82*ln(kobs)_toluene - 9.27*Ar_NBO_=O + 6.64*HOMO + 0.02*Ster_L - 0.00*polarizability
indigo_aryl_alkyl,ln(kobs)_MeCN,4,kobs_MeCN|ln(kobs)_toluene|Ar_NBO_=O|LUMO,0.9668537987861732,0.9349723621312158,0.09819291892127492,LOOCV,ln(kobs)_MeCN = -6.52 + 1.86*kobs_MeCN + 0.46*ln(kobs)_toluene - 9.47*Ar_NBO_=O + 0.90*LUMO
indigo_aryl_alkyl,ln(kobs)_MeCN,5,kobs_MeCN|ln(kobs)_toluene|Ar_v_C=O|Ar_NBO_-O|Entry,0.9660303632626397,0.934963804323217,0.09940511689465122,LOOCV,ln(kobs)_MeCN = -5.95 + 1.81*kobs_MeCN + 0.52*ln(kobs)_toluene - 0.00*Ar_v_C=O - 16.19*Ar_NBO_-O - 0.00*Entry
indigo_aryl_alkyl,ln(kobs)_MeCN,4,kobs_MeCN|ln(kobs)_toluene|Ar_NBO_-O|L_C1-C2,0.965825150039866,0.9348948464413168,0.09970492181907983,LOOCV,ln(kobs)_MeCN = -11.67 + 1.84*kobs_MeCN + 0.51*ln(kobs)_toluene - 18.22*Ar_NBO_-O - 1.23*L_C1-C2
indigo_aryl_alkyl,ln(kobs)_MeCN,5,ln(kobs)_toluene|HOMO|Ar_v_C=O|Ar_NBO_C1_x|Ster_L,0.9642144142743406,0.9347812562745967,0.10202752556832996,LOOCV,ln(kobs)_MeCN = 14.20 + 0.79*ln(kobs)_toluene + 5.20*HOMO - 0.01*Ar_v_C=O + 17.90*Ar_NBO_C1_x - 0.05*Ster_L
indigo_aryl_alkyl,ln(kobs)_MeCN,5,kobs_MeCN|ln(kobs)_toluene|Ar_NBO_=O|HOMO|Ar_NBO_-O,0.9696082319932098,0.9347513012023558,0.09402455176492469,LOOCV,ln(kobs)_MeCN = -10.82 + 1.71*kobs_MeCN + 0.50*ln(kobs)_toluene + 1.26*Ar_NBO_=O + 2.41*HOMO - 16.55*Ar_NBO_-O
indigo_aryl_alkyl,ln(kobs)_MeCN,5,kobs_MeCN|ln(kobs)_toluene|HOMO|Entry|polarizability,0.9697624985164865,0.9346410665340532,0.09378561709753297,LOOCV,ln(kobs)_MeCN = 1.65 + 1.31*kobs_MeCN + 0.63*ln(kobs)_toluene + 5.72*HOMO - 0.00*Entry - 0.00*polarizability
indigo_aryl_alkyl,ln(kobs)_MeCN,5,kobs_MeCN|ln(kobs)_toluene|Ar_v_C=O|Ar_NBO_-O|Ar_NBO_C1_x,0.966138028546093,0.9346227264108595,0.09924746178198923,LOOCV,ln(kobs)_MeCN = -2.81 + 1.82*kobs_MeCN + 0.49*ln(kobs)_toluene - 0.01*Ar_v_C=O - 14.01*Ar_NBO_-O + 2.23*Ar_NBO_C1_x
indigo_aryl_alkyl,ln(kobs)_MeCN,4,kobs_MeCN|ln(kobs)_toluene|HOMO|LUMO,0.9657654524849292,0.9346009928029517,0.0997919674532612,LOOCV,ln(kobs)_MeCN = 0.12 + 1.83*kobs_MeCN + 0.48*ln(kobs)_toluene + 2.80*HOMO + 1.58*LUMO
indigo_aryl_alkyl,ln(kobs)_MeCN,5,ln(kobs)_toluene|HOMO|Ar_NBO_-O|polarizability|L_C1-C2,0.9670481109042678,0.9344358106692552,0.09790467896044527,LOOCV,ln(kobs)_MeCN = -21.65 + 0.85*ln(kobs)_toluene + 6.88*HOMO - 23.39*Ar_NBO_-O - 0.00*polarizability + 5.54*L_C1-C2
indigo_aryl_alkyl,ln(kobs)_MeCN,5,kobs_MeCN|ln(kobs)_toluene|HOMO|Ster_B5|Occupancy_C1-O,0.9693105500346102,0.9344357572396285,0.09448390655645306,LOOCV,ln(kobs)_MeCN = -54.22 + 1.48*kobs_MeCN + 0.56*ln(kobs)_toluene + 5.47*HOMO - 0.03*Ster_B5 + 27.84*Occupancy_C1-O
indigo_aryl_alkyl,ln(kobs)_MeCN,5,kobs_MeCN|ln(kobs)_toluene|Ar_v_C=O|Entry|L_C1-C2,0.9625866194536424,0.9343524185150215,0.10432220662692056,LOOCV,ln(kobs)_MeCN = 22.56 + 1.98*kobs_MeCN + 0.46*ln(kobs)_toluene - 0.02*Ar_v_C=O - 0.00*Entry + 3.87*L_C1-C2
indigo_aryl_alkyl,ln(kobs)_MeCN,4,ln(kobs)_toluene|HOMO|Ar_NBO_C1_x|Ster_B5,0.9620379542757345,0.9342674321199773,0.10508436227918638,LOOCV,ln(kobs)_MeCN = -3.28 + 0.80*ln(kobs)_toluene + 8.64*HOMO + 8.23*Ar_NBO_C1_x - 0.05*Ster_B5
indigo_aryl_alkyl,ln(kobs)_MeCN,5,kobs_MeCN|ln(kobs)_toluene|Ar_NBO_-O|Entry|Occupancy_C1-O,0.9708688992864832,0.9341518817421339,0.09205380326094996,LOOCV,ln(kobs)_MeCN = -140.22 + 1.74*kobs_MeCN + 0.55*ln(kobs)_toluene - 25.18*Ar_NBO_-O - 0.00*Entry + 61.17*Occupancy_C1-O
indigo_aryl_alkyl,ln(kobs)_MeCN,5,kobs_MeCN|ln(kobs)_toluene|Ar_NBO_-O|LUMO|Ar_I_C=O,0.9669277139661618,0.9340996657701933,0.09808337396911275,LOOCV,ln(kobs)_MeCN = -12.10 + 1.75*kobs_MeCN + 0.52*ln(kobs)_toluene - 16.16*Ar_NBO_-O + 0.71*LUMO + 0.00*Ar_I_C=O
indigo_aryl_alkyl,ln(kobs)_MeCN,5,kobs_MeCN|ln(kobs)_toluene|Ar_NBO_=O|Ar_NBO_-O|Ar_I_C=O,0.9674014110618715,0.9338413117060428,0.09737841240916466,LOOCV,ln(kobs)_MeCN = -9.86 + 1.81*kobs_MeCN + 0.49*ln(kobs)_toluene - 5.94*Ar_NBO_=O - 7.71*Ar_NBO_-O + 0.00*Ar_I_C=O
indigo_aryl_alkyl,ln(kobs)_MeCN,5,ln(kobs)_toluene|HOMO|Ar_NBO_-O|Ster_L|Entry,0.9654224489912553,0.9338121677642905,0.10029064037041184,LOOCV,ln(kobs)_MeCN = -13.23 + 0.94*ln(kobs)_toluene + 4.65*HOMO - 22.65*Ar_NBO_-O - 0.04*Ster_L - 0.01*Entry
indigo_aryl_alkyl,ln(kobs)_MeCN,5,ln(kobs)_toluene|kobs_toluene|HOMO|Ar_NBO_C1_x|Ster_B5,0.9655496324198654,0.9337517027266098,0.10010602552758585,LOOCV,ln(kobs)_MeCN = -1.90 + 1.02*ln(kobs)_toluene - 2.13*kobs_toluene + 8.55*HOMO + 7.42*Ar_NBO_C1_x - 0.05*Ster_B5
indigo_aryl_alkyl,ln(kobs)_MeCN,5,kobs_MeCN|ln(kobs)_toluene|Ar_NBO_C1_x|L_C1-C2|Ster_B5,0.9634659485445966,0.9337414864773684,0.10308897157308014,LOOCV,ln(kobs)_MeCN = 9.77 + 1.87*kobs_MeCN + 0.49*ln(kobs)_toluene + 9.18*Ar_NBO_C1_x - 12.13*L_C1-C2 + 0.01*Ster_B5
indigo_aryl_alkyl,ln(kobs)_MeCN,5,kobs_MeCN|ln(kobs)_toluene|Ar_NBO_-O|Ar_NBO_C1_x|L_C1-C2,0.9660617505302856,0.9336961739480971,0.09935918210759709,LOOCV,ln(kobs)_MeCN = -8.72 + 1.78*kobs_MeCN + 0.52*ln(kobs)_toluene - 15.93*Ar_NBO_-O + 2.59*Ar_NBO_C1_x - 3.53*L_C1-C2
indigo_aryl_alkyl,ln(kobs)_MeCN,4,kobs_MeCN|ln(kobs)_toluene|Ar_v_C=O|Ster_L,0.9616696216521636,0.933681515895008,0.10559293028597527,LOOCV,ln(kobs)_MeCN = 18.68 + 2.06*kobs_MeCN + 0.45*ln(kobs)_toluene - 0.01*Ar_v_C=O + 0.00*Ster_L
indigo_aryl_alkyl,ln(kobs)_MeCN,5,kobs_MeCN|ln(kobs)_toluene|Ar_NBO_-O|Ar_I_C=O|polarizability,0.967164209777623,0.9336250850609664,0.0977320537654544,LOOCV,ln(kobs)_MeCN = -13.44 + 1.66*kobs_MeCN + 0.56*ln(kobs)_toluene - 18.17*Ar_NBO_-O + 0.00*Ar_I_C=O - 0.00*polarizability
indigo_aryl_alkyl,ln(kobs)_MeCN,5,kobs_MeCN|ln(kobs)_toluene|kobs_toluene|Ar_NBO_=O|Ar_v_C=O,0.9866027929340683,0.9336169178208175,0.062426706623042574,LOOCV,ln(kobs)_MeCN = 7.17 + 2.78*kobs_MeCN + 0.88*ln(kobs)_toluene - 5.87*kobs_toluene - 3.24*Ar_NBO_=O - 0.00*Ar_v_C=O
indigo_aryl_alkyl,ln(kobs)_MeCN,5,ln(kobs)_toluene|HOMO|Ster_L|Entry|polarizability,0.9631879983309819,0.9332545317598459,0.10348037778016583,LOOCV,ln(kobs)_MeCN = 3.60 + 0.89*ln(kobs)_toluene + 8.89*HOMO + 0.03*Ster_L - 0.01*Entry - 0.00*polarizability
indigo_aryl_alkyl,ln(kobs)_MeCN,5,ln(kobs)_toluene|HOMO|Ar_NBO_C1_x|L_C1-C2|Energy_C1-O,0.9673816327154313,0.9332462263822598,0.09740794883992074,LOOCV,ln(kobs)_MeCN = 9.16 + 0.86*ln(kobs)_toluene + 4.44*HOMO + 12.49*Ar_NBO_C1_x - 10.97*L_C1-C2 + 0.92*Energy_C1-O
indigo_aryl_alkyl,ln(kobs)_MeCN,4,kobs_MeCN|ln(kobs)_toluene|Ar_v_C=O|Ster_B5,0.9617432510132635,0.9331791582197447,0.10549146406556498,LOOCV,ln(kobs)_MeCN = 18.42 + 2.08*kobs_MeCN + 0.45*ln(kobs)_toluene - 0.01*Ar_v_C=O + 0.00*Ster_B5
indigo_aryl_alkyl,ln(kobs)_MeCN,5,kobs_MeCN|ln(kobs)_toluene|Ar_NBO_=O|Ar_NBO_C1_x|Ster_L,0.9682253608119398,0.9331144495076428,0.09613988601083254,LOOCV,ln(kobs)_MeCN = -10.58 + 1.63*kobs_MeCN + 0.52*ln(kobs)_toluene - 12.72*Ar_NBO_=O + 3.03*Ar_NBO_C1_x - 0.02*Ster_L
indigo_aryl_alkyl,ln(kobs)_MeCN,5,kobs_MeCN|ln(kobs)_toluene|Ar_NBO_=O|polarizability|Ster_B5,0.9698858054774404,0.9329825622490542,0.09359419530780988,LOOCV,ln(kobs)_MeCN = -9.08 + 1.73*kobs_MeCN + 0.50*ln(kobs)_toluene - 13.98*Ar_NBO_=O - 0.00*polarizability + 0.03*Ster_B5
indigo_aryl_alkyl,ln(kobs)_MeCN,5,ln(kobs)_toluene|HOMO|Entry|L_C1-C2|Energy_C1-O,0.9647564812005187,0.9329287777390711,0.1012518391395709,LOOCV,ln(kobs)_MeCN = 12.63 + 0.98*ln(kobs)_toluene + 4.85*HOMO - 0.01*Entry - 6.17*L_C1-C2 + 0.93*Energy_C1-O
indigo_aryl_alkyl,ln(kobs)_MeCN,5,kobs_MeCN|ln(kobs)_toluene|HOMO|polarizability|Ster_B5,0.9689242371956553,0.9329152264220733,0.09507671937503133,LOOCV,ln(kobs)_MeCN = 1.43 + 1.41*kobs_MeCN + 0.57*ln(kobs)_toluene + 5.63*HOMO - 0.00*polarizability - 0.02*Ster_B5
indigo_aryl_alkyl,ln(kobs)_MeCN,4,kobs_MeCN|ln(kobs)_toluene|HOMO|Occupancy_C1-O,0.9648515660243542,0.9328065841174777,0.10111516130491645,LOOCV,ln(kobs)_MeCN = -32.97 + 1.96*kobs_MeCN + 0.47*ln(kobs)_toluene + 3.22*HOMO + 16.60*Occupancy_C1-O
indigo_aryl_alkyl,ln(kobs)_MeCN,5,kobs_MeCN|ln(kobs)_toluene|HOMO|Ar_NBO_C1_x|Ster_L,0.9682667802343186,0.9327205566962827,0.09607720462113459,LOOCV,ln(kobs)_MeCN = -5.28 + 1.45*kobs_MeCN + 0.55*ln(kobs)_toluene + 4.75*HOMO + 7.97*Ar_NBO_C1_x - 0.02*Ster_L
indigo_aryl_alkyl,ln(kobs)_MeCN,5,kobs_MeCN|ln(kobs)_toluene|HOMO|Ar_NBO_C1_x|Entry,0.9664323398022889,0.9326287689292476,0.09881521595998484,LOOCV,ln(kobs)_MeCN = -1.89 + 1.72*kobs_MeCN + 0.51*ln(kobs)_toluene + 3.87*HOMO + 2.99*Ar_NBO_C1_x - 0.00*Entry
indigo_aryl_alkyl,ln(kobs)_MeCN,5,kobs_MeCN|ln(kobs)_toluene|Ar_NBO_=O|HOMO|LUMO,0.9685164607872385,0.9325916109718865,0.09569848505575114,LOOCV,ln(kobs)_MeCN = -4.39 + 1.80*kobs_MeCN + 0.46*ln(kobs)_toluene - 6.84*Ar_NBO_=O + 1.71*HOMO + 0.73*LUMO
indigo_aryl_alkyl,ln(kobs)_MeCN,5,kobs_MeCN|ln(kobs)_toluene|HOMO|Ster_L|Entry,0.9665579279564331,0.9325462897730477,0.09863019189510355,LOOCV,ln(kobs)_MeCN = 0.93 + 1.60*kobs_MeCN + 0.58*ln(kobs)_toluene + 4.17*HOMO - 0.01*Ster_L - 0.01*Entry
indigo_aryl_alkyl,ln(kobs)_MeCN,4,ln(kobs)_toluene|HOMO|Ster_L|polarizability,0.9594354464499177,0.9324935297446046,0.10862671328186363,LOOCV,ln(kobs)_MeCN = 3.40 + 0.84*ln(kobs)_toluene + 8.95*HOMO + 0.04*Ster_L - 0.00*polarizability
indigo_aryl_alkyl,ln(kobs)_MeCN,5,kobs_MeCN|ln(kobs)_toluene|HOMO|Ar_v_C=O|Ster_L,0.9655531395462562,0.9324789920268417,0.10010092988645874,LOOCV,ln(kobs)_MeCN = 8.93 + 1.84*kobs_MeCN + 0.49*ln(kobs)_toluene + 2.76*HOMO - 0.00*Ar_v_C=O - 0.01*Ster_L
indigo_aryl_alkyl,ln(kobs)_MeCN,5,kobs_MeCN|ln(kobs)_toluene|HOMO|LUMO|Entry,0.9679670264209821,0.9324728617211979,0.09652991344727001,LOOCV,ln(kobs)_MeCN = 0.62 + 1.56*kobs_MeCN + 0.56*ln(kobs)_toluene + 3.30*HOMO + 2.01*LUMO - 0.01*Entry
indigo_aryl_alkyl,ln(kobs)_MeCN,5,kobs_MeCN|ln(kobs)_toluene|Ar_NBO_-O|LUMO|Entry,0.9664586324997417,0.932450785908362,0.09877650865180304,LOOCV,ln(kobs)_MeCN = -12.26 + 1.73*kobs_MeCN + 0.54*ln(kobs)_toluene - 16.66*Ar_NBO_-O + 1.26*LUMO - 0.00*Entry
indigo_aryl_alkyl,ln(kobs)_MeCN,5,ln(kobs)_toluene|HOMO|Ar_NBO_-O|polarizability|Occupancy_C1-O,0.9669984363229912,0.9324292456909324,0.09797844624020378,LOOCV,ln(kobs)_MeCN = -86.09 + 0.87*ln(kobs)_toluene + 5.72*HOMO - 23.77*Ar_NBO_-O - 0.00*polarizability + 36.13*Occupancy_C1-O
indigo_aryl_alkyl,ln(kobs)_MeCN,5,kobs_MeCN|ln(kobs)_toluene|Entry|Ar_I_C=O|L_C1-C2,0.9627911853643444,0.9324247094920871,0.10403661336783862,LOOCV,ln(kobs)_MeCN = 7.50 + 1.64*kobs_MeCN + 0.64*ln(kobs)_toluene - 0.01*Entry + 0.00*Ar_I_C=O - 5.46*L_C1-C2
indigo_aryl_alkyl,ln(kobs)_MeCN,4,kobs_MeCN|ln(kobs)_toluene|Ar_NBO_=O|Energy_C1-O,0.9720785773344329,0.9322883841033163,0.09012225718982214,LOOCV,ln(kobs)_MeCN = -5.34 + 1.73*kobs_MeCN + 0.55*ln(kobs)_toluene - 8.96*Ar_NBO_=O + 0.63*Energy_C1-O
indigo_aryl_alkyl,ln(kobs)_MeCN,5,kobs_MeCN|ln(kobs)_toluene|Ar_NBO_=O|Ar_I_C=O|Occupancy_C1-O,0.9707666863921824,0.932260725230656,0.09221515738793185,LOOCV,ln(kobs)_MeCN = -107.93 + 1.87*kobs_MeCN + 0.46*ln(kobs)_toluene - 11.91*Ar_NBO_=O + 0.00*Ar_I_C=O + 50.06*Occupancy_C1-O
indigo_aryl_alkyl,ln(kobs)_MeCN,5,ln(kobs)_toluene|HOMO|Ar_NBO_C1_x|Entry|L_C1-C2,0.9599156742519895,0.9322140753048237,0.10798180441673444,LOOCV,ln(kobs)_MeCN = 14.25 + 0.85*ln(kobs)_toluene + 4.57*HOMO + 12.19*Ar_NBO_C1_x - 0.01*Entry - 14.80*L_C1-C2
indigo_aryl_alkyl,ln(kobs)_MeCN,5,kobs_MeCN|ln(kobs)_toluene|HOMO|LUMO|Ar_NBO_C1_x,0.9706883081622555,0.9321217192394532,0.09233869491808731,LOOCV,ln(kobs)_MeCN = -7.02 + 1.45*kobs_MeCN + 0.48*ln(kobs)_toluene + 3.11*HOMO + 3.53*LUMO + 9.23*Ar_NBO_C1_x
indigo_aryl_alkyl,ln(kobs)_MeCN,5,kobs_MeCN|ln(kobs)_toluene|HOMO|LUMO|Ster_B5,0.9684629641975901,0.9321031494096983,0.0957797556146963,LOOCV,ln(kobs)_MeCN = 1.07 + 1.48*kobs_MeCN + 0.55*ln(kobs)_toluene + 4.80*HOMO + 0.88*LUMO - 0.02*Ster_B5
indigo_aryl_alkyl,ln(kobs)_MeCN,5,ln(kobs)_toluene|HOMO|Ar_NBO_C1_x|Ar_I_C=O|Ster_B5,0.9652153760059634,0.9320862078459784,0.10059049507571956,LOOCV,ln(kobs)_MeCN = -4.54 + 0.80*ln(kobs)_toluene + 7.42*HOMO + 9.01*Ar_NBO_C1_x + 0.00*Ar_I_C=O - 0.05*Ster_B5
indigo_aryl_alkyl,ln(kobs)_MeCN,4,kobs_MeCN|ln(kobs)_toluene|Ar_NBO_-O|polarizability,0.9658171208889788,0.9320226679457079,0.09971663363123463,LOOCV,ln(kobs)_MeCN = -14.54 + 1.81*kobs_MeCN + 0.52*ln(kobs)_toluene - 19.77*Ar_NBO_-O - 0.00*polarizability
indigo_aryl_alkyl,ln(kobs)_MeCN,5,kobs_MeCN|ln(kobs)_toluene|Ar_NBO_=O|Entry|Occupancy_C1-O,0.9707564024949635,0.9319814566140616,0.09223137600456498,LOOCV,ln(kobs)_MeCN = -117.13 + 1.85*kobs_MeCN + 0.48*ln(kobs)_toluene - 12.94*Ar_NBO_=O - 0.00*Entry + 54.44*Occupancy_C1-O
indigo_aryl_alkyl,ln(kobs)_MeCN,4,ln(kobs)_toluene|HOMO|Ar_NBO_C1_x|L_C1-C2,0.9551286465748398,0.931979477524491,0.11424780728104815,LOOCV,ln(kobs)_MeCN = 10.78 + 0.79*ln(kobs)_toluene + 4.20*HOMO + 16.42*Ar_NBO_C1_x - 15.00*L_C1-C2
indigo_aryl_alkyl,ln(kobs)_MeCN,5,kobs_MeCN|ln(kobs)_toluene|HOMO|Ar_v_C=O|L_C1-C2,0.9652825524091372,0.9318938815191622,0.1004933174656874,LOOCV,ln(kobs)_MeCN = 9.20 + 1.92*kobs_MeCN + 0.46*ln(kobs)_toluene + 2.51*HOMO - 0.01*Ar_v_C=O + 0.18*L_C1-C2
indigo_aryl_alkyl,ln(kobs)_MeCN,5,kobs_MeCN|ln(kobs)_toluene|Ar_NBO_-O|LUMO|Occupancy_C1-O,0.970568750623407,0.9318535225762926,0.09252682040569175,LOOCV,ln(kobs)_MeCN = -141.78 + 1.84*kobs_MeCN + 0.52*ln(kobs)_toluene - 26.00*Ar_NBO_-O - 0.43*LUMO + 61.60*Occupancy_C1-O
indigo_aryl_alkyl,ln(kobs)_MeCN,5,kobs_MeCN|ln(kobs)_toluene|Ar_NBO_-O|Ar_I_C=O|Ster_B5,0.9670011689129264,0.9317639450312185,0.09797438975880261,LOOCV,ln(kobs)_MeCN = -13.76 + 1.85*kobs_MeCN + 0.50*ln(kobs)_toluene - 18.37*Ar_NBO_-O + 0.00*Ar_I_C=O + 0.01*Ster_B5
indigo_aryl_alkyl,ln(kobs)_MeCN,5,kobs_MeCN|ln(kobs)_toluene|Ar_NBO_=O|Ar_NBO_C1_x|Occupancy_C1-O,0.9713231784342227,0.9317456199030372,0.0913332256468854,LOOCV,ln(kobs)_MeCN = -131.68 + 1.86*kobs_MeCN + 0.45*ln(kobs)_toluene - 13.05*Ar_NBO_=O + 3.44*Ar_NBO_C1_x + 60.27*Occupancy_C1-O
indigo_aryl_alkyl,ln(kobs)_MeCN,5,ln(kobs)_toluene|HOMO|Ar_v_C=O|Entry|polarizability,0.9622697623550939,0.9316404353020507,0.10476303206338035,LOOCV,ln(kobs)_MeCN = 11.67 + 0.92*ln(kobs)_toluene + 7.48*HOMO - 0.00*Ar_v_C=O - 0.01*Entry - 0.00*polarizability
indigo_aryl_alkyl,ln(kobs)_MeCN,4,kobs_MeCN|ln(kobs)_toluene|Ster_L|Ar_I_C=O,0.9590720431959133,0.9315478203701943,0.10911220221483571,LOOCV,ln(kobs)_MeCN = -1.08 + 2.06*kobs_MeCN + 0.51*ln(kobs)_toluene + 0.00*Ster_L + 0.00*Ar_I_C=O
indigo_aryl_alkyl,ln(kobs)_MeCN,5,ln(kobs)_toluene|HOMO|Ar_NBO_-O|LUMO|polarizability,0.9658430964795333,0.9314986502177689,0.09967873906567361,LOOCV,ln(kobs)_MeCN = -12.40 + 0.87*ln(kobs)_toluene + 6.66*HOMO - 21.81*Ar_NBO_-O - 1.22*LUMO - 0.00*polarizability
indigo_aryl_alkyl,ln(kobs)_MeCN,5,kobs_MeCN|ln(kobs)_toluene|Ar_NBO_=O|Ster_L|Ar_I_C=O,0.9681760300723838,0.9313835758565218,0.09621448658005816,LOOCV,ln(kobs)_MeCN = -7.41 + 1.69*kobs_MeCN + 0.52*ln(kobs)_toluene - 11.21*Ar_NBO_=O - 0.01*Ster_L + 0.00*Ar_I_C=O
indigo_aryl_alkyl,ln(kobs)_MeCN,5,kobs_MeCN|ln(kobs)_toluene|Ar_NBO_=O|Ster_L|Entry,0.9676699835540218,0.9313360582205674,0.09697644326995898,LOOCV,ln(kobs)_MeCN = -7.90 + 1.71*kobs_MeCN + 0.52*ln(kobs)_toluene - 12.23*Ar_NBO_=O - 0.01*Ster_L - 0.00*Entry
indigo_aryl_alkyl,ln(kobs)_MeCN,5,kobs_MeCN|ln(kobs)_toluene|HOMO|Ar_v_C=O|Ar_I_C=O,0.965317260865526,0.9312858783256002,0.10044307125850738,LOOCV,ln(kobs)_MeCN = 8.68 + 1.90*kobs_MeCN + 0.46*ln(kobs)_toluene + 2.42*HOMO - 0.00*Ar_v_C=O + 0.00*Ar_I_C=O
indigo_aryl_alkyl,ln(kobs)_MeCN,5,kobs_MeCN|ln(kobs)_toluene|HOMO|Entry|Energy_C1-O,0.9755682075701149,0.9312719801862112,0.08430259708747899,LOOCV,ln(kobs)_MeCN = 1.70 + 1.49*kobs_MeCN + 0.62*ln(kobs)_toluene + 3.84*HOMO - 0.00*Entry + 0.82*Energy_C1-O
indigo_aryl_alkyl,ln(kobs)_MeCN,5,kobs_MeCN|ln(kobs)_toluene|Ar_NBO_-O|Ar_NBO_C1_x|Ster_B5,0.9667146918641776,0.9312487805434526,0.09839874964942387,LOOCV,ln(kobs)_MeCN = -15.11 + 1.92*kobs_MeCN + 0.48*ln(kobs)_toluene - 19.71*Ar_NBO_-O + 0.51*Ar_NBO_C1_x + 0.01*Ster_B5
indigo_aryl_alkyl,ln(kobs)_MeCN,5,ln(kobs)_toluene|kobs_toluene|HOMO|Ar_NBO_-O|polarizability,0.9669212567038051,0.9312205304237493,0.09809294874066021,LOOCV,ln(kobs)_MeCN = -9.30 + 1.02*ln(kobs)_toluene - 1.49*kobs_toluene + 6.23*HOMO - 17.95*Ar_NBO_-O - 0.00*polarizability
indigo_aryl_alkyl,ln(kobs)_MeCN,5,kobs_MeCN|ln(kobs)_toluene|Ar_NBO_-O|Ster_L|Ster_B1,0.9675868467718828,0.9312112216878262,0.09710105089330268,LOOCV,ln(kobs)_MeCN = -13.53 + 1.71*kobs_MeCN + 0.57*ln(kobs)_toluene - 18.76*Ar_NBO_-O - 0.00*Ster_L - 0.09*Ster_B1
indigo_aryl_alkyl,ln(kobs)_MeCN,5,kobs_MeCN|ln(kobs)_toluene|Ar_v_C=O|L_C1-C2|Ster_B5,0.9622666274488184,0.9311719173306001,0.10476738421546702,LOOCV,ln(kobs)_MeCN = 21.73 + 2.07*kobs_MeCN + 0.42*ln(kobs)_toluene - 0.02*Ar_v_C=O + 5.29*L_C1-C2 + 0.00*Ster_B5
indigo_aryl_alkyl,ln(kobs)_MeCN,3,kobs_MeCN|ln(kobs)_toluene|L_C1-C2,0.9586440460297421,0.9311255058300605,0.10968122963051177,LOOCV,ln(kobs)_MeCN = 8.15 + 2.10*kobs_MeCN + 0.51*ln(kobs)_toluene - 6.04*L_C1-C2
indigo_aryl_alkyl,ln(kobs)_MeCN,4,kobs_MeCN|ln(kobs)_toluene|Ar_I_C=O|Ster_B5,0.9590829343580225,0.9310784681424948,0.10909768356007028,LOOCV,ln(kobs)_MeCN = -1.01 + 2.00*kobs_MeCN + 0.53*ln(kobs)_toluene + 0.00*Ar_I_C=O - 0.00*Ster_B5
indigo_aryl_alkyl,ln(kobs)_MeCN,5,kobs_MeCN|ln(kobs)_toluene|Ar_NBO_C1_x|L_C1-C2|Ster_B1,0.9655907296417018,0.9310406176512274,0.10004629746773841,LOOCV,ln(kobs)_MeCN = 10.21 + 1.60*kobs_MeCN + 0.60*ln(kobs)_toluene + 8.79*Ar_NBO_C1_x - 11.80*L_C1-C2 - 0.13*Ster_B1
indigo_aryl_alkyl,ln(kobs)_MeCN,4,kobs_MeCN|ln(kobs)_toluene|Ar_v_C=O|LUMO,0.9624135902770051,0.9309823293861654,0.10456316271114384,LOOCV,ln(kobs)_MeCN = 14.39 + 1.97*kobs_MeCN + 0.47*ln(kobs)_toluene - 0.01*Ar_v_C=O + 1.33*LUMO
indigo_aryl_alkyl,ln(kobs)_MeCN,5,kobs_MeCN|ln(kobs)_toluene|Ar_NBO_=O|Ar_NBO_C1_x|Ster_B5,0.9665214488687403,0.9309806508008097,0.09868397084125438,LOOCV,ln(kobs)_MeCN = -7.89 + 1.90*kobs_MeCN + 0.45*ln(kobs)_toluene - 10.50*Ar_NBO_=O + 0.85*Ar_NBO_C1_x + 0.00*Ster_B5
indigo_aryl_alkyl,ln(kobs)_MeCN,5,kobs_MeCN|ln(kobs)_toluene|Ar_NBO_=O|Ar_I_C=O|polarizability,0.9688210287761506,0.9309771072323876,0.09523447228417009,LOOCV,ln(kobs)_MeCN = -7.56 + 1.61*kobs_MeCN + 0.53*ln(kobs)_toluene - 11.40*Ar_NBO_=O + 0.00*Ar_I_C=O - 0.00*polarizability
indigo_aryl_alkyl,ln(kobs)_MeCN,5,kobs_MeCN|ln(kobs)_toluene|Ar_v_C=O|Ar_NBO_-O|LUMO,0.9662925334465883,0.9309618853201655,0.09902078048945985,LOOCV,ln(kobs)_MeCN = -10.17 + 1.80*kobs_MeCN + 0.51*ln(kobs)_toluene - 0.00*Ar_v_C=O - 16.23*Ar_NBO_-O + 0.96*LUMO
indigo_aryl_alkyl,ln(kobs)_MeCN,4,kobs_MeCN|ln(kobs)_toluene|Ar_NBO_=O|polarizability,0.9675951869016322,0.930910152519532,0.0970885577017528,LOOCV,ln(kobs)_MeCN = -8.06 + 1.75*kobs_MeCN + 0.50*ln(kobs)_toluene - 12.27*Ar_NBO_=O - 0.00*polarizability
indigo_aryl_alkyl,ln(kobs)_MeCN,5,kobs_MeCN|ln(kobs)_toluene|Ar_NBO_=O|Ster_B5|Occupancy_C1-O,0.9706871551992203,0.9308255300339996,0.09234051095203798,LOOCV,ln(kobs)_MeCN = -119.08 + 1.85*kobs_MeCN + 0.47*ln(kobs)_toluene - 13.28*Ar_NBO_=O - 0.01*Ster_B5 + 55.30*Occupancy_C1-O
indigo_aryl_alkyl,ln(kobs)_MeCN,5,kobs_MeCN|ln(kobs)_toluene|Ar_v_C=O|Ster_L|L_C1-C2,0.9623850812048773,0.9307907234217306,0.10460281046835647,LOOCV,ln(kobs)_MeCN = 23.24 + 2.03*kobs_MeCN + 0.43*ln(kobs)_toluene - 0.02*Ar_v_C=O - 0.00*Ster_L + 6.86*L_C1-C2
indigo_aryl_alkyl,ln(kobs)_MeCN,3,ln(kobs)_toluene|HOMO|polarizability,0.9554160716517236,0.9306989109653888,0.11388131020526902,LOOCV,ln(kobs)_MeCN = 3.37 + 0.90*ln(kobs)_toluene + 7.90*HOMO - 0.00*polarizability
indigo_aryl_alkyl,ln(kobs)_MeCN,5,kobs_MeCN|ln(kobs)_toluene|HOMO|Ar_NBO_C1_x|Occupancy_C1-O,0.9671649539364443,0.9306250163827474,0.09773094630646666,LOOCV,ln(kobs)_MeCN = -62.79 + 1.83*kobs_MeCN + 0.46*ln(kobs)_toluene + 3.73*HOMO + 5.61*Ar_NBO_C1_x + 29.38*Occupancy_C1-O
indigo_aryl_alkyl,ln(kobs)_MeCN,5,kobs_MeCN|ln(kobs)_toluene|Ar_NBO_=O|Ster_L|Ster_B5,0.9677022297175277,0.9305814410536776,0.09692806874481558,LOOCV,ln(kobs)_MeCN = -7.89 + 1.78*kobs_MeCN + 0.50*ln(kobs)_toluene - 12.07*Ar_NBO_=O - 0.02*Ster_L + 0.00*Ster_B5
indigo_aryl_alkyl,ln(kobs)_MeCN,5,kobs_MeCN|ln(kobs)_toluene|Ar_NBO_-O|Entry|Ster_B5,0.9669756064856108,0.9304698733533994,0.09801233016917331,LOOCV,ln(kobs)_MeCN = -14.82 + 1.88*kobs_MeCN + 0.50*ln(kobs)_toluene - 20.00*Ar_NBO_-O - 0.00*Entry + 0.01*Ster_B5
indigo_aryl_alkyl,ln(kobs)_MeCN,5,kobs_MeCN|ln(kobs)_toluene|HOMO|Ar_v_C=O|polarizability,0.9685759071469304,0.9304294002126868,0.09560809473331348,LOOCV,ln(kobs)_MeCN = 7.34 + 1.52*kobs_MeCN + 0.55*ln(kobs)_toluene + 4.55*HOMO - 0.00*Ar_v_C=O - 0.00*polarizability
indigo_aryl_alkyl,ln(kobs)_MeCN,4,kobs_MeCN|ln(kobs)_toluene|Ar_I_C=O|L_C1-C2,0.9601667041772578,0.9304184325736545,0.10764315288176314,LOOCV,ln(kobs)_MeCN = 4.99 + 2.00*kobs_MeCN + 0.52*ln(kobs)_toluene + 0.00*Ar_I_C=O - 3.99*L_C1-C2
indigo_aryl_alkyl,ln(kobs)_MeCN,5,kobs_MeCN|ln(kobs)_toluene|Ar_NBO_=O|Ar_NBO_C1_x|Entry,0.9665337105741798,0.9303881766289981,0.0986658974098056,LOOCV,ln(kobs)_MeCN = -7.71 + 1.89*kobs_MeCN + 0.46*ln(kobs)_toluene - 10.54*Ar_NBO_=O + 0.63*Ar_NBO_C1_x - 0.00*Entry
indigo_aryl_alkyl,ln(kobs)_MeCN,5,ln(kobs)_toluene|HOMO|Entry|polarizability|Ster_B5,0.9629982560677368,0.9303856542835014,0.10374672250802146,LOOCV,ln(kobs)_MeCN = 3.70 + 0.91*ln(kobs)_toluene + 8.58*HOMO - 0.01*Entry - 0.00*polarizability - 0.02*Ster_B5
indigo_aryl_alkyl,ln(kobs)_MeCN,4,ln(kobs)_toluene|kobs_toluene|HOMO|polarizability,0.9590338223946723,0.930340110652395,0.10916313784595709,LOOCV,ln(kobs)_MeCN = 4.07 + 1.11*ln(kobs)_toluene - 2.15*kobs_toluene + 7.78*HOMO - 0.00*polarizability
indigo_aryl_alkyl,ln(kobs)_MeCN,5,kobs_MeCN|ln(kobs)_toluene|Ar_NBO_C1_x|Ster_L|L_C1-C2,0.9623574190431197,0.9303083106571345,0.10464126606219364,LOOCV,ln(kobs)_MeCN = 9.66 + 1.78*kobs_MeCN + 0.53*ln(kobs)_toluene + 8.69*Ar_NBO_C1_x - 0.00*Ster_L - 11.67*L_C1-C2
indigo_aryl_alkyl,ln(kobs)_MeCN,5,kobs_MeCN|ln(kobs)_toluene|Ar_NBO_=O|Entry|Ster_B5,0.966511297130248,0.9302659544618673,0.09869893173259733,LOOCV,ln(kobs)_MeCN = -7.18 + 1.90*kobs_MeCN + 0.46*ln(kobs)_toluene - 10.51*Ar_NBO_=O - 0.00*Entry + 0.00*Ster_B5
indigo_aryl_alkyl,ln(kobs)_MeCN,5,kobs_MeCN|ln(kobs)_toluene|Ar_NBO_-O|Ster_L|Ster_B5,0.9688131237536874,0.9302591042641515,0.09524654424969009,LOOCV,ln(kobs)_MeCN = -17.64 + 1.73*kobs_MeCN + 0.54*ln(kobs)_toluene - 24.40*Ar_NBO_-O - 0.02*Ster_L + 0.02*Ster_B5
indigo_aryl_alkyl,ln(kobs)_MeCN,5,kobs_MeCN|ln(kobs)_toluene|Ar_NBO_=O|LUMO|Ar_I_C=O,0.9672573983365227,0.9302118017552498,0.09759327257287266,LOOCV,ln(kobs)_MeCN = -6.28 + 1.83*kobs_MeCN + 0.47*ln(kobs)_toluene - 8.97*Ar_NBO_=O + 0.66*LUMO + 0.00*Ar_I_C=O
indigo_aryl_alkyl,ln(kobs)_MeCN,5,ln(kobs)_toluene|HOMO|Ar_v_C=O|Ar_NBO_C1_x|Ster_B5,0.9623243916857226,0.9301593323775331,0.10468716178272973,LOOCV,ln(kobs)_MeCN = 1.93 + 0.79*ln(kobs)_toluene + 8.03*HOMO - 0.00*Ar_v_C=O + 8.95*Ar_NBO_C1_x - 0.05*Ster_B5
indigo_aryl_alkyl,ln(kobs)_MeCN,5,kobs_MeCN|ln(kobs)_toluene|Ar_NBO_C1_x|Entry|L_C1-C2,0.9624299037014491,0.9301313212821932,0.10454046875879223,LOOCV,ln(kobs)_MeCN = 10.38 + 1.76*kobs_MeCN + 0.54*ln(kobs)_toluene + 8.00*Ar_NBO_C1_x - 0.00*Entry - 11.76*L_C1-C2
indigo_aryl_alkyl,ln(kobs)_MeCN,5,kobs_MeCN|ln(kobs)_toluene|Ar_NBO_-O|Ar_I_C=O|L_C1-C2,0.9667029383078906,0.9300664133250472,0.09841612117499707,LOOCV,ln(kobs)_MeCN = -13.30 + 1.77*kobs_MeCN + 0.52*ln(kobs)_toluene - 17.49*Ar_NBO_-O + 0.00*Ar_I_C=O + 0.14*L_C1-C2
indigo_aryl_alkyl,ln(kobs)_MeCN,5,kobs_MeCN|ln(kobs)_toluene|Ar_NBO_=O|Ar_NBO_-O|Occupancy_C1-O,0.9713902575113815,0.9300432575635396,0.0912263425429636,LOOCV,ln(kobs)_MeCN = -128.11 + 1.84*kobs_MeCN + 0.49*ln(kobs)_toluene - 6.58*Ar_NBO_=O - 13.55*Ar_NBO_-O + 57.10*Occupancy_C1-O
indigo_aryl_alkyl,ln(kobs)_MeCN,5,kobs_MeCN|ln(kobs)_toluene|HOMO|L_C1-C2|Energy_C1-O,0.9753379307617003,0.9299317152715277,0.08469895368343999,LOOCV,ln(kobs)_MeCN = 4.07 + 1.57*kobs_MeCN + 0.59*ln(kobs)_toluene + 3.36*HOMO - 1.75*L_C1-C2 + 0.84*Energy_C1-O
indigo_aryl_alkyl,ln(kobs)_MeCN,5,kobs_MeCN|ln(kobs)_toluene|HOMO|Ar_v_C=O|Occupancy_C1-O,0.9660105889249078,0.9298593672245906,0.09943404544029842,LOOCV,ln(kobs)_MeCN = -31.88 + 1.94*kobs_MeCN + 0.46*ln(kobs)_toluene + 2.38*HOMO - 0.01*Ar_v_C=O + 21.22*Occupancy_C1-O
indigo_aryl_alkyl,ln(kobs)_MeCN,5,ln(kobs)_toluene|Ar_NBO_=O|HOMO|polarizability|Ster_B5,0.9635676969560639,0.929816206240344,0.10294531856982468,LOOCV,ln(kobs)_MeCN = -3.32 + 0.84*ln(kobs)_toluene - 9.99*Ar_NBO_=O + 6.03*HOMO - 0.00*polarizability - 0.01*Ster_B5
indigo_aryl_alkyl,ln(kobs)_MeCN,5,ln(kobs)_toluene|Ar_NBO_=O|HOMO|Ar_NBO_C1_x|Ster_B5,0.9624667284101659,0.9297324779332558,0.1044892230011699,LOOCV,ln(kobs)_MeCN = -4.72 + 0.79*ln(kobs)_toluene - 2.74*Ar_NBO_=O + 7.86*HOMO + 7.64*Ar_NBO_C1_x - 0.05*Ster_B5
indigo_aryl_alkyl,ln(kobs)_MeCN,5,kobs_MeCN|ln(kobs)_toluene|Ar_NBO_-O|L_C1-C2|Occupancy_C1-O,0.9705752934491709,0.9296728103079615,0.09251653507077263,LOOCV,ln(kobs)_MeCN = -140.37 + 1.82*kobs_MeCN + 0.52*ln(kobs)_toluene - 25.88*Ar_NBO_-O + 1.13*L_C1-C2 + 60.10*Occupancy_C1-O
indigo_aryl_alkyl,ln(kobs)_MeCN,5,kobs_MeCN|ln(kobs)_toluene|Ar_NBO_=O|Ar_NBO_-O|Entry,0.9668095605646396,0.9296670590915098,0.09825842313487114,LOOCV,ln(kobs)_MeCN = -10.17 + 1.85*kobs_MeCN + 0.48*ln(kobs)_toluene - 7.15*Ar_NBO_=O - 7.24*Ar_NBO_-O - 0.00*Entry
indigo_aryl_alkyl,ln(kobs)_MeCN,5,kobs_MeCN|ln(kobs)_toluene|Ar_v_C=O|LUMO|Ar_NBO_C1_x,0.9674557121068492,0.9296426370200725,0.09729727464254169,LOOCV,ln(kobs)_MeCN = 11.04 + 1.59*kobs_MeCN + 0.47*ln(kobs)_toluene - 0.01*Ar_v_C=O + 3.08*LUMO + 9.44*Ar_NBO_C1_x
indigo_aryl_alkyl,ln(kobs)_MeCN,5,kobs_MeCN|ln(kobs)_toluene|Ar_NBO_=O|LUMO|Entry,0.9670544166932531,0.9296377668904563,0.0978953108209955,LOOCV,ln(kobs)_MeCN = -6.31 + 1.80*kobs_MeCN + 0.49*ln(kobs)_toluene - 9.30*Ar_NBO_=O + 1.12*LUMO - 0.00*Entry
indigo_aryl_alkyl,ln(kobs)_MeCN,5,kobs_MeCN|ln(kobs)_toluene|HOMO|Ster_B5|Energy_C1-O,0.9753225872760142,0.9295347568395039,0.08472529727815331,LOOCV,ln(kobs)_MeCN = 1.71 + 1.49*kobs_MeCN + 0.60*ln(kobs)_toluene + 4.09*HOMO - 0.01*Ster_B5 + 0.79*Energy_C1-O
indigo_aryl_alkyl,ln(kobs)_MeCN,5,kobs_MeCN|ln(kobs)_toluene|Ar_NBO_-O|Ster_B5|Occupancy_C1-O,0.9709243345079438,0.929534443706861,0.09196617435463454,LOOCV,ln(kobs)_MeCN = -128.37 + 1.87*kobs_MeCN + 0.50*ln(kobs)_toluene - 24.82*Ar_NBO_-O + 0.01*Ster_B5 + 55.24*Occupancy_C1-O
indigo_aryl_alkyl,ln(kobs)_MeCN,5,ln(kobs)_toluene|HOMO|Entry|Ar_I_C=O|polarizability,0.9658167990936847,0.9295087898337707,0.09971710299292609,LOOCV,ln(kobs)_MeCN = 2.87 + 0.96*ln(kobs)_toluene + 6.64*HOMO - 0.01*Entry + 0.00*Ar_I_C=O - 0.00*polarizability
indigo_aryl_alkyl,ln(kobs)_MeCN,5,kobs_MeCN|ln(kobs)_toluene|HOMO|Entry|Occupancy_C1-O,0.9666194057221431,0.9294076062295752,0.0985394924745845,LOOCV,ln(kobs)_MeCN = -43.25 + 1.76*kobs_MeCN + 0.54*ln(kobs)_toluene + 3.77*HOMO - 0.00*Entry + 21.98*Occupancy_C1-O
indigo_aryl_alkyl,ln(kobs)_MeCN,5,kobs_MeCN|ln(kobs)_toluene|Ar_NBO_=O|Ar_NBO_-O|Ar_NBO_C1_x,0.9667949966918783,0.9293326393027471,0.09827997853228052,LOOCV,ln(kobs)_MeCN = -10.55 + 1.86*kobs_MeCN + 0.47*ln(kobs)_toluene - 7.25*Ar_NBO_=O - 6.96*Ar_NBO_-O + 0.60*Ar_NBO_C1_x
indigo_aryl_alkyl,ln(kobs)_MeCN,5,kobs_MeCN|ln(kobs)_toluene|Ar_NBO_-O|Ar_NBO_C1_x|Ster_B1,0.9675836388171759,0.9292826504806008,0.09710585585726596,LOOCV,ln(kobs)_MeCN = -13.50 + 1.72*kobs_MeCN + 0.57*ln(kobs)_toluene - 18.28*Ar_NBO_-O + 0.37*Ar_NBO_C1_x - 0.10*Ster_B1
indigo_aryl_alkyl,ln(kobs)_MeCN,5,ln(kobs)_toluene|kobs_toluene|HOMO|Entry|Ster_B5,0.9645450965632476,0.9291987149820835,0.10155503085947101,LOOCV,ln(kobs)_MeCN = 4.29 + 1.14*ln(kobs)_toluene - 2.43*kobs_toluene + 8.14*HOMO - 0.01*Entry - 0.04*Ster_B5
indigo_aryl_alkyl,ln(kobs)_MeCN,5,ln(kobs)_toluene|HOMO|Ar_NBO_-O|Ar_NBO_C1_x|Ster_B5,0.9624246744301141,0.9290516219152547,0.10454774384602168,LOOCV,ln(kobs)_MeCN = -6.41 + 0.80*ln(kobs)_toluene + 7.91*HOMO - 4.84*Ar_NBO_-O + 7.61*Ar_NBO_C1_x - 0.04*Ster_B5
indigo_aryl_alkyl,ln(kobs)_MeCN,5,kobs_MeCN|ln(kobs)_toluene|Ar_v_C=O|L_C1-C2|Occupancy_C1-O,0.96419805086534,0.9290330545391215,0.10205084958675692,LOOCV,ln(kobs)_MeCN = -46.79 + 2.12*kobs_MeCN + 0.40*ln(kobs)_toluene - 0.02*Ar_v_C=O + 8.40*L_C1-C2 + 35.96*Occupancy_C1-O
indigo_aryl_alkyl,ln(kobs)_MeCN,5,ln(kobs)_toluene|HOMO|LUMO|Ar_NBO_C1_x|Ster_B5,0.9673386005140195,0.9290110331109633,0.09747218100805391,LOOCV,ln(kobs)_MeCN = -7.42 + 0.74*ln(kobs)_toluene + 6.88*HOMO + 3.74*LUMO + 12.67*Ar_NBO_C1_x - 0.04*Ster_B5
indigo_aryl_alkyl,ln(kobs)_MeCN,5,ln(kobs)_toluene|HOMO|Entry|Ster_B5|Energy_C1-O,0.9660732489266657,0.92896797868291,0.09934234906431372,LOOCV,ln(kobs)_MeCN = 3.93 + 0.94*ln(kobs)_toluene + 7.08*HOMO - 0.01*Entry - 0.03*Ster_B5 + 0.73*Energy_C1-O
indigo_aryl_alkyl,ln(kobs)_MeCN,4,ln(kobs)_toluene|HOMO|Entry|Ster_B5,0.9598834470456786,0.9289355335940105,0.1080252035839574,LOOCV,ln(kobs)_MeCN = 3.48 + 0.89*ln(kobs)_toluene + 8.18*HOMO - 0.01*Entry - 0.04*Ster_B5
indigo_aryl_alkyl,ln(kobs)_MeCN,5,kobs_MeCN|ln(kobs)_toluene|Ar_NBO_=O|LUMO|Occupancy_C1-O,0.9704265683729066,0.9289196521916466,0.09275004947937285,LOOCV,ln(kobs)_MeCN = -116.41 + 1.94*kobs_MeCN + 0.45*ln(kobs)_toluene - 13.22*Ar_NBO_=O - 0.34*LUMO + 53.93*Occupancy_C1-O
indigo_aryl_alkyl,ln(kobs)_MeCN,4,kobs_MeCN|ln(kobs)_toluene|Ar_v_C=O|Occupancy_C1-O,0.962841400172442,0.9288759985419557,0.10396638884742278,LOOCV,ln(kobs)_MeCN = -33.66 + 2.08*kobs_MeCN + 0.46*ln(kobs)_toluene - 0.01*Ar_v_C=O + 26.86*Occupancy_C1-O
indigo_aryl_alkyl,ln(kobs)_MeCN,5,kobs_MeCN|ln(kobs)_toluene|HOMO|Ster_L|L_C1-C2,0.9651959471186852,0.9287122230019205,0.10061858347140516,LOOCV,ln(kobs)_MeCN = 4.02 + 1.85*kobs_MeCN + 0.50*ln(kobs)_toluene + 3.12*HOMO - 0.00*Ster_L - 2.54*L_C1-C2
indigo_aryl_alkyl,ln(kobs)_MeCN,5,kobs_MeCN|ln(kobs)_toluene|Ar_v_C=O|Ar_I_C=O|Ster_B5,0.9625284903108248,0.9285786561001879,0.10440321784158732,LOOCV,ln(kobs)_MeCN = 15.29 + 1.95*kobs_MeCN + 0.49*ln(kobs)_toluene - 0.01*Ar_v_C=O + 0.00*Ar_I_C=O - 0.00*Ster_B5
indigo_aryl_alkyl,ln(kobs)_MeCN,3,kobs_MeCN|ln(kobs)_toluene|LUMO,0.9598538321091725,0.9285713335800999,0.10806506953834147,LOOCV,ln(kobs)_MeCN = -0.70 + 2.00*kobs_MeCN + 0.50*ln(kobs)_toluene + 2.68*LUMO
indigo_aryl_alkyl,ln(kobs)_MeCN,5,ln(kobs)_toluene|Ar_NBO_=O|HOMO|LUMO|polarizability,0.9639333140510089,0.9285040954183351,0.10242746116536773,LOOCV,ln(kobs)_MeCN = -4.58 + 0.84*ln(kobs)_toluene - 12.09*Ar_NBO_=O + 6.11*HOMO - 1.11*LUMO - 0.00*polarizability
indigo_aryl_alkyl,ln(kobs)_MeCN,3,kobs_MeCN|ln(kobs)_toluene|Ar_NBO_C1_x,0.9555011665990342,0.9284938423774227,0.11377257873061104,LOOCV,ln(kobs)_MeCN = -1.70 + 2.23*kobs_MeCN + 0.49*ln(kobs)_toluene + 0.99*Ar_NBO_C1_x
indigo_aryl_alkyl,ln(kobs)_MeCN,5,kobs_MeCN|ln(kobs)_toluene|Ar_v_C=O|Entry|Ster_B5,0.9626268839445151,0.9284113951765268,0.104266055442118,LOOCV,ln(kobs)_MeCN = 20.54 + 1.97*kobs_MeCN + 0.49*ln(kobs)_toluene - 0.01*Ar_v_C=O - 0.00*Entry + 0.01*Ster_B5
indigo_aryl_alkyl,ln(kobs)_MeCN,5,kobs_MeCN|ln(kobs)_toluene|Ar_NBO_=O|Ar_NBO_-O|Ster_L,0.9678964490280281,0.9284072142871461,0.09663619582398188,LOOCV,ln(kobs)_MeCN = -11.01 + 1.70*kobs_MeCN + 0.52*ln(kobs)_toluene - 8.61*Ar_NBO_=O - 7.54*Ar_NBO_-O - 0.01*Ster_L
indigo_aryl_alkyl,ln(kobs)_MeCN,5,ln(kobs)_toluene|Ar_NBO_=O|HOMO|polarizability|Occupancy_C1-O,0.9646675337390055,0.928322887297125,0.10137952813238756,LOOCV,ln(kobs)_MeCN = -64.82 + 0.84*ln(kobs)_toluene - 12.83*Ar_NBO_=O + 5.27*HOMO - 0.00*polarizability + 29.86*Occupancy_C1-O
indigo_aryl_alkyl,ln(kobs)_MeCN,5,kobs_MeCN|ln(kobs)_toluene|HOMO|LUMO|Energy_C1-O,0.9759415990901996,0.928277742149802,0.08365591772272912,LOOCV,ln(kobs)_MeCN = 1.47 + 1.51*kobs_MeCN + 0.59*ln(kobs)_toluene + 3.20*HOMO + 1.24*LUMO + 0.83*Energy_C1-O
indigo_aryl_alkyl,ln(kobs)_MeCN,5,kobs_MeCN|ln(kobs)_toluene|Ar_NBO_-O|Ar_I_C=O|Ster_B1,0.9688098497955148,0.928185261521673,0.09525154354836896,LOOCV,ln(kobs)_MeCN = -11.80 + 1.63*kobs_MeCN + 0.59*ln(kobs)_toluene - 16.17*Ar_NBO_-O + 0.00*Ar_I_C=O - 0.11*Ster_B1
indigo_aryl_alkyl,ln(kobs)_MeCN,3,ln(kobs)_toluene|HOMO|Ster_B5,0.9560630160401985,0.9281699223191197,0.11305204164502722,LOOCV,ln(kobs)_MeCN = 3.33 + 0.86*ln(kobs)_toluene + 8.10*HOMO - 0.05*Ster_B5
indigo_aryl_alkyl,ln(kobs)_MeCN,5,ln(kobs)_toluene|HOMO|Ar_NBO_C1_x|L_C1-C2|Occupancy_C1-O,0.9585472075908137,0.9281151031012171,0.10980956845002939,LOOCV,ln(kobs)_MeCN = -86.98 + 0.78*ln(kobs)_toluene + 4.21*HOMO + 19.63*Ar_NBO_C1_x - 16.74*L_C1-C2 + 49.03*Occupancy_C1-O
indigo_aryl_alkyl,ln(kobs)_MeCN,5,kobs_MeCN|ln(kobs)_toluene|Entry|Ar_I_C=O|Ster_B5,0.9607945734116814,0.9280438107530924,0.1067914248038986,LOOCV,ln(kobs)_MeCN = -0.79 + 1.75*kobs_MeCN + 0.61*ln(kobs)_toluene - 0.01*Entry + 0.00*Ar_I_C=O - 0.00*Ster_B5
indigo_aryl_alkyl,ln(kobs)_MeCN,5,kobs_MeCN|ln(kobs)_toluene|HOMO|Ar_I_C=O|L_C1-C2,0.9650670907954197,0.9279183665340806,0.10080467332726024,LOOCV,ln(kobs)_MeCN = 4.25 + 1.89*kobs_MeCN + 0.48*ln(kobs)_toluene + 2.87*HOMO + 0.00*Ar_I_C=O - 2.82*L_C1-C2
indigo_aryl_alkyl,ln(kobs)_MeCN,3,kobs_MeCN|ln(kobs)_toluene|Ster_L,0.9556605681764843,0.9279057794276313,0.11356862058900002,LOOCV,ln(kobs)_MeCN = -1.02 + 2.30*kobs_MeCN + 0.46*ln(kobs)_toluene + 0.01*Ster_L
indigo_aryl_alkyl,ln(kobs)_MeCN,5,kobs_MeCN|ln(kobs)_toluene|Ar_v_C=O|Ar_NBO_-O|Ster_B5,0.9667097312463646,0.9278074026777635,0.09840608171922427,LOOCV,ln(kobs)_MeCN = -12.63 + 1.93*kobs_MeCN + 0.48*ln(kobs)_toluene - 0.00*Ar_v_C=O - 18.96*Ar_NBO_-O + 0.01*Ster_B5
indigo_aryl_alkyl,ln(kobs)_MeCN,5,kobs_MeCN|ln(kobs)_toluene|Ar_v_C=O|Ster_L|Ar_I_C=O,0.9625109948923317,0.9277660217196813,0.104427587887605,LOOCV,ln(kobs)_MeCN = 15.31 + 1.97*kobs_MeCN + 0.48*ln(kobs)_toluene - 0.01*Ar_v_C=O + 0.00*Ster_L + 0.00*Ar_I_C=O
indigo_aryl_alkyl,ln(kobs)_MeCN,3,kobs_MeCN|ln(kobs)_toluene|Entry,0.9554164651904907,0.9277419074314395,0.11388080759355472,LOOCV,ln(kobs)_MeCN = -0.90 + 2.24*kobs_MeCN + 0.49*ln(kobs)_toluene - 0.00*Entry
indigo_aryl_alkyl,ln(kobs)_MeCN,5,kobs_MeCN|ln(kobs)_toluene|Ar_NBO_-O|LUMO|Ster_L,0.9665363108187305,0.9277253391724911,0.09866206429221029,LOOCV,ln(kobs)_MeCN = -14.30 + 1.72*kobs_MeCN + 0.55*ln(kobs)_toluene - 19.64*Ar_NBO_-O + 0.57*LUMO - 0.01*Ster_L
indigo_aryl_alkyl,ln(kobs)_MeCN,5,kobs_MeCN|ln(kobs)_toluene|HOMO|Ar_I_C=O|polarizability,0.9683393964922534,0.9276608623368994,0.09596721321475618,LOOCV,ln(kobs)_MeCN = 1.08 + 1.48*kobs_MeCN + 0.57*ln(kobs)_toluene + 4.87*HOMO + 0.00*Ar_I_C=O - 0.00*polarizability
indigo_aryl_alkyl,ln(kobs)_MeCN,5,kobs_MeCN|ln(kobs)_toluene|Ster_L|Entry|Ar_I_C=O,0.9607842730291712,0.9276365702541958,0.10680545245746154,LOOCV,ln(kobs)_MeCN = -0.79 + 1.76*kobs_MeCN + 0.61*ln(kobs)_toluene - 0.00*Ster_L - 0.01*Entry + 0.00*Ar_I_C=O
indigo_aryl_alkyl,ln(kobs)_MeCN,5,kobs_MeCN|ln(kobs)_toluene|Ar_NBO_C1_x|Ar_I_C=O|Ster_B5,0.9599446292734763,0.9275929778460507,0.10794279689643162,LOOCV,ln(kobs)_MeCN = -3.63 + 1.90*kobs_MeCN + 0.53*ln(kobs)_toluene + 3.25*Ar_NBO_C1_x + 0.00*Ar_I_C=O - 0.00*Ster_B5
indigo_aryl_alkyl,ln(kobs)_MeCN,5,kobs_MeCN|polarizability|Ster_B1|Occupancy_C1-O|Energy_C1-O,0.9617809712277996,0.9275790005516383,0.10543944524425636,LOOCV,ln(kobs)_MeCN = -174.44 + 3.88*kobs_MeCN + 0.00*polarizability + 0.46*Ster_B1 + 87.21*Occupancy_C1-O + 2.90*Energy_C1-O
indigo_aryl_alkyl,ln(kobs)_MeCN,5,ln(kobs)_toluene|HOMO|Ar_NBO_-O|polarizability|Ster_B5,0.9656434668329817,0.9274590841670391,0.09996960034742322,LOOCV,ln(kobs)_MeCN = -14.03 + 0.87*ln(kobs)_toluene + 5.53*HOMO - 23.65*Ar_NBO_-O - 0.00*polarizability + 0.01*Ster_B5
indigo_aryl_alkyl,ln(kobs)_MeCN,3,kobs_MeCN|ln(kobs)_toluene|Ster_B5,0.9559025414957936,0.927394412986413,0.11325830796193478,LOOCV,ln(kobs)_MeCN = -1.01 + 2.31*kobs_MeCN + 0.46*ln(kobs)_toluene + 0.01*Ster_B5
indigo_aryl_alkyl,ln(kobs)_MeCN,5,kobs_MeCN|ln(kobs)_toluene|Ar_NBO_-O|Entry|L_C1-C2,0.9659575347801992,0.9273815699045603,0.09951161858856448,LOOCV,ln(kobs)_MeCN = -10.18 + 1.78*kobs_MeCN + 0.54*ln(kobs)_toluene - 17.71*Ar_NBO_-O - 0.00*Entry - 1.94*L_C1-C2
indigo_aryl_alkyl,ln(kobs)_MeCN,5,kobs_MeCN|ln(kobs)_toluene|Ar_NBO_-O|Ar_NBO_C1_x|polarizability,0.9658236917001225,0.9272490956077963,0.09970704914515612,LOOCV,ln(kobs)_MeCN = -14.74 + 1.80*kobs_MeCN + 0.52*ln(kobs)_toluene - 19.75*Ar_NBO_-O + 0.27*Ar_NBO_C1_x - 0.00*polarizability
indigo_aryl_alkyl,ln(kobs)_MeCN,5,ln(kobs)_toluene|HOMO|Entry|Ar_I_C=O|Energy_C1-O,0.9656218775984189,0.9271631796579782,0.10000100526522651,LOOCV,ln(kobs)_MeCN = 2.99 + 1.00*ln(kobs)_toluene + 4.17*HOMO - 0.01*Entry + 0.00*Ar_I_C=O + 0.94*Energy_C1-O
indigo_aryl_alkyl,ln(kobs)_MeCN,5,kobs_MeCN|ln(kobs)_toluene|Ar_v_C=O|Ster_L|Entry,0.9623117928727227,0.9270310314011496,0.10470466413754974,LOOCV,ln(kobs)_MeCN = 20.89 + 1.94*kobs_MeCN + 0.50*ln(kobs)_toluene - 0.01*Ar_v_C=O + 0.00*Ster_L - 0.00*Entry
indigo_aryl_alkyl,ln(kobs)_MeCN,5,kobs_MeCN|ln(kobs)_toluene|HOMO|Ster_L|Ar_I_C=O,0.964833556522555,0.9270191587697109,0.10114106289235598,LOOCV,ln(kobs)_MeCN = 0.26 + 1.84*kobs_MeCN + 0.50*ln(kobs)_toluene + 3.25*HOMO - 0.01*Ster_L + 0.00*Ar_I_C=O
indigo_aryl_alkyl,ln(kobs)_MeCN,5,kobs_MeCN|ln(kobs)_toluene|HOMO|LUMO|Ster_L,0.9657712225031687,0.9268950099054327,0.09978355744380978,LOOCV,ln(kobs)_MeCN = 0.16 + 1.83*kobs_MeCN + 0.48*ln(kobs)_toluene + 2.84*HOMO + 1.53*LUMO - 0.00*Ster_L
indigo_aryl_alkyl,ln(kobs)_MeCN,5,kobs_MeCN|LUMO|Ster_L|Occupancy_C1-O|Energy_C1-O,0.9605911305785236,0.9268114726552404,0.10706814463576847,LOOCV,ln(kobs)_MeCN = -209.58 + 3.58*kobs_MeCN + 3.29*LUMO + 0.08*Ster_L + 104.30*Occupancy_C1-O + 1.26*Energy_C1-O
indigo_aryl_alkyl,ln(kobs)_MeCN,5,kobs_MeCN|ln(kobs)_toluene|HOMO|Occupancy_C1-O|Energy_C1-O,0.9778770702898698,0.9267809716184356,0.08022036039822468,LOOCV,ln(kobs)_MeCN = -83.10 + 1.60*kobs_MeCN + 0.61*ln(kobs)_toluene + 3.54*HOMO + 42.52*Occupancy_C1-O + 0.98*Energy_C1-O
indigo_aryl_alkyl,ln(kobs)_MeCN,5,kobs_MeCN|ln(kobs)_toluene|Ar_NBO_C1_x|Entry|Ar_I_C=O,0.9609527293303295,0.926767609090132,0.10657580715605162,LOOCV,ln(kobs)_MeCN = -2.11 + 1.76*kobs_MeCN + 0.60*ln(kobs)_toluene + 1.58*Ar_NBO_C1_x - 0.00*Entry + 0.00*Ar_I_C=O
indigo_aryl_alkyl,ln(kobs)_MeCN,5,kobs_MeCN|ln(kobs)_toluene|Ar_NBO_C1_x|Ster_L|Ar_I_C=O,0.9599515149470096,0.9267455661228874,0.10793351860501608,LOOCV,ln(kobs)_MeCN = -3.99 + 1.89*kobs_MeCN + 0.53*ln(kobs)_toluene + 3.76*Ar_NBO_C1_x - 0.00*Ster_L + 0.00*Ar_I_C=O
indigo_aryl_alkyl,ln(kobs)_MeCN,5,ln(kobs)_toluene|HOMO|Ster_L|Entry|Ster_B5,0.9614227605113366,0.926686998629867,0.1059324124034798,LOOCV,ln(kobs)_MeCN = 3.66 + 0.92*ln(kobs)_toluene + 8.19*HOMO - 0.02*Ster_L - 0.01*Entry - 0.04*Ster_B5
indigo_aryl_alkyl,ln(kobs)_MeCN,5,ln(kobs)_toluene|Ar_NBO_-O|Entry|Ar_I_C=O|Energy_C1-O,0.9605030285326431,0.9266564245164606,0.10718775801949552,LOOCV,ln(kobs)_MeCN = -9.46 + 1.03*ln(kobs)_toluene - 15.45*Ar_NBO_-O - 0.01*Entry + 0.00*Ar_I_C=O + 0.73*Energy_C1-O
indigo_aryl_alkyl,ln(kobs)_MeCN,4,ln(kobs)_toluene|kobs_toluene|HOMO|Ster_B5,0.9607847553709715,0.9265464671261207,0.10680479561776221,LOOCV,ln(kobs)_MeCN = 4.15 + 1.11*ln(kobs)_toluene - 2.45*kobs_toluene + 8.06*HOMO - 0.05*Ster_B5
indigo_aryl_alkyl,ln(kobs)_MeCN,5,ln(kobs)_toluene|HOMO|Entry|polarizability|L_C1-C2,0.9624722838135741,0.9264922786192251,0.1044814898454632,LOOCV,ln(kobs)_MeCN = 9.11 + 0.94*ln(kobs)_toluene + 7.56*HOMO - 0.01*Entry - 0.00*polarizability - 3.83*L_C1-C2
indigo_aryl_alkyl,ln(kobs)_MeCN,5,kobs_MeCN|ln(kobs)_toluene|Ar_v_C=O|LUMO|Entry,0.9633863019055297,0.9264753090321758,0.10320128077085078,LOOCV,ln(kobs)_MeCN = 16.03 + 1.81*kobs_MeCN + 0.52*ln(kobs)_toluene - 0.01*Ar_v_C=O + 1.61*LUMO - 0.00*Entry
indigo_aryl_alkyl,ln(kobs)_MeCN,5,kobs_MeCN|ln(kobs)_toluene|Ar_NBO_=O|Ar_NBO_C1_x|Energy_C1-O,0.9720787184670924,0.9264238732841207,0.09012202942188116,LOOCV,ln(kobs)_MeCN = -5.38 + 1.73*kobs_MeCN + 0.55*ln(kobs)_toluene - 8.96*Ar_NBO_=O + 0.04*Ar_NBO_C1_x + 0.63*Energy_C1-O
indigo_aryl_alkyl,ln(kobs)_MeCN,5,kobs_MeCN|ln(kobs)_toluene|Ar_NBO_-O|Entry|Ster_B1,0.9676029906016331,0.9263372997875003,0.09707686660519901,LOOCV,ln(kobs)_MeCN = -13.24 + 1.70*kobs_MeCN + 0.58*ln(kobs)_toluene - 18.37*Ar_NBO_-O - 0.00*Entry - 0.10*Ster_B1
indigo_aryl_alkyl,ln(kobs)_MeCN,4,kobs_MeCN|ln(kobs)_toluene|Ar_NBO_=O|Ster_B1,0.9682269676394851,0.9263335860261747,0.09613745510722435,LOOCV,ln(kobs)_MeCN = -6.57 + 1.79*kobs_MeCN + 0.51*ln(kobs)_toluene - 10.03*Ar_NBO_=O - 0.10*Ster_B1
indigo_aryl_alkyl,ln(kobs)_MeCN,5,ln(kobs)_toluene|HOMO|Entry|Ster_B5|Occupancy_C1-O,0.9620106966032569,0.9261403972233055,0.10512208207392112,LOOCV,ln(kobs)_MeCN = -69.86 + 0.91*ln(kobs)_toluene + 8.44*HOMO - 0.01*Entry - 0.05*Ster_B5 + 36.85*Occupancy_C1-O
indigo_aryl_alkyl,ln(kobs)_MeCN,4,kobs_MeCN|ln(kobs)_toluene|Entry|L_C1-C2,0.9594384311187535,0.9261319037707125,0.10862271692665323,LOOCV,ln(kobs)_MeCN = 10.42 + 1.95*kobs_MeCN + 0.56*ln(kobs)_toluene - 0.00*Entry - 7.43*L_C1-C2
indigo_aryl_alkyl,ln(kobs)_MeCN,5,kobs_MeCN|ln(kobs)_toluene|Ar_NBO_=O|LUMO|Energy_C1-O,0.9726697000600873,0.9260699096916492,0.08916316743903598,LOOCV,ln(kobs)_MeCN = -4.45 + 1.66*kobs_MeCN + 0.56*ln(kobs)_toluene - 7.65*Ar_NBO_=O + 1.11*LUMO + 0.64*Energy_C1-O
indigo_aryl_alkyl,ln(kobs)_MeCN,4,kobs_MeCN|ln(kobs)_toluene|LUMO|Ar_I_C=O,0.961282473303673,0.926031004014926,0.10612485069699198,LOOCV,ln(kobs)_MeCN = -0.83 + 1.91*kobs_MeCN + 0.52*ln(kobs)_toluene + 2.06*LUMO + 0.00*Ar_I_C=O
indigo_aryl_alkyl,ln(kobs)_MeCN,5,ln(kobs)_toluene|kobs_toluene|HOMO|polarizability|Ster_B5,0.9627696517479455,0.9259455193707492,0.10406671323144702,LOOCV,ln(kobs)_MeCN = 4.27 + 1.10*ln(kobs)_toluene - 2.29*kobs_toluene + 8.38*HOMO - 0.00*polarizability - 0.03*Ster_B5
indigo_aryl_alkyl,ln(kobs)_MeCN,5,kobs_MeCN|ln(kobs)_toluene|Ar_NBO_-O|Entry|polarizability,0.9658297915325436,0.9259436890951634,0.09969815082550755,LOOCV,ln(kobs)_MeCN = -14.52 + 1.80*kobs_MeCN + 0.53*ln(kobs)_toluene - 19.76*Ar_NBO_-O - 0.00*Entry - 0.00*polarizability
indigo_aryl_alkyl,ln(kobs)_MeCN,4,kobs_MeCN|ln(kobs)_toluene|Ar_I_C=O|Occupancy_C1-O,0.959784963721164,0.925853510885974,0.10815771945453281,LOOCV,ln(kobs)_MeCN = -43.44 + 2.07*kobs_MeCN + 0.52*ln(kobs)_toluene + 0.00*Ar_I_C=O + 21.26*Occupancy_C1-O
indigo_aryl_alkyl,ln(kobs)_MeCN,4,kobs_MeCN|ln(kobs)_toluene|HOMO|Energy_C1-O,0.9751005584161395,0.9258100678181669,0.08510559114843932,LOOCV,ln(kobs)_MeCN = 1.52 + 1.59*kobs_MeCN + 0.59*ln(kobs)_toluene + 3.56*HOMO + 0.85*Energy_C1-O
indigo_aryl_alkyl,ln(kobs)_MeCN,5,kobs_MeCN|ln(kobs)_toluene|HOMO|Ar_I_C=O|Occupancy_C1-O,0.9650102171821836,0.9258021178556906,0.10088669905218058,LOOCV,ln(kobs)_MeCN = -34.60 + 1.94*kobs_MeCN + 0.48*ln(kobs)_toluene + 2.95*HOMO + 0.00*Ar_I_C=O + 17.36*Occupancy_C1-O
indigo_aryl_alkyl,ln(kobs)_MeCN,5,kobs_MeCN|ln(kobs)_toluene|Ar_v_C=O|Ar_NBO_C1_x|polarizability,0.9646105509447394,0.9257438276606883,0.10146124563045288,LOOCV,ln(kobs)_MeCN = 22.36 + 1.77*kobs_MeCN + 0.47*ln(kobs)_toluene - 0.02*Ar_v_C=O + 6.66*Ar_NBO_C1_x - 0.00*polarizability
indigo_aryl_alkyl,ln(kobs)_MeCN,5,kobs_MeCN|HOMO|Entry|Ster_B1|Energy_C1-O,0.9587324902088077,0.9257270512967678,0.1095638842737241,LOOCV,ln(kobs)_MeCN = 0.15 + 3.32*kobs_MeCN + 3.78*HOMO + 0.01*Entry + 0.54*Ster_B1 + 2.25*Energy_C1-O
indigo_aryl_alkyl,ln(kobs)_MeCN,5,kobs_MeCN|ln(kobs)_toluene|Ar_v_C=O|Ster_L|Ster_B5,0.9617433905737398,0.9256877759996267,0.1054912716491576,LOOCV,ln(kobs)_MeCN = 18.41 + 2.08*kobs_MeCN + 0.45*ln(kobs)_toluene - 0.01*Ar_v_C=O + 0.00*Ster_L + 0.00*Ster_B5
indigo_aryl_alkyl,ln(kobs)_MeCN,5,kobs_MeCN|ln(kobs)_toluene|Ar_NBO_=O|LUMO|Ster_B5,0.9668557849276218,0.9256631536198051,0.09818997698614075,LOOCV,ln(kobs)_MeCN = -6.50 + 1.87*kobs_MeCN + 0.46*ln(kobs)_toluene - 9.43*Ar_NBO_=O + 0.91*LUMO + 0.00*Ster_B5
indigo_aryl_alkyl,ln(kobs)_MeCN,5,kobs_MeCN|ln(kobs)_toluene|Ar_NBO_=O|Ster_L|polarizability,0.9677555448494228,0.9256629841607453,0.09684803431630058,LOOCV,ln(kobs)_MeCN = -8.11 + 1.73*kobs_MeCN + 0.51*ln(kobs)_toluene - 12.46*Ar_NBO_=O - 0.01*Ster_L - 0.00*polarizability
indigo_aryl_alkyl,ln(kobs)_MeCN,5,ln(kobs)_toluene|HOMO|LUMO|Entry|polarizability,0.9627402223078871,0.9256382474820564,0.10410783586733863,LOOCV,ln(kobs)_MeCN = 3.38 + 0.92*ln(kobs)_toluene + 7.37*HOMO + 1.60*LUMO - 0.01*Entry - 0.00*polarizability
indigo_aryl_alkyl,ln(kobs)_MeCN,5,ln(kobs)_toluene|Ar_NBO_=O|HOMO|Entry|Ster_B5,0.960854310197432,0.9255777666275158,0.10671003545407333,LOOCV,ln(kobs)_MeCN = 0.65 + 0.87*ln(kobs)_toluene - 4.03*Ar_NBO_=O + 7.09*HOMO - 0.01*Entry - 0.04*Ster_B5
indigo_aryl_alkyl,ln(kobs)_MeCN,4,kobs_MeCN|ln(kobs)_toluene|Ster_L|L_C1-C2,0.959172177014328,0.9255507983966658,0.1089786442115966,LOOCV,ln(kobs)_MeCN = 8.44 + 2.16*kobs_MeCN + 0.48*ln(kobs)_toluene + 0.01*Ster_L - 6.35*L_C1-C2
indigo_aryl_alkyl,ln(kobs)_MeCN,5,kobs_MeCN|ln(kobs)_toluene|Ar_v_C=O|Ar_NBO_C1_x|Ster_B1,0.966577495774856,0.9254361069876087,0.09860133213895497,LOOCV,ln(kobs)_MeCN = 20.01 + 1.72*kobs_MeCN + 0.51*ln(kobs)_toluene - 0.01*Ar_v_C=O + 5.99*Ar_NBO_C1_x - 0.11*Ster_B1
indigo_aryl_alkyl,ln(kobs)_MeCN,5,kobs_MeCN|ln(kobs)_toluene|Ar_NBO_=O|Ar_NBO_C1_x|polarizability,0.9677338660438654,0.9253691862319962,0.09688058560174728,LOOCV,ln(kobs)_MeCN = -9.09 + 1.72*kobs_MeCN + 0.50*ln(kobs)_toluene - 12.32*Ar_NBO_=O + 1.25*Ar_NBO_C1_x - 0.00*polarizability
indigo_aryl_alkyl,ln(kobs)_MeCN,5,ln(kobs)_toluene|HOMO|Entry|L_C1-C2|Ster_B5,0.960311562048075,0.925362026999152,0.10744724692173704,LOOCV,ln(kobs)_MeCN = 7.47 + 0.91*ln(kobs)_toluene + 7.62*HOMO - 0.01*Entry - 2.80*L_C1-C2 - 0.04*Ster_B5
indigo_aryl_alkyl,ln(kobs)_MeCN,5,kobs_MeCN|ln(kobs)_toluene|Ar_NBO_-O|Ster_L|polarizability,0.9666950153293757,0.9253141659795195,0.0984278294518615,LOOCV,ln(kobs)_MeCN = -15.66 + 1.72*kobs_MeCN + 0.55*ln(kobs)_toluene - 21.64*Ar_NBO_-O - 0.02*Ster_L + 0.00*polarizability
indigo_aryl_alkyl,ln(kobs)_MeCN,5,ln(kobs)_toluene|kobs_toluene|HOMO|Ster_L|polarizability,0.9616689109822179,0.9252880321145415,0.10559390916196669,LOOCV,ln(kobs)_MeCN = 3.95 + 1.02*ln(kobs)_toluene - 1.73*kobs_toluene + 8.68*HOMO + 0.03*Ster_L - 0.00*polarizability
indigo_aryl_alkyl,ln(kobs)_MeCN,4,ln(kobs)_toluene|HOMO|polarizability|Ster_B5,0.9586711608409489,0.9252724980303287,0.10964526777764448,LOOCV,ln(kobs)_MeCN = 3.52 + 0.87*ln(kobs)_toluene + 8.46*HOMO - 0.00*polarizability - 0.03*Ster_B5
indigo_aryl_alkyl,ln(kobs)_MeCN,5,ln(kobs)_toluene|HOMO|Entry|Ar_I_C=O|Ster_B5,0.9650674807926766,0.9252510338460692,0.10080411062497333,LOOCV,ln(kobs)_MeCN = 2.68 + 0.93*ln(kobs)_toluene + 6.50*HOMO - 0.01*Entry + 0.00*Ar_I_C=O - 0.04*Ster_B5
indigo_aryl_alkyl,ln(kobs)_MeCN,5,kobs_MeCN|HOMO|Ar_I_C=O|Ster_B1|Energy_C1-O,0.9554287883109642,0.9252392764261773,0.1138650678826337,LOOCV,ln(kobs)_MeCN = 0.87 + 3.33*kobs_MeCN + 5.65*HOMO - 0.00*Ar_I_C=O + 0.53*Ster_B1 + 2.05*Energy_C1-O
indigo_aryl_alkyl,ln(kobs)_MeCN,5,kobs_MeCN|ln(kobs)_toluene|HOMO|LUMO|Ar_I_C=O,0.9657684918755609,0.9251791347878572,0.099787537520265,LOOCV,ln(kobs)_MeCN = 0.11 + 1.83*kobs_MeCN + 0.48*ln(kobs)_toluene + 2.76*HOMO + 1.56*LUMO + 0.00*Ar_I_C=O
indigo_aryl_alkyl,ln(kobs)_MeCN,5,kobs_MeCN|ln(kobs)_toluene|Ar_NBO_-O|Ster_L|L_C1-C2,0.9664247844585004,0.9251237641470196,0.09882633590278961,LOOCV,ln(kobs)_MeCN = -15.51 + 1.71*kobs_MeCN + 0.56*ln(kobs)_toluene - 21.41*Ar_NBO_-O - 0.01*Ster_L - 0.00*L_C1-C2
indigo_aryl_alkyl,ln(kobs)_MeCN,5,kobs_MeCN|ln(kobs)_toluene|Ar_v_C=O|Ar_NBO_-O|Ster_B1,0.9677633528491421,0.9250909396824898,0.09683630772323833,LOOCV,ln(kobs)_MeCN = -6.83 + 1.73*kobs_MeCN + 0.56*ln(kobs)_toluene - 0.00*Ar_v_C=O - 15.89*Ar_NBO_-O - 0.10*Ster_B1
indigo_aryl_alkyl,ln(kobs)_MeCN,5,kobs_MeCN|ln(kobs)_toluene|HOMO|Ar_NBO_C1_x|Energy_C1-O,0.9760181003309402,0.924856636061494,0.08352280669098062,LOOCV,ln(kobs)_MeCN = -1.09 + 1.50*kobs_MeCN + 0.58*ln(kobs)_toluene + 3.87*HOMO + 3.35*Ar_NBO_C1_x + 0.83*Energy_C1-O
indigo_aryl_alkyl,ln(kobs)_MeCN,5,kobs_MeCN|ln(kobs)_toluene|Ar_v_C=O|LUMO|Ar_I_C=O,0.9630143331912056,0.9247954851863075,0.10372418127200446,LOOCV,ln(kobs)_MeCN = 12.14 + 1.92*kobs_MeCN + 0.49*ln(kobs)_toluene - 0.01*Ar_v_C=O + 1.10*LUMO + 0.00*Ar_I_C=O
indigo_aryl_alkyl,ln(kobs)_MeCN,5,kobs_MeCN|ln(kobs)_toluene|HOMO|polarizability|L_C1-C2,0.9682004803618947,0.9247942557215956,0.09617751878375753,LOOCV,ln(kobs)_MeCN = 2.34 + 1.52*kobs_MeCN + 0.56*ln(kobs)_toluene + 4.99*HOMO - 0.00*polarizability - 0.80*L_C1-C2
indigo_aryl_alkyl,ln(kobs)_MeCN,5,kobs_MeCN|ln(kobs)_toluene|Ar_v_C=O|Ar_NBO_-O|polarizability,0.9660493267051439,0.9247525469914479,0.09937736672485192,LOOCV,ln(kobs)_MeCN = -7.48 + 1.80*kobs_MeCN + 0.52*ln(kobs)_toluene - 0.00*Ar_v_C=O - 17.19*Ar_NBO_-O - 0.00*polarizability
indigo_aryl_alkyl,ln(kobs)_MeCN,5,kobs_MeCN|ln(kobs)_toluene|Ar_NBO_-O|Ster_L|Occupancy_C1-O,0.9705397366504698,0.9247503293600797,0.09257241665829369,LOOCV,ln(kobs)_MeCN = -130.43 + 1.78*kobs_MeCN + 0.53*ln(kobs)_toluene - 25.14*Ar_NBO_-O - 0.00*Ster_L + 56.25*Occupancy_C1-O
indigo_aryl_alkyl,ln(kobs)_MeCN,5,ln(kobs)_toluene|HOMO|Ar_v_C=O|Ster_L|polarizability,0.9595837795739736,0.9247327333796794,0.10842792276850255,LOOCV,ln(kobs)_MeCN = 7.06 + 0.84*ln(kobs)_toluene + 8.58*HOMO - 0.00*Ar_v_C=O + 0.04*Ster_L - 0.00*polarizability
indigo_aryl_alkyl,ln(kobs)_MeCN,5,kobs_MeCN|ln(kobs)_toluene|Ar_NBO_=O|LUMO|Ster_L,0.9675679654480003,0.9246867513896607,0.09712932844868845,LOOCV,ln(kobs)_MeCN = -7.90 + 1.75*kobs_MeCN + 0.50*ln(kobs)_toluene - 12.12*Ar_NBO_=O + 0.01*LUMO - 0.01*Ster_L
indigo_aryl_alkyl,ln(kobs)_MeCN,5,kobs_MeCN|HOMO|Ster_B1|Ster_B5|Energy_C1-O,0.9549757352028594,0.9246677371393913,0.1144423069970459,LOOCV,ln(kobs)_MeCN = -0.11 + 3.49*kobs_MeCN + 3.19*HOMO + 0.50*Ster_B1 + 0.02*Ster_B5 + 2.15*Energy_C1-O
indigo_aryl_alkyl,ln(kobs)_MeCN,5,kobs_MeCN|ln(kobs)_toluene|Ar_NBO_=O|Entry|polarizability,0.9675952662130238,0.9246172135183282,0.09708843888864137,LOOCV,ln(kobs)_MeCN = -8.06 + 1.75*kobs_MeCN + 0.50*ln(kobs)_toluene - 12.27*Ar_NBO_=O + 0.00*Entry - 0.00*polarizability
indigo_aryl_alkyl,ln(kobs)_MeCN,5,kobs_MeCN|ln(kobs)_toluene|Ster_L|Ar_I_C=O|Ster_B5,0.9591736362896304,0.9245588710585516,0.10897669662716264,LOOCV,ln(kobs)_MeCN = -1.06 + 2.02*kobs_MeCN + 0.52*ln(kobs)_toluene + 0.00*Ster_L + 0.00*Ar_I_C=O - 0.00*Ster_B5
indigo_aryl_alkyl,ln(kobs)_MeCN,5,kobs_MeCN|ln(kobs)_toluene|Ster_L|Ar_I_C=O|L_C1-C2,0.96036450775466,0.9243761828704101,0.10737555388901678,LOOCV,ln(kobs)_MeCN = 5.45 + 2.05*kobs_MeCN + 0.50*ln(kobs)_toluene + 0.01*Ster_L + 0.00*Ar_I_C=O - 4.37*L_C1-C2
indigo_aryl_alkyl,ln(kobs)_MeCN,4,ln(kobs)_toluene|HOMO|Ar_v_C=O|Ster_B5,0.9562292795559318,0.924249706585351,0.11283793676122798,LOOCV,ln(kobs)_MeCN = -0.76 + 0.87*ln(kobs)_toluene + 8.56*HOMO + 0.00*Ar_v_C=O - 0.05*Ster_B5
indigo_aryl_alkyl,ln(kobs)_MeCN,5,ln(kobs)_toluene|HOMO|Ar_NBO_C1_x|Entry|Ster_B5,0.962733211423017,0.9242197580890864,0.10411762999072616,LOOCV,ln(kobs)_MeCN = -1.88 + 0.83*ln(kobs)_toluene + 8.57*HOMO + 6.59*Ar_NBO_C1_x - 0.00*Entry - 0.05*Ster_B5
indigo_aryl_alkyl,ln(kobs)_MeCN,5,ln(kobs)_toluene|Ar_NBO_=O|HOMO|Ar_NBO_C1_x|Ster_L,0.9650379109503693,0.9241744295617877,0.10084676616767818,LOOCV,ln(kobs)_MeCN = -14.36 + 0.81*ln(kobs)_toluene - 10.77*Ar_NBO_=O + 4.82*HOMO + 12.85*Ar_NBO_C1_x - 0.05*Ster_L
indigo_aryl_alkyl,ln(kobs)_MeCN,5,ln(kobs)_toluene|HOMO|Ar_v_C=O|Ar_NBO_-O|Ster_L,0.9626893703716173,0.9240730884652834,0.10417885454028436,LOOCV,ln(kobs)_MeCN = -48.03 + 0.93*ln(kobs)_toluene + 5.09*HOMO + 0.01*Ar_v_C=O - 36.44*Ar_NBO_-O - 0.04*Ster_L
indigo_aryl_alkyl,ln(kobs)_MeCN,5,ln(kobs)_toluene|HOMO|Ster_B1|Ster_B5|Energy_C1-O,0.9675688540059602,0.9240562178035919,0.09712799788725016,LOOCV,ln(kobs)_MeCN = 4.33 + 0.88*ln(kobs)_toluene + 7.33*HOMO + 0.29*Ster_B1 - 0.03*Ster_B5 + 1.72*Energy_C1-O
indigo_aryl_alkyl,ln(kobs)_MeCN,5,ln(kobs)_toluene|Entry|Ar_I_C=O|Occupancy_C1-O|Energy_C1-O,0.9600819530283258,0.9239339387970315,0.1077576052925346,LOOCV,ln(kobs)_MeCN = -115.88 + 1.13*ln(kobs)_toluene - 0.01*Entry + 0.00*Ar_I_C=O + 59.01*Occupancy_C1-O + 1.05*Energy_C1-O
indigo_aryl_alkyl,ln(kobs)_MeCN,5,kobs_MeCN|ln(kobs)_toluene|Ar_NBO_=O|Ar_NBO_-O|Energy_C1-O,0.9721083302873513,0.9238640694680026,0.09007422743841755,LOOCV,ln(kobs)_MeCN = -6.31 + 1.72*kobs_MeCN + 0.55*ln(kobs)_toluene - 7.90*Ar_NBO_=O - 2.30*Ar_NBO_-O + 0.62*Energy_C1-O
indigo_aryl_alkyl,ln(kobs)_MeCN,5,kobs_MeCN|ln(kobs)_toluene|HOMO|Ster_L|Energy_C1-O,0.975451981021959,0.9238116228461082,0.08450288068439746,LOOCV,ln(kobs)_MeCN = 1.37 + 1.66*kobs_MeCN + 0.56*ln(kobs)_toluene + 3.33*HOMO + 0.01*Ster_L + 0.91*Energy_C1-O
indigo_aryl_alkyl,ln(kobs)_MeCN,5,kobs_MeCN|ln(kobs)_toluene|Ar_NBO_-O|LUMO|Ster_B5,0.9671338815814611,0.9238050659693294,0.09777717758878378,LOOCV,ln(kobs)_MeCN = -13.24 + 1.88*kobs_MeCN + 0.48*ln(kobs)_toluene - 17.72*Ar_NBO_-O + 0.95*LUMO + 0.01*Ster_B5
indigo_aryl_alkyl,ln(kobs)_MeCN,5,ln(kobs)_toluene|HOMO|Ar_v_C=O|Entry|Ster_B5,0.9598835041758232,0.9237784830123286,0.10802512666436631,LOOCV,ln(kobs)_MeCN = 3.55 + 0.89*ln(kobs)_toluene + 8.17*HOMO - 0.00*Ar_v_C=O - 0.01*Entry - 0.04*Ster_B5
indigo_aryl_alkyl,ln(kobs)_MeCN,5,kobs_MeCN|ln(kobs)_toluene|Ar_NBO_=O|Ster_L|Energy_C1-O,0.9721041848912911,0.9237326223753904,0.09008092082534168,LOOCV,ln(kobs)_MeCN = -5.15 + 1.75*kobs_MeCN + 0.54*ln(kobs)_toluene - 8.62*Ar_NBO_=O + 0.00*Ster_L + 0.65*Energy_C1-O
indigo_aryl_alkyl,ln(kobs)_MeCN,5,kobs_MeCN|ln(kobs)_toluene|LUMO|Entry|Ar_I_C=O,0.9636097341749105,0.9237284345333235,0.10288590997400791,LOOCV,ln(kobs)_MeCN = -0.54 + 1.58*kobs_MeCN + 0.62*ln(kobs)_toluene + 2.32*LUMO - 0.01*Entry + 0.00*Ar_I_C=O
indigo_aryl_alkyl,ln(kobs)_MeCN,5,ln(kobs)_toluene|HOMO|Ar_NBO_C1_x|polarizability|Ster_B1,0.9697610259942652,0.9236229195101261,0.09378790068111535,LOOCV,ln(kobs)_MeCN = -7.18 + 0.76*ln(kobs)_toluene + 10.51*HOMO + 13.60*Ar_NBO_C1_x - 0.00*polarizability + 0.12*Ster_B1
indigo_aryl_alkyl,ln(kobs)_MeCN,5,kobs_MeCN|ln(kobs)_toluene|Ar_NBO_C1_x|L_C1-C2|Occupancy_C1-O,0.9648119189596565,0.923516683414864,0.10117217365256986,LOOCV,ln(kobs)_MeCN = -73.39 + 1.76*kobs_MeCN + 0.53*ln(kobs)_toluene + 11.33*Ar_NBO_C1_x - 13.22*L_C1-C2 + 41.73*Occupancy_C1-O
indigo_aryl_alkyl,ln(kobs)_MeCN,5,kobs_MeCN|ln(kobs)_toluene|Ar_v_C=O|Ar_I_C=O|Energy_C1-O,0.970585676362774,0.9234410866537072,0.09250021076277555,LOOCV,ln(kobs)_MeCN = 13.15 + 1.69*kobs_MeCN + 0.59*ln(kobs)_toluene - 0.01*Ar_v_C=O + 0.00*Ar_I_C=O + 0.74*Energy_C1-O
indigo_aryl_alkyl,ln(kobs)_MeCN,4,kobs_MeCN|ln(kobs)_toluene|L_C1-C2|Ster_B5,0.9591934383449633,0.9233517061578038,0.10895026487922248,LOOCV,ln(kobs)_MeCN = 8.13 + 2.17*kobs_MeCN + 0.48*ln(kobs)_toluene - 6.10*L_C1-C2 + 0.01*Ster_B5
indigo_aryl_alkyl,ln(kobs)_MeCN,5,kobs_MeCN|ln(kobs)_toluene|Ar_NBO_-O|LUMO|Ar_NBO_C1_x,0.9669072508639529,0.9232958745748837,0.09811371326489687,LOOCV,ln(kobs)_MeCN = -13.52 + 1.68*kobs_MeCN + 0.51*ln(kobs)_toluene - 14.12*Ar_NBO_-O + 2.17*LUMO + 3.76*Ar_NBO_C1_x
indigo_aryl_alkyl,ln(kobs)_MeCN,4,ln(kobs)_toluene|HOMO|Ster_B5|Occupancy_C1-O,0.9574892067423223,0.9232819542497821,0.11120207561612958,LOOCV,ln(kobs)_MeCN = -56.23 + 0.87*ln(kobs)_toluene + 8.30*HOMO - 0.05*Ster_B5 + 29.92*Occupancy_C1-O
indigo_aryl_alkyl,ln(kobs)_MeCN,5,kobs_MeCN|ln(kobs)_toluene|Ar_NBO_-O|LUMO|Ster_B1,0.9682500677673317,0.9232420312097078,0.0961025010733546,LOOCV,ln(kobs)_MeCN = -11.38 + 1.66*kobs_MeCN + 0.57*ln(kobs)_toluene - 15.79*Ar_NBO_-O + 1.17*LUMO - 0.10*Ster_B1
indigo_aryl_alkyl,ln(kobs)_MeCN,5,ln(kobs)_toluene|HOMO|Ar_NBO_-O|Entry|Ster_B5,0.9614130813917751,0.9232375954096491,0.10594570091494629,LOOCV,ln(kobs)_MeCN = -3.45 + 0.88*ln(kobs)_toluene + 6.88*HOMO - 9.21*Ar_NBO_-O - 0.01*Entry - 0.03*Ster_B5
indigo_aryl_alkyl,ln(kobs)_MeCN,4,kobs_MeCN|ln(kobs)_toluene|LUMO|Ster_L,0.9610787790207506,0.9232040998939959,0.1064036477918269,LOOCV,ln(kobs)_MeCN = -0.94 + 2.07*kobs_MeCN + 0.45*ln(kobs)_toluene + 3.07*LUMO + 0.01*Ster_L
indigo_aryl_alkyl,ln(kobs)_MeCN,5,kobs_MeCN|ln(kobs)_toluene|Ar_NBO_C1_x|Ar_I_C=O|Occupancy_C1-O,0.961488787686906,0.9231479188093098,0.10584171885611027,LOOCV,ln(kobs)_MeCN = -71.33 + 1.94*kobs_MeCN + 0.52*ln(kobs)_toluene + 4.88*Ar_NBO_C1_x + 0.00*Ar_I_C=O + 33.26*Occupancy_C1-O
indigo_aryl_alkyl,ln(kobs)_MeCN,5,kobs_MeCN|ln(kobs)_toluene|Ar_v_C=O|Entry|Occupancy_C1-O,0.9639689346555981,0.9231378245212967,0.10237686836354917,LOOCV,ln(kobs)_MeCN = -41.83 + 1.93*kobs_MeCN + 0.51*ln(kobs)_toluene - 0.01*Ar_v_C=O - 0.00*Entry + 32.48*Occupancy_C1-O
indigo_aryl_alkyl,ln(kobs)_MeCN,5,kobs_MeCN|ln(kobs)_toluene|Ar_v_C=O|Ar_NBO_C1_x|Energy_C1-O,0.9705558452882119,0.9230577490844483,0.09254710426700387,LOOCV,ln(kobs)_MeCN = 18.92 + 1.69*kobs_MeCN + 0.55*ln(kobs)_toluene - 0.01*Ar_v_C=O + 4.37*Ar_NBO_C1_x + 0.67*Energy_C1-O
indigo_aryl_alkyl,ln(kobs)_MeCN,5,kobs_MeCN|ln(kobs)_toluene|HOMO|LUMO|polarizability,0.9684089459376031,0.9229293233898301,0.09586174876960812,LOOCV,ln(kobs)_MeCN = 1.09 + 1.51*kobs_MeCN + 0.56*ln(kobs)_toluene + 4.75*HOMO + 0.73*LUMO - 0.00*polarizability
indigo_aryl_alkyl,ln(kobs)_MeCN,5,kobs_MeCN|ln(kobs)_toluene|HOMO|Ar_v_C=O|LUMO,0.9659655721457552,0.9228815934731356,0.09949987063693144,LOOCV,ln(kobs)_MeCN = 4.90 + 1.84*kobs_MeCN + 0.47*ln(kobs)_toluene + 2.50*HOMO - 0.00*Ar_v_C=O + 1.26*LUMO
indigo_aryl_alkyl,ln(kobs)_MeCN,4,ln(kobs)_toluene|HOMO|Entry|L_C1-C2,0.9524732738413227,0.9228339356448395,0.11757967046196484,LOOCV,ln(kobs)_MeCN = 15.78 + 0.96*ln(kobs)_toluene + 4.77*HOMO - 0.01*Entry - 8.99*L_C1-C2
indigo_aryl_alkyl,ln(kobs)_MeCN,5,kobs_MeCN|ln(kobs)_toluene|LUMO|Ar_NBO_C1_x|Ar_I_C=O,0.9654713009471133,0.9228182167814327,0.10021976887270768,LOOCV,ln(kobs)_MeCN = -7.52 + 1.56*kobs_MeCN + 0.52*ln(kobs)_toluene + 3.85*LUMO + 8.50*Ar_NBO_C1_x + 0.00*Ar_I_C=O
indigo_aryl_alkyl,ln(kobs)_MeCN,4,ln(kobs)_toluene|HOMO|L_C1-C2|Ster_B5,0.9561231851673813,0.9227986328355944,0.1129746060489418,LOOCV,ln(kobs)_MeCN = 1.98 + 0.86*ln(kobs)_toluene + 8.29*HOMO + 0.95*L_C1-C2 - 0.05*Ster_B5
indigo_aryl_alkyl,ln(kobs)_MeCN,5,ln(kobs)_toluene|Ar_NBO_-O|Ster_L|Entry|Ar_I_C=O,0.9593634334349879,0.9227455137106946,0.10872309137235635,LOOCV,ln(kobs)_MeCN = -16.33 + 1.02*ln(kobs)_toluene - 24.53*Ar_NBO_-O - 0.03*Ster_L - 0.01*Entry + 0.00*Ar_I_C=O
indigo_aryl_alkyl,ln(kobs)_MeCN,4,kobs_MeCN|ln(kobs)_toluene|LUMO|Entry,0.9603909014646003,0.9227098504924963,0.10733979665446418,LOOCV,ln(kobs)_MeCN = -0.53 + 1.89*kobs_MeCN + 0.54*ln(kobs)_toluene + 2.97*LUMO - 0.00*Entry
indigo_aryl_alkyl,ln(kobs)_MeCN,5,ln(kobs)_toluene|HOMO|Ar_NBO_-O|Ar_I_C=O|polarizability,0.9655243969375948,0.9226991246297365,0.10014268350184906,LOOCV,ln(kobs)_MeCN = -10.81 + 0.87*ln(kobs)_toluene + 5.80*HOMO - 19.07*Ar_NBO_-O + 0.00*Ar_I_C=O - 0.00*polarizability
indigo_aryl_alkyl,ln(kobs)_MeCN,5,kobs_MeCN|ln(kobs)_toluene|HOMO|Ar_v_C=O|Energy_C1-O,0.9752077569453796,0.9226405325147077,0.0849221927619305,LOOCV,ln(kobs)_MeCN = 4.64 + 1.59*kobs_MeCN + 0.58*ln(kobs)_toluene + 3.30*HOMO - 0.00*Ar_v_C=O + 0.84*Energy_C1-O
indigo_aryl_alkyl,ln(kobs)_MeCN,5,ln(kobs)_toluene|kobs_toluene|HOMO|Ster_L|Ster_B5,0.961929931770932,0.9226314660689509,0.10523376692812908,LOOCV,ln(kobs)_MeCN = 4.32 + 1.13*ln(kobs)_toluene - 2.54*kobs_toluene + 8.06*HOMO - 0.01*Ster_L - 0.05*Ster_B5
indigo_aryl_alkyl,ln(kobs)_MeCN,5,kobs_MeCN|ln(kobs)_toluene|HOMO|LUMO|L_C1-C2,0.9658083980204033,0.9225016883088712,0.09972935578380446,LOOCV,ln(kobs)_MeCN = 1.43 + 1.83*kobs_MeCN + 0.48*ln(kobs)_toluene + 2.75*HOMO + 1.40*LUMO - 0.89*L_C1-C2
indigo_aryl_alkyl,ln(kobs)_MeCN,5,kobs_MeCN|polarizability|L_C1-C2|Ster_B1|Energy_C1-O,0.9522057235156338,0.9224235934360707,0.11791016166342745,LOOCV,ln(kobs)_MeCN = 2.11 + 3.75*kobs_MeCN + 0.00*polarizability - 2.17*L_C1-C2 + 0.35*Ster_B1 + 2.10*Energy_C1-O
indigo_aryl_alkyl,ln(kobs)_MeCN,4,ln(kobs)_toluene|HOMO|Ster_L|Ster_B5,0.956882443069976,0.9223431412411938,0.11199286676550062,LOOCV,ln(kobs)_MeCN = 3.45 + 0.88*ln(kobs)_toluene + 8.10*HOMO - 0.01*Ster_L - 0.05*Ster_B5
indigo_aryl_alkyl,ln(kobs)_MeCN,5,kobs_MeCN|ln(kobs)_toluene|LUMO|Ar_NBO_C1_x|L_C1-C2,0.96644932977465,0.9222305440088837,0.09879020557397779,LOOCV,ln(kobs)_MeCN = 2.35 + 1.51*kobs_MeCN + 0.52*ln(kobs)_toluene + 3.41*LUMO + 11.52*Ar_NBO_C1_x - 8.15*L_C1-C2
indigo_aryl_alkyl,ln(kobs)_MeCN,5,kobs_MeCN|ln(kobs)_toluene|HOMO|LUMO|Occupancy_C1-O,0.9659742870170125,0.9222032993313497,0.09948713083000886,LOOCV,ln(kobs)_MeCN = -22.64 + 1.86*kobs_MeCN + 0.48*ln(kobs)_toluene + 2.81*HOMO + 1.46*LUMO + 11.41*Occupancy_C1-O
indigo_aryl_alkyl,ln(kobs)_MeCN,5,kobs_MeCN|ln(kobs)_toluene|Ar_NBO_=O|LUMO|Ar_NBO_C1_x,0.9676937163003493,0.9221954412754926,0.09694084260981105,LOOCV,ln(kobs)_MeCN = -8.87 + 1.72*kobs_MeCN + 0.47*ln(kobs)_toluene - 8.03*Ar_NBO_=O + 2.10*LUMO + 4.14*Ar_NBO_C1_x
indigo_aryl_alkyl,ln(kobs)_MeCN,3,kobs_MeCN|ln(kobs)_toluene|Occupancy_C1-O,0.9560167893205441,0.922174388779958,0.11311149783311306,LOOCV,ln(kobs)_MeCN = -38.81 + 2.28*kobs_MeCN + 0.49*ln(kobs)_toluene + 19.01*Occupancy_C1-O
indigo_aryl_alkyl,ln(kobs)_MeCN,4,ln(kobs)_toluene|Ar_NBO_=O|HOMO|Ster_B5,0.9576615761072766,0.9221669321784967,0.11097639997914134,LOOCV,ln(kobs)_MeCN = -0.25 + 0.84*ln(kobs)_toluene - 5.11*Ar_NBO_=O + 6.73*HOMO - 0.05*Ster_B5
indigo_aryl_alkyl,ln(kobs)_MeCN,5,ln(kobs)_toluene|Entry|Ar_I_C=O|L_C1-C2|Energy_C1-O,0.9578746072095893,0.9221507494227158,0.1106968520366909,LOOCV,ln(kobs)_MeCN = 11.39 + 1.09*ln(kobs)_toluene - 0.01*Entry + 0.00*Ar_I_C=O - 6.59*L_C1-C2 + 0.82*Energy_C1-O
indigo_aryl_alkyl,ln(kobs)_MeCN,4,kobs_MeCN|ln(kobs)_toluene|Ar_v_C=O|polarizability,0.9616816470561554,0.9220841236822255,0.10557636513179149,LOOCV,ln(kobs)_MeCN = 19.28 + 2.03*kobs_MeCN + 0.47*ln(kobs)_toluene - 0.01*Ar_v_C=O - 0.00*polarizability
indigo_aryl_alkyl,ln(kobs)_MeCN,5,ln(kobs)_toluene|Ar_NBO_=O|HOMO|Ster_L|Entry,0.9601467570014277,0.9220529978896068,0.10767010154508447,LOOCV,ln(kobs)_MeCN = -3.96 + 0.93*ln(kobs)_toluene - 10.70*Ar_NBO_=O + 4.22*HOMO - 0.04*Ster_L - 0.01*Entry
indigo_aryl_alkyl,ln(kobs)_MeCN,5,ln(kobs)_toluene|kobs_toluene|HOMO|LUMO|Entry,0.9610519215924617,0.9220439547626778,0.10644035316035673,LOOCV,ln(kobs)_MeCN = 3.40 + 1.22*ln(kobs)_toluene - 3.07*kobs_toluene + 4.33*HOMO + 4.18*LUMO - 0.01*Entry
indigo_aryl_alkyl,ln(kobs)_MeCN,5,kobs_MeCN|ln(kobs)_toluene|Entry|Ar_I_C=O|Occupancy_C1-O,0.962227099127467,0.9219741404210829,0.104822245397348,LOOCV,ln(kobs)_MeCN = -61.07 + 1.75*kobs_MeCN + 0.63*ln(kobs)_toluene - 0.01*Entry + 0.00*Ar_I_C=O + 30.24*Occupancy_C1-O
indigo_aryl_alkyl,ln(kobs)_MeCN,4,ln(kobs)_toluene|HOMO|Ar_v_C=O|polarizability,0.955747646230406,0.9219411579634365,0.11345704727556942,LOOCV,ln(kobs)_MeCN = 8.83 + 0.89*ln(kobs)_toluene + 7.37*HOMO - 0.00*Ar_v_C=O - 0.00*polarizability
indigo_aryl_alkyl,ln(kobs)_MeCN,4,ln(kobs)_toluene|Ar_NBO_C1_x|L_C1-C2|Ster_B1,0.9501390867901314,0.9218749136994291,0.12043241721580195,LOOCV,ln(kobs)_MeCN = 16.83 + 0.95*ln(kobs)_toluene + 15.58*Ar_NBO_C1_x - 18.99*L_C1-C2 - 0.21*Ster_B1
indigo_aryl_alkyl,ln(kobs)_MeCN,4,ln(kobs)_toluene|HOMO|Ar_NBO_-O|Ster_L,0.9587441175282924,0.9218405524557857,0.10954844811050757,LOOCV,ln(kobs)_MeCN = -15.93 + 0.90*ln(kobs)_toluene + 3.73*HOMO - 25.81*Ar_NBO_-O - 0.04*Ster_L
indigo_aryl_alkyl,ln(kobs)_MeCN,5,ln(kobs)_toluene|LUMO|Entry|Ar_I_C=O|Energy_C1-O,0.9601571554933399,0.9218382035181727,0.10765605400921016,LOOCV,ln(kobs)_MeCN = 1.66 + 1.05*ln(kobs)_toluene + 3.09*LUMO - 0.01*Entry + 0.00*Ar_I_C=O + 0.83*Energy_C1-O
indigo_aryl_alkyl,ln(kobs)_MeCN,5,ln(kobs)_toluene|HOMO|Ster_L|polarizability|Occupancy_C1-O,0.9604617693139155,0.9217687470808317,0.10724372849825728,LOOCV,ln(kobs)_MeCN = -55.08 + 0.84*ln(kobs)_toluene + 9.23*HOMO + 0.05*Ster_L - 0.00*polarizability + 29.33*Occupancy_C1-O
indigo_aryl_alkyl,ln(kobs)_MeCN,5,kobs_MeCN|ln(kobs)_toluene|kobs_toluene|Ar_v_C=O|Energy_C1-O,0.9874254900471259,0.9217552184410057,0.06047958793153868,LOOCV,ln(kobs)_MeCN = 15.39 + 3.15*kobs_MeCN + 0.93*ln(kobs)_toluene - 7.45*kobs_toluene - 0.01*Ar_v_C=O - 0.40*Energy_C1-O
indigo_aryl_alkyl,ln(kobs)_MeCN,4,kobs_MeCN|ln(kobs)_toluene|LUMO|Ar_NBO_C1_x,0.9634812153161157,0.9217143499121958,0.10306743002260065,LOOCV,ln(kobs)_MeCN = -6.86 + 1.68*kobs_MeCN + 0.50*ln(kobs)_toluene + 4.44*LUMO + 7.87*Ar_NBO_C1_x
indigo_aryl_alkyl,ln(kobs)_MeCN,4,kobs_MeCN|polarizability|Ster_B1|Energy_C1-O,0.9517912164978712,0.9216586220827173,0.11842035954731889,LOOCV,ln(kobs)_MeCN = -1.08 + 3.77*kobs_MeCN + 0.00*polarizability + 0.36*Ster_B1 + 2.14*Energy_C1-O
indigo_aryl_alkyl,ln(kobs)_MeCN,5,kobs_MeCN|ln(kobs)_toluene|Ar_v_C=O|Ar_I_C=O|Occupancy_C1-O,0.9636866044781153,0.9216419740965545,0.10277718512711637,LOOCV,ln(kobs)_MeCN = -36.93 + 2.00*kobs_MeCN + 0.48*ln(kobs)_toluene - 0.01*Ar_v_C=O + 0.00*Ar_I_C=O + 26.74*Occupancy_C1-O
indigo_aryl_alkyl,ln(kobs)_MeCN,5,ln(kobs)_toluene|kobs_toluene|HOMO|Ar_NBO_C1_x|Ster_L,0.9615754458589505,0.9216236182191134,0.10572256893982097,LOOCV,ln(kobs)_MeCN = -7.17 + 1.08*ln(kobs)_toluene - 2.22*kobs_toluene + 6.98*HOMO + 13.80*Ar_NBO_C1_x - 0.05*Ster_L
indigo_aryl_alkyl,ln(kobs)_MeCN,5,kobs_MeCN|ln(kobs)_toluene|HOMO|L_C1-C2|Occupancy_C1-O,0.9654868434948936,0.9216209984183107,0.1001972101618583,LOOCV,ln(kobs)_MeCN = -27.60 + 1.92*kobs_MeCN + 0.48*ln(kobs)_toluene + 2.91*HOMO - 2.85*L_C1-C2 + 16.00*Occupancy_C1-O
indigo_aryl_alkyl,ln(kobs)_MeCN,5,ln(kobs)_toluene|kobs_toluene|HOMO|Ster_B5|Occupancy_C1-O,0.96191873543714,0.9215348514309224,0.10524924031469335,LOOCV,ln(kobs)_MeCN = -49.08 + 1.11*ln(kobs)_toluene - 2.37*kobs_toluene + 8.24*HOMO - 0.05*Ster_B5 + 26.73*Occupancy_C1-O
indigo_aryl_alkyl,ln(kobs)_MeCN,5,ln(kobs)_toluene|HOMO|Entry|polarizability|Occupancy_C1-O,0.961650121644274,0.921505758327569,0.10561978628439754,LOOCV,ln(kobs)_MeCN = -11.29 + 0.93*ln(kobs)_toluene + 8.23*HOMO - 0.01*Entry - 0.00*polarizability + 7.49*Occupancy_C1-O
indigo_aryl_alkyl,ln(kobs)_MeCN,5,kobs_MeCN|ln(kobs)_toluene|Entry|L_C1-C2|Ster_B5,0.9607709855829112,0.9214704493206693,0.10682354534551262,LOOCV,ln(kobs)_MeCN = 11.55 + 1.99*kobs_MeCN + 0.55*ln(kobs)_toluene - 0.01*Entry - 8.24*L_C1-C2 + 0.01*Ster_B5
indigo_aryl_alkyl,ln(kobs)_MeCN,4,kobs_MeCN|ln(kobs)_toluene|Ar_I_C=O|polarizability,0.9590636857717392,0.9214598311919623,0.1091233419159161,LOOCV,ln(kobs)_MeCN = -1.01 + 2.01*kobs_MeCN + 0.53*ln(kobs)_toluene + 0.00*Ar_I_C=O - 0.00*polarizability
indigo_aryl_alkyl,ln(kobs)_MeCN,5,kobs_MeCN|ln(kobs)_toluene|Ar_NBO_=O|Entry|Energy_C1-O,0.9721389830413061,0.9214465452758989,0.090024718352671,LOOCV,ln(kobs)_MeCN = -5.33 + 1.75*kobs_MeCN + 0.54*ln(kobs)_toluene - 8.89*Ar_NBO_=O + 0.00*Entry + 0.64*Energy_C1-O
indigo_aryl_alkyl,ln(kobs)_MeCN,5,ln(kobs)_toluene|kobs_toluene|HOMO|LUMO|polarizability,0.9601158493506404,0.9214400391091694,0.10771184450858007,LOOCV,ln(kobs)_MeCN = 3.89 + 1.12*ln(kobs)_toluene - 2.41*kobs_toluene + 6.90*HOMO + 1.54*LUMO - 0.00*polarizability
indigo_aryl_alkyl,ln(kobs)_MeCN,5,ln(kobs)_toluene|HOMO|LUMO|Ster_L|polarizability,0.9607616354848905,0.9213529397109114,0.10683627509575076,LOOCV,ln(kobs)_MeCN = 3.11 + 0.82*ln(kobs)_toluene + 8.14*HOMO + 1.72*LUMO + 0.05*Ster_L - 0.00*polarizability
indigo_aryl_alkyl,ln(kobs)_MeCN,5,ln(kobs)_toluene|Ar_NBO_=O|HOMO|Ster_B5|Occupancy_C1-O,0.9609836558790313,0.9210713367775769,0.10653359326083883,LOOCV,ln(kobs)_MeCN = -100.92 + 0.84*ln(kobs)_toluene - 8.19*Ar_NBO_=O + 6.24*HOMO - 0.05*Ster_B5 + 49.49*Occupancy_C1-O
indigo_aryl_alkyl,ln(kobs)_MeCN,5,kobs_MeCN|ln(kobs)_toluene|Ar_NBO_C1_x|polarizability|L_C1-C2,0.9624233537946097,0.9209958414598046,0.10454958106562255,LOOCV,ln(kobs)_MeCN = 9.57 + 1.83*kobs_MeCN + 0.51*ln(kobs)_toluene + 8.26*Ar_NBO_C1_x + 0.00*polarizability - 11.43*L_C1-C2
indigo_aryl_alkyl,ln(kobs)_MeCN,5,kobs_MeCN|ln(kobs)_toluene|HOMO|polarizability|Energy_C1-O,0.975264708871998,0.9209459919101225,0.08482459644467076,LOOCV,ln(kobs)_MeCN = 1.38 + 1.67*kobs_MeCN + 0.57*ln(kobs)_toluene + 3.05*HOMO + 0.00*polarizability + 0.95*Energy_C1-O
indigo_aryl_alkyl,ln(kobs)_MeCN,5,ln(kobs)_toluene|kobs_toluene|HOMO|Ster_L|Entry,0.9587011377417766,0.9208868681833697,0.10960549625723798,LOOCV,ln(kobs)_MeCN = 4.18 + 1.25*ln(kobs)_toluene - 2.67*kobs_toluene + 6.43*HOMO - 0.03*Ster_L - 0.01*Entry
indigo_aryl_alkyl,ln(kobs)_MeCN,5,kobs_MeCN|ln(kobs)_toluene|Ar_I_C=O|L_C1-C2|Ster_B5,0.9601750785982802,0.9208301766841821,0.1076318370158751,LOOCV,ln(kobs)_MeCN = 5.13 + 2.01*kobs_MeCN + 0.52*ln(kobs)_toluene + 0.00*Ar_I_C=O - 4.10*L_C1-C2 + 0.00*Ster_B5
indigo_aryl_alkyl,ln(kobs)_MeCN,5,ln(kobs)_toluene|HOMO|Ster_L|polarizability|Ster_B5,0.9598950023777714,0.9206317491767778,0.10800964445796361,LOOCV,ln(kobs)_MeCN = 3.46 + 0.85*ln(kobs)_toluene + 8.93*HOMO + 0.03*Ster_L - 0.00*polarizability - 0.01*Ster_B5
indigo_aryl_alkyl,ln(kobs)_MeCN,4,ln(kobs)_toluene|HOMO|Ster_L|Entry,0.9531197409951871,0.9206298296098409,0.11677726248740702,LOOCV,ln(kobs)_MeCN = 3.24 + 0.98*ln(kobs)_toluene + 6.42*HOMO - 0.03*Ster_L - 0.01*Entry
indigo_aryl_alkyl,ln(kobs)_MeCN,5,kobs_MeCN|ln(kobs)_toluene|kobs_toluene|Ar_NBO_=O|Energy_C1-O,0.9872074697857692,0.9205780198791258,0.061001640526653966,LOOCV,ln(kobs)_MeCN = -3.46 + 3.05*kobs_MeCN + 0.90*ln(kobs)_toluene - 6.95*kobs_toluene - 6.09*Ar_NBO_=O - 0.37*Energy_C1-O
indigo_aryl_alkyl,ln(kobs)_MeCN,5,ln(kobs)_toluene|HOMO|Ar_v_C=O|Ster_L|Entry,0.9549157032371453,0.9205623752745735,0.11451857596174175,LOOCV,ln(kobs)_MeCN = 15.88 + 0.96*ln(kobs)_toluene + 5.35*HOMO - 0.01*Ar_v_C=O - 0.03*Ster_L - 0.01*Entry
indigo_aryl_alkyl,ln(kobs)_MeCN,5,kobs_MeCN|ln(kobs)_toluene|Ar_v_C=O|LUMO|L_C1-C2,0.9635883024678413,0.9204725945964563,0.1029162023622758,LOOCV,ln(kobs)_MeCN = 17.00 + 1.97*kobs_MeCN + 0.43*ln(kobs)_toluene - 0.02*Ar_v_C=O + 1.83*LUMO + 7.79*L_C1-C2
indigo_aryl_alkyl,ln(kobs)_MeCN,4,kobs_MeCN|ln(kobs)_toluene|Ster_L|Ster_B5,0.955962741920927,0.9202904345552043,0.11318097326843686,LOOCV,ln(kobs)_MeCN = -1.06 + 2.33*kobs_MeCN + 0.46*ln(kobs)_toluene + 0.00*Ster_L + 0.01*Ster_B5
indigo_aryl_alkyl,ln(kobs)_MeCN,5,ln(kobs)_toluene|Ar_NBO_C1_x|Entry|Ar_I_C=O|L_C1-C2,0.9531267732200739,0.9202408055723574,0.11676850363253742,LOOCV,ln(kobs)_MeCN = 13.18 + 0.97*ln(kobs)_toluene + 10.12*Ar_NBO_C1_x - 0.01*Entry + 0.00*Ar_I_C=O - 14.03*L_C1-C2
indigo_aryl_alkyl,ln(kobs)_MeCN,5,kobs_MeCN|ln(kobs)_toluene|Ster_L|Entry|L_C1-C2,0.9599575617074063,0.9202121730667295,0.10792537007253165,LOOCV,ln(kobs)_MeCN = 10.69 + 2.02*kobs_MeCN + 0.53*ln(kobs)_toluene + 0.01*Ster_L - 0.00*Entry - 7.73*L_C1-C2
indigo_aryl_alkyl,ln(kobs)_MeCN,5,kobs_MeCN|Ar_v_C=O|Ster_B1|Ster_B5|Energy_C1-O,0.9546114228438,0.920199898021971,0.11490437725682442,LOOCV,ln(kobs)_MeCN = 14.81 + 3.60*kobs_MeCN - 0.01*Ar_v_C=O + 0.44*Ster_B1 + 0.03*Ster_B5 + 2.03*Energy_C1-O
indigo_aryl_alkyl,ln(kobs)_MeCN,5,kobs_MeCN|Ar_NBO_C1_x|polarizability|Ster_B1|Energy_C1-O,0.9530300085309795,0.9201415059332234,0.11688896944332546,LOOCV,ln(kobs)_MeCN = 2.17 + 3.85*kobs_MeCN - 3.92*Ar_NBO_C1_x + 0.00*polarizability + 0.40*Ster_B1 + 2.33*Energy_C1-O
indigo_aryl_alkyl,ln(kobs)_MeCN,5,kobs_MeCN|ln(kobs)_toluene|Ar_NBO_-O|L_C1-C2|Ster_B5,0.9667827860675702,0.9201278399838252,0.09829804733923356,LOOCV,ln(kobs)_MeCN = -12.34 + 1.92*kobs_MeCN + 0.48*ln(kobs)_toluene - 18.80*Ar_NBO_-O - 1.15*L_C1-C2 + 0.01*Ster_B5
indigo_aryl_alkyl,ln(kobs)_MeCN,5,ln(kobs)_toluene|HOMO|LUMO|Entry|Energy_C1-O,0.9663538619093315,0.920114744099032,0.09893065866122677,LOOCV,ln(kobs)_MeCN = 3.42 + 0.95*ln(kobs)_toluene + 4.60*HOMO + 2.77*LUMO - 0.01*Entry + 0.93*Energy_C1-O
indigo_aryl_alkyl,ln(kobs)_MeCN,5,kobs_MeCN|ln(kobs)_toluene|Ar_NBO_=O|Ster_L|Ster_B1,0.9683670534578696,0.9200364568308094,0.09592528821163113,LOOCV,ln(kobs)_MeCN = -6.99 + 1.75*kobs_MeCN + 0.52*ln(kobs)_toluene - 10.81*Ar_NBO_=O - 0.01*Ster_L - 0.08*Ster_B1
indigo_aryl_alkyl,ln(kobs)_MeCN,5,kobs_MeCN|Ar_NBO_-O|Ster_B1|Ster_B5|Energy_C1-O,0.9544395673385133,0.9199949900805628,0.11512170388726364,LOOCV,ln(kobs)_MeCN = -9.86 + 3.63*kobs_MeCN - 12.16*Ar_NBO_-O + 0.41*Ster_B1 + 0.04*Ster_B5 + 1.89*Energy_C1-O
indigo_aryl_alkyl,ln(kobs)_MeCN,5,kobs_MeCN|ln(kobs)_toluene|Ar_v_C=O|Ar_NBO_-O|L_C1-C2,0.9659120105234252,0.9199919465278891,0.09957813373261998,LOOCV,ln(kobs)_MeCN = -7.22 + 1.86*kobs_MeCN + 0.50*ln(kobs)_toluene - 0.00*Ar_v_C=O - 16.62*Ar_NBO_-O + 0.61*L_C1-C2
indigo_aryl_alkyl,ln(kobs)_MeCN,5,ln(kobs)_toluene|HOMO|Ster_L|polarizability|L_C1-C2,0.9594594262762165,0.9199549705677104,0.10859460107345247,LOOCV,ln(kobs)_MeCN = 4.23 + 0.84*ln(kobs)_toluene + 8.84*HOMO + 0.04*Ster_L - 0.00*polarizability - 0.58*L_C1-C2
indigo_aryl_alkyl,ln(kobs)_MeCN,5,kobs_MeCN|ln(kobs)_toluene|Ster_L|L_C1-C2|Ster_B1,0.9644255257337956,0.9199325214550695,0.10172613270032226,LOOCV,ln(kobs)_MeCN = 9.59 + 1.99*kobs_MeCN + 0.53*ln(kobs)_toluene + 0.02*Ster_L - 6.85*L_C1-C2 - 0.18*Ster_B1
indigo_aryl_alkyl,ln(kobs)_MeCN,4,kobs_MeCN|ln(kobs)_toluene|LUMO|L_C1-C2,0.9602935587119965,0.9197266766458914,0.10747161408855666,LOOCV,ln(kobs)_MeCN = 3.44 + 1.99*kobs_MeCN + 0.51*ln(kobs)_toluene + 2.04*LUMO - 2.79*L_C1-C2
indigo_aryl_alkyl,ln(kobs)_MeCN,5,kobs_MeCN|ln(kobs)_toluene|Ar_v_C=O|Ster_B5|Occupancy_C1-O,0.9628480251629484,0.9196865559669926,0.10395712037329514,LOOCV,ln(kobs)_MeCN = -32.98 + 2.08*kobs_MeCN + 0.46*ln(kobs)_toluene - 0.01*Ar_v_C=O + 0.00*Ster_B5 + 26.45*Occupancy_C1-O
indigo_aryl_alkyl,ln(kobs)_MeCN,5,ln(kobs)_toluene|HOMO|Ster_L|Ar_I_C=O|polarizability,0.960945597246865,0.91967295246983,0.10658553988298967,LOOCV,ln(kobs)_MeCN = 2.93 + 0.85*ln(kobs)_toluene + 8.06*HOMO + 0.04*Ster_L + 0.00*Ar_I_C=O - 0.00*polarizability
indigo_aryl_alkyl,ln(kobs)_MeCN,5,ln(kobs)_toluene|HOMO|Ar_NBO_C1_x|Ster_B5|Energy_C1-O,0.9675242137520126,0.9196527915451872,0.09719482142002125,LOOCV,ln(kobs)_MeCN = -1.81 + 0.85*ln(kobs)_toluene + 7.52*HOMO + 6.97*Ar_NBO_C1_x - 0.03*Ster_B5 + 0.69*Energy_C1-O
indigo_aryl_alkyl,ln(kobs)_MeCN,5,kobs_MeCN|ln(kobs)_toluene|Ar_NBO_=O|Ster_B5|Energy_C1-O,0.9735049715267045,0.9196000643760945,0.08779008798986097,LOOCV,ln(kobs)_MeCN = -4.51 + 1.84*kobs_MeCN + 0.53*ln(kobs)_toluene - 7.64*Ar_NBO_=O + 0.01*Ster_B5 + 0.79*Energy_C1-O
indigo_aryl_alkyl,ln(kobs)_MeCN,4,kobs_MeCN|ln(kobs)_toluene|Ar_NBO_C1_x|Ster_B5,0.9560405608736436,0.9195920431551878,0.11308092708416637,LOOCV,ln(kobs)_MeCN = -2.02 + 2.29*kobs_MeCN + 0.46*ln(kobs)_toluene + 1.25*Ar_NBO_C1_x + 0.01*Ster_B5
indigo_aryl_alkyl,ln(kobs)_MeCN,5,kobs_MeCN|ln(kobs)_toluene|Ar_NBO_=O|Ar_NBO_-O|LUMO,0.96710333734581,0.9195816019328715,0.09782260180883628,LOOCV,ln(kobs)_MeCN = -9.27 + 1.83*kobs_MeCN + 0.48*ln(kobs)_toluene - 6.44*Ar_NBO_=O - 6.60*Ar_NBO_-O + 0.84*LUMO
indigo_aryl_alkyl,ln(kobs)_MeCN,4,ln(kobs)_toluene|HOMO|Ar_NBO_-O|Ster_B5,0.9577499954419043,0.919548265950032,0.1108604581587909,LOOCV,ln(kobs)_MeCN = -3.94 + 0.85*ln(kobs)_toluene + 6.73*HOMO - 9.67*Ar_NBO_-O - 0.04*Ster_B5
indigo_aryl_alkyl,ln(kobs)_MeCN,5,ln(kobs)_toluene|Ar_NBO_-O|Entry|polarizability|Ster_B5,0.9591246494436294,0.9194820708900278,0.10904205665141618,LOOCV,ln(kobs)_MeCN = -29.34 + 0.97*ln(kobs)_toluene - 43.26*Ar_NBO_-O - 0.01*Entry - 0.00*polarizability + 0.07*Ster_B5
indigo_aryl_alkyl,ln(kobs)_MeCN,4,ln(kobs)_toluene|HOMO|Ar_NBO_C1_x|Ster_L,0.9577384238969215,0.9194777597080858,0.1108756384998089,LOOCV,ln(kobs)_MeCN = -8.59 + 0.85*ln(kobs)_toluene + 7.05*HOMO + 14.62*Ar_NBO_C1_x - 0.05*Ster_L
indigo_aryl_alkyl,ln(kobs)_MeCN,5,ln(kobs)_toluene|Ar_NBO_=O|HOMO|Ar_I_C=O|polarizability,0.9640454178466049,0.9194602074144772,0.10226815288199285,LOOCV,ln(kobs)_MeCN = -4.03 + 0.85*ln(kobs)_toluene - 10.55*Ar_NBO_=O + 5.20*HOMO + 0.00*Ar_I_C=O - 0.00*polarizability
indigo_aryl_alkyl,ln(kobs)_MeCN,5,ln(kobs)_toluene|HOMO|LUMO|Entry|Ster_B5,0.9615272150961379,0.9194559809350584,0.10578889997688565,LOOCV,ln(kobs)_MeCN = 3.21 + 0.89*ln(kobs)_toluene + 7.17*HOMO + 1.86*LUMO - 0.01*Entry - 0.04*Ster_B5
indigo_aryl_alkyl,ln(kobs)_MeCN,4,kobs_MeCN|ln(kobs)_toluene|Entry|Ster_B5,0.9559907733624367,0.9194267398502022,0.11314494547053887,LOOCV,ln(kobs)_MeCN = -0.97 + 2.29*kobs_MeCN + 0.48*ln(kobs)_toluene - 0.00*Entry + 0.01*Ster_B5
indigo_aryl_alkyl,ln(kobs)_MeCN,5,kobs_MeCN|ln(kobs)_toluene|LUMO|Ster_L|Ar_I_C=O,0.9619121741470432,0.9192914982448456,0.10525830699174349,LOOCV,ln(kobs)_MeCN = -0.98 + 1.99*kobs_MeCN + 0.47*ln(kobs)_toluene + 2.48*LUMO + 0.01*Ster_L + 0.00*Ar_I_C=O
indigo_aryl_alkyl,ln(kobs)_MeCN,5,kobs_MeCN|ln(kobs)_toluene|Ar_v_C=O|LUMO|Ster_L,0.9627140315030658,0.9192770708064529,0.10414441940576034,LOOCV,ln(kobs)_MeCN = 12.17 + 2.01*kobs_MeCN + 0.45*ln(kobs)_toluene - 0.01*Ar_v_C=O + 1.72*LUMO + 0.01*Ster_L
indigo_aryl_alkyl,ln(kobs)_MeCN,4,kobs_MeCN|ln(kobs)_toluene|Ster_L|Entry,0.9556611030579136,0.9191218348135067,0.1135679355787641,LOOCV,ln(kobs)_MeCN = -1.02 + 2.29*kobs_MeCN + 0.47*ln(kobs)_toluene + 0.01*Ster_L - 0.00*Entry
indigo_aryl_alkyl,ln(kobs)_MeCN,5,ln(kobs)_toluene|kobs_toluene|Ar_NBO_=O|HOMO|polarizability,0.9653818544019549,0.9191060506881896,0.10034949449698567,LOOCV,ln(kobs)_MeCN = -2.71 + 1.01*ln(kobs)_toluene - 1.60*kobs_toluene - 9.80*Ar_NBO_=O + 5.86*HOMO - 0.00*polarizability
indigo_aryl_alkyl,ln(kobs)_MeCN,4,ln(kobs)_toluene|HOMO|LUMO|Entry,0.9538424524441008,0.9190952504613777,0.11587364054097617,LOOCV,ln(kobs)_MeCN = 2.41 + 0.92*ln(kobs)_toluene + 4.56*HOMO + 3.57*LUMO - 0.01*Entry
indigo_aryl_alkyl,ln(kobs)_MeCN,4,kobs_MeCN|ln(kobs)_toluene|Ar_NBO_C1_x|Ster_L,0.955670890062429,0.9190230132337956,0.11355540085962318,LOOCV,ln(kobs)_MeCN = -1.31 + 2.29*kobs_MeCN + 0.47*ln(kobs)_toluene + 0.37*Ar_NBO_C1_x + 0.01*Ster_L
indigo_aryl_alkyl,ln(kobs)_MeCN,5,kobs_MeCN|ln(kobs)_toluene|Ar_I_C=O|Ster_B5|Occupancy_C1-O,0.959971547650636,0.9190100013982138,0.10790652044711355,LOOCV,ln(kobs)_MeCN = -48.26 + 2.00*kobs_MeCN + 0.54*ln(kobs)_toluene + 0.00*Ar_I_C=O - 0.00*Ster_B5 + 23.70*Occupancy_C1-O
indigo_aryl_alkyl,ln(kobs)_MeCN,5,kobs_MeCN|ln(kobs)_toluene|Ar_v_C=O|Ster_B1|Energy_C1-O,0.9715998948162168,0.9188398802218612,0.09089149844174173,LOOCV,ln(kobs)_MeCN = 17.45 + 1.87*kobs_MeCN + 0.53*ln(kobs)_toluene - 0.01*Ar_v_C=O + 0.21*Ster_B1 + 1.37*Energy_C1-O
indigo_aryl_alkyl,ln(kobs)_MeCN,5,ln(kobs)_toluene|Ar_NBO_-O|Entry|Ar_I_C=O|polarizability,0.957092851364562,0.918756327223349,0.11171927698257225,LOOCV,ln(kobs)_MeCN = -14.55 + 1.00*ln(kobs)_toluene - 21.60*Ar_NBO_-O - 0.01*Entry + 0.00*Ar_I_C=O - 0.00*polarizability
indigo_aryl_alkyl,ln(kobs)_MeCN,5,kobs_MeCN|ln(kobs)_toluene|Ar_NBO_=O|Ar_NBO_-O|Ster_B5,0.9669491781377648,0.9187533332665982,0.09805154036582744,LOOCV,ln(kobs)_MeCN = -11.91 + 1.91*kobs_MeCN + 0.47*ln(kobs)_toluene - 4.60*Ar_NBO_=O - 11.80*Ar_NBO_-O + 0.01*Ster_B5
indigo_aryl_alkyl,ln(kobs)_MeCN,5,kobs_MeCN|Ar_NBO_=O|Ster_B1|Ster_B5|Energy_C1-O,0.9552683477801077,0.9187191751041487,0.11406982068916213,LOOCV,ln(kobs)_MeCN = -5.79 + 3.53*kobs_MeCN - 7.39*Ar_NBO_=O + 0.40*Ster_B1 + 0.03*Ster_B5 + 1.81*Energy_C1-O
indigo_aryl_alkyl,ln(kobs)_MeCN,5,kobs_MeCN|ln(kobs)_toluene|Ar_v_C=O|LUMO|Ster_B5,0.9625460592753845,0.9186703988607418,0.10437873962462903,LOOCV,ln(kobs)_MeCN = 13.71 + 2.01*kobs_MeCN + 0.46*ln(kobs)_toluene - 0.01*Ar_v_C=O + 1.37*LUMO + 0.00*Ster_B5
indigo_aryl_alkyl,ln(kobs)_MeCN,5,kobs_MeCN|ln(kobs)_toluene|Entry|Ar_I_C=O|polarizability,0.9608135234666448,0.918656369402173,0.10676561271427733,LOOCV,ln(kobs)_MeCN = -0.78 + 1.74*kobs_MeCN + 0.62*ln(kobs)_toluene - 0.01*Entry + 0.00*Ar_I_C=O - 0.00*polarizability
indigo_aryl_alkyl,ln(kobs)_MeCN,5,kobs_MeCN|ln(kobs)_toluene|Ar_NBO_=O|Ar_NBO_-O|Ster_B1,0.9685097080156864,0.9185420062352527,0.09570874748773234,LOOCV,ln(kobs)_MeCN = -9.45 + 1.75*kobs_MeCN + 0.53*ln(kobs)_toluene - 6.74*Ar_NBO_=O - 7.00*Ar_NBO_-O - 0.10*Ster_B1
indigo_aryl_alkyl,ln(kobs)_MeCN,5,kobs_MeCN|ln(kobs)_toluene|Ar_NBO_=O|Ar_NBO_C1_x|Ster_B1,0.9683163496866087,0.9184549806537777,0.09600213572275203,LOOCV,ln(kobs)_MeCN = -7.36 + 1.77*kobs_MeCN + 0.51*ln(kobs)_toluene - 10.01*Ar_NBO_=O + 1.00*Ar_NBO_C1_x - 0.10*Ster_B1
indigo_aryl_alkyl,ln(kobs)_MeCN,5,kobs_MeCN|ln(kobs)_toluene|Ar_NBO_=O|Ar_I_C=O|Ster_B1,0.9690550318530137,0.9183829029648661,0.09487642438016172,LOOCV,ln(kobs)_MeCN = -5.94 + 1.71*kobs_MeCN + 0.53*ln(kobs)_toluene - 8.90*Ar_NBO_=O + 0.00*Ar_I_C=O - 0.10*Ster_B1
indigo_aryl_alkyl,ln(kobs)_MeCN,4,ln(kobs)_toluene|HOMO|Ar_v_C=O|Entry,0.948852107849625,0.9183061810848105,0.12197677857806564,LOOCV,ln(kobs)_MeCN = 17.27 + 0.92*ln(kobs)_toluene + 4.53*HOMO - 0.01*Ar_v_C=O - 0.01*Entry
indigo_aryl_alkyl,ln(kobs)_MeCN,3,ln(kobs)_toluene|HOMO|Entry,0.946447340963482,0.9182697705554382,0.12481127187206209,LOOCV,ln(kobs)_MeCN = 2.67 + 0.94*ln(kobs)_toluene + 5.72*HOMO - 0.01*Entry
indigo_aryl_alkyl,ln(kobs)_MeCN,5,kobs_MeCN|ln(kobs)_toluene|Ar_v_C=O|Ar_I_C=O|polarizability,0.9627288140471447,0.9182621573141194,0.10412377260277027,LOOCV,ln(kobs)_MeCN = 16.04 + 1.90*kobs_MeCN + 0.50*ln(kobs)_toluene - 0.01*Ar_v_C=O + 0.00*Ar_I_C=O - 0.00*polarizability
indigo_aryl_alkyl,ln(kobs)_MeCN,5,kobs_MeCN|HOMO|Ster_L|Occupancy_C1-O|Energy_C1-O,0.9568801716374469,0.9181443088668744,0.11199581661828167,LOOCV,ln(kobs)_MeCN = -198.43 + 3.69*kobs_MeCN + 1.87*HOMO + 0.06*Ster_L + 98.94*Occupancy_C1-O + 1.16*Energy_C1-O
indigo_aryl_alkyl,ln(kobs)_MeCN,4,kobs_MeCN|ln(kobs)_toluene|LUMO|Ster_B5,0.9602643028831058,0.9181440274766599,0.10751119950725582,LOOCV,ln(kobs)_MeCN = -0.79 + 2.06*kobs_MeCN + 0.48*ln(kobs)_toluene + 2.65*LUMO + 0.01*Ster_B5
indigo_aryl_alkyl,ln(kobs)_MeCN,5,kobs_MeCN|HOMO|polarizability|Ster_B1|Energy_C1-O,0.9547649540553379,0.918027009740712,0.11470987510362907,LOOCV,ln(kobs)_MeCN = -0.16 + 3.48*kobs_MeCN + 2.98*HOMO + 0.00*polarizability + 0.45*Ster_B1 + 2.09*Energy_C1-O
indigo_aryl_alkyl,ln(kobs)_MeCN,4,ln(kobs)_toluene|Ar_v_C=O|Ar_NBO_C1_x|Ster_L,0.9493322238491623,0.9178600182587722,0.1214029418137372,LOOCV,ln(kobs)_MeCN = 34.96 + 0.84*ln(kobs)_toluene - 0.03*Ar_v_C=O + 16.52*Ar_NBO_C1_x - 0.04*Ster_L
indigo_aryl_alkyl,ln(kobs)_MeCN,4,kobs_MeCN|ln(kobs)_toluene|Ar_v_C=O|Ster_B1,0.9640180007708775,0.9178304364030615,0.10230713761220483,LOOCV,ln(kobs)_MeCN = 18.38 + 1.90*kobs_MeCN + 0.53*ln(kobs)_toluene - 0.01*Ar_v_C=O - 0.11*Ster_B1
indigo_aryl_alkyl,ln(kobs)_MeCN,4,kobs_MeCN|ln(kobs)_toluene|Ar_NBO_C1_x|Entry,0.9555126847868873,0.9178046847285848,0.11375785319012548,LOOCV,ln(kobs)_MeCN = -1.88 + 2.24*kobs_MeCN + 0.48*ln(kobs)_toluene + 1.19*Ar_NBO_C1_x + 0.00*Entry
indigo_aryl_alkyl,ln(kobs)_MeCN,5,kobs_MeCN|ln(kobs)_toluene|polarizability|L_C1-C2|Energy_C1-O,0.9740096183735113,0.9178011693103503,0.08695000618874953,LOOCV,ln(kobs)_MeCN = 7.74 + 1.96*kobs_MeCN + 0.55*ln(kobs)_toluene + 0.00*polarizability - 4.91*L_C1-C2 + 1.22*Energy_C1-O
indigo_aryl_alkyl,ln(kobs)_MeCN,5,ln(kobs)_toluene|HOMO|LUMO|Ar_NBO_C1_x|Ster_L,0.9653588064619063,0.9177717081757157,0.10038289409510401,LOOCV,ln(kobs)_MeCN = -11.91 + 0.77*ln(kobs)_toluene + 5.49*HOMO + 4.34*LUMO + 18.00*Ar_NBO_C1_x - 0.04*Ster_L
indigo_aryl_alkyl,ln(kobs)_MeCN,5,ln(kobs)_toluene|Ar_NBO_-O|Ar_NBO_C1_x|Ster_L|Ar_I_C=O,0.9577728663204631,0.917743882769108,0.110830448466218,LOOCV,ln(kobs)_MeCN = -25.27 + 0.93*ln(kobs)_toluene - 26.88*Ar_NBO_-O + 8.90*Ar_NBO_C1_x - 0.04*Ster_L + 0.00*Ar_I_C=O
indigo_aryl_alkyl,ln(kobs)_MeCN,5,kobs_MeCN|Ar_NBO_-O|polarizability|Ster_B1|Energy_C1-O,0.9518012428541569,0.9177404208249715,0.1184080445045948,LOOCV,ln(kobs)_MeCN = -1.61 + 3.76*kobs_MeCN - 0.74*Ar_NBO_-O + 0.00*polarizability + 0.36*Ster_B1 + 2.11*Energy_C1-O
indigo_aryl_alkyl,ln(kobs)_MeCN,5,kobs_MeCN|ln(kobs)_toluene|Ar_v_C=O|Ster_L|polarizability,0.9618437574140339,0.9176933844273846,0.10535280173205594,LOOCV,ln(kobs)_MeCN = 19.66 + 2.04*kobs_MeCN + 0.46*ln(kobs)_toluene - 0.01*Ar_v_C=O + 0.01*Ster_L - 0.00*polarizability
indigo_aryl_alkyl,ln(kobs)_MeCN,5,ln(kobs)_toluene|HOMO|Ar_NBO_-O|Ster_B5|Occupancy_C1-O,0.9610789132836093,0.9176304805240589,0.10640346426636332,LOOCV,ln(kobs)_MeCN = -106.50 + 0.86*ln(kobs)_toluene + 6.28*HOMO - 15.25*Ar_NBO_-O - 0.04*Ster_B5 + 49.41*Occupancy_C1-O
indigo_aryl_alkyl,ln(kobs)_MeCN,5,ln(kobs)_toluene|HOMO|Ar_v_C=O|Ster_B5|Occupancy_C1-O,0.957573426916461,0.9174766953438961,0.1110918671179433,LOOCV,ln(kobs)_MeCN = -57.71 + 0.87*ln(kobs)_toluene + 8.63*HOMO + 0.00*Ar_v_C=O - 0.05*Ster_B5 + 29.19*Occupancy_C1-O
indigo_aryl_alkyl,ln(kobs)_MeCN,5,kobs_MeCN|ln(kobs)_toluene|LUMO|Ster_L|Entry,0.9616593520030248,0.9174110938596876,0.10560707480746905,LOOCV,ln(kobs)_MeCN = -0.77 + 1.96*kobs_MeCN + 0.49*ln(kobs)_toluene + 3.39*LUMO + 0.01*Ster_L - 0.00*Entry
indigo_aryl_alkyl,ln(kobs)_MeCN,5,ln(kobs)_toluene|Ar_NBO_=O|HOMO|polarizability|Energy_C1-O,0.9641546567811129,0.9173904338116738,0.10211267669687596,LOOCV,ln(kobs)_MeCN = -2.51 + 0.87*ln(kobs)_toluene - 8.94*Ar_NBO_=O + 5.46*HOMO - 0.00*polarizability + 0.34*Energy_C1-O
indigo_aryl_alkyl,ln(kobs)_MeCN,5,ln(kobs)_toluene|HOMO|Ar_NBO_-O|Entry|Energy_C1-O,0.9652560904762265,0.9172969178063691,0.10053160859993023,LOOCV,ln(kobs)_MeCN = -5.26 + 0.95*ln(kobs)_toluene + 4.48*HOMO - 12.03*Ar_NBO_-O - 0.01*Entry + 0.86*Energy_C1-O
indigo_aryl_alkyl,ln(kobs)_MeCN,5,kobs_MeCN|ln(kobs)_toluene|Ar_NBO_C1_x|Ar_I_C=O|polarizability,0.9600516529531821,0.9172966859396624,0.10779849461989373,LOOCV,ln(kobs)_MeCN = -3.87 + 1.87*kobs_MeCN + 0.54*ln(kobs)_toluene + 3.60*Ar_NBO_C1_x + 0.00*Ar_I_C=O - 0.00*polarizability
indigo_aryl_alkyl,ln(kobs)_MeCN,5,kobs_MeCN|ln(kobs)_toluene|Ar_NBO_-O|L_C1-C2|Ster_B1,0.96773825501386,0.9172394813917151,0.09687399633319124,LOOCV,ln(kobs)_MeCN = -9.98 + 1.71*kobs_MeCN + 0.57*ln(kobs)_toluene - 17.00*Ar_NBO_-O - 1.56*L_C1-C2 - 0.10*Ster_B1
indigo_aryl_alkyl,ln(kobs)_MeCN,5,kobs_MeCN|ln(kobs)_toluene|Ar_v_C=O|LUMO|Occupancy_C1-O,0.9631474029827309,0.9172351659516406,0.10353741983548324,LOOCV,ln(kobs)_MeCN = -27.70 + 2.02*kobs_MeCN + 0.47*ln(kobs)_toluene - 0.01*Ar_v_C=O + 0.89*LUMO + 22.28*Occupancy_C1-O
indigo_aryl_alkyl,ln(kobs)_MeCN,5,ln(kobs)_toluene|HOMO|Ar_NBO_-O|polarizability|Energy_C1-O,0.9661647989465224,0.9171653274169604,0.09920822278459636,LOOCV,ln(kobs)_MeCN = -8.88 + 0.89*ln(kobs)_toluene + 5.69*HOMO - 16.93*Ar_NBO_-O - 0.00*polarizability + 0.37*Energy_C1-O
indigo_aryl_alkyl,ln(kobs)_MeCN,5,kobs_MeCN|ln(kobs)_toluene|kobs_toluene|HOMO|Energy_C1-O,0.988231845282535,0.9171544332415007,0.058508299218979244,LOOCV,ln(kobs)_MeCN = 1.19 + 2.89*kobs_MeCN + 0.91*ln(kobs)_toluene - 6.59*kobs_toluene + 2.38*HOMO - 0.17*Energy_C1-O
indigo_aryl_alkyl,ln(kobs)_MeCN,5,kobs_MeCN|ln(kobs)_toluene|Ster_L|Ar_I_C=O|polarizability,0.9593821661314481,0.9171448040599863,0.10869802882878243,LOOCV,ln(kobs)_MeCN = -1.11 + 2.01*kobs_MeCN + 0.52*ln(kobs)_toluene + 0.01*Ster_L + 0.00*Ar_I_C=O - 0.00*polarizability
indigo_aryl_alkyl,ln(kobs)_MeCN,5,ln(kobs)_toluene|HOMO|Ar_NBO_-O|L_C1-C2|Ster_B5,0.9581064306461144,0.9171051321360438,0.11039183971245067,LOOCV,ln(kobs)_MeCN = -8.21 + 0.85*ln(kobs)_toluene + 7.06*HOMO - 10.85*Ar_NBO_-O + 2.39*L_C1-C2 - 0.04*Ster_B5
indigo_aryl_alkyl,ln(kobs)_MeCN,4,ln(kobs)_toluene|HOMO|Ar_I_C=O|Ster_B5,0.9581778753028573,0.9169372303394502,0.11029766926290051,LOOCV,ln(kobs)_MeCN = 2.81 + 0.87*ln(kobs)_toluene + 7.07*HOMO + 0.00*Ar_I_C=O - 0.05*Ster_B5
indigo_aryl_alkyl,ln(kobs)_MeCN,5,kobs_MeCN|ln(kobs)_toluene|Ar_v_C=O|Entry|polarizability,0.9623129048205952,0.9169196730324918,0.1047031195298838,LOOCV,ln(kobs)_MeCN = 21.05 + 1.93*kobs_MeCN + 0.50*ln(kobs)_toluene - 0.01*Ar_v_C=O - 0.00*Entry - 0.00*polarizability
indigo_aryl_alkyl,ln(kobs)_MeCN,5,ln(kobs)_toluene|kobs_toluene|Ar_NBO_=O|HOMO|Ster_B5,0.9615248659600175,0.916903478732949,0.10579212964603081,LOOCV,ln(kobs)_MeCN = 1.61 + 1.07*ln(kobs)_toluene - 2.26*kobs_toluene - 3.55*Ar_NBO_=O + 7.11*HOMO - 0.05*Ster_B5
indigo_aryl_alkyl,ln(kobs)_MeCN,4,ln(kobs)_toluene|HOMO|LUMO|polarizability,0.9557687034843044,0.9169007092567651,0.11343005008870086,LOOCV,ln(kobs)_MeCN = 3.23 + 0.89*ln(kobs)_toluene + 7.41*HOMO + 0.86*LUMO - 0.00*polarizability
indigo_aryl_alkyl,ln(kobs)_MeCN,5,kobs_MeCN|ln(kobs)_toluene|Ster_L|L_C1-C2|Ster_B5,0.9594208732506426,0.9168570933254181,0.10864622411639586,LOOCV,ln(kobs)_MeCN = 8.34 + 2.19*kobs_MeCN + 0.47*ln(kobs)_toluene + 0.01*Ster_L - 6.30*L_C1-C2 + 0.01*Ster_B5
indigo_aryl_alkyl,ln(kobs)_MeCN,5,kobs_MeCN|ln(kobs)_toluene|Ar_v_C=O|polarizability|Ster_B5,0.9622113013524087,0.9168083446302028,0.10484416303021209,LOOCV,ln(kobs)_MeCN = 20.07 + 2.04*kobs_MeCN + 0.46*ln(kobs)_toluene - 0.01*Ar_v_C=O - 0.00*polarizability + 0.01*Ster_B5
indigo_aryl_alkyl,ln(kobs)_MeCN,5,ln(kobs)_toluene|kobs_toluene|HOMO|LUMO|Ster_B5,0.9622495571371447,0.9167917139964021,0.10479107954880733,LOOCV,ln(kobs)_MeCN = 3.97 + 1.12*ln(kobs)_toluene - 2.70*kobs_toluene + 7.10*HOMO + 1.74*LUMO - 0.04*Ster_B5
indigo_aryl_alkyl,ln(kobs)_MeCN,4,ln(kobs)_toluene|Ar_NBO_-O|Entry|Ar_I_C=O,0.9533428708097191,0.9166983129417401,0.11649902631838153,LOOCV,ln(kobs)_MeCN = -13.61 + 0.99*ln(kobs)_toluene - 20.16*Ar_NBO_-O - 0.01*Entry + 0.00*Ar_I_C=O
indigo_aryl_alkyl,ln(kobs)_MeCN,5,kobs_MeCN|ln(kobs)_toluene|Ar_NBO_=O|Ster_L|Occupancy_C1-O,0.9706101398035372,0.9166880451991013,0.09246173726004439,LOOCV,ln(kobs)_MeCN = -103.29 + 1.84*kobs_MeCN + 0.47*ln(kobs)_toluene - 13.31*Ar_NBO_=O - 0.01*Ster_L + 47.40*Occupancy_C1-O
indigo_aryl_alkyl,ln(kobs)_MeCN,5,kobs_MeCN|ln(kobs)_toluene|HOMO|Ar_I_C=O|Energy_C1-O,0.9751837623267005,0.9165870350768288,0.08496327784723227,LOOCV,ln(kobs)_MeCN = 1.43 + 1.57*kobs_MeCN + 0.59*ln(kobs)_toluene + 3.36*HOMO + 0.00*Ar_I_C=O + 0.85*Energy_C1-O
indigo_aryl_alkyl,ln(kobs)_MeCN,5,kobs_MeCN|ln(kobs)_toluene|LUMO|polarizability|Energy_C1-O,0.9758368723783651,0.9165718504552572,0.08383779796704231,LOOCV,ln(kobs)_MeCN = 0.59 + 1.85*kobs_MeCN + 0.54*ln(kobs)_toluene + 2.52*LUMO + 0.00*polarizability + 1.24*Energy_C1-O
indigo_aryl_alkyl,ln(kobs)_MeCN,5,ln(kobs)_toluene|HOMO|LUMO|Entry|L_C1-C2,0.95511287747183,0.9164758065683919,0.11426788052432604,LOOCV,ln(kobs)_MeCN = 9.74 + 0.93*ln(kobs)_toluene + 4.36*HOMO + 2.58*LUMO - 0.01*Entry - 4.98*L_C1-C2
indigo_aryl_alkyl,ln(kobs)_MeCN,5,kobs_MeCN|ln(kobs)_toluene|LUMO|Ar_I_C=O|L_C1-C2,0.9613906460713542,0.9164658182830181,0.10597649607083816,LOOCV,ln(kobs)_MeCN = 1.32 + 1.92*kobs_MeCN + 0.52*ln(kobs)_toluene + 1.78*LUMO + 0.00*Ar_I_C=O - 1.45*L_C1-C2
indigo_aryl_alkyl,ln(kobs)_MeCN,5,ln(kobs)_toluene|HOMO|Ar_NBO_-O|Entry|Occupancy_C1-O,0.9600038958723599,0.916460054025983,0.10786291034803264,LOOCV,ln(kobs)_MeCN = -133.88 + 0.92*ln(kobs)_toluene + 3.67*HOMO - 25.19*Ar_NBO_-O - 0.01*Entry + 59.27*Occupancy_C1-O
indigo_aryl_alkyl,ln(kobs)_MeCN,5,kobs_MeCN|ln(kobs)_toluene|LUMO|Ster_L|Ster_B1,0.9674843073870742,0.9164494858456813,0.0972545197623166,LOOCV,ln(kobs)_MeCN = -0.48 + 1.87*kobs_MeCN + 0.51*ln(kobs)_toluene + 3.56*LUMO + 0.03*Ster_L - 0.21*Ster_B1
indigo_aryl_alkyl,ln(kobs)_MeCN,5,kobs_MeCN|ln(kobs)_toluene|LUMO|Entry|L_C1-C2,0.9612699525284276,0.9164479020956079,0.10614200905016732,LOOCV,ln(kobs)_MeCN = 5.69 + 1.82*kobs_MeCN + 0.57*ln(kobs)_toluene + 2.16*LUMO - 0.00*Entry - 4.15*L_C1-C2
indigo_aryl_alkyl,ln(kobs)_MeCN,3,kobs_MeCN|Ar_v_C=O|L_C1-C2,0.9452600091465775,0.9164410697746049,0.126187300383685,LOOCV,ln(kobs)_MeCN = 31.00 + 3.28*kobs_MeCN - 0.03*Ar_v_C=O + 17.67*L_C1-C2
indigo_aryl_alkyl,ln(kobs)_MeCN,5,ln(kobs)_toluene|Ar_NBO_=O|HOMO|Ster_L|Ster_B5,0.9600605402539157,0.9164320592704259,0.10778650299820358,LOOCV,ln(kobs)_MeCN = -1.96 + 0.86*ln(kobs)_toluene - 7.88*Ar_NBO_=O + 5.99*HOMO - 0.02*Ster_L - 0.03*Ster_B5
indigo_aryl_alkyl,ln(kobs)_MeCN,5,kobs_MeCN|ln(kobs)_toluene|Ar_NBO_-O|LUMO|polarizability,0.9662994016246502,0.9164052391039745,0.09901069181966454,LOOCV,ln(kobs)_MeCN = -12.86 + 1.77*kobs_MeCN + 0.52*ln(kobs)_toluene - 17.43*Ar_NBO_-O + 1.00*LUMO - 0.00*polarizability
indigo_aryl_alkyl,ln(kobs)_MeCN,5,ln(kobs)_toluene|kobs_toluene|HOMO|LUMO|Ar_NBO_C1_x,0.9643193421163845,0.9163917599217682,0.10187783698723306,LOOCV,ln(kobs)_MeCN = -9.26 + 1.01*ln(kobs)_toluene - 2.77*kobs_toluene + 3.76*HOMO + 6.29*LUMO + 14.83*Ar_NBO_C1_x
indigo_aryl_alkyl,ln(kobs)_MeCN,5,kobs_MeCN|ln(kobs)_toluene|Ar_NBO_=O|Entry|Ster_B1,0.9682762443838921,0.9163899758568763,0.09606287646835311,LOOCV,ln(kobs)_MeCN = -6.55 + 1.77*kobs_MeCN + 0.52*ln(kobs)_toluene - 10.06*Ar_NBO_=O - 0.00*Entry - 0.10*Ster_B1
indigo_aryl_alkyl,ln(kobs)_MeCN,5,ln(kobs)_toluene|HOMO|Ar_v_C=O|Ster_L|Ster_B5,0.9570074054543868,0.9163499596661228,0.11183046134051154,LOOCV,ln(kobs)_MeCN = -0.11 + 0.88*ln(kobs)_toluene + 8.50*HOMO + 0.00*Ar_v_C=O - 0.01*Ster_L - 0.05*Ster_B5
indigo_aryl_alkyl,ln(kobs)_MeCN,4,ln(kobs)_toluene|Ar_NBO_C1_x|Ar_I_C=O|L_C1-C2,0.9461649786570665,0.9163033821590951,0.12513987989040692,LOOCV,ln(kobs)_MeCN = 11.00 + 0.88*ln(kobs)_toluene + 15.85*Ar_NBO_C1_x + 0.00*Ar_I_C=O - 15.79*L_C1-C2
indigo_aryl_alkyl,ln(kobs)_MeCN,3,kobs_MeCN|ln(kobs)_toluene|Ster_B1,0.95834368089815,0.9161830025918425,0.11007881222582347,LOOCV,ln(kobs)_MeCN = -0.47 + 2.07*kobs_MeCN + 0.56*ln(kobs)_toluene - 0.12*Ster_B1
indigo_aryl_alkyl,ln(kobs)_MeCN,5,ln(kobs)_toluene|kobs_toluene|HOMO|Ar_v_C=O|Ster_B5,0.9609815996250092,0.9161811155404248,0.10653640051057475,LOOCV,ln(kobs)_MeCN = -0.30 + 1.11*ln(kobs)_toluene - 2.45*kobs_toluene + 8.57*HOMO + 0.00*Ar_v_C=O - 0.05*Ster_B5
indigo_aryl_alkyl,ln(kobs)_MeCN,5,kobs_MeCN|ln(kobs)_toluene|Ar_NBO_-O|polarizability|Occupancy_C1-O,0.9706138552319298,0.9161750209923325,0.092455892628264,LOOCV,ln(kobs)_MeCN = -134.28 + 1.77*kobs_MeCN + 0.53*ln(kobs)_toluene - 25.33*Ar_NBO_-O - 0.00*polarizability + 58.11*Occupancy_C1-O
indigo_aryl_alkyl,ln(kobs)_MeCN,5,ln(kobs)_toluene|HOMO|Ar_v_C=O|polarizability|Ster_B5,0.9586860281047183,0.9161529715167671,0.10962554460396857,LOOCV,ln(kobs)_MeCN = 2.28 + 0.88*ln(kobs)_toluene + 8.60*HOMO + 0.00*Ar_v_C=O - 0.00*polarizability - 0.03*Ster_B5
indigo_aryl_alkyl,ln(kobs)_MeCN,5,kobs_MeCN|ln(kobs)_toluene|Ar_NBO_=O|LUMO|Ster_B1,0.9687468789475894,0.9161517772181206,0.09534764834506915,LOOCV,ln(kobs)_MeCN = -5.74 + 1.73*kobs_MeCN + 0.52*ln(kobs)_toluene - 8.80*Ar_NBO_=O + 1.04*LUMO - 0.10*Ster_B1
indigo_aryl_alkyl,ln(kobs)_MeCN,4,ln(kobs)_toluene|HOMO|Ar_NBO_-O|Entry,0.9552842214694591,0.9160711840335225,0.11404957921052401,LOOCV,ln(kobs)_MeCN = -11.17 + 0.90*ln(kobs)_toluene + 4.10*HOMO - 18.87*Ar_NBO_-O - 0.01*Entry
indigo_aryl_alkyl,ln(kobs)_MeCN,5,kobs_MeCN|ln(kobs)_toluene|LUMO|Ster_L|L_C1-C2,0.9614504876452853,0.9160373143717934,0.10589433645260127,LOOCV,ln(kobs)_MeCN = 2.88 + 2.06*kobs_MeCN + 0.46*ln(kobs)_toluene + 2.47*LUMO + 0.01*Ster_L - 2.57*L_C1-C2
indigo_aryl_alkyl,ln(kobs)_MeCN,5,ln(kobs)_toluene|HOMO|Ar_NBO_C1_x|Ar_I_C=O|L_C1-C2,0.9553543249966671,0.91603719347282,0.11396014306330227,LOOCV,ln(kobs)_MeCN = 9.70 + 0.79*ln(kobs)_toluene + 3.90*HOMO + 16.28*Ar_NBO_C1_x + 0.00*Ar_I_C=O - 14.30*L_C1-C2
indigo_aryl_alkyl,ln(kobs)_MeCN,5,ln(kobs)_toluene|Ar_v_C=O|Ar_NBO_C1_x|Ar_I_C=O|polarizability,0.9548922182628831,0.9160177285860277,0.11454839915794507,LOOCV,ln(kobs)_MeCN = 24.90 + 0.84*ln(kobs)_toluene - 0.02*Ar_v_C=O + 13.99*Ar_NBO_C1_x + 0.00*Ar_I_C=O - 0.00*polarizability
indigo_aryl_alkyl,ln(kobs)_MeCN,3,kobs_MeCN|ln(kobs)_toluene|polarizability,0.9557434551464326,0.9159971110079171,0.11346241983447138,LOOCV,ln(kobs)_MeCN = -1.00 + 2.30*kobs_MeCN + 0.47*ln(kobs)_toluene + 0.00*polarizability
indigo_aryl_alkyl,ln(kobs)_MeCN,5,ln(kobs)_toluene|kobs_toluene|HOMO|Ar_NBO_-O|Ster_B5,0.9614201717277167,0.9159384020211457,0.10593596672070259,LOOCV,ln(kobs)_MeCN = -0.52 + 1.08*ln(kobs)_toluene - 2.22*kobs_toluene + 7.20*HOMO - 6.12*Ar_NBO_-O - 0.04*Ster_B5
indigo_aryl_alkyl,ln(kobs)_MeCN,5,kobs_MeCN|ln(kobs)_toluene|Ar_v_C=O|Ster_L|Ster_B1,0.964914572288796,0.9159373873699072,0.10102449231188021,LOOCV,ln(kobs)_MeCN = 16.68 + 1.97*kobs_MeCN + 0.50*ln(kobs)_toluene - 0.01*Ar_v_C=O + 0.01*Ster_L - 0.15*Ster_B1
indigo_aryl_alkyl,ln(kobs)_MeCN,5,kobs_MeCN|ln(kobs)_toluene|Ar_NBO_-O|polarizability|L_C1-C2,0.9658967166590802,0.9159307557361905,0.09960046951292535,LOOCV,ln(kobs)_MeCN = -12.24 + 1.80*kobs_MeCN + 0.53*ln(kobs)_toluene - 18.79*Ar_NBO_-O - 0.00*polarizability - 1.09*L_C1-C2
indigo_aryl_alkyl,ln(kobs)_MeCN,5,ln(kobs)_toluene|Ar_NBO_=O|Entry|Ar_I_C=O|Energy_C1-O,0.9599180781197099,0.9159004283093544,0.10797856651936476,LOOCV,ln(kobs)_MeCN = -3.35 + 1.00*ln(kobs)_toluene - 7.87*Ar_NBO_=O - 0.01*Entry + 0.00*Ar_I_C=O + 0.78*Energy_C1-O
indigo_aryl_alkyl,ln(kobs)_MeCN,3,ln(kobs)_toluene|Ar_NBO_-O|Ster_L,0.9484057216537969,0.9158865012823033,0.12250789007629023,LOOCV,ln(kobs)_MeCN = -22.46 + 0.97*ln(kobs)_toluene - 33.62*Ar_NBO_-O - 0.03*Ster_L
indigo_aryl_alkyl,ln(kobs)_MeCN,5,kobs_MeCN|ln(kobs)_toluene|Ar_NBO_=O|polarizability|Occupancy_C1-O,0.9718487691282495,0.9158858359271778,0.09049237431604885,LOOCV,ln(kobs)_MeCN = -116.43 + 1.73*kobs_MeCN + 0.50*ln(kobs)_toluene - 14.79*Ar_NBO_=O - 0.00*polarizability + 53.59*Occupancy_C1-O
indigo_aryl_alkyl,ln(kobs)_MeCN,5,ln(kobs)_toluene|Ar_NBO_=O|HOMO|Entry|L_C1-C2,0.9533144307443566,0.915881296263577,0.11653452716502996,LOOCV,ln(kobs)_MeCN = 10.32 + 0.93*ln(kobs)_toluene - 4.09*Ar_NBO_=O + 4.06*HOMO - 0.01*Entry - 7.17*L_C1-C2
indigo_aryl_alkyl,ln(kobs)_MeCN,3,ln(kobs)_toluene|Entry|Ar_I_C=O,0.9430633857998215,0.9157917356854242,0.1286942395237532,LOOCV,ln(kobs)_MeCN = 0.51 + 1.07*ln(kobs)_toluene - 0.01*Entry + 0.00*Ar_I_C=O
indigo_aryl_alkyl,ln(kobs)_MeCN,4,kobs_MeCN|ln(kobs)_toluene|Ster_L|Ster_B1,0.9603469545933593,0.915790104529834,0.10739932767963863,LOOCV,ln(kobs)_MeCN = -0.65 + 2.15*kobs_MeCN + 0.52*ln(kobs)_toluene + 0.02*Ster_L - 0.17*Ster_B1
indigo_aryl_alkyl,ln(kobs)_MeCN,4,ln(kobs)_toluene|HOMO|LUMO|Ster_B5,0.9566789284017219,0.9157687810147334,0.11225685852748134,LOOCV,ln(kobs)_MeCN = 3.15 + 0.85*ln(kobs)_toluene + 7.49*HOMO + 1.11*LUMO - 0.05*Ster_B5
indigo_aryl_alkyl,ln(kobs)_MeCN,5,kobs_MeCN|Ster_L|polarizability|Ster_B1|Energy_C1-O,0.9522595065550815,0.9157515801967699,0.11784380066381539,LOOCV,ln(kobs)_MeCN = -0.90 + 3.79*kobs_MeCN - 0.01*Ster_L + 0.00*polarizability + 0.42*Ster_B1 + 2.34*Energy_C1-O
indigo_aryl_alkyl,ln(kobs)_MeCN,5,ln(kobs)_toluene|HOMO|Ster_L|Entry|L_C1-C2,0.9561553505773162,0.9156221145213643,0.11293318849438493,LOOCV,ln(kobs)_MeCN = 12.90 + 0.99*ln(kobs)_toluene + 5.56*HOMO - 0.02*Ster_L - 0.01*Entry - 6.71*L_C1-C2
indigo_aryl_alkyl,ln(kobs)_MeCN,5,ln(kobs)_toluene|Ar_NBO_C1_x|Entry|L_C1-C2|Ster_B1,0.9519838852977119,0.9155629447806943,0.11818348621442205,LOOCV,ln(kobs)_MeCN = 19.35 + 1.00*ln(kobs)_toluene + 13.01*Ar_NBO_C1_x - 0.01*Entry - 19.19*L_C1-C2 - 0.20*Ster_B1
indigo_aryl_alkyl,ln(kobs)_MeCN,5,kobs_MeCN|HOMO|Ster_L|Ster_B1|Energy_C1-O,0.9544995211503684,0.91547634912497,0.11504593356771851,LOOCV,ln(kobs)_MeCN = -0.06 + 3.37*kobs_MeCN + 4.01*HOMO + 0.02*Ster_L + 0.42*Ster_B1 + 1.82*Energy_C1-O
indigo_aryl_alkyl,ln(kobs)_MeCN,5,kobs_MeCN|ln(kobs)_toluene|Ar_NBO_=O|Ar_NBO_-O|polarizability,0.9676381627616479,0.9153729975856194,0.0970241560252164,LOOCV,ln(kobs)_MeCN = -9.19 + 1.74*kobs_MeCN + 0.50*ln(kobs)_toluene - 10.78*Ar_NBO_=O - 2.90*Ar_NBO_-O - 0.00*polarizability
indigo_aryl_alkyl,ln(kobs)_MeCN,5,kobs_MeCN|LUMO|polarizability|Ster_B1|Energy_C1-O,0.9542893435523297,0.9153655541403455,0.1153113397734055,LOOCV,ln(kobs)_MeCN = -1.00 + 3.62*kobs_MeCN + 2.01*LUMO + 0.00*polarizability + 0.35*Ster_B1 + 2.07*Energy_C1-O
indigo_aryl_alkyl,ln(kobs)_MeCN,5,kobs_MeCN|ln(kobs)_toluene|LUMO|Ar_NBO_C1_x|Ster_L,0.9637555654586832,0.9152909399533918,0.10267954920655992,LOOCV,ln(kobs)_MeCN = -6.41 + 1.75*kobs_MeCN + 0.48*ln(kobs)_toluene + 4.47*LUMO + 7.14*Ar_NBO_C1_x + 0.01*Ster_L
indigo_aryl_alkyl,ln(kobs)_MeCN,5,kobs_MeCN|Ar_v_C=O|polarizability|Ster_B1|Energy_C1-O,0.9533950085028494,0.9152907844701214,0.11643391635120409,LOOCV,ln(kobs)_MeCN = 9.98 + 3.63*kobs_MeCN - 0.01*Ar_v_C=O + 0.00*polarizability + 0.35*Ster_B1 + 1.97*Energy_C1-O
indigo_aryl_alkyl,ln(kobs)_MeCN,5,kobs_MeCN|Ar_v_C=O|Ster_L|Occupancy_C1-O|Energy_C1-O,0.959154324924841,0.915207564108024,0.10900246722914071,LOOCV,ln(kobs)_MeCN = -201.89 + 3.64*kobs_MeCN - 0.01*Ar_v_C=O + 0.06*Ster_L + 109.21*Occupancy_C1-O + 1.14*Energy_C1-O
indigo_aryl_alkyl,ln(kobs)_MeCN,5,ln(kobs)_toluene|Ar_NBO_C1_x|Ster_L|Ar_I_C=O|L_C1-C2,0.9516796025459833,0.9151296600052474,0.11855736490110835,LOOCV,ln(kobs)_MeCN = 8.18 + 0.92*ln(kobs)_toluene + 18.69*Ar_NBO_C1_x - 0.03*Ster_L + 0.00*Ar_I_C=O - 15.25*L_C1-C2
indigo_aryl_alkyl,ln(kobs)_MeCN,4,ln(kobs)_toluene|Ar_NBO_-O|Ster_L|Entry,0.9507319894543358,0.9150786270470984,0.11971423699597442,LOOCV,ln(kobs)_MeCN = -21.84 + 1.00*ln(kobs)_toluene - 32.93*Ar_NBO_-O - 0.03*Ster_L - 0.01*Entry
indigo_aryl_alkyl,ln(kobs)_MeCN,5,ln(kobs)_toluene|kobs_toluene|HOMO|polarizability|Occupancy_C1-O,0.9591364248482949,0.9150761977247572,0.10902634905731064,LOOCV,ln(kobs)_MeCN = 19.69 + 1.11*ln(kobs)_toluene - 2.17*kobs_toluene + 7.80*HOMO - 0.00*polarizability - 7.83*Occupancy_C1-O
indigo_aryl_alkyl,ln(kobs)_MeCN,5,kobs_MeCN|ln(kobs)_toluene|Ar_I_C=O|polarizability|Ster_B5,0.9590829745195897,0.9150363890342117,0.1090976300184128,LOOCV,ln(kobs)_MeCN = -1.01 + 2.00*kobs_MeCN + 0.53*ln(kobs)_toluene + 0.00*Ar_I_C=O - 0.00*polarizability - 0.00*Ster_B5
indigo_aryl_alkyl,ln(kobs)_MeCN,5,ln(kobs)_toluene|HOMO|Ar_NBO_-O|Ar_NBO_C1_x|L_C1-C2,0.9557179652577168,0.915033034374452,0.11349508989656476,LOOCV,ln(kobs)_MeCN = 3.42 + 0.79*ln(kobs)_toluene + 3.87*HOMO - 6.79*Ar_NBO_-O + 13.89*Ar_NBO_C1_x - 11.94*L_C1-C2
indigo_aryl_alkyl,ln(kobs)_MeCN,5,kobs_MeCN|ln(kobs)_toluene|Ar_NBO_-O|Ster_B1|Occupancy_C1-O,0.9730337710019826,0.9149987073245667,0.0885672985433673,LOOCV,ln(kobs)_MeCN = -141.46 + 1.67*kobs_MeCN + 0.59*ln(kobs)_toluene - 24.06*Ar_NBO_-O - 0.12*Ster_B1 + 62.33*Occupancy_C1-O
indigo_aryl_alkyl,ln(kobs)_MeCN,5,ln(kobs)_toluene|Ar_NBO_=O|HOMO|Ar_NBO_-O|polarizability,0.965250604083806,0.914997471899314,0.10053954573324002,LOOCV,ln(kobs)_MeCN = -10.86 + 0.86*ln(kobs)_toluene - 0.36*Ar_NBO_=O + 6.14*HOMO - 19.10*Ar_NBO_-O - 0.00*polarizability
indigo_aryl_alkyl,ln(kobs)_MeCN,5,kobs_MeCN|ln(kobs)_toluene|Entry|Ar_I_C=O|Ster_B1,0.9642429436344248,0.9149759233440313,0.1019868477321509,LOOCV,ln(kobs)_MeCN = -0.32 + 1.55*kobs_MeCN + 0.69*ln(kobs)_toluene - 0.01*Entry + 0.00*Ar_I_C=O - 0.13*Ster_B1
indigo_aryl_alkyl,ln(kobs)_MeCN,4,ln(kobs)_toluene|HOMO|polarizability|Occupancy_C1-O,0.955465860212067,0.9149530262010552,0.11381770465780064,LOOCV,ln(kobs)_MeCN = 14.24 + 0.89*ln(kobs)_toluene + 7.91*HOMO - 0.00*polarizability - 5.45*Occupancy_C1-O
indigo_aryl_alkyl,ln(kobs)_MeCN,5,ln(kobs)_toluene|Ar_v_C=O|Ar_NBO_C1_x|Ster_L|Ar_I_C=O,0.9560340256175692,0.9149288508397839,0.11308933239330944,LOOCV,ln(kobs)_MeCN = 24.33 + 0.84*ln(kobs)_toluene - 0.02*Ar_v_C=O + 17.33*Ar_NBO_C1_x - 0.04*Ster_L + 0.00*Ar_I_C=O
indigo_aryl_alkyl,ln(kobs)_MeCN,4,kobs_MeCN|HOMO|Ster_B1|Energy_C1-O,0.9532643291448778,0.9148718869392031,0.11659704113555136,LOOCV,ln(kobs)_MeCN = 0.22 + 3.35*kobs_MeCN + 4.61*HOMO + 0.50*Ster_B1 + 1.92*Energy_C1-O
indigo_aryl_alkyl,ln(kobs)_MeCN,4,ln(kobs)_toluene|Ar_NBO_-O|Ar_NBO_C1_x|Ster_L,0.9514126623452537,0.9146774534393247,0.11888439179093745,LOOCV,ln(kobs)_MeCN = -27.01 + 0.95*ln(kobs)_toluene - 33.18*Ar_NBO_-O + 6.06*Ar_NBO_C1_x - 0.04*Ster_L
indigo_aryl_alkyl,ln(kobs)_MeCN,5,ln(kobs)_toluene|Ar_NBO_-O|Entry|Ar_I_C=O|Occupancy_C1-O,0.9606051316025267,0.9145622251653793,0.10704912357713377,LOOCV,ln(kobs)_MeCN = -162.77 + 1.00*ln(kobs)_toluene - 26.63*Ar_NBO_-O - 0.01*Entry + 0.00*Ar_I_C=O + 72.55*Occupancy_C1-O
indigo_aryl_alkyl,ln(kobs)_MeCN,5,kobs_MeCN|Ar_NBO_-O|Ster_L|Occupancy_C1-O|Energy_C1-O,0.955880315603965,0.9145283559351579,0.11328684645236108,LOOCV,ln(kobs)_MeCN = -234.71 + 3.76*kobs_MeCN - 8.76*Ar_NBO_-O + 0.06*Ster_L + 113.70*Occupancy_C1-O + 1.08*Energy_C1-O
indigo_aryl_alkyl,ln(kobs)_MeCN,4,ln(kobs)_toluene|HOMO|Entry|Ar_I_C=O,0.9528378939772052,0.9145055585087895,0.11712777251885215,LOOCV,ln(kobs)_MeCN = 1.82 + 0.97*ln(kobs)_toluene + 3.98*HOMO - 0.01*Entry + 0.00*Ar_I_C=O
indigo_aryl_alkyl,ln(kobs)_MeCN,4,kobs_MeCN|ln(kobs)_toluene|L_C1-C2|Ster_B1,0.9615857250889024,0.9144894203306648,0.1057084266900002,LOOCV,ln(kobs)_MeCN = 8.61 + 1.92*kobs_MeCN + 0.58*ln(kobs)_toluene - 6.05*L_C1-C2 - 0.12*Ster_B1
indigo_aryl_alkyl,ln(kobs)_MeCN,5,ln(kobs)_toluene|kobs_toluene|HOMO|Ar_NBO_-O|Ster_L,0.9613269208140992,0.9144508573989718,0.10606391782812787,LOOCV,ln(kobs)_MeCN = -13.78 + 1.09*ln(kobs)_toluene - 1.85*kobs_toluene + 3.89*HOMO - 23.73*Ar_NBO_-O - 0.04*Ster_L
indigo_aryl_alkyl,ln(kobs)_MeCN,5,ln(kobs)_toluene|Ar_NBO_-O|Entry|Ar_I_C=O|Ster_B1,0.9590967068251958,0.9144456864892155,0.10907932116408312,LOOCV,ln(kobs)_MeCN = -11.32 + 1.03*ln(kobs)_toluene - 17.47*Ar_NBO_-O - 0.01*Entry + 0.00*Ar_I_C=O - 0.17*Ster_B1
indigo_aryl_alkyl,ln(kobs)_MeCN,5,ln(kobs)_toluene|Ar_NBO_=O|Entry|Ar_I_C=O|polarizability,0.9586747910109753,0.914423043200024,0.10964045225761669,LOOCV,ln(kobs)_MeCN = -7.43 + 0.95*ln(kobs)_toluene - 13.27*Ar_NBO_=O - 0.01*Entry + 0.00*Ar_I_C=O - 0.00*polarizability
indigo_aryl_alkyl,ln(kobs)_MeCN,5,ln(kobs)_toluene|kobs_toluene|HOMO|L_C1-C2|Ster_B5,0.9607847569375078,0.9143432457485715,0.10680479348448989,LOOCV,ln(kobs)_MeCN = 4.14 + 1.11*ln(kobs)_toluene - 2.45*kobs_toluene + 8.06*HOMO + 0.00*L_C1-C2 - 0.05*Ster_B5
indigo_aryl_alkyl,ln(kobs)_MeCN,4,ln(kobs)_toluene|Entry|Ar_I_C=O|L_C1-C2,0.9482487987415882,0.9143017399986342,0.12269405121770253,LOOCV,ln(kobs)_MeCN = 13.41 + 1.06*ln(kobs)_toluene - 0.02*Entry + 0.00*Ar_I_C=O - 8.58*L_C1-C2
indigo_aryl_alkyl,ln(kobs)_MeCN,5,ln(kobs)_toluene|HOMO|Ar_v_C=O|Ar_NBO_-O|Ster_B5,0.9594002586656063,0.9142648767990604,0.10867381727365036,LOOCV,ln(kobs)_MeCN = -23.55 + 0.86*ln(kobs)_toluene + 7.62*HOMO + 0.01*Ar_v_C=O - 15.60*Ar_NBO_-O - 0.04*Ster_B5
indigo_aryl_alkyl,ln(kobs)_MeCN,3,kobs_MeCN|HOMO|Ar_NBO_-O,0.9416026917941724,0.9142538634521992,0.13033459402697456,LOOCV,ln(kobs)_MeCN = -9.10 + 3.44*kobs_MeCN + 2.92*HOMO - 10.91*Ar_NBO_-O
indigo_aryl_alkyl,ln(kobs)_MeCN,5,ln(kobs)_toluene|HOMO|polarizability|L_C1-C2|Ster_B5,0.958806558288448,0.9142151023522478,0.10946551595492453,LOOCV,ln(kobs)_MeCN = 1.50 + 0.87*ln(kobs)_toluene + 8.76*HOMO - 0.00*polarizability + 1.43*L_C1-C2 - 0.03*Ster_B5
indigo_aryl_alkyl,ln(kobs)_MeCN,5,kobs_MeCN|ln(kobs)_toluene|Ar_v_C=O|L_C1-C2|Ster_B1,0.9643593003021881,0.9141763170492727,0.10182077534459046,LOOCV,ln(kobs)_MeCN = 20.65 + 1.92*kobs_MeCN + 0.50*ln(kobs)_toluene - 0.01*Ar_v_C=O + 4.05*L_C1-C2 - 0.10*Ster_B1
indigo_aryl_alkyl,ln(kobs)_MeCN,5,ln(kobs)_toluene|HOMO|LUMO|Ster_L|Entry,0.9559567645420581,0.9141743586431305,0.11318865429391467,LOOCV,ln(kobs)_MeCN = 2.85 + 0.95*ln(kobs)_toluene + 5.35*HOMO + 2.53*LUMO - 0.02*Ster_L - 0.01*Entry
indigo_aryl_alkyl,ln(kobs)_MeCN,5,ln(kobs)_toluene|HOMO|Ar_NBO_C1_x|Ster_L|Entry,0.9598784692975819,0.9141102691309715,0.10803190537576825,LOOCV,ln(kobs)_MeCN = -5.75 + 0.89*ln(kobs)_toluene + 7.16*HOMO + 11.30*Ar_NBO_C1_x - 0.05*Ster_L - 0.01*Entry
indigo_aryl_alkyl,ln(kobs)_MeCN,5,ln(kobs)_toluene|HOMO|Ster_L|L_C1-C2|Ster_B5,0.9570624184286356,0.9140814753680402,0.11175888976326837,LOOCV,ln(kobs)_MeCN = 1.09 + 0.88*ln(kobs)_toluene + 8.44*HOMO - 0.01*Ster_L + 1.67*L_C1-C2 - 0.05*Ster_B5
indigo_aryl_alkyl,ln(kobs)_MeCN,5,ln(kobs)_toluene|Ar_NBO_-O|Ar_NBO_C1_x|Ar_I_C=O|polarizability,0.9540684423745039,0.9139778407623173,0.11558963057485916,LOOCV,ln(kobs)_MeCN = -20.84 + 0.92*ln(kobs)_toluene - 23.37*Ar_NBO_-O + 6.06*Ar_NBO_C1_x + 0.00*Ar_I_C=O - 0.00*polarizability
indigo_aryl_alkyl,ln(kobs)_MeCN,4,kobs_MeCN|ln(kobs)_toluene|Entry|Occupancy_C1-O,0.9560499494056625,0.9139214356903835,0.11306885094514606,LOOCV,ln(kobs)_MeCN = -40.26 + 2.26*kobs_MeCN + 0.50*ln(kobs)_toluene - 0.00*Entry + 19.75*Occupancy_C1-O
indigo_aryl_alkyl,ln(kobs)_MeCN,4,kobs_MeCN|ln(kobs)_toluene|Ster_B5|Occupancy_C1-O,0.9563434527927627,0.9139052199892351,0.11269067525288035,LOOCV,ln(kobs)_MeCN = -33.92 + 2.33*kobs_MeCN + 0.47*ln(kobs)_toluene + 0.01*Ster_B5 + 16.51*Occupancy_C1-O
indigo_aryl_alkyl,ln(kobs)_MeCN,4,kobs_MeCN|ln(kobs)_toluene|Ar_NBO_C1_x|Occupancy_C1-O,0.9563467494619654,0.9139030212168804,0.11268642032531526,LOOCV,ln(kobs)_MeCN = -49.90 + 2.24*kobs_MeCN + 0.49*ln(kobs)_toluene + 2.02*Ar_NBO_C1_x + 23.75*Occupancy_C1-O
indigo_aryl_alkyl,ln(kobs)_MeCN,5,ln(kobs)_toluene|Ar_NBO_C1_x|L_C1-C2|Ster_B1|Occupancy_C1-O,0.9554097492152833,0.9138744410172654,0.1138893846599882,LOOCV,ln(kobs)_MeCN = -105.90 + 0.95*ln(kobs)_toluene + 19.51*Ar_NBO_C1_x - 21.06*L_C1-C2 - 0.23*Ster_B1 + 61.53*Occupancy_C1-O
indigo_aryl_alkyl,ln(kobs)_MeCN,5,kobs_MeCN|Ar_NBO_=O|polarizability|Ster_B1|Energy_C1-O,0.9524689454415887,0.9138660898004665,0.11758502450450618,LOOCV,ln(kobs)_MeCN = -3.54 + 3.64*kobs_MeCN - 3.83*Ar_NBO_=O + 0.00*polarizability + 0.34*Ster_B1 + 1.87*Energy_C1-O
indigo_aryl_alkyl,ln(kobs)_MeCN,4,kobs_MeCN|Ar_v_C=O|Ar_I_C=O|L_C1-C2,0.9454801885886595,0.9138381934898852,0.1259332644961931,LOOCV,ln(kobs)_MeCN = 29.64 + 3.26*kobs_MeCN - 0.03*Ar_v_C=O + 0.00*Ar_I_C=O + 18.38*L_C1-C2
indigo_aryl_alkyl,ln(kobs)_MeCN,4,ln(kobs)_toluene|HOMO|LUMO|Ar_NBO_C1_x,0.9584452890113244,0.9138298624494796,0.1099444781135365,LOOCV,ln(kobs)_MeCN = -10.61 + 0.73*ln(kobs)_toluene + 3.98*HOMO + 5.84*LUMO + 15.38*Ar_NBO_C1_x
indigo_aryl_alkyl,ln(kobs)_MeCN,4,ln(kobs)_toluene|LUMO|Entry|Ar_I_C=O,0.9503272685748441,0.9138181674561215,0.12020493831826135,LOOCV,ln(kobs)_MeCN = 0.71 + 1.01*ln(kobs)_toluene + 3.60*LUMO - 0.01*Entry + 0.00*Ar_I_C=O
indigo_aryl_alkyl,ln(kobs)_MeCN,5,kobs_MeCN|ln(kobs)_toluene|Ar_NBO_-O|Ster_B5|Energy_C1-O,0.9748053318765042,0.913809188467521,0.08560864240902846,LOOCV,ln(kobs)_MeCN = -10.76 + 1.82*kobs_MeCN + 0.55*ln(kobs)_toluene - 15.56*Ar_NBO_-O + 0.02*Ster_B5 + 0.83*Energy_C1-O
indigo_aryl_alkyl,ln(kobs)_MeCN,3,ln(kobs)_toluene|Ar_NBO_C1_x|L_C1-C2,0.9412227343658545,0.9137747380579511,0.1307579123921339,LOOCV,ln(kobs)_MeCN = 17.32 + 0.90*ln(kobs)_toluene + 16.44*Ar_NBO_C1_x - 20.12*L_C1-C2
indigo_aryl_alkyl,ln(kobs)_MeCN,4,ln(kobs)_toluene|HOMO|Ar_I_C=O|polarizability,0.9564840307206464,0.9137715899315171,0.11250909200566167,LOOCV,ln(kobs)_MeCN = 2.98 + 0.90*ln(kobs)_toluene + 7.10*HOMO + 0.00*Ar_I_C=O - 0.00*polarizability
indigo_aryl_alkyl,ln(kobs)_MeCN,5,kobs_MeCN|HOMO|L_C1-C2|Ster_B1|Energy_C1-O,0.9539958771262511,0.9137653796374865,0.11568090202754519,LOOCV,ln(kobs)_MeCN = -4.19 + 3.34*kobs_MeCN + 4.99*HOMO + 3.10*L_C1-C2 + 0.52*Ster_B1 + 2.02*Energy_C1-O
indigo_aryl_alkyl,ln(kobs)_MeCN,5,kobs_MeCN|ln(kobs)_toluene|Ar_NBO_=O|LUMO|polarizability,0.9676957262536133,0.9137479520681989,0.09693782694890198,LOOCV,ln(kobs)_MeCN = -7.61 + 1.74*kobs_MeCN + 0.50*ln(kobs)_toluene - 11.54*Ar_NBO_=O + 0.48*LUMO - 0.00*polarizability
indigo_aryl_alkyl,ln(kobs)_MeCN,4,kobs_MeCN|ln(kobs)_toluene|Ar_I_C=O|Ster_B1,0.9622982575688267,0.9135389554234337,0.10472346421236771,LOOCV,ln(kobs)_MeCN = -0.57 + 1.84*kobs_MeCN + 0.59*ln(kobs)_toluene + 0.00*Ar_I_C=O - 0.13*Ster_B1
indigo_aryl_alkyl,ln(kobs)_MeCN,4,kobs_MeCN|ln(kobs)_toluene|LUMO|Occupancy_C1-O,0.9599916794425666,0.913418037391818,0.10787938194065352,LOOCV,ln(kobs)_MeCN = -19.18 + 2.02*kobs_MeCN + 0.50*ln(kobs)_toluene + 2.58*LUMO + 9.27*Occupancy_C1-O
indigo_aryl_alkyl,ln(kobs)_MeCN,5,kobs_MeCN|ln(kobs)_toluene|LUMO|Ar_I_C=O|Ster_B5,0.9612851283905087,0.9133853610592899,0.10612121183432555,LOOCV,ln(kobs)_MeCN = -0.84 + 1.92*kobs_MeCN + 0.51*ln(kobs)_toluene + 2.07*LUMO + 0.00*Ar_I_C=O + 0.00*Ster_B5
indigo_aryl_alkyl,ln(kobs)_MeCN,3,kobs_MeCN|HOMO|Ar_NBO_C1_x,0.9409281988987708,0.9133798193087419,0.1310851198209418,LOOCV,ln(kobs)_MeCN = -5.25 + 3.37*kobs_MeCN + 4.11*HOMO + 5.21*Ar_NBO_C1_x
indigo_aryl_alkyl,ln(kobs)_MeCN,5,ln(kobs)_toluene|HOMO|Ar_NBO_-O|Occupancy_C1-O|Energy_C1-O,0.9678640620182574,0.9132767880260301,0.09668492825970347,LOOCV,ln(kobs)_MeCN = -147.79 + 0.94*ln(kobs)_toluene + 3.33*HOMO - 20.12*Ar_NBO_-O + 68.53*Occupancy_C1-O + 1.08*Energy_C1-O
indigo_aryl_alkyl,ln(kobs)_MeCN,5,ln(kobs)_toluene|HOMO|Ar_I_C=O|L_C1-C2|Ster_B5,0.9589635462029088,0.9132699732449913,0.10925673069244413,LOOCV,ln(kobs)_MeCN = -2.61 + 0.87*ln(kobs)_toluene + 7.57*HOMO + 0.00*Ar_I_C=O + 3.72*L_C1-C2 - 0.06*Ster_B5
indigo_aryl_alkyl,ln(kobs)_MeCN,5,kobs_MeCN|ln(kobs)_toluene|Ster_L|Ar_I_C=O|Ster_B1,0.9635682032722754,0.9132485373638526,0.10294460322848702,LOOCV,ln(kobs)_MeCN = -0.72 + 1.93*kobs_MeCN + 0.55*ln(kobs)_toluene + 0.01*Ster_L + 0.00*Ar_I_C=O - 0.17*Ster_B1
indigo_aryl_alkyl,ln(kobs)_MeCN,5,ln(kobs)_toluene|HOMO|Ster_L|Entry|Ar_I_C=O,0.9584166153355401,0.9130409468314463,0.10998240364118828,LOOCV,ln(kobs)_MeCN = 2.42 + 1.01*ln(kobs)_toluene + 4.77*HOMO - 0.03*Ster_L - 0.01*Entry + 0.00*Ar_I_C=O
indigo_aryl_alkyl,ln(kobs)_MeCN,5,ln(kobs)_toluene|HOMO|Ar_v_C=O|LUMO|Entry,0.9539447824030135,0.9128612448562474,0.11574512500400433,LOOCV,ln(kobs)_MeCN = 5.83 + 0.91*ln(kobs)_toluene + 4.36*HOMO - 0.00*Ar_v_C=O + 3.35*LUMO - 0.01*Entry
indigo_aryl_alkyl,ln(kobs)_MeCN,5,kobs_MeCN|ln(kobs)_toluene|LUMO|Ar_NBO_C1_x|Entry,0.9634831597491593,0.9127836879994339,0.10306468608703252,LOOCV,ln(kobs)_MeCN = -6.94 + 1.69*kobs_MeCN + 0.50*ln(kobs)_toluene + 4.44*LUMO + 7.95*Ar_NBO_C1_x + 0.00*Entry
indigo_aryl_alkyl,ln(kobs)_MeCN,4,kobs_MeCN|Ar_v_C=O|Ar_NBO_C1_x|L_C1-C2,0.9455665972108226,0.9127598201756377,0.1258334289077524,LOOCV,ln(kobs)_MeCN = 30.44 + 3.23*kobs_MeCN - 0.03*Ar_v_C=O + 2.50*Ar_NBO_C1_x + 15.32*L_C1-C2
indigo_aryl_alkyl,ln(kobs)_MeCN,4,kobs_MeCN|ln(kobs)_toluene|polarizability|L_C1-C2,0.9589544312240948,0.9127502648186027,0.10926886402024122,LOOCV,ln(kobs)_MeCN = 8.03 + 2.15*kobs_MeCN + 0.49*ln(kobs)_toluene + 0.00*polarizability - 6.02*L_C1-C2
indigo_aryl_alkyl,ln(kobs)_MeCN,4,kobs_MeCN|polarizability|L_C1-C2|Energy_C1-O,0.9453233358550648,0.9126857644431544,0.12611428850761897,LOOCV,ln(kobs)_MeCN = 2.66 + 3.81*kobs_MeCN + 0.00*polarizability - 2.92*L_C1-C2 + 0.96*Energy_C1-O
indigo_aryl_alkyl,ln(kobs)_MeCN,5,ln(kobs)_toluene|HOMO|Ar_v_C=O|Ar_I_C=O|Ster_B5,0.958709861688615,0.9125743075922655,0.1095939191462476,LOOCV,ln(kobs)_MeCN = -4.73 + 0.88*ln(kobs)_toluene + 7.81*HOMO + 0.00*Ar_v_C=O + 0.00*Ar_I_C=O - 0.05*Ster_B5
indigo_aryl_alkyl,ln(kobs)_MeCN,5,kobs_MeCN|Ar_NBO_=O|Entry|Ster_B1|Energy_C1-O,0.9562385501128077,0.9125492559638015,0.11282598669626795,LOOCV,ln(kobs)_MeCN = -7.01 + 3.34*kobs_MeCN - 9.26*Ar_NBO_=O + 0.01*Entry + 0.40*Ster_B1 + 1.64*Energy_C1-O
indigo_aryl_alkyl,ln(kobs)_MeCN,5,ln(kobs)_toluene|HOMO|Ar_I_C=O|Ster_B5|Energy_C1-O,0.9647499043021601,0.9124567558798361,0.10126128615298993,LOOCV,ln(kobs)_MeCN = 3.39 + 0.92*ln(kobs)_toluene + 6.14*HOMO + 0.00*Ar_I_C=O - 0.03*Ster_B5 + 0.75*Energy_C1-O
indigo_aryl_alkyl,ln(kobs)_MeCN,5,kobs_MeCN|Ster_L|L_C1-C2|Occupancy_C1-O|Energy_C1-O,0.9567252077002151,0.912395154229674,0.11219688128436138,LOOCV,ln(kobs)_MeCN = -215.83 + 3.80*kobs_MeCN + 0.07*Ster_L - 5.14*L_C1-C2 + 111.17*Occupancy_C1-O + 1.24*Energy_C1-O
indigo_aryl_alkyl,ln(kobs)_MeCN,4,kobs_MeCN|HOMO|Ar_NBO_-O|Ar_NBO_C1_x,0.9430081957672907,0.9123398006186918,0.1287565976303023,LOOCV,ln(kobs)_MeCN = -11.24 + 3.32*kobs_MeCN + 3.41*HOMO - 9.40*Ar_NBO_-O + 4.21*Ar_NBO_C1_x
indigo_aryl_alkyl,ln(kobs)_MeCN,4,kobs_MeCN|HOMO|Ar_NBO_-O|Ar_I_C=O,0.9428055987986234,0.912208240146043,0.1289852494092374,LOOCV,ln(kobs)_MeCN = -9.48 + 3.42*kobs_MeCN + 3.58*HOMO - 11.99*Ar_NBO_-O - 0.00*Ar_I_C=O
indigo_aryl_alkyl,ln(kobs)_MeCN,5,ln(kobs)_toluene|HOMO|LUMO|Entry|Ar_I_C=O,0.9573657597766472,0.9121429842615871,0.11136341825819551,LOOCV,ln(kobs)_MeCN = 1.81 + 0.95*ln(kobs)_toluene + 3.44*HOMO + 2.90*LUMO - 0.01*Entry + 0.00*Ar_I_C=O
indigo_aryl_alkyl,ln(kobs)_MeCN,5,ln(kobs)_toluene|Ar_NBO_C1_x|L_C1-C2|Ster_B1|Ster_B5,0.9513121176592252,0.9120111541979559,0.11900733551401592,LOOCV,ln(kobs)_MeCN = 17.22 + 0.94*ln(kobs)_toluene + 16.61*Ar_NBO_C1_x - 19.84*L_C1-C2 - 0.23*Ster_B1 + 0.01*Ster_B5
indigo_aryl_alkyl,ln(kobs)_MeCN,4,ln(kobs)_toluene|Ar_v_C=O|Entry|Ar_I_C=O,0.9491534113248982,0.9119872825503245,0.12161697575212616,LOOCV,ln(kobs)_MeCN = 22.00 + 1.00*ln(kobs)_toluene - 0.01*Ar_v_C=O - 0.01*Entry + 0.00*Ar_I_C=O
indigo_aryl_alkyl,ln(kobs)_MeCN,5,kobs_MeCN|ln(kobs)_toluene|Ar_v_C=O|Occupancy_C1-O|Energy_C1-O,0.9729006494057308,0.9119081037116653,0.08878564025239954,LOOCV,ln(kobs)_MeCN = -78.65 + 1.80*kobs_MeCN + 0.58*ln(kobs)_toluene - 0.01*Ar_v_C=O + 49.13*Occupancy_C1-O + 0.86*Energy_C1-O
indigo_aryl_alkyl,ln(kobs)_MeCN,5,kobs_MeCN|ln(kobs)_toluene|LUMO|Entry|Ster_B5,0.961274213073061,0.9118986030975733,0.10613617075104216,LOOCV,ln(kobs)_MeCN = -0.61 + 1.93*kobs_MeCN + 0.52*ln(kobs)_toluene + 3.08*LUMO - 0.00*Entry + 0.01*Ster_B5
indigo_aryl_alkyl,ln(kobs)_MeCN,5,ln(kobs)_toluene|kobs_toluene|HOMO|Ar_NBO_C1_x|L_C1-C2,0.959244721305707,0.911891185414807,0.10888178264906201,LOOCV,ln(kobs)_MeCN = 12.57 + 1.02*ln(kobs)_toluene - 2.30*kobs_toluene + 4.09*HOMO + 15.68*Ar_NBO_C1_x - 15.29*L_C1-C2
indigo_aryl_alkyl,ln(kobs)_MeCN,4,kobs_MeCN|Ar_v_C=O|L_C1-C2|Energy_C1-O,0.9463412585214539,0.9118865478850885,0.12493483001388506,LOOCV,ln(kobs)_MeCN = 31.21 + 3.30*kobs_MeCN - 0.03*Ar_v_C=O + 18.43*L_C1-C2 + 0.25*Energy_C1-O
indigo_aryl_alkyl,ln(kobs)_MeCN,4,ln(kobs)_toluene|HOMO|polarizability|L_C1-C2,0.9554195419088091,0.911837605129296,0.11387687805753356,LOOCV,ln(kobs)_MeCN = 3.69 + 0.90*ln(kobs)_toluene + 7.86*HOMO - 0.00*polarizability - 0.22*L_C1-C2
indigo_aryl_alkyl,ln(kobs)_MeCN,4,ln(kobs)_toluene|Ar_NBO_-O|polarizability|Ster_B5,0.9550366901171059,0.911821487422254,0.11436481340944342,LOOCV,ln(kobs)_MeCN = -29.12 + 0.93*ln(kobs)_toluene - 42.75*Ar_NBO_-O - 0.00*polarizability + 0.06*Ster_B5
indigo_aryl_alkyl,ln(kobs)_MeCN,4,kobs_MeCN|Ar_v_C=O|polarizability|Energy_C1-O,0.9465593467180787,0.9118109811134265,0.12468068173712607,LOOCV,ln(kobs)_MeCN = 10.68 + 3.68*kobs_MeCN - 0.01*Ar_v_C=O + 0.00*polarizability + 0.83*Energy_C1-O
indigo_aryl_alkyl,ln(kobs)_MeCN,5,ln(kobs)_toluene|HOMO|Ar_NBO_-O|polarizability|Ster_B1,0.9656015100726572,0.9117622654221103,0.10003062397799184,LOOCV,ln(kobs)_MeCN = -11.34 + 0.85*ln(kobs)_toluene + 6.62*HOMO - 20.14*Ar_NBO_-O - 0.00*polarizability + 0.06*Ster_B1
indigo_aryl_alkyl,ln(kobs)_MeCN,5,kobs_MeCN|ln(kobs)_toluene|Ar_I_C=O|polarizability|L_C1-C2,0.9601677228896763,0.9117591747345418,0.10764177641873815,LOOCV,ln(kobs)_MeCN = 5.02 + 2.00*kobs_MeCN + 0.52*ln(kobs)_toluene + 0.00*Ar_I_C=O + 0.00*polarizability - 4.02*L_C1-C2
indigo_aryl_alkyl,ln(kobs)_MeCN,4,kobs_MeCN|HOMO|Ster_L|Energy_C1-O,0.9470316061099857,0.9116880470978882,0.12412855257404143,LOOCV,ln(kobs)_MeCN = -1.15 + 3.53*kobs_MeCN + 2.77*HOMO + 0.03*Ster_L + 0.62*Energy_C1-O
indigo_aryl_alkyl,ln(kobs)_MeCN,5,kobs_MeCN|ln(kobs)_toluene|Ar_v_C=O|Ar_NBO_-O|Energy_C1-O,0.9712400246250193,0.9116878983694267,0.09146554868000592,LOOCV,ln(kobs)_MeCN = -1.24 + 1.69*kobs_MeCN + 0.58*ln(kobs)_toluene - 0.00*Ar_v_C=O - 11.98*Ar_NBO_-O + 0.62*Energy_C1-O
indigo_aryl_alkyl,ln(kobs)_MeCN,3,kobs_MeCN|HOMO|Energy_C1-O,0.9401868087506857,0.9114786204127241,0.13190515728890853,LOOCV,ln(kobs)_MeCN = -0.91 + 3.56*kobs_MeCN + 3.76*HOMO + 0.30*Energy_C1-O
indigo_aryl_alkyl,ln(kobs)_MeCN,4,kobs_MeCN|Ar_NBO_-O|polarizability|Energy_C1-O,0.9450385656321316,0.9114616098073406,0.12644227992927176,LOOCV,ln(kobs)_MeCN = -5.24 + 3.78*kobs_MeCN - 4.97*Ar_NBO_-O + 0.00*polarizability + 0.86*Energy_C1-O
indigo_aryl_alkyl,ln(kobs)_MeCN,4,ln(kobs)_toluene|Entry|Ar_I_C=O|Ster_B5,0.945315736105239,0.9114243189009832,0.1261230527926671,LOOCV,ln(kobs)_MeCN = 0.52 + 1.07*ln(kobs)_toluene - 0.01*Entry + 0.00*Ar_I_C=O - 0.02*Ster_B5
indigo_aryl_alkyl,ln(kobs)_MeCN,4,kobs_MeCN|HOMO|Ar_NBO_C1_x|Energy_C1-O,0.9422319019357571,0.9113973266068484,0.1296305380494905,LOOCV,ln(kobs)_MeCN = -4.75 + 3.39*kobs_MeCN + 4.22*HOMO + 4.99*Ar_NBO_C1_x + 0.28*Energy_C1-O
indigo_aryl_alkyl,ln(kobs)_MeCN,5,kobs_MeCN|ln(kobs)_toluene|Ar_v_C=O|Entry|Ster_B1,0.9646342929823993,0.9112582396359762,0.10142720581160519,LOOCV,ln(kobs)_MeCN = 20.41 + 1.79*kobs_MeCN + 0.56*ln(kobs)_toluene - 0.01*Ar_v_C=O - 0.00*Entry - 0.11*Ster_B1
indigo_aryl_alkyl,ln(kobs)_MeCN,4,kobs_MeCN|Ar_v_C=O|L_C1-C2|Ster_B5,0.9458464416559876,0.9112011515881262,0.12550955459623273,LOOCV,ln(kobs)_MeCN = 28.49 + 3.32*kobs_MeCN - 0.03*Ar_v_C=O + 15.38*L_C1-C2 + 0.01*Ster_B5
indigo_aryl_alkyl,ln(kobs)_MeCN,5,kobs_MeCN|ln(kobs)_toluene|Ar_NBO_C1_x|Ar_I_C=O|Ster_B1,0.9633150672110283,0.9111716966040502,0.10330162490208022,LOOCV,ln(kobs)_MeCN = -3.42 + 1.73*kobs_MeCN + 0.60*ln(kobs)_toluene + 3.54*Ar_NBO_C1_x + 0.00*Ar_I_C=O - 0.13*Ster_B1
indigo_aryl_alkyl,ln(kobs)_MeCN,5,ln(kobs)_toluene|HOMO|Ar_I_C=O|polarizability|Ster_B5,0.9602628651067447,0.9111693574859974,0.10751314455508637,LOOCV,ln(kobs)_MeCN = 3.05 + 0.88*ln(kobs)_toluene + 7.53*HOMO + 0.00*Ar_I_C=O - 0.00*polarizability - 0.03*Ster_B5
indigo_aryl_alkyl,ln(kobs)_MeCN,4,kobs_MeCN|Ar_v_C=O|Entry|L_C1-C2,0.9485517711105295,0.9111114654564929,0.12233437383261632,LOOCV,ln(kobs)_MeCN = 26.80 + 3.23*kobs_MeCN - 0.03*Ar_v_C=O + 0.01*Entry + 18.67*L_C1-C2
indigo_aryl_alkyl,ln(kobs)_MeCN,5,ln(kobs)_toluene|HOMO|Entry|Ar_I_C=O|L_C1-C2,0.9561403353673316,0.9110715012972118,0.11295252460958148,LOOCV,ln(kobs)_MeCN = 12.12 + 0.98*ln(kobs)_toluene + 3.62*HOMO - 0.02*Entry + 0.00*Ar_I_C=O - 6.93*L_C1-C2
indigo_aryl_alkyl,ln(kobs)_MeCN,4,kobs_MeCN|Ar_v_C=O|Ster_L|Energy_C1-O,0.9464120367694258,0.911049942609177,0.12485240554745611,LOOCV,ln(kobs)_MeCN = 16.29 + 3.55*kobs_MeCN - 0.01*Ar_v_C=O + 0.04*Ster_L + 0.56*Energy_C1-O
indigo_aryl_alkyl,ln(kobs)_MeCN,5,kobs_MeCN|LUMO|Ster_L|Ster_B5|Energy_C1-O,0.9522770680419105,0.9110291384122801,0.11782212406856032,LOOCV,ln(kobs)_MeCN = -1.78 + 3.51*kobs_MeCN + 3.34*LUMO + 0.04*Ster_L + 0.02*Ster_B5 + 0.87*Energy_C1-O
indigo_aryl_alkyl,ln(kobs)_MeCN,5,ln(kobs)_toluene|Ar_NBO_C1_x|Ar_I_C=O|L_C1-C2|Ster_B1,0.9550032569634269,0.9110216010741683,0.11440732435766614,LOOCV,ln(kobs)_MeCN = 10.57 + 0.94*ln(kobs)_toluene + 15.00*Ar_NBO_C1_x + 0.00*Ar_I_C=O - 14.70*L_C1-C2 - 0.21*Ster_B1
indigo_aryl_alkyl,ln(kobs)_MeCN,5,ln(kobs)_toluene|Ar_NBO_=O|Ar_NBO_C1_x|Ar_I_C=O|polarizability,0.9578539743619707,0.9109616493660206,0.1107239581539837,LOOCV,ln(kobs)_MeCN = -14.12 + 0.86*ln(kobs)_toluene - 14.76*Ar_NBO_=O + 6.97*Ar_NBO_C1_x + 0.00*Ar_I_C=O - 0.00*polarizability
indigo_aryl_alkyl,ln(kobs)_MeCN,5,kobs_MeCN|Ar_NBO_=O|Ster_L|polarizability|Ster_B5,0.951873418361399,0.9109076050769873,0.11831935588530204,LOOCV,ln(kobs)_MeCN = -10.84 + 3.30*kobs_MeCN - 13.60*Ar_NBO_=O + 0.06*Ster_L - 0.00*polarizability + 0.06*Ster_B5
indigo_aryl_alkyl,ln(kobs)_MeCN,4,kobs_MeCN|ln(kobs)_toluene|Ster_L|polarizability,0.9557489263361618,0.9108294829288376,0.11345540625472832,LOOCV,ln(kobs)_MeCN = -1.02 + 2.30*kobs_MeCN + 0.46*ln(kobs)_toluene + 0.00*Ster_L + 0.00*polarizability
indigo_aryl_alkyl,ln(kobs)_MeCN,4,ln(kobs)_toluene|Ar_v_C=O|Ar_NBO_C1_x|L_C1-C2,0.942152327047286,0.9108252502143364,0.12971978960946798,LOOCV,ln(kobs)_MeCN = 24.47 + 0.86*ln(kobs)_toluene - 0.01*Ar_v_C=O + 15.23*Ar_NBO_C1_x - 13.35*L_C1-C2
indigo_aryl_alkyl,ln(kobs)_MeCN,4,ln(kobs)_toluene|HOMO|Ar_v_C=O|Ar_NBO_C1_x,0.9478547486987398,0.9107924259423895,0.123160281084979,LOOCV,ln(kobs)_MeCN = 15.97 + 0.77*ln(kobs)_toluene + 3.78*HOMO - 0.01*Ar_v_C=O + 11.34*Ar_NBO_C1_x
indigo_aryl_alkyl,ln(kobs)_MeCN,5,ln(kobs)_toluene|HOMO|Ar_I_C=O|Ster_B5|Occupancy_C1-O,0.9600221010210651,0.9107612451160567,0.10783835940903903,LOOCV,ln(kobs)_MeCN = -65.36 + 0.88*ln(kobs)_toluene + 7.20*HOMO + 0.00*Ar_I_C=O - 0.05*Ster_B5 + 34.22*Occupancy_C1-O
indigo_aryl_alkyl,ln(kobs)_MeCN,4,kobs_MeCN|Ar_NBO_-O|Ster_B5|Energy_C1-O,0.945675641367438,0.9107369073669646,0.1257073273029095,LOOCV,ln(kobs)_MeCN = -13.39 + 3.66*kobs_MeCN - 16.12*Ar_NBO_-O + 0.03*Ster_B5 + 0.45*Energy_C1-O
indigo_aryl_alkyl,ln(kobs)_MeCN,5,ln(kobs)_toluene|HOMO|Ar_v_C=O|Ar_NBO_C1_x|Occupancy_C1-O,0.9514523133348423,0.9107337417752321,0.1188358725045974,LOOCV,ln(kobs)_MeCN = -83.66 + 0.76*ln(kobs)_toluene + 3.45*HOMO - 0.02*Ar_v_C=O + 14.56*Ar_NBO_C1_x + 51.99*Occupancy_C1-O
indigo_aryl_alkyl,ln(kobs)_MeCN,5,kobs_MeCN|ln(kobs)_toluene|LUMO|Ster_L|Ster_B5,0.9611208045737205,0.9107223361587197,0.10634618710895874,LOOCV,ln(kobs)_MeCN = -0.95 + 2.09*kobs_MeCN + 0.45*ln(kobs)_toluene + 3.03*LUMO + 0.01*Ster_L + 0.00*Ster_B5
indigo_aryl_alkyl,ln(kobs)_MeCN,5,ln(kobs)_toluene|HOMO|L_C1-C2|Ster_B5|Occupancy_C1-O,0.9576449888328326,0.9107099675695776,0.11099813692130152,LOOCV,ln(kobs)_MeCN = -60.85 + 0.87*ln(kobs)_toluene + 8.62*HOMO + 1.54*L_C1-C2 - 0.06*Ster_B5 + 31.14*Occupancy_C1-O
indigo_aryl_alkyl,ln(kobs)_MeCN,5,kobs_MeCN|Ster_L|polarizability|Occupancy_C1-O|Energy_C1-O,0.9561224028228741,0.9106884970624481,0.11297561323997027,LOOCV,ln(kobs)_MeCN = -207.27 + 3.89*kobs_MeCN + 0.05*Ster_L + 0.00*polarizability + 103.17*Occupancy_C1-O + 1.41*Energy_C1-O
indigo_aryl_alkyl,ln(kobs)_MeCN,5,kobs_MeCN|ln(kobs)_toluene|HOMO|Ster_L|Occupancy_C1-O,0.9649511923795191,0.9106647785608774,0.1009717568579359,LOOCV,ln(kobs)_MeCN = -25.33 + 1.91*kobs_MeCN + 0.49*ln(kobs)_toluene + 3.37*HOMO - 0.00*Ster_L + 12.84*Occupancy_C1-O
indigo_aryl_alkyl,ln(kobs)_MeCN,5,ln(kobs)_toluene|Ar_NBO_=O|HOMO|Ar_I_C=O|Ster_B5,0.9594080657132934,0.9105961609712363,0.1086633681619538,LOOCV,ln(kobs)_MeCN = -0.30 + 0.85*ln(kobs)_toluene - 4.51*Ar_NBO_=O + 5.95*HOMO + 0.00*Ar_I_C=O - 0.05*Ster_B5
indigo_aryl_alkyl,ln(kobs)_MeCN,5,kobs_MeCN|Ster_L|Ster_B1|Occupancy_C1-O|Energy_C1-O,0.9577057194113947,0.910535488104096,0.11091853123822605,LOOCV,ln(kobs)_MeCN = -227.15 + 3.86*kobs_MeCN + 0.06*Ster_L + 0.26*Ster_B1 + 113.23*Occupancy_C1-O + 2.02*Energy_C1-O
indigo_aryl_alkyl,ln(kobs)_MeCN,5,ln(kobs)_toluene|HOMO|Ar_NBO_C1_x|Ster_L|Ar_I_C=O,0.9597599446943593,0.9105184691908234,0.10819135836663545,LOOCV,ln(kobs)_MeCN = -9.55 + 0.85*ln(kobs)_toluene + 6.01*HOMO + 15.14*Ar_NBO_C1_x - 0.05*Ster_L + 0.00*Ar_I_C=O
indigo_aryl_alkyl,ln(kobs)_MeCN,4,kobs_MeCN|polarizability|Occupancy_C1-O|Energy_C1-O,0.9506353402016483,0.9104857398356847,0.1198316014135831,LOOCV,ln(kobs)_MeCN = -133.39 + 3.95*kobs_MeCN + 0.00*polarizability + 66.20*Occupancy_C1-O + 1.33*Energy_C1-O
indigo_aryl_alkyl,ln(kobs)_MeCN,4,kobs_MeCN|ln(kobs)_toluene|L_C1-C2|Occupancy_C1-O,0.9591410460444104,0.9104644460667015,0.10902018407561134,LOOCV,ln(kobs)_MeCN = -26.43 + 2.12*kobs_MeCN + 0.51*ln(kobs)_toluene - 5.94*L_C1-C2 + 17.27*Occupancy_C1-O
indigo_aryl_alkyl,ln(kobs)_MeCN,5,kobs_MeCN|ln(kobs)_toluene|Ar_NBO_-O|Ster_B1|Energy_C1-O,0.9720669983613656,0.9104401173849541,0.09014094203688053,LOOCV,ln(kobs)_MeCN = -9.69 + 1.76*kobs_MeCN + 0.57*ln(kobs)_toluene - 14.26*Ar_NBO_-O + 0.16*Ster_B1 + 1.10*Energy_C1-O
indigo_aryl_alkyl,ln(kobs)_MeCN,5,ln(kobs)_toluene|HOMO|Ar_NBO_-O|LUMO|Ster_L,0.9602440906024514,0.9104071251060442,0.107538539788489,LOOCV,ln(kobs)_MeCN = -19.60 + 0.93*ln(kobs)_toluene + 4.33*HOMO - 31.40*Ar_NBO_-O - 2.25*LUMO - 0.05*Ster_L
indigo_aryl_alkyl,ln(kobs)_MeCN,4,kobs_MeCN|LUMO|polarizability|Energy_C1-O,0.9476830357879309,0.9103485364404357,0.12336289616802533,LOOCV,ln(kobs)_MeCN = -1.54 + 3.67*kobs_MeCN + 2.24*LUMO + 0.00*polarizability + 0.97*Energy_C1-O
indigo_aryl_alkyl,ln(kobs)_MeCN,5,kobs_MeCN|ln(kobs)_toluene|Ar_NBO_-O|Ster_B1|Ster_B5,0.969273996817061,0.9103466191198782,0.09454015818383822,LOOCV,ln(kobs)_MeCN = -13.72 + 1.81*kobs_MeCN + 0.53*ln(kobs)_toluene - 18.84*Ar_NBO_-O - 0.12*Ster_B1 + 0.01*Ster_B5
indigo_aryl_alkyl,ln(kobs)_MeCN,5,kobs_MeCN|ln(kobs)_toluene|Ster_L|Entry|Ster_B5,0.9560255472666177,0.910338943102308,0.11310023587995799,LOOCV,ln(kobs)_MeCN = -1.01 + 2.31*kobs_MeCN + 0.47*ln(kobs)_toluene + 0.00*Ster_L - 0.00*Entry + 0.01*Ster_B5
indigo_aryl_alkyl,ln(kobs)_MeCN,3,kobs_MeCN|HOMO|Ar_I_C=O,0.9393716706499364,0.9103373962672004,0.13280092180764239,LOOCV,ln(kobs)_MeCN = -0.97 + 3.53*kobs_MeCN + 4.16*HOMO - 0.00*Ar_I_C=O
indigo_aryl_alkyl,ln(kobs)_MeCN,5,kobs_MeCN|ln(kobs)_toluene|Ar_NBO_C1_x|Ster_L|Ster_B5,0.9560458339346539,0.9102370403559636,0.1130741446897365,LOOCV,ln(kobs)_MeCN = -1.92 + 2.30*kobs_MeCN + 0.46*ln(kobs)_toluene + 1.11*Ar_NBO_C1_x + 0.00*Ster_L + 0.01*Ster_B5
indigo_aryl_alkyl,ln(kobs)_MeCN,5,ln(kobs)_toluene|Ar_v_C=O|Entry|Ar_I_C=O|Energy_C1-O,0.958634494063218,0.9102196673005141,0.10969389541191825,LOOCV,ln(kobs)_MeCN = 18.53 + 1.04*ln(kobs)_toluene - 0.01*Ar_v_C=O - 0.01*Entry + 0.00*Ar_I_C=O + 0.82*Energy_C1-O
indigo_aryl_alkyl,ln(kobs)_MeCN,5,kobs_MeCN|polarizability|Ster_B1|Ster_B5|Energy_C1-O,0.9529624020161236,0.9102105327456153,0.11697306158424292,LOOCV,ln(kobs)_MeCN = -1.05 + 3.79*kobs_MeCN + 0.00*polarizability + 0.41*Ster_B1 + 0.02*Ster_B5 + 2.25*Energy_C1-O
indigo_aryl_alkyl,ln(kobs)_MeCN,5,ln(kobs)_toluene|HOMO|LUMO|L_C1-C2|Ster_B5,0.9571921125057892,0.9101921987837995,0.11158997680485651,LOOCV,ln(kobs)_MeCN = -1.43 + 0.84*ln(kobs)_toluene + 7.83*HOMO + 1.67*LUMO + 3.17*L_C1-C2 - 0.05*Ster_B5
indigo_aryl_alkyl,ln(kobs)_MeCN,5,ln(kobs)_toluene|HOMO|Ster_B5|Occupancy_C1-O|Energy_C1-O,0.9666113560854429,0.9101511023826492,0.09855137301952448,LOOCV,ln(kobs)_MeCN = -88.29 + 0.93*ln(kobs)_toluene + 7.07*HOMO - 0.03*Ster_B5 + 46.31*Occupancy_C1-O + 0.91*Energy_C1-O
indigo_aryl_alkyl,ln(kobs)_MeCN,5,kobs_MeCN|ln(kobs)_toluene|LUMO|Ar_I_C=O|Occupancy_C1-O,0.9615694649070385,0.9100950462577876,0.10573079671254294,LOOCV,ln(kobs)_MeCN = -27.76 + 1.94*kobs_MeCN + 0.52*ln(kobs)_toluene + 1.88*LUMO + 0.00*Ar_I_C=O + 13.49*Occupancy_C1-O
indigo_aryl_alkyl,ln(kobs)_MeCN,4,kobs_MeCN|LUMO|Ster_L|Energy_C1-O,0.9490494853175426,0.9100675589843379,0.12174119957222836,LOOCV,ln(kobs)_MeCN = -1.91 + 3.47*kobs_MeCN + 3.68*LUMO + 0.05*Ster_L + 0.71*Energy_C1-O
indigo_aryl_alkyl,ln(kobs)_MeCN,5,ln(kobs)_toluene|Ar_NBO_-O|Ar_NBO_C1_x|polarizability|Ster_B5,0.9588967518215687,0.9100519813753782,0.10934561225835891,LOOCV,ln(kobs)_MeCN = -35.37 + 0.89*ln(kobs)_toluene - 43.68*Ar_NBO_-O + 6.87*Ar_NBO_C1_x - 0.00*polarizability + 0.07*Ster_B5
indigo_aryl_alkyl,ln(kobs)_MeCN,5,kobs_MeCN|ln(kobs)_toluene|LUMO|Ar_NBO_C1_x|Ster_B5,0.9642138759288226,0.9100510820831761,0.10202829299819625,LOOCV,ln(kobs)_MeCN = -7.30 + 1.75*kobs_MeCN + 0.47*ln(kobs)_toluene + 4.50*LUMO + 8.26*Ar_NBO_C1_x + 0.01*Ster_B5
indigo_aryl_alkyl,ln(kobs)_MeCN,5,ln(kobs)_toluene|kobs_toluene|HOMO|Ar_v_C=O|polarizability,0.9593502446147387,0.9099598893195038,0.10874073327842418,LOOCV,ln(kobs)_MeCN = 9.39 + 1.10*ln(kobs)_toluene - 2.14*kobs_toluene + 7.27*HOMO - 0.00*Ar_v_C=O - 0.00*polarizability
indigo_aryl_alkyl,ln(kobs)_MeCN,3,kobs_MeCN|Ar_NBO_=O|Ar_NBO_-O,0.9440471232962299,0.9099567681992666,0.1275776208620579,LOOCV,ln(kobs)_MeCN = -3.23 + 3.39*kobs_MeCN - 19.22*Ar_NBO_=O + 15.23*Ar_NBO_-O
indigo_aryl_alkyl,ln(kobs)_MeCN,5,ln(kobs)_toluene|Ar_NBO_=O|HOMO|polarizability|Ster_B1,0.9641803719964539,0.9098854646143165,0.10207604264144106,LOOCV,ln(kobs)_MeCN = -4.39 + 0.81*ln(kobs)_toluene - 11.62*Ar_NBO_=O + 6.31*HOMO - 0.00*polarizability + 0.08*Ster_B1
indigo_aryl_alkyl,ln(kobs)_MeCN,5,ln(kobs)_toluene|HOMO|Entry|L_C1-C2|Occupancy_C1-O,0.9531506973577866,0.9098539925173397,0.11673870045376646,LOOCV,ln(kobs)_MeCN = -24.76 + 0.97*ln(kobs)_toluene + 4.80*HOMO - 0.01*Entry - 9.09*L_C1-C2 + 20.43*Occupancy_C1-O
indigo_aryl_alkyl,ln(kobs)_MeCN,4,kobs_MeCN|HOMO|Ar_NBO_C1_x|Ster_B5,0.9409376629895592,0.9098245418127289,0.131074618607621,LOOCV,ln(kobs)_MeCN = -5.25 + 3.38*kobs_MeCN + 4.01*HOMO + 5.15*Ar_NBO_C1_x + 0.00*Ster_B5
indigo_aryl_alkyl,ln(kobs)_MeCN,4,kobs_MeCN|ln(kobs)_toluene|polarizability|Ster_B5,0.9559027447294844,0.9097984933742721,0.11325804697262552,LOOCV,ln(kobs)_MeCN = -1.01 + 2.32*kobs_MeCN + 0.46*ln(kobs)_toluene + 0.00*polarizability + 0.01*Ster_B5
indigo_aryl_alkyl,ln(kobs)_MeCN,3,kobs_MeCN|Ar_NBO_-O|Ster_B5,0.9431425773711662,0.9097816087805046,0.12860470974199786,LOOCV,ln(kobs)_MeCN = -15.49 + 3.59*kobs_MeCN - 18.50*Ar_NBO_-O + 0.03*Ster_B5
indigo_aryl_alkyl,ln(kobs)_MeCN,5,kobs_MeCN|ln(kobs)_toluene|Ar_NBO_-O|polarizability|Ster_B1,0.9677985322598325,0.9097741805495291,0.09678345523307871,LOOCV,ln(kobs)_MeCN = -12.47 + 1.77*kobs_MeCN + 0.56*ln(kobs)_toluene - 17.18*Ar_NBO_-O + 0.00*polarizability - 0.12*Ster_B1
indigo_aryl_alkyl,ln(kobs)_MeCN,5,ln(kobs)_toluene|HOMO|LUMO|Ar_NBO_C1_x|Energy_C1-O,0.9704970400317963,0.9097719273245263,0.09263947475054989,LOOCV,ln(kobs)_MeCN = -6.87 + 0.81*ln(kobs)_toluene + 4.19*HOMO + 4.61*LUMO + 12.16*Ar_NBO_C1_x + 0.90*Energy_C1-O
indigo_aryl_alkyl,ln(kobs)_MeCN,5,kobs_MeCN|ln(kobs)_toluene|Entry|polarizability|L_C1-C2,0.9600587619611425,0.9097371492115711,0.10778890255276727,LOOCV,ln(kobs)_MeCN = 10.72 + 2.00*kobs_MeCN + 0.54*ln(kobs)_toluene - 0.00*Entry + 0.00*polarizability - 7.70*L_C1-C2
indigo_aryl_alkyl,ln(kobs)_MeCN,5,kobs_MeCN|ln(kobs)_toluene|Ar_I_C=O|L_C1-C2|Occupancy_C1-O,0.9608016958897179,0.9097276679457673,0.10678172392582445,LOOCV,ln(kobs)_MeCN = -34.35 + 2.02*kobs_MeCN + 0.52*ln(kobs)_toluene + 0.00*Ar_I_C=O - 3.79*L_C1-C2 + 19.57*Occupancy_C1-O
indigo_aryl_alkyl,ln(kobs)_MeCN,4,ln(kobs)_toluene|Ster_L|Entry|Ar_I_C=O,0.9452738915979607,0.9097269769363661,0.12617129837020208,LOOCV,ln(kobs)_MeCN = 0.72 + 1.10*ln(kobs)_toluene - 0.02*Ster_L - 0.01*Entry + 0.00*Ar_I_C=O
indigo_aryl_alkyl,ln(kobs)_MeCN,5,ln(kobs)_toluene|HOMO|Ar_NBO_-O|Ster_L|Ster_B5,0.9609351732478735,0.9097044234171228,0.106599763291293,LOOCV,ln(kobs)_MeCN = -9.37 + 0.88*ln(kobs)_toluene + 5.67*HOMO - 17.27*Ar_NBO_-O - 0.03*Ster_L - 0.02*Ster_B5
indigo_aryl_alkyl,ln(kobs)_MeCN,4,kobs_MeCN|ln(kobs)_toluene|LUMO|polarizability,0.9602558660465684,0.9096073290702935,0.1075226124978384,LOOCV,ln(kobs)_MeCN = -0.80 + 2.06*kobs_MeCN + 0.48*ln(kobs)_toluene + 2.70*LUMO + 0.00*polarizability
indigo_aryl_alkyl,ln(kobs)_MeCN,5,kobs_MeCN|ln(kobs)_toluene|Ar_v_C=O|polarizability|L_C1-C2,0.9627211431084931,0.9096024423089742,0.10413448712604448,LOOCV,ln(kobs)_MeCN = 25.47 + 1.99*kobs_MeCN + 0.44*ln(kobs)_toluene - 0.02*Ar_v_C=O - 0.00*polarizability + 8.24*L_C1-C2
indigo_aryl_alkyl,ln(kobs)_MeCN,5,ln(kobs)_toluene|HOMO|LUMO|Ster_B5|Occupancy_C1-O,0.9577093435545655,0.9095748214902851,0.1109137789024059,LOOCV,ln(kobs)_MeCN = -49.52 + 0.86*ln(kobs)_toluene + 7.90*HOMO + 0.69*LUMO - 0.05*Ster_B5 + 26.49*Occupancy_C1-O
indigo_aryl_alkyl,ln(kobs)_MeCN,5,kobs_MeCN|ln(kobs)_toluene|HOMO|polarizability|Occupancy_C1-O,0.9683056233924866,0.9094844011156328,0.09601838479751347,LOOCV,ln(kobs)_MeCN = -17.97 + 1.54*kobs_MeCN + 0.56*ln(kobs)_toluene + 5.08*HOMO - 0.00*polarizability + 9.60*Occupancy_C1-O
indigo_aryl_alkyl,ln(kobs)_MeCN,5,ln(kobs)_toluene|Ar_v_C=O|Ar_NBO_-O|Ar_NBO_C1_x|Ster_L,0.9536552795929274,0.9094262467262089,0.11610834167010567,LOOCV,ln(kobs)_MeCN = -0.17 + 0.89*ln(kobs)_toluene - 0.01*Ar_v_C=O - 20.93*Ar_NBO_-O + 10.89*Ar_NBO_C1_x - 0.04*Ster_L
indigo_aryl_alkyl,ln(kobs)_MeCN,5,kobs_MeCN|ln(kobs)_toluene|Ar_NBO_=O|Ster_B1|Ster_B5,0.9683428792304055,0.9094141618810485,0.09596193476409882,LOOCV,ln(kobs)_MeCN = -6.44 + 1.83*kobs_MeCN + 0.50*ln(kobs)_toluene - 9.75*Ar_NBO_=O - 0.10*Ster_B1 + 0.00*Ster_B5
indigo_aryl_alkyl,ln(kobs)_MeCN,3,kobs_MeCN|Ar_NBO_=O|Ster_B5,0.9451445174375456,0.9094031502878452,0.12632034669888612,LOOCV,ln(kobs)_MeCN = -9.03 + 3.45*kobs_MeCN - 10.97*Ar_NBO_=O + 0.01*Ster_B5
indigo_aryl_alkyl,ln(kobs)_MeCN,5,ln(kobs)_toluene|kobs_toluene|LUMO|Entry|Ar_I_C=O,0.9595521428765885,0.9093527875584889,0.10847035165374908,LOOCV,ln(kobs)_MeCN = 1.89 + 1.35*ln(kobs)_toluene - 3.46*kobs_toluene + 4.14*LUMO - 0.01*Entry + 0.00*Ar_I_C=O
indigo_aryl_alkyl,ln(kobs)_MeCN,5,ln(kobs)_toluene|Ar_NBO_=O|Ster_L|Entry|Ar_I_C=O,0.9585086641024583,0.9093400067206504,0.10986060796009726,LOOCV,ln(kobs)_MeCN = -7.19 + 0.98*ln(kobs)_toluene - 13.32*Ar_NBO_=O - 0.03*Ster_L - 0.01*Entry + 0.00*Ar_I_C=O
indigo_aryl_alkyl,ln(kobs)_MeCN,4,ln(kobs)_toluene|HOMO|Entry|Occupancy_C1-O,0.9469908131130478,0.909331947652359,0.12417634146053491,LOOCV,ln(kobs)_MeCN = -33.76 + 0.95*ln(kobs)_toluene + 5.75*HOMO - 0.01*Entry + 18.29*Occupancy_C1-O
indigo_aryl_alkyl,ln(kobs)_MeCN,3,ln(kobs)_toluene|HOMO|Ar_NBO_-O,0.9485696618313839,0.9092821999051729,0.12231310157033441,LOOCV,ln(kobs)_MeCN = -13.88 + 0.86*ln(kobs)_toluene + 3.17*HOMO - 22.03*Ar_NBO_-O
indigo_aryl_alkyl,ln(kobs)_MeCN,4,kobs_MeCN|HOMO|Ar_NBO_C1_x|Ar_I_C=O,0.9412303351899505,0.9092268597025466,0.1307494575923632,LOOCV,ln(kobs)_MeCN = -4.77 + 3.38*kobs_MeCN + 4.44*HOMO + 4.83*Ar_NBO_C1_x - 0.00*Ar_I_C=O
indigo_aryl_alkyl,ln(kobs)_MeCN,3,kobs_MeCN|polarizability|Energy_C1-O,0.9445625973629246,0.9092079108824103,0.1269885973536169,LOOCV,ln(kobs)_MeCN = -1.66 + 3.85*kobs_MeCN + 0.00*polarizability + 0.99*Energy_C1-O
indigo_aryl_alkyl,ln(kobs)_MeCN,4,ln(kobs)_toluene|Ar_NBO_-O|Ster_L|Ster_B1,0.9496821860732463,0.9091899653908864,0.12098295040435919,LOOCV,ln(kobs)_MeCN = -20.35 + 0.98*ln(kobs)_toluene - 30.81*Ar_NBO_-O - 0.02*Ster_L - 0.10*Ster_B1
indigo_aryl_alkyl,ln(kobs)_MeCN,5,kobs_MeCN|ln(kobs)_toluene|Ar_NBO_-O|polarizability|Energy_C1-O,0.9735930781777663,0.9090711801529541,0.08764399771902837,LOOCV,ln(kobs)_MeCN = -6.32 + 1.89*kobs_MeCN + 0.55*ln(kobs)_toluene - 9.45*Ar_NBO_-O + 0.00*polarizability + 1.02*Energy_C1-O
indigo_aryl_alkyl,ln(kobs)_MeCN,5,kobs_MeCN|ln(kobs)_toluene|Ster_L|polarizability|L_C1-C2,0.9591731616831031,0.90905872885342,0.10897733005243657,LOOCV,ln(kobs)_MeCN = 8.47 + 2.16*kobs_MeCN + 0.48*ln(kobs)_toluene + 0.01*Ster_L - 0.00*polarizability - 6.37*L_C1-C2
indigo_aryl_alkyl,ln(kobs)_MeCN,4,ln(kobs)_toluene|Ar_NBO_C1_x|Ster_L|L_C1-C2,0.9450424622180105,0.9089930562861591,0.12643779767784372,LOOCV,ln(kobs)_MeCN = 15.90 + 0.93*ln(kobs)_toluene + 18.85*Ar_NBO_C1_x - 0.02*Ster_L - 20.30*L_C1-C2
indigo_aryl_alkyl,ln(kobs)_MeCN,5,ln(kobs)_toluene|Ar_NBO_=O|HOMO|Ar_NBO_C1_x|L_C1-C2,0.9552027575943534,0.9089780500242387,0.11415342055297005,LOOCV,ln(kobs)_MeCN = 12.51 + 0.79*ln(kobs)_toluene + 1.41*Ar_NBO_=O + 4.43*HOMO + 17.25*Ar_NBO_C1_x - 15.99*L_C1-C2
indigo_aryl_alkyl,ln(kobs)_MeCN,3,ln(kobs)_toluene|Ar_NBO_-O|Ster_B1,0.947159524047682,0.908940408843724,0.1239785776047214,LOOCV,ln(kobs)_MeCN = -17.40 + 0.98*ln(kobs)_toluene - 26.49*Ar_NBO_-O - 0.18*Ster_B1
indigo_aryl_alkyl,ln(kobs)_MeCN,4,ln(kobs)_toluene|Entry|Ar_I_C=O|Ster_B1,0.951611917114794,0.9088778273673684,0.11864037123600968,LOOCV,ln(kobs)_MeCN = 1.01 + 1.11*ln(kobs)_toluene - 0.01*Entry + 0.00*Ar_I_C=O - 0.20*Ster_B1
indigo_aryl_alkyl,ln(kobs)_MeCN,4,kobs_MeCN|HOMO|polarizability|Energy_C1-O,0.945031119958966,0.9088618824554442,0.12645084426187114,LOOCV,ln(kobs)_MeCN = -1.37 + 3.75*kobs_MeCN + 1.11*HOMO + 0.00*polarizability + 0.87*Energy_C1-O
indigo_aryl_alkyl,ln(kobs)_MeCN,3,kobs_MeCN|Ar_NBO_=O|HOMO,0.9444144182786448,0.9088100041004464,0.12715819852437676,LOOCV,ln(kobs)_MeCN = -7.29 + 3.36*kobs_MeCN - 9.18*Ar_NBO_=O + 1.82*HOMO
indigo_aryl_alkyl,ln(kobs)_MeCN,5,kobs_MeCN|ln(kobs)_toluene|polarizability|Occupancy_C1-O|Energy_C1-O,0.9791581795382456,0.9087074339629845,0.0778629966840516,LOOCV,ln(kobs)_MeCN = -143.75 + 2.15*kobs_MeCN + 0.54*ln(kobs)_toluene + 0.00*polarizability + 72.48*Occupancy_C1-O + 1.64*Energy_C1-O
indigo_aryl_alkyl,ln(kobs)_MeCN,4,kobs_MeCN|ln(kobs)_toluene|LUMO|Ster_B1,0.9628143960095079,0.9086871599528943,0.1040041595845628,LOOCV,ln(kobs)_MeCN = -0.25 + 1.82*kobs_MeCN + 0.57*ln(kobs)_toluene + 2.68*LUMO - 0.12*Ster_B1
indigo_aryl_alkyl,ln(kobs)_MeCN,5,kobs_MeCN|ln(kobs)_toluene|LUMO|L_C1-C2|Ster_B5,0.9607489019629469,0.9086511894500706,0.10685360879096938,LOOCV,ln(kobs)_MeCN = 3.55 + 2.05*kobs_MeCN + 0.48*ln(kobs)_toluene + 1.98*LUMO - 2.93*L_C1-C2 + 0.01*Ster_B5
indigo_aryl_alkyl,ln(kobs)_MeCN,5,kobs_MeCN|ln(kobs)_toluene|Entry|L_C1-C2|Ster_B1,0.9624005795678081,0.9085915301228816,0.10458125865596037,LOOCV,ln(kobs)_MeCN = 10.91 + 1.77*kobs_MeCN + 0.64*ln(kobs)_toluene - 0.00*Entry - 7.46*L_C1-C2 - 0.12*Ster_B1
indigo_aryl_alkyl,ln(kobs)_MeCN,5,kobs_MeCN|polarizability|Ster_B5|Occupancy_C1-O|Energy_C1-O,0.9524654554737464,0.9085876215487383,0.11758934126567966,LOOCV,ln(kobs)_MeCN = -178.21 + 3.94*kobs_MeCN + 0.00*polarizability - 0.03*Ster_B5 + 88.77*Occupancy_C1-O + 1.51*Energy_C1-O
indigo_aryl_alkyl,ln(kobs)_MeCN,5,kobs_MeCN|Ster_L|Ar_I_C=O|Occupancy_C1-O|Energy_C1-O,0.9548177608836474,0.908587438706442,0.11464290011290801,LOOCV,ln(kobs)_MeCN = -222.56 + 3.85*kobs_MeCN + 0.07*Ster_L + 0.00*Ar_I_C=O + 110.68*Occupancy_C1-O + 1.24*Energy_C1-O
indigo_aryl_alkyl,ln(kobs)_MeCN,5,ln(kobs)_toluene|Ar_NBO_-O|Ster_L|Entry|Ster_B1,0.9518381367756761,0.9085732265176563,0.11836271788562824,LOOCV,ln(kobs)_MeCN = -19.90 + 1.02*ln(kobs)_toluene - 30.33*Ar_NBO_-O - 0.02*Ster_L - 0.00*Entry - 0.09*Ster_B1
indigo_aryl_alkyl,ln(kobs)_MeCN,5,kobs_MeCN|Ar_NBO_=O|Ster_L|Occupancy_C1-O|Energy_C1-O,0.958449057874742,0.9085726839827444,0.10993949221533793,LOOCV,ln(kobs)_MeCN = -224.59 + 3.61*kobs_MeCN - 7.81*Ar_NBO_=O + 0.05*Ster_L + 109.35*Occupancy_C1-O + 0.98*Energy_C1-O
indigo_aryl_alkyl,ln(kobs)_MeCN,4,ln(kobs)_toluene|kobs_toluene|HOMO|Entry,0.9512404936512142,0.9085723955587187,0.11909483829134347,LOOCV,ln(kobs)_MeCN = 3.50 + 1.19*ln(kobs)_toluene - 2.46*kobs_toluene + 5.69*HOMO - 0.01*Entry
indigo_aryl_alkyl,ln(kobs)_MeCN,3,kobs_MeCN|HOMO|Ster_B5,0.9387944193644436,0.908560500946502,0.13343163269451722,LOOCV,ln(kobs)_MeCN = -1.39 + 3.57*kobs_MeCN + 3.31*HOMO + 0.00*Ster_B5
indigo_aryl_alkyl,ln(kobs)_MeCN,5,ln(kobs)_toluene|HOMO|Ar_NBO_-O|Entry|L_C1-C2,0.9566075067658937,0.9085173367669608,0.1123493570084424,LOOCV,ln(kobs)_MeCN = -1.14 + 0.92*ln(kobs)_toluene + 3.94*HOMO - 14.79*Ar_NBO_-O - 0.01*Entry - 4.82*L_C1-C2
indigo_aryl_alkyl,ln(kobs)_MeCN,3,ln(kobs)_toluene|HOMO|Ar_v_C=O,0.9377858028206796,0.9085150619328831,0.13452656085136738,LOOCV,ln(kobs)_MeCN = 14.51 + 0.88*ln(kobs)_toluene + 3.86*HOMO - 0.01*Ar_v_C=O
indigo_aryl_alkyl,ln(kobs)_MeCN,4,kobs_MeCN|Ar_v_C=O|Ster_L|L_C1-C2,0.9456769062079475,0.9085073710153899,0.1257058638650573,LOOCV,ln(kobs)_MeCN = 28.10 + 3.31*kobs_MeCN - 0.03*Ar_v_C=O + 0.01*Ster_L + 14.51*L_C1-C2
indigo_aryl_alkyl,ln(kobs)_MeCN,4,ln(kobs)_toluene|Ar_NBO_=O|HOMO|Entry,0.9503478171092681,0.9084689226341649,0.12018007265509974,LOOCV,ln(kobs)_MeCN = -2.65 + 0.90*ln(kobs)_toluene - 7.75*Ar_NBO_=O + 4.00*HOMO - 0.01*Entry
indigo_aryl_alkyl,ln(kobs)_MeCN,5,ln(kobs)_toluene|HOMO|Ar_NBO_-O|Ster_L|Occupancy_C1-O,0.9594808086758857,0.9084165541789435,0.10856595915739654,LOOCV,ln(kobs)_MeCN = -66.70 + 0.90*ln(kobs)_toluene + 3.46*HOMO - 28.22*Ar_NBO_-O - 0.03*Ster_L + 24.56*Occupancy_C1-O
indigo_aryl_alkyl,ln(kobs)_MeCN,4,kobs_MeCN|ln(kobs)_toluene|Entry|polarizability,0.9557761424289345,0.9084077011743623,0.11342051119418942,LOOCV,ln(kobs)_MeCN = -0.98 + 2.28*kobs_MeCN + 0.47*ln(kobs)_toluene - 0.00*Entry + 0.00*polarizability
indigo_aryl_alkyl,ln(kobs)_MeCN,3,ln(kobs)_toluene|Ar_v_C=O|Ar_NBO_C1_x,0.9394274525260154,0.9083039714405692,0.13273981514878236,LOOCV,ln(kobs)_MeCN = 31.81 + 0.82*ln(kobs)_toluene - 0.02*Ar_v_C=O + 11.53*Ar_NBO_C1_x
indigo_aryl_alkyl,ln(kobs)_MeCN,5,kobs_MeCN|HOMO|Ar_NBO_-O|Ster_B1|Energy_C1-O,0.9533181090830836,0.908297610410566,0.11652993621846097,LOOCV,ln(kobs)_MeCN = -1.02 + 3.34*kobs_MeCN + 4.47*HOMO - 1.66*Ar_NBO_-O + 0.49*Ster_B1 + 1.86*Energy_C1-O
indigo_aryl_alkyl,ln(kobs)_MeCN,4,ln(kobs)_toluene|Ar_NBO_=O|HOMO|Ster_L,0.9533845137210981,0.9082885859042021,0.11644702524488351,LOOCV,ln(kobs)_MeCN = -6.00 + 0.88*ln(kobs)_toluene - 13.14*Ar_NBO_=O + 3.04*HOMO - 0.04*Ster_L
indigo_aryl_alkyl,ln(kobs)_MeCN,5,kobs_MeCN|ln(kobs)_toluene|Ar_NBO_C1_x|Ster_L|Entry,0.9556720439696139,0.9082816130638826,0.11355392290026603,LOOCV,ln(kobs)_MeCN = -1.38 + 2.29*kobs_MeCN + 0.46*ln(kobs)_toluene + 0.45*Ar_NBO_C1_x + 0.01*Ster_L + 0.00*Entry
indigo_aryl_alkyl,ln(kobs)_MeCN,5,ln(kobs)_toluene|HOMO|Ar_v_C=O|Entry|Ar_I_C=O,0.954165119235821,0.908273695815762,0.11546791982011097,LOOCV,ln(kobs)_MeCN = 12.89 + 0.96*ln(kobs)_toluene + 3.21*HOMO - 0.01*Ar_v_C=O - 0.01*Entry + 0.00*Ar_I_C=O
indigo_aryl_alkyl,ln(kobs)_MeCN,5,kobs_MeCN|ln(kobs)_toluene|Ar_NBO_=O|polarizability|Energy_C1-O,0.9732853703298556,0.9082471459667105,0.08815315658456725,LOOCV,ln(kobs)_MeCN = -3.02 + 1.89*kobs_MeCN + 0.53*ln(kobs)_toluene - 5.40*Ar_NBO_=O + 0.00*polarizability + 0.96*Energy_C1-O
indigo_aryl_alkyl,ln(kobs)_MeCN,5,ln(kobs)_toluene|Ar_NBO_=O|HOMO|Ster_B5|Energy_C1-O,0.9639015379984772,0.9082360140902239,0.1024725723771512,LOOCV,ln(kobs)_MeCN = 1.66 + 0.90*ln(kobs)_toluene - 3.07*Ar_NBO_=O + 6.17*HOMO - 0.03*Ster_B5 + 0.75*Energy_C1-O
indigo_aryl_alkyl,ln(kobs)_MeCN,5,kobs_MeCN|ln(kobs)_toluene|LUMO|Ar_NBO_C1_x|Ster_B1,0.9667383858129364,0.9082160782273137,0.09836372113206067,LOOCV,ln(kobs)_MeCN = -6.65 + 1.48*kobs_MeCN + 0.58*ln(kobs)_toluene + 4.52*LUMO + 8.19*Ar_NBO_C1_x - 0.13*Ster_B1
indigo_aryl_alkyl,ln(kobs)_MeCN,4,ln(kobs)_toluene|Ar_NBO_C1_x|Entry|L_C1-C2,0.9438145043459869,0.9081072314775114,0.12784254192702255,LOOCV,ln(kobs)_MeCN = 20.27 + 0.95*ln(kobs)_toluene + 13.36*Ar_NBO_C1_x - 0.01*Entry - 20.31*L_C1-C2
indigo_aryl_alkyl,ln(kobs)_MeCN,4,kobs_MeCN|Ar_v_C=O|L_C1-C2|Occupancy_C1-O,0.949089616884299,0.9080850648498613,0.1216932449289325,LOOCV,ln(kobs)_MeCN = -65.25 + 3.27*kobs_MeCN - 0.04*Ar_v_C=O + 21.06*L_C1-C2 + 50.11*Occupancy_C1-O
indigo_aryl_alkyl,ln(kobs)_MeCN,5,ln(kobs)_toluene|HOMO|Ar_NBO_-O|Entry|Ar_I_C=O,0.9586379069070553,0.9080472126990834,0.10968937019400345,LOOCV,ln(kobs)_MeCN = -9.56 + 0.93*ln(kobs)_toluene + 3.06*HOMO - 15.81*Ar_NBO_-O - 0.01*Entry + 0.00*Ar_I_C=O
indigo_aryl_alkyl,ln(kobs)_MeCN,3,ln(kobs)_toluene|HOMO|Ster_L,0.942173070043538,0.907990267593032,0.1296965300881247,LOOCV,ln(kobs)_MeCN = 2.72 + 0.93*ln(kobs)_toluene + 5.54*HOMO - 0.03*Ster_L
indigo_aryl_alkyl,ln(kobs)_MeCN,4,kobs_MeCN|Ar_NBO_-O|Ster_B1|Energy_C1-O,0.9405918719869809,0.9079802969686296,0.1314577585202945,LOOCV,ln(kobs)_MeCN = -11.28 + 3.67*kobs_MeCN - 13.44*Ar_NBO_-O + 0.32*Ster_B1 + 1.09*Energy_C1-O
indigo_aryl_alkyl,ln(kobs)_MeCN,5,ln(kobs)_toluene|HOMO|LUMO|polarizability|Ster_B5,0.9588449626426635,0.9079785463659432,0.10941447709339455,LOOCV,ln(kobs)_MeCN = 3.42 + 0.87*ln(kobs)_toluene + 8.11*HOMO + 0.61*LUMO - 0.00*polarizability - 0.03*Ster_B5
indigo_aryl_alkyl,ln(kobs)_MeCN,5,kobs_MeCN|ln(kobs)_toluene|LUMO|Ar_NBO_C1_x|Occupancy_C1-O,0.9642797156480243,0.9079109496008976,0.1019343933803779,LOOCV,ln(kobs)_MeCN = -53.69 + 1.70*kobs_MeCN + 0.50*ln(kobs)_toluene + 4.43*LUMO + 8.85*Ar_NBO_C1_x + 23.08*Occupancy_C1-O
indigo_aryl_alkyl,ln(kobs)_MeCN,4,kobs_MeCN|Ar_NBO_-O|Ar_NBO_C1_x|Ster_B5,0.9433880733545864,0.9079095848370332,0.1283267680774181,LOOCV,ln(kobs)_MeCN = -16.68 + 3.55*kobs_MeCN - 18.31*Ar_NBO_-O + 1.66*Ar_NBO_C1_x + 0.03*Ster_B5
indigo_aryl_alkyl,ln(kobs)_MeCN,5,ln(kobs)_toluene|HOMO|LUMO|Ar_NBO_C1_x|Entry,0.9611377156613635,0.9079008404043839,0.10632305616094148,LOOCV,ln(kobs)_MeCN = -7.41 + 0.79*ln(kobs)_toluene + 4.35*HOMO + 5.45*LUMO + 11.78*Ar_NBO_C1_x - 0.01*Entry
indigo_aryl_alkyl,ln(kobs)_MeCN,5,ln(kobs)_toluene|HOMO|Ar_NBO_-O|Ar_I_C=O|Ster_B5,0.9591618736186918,0.9078783915097415,0.10899239438455255,LOOCV,ln(kobs)_MeCN = -2.81 + 0.86*ln(kobs)_toluene + 6.17*HOMO - 7.59*Ar_NBO_-O + 0.00*Ar_I_C=O - 0.04*Ster_B5
indigo_aryl_alkyl,ln(kobs)_MeCN,5,ln(kobs)_toluene|HOMO|Ar_NBO_-O|Ar_NBO_C1_x|Occupancy_C1-O,0.957136027197048,0.907858282880099,0.11166305340448225,LOOCV,ln(kobs)_MeCN = -155.90 + 0.82*ln(kobs)_toluene + 3.46*HOMO - 25.64*Ar_NBO_-O + 8.21*Ar_NBO_C1_x + 66.64*Occupancy_C1-O
indigo_aryl_alkyl,ln(kobs)_MeCN,5,kobs_MeCN|HOMO|Ar_NBO_C1_x|Ster_B1|Energy_C1-O,0.9538295986096195,0.9078421270052488,0.1158897735137732,LOOCV,ln(kobs)_MeCN = -1.88 + 3.27*kobs_MeCN + 4.82*HOMO + 2.67*Ar_NBO_C1_x + 0.48*Ster_B1 + 1.84*Energy_C1-O
indigo_aryl_alkyl,ln(kobs)_MeCN,4,ln(kobs)_toluene|Ar_v_C=O|Ar_NBO_-O|Ster_L,0.9484115093715252,0.9078300968796365,0.12250101856848242,LOOCV,ln(kobs)_MeCN = -23.60 + 0.97*ln(kobs)_toluene + 0.00*Ar_v_C=O - 34.07*Ar_NBO_-O - 0.03*Ster_L
indigo_aryl_alkyl,ln(kobs)_MeCN,3,kobs_MeCN|Ar_NBO_=O|Ar_NBO_C1_x,0.9426745772381604,0.9078081386250103,0.12913290530544402,LOOCV,ln(kobs)_MeCN = -10.77 + 3.41*kobs_MeCN - 12.19*Ar_NBO_=O + 1.35*Ar_NBO_C1_x
indigo_aryl_alkyl,ln(kobs)_MeCN,4,kobs_MeCN|Ar_NBO_=O|polarizability|Energy_C1-O,0.9461873334147578,0.9078034949228058,0.1251138952981057,LOOCV,ln(kobs)_MeCN = -5.37 + 3.64*kobs_MeCN - 5.84*Ar_NBO_=O + 0.00*polarizability + 0.67*Energy_C1-O
indigo_aryl_alkyl,ln(kobs)_MeCN,4,kobs_MeCN|Ar_NBO_=O|Ar_NBO_-O|Ar_NBO_C1_x,0.9443593405153184,0.9077711025245646,0.12722118118016665,LOOCV,ln(kobs)_MeCN = -4.36 + 3.35*kobs_MeCN - 19.57*Ar_NBO_=O + 16.06*Ar_NBO_-O + 1.88*Ar_NBO_C1_x
indigo_aryl_alkyl,ln(kobs)_MeCN,5,kobs_MeCN|ln(kobs)_toluene|Ar_v_C=O|LUMO|Ster_B1,0.9649266133096419,0.9077682827215732,0.10100715545035467,LOOCV,ln(kobs)_MeCN = 13.47 + 1.81*kobs_MeCN + 0.54*ln(kobs)_toluene - 0.01*Ar_v_C=O + 1.45*LUMO - 0.11*Ster_B1
indigo_aryl_alkyl,ln(kobs)_MeCN,4,ln(kobs)_toluene|Ar_NBO_-O|Entry|Ster_B1,0.9493545958461401,0.9077568962496605,0.12137613655080234,LOOCV,ln(kobs)_MeCN = -16.97 + 1.01*ln(kobs)_toluene - 26.04*Ar_NBO_-O - 0.00*Entry - 0.17*Ster_B1
indigo_aryl_alkyl,ln(kobs)_MeCN,4,ln(kobs)_toluene|Ar_NBO_-O|Ar_I_C=O|polarizability,0.9510623157843281,0.9077382205858241,0.11931223911720513,LOOCV,ln(kobs)_MeCN = -17.59 + 0.95*ln(kobs)_toluene - 25.89*Ar_NBO_-O + 0.00*Ar_I_C=O - 0.00*polarizability
indigo_aryl_alkyl,ln(kobs)_MeCN,4,ln(kobs)_toluene|Ar_NBO_=O|Entry|Ar_I_C=O,0.9515149645946672,0.9077371064234618,0.118759168327542,LOOCV,ln(kobs)_MeCN = -5.56 + 0.96*ln(kobs)_toluene - 10.00*Ar_NBO_=O - 0.01*Entry + 0.00*Ar_I_C=O
indigo_aryl_alkyl,ln(kobs)_MeCN,4,kobs_MeCN|ln(kobs)_toluene|Ar_NBO_C1_x|polarizability,0.9557999560043111,0.9076239580685161,0.11338996985588085,LOOCV,ln(kobs)_MeCN = -1.64 + 2.28*kobs_MeCN + 0.47*ln(kobs)_toluene + 0.80*Ar_NBO_C1_x + 0.00*polarizability
indigo_aryl_alkyl,ln(kobs)_MeCN,5,kobs_MeCN|ln(kobs)_toluene|kobs_toluene|LUMO|Energy_C1-O,0.9893867481268539,0.9075843324996722,0.05556323516005101,LOOCV,ln(kobs)_MeCN = 0.56 + 3.12*kobs_MeCN + 1.00*ln(kobs)_toluene - 8.03*kobs_toluene + 3.01*LUMO - 0.46*Energy_C1-O
indigo_aryl_alkyl,ln(kobs)_MeCN,5,kobs_MeCN|Ar_v_C=O|L_C1-C2|Ster_B1|Energy_C1-O,0.9542512826102579,0.9075797761528619,0.11535933673242615,LOOCV,ln(kobs)_MeCN = 31.00 + 3.22*kobs_MeCN - 0.03*Ar_v_C=O + 19.54*L_C1-C2 + 0.38*Ster_B1 + 1.48*Energy_C1-O
indigo_aryl_alkyl,ln(kobs)_MeCN,5,ln(kobs)_toluene|Entry|Ar_I_C=O|L_C1-C2|Ster_B1,0.95593284321096,0.9075667147345334,0.11321938836349141,LOOCV,ln(kobs)_MeCN = 12.78 + 1.10*ln(kobs)_toluene - 0.01*Entry + 0.00*Ar_I_C=O - 7.85*L_C1-C2 - 0.19*Ster_B1
indigo_aryl_alkyl,ln(kobs)_MeCN,4,kobs_MeCN|Ar_NBO_=O|Ar_NBO_C1_x|Ster_B5,0.9454595004023041,0.9075028645625696,0.12595715566224627,LOOCV,ln(kobs)_MeCN = -10.49 + 3.41*kobs_MeCN - 10.90*Ar_NBO_=O + 1.88*Ar_NBO_C1_x + 0.02*Ster_B5
indigo_aryl_alkyl,ln(kobs)_MeCN,3,kobs_MeCN|HOMO|Ster_L,0.9418616633748231,0.9074916656046058,0.13004527881107275,LOOCV,ln(kobs)_MeCN = -1.64 + 3.51*kobs_MeCN + 2.93*HOMO + 0.02*Ster_L
indigo_aryl_alkyl,ln(kobs)_MeCN,5,ln(kobs)_toluene|HOMO|LUMO|Ar_NBO_C1_x|Ar_I_C=O,0.958847881682774,0.9074880401177793,0.10941059675539287,LOOCV,ln(kobs)_MeCN = -10.84 + 0.74*ln(kobs)_toluene + 3.58*HOMO + 5.60*LUMO + 15.39*Ar_NBO_C1_x + 0.00*Ar_I_C=O
indigo_aryl_alkyl,ln(kobs)_MeCN,4,kobs_MeCN|ln(kobs)_toluene|Ar_NBO_-O|Energy_C1-O,0.9708193868191263,0.9074552973934398,0.09213199934346702,LOOCV,ln(kobs)_MeCN = -10.88 + 1.69*kobs_MeCN + 0.59*ln(kobs)_toluene - 15.71*Ar_NBO_-O + 0.61*Energy_C1-O
indigo_aryl_alkyl,ln(kobs)_MeCN,5,kobs_MeCN|ln(kobs)_toluene|Ar_NBO_=O|polarizability|Ster_B1,0.9683432696584259,0.9074339469854162,0.09596134301186698,LOOCV,ln(kobs)_MeCN = -7.03 + 1.75*kobs_MeCN + 0.52*ln(kobs)_toluene - 10.81*Ar_NBO_=O - 0.00*polarizability - 0.08*Ster_B1
indigo_aryl_alkyl,ln(kobs)_MeCN,4,kobs_MeCN|Ar_NBO_C1_x|polarizability|Energy_C1-O,0.9447579703729421,0.9074039268860343,0.12676463265685892,LOOCV,ln(kobs)_MeCN = -0.43 + 3.88*kobs_MeCN - 1.51*Ar_NBO_C1_x + 0.00*polarizability + 1.02*Energy_C1-O
indigo_aryl_alkyl,ln(kobs)_MeCN,5,ln(kobs)_toluene|HOMO|LUMO|Ster_L|Ster_B5,0.9570951405096472,0.9073703101265321,0.11171629676770038,LOOCV,ln(kobs)_MeCN = 3.31 + 0.87*ln(kobs)_toluene + 7.71*HOMO + 0.71*LUMO - 0.01*Ster_L - 0.04*Ster_B5
indigo_aryl_alkyl,ln(kobs)_MeCN,4,ln(kobs)_toluene|HOMO|Ar_NBO_-O|Occupancy_C1-O,0.9519651991098665,0.9073600763687273,0.11820648041148767,LOOCV,ln(kobs)_MeCN = -117.42 + 0.87*ln(kobs)_toluene + 2.73*HOMO - 27.63*Ar_NBO_-O + 49.91*Occupancy_C1-O
indigo_aryl_alkyl,ln(kobs)_MeCN,5,ln(kobs)_toluene|LUMO|Entry|Ar_I_C=O|Ster_B1,0.9577328072139791,0.9073387124389182,0.11088300609793078,LOOCV,ln(kobs)_MeCN = 1.16 + 1.06*ln(kobs)_toluene + 3.32*LUMO - 0.01*Entry + 0.00*Ar_I_C=O - 0.19*Ster_B1
indigo_aryl_alkyl,ln(kobs)_MeCN,5,ln(kobs)_toluene|HOMO|Ster_L|Ster_B5|Occupancy_C1-O,0.9576154634696002,0.9073170425677057,0.1110368181691745,LOOCV,ln(kobs)_MeCN = -45.94 + 0.88*ln(kobs)_toluene + 8.27*HOMO - 0.01*Ster_L - 0.05*Ster_B5 + 24.77*Occupancy_C1-O
indigo_aryl_alkyl,ln(kobs)_MeCN,4,kobs_MeCN|Ar_NBO_=O|Ster_B5|Energy_C1-O,0.9469155609070828,0.9072749238455274,0.1242644509952162,LOOCV,ln(kobs)_MeCN = -7.86 + 3.53*kobs_MeCN - 9.61*Ar_NBO_=O + 0.02*Ster_B5 + 0.38*Energy_C1-O
indigo_aryl_alkyl,ln(kobs)_MeCN,5,ln(kobs)_toluene|HOMO|LUMO|Entry|Occupancy_C1-O,0.953954265310138,0.907254981831094,0.11573320825674518,LOOCV,ln(kobs)_MeCN = -14.30 + 0.92*ln(kobs)_toluene + 4.60*HOMO + 3.51*LUMO - 0.01*Entry + 8.39*Occupancy_C1-O
indigo_aryl_alkyl,ln(kobs)_MeCN,5,ln(kobs)_toluene|HOMO|Ster_L|Ar_I_C=O|Ster_B5,0.9587172672721157,0.907250017102632,0.1095840906091289,LOOCV,ln(kobs)_MeCN = 2.94 + 0.88*ln(kobs)_toluene + 7.14*HOMO - 0.01*Ster_L + 0.00*Ar_I_C=O - 0.05*Ster_B5
indigo_aryl_alkyl,ln(kobs)_MeCN,4,kobs_MeCN|Ar_NBO_=O|Ar_NBO_-O|Ar_I_C=O,0.944093121785479,0.9071715381490748,0.1275251697214547,LOOCV,ln(kobs)_MeCN = -3.38 + 3.39*kobs_MeCN - 19.41*Ar_NBO_=O + 15.13*Ar_NBO_-O - 0.00*Ar_I_C=O
indigo_aryl_alkyl,ln(kobs)_MeCN,5,ln(kobs)_toluene|HOMO|LUMO|Ar_NBO_C1_x|Occupancy_C1-O,0.9594117629541308,0.9071694957837431,0.10865841934887013,LOOCV,ln(kobs)_MeCN = -62.27 + 0.73*ln(kobs)_toluene + 4.07*HOMO + 5.82*LUMO + 16.55*Ar_NBO_C1_x + 25.45*Occupancy_C1-O
indigo_aryl_alkyl,ln(kobs)_MeCN,5,ln(kobs)_toluene|HOMO|Ar_NBO_C1_x|L_C1-C2|Ster_B1,0.9620008234578562,0.9071612326348938,0.10513574142118962,LOOCV,ln(kobs)_MeCN = 10.82 + 0.84*ln(kobs)_toluene + 3.90*HOMO + 15.66*Ar_NBO_C1_x - 14.37*L_C1-C2 - 0.18*Ster_B1
indigo_aryl_alkyl,ln(kobs)_MeCN,4,ln(kobs)_toluene|Ar_NBO_=O|polarizability|Ster_B5,0.9508036478562871,0.9071317298851912,0.11962714546970658,LOOCV,ln(kobs)_MeCN = -11.52 + 0.88*ln(kobs)_toluene - 20.48*Ar_NBO_=O - 0.00*polarizability + 0.03*Ster_B5
indigo_aryl_alkyl,ln(kobs)_MeCN,5,kobs_MeCN|ln(kobs)_toluene|Ar_I_C=O|Ster_B1|Energy_C1-O,0.9707515242857031,0.9071137225671299,0.0922390683753606,LOOCV,ln(kobs)_MeCN = 0.36 + 1.80*kobs_MeCN + 0.60*ln(kobs)_toluene + 0.00*Ar_I_C=O + 0.21*Ster_B1 + 1.44*Energy_C1-O
indigo_aryl_alkyl,ln(kobs)_MeCN,4,kobs_MeCN|Ar_v_C=O|Ster_B5|Energy_C1-O,0.9443576821793112,0.907093130578734,0.1272230770409959,LOOCV,ln(kobs)_MeCN = 16.94 + 3.66*kobs_MeCN - 0.01*Ar_v_C=O + 0.03*Ster_B5 + 0.52*Energy_C1-O
indigo_aryl_alkyl,ln(kobs)_MeCN,4,kobs_MeCN|HOMO|Ar_NBO_-O|Energy_C1-O,0.942103359799844,0.9070649023995764,0.12977468099105793,LOOCV,ln(kobs)_MeCN = -7.77 + 3.47*kobs_MeCN + 3.11*HOMO - 9.36*Ar_NBO_-O + 0.18*Energy_C1-O
indigo_aryl_alkyl,ln(kobs)_MeCN,5,ln(kobs)_toluene|HOMO|Ar_v_C=O|Ar_NBO_-O|L_C1-C2,0.9542495644071131,0.9070546828417824,0.11536150301079892,LOOCV,ln(kobs)_MeCN = -54.98 + 0.95*ln(kobs)_toluene + 5.02*HOMO + 0.03*Ar_v_C=O - 33.21*Ar_NBO_-O - 16.58*L_C1-C2
indigo_aryl_alkyl,ln(kobs)_MeCN,4,ln(kobs)_toluene|Ar_v_C=O|Ar_NBO_C1_x|Occupancy_C1-O,0.944544360616139,0.9070401615644176,0.12700948278798901,LOOCV,ln(kobs)_MeCN = -87.60 + 0.80*ln(kobs)_toluene - 0.03*Ar_v_C=O + 15.33*Ar_NBO_C1_x + 61.46*Occupancy_C1-O
indigo_aryl_alkyl,ln(kobs)_MeCN,3,kobs_MeCN|Ar_NBO_=O|Ar_I_C=O,0.9425779075109759,0.9069850182000204,0.12924173995360938,LOOCV,ln(kobs)_MeCN = -9.84 + 3.44*kobs_MeCN - 12.50*Ar_NBO_=O - 0.00*Ar_I_C=O
indigo_aryl_alkyl,ln(kobs)_MeCN,3,ln(kobs)_toluene|Ar_v_C=O|Entry,0.9370407997892574,0.9069634570947902,0.13532962869126247,LOOCV,ln(kobs)_MeCN = 35.35 + 0.97*ln(kobs)_toluene - 0.02*Ar_v_C=O - 0.01*Entry
indigo_aryl_alkyl,ln(kobs)_MeCN,5,kobs_MeCN|ln(kobs)_toluene|Ar_NBO_C1_x|Entry|Ster_B5,0.9560581837445081,0.9069476907977961,0.11305825834249195,LOOCV,ln(kobs)_MeCN = -1.79 + 2.29*kobs_MeCN + 0.47*ln(kobs)_toluene + 1.00*Ar_NBO_C1_x - 0.00*Entry + 0.01*Ster_B5
indigo_aryl_alkyl,ln(kobs)_MeCN,4,kobs_MeCN|Ar_NBO_=O|HOMO|Ar_NBO_C1_x,0.9453579749604212,0.9069156696828385,0.12607433381852204,LOOCV,ln(kobs)_MeCN = -9.38 + 3.26*kobs_MeCN - 8.30*Ar_NBO_=O + 2.32*HOMO + 3.47*Ar_NBO_C1_x
indigo_aryl_alkyl,ln(kobs)_MeCN,5,ln(kobs)_toluene|kobs_toluene|HOMO|Ar_I_C=O|Ster_B5,0.9635939670989748,0.9068689646640218,0.1029081966245704,LOOCV,ln(kobs)_MeCN = 3.62 + 1.14*ln(kobs)_toluene - 2.63*kobs_toluene + 6.87*HOMO + 0.00*Ar_I_C=O - 0.05*Ster_B5
indigo_aryl_alkyl,ln(kobs)_MeCN,3,kobs_MeCN|Ar_NBO_-O|Ster_L,0.939375093974725,0.9068643903284389,0.13279717251164447,LOOCV,ln(kobs)_MeCN = -11.43 + 3.63*kobs_MeCN - 12.58*Ar_NBO_-O + 0.02*Ster_L
indigo_aryl_alkyl,ln(kobs)_MeCN,4,kobs_MeCN|Ar_NBO_=O|HOMO|Ar_I_C=O,0.9452966633509868,0.9067582508528613,0.12614504544748376,LOOCV,ln(kobs)_MeCN = -7.07 + 3.34*kobs_MeCN - 9.35*Ar_NBO_=O + 2.40*HOMO - 0.00*Ar_I_C=O
indigo_aryl_alkyl,ln(kobs)_MeCN,5,ln(kobs)_toluene|LUMO|Entry|Ar_I_C=O|L_C1-C2,0.9512920380603637,0.9067155443228628,0.11903187317221811,LOOCV,ln(kobs)_MeCN = 7.26 + 1.03*ln(kobs)_toluene + 2.77*LUMO - 0.01*Entry + 0.00*Ar_I_C=O - 4.39*L_C1-C2
indigo_aryl_alkyl,ln(kobs)_MeCN,3,ln(kobs)_toluene|HOMO|LUMO,0.9418346333897666,0.9066987075458135,0.1300755059699029,LOOCV,ln(kobs)_MeCN = 1.92 + 0.87*ln(kobs)_toluene + 3.81*HOMO + 3.14*LUMO
indigo_aryl_alkyl,ln(kobs)_MeCN,5,ln(kobs)_toluene|HOMO|Entry|Ar_I_C=O|Occupancy_C1-O,0.9542636885369329,0.9066981646643157,0.11534369436483588,LOOCV,ln(kobs)_MeCN = -58.16 + 0.99*ln(kobs)_toluene + 3.89*HOMO - 0.02*Entry + 0.00*Ar_I_C=O + 30.08*Occupancy_C1-O
indigo_aryl_alkyl,ln(kobs)_MeCN,5,ln(kobs)_toluene|HOMO|Ar_v_C=O|LUMO|Ster_B5,0.9572653918411927,0.90658255272835,0.11149442500000534,LOOCV,ln(kobs)_MeCN = -5.23 + 0.86*ln(kobs)_toluene + 8.19*HOMO + 0.00*Ar_v_C=O + 1.55*LUMO - 0.05*Ster_B5
indigo_aryl_alkyl,ln(kobs)_MeCN,5,kobs_MeCN|ln(kobs)_toluene|LUMO|Ster_L|polarizability,0.9612743316520387,0.9065585187657644,0.1061360082555933,LOOCV,ln(kobs)_MeCN = -0.94 + 2.05*kobs_MeCN + 0.45*ln(kobs)_toluene + 3.26*LUMO + 0.02*Ster_L - 0.00*polarizability
indigo_aryl_alkyl,ln(kobs)_MeCN,5,ln(kobs)_toluene|Ar_NBO_=O|Entry|Ar_I_C=O|Ster_B5,0.9542010462024116,0.9065520258603874,0.11542265707191027,LOOCV,ln(kobs)_MeCN = -5.71 + 0.96*ln(kobs)_toluene - 10.26*Ar_NBO_=O - 0.01*Entry + 0.00*Ar_I_C=O - 0.02*Ster_B5
indigo_aryl_alkyl,ln(kobs)_MeCN,5,ln(kobs)_toluene|kobs_toluene|LUMO|Ar_NBO_C1_x|Ar_I_C=O,0.9586045183345646,0.9064933490954264,0.10973363333957735,LOOCV,ln(kobs)_MeCN = -10.19 + 1.12*ln(kobs)_toluene - 3.09*kobs_toluene + 6.66*LUMO + 14.50*Ar_NBO_C1_x + 0.00*Ar_I_C=O
indigo_aryl_alkyl,ln(kobs)_MeCN,5,ln(kobs)_toluene|HOMO|Ar_v_C=O|LUMO|polarizability,0.9558895384154495,0.9064435697809089,0.1132750050503749,LOOCV,ln(kobs)_MeCN = 6.95 + 0.88*ln(kobs)_toluene + 7.20*HOMO - 0.00*Ar_v_C=O + 0.61*LUMO - 0.00*polarizability
indigo_aryl_alkyl,ln(kobs)_MeCN,3,ln(kobs)_toluene|Ar_NBO_-O|Occupancy_C1-O,0.9465306786873664,0.9064053268636671,0.12471411948686184,LOOCV,ln(kobs)_MeCN = -149.12 + 0.93*ln(kobs)_toluene - 35.09*Ar_NBO_-O + 62.81*Occupancy_C1-O
indigo_aryl_alkyl,ln(kobs)_MeCN,4,ln(kobs)_toluene|Ar_v_C=O|Ar_NBO_C1_x|polarizability,0.9457388561482846,0.9063538856167673,0.12563416606865693,LOOCV,ln(kobs)_MeCN = 36.52 + 0.83*ln(kobs)_toluene - 0.03*Ar_v_C=O + 12.94*Ar_NBO_C1_x - 0.00*polarizability
indigo_aryl_alkyl,ln(kobs)_MeCN,5,kobs_MeCN|ln(kobs)_toluene|Ar_I_C=O|L_C1-C2|Ster_B1,0.9633497774787969,0.9063024325827063,0.10325274276784448,LOOCV,ln(kobs)_MeCN = 5.22 + 1.80*kobs_MeCN + 0.60*ln(kobs)_toluene + 0.00*Ar_I_C=O - 3.84*L_C1-C2 - 0.13*Ster_B1
indigo_aryl_alkyl,ln(kobs)_MeCN,5,kobs_MeCN|ln(kobs)_toluene|LUMO|Entry|Occupancy_C1-O,0.9605986362032118,0.9062945617816173,0.10705794830702034,LOOCV,ln(kobs)_MeCN = -23.36 + 1.91*kobs_MeCN + 0.54*ln(kobs)_toluene + 2.88*LUMO - 0.00*Entry + 11.45*Occupancy_C1-O
indigo_aryl_alkyl,ln(kobs)_MeCN,5,kobs_MeCN|ln(kobs)_toluene|Ar_v_C=O|Ar_I_C=O|Ster_B1,0.9651514140458243,0.9062822989689213,0.10068293549221168,LOOCV,ln(kobs)_MeCN = 14.29 + 1.80*kobs_MeCN + 0.55*ln(kobs)_toluene - 0.01*Ar_v_C=O + 0.00*Ar_I_C=O - 0.12*Ster_B1
indigo_aryl_alkyl,ln(kobs)_MeCN,5,ln(kobs)_toluene|Ar_NBO_=O|HOMO|Entry|Ar_I_C=O,0.9551687787916769,0.9062698662560533,0.1141967051515695,LOOCV,ln(kobs)_MeCN = -2.26 + 0.94*ln(kobs)_toluene - 6.10*Ar_NBO_=O + 2.83*HOMO - 0.01*Entry + 0.00*Ar_I_C=O
indigo_aryl_alkyl,ln(kobs)_MeCN,4,ln(kobs)_toluene|LUMO|Ar_NBO_C1_x|Ar_I_C=O,0.9512469443215741,0.9062388928291596,0.11908696016652895,LOOCV,ln(kobs)_MeCN = -11.72 + 0.81*ln(kobs)_toluene + 6.28*LUMO + 15.08*Ar_NBO_C1_x + 0.00*Ar_I_C=O
indigo_aryl_alkyl,ln(kobs)_MeCN,5,kobs_MeCN|LUMO|polarizability|Occupancy_C1-O|Energy_C1-O,0.9521587760451032,0.9062321547891073,0.11796805798007672,LOOCV,ln(kobs)_MeCN = -117.76 + 3.81*kobs_MeCN + 1.61*LUMO + 0.00*polarizability + 58.39*Occupancy_C1-O + 1.27*Energy_C1-O
indigo_aryl_alkyl,ln(kobs)_MeCN,5,ln(kobs)_toluene|Ar_NBO_=O|HOMO|Ar_NBO_-O|Entry,0.9572954609327917,0.9062153757173307,0.11145519302665563,LOOCV,ln(kobs)_MeCN = -15.55 + 0.94*ln(kobs)_toluene + 11.99*Ar_NBO_=O + 5.28*HOMO - 36.05*Ar_NBO_-O - 0.01*Entry
indigo_aryl_alkyl,ln(kobs)_MeCN,5,ln(kobs)_toluene|HOMO|Entry|polarizability|Energy_C1-O,0.9645655938039996,0.9061713846242053,0.10152567104381216,LOOCV,ln(kobs)_MeCN = 3.86 + 0.96*ln(kobs)_toluene + 7.00*HOMO - 0.01*Entry - 0.00*polarizability + 0.62*Energy_C1-O
indigo_aryl_alkyl,ln(kobs)_MeCN,4,ln(kobs)_toluene|HOMO|Ar_NBO_-O|Ar_NBO_C1_x,0.9514977919824706,0.9061633319281408,0.11878019775008819,LOOCV,ln(kobs)_MeCN = -16.60 + 0.82*ln(kobs)_toluene + 3.81*HOMO - 19.23*Ar_NBO_-O + 5.96*Ar_NBO_C1_x
indigo_aryl_alkyl,ln(kobs)_MeCN,5,ln(kobs)_toluene|kobs_toluene|HOMO|Ar_I_C=O|polarizability,0.9605615035397478,0.9060907936756857,0.10710838324392864,LOOCV,ln(kobs)_MeCN = 3.64 + 1.13*ln(kobs)_toluene - 2.29*kobs_toluene + 6.82*HOMO + 0.00*Ar_I_C=O - 0.00*polarizability
indigo_aryl_alkyl,ln(kobs)_MeCN,4,kobs_MeCN|Ar_NBO_=O|Ar_I_C=O|Ster_B5,0.9458610947619877,0.9060706966665858,0.12549257298607785,LOOCV,ln(kobs)_MeCN = -9.38 + 3.47*kobs_MeCN - 11.73*Ar_NBO_=O - 0.00*Ar_I_C=O + 0.02*Ster_B5
indigo_aryl_alkyl,ln(kobs)_MeCN,4,kobs_MeCN|HOMO|Ar_NBO_-O|Ster_L,0.9436669328842221,0.9060510986169629,0.1280103213419754,LOOCV,ln(kobs)_MeCN = -7.91 + 3.44*kobs_MeCN + 2.48*HOMO - 8.81*Ar_NBO_-O + 0.02*Ster_L
indigo_aryl_alkyl,ln(kobs)_MeCN,5,ln(kobs)_toluene|Ar_v_C=O|LUMO|Entry|Ar_I_C=O,0.9521395802547982,0.9060343903876373,0.11799172233072797,LOOCV,ln(kobs)_MeCN = 13.99 + 0.99*ln(kobs)_toluene - 0.01*Ar_v_C=O + 2.63*LUMO - 0.01*Entry + 0.00*Ar_I_C=O
indigo_aryl_alkyl,ln(kobs)_MeCN,4,kobs_MeCN|Ar_v_C=O|Ar_NBO_-O|L_C1-C2,0.9454037176773916,0.9059746386109799,0.1260215521911465,LOOCV,ln(kobs)_MeCN = 25.87 + 3.28*kobs_MeCN - 0.03*Ar_v_C=O - 3.10*Ar_NBO_-O + 17.17*L_C1-C2
indigo_aryl_alkyl,ln(kobs)_MeCN,4,kobs_MeCN|Ar_NBO_=O|Ster_L|Energy_C1-O,0.9456736316905155,0.9059674403571389,0.1257096524916886,LOOCV,ln(kobs)_MeCN = -7.10 + 3.51*kobs_MeCN - 8.17*Ar_NBO_=O + 0.02*Ster_L + 0.38*Energy_C1-O
indigo_aryl_alkyl,ln(kobs)_MeCN,5,ln(kobs)_toluene|HOMO|Ar_NBO_C1_x|Ster_L|Occupancy_C1-O,0.957738501099024,0.905903206400955,0.11087553722771858,LOOCV,ln(kobs)_MeCN = -9.07 + 0.85*ln(kobs)_toluene + 7.05*HOMO + 14.63*Ar_NBO_C1_x - 0.05*Ster_L + 0.24*Occupancy_C1-O
indigo_aryl_alkyl,ln(kobs)_MeCN,5,ln(kobs)_toluene|Entry|Ar_I_C=O|Ster_B1|Ster_B5,0.952048990466199,0.9058758946497701,0.11810333639598262,LOOCV,ln(kobs)_MeCN = 0.98 + 1.11*ln(kobs)_toluene - 0.01*Entry + 0.00*Ar_I_C=O - 0.19*Ster_B1 - 0.01*Ster_B5
indigo_aryl_alkyl,ln(kobs)_MeCN,4,kobs_MeCN|ln(kobs)_toluene|Ar_NBO_C1_x|Ster_B1,0.958467203793546,0.9058147247269419,0.10991548348230942,LOOCV,ln(kobs)_MeCN = -1.40 + 2.05*kobs_MeCN + 0.56*ln(kobs)_toluene + 1.17*Ar_NBO_C1_x - 0.12*Ster_B1
indigo_aryl_alkyl,ln(kobs)_MeCN,4,ln(kobs)_toluene|Entry|Ar_I_C=O|Energy_C1-O,0.9548995818097199,0.9057720463516998,0.11453904914231754,LOOCV,ln(kobs)_MeCN = 1.58 + 1.09*ln(kobs)_toluene - 0.01*Entry + 0.00*Ar_I_C=O + 0.90*Energy_C1-O
indigo_aryl_alkyl,ln(kobs)_MeCN,5,ln(kobs)_toluene|Ar_NBO_-O|Ar_NBO_C1_x|Ster_L|Ster_B1,0.9519779968107677,0.9057510698249684,0.11819073274597731,LOOCV,ln(kobs)_MeCN = -25.10 + 0.96*ln(kobs)_toluene - 31.30*Ar_NBO_-O + 5.44*Ar_NBO_C1_x - 0.03*Ster_L - 0.07*Ster_B1
indigo_aryl_alkyl,ln(kobs)_MeCN,5,ln(kobs)_toluene|HOMO|Ar_v_C=O|Ar_NBO_C1_x|L_C1-C2,0.9581764622916218,0.9057495805255823,0.11029953251746558,LOOCV,ln(kobs)_MeCN = -8.23 + 0.84*ln(kobs)_toluene + 5.77*HOMO + 0.02*Ar_v_C=O + 19.21*Ar_NBO_C1_x - 28.79*L_C1-C2
indigo_aryl_alkyl,ln(kobs)_MeCN,4,kobs_MeCN|Ar_v_C=O|Ar_NBO_C1_x|Ster_B5,0.9451484058579458,0.9056805221850213,0.12631586952272383,LOOCV,ln(kobs)_MeCN = 20.92 + 3.30*kobs_MeCN - 0.02*Ar_v_C=O + 7.72*Ar_NBO_C1_x + 0.02*Ster_B5
indigo_aryl_alkyl,ln(kobs)_MeCN,5,kobs_MeCN|ln(kobs)_toluene|LUMO|Ar_I_C=O|polarizability,0.9612999153655574,0.9056257785568229,0.1061009436335892,LOOCV,ln(kobs)_MeCN = -0.85 + 1.93*kobs_MeCN + 0.51*ln(kobs)_toluene + 2.09*LUMO + 0.00*Ar_I_C=O + 0.00*polarizability
indigo_aryl_alkyl,ln(kobs)_MeCN,4,ln(kobs)_toluene|Ar_NBO_-O|Ster_L|Ar_I_C=O,0.9518905102562761,0.9056197783421205,0.11829834378026415,LOOCV,ln(kobs)_MeCN = -19.72 + 0.96*ln(kobs)_toluene - 29.32*Ar_NBO_-O - 0.03*Ster_L + 0.00*Ar_I_C=O
indigo_aryl_alkyl,ln(kobs)_MeCN,4,kobs_MeCN|HOMO|Ar_I_C=O|Ster_B5,0.9395031888685986,0.905614781264137,0.13265680417276282,LOOCV,ln(kobs)_MeCN = -1.10 + 3.56*kobs_MeCN + 3.82*HOMO - 0.00*Ar_I_C=O + 0.00*Ster_B5
indigo_aryl_alkyl,ln(kobs)_MeCN,4,ln(kobs)_toluene|kobs_toluene|LUMO|Entry,0.9469636132680607,0.9055939024349624,0.12420819578877768,LOOCV,ln(kobs)_MeCN = 2.39 + 1.33*ln(kobs)_toluene - 3.38*kobs_toluene + 6.05*LUMO - 0.01*Entry
indigo_aryl_alkyl,ln(kobs)_MeCN,4,kobs_MeCN|HOMO|LUMO|Ar_NBO_C1_x,0.9442288652543405,0.9055738558138535,0.12737025828697685,LOOCV,ln(kobs)_MeCN = -8.53 + 3.10*kobs_MeCN + 3.68*HOMO + 2.91*LUMO + 9.35*Ar_NBO_C1_x
indigo_aryl_alkyl,ln(kobs)_MeCN,5,ln(kobs)_toluene|Ar_v_C=O|Ar_NBO_C1_x|Entry|Ar_I_C=O,0.951818563514645,0.9055578136452613,0.11838676709055586,LOOCV,ln(kobs)_MeCN = 22.07 + 0.92*ln(kobs)_toluene - 0.01*Ar_v_C=O + 6.74*Ar_NBO_C1_x - 0.01*Entry + 0.00*Ar_I_C=O
indigo_aryl_alkyl,ln(kobs)_MeCN,5,ln(kobs)_toluene|Ar_NBO_=O|Entry|polarizability|Ster_B5,0.9526933723368831,0.9054917889592807,0.11730709603814972,LOOCV,ln(kobs)_MeCN = -11.22 + 0.91*ln(kobs)_toluene - 20.16*Ar_NBO_=O - 0.00*Entry - 0.00*polarizability + 0.03*Ster_B5
indigo_aryl_alkyl,ln(kobs)_MeCN,3,kobs_MeCN|Ar_NBO_=O|Ster_L,0.9440744951504321,0.9054878856715368,0.127546411892838,LOOCV,ln(kobs)_MeCN = -8.68 + 3.44*kobs_MeCN - 10.31*Ar_NBO_=O + 0.01*Ster_L
indigo_aryl_alkyl,ln(kobs)_MeCN,5,kobs_MeCN|ln(kobs)_toluene|Ar_NBO_-O|LUMO|Energy_C1-O,0.9716717004070929,0.9054642197044518,0.09077652266483337,LOOCV,ln(kobs)_MeCN = -8.72 + 1.62*kobs_MeCN + 0.60*ln(kobs)_toluene - 12.78*Ar_NBO_-O + 1.32*LUMO + 0.63*Energy_C1-O
indigo_aryl_alkyl,ln(kobs)_MeCN,5,ln(kobs)_toluene|HOMO|polarizability|Ster_B1|Energy_C1-O,0.9671210162539037,0.9054031366838491,0.09779631298411358,LOOCV,ln(kobs)_MeCN = 4.42 + 0.87*ln(kobs)_toluene + 7.73*HOMO - 0.00*polarizability + 0.38*Ster_B1 + 1.81*Energy_C1-O
indigo_aryl_alkyl,ln(kobs)_MeCN,5,ln(kobs)_toluene|HOMO|Ar_v_C=O|Ar_NBO_C1_x|Entry,0.9519475795861795,0.9053446161138629,0.11822815793368699,LOOCV,ln(kobs)_MeCN = 17.37 + 0.84*ln(kobs)_toluene + 4.28*HOMO - 0.01*Ar_v_C=O + 7.23*Ar_NBO_C1_x - 0.01*Entry
indigo_aryl_alkyl,ln(kobs)_MeCN,4,ln(kobs)_toluene|Ar_NBO_-O|Entry|Occupancy_C1-O,0.9509234641764115,0.9053427124326773,0.11948138240544912,LOOCV,ln(kobs)_MeCN = -168.56 + 0.98*ln(kobs)_toluene - 35.18*Ar_NBO_-O - 0.01*Entry + 72.63*Occupancy_C1-O
indigo_aryl_alkyl,ln(kobs)_MeCN,4,ln(kobs)_toluene|Entry|Ar_I_C=O|Occupancy_C1-O,0.9449460540482316,0.9053326119141678,0.1265486495826368,LOOCV,ln(kobs)_MeCN = -68.26 + 1.08*ln(kobs)_toluene - 0.02*Entry + 0.00*Ar_I_C=O + 34.50*Occupancy_C1-O
indigo_aryl_alkyl,ln(kobs)_MeCN,5,ln(kobs)_toluene|Ar_NBO_-O|Ar_I_C=O|Occupancy_C1-O|Energy_C1-O,0.9639433399524594,0.9053125797697554,0.10241322366362193,LOOCV,ln(kobs)_MeCN = -172.25 + 1.00*ln(kobs)_toluene - 24.65*Ar_NBO_-O + 0.00*Ar_I_C=O + 78.57*Occupancy_C1-O + 1.02*Energy_C1-O
indigo_aryl_alkyl,ln(kobs)_MeCN,5,ln(kobs)_toluene|Ar_NBO_-O|Ar_NBO_C1_x|Ster_L|Entry,0.9518654178011545,0.9051905159365817,0.11832919017816405,LOOCV,ln(kobs)_MeCN = -25.50 + 0.97*ln(kobs)_toluene - 32.93*Ar_NBO_-O + 4.48*Ar_NBO_C1_x - 0.04*Ster_L - 0.00*Entry
indigo_aryl_alkyl,ln(kobs)_MeCN,5,ln(kobs)_toluene|kobs_toluene|HOMO|polarizability|L_C1-C2,0.9591318843288842,0.9051844271132565,0.10903240607143277,LOOCV,ln(kobs)_MeCN = 5.78 + 1.12*ln(kobs)_toluene - 2.19*kobs_toluene + 7.55*HOMO - 0.00*polarizability - 1.19*L_C1-C2
indigo_aryl_alkyl,ln(kobs)_MeCN,4,kobs_MeCN|Ar_NBO_-O|L_C1-C2|Ster_B5,0.9431926332209457,0.9051424510955502,0.12854808709544216,LOOCV,ln(kobs)_MeCN = -17.25 + 3.58*kobs_MeCN - 19.22*Ar_NBO_-O + 0.85*L_C1-C2 + 0.03*Ster_B5
indigo_aryl_alkyl,ln(kobs)_MeCN,5,kobs_MeCN|ln(kobs)_toluene|Entry|L_C1-C2|Occupancy_C1-O,0.9601797817059606,0.9050621168458957,0.10762548145951269,LOOCV,ln(kobs)_MeCN = -32.03 + 1.96*kobs_MeCN + 0.57*ln(kobs)_toluene - 0.00*Entry - 7.53*L_C1-C2 + 21.37*Occupancy_C1-O
indigo_aryl_alkyl,ln(kobs)_MeCN,5,kobs_MeCN|ln(kobs)_toluene|Ar_v_C=O|LUMO|polarizability,0.9624156506238493,0.9050393687970723,0.10456029679050476,LOOCV,ln(kobs)_MeCN = 14.21 + 1.97*kobs_MeCN + 0.47*ln(kobs)_toluene - 0.01*Ar_v_C=O + 1.34*LUMO + 0.00*polarizability
indigo_aryl_alkyl,ln(kobs)_MeCN,5,ln(kobs)_toluene|kobs_toluene|HOMO|Entry|L_C1-C2,0.9584510687441229,0.9049512967284158,0.10993683190702559,LOOCV,ln(kobs)_MeCN = 18.02 + 1.24*ln(kobs)_toluene - 2.77*kobs_toluene + 4.65*HOMO - 0.01*Entry - 9.88*L_C1-C2
indigo_aryl_alkyl,ln(kobs)_MeCN,4,ln(kobs)_toluene|Ar_NBO_=O|Ar_I_C=O|polarizability,0.9537504518812362,0.9049113187612668,0.1159890618961321,LOOCV,ln(kobs)_MeCN = -9.00 + 0.90*ln(kobs)_toluene - 15.81*Ar_NBO_=O + 0.00*Ar_I_C=O - 0.00*polarizability
indigo_aryl_alkyl,ln(kobs)_MeCN,4,ln(kobs)_toluene|Entry|Ar_I_C=O|polarizability,0.9454492535128358,0.9049011953923438,0.12596898731437042,LOOCV,ln(kobs)_MeCN = 0.58 + 1.08*ln(kobs)_toluene - 0.01*Entry + 0.00*Ar_I_C=O - 0.00*polarizability
indigo_aryl_alkyl,ln(kobs)_MeCN,5,ln(kobs)_toluene|kobs_toluene|HOMO|Ar_NBO_-O|Entry,0.9578446423779003,0.9048788608918384,0.11073621573945507,LOOCV,ln(kobs)_MeCN = -8.95 + 1.09*ln(kobs)_toluene - 1.84*kobs_toluene + 4.26*HOMO - 16.69*Ar_NBO_-O - 0.01*Entry
indigo_aryl_alkyl,ln(kobs)_MeCN,5,ln(kobs)_toluene|Ar_NBO_-O|Entry|Ar_I_C=O|Ster_B5,0.9536807767440473,0.9048635015546355,0.1160763980182731,LOOCV,ln(kobs)_MeCN = -12.82 + 0.99*ln(kobs)_toluene - 19.03*Ar_NBO_-O - 0.01*Entry + 0.00*Ar_I_C=O - 0.01*Ster_B5
indigo_aryl_alkyl,ln(kobs)_MeCN,5,ln(kobs)_toluene|Ar_v_C=O|Ar_NBO_-O|Ster_L|Entry,0.9509884286213256,0.9048456108925682,0.11940227523149133,LOOCV,ln(kobs)_MeCN = -13.65 + 0.99*ln(kobs)_toluene - 0.00*Ar_v_C=O - 29.67*Ar_NBO_-O - 0.03*Ster_L - 0.01*Entry
indigo_aryl_alkyl,ln(kobs)_MeCN,3,kobs_MeCN|Ar_NBO_-O|Ar_I_C=O,0.9352570883847123,0.9048135902713759,0.1372332669855649,LOOCV,ln(kobs)_MeCN = -13.87 + 3.68*kobs_MeCN - 16.28*Ar_NBO_-O + 0.00*Ar_I_C=O
indigo_aryl_alkyl,ln(kobs)_MeCN,3,ln(kobs)_toluene|HOMO|Ar_NBO_C1_x,0.9425809512268898,0.9047800094694771,0.1292383146138443,LOOCV,ln(kobs)_MeCN = -4.70 + 0.83*ln(kobs)_toluene + 5.50*HOMO + 8.60*Ar_NBO_C1_x
indigo_aryl_alkyl,ln(kobs)_MeCN,3,ln(kobs)_toluene|Ar_NBO_=O|polarizability,0.9479599064976137,0.9047663930931011,0.12303603391173934,LOOCV,ln(kobs)_MeCN = -10.42 + 0.89*ln(kobs)_toluene - 18.67*Ar_NBO_=O - 0.00*polarizability
indigo_aryl_alkyl,ln(kobs)_MeCN,3,kobs_MeCN|Ar_NBO_-O|Ar_NBO_C1_x,0.93529261295138,0.9047645979844959,0.13719561173377423,LOOCV,ln(kobs)_MeCN = -14.74 + 3.67*kobs_MeCN - 16.53*Ar_NBO_-O + 0.90*Ar_NBO_C1_x
indigo_aryl_alkyl,ln(kobs)_MeCN,5,kobs_MeCN|ln(kobs)_toluene|Entry|Ster_B5|Occupancy_C1-O,0.9564844874506858,0.904761266187498,0.11250850157394537,LOOCV,ln(kobs)_MeCN = -36.01 + 2.30*kobs_MeCN + 0.48*ln(kobs)_toluene - 0.00*Entry + 0.01*Ster_B5 + 17.58*Occupancy_C1-O
indigo_aryl_alkyl,ln(kobs)_MeCN,3,kobs_MeCN|Ar_NBO_-O|Energy_C1-O,0.9352374553031308,0.9047416562532069,0.13725407318372465,LOOCV,ln(kobs)_MeCN = -13.92 + 3.69*kobs_MeCN - 16.44*Ar_NBO_-O + 0.03*Energy_C1-O
indigo_aryl_alkyl,ln(kobs)_MeCN,5,kobs_MeCN|ln(kobs)_toluene|Ar_NBO_C1_x|Ster_B5|Occupancy_C1-O,0.9567099953953485,0.9046946049260916,0.11221659972902823,LOOCV,ln(kobs)_MeCN = -45.35 + 2.30*kobs_MeCN + 0.47*ln(kobs)_toluene + 2.13*Ar_NBO_C1_x + 0.01*Ster_B5 + 21.38*Occupancy_C1-O
indigo_aryl_alkyl,ln(kobs)_MeCN,5,ln(kobs)_toluene|Ar_NBO_=O|HOMO|LUMO|Ster_B5,0.957855749460904,0.904685744027057,0.11072162640328367,LOOCV,ln(kobs)_MeCN = 0.03 + 0.84*ln(kobs)_toluene - 4.58*Ar_NBO_=O + 6.51*HOMO + 0.65*LUMO - 0.04*Ster_B5
indigo_aryl_alkyl,ln(kobs)_MeCN,4,ln(kobs)_toluene|Ar_v_C=O|Ar_NBO_C1_x|Ar_I_C=O,0.9451710462028632,0.9046310644407863,0.12628979799222456,LOOCV,ln(kobs)_MeCN = 21.84 + 0.82*ln(kobs)_toluene - 0.02*Ar_v_C=O + 12.05*Ar_NBO_C1_x + 0.00*Ar_I_C=O
indigo_aryl_alkyl,ln(kobs)_MeCN,4,kobs_MeCN|HOMO|Ar_v_C=O|L_C1-C2,0.9461451972822876,0.904604542280002,0.1251628687501438,LOOCV,ln(kobs)_MeCN = 24.67 + 3.25*kobs_MeCN + 1.34*HOMO - 0.03*Ar_v_C=O + 15.43*L_C1-C2
indigo_aryl_alkyl,ln(kobs)_MeCN,5,ln(kobs)_toluene|Ar_NBO_=O|HOMO|Entry|Occupancy_C1-O,0.9531774850089066,0.9046006534035396,0.11670532105914055,LOOCV,ln(kobs)_MeCN = -95.58 + 0.90*ln(kobs)_toluene - 10.68*Ar_NBO_=O + 3.44*HOMO - 0.01*Entry + 45.64*Occupancy_C1-O
indigo_aryl_alkyl,ln(kobs)_MeCN,3,kobs_MeCN|LUMO|Ster_L,0.9422465780994282,0.9045172957033953,0.12961407048430346,LOOCV,ln(kobs)_MeCN = -2.56 + 3.49*kobs_MeCN + 3.45*LUMO + 0.04*Ster_L
indigo_aryl_alkyl,ln(kobs)_MeCN,5,kobs_MeCN|ln(kobs)_toluene|polarizability|L_C1-C2|Ster_B5,0.9591988390287574,0.9044768290849563,0.10894305494317338,LOOCV,ln(kobs)_MeCN = 8.15 + 2.16*kobs_MeCN + 0.49*ln(kobs)_toluene - 0.00*polarizability - 6.11*L_C1-C2 + 0.01*Ster_B5
indigo_aryl_alkyl,ln(kobs)_MeCN,5,ln(kobs)_toluene|Ar_NBO_-O|Entry|Ster_B1|Occupancy_C1-O,0.9577607164474083,0.9044614991874707,0.11084639175806156,LOOCV,ln(kobs)_MeCN = -177.74 + 1.03*ln(kobs)_toluene - 32.77*Ar_NBO_-O - 0.01*Entry - 0.18*Ster_B1 + 78.31*Occupancy_C1-O
indigo_aryl_alkyl,ln(kobs)_MeCN,5,kobs_MeCN|ln(kobs)_toluene|LUMO|Entry|polarizability,0.9610812894490272,0.904432390950298,0.10640021620583257,LOOCV,ln(kobs)_MeCN = -0.63 + 1.93*kobs_MeCN + 0.52*ln(kobs)_toluene + 3.09*LUMO - 0.00*Entry + 0.00*polarizability
indigo_aryl_alkyl,ln(kobs)_MeCN,5,ln(kobs)_toluene|Ar_NBO_=O|Entry|Ar_I_C=O|Occupancy_C1-O,0.9570787649418848,0.9044146742274213,0.11173761420450931,LOOCV,ln(kobs)_MeCN = -131.13 + 0.96*ln(kobs)_toluene - 12.56*Ar_NBO_=O - 0.01*Entry + 0.00*Ar_I_C=O + 62.21*Occupancy_C1-O
indigo_aryl_alkyl,ln(kobs)_MeCN,5,ln(kobs)_toluene|Ar_v_C=O|Ster_L|Entry|Ar_I_C=O,0.9518215598364307,0.9044044979153365,0.11838308589723381,LOOCV,ln(kobs)_MeCN = 23.06 + 1.03*ln(kobs)_toluene - 0.01*Ar_v_C=O - 0.02*Ster_L - 0.01*Entry + 0.00*Ar_I_C=O
indigo_aryl_alkyl,ln(kobs)_MeCN,4,kobs_MeCN|HOMO|Ster_L|polarizability,0.94448564207583,0.9043567782415233,0.12707670623368736,LOOCV,ln(kobs)_MeCN = -1.12 + 3.32*kobs_MeCN + 4.64*HOMO + 0.05*Ster_L - 0.00*polarizability
indigo_aryl_alkyl,ln(kobs)_MeCN,5,kobs_MeCN|HOMO|LUMO|Ster_B1|Energy_C1-O,0.9532646576190335,0.904336524472067,0.11659663139304383,LOOCV,ln(kobs)_MeCN = 0.22 + 3.35*kobs_MeCN + 4.60*HOMO + 0.02*LUMO + 0.50*Ster_B1 + 1.92*Energy_C1-O
indigo_aryl_alkyl,ln(kobs)_MeCN,5,kobs_MeCN|LUMO|Ster_B1|Ster_B5|Energy_C1-O,0.9525053918457775,0.9043179923392448,0.11753993426597077,LOOCV,ln(kobs)_MeCN = -1.10 + 3.70*kobs_MeCN + 1.68*LUMO + 0.46*Ster_B1 + 0.04*Ster_B5 + 2.14*Energy_C1-O
indigo_aryl_alkyl,ln(kobs)_MeCN,4,kobs_MeCN|kobs_toluene|Ar_v_C=O|L_C1-C2,0.9457314914707777,0.904309772458648,0.12564269172493675,LOOCV,ln(kobs)_MeCN = 31.31 + 3.50*kobs_MeCN - 0.63*kobs_toluene - 0.03*Ar_v_C=O + 18.36*L_C1-C2
indigo_aryl_alkyl,ln(kobs)_MeCN,5,kobs_MeCN|ln(kobs)_toluene|Ar_NBO_-O|LUMO|L_C1-C2,0.9662682137561571,0.9042735684371991,0.09905649543282494,LOOCV,ln(kobs)_MeCN = -12.98 + 1.80*kobs_MeCN + 0.51*ln(kobs)_toluene - 17.11*Ar_NBO_-O + 1.09*LUMO + 0.21*L_C1-C2
indigo_aryl_alkyl,ln(kobs)_MeCN,5,ln(kobs)_toluene|Ar_NBO_-O|Ar_NBO_C1_x|Ster_L|Occupancy_C1-O,0.9560034402010161,0.9042694830945768,0.1131286614772646,LOOCV,ln(kobs)_MeCN = -153.27 + 0.94*ln(kobs)_toluene - 37.63*Ar_NBO_-O + 7.90*Ar_NBO_C1_x - 0.03*Ster_L + 60.97*Occupancy_C1-O
indigo_aryl_alkyl,ln(kobs)_MeCN,5,ln(kobs)_toluene|Ar_v_C=O|Ar_NBO_-O|Entry|Ar_I_C=O,0.9535349233816065,0.9042606701438738,0.11625900930785894,LOOCV,ln(kobs)_MeCN = -6.75 + 0.98*ln(kobs)_toluene - 0.00*Ar_v_C=O - 17.68*Ar_NBO_-O - 0.01*Entry + 0.00*Ar_I_C=O
indigo_aryl_alkyl,ln(kobs)_MeCN,5,ln(kobs)_toluene|LUMO|Ar_NBO_C1_x|Ar_I_C=O|Ster_B1,0.9593119735552359,0.9042589288860021,0.10879191001947205,LOOCV,ln(kobs)_MeCN = -10.61 + 0.87*ln(kobs)_toluene + 5.84*LUMO + 14.30*Ar_NBO_C1_x + 0.00*Ar_I_C=O - 0.20*Ster_B1
indigo_aryl_alkyl,ln(kobs)_MeCN,5,ln(kobs)_toluene|HOMO|Ar_NBO_-O|Ar_NBO_C1_x|Entry,0.9556161288552176,0.9042133841999244,0.11362551857203002,LOOCV,ln(kobs)_MeCN = -12.52 + 0.88*ln(kobs)_toluene + 4.23*HOMO - 18.17*Ar_NBO_-O + 2.26*Ar_NBO_C1_x - 0.01*Entry
indigo_aryl_alkyl,ln(kobs)_MeCN,3,kobs_MeCN|Ar_v_C=O|Ster_L,0.9422923151567465,0.9042055408580748,0.12956273724616793,LOOCV,ln(kobs)_MeCN = 18.42 + 3.51*kobs_MeCN - 0.01*Ar_v_C=O + 0.02*Ster_L
indigo_aryl_alkyl,ln(kobs)_MeCN,4,kobs_MeCN|Ar_NBO_=O|HOMO|Ar_NBO_-O,0.9450453757885593,0.9041832718572529,0.12643444608731544,LOOCV,ln(kobs)_MeCN = -3.38 + 3.34*kobs_MeCN - 14.67*Ar_NBO_=O + 1.41*HOMO + 10.47*Ar_NBO_-O
indigo_aryl_alkyl,ln(kobs)_MeCN,3,kobs_MeCN|Ar_NBO_-O|Entry,0.9412080353660366,0.9041369840074571,0.1307742613185494,LOOCV,ln(kobs)_MeCN = -14.18 + 3.55*kobs_MeCN - 16.69*Ar_NBO_-O + 0.01*Entry
indigo_aryl_alkyl,ln(kobs)_MeCN,5,ln(kobs)_toluene|Ar_v_C=O|Ar_NBO_-O|polarizability|Ster_B5,0.9553068330256067,0.9041282547816256,0.11402073967509267,LOOCV,ln(kobs)_MeCN = -37.78 + 0.94*ln(kobs)_toluene + 0.00*Ar_v_C=O - 46.48*Ar_NBO_-O - 0.00*polarizability + 0.07*Ster_B5
indigo_aryl_alkyl,ln(kobs)_MeCN,5,ln(kobs)_toluene|Ar_NBO_-O|Ster_L|Entry|Occupancy_C1-O,0.9547405185370115,0.9040933457337628,0.114740853482909,LOOCV,ln(kobs)_MeCN = -137.21 + 1.00*ln(kobs)_toluene - 36.98*Ar_NBO_-O - 0.02*Ster_L - 0.01*Entry + 56.41*Occupancy_C1-O
indigo_aryl_alkyl,ln(kobs)_MeCN,4,ln(kobs)_toluene|Ar_NBO_=O|Ster_L|Entry,0.9508121790034542,0.9040355131322373,0.11961677273894235,LOOCV,ln(kobs)_MeCN = -9.74 + 0.95*ln(kobs)_toluene - 18.11*Ar_NBO_=O - 0.04*Ster_L - 0.01*Entry
indigo_aryl_alkyl,ln(kobs)_MeCN,5,kobs_MeCN|ln(kobs)_toluene|Ar_v_C=O|Ster_L|Energy_C1-O,0.9707929407310757,0.9039926738853081,0.09217373902781023,LOOCV,ln(kobs)_MeCN = 15.47 + 1.91*kobs_MeCN + 0.52*ln(kobs)_toluene - 0.01*Ar_v_C=O + 0.02*Ster_L + 0.85*Energy_C1-O
indigo_aryl_alkyl,ln(kobs)_MeCN,5,ln(kobs)_toluene|Ar_NBO_-O|Ster_L|polarizability|Ster_B5,0.9550832578078343,0.903992512227384,0.11430557527813447,LOOCV,ln(kobs)_MeCN = -29.36 + 0.93*ln(kobs)_toluene - 43.04*Ar_NBO_-O + 0.01*Ster_L - 0.00*polarizability + 0.07*Ster_B5
indigo_aryl_alkyl,ln(kobs)_MeCN,5,ln(kobs)_toluene|HOMO|Ar_NBO_-O|LUMO|Entry,0.9577476804338398,0.9039437432098034,0.11086349531040647,LOOCV,ln(kobs)_MeCN = -7.75 + 0.90*ln(kobs)_toluene + 3.77*HOMO - 13.98*Ar_NBO_-O + 2.30*LUMO - 0.01*Entry
indigo_aryl_alkyl,ln(kobs)_MeCN,5,kobs_MeCN|ln(kobs)_toluene|Ar_v_C=O|polarizability|Energy_C1-O,0.9731858650942086,0.9039430356477685,0.0883171780928681,LOOCV,ln(kobs)_MeCN = 10.34 + 1.97*kobs_MeCN + 0.53*ln(kobs)_toluene - 0.01*Ar_v_C=O + 0.00*polarizability + 1.13*Energy_C1-O
indigo_aryl_alkyl,ln(kobs)_MeCN,5,ln(kobs)_toluene|HOMO|Ar_v_C=O|polarizability|L_C1-C2,0.9566859768479794,0.9039125793340559,0.11224772592074006,LOOCV,ln(kobs)_MeCN = 15.12 + 0.85*ln(kobs)_toluene + 7.17*HOMO - 0.01*Ar_v_C=O - 0.00*polarizability + 7.85*L_C1-C2
indigo_aryl_alkyl,ln(kobs)_MeCN,4,ln(kobs)_toluene|Entry|L_C1-C2|Ster_B1,0.9434773120457368,0.903896304859071,0.12822558595942563,LOOCV,ln(kobs)_MeCN = 21.25 + 1.12*ln(kobs)_toluene - 0.01*Entry - 13.19*L_C1-C2 - 0.20*Ster_B1
indigo_aryl_alkyl,ln(kobs)_MeCN,3,ln(kobs)_toluene|Ar_NBO_=O|Ster_L,0.9479426334146791,0.9038951608467728,0.12305645120112678,LOOCV,ln(kobs)_MeCN = -10.04 + 0.91*ln(kobs)_toluene - 18.37*Ar_NBO_=O - 0.04*Ster_L
indigo_aryl_alkyl,ln(kobs)_MeCN,5,ln(kobs)_toluene|Ar_NBO_-O|Ster_L|Entry|Ster_B5,0.9557234918619063,0.9038051897582406,0.1134880073176491,LOOCV,ln(kobs)_MeCN = -24.92 + 1.01*ln(kobs)_toluene - 37.40*Ar_NBO_-O - 0.05*Ster_L - 0.01*Entry + 0.03*Ster_B5
indigo_aryl_alkyl,ln(kobs)_MeCN,5,kobs_MeCN|ln(kobs)_toluene|LUMO|Ar_NBO_C1_x|polarizability,0.9636681864451698,0.9037806983751777,0.10280324594558884,LOOCV,ln(kobs)_MeCN = -6.78 + 1.73*kobs_MeCN + 0.48*ln(kobs)_toluene + 4.41*LUMO + 7.67*Ar_NBO_C1_x + 0.00*polarizability
indigo_aryl_alkyl,ln(kobs)_MeCN,5,ln(kobs)_toluene|Ar_NBO_=O|HOMO|L_C1-C2|Ster_B5,0.958083010472807,0.9037416065682817,0.11042269211800844,LOOCV,ln(kobs)_MeCN = -4.54 + 0.83*ln(kobs)_toluene - 5.93*Ar_NBO_=O + 7.04*HOMO + 2.63*L_C1-C2 - 0.05*Ster_B5
indigo_aryl_alkyl,ln(kobs)_MeCN,3,kobs_MeCN|Ar_v_C=O|Ster_B5,0.9408496129803782,0.9037263774275707,0.13117228510533413,LOOCV,ln(kobs)_MeCN = 18.96 + 3.59*kobs_MeCN - 0.01*Ar_v_C=O + 0.02*Ster_B5
indigo_aryl_alkyl,ln(kobs)_MeCN,5,ln(kobs)_toluene|HOMO|Ar_v_C=O|polarizability|Occupancy_C1-O,0.9557604476230531,0.9037079301702283,0.11344063556928743,LOOCV,ln(kobs)_MeCN = 14.23 + 0.89*ln(kobs)_toluene + 7.40*HOMO - 0.00*Ar_v_C=O - 0.00*polarizability - 2.82*Occupancy_C1-O
indigo_aryl_alkyl,ln(kobs)_MeCN,5,ln(kobs)_toluene|Ar_NBO_-O|Ar_NBO_C1_x|Entry|Ar_I_C=O,0.9533707240954036,0.903687243303855,0.1164642474416737,LOOCV,ln(kobs)_MeCN = -14.05 + 0.98*ln(kobs)_toluene - 20.01*Ar_NBO_-O + 0.65*Ar_NBO_C1_x - 0.01*Entry + 0.00*Ar_I_C=O
indigo_aryl_alkyl,ln(kobs)_MeCN,3,ln(kobs)_toluene|Ar_NBO_-O|Entry,0.9436447861421734,0.9036624313879138,0.12803548181279314,LOOCV,ln(kobs)_MeCN = -19.24 + 0.96*ln(kobs)_toluene - 28.70*Ar_NBO_-O - 0.01*Entry
indigo_aryl_alkyl,ln(kobs)_MeCN,3,kobs_MeCN|HOMO|LUMO,0.9391819719396538,0.9036567725451374,0.13300851856002857,LOOCV,ln(kobs)_MeCN = -1.30 + 3.50*kobs_MeCN + 3.36*HOMO + 0.94*LUMO
indigo_aryl_alkyl,ln(kobs)_MeCN,4,kobs_MeCN|HOMO|LUMO|Ster_L,0.9444945950832347,0.9036540308508995,0.12706645875349334,LOOCV,ln(kobs)_MeCN = -1.89 + 3.39*kobs_MeCN + 1.95*HOMO + 2.41*LUMO + 0.03*Ster_L
indigo_aryl_alkyl,ln(kobs)_MeCN,3,kobs_MeCN|Ar_NBO_C1_x|Ster_B5,0.9341534220767868,0.9036524047758419,0.13839802535973245,LOOCV,ln(kobs)_MeCN = -4.44 + 3.85*kobs_MeCN + 2.31*Ar_NBO_C1_x + 0.02*Ster_B5
indigo_aryl_alkyl,ln(kobs)_MeCN,4,kobs_MeCN|HOMO|Ster_L|Ster_B5,0.9419812354529187,0.9036435525834443,0.12991147907917183,LOOCV,ln(kobs)_MeCN = -1.53 + 3.48*kobs_MeCN + 3.24*HOMO + 0.02*Ster_L - 0.00*Ster_B5
indigo_aryl_alkyl,ln(kobs)_MeCN,4,kobs_MeCN|ln(kobs)_toluene|Ar_v_C=O|Energy_C1-O,0.9692280313958341,0.9035832842838685,0.0946108467494841,LOOCV,ln(kobs)_MeCN = 17.65 + 1.80*kobs_MeCN + 0.56*ln(kobs)_toluene - 0.01*Ar_v_C=O + 0.72*Energy_C1-O
indigo_aryl_alkyl,ln(kobs)_MeCN,5,kobs_MeCN|ln(kobs)_toluene|Ar_NBO_-O|Ar_NBO_C1_x|Energy_C1-O,0.9708393539623237,0.9035686159831324,0.09210047280195988,LOOCV,ln(kobs)_MeCN = -10.52 + 1.70*kobs_MeCN + 0.59*ln(kobs)_toluene - 15.75*Ar_NBO_-O - 0.47*Ar_NBO_C1_x + 0.61*Energy_C1-O
indigo_aryl_alkyl,ln(kobs)_MeCN,5,kobs_MeCN|ln(kobs)_toluene|LUMO|Ster_B5|Occupancy_C1-O,0.9603339850137886,0.9034772395592026,0.10741689014214711,LOOCV,ln(kobs)_MeCN = -14.13 + 2.07*kobs_MeCN + 0.48*ln(kobs)_toluene + 2.59*LUMO + 0.01*Ster_B5 + 6.69*Occupancy_C1-O
indigo_aryl_alkyl,ln(kobs)_MeCN,5,ln(kobs)_toluene|HOMO|LUMO|Ar_I_C=O|Ster_B5,0.9582932291549195,0.9034661476544774,0.1101454526243969,LOOCV,ln(kobs)_MeCN = 2.77 + 0.87*ln(kobs)_toluene + 6.88*HOMO + 0.51*LUMO + 0.00*Ar_I_C=O - 0.05*Ster_B5
indigo_aryl_alkyl,ln(kobs)_MeCN,4,kobs_MeCN|HOMO|Ster_L|Ar_I_C=O,0.9422068345466258,0.9034595603781359,0.12965866037661428,LOOCV,ln(kobs)_MeCN = -1.41 + 3.51*kobs_MeCN + 3.35*HOMO + 0.02*Ster_L - 0.00*Ar_I_C=O
indigo_aryl_alkyl,ln(kobs)_MeCN,4,kobs_MeCN|Ar_NBO_=O|HOMO|L_C1-C2,0.9452948078272151,0.9034447293809822,0.12614718483385423,LOOCV,ln(kobs)_MeCN = -13.34 + 3.33*kobs_MeCN - 10.55*Ar_NBO_=O + 1.93*HOMO + 3.54*L_C1-C2
indigo_aryl_alkyl,ln(kobs)_MeCN,4,kobs_MeCN|HOMO|Ar_NBO_C1_x|Entry,0.9450337064875564,0.9034412455496715,0.12644786919151038,LOOCV,ln(kobs)_MeCN = -7.65 + 3.26*kobs_MeCN + 3.49*HOMO + 7.89*Ar_NBO_C1_x + 0.01*Entry
indigo_aryl_alkyl,ln(kobs)_MeCN,3,kobs_MeCN|Ar_v_C=O|Ar_NBO_C1_x,0.9414045604221211,0.9034138416280304,0.1305555075101363,LOOCV,ln(kobs)_MeCN = 23.98 + 3.30*kobs_MeCN - 0.02*Ar_v_C=O + 7.71*Ar_NBO_C1_x
indigo_aryl_alkyl,ln(kobs)_MeCN,4,ln(kobs)_toluene|Ar_NBO_-O|Ster_L|Occupancy_C1-O,0.9511803800764371,0.9032290711951969,0.11916822922356306,LOOCV,ln(kobs)_MeCN = -116.72 + 0.96*ln(kobs)_toluene - 37.07*Ar_NBO_-O - 0.03*Ster_L + 46.02*Occupancy_C1-O
indigo_aryl_alkyl,ln(kobs)_MeCN,4,kobs_MeCN|Ar_NBO_=O|Ar_NBO_C1_x|Ar_I_C=O,0.9426929186440475,0.9031748689186357,0.12911224546208047,LOOCV,ln(kobs)_MeCN = -10.72 + 3.41*kobs_MeCN - 12.35*Ar_NBO_=O + 1.20*Ar_NBO_C1_x - 0.00*Ar_I_C=O
indigo_aryl_alkyl,ln(kobs)_MeCN,5,kobs_MeCN|ln(kobs)_toluene|L_C1-C2|Ster_B5|Occupancy_C1-O,0.9595333909997217,0.9031744721278407,0.10849549250336148,LOOCV,ln(kobs)_MeCN = -20.93 + 2.18*kobs_MeCN + 0.49*ln(kobs)_toluene - 6.01*L_C1-C2 + 0.01*Ster_B5 + 14.51*Occupancy_C1-O
indigo_aryl_alkyl,ln(kobs)_MeCN,4,ln(kobs)_toluene|LUMO|Entry|Ster_B1,0.9463770799735212,0.9031285142792043,0.12489312111368595,LOOCV,ln(kobs)_MeCN = 1.68 + 1.04*ln(kobs)_toluene + 5.13*LUMO - 0.01*Entry - 0.20*Ster_B1
indigo_aryl_alkyl,ln(kobs)_MeCN,4,ln(kobs)_toluene|Ar_NBO_C1_x|L_C1-C2|Ster_B5,0.9412850894451541,0.9030842273149551,0.13068853536781017,LOOCV,ln(kobs)_MeCN = 17.41 + 0.89*ln(kobs)_toluene + 16.68*Ar_NBO_C1_x - 20.34*L_C1-C2 + 0.00*Ster_B5
indigo_aryl_alkyl,ln(kobs)_MeCN,4,kobs_MeCN|Ar_NBO_=O|Ar_NBO_-O|Ster_L,0.9452176653881075,0.9030653921796975,0.12623609662549756,LOOCV,ln(kobs)_MeCN = -3.17 + 3.40*kobs_MeCN - 16.65*Ar_NBO_=O + 13.27*Ar_NBO_-O + 0.01*Ster_L
indigo_aryl_alkyl,ln(kobs)_MeCN,5,ln(kobs)_toluene|HOMO|Ar_NBO_-O|Ster_B5|Energy_C1-O,0.9644312597224465,0.9030542720788819,0.10171793412523918,LOOCV,ln(kobs)_MeCN = -2.03 + 0.90*ln(kobs)_toluene + 5.87*HOMO - 7.79*Ar_NBO_-O - 0.02*Ster_B5 + 0.76*Energy_C1-O
indigo_aryl_alkyl,ln(kobs)_MeCN,4,kobs_MeCN|polarizability|Ster_B5|Energy_C1-O,0.9445852806317196,0.9030119461230919,0.12696261479432044,LOOCV,ln(kobs)_MeCN = -1.67 + 3.85*kobs_MeCN + 0.00*polarizability + 0.00*Ster_B5 + 0.99*Energy_C1-O
indigo_aryl_alkyl,ln(kobs)_MeCN,5,kobs_MeCN|ln(kobs)_toluene|Ar_v_C=O|Ster_L|Occupancy_C1-O,0.9631895773409616,0.9029920283041113,0.10347815841835413,LOOCV,ln(kobs)_MeCN = -46.55 + 2.15*kobs_MeCN + 0.43*ln(kobs)_toluene - 0.01*Ar_v_C=O + 0.01*Ster_L + 32.98*Occupancy_C1-O
indigo_aryl_alkyl,ln(kobs)_MeCN,5,kobs_MeCN|ln(kobs)_toluene|HOMO|Ar_NBO_-O|Ster_B1,0.97143682968307,0.9029362232904239,0.09115206121528335,LOOCV,ln(kobs)_MeCN = -9.33 + 1.60*kobs_MeCN + 0.55*ln(kobs)_toluene + 2.29*HOMO - 13.74*Ar_NBO_-O - 0.10*Ster_B1
indigo_aryl_alkyl,ln(kobs)_MeCN,5,kobs_MeCN|ln(kobs)_toluene|LUMO|L_C1-C2|Ster_B1,0.9632522982957645,0.9029332778288176,0.10338996307236849,LOOCV,ln(kobs)_MeCN = 3.87 + 1.81*kobs_MeCN + 0.58*ln(kobs)_toluene + 2.05*LUMO - 2.78*L_C1-C2 - 0.12*Ster_B1
indigo_aryl_alkyl,ln(kobs)_MeCN,5,ln(kobs)_toluene|Ar_NBO_=O|HOMO|LUMO|Entry,0.9547299911587255,0.9029246131692938,0.11475419709730612,LOOCV,ln(kobs)_MeCN = -0.33 + 0.90*ln(kobs)_toluene - 4.05*Ar_NBO_=O + 3.84*HOMO + 3.02*LUMO - 0.01*Entry
indigo_aryl_alkyl,ln(kobs)_MeCN,4,kobs_MeCN|HOMO|Ar_NBO_-O|LUMO,0.9416054586599604,0.9028844480191189,0.13033150636238947,LOOCV,ln(kobs)_MeCN = -9.00 + 3.44*kobs_MeCN + 2.91*HOMO - 10.77*Ar_NBO_-O + 0.08*LUMO
indigo_aryl_alkyl,ln(kobs)_MeCN,3,ln(kobs)_toluene|Ar_NBO_-O|polarizability,0.9447241292908881,0.9028565556675368,0.12680345450661806,LOOCV,ln(kobs)_MeCN = -20.94 + 0.95*ln(kobs)_toluene - 31.13*Ar_NBO_-O - 0.00*polarizability
indigo_aryl_alkyl,ln(kobs)_MeCN,4,kobs_MeCN|HOMO|LUMO|Energy_C1-O,0.9405154096003323,0.9028499472207185,0.13154232894952084,LOOCV,ln(kobs)_MeCN = -0.95 + 3.52*kobs_MeCN + 3.54*HOMO + 0.77*LUMO + 0.28*Energy_C1-O
indigo_aryl_alkyl,ln(kobs)_MeCN,4,kobs_MeCN|HOMO|Ar_NBO_-O|Entry,0.9442397918048813,0.9027601697811176,0.12735778063394798,LOOCV,ln(kobs)_MeCN = -10.44 + 3.41*kobs_MeCN + 2.17*HOMO - 12.42*Ar_NBO_-O + 0.01*Entry
indigo_aryl_alkyl,ln(kobs)_MeCN,5,kobs_MeCN|Ar_NBO_C1_x|Ster_L|Occupancy_C1-O|Energy_C1-O,0.9559876505641072,0.9027531460826189,0.11314895965808607,LOOCV,ln(kobs)_MeCN = -214.31 + 3.95*kobs_MeCN - 4.77*Ar_NBO_C1_x + 0.08*Ster_L + 108.52*Occupancy_C1-O + 1.35*Energy_C1-O
indigo_aryl_alkyl,ln(kobs)_MeCN,4,ln(kobs)_toluene|Ar_NBO_C1_x|L_C1-C2|Occupancy_C1-O,0.9445978339693671,0.9027286206709815,0.12694823328284316,LOOCV,ln(kobs)_MeCN = -79.81 + 0.89*ln(kobs)_toluene + 19.62*Ar_NBO_C1_x - 21.86*L_C1-C2 + 48.71*Occupancy_C1-O
indigo_aryl_alkyl,ln(kobs)_MeCN,5,ln(kobs)_toluene|HOMO|Ar_v_C=O|Ar_NBO_-O|Occupancy_C1-O,0.9537603295899063,0.9027154451588474,0.11597667510113863,LOOCV,ln(kobs)_MeCN = -148.00 + 0.89*ln(kobs)_toluene + 3.52*HOMO + 0.01*Ar_v_C=O - 34.72*Ar_NBO_-O + 54.59*Occupancy_C1-O
indigo_aryl_alkyl,ln(kobs)_MeCN,5,kobs_MeCN|ln(kobs)_toluene|Ar_v_C=O|L_C1-C2|Energy_C1-O,0.9696325342736715,0.9026596357421399,0.09398695164895882,LOOCV,ln(kobs)_MeCN = 20.08 + 1.82*kobs_MeCN + 0.53*ln(kobs)_toluene - 0.01*Ar_v_C=O + 4.38*L_C1-C2 + 0.71*Energy_C1-O
indigo_aryl_alkyl,ln(kobs)_MeCN,5,ln(kobs)_toluene|Ar_NBO_=O|Entry|Ar_I_C=O|Ster_B1,0.9576406798605943,0.9026578181527056,0.11100378295601278,LOOCV,ln(kobs)_MeCN = -4.26 + 1.01*ln(kobs)_toluene - 8.56*Ar_NBO_=O - 0.01*Entry + 0.00*Ar_I_C=O - 0.17*Ster_B1
indigo_aryl_alkyl,ln(kobs)_MeCN,4,kobs_MeCN|ln(kobs)_toluene|Entry|Ster_B1,0.958347431114535,0.9026502877513832,0.11007385705136452,LOOCV,ln(kobs)_MeCN = -0.45 + 2.06*kobs_MeCN + 0.56*ln(kobs)_toluene - 0.00*Entry - 0.12*Ster_B1
indigo_aryl_alkyl,ln(kobs)_MeCN,4,kobs_MeCN|Ar_NBO_=O|Ar_v_C=O|Ar_NBO_-O,0.9440827002648366,0.9026231275671724,0.1275370550592015,LOOCV,ln(kobs)_MeCN = -6.10 + 3.39*kobs_MeCN - 20.17*Ar_NBO_=O + 0.00*Ar_v_C=O + 15.54*Ar_NBO_-O
indigo_aryl_alkyl,ln(kobs)_MeCN,4,ln(kobs)_toluene|Ar_v_C=O|LUMO|Entry,0.9430427552819161,0.9026224226442384,0.12871755306624846,LOOCV,ln(kobs)_MeCN = 22.21 + 0.96*ln(kobs)_toluene - 0.01*Ar_v_C=O + 3.63*LUMO - 0.01*Entry
indigo_aryl_alkyl,ln(kobs)_MeCN,4,kobs_MeCN|Ar_NBO_=O|HOMO|Ster_B5,0.9452927318682448,0.902622151178038,0.12614957833513946,LOOCV,ln(kobs)_MeCN = -8.26 + 3.42*kobs_MeCN - 10.09*Ar_NBO_=O + 0.69*HOMO + 0.01*Ster_B5
indigo_aryl_alkyl,ln(kobs)_MeCN,5,ln(kobs)_toluene|Ar_NBO_-O|Ar_NBO_C1_x|L_C1-C2|Occupancy_C1-O,0.9522390069417224,0.902602624584974,0.11786909882165454,LOOCV,ln(kobs)_MeCN = -155.93 + 0.88*ln(kobs)_toluene - 24.04*Ar_NBO_-O + 12.26*Ar_NBO_C1_x - 10.47*L_C1-C2 + 72.91*Occupancy_C1-O
indigo_aryl_alkyl,ln(kobs)_MeCN,4,kobs_MeCN|HOMO|Ar_NBO_-O|Ster_B5,0.9434726016477827,0.9025344453367876,0.12823092877818115,LOOCV,ln(kobs)_MeCN = -13.38 + 3.52*kobs_MeCN + 1.03*HOMO - 16.02*Ar_NBO_-O + 0.02*Ster_B5
indigo_aryl_alkyl,ln(kobs)_MeCN,4,ln(kobs)_toluene|HOMO|Ar_v_C=O|Ster_L,0.9433976999191473,0.9024667102356485,0.1283158569628217,LOOCV,ln(kobs)_MeCN = 13.12 + 0.91*ln(kobs)_toluene + 4.64*HOMO - 0.01*Ar_v_C=O - 0.03*Ster_L
indigo_aryl_alkyl,ln(kobs)_MeCN,3,kobs_MeCN|HOMO|Entry,0.9405461458532209,0.9024387536745123,0.13150833997291897,LOOCV,ln(kobs)_MeCN = -1.48 + 3.52*kobs_MeCN + 3.08*HOMO + 0.00*Entry
indigo_aryl_alkyl,ln(kobs)_MeCN,5,kobs_MeCN|ln(kobs)_toluene|kobs_toluene|L_C1-C2|Energy_C1-O,0.9872927537010121,0.9023483694858649,0.0607979607822978,LOOCV,ln(kobs)_MeCN = 9.72 + 3.22*kobs_MeCN + 1.00*ln(kobs)_toluene - 7.87*kobs_toluene - 6.27*L_C1-C2 - 0.44*Energy_C1-O
indigo_aryl_alkyl,ln(kobs)_MeCN,5,kobs_MeCN|ln(kobs)_toluene|Ar_NBO_C1_x|Ster_L|polarizability,0.9558037969787382,0.9023123283594874,0.11338504296670428,LOOCV,ln(kobs)_MeCN = -1.73 + 2.28*kobs_MeCN + 0.47*ln(kobs)_toluene + 0.93*Ar_NBO_C1_x - 0.00*Ster_L + 0.00*polarizability
indigo_aryl_alkyl,ln(kobs)_MeCN,4,kobs_MeCN|HOMO|Ar_NBO_C1_x|Occupancy_C1-O,0.942291066427315,0.9022992296246979,0.12956413903458175,LOOCV,ln(kobs)_MeCN = -66.62 + 3.38*kobs_MeCN + 4.19*HOMO + 6.60*Ar_NBO_C1_x + 30.22*Occupancy_C1-O
indigo_aryl_alkyl,ln(kobs)_MeCN,5,ln(kobs)_toluene|Ar_v_C=O|Ar_NBO_C1_x|polarizability|Ster_B5,0.9509267250267477,0.9022735256852871,0.11947741291808095,LOOCV,ln(kobs)_MeCN = 40.36 + 0.80*ln(kobs)_toluene - 0.03*Ar_v_C=O + 17.00*Ar_NBO_C1_x - 0.00*polarizability + 0.04*Ster_B5
indigo_aryl_alkyl,ln(kobs)_MeCN,3,ln(kobs)_toluene|Ar_NBO_-O|Ar_I_C=O,0.9448016026163122,0.9022600896789439,0.1267145610182451,LOOCV,ln(kobs)_MeCN = -17.02 + 0.92*ln(kobs)_toluene - 24.91*Ar_NBO_-O + 0.00*Ar_I_C=O
indigo_aryl_alkyl,ln(kobs)_MeCN,5,ln(kobs)_toluene|LUMO|Entry|Ar_I_C=O|Ster_B5,0.950992850094621,0.9021696921057406,0.11939688930054033,LOOCV,ln(kobs)_MeCN = 0.70 + 1.02*ln(kobs)_toluene + 3.30*LUMO - 0.01*Entry + 0.00*Ar_I_C=O - 0.01*Ster_B5
indigo_aryl_alkyl,ln(kobs)_MeCN,5,ln(kobs)_toluene|Ar_v_C=O|LUMO|Ar_NBO_C1_x|Ster_L,0.9559894847228945,0.9021587736093928,0.11314660196389907,LOOCV,ln(kobs)_MeCN = 17.95 + 0.78*ln(kobs)_toluene - 0.02*Ar_v_C=O + 4.41*LUMO + 18.58*Ar_NBO_C1_x - 0.03*Ster_L
indigo_aryl_alkyl,ln(kobs)_MeCN,3,kobs_MeCN|Ar_NBO_=O|Entry,0.946815777837006,0.9020805878717445,0.12438118640072525,LOOCV,ln(kobs)_MeCN = -9.37 + 3.35*kobs_MeCN - 11.58*Ar_NBO_=O + 0.01*Entry
indigo_aryl_alkyl,ln(kobs)_MeCN,5,ln(kobs)_toluene|Ar_v_C=O|LUMO|Ar_NBO_C1_x|Ar_I_C=O,0.9549328485228342,0.9020656691219163,0.11449679852979257,LOOCV,ln(kobs)_MeCN = 6.52 + 0.76*ln(kobs)_toluene - 0.01*Ar_v_C=O + 5.07*LUMO + 16.19*Ar_NBO_C1_x + 0.00*Ar_I_C=O
indigo_aryl_alkyl,ln(kobs)_MeCN,4,ln(kobs)_toluene|kobs_toluene|LUMO|Ar_NBO_C1_x,0.9533224003154463,0.9020222207669645,0.11652458008874789,LOOCV,ln(kobs)_MeCN = -9.67 + 1.12*ln(kobs)_toluene - 3.07*kobs_toluene + 7.96*LUMO + 14.32*Ar_NBO_C1_x
indigo_aryl_alkyl,ln(kobs)_MeCN,4,kobs_MeCN|Ar_v_C=O|polarizability|L_C1-C2,0.9452601580073029,0.9020080051581861,0.12618712880578056,LOOCV,ln(kobs)_MeCN = 30.93 + 3.28*kobs_MeCN - 0.03*Ar_v_C=O + 0.00*polarizability + 17.61*L_C1-C2
indigo_aryl_alkyl,ln(kobs)_MeCN,5,kobs_MeCN|Ar_NBO_-O|polarizability|Occupancy_C1-O|Energy_C1-O,0.9521548136287259,0.9020000123900993,0.11797294319044428,LOOCV,ln(kobs)_MeCN = -154.02 + 3.82*kobs_MeCN - 9.07*Ar_NBO_-O + 0.00*polarizability + 73.29*Occupancy_C1-O + 1.12*Energy_C1-O
indigo_aryl_alkyl,ln(kobs)_MeCN,4,ln(kobs)_toluene|Ar_v_C=O|Entry|Ster_B1,0.9443029706400894,0.9019987285340778,0.12728560912492962,LOOCV,ln(kobs)_MeCN = 32.57 + 1.01*ln(kobs)_toluene - 0.02*Ar_v_C=O - 0.01*Entry - 0.19*Ster_B1
indigo_aryl_alkyl,ln(kobs)_MeCN,5,ln(kobs)_toluene|HOMO|Ar_NBO_C1_x|polarizability|Energy_C1-O,0.9687265910773674,0.9019539255064113,0.09537859064498534,LOOCV,ln(kobs)_MeCN = -5.33 + 0.82*ln(kobs)_toluene + 8.68*HOMO + 11.26*Ar_NBO_C1_x - 0.00*polarizability + 0.26*Energy_C1-O
indigo_aryl_alkyl,ln(kobs)_MeCN,4,ln(kobs)_toluene|kobs_toluene|Ar_NBO_-O|Ster_L,0.9501753046566714,0.9019220323264961,0.12038866954552746,LOOCV,ln(kobs)_MeCN = -20.91 + 1.13*ln(kobs)_toluene - 1.53*kobs_toluene - 32.18*Ar_NBO_-O - 0.03*Ster_L
indigo_aryl_alkyl,ln(kobs)_MeCN,4,kobs_MeCN|Ar_NBO_-O|Ster_L|Ar_I_C=O,0.9394415385828092,0.9018695352489706,0.1327243800270211,LOOCV,ln(kobs)_MeCN = -11.11 + 3.62*kobs_MeCN - 12.07*Ar_NBO_-O + 0.02*Ster_L + 0.00*Ar_I_C=O
indigo_aryl_alkyl,ln(kobs)_MeCN,5,kobs_MeCN|ln(kobs)_toluene|Ster_L|Ar_I_C=O|Occupancy_C1-O,0.9601366527223267,0.9018384863572344,0.10768374986735564,LOOCV,ln(kobs)_MeCN = -56.11 + 2.15*kobs_MeCN + 0.49*ln(kobs)_toluene + 0.01*Ster_L + 0.00*Ar_I_C=O + 27.54*Occupancy_C1-O
indigo_aryl_alkyl,ln(kobs)_MeCN,3,ln(kobs)_toluene|LUMO|Entry,0.9381443531150966,0.901838340323783,0.13413835175282549,LOOCV,ln(kobs)_MeCN = 1.23 + 1.00*ln(kobs)_toluene + 5.50*LUMO - 0.01*Entry
indigo_aryl_alkyl,ln(kobs)_MeCN,5,ln(kobs)_toluene|LUMO|Ar_NBO_C1_x|Entry|Ar_I_C=O,0.9555562046761277,0.901747682985788,0.11370219754415725,LOOCV,ln(kobs)_MeCN = -7.65 + 0.90*ln(kobs)_toluene + 5.41*LUMO + 10.18*Ar_NBO_C1_x - 0.01*Entry + 0.00*Ar_I_C=O
indigo_aryl_alkyl,ln(kobs)_MeCN,4,kobs_MeCN|Ar_NBO_=O|Ster_L|Ar_I_C=O,0.9440968466141405,0.9017160198144185,0.1275209214309524,LOOCV,ln(kobs)_MeCN = -8.77 + 3.44*kobs_MeCN - 10.49*Ar_NBO_=O + 0.01*Ster_L - 0.00*Ar_I_C=O
indigo_aryl_alkyl,ln(kobs)_MeCN,5,ln(kobs)_toluene|Ar_v_C=O|Entry|Ar_I_C=O|Occupancy_C1-O,0.9520367402321236,0.9016919927189624,0.11811842159582812,LOOCV,ln(kobs)_MeCN = -61.92 + 1.01*ln(kobs)_toluene - 0.01*Ar_v_C=O - 0.02*Entry + 0.00*Ar_I_C=O + 43.04*Occupancy_C1-O
indigo_aryl_alkyl,ln(kobs)_MeCN,5,ln(kobs)_toluene|Ar_v_C=O|Entry|Ar_I_C=O|polarizability,0.952420126976277,0.9016858203791164,0.11764539395453721,LOOCV,ln(kobs)_MeCN = 23.70 + 1.01*ln(kobs)_toluene - 0.01*Ar_v_C=O - 0.01*Entry + 0.00*Ar_I_C=O - 0.00*polarizability
indigo_aryl_alkyl,ln(kobs)_MeCN,5,ln(kobs)_toluene|Ar_NBO_=O|Ar_I_C=O|Occupancy_C1-O|Energy_C1-O,0.9620512972563209,0.9016808815301953,0.1050658930185421,LOOCV,ln(kobs)_MeCN = -148.19 + 0.96*ln(kobs)_toluene - 12.08*Ar_NBO_=O + 0.00*Ar_I_C=O + 71.53*Occupancy_C1-O + 1.09*Energy_C1-O
indigo_aryl_alkyl,ln(kobs)_MeCN,5,ln(kobs)_toluene|Ar_NBO_=O|Ar_NBO_-O|Entry|Ar_I_C=O,0.9533906461574273,0.9016352503690114,0.11643936547865208,LOOCV,ln(kobs)_MeCN = -12.82 + 0.98*ln(kobs)_toluene - 1.54*Ar_NBO_=O - 17.69*Ar_NBO_-O - 0.01*Entry + 0.00*Ar_I_C=O
indigo_aryl_alkyl,ln(kobs)_MeCN,5,ln(kobs)_toluene|Ar_NBO_=O|Ar_NBO_C1_x|Ster_L|Ar_I_C=O,0.9588295097261329,0.9015727398572304,0.10943501667016377,LOOCV,ln(kobs)_MeCN = -16.92 + 0.87*ln(kobs)_toluene - 15.37*Ar_NBO_=O + 10.39*Ar_NBO_C1_x - 0.05*Ster_L + 0.00*Ar_I_C=O
indigo_aryl_alkyl,ln(kobs)_MeCN,4,kobs_MeCN|Ar_NBO_=O|HOMO|Ster_L,0.9455989953967158,0.9015584347971443,0.12579597597071088,LOOCV,ln(kobs)_MeCN = -6.64 + 3.36*kobs_MeCN - 7.81*Ar_NBO_=O + 1.64*HOMO + 0.01*Ster_L
indigo_aryl_alkyl,ln(kobs)_MeCN,3,kobs_MeCN|Ar_NBO_=O|Occupancy_C1-O,0.9469894734922761,0.9015542231213811,0.1241779105107805,LOOCV,ln(kobs)_MeCN = -120.44 + 3.43*kobs_MeCN - 14.53*Ar_NBO_=O + 54.84*Occupancy_C1-O
indigo_aryl_alkyl,ln(kobs)_MeCN,5,ln(kobs)_toluene|Ar_NBO_-O|polarizability|Ster_B1|Ster_B5,0.9550811155411949,0.9015332605709524,0.11430830110027757,LOOCV,ln(kobs)_MeCN = -29.91 + 0.93*ln(kobs)_toluene - 43.81*Ar_NBO_-O - 0.00*polarizability + 0.02*Ster_B1 + 0.06*Ster_B5
indigo_aryl_alkyl,ln(kobs)_MeCN,5,kobs_MeCN|ln(kobs)_toluene|Ar_NBO_C1_x|Ster_L|Ster_B1,0.9604393431816728,0.9015232818030896,0.107274138572936,LOOCV,ln(kobs)_MeCN = 0.23 + 2.18*kobs_MeCN + 0.51*ln(kobs)_toluene - 1.13*Ar_NBO_C1_x + 0.02*Ster_L - 0.18*Ster_B1
indigo_aryl_alkyl,ln(kobs)_MeCN,5,kobs_MeCN|kobs_toluene|Ar_v_C=O|Entry|L_C1-C2,0.9514810956577671,0.9015154209995418,0.11880064034628755,LOOCV,ln(kobs)_MeCN = 25.62 + 3.82*kobs_MeCN - 1.75*kobs_toluene - 0.03*Ar_v_C=O + 0.01*Entry + 21.11*L_C1-C2
indigo_aryl_alkyl,ln(kobs)_MeCN,4,ln(kobs)_toluene|HOMO|Ar_NBO_C1_x|Entry,0.947706062747433,0.9015107282782701,0.12333574450602212,LOOCV,ln(kobs)_MeCN = -0.89 + 0.90*ln(kobs)_toluene + 5.86*HOMO + 4.33*Ar_NBO_C1_x - 0.01*Entry
indigo_aryl_alkyl,ln(kobs)_MeCN,5,ln(kobs)_toluene|kobs_toluene|Ar_NBO_-O|Ster_L|Entry,0.9525214216684044,0.9014979203507267,0.11752009724260662,LOOCV,ln(kobs)_MeCN = -20.28 + 1.16*ln(kobs)_toluene - 1.53*kobs_toluene - 31.47*Ar_NBO_-O - 0.03*Ster_L - 0.01*Entry
indigo_aryl_alkyl,ln(kobs)_MeCN,4,kobs_MeCN|Ster_L|Occupancy_C1-O|Energy_C1-O,0.9544121934477526,0.9014655257829405,0.11515628274828864,LOOCV,ln(kobs)_MeCN = -223.01 + 3.88*kobs_MeCN + 0.07*Ster_L + 110.95*Occupancy_C1-O + 1.25*Energy_C1-O
indigo_aryl_alkyl,ln(kobs)_MeCN,4,ln(kobs)_toluene|Ar_NBO_=O|Ar_NBO_C1_x|Ster_L,0.9532659092180121,0.9014119678905779,0.11659507012062793,LOOCV,ln(kobs)_MeCN = -16.77 + 0.88*ln(kobs)_toluene - 18.79*Ar_NBO_=O + 8.07*Ar_NBO_C1_x - 0.05*Ster_L
indigo_aryl_alkyl,ln(kobs)_MeCN,4,kobs_MeCN|Ar_v_C=O|Ar_I_C=O|Ster_B5,0.9417233936087698,0.901373750359817,0.13019982960161183,LOOCV,ln(kobs)_MeCN = 21.96 + 3.60*kobs_MeCN - 0.01*Ar_v_C=O - 0.00*Ar_I_C=O + 0.02*Ster_B5
indigo_aryl_alkyl,ln(kobs)_MeCN,5,kobs_MeCN|ln(kobs)_toluene|LUMO|Ster_L|Energy_C1-O,0.9735577770913062,0.9013409294255005,0.08770255992200933,LOOCV,ln(kobs)_MeCN = 0.22 + 1.82*kobs_MeCN + 0.52*ln(kobs)_toluene + 3.33*LUMO + 0.03*Ster_L + 0.98*Energy_C1-O
indigo_aryl_alkyl,ln(kobs)_MeCN,5,kobs_MeCN|ln(kobs)_toluene|LUMO|Ar_I_C=O|Ster_B1,0.9644661376179726,0.901339228292644,0.10166805075041643,LOOCV,ln(kobs)_MeCN = -0.38 + 1.72*kobs_MeCN + 0.59*ln(kobs)_toluene + 2.02*LUMO + 0.00*Ar_I_C=O - 0.13*Ster_B1
indigo_aryl_alkyl,ln(kobs)_MeCN,5,kobs_MeCN|ln(kobs)_toluene|LUMO|Entry|Ster_B1,0.9633688981366707,0.9013377215698165,0.10322580544255086,LOOCV,ln(kobs)_MeCN = -0.08 + 1.70*kobs_MeCN + 0.61*ln(kobs)_toluene + 2.99*LUMO - 0.00*Entry - 0.12*Ster_B1
indigo_aryl_alkyl,ln(kobs)_MeCN,5,kobs_MeCN|Entry|polarizability|Ster_B1|Energy_C1-O,0.9588208706926827,0.901320923908098,0.10944649774766904,LOOCV,ln(kobs)_MeCN = -0.87 + 3.64*kobs_MeCN + 0.01*Entry + 0.00*polarizability + 0.44*Ster_B1 + 2.49*Energy_C1-O
indigo_aryl_alkyl,ln(kobs)_MeCN,5,ln(kobs)_toluene|Ster_L|Entry|Ar_I_C=O|Ster_B1,0.9516132963714279,0.9012982663042636,0.11863868035805575,LOOCV,ln(kobs)_MeCN = 1.01 + 1.11*ln(kobs)_toluene - 0.00*Ster_L - 0.01*Entry + 0.00*Ar_I_C=O - 0.20*Ster_B1
indigo_aryl_alkyl,ln(kobs)_MeCN,5,ln(kobs)_toluene|HOMO|Ar_NBO_-O|Ster_L|L_C1-C2,0.9607179862687107,0.9012157263461262,0.10689568154098739,LOOCV,ln(kobs)_MeCN = -28.36 + 0.90*ln(kobs)_toluene + 4.25*HOMO - 31.03*Ar_NBO_-O - 0.05*Ster_L + 6.06*L_C1-C2
indigo_aryl_alkyl,ln(kobs)_MeCN,4,kobs_MeCN|Ar_NBO_=O|Ster_L|Ster_B5,0.9455170073444876,0.9011866994433607,0.12589073418395524,LOOCV,ln(kobs)_MeCN = -8.60 + 3.45*kobs_MeCN - 10.16*Ar_NBO_=O + 0.01*Ster_L + 0.01*Ster_B5
indigo_aryl_alkyl,ln(kobs)_MeCN,4,kobs_MeCN|HOMO|Ar_v_C=O|Ar_NBO_C1_x,0.9453559420925504,0.9011800248616556,0.12607667899221098,LOOCV,ln(kobs)_MeCN = 13.81 + 3.15*kobs_MeCN + 2.64*HOMO - 0.01*Ar_v_C=O + 8.01*Ar_NBO_C1_x
indigo_aryl_alkyl,ln(kobs)_MeCN,5,ln(kobs)_toluene|Ar_NBO_-O|LUMO|Entry|Ar_I_C=O,0.95545036723286,0.9011227539560632,0.1138375009534244,LOOCV,ln(kobs)_MeCN = -10.43 + 0.97*ln(kobs)_toluene - 15.78*Ar_NBO_-O + 2.15*LUMO - 0.01*Entry + 0.00*Ar_I_C=O
indigo_aryl_alkyl,ln(kobs)_MeCN,4,ln(kobs)_toluene|HOMO|Ar_v_C=O|Ar_NBO_-O,0.9497644147892319,0.9010631425344457,0.12088405560398968,LOOCV,ln(kobs)_MeCN = -30.76 + 0.87*ln(kobs)_toluene + 3.85*HOMO + 0.01*Ar_v_C=O - 27.35*Ar_NBO_-O
indigo_aryl_alkyl,ln(kobs)_MeCN,5,kobs_MeCN|ln(kobs)_toluene|Ar_NBO_C1_x|Entry|Occupancy_C1-O,0.9563568087377325,0.9009459475614562,0.11267343607931868,LOOCV,ln(kobs)_MeCN = -50.04 + 2.25*kobs_MeCN + 0.48*ln(kobs)_toluene + 2.21*Ar_NBO_C1_x + 0.00*Entry + 23.73*Occupancy_C1-O
indigo_aryl_alkyl,ln(kobs)_MeCN,4,kobs_MeCN|Ar_v_C=O|Ster_L|Ar_I_C=O,0.9423351243206152,0.9009440129311712,0.12951467171140715,LOOCV,ln(kobs)_MeCN = 19.16 + 3.51*kobs_MeCN - 0.01*Ar_v_C=O + 0.02*Ster_L - 0.00*Ar_I_C=O
indigo_aryl_alkyl,ln(kobs)_MeCN,4,kobs_MeCN|Ar_NBO_=O|polarizability|Ster_B5,0.9457907751232809,0.9009283910548201,0.12557404608480519,LOOCV,ln(kobs)_MeCN = -9.89 + 3.43*kobs_MeCN - 12.45*Ar_NBO_=O - 0.00*polarizability + 0.03*Ster_B5
indigo_aryl_alkyl,ln(kobs)_MeCN,5,ln(kobs)_toluene|LUMO|Entry|Ar_I_C=O|Occupancy_C1-O,0.9509963892871627,0.9009145221499831,0.11939257792750135,LOOCV,ln(kobs)_MeCN = -41.26 + 1.03*ln(kobs)_toluene + 3.37*LUMO - 0.01*Entry + 0.00*Ar_I_C=O + 21.05*Occupancy_C1-O
indigo_aryl_alkyl,ln(kobs)_MeCN,5,ln(kobs)_toluene|HOMO|Entry|polarizability|Ster_B1,0.9615758331910839,0.9008895432991538,0.10572203607935858,LOOCV,ln(kobs)_MeCN = 3.64 + 0.93*ln(kobs)_toluene + 8.34*HOMO - 0.01*Entry - 0.00*polarizability + 0.01*Ster_B1
indigo_aryl_alkyl,ln(kobs)_MeCN,5,kobs_MeCN|ln(kobs)_toluene|Entry|polarizability|Ster_B5,0.9559909063386064,0.9008347919286095,0.11314477453373768,LOOCV,ln(kobs)_MeCN = -0.97 + 2.29*kobs_MeCN + 0.48*ln(kobs)_toluene - 0.00*Entry - 0.00*polarizability + 0.01*Ster_B5
indigo_aryl_alkyl,ln(kobs)_MeCN,4,kobs_MeCN|HOMO|Ar_NBO_-O|polarizability,0.9419998358060849,0.9008008055210242,0.12989065311785805,LOOCV,ln(kobs)_MeCN = -9.37 + 3.47*kobs_MeCN + 2.35*HOMO - 10.97*Ar_NBO_-O + 0.00*polarizability
indigo_aryl_alkyl,ln(kobs)_MeCN,3,kobs_MeCN|Ar_I_C=O|Ster_B5,0.9336854294644193,0.9007687688133866,0.13888897400660377,LOOCV,ln(kobs)_MeCN = -2.61 + 3.90*kobs_MeCN + 0.00*Ar_I_C=O + 0.02*Ster_B5
indigo_aryl_alkyl,ln(kobs)_MeCN,4,ln(kobs)_toluene|Ar_v_C=O|LUMO|Ar_NBO_C1_x,0.9522797434410513,0.9007501495343659,0.11781882140446791,LOOCV,ln(kobs)_MeCN = 11.32 + 0.75*ln(kobs)_toluene - 0.01*Ar_v_C=O + 5.66*LUMO + 16.34*Ar_NBO_C1_x
indigo_aryl_alkyl,ln(kobs)_MeCN,4,kobs_MeCN|HOMO|Ar_NBO_-O|L_C1-C2,0.9422194831867302,0.9007262238946394,0.1296444710216828,LOOCV,ln(kobs)_MeCN = -15.11 + 3.42*kobs_MeCN + 3.10*HOMO - 13.14*Ar_NBO_-O + 3.03*L_C1-C2
indigo_aryl_alkyl,ln(kobs)_MeCN,5,kobs_MeCN|polarizability|L_C1-C2|Occupancy_C1-O|Energy_C1-O,0.9510700227725831,0.9007083748436256,0.11930284375812066,LOOCV,ln(kobs)_MeCN = -127.02 + 3.91*kobs_MeCN + 0.00*polarizability - 2.22*L_C1-C2 + 64.65*Occupancy_C1-O + 1.30*Energy_C1-O
indigo_aryl_alkyl,ln(kobs)_MeCN,5,ln(kobs)_toluene|Ar_NBO_-O|Ar_NBO_C1_x|Ar_I_C=O|Occupancy_C1-O,0.9545136398068338,0.9006839713814739,0.11502808298594719,LOOCV,ln(kobs)_MeCN = -180.19 + 0.88*ln(kobs)_toluene - 29.10*Ar_NBO_-O + 7.98*Ar_NBO_C1_x + 0.00*Ar_I_C=O + 77.06*Occupancy_C1-O
indigo_aryl_alkyl,ln(kobs)_MeCN,5,kobs_MeCN|HOMO|Ster_B1|Occupancy_C1-O|Energy_C1-O,0.9566658717332376,0.900667321384711,0.1122737739696837,LOOCV,ln(kobs)_MeCN = -95.30 + 3.42*kobs_MeCN + 4.70*HOMO + 0.56*Ster_B1 + 48.02*Occupancy_C1-O + 2.24*Energy_C1-O
indigo_aryl_alkyl,ln(kobs)_MeCN,5,ln(kobs)_toluene|Ar_NBO_-O|polarizability|Ster_B5|Occupancy_C1-O,0.9573440084388279,0.9006438762569624,0.11139182259285467,LOOCV,ln(kobs)_MeCN = -114.47 + 0.93*ln(kobs)_toluene - 44.96*Ar_NBO_-O - 0.00*polarizability + 0.05*Ster_B5 + 42.03*Occupancy_C1-O
indigo_aryl_alkyl,ln(kobs)_MeCN,4,kobs_MeCN|HOMO|Entry|Ar_I_C=O,0.9421346852325787,0.9006377917527276,0.1297395684347989,LOOCV,ln(kobs)_MeCN = -1.07 + 3.51*kobs_MeCN + 3.79*HOMO + 0.01*Entry - 0.00*Ar_I_C=O
indigo_aryl_alkyl,ln(kobs)_MeCN,5,kobs_MeCN|Ar_I_C=O|polarizability|Ster_B1|Energy_C1-O,0.952170967697067,0.90061973647405,0.11795302578580662,LOOCV,ln(kobs)_MeCN = -0.95 + 3.80*kobs_MeCN - 0.00*Ar_I_C=O + 0.00*polarizability + 0.36*Ster_B1 + 2.20*Energy_C1-O
indigo_aryl_alkyl,ln(kobs)_MeCN,4,ln(kobs)_toluene|Ar_v_C=O|Ar_NBO_C1_x|Ster_B1,0.9469744792904616,0.9006059655984558,0.12419547133433582,LOOCV,ln(kobs)_MeCN = 29.41 + 0.88*ln(kobs)_toluene - 0.02*Ar_v_C=O + 10.76*Ar_NBO_C1_x - 0.19*Ster_B1
indigo_aryl_alkyl,ln(kobs)_MeCN,4,ln(kobs)_toluene|Ar_v_C=O|Ar_NBO_-O|Occupancy_C1-O,0.9465524030141573,0.9005973538306802,0.12468878154097508,LOOCV,ln(kobs)_MeCN = -153.02 + 0.93*ln(kobs)_toluene + 0.00*Ar_v_C=O - 36.00*Ar_NBO_-O + 63.64*Occupancy_C1-O
indigo_aryl_alkyl,ln(kobs)_MeCN,4,kobs_MeCN|Ar_NBO_=O|Ar_v_C=O|Ster_B5,0.9451453143346625,0.9004785139403196,0.1263194291544495,LOOCV,ln(kobs)_MeCN = -9.47 + 3.45*kobs_MeCN - 11.09*Ar_NBO_=O + 0.00*Ar_v_C=O + 0.01*Ster_B5
indigo_aryl_alkyl,ln(kobs)_MeCN,4,ln(kobs)_toluene|Ar_v_C=O|Entry|L_C1-C2,0.9373693229983396,0.9004606482496824,0.13497608963263028,LOOCV,ln(kobs)_MeCN = 33.27 + 0.99*ln(kobs)_toluene - 0.01*Ar_v_C=O - 0.01*Entry - 4.12*L_C1-C2
indigo_aryl_alkyl,ln(kobs)_MeCN,4,kobs_MeCN|Ar_NBO_=O|Entry|Energy_C1-O,0.9479288935596333,0.9004527943318871,0.12307268969303428,LOOCV,ln(kobs)_MeCN = -8.71 + 3.39*kobs_MeCN - 10.93*Ar_NBO_=O + 0.01*Entry + 0.27*Energy_C1-O
indigo_aryl_alkyl,ln(kobs)_MeCN,4,kobs_MeCN|Ar_NBO_-O|Ar_I_C=O|Ster_B5,0.9444904033379669,0.900347024040908,0.1270712566661683,LOOCV,ln(kobs)_MeCN = -17.34 + 3.60*kobs_MeCN - 21.35*Ar_NBO_-O - 0.00*Ar_I_C=O + 0.03*Ster_B5
indigo_aryl_alkyl,ln(kobs)_MeCN,5,kobs_MeCN|ln(kobs)_toluene|LUMO|polarizability|L_C1-C2,0.960668545210009,0.9003423882142292,0.10696293081424639,LOOCV,ln(kobs)_MeCN = 3.21 + 2.04*kobs_MeCN + 0.48*ln(kobs)_toluene + 2.08*LUMO + 0.00*polarizability - 2.70*L_C1-C2
indigo_aryl_alkyl,ln(kobs)_MeCN,4,kobs_MeCN|Ar_NBO_-O|Ar_I_C=O|Energy_C1-O,0.9352768635149432,0.9003150691710365,0.13721230706178816,LOOCV,ln(kobs)_MeCN = -13.66 + 3.69*kobs_MeCN - 16.04*Ar_NBO_-O + 0.00*Ar_I_C=O + 0.04*Energy_C1-O
indigo_aryl_alkyl,ln(kobs)_MeCN,4,kobs_MeCN|Ar_v_C=O|Ar_NBO_C1_x|Entry,0.9470251554695684,0.9002702931082581,0.12413611070656824,LOOCV,ln(kobs)_MeCN = 18.27 + 3.14*kobs_MeCN - 0.02*Ar_v_C=O + 10.80*Ar_NBO_C1_x + 0.01*Entry
indigo_aryl_alkyl,ln(kobs)_MeCN,4,kobs_MeCN|Ar_v_C=O|Ster_B1|Energy_C1-O,0.944473543580273,0.9001937021975548,0.12709055268050962,LOOCV,ln(kobs)_MeCN = 21.18 + 3.56*kobs_MeCN - 0.01*Ar_v_C=O + 0.35*Ster_B1 + 1.31*Energy_C1-O
indigo_aryl_alkyl,ln(kobs)_MeCN,5,ln(kobs)_toluene|HOMO|Ster_L|Entry|Occupancy_C1-O,0.9531719363017668,0.9001438371149192,0.11671223594255278,LOOCV,ln(kobs)_MeCN = 15.40 + 0.98*ln(kobs)_toluene + 6.43*HOMO - 0.03*Ster_L - 0.01*Entry - 6.09*Occupancy_C1-O
indigo_aryl_alkyl,ln(kobs)_MeCN,5,ln(kobs)_toluene|HOMO|Ar_NBO_C1_x|Entry|Ar_I_C=O,0.9538436687454679,0.9001389632703154,0.11587211383295835,LOOCV,ln(kobs)_MeCN = -1.35 + 0.94*ln(kobs)_toluene + 4.14*HOMO + 3.88*Ar_NBO_C1_x - 0.01*Entry + 0.00*Ar_I_C=O
indigo_aryl_alkyl,ln(kobs)_MeCN,3,kobs_MeCN|HOMO|Occupancy_C1-O,0.9390745432999393,0.9001264696350945,0.13312593949812707,LOOCV,ln(kobs)_MeCN = -31.48 + 3.57*kobs_MeCN + 3.60*HOMO + 15.15*Occupancy_C1-O
indigo_aryl_alkyl,ln(kobs)_MeCN,4,ln(kobs)_toluene|HOMO|Ar_v_C=O|LUMO,0.941878650044116,0.9001163595363566,0.13002627932077665,LOOCV,ln(kobs)_MeCN = 4.16 + 0.87*ln(kobs)_toluene + 3.68*HOMO - 0.00*Ar_v_C=O + 3.00*LUMO
indigo_aryl_alkyl,ln(kobs)_MeCN,3,kobs_MeCN|Ar_NBO_-O|polarizability,0.9394613714326772,0.9000727029729724,0.1327026446807469,LOOCV,ln(kobs)_MeCN = -12.26 + 3.64*kobs_MeCN - 13.90*Ar_NBO_-O + 0.00*polarizability
indigo_aryl_alkyl,ln(kobs)_MeCN,3,ln(kobs)_toluene|HOMO|L_C1-C2,0.9385023406180427,0.9000577018616408,0.13374962787615277,LOOCV,ln(kobs)_MeCN = 10.20 + 0.90*ln(kobs)_toluene + 4.21*HOMO - 5.54*L_C1-C2
indigo_aryl_alkyl,ln(kobs)_MeCN,4,kobs_MeCN|Ar_NBO_-O|Ster_L|Ster_B5,0.9435006689392538,0.8999844310263134,0.1281990898661665,LOOCV,ln(kobs)_MeCN = -14.36 + 3.58*kobs_MeCN - 16.82*Ar_NBO_-O + 0.01*Ster_L + 0.02*Ster_B5
indigo_aryl_alkyl,ln(kobs)_MeCN,5,ln(kobs)_toluene|kobs_toluene|LUMO|Ar_NBO_C1_x|Ster_B1,0.9568755722355557,0.899966399784253,0.11200178950888479,LOOCV,ln(kobs)_MeCN = -9.35 + 1.06*ln(kobs)_toluene - 2.06*kobs_toluene + 7.51*LUMO + 13.94*Ar_NBO_C1_x - 0.14*Ster_B1
indigo_aryl_alkyl,ln(kobs)_MeCN,5,ln(kobs)_toluene|kobs_toluene|Ar_NBO_-O|Ar_NBO_C1_x|Ster_L,0.9527575620124237,0.8999379689465714,0.11722748287563657,LOOCV,ln(kobs)_MeCN = -25.34 + 1.09*ln(kobs)_toluene - 1.34*kobs_toluene - 31.95*Ar_NBO_-O + 5.64*Ar_NBO_C1_x - 0.04*Ster_L
indigo_aryl_alkyl,ln(kobs)_MeCN,4,kobs_MeCN|Ar_NBO_=O|Ar_NBO_-O|Entry,0.9475930729449619,0.899863103354611,0.1234689163675183,LOOCV,ln(kobs)_MeCN = -4.72 + 3.32*kobs_MeCN - 16.69*Ar_NBO_=O + 11.01*Ar_NBO_-O + 0.01*Entry
indigo_aryl_alkyl,ln(kobs)_MeCN,5,ln(kobs)_toluene|HOMO|Ar_NBO_-O|LUMO|Ster_B5,0.9579562290996504,0.8998565628794681,0.11058955728391047,LOOCV,ln(kobs)_MeCN = -3.34 + 0.85*ln(kobs)_toluene + 6.50*HOMO - 8.73*Ar_NBO_-O + 0.67*LUMO - 0.04*Ster_B5
indigo_aryl_alkyl,ln(kobs)_MeCN,4,ln(kobs)_toluene|Ar_NBO_-O|Ar_NBO_C1_x|Occupancy_C1-O,0.9490100652013136,0.8998564254791599,0.12178828569467622,LOOCV,ln(kobs)_MeCN = -180.48 + 0.90*ln(kobs)_toluene - 35.10*Ar_NBO_-O + 5.48*Ar_NBO_C1_x + 76.30*Occupancy_C1-O
indigo_aryl_alkyl,ln(kobs)_MeCN,4,ln(kobs)_toluene|Ar_NBO_-O|Ster_B1|Occupancy_C1-O,0.9539599235312862,0.8998505164196307,0.11572609723756616,LOOCV,ln(kobs)_MeCN = -160.05 + 0.98*ln(kobs)_toluene - 32.59*Ar_NBO_-O - 0.19*Ster_B1 + 69.42*Occupancy_C1-O
indigo_aryl_alkyl,ln(kobs)_MeCN,3,kobs_MeCN|Ar_NBO_=O|polarizability,0.9433779702759771,0.8998485754810174,0.1283382182935098,LOOCV,ln(kobs)_MeCN = -8.84 + 3.46*kobs_MeCN - 10.69*Ar_NBO_=O + 0.00*polarizability
indigo_aryl_alkyl,ln(kobs)_MeCN,4,ln(kobs)_toluene|LUMO|Entry|L_C1-C2,0.9410838546563937,0.899840508831187,0.1309122995211739,LOOCV,ln(kobs)_MeCN = 12.33 + 1.02*ln(kobs)_toluene + 3.87*LUMO - 0.01*Entry - 7.48*L_C1-C2
indigo_aryl_alkyl,ln(kobs)_MeCN,5,kobs_MeCN|ln(kobs)_toluene|Ster_L|Entry|Ster_B1,0.9603477507438604,0.8998302001440991,0.10739824949690549,LOOCV,ln(kobs)_MeCN = -0.66 + 2.15*kobs_MeCN + 0.51*ln(kobs)_toluene + 0.02*Ster_L + 0.00*Entry - 0.17*Ster_B1
indigo_aryl_alkyl,ln(kobs)_MeCN,4,ln(kobs)_toluene|LUMO|Ar_NBO_C1_x|Ster_B1,0.9541935525050489,0.8998237981018136,0.11543209950466536,LOOCV,ln(kobs)_MeCN = -10.08 + 0.88*ln(kobs)_toluene + 7.13*LUMO + 14.12*Ar_NBO_C1_x - 0.20*Ster_B1
indigo_aryl_alkyl,ln(kobs)_MeCN,5,kobs_MeCN|ln(kobs)_toluene|polarizability|Ster_B1|Energy_C1-O,0.974655591034136,0.8998197079898824,0.08586266678095558,LOOCV,ln(kobs)_MeCN = 0.65 + 2.15*kobs_MeCN + 0.50*ln(kobs)_toluene + 0.00*polarizability + 0.23*Ster_B1 + 1.97*Energy_C1-O
indigo_aryl_alkyl,ln(kobs)_MeCN,5,ln(kobs)_toluene|HOMO|polarizability|Ster_B5|Occupancy_C1-O,0.959060122407352,0.8998184053652286,0.10912809121707041,LOOCV,ln(kobs)_MeCN = -30.18 + 0.88*ln(kobs)_toluene + 8.52*HOMO - 0.00*polarizability - 0.04*Ster_B5 + 16.91*Occupancy_C1-O
indigo_aryl_alkyl,ln(kobs)_MeCN,5,ln(kobs)_toluene|LUMO|Ar_NBO_C1_x|Ar_I_C=O|polarizability,0.9538022566827694,0.8997943763749641,0.11592408316495786,LOOCV,ln(kobs)_MeCN = -11.72 + 0.84*ln(kobs)_toluene + 5.69*LUMO + 15.13*Ar_NBO_C1_x + 0.00*Ar_I_C=O - 0.00*polarizability
indigo_aryl_alkyl,ln(kobs)_MeCN,4,ln(kobs)_toluene|Ar_NBO_-O|polarizability|Ster_B1,0.9476020921614734,0.8997702717733467,0.12345829142852537,LOOCV,ln(kobs)_MeCN = -18.29 + 0.98*ln(kobs)_toluene - 27.74*Ar_NBO_-O - 0.00*polarizability - 0.14*Ster_B1
indigo_aryl_alkyl,ln(kobs)_MeCN,4,ln(kobs)_toluene|Ar_v_C=O|Ster_L|Entry,0.9393988258178398,0.8997146106030209,0.13277117799594232,LOOCV,ln(kobs)_MeCN = 36.51 + 1.00*ln(kobs)_toluene - 0.02*Ar_v_C=O - 0.02*Ster_L - 0.01*Entry
indigo_aryl_alkyl,ln(kobs)_MeCN,4,kobs_MeCN|Ar_NBO_=O|Ar_NBO_C1_x|Ster_L,0.9440895119710933,0.8996760699324904,0.12752928669933167,LOOCV,ln(kobs)_MeCN = -8.28 + 3.45*kobs_MeCN - 10.23*Ar_NBO_=O - 0.45*Ar_NBO_C1_x + 0.01*Ster_L
indigo_aryl_alkyl,ln(kobs)_MeCN,5,ln(kobs)_toluene|Ar_v_C=O|LUMO|Ar_NBO_C1_x|Occupancy_C1-O,0.9551289822091814,0.8996748476043931,0.11424737999775526,LOOCV,ln(kobs)_MeCN = -77.42 + 0.74*ln(kobs)_toluene - 0.02*Ar_v_C=O + 5.21*LUMO + 18.83*Ar_NBO_C1_x + 46.51*Occupancy_C1-O
indigo_aryl_alkyl,ln(kobs)_MeCN,4,kobs_MeCN|HOMO|LUMO|Ar_I_C=O,0.9402726594245879,0.8996457225687152,0.13181046067808247,LOOCV,ln(kobs)_MeCN = -0.92 + 3.47*kobs_MeCN + 3.96*HOMO + 1.32*LUMO - 0.00*Ar_I_C=O
indigo_aryl_alkyl,ln(kobs)_MeCN,5,ln(kobs)_toluene|HOMO|LUMO|Ar_I_C=O|polarizability,0.9565823046708161,0.8996214389608005,0.11238197818280839,LOOCV,ln(kobs)_MeCN = 2.94 + 0.90*ln(kobs)_toluene + 6.91*HOMO + 0.47*LUMO + 0.00*Ar_I_C=O - 0.00*polarizability
indigo_aryl_alkyl,ln(kobs)_MeCN,4,ln(kobs)_toluene|Ar_NBO_C1_x|Ar_I_C=O|Ster_B5,0.9390960763929479,0.8996061969079006,0.1331024118405078,LOOCV,ln(kobs)_MeCN = -5.72 + 0.97*ln(kobs)_toluene + 7.44*Ar_NBO_C1_x + 0.00*Ar_I_C=O - 0.02*Ster_B5
indigo_aryl_alkyl,ln(kobs)_MeCN,3,kobs_MeCN|Ster_L|Ar_I_C=O,0.93610406527899,0.8995936481487198,0.13633265828311422,LOOCV,ln(kobs)_MeCN = -2.81 + 3.75*kobs_MeCN + 0.03*Ster_L + 0.00*Ar_I_C=O
indigo_aryl_alkyl,ln(kobs)_MeCN,4,ln(kobs)_toluene|Ar_NBO_-O|Ar_NBO_C1_x|Ar_I_C=O,0.9468631837493593,0.8995537196535337,0.12432574027487128,LOOCV,ln(kobs)_MeCN = -19.65 + 0.89*ln(kobs)_toluene - 22.77*Ar_NBO_-O + 4.99*Ar_NBO_C1_x + 0.00*Ar_I_C=O
indigo_aryl_alkyl,ln(kobs)_MeCN,4,kobs_MeCN|Ar_NBO_-O|polarizability|Ster_B5,0.9439968307859927,0.8995515467086025,0.1276349437205924,LOOCV,ln(kobs)_MeCN = -18.12 + 3.57*kobs_MeCN - 22.30*Ar_NBO_-O - 0.00*polarizability + 0.04*Ster_B5
indigo_aryl_alkyl,ln(kobs)_MeCN,5,ln(kobs)_toluene|HOMO|Ar_NBO_C1_x|Ster_B1|Ster_B5,0.9631466310709532,0.8995282184166589,0.10353850417338309,LOOCV,ln(kobs)_MeCN = -3.13 + 0.83*ln(kobs)_toluene + 8.13*HOMO + 8.09*Ar_NBO_C1_x - 0.08*Ster_B1 - 0.04*Ster_B5
indigo_aryl_alkyl,ln(kobs)_MeCN,4,ln(kobs)_toluene|HOMO|Ster_B5|Energy_C1-O,0.9633468190654709,0.8995124931073797,0.10325690997482305,LOOCV,ln(kobs)_MeCN = 3.84 + 0.91*ln(kobs)_toluene + 6.93*HOMO - 0.03*Ster_B5 + 0.79*Energy_C1-O
indigo_aryl_alkyl,ln(kobs)_MeCN,5,ln(kobs)_toluene|HOMO|Entry|Ster_B1|Energy_C1-O,0.9652786669468935,0.8994420656616107,0.10049894074869971,LOOCV,ln(kobs)_MeCN = 4.15 + 0.94*ln(kobs)_toluene + 5.84*HOMO - 0.01*Entry + 0.26*Ster_B1 + 1.86*Energy_C1-O
indigo_aryl_alkyl,ln(kobs)_MeCN,4,kobs_MeCN|HOMO|Ar_I_C=O|Energy_C1-O,0.9410875953585517,0.8994343023402886,0.13090814351527946,LOOCV,ln(kobs)_MeCN = -0.54 + 3.55*kobs_MeCN + 4.40*HOMO - 0.00*Ar_I_C=O + 0.32*Energy_C1-O
indigo_aryl_alkyl,ln(kobs)_MeCN,5,ln(kobs)_toluene|LUMO|Ar_NBO_C1_x|Ster_L|Ar_I_C=O,0.9531641298542238,0.8994046184945922,0.11672196376287335,LOOCV,ln(kobs)_MeCN = -12.55 + 0.85*ln(kobs)_toluene + 5.66*LUMO + 16.30*Ar_NBO_C1_x - 0.02*Ster_L + 0.00*Ar_I_C=O
indigo_aryl_alkyl,ln(kobs)_MeCN,4,kobs_MeCN|HOMO|LUMO|Ster_B5,0.9395029879386851,0.8993408239166629,0.13265702447113517,LOOCV,ln(kobs)_MeCN = -1.53 + 3.54*kobs_MeCN + 2.70*HOMO + 1.19*LUMO + 0.01*Ster_B5
indigo_aryl_alkyl,ln(kobs)_MeCN,5,kobs_MeCN|ln(kobs)_toluene|Entry|Ar_I_C=O|Energy_C1-O,0.9689482615903091,0.8993402628932848,0.09503996078796442,LOOCV,ln(kobs)_MeCN = 0.22 + 1.59*kobs_MeCN + 0.68*ln(kobs)_toluene - 0.00*Entry + 0.00*Ar_I_C=O + 0.76*Energy_C1-O
indigo_aryl_alkyl,ln(kobs)_MeCN,5,kobs_MeCN|ln(kobs)_toluene|Ster_L|Entry|polarizability,0.9557761780870808,0.8993249190825678,0.11342046546812408,LOOCV,ln(kobs)_MeCN = -0.98 + 2.29*kobs_MeCN + 0.47*ln(kobs)_toluene + 0.00*Ster_L - 0.00*Entry + 0.00*polarizability
indigo_aryl_alkyl,ln(kobs)_MeCN,4,ln(kobs)_toluene|kobs_toluene|HOMO|LUMO,0.948934923575691,0.8992896112232196,0.1218779896803166,LOOCV,ln(kobs)_MeCN = 2.90 + 1.17*ln(kobs)_toluene - 3.04*kobs_toluene + 3.58*HOMO + 3.74*LUMO
indigo_aryl_alkyl,ln(kobs)_MeCN,4,kobs_MeCN|Ar_NBO_-O|Ster_L|Entry,0.9438870768577745,0.899288625713828,0.12775995075143678,LOOCV,ln(kobs)_MeCN = -11.99 + 3.52*kobs_MeCN - 13.37*Ar_NBO_-O + 0.02*Ster_L + 0.01*Entry
indigo_aryl_alkyl,ln(kobs)_MeCN,5,kobs_MeCN|ln(kobs)_toluene|Ar_NBO_=O|Ster_B1|Occupancy_C1-O,0.9727752363742909,0.8992881733823963,0.08899084855083812,LOOCV,ln(kobs)_MeCN = -118.74 + 1.78*kobs_MeCN + 0.52*ln(kobs)_toluene - 12.31*Ar_NBO_=O - 0.11*Ster_B1 + 55.58*Occupancy_C1-O
indigo_aryl_alkyl,ln(kobs)_MeCN,5,ln(kobs)_toluene|HOMO|Ar_NBO_-O|Ster_L|Energy_C1-O,0.9639794671538473,0.899239791491777,0.10236190401281108,LOOCV,ln(kobs)_MeCN = -9.55 + 0.93*ln(kobs)_toluene + 3.99*HOMO - 17.80*Ar_NBO_-O - 0.02*Ster_L + 0.72*Energy_C1-O
indigo_aryl_alkyl,ln(kobs)_MeCN,5,ln(kobs)_toluene|LUMO|Ar_NBO_C1_x|Ar_I_C=O|Occupancy_C1-O,0.952501237690454,0.8992137401119861,0.11754507451752938,LOOCV,ln(kobs)_MeCN = -71.36 + 0.82*ln(kobs)_toluene + 6.19*LUMO + 16.44*Ar_NBO_C1_x + 0.00*Ar_I_C=O + 29.35*Occupancy_C1-O
indigo_aryl_alkyl,ln(kobs)_MeCN,5,kobs_MeCN|Ar_v_C=O|L_C1-C2|Occupancy_C1-O|Energy_C1-O,0.9520066279606911,0.8991602305559787,0.11815549430424424,LOOCV,ln(kobs)_MeCN = -91.39 + 3.31*kobs_MeCN - 0.04*Ar_v_C=O + 23.32*L_C1-C2 + 63.91*Occupancy_C1-O + 0.44*Energy_C1-O
indigo_aryl_alkyl,ln(kobs)_MeCN,3,kobs_MeCN|Ster_L|Ster_B5,0.9370800112455017,0.8991566910312974,0.13528747998002486,LOOCV,ln(kobs)_MeCN = -2.72 + 3.80*kobs_MeCN + 0.02*Ster_L + 0.01*Ster_B5
indigo_aryl_alkyl,ln(kobs)_MeCN,3,kobs_MeCN|Ar_NBO_=O|LUMO,0.9425095350272915,0.8990593928619489,0.12931866113071872,LOOCV,ln(kobs)_MeCN = -9.71 + 3.44*kobs_MeCN - 12.22*Ar_NBO_=O - 0.01*LUMO
indigo_aryl_alkyl,ln(kobs)_MeCN,4,kobs_MeCN|Ar_v_C=O|Ster_L|Ster_B5,0.9432821292990402,0.8990398009807259,0.12844678787121705,LOOCV,ln(kobs)_MeCN = 17.46 + 3.53*kobs_MeCN - 0.01*Ar_v_C=O + 0.02*Ster_L + 0.01*Ster_B5
indigo_aryl_alkyl,ln(kobs)_MeCN,4,ln(kobs)_toluene|Ar_NBO_-O|Ar_NBO_C1_x|L_C1-C2,0.9454214274094539,0.8990160869770547,0.12600111134019384,LOOCV,ln(kobs)_MeCN = -2.31 + 0.89*ln(kobs)_toluene - 16.92*Ar_NBO_-O + 10.13*Ar_NBO_C1_x - 11.50*L_C1-C2
indigo_aryl_alkyl,ln(kobs)_MeCN,5,ln(kobs)_toluene|HOMO|Ar_v_C=O|Ar_I_C=O|polarizability,0.9566472855674373,0.8990143364463926,0.11229784870427476,LOOCV,ln(kobs)_MeCN = 6.89 + 0.90*ln(kobs)_toluene + 6.78*HOMO - 0.00*Ar_v_C=O + 0.00*Ar_I_C=O - 0.00*polarizability
indigo_aryl_alkyl,ln(kobs)_MeCN,4,kobs_MeCN|LUMO|Ar_NBO_C1_x|Ster_B5,0.9413531988339814,0.8989642533127264,0.1306127139196297,LOOCV,ln(kobs)_MeCN = -9.45 + 3.37*kobs_MeCN + 4.22*LUMO + 8.91*Ar_NBO_C1_x + 0.02*Ster_B5
indigo_aryl_alkyl,ln(kobs)_MeCN,5,ln(kobs)_toluene|Ar_v_C=O|Ar_NBO_-O|Ster_L|Ar_I_C=O,0.9523585592436502,0.8989524908877192,0.11772148514683947,LOOCV,ln(kobs)_MeCN = -30.15 + 0.98*ln(kobs)_toluene + 0.00*Ar_v_C=O - 33.01*Ar_NBO_-O - 0.03*Ster_L + 0.00*Ar_I_C=O
indigo_aryl_alkyl,ln(kobs)_MeCN,4,ln(kobs)_toluene|Ar_NBO_=O|polarizability|Occupancy_C1-O,0.95261330577802,0.8989513360941617,0.11740632531298843,LOOCV,ln(kobs)_MeCN = -123.71 + 0.89*ln(kobs)_toluene - 21.24*Ar_NBO_=O - 0.00*polarizability + 56.04*Occupancy_C1-O
indigo_aryl_alkyl,ln(kobs)_MeCN,5,ln(kobs)_toluene|Ster_L|Entry|Ar_I_C=O|Energy_C1-O,0.9549004409015618,0.8989499281354233,0.1145379582429951,LOOCV,ln(kobs)_MeCN = 1.58 + 1.09*ln(kobs)_toluene - 0.00*Ster_L - 0.01*Entry + 0.00*Ar_I_C=O + 0.90*Energy_C1-O
indigo_aryl_alkyl,ln(kobs)_MeCN,4,ln(kobs)_toluene|kobs_toluene|HOMO|Ster_L,0.9478787876182803,0.8989275950353905,0.12313188941646125,LOOCV,ln(kobs)_MeCN = 3.67 + 1.20*ln(kobs)_toluene - 2.69*kobs_toluene + 5.55*HOMO - 0.03*Ster_L
indigo_aryl_alkyl,ln(kobs)_MeCN,5,ln(kobs)_toluene|HOMO|Ar_v_C=O|Ar_NBO_-O|Entry,0.9555046786693228,0.8988859661309805,0.11376808889180696,LOOCV,ln(kobs)_MeCN = -18.78 + 0.91*ln(kobs)_toluene + 4.35*HOMO + 0.00*Ar_v_C=O - 21.37*Ar_NBO_-O - 0.01*Entry
indigo_aryl_alkyl,ln(kobs)_MeCN,5,ln(kobs)_toluene|Ar_v_C=O|Ar_NBO_C1_x|Ster_L|Occupancy_C1-O,0.9519888012489578,0.8988642069655218,0.11817743617131528,LOOCV,ln(kobs)_MeCN = -53.44 + 0.82*ln(kobs)_toluene - 0.03*Ar_v_C=O + 18.76*Ar_NBO_C1_x - 0.03*Ster_L + 45.32*Occupancy_C1-O
indigo_aryl_alkyl,ln(kobs)_MeCN,4,kobs_MeCN|HOMO|Ar_NBO_C1_x|Ster_L,0.9422845429015144,0.8988520652360553,0.1295714619139582,LOOCV,ln(kobs)_MeCN = -3.60 + 3.43*kobs_MeCN + 3.33*HOMO + 2.67*Ar_NBO_C1_x + 0.02*Ster_L
indigo_aryl_alkyl,ln(kobs)_MeCN,3,ln(kobs)_toluene|Ar_I_C=O|Ster_B5,0.9342538277170989,0.8988282968127304,0.13829246753034308,LOOCV,ln(kobs)_MeCN = 0.45 + 1.01*ln(kobs)_toluene + 0.00*Ar_I_C=O - 0.02*Ster_B5
indigo_aryl_alkyl,ln(kobs)_MeCN,5,kobs_MeCN|ln(kobs)_toluene|Ar_NBO_-O|Ster_L|Energy_C1-O,0.9709551328039715,0.8988167841876541,0.09191745402674728,LOOCV,ln(kobs)_MeCN = -9.89 + 1.75*kobs_MeCN + 0.58*ln(kobs)_toluene - 14.26*Ar_NBO_-O + 0.01*Ster_L + 0.66*Energy_C1-O
indigo_aryl_alkyl,ln(kobs)_MeCN,4,kobs_MeCN|ln(kobs)_toluene|Ster_L|Occupancy_C1-O,0.956790503053229,0.8987578298233754,0.11211220496230645,LOOCV,ln(kobs)_MeCN = -57.71 + 2.38*kobs_MeCN + 0.44*ln(kobs)_toluene + 0.01*Ster_L + 28.37*Occupancy_C1-O
indigo_aryl_alkyl,ln(kobs)_MeCN,4,ln(kobs)_toluene|Ar_v_C=O|Ar_NBO_C1_x|Entry,0.9415325037505892,0.898736686020874,0.13041289543641243,LOOCV,ln(kobs)_MeCN = 34.27 + 0.87*ln(kobs)_toluene - 0.02*Ar_v_C=O + 8.66*Ar_NBO_C1_x - 0.01*Entry
indigo_aryl_alkyl,ln(kobs)_MeCN,3,kobs_MeCN|LUMO|Ster_B5,0.9367525764050705,0.8987349277337107,0.135639040377767,LOOCV,ln(kobs)_MeCN = -2.45 + 3.73*kobs_MeCN + 2.22*LUMO + 0.02*Ster_B5
indigo_aryl_alkyl,ln(kobs)_MeCN,3,kobs_MeCN|HOMO|Ar_v_C=O,0.9407411884908632,0.8987299672549385,0.1312924514918986,LOOCV,ln(kobs)_MeCN = 12.21 + 3.46*kobs_MeCN + 2.52*HOMO - 0.01*Ar_v_C=O
indigo_aryl_alkyl,ln(kobs)_MeCN,5,ln(kobs)_toluene|kobs_toluene|Ar_NBO_-O|Entry|Ar_I_C=O,0.9569768157895734,0.898661899206191,0.11187023851710924,LOOCV,ln(kobs)_MeCN = -10.68 + 1.22*ln(kobs)_toluene - 2.22*kobs_toluene - 17.02*Ar_NBO_-O - 0.01*Entry + 0.00*Ar_I_C=O
indigo_aryl_alkyl,ln(kobs)_MeCN,4,kobs_MeCN|Ar_NBO_=O|Ar_I_C=O|Occupancy_C1-O,0.9471593784357359,0.8986472098437375,0.12397874842783742,LOOCV,ln(kobs)_MeCN = -122.18 + 3.43*kobs_MeCN - 15.01*Ar_NBO_=O - 0.00*Ar_I_C=O + 55.59*Occupancy_C1-O
indigo_aryl_alkyl,ln(kobs)_MeCN,5,kobs_MeCN|ln(kobs)_toluene|Ar_I_C=O|L_C1-C2|Energy_C1-O,0.9690370302904154,0.898646007468864,0.094904016516786,LOOCV,ln(kobs)_MeCN = 4.64 + 1.71*kobs_MeCN + 0.63*ln(kobs)_toluene + 0.00*Ar_I_C=O - 3.00*L_C1-C2 + 0.78*Energy_C1-O
indigo_aryl_alkyl,ln(kobs)_MeCN,4,kobs_MeCN|Ar_v_C=O|Ar_NBO_C1_x|Ar_I_C=O,0.9414138726843475,0.8985978762574756,0.13054513285096922,LOOCV,ln(kobs)_MeCN = 23.64 + 3.30*kobs_MeCN - 0.02*Ar_v_C=O + 7.76*Ar_NBO_C1_x + 0.00*Ar_I_C=O
indigo_aryl_alkyl,ln(kobs)_MeCN,5,ln(kobs)_toluene|Ar_v_C=O|Entry|Ar_I_C=O|Ster_B1,0.9560622239632789,0.8985844614822142,0.11305306066705902,LOOCV,ln(kobs)_MeCN = 19.48 + 1.04*ln(kobs)_toluene - 0.01*Ar_v_C=O - 0.01*Entry + 0.00*Ar_I_C=O - 0.18*Ster_B1
indigo_aryl_alkyl,ln(kobs)_MeCN,3,kobs_MeCN|Ar_v_C=O|Ar_I_C=O,0.9371724094549649,0.898527452863053,0.13518810843114396,LOOCV,ln(kobs)_MeCN = 22.81 + 3.60*kobs_MeCN - 0.01*Ar_v_C=O - 0.00*Ar_I_C=O
indigo_aryl_alkyl,ln(kobs)_MeCN,4,kobs_MeCN|Ar_NBO_-O|Ar_NBO_C1_x|Ster_L,0.9396669467743295,0.8985153539908383,0.13247713915589848,LOOCV,ln(kobs)_MeCN = -9.76 + 3.66*kobs_MeCN - 12.40*Ar_NBO_-O - 1.95*Ar_NBO_C1_x + 0.02*Ster_L
indigo_aryl_alkyl,ln(kobs)_MeCN,3,kobs_MeCN|HOMO|polarizability,0.9390584415209012,0.8985123254408626,0.13314353003390667,LOOCV,ln(kobs)_MeCN = -1.48 + 3.57*kobs_MeCN + 3.07*HOMO + 0.00*polarizability
indigo_aryl_alkyl,ln(kobs)_MeCN,3,ln(kobs)_toluene|HOMO|Occupancy_C1-O,0.9360708197994867,0.8985121948135222,0.13636812106493626,LOOCV,ln(kobs)_MeCN = -3.05 + 0.90*ln(kobs)_toluene + 4.89*HOMO + 2.63*Occupancy_C1-O
indigo_aryl_alkyl,ln(kobs)_MeCN,4,ln(kobs)_toluene|Ar_v_C=O|Ar_NBO_C1_x|Ster_B5,0.9404226262953123,0.898507992839575,0.1316448779994664,LOOCV,ln(kobs)_MeCN = 32.56 + 0.83*ln(kobs)_toluene - 0.02*Ar_v_C=O + 11.10*Ar_NBO_C1_x - 0.01*Ster_B5
indigo_aryl_alkyl,ln(kobs)_MeCN,5,ln(kobs)_toluene|Ar_NBO_=O|LUMO|Entry|Ar_I_C=O,0.954150241948751,0.8985032962041059,0.11548665784219972,LOOCV,ln(kobs)_MeCN = -3.85 + 0.95*ln(kobs)_toluene - 7.41*Ar_NBO_=O + 2.39*LUMO - 0.01*Entry + 0.00*Ar_I_C=O
indigo_aryl_alkyl,ln(kobs)_MeCN,3,ln(kobs)_toluene|Ar_NBO_=O|HOMO,0.9432132786532706,0.8984736836247221,0.12852472593512385,LOOCV,ln(kobs)_MeCN = -4.72 + 0.85*ln(kobs)_toluene - 10.21*Ar_NBO_=O + 2.79*HOMO
indigo_aryl_alkyl,ln(kobs)_MeCN,4,kobs_MeCN|Ar_NBO_-O|Ar_NBO_C1_x|Energy_C1-O,0.9353051350783621,0.8984179792899237,0.13718233609343755,LOOCV,ln(kobs)_MeCN = -14.56 + 3.67*kobs_MeCN - 16.35*Ar_NBO_-O + 0.87*Ar_NBO_C1_x + 0.03*Energy_C1-O
indigo_aryl_alkyl,ln(kobs)_MeCN,4,kobs_MeCN|HOMO|Ster_B5|Energy_C1-O,0.9415317146158119,0.8984114153980493,0.13041377552373049,LOOCV,ln(kobs)_MeCN = -1.22 + 3.68*kobs_MeCN + 2.50*HOMO + 0.02*Ster_B5 + 0.48*Energy_C1-O
indigo_aryl_alkyl,ln(kobs)_MeCN,5,ln(kobs)_toluene|kobs_toluene|HOMO|polarizability|Ster_B1,0.9606593859666286,0.8984079403303723,0.10697538449148035,LOOCV,ln(kobs)_MeCN = 4.44 + 1.15*ln(kobs)_toluene - 2.97*kobs_toluene + 8.96*HOMO - 0.00*polarizability + 0.14*Ster_B1
indigo_aryl_alkyl,ln(kobs)_MeCN,3,ln(kobs)_toluene|Ar_v_C=O|Ar_NBO_-O,0.9410365918418759,0.8984005169910563,0.13096479823204984,LOOCV,ln(kobs)_MeCN = -14.76 + 0.92*ln(kobs)_toluene - 0.00*Ar_v_C=O - 27.41*Ar_NBO_-O
indigo_aryl_alkyl,ln(kobs)_MeCN,5,ln(kobs)_toluene|Ar_NBO_=O|HOMO|Ar_NBO_-O|Ster_L,0.9590567372904435,0.8983771570323276,0.10913260275609547,LOOCV,ln(kobs)_MeCN = -17.69 + 0.91*ln(kobs)_toluene + 4.74*Ar_NBO_=O + 4.15*HOMO - 32.60*Ar_NBO_-O - 0.04*Ster_L
indigo_aryl_alkyl,ln(kobs)_MeCN,4,kobs_MeCN|Ster_L|L_C1-C2|Energy_C1-O,0.9435130875851031,0.8983461244290271,0.12818499990652202,LOOCV,ln(kobs)_MeCN = 5.40 + 3.72*kobs_MeCN + 0.04*Ster_L - 5.08*L_C1-C2 + 0.64*Energy_C1-O
indigo_aryl_alkyl,ln(kobs)_MeCN,4,ln(kobs)_toluene|HOMO|LUMO|Ster_L,0.9440852151499614,0.8983190056445789,0.12753418703221742,LOOCV,ln(kobs)_MeCN = 2.38 + 0.90*ln(kobs)_toluene + 4.63*HOMO + 2.07*LUMO - 0.02*Ster_L
indigo_aryl_alkyl,ln(kobs)_MeCN,5,ln(kobs)_toluene|Ar_v_C=O|Ar_NBO_-O|Entry|Occupancy_C1-O,0.951238182106941,0.8983161474561474,0.11909766122526347,LOOCV,ln(kobs)_MeCN = -154.63 + 0.97*ln(kobs)_toluene - 0.00*Ar_v_C=O - 31.53*Ar_NBO_-O - 0.01*Entry + 70.20*Occupancy_C1-O
indigo_aryl_alkyl,ln(kobs)_MeCN,4,kobs_MeCN|LUMO|Ster_L|Ster_B5,0.9430548535539598,0.8982990222817798,0.1287038819109408,LOOCV,ln(kobs)_MeCN = -2.56 + 3.51*kobs_MeCN + 3.26*LUMO + 0.03*Ster_L + 0.01*Ster_B5
indigo_aryl_alkyl,ln(kobs)_MeCN,5,kobs_MeCN|ln(kobs)_toluene|Ster_L|polarizability|Ster_B5,0.9561292230959016,0.898261733545308,0.11296683251219604,LOOCV,ln(kobs)_MeCN = -1.13 + 2.36*kobs_MeCN + 0.45*ln(kobs)_toluene + 0.01*Ster_L - 0.00*polarizability + 0.01*Ster_B5
indigo_aryl_alkyl,ln(kobs)_MeCN,4,ln(kobs)_toluene|Ar_NBO_=O|polarizability|Ster_B1,0.9487073245887153,0.8981820023725725,0.12214929512847379,LOOCV,ln(kobs)_MeCN = -9.39 + 0.91*ln(kobs)_toluene - 17.22*Ar_NBO_=O - 0.00*polarizability - 0.08*Ster_B1
indigo_aryl_alkyl,ln(kobs)_MeCN,5,ln(kobs)_toluene|kobs_toluene|HOMO|Entry|Ar_I_C=O,0.9588816038375421,0.8980806962488989,0.10936575924287033,LOOCV,ln(kobs)_MeCN = 2.68 + 1.26*ln(kobs)_toluene - 2.78*kobs_toluene + 3.77*HOMO - 0.01*Entry + 0.00*Ar_I_C=O
indigo_aryl_alkyl,ln(kobs)_MeCN,4,kobs_MeCN|kobs_toluene|Ar_NBO_=O|Ar_NBO_-O,0.9441019978401215,0.8980804095108924,0.12751504605383282,LOOCV,ln(kobs)_MeCN = -2.58 + 3.48*kobs_MeCN - 0.23*kobs_toluene - 19.72*Ar_NBO_=O + 16.57*Ar_NBO_-O
indigo_aryl_alkyl,ln(kobs)_MeCN,5,kobs_MeCN|Ar_v_C=O|Entry|L_C1-C2|Occupancy_C1-O,0.9513413830836583,0.8980161869255242,0.11897156353609509,LOOCV,ln(kobs)_MeCN = -55.91 + 3.23*kobs_MeCN - 0.04*Ar_v_C=O + 0.00*Entry + 21.45*L_C1-C2 + 43.41*Occupancy_C1-O
indigo_aryl_alkyl,ln(kobs)_MeCN,4,ln(kobs)_toluene|Ar_NBO_=O|Entry|polarizability,0.9488009707425064,0.8980115721905028,0.12203773887430423,LOOCV,ln(kobs)_MeCN = -10.08 + 0.91*ln(kobs)_toluene - 18.22*Ar_NBO_=O - 0.00*Entry - 0.00*polarizability
indigo_aryl_alkyl,ln(kobs)_MeCN,3,kobs_MeCN|Ster_L|Entry,0.9394001492272201,0.8980061103939893,0.13276972825850689,LOOCV,ln(kobs)_MeCN = -2.73 + 3.71*kobs_MeCN + 0.03*Ster_L + 0.01*Entry
indigo_aryl_alkyl,ln(kobs)_MeCN,3,kobs_MeCN|Ar_NBO_=O|Ar_v_C=O,0.9425099431955842,0.8979470893659793,0.12931820206441225,LOOCV,ln(kobs)_MeCN = -10.03 + 3.44*kobs_MeCN - 12.30*Ar_NBO_=O + 0.00*Ar_v_C=O
indigo_aryl_alkyl,ln(kobs)_MeCN,5,ln(kobs)_toluene|Ar_NBO_-O|Ar_NBO_C1_x|L_C1-C2|Ster_B1,0.9524449902139478,0.8979422275046929,0.11761465167391395,LOOCV,ln(kobs)_MeCN = 2.08 + 0.94*ln(kobs)_toluene - 12.77*Ar_NBO_-O + 10.91*Ar_NBO_C1_x - 12.59*L_C1-C2 - 0.19*Ster_B1
indigo_aryl_alkyl,ln(kobs)_MeCN,5,ln(kobs)_toluene|Entry|Ar_I_C=O|Ster_B5|Energy_C1-O,0.9548996001988739,0.897916322062074,0.11453902579135423,LOOCV,ln(kobs)_MeCN = 1.58 + 1.09*ln(kobs)_toluene - 0.01*Entry + 0.00*Ar_I_C=O + 0.00*Ster_B5 + 0.90*Energy_C1-O
indigo_aryl_alkyl,ln(kobs)_MeCN,4,kobs_MeCN|Ar_NBO_=O|LUMO|Ster_B5,0.9451810143723903,0.8979036201231243,0.12627831742172774,LOOCV,ln(kobs)_MeCN = -8.82 + 3.44*kobs_MeCN - 10.64*Ar_NBO_=O + 0.27*LUMO + 0.02*Ster_B5
indigo_aryl_alkyl,ln(kobs)_MeCN,5,kobs_MeCN|ln(kobs)_toluene|Ar_NBO_C1_x|polarizability|Ster_B5,0.9560530309897227,0.8978759873850245,0.11306488693063535,LOOCV,ln(kobs)_MeCN = -2.11 + 2.29*kobs_MeCN + 0.46*ln(kobs)_toluene + 1.37*Ar_NBO_C1_x - 0.00*polarizability + 0.01*Ster_B5
indigo_aryl_alkyl,ln(kobs)_MeCN,5,kobs_MeCN|ln(kobs)_toluene|LUMO|polarizability|Ster_B5,0.9603026456716872,0.8978470134995523,0.10745931575516462,LOOCV,ln(kobs)_MeCN = -0.81 + 2.06*kobs_MeCN + 0.47*ln(kobs)_toluene + 2.67*LUMO + 0.00*polarizability + 0.00*Ster_B5
indigo_aryl_alkyl,ln(kobs)_MeCN,3,ln(kobs)_toluene|Ar_NBO_-O|Ar_NBO_C1_x,0.9415094365200122,0.8978228669496685,0.13043861885427238,LOOCV,ln(kobs)_MeCN = -21.51 + 0.91*ln(kobs)_toluene - 28.76*Ar_NBO_-O + 2.55*Ar_NBO_C1_x
indigo_aryl_alkyl,ln(kobs)_MeCN,5,ln(kobs)_toluene|kobs_toluene|Ar_NBO_=O|HOMO|Ster_L,0.9567251226713,0.8978090366471796,0.11219699150989797,LOOCV,ln(kobs)_MeCN = -4.41 + 1.10*ln(kobs)_toluene - 2.09*kobs_toluene - 11.86*Ar_NBO_=O + 3.30*HOMO - 0.04*Ster_L
indigo_aryl_alkyl,ln(kobs)_MeCN,4,kobs_MeCN|Ar_v_C=O|Ar_NBO_C1_x|Ster_L,0.9433457789061018,0.897773024512614,0.12837469522692746,LOOCV,ln(kobs)_MeCN = 20.57 + 3.36*kobs_MeCN - 0.01*Ar_v_C=O + 4.50*Ar_NBO_C1_x + 0.02*Ster_L
indigo_aryl_alkyl,ln(kobs)_MeCN,4,kobs_MeCN|HOMO|Ar_NBO_C1_x|polarizability,0.9409283135509328,0.8977658711465694,0.13108499260965473,LOOCV,ln(kobs)_MeCN = -5.25 + 3.37*kobs_MeCN + 4.10*HOMO + 5.19*Ar_NBO_C1_x + 0.00*polarizability
indigo_aryl_alkyl,ln(kobs)_MeCN,4,kobs_MeCN|Ar_NBO_=O|Entry|Ster_B5,0.9474865531151287,0.8977196452830704,0.12359433119822227,LOOCV,ln(kobs)_MeCN = -9.06 + 3.37*kobs_MeCN - 11.00*Ar_NBO_=O + 0.01*Entry + 0.01*Ster_B5
indigo_aryl_alkyl,ln(kobs)_MeCN,4,kobs_MeCN|Ar_NBO_=O|Ar_NBO_-O|LUMO,0.9440714414610273,0.8977192565263699,0.12754989404119804,LOOCV,ln(kobs)_MeCN = -2.96 + 3.38*kobs_MeCN - 19.08*Ar_NBO_=O + 15.48*Ar_NBO_-O + 0.22*LUMO
indigo_aryl_alkyl,ln(kobs)_MeCN,4,ln(kobs)_toluene|Ar_NBO_-O|Ar_NBO_C1_x|Ster_B1,0.9477746360338948,0.8976425153143319,0.1232548526072191,LOOCV,ln(kobs)_MeCN = -19.10 + 0.96*ln(kobs)_toluene - 25.91*Ar_NBO_-O + 2.60*Ar_NBO_C1_x - 0.18*Ster_B1
indigo_aryl_alkyl,ln(kobs)_MeCN,5,ln(kobs)_toluene|HOMO|Ar_v_C=O|L_C1-C2|Ster_B5,0.9562696082219064,0.8976362239436803,0.11278594250472682,LOOCV,ln(kobs)_MeCN = -1.97 + 0.87*ln(kobs)_toluene + 8.64*HOMO + 0.00*Ar_v_C=O - 1.50*L_C1-C2 - 0.05*Ster_B5
indigo_aryl_alkyl,ln(kobs)_MeCN,5,ln(kobs)_toluene|LUMO|Entry|Ar_I_C=O|polarizability,0.9510377861393284,0.897569457917881,0.11934213755093281,LOOCV,ln(kobs)_MeCN = 0.73 + 1.03*ln(kobs)_toluene + 3.28*LUMO - 0.01*Entry + 0.00*Ar_I_C=O - 0.00*polarizability
indigo_aryl_alkyl,ln(kobs)_MeCN,4,kobs_MeCN|Ar_NBO_=O|Ar_NBO_C1_x|Entry,0.9488221048712957,0.8975654270288296,0.12201254867497936,LOOCV,ln(kobs)_MeCN = -13.38 + 3.21*kobs_MeCN - 11.30*Ar_NBO_=O + 5.21*Ar_NBO_C1_x + 0.01*Entry
indigo_aryl_alkyl,ln(kobs)_MeCN,3,kobs_MeCN|kobs_toluene|Ar_NBO_=O,0.9426070876476571,0.8975420725236125,0.12920889744727973,LOOCV,ln(kobs)_MeCN = -9.79 + 3.33*kobs_MeCN + 0.28*kobs_toluene - 12.35*Ar_NBO_=O
indigo_aryl_alkyl,ln(kobs)_MeCN,4,ln(kobs)_toluene|Ar_v_C=O|Entry|Occupancy_C1-O,0.9388221450636147,0.897522431490636,0.1334014074738369,LOOCV,ln(kobs)_MeCN = -29.75 + 0.98*ln(kobs)_toluene - 0.02*Ar_v_C=O - 0.01*Entry + 33.66*Occupancy_C1-O
indigo_aryl_alkyl,ln(kobs)_MeCN,5,ln(kobs)_toluene|kobs_toluene|Ster_L|Entry|Ar_I_C=O,0.9529369193906919,0.8975222891326596,0.1170047423804721,LOOCV,ln(kobs)_MeCN = 1.79 + 1.41*ln(kobs)_toluene - 3.13*kobs_toluene - 0.02*Ster_L - 0.01*Entry + 0.00*Ar_I_C=O
indigo_aryl_alkyl,ln(kobs)_MeCN,4,kobs_MeCN|Ar_NBO_-O|LUMO|Ster_B5,0.9432952311063558,0.8975195781864924,0.1284319514339365,LOOCV,ln(kobs)_MeCN = -14.61 + 3.56*kobs_MeCN - 17.29*Ar_NBO_-O + 0.56*LUMO + 0.03*Ster_B5
indigo_aryl_alkyl,ln(kobs)_MeCN,4,kobs_MeCN|HOMO|Ar_NBO_-O|Occupancy_C1-O,0.9437925191985218,0.8975083867811139,0.12786755160443153,LOOCV,ln(kobs)_MeCN = -92.06 + 3.47*kobs_MeCN + 2.58*HOMO - 15.33*Ar_NBO_-O + 39.99*Occupancy_C1-O
indigo_aryl_alkyl,ln(kobs)_MeCN,5,ln(kobs)_toluene|Ar_v_C=O|Ar_NBO_-O|Ar_I_C=O|polarizability,0.9510681846724214,0.8975036213720435,0.11930508459829064,LOOCV,ln(kobs)_MeCN = -18.73 + 0.95*ln(kobs)_toluene + 0.00*Ar_v_C=O - 26.28*Ar_NBO_-O + 0.00*Ar_I_C=O - 0.00*polarizability
indigo_aryl_alkyl,ln(kobs)_MeCN,3,kobs_MeCN|Ar_NBO_-O|LUMO,0.9355339329167355,0.8974910438206272,0.1369395438581553,LOOCV,ln(kobs)_MeCN = -12.87 + 3.65*kobs_MeCN - 14.94*Ar_NBO_-O + 0.80*LUMO
indigo_aryl_alkyl,ln(kobs)_MeCN,4,kobs_MeCN|Ar_NBO_=O|HOMO|LUMO,0.944432520726691,0.8974894511446678,0.1271374911569855,LOOCV,ln(kobs)_MeCN = -7.41 + 3.36*kobs_MeCN - 9.37*Ar_NBO_=O + 1.84*HOMO - 0.19*LUMO
indigo_aryl_alkyl,ln(kobs)_MeCN,4,kobs_MeCN|HOMO|Ar_I_C=O|Occupancy_C1-O,0.9396854713775031,0.897485408016233,0.13245679976724462,LOOCV,ln(kobs)_MeCN = -28.42 + 3.56*kobs_MeCN + 4.12*HOMO - 0.00*Ar_I_C=O + 13.75*Occupancy_C1-O
indigo_aryl_alkyl,ln(kobs)_MeCN,5,kobs_MeCN|Ar_v_C=O|polarizability|Occupancy_C1-O|Energy_C1-O,0.952355179636405,0.8974799359797188,0.11772566055927763,LOOCV,ln(kobs)_MeCN = -119.00 + 3.79*kobs_MeCN - 0.01*Ar_v_C=O + 0.00*polarizability + 64.73*Occupancy_C1-O + 1.18*Energy_C1-O
indigo_aryl_alkyl,ln(kobs)_MeCN,4,kobs_MeCN|HOMO|Ar_v_C=O|Ar_I_C=O,0.9418178871828301,0.8974156983230498,0.13009422943633184,LOOCV,ln(kobs)_MeCN = 13.99 + 3.44*kobs_MeCN + 3.10*HOMO - 0.01*Ar_v_C=O - 0.00*Ar_I_C=O
indigo_aryl_alkyl,ln(kobs)_MeCN,4,kobs_MeCN|Ar_NBO_=O|Ar_NBO_C1_x|Occupancy_C1-O,0.9483799307088419,0.8973972147445948,0.12253850586931021,LOOCV,ln(kobs)_MeCN = -145.54 + 3.33*kobs_MeCN - 14.92*Ar_NBO_=O + 4.17*Ar_NBO_C1_x + 65.63*Occupancy_C1-O
indigo_aryl_alkyl,ln(kobs)_MeCN,5,ln(kobs)_toluene|Entry|Ar_I_C=O|Ster_B1|Energy_C1-O,0.9549324507204203,0.8973811777524723,0.11449730385352434,LOOCV,ln(kobs)_MeCN = 1.62 + 1.09*ln(kobs)_toluene - 0.01*Entry + 0.00*Ar_I_C=O + 0.03*Ster_B1 + 0.99*Energy_C1-O
indigo_aryl_alkyl,ln(kobs)_MeCN,4,ln(kobs)_toluene|Ar_NBO_-O|Entry|polarizability,0.9460043273544012,0.8973709728668695,0.125326458332729,LOOCV,ln(kobs)_MeCN = -20.32 + 0.97*ln(kobs)_toluene - 30.36*Ar_NBO_-O - 0.00*Entry - 0.00*polarizability
indigo_aryl_alkyl,ln(kobs)_MeCN,4,kobs_MeCN|LUMO|Ster_L|Ar_I_C=O,0.9423189968044419,0.8973580164575456,0.12953278155656764,LOOCV,ln(kobs)_MeCN = -2.51 + 3.49*kobs_MeCN + 3.61*LUMO + 0.04*Ster_L - 0.00*Ar_I_C=O
indigo_aryl_alkyl,ln(kobs)_MeCN,4,kobs_MeCN|Ar_NBO_=O|L_C1-C2|Ster_B5,0.9453822053143427,0.8973148410187177,0.12604637763957152,LOOCV,ln(kobs)_MeCN = -12.35 + 3.44*kobs_MeCN - 11.87*Ar_NBO_=O + 1.87*L_C1-C2 + 0.01*Ster_B5
indigo_aryl_alkyl,ln(kobs)_MeCN,4,kobs_MeCN|Ster_L|polarizability|Energy_C1-O,0.9451577053337633,0.8973048241560075,0.1263051613456445,LOOCV,ln(kobs)_MeCN = -1.75 + 3.82*kobs_MeCN + 0.01*Ster_L + 0.00*polarizability + 0.96*Energy_C1-O
indigo_aryl_alkyl,ln(kobs)_MeCN,4,kobs_MeCN|Ar_v_C=O|Ar_NBO_-O|Ar_NBO_C1_x,0.9414472973399396,0.8972742895431334,0.1305078881239355,LOOCV,ln(kobs)_MeCN = 27.22 + 3.29*kobs_MeCN - 0.02*Ar_v_C=O + 1.98*Ar_NBO_-O + 8.21*Ar_NBO_C1_x
indigo_aryl_alkyl,ln(kobs)_MeCN,5,ln(kobs)_toluene|HOMO|LUMO|polarizability|Occupancy_C1-O,0.9558669847437625,0.8972689919119503,0.11330396009531131,LOOCV,ln(kobs)_MeCN = 18.65 + 0.88*ln(kobs)_toluene + 7.39*HOMO + 0.93*LUMO - 0.00*polarizability - 7.74*Occupancy_C1-O
indigo_aryl_alkyl,ln(kobs)_MeCN,4,ln(kobs)_toluene|HOMO|LUMO|L_C1-C2,0.9419001329193946,0.8972334810682293,0.13000224687391676,LOOCV,ln(kobs)_MeCN = 3.53 + 0.87*ln(kobs)_toluene + 3.76*HOMO + 2.92*LUMO - 1.10*L_C1-C2
indigo_aryl_alkyl,ln(kobs)_MeCN,4,ln(kobs)_toluene|kobs_toluene|Entry|Ar_I_C=O,0.9501168568508873,0.8972114213190365,0.12045926095783618,LOOCV,ln(kobs)_MeCN = 1.51 + 1.36*ln(kobs)_toluene - 3.00*kobs_toluene - 0.01*Entry + 0.00*Ar_I_C=O
indigo_aryl_alkyl,ln(kobs)_MeCN,4,kobs_MeCN|Ar_NBO_-O|Ar_NBO_C1_x|Entry,0.9432480129093067,0.8972022624614813,0.12848541310382175,LOOCV,ln(kobs)_MeCN = -17.92 + 3.41*kobs_MeCN - 16.02*Ar_NBO_-O + 5.26*Ar_NBO_C1_x + 0.01*Entry
indigo_aryl_alkyl,ln(kobs)_MeCN,4,kobs_MeCN|Ar_NBO_-O|Entry|Ster_B5,0.9449791931464012,0.8971983798546306,0.12651055658741195,LOOCV,ln(kobs)_MeCN = -15.21 + 3.53*kobs_MeCN - 18.10*Ar_NBO_-O + 0.00*Entry + 0.02*Ster_B5
indigo_aryl_alkyl,ln(kobs)_MeCN,5,ln(kobs)_toluene|Entry|Ar_I_C=O|polarizability|Ster_B1,0.9516127638768956,0.8971504486743523,0.11863933316419945,LOOCV,ln(kobs)_MeCN = 1.01 + 1.11*ln(kobs)_toluene - 0.01*Entry + 0.00*Ar_I_C=O + 0.00*polarizability - 0.20*Ster_B1
indigo_aryl_alkyl,ln(kobs)_MeCN,4,kobs_MeCN|Ar_NBO_-O|Ar_NBO_C1_x|Ar_I_C=O,0.9353836455031563,0.8971217228904315,0.13709907204277258,LOOCV,ln(kobs)_MeCN = -14.61 + 3.65*kobs_MeCN - 15.87*Ar_NBO_-O + 1.27*Ar_NBO_C1_x + 0.00*Ar_I_C=O
indigo_aryl_alkyl,ln(kobs)_MeCN,5,ln(kobs)_toluene|LUMO|Ar_NBO_C1_x|Ar_I_C=O|Ster_B5,0.9523521331608357,0.8971182887306061,0.11772942426972,LOOCV,ln(kobs)_MeCN = -11.02 + 0.83*ln(kobs)_toluene + 5.74*LUMO + 14.22*Ar_NBO_C1_x + 0.00*Ar_I_C=O - 0.01*Ster_B5
indigo_aryl_alkyl,ln(kobs)_MeCN,4,kobs_MeCN|kobs_toluene|HOMO|Ar_NBO_-O,0.9418862673462508,0.8971142054782071,0.13001775851121475,LOOCV,ln(kobs)_MeCN = -9.95 + 3.24*kobs_MeCN + 0.51*kobs_toluene + 2.88*HOMO - 12.11*Ar_NBO_-O
indigo_aryl_alkyl,ln(kobs)_MeCN,5,ln(kobs)_toluene|Ar_NBO_=O|Ar_I_C=O|polarizability|Ster_B5,0.9544574720733073,0.8970888067587203,0.1150990809005414,LOOCV,ln(kobs)_MeCN = -9.79 + 0.89*ln(kobs)_toluene - 17.19*Ar_NBO_=O + 0.00*Ar_I_C=O - 0.00*polarizability + 0.02*Ster_B5
indigo_aryl_alkyl,ln(kobs)_MeCN,5,ln(kobs)_toluene|Ar_NBO_=O|Ar_NBO_C1_x|polarizability|Ster_B5,0.954488409323287,0.8970241666690786,0.11505998059000547,LOOCV,ln(kobs)_MeCN = -17.26 + 0.85*ln(kobs)_toluene - 20.92*Ar_NBO_=O + 6.71*Ar_NBO_C1_x - 0.00*polarizability + 0.04*Ster_B5
indigo_aryl_alkyl,ln(kobs)_MeCN,5,ln(kobs)_toluene|Ar_NBO_-O|Ar_NBO_C1_x|Ster_L|L_C1-C2,0.9530972095545754,0.8970041309689366,0.1168053216741671,LOOCV,ln(kobs)_MeCN = -13.54 + 0.93*ln(kobs)_toluene - 24.78*Ar_NBO_-O + 10.83*Ar_NBO_C1_x - 0.03*Ster_L - 7.75*L_C1-C2
indigo_aryl_alkyl,ln(kobs)_MeCN,4,ln(kobs)_toluene|HOMO|Ar_NBO_C1_x|Occupancy_C1-O,0.9436537083151484,0.8970018873358332,0.12802534610523808,LOOCV,ln(kobs)_MeCN = -59.14 + 0.83*ln(kobs)_toluene + 5.58*HOMO + 9.86*Ar_NBO_C1_x + 26.81*Occupancy_C1-O
indigo_aryl_alkyl,ln(kobs)_MeCN,4,kobs_MeCN|Ar_NBO_=O|HOMO|polarizability,0.9444772788794691,0.8969989008680495,0.12708627787842566,LOOCV,ln(kobs)_MeCN = -7.29 + 3.37*kobs_MeCN - 9.04*Ar_NBO_=O + 1.62*HOMO + 0.00*polarizability
indigo_aryl_alkyl,ln(kobs)_MeCN,4,kobs_MeCN|Ar_NBO_=O|Ar_NBO_C1_x|polarizability,0.9434697266237997,0.8969493094433569,0.1282341896951771,LOOCV,ln(kobs)_MeCN = -9.68 + 3.44*kobs_MeCN - 10.73*Ar_NBO_=O + 1.02*Ar_NBO_C1_x + 0.00*polarizability
indigo_aryl_alkyl,ln(kobs)_MeCN,4,kobs_MeCN|Ar_NBO_-O|Entry|Ar_I_C=O,0.9421041766038575,0.8969244564575803,0.12977376555923173,LOOCV,ln(kobs)_MeCN = -15.47 + 3.56*kobs_MeCN - 18.71*Ar_NBO_-O + 0.01*Entry - 0.00*Ar_I_C=O
indigo_aryl_alkyl,ln(kobs)_MeCN,3,kobs_MeCN|Ar_v_C=O|Ar_NBO_-O,0.9380530412028303,0.8969053629548902,0.13423732341542954,LOOCV,ln(kobs)_MeCN = 9.88 + 3.57*kobs_MeCN - 0.01*Ar_v_C=O - 7.72*Ar_NBO_-O
indigo_aryl_alkyl,ln(kobs)_MeCN,4,kobs_MeCN|Ar_v_C=O|Ar_NBO_-O|Ster_B5,0.9436707639424,0.8968016771094001,0.1280059684516414,LOOCV,ln(kobs)_MeCN = -4.27 + 3.54*kobs_MeCN - 0.00*Ar_v_C=O - 14.19*Ar_NBO_-O + 0.02*Ster_B5
indigo_aryl_alkyl,ln(kobs)_MeCN,5,ln(kobs)_toluene|Ar_v_C=O|Ar_NBO_C1_x|polarizability|Occupancy_C1-O,0.9513074608173999,0.8967841073130827,0.11901302671539601,LOOCV,ln(kobs)_MeCN = -87.97 + 0.81*ln(kobs)_toluene - 0.03*Ar_v_C=O + 16.95*Ar_NBO_C1_x - 0.00*polarizability + 64.16*Occupancy_C1-O
indigo_aryl_alkyl,ln(kobs)_MeCN,4,ln(kobs)_toluene|Ar_NBO_C1_x|polarizability|L_C1-C2,0.9423022249667159,0.8967151791195866,0.12955161223539632,LOOCV,ln(kobs)_MeCN = 17.16 + 0.91*ln(kobs)_toluene + 16.56*Ar_NBO_C1_x - 0.00*polarizability - 20.02*L_C1-C2
indigo_aryl_alkyl,ln(kobs)_MeCN,5,ln(kobs)_toluene|Ar_NBO_C1_x|Ar_I_C=O|L_C1-C2|Energy_C1-O,0.9572990375054794,0.896698322248072,0.11145052565458274,LOOCV,ln(kobs)_MeCN = 9.54 + 0.95*ln(kobs)_toluene + 12.09*Ar_NBO_C1_x + 0.00*Ar_I_C=O - 12.04*L_C1-C2 + 0.87*Energy_C1-O
indigo_aryl_alkyl,ln(kobs)_MeCN,3,kobs_MeCN|Ar_NBO_-O|L_C1-C2,0.9352952160165664,0.8966646425498247,0.13719285213607862,LOOCV,ln(kobs)_MeCN = -16.26 + 3.68*kobs_MeCN - 17.53*Ar_NBO_-O + 1.03*L_C1-C2
indigo_aryl_alkyl,ln(kobs)_MeCN,3,kobs_MeCN|Ar_v_C=O|Energy_C1-O,0.9376053954661168,0.896596313440794,0.13472146823124093,LOOCV,ln(kobs)_MeCN = 21.89 + 3.62*kobs_MeCN - 0.01*Ar_v_C=O + 0.17*Energy_C1-O
indigo_aryl_alkyl,ln(kobs)_MeCN,5,kobs_MeCN|Ster_L|Ster_B5|Occupancy_C1-O|Energy_C1-O,0.9556954969195564,0.8964649664607995,0.11352387948006243,LOOCV,ln(kobs)_MeCN = -200.97 + 3.88*kobs_MeCN + 0.06*Ster_L + 0.01*Ster_B5 + 99.93*Occupancy_C1-O + 1.30*Energy_C1-O
indigo_aryl_alkyl,ln(kobs)_MeCN,5,kobs_MeCN|ln(kobs)_toluene|Ster_L|Ar_I_C=O|Energy_C1-O,0.9702892631530181,0.8964062693228605,0.09296511275882699,LOOCV,ln(kobs)_MeCN = 0.01 + 1.85*kobs_MeCN + 0.58*ln(kobs)_toluene + 0.02*Ster_L + 0.00*Ar_I_C=O + 0.93*Energy_C1-O
indigo_aryl_alkyl,ln(kobs)_MeCN,4,ln(kobs)_toluene|Ar_NBO_C1_x|Entry|Ar_I_C=O,0.943424098700308,0.8963841292205355,0.12828593081781076,LOOCV,ln(kobs)_MeCN = -1.40 + 1.05*ln(kobs)_toluene + 2.30*Ar_NBO_C1_x - 0.01*Entry + 0.00*Ar_I_C=O
indigo_aryl_alkyl,ln(kobs)_MeCN,4,kobs_MeCN|Ar_NBO_=O|Ar_I_C=O|polarizability,0.9435535620037625,0.8963683830244719,0.12813906764683952,LOOCV,ln(kobs)_MeCN = -9.00 + 3.46*kobs_MeCN - 11.04*Ar_NBO_=O - 0.00*Ar_I_C=O + 0.00*polarizability
indigo_aryl_alkyl,ln(kobs)_MeCN,5,kobs_MeCN|ln(kobs)_toluene|Ar_I_C=O|Ster_B1|Ster_B5,0.9623323462401273,0.8963584475744607,0.10467610975569637,LOOCV,ln(kobs)_MeCN = -0.59 + 1.87*kobs_MeCN + 0.59*ln(kobs)_toluene + 0.00*Ar_I_C=O - 0.13*Ster_B1 + 0.00*Ster_B5
indigo_aryl_alkyl,ln(kobs)_MeCN,5,kobs_MeCN|ln(kobs)_toluene|Ar_NBO_C1_x|L_C1-C2|Energy_C1-O,0.9689336174355611,0.8963267664336985,0.0950623688061688,LOOCV,ln(kobs)_MeCN = 9.43 + 1.64*kobs_MeCN + 0.61*ln(kobs)_toluene + 6.25*Ar_NBO_C1_x - 9.56*L_C1-C2 + 0.68*Energy_C1-O
indigo_aryl_alkyl,ln(kobs)_MeCN,3,kobs_MeCN|Ar_NBO_C1_x|Ster_L,0.9358078288351982,0.896296537612357,0.13664832781433775,LOOCV,ln(kobs)_MeCN = -0.87 + 3.83*kobs_MeCN - 2.34*Ar_NBO_C1_x + 0.03*Ster_L
indigo_aryl_alkyl,ln(kobs)_MeCN,4,kobs_MeCN|HOMO|Occupancy_C1-O|Energy_C1-O,0.9411221320822187,0.8962542700964022,0.13086976618866558,LOOCV,ln(kobs)_MeCN = -49.74 + 3.60*kobs_MeCN + 3.76*HOMO + 24.51*Occupancy_C1-O + 0.36*Energy_C1-O
indigo_aryl_alkyl,ln(kobs)_MeCN,4,ln(kobs)_toluene|Ar_NBO_=O|Ar_NBO_C1_x|polarizability,0.9494935240840626,0.8962529369881915,0.12120954539496546,LOOCV,ln(kobs)_MeCN = -13.63 + 0.87*ln(kobs)_toluene - 18.48*Ar_NBO_=O + 4.08*Ar_NBO_C1_x - 0.00*polarizability
indigo_aryl_alkyl,ln(kobs)_MeCN,4,ln(kobs)_toluene|Ar_NBO_-O|Ar_I_C=O|Occupancy_C1-O,0.9497035120029877,0.8962214470880291,0.12095730990915936,LOOCV,ln(kobs)_MeCN = -138.50 + 0.92*ln(kobs)_toluene - 30.72*Ar_NBO_-O + 0.00*Ar_I_C=O + 58.90*Occupancy_C1-O
indigo_aryl_alkyl,ln(kobs)_MeCN,5,ln(kobs)_toluene|HOMO|Entry|Occupancy_C1-O|Energy_C1-O,0.965434840990618,0.8962042851900397,0.1002726675399925,LOOCV,ln(kobs)_MeCN = -90.50 + 1.00*ln(kobs)_toluene + 5.53*HOMO - 0.01*Entry + 47.36*Occupancy_C1-O + 1.15*Energy_C1-O
indigo_aryl_alkyl,ln(kobs)_MeCN,5,kobs_MeCN|ln(kobs)_toluene|LUMO|L_C1-C2|Occupancy_C1-O,0.9604863982194547,0.8961798350937633,0.10721032150120657,LOOCV,ln(kobs)_MeCN = -18.26 + 2.01*kobs_MeCN + 0.51*ln(kobs)_toluene + 1.89*LUMO - 2.97*L_C1-C2 + 11.01*Occupancy_C1-O
indigo_aryl_alkyl,ln(kobs)_MeCN,5,kobs_MeCN|ln(kobs)_toluene|Ar_NBO_=O|HOMO|Ster_B1,0.9701507143353277,0.8961734448577036,0.09318162077586704,LOOCV,ln(kobs)_MeCN = -4.13 + 1.71*kobs_MeCN + 0.51*ln(kobs)_toluene - 6.97*Ar_NBO_=O + 1.83*HOMO - 0.10*Ster_B1
indigo_aryl_alkyl,ln(kobs)_MeCN,4,kobs_MeCN|Ar_NBO_-O|Entry|L_C1-C2,0.9426608142046842,0.8961641383630903,0.12914840587876678,LOOCV,ln(kobs)_MeCN = -24.34 + 3.52*kobs_MeCN - 20.86*Ar_NBO_-O + 0.01*Entry + 4.87*L_C1-C2
indigo_aryl_alkyl,ln(kobs)_MeCN,4,ln(kobs)_toluene|HOMO|Ar_v_C=O|Occupancy_C1-O,0.9379070826020734,0.8961567445116809,0.1343953744691559,LOOCV,ln(kobs)_MeCN = -2.07 + 0.88*ln(kobs)_toluene + 3.81*HOMO - 0.01*Ar_v_C=O + 8.62*Occupancy_C1-O
indigo_aryl_alkyl,ln(kobs)_MeCN,5,ln(kobs)_toluene|HOMO|Ar_I_C=O|polarizability|Occupancy_C1-O,0.9564988672975981,0.8961541958978179,0.11248991063231704,LOOCV,ln(kobs)_MeCN = 8.95 + 0.90*ln(kobs)_toluene + 7.12*HOMO + 0.00*Ar_I_C=O - 0.00*polarizability - 2.99*Occupancy_C1-O
indigo_aryl_alkyl,ln(kobs)_MeCN,5,ln(kobs)_toluene|HOMO|Ar_NBO_-O|L_C1-C2|Occupancy_C1-O,0.9520869385343991,0.8960931074136437,0.11805659410032253,LOOCV,ln(kobs)_MeCN = -125.06 + 0.87*ln(kobs)_toluene + 2.80*HOMO - 28.91*Ar_NBO_-O + 1.40*L_C1-C2 + 52.25*Occupancy_C1-O
indigo_aryl_alkyl,ln(kobs)_MeCN,5,ln(kobs)_toluene|kobs_toluene|Ar_NBO_=O|HOMO|Entry,0.9537680119159893,0.8960651931269026,0.11596704043421627,LOOCV,ln(kobs)_MeCN = -0.97 + 1.12*ln(kobs)_toluene - 2.12*kobs_toluene - 6.35*Ar_NBO_=O + 4.29*HOMO - 0.01*Entry
indigo_aryl_alkyl,ln(kobs)_MeCN,3,ln(kobs)_toluene|LUMO|Ar_NBO_C1_x,0.9460766445002939,0.8959819689634494,0.12524250448980503,LOOCV,ln(kobs)_MeCN = -11.19 + 0.82*ln(kobs)_toluene + 7.57*LUMO + 14.90*Ar_NBO_C1_x
indigo_aryl_alkyl,ln(kobs)_MeCN,4,ln(kobs)_toluene|Ar_NBO_=O|Ster_L|polarizability,0.9491390068869626,0.8959684816118827,0.12163420109774772,LOOCV,ln(kobs)_MeCN = -10.45 + 0.90*ln(kobs)_toluene - 18.95*Ar_NBO_=O - 0.02*Ster_L - 0.00*polarizability
indigo_aryl_alkyl,ln(kobs)_MeCN,4,ln(kobs)_toluene|HOMO|Ar_NBO_-O|L_C1-C2,0.9485806362569632,0.8959681960987754,0.12230005102766571,LOOCV,ln(kobs)_MeCN = -13.07 + 0.86*ln(kobs)_toluene + 3.15*HOMO - 21.74*Ar_NBO_-O - 0.41*L_C1-C2
indigo_aryl_alkyl,ln(kobs)_MeCN,4,kobs_MeCN|Ar_NBO_C1_x|Ar_I_C=O|Ster_B5,0.934247376466891,0.8959570753360883,0.1382992522403461,LOOCV,ln(kobs)_MeCN = -4.73 + 3.83*kobs_MeCN + 2.63*Ar_NBO_C1_x + 0.00*Ar_I_C=O + 0.02*Ster_B5
indigo_aryl_alkyl,ln(kobs)_MeCN,4,kobs_MeCN|Ar_NBO_-O|Ar_I_C=O|polarizability,0.9395578489807263,0.895947235829698,0.13259686155545583,LOOCV,ln(kobs)_MeCN = -12.58 + 3.65*kobs_MeCN - 14.41*Ar_NBO_-O - 0.00*Ar_I_C=O + 0.00*polarizability
indigo_aryl_alkyl,ln(kobs)_MeCN,5,kobs_MeCN|ln(kobs)_toluene|Ar_v_C=O|Ster_B1|Ster_B5,0.964479580066922,0.895934017707294,0.10164881843555801,LOOCV,ln(kobs)_MeCN = 17.31 + 1.96*kobs_MeCN + 0.51*ln(kobs)_toluene - 0.01*Ar_v_C=O - 0.12*Ster_B1 + 0.01*Ster_B5
indigo_aryl_alkyl,ln(kobs)_MeCN,5,ln(kobs)_toluene|Ar_NBO_-O|LUMO|polarizability|Ster_B5,0.9551533472805422,0.8959254863027731,0.11421635748380636,LOOCV,ln(kobs)_MeCN = -30.59 + 0.94*ln(kobs)_toluene - 44.84*Ar_NBO_-O - 0.56*LUMO - 0.00*polarizability + 0.06*Ster_B5
indigo_aryl_alkyl,ln(kobs)_MeCN,4,kobs_MeCN|Ar_NBO_=O|Ster_B5|Occupancy_C1-O,0.9482227705589217,0.8959219629557509,0.12272490172608373,LOOCV,ln(kobs)_MeCN = -104.29 + 3.44*kobs_MeCN - 13.32*Ar_NBO_=O + 0.01*Ster_B5 + 47.08*Occupancy_C1-O
indigo_aryl_alkyl,ln(kobs)_MeCN,4,ln(kobs)_toluene|HOMO|Ar_NBO_C1_x|Ar_I_C=O,0.9451670471252124,0.8959199569964446,0.1262944035287607,LOOCV,ln(kobs)_MeCN = -5.86 + 0.84*ln(kobs)_toluene + 4.36*HOMO + 9.31*Ar_NBO_C1_x + 0.00*Ar_I_C=O
indigo_aryl_alkyl,ln(kobs)_MeCN,5,ln(kobs)_toluene|kobs_toluene|HOMO|Entry|Occupancy_C1-O,0.9516110535199047,0.8958940397527965,0.11864142993429873,LOOCV,ln(kobs)_MeCN = -26.64 + 1.19*ln(kobs)_toluene - 2.42*kobs_toluene + 5.72*HOMO - 0.01*Entry + 15.13*Occupancy_C1-O
indigo_aryl_alkyl,ln(kobs)_MeCN,4,ln(kobs)_toluene|Ar_NBO_-O|Ar_NBO_C1_x|polarizability,0.9454195634210992,0.8958875995677686,0.126003262940976,LOOCV,ln(kobs)_MeCN = -22.77 + 0.94*ln(kobs)_toluene - 30.54*Ar_NBO_-O + 2.76*Ar_NBO_C1_x - 0.00*polarizability
indigo_aryl_alkyl,ln(kobs)_MeCN,3,kobs_MeCN|kobs_toluene|HOMO,0.9386959094088765,0.8958849899322647,0.13353896816450975,LOOCV,ln(kobs)_MeCN = -1.27 + 3.56*kobs_MeCN - 0.06*kobs_toluene + 3.62*HOMO
indigo_aryl_alkyl,ln(kobs)_MeCN,5,ln(kobs)_toluene|Ar_v_C=O|Ar_NBO_-O|Ster_L|Occupancy_C1-O,0.9513167044579416,0.8958622193233806,0.11900172964737803,LOOCV,ln(kobs)_MeCN = -125.98 + 0.97*ln(kobs)_toluene + 0.00*Ar_v_C=O - 39.40*Ar_NBO_-O - 0.03*Ster_L + 47.81*Occupancy_C1-O
indigo_aryl_alkyl,ln(kobs)_MeCN,4,kobs_MeCN|HOMO|Ar_I_C=O|polarizability,0.9396750075464784,0.895788095678573,0.13246828908411384,LOOCV,ln(kobs)_MeCN = -1.18 + 3.56*kobs_MeCN + 3.64*HOMO - 0.00*Ar_I_C=O + 0.00*polarizability
indigo_aryl_alkyl,ln(kobs)_MeCN,4,kobs_MeCN|Ar_NBO_=O|HOMO|Occupancy_C1-O,0.9476497804939285,0.8957814086921096,0.12340209777037349,LOOCV,ln(kobs)_MeCN = -106.37 + 3.38*kobs_MeCN - 12.40*Ar_NBO_=O + 1.12*HOMO + 48.60*Occupancy_C1-O
indigo_aryl_alkyl,ln(kobs)_MeCN,5,ln(kobs)_toluene|Ar_NBO_-O|Ar_NBO_C1_x|Ster_L|Ster_B5,0.9561095738416058,0.8957472873086781,0.11299212800141152,LOOCV,ln(kobs)_MeCN = -32.42 + 0.93*ln(kobs)_toluene - 37.64*Ar_NBO_-O + 8.89*Ar_NBO_C1_x - 0.06*Ster_L + 0.02*Ster_B5
indigo_aryl_alkyl,ln(kobs)_MeCN,4,kobs_MeCN|HOMO|Ster_L|Entry,0.9434741271973284,0.8956954181696637,0.1282291984318295,LOOCV,ln(kobs)_MeCN = -1.83 + 3.50*kobs_MeCN + 2.44*HOMO + 0.02*Ster_L + 0.00*Entry
indigo_aryl_alkyl,ln(kobs)_MeCN,4,kobs_MeCN|Ar_NBO_=O|Ster_L|Entry,0.9477691621286631,0.895694116952201,0.12326131180303145,LOOCV,ln(kobs)_MeCN = -8.59 + 3.36*kobs_MeCN - 10.12*Ar_NBO_=O + 0.01*Ster_L + 0.01*Entry
indigo_aryl_alkyl,ln(kobs)_MeCN,4,ln(kobs)_toluene|Ar_v_C=O|Ar_NBO_-O|Ster_B1,0.9472982937322874,0.8956116710729047,0.12381567427868101,LOOCV,ln(kobs)_MeCN = -11.95 + 0.97*ln(kobs)_toluene - 0.00*Ar_v_C=O - 24.43*Ar_NBO_-O - 0.18*Ster_B1
indigo_aryl_alkyl,ln(kobs)_MeCN,4,ln(kobs)_toluene|Ar_NBO_-O|polarizability|Occupancy_C1-O,0.95036453971078,0.8955956983128069,0.12015983293357765,LOOCV,ln(kobs)_MeCN = -150.53 + 0.95*ln(kobs)_toluene - 36.91*Ar_NBO_-O - 0.00*polarizability + 62.96*Occupancy_C1-O
indigo_aryl_alkyl,ln(kobs)_MeCN,4,kobs_MeCN|HOMO|polarizability|Ster_B5,0.939082474197209,0.8955204546919544,0.13311727446244945,LOOCV,ln(kobs)_MeCN = -1.45 + 3.56*kobs_MeCN + 3.15*HOMO + 0.00*polarizability - 0.00*Ster_B5
indigo_aryl_alkyl,ln(kobs)_MeCN,5,ln(kobs)_toluene|HOMO|Ar_NBO_-O|Ster_L|Ar_I_C=O,0.9588097924260928,0.8954965144744212,0.1094612187478902,LOOCV,ln(kobs)_MeCN = -15.80 + 0.90*ln(kobs)_toluene + 3.55*HOMO - 25.50*Ar_NBO_-O - 0.04*Ster_L + 0.00*Ar_I_C=O
indigo_aryl_alkyl,ln(kobs)_MeCN,5,ln(kobs)_toluene|Ar_NBO_-O|Ar_I_C=O|polarizability|Occupancy_C1-O,0.9557710386332552,0.8954692406066528,0.11342705583373468,LOOCV,ln(kobs)_MeCN = -136.67 + 0.95*ln(kobs)_toluene - 31.58*Ar_NBO_-O + 0.00*Ar_I_C=O - 0.00*polarizability + 57.73*Occupancy_C1-O
indigo_aryl_alkyl,ln(kobs)_MeCN,5,ln(kobs)_toluene|Ar_v_C=O|LUMO|Ar_NBO_C1_x|Ster_B1,0.958980500614503,0.8954599915511976,0.10923415838440999,LOOCV,ln(kobs)_MeCN = 9.72 + 0.81*ln(kobs)_toluene - 0.01*Ar_v_C=O + 5.48*LUMO + 15.46*Ar_NBO_C1_x - 0.18*Ster_B1
indigo_aryl_alkyl,ln(kobs)_MeCN,5,kobs_MeCN|ln(kobs)_toluene|Ar_NBO_C1_x|Entry|polarizability,0.9558041240353247,0.8953808855810326,0.1133846234352605,LOOCV,ln(kobs)_MeCN = -1.52 + 2.28*kobs_MeCN + 0.47*ln(kobs)_toluene + 0.66*Ar_NBO_C1_x - 0.00*Entry + 0.00*polarizability
indigo_aryl_alkyl,ln(kobs)_MeCN,5,ln(kobs)_toluene|Ar_NBO_-O|LUMO|Entry|Ster_B1,0.9538404662870487,0.8953754440946744,0.11587613353274887,LOOCV,ln(kobs)_MeCN = -11.58 + 0.99*ln(kobs)_toluene - 18.51*Ar_NBO_-O + 3.06*LUMO - 0.01*Entry - 0.17*Ster_B1
indigo_aryl_alkyl,ln(kobs)_MeCN,5,ln(kobs)_toluene|kobs_toluene|Entry|Ar_I_C=O|Ster_B5,0.952519974170693,0.8953321478757348,0.11752188866919558,LOOCV,ln(kobs)_MeCN = 1.53 + 1.37*ln(kobs)_toluene - 3.03*kobs_toluene - 0.01*Entry + 0.00*Ar_I_C=O - 0.02*Ster_B5
indigo_aryl_alkyl,ln(kobs)_MeCN,4,ln(kobs)_toluene|Ar_NBO_=O|Ster_L|Ster_B5,0.948113279646473,0.8953232412494487,0.12285459353585626,LOOCV,ln(kobs)_MeCN = -10.02 + 0.91*ln(kobs)_toluene - 18.35*Ar_NBO_=O - 0.03*Ster_L - 0.00*Ster_B5
indigo_aryl_alkyl,ln(kobs)_MeCN,4,kobs_MeCN|Ar_NBO_-O|Ar_NBO_C1_x|polarizability,0.9394668436796475,0.8953170169650734,0.13269664687344926,LOOCV,ln(kobs)_MeCN = -12.44 + 3.63*kobs_MeCN - 13.88*Ar_NBO_-O + 0.25*Ar_NBO_C1_x + 0.00*polarizability
indigo_aryl_alkyl,ln(kobs)_MeCN,4,ln(kobs)_toluene|Ar_v_C=O|Entry|Ster_B5,0.9371658442528807,0.8952938794790718,0.13519517152284308,LOOCV,ln(kobs)_MeCN = 35.42 + 0.97*ln(kobs)_toluene - 0.02*Ar_v_C=O - 0.01*Entry - 0.00*Ster_B5
indigo_aryl_alkyl,ln(kobs)_MeCN,5,kobs_MeCN|L_C1-C2|Ster_B1|Ster_B5|Energy_C1-O,0.9513606737759629,0.8952635395649619,0.11894797808008474,LOOCV,ln(kobs)_MeCN = 2.68 + 3.80*kobs_MeCN - 2.60*L_C1-C2 + 0.46*Ster_B1 + 0.04*Ster_B5 + 2.17*Energy_C1-O
indigo_aryl_alkyl,ln(kobs)_MeCN,5,ln(kobs)_toluene|Ar_NBO_-O|LUMO|Ar_NBO_C1_x|Ar_I_C=O,0.9531754191617388,0.8952167831116131,0.11670789559724223,LOOCV,ln(kobs)_MeCN = -16.77 + 0.82*ln(kobs)_toluene - 10.89*Ar_NBO_-O + 4.71*LUMO + 11.87*Ar_NBO_C1_x + 0.00*Ar_I_C=O
indigo_aryl_alkyl,ln(kobs)_MeCN,3,kobs_MeCN|kobs_toluene|Ar_NBO_-O,0.9357235619690083,0.8951921878141199,0.13673798944777898,LOOCV,ln(kobs)_MeCN = -15.14 + 3.41*kobs_MeCN + 0.67*kobs_toluene - 18.12*Ar_NBO_-O
indigo_aryl_alkyl,ln(kobs)_MeCN,4,ln(kobs)_toluene|Ar_NBO_-O|LUMO|Entry,0.9481505593624168,0.8951911003187981,0.12281045114957857,LOOCV,ln(kobs)_MeCN = -13.83 + 0.95*ln(kobs)_toluene - 21.14*Ar_NBO_-O + 3.06*LUMO - 0.01*Entry
indigo_aryl_alkyl,ln(kobs)_MeCN,4,kobs_MeCN|kobs_toluene|HOMO|Ar_NBO_C1_x,0.9409585982833875,0.8951160655307621,0.13105138612983727,LOOCV,ln(kobs)_MeCN = -5.33 + 3.31*kobs_MeCN + 0.16*kobs_toluene + 4.13*HOMO + 5.30*Ar_NBO_C1_x
indigo_aryl_alkyl,ln(kobs)_MeCN,4,ln(kobs)_toluene|Ar_NBO_=O|Ar_I_C=O|Ster_B5,0.9480435180720395,0.8951048305073399,0.12293715465152984,LOOCV,ln(kobs)_MeCN = -7.05 + 0.90*ln(kobs)_toluene - 12.38*Ar_NBO_=O + 0.00*Ar_I_C=O - 0.02*Ster_B5
indigo_aryl_alkyl,ln(kobs)_MeCN,4,kobs_MeCN|Ar_v_C=O|Ar_NBO_-O|Ster_L,0.9424390322945954,0.895092446252401,0.12939793101909897,LOOCV,ln(kobs)_MeCN = 13.60 + 3.50*kobs_MeCN - 0.01*Ar_v_C=O - 3.17*Ar_NBO_-O + 0.02*Ster_L
indigo_aryl_alkyl,ln(kobs)_MeCN,5,ln(kobs)_toluene|Entry|Ar_I_C=O|polarizability|Energy_C1-O,0.9554384451467774,0.8950570890819678,0.11385273216425235,LOOCV,ln(kobs)_MeCN = 1.72 + 1.09*ln(kobs)_toluene - 0.01*Entry + 0.00*Ar_I_C=O + 0.00*polarizability + 1.05*Energy_C1-O
indigo_aryl_alkyl,ln(kobs)_MeCN,3,kobs_MeCN|Entry|Ster_B5,0.9359466854717068,0.8950402527637431,0.136500453088402,LOOCV,ln(kobs)_MeCN = -2.60 + 3.83*kobs_MeCN + 0.01*Entry + 0.02*Ster_B5
indigo_aryl_alkyl,ln(kobs)_MeCN,4,kobs_MeCN|HOMO|Entry|Ster_B5,0.9405520149362404,0.8949851117693463,0.13150184878386767,LOOCV,ln(kobs)_MeCN = -1.45 + 3.52*kobs_MeCN + 3.15*HOMO + 0.00*Entry - 0.00*Ster_B5
indigo_aryl_alkyl,ln(kobs)_MeCN,3,ln(kobs)_toluene|Entry|L_C1-C2,0.9348347966263095,0.8949804704518063,0.13768009802079129,LOOCV,ln(kobs)_MeCN = 22.24 + 1.07*ln(kobs)_toluene - 0.01*Entry - 14.17*L_C1-C2
indigo_aryl_alkyl,ln(kobs)_MeCN,5,ln(kobs)_toluene|Ar_NBO_-O|Ar_NBO_C1_x|Ster_B1|Occupancy_C1-O,0.9567574806198732,0.8949796768717516,0.11215503710573042,LOOCV,ln(kobs)_MeCN = -193.63 + 0.96*ln(kobs)_toluene - 32.55*Ar_NBO_-O + 5.82*Ar_NBO_C1_x - 0.20*Ster_B1 + 83.90*Occupancy_C1-O
indigo_aryl_alkyl,ln(kobs)_MeCN,5,kobs_MeCN|ln(kobs)_toluene|Ar_v_C=O|LUMO|Energy_C1-O,0.97006406581244,0.8949645719423784,0.0933167697188953,LOOCV,ln(kobs)_MeCN = 12.95 + 1.72*kobs_MeCN + 0.58*ln(kobs)_toluene - 0.01*Ar_v_C=O + 1.39*LUMO + 0.72*Energy_C1-O
indigo_aryl_alkyl,ln(kobs)_MeCN,5,ln(kobs)_toluene|Ar_NBO_=O|Ar_NBO_C1_x|polarizability|Occupancy_C1-O,0.9569351752417429,0.8948704316207982,0.11192436295594545,LOOCV,ln(kobs)_MeCN = -168.15 + 0.85*ln(kobs)_toluene - 21.79*Ar_NBO_=O + 7.26*Ar_NBO_C1_x - 0.00*polarizability + 75.19*Occupancy_C1-O
indigo_aryl_alkyl,ln(kobs)_MeCN,4,kobs_MeCN|HOMO|Ar_v_C=O|Ster_L,0.9439796667513952,0.8948455309915362,0.12765450120984487,LOOCV,ln(kobs)_MeCN = 12.05 + 3.43*kobs_MeCN + 1.80*HOMO - 0.01*Ar_v_C=O + 0.02*Ster_L
indigo_aryl_alkyl,ln(kobs)_MeCN,4,kobs_MeCN|Ar_NBO_=O|Ster_L|polarizability,0.9440787913425155,0.894816579654196,0.1275415127469961,LOOCV,ln(kobs)_MeCN = -8.72 + 3.44*kobs_MeCN - 10.35*Ar_NBO_=O + 0.02*Ster_L - 0.00*polarizability
indigo_aryl_alkyl,ln(kobs)_MeCN,3,kobs_MeCN|Ar_v_C=O|Entry,0.9395345390121488,0.8947863390476352,0.13262242757752277,LOOCV,ln(kobs)_MeCN = 17.99 + 3.56*kobs_MeCN - 0.01*Ar_v_C=O + 0.00*Entry
indigo_aryl_alkyl,ln(kobs)_MeCN,5,ln(kobs)_toluene|Ar_NBO_=O|HOMO|Entry|Energy_C1-O,0.9627920246384092,0.8947719367452797,0.10403544004742232,LOOCV,ln(kobs)_MeCN = 1.21 + 0.95*ln(kobs)_toluene - 3.55*Ar_NBO_=O + 4.70*HOMO - 0.01*Entry + 0.95*Energy_C1-O
indigo_aryl_alkyl,ln(kobs)_MeCN,5,ln(kobs)_toluene|Ar_NBO_=O|HOMO|Ar_NBO_-O|Ar_NBO_C1_x,0.9528002125280326,0.8947705456195334,0.11717455438835137,LOOCV,ln(kobs)_MeCN = -20.37 + 0.84*ln(kobs)_toluene + 9.57*Ar_NBO_=O + 4.72*HOMO - 33.03*Ar_NBO_-O + 6.19*Ar_NBO_C1_x
indigo_aryl_alkyl,ln(kobs)_MeCN,5,ln(kobs)_toluene|Ar_NBO_-O|LUMO|Ster_L|Entry,0.9511724161043706,0.8947455299427965,0.11917794881733021,LOOCV,ln(kobs)_MeCN = -19.25 + 0.99*ln(kobs)_toluene - 29.20*Ar_NBO_-O + 1.19*LUMO - 0.03*Ster_L - 0.01*Entry
indigo_aryl_alkyl,ln(kobs)_MeCN,5,ln(kobs)_toluene|Ar_NBO_-O|Ster_L|Ster_B1|Occupancy_C1-O,0.9542829735311048,0.8946819750198255,0.11531937411539853,LOOCV,ln(kobs)_MeCN = -147.22 + 0.99*ln(kobs)_toluene - 33.68*Ar_NBO_-O - 0.01*Ster_L - 0.16*Ster_B1 + 62.61*Occupancy_C1-O
indigo_aryl_alkyl,ln(kobs)_MeCN,5,kobs_MeCN|ln(kobs)_toluene|Ar_I_C=O|Occupancy_C1-O|Energy_C1-O,0.9716995542511022,0.8946057499402978,0.09073188361173341,LOOCV,ln(kobs)_MeCN = -92.23 + 1.73*kobs_MeCN + 0.65*ln(kobs)_toluene + 0.00*Ar_I_C=O + 46.42*Occupancy_C1-O + 0.93*Energy_C1-O
indigo_aryl_alkyl,ln(kobs)_MeCN,5,kobs_MeCN|ln(kobs)_toluene|Ar_NBO_-O|Entry|Energy_C1-O,0.970894784285026,0.8944998692916525,0.09201289608505125,LOOCV,ln(kobs)_MeCN = -10.80 + 1.72*kobs_MeCN + 0.58*ln(kobs)_toluene - 15.56*Ar_NBO_-O + 0.00*Entry + 0.62*Energy_C1-O
indigo_aryl_alkyl,ln(kobs)_MeCN,5,kobs_MeCN|ln(kobs)_toluene|Ar_v_C=O|Entry|Energy_C1-O,0.9692699180687037,0.8944643346037575,0.0945464328808199,LOOCV,ln(kobs)_MeCN = 18.21 + 1.78*kobs_MeCN + 0.57*ln(kobs)_toluene - 0.01*Ar_v_C=O - 0.00*Entry + 0.71*Energy_C1-O
indigo_aryl_alkyl,ln(kobs)_MeCN,5,ln(kobs)_toluene|HOMO|Ar_I_C=O|polarizability|L_C1-C2,0.9565849325611452,0.8944158868502556,0.11237857712731411,LOOCV,ln(kobs)_MeCN = 1.12 + 0.90*ln(kobs)_toluene + 7.25*HOMO + 0.00*Ar_I_C=O - 0.00*polarizability + 1.28*L_C1-C2
indigo_aryl_alkyl,ln(kobs)_MeCN,4,kobs_MeCN|kobs_toluene|Ar_NBO_=O|Ar_I_C=O,0.9426601423785077,0.8943616396624672,0.1291491624732698,LOOCV,ln(kobs)_MeCN = -9.91 + 3.34*kobs_MeCN + 0.26*kobs_toluene - 12.60*Ar_NBO_=O - 0.00*Ar_I_C=O
indigo_aryl_alkyl,ln(kobs)_MeCN,5,ln(kobs)_toluene|Ar_NBO_-O|Ster_L|Entry|polarizability,0.9519900904041908,0.894334170901346,0.11817584956145206,LOOCV,ln(kobs)_MeCN = -22.04 + 1.01*ln(kobs)_toluene - 33.36*Ar_NBO_-O - 0.05*Ster_L - 0.01*Entry + 0.00*polarizability
indigo_aryl_alkyl,ln(kobs)_MeCN,4,kobs_MeCN|Ar_NBO_-O|Ster_B5|Occupancy_C1-O,0.9456775432059176,0.8943117375144802,0.12570512684320106,LOOCV,ln(kobs)_MeCN = -103.05 + 3.59*kobs_MeCN - 22.35*Ar_NBO_-O + 0.02*Ster_B5 + 42.56*Occupancy_C1-O
indigo_aryl_alkyl,ln(kobs)_MeCN,4,kobs_MeCN|kobs_toluene|Ar_NBO_=O|Ar_NBO_C1_x,0.9428115635504271,0.8942777976900774,0.12897852335700996,LOOCV,ln(kobs)_MeCN = -11.01 + 3.27*kobs_MeCN + 0.34*kobs_toluene - 12.36*Ar_NBO_=O + 1.52*Ar_NBO_C1_x
indigo_aryl_alkyl,ln(kobs)_MeCN,5,ln(kobs)_toluene|HOMO|Entry|Ster_B1|Ster_B5,0.9612938195565388,0.8942530195903207,0.10610929950190716,LOOCV,ln(kobs)_MeCN = 3.51 + 0.92*ln(kobs)_toluene + 7.62*HOMO - 0.01*Entry - 0.09*Ster_B1 - 0.04*Ster_B5
indigo_aryl_alkyl,ln(kobs)_MeCN,5,ln(kobs)_toluene|kobs_toluene|Entry|Ar_I_C=O|Ster_B1,0.9541120122251234,0.8942397702157712,0.11553479444386151,LOOCV,ln(kobs)_MeCN = 1.54 + 1.29*ln(kobs)_toluene - 1.96*kobs_toluene - 0.01*Entry + 0.00*Ar_I_C=O - 0.15*Ster_B1
indigo_aryl_alkyl,ln(kobs)_MeCN,4,kobs_MeCN|LUMO|Ster_L|Entry,0.9438819523646056,0.8942327096544902,0.12776578443475986,LOOCV,ln(kobs)_MeCN = -2.59 + 3.47*kobs_MeCN + 2.92*LUMO + 0.03*Ster_L + 0.00*Entry
indigo_aryl_alkyl,ln(kobs)_MeCN,4,kobs_MeCN|Ar_v_C=O|Ster_L|Entry,0.9439889918153368,0.8941957926079508,0.12764387617551534,LOOCV,ln(kobs)_MeCN = 15.27 + 3.49*kobs_MeCN - 0.01*Ar_v_C=O + 0.02*Ster_L + 0.00*Entry
indigo_aryl_alkyl,ln(kobs)_MeCN,4,kobs_MeCN|Ar_NBO_=O|Ster_B1|Energy_C1-O,0.9478586771388745,0.8940897076268234,0.12315564176603847,LOOCV,ln(kobs)_MeCN = -8.41 + 3.43*kobs_MeCN - 11.03*Ar_NBO_=O + 0.31*Ster_B1 + 1.09*Energy_C1-O
indigo_aryl_alkyl,ln(kobs)_MeCN,4,ln(kobs)_toluene|Ar_v_C=O|Ar_NBO_-O|polarizability,0.9451403932541206,0.8940117327100008,0.1263250951621589,LOOCV,ln(kobs)_MeCN = -11.45 + 0.94*ln(kobs)_toluene - 0.00*Ar_v_C=O - 27.61*Ar_NBO_-O - 0.00*polarizability
indigo_aryl_alkyl,ln(kobs)_MeCN,4,ln(kobs)_toluene|Ar_NBO_=O|Entry|Occupancy_C1-O,0.9473097108619467,0.8940082437977281,0.1238022620357384,LOOCV,ln(kobs)_MeCN = -131.60 + 0.92*ln(kobs)_toluene - 17.50*Ar_NBO_=O - 0.01*Entry + 61.12*Occupancy_C1-O
indigo_aryl_alkyl,ln(kobs)_MeCN,5,ln(kobs)_toluene|Ar_NBO_=O|Ar_NBO_-O|Ar_NBO_C1_x|Ster_L,0.954274352110537,0.894007406896721,0.11533024719740054,LOOCV,ln(kobs)_MeCN = -21.49 + 0.90*ln(kobs)_toluene - 12.27*Ar_NBO_=O - 13.23*Ar_NBO_-O + 7.33*Ar_NBO_C1_x - 0.04*Ster_L
indigo_aryl_alkyl,ln(kobs)_MeCN,4,ln(kobs)_toluene|Ar_v_C=O|Ar_NBO_-O|Entry,0.9446096388508841,0.893983094027681,0.12693470774044988,LOOCV,ln(kobs)_MeCN = -3.79 + 0.95*ln(kobs)_toluene - 0.01*Ar_v_C=O - 22.77*Ar_NBO_-O - 0.01*Entry
indigo_aryl_alkyl,ln(kobs)_MeCN,5,ln(kobs)_toluene|Ar_NBO_=O|Entry|polarizability|Occupancy_C1-O,0.9543258678340776,0.8938980330423237,0.11526526183622507,LOOCV,ln(kobs)_MeCN = -135.25 + 0.91*ln(kobs)_toluene - 20.86*Ar_NBO_=O - 0.00*Entry - 0.00*polarizability + 61.99*Occupancy_C1-O
indigo_aryl_alkyl,ln(kobs)_MeCN,5,ln(kobs)_toluene|Ar_NBO_-O|Ar_I_C=O|polarizability|Ster_B1,0.9530039071853802,0.8938529316608501,0.11692144268372852,LOOCV,ln(kobs)_MeCN = -15.63 + 0.97*ln(kobs)_toluene - 23.46*Ar_NBO_-O + 0.00*Ar_I_C=O - 0.00*polarizability - 0.12*Ster_B1
indigo_aryl_alkyl,ln(kobs)_MeCN,4,ln(kobs)_toluene|Ar_NBO_=O|Entry|Ster_B1,0.9479918706532194,0.8938423510257103,0.12299824240573015,LOOCV,ln(kobs)_MeCN = -6.93 + 0.96*ln(kobs)_toluene - 13.52*Ar_NBO_=O - 0.01*Entry - 0.17*Ster_B1
indigo_aryl_alkyl,ln(kobs)_MeCN,5,ln(kobs)_toluene|HOMO|Ster_L|Ster_B5|Energy_C1-O,0.9633711100467646,0.8938313082220433,0.10322268883349084,LOOCV,ln(kobs)_MeCN = 3.85 + 0.91*ln(kobs)_toluene + 6.95*HOMO - 0.00*Ster_L - 0.03*Ster_B5 + 0.78*Energy_C1-O
indigo_aryl_alkyl,ln(kobs)_MeCN,4,kobs_MeCN|HOMO|Ar_v_C=O|Ar_NBO_-O,0.9418603655761897,0.8938304956280911,0.1300467302771196,LOOCV,ln(kobs)_MeCN = -1.37 + 3.43*kobs_MeCN + 2.59*HOMO - 0.00*Ar_v_C=O - 8.47*Ar_NBO_-O
indigo_aryl_alkyl,ln(kobs)_MeCN,4,kobs_MeCN|kobs_toluene|HOMO|Ar_I_C=O,0.9394029414109564,0.8938007616545237,0.1327666694906918,LOOCV,ln(kobs)_MeCN = -0.96 + 3.59*kobs_MeCN - 0.16*kobs_toluene + 4.17*HOMO - 0.00*Ar_I_C=O
indigo_aryl_alkyl,ln(kobs)_MeCN,5,ln(kobs)_toluene|HOMO|LUMO|Ster_B5|Energy_C1-O,0.9643000491005645,0.8937996390880458,0.10190537662932196,LOOCV,ln(kobs)_MeCN = 3.64 + 0.90*ln(kobs)_toluene + 6.14*HOMO + 1.38*LUMO - 0.03*Ster_B5 + 0.81*Energy_C1-O
indigo_aryl_alkyl,ln(kobs)_MeCN,4,kobs_MeCN|Ar_v_C=O|Ar_I_C=O|Energy_C1-O,0.9376588099204112,0.8937715444694895,0.1346637900512511,LOOCV,ln(kobs)_MeCN = 22.72 + 3.62*kobs_MeCN - 0.01*Ar_v_C=O - 0.00*Ar_I_C=O + 0.17*Energy_C1-O
indigo_aryl_alkyl,ln(kobs)_MeCN,4,kobs_MeCN|kobs_toluene|Ster_L|Entry,0.944245119455122,0.8937481381023358,0.1273516962420424,LOOCV,ln(kobs)_MeCN = -2.78 + 4.45*kobs_MeCN - 2.27*kobs_toluene + 0.03*Ster_L + 0.01*Entry
indigo_aryl_alkyl,ln(kobs)_MeCN,4,kobs_MeCN|Ar_NBO_=O|HOMO|Entry,0.9472840146307893,0.8937042645253466,0.12383244657095345,LOOCV,ln(kobs)_MeCN = -8.13 + 3.32*kobs_MeCN - 10.05*Ar_NBO_=O + 0.97*HOMO + 0.01*Entry
indigo_aryl_alkyl,ln(kobs)_MeCN,3,ln(kobs)_toluene|kobs_toluene|HOMO,0.9409957395261386,0.8936923357081965,0.13101015932177154,LOOCV,ln(kobs)_MeCN = 3.03 + 1.15*ln(kobs)_toluene - 2.50*kobs_toluene + 4.87*HOMO
indigo_aryl_alkyl,ln(kobs)_MeCN,5,ln(kobs)_toluene|HOMO|Entry|L_C1-C2|Ster_B1,0.9585442426176785,0.8936550104306814,0.10981349552682912,LOOCV,ln(kobs)_MeCN = 15.39 + 1.00*ln(kobs)_toluene + 4.44*HOMO - 0.01*Entry - 8.52*L_C1-C2 - 0.17*Ster_B1
indigo_aryl_alkyl,ln(kobs)_MeCN,4,kobs_MeCN|Ar_NBO_=O|Entry|Ar_I_C=O,0.9482250202614901,0.8936137848783203,0.12272223552002443,LOOCV,ln(kobs)_MeCN = -9.97 + 3.35*kobs_MeCN - 12.85*Ar_NBO_=O + 0.01*Entry - 0.00*Ar_I_C=O
indigo_aryl_alkyl,ln(kobs)_MeCN,5,ln(kobs)_toluene|Ar_NBO_=O|Entry|Occupancy_C1-O|Energy_C1-O,0.9602384562376298,0.8935823241227857,0.10754615991224191,LOOCV,ln(kobs)_MeCN = -166.43 + 0.98*ln(kobs)_toluene - 15.26*Ar_NBO_=O - 0.00*Entry + 79.85*Occupancy_C1-O + 0.98*Energy_C1-O
indigo_aryl_alkyl,ln(kobs)_MeCN,5,ln(kobs)_toluene|kobs_toluene|Ar_v_C=O|Ar_NBO_C1_x|Ster_L,0.9524291237059077,0.8935741953935012,0.11763427082859453,LOOCV,ln(kobs)_MeCN = 35.28 + 1.05*ln(kobs)_toluene - 2.00*kobs_toluene - 0.03*Ar_v_C=O + 15.63*Ar_NBO_C1_x - 0.04*Ster_L
indigo_aryl_alkyl,ln(kobs)_MeCN,4,kobs_MeCN|kobs_toluene|Ar_NBO_=O|HOMO,0.9444852723558582,0.8935538119572609,0.12707712939194551,LOOCV,ln(kobs)_MeCN = -7.38 + 3.26*kobs_MeCN + 0.24*kobs_toluene - 9.32*Ar_NBO_=O + 1.81*HOMO
indigo_aryl_alkyl,ln(kobs)_MeCN,4,kobs_MeCN|Ar_NBO_=O|Ar_v_C=O|Ar_I_C=O,0.94257973104403,0.8935509758713431,0.1292396877952356,LOOCV,ln(kobs)_MeCN = -9.15 + 3.44*kobs_MeCN - 12.32*Ar_NBO_=O - 0.00*Ar_v_C=O - 0.00*Ar_I_C=O
indigo_aryl_alkyl,ln(kobs)_MeCN,4,kobs_MeCN|Ar_NBO_=O|Ar_NBO_-O|Occupancy_C1-O,0.9476461188121876,0.8935453216911553,0.12340641342856261,LOOCV,ln(kobs)_MeCN = -106.92 + 3.40*kobs_MeCN - 19.02*Ar_NBO_=O + 10.18*Ar_NBO_-O + 50.29*Occupancy_C1-O
indigo_aryl_alkyl,ln(kobs)_MeCN,5,ln(kobs)_toluene|Ar_NBO_=O|Ar_NBO_-O|polarizability|Ster_B5,0.955128780844594,0.8935188891183645,0.11424763634753146,LOOCV,ln(kobs)_MeCN = -27.23 + 0.92*ln(kobs)_toluene - 2.78*Ar_NBO_=O - 37.65*Ar_NBO_-O - 0.00*polarizability + 0.06*Ster_B5
indigo_aryl_alkyl,ln(kobs)_MeCN,5,ln(kobs)_toluene|kobs_toluene|LUMO|Ar_NBO_C1_x|Occupancy_C1-O,0.9535101275178999,0.8935142035532465,0.1162900256998614,LOOCV,ln(kobs)_MeCN = -32.52 + 1.12*ln(kobs)_toluene - 3.02*kobs_toluene + 7.97*LUMO + 14.84*Ar_NBO_C1_x + 11.24*Occupancy_C1-O
indigo_aryl_alkyl,ln(kobs)_MeCN,3,ln(kobs)_toluene|Ar_NBO_=O|Entry,0.9419380508801303,0.8934492129202344,0.1299598179934404,LOOCV,ln(kobs)_MeCN = -8.21 + 0.91*ln(kobs)_toluene - 14.93*Ar_NBO_=O - 0.01*Entry
indigo_aryl_alkyl,ln(kobs)_MeCN,4,ln(kobs)_toluene|Ar_NBO_C1_x|Ar_I_C=O|polarizability,0.940113781338049,0.893448283588191,0.1319856558691064,LOOCV,ln(kobs)_MeCN = -7.00 + 0.97*ln(kobs)_toluene + 9.10*Ar_NBO_C1_x + 0.00*Ar_I_C=O - 0.00*polarizability
indigo_aryl_alkyl,ln(kobs)_MeCN,5,ln(kobs)_toluene|Ar_NBO_-O|LUMO|Ar_NBO_C1_x|Ster_L,0.9535740320247866,0.8934374398741091,0.11621007267020925,LOOCV,ln(kobs)_MeCN = -23.40 + 0.89*ln(kobs)_toluene - 23.38*Ar_NBO_-O + 3.14*LUMO + 9.98*Ar_NBO_C1_x - 0.03*Ster_L
indigo_aryl_alkyl,ln(kobs)_MeCN,4,kobs_MeCN|Ster_L|Ar_I_C=O|Ster_B5,0.9372073443915837,0.8934357449988424,0.13515051790235436,LOOCV,ln(kobs)_MeCN = -2.76 + 3.78*kobs_MeCN + 0.02*Ster_L + 0.00*Ar_I_C=O + 0.01*Ster_B5
indigo_aryl_alkyl,ln(kobs)_MeCN,5,kobs_MeCN|ln(kobs)_toluene|Ster_L|Ster_B5|Occupancy_C1-O,0.9568118887106507,0.8934012244529101,0.11208445770636812,LOOCV,ln(kobs)_MeCN = -54.42 + 2.39*kobs_MeCN + 0.44*ln(kobs)_toluene + 0.01*Ster_L + 0.00*Ster_B5 + 26.71*Occupancy_C1-O
indigo_aryl_alkyl,ln(kobs)_MeCN,5,ln(kobs)_toluene|HOMO|Ar_NBO_-O|LUMO|Ar_NBO_C1_x,0.9589340958389686,0.8933751741787583,0.10929592844339035,LOOCV,ln(kobs)_MeCN = -13.33 + 0.74*ln(kobs)_toluene + 3.69*HOMO - 5.69*Ar_NBO_-O + 5.05*LUMO + 13.68*Ar_NBO_C1_x
indigo_aryl_alkyl,ln(kobs)_MeCN,5,ln(kobs)_toluene|Ar_NBO_-O|Ar_NBO_C1_x|polarizability|Occupancy_C1-O,0.9530683975117897,0.8933221450786465,0.11684119249568149,LOOCV,ln(kobs)_MeCN = -183.35 + 0.93*ln(kobs)_toluene - 36.98*Ar_NBO_-O + 5.72*Ar_NBO_C1_x - 0.00*polarizability + 77.06*Occupancy_C1-O
indigo_aryl_alkyl,ln(kobs)_MeCN,5,ln(kobs)_toluene|Ar_NBO_=O|Ster_L|Entry|polarizability,0.9509636328708437,0.8933144597602238,0.11943247518807697,LOOCV,ln(kobs)_MeCN = -9.94 + 0.94*ln(kobs)_toluene - 18.37*Ar_NBO_=O - 0.03*Ster_L - 0.00*Entry - 0.00*polarizability
indigo_aryl_alkyl,ln(kobs)_MeCN,4,kobs_MeCN|Ar_NBO_=O|LUMO|Occupancy_C1-O,0.947909971190811,0.8932267295495773,0.123095049648997,LOOCV,ln(kobs)_MeCN = -144.15 + 3.47*kobs_MeCN - 16.69*Ar_NBO_=O - 1.50*LUMO + 66.04*Occupancy_C1-O
indigo_aryl_alkyl,ln(kobs)_MeCN,3,ln(kobs)_toluene|LUMO|Ar_I_C=O,0.9352593780505642,0.8931991952985049,0.13723084030212188,LOOCV,ln(kobs)_MeCN = 0.62 + 0.95*ln(kobs)_toluene + 3.61*LUMO + 0.00*Ar_I_C=O
indigo_aryl_alkyl,ln(kobs)_MeCN,3,kobs_MeCN|Ar_v_C=O|polarizability,0.9401109491989115,0.8931650271209771,0.13198877676512047,LOOCV,ln(kobs)_MeCN = 17.44 + 3.58*kobs_MeCN - 0.01*Ar_v_C=O + 0.00*polarizability
indigo_aryl_alkyl,ln(kobs)_MeCN,5,ln(kobs)_toluene|HOMO|polarizability|Ster_B5|Energy_C1-O,0.9633634079532255,0.893157850899927,0.10323354077326617,LOOCV,ln(kobs)_MeCN = 3.84 + 0.91*ln(kobs)_toluene + 7.00*HOMO - 0.00*polarizability - 0.03*Ster_B5 + 0.77*Energy_C1-O
indigo_aryl_alkyl,ln(kobs)_MeCN,4,kobs_MeCN|Ar_v_C=O|Ar_NBO_C1_x|polarizability,0.942791624123322,0.8931333388811535,0.12900100634391112,LOOCV,ln(kobs)_MeCN = 20.38 + 3.34*kobs_MeCN - 0.02*Ar_v_C=O + 6.37*Ar_NBO_C1_x + 0.00*polarizability
indigo_aryl_alkyl,ln(kobs)_MeCN,5,ln(kobs)_toluene|kobs_toluene|HOMO|Ar_v_C=O|Entry,0.9535109599077468,0.8931026398858553,0.11628898462290402,LOOCV,ln(kobs)_MeCN = 17.68 + 1.16*ln(kobs)_toluene - 2.43*kobs_toluene + 4.53*HOMO - 0.01*Ar_v_C=O - 0.01*Entry
indigo_aryl_alkyl,ln(kobs)_MeCN,5,kobs_MeCN|ln(kobs)_toluene|Ar_I_C=O|polarizability|Energy_C1-O,0.9726455917108062,0.8930959114563207,0.08920248466124285,LOOCV,ln(kobs)_MeCN = 0.34 + 1.95*kobs_MeCN + 0.56*ln(kobs)_toluene + 0.00*Ar_I_C=O + 0.00*polarizability + 1.19*Energy_C1-O
indigo_aryl_alkyl,ln(kobs)_MeCN,3,ln(kobs)_toluene|HOMO|Ar_I_C=O,0.9376589601813732,0.8930955991716772,0.13466362776109583,LOOCV,ln(kobs)_MeCN = 1.72 + 0.91*ln(kobs)_toluene + 3.96*HOMO + 0.00*Ar_I_C=O
indigo_aryl_alkyl,ln(kobs)_MeCN,4,ln(kobs)_toluene|Ar_NBO_=O|HOMO|Ar_NBO_C1_x,0.9469867423971496,0.8930737690222975,0.12418110928412361,LOOCV,ln(kobs)_MeCN = -8.82 + 0.80*ln(kobs)_toluene - 8.28*Ar_NBO_=O + 3.66*HOMO + 6.76*Ar_NBO_C1_x
indigo_aryl_alkyl,ln(kobs)_MeCN,4,ln(kobs)_toluene|Ar_NBO_-O|Ar_I_C=O|Ster_B1,0.95140548652156,0.8930641590262668,0.11889317043554688,LOOCV,ln(kobs)_MeCN = -14.39 + 0.97*ln(kobs)_toluene - 21.79*Ar_NBO_-O + 0.00*Ar_I_C=O - 0.18*Ster_B1
indigo_aryl_alkyl,ln(kobs)_MeCN,5,ln(kobs)_toluene|kobs_toluene|Ar_NBO_-O|polarizability|Ster_B5,0.9552051520081138,0.8930609965643881,0.11415036976056879,LOOCV,ln(kobs)_MeCN = -28.36 + 0.98*ln(kobs)_toluene - 0.48*kobs_toluene - 41.90*Ar_NBO_-O - 0.00*polarizability + 0.06*Ster_B5
indigo_aryl_alkyl,ln(kobs)_MeCN,3,kobs_MeCN|Ar_NBO_-O|Occupancy_C1-O,0.9390041179965488,0.8930567743302695,0.13320285912601476,LOOCV,ln(kobs)_MeCN = -120.29 + 3.69*kobs_MeCN - 21.48*Ar_NBO_-O + 51.55*Occupancy_C1-O
indigo_aryl_alkyl,ln(kobs)_MeCN,4,kobs_MeCN|Ar_NBO_=O|Ar_NBO_-O|Ster_B5,0.9451887544780165,0.8930340246445803,0.12626940224382566,LOOCV,ln(kobs)_MeCN = -7.63 + 3.44*kobs_MeCN - 12.71*Ar_NBO_=O + 3.47*Ar_NBO_-O + 0.01*Ster_B5
indigo_aryl_alkyl,ln(kobs)_MeCN,4,ln(kobs)_toluene|Ar_NBO_-O|LUMO|Ster_L,0.9484189701142164,0.8930014892175578,0.12249216018152358,LOOCV,ln(kobs)_MeCN = -22.05 + 0.97*ln(kobs)_toluene - 33.03*Ar_NBO_-O + 0.20*LUMO - 0.03*Ster_L
indigo_aryl_alkyl,ln(kobs)_MeCN,4,ln(kobs)_toluene|Ar_NBO_=O|Ster_B5|Occupancy_C1-O,0.9472886498654806,0.8929872785992864,0.12382700225395592,LOOCV,ln(kobs)_MeCN = -141.11 + 0.88*ln(kobs)_toluene - 18.82*Ar_NBO_=O - 0.02*Ster_B5 + 65.46*Occupancy_C1-O
indigo_aryl_alkyl,ln(kobs)_MeCN,5,ln(kobs)_toluene|Ar_NBO_-O|Entry|L_C1-C2|Occupancy_C1-O,0.9518036693620359,0.8929839198632972,0.11840506391249872,LOOCV,ln(kobs)_MeCN = -147.89 + 0.99*ln(kobs)_toluene - 30.95*Ar_NBO_-O - 0.01*Entry - 4.01*L_C1-C2 + 66.76*Occupancy_C1-O
indigo_aryl_alkyl,ln(kobs)_MeCN,5,ln(kobs)_toluene|kobs_toluene|Entry|Ar_I_C=O|polarizability,0.952171065940469,0.8929583180731183,0.11795290464481849,LOOCV,ln(kobs)_MeCN = 1.55 + 1.37*ln(kobs)_toluene - 2.93*kobs_toluene - 0.01*Entry + 0.00*Ar_I_C=O - 0.00*polarizability
indigo_aryl_alkyl,ln(kobs)_MeCN,3,ln(kobs)_toluene|Ar_NBO_C1_x|Ar_I_C=O,0.9335975034432202,0.8929547357678712,0.13898101946146665,LOOCV,ln(kobs)_MeCN = -6.21 + 0.95*ln(kobs)_toluene + 8.00*Ar_NBO_C1_x + 0.00*Ar_I_C=O
indigo_aryl_alkyl,ln(kobs)_MeCN,4,kobs_MeCN|HOMO|Ster_B5|Occupancy_C1-O,0.9391173536595808,0.8929433053453603,0.13307915962019154,LOOCV,ln(kobs)_MeCN = -29.62 + 3.58*kobs_MeCN + 3.40*HOMO + 0.00*Ster_B5 + 14.17*Occupancy_C1-O
indigo_aryl_alkyl,ln(kobs)_MeCN,4,ln(kobs)_toluene|kobs_toluene|HOMO|Ar_NBO_-O,0.9508756992722992,0.8929337423432172,0.1195395123114315,LOOCV,ln(kobs)_MeCN = -11.82 + 1.04*ln(kobs)_toluene - 1.75*kobs_toluene + 3.31*HOMO - 20.02*Ar_NBO_-O
indigo_aryl_alkyl,ln(kobs)_MeCN,5,ln(kobs)_toluene|HOMO|Ster_L|polarizability|Ster_B1,0.9595308251804556,0.8929255767146457,0.10849893207266617,LOOCV,ln(kobs)_MeCN = 3.42 + 0.83*ln(kobs)_toluene + 9.22*HOMO + 0.04*Ster_L - 0.00*polarizability + 0.03*Ster_B1
indigo_aryl_alkyl,ln(kobs)_MeCN,3,kobs_MeCN|Ar_NBO_C1_x|Entry,0.9361090726108988,0.8928819734514759,0.1363273161885968,LOOCV,ln(kobs)_MeCN = -7.39 + 3.65*kobs_MeCN + 6.03*Ar_NBO_C1_x + 0.01*Entry
indigo_aryl_alkyl,ln(kobs)_MeCN,5,ln(kobs)_toluene|Ar_NBO_-O|Ster_L|Ar_I_C=O|Ster_B1,0.9534890895471391,0.8928650245422941,0.11631633497233618,LOOCV,ln(kobs)_MeCN = -17.23 + 0.98*ln(kobs)_toluene - 25.96*Ar_NBO_-O - 0.02*Ster_L + 0.00*Ar_I_C=O - 0.11*Ster_B1
indigo_aryl_alkyl,ln(kobs)_MeCN,5,ln(kobs)_toluene|HOMO|L_C1-C2|Ster_B5|Energy_C1-O,0.9633468390429829,0.8928487699638133,0.10325688183515856,LOOCV,ln(kobs)_MeCN = 3.86 + 0.91*ln(kobs)_toluene + 6.92*HOMO - 0.02*L_C1-C2 - 0.03*Ster_B5 + 0.79*Energy_C1-O
indigo_aryl_alkyl,ln(kobs)_MeCN,5,ln(kobs)_toluene|Ar_NBO_=O|Ar_I_C=O|polarizability|Occupancy_C1-O,0.9577719225365402,0.8928446907280618,0.11083168699938215,LOOCV,ln(kobs)_MeCN = -114.62 + 0.89*ln(kobs)_toluene - 18.36*Ar_NBO_=O + 0.00*Ar_I_C=O - 0.00*polarizability + 52.21*Occupancy_C1-O
indigo_aryl_alkyl,ln(kobs)_MeCN,5,ln(kobs)_toluene|HOMO|Ar_v_C=O|Ar_NBO_-O|Ar_NBO_C1_x,0.9514978464190258,0.8928152563794245,0.11878013109346706,LOOCV,ln(kobs)_MeCN = -16.46 + 0.82*ln(kobs)_toluene + 3.81*HOMO - 0.00*Ar_v_C=O - 19.18*Ar_NBO_-O + 5.98*Ar_NBO_C1_x
indigo_aryl_alkyl,ln(kobs)_MeCN,5,kobs_MeCN|ln(kobs)_toluene|Ster_L|Ster_B1|Ster_B5,0.9608018935698464,0.8927782314494195,0.10678145467117178,LOOCV,ln(kobs)_MeCN = -0.69 + 2.19*kobs_MeCN + 0.50*ln(kobs)_toluene + 0.02*Ster_L - 0.18*Ster_B1 + 0.01*Ster_B5
indigo_aryl_alkyl,ln(kobs)_MeCN,4,kobs_MeCN|LUMO|Ar_NBO_C1_x|Ster_L,0.943129477038244,0.8927752754214903,0.12861952458411519,LOOCV,ln(kobs)_MeCN = -5.71 + 3.35*kobs_MeCN + 4.25*LUMO + 4.05*Ar_NBO_C1_x + 0.03*Ster_L
indigo_aryl_alkyl,ln(kobs)_MeCN,5,kobs_MeCN|ln(kobs)_toluene|Ar_v_C=O|Ster_B5|Energy_C1-O,0.9717216063064512,0.8927493264630176,0.09069652702308155,LOOCV,ln(kobs)_MeCN = 14.81 + 1.93*kobs_MeCN + 0.53*ln(kobs)_toluene - 0.01*Ar_v_C=O + 0.02*Ster_B5 + 0.90*Energy_C1-O
indigo_aryl_alkyl,ln(kobs)_MeCN,5,kobs_MeCN|ln(kobs)_toluene|Ster_L|L_C1-C2|Energy_C1-O,0.9704173335614185,0.892728017976482,0.09276452974627607,LOOCV,ln(kobs)_MeCN = 9.15 + 1.94*kobs_MeCN + 0.55*ln(kobs)_toluene + 0.02*Ster_L - 6.09*L_C1-C2 + 0.93*Energy_C1-O
indigo_aryl_alkyl,ln(kobs)_MeCN,5,kobs_MeCN|ln(kobs)_toluene|Ar_I_C=O|polarizability|Occupancy_C1-O,0.9597971281546576,0.8927181292139764,0.10814136018925553,LOOCV,ln(kobs)_MeCN = -43.00 + 2.05*kobs_MeCN + 0.52*ln(kobs)_toluene + 0.00*Ar_I_C=O - 0.00*polarizability + 21.05*Occupancy_C1-O
indigo_aryl_alkyl,ln(kobs)_MeCN,5,ln(kobs)_toluene|Ar_NBO_=O|Ar_I_C=O|Ster_B5|Occupancy_C1-O,0.9541643896692541,0.8927115509244828,0.115468838783979,LOOCV,ln(kobs)_MeCN = -141.12 + 0.90*ln(kobs)_toluene - 15.43*Ar_NBO_=O + 0.00*Ar_I_C=O - 0.03*Ster_B5 + 66.33*Occupancy_C1-O
indigo_aryl_alkyl,ln(kobs)_MeCN,5,kobs_MeCN|ln(kobs)_toluene|Ar_NBO_-O|L_C1-C2|Energy_C1-O,0.9710376698346701,0.8926231405783588,0.09178675983100333,LOOCV,ln(kobs)_MeCN = -7.12 + 1.68*kobs_MeCN + 0.60*ln(kobs)_toluene - 14.16*Ar_NBO_-O - 1.78*L_C1-C2 + 0.61*Energy_C1-O
indigo_aryl_alkyl,ln(kobs)_MeCN,4,kobs_MeCN|Ar_NBO_=O|HOMO|Ar_v_C=O,0.9445507598029453,0.8926182167873438,0.12700215458058275,LOOCV,ln(kobs)_MeCN = -13.14 + 3.36*kobs_MeCN - 10.60*Ar_NBO_=O + 1.94*HOMO + 0.00*Ar_v_C=O
indigo_aryl_alkyl,ln(kobs)_MeCN,3,ln(kobs)_toluene|kobs_toluene|LUMO,0.9389506448390306,0.8926150132060192,0.13326123369852333,LOOCV,ln(kobs)_MeCN = 2.12 + 1.27*ln(kobs)_toluene - 3.32*kobs_toluene + 5.42*LUMO
indigo_aryl_alkyl,ln(kobs)_MeCN,4,kobs_MeCN|HOMO|Ar_v_C=O|Ster_B5,0.9414389834783067,0.8926003806993987,0.13051715316177176,LOOCV,ln(kobs)_MeCN = 14.60 + 3.52*kobs_MeCN + 1.43*HOMO - 0.01*Ar_v_C=O + 0.01*Ster_B5
indigo_aryl_alkyl,ln(kobs)_MeCN,5,ln(kobs)_toluene|kobs_toluene|HOMO|LUMO|Ster_L,0.951042699501464,0.8925919202307964,0.11933614940410571,LOOCV,ln(kobs)_MeCN = 3.34 + 1.20*ln(kobs)_toluene - 3.01*kobs_toluene + 4.38*HOMO + 2.69*LUMO - 0.02*Ster_L
indigo_aryl_alkyl,ln(kobs)_MeCN,4,kobs_MeCN|Ar_NBO_-O|Ster_L|polarizability,0.9398507771678762,0.8925059325421778,0.13227516111618196,LOOCV,ln(kobs)_MeCN = -11.64 + 3.63*kobs_MeCN - 12.93*Ar_NBO_-O + 0.01*Ster_L + 0.00*polarizability
indigo_aryl_alkyl,ln(kobs)_MeCN,5,ln(kobs)_toluene|HOMO|Ar_v_C=O|LUMO|Ar_NBO_C1_x,0.9591647437771419,0.8924885494457407,0.10898856425121754,LOOCV,ln(kobs)_MeCN = -1.84 + 0.72*ln(kobs)_toluene + 3.43*HOMO - 0.01*Ar_v_C=O + 5.33*LUMO + 15.88*Ar_NBO_C1_x
indigo_aryl_alkyl,ln(kobs)_MeCN,3,kobs_MeCN|LUMO|Ar_NBO_C1_x,0.9340692592065142,0.8924720948941526,0.13848644495408627,LOOCV,ln(kobs)_MeCN = -8.43 + 3.49*kobs_MeCN + 3.97*LUMO + 7.73*Ar_NBO_C1_x
indigo_aryl_alkyl,ln(kobs)_MeCN,4,kobs_MeCN|LUMO|Ster_L|polarizability,0.9423353353076982,0.8924650869114666,0.12951443477386526,LOOCV,ln(kobs)_MeCN = -2.56 + 3.47*kobs_MeCN + 3.57*LUMO + 0.04*Ster_L - 0.00*polarizability
indigo_aryl_alkyl,ln(kobs)_MeCN,4,kobs_MeCN|Ar_NBO_=O|Ar_v_C=O|Ster_L,0.9442180748071987,0.8924481384233652,0.1273825793162535,LOOCV,ln(kobs)_MeCN = -2.30 + 3.43*kobs_MeCN - 8.43*Ar_NBO_=O - 0.00*Ar_v_C=O + 0.02*Ster_L
indigo_aryl_alkyl,ln(kobs)_MeCN,4,kobs_MeCN|Ar_NBO_=O|Ster_L|Occupancy_C1-O,0.9504313165927258,0.8924444394524672,0.12007897743753507,LOOCV,ln(kobs)_MeCN = -144.60 + 3.42*kobs_MeCN - 12.14*Ar_NBO_=O + 0.02*Ster_L + 67.57*Occupancy_C1-O
indigo_aryl_alkyl,ln(kobs)_MeCN,3,ln(kobs)_toluene|Ar_v_C=O|LUMO,0.933933132134538,0.892389773858894,0.1386293375810368,LOOCV,ln(kobs)_MeCN = 18.50 + 0.91*ln(kobs)_toluene - 0.01*Ar_v_C=O + 3.28*LUMO
indigo_aryl_alkyl,ln(kobs)_MeCN,4,ln(kobs)_toluene|Ar_NBO_-O|Ster_L|Ster_B5,0.950431561712448,0.8923517007190082,0.12007868053876798,LOOCV,ln(kobs)_MeCN = -24.48 + 0.96*ln(kobs)_toluene - 36.49*Ar_NBO_-O - 0.04*Ster_L + 0.02*Ster_B5
indigo_aryl_alkyl,ln(kobs)_MeCN,4,kobs_MeCN|Ar_NBO_=O|LUMO|Ar_I_C=O,0.9425827618968603,0.8923426297408509,0.1292362768773687,LOOCV,ln(kobs)_MeCN = -9.78 + 3.44*kobs_MeCN - 12.40*Ar_NBO_=O + 0.10*LUMO - 0.00*Ar_I_C=O
indigo_aryl_alkyl,ln(kobs)_MeCN,4,kobs_MeCN|HOMO|Ar_NBO_C1_x|L_C1-C2,0.9421925024154184,0.8923331725406027,0.12967473641020186,LOOCV,ln(kobs)_MeCN = -0.29 + 3.27*kobs_MeCN + 3.85*HOMO + 8.23*Ar_NBO_C1_x - 5.02*L_C1-C2
indigo_aryl_alkyl,ln(kobs)_MeCN,5,kobs_MeCN|ln(kobs)_toluene|Ar_v_C=O|polarizability|Occupancy_C1-O,0.962851578719084,0.8922661282143263,0.10395214854745541,LOOCV,ln(kobs)_MeCN = -33.11 + 2.06*kobs_MeCN + 0.46*ln(kobs)_toluene - 0.01*Ar_v_C=O - 0.00*polarizability + 26.72*Occupancy_C1-O
indigo_aryl_alkyl,ln(kobs)_MeCN,3,ln(kobs)_toluene|Ar_NBO_=O|Occupancy_C1-O,0.942400126975127,0.8922610843533615,0.12944165350736198,LOOCV,ln(kobs)_MeCN = -110.12 + 0.87*ln(kobs)_toluene - 17.29*Ar_NBO_=O + 50.32*Occupancy_C1-O
indigo_aryl_alkyl,ln(kobs)_MeCN,5,ln(kobs)_toluene|HOMO|LUMO|polarizability|L_C1-C2,0.9558396495261972,0.8922362480096885,0.11333904390892147,LOOCV,ln(kobs)_MeCN = 1.55 + 0.89*ln(kobs)_toluene + 7.51*HOMO + 1.07*LUMO - 0.00*polarizability + 1.15*L_C1-C2
indigo_aryl_alkyl,ln(kobs)_MeCN,3,ln(kobs)_toluene|Ar_NBO_=O|Ster_B5,0.941325688769264,0.892236136535547,0.1306433442598143,LOOCV,ln(kobs)_MeCN = -8.77 + 0.88*ln(kobs)_toluene - 15.76*Ar_NBO_=O - 0.02*Ster_B5
indigo_aryl_alkyl,ln(kobs)_MeCN,4,ln(kobs)_toluene|Ar_NBO_=O|HOMO|Occupancy_C1-O,0.9451709688037313,0.8922239353195764,0.12628988713050476,LOOCV,ln(kobs)_MeCN = -81.72 + 0.85*ln(kobs)_toluene - 12.76*Ar_NBO_=O + 2.26*HOMO + 37.77*Occupancy_C1-O
indigo_aryl_alkyl,ln(kobs)_MeCN,4,kobs_MeCN|Ar_NBO_-O|LUMO|Energy_C1-O,0.935561324213849,0.8922079226728772,0.13691044831668076,LOOCV,ln(kobs)_MeCN = -12.61 + 3.66*kobs_MeCN - 14.64*Ar_NBO_-O + 0.81*LUMO + 0.04*Energy_C1-O
indigo_aryl_alkyl,ln(kobs)_MeCN,4,kobs_MeCN|Ar_v_C=O|Ar_NBO_-O|Ar_I_C=O,0.9381335113844254,0.8922027890313564,0.1341501067682206,LOOCV,ln(kobs)_MeCN = 10.67 + 3.57*kobs_MeCN - 0.01*Ar_v_C=O - 7.85*Ar_NBO_-O - 0.00*Ar_I_C=O
indigo_aryl_alkyl,ln(kobs)_MeCN,5,ln(kobs)_toluene|HOMO|Ar_NBO_-O|Entry|Ster_B1,0.9600329559177267,0.8921727374189582,0.10782371814789816,LOOCV,ln(kobs)_MeCN = -9.42 + 0.95*ln(kobs)_toluene + 3.93*HOMO - 16.84*Ar_NBO_-O - 0.01*Entry - 0.15*Ster_B1
indigo_aryl_alkyl,ln(kobs)_MeCN,3,kobs_MeCN|Ar_NBO_C1_x|polarizability,0.9343449026383938,0.8921721275374794,0.13819664947750865,LOOCV,ln(kobs)_MeCN = -3.10 + 3.83*kobs_MeCN + 0.63*Ar_NBO_C1_x + 0.00*polarizability
indigo_aryl_alkyl,ln(kobs)_MeCN,5,ln(kobs)_toluene|Ar_NBO_-O|LUMO|Entry|Occupancy_C1-O,0.9520891818117931,0.892118798756053,0.11805383037806594,LOOCV,ln(kobs)_MeCN = -137.51 + 0.96*ln(kobs)_toluene - 29.72*Ar_NBO_-O + 1.72*LUMO - 0.01*Entry + 59.01*Occupancy_C1-O
indigo_aryl_alkyl,ln(kobs)_MeCN,5,ln(kobs)_toluene|Ar_NBO_=O|Ar_NBO_C1_x|Ster_L|polarizability,0.9533159457078234,0.8921010154372484,0.11653263635608885,LOOCV,ln(kobs)_MeCN = -16.59 + 0.88*ln(kobs)_toluene - 18.91*Ar_NBO_=O + 7.74*Ar_NBO_C1_x - 0.04*Ster_L - 0.00*polarizability
indigo_aryl_alkyl,ln(kobs)_MeCN,3,ln(kobs)_toluene|Ar_NBO_=O|Ster_B1,0.9453462401996424,0.8920912827195789,0.126087870768557,LOOCV,ln(kobs)_MeCN = -7.12 + 0.93*ln(kobs)_toluene - 13.63*Ar_NBO_=O - 0.18*Ster_B1
indigo_aryl_alkyl,ln(kobs)_MeCN,4,ln(kobs)_toluene|HOMO|Ar_NBO_-O|LUMO,0.9496433195312943,0.8920894221968128,0.12102966627775968,LOOCV,ln(kobs)_MeCN = -11.87 + 0.85*ln(kobs)_toluene + 2.89*HOMO - 19.11*Ar_NBO_-O + 1.49*LUMO
indigo_aryl_alkyl,ln(kobs)_MeCN,4,kobs_MeCN|ln(kobs)_toluene|Ster_B1|Ster_B5,0.959563026982497,0.8920829380234003,0.10845575653905043,LOOCV,ln(kobs)_MeCN = -0.57 + 2.15*kobs_MeCN + 0.53*ln(kobs)_toluene - 0.14*Ster_B1 + 0.01*Ster_B5
indigo_aryl_alkyl,ln(kobs)_MeCN,4,ln(kobs)_toluene|Ar_v_C=O|Ar_NBO_-O|Ar_NBO_C1_x,0.9429448013323956,0.8920810538020357,0.128828188477931,LOOCV,ln(kobs)_MeCN = 0.06 + 0.86*ln(kobs)_toluene - 0.01*Ar_v_C=O - 18.84*Ar_NBO_-O + 6.27*Ar_NBO_C1_x
indigo_aryl_alkyl,ln(kobs)_MeCN,4,ln(kobs)_toluene|Ar_NBO_=O|HOMO|Ar_NBO_-O,0.9496496522898212,0.8920202992925821,0.12102205581036601,LOOCV,ln(kobs)_MeCN = -17.21 + 0.88*ln(kobs)_toluene + 8.70*Ar_NBO_=O + 3.98*HOMO - 34.68*Ar_NBO_-O
indigo_aryl_alkyl,ln(kobs)_MeCN,4,ln(kobs)_toluene|Ar_v_C=O|Ar_NBO_-O|Ar_I_C=O,0.9448789719192482,0.8919917793553028,0.12662572460692376,LOOCV,ln(kobs)_MeCN = -21.17 + 0.92*ln(kobs)_toluene + 0.00*Ar_v_C=O - 26.33*Ar_NBO_-O + 0.00*Ar_I_C=O
indigo_aryl_alkyl,ln(kobs)_MeCN,4,kobs_MeCN|Ar_NBO_=O|LUMO|Ster_L,0.9448732991819094,0.8919859011802143,0.12663224023281822,LOOCV,ln(kobs)_MeCN = -7.02 + 3.39*kobs_MeCN - 7.55*Ar_NBO_=O + 1.57*LUMO + 0.02*Ster_L
indigo_aryl_alkyl,ln(kobs)_MeCN,5,kobs_MeCN|ln(kobs)_toluene|Ar_v_C=O|polarizability|Ster_B1,0.9645620306440539,0.8919849894692959,0.10153077544867849,LOOCV,ln(kobs)_MeCN = 16.01 + 1.96*kobs_MeCN + 0.51*ln(kobs)_toluene - 0.01*Ar_v_C=O + 0.00*polarizability - 0.14*Ster_B1
indigo_aryl_alkyl,ln(kobs)_MeCN,4,kobs_MeCN|kobs_toluene|Ar_NBO_-O|Entry,0.9413670162254639,0.8919692408213533,0.13059732660712955,LOOCV,ln(kobs)_MeCN = -13.54 + 3.71*kobs_MeCN - 0.42*kobs_toluene - 15.77*Ar_NBO_-O + 0.01*Entry
indigo_aryl_alkyl,ln(kobs)_MeCN,5,ln(kobs)_toluene|Ar_NBO_=O|Ar_NBO_-O|Ster_L|Entry,0.9525892444327203,0.8919097716816156,0.11743612899171403,LOOCV,ln(kobs)_MeCN = -16.72 + 0.97*ln(kobs)_toluene - 9.68*Ar_NBO_=O - 17.23*Ar_NBO_-O - 0.03*Ster_L - 0.01*Entry
indigo_aryl_alkyl,ln(kobs)_MeCN,5,ln(kobs)_toluene|Ar_NBO_=O|Ar_NBO_C1_x|Ster_L|Ster_B5,0.9534351360658792,0.891808180110519,0.11638377992471854,LOOCV,ln(kobs)_MeCN = -17.23 + 0.88*ln(kobs)_toluene - 18.85*Ar_NBO_=O + 8.60*Ar_NBO_C1_x - 0.05*Ster_L + 0.00*Ster_B5
indigo_aryl_alkyl,ln(kobs)_MeCN,5,ln(kobs)_toluene|Ar_NBO_=O|Ster_L|Entry|Ster_B1,0.9515486610442565,0.8917868048709093,0.11871789313995204,LOOCV,ln(kobs)_MeCN = -8.86 + 0.96*ln(kobs)_toluene - 16.82*Ar_NBO_=O - 0.03*Ster_L - 0.01*Entry - 0.07*Ster_B1
indigo_aryl_alkyl,ln(kobs)_MeCN,5,ln(kobs)_toluene|Ar_NBO_-O|Entry|Ar_I_C=O|L_C1-C2,0.9541102048420038,0.8917500892668132,0.11553706969705119,LOOCV,ln(kobs)_MeCN = -5.95 + 1.00*ln(kobs)_toluene - 17.23*Ar_NBO_-O - 0.01*Entry + 0.00*Ar_I_C=O - 3.74*L_C1-C2
indigo_aryl_alkyl,ln(kobs)_MeCN,3,kobs_MeCN|Ar_I_C=O|polarizability,0.9343936230132017,0.891740350616603,0.13814536448689704,LOOCV,ln(kobs)_MeCN = -2.63 + 3.83*kobs_MeCN + 0.00*Ar_I_C=O + 0.00*polarizability
indigo_aryl_alkyl,ln(kobs)_MeCN,3,ln(kobs)_toluene|Ar_v_C=O|Ster_B5,0.9308970853483084,0.8917325853283173,0.14177885733195253,LOOCV,ln(kobs)_MeCN = 31.75 + 0.93*ln(kobs)_toluene - 0.02*Ar_v_C=O - 0.01*Ster_B5
indigo_aryl_alkyl,ln(kobs)_MeCN,4,kobs_MeCN|Ar_v_C=O|Entry|Ster_B5,0.9415729255942135,0.8917248982266834,0.13036780678506849,LOOCV,ln(kobs)_MeCN = 17.14 + 3.57*kobs_MeCN - 0.01*Ar_v_C=O + 0.00*Entry + 0.01*Ster_B5
indigo_aryl_alkyl,ln(kobs)_MeCN,4,ln(kobs)_toluene|Ar_NBO_C1_x|Ster_L|Ar_I_C=O,0.9399988488248462,0.8916642866932022,0.13211224736396324,LOOCV,ln(kobs)_MeCN = -8.61 + 0.98*ln(kobs)_toluene + 11.35*Ar_NBO_C1_x - 0.03*Ster_L + 0.00*Ar_I_C=O
indigo_aryl_alkyl,ln(kobs)_MeCN,3,ln(kobs)_toluene|Ar_NBO_-O|LUMO,0.9436216593996972,0.89163405652405,0.1280617503662343,LOOCV,ln(kobs)_MeCN = -15.92 + 0.90*ln(kobs)_toluene - 23.81*Ar_NBO_-O + 2.30*LUMO
indigo_aryl_alkyl,ln(kobs)_MeCN,4,kobs_MeCN|Ster_L|Entry|Ar_I_C=O,0.9394022395618726,0.8916208190325622,0.13276743835553187,LOOCV,ln(kobs)_MeCN = -2.74 + 3.70*kobs_MeCN + 0.03*Ster_L + 0.01*Entry + 0.00*Ar_I_C=O
indigo_aryl_alkyl,ln(kobs)_MeCN,5,kobs_MeCN|ln(kobs)_toluene|kobs_toluene|Ar_I_C=O|Energy_C1-O,0.9862464424398232,0.8915782399040999,0.06325149774290661,LOOCV,ln(kobs)_MeCN = 0.27 + 3.10*kobs_MeCN + 0.98*ln(kobs)_toluene - 7.40*kobs_toluene + 0.00*Ar_I_C=O - 0.32*Energy_C1-O
indigo_aryl_alkyl,ln(kobs)_MeCN,5,ln(kobs)_toluene|Ar_NBO_=O|HOMO|LUMO|Ster_L,0.9538123670075856,0.8915336796657193,0.11591139754243555,LOOCV,ln(kobs)_MeCN = -7.00 + 0.89*ln(kobs)_toluene - 14.94*Ar_NBO_=O + 3.23*HOMO - 1.19*LUMO - 0.04*Ster_L
indigo_aryl_alkyl,ln(kobs)_MeCN,5,kobs_MeCN|ln(kobs)_toluene|LUMO|Ster_L|Occupancy_C1-O,0.9617759884788817,0.891527627654812,0.10544631827551648,LOOCV,ln(kobs)_MeCN = -45.69 + 2.15*kobs_MeCN + 0.43*ln(kobs)_toluene + 2.96*LUMO + 0.02*Ster_L + 22.40*Occupancy_C1-O
indigo_aryl_alkyl,ln(kobs)_MeCN,5,ln(kobs)_toluene|Ar_v_C=O|Ar_NBO_-O|Ster_B1|Occupancy_C1-O,0.9539891879175401,0.8915128254957985,0.11568931198650374,LOOCV,ln(kobs)_MeCN = -164.59 + 0.99*ln(kobs)_toluene + 0.00*Ar_v_C=O - 33.64*Ar_NBO_-O - 0.19*Ster_B1 + 70.38*Occupancy_C1-O
indigo_aryl_alkyl,ln(kobs)_MeCN,5,ln(kobs)_toluene|HOMO|LUMO|Ar_NBO_C1_x|Ster_B1,0.9648379176942006,0.8914900983860368,0.10113479118602907,LOOCV,ln(kobs)_MeCN = -9.66 + 0.79*ln(kobs)_toluene + 3.71*HOMO + 5.56*LUMO + 14.65*Ar_NBO_C1_x - 0.18*Ster_B1
indigo_aryl_alkyl,ln(kobs)_MeCN,4,kobs_MeCN|Ster_B1|Ster_B5|Energy_C1-O,0.9507626942634614,0.8914560157873495,0.11967692702909288,LOOCV,ln(kobs)_MeCN = -1.15 + 3.83*kobs_MeCN + 0.47*Ster_B1 + 0.04*Ster_B5 + 2.22*Energy_C1-O
indigo_aryl_alkyl,ln(kobs)_MeCN,5,ln(kobs)_toluene|Ar_NBO_-O|LUMO|Ar_NBO_C1_x|Occupancy_C1-O,0.9531208993971663,0.891452373166556,0.11677581970690067,LOOCV,ln(kobs)_MeCN = -134.77 + 0.84*ln(kobs)_toluene - 22.43*Ar_NBO_-O + 3.99*LUMO + 10.88*Ar_NBO_C1_x + 55.66*Occupancy_C1-O
indigo_aryl_alkyl,ln(kobs)_MeCN,3,ln(kobs)_toluene|LUMO|Ster_B1,0.9402559943697177,0.8914206514111703,0.13182884819822543,LOOCV,ln(kobs)_MeCN = 1.50 + 1.01*ln(kobs)_toluene + 4.56*LUMO - 0.22*Ster_B1
indigo_aryl_alkyl,ln(kobs)_MeCN,4,ln(kobs)_toluene|Ar_NBO_-O|L_C1-C2|Occupancy_C1-O,0.9465344140738691,0.891400724688483,0.12470976312358961,LOOCV,ln(kobs)_MeCN = -147.66 + 0.93*ln(kobs)_toluene - 34.83*Ar_NBO_-O - 0.24*L_C1-C2 + 62.35*Occupancy_C1-O
indigo_aryl_alkyl,ln(kobs)_MeCN,4,kobs_MeCN|Ar_NBO_-O|Ster_L|L_C1-C2,0.9396795025122328,0.8913875233709093,0.1324633537207502,LOOCV,ln(kobs)_MeCN = -6.42 + 3.62*kobs_MeCN - 10.19*Ar_NBO_-O + 0.02*Ster_L - 2.26*L_C1-C2
indigo_aryl_alkyl,ln(kobs)_MeCN,4,kobs_MeCN|Ster_L|polarizability|Ster_B5,0.9387606687280827,0.8913803809921975,0.13346841677376184,LOOCV,ln(kobs)_MeCN = -2.84 + 3.79*kobs_MeCN + 0.05*Ster_L - 0.00*polarizability + 0.04*Ster_B5
indigo_aryl_alkyl,ln(kobs)_MeCN,4,kobs_MeCN|Ar_NBO_C1_x|Ster_L|Ar_I_C=O,0.9362405484904257,0.8913739363786525,0.1361869755722813,LOOCV,ln(kobs)_MeCN = -1.67 + 3.78*kobs_MeCN - 1.43*Ar_NBO_C1_x + 0.03*Ster_L + 0.00*Ar_I_C=O
indigo_aryl_alkyl,ln(kobs)_MeCN,5,ln(kobs)_toluene|Ar_NBO_-O|Entry|polarizability|Occupancy_C1-O,0.9528850192374785,0.8913456205002387,0.11706923976065708,LOOCV,ln(kobs)_MeCN = -165.59 + 0.98*ln(kobs)_toluene - 36.52*Ar_NBO_-O - 0.01*Entry - 0.00*polarizability + 70.71*Occupancy_C1-O
indigo_aryl_alkyl,ln(kobs)_MeCN,5,ln(kobs)_toluene|Ar_v_C=O|LUMO|Ar_NBO_C1_x|polarizability,0.9549408284942904,0.8913413471115732,0.11448666119468531,LOOCV,ln(kobs)_MeCN = 17.01 + 0.77*ln(kobs)_toluene - 0.02*Ar_v_C=O + 4.96*LUMO + 16.69*Ar_NBO_C1_x - 0.00*polarizability
indigo_aryl_alkyl,ln(kobs)_MeCN,5,kobs_MeCN|ln(kobs)_toluene|LUMO|Ar_I_C=O|Energy_C1-O,0.9701295323829274,0.8913257407081117,0.09321467715518529,LOOCV,ln(kobs)_MeCN = 0.29 + 1.63*kobs_MeCN + 0.63*ln(kobs)_toluene + 1.81*LUMO + 0.00*Ar_I_C=O + 0.77*Energy_C1-O
indigo_aryl_alkyl,ln(kobs)_MeCN,5,ln(kobs)_toluene|HOMO|Ar_NBO_-O|Ar_NBO_C1_x|Ar_I_C=O,0.9525052063368523,0.8913242063780744,0.11754016381503357,LOOCV,ln(kobs)_MeCN = -16.48 + 0.82*ln(kobs)_toluene + 3.20*HOMO - 17.85*Ar_NBO_-O + 6.60*Ar_NBO_C1_x + 0.00*Ar_I_C=O
indigo_aryl_alkyl,ln(kobs)_MeCN,5,ln(kobs)_toluene|kobs_toluene|LUMO|Ar_NBO_C1_x|Ster_L,0.9539059189379488,0.8913126183419304,0.11579395017842524,LOOCV,ln(kobs)_MeCN = -10.06 + 1.14*ln(kobs)_toluene - 3.07*kobs_toluene + 7.75*LUMO + 14.95*Ar_NBO_C1_x - 0.01*Ster_L
indigo_aryl_alkyl,ln(kobs)_MeCN,5,ln(kobs)_toluene|Ar_NBO_=O|HOMO|Ar_NBO_C1_x|Entry,0.9510078669759489,0.8913125262753983,0.11937859496702533,LOOCV,ln(kobs)_MeCN = -4.90 + 0.87*ln(kobs)_toluene - 7.23*Ar_NBO_=O + 4.22*HOMO + 3.18*Ar_NBO_C1_x - 0.01*Entry
indigo_aryl_alkyl,ln(kobs)_MeCN,4,ln(kobs)_toluene|Ar_NBO_-O|Entry|L_C1-C2,0.9459686009707321,0.8912895469977304,0.12536791277276818,LOOCV,ln(kobs)_MeCN = -5.62 + 0.98*ln(kobs)_toluene - 22.83*Ar_NBO_-O - 0.01*Entry - 6.35*L_C1-C2
indigo_aryl_alkyl,ln(kobs)_MeCN,3,kobs_MeCN|polarizability|Ster_B5,0.9346247915342402,0.8912742362965421,0.13790176743203447,LOOCV,ln(kobs)_MeCN = -2.61 + 3.86*kobs_MeCN + 0.00*polarizability + 0.01*Ster_B5
indigo_aryl_alkyl,ln(kobs)_MeCN,4,kobs_MeCN|LUMO|Ster_L|L_C1-C2,0.9422498921380331,0.8912404565526786,0.12961035163803009,LOOCV,ln(kobs)_MeCN = -2.20 + 3.49*kobs_MeCN + 3.39*LUMO + 0.04*Ster_L - 0.24*L_C1-C2
indigo_aryl_alkyl,ln(kobs)_MeCN,4,ln(kobs)_toluene|Ar_NBO_=O|Ar_NBO_-O|Ster_L,0.9500710515539403,0.8912313813162941,0.12051455424728964,LOOCV,ln(kobs)_MeCN = -17.63 + 0.93*ln(kobs)_toluene - 9.15*Ar_NBO_=O - 18.80*Ar_NBO_-O - 0.03*Ster_L
indigo_aryl_alkyl,ln(kobs)_MeCN,4,ln(kobs)_toluene|HOMO|LUMO|Occupancy_C1-O,0.941919018301123,0.8912060079255869,0.1299811165191951,LOOCV,ln(kobs)_MeCN = 16.21 + 0.87*ln(kobs)_toluene + 3.79*HOMO + 3.21*LUMO - 7.17*Occupancy_C1-O
indigo_aryl_alkyl,ln(kobs)_MeCN,5,ln(kobs)_toluene|Ar_NBO_=O|Ar_I_C=O|polarizability|Ster_B1,0.9542075320201372,0.8911624523386066,0.11541448399415874,LOOCV,ln(kobs)_MeCN = -8.22 + 0.91*ln(kobs)_toluene - 14.73*Ar_NBO_=O + 0.00*Ar_I_C=O - 0.00*polarizability - 0.06*Ster_B1
indigo_aryl_alkyl,ln(kobs)_MeCN,4,ln(kobs)_toluene|Ar_NBO_-O|Ster_L|polarizability,0.9485464493407045,0.8911594250672095,0.12234070076124413,LOOCV,ln(kobs)_MeCN = -22.58 + 0.97*ln(kobs)_toluene - 33.82*Ar_NBO_-O - 0.04*Ster_L + 0.00*polarizability
indigo_aryl_alkyl,ln(kobs)_MeCN,5,kobs_MeCN|ln(kobs)_toluene|HOMO|Ster_B1|Ster_B5,0.9690515867605799,0.8911303634002883,0.09488170551267862,LOOCV,ln(kobs)_MeCN = 1.25 + 1.47*kobs_MeCN + 0.58*ln(kobs)_toluene + 4.83*HOMO - 0.08*Ster_B1 - 0.02*Ster_B5
indigo_aryl_alkyl,ln(kobs)_MeCN,4,kobs_MeCN|LUMO|Ar_NBO_C1_x|Entry,0.9426546390008075,0.8911217617143952,0.1291553600781887,LOOCV,ln(kobs)_MeCN = -12.15 + 3.20*kobs_MeCN + 4.02*LUMO + 12.31*Ar_NBO_C1_x + 0.01*Entry
indigo_aryl_alkyl,ln(kobs)_MeCN,5,ln(kobs)_toluene|Ar_NBO_-O|Ar_NBO_C1_x|Entry|Occupancy_C1-O,0.9513178814067766,0.8911162616996303,0.11900029116840859,LOOCV,ln(kobs)_MeCN = -179.64 + 0.96*ln(kobs)_toluene - 35.17*Ar_NBO_-O + 2.51*Ar_NBO_C1_x - 0.01*Entry + 77.15*Occupancy_C1-O
indigo_aryl_alkyl,ln(kobs)_MeCN,4,kobs_MeCN|Ar_NBO_C1_x|Ster_L|Ster_B5,0.9371322754844595,0.8910726828013986,0.13523128030291542,LOOCV,ln(kobs)_MeCN = -2.03 + 3.82*kobs_MeCN - 0.87*Ar_NBO_C1_x + 0.02*Ster_L + 0.01*Ster_B5
indigo_aryl_alkyl,ln(kobs)_MeCN,3,kobs_MeCN|LUMO|polarizability,0.9379182616159366,0.8910542483997668,0.1343832758639882,LOOCV,ln(kobs)_MeCN = -2.45 + 3.66*kobs_MeCN + 2.41*LUMO + 0.00*polarizability
indigo_aryl_alkyl,ln(kobs)_MeCN,4,kobs_MeCN|Ar_NBO_=O|Ar_NBO_-O|polarizability,0.9442430812372737,0.8910191993576898,0.12735402400353632,LOOCV,ln(kobs)_MeCN = -3.87 + 3.41*kobs_MeCN - 17.23*Ar_NBO_=O + 12.65*Ar_NBO_-O + 0.00*polarizability
indigo_aryl_alkyl,ln(kobs)_MeCN,4,kobs_MeCN|ln(kobs)_toluene|Ster_B1|Occupancy_C1-O,0.9593876823154315,0.8910137736511613,0.10869064760448592,LOOCV,ln(kobs)_MeCN = -50.78 + 2.09*kobs_MeCN + 0.57*ln(kobs)_toluene - 0.13*Ster_B1 + 25.25*Occupancy_C1-O
indigo_aryl_alkyl,ln(kobs)_MeCN,4,ln(kobs)_toluene|Ar_NBO_=O|Ster_B1|Ster_B5,0.9461244405017505,0.890940414154769,0.1251869866355155,LOOCV,ln(kobs)_MeCN = -7.43 + 0.93*ln(kobs)_toluene - 14.16*Ar_NBO_=O - 0.16*Ster_B1 - 0.01*Ster_B5
indigo_aryl_alkyl,ln(kobs)_MeCN,5,ln(kobs)_toluene|LUMO|Ar_NBO_C1_x|Ster_L|Ster_B1,0.9549253358627161,0.8909123010171284,0.11450634139703741,LOOCV,ln(kobs)_MeCN = -9.36 + 0.86*ln(kobs)_toluene + 7.33*LUMO + 13.14*Ar_NBO_C1_x + 0.01*Ster_L - 0.23*Ster_B1
indigo_aryl_alkyl,ln(kobs)_MeCN,3,kobs_MeCN|Ar_NBO_-O|Ster_B1,0.9362186827006257,0.8909090717274699,0.13621032568311545,LOOCV,ln(kobs)_MeCN = -14.78 + 3.63*kobs_MeCN - 17.46*Ar_NBO_-O + 0.07*Ster_B1
indigo_aryl_alkyl,ln(kobs)_MeCN,4,kobs_MeCN|LUMO|Ar_I_C=O|Ster_B5,0.9372349312827508,0.8909076280689215,0.13512082659384966,LOOCV,ln(kobs)_MeCN = -2.35 + 3.74*kobs_MeCN + 2.62*LUMO - 0.00*Ar_I_C=O + 0.03*Ster_B5
indigo_aryl_alkyl,ln(kobs)_MeCN,3,kobs_MeCN|Ar_NBO_C1_x|Ar_I_C=O,0.9292100978665598,0.8908569242823918,0.14349902324990826,LOOCV,ln(kobs)_MeCN = -4.96 + 3.82*kobs_MeCN + 2.88*Ar_NBO_C1_x + 0.00*Ar_I_C=O
indigo_aryl_alkyl,ln(kobs)_MeCN,5,ln(kobs)_toluene|HOMO|Ar_NBO_-O|LUMO|Occupancy_C1-O,0.9520475950912743,0.8908475965256653,0.11810505478769984,LOOCV,ln(kobs)_MeCN = -109.32 + 0.87*ln(kobs)_toluene + 2.68*HOMO - 26.33*Ar_NBO_-O + 0.45*LUMO + 46.30*Occupancy_C1-O
indigo_aryl_alkyl,ln(kobs)_MeCN,5,ln(kobs)_toluene|Ar_v_C=O|Ar_NBO_C1_x|Ar_I_C=O|Energy_C1-O,0.9569802110812111,0.8907883553405584,0.1118658241578924,LOOCV,ln(kobs)_MeCN = 18.11 + 0.91*ln(kobs)_toluene - 0.01*Ar_v_C=O + 9.18*Ar_NBO_C1_x + 0.00*Ar_I_C=O + 0.89*Energy_C1-O
indigo_aryl_alkyl,ln(kobs)_MeCN,3,ln(kobs)_toluene|Ar_v_C=O|L_C1-C2,0.9291013134006578,0.8907835423590211,0.1436092400428076,LOOCV,ln(kobs)_MeCN = 31.92 + 0.91*ln(kobs)_toluene - 0.02*Ar_v_C=O + 2.18*L_C1-C2
indigo_aryl_alkyl,ln(kobs)_MeCN,5,ln(kobs)_toluene|kobs_toluene|LUMO|Ar_NBO_C1_x|Entry,0.9544756005912861,0.8907360601391285,0.1150761706281239,LOOCV,ln(kobs)_MeCN = -7.61 + 1.17*ln(kobs)_toluene - 3.14*kobs_toluene + 7.82*LUMO + 11.97*Ar_NBO_C1_x - 0.00*Entry
indigo_aryl_alkyl,ln(kobs)_MeCN,4,kobs_MeCN|Ar_v_C=O|Ster_L|polarizability,0.9423453135524634,0.8906964331639875,0.1295032287549946,LOOCV,ln(kobs)_MeCN = 18.96 + 3.50*kobs_MeCN - 0.01*Ar_v_C=O + 0.03*Ster_L - 0.00*polarizability
indigo_aryl_alkyl,ln(kobs)_MeCN,4,kobs_MeCN|Ar_v_C=O|Entry|Ar_I_C=O,0.940129315004684,0.8905354025334142,0.13196853712132303,LOOCV,ln(kobs)_MeCN = 20.21 + 3.57*kobs_MeCN - 0.01*Ar_v_C=O + 0.01*Entry - 0.00*Ar_I_C=O
indigo_aryl_alkyl,ln(kobs)_MeCN,4,kobs_MeCN|HOMO|LUMO|Entry,0.9408084395606008,0.8905230387903976,0.13121793038600932,LOOCV,ln(kobs)_MeCN = -1.49 + 3.49*kobs_MeCN + 2.91*HOMO + 0.69*LUMO + 0.00*Entry
indigo_aryl_alkyl,ln(kobs)_MeCN,5,kobs_MeCN|ln(kobs)_toluene|L_C1-C2|Ster_B1|Ster_B5,0.9629044327523633,0.8905153483939464,0.10387817170251228,LOOCV,ln(kobs)_MeCN = 8.64 + 2.00*kobs_MeCN + 0.55*ln(kobs)_toluene - 6.14*L_C1-C2 - 0.14*Ster_B1 + 0.01*Ster_B5
indigo_aryl_alkyl,ln(kobs)_MeCN,4,kobs_MeCN|Ar_NBO_=O|LUMO|Entry,0.947041673960028,0.8905005250617437,0.12411675528370468,LOOCV,ln(kobs)_MeCN = -9.86 + 3.37*kobs_MeCN - 12.33*Ar_NBO_=O - 0.69*LUMO + 0.01*Entry
indigo_aryl_alkyl,ln(kobs)_MeCN,5,ln(kobs)_toluene|Ar_NBO_=O|HOMO|Ar_NBO_C1_x|Occupancy_C1-O,0.9509172575001976,0.8904943266063271,0.11948893753129855,LOOCV,ln(kobs)_MeCN = -123.09 + 0.80*ln(kobs)_toluene - 11.49*Ar_NBO_=O + 3.13*HOMO + 8.65*Ar_NBO_C1_x + 55.48*Occupancy_C1-O
indigo_aryl_alkyl,ln(kobs)_MeCN,4,ln(kobs)_toluene|Ar_v_C=O|Entry|polarizability,0.9388164877680387,0.890481474213866,0.13340757534084371,LOOCV,ln(kobs)_MeCN = 37.27 + 0.98*ln(kobs)_toluene - 0.02*Ar_v_C=O - 0.01*Entry - 0.00*polarizability
indigo_aryl_alkyl,ln(kobs)_MeCN,5,ln(kobs)_toluene|Ar_v_C=O|Ar_NBO_C1_x|Ster_B1|Occupancy_C1-O,0.9538357530051375,0.8904585358685594,0.11588204935228913,LOOCV,ln(kobs)_MeCN = -110.20 + 0.86*ln(kobs)_toluene - 0.02*Ar_v_C=O + 15.10*Ar_NBO_C1_x - 0.21*Ster_B1 + 71.71*Occupancy_C1-O
indigo_aryl_alkyl,ln(kobs)_MeCN,5,ln(kobs)_toluene|Ar_NBO_-O|Ar_NBO_C1_x|Ar_I_C=O|Ster_B1,0.9535969583333243,0.8904581955367438,0.11618137540121008,LOOCV,ln(kobs)_MeCN = -17.08 + 0.94*ln(kobs)_toluene - 19.55*Ar_NBO_-O + 5.14*Ar_NBO_C1_x + 0.00*Ar_I_C=O - 0.18*Ster_B1
indigo_aryl_alkyl,ln(kobs)_MeCN,3,kobs_MeCN|Ster_L|polarizability,0.9356694784750117,0.8904361610343813,0.13679550440567018,LOOCV,ln(kobs)_MeCN = -2.69 + 3.80*kobs_MeCN + 0.02*Ster_L + 0.00*polarizability
indigo_aryl_alkyl,ln(kobs)_MeCN,3,kobs_MeCN|Ar_NBO_=O|Energy_C1-O,0.9425917473690535,0.8904339533151622,0.12922616410944068,LOOCV,ln(kobs)_MeCN = -9.55 + 3.45*kobs_MeCN - 12.08*Ar_NBO_=O + 0.07*Energy_C1-O
indigo_aryl_alkyl,ln(kobs)_MeCN,5,ln(kobs)_toluene|Ar_NBO_-O|Ar_NBO_C1_x|Ster_L|polarizability,0.9526953802697999,0.8904194779078504,0.11730460645803548,LOOCV,ln(kobs)_MeCN = -28.66 + 0.95*ln(kobs)_toluene - 33.73*Ar_NBO_-O + 7.71*Ar_NBO_C1_x - 0.06*Ster_L + 0.00*polarizability
indigo_aryl_alkyl,ln(kobs)_MeCN,4,kobs_MeCN|kobs_toluene|Ar_NBO_=O|Entry,0.9472398609823052,0.8904099148290885,0.12388429526413092,LOOCV,ln(kobs)_MeCN = -9.12 + 3.59*kobs_MeCN - 0.66*kobs_toluene - 11.16*Ar_NBO_=O + 0.01*Entry
indigo_aryl_alkyl,ln(kobs)_MeCN,5,ln(kobs)_toluene|Ar_NBO_=O|LUMO|Entry|Ster_B1,0.9529502489019246,0.8903993743804143,0.11698817178570409,LOOCV,ln(kobs)_MeCN = -4.25 + 0.96*ln(kobs)_toluene - 9.31*Ar_NBO_=O + 3.21*LUMO - 0.01*Entry - 0.17*Ster_B1
indigo_aryl_alkyl,ln(kobs)_MeCN,5,ln(kobs)_toluene|HOMO|polarizability|L_C1-C2|Occupancy_C1-O,0.9554690396697737,0.890393254999884,0.11381364165086755,LOOCV,ln(kobs)_MeCN = 14.51 + 0.89*ln(kobs)_toluene + 7.87*HOMO - 0.00*polarizability - 0.21*L_C1-C2 - 5.43*Occupancy_C1-O
indigo_aryl_alkyl,ln(kobs)_MeCN,5,kobs_MeCN|HOMO|Ar_v_C=O|Ster_B1|Energy_C1-O,0.9534491710121327,0.8903382898941703,0.11636623919702309,LOOCV,ln(kobs)_MeCN = 4.38 + 3.33*kobs_MeCN + 4.23*HOMO - 0.00*Ar_v_C=O + 0.48*Ster_B1 + 1.86*Energy_C1-O
indigo_aryl_alkyl,ln(kobs)_MeCN,3,ln(kobs)_toluene|Ar_v_C=O|Ster_L,0.9314540700337797,0.8903366191376427,0.14120631691613775,LOOCV,ln(kobs)_MeCN = 31.88 + 0.95*ln(kobs)_toluene - 0.02*Ar_v_C=O - 0.02*Ster_L
indigo_aryl_alkyl,ln(kobs)_MeCN,5,kobs_MeCN|ln(kobs)_toluene|Ar_NBO_C1_x|Ar_I_C=O|Energy_C1-O,0.9687904101764392,0.8902384452730588,0.09528122223353983,LOOCV,ln(kobs)_MeCN = -1.65 + 1.67*kobs_MeCN + 0.63*ln(kobs)_toluene + 2.19*Ar_NBO_C1_x + 0.00*Ar_I_C=O + 0.78*Energy_C1-O
indigo_aryl_alkyl,ln(kobs)_MeCN,4,kobs_MeCN|Ar_NBO_-O|LUMO|Ster_L,0.942558473221621,0.8901642920047904,0.12926360879169446,LOOCV,ln(kobs)_MeCN = -5.60 + 3.48*kobs_MeCN - 4.36*Ar_NBO_-O + 2.91*LUMO + 0.03*Ster_L
indigo_aryl_alkyl,ln(kobs)_MeCN,5,kobs_MeCN|Ar_I_C=O|polarizability|Occupancy_C1-O|Energy_C1-O,0.9514368288397492,0.8901530032347936,0.11885482260198016,LOOCV,ln(kobs)_MeCN = -138.26 + 3.99*kobs_MeCN - 0.00*Ar_I_C=O + 0.00*polarizability + 68.74*Occupancy_C1-O + 1.42*Energy_C1-O
indigo_aryl_alkyl,ln(kobs)_MeCN,5,kobs_MeCN|Ster_L|Ster_B1|Ster_B5|Energy_C1-O,0.9524199955240146,0.8901241868025129,0.11764555646802802,LOOCV,ln(kobs)_MeCN = -1.28 + 3.78*kobs_MeCN + 0.02*Ster_L + 0.38*Ster_B1 + 0.03*Ster_B5 + 2.05*Energy_C1-O
indigo_aryl_alkyl,ln(kobs)_MeCN,3,ln(kobs)_toluene|Ar_v_C=O|Ster_B1,0.9379542675553957,0.8900839322218411,0.1343443006516926,LOOCV,ln(kobs)_MeCN = 28.15 + 0.98*ln(kobs)_toluene - 0.01*Ar_v_C=O - 0.21*Ster_B1
indigo_aryl_alkyl,ln(kobs)_MeCN,4,kobs_MeCN|Ar_NBO_=O|Ar_v_C=O|Entry,0.9476396846801748,0.890068130541705,0.12341399633114095,LOOCV,ln(kobs)_MeCN = -24.89 + 3.35*kobs_MeCN - 15.67*Ar_NBO_=O + 0.01*Ar_v_C=O + 0.01*Entry
indigo_aryl_alkyl,ln(kobs)_MeCN,4,kobs_MeCN|kobs_toluene|Ar_NBO_-O|Ar_I_C=O,0.935774430124201,0.8899512696809075,0.1366838717478309,LOOCV,ln(kobs)_MeCN = -14.88 + 3.40*kobs_MeCN + 0.69*kobs_toluene - 17.71*Ar_NBO_-O + 0.00*Ar_I_C=O
indigo_aryl_alkyl,ln(kobs)_MeCN,4,kobs_MeCN|HOMO|Ar_v_C=O|Energy_C1-O,0.941803437280959,0.8899378507906097,0.13011038330265498,LOOCV,ln(kobs)_MeCN = 11.13 + 3.48*kobs_MeCN + 2.76*HOMO - 0.01*Ar_v_C=O + 0.25*Energy_C1-O
indigo_aryl_alkyl,ln(kobs)_MeCN,4,kobs_MeCN|Ar_v_C=O|Ar_I_C=O|polarizability,0.9404252316110466,0.889936399826779,0.13164199955585326,LOOCV,ln(kobs)_MeCN = 19.19 + 3.59*kobs_MeCN - 0.01*Ar_v_C=O - 0.00*Ar_I_C=O + 0.00*polarizability
indigo_aryl_alkyl,ln(kobs)_MeCN,4,kobs_MeCN|Ar_NBO_-O|Entry|polarizability,0.9427473038458148,0.8899041051641258,0.12905096627903875,LOOCV,ln(kobs)_MeCN = -12.97 + 3.55*kobs_MeCN - 14.90*Ar_NBO_-O + 0.01*Entry + 0.00*polarizability
indigo_aryl_alkyl,ln(kobs)_MeCN,4,ln(kobs)_toluene|Ar_NBO_-O|LUMO|Occupancy_C1-O,0.9469559401696452,0.8898708056865258,0.12421718044346663,LOOCV,ln(kobs)_MeCN = -129.55 + 0.92*ln(kobs)_toluene - 31.85*Ar_NBO_-O + 1.02*LUMO + 54.15*Occupancy_C1-O
indigo_aryl_alkyl,ln(kobs)_MeCN,4,kobs_MeCN|Ar_NBO_=O|Entry|polarizability,0.9468561642260508,0.8898177211691122,0.12433395189417219,LOOCV,ln(kobs)_MeCN = -9.18 + 3.36*kobs_MeCN - 11.25*Ar_NBO_=O + 0.01*Entry + 0.00*polarizability
indigo_aryl_alkyl,ln(kobs)_MeCN,5,ln(kobs)_toluene|HOMO|Ster_L|Entry|Energy_C1-O,0.9629600358125564,0.889757792134013,0.10380029029110609,LOOCV,ln(kobs)_MeCN = 3.83 + 0.99*ln(kobs)_toluene + 5.79*HOMO - 0.01*Ster_L - 0.01*Entry + 0.90*Energy_C1-O
indigo_aryl_alkyl,ln(kobs)_MeCN,4,kobs_MeCN|HOMO|LUMO|Occupancy_C1-O,0.9394227406348007,0.8897388007213373,0.13274497791171685,LOOCV,ln(kobs)_MeCN = -25.74 + 3.53*kobs_MeCN + 3.38*HOMO + 0.81*LUMO + 12.25*Occupancy_C1-O
indigo_aryl_alkyl,ln(kobs)_MeCN,4,kobs_MeCN|Ar_NBO_-O|Ar_I_C=O|L_C1-C2,0.9353935289646202,0.8897344040491213,0.13708858657648354,LOOCV,ln(kobs)_MeCN = -16.83 + 3.67*kobs_MeCN - 17.29*Ar_NBO_-O + 0.00*Ar_I_C=O + 1.51*L_C1-C2
indigo_aryl_alkyl,ln(kobs)_MeCN,4,ln(kobs)_toluene|Ar_NBO_-O|LUMO|Ar_NBO_C1_x,0.9495992362702321,0.8897318353491396,0.12108263060305315,LOOCV,ln(kobs)_MeCN = -17.93 + 0.83*ln(kobs)_toluene - 14.32*Ar_NBO_-O + 5.26*LUMO + 10.71*Ar_NBO_C1_x
indigo_aryl_alkyl,ln(kobs)_MeCN,4,ln(kobs)_toluene|LUMO|Ster_L|Entry,0.9382836582608026,0.8897218960578719,0.13398722007592212,LOOCV,ln(kobs)_MeCN = 1.17 + 0.99*ln(kobs)_toluene + 5.66*LUMO + 0.00*Ster_L - 0.01*Entry
indigo_aryl_alkyl,ln(kobs)_MeCN,4,ln(kobs)_toluene|Ar_NBO_=O|LUMO|Entry,0.946985298873267,0.8896539250515657,0.12418279996665162,LOOCV,ln(kobs)_MeCN = -5.49 + 0.91*ln(kobs)_toluene - 10.67*Ar_NBO_=O + 3.23*LUMO - 0.01*Entry
indigo_aryl_alkyl,ln(kobs)_MeCN,4,ln(kobs)_toluene|Ar_NBO_-O|Ar_NBO_C1_x|Entry,0.9436528035401308,0.8896422116594961,0.1280263739782916,LOOCV,ln(kobs)_MeCN = -18.99 + 0.96*ln(kobs)_toluene - 28.75*Ar_NBO_-O - 0.35*Ar_NBO_C1_x - 0.01*Entry
indigo_aryl_alkyl,ln(kobs)_MeCN,5,kobs_MeCN|ln(kobs)_toluene|Ar_NBO_C1_x|Entry|Ster_B1,0.9584837585159256,0.8896259448005065,0.10989357547419218,LOOCV,ln(kobs)_MeCN = -1.62 + 2.06*kobs_MeCN + 0.55*ln(kobs)_toluene + 1.42*Ar_NBO_C1_x + 0.00*Entry - 0.12*Ster_B1
indigo_aryl_alkyl,ln(kobs)_MeCN,3,kobs_MeCN|Ster_L|L_C1-C2,0.937903221012956,0.8896142895756675,0.13439955346145152,LOOCV,ln(kobs)_MeCN = 5.24 + 3.71*kobs_MeCN + 0.03*Ster_L - 5.36*L_C1-C2
indigo_aryl_alkyl,ln(kobs)_MeCN,3,ln(kobs)_toluene|Ar_NBO_-O|L_C1-C2,0.9414201131848062,0.8895950671958567,0.13053817993656622,LOOCV,ln(kobs)_MeCN = -14.16 + 0.93*ln(kobs)_toluene - 26.95*Ar_NBO_-O - 2.70*L_C1-C2
indigo_aryl_alkyl,ln(kobs)_MeCN,5,kobs_MeCN|ln(kobs)_toluene|Ster_L|Entry|Occupancy_C1-O,0.9568260504254953,0.8894994274007045,0.11206607952050707,LOOCV,ln(kobs)_MeCN = -59.24 + 2.36*kobs_MeCN + 0.45*ln(kobs)_toluene + 0.01*Ster_L - 0.00*Entry + 29.15*Occupancy_C1-O
indigo_aryl_alkyl,ln(kobs)_MeCN,4,kobs_MeCN|HOMO|L_C1-C2|Energy_C1-O,0.9402324050443746,0.8894668284253042,0.13185487128333453,LOOCV,ln(kobs)_MeCN = -2.01 + 3.56*kobs_MeCN + 3.85*HOMO + 0.76*L_C1-C2 + 0.30*Energy_C1-O
indigo_aryl_alkyl,ln(kobs)_MeCN,4,ln(kobs)_toluene|HOMO|Ar_NBO_-O|Ar_I_C=O,0.9490301039053333,0.8894149060823044,0.12176435235136158,LOOCV,ln(kobs)_MeCN = -13.60 + 0.87*ln(kobs)_toluene + 2.72*HOMO - 21.31*Ar_NBO_-O + 0.00*Ar_I_C=O
indigo_aryl_alkyl,ln(kobs)_MeCN,4,kobs_MeCN|ln(kobs)_toluene|Ar_I_C=O|Energy_C1-O,0.9684021227776328,0.8893922258752508,0.09587210050924475,LOOCV,ln(kobs)_MeCN = 0.15 + 1.73*kobs_MeCN + 0.63*ln(kobs)_toluene + 0.00*Ar_I_C=O + 0.79*Energy_C1-O
indigo_aryl_alkyl,ln(kobs)_MeCN,4,kobs_MeCN|kobs_toluene|HOMO|Ster_L,0.9424860889347282,0.8893821502477979,0.129345028183323,LOOCV,ln(kobs)_MeCN = -1.72 + 3.79*kobs_MeCN - 0.77*kobs_toluene + 2.75*HOMO + 0.02*Ster_L
indigo_aryl_alkyl,ln(kobs)_MeCN,3,kobs_MeCN|Ster_B5|Occupancy_C1-O,0.9337851557524393,0.8893080627536846,0.13878450154302502,LOOCV,ln(kobs)_MeCN = -18.83 + 3.92*kobs_MeCN + 0.02*Ster_B5 + 8.14*Occupancy_C1-O
indigo_aryl_alkyl,ln(kobs)_MeCN,4,kobs_MeCN|kobs_toluene|LUMO|Ster_L,0.9443659655173615,0.8892494437064047,0.12721360699176462,LOOCV,ln(kobs)_MeCN = -2.57 + 3.96*kobs_MeCN - 1.39*kobs_toluene + 3.59*LUMO + 0.04*Ster_L
indigo_aryl_alkyl,ln(kobs)_MeCN,5,ln(kobs)_toluene|Ar_NBO_=O|HOMO|Ster_L|Occupancy_C1-O,0.9535902379099288,0.8892442359392025,0.11618978820926669,LOOCV,ln(kobs)_MeCN = -32.14 + 0.88*ln(kobs)_toluene - 13.88*Ar_NBO_=O + 2.85*HOMO - 0.04*Ster_L + 12.85*Occupancy_C1-O
indigo_aryl_alkyl,ln(kobs)_MeCN,5,ln(kobs)_toluene|Entry|Ar_I_C=O|Ster_B1|Occupancy_C1-O,0.9548090183904295,0.8892359769713033,0.11465399093441159,LOOCV,ln(kobs)_MeCN = -89.42 + 1.13*ln(kobs)_toluene - 0.01*Entry + 0.00*Ar_I_C=O - 0.22*Ster_B1 + 45.39*Occupancy_C1-O
indigo_aryl_alkyl,ln(kobs)_MeCN,5,ln(kobs)_toluene|kobs_toluene|HOMO|Ar_NBO_C1_x|Entry,0.9519114592620188,0.8892183591792293,0.1182725848027915,LOOCV,ln(kobs)_MeCN = 0.83 + 1.14*ln(kobs)_toluene - 2.33*kobs_toluene + 5.80*HOMO + 3.19*Ar_NBO_C1_x - 0.01*Entry
indigo_aryl_alkyl,ln(kobs)_MeCN,3,kobs_MeCN|Entry|Ar_I_C=O,0.9334120199509388,0.8892044230124054,0.1391749934025789,LOOCV,ln(kobs)_MeCN = -2.56 + 3.83*kobs_MeCN + 0.01*Entry + 0.00*Ar_I_C=O
indigo_aryl_alkyl,ln(kobs)_MeCN,4,kobs_MeCN|HOMO|Ar_v_C=O|Entry,0.9421105660938782,0.8891759793582796,0.12976660432539563,LOOCV,ln(kobs)_MeCN = 10.44 + 3.46*kobs_MeCN + 2.18*HOMO - 0.01*Ar_v_C=O + 0.00*Entry
indigo_aryl_alkyl,ln(kobs)_MeCN,4,kobs_MeCN|kobs_toluene|Ar_NBO_-O|Ar_NBO_C1_x,0.9358490552509393,0.8891397012452644,0.13660444064343172,LOOCV,ln(kobs)_MeCN = -16.04 + 3.37*kobs_MeCN + 0.71*kobs_toluene - 18.06*Ar_NBO_-O + 1.19*Ar_NBO_C1_x
indigo_aryl_alkyl,ln(kobs)_MeCN,4,ln(kobs)_toluene|Ar_NBO_=O|Ster_L|Ster_B1,0.948873310483502,0.8891159754776775,0.12195149408494536,LOOCV,ln(kobs)_MeCN = -9.04 + 0.93*ln(kobs)_toluene - 16.92*Ar_NBO_=O - 0.03*Ster_L - 0.08*Ster_B1
indigo_aryl_alkyl,ln(kobs)_MeCN,4,ln(kobs)_toluene|HOMO|LUMO|Ar_I_C=O,0.9422175131684937,0.8890434805597737,0.12964668110744645,LOOCV,ln(kobs)_MeCN = 1.70 + 0.88*ln(kobs)_toluene + 3.42*HOMO + 2.91*LUMO + 0.00*Ar_I_C=O
indigo_aryl_alkyl,ln(kobs)_MeCN,5,ln(kobs)_toluene|LUMO|Ar_NBO_C1_x|L_C1-C2|Occupancy_C1-O,0.9554649553767273,0.8889973158565212,0.11381886091408898,LOOCV,ln(kobs)_MeCN = -72.78 + 0.80*ln(kobs)_toluene + 5.24*LUMO + 21.71*Ar_NBO_C1_x - 14.13*L_C1-C2 + 38.59*Occupancy_C1-O
indigo_aryl_alkyl,ln(kobs)_MeCN,5,ln(kobs)_toluene|Ar_NBO_-O|LUMO|Ar_NBO_C1_x|Ster_B1,0.9562347625398677,0.8889846256353942,0.11283086916027558,LOOCV,ln(kobs)_MeCN = -15.37 + 0.88*ln(kobs)_toluene - 11.05*Ar_NBO_-O + 5.38*LUMO + 10.95*Ar_NBO_C1_x - 0.18*Ster_B1
indigo_aryl_alkyl,ln(kobs)_MeCN,4,kobs_MeCN|Ar_NBO_=O|Ar_v_C=O|Ar_NBO_C1_x,0.9428861902174174,0.8889672261938073,0.1288943421832025,LOOCV,ln(kobs)_MeCN = -0.82 + 3.36*kobs_MeCN - 9.08*Ar_NBO_=O - 0.01*Ar_v_C=O + 3.22*Ar_NBO_C1_x
indigo_aryl_alkyl,ln(kobs)_MeCN,4,kobs_MeCN|Ar_NBO_-O|L_C1-C2|Energy_C1-O,0.9353105767152945,0.888955772636612,0.13717656660798064,LOOCV,ln(kobs)_MeCN = -16.06 + 3.69*kobs_MeCN - 17.32*Ar_NBO_-O + 1.02*L_C1-C2 + 0.03*Energy_C1-O
indigo_aryl_alkyl,ln(kobs)_MeCN,5,ln(kobs)_toluene|Ar_NBO_=O|HOMO|Ar_NBO_-O|Occupancy_C1-O,0.9526974168389278,0.8889536039125763,0.117302081318707,LOOCV,ln(kobs)_MeCN = -115.25 + 0.89*ln(kobs)_toluene + 7.20*Ar_NBO_=O + 3.42*HOMO - 37.83*Ar_NBO_-O + 47.53*Occupancy_C1-O
indigo_aryl_alkyl,ln(kobs)_MeCN,5,ln(kobs)_toluene|LUMO|Ar_NBO_C1_x|Ster_B1|Occupancy_C1-O,0.9555984267960481,0.8889535888888961,0.11364817550892878,LOOCV,ln(kobs)_MeCN = -72.95 + 0.88*ln(kobs)_toluene + 7.12*LUMO + 15.48*Ar_NBO_C1_x - 0.21*Ster_B1 + 31.00*Occupancy_C1-O
indigo_aryl_alkyl,ln(kobs)_MeCN,4,kobs_MeCN|Ar_NBO_=O|Ar_v_C=O|L_C1-C2,0.9455760778680479,0.8889446354728636,0.12582247023627693,LOOCV,ln(kobs)_MeCN = 19.00 + 3.29*kobs_MeCN - 4.00*Ar_NBO_=O - 0.02*Ar_v_C=O + 14.55*L_C1-C2
indigo_aryl_alkyl,ln(kobs)_MeCN,4,ln(kobs)_toluene|kobs_toluene|HOMO|Ar_NBO_C1_x,0.9462233980525385,0.8888820567016126,0.12507196331573753,LOOCV,ln(kobs)_MeCN = -3.29 + 1.05*ln(kobs)_toluene - 2.17*kobs_toluene + 5.42*HOMO + 7.77*Ar_NBO_C1_x
indigo_aryl_alkyl,ln(kobs)_MeCN,5,ln(kobs)_toluene|Ar_NBO_=O|Ster_L|Ar_I_C=O|polarizability,0.9538496457290235,0.8888519411687669,0.11586461119873247,LOOCV,ln(kobs)_MeCN = -9.07 + 0.90*ln(kobs)_toluene - 16.02*Ar_NBO_=O - 0.01*Ster_L + 0.00*Ar_I_C=O - 0.00*polarizability
indigo_aryl_alkyl,ln(kobs)_MeCN,5,ln(kobs)_toluene|kobs_toluene|Ar_NBO_C1_x|L_C1-C2|Ster_B1,0.9512810197117697,0.8888439895535972,0.11904533565819769,LOOCV,ln(kobs)_MeCN = 17.85 + 1.08*ln(kobs)_toluene - 1.33*kobs_toluene + 15.29*Ar_NBO_C1_x - 19.27*L_C1-C2 - 0.17*Ster_B1
indigo_aryl_alkyl,ln(kobs)_MeCN,4,kobs_MeCN|kobs_toluene|Ar_NBO_=O|Ster_B5,0.94523680752868,0.8888425678095375,0.1262140398781065,LOOCV,ln(kobs)_MeCN = -8.89 + 3.57*kobs_MeCN - 0.30*kobs_toluene - 10.73*Ar_NBO_=O + 0.02*Ster_B5
indigo_aryl_alkyl,ln(kobs)_MeCN,5,ln(kobs)_toluene|kobs_toluene|Ar_NBO_=O|Entry|Ar_I_C=O,0.9558299338874033,0.8887815419888909,0.11335151098221896,LOOCV,ln(kobs)_MeCN = -3.80 + 1.21*ln(kobs)_toluene - 2.40*kobs_toluene - 8.42*Ar_NBO_=O - 0.01*Entry + 0.00*Ar_I_C=O
indigo_aryl_alkyl,ln(kobs)_MeCN,5,ln(kobs)_toluene|kobs_toluene|HOMO|Ar_NBO_-O|Ar_NBO_C1_x,0.9534175419443666,0.8887680235955862,0.11640576513852686,LOOCV,ln(kobs)_MeCN = -14.54 + 0.99*ln(kobs)_toluene - 1.60*kobs_toluene + 3.90*HOMO - 17.57*Ar_NBO_-O + 5.57*Ar_NBO_C1_x
indigo_aryl_alkyl,ln(kobs)_MeCN,4,kobs_MeCN|kobs_toluene|Ar_NBO_-O|Ster_L,0.9394842368101426,0.88874436185056,0.13267758148803965,LOOCV,ln(kobs)_MeCN = -10.64 + 3.77*kobs_MeCN - 0.36*kobs_toluene - 11.42*Ar_NBO_-O + 0.02*Ster_L
indigo_aryl_alkyl,ln(kobs)_MeCN,5,ln(kobs)_toluene|HOMO|LUMO|Entry|Ster_B1,0.9597905318652882,0.8887352311081917,0.10815023147648299,LOOCV,ln(kobs)_MeCN = 2.71 + 0.96*ln(kobs)_toluene + 4.24*HOMO + 3.39*LUMO - 0.01*Entry - 0.17*Ster_B1
indigo_aryl_alkyl,ln(kobs)_MeCN,4,kobs_MeCN|Ar_NBO_=O|Entry|Occupancy_C1-O,0.9499383737579038,0.8887334882355826,0.12067457160808519,LOOCV,ln(kobs)_MeCN = -103.46 + 3.35*kobs_MeCN - 13.65*Ar_NBO_=O + 0.01*Entry + 46.56*Occupancy_C1-O
indigo_aryl_alkyl,ln(kobs)_MeCN,3,kobs_MeCN|kobs_toluene|Ster_L,0.93697415871339,0.8887281509363217,0.1354012316246327,LOOCV,ln(kobs)_MeCN = -2.74 + 4.21*kobs_MeCN - 1.20*kobs_toluene + 0.03*Ster_L
indigo_aryl_alkyl,ln(kobs)_MeCN,4,kobs_MeCN|Ar_NBO_-O|Ster_L|Energy_C1-O,0.9421360199372707,0.8887138318861453,0.12973807215840286,LOOCV,ln(kobs)_MeCN = -6.94 + 3.71*kobs_MeCN - 6.77*Ar_NBO_-O + 0.04*Ster_L + 0.52*Energy_C1-O
indigo_aryl_alkyl,ln(kobs)_MeCN,4,kobs_MeCN|Ar_NBO_=O|Ar_NBO_C1_x|Energy_C1-O,0.9427393164480647,0.8886658485683411,0.1290599679987658,LOOCV,ln(kobs)_MeCN = -10.58 + 3.42*kobs_MeCN - 12.07*Ar_NBO_=O + 1.29*Ar_NBO_C1_x + 0.06*Energy_C1-O
indigo_aryl_alkyl,ln(kobs)_MeCN,5,ln(kobs)_toluene|Ar_NBO_=O|Ar_NBO_C1_x|Entry|Ar_I_C=O,0.9516757301033493,0.8886138439023252,0.11856211545595337,LOOCV,ln(kobs)_MeCN = -6.78 + 0.95*ln(kobs)_toluene - 9.90*Ar_NBO_=O + 1.54*Ar_NBO_C1_x - 0.01*Entry + 0.00*Ar_I_C=O
indigo_aryl_alkyl,ln(kobs)_MeCN,4,kobs_MeCN|Ar_NBO_-O|LUMO|Ar_I_C=O,0.9355349341063832,0.8885709417093252,0.13693848048487842,LOOCV,ln(kobs)_MeCN = -12.85 + 3.65*kobs_MeCN - 14.91*Ar_NBO_-O + 0.78*LUMO + 0.00*Ar_I_C=O
indigo_aryl_alkyl,ln(kobs)_MeCN,4,kobs_MeCN|kobs_toluene|Ar_NBO_-O|Ster_B5,0.9431637220922796,0.8885670715848154,0.1285807940994667,LOOCV,ln(kobs)_MeCN = -15.29 + 3.64*kobs_MeCN - 0.15*kobs_toluene - 18.21*Ar_NBO_-O + 0.03*Ster_B5
indigo_aryl_alkyl,ln(kobs)_MeCN,5,ln(kobs)_toluene|Ar_NBO_=O|polarizability|Ster_B5|Occupancy_C1-O,0.9535509668067583,0.8885400241688007,0.1162389366653425,LOOCV,ln(kobs)_MeCN = -104.54 + 0.88*ln(kobs)_toluene - 21.91*Ar_NBO_=O - 0.00*polarizability + 0.02*Ster_B5 + 46.22*Occupancy_C1-O
indigo_aryl_alkyl,ln(kobs)_MeCN,5,ln(kobs)_toluene|Ar_NBO_=O|Ster_L|Entry|Occupancy_C1-O,0.9531502338205264,0.8884944382304255,0.1167392779714717,LOOCV,ln(kobs)_MeCN = -94.47 + 0.94*ln(kobs)_toluene - 19.39*Ar_NBO_=O - 0.03*Ster_L - 0.01*Entry + 42.08*Occupancy_C1-O
indigo_aryl_alkyl,ln(kobs)_MeCN,4,kobs_MeCN|kobs_toluene|Ar_v_C=O|Ster_L,0.9434160220885295,0.8884769736940954,0.12829508735496234,LOOCV,ln(kobs)_MeCN = 17.74 + 3.87*kobs_MeCN - 1.01*kobs_toluene - 0.01*Ar_v_C=O + 0.03*Ster_L
indigo_aryl_alkyl,ln(kobs)_MeCN,4,kobs_MeCN|Ar_NBO_-O|polarizability|L_C1-C2,0.9394679234596037,0.8884305384452859,0.13269546335827156,LOOCV,ln(kobs)_MeCN = -11.60 + 3.64*kobs_MeCN - 13.62*Ar_NBO_-O + 0.00*polarizability - 0.31*L_C1-C2
indigo_aryl_alkyl,ln(kobs)_MeCN,3,kobs_MeCN|HOMO|L_C1-C2,0.9386925050480522,0.8884055294219189,0.13354267598005723,LOOCV,ln(kobs)_MeCN = -1.39 + 3.54*kobs_MeCN + 3.63*HOMO + 0.09*L_C1-C2
indigo_aryl_alkyl,ln(kobs)_MeCN,4,kobs_MeCN|kobs_toluene|HOMO|Entry,0.9411533502359625,0.8883860332112496,0.13083506678188236,LOOCV,ln(kobs)_MeCN = -1.55 + 3.82*kobs_MeCN - 0.79*kobs_toluene + 2.87*HOMO + 0.01*Entry
indigo_aryl_alkyl,ln(kobs)_MeCN,4,kobs_MeCN|Ar_v_C=O|Ar_NBO_-O|Entry,0.9417416578479985,0.8883824656214457,0.13017942529762272,LOOCV,ln(kobs)_MeCN = -2.72 + 3.51*kobs_MeCN - 0.00*Ar_v_C=O - 12.42*Ar_NBO_-O + 0.01*Entry
indigo_aryl_alkyl,ln(kobs)_MeCN,5,kobs_MeCN|Ar_NBO_=O|Ar_NBO_-O|Ster_B1|Energy_C1-O,0.9510554270795529,0.8883823222516408,0.1193206363052071,LOOCV,ln(kobs)_MeCN = 1.89 + 3.38*kobs_MeCN - 21.32*Ar_NBO_=O + 23.20*Ar_NBO_-O + 0.35*Ster_B1 + 1.35*Energy_C1-O
indigo_aryl_alkyl,ln(kobs)_MeCN,4,ln(kobs)_toluene|Ar_NBO_=O|Ar_NBO_-O|Ster_B1,0.9475610263390951,0.8883727842695486,0.12350666094844977,LOOCV,ln(kobs)_MeCN = -14.97 + 0.96*ln(kobs)_toluene - 4.40*Ar_NBO_=O - 19.18*Ar_NBO_-O - 0.17*Ster_B1
indigo_aryl_alkyl,ln(kobs)_MeCN,3,ln(kobs)_toluene|kobs_toluene|Ar_NBO_-O,0.9425785567611248,0.8883237968812592,0.1292410093075073,LOOCV,ln(kobs)_MeCN = -18.31 + 1.08*ln(kobs)_toluene - 1.48*kobs_toluene - 27.90*Ar_NBO_-O
indigo_aryl_alkyl,ln(kobs)_MeCN,5,kobs_MeCN|Entry|polarizability|Occupancy_C1-O|Energy_C1-O,0.9535008199192867,0.8882743363178847,0.11630166615674495,LOOCV,ln(kobs)_MeCN = -119.99 + 3.86*kobs_MeCN + 0.01*Entry + 0.00*polarizability + 59.50*Occupancy_C1-O + 1.36*Energy_C1-O
indigo_aryl_alkyl,ln(kobs)_MeCN,5,ln(kobs)_toluene|Ar_NBO_=O|Ar_NBO_C1_x|Ster_L|Entry,0.9534947180951423,0.8882689407808984,0.11630929671102529,LOOCV,ln(kobs)_MeCN = -15.71 + 0.89*ln(kobs)_toluene - 18.64*Ar_NBO_=O + 6.93*Ar_NBO_C1_x - 0.04*Ster_L - 0.00*Entry
indigo_aryl_alkyl,ln(kobs)_MeCN,4,kobs_MeCN|Ar_NBO_=O|Ar_I_C=O|Energy_C1-O,0.9426568899655826,0.8882039638124353,0.12915282519991808,LOOCV,ln(kobs)_MeCN = -9.69 + 3.46*kobs_MeCN - 12.36*Ar_NBO_=O - 0.00*Ar_I_C=O + 0.07*Energy_C1-O
indigo_aryl_alkyl,ln(kobs)_MeCN,4,kobs_MeCN|Ar_NBO_-O|Ster_L|Occupancy_C1-O,0.9461383832481349,0.8881516617120525,0.1251707866798696,LOOCV,ln(kobs)_MeCN = -158.05 + 3.61*kobs_MeCN - 17.83*Ar_NBO_-O + 0.03*Ster_L + 71.65*Occupancy_C1-O
indigo_aryl_alkyl,ln(kobs)_MeCN,5,kobs_MeCN|Ar_NBO_-O|LUMO|Ster_L|Energy_C1-O,0.9513358637659797,0.8881094458875861,0.11897831078124835,LOOCV,ln(kobs)_MeCN = 9.30 + 3.50*kobs_MeCN + 15.59*Ar_NBO_-O + 5.72*LUMO + 0.07*Ster_L + 1.07*Energy_C1-O
indigo_aryl_alkyl,ln(kobs)_MeCN,5,ln(kobs)_toluene|Ar_v_C=O|LUMO|Ar_NBO_C1_x|Entry,0.9533874843718861,0.8880990335554318,0.1164433147938485,LOOCV,ln(kobs)_MeCN = 13.80 + 0.79*ln(kobs)_toluene - 0.01*Ar_v_C=O + 5.47*LUMO + 14.08*Ar_NBO_C1_x - 0.00*Entry
indigo_aryl_alkyl,ln(kobs)_MeCN,4,ln(kobs)_toluene|Ar_NBO_-O|LUMO|Ster_B1,0.9499934830963694,0.8880170598485959,0.12060813222597161,LOOCV,ln(kobs)_MeCN = -13.37 + 0.96*ln(kobs)_toluene - 20.82*Ar_NBO_-O + 2.35*LUMO - 0.18*Ster_B1
indigo_aryl_alkyl,ln(kobs)_MeCN,4,kobs_MeCN|Ar_NBO_-O|LUMO|Entry,0.9412192231582069,0.8880069347021632,0.13076181791002905,LOOCV,ln(kobs)_MeCN = -14.42 + 3.56*kobs_MeCN - 17.03*Ar_NBO_-O - 0.16*LUMO + 0.01*Entry
indigo_aryl_alkyl,ln(kobs)_MeCN,5,ln(kobs)_toluene|LUMO|Ar_NBO_C1_x|Entry|Ster_B1,0.9547066898511307,0.8880028861893702,0.11478372634770807,LOOCV,ln(kobs)_MeCN = -8.75 + 0.90*ln(kobs)_toluene + 7.04*LUMO + 12.57*Ar_NBO_C1_x - 0.00*Entry - 0.19*Ster_B1
indigo_aryl_alkyl,ln(kobs)_MeCN,5,kobs_MeCN|ln(kobs)_toluene|Ster_L|L_C1-C2|Occupancy_C1-O,0.960344749345216,0.8879884645013213,0.10740231406911653,LOOCV,ln(kobs)_MeCN = -49.25 + 2.25*kobs_MeCN + 0.46*ln(kobs)_toluene + 0.01*Ster_L - 6.39*L_C1-C2 + 28.90*Occupancy_C1-O
indigo_aryl_alkyl,ln(kobs)_MeCN,4,kobs_MeCN|Ar_v_C=O|polarizability|Ster_B5,0.9409000092025052,0.8879797819918591,0.13111639370201342,LOOCV,ln(kobs)_MeCN = 18.42 + 3.59*kobs_MeCN - 0.01*Ar_v_C=O + 0.00*polarizability + 0.01*Ster_B5
indigo_aryl_alkyl,ln(kobs)_MeCN,4,kobs_MeCN|kobs_toluene|Ar_v_C=O|Ar_NBO_C1_x,0.9414152443866425,0.8879636700311178,0.1305436045872427,LOOCV,ln(kobs)_MeCN = 24.00 + 3.26*kobs_MeCN + 0.09*kobs_toluene - 0.02*Ar_v_C=O + 7.77*Ar_NBO_C1_x
indigo_aryl_alkyl,ln(kobs)_MeCN,5,ln(kobs)_toluene|Ar_v_C=O|Ar_NBO_-O|LUMO|Ar_NBO_C1_x,0.9522826668210695,0.8879386518517265,0.11781521251289571,LOOCV,ln(kobs)_MeCN = 12.21 + 0.75*ln(kobs)_toluene - 0.01*Ar_v_C=O + 0.64*Ar_NBO_-O + 5.72*LUMO + 16.57*Ar_NBO_C1_x
indigo_aryl_alkyl,ln(kobs)_MeCN,3,ln(kobs)_toluene|Ar_I_C=O|polarizability,0.9329564653156563,0.8879363208781358,0.13965025743273432,LOOCV,ln(kobs)_MeCN = 0.52 + 1.03*ln(kobs)_toluene + 0.00*Ar_I_C=O - 0.00*polarizability
indigo_aryl_alkyl,ln(kobs)_MeCN,5,kobs_MeCN|ln(kobs)_toluene|polarizability|L_C1-C2|Ster_B1,0.9639921532599007,0.8879238954899851,0.10234387695679384,LOOCV,ln(kobs)_MeCN = 8.45 + 2.00*kobs_MeCN + 0.55*ln(kobs)_toluene + 0.00*polarizability - 6.00*L_C1-C2 - 0.18*Ster_B1
indigo_aryl_alkyl,ln(kobs)_MeCN,4,kobs_MeCN|Ar_NBO_-O|Ar_I_C=O|Occupancy_C1-O,0.9390050942003382,0.8879215679108408,0.13320179320441605,LOOCV,ln(kobs)_MeCN = -120.11 + 3.68*kobs_MeCN - 21.42*Ar_NBO_-O + 0.00*Ar_I_C=O + 51.49*Occupancy_C1-O
indigo_aryl_alkyl,ln(kobs)_MeCN,4,kobs_MeCN|HOMO|Ster_L|L_C1-C2,0.9421884892857304,0.8878995709989171,0.12967923749158974,LOOCV,ln(kobs)_MeCN = 1.40 + 3.51*kobs_MeCN + 2.62*HOMO + 0.02*Ster_L - 2.13*L_C1-C2
indigo_aryl_alkyl,ln(kobs)_MeCN,3,kobs_MeCN|kobs_toluene|Ster_B5,0.9348833050037213,0.8878719939087737,0.13762884458219934,LOOCV,ln(kobs)_MeCN = -2.60 + 4.27*kobs_MeCN - 1.04*kobs_toluene + 0.03*Ster_B5
indigo_aryl_alkyl,ln(kobs)_MeCN,4,kobs_MeCN|HOMO|Ster_L|Occupancy_C1-O,0.9439364054411613,0.8878667641610881,0.12770378184504208,LOOCV,ln(kobs)_MeCN = -78.39 + 3.57*kobs_MeCN + 2.63*HOMO + 0.03*Ster_L + 38.40*Occupancy_C1-O
indigo_aryl_alkyl,ln(kobs)_MeCN,4,ln(kobs)_toluene|LUMO|Ster_L|Ster_B1,0.9438462782765115,0.8878539619567156,0.12780638816124335,LOOCV,ln(kobs)_MeCN = 1.34 + 0.96*ln(kobs)_toluene + 5.37*LUMO + 0.03*Ster_L - 0.29*Ster_B1
indigo_aryl_alkyl,ln(kobs)_MeCN,5,kobs_MeCN|Ar_NBO_=O|Ster_L|polarizability|Occupancy_C1-O,0.9522849012198997,0.887836194468232,0.1178124540890985,LOOCV,ln(kobs)_MeCN = -182.80 + 3.37*kobs_MeCN - 13.75*Ar_NBO_=O + 0.05*Ster_L - 0.00*polarizability + 86.21*Occupancy_C1-O
indigo_aryl_alkyl,ln(kobs)_MeCN,5,kobs_MeCN|Ar_NBO_=O|Ar_NBO_C1_x|Entry|Occupancy_C1-O,0.9539743759625421,0.8878314908239018,0.11570793203380118,LOOCV,ln(kobs)_MeCN = -141.48 + 3.15*kobs_MeCN - 13.93*Ar_NBO_=O + 7.72*Ar_NBO_C1_x + 0.01*Entry + 62.45*Occupancy_C1-O
indigo_aryl_alkyl,ln(kobs)_MeCN,3,ln(kobs)_toluene|Ar_v_C=O|Occupancy_C1-O,0.9294558939566004,0.8878283228808646,0.14324967858072074,LOOCV,ln(kobs)_MeCN = -1.68 + 0.93*ln(kobs)_toluene - 0.02*Ar_v_C=O + 16.60*Occupancy_C1-O
indigo_aryl_alkyl,ln(kobs)_MeCN,4,kobs_MeCN|Ar_v_C=O|Ar_NBO_C1_x|Occupancy_C1-O,0.9462045570443819,0.8878261289744722,0.12509387131502853,LOOCV,ln(kobs)_MeCN = -91.52 + 3.22*kobs_MeCN - 0.02*Ar_v_C=O + 11.50*Ar_NBO_C1_x + 59.57*Occupancy_C1-O
indigo_aryl_alkyl,ln(kobs)_MeCN,5,ln(kobs)_toluene|Ar_NBO_=O|HOMO|Ar_NBO_-O|Ster_B5,0.9577998098178245,0.8878026875433995,0.11079508451742692,LOOCV,ln(kobs)_MeCN = -2.83 + 0.85*ln(kobs)_toluene - 2.05*Ar_NBO_=O + 6.66*HOMO - 6.29*Ar_NBO_-O - 0.04*Ster_B5
indigo_aryl_alkyl,ln(kobs)_MeCN,3,kobs_MeCN|kobs_toluene|Entry,0.9353050698639603,0.8877668481793979,0.13718240523541458,LOOCV,ln(kobs)_MeCN = -2.56 + 4.29*kobs_MeCN - 1.36*kobs_toluene + 0.01*Entry
indigo_aryl_alkyl,ln(kobs)_MeCN,4,ln(kobs)_toluene|Ar_NBO_-O|Ster_B1|Ster_B5,0.9474260260428461,0.8877504398988684,0.12366553818526241,LOOCV,ln(kobs)_MeCN = -17.67 + 0.97*ln(kobs)_toluene - 26.85*Ar_NBO_-O - 0.18*Ster_B1 + 0.00*Ster_B5
indigo_aryl_alkyl,ln(kobs)_MeCN,5,kobs_MeCN|ln(kobs)_toluene|Ar_NBO_C1_x|Ster_L|Occupancy_C1-O,0.9568844528862023,0.8877426323442217,0.11199025660249644,LOOCV,ln(kobs)_MeCN = -61.72 + 2.35*kobs_MeCN + 0.45*ln(kobs)_toluene + 1.14*Ar_NBO_C1_x + 0.01*Ster_L + 29.93*Occupancy_C1-O
indigo_aryl_alkyl,ln(kobs)_MeCN,3,ln(kobs)_toluene|Entry|Ster_B1,0.9289507750283528,0.8877346478679848,0.14376162112884686,LOOCV,ln(kobs)_MeCN = 1.68 + 1.13*ln(kobs)_toluene - 0.01*Entry - 0.23*Ster_B1
indigo_aryl_alkyl,ln(kobs)_MeCN,5,ln(kobs)_toluene|kobs_toluene|LUMO|Ar_NBO_C1_x|Ster_B5,0.9533234297558933,0.8877311027830792,0.11652329514931214,LOOCV,ln(kobs)_MeCN = -9.69 + 1.12*ln(kobs)_toluene - 3.07*kobs_toluene + 7.97*LUMO + 14.34*Ar_NBO_C1_x + 0.00*Ster_B5
indigo_aryl_alkyl,ln(kobs)_MeCN,3,kobs_MeCN|Entry|polarizability,0.9368751895411015,0.88771949396053,0.13550749987087807,LOOCV,ln(kobs)_MeCN = -2.61 + 3.78*kobs_MeCN + 0.01*Entry + 0.00*polarizability
indigo_aryl_alkyl,ln(kobs)_MeCN,5,ln(kobs)_toluene|kobs_toluene|Ar_NBO_=O|Ster_L|Entry,0.953254349754397,0.887712834055335,0.1166094888577524,LOOCV,ln(kobs)_MeCN = -8.68 + 1.13*ln(kobs)_toluene - 1.78*kobs_toluene - 17.39*Ar_NBO_=O - 0.04*Ster_L - 0.01*Entry
indigo_aryl_alkyl,ln(kobs)_MeCN,4,kobs_MeCN|HOMO|LUMO|polarizability,0.9400323333801097,0.8876855567437104,0.1320753785946604,LOOCV,ln(kobs)_MeCN = -1.66 + 3.53*kobs_MeCN + 2.33*HOMO + 1.42*LUMO + 0.00*polarizability
indigo_aryl_alkyl,ln(kobs)_MeCN,5,kobs_MeCN|ln(kobs)_toluene|Ar_v_C=O|Ster_B1|Occupancy_C1-O,0.9657091449286379,0.8876548268280353,0.09987400056950221,LOOCV,ln(kobs)_MeCN = -44.90 + 1.91*kobs_MeCN + 0.53*ln(kobs)_toluene - 0.01*Ar_v_C=O - 0.12*Ster_B1 + 32.34*Occupancy_C1-O
indigo_aryl_alkyl,ln(kobs)_MeCN,5,ln(kobs)_toluene|Ar_NBO_=O|LUMO|Ster_L|Entry,0.9509903072418241,0.887649873682774,0.11939998685647071,LOOCV,ln(kobs)_MeCN = -8.89 + 0.94*ln(kobs)_toluene - 16.68*Ar_NBO_=O + 0.80*LUMO - 0.03*Ster_L - 0.01*Entry
indigo_aryl_alkyl,ln(kobs)_MeCN,5,kobs_MeCN|ln(kobs)_toluene|Ar_I_C=O|polarizability|Ster_B1,0.9629676650664661,0.8876433160034034,0.10378959968204791,LOOCV,ln(kobs)_MeCN = -0.60 + 1.93*kobs_MeCN + 0.57*ln(kobs)_toluene + 0.00*Ar_I_C=O + 0.00*polarizability - 0.16*Ster_B1
indigo_aryl_alkyl,ln(kobs)_MeCN,5,ln(kobs)_toluene|Ar_v_C=O|Ar_NBO_C1_x|Occupancy_C1-O|Energy_C1-O,0.9603120736461933,0.8876190892919975,0.10744655440284093,LOOCV,ln(kobs)_MeCN = -136.94 + 0.89*ln(kobs)_toluene - 0.02*Ar_v_C=O + 13.36*Ar_NBO_C1_x + 84.70*Occupancy_C1-O + 1.06*Energy_C1-O
indigo_aryl_alkyl,ln(kobs)_MeCN,4,kobs_MeCN|Ar_NBO_C1_x|Entry|Ster_B5,0.9381044345940018,0.8876157884881481,0.1341816278421903,LOOCV,ln(kobs)_MeCN = -6.95 + 3.67*kobs_MeCN + 5.43*Ar_NBO_C1_x + 0.01*Entry + 0.01*Ster_B5
indigo_aryl_alkyl,ln(kobs)_MeCN,4,ln(kobs)_toluene|Ster_L|Ar_I_C=O|Ster_B5,0.934446872783117,0.887589958822035,0.138089289890993,LOOCV,ln(kobs)_MeCN = 0.51 + 1.02*ln(kobs)_toluene - 0.01*Ster_L + 0.00*Ar_I_C=O - 0.02*Ster_B5
indigo_aryl_alkyl,ln(kobs)_MeCN,5,ln(kobs)_toluene|kobs_toluene|Ar_NBO_-O|Ster_L|Ar_I_C=O,0.9546129598112302,0.8875720701350919,0.11490243176974832,LOOCV,ln(kobs)_MeCN = -17.39 + 1.16*ln(kobs)_toluene - 1.92*kobs_toluene - 26.89*Ar_NBO_-O - 0.03*Ster_L + 0.00*Ar_I_C=O
indigo_aryl_alkyl,ln(kobs)_MeCN,4,ln(kobs)_toluene|Ar_NBO_=O|Ster_L|Ar_I_C=O,0.950649376928134,0.8875716500794114,0.11981456328338486,LOOCV,ln(kobs)_MeCN = -8.84 + 0.91*ln(kobs)_toluene - 15.99*Ar_NBO_=O - 0.03*Ster_L + 0.00*Ar_I_C=O
indigo_aryl_alkyl,ln(kobs)_MeCN,3,ln(kobs)_toluene|Ar_NBO_=O|Ar_I_C=O,0.9421923711812477,0.8874681082046202,0.1296748836034514,LOOCV,ln(kobs)_MeCN = -7.20 + 0.88*ln(kobs)_toluene - 12.57*Ar_NBO_=O + 0.00*Ar_I_C=O
indigo_aryl_alkyl,ln(kobs)_MeCN,4,ln(kobs)_toluene|kobs_toluene|Ar_NBO_=O|Ster_L,0.950398704523212,0.8873935695974671,0.12011847193080699,LOOCV,ln(kobs)_MeCN = -8.97 + 1.09*ln(kobs)_toluene - 1.79*kobs_toluene - 17.65*Ar_NBO_=O - 0.04*Ster_L
indigo_aryl_alkyl,ln(kobs)_MeCN,4,kobs_MeCN|LUMO|Ar_NBO_C1_x|polarizability,0.9405345325745808,0.8873274084388576,0.13152118328177342,LOOCV,ln(kobs)_MeCN = -7.71 + 3.40*kobs_MeCN + 3.91*LUMO + 6.71*Ar_NBO_C1_x + 0.00*polarizability
indigo_aryl_alkyl,ln(kobs)_MeCN,4,kobs_MeCN|ln(kobs)_toluene|HOMO|Ster_B1,0.9669239630369324,0.8873247929766067,0.09808893592759074,LOOCV,ln(kobs)_MeCN = 0.54 + 1.78*kobs_MeCN + 0.54*ln(kobs)_toluene + 3.18*HOMO - 0.11*Ster_B1
indigo_aryl_alkyl,ln(kobs)_MeCN,5,ln(kobs)_toluene|Ar_NBO_-O|Ster_L|Ar_I_C=O|Occupancy_C1-O,0.9542321007193519,0.8873201584624242,0.1153835185940807,LOOCV,ln(kobs)_MeCN = -106.73 + 0.96*ln(kobs)_toluene - 32.77*Ar_NBO_-O - 0.03*Ster_L + 0.00*Ar_I_C=O + 42.40*Occupancy_C1-O
indigo_aryl_alkyl,ln(kobs)_MeCN,5,ln(kobs)_toluene|Ar_NBO_=O|Ar_NBO_C1_x|Ster_L|Ster_B1,0.9533784044580833,0.8873140896589082,0.11645465556534408,LOOCV,ln(kobs)_MeCN = -16.12 + 0.89*ln(kobs)_toluene - 18.25*Ar_NBO_=O + 7.73*Ar_NBO_C1_x - 0.04*Ster_L - 0.03*Ster_B1
indigo_aryl_alkyl,ln(kobs)_MeCN,5,ln(kobs)_toluene|HOMO|Ar_v_C=O|Ar_NBO_-O|LUMO,0.95181202787353,0.8873072391287353,0.1183947961909951,LOOCV,ln(kobs)_MeCN = -34.82 + 0.87*ln(kobs)_toluene + 3.72*HOMO + 0.01*Ar_v_C=O - 25.31*Ar_NBO_-O + 2.16*LUMO
indigo_aryl_alkyl,ln(kobs)_MeCN,3,kobs_MeCN|kobs_toluene|Ar_v_C=O,0.9371692996683281,0.887277235811609,0.13519145410274544,LOOCV,ln(kobs)_MeCN = 22.00 + 3.67*kobs_MeCN - 0.20*kobs_toluene - 0.01*Ar_v_C=O
indigo_aryl_alkyl,ln(kobs)_MeCN,5,ln(kobs)_toluene|Ar_NBO_=O|Ar_I_C=O|polarizability|Energy_C1-O,0.9559904897667074,0.8872585129637546,0.11314531002331644,LOOCV,ln(kobs)_MeCN = -6.06 + 0.94*ln(kobs)_toluene - 12.01*Ar_NBO_=O + 0.00*Ar_I_C=O - 0.00*polarizability + 0.60*Energy_C1-O
indigo_aryl_alkyl,ln(kobs)_MeCN,5,ln(kobs)_toluene|Ar_NBO_-O|Ar_I_C=O|polarizability|Ster_B5,0.9560320729032747,0.8872490067739579,0.11309184375245773,LOOCV,ln(kobs)_MeCN = -26.03 + 0.93*ln(kobs)_toluene - 38.13*Ar_NBO_-O + 0.00*Ar_I_C=O - 0.00*polarizability + 0.05*Ster_B5
indigo_aryl_alkyl,ln(kobs)_MeCN,5,ln(kobs)_toluene|Ar_NBO_=O|Ar_NBO_-O|Entry|Occupancy_C1-O,0.9514427034907263,0.8872391651437119,0.11884763349446889,LOOCV,ln(kobs)_MeCN = -164.86 + 0.95*ln(kobs)_toluene - 5.01*Ar_NBO_=O - 26.78*Ar_NBO_-O - 0.01*Entry + 72.19*Occupancy_C1-O
indigo_aryl_alkyl,ln(kobs)_MeCN,5,ln(kobs)_toluene|Ar_NBO_=O|Ar_NBO_C1_x|Ster_L|Occupancy_C1-O,0.9565886829380356,0.8872318283905746,0.11237372315442168,LOOCV,ln(kobs)_MeCN = -120.78 + 0.86*ln(kobs)_toluene - 20.50*Ar_NBO_=O + 9.81*Ar_NBO_C1_x - 0.04*Ster_L + 50.91*Occupancy_C1-O
indigo_aryl_alkyl,ln(kobs)_MeCN,4,kobs_MeCN|Ar_NBO_=O|Ar_v_C=O|polarizability,0.943384574672315,0.8870290860362176,0.1283307333871898,LOOCV,ln(kobs)_MeCN = -7.54 + 3.46*kobs_MeCN - 10.32*Ar_NBO_=O - 0.00*Ar_v_C=O + 0.00*polarizability
indigo_aryl_alkyl,ln(kobs)_MeCN,5,kobs_MeCN|ln(kobs)_toluene|HOMO|polarizability|Ster_B1,0.9683017228363681,0.8869347774424647,0.0960242929997896,LOOCV,ln(kobs)_MeCN = 1.14 + 1.54*kobs_MeCN + 0.57*ln(kobs)_toluene + 4.79*HOMO - 0.00*polarizability - 0.04*Ster_B1
indigo_aryl_alkyl,ln(kobs)_MeCN,5,ln(kobs)_toluene|Ar_NBO_=O|LUMO|Ar_NBO_C1_x|Ar_I_C=O,0.9529542310202678,0.886873543136881,0.11698322095608724,LOOCV,ln(kobs)_MeCN = -13.02 + 0.80*ln(kobs)_toluene - 5.30*Ar_NBO_=O + 4.98*LUMO + 12.68*Ar_NBO_C1_x + 0.00*Ar_I_C=O
indigo_aryl_alkyl,ln(kobs)_MeCN,3,ln(kobs)_toluene|Ar_v_C=O|Ar_I_C=O,0.9338318850233917,0.886835290640801,0.13873552126331082,LOOCV,ln(kobs)_MeCN = 21.49 + 0.93*ln(kobs)_toluene - 0.01*Ar_v_C=O + 0.00*Ar_I_C=O
indigo_aryl_alkyl,ln(kobs)_MeCN,5,ln(kobs)_toluene|kobs_toluene|Entry|Ar_I_C=O|L_C1-C2,0.9561165708202387,0.8868311723439779,0.11298312108251843,LOOCV,ln(kobs)_MeCN = 15.46 + 1.38*ln(kobs)_toluene - 3.17*kobs_toluene - 0.02*Entry + 0.00*Ar_I_C=O - 9.25*L_C1-C2
indigo_aryl_alkyl,ln(kobs)_MeCN,4,kobs_MeCN|Ar_v_C=O|LUMO|Ster_L,0.9438604498034908,0.8868112373684148,0.12779025988059914,LOOCV,ln(kobs)_MeCN = 10.47 + 3.43*kobs_MeCN - 0.01*Ar_v_C=O + 2.11*LUMO + 0.03*Ster_L
indigo_aryl_alkyl,ln(kobs)_MeCN,4,kobs_MeCN|Ar_NBO_C1_x|Ster_L|Entry,0.9396322029531785,0.8868085783605891,0.13251527827972265,LOOCV,ln(kobs)_MeCN = -4.35 + 3.66*kobs_MeCN + 2.04*Ar_NBO_C1_x + 0.02*Ster_L + 0.01*Entry
indigo_aryl_alkyl,ln(kobs)_MeCN,5,ln(kobs)_toluene|Ar_NBO_C1_x|Entry|Ar_I_C=O|Ster_B1,0.9520609136988574,0.8868066267265118,0.11808865202208392,LOOCV,ln(kobs)_MeCN = -1.13 + 1.08*ln(kobs)_toluene + 2.57*Ar_NBO_C1_x - 0.01*Entry + 0.00*Ar_I_C=O - 0.20*Ster_B1
indigo_aryl_alkyl,ln(kobs)_MeCN,5,ln(kobs)_toluene|HOMO|Ster_L|Ster_B1|Energy_C1-O,0.9652508968736332,0.8867895151983273,0.10053912217165784,LOOCV,ln(kobs)_MeCN = 4.47 + 0.92*ln(kobs)_toluene + 6.19*HOMO - 0.02*Ster_L + 0.42*Ster_B1 + 2.26*Energy_C1-O
indigo_aryl_alkyl,ln(kobs)_MeCN,4,ln(kobs)_toluene|kobs_toluene|Ar_NBO_C1_x|L_C1-C2,0.9460729064356349,0.8867574401830378,0.1252468454331892,LOOCV,ln(kobs)_MeCN = 19.08 + 1.15*ln(kobs)_toluene - 2.50*kobs_toluene + 15.64*Ar_NBO_C1_x - 20.30*L_C1-C2
indigo_aryl_alkyl,ln(kobs)_MeCN,4,ln(kobs)_toluene|LUMO|Ar_NBO_C1_x|Occupancy_C1-O,0.9465776766089972,0.8866812353201885,0.12465929746169122,LOOCV,ln(kobs)_MeCN = -48.28 + 0.82*ln(kobs)_toluene + 7.59*LUMO + 15.74*Ar_NBO_C1_x + 18.27*Occupancy_C1-O
indigo_aryl_alkyl,ln(kobs)_MeCN,4,kobs_MeCN|HOMO|Entry|Occupancy_C1-O,0.9407355708423014,0.8866251130254919,0.13129867451049754,LOOCV,ln(kobs)_MeCN = -22.94 + 3.54*kobs_MeCN + 3.09*HOMO + 0.00*Entry + 10.76*Occupancy_C1-O
indigo_aryl_alkyl,ln(kobs)_MeCN,5,ln(kobs)_toluene|kobs_toluene|Ar_NBO_-O|Ar_I_C=O|polarizability,0.9532928232580332,0.8866065953627222,0.11656149188834619,LOOCV,ln(kobs)_MeCN = -15.44 + 1.13*ln(kobs)_toluene - 1.74*kobs_toluene - 23.64*Ar_NBO_-O + 0.00*Ar_I_C=O - 0.00*polarizability
indigo_aryl_alkyl,ln(kobs)_MeCN,5,ln(kobs)_toluene|Ar_NBO_-O|Entry|Ster_B5|Occupancy_C1-O,0.9510100429542709,0.8866051740418603,0.11937594384629269,LOOCV,ln(kobs)_MeCN = -167.38 + 0.97*ln(kobs)_toluene - 35.38*Ar_NBO_-O - 0.01*Entry + 0.00*Ster_B5 + 71.96*Occupancy_C1-O
indigo_aryl_alkyl,ln(kobs)_MeCN,4,kobs_MeCN|Entry|Ar_I_C=O|Ster_B5,0.9360774924429823,0.8865642588347561,0.13636100413024238,LOOCV,ln(kobs)_MeCN = -2.56 + 3.84*kobs_MeCN + 0.01*Entry - 0.00*Ar_I_C=O + 0.02*Ster_B5
indigo_aryl_alkyl,ln(kobs)_MeCN,4,kobs_MeCN|Ar_NBO_C1_x|polarizability|Ster_B5,0.934777935305839,0.8865594017166034,0.1377401528103548,LOOCV,ln(kobs)_MeCN = -3.71 + 3.83*kobs_MeCN + 1.39*Ar_NBO_C1_x + 0.00*polarizability + 0.01*Ster_B5
indigo_aryl_alkyl,ln(kobs)_MeCN,4,kobs_MeCN|ln(kobs)_toluene|polarizability|Occupancy_C1-O,0.9564355771439652,0.8865186625152657,0.11257171213505934,LOOCV,ln(kobs)_MeCN = -41.79 + 2.34*kobs_MeCN + 0.46*ln(kobs)_toluene + 0.00*polarizability + 20.44*Occupancy_C1-O
indigo_aryl_alkyl,ln(kobs)_MeCN,5,kobs_MeCN|ln(kobs)_toluene|HOMO|Ar_v_C=O|Ster_B1,0.9676487985356177,0.8864789590185819,0.0970082111364022,LOOCV,ln(kobs)_MeCN = 8.57 + 1.76*kobs_MeCN + 0.53*ln(kobs)_toluene + 2.53*HOMO - 0.00*Ar_v_C=O - 0.11*Ster_B1
indigo_aryl_alkyl,ln(kobs)_MeCN,5,ln(kobs)_toluene|Ar_NBO_=O|Ster_L|polarizability|Occupancy_C1-O,0.9526145234856822,0.8864634794062379,0.11740481679353204,LOOCV,ln(kobs)_MeCN = -124.82 + 0.88*ln(kobs)_toluene - 21.26*Ar_NBO_=O + 0.00*Ster_L - 0.00*polarizability + 56.59*Occupancy_C1-O
indigo_aryl_alkyl,ln(kobs)_MeCN,4,ln(kobs)_toluene|Ar_NBO_-O|Ar_I_C=O|Ster_B5,0.946155027052933,0.886461253924017,0.1251514456422976,LOOCV,ln(kobs)_MeCN = -15.19 + 0.93*ln(kobs)_toluene - 22.32*Ar_NBO_-O + 0.00*Ar_I_C=O - 0.01*Ster_B5
indigo_aryl_alkyl,ln(kobs)_MeCN,4,ln(kobs)_toluene|kobs_toluene|LUMO|Ster_B1,0.9433016734110162,0.8864415940648107,0.1284246555637902,LOOCV,ln(kobs)_MeCN = 2.12 + 1.20*ln(kobs)_toluene - 2.20*kobs_toluene + 5.00*LUMO - 0.16*Ster_B1
indigo_aryl_alkyl,ln(kobs)_MeCN,4,kobs_MeCN|ln(kobs)_toluene|polarizability|Ster_B1,0.9608048614092634,0.8864379078942423,0.10677741217731317,LOOCV,ln(kobs)_MeCN = -0.55 + 2.15*kobs_MeCN + 0.52*ln(kobs)_toluene + 0.00*polarizability - 0.18*Ster_B1
indigo_aryl_alkyl,ln(kobs)_MeCN,4,kobs_MeCN|Ster_L|Entry|Ster_B5,0.9396764262131562,0.8864280406060872,0.1324667314423733,LOOCV,ln(kobs)_MeCN = -2.73 + 3.72*kobs_MeCN + 0.02*Ster_L + 0.01*Entry + 0.01*Ster_B5
indigo_aryl_alkyl,ln(kobs)_MeCN,4,ln(kobs)_toluene|Entry|L_C1-C2|Ster_B5,0.9353393483523762,0.8864252754913046,0.13714605749893735,LOOCV,ln(kobs)_MeCN = 23.09 + 1.07*ln(kobs)_toluene - 0.01*Entry - 14.76*L_C1-C2 + 0.01*Ster_B5
indigo_aryl_alkyl,ln(kobs)_MeCN,5,ln(kobs)_toluene|Ar_NBO_=O|Ar_NBO_-O|Ar_I_C=O|polarizability,0.9538690514952696,0.8864138579544649,0.11584024867748877,LOOCV,ln(kobs)_MeCN = -10.88 + 0.90*ln(kobs)_toluene - 13.34*Ar_NBO_=O - 4.81*Ar_NBO_-O + 0.00*Ar_I_C=O - 0.00*polarizability
indigo_aryl_alkyl,ln(kobs)_MeCN,5,kobs_MeCN|ln(kobs)_toluene|HOMO|Ar_NBO_C1_x|Ster_B1,0.9684946307548609,0.886398133040464,0.09573165697781207,LOOCV,ln(kobs)_MeCN = -2.83 + 1.66*kobs_MeCN + 0.53*ln(kobs)_toluene + 3.59*HOMO + 4.37*Ar_NBO_C1_x - 0.12*Ster_B1
indigo_aryl_alkyl,ln(kobs)_MeCN,4,kobs_MeCN|kobs_toluene|Ar_NBO_=O|Ster_L,0.9441489858277352,0.8863775201582005,0.12746144006742474,LOOCV,ln(kobs)_MeCN = -8.49 + 3.55*kobs_MeCN - 0.28*kobs_toluene - 9.96*Ar_NBO_=O + 0.02*Ster_L
indigo_aryl_alkyl,ln(kobs)_MeCN,5,ln(kobs)_toluene|Ar_NBO_-O|Entry|L_C1-C2|Ster_B1,0.9517881441024696,0.886324714790559,0.11842413301290967,LOOCV,ln(kobs)_MeCN = -3.01 + 1.03*ln(kobs)_toluene - 20.01*Ar_NBO_-O - 0.01*Entry - 6.50*L_C1-C2 - 0.17*Ster_B1
indigo_aryl_alkyl,ln(kobs)_MeCN,5,ln(kobs)_toluene|kobs_toluene|Entry|Ar_I_C=O|Occupancy_C1-O,0.9516825346265614,0.8863088964848606,0.11855376781748644,LOOCV,ln(kobs)_MeCN = -61.30 + 1.37*ln(kobs)_toluene - 2.93*kobs_toluene - 0.02*Entry + 0.00*Ar_I_C=O + 31.50*Occupancy_C1-O
indigo_aryl_alkyl,ln(kobs)_MeCN,3,ln(kobs)_toluene|Ster_L|Ar_I_C=O,0.930189737636133,0.8863064374422549,0.14250264458453762,LOOCV,ln(kobs)_MeCN = 0.62 + 1.03*ln(kobs)_toluene - 0.02*Ster_L + 0.00*Ar_I_C=O
indigo_aryl_alkyl,ln(kobs)_MeCN,4,kobs_MeCN|Ar_NBO_-O|Ster_L|Ster_B1,0.939510787856125,0.886299896500187,0.1326484724190821,LOOCV,ln(kobs)_MeCN = -10.72 + 3.64*kobs_MeCN - 11.60*Ar_NBO_-O + 0.03*Ster_L - 0.03*Ster_B1
indigo_aryl_alkyl,ln(kobs)_MeCN,4,ln(kobs)_toluene|Ar_I_C=O|Ster_B5|Occupancy_C1-O,0.9353179744802913,0.886230372939537,0.13716872275217198,LOOCV,ln(kobs)_MeCN = -51.25 + 1.03*ln(kobs)_toluene + 0.00*Ar_I_C=O - 0.03*Ster_B5 + 25.94*Occupancy_C1-O
indigo_aryl_alkyl,ln(kobs)_MeCN,4,ln(kobs)_toluene|Ar_v_C=O|Ar_I_C=O|Ster_B5,0.9391513581543394,0.8862168477543577,0.13304199039458742,LOOCV,ln(kobs)_MeCN = 19.79 + 0.95*ln(kobs)_toluene - 0.01*Ar_v_C=O + 0.00*Ar_I_C=O - 0.02*Ster_B5
indigo_aryl_alkyl,ln(kobs)_MeCN,4,ln(kobs)_toluene|kobs_toluene|Ar_NBO_-O|Ster_B1,0.9472880367213274,0.8861720401772795,0.12382772243643513,LOOCV,ln(kobs)_MeCN = -17.09 + 1.02*ln(kobs)_toluene - 0.45*kobs_toluene - 26.23*Ar_NBO_-O - 0.16*Ster_B1
indigo_aryl_alkyl,ln(kobs)_MeCN,3,kobs_MeCN|Ar_NBO_=O|L_C1-C2,0.9431678207674025,0.886117217577742,0.1285761577965368,LOOCV,ln(kobs)_MeCN = -15.04 + 3.42*kobs_MeCN - 13.55*Ar_NBO_=O + 3.05*L_C1-C2
indigo_aryl_alkyl,ln(kobs)_MeCN,3,ln(kobs)_toluene|Ar_NBO_=O|Ar_NBO_-O,0.9413913028160799,0.8860825253369224,0.1305702761986584,LOOCV,ln(kobs)_MeCN = -17.17 + 0.90*ln(kobs)_toluene - 4.78*Ar_NBO_=O - 21.37*Ar_NBO_-O
indigo_aryl_alkyl,ln(kobs)_MeCN,4,ln(kobs)_toluene|LUMO|Entry|Ster_B5,0.9382748719160376,0.8860690280274404,0.13399675738791234,LOOCV,ln(kobs)_MeCN = 1.22 + 1.00*ln(kobs)_toluene + 5.56*LUMO - 0.01*Entry + 0.00*Ster_B5
indigo_aryl_alkyl,ln(kobs)_MeCN,5,kobs_MeCN|ln(kobs)_toluene|HOMO|Entry|Ster_B1,0.9683294506031269,0.8860023083588162,0.09598228564244576,LOOCV,ln(kobs)_MeCN = 0.92 + 1.59*kobs_MeCN + 0.59*ln(kobs)_toluene + 3.67*HOMO - 0.00*Entry - 0.11*Ster_B1
indigo_aryl_alkyl,ln(kobs)_MeCN,5,ln(kobs)_toluene|Ar_v_C=O|Ar_NBO_C1_x|Ar_I_C=O|Ster_B1,0.95296240428281,0.8859718178041888,0.11697305876584588,LOOCV,ln(kobs)_MeCN = 19.19 + 0.88*ln(kobs)_toluene - 0.01*Ar_v_C=O + 11.27*Ar_NBO_C1_x + 0.00*Ar_I_C=O - 0.19*Ster_B1
indigo_aryl_alkyl,ln(kobs)_MeCN,5,ln(kobs)_toluene|HOMO|Ar_v_C=O|Entry|Energy_C1-O,0.9624880025964055,0.8859709921178389,0.10445960610157166,LOOCV,ln(kobs)_MeCN = 10.14 + 0.96*ln(kobs)_toluene + 4.95*HOMO - 0.00*Ar_v_C=O - 0.01*Entry + 0.98*Energy_C1-O
indigo_aryl_alkyl,ln(kobs)_MeCN,4,kobs_MeCN|Ar_v_C=O|LUMO|L_C1-C2,0.9464550672816778,0.8859570917799506,0.12480226796447813,LOOCV,ln(kobs)_MeCN = 26.44 + 3.19*kobs_MeCN - 0.03*Ar_v_C=O + 1.74*LUMO + 20.01*L_C1-C2
indigo_aryl_alkyl,ln(kobs)_MeCN,5,ln(kobs)_toluene|Ar_NBO_=O|LUMO|Ar_NBO_C1_x|Ster_L,0.9549793296140606,0.885917595767815,0.11443773878341479,LOOCV,ln(kobs)_MeCN = -16.35 + 0.84*ln(kobs)_toluene - 14.04*Ar_NBO_=O + 2.78*LUMO + 11.03*Ar_NBO_C1_x - 0.03*Ster_L
indigo_aryl_alkyl,ln(kobs)_MeCN,4,kobs_MeCN|Ar_NBO_=O|Ster_L|L_C1-C2,0.9441405800762467,0.8859154016626514,0.12747103137830687,LOOCV,ln(kobs)_MeCN = -10.71 + 3.43*kobs_MeCN - 10.99*Ar_NBO_=O + 0.01*Ster_L + 1.09*L_C1-C2
indigo_aryl_alkyl,ln(kobs)_MeCN,3,kobs_MeCN|Ar_NBO_=O|Ster_B1,0.9432437345294347,0.8859102008872691,0.12849025609764061,LOOCV,ln(kobs)_MeCN = -9.90 + 3.40*kobs_MeCN - 12.38*Ar_NBO_=O + 0.06*Ster_B1
indigo_aryl_alkyl,ln(kobs)_MeCN,3,ln(kobs)_toluene|LUMO|L_C1-C2,0.9312798913713937,0.88586004555953,0.14138560927432853,LOOCV,ln(kobs)_MeCN = 6.61 + 0.96*ln(kobs)_toluene + 4.01*LUMO - 3.80*L_C1-C2
indigo_aryl_alkyl,ln(kobs)_MeCN,5,kobs_MeCN|Ar_v_C=O|Entry|Ster_B1|Energy_C1-O,0.9512695243763079,0.8858177146345826,0.11905937931579223,LOOCV,ln(kobs)_MeCN = 13.42 + 3.52*kobs_MeCN - 0.01*Ar_v_C=O + 0.01*Entry + 0.44*Ster_B1 + 1.83*Energy_C1-O
indigo_aryl_alkyl,ln(kobs)_MeCN,4,ln(kobs)_toluene|HOMO|Ster_L|L_C1-C2,0.9428860358989801,0.8857857345185779,0.12889451631586943,LOOCV,ln(kobs)_MeCN = 7.21 + 0.93*ln(kobs)_toluene + 5.08*HOMO - 0.03*Ster_L - 3.14*L_C1-C2
indigo_aryl_alkyl,ln(kobs)_MeCN,5,ln(kobs)_toluene|Ar_v_C=O|Ar_NBO_-O|Ster_L|Ster_B5,0.951046708001061,0.8857282965555532,0.11933126383347559,LOOCV,ln(kobs)_MeCN = -38.09 + 0.98*ln(kobs)_toluene + 0.01*Ar_v_C=O - 42.37*Ar_NBO_-O - 0.05*Ster_L + 0.02*Ster_B5
indigo_aryl_alkyl,ln(kobs)_MeCN,5,kobs_MeCN|ln(kobs)_toluene|HOMO|L_C1-C2|Ster_B1,0.9676371404228941,0.8856695824028741,0.0970256885521038,LOOCV,ln(kobs)_MeCN = 4.96 + 1.73*kobs_MeCN + 0.55*ln(kobs)_toluene + 2.84*HOMO - 3.02*L_C1-C2 - 0.12*Ster_B1
indigo_aryl_alkyl,ln(kobs)_MeCN,5,ln(kobs)_toluene|kobs_toluene|Ar_NBO_C1_x|Ar_I_C=O|L_C1-C2,0.9514676479144345,0.8856647582580017,0.11881710289687862,LOOCV,ln(kobs)_MeCN = 12.56 + 1.15*ln(kobs)_toluene - 2.61*kobs_toluene + 14.98*Ar_NBO_C1_x + 0.00*Ar_I_C=O - 15.77*L_C1-C2
indigo_aryl_alkyl,ln(kobs)_MeCN,4,ln(kobs)_toluene|HOMO|Ster_B1|Ster_B5,0.9573937109524961,0.8856313149560855,0.11132690712513936,LOOCV,ln(kobs)_MeCN = 3.36 + 0.89*ln(kobs)_toluene + 7.55*HOMO - 0.09*Ster_B1 - 0.04*Ster_B5
indigo_aryl_alkyl,ln(kobs)_MeCN,5,ln(kobs)_toluene|kobs_toluene|HOMO|Ster_B1|Ster_B5,0.9608272477547308,0.8855959141655204,0.10674691480526398,LOOCV,ln(kobs)_MeCN = 4.12 + 1.10*ln(kobs)_toluene - 2.33*kobs_toluene + 7.95*HOMO - 0.02*Ster_B1 - 0.05*Ster_B5
indigo_aryl_alkyl,ln(kobs)_MeCN,4,kobs_MeCN|Ar_v_C=O|Ar_NBO_-O|Energy_C1-O,0.9382298366688872,0.8855893909558383,0.1340456311363646,LOOCV,ln(kobs)_MeCN = 11.50 + 3.59*kobs_MeCN - 0.01*Ar_v_C=O - 6.64*Ar_NBO_-O + 0.11*Energy_C1-O
indigo_aryl_alkyl,ln(kobs)_MeCN,5,ln(kobs)_toluene|kobs_toluene|Ar_NBO_=O|Ar_NBO_C1_x|Ster_L,0.9549708325064004,0.8855695417096766,0.11444853764426177,LOOCV,ln(kobs)_MeCN = -15.42 + 1.04*ln(kobs)_toluene - 1.50*kobs_toluene - 18.16*Ar_NBO_=O + 7.53*Ar_NBO_C1_x - 0.05*Ster_L
indigo_aryl_alkyl,ln(kobs)_MeCN,4,ln(kobs)_toluene|kobs_toluene|Ar_NBO_-O|Entry,0.9453306519384057,0.8855650329536972,0.12610585078079148,LOOCV,ln(kobs)_MeCN = -17.71 + 1.12*ln(kobs)_toluene - 1.49*kobs_toluene - 27.26*Ar_NBO_-O - 0.01*Entry
indigo_aryl_alkyl,ln(kobs)_MeCN,3,ln(kobs)_toluene|Ar_NBO_-O|Ster_B5,0.9409347943844264,0.8855526587012943,0.1310778016577453,LOOCV,ln(kobs)_MeCN = -19.73 + 0.93*ln(kobs)_toluene - 29.20*Ar_NBO_-O - 0.00*Ster_B5
indigo_aryl_alkyl,ln(kobs)_MeCN,4,kobs_MeCN|kobs_toluene|HOMO|LUMO,0.9391854725777207,0.8855430782195015,0.13300469057186085,LOOCV,ln(kobs)_MeCN = -1.30 + 3.52*kobs_MeCN - 0.05*kobs_toluene + 3.36*HOMO + 0.94*LUMO
indigo_aryl_alkyl,ln(kobs)_MeCN,4,kobs_MeCN|Ar_NBO_C1_x|Ster_B5|Occupancy_C1-O,0.9344798253857965,0.8855413902526424,0.13805457779031824,LOOCV,ln(kobs)_MeCN = -34.67 + 3.86*kobs_MeCN + 2.94*Ar_NBO_C1_x + 0.02*Ster_B5 + 14.91*Occupancy_C1-O
indigo_aryl_alkyl,ln(kobs)_MeCN,4,ln(kobs)_toluene|Ar_NBO_-O|Ster_B5|Occupancy_C1-O,0.9467583496826847,0.8855311696119231,0.12444832148773884,LOOCV,ln(kobs)_MeCN = -152.50 + 0.93*ln(kobs)_toluene - 34.79*Ar_NBO_-O - 0.00*Ster_B5 + 64.63*Occupancy_C1-O
indigo_aryl_alkyl,ln(kobs)_MeCN,4,ln(kobs)_toluene|Ar_v_C=O|L_C1-C2|Ster_B5,0.9316247762208042,0.8854621337250108,0.1410303778176098,LOOCV,ln(kobs)_MeCN = 35.61 + 0.90*ln(kobs)_toluene - 0.02*Ar_v_C=O + 6.24*L_C1-C2 - 0.02*Ster_B5
indigo_aryl_alkyl,ln(kobs)_MeCN,4,ln(kobs)_toluene|Ar_NBO_=O|Entry|Ster_B5,0.9429710477045058,0.8854495591982855,0.12879855347882144,LOOCV,ln(kobs)_MeCN = -8.46 + 0.91*ln(kobs)_toluene - 15.40*Ar_NBO_=O - 0.00*Entry - 0.01*Ster_B5
indigo_aryl_alkyl,ln(kobs)_MeCN,4,kobs_MeCN|LUMO|polarizability|Ster_B5,0.9380801326495305,0.8854493214699198,0.1342079670026173,LOOCV,ln(kobs)_MeCN = -2.46 + 3.67*kobs_MeCN + 2.37*LUMO + 0.00*polarizability + 0.01*Ster_B5
indigo_aryl_alkyl,ln(kobs)_MeCN,4,ln(kobs)_toluene|LUMO|Ar_NBO_C1_x|Ster_L,0.9466417712903559,0.8854289578115889,0.12458449356486186,LOOCV,ln(kobs)_MeCN = -11.58 + 0.84*ln(kobs)_toluene + 7.36*LUMO + 15.52*Ar_NBO_C1_x - 0.01*Ster_L
indigo_aryl_alkyl,ln(kobs)_MeCN,4,ln(kobs)_toluene|LUMO|Entry|Occupancy_C1-O,0.9381469024982868,0.8853603360647844,0.13413558746532714,LOOCV,ln(kobs)_MeCN = 3.74 + 1.00*ln(kobs)_toluene + 5.50*LUMO - 0.01*Entry - 1.26*Occupancy_C1-O
indigo_aryl_alkyl,ln(kobs)_MeCN,4,kobs_MeCN|Ar_NBO_=O|Ar_v_C=O|Occupancy_C1-O,0.9473191474258646,0.8852740038778083,0.12379117536027692,LOOCV,ln(kobs)_MeCN = -137.65 + 3.43*kobs_MeCN - 17.22*Ar_NBO_=O + 0.00*Ar_v_C=O + 58.72*Occupancy_C1-O
indigo_aryl_alkyl,ln(kobs)_MeCN,4,ln(kobs)_toluene|Ar_NBO_=O|Ar_NBO_-O|Occupancy_C1-O,0.9469075965865619,0.88527084470207,0.12427377241610711,LOOCV,ln(kobs)_MeCN = -145.68 + 0.91*ln(kobs)_toluene - 4.26*Ar_NBO_=O - 27.94*Ar_NBO_-O + 62.30*Occupancy_C1-O
indigo_aryl_alkyl,ln(kobs)_MeCN,4,ln(kobs)_toluene|Ar_NBO_=O|Ster_L|Occupancy_C1-O,0.9492675296698558,0.8852421814730514,0.12148042259939713,LOOCV,ln(kobs)_MeCN = -72.52 + 0.90*ln(kobs)_toluene - 19.35*Ar_NBO_=O - 0.03*Ster_L + 31.01*Occupancy_C1-O
indigo_aryl_alkyl,ln(kobs)_MeCN,5,ln(kobs)_toluene|HOMO|Ar_NBO_-O|Ar_I_C=O|Occupancy_C1-O,0.9524854523958188,0.8851967704145255,0.11756460481064712,LOOCV,ln(kobs)_MeCN = -118.07 + 0.88*ln(kobs)_toluene + 2.25*HOMO - 26.91*Ar_NBO_-O + 0.00*Ar_I_C=O + 50.36*Occupancy_C1-O
indigo_aryl_alkyl,ln(kobs)_MeCN,4,ln(kobs)_toluene|Ar_NBO_-O|Ster_L|L_C1-C2,0.9485378083254339,0.885170204252594,0.12235097316683909,LOOCV,ln(kobs)_MeCN = -25.75 + 0.97*ln(kobs)_toluene - 35.18*Ar_NBO_-O - 0.03*Ster_L + 1.49*L_C1-C2
indigo_aryl_alkyl,ln(kobs)_MeCN,4,kobs_MeCN|HOMO|Entry|polarizability,0.9406683826046631,0.8851066830354218,0.13137308025254765,LOOCV,ln(kobs)_MeCN = -1.60 + 3.54*kobs_MeCN + 2.78*HOMO + 0.00*Entry + 0.00*polarizability
indigo_aryl_alkyl,ln(kobs)_MeCN,4,kobs_MeCN|Ar_NBO_=O|Ar_NBO_-O|Energy_C1-O,0.9444801934191798,0.8850879701089724,0.12708294228124123,LOOCV,ln(kobs)_MeCN = -1.87 + 3.42*kobs_MeCN - 19.97*Ar_NBO_=O + 17.57*Ar_NBO_-O + 0.17*Energy_C1-O
indigo_aryl_alkyl,ln(kobs)_MeCN,3,ln(kobs)_toluene|Ar_v_C=O|polarizability,0.9329318316578311,0.8850862112444933,0.13967591076928837,LOOCV,ln(kobs)_MeCN = 34.23 + 0.94*ln(kobs)_toluene - 0.02*Ar_v_C=O - 0.00*polarizability
indigo_aryl_alkyl,ln(kobs)_MeCN,4,ln(kobs)_toluene|HOMO|polarizability|Ster_B1,0.9554414257745655,0.8850230350110032,0.11384892441682093,LOOCV,ln(kobs)_MeCN = 3.39 + 0.89*ln(kobs)_toluene + 8.03*HOMO - 0.00*polarizability + 0.02*Ster_B1
indigo_aryl_alkyl,ln(kobs)_MeCN,4,kobs_MeCN|Ar_v_C=O|Ar_NBO_-O|polarizability,0.9409982681328515,0.8850005009877207,0.1310073520946757,LOOCV,ln(kobs)_MeCN = 5.63 + 3.56*kobs_MeCN - 0.01*Ar_v_C=O - 7.53*Ar_NBO_-O + 0.00*polarizability
indigo_aryl_alkyl,ln(kobs)_MeCN,5,ln(kobs)_toluene|HOMO|LUMO|Ar_NBO_C1_x|L_C1-C2,0.96265878237673,0.8849821380686074,0.10422154973807782,LOOCV,ln(kobs)_MeCN = 0.70 + 0.73*ln(kobs)_toluene + 3.52*HOMO + 4.44*LUMO + 18.75*Ar_NBO_C1_x - 9.59*L_C1-C2
indigo_aryl_alkyl,ln(kobs)_MeCN,4,kobs_MeCN|Ar_I_C=O|polarizability|Ster_B5,0.93464609634534,0.8848931872152058,0.13787929553042413,LOOCV,ln(kobs)_MeCN = -2.62 + 3.85*kobs_MeCN + 0.00*Ar_I_C=O + 0.00*polarizability + 0.01*Ster_B5
indigo_aryl_alkyl,ln(kobs)_MeCN,5,kobs_MeCN|Ar_NBO_=O|HOMO|Ster_B1|Energy_C1-O,0.9542194234580132,0.8848824272173287,0.11539949754182297,LOOCV,ln(kobs)_MeCN = -2.68 + 3.29*kobs_MeCN - 4.13*Ar_NBO_=O + 3.68*HOMO + 0.45*Ster_B1 + 1.69*Energy_C1-O
indigo_aryl_alkyl,ln(kobs)_MeCN,4,kobs_MeCN|HOMO|Ar_I_C=O|L_C1-C2,0.939451434842498,0.8848748344148716,0.13271353489847637,LOOCV,ln(kobs)_MeCN = 0.61 + 3.53*kobs_MeCN + 4.12*HOMO - 0.00*Ar_I_C=O - 1.06*L_C1-C2
indigo_aryl_alkyl,ln(kobs)_MeCN,5,kobs_MeCN|Ar_v_C=O|Ar_NBO_C1_x|Entry|Occupancy_C1-O,0.9512587322534574,0.8847980245345965,0.11907256236294125,LOOCV,ln(kobs)_MeCN = -90.10 + 3.06*kobs_MeCN - 0.02*Ar_v_C=O + 14.21*Ar_NBO_C1_x + 0.01*Entry + 56.04*Occupancy_C1-O
indigo_aryl_alkyl,ln(kobs)_MeCN,4,kobs_MeCN|kobs_toluene|Ar_NBO_=O|LUMO,0.942607487177922,0.8847484625433268,0.1292084477144403,LOOCV,ln(kobs)_MeCN = -9.81 + 3.33*kobs_MeCN + 0.28*kobs_toluene - 12.39*Ar_NBO_=O - 0.03*LUMO
indigo_aryl_alkyl,ln(kobs)_MeCN,5,kobs_MeCN|Ster_B1|Ster_B5|Occupancy_C1-O|Energy_C1-O,0.9534184698203929,0.8847383432933124,0.11640460578948023,LOOCV,ln(kobs)_MeCN = -85.51 + 3.90*kobs_MeCN + 0.52*Ster_B1 + 0.04*Ster_B5 + 42.39*Occupancy_C1-O + 2.49*Energy_C1-O
indigo_aryl_alkyl,ln(kobs)_MeCN,4,kobs_MeCN|Ar_NBO_-O|Ar_NBO_C1_x|L_C1-C2,0.9353031192718285,0.884697176080732,0.13718447328698188,LOOCV,ln(kobs)_MeCN = -15.72 + 3.67*kobs_MeCN - 17.11*Ar_NBO_-O + 0.47*Ar_NBO_C1_x + 0.62*L_C1-C2
indigo_aryl_alkyl,ln(kobs)_MeCN,4,kobs_MeCN|Ar_NBO_-O|Occupancy_C1-O|Energy_C1-O,0.9392385408623234,0.8846560536564827,0.13294664628899452,LOOCV,ln(kobs)_MeCN = -124.40 + 3.71*kobs_MeCN - 20.90*Ar_NBO_-O + 53.88*Occupancy_C1-O + 0.12*Energy_C1-O
indigo_aryl_alkyl,ln(kobs)_MeCN,4,ln(kobs)_toluene|Ar_NBO_=O|HOMO|LUMO,0.945494317475922,0.8846503004681016,0.1259169455458667,LOOCV,ln(kobs)_MeCN = -3.32 + 0.84*ln(kobs)_toluene - 7.87*Ar_NBO_=O + 2.54*HOMO + 2.13*LUMO
indigo_aryl_alkyl,ln(kobs)_MeCN,5,ln(kobs)_toluene|Ar_NBO_=O|LUMO|Ar_I_C=O|polarizability,0.9537990797650029,0.8846123250482318,0.11592806901926245,LOOCV,ln(kobs)_MeCN = -9.29 + 0.90*ln(kobs)_toluene - 16.27*Ar_NBO_=O - 0.36*LUMO + 0.00*Ar_I_C=O - 0.00*polarizability
indigo_aryl_alkyl,ln(kobs)_MeCN,5,ln(kobs)_toluene|Ar_NBO_=O|HOMO|LUMO|Ar_NBO_C1_x,0.9584803895504459,0.8845946150024853,0.10989803421297088,LOOCV,ln(kobs)_MeCN = -10.35 + 0.73*ln(kobs)_toluene + 0.90*Ar_NBO_=O + 4.13*HOMO + 6.03*LUMO + 15.80*Ar_NBO_C1_x
indigo_aryl_alkyl,ln(kobs)_MeCN,4,ln(kobs)_toluene|LUMO|Ar_NBO_C1_x|Entry,0.9469245706180125,0.8845250702028638,0.12425390520900563,LOOCV,ln(kobs)_MeCN = -9.46 + 0.85*ln(kobs)_toluene + 7.45*LUMO + 12.90*Ar_NBO_C1_x - 0.00*Entry
indigo_aryl_alkyl,ln(kobs)_MeCN,4,ln(kobs)_toluene|HOMO|Ster_L|Ar_I_C=O,0.9432316413971016,0.8845238302825983,0.12850394416270478,LOOCV,ln(kobs)_MeCN = 2.32 + 0.94*ln(kobs)_toluene + 4.75*HOMO - 0.03*Ster_L + 0.00*Ar_I_C=O
indigo_aryl_alkyl,ln(kobs)_MeCN,4,ln(kobs)_toluene|Ar_NBO_=O|Ar_NBO_-O|polarizability,0.9482352446421133,0.8845202159715008,0.12271011749693765,LOOCV,ln(kobs)_MeCN = -13.25 + 0.90*ln(kobs)_toluene - 14.87*Ar_NBO_=O - 7.31*Ar_NBO_-O - 0.00*polarizability
indigo_aryl_alkyl,ln(kobs)_MeCN,5,ln(kobs)_toluene|Ar_NBO_=O|HOMO|Ster_B1|Ster_B5,0.9589736298994579,0.8845177758155145,0.10924330629408315,LOOCV,ln(kobs)_MeCN = -0.19 + 0.87*ln(kobs)_toluene - 5.08*Ar_NBO_=O + 6.19*HOMO - 0.09*Ster_B1 - 0.04*Ster_B5
indigo_aryl_alkyl,ln(kobs)_MeCN,3,kobs_MeCN|LUMO|Entry,0.9348837828214129,0.8844813927902007,0.13762833963014776,LOOCV,ln(kobs)_MeCN = -2.45 + 3.72*kobs_MeCN + 1.58*LUMO + 0.01*Entry
indigo_aryl_alkyl,ln(kobs)_MeCN,4,ln(kobs)_toluene|HOMO|Ster_L|Occupancy_C1-O,0.9429125801928564,0.8844690687276631,0.12886456031823731,LOOCV,ln(kobs)_MeCN = 47.66 + 0.93*ln(kobs)_toluene + 5.63*HOMO - 0.03*Ster_L - 22.51*Occupancy_C1-O
indigo_aryl_alkyl,ln(kobs)_MeCN,4,kobs_MeCN|Ar_NBO_C1_x|Ar_I_C=O|polarizability,0.9344903817450249,0.8844428901481437,0.13804345593029274,LOOCV,ln(kobs)_MeCN = -3.53 + 3.81*kobs_MeCN + 1.12*Ar_NBO_C1_x + 0.00*Ar_I_C=O + 0.00*polarizability
indigo_aryl_alkyl,ln(kobs)_MeCN,5,ln(kobs)_toluene|HOMO|Ar_NBO_-O|Ster_B1|Energy_C1-O,0.964449605712524,0.8844268703832497,0.10169169821009903,LOOCV,ln(kobs)_MeCN = -3.27 + 0.90*ln(kobs)_toluene + 4.61*HOMO - 9.74*Ar_NBO_-O + 0.25*Ster_B1 + 1.80*Energy_C1-O
indigo_aryl_alkyl,ln(kobs)_MeCN,4,kobs_MeCN|LUMO|Ster_L|Ster_B1,0.9446334148895242,0.8844216032897395,0.12690746176850812,LOOCV,ln(kobs)_MeCN = -2.41 + 3.47*kobs_MeCN + 3.77*LUMO + 0.05*Ster_L - 0.12*Ster_B1
indigo_aryl_alkyl,ln(kobs)_MeCN,4,kobs_MeCN|kobs_toluene|HOMO|Ster_B5,0.9388559550737505,0.8843452911488208,0.1333645401607238,LOOCV,ln(kobs)_MeCN = -1.44 + 3.67*kobs_MeCN - 0.25*kobs_toluene + 3.16*HOMO + 0.01*Ster_B5
indigo_aryl_alkyl,ln(kobs)_MeCN,4,kobs_MeCN|kobs_toluene|Ar_NBO_-O|L_C1-C2,0.9358306977258904,0.8842971152002743,0.1366239847052787,LOOCV,ln(kobs)_MeCN = -17.76 + 3.40*kobs_MeCN + 0.70*kobs_toluene - 19.24*Ar_NBO_-O + 1.24*L_C1-C2
indigo_aryl_alkyl,ln(kobs)_MeCN,4,ln(kobs)_toluene|Ar_NBO_=O|LUMO|Ster_L,0.9479662567137982,0.8842702325032354,0.12302852691859742,LOOCV,ln(kobs)_MeCN = -10.32 + 0.91*ln(kobs)_toluene - 18.85*Ar_NBO_=O - 0.27*LUMO - 0.04*Ster_L
indigo_aryl_alkyl,ln(kobs)_MeCN,4,ln(kobs)_toluene|Ar_v_C=O|L_C1-C2|Ster_B1,0.937954275209737,0.8842622068867452,0.1343442923649247,LOOCV,ln(kobs)_MeCN = 28.16 + 0.98*ln(kobs)_toluene - 0.01*Ar_v_C=O + 0.02*L_C1-C2 - 0.21*Ster_B1
indigo_aryl_alkyl,ln(kobs)_MeCN,4,kobs_MeCN|Ar_NBO_-O|Ar_NBO_C1_x|Occupancy_C1-O,0.939876316595391,0.8841345645609872,0.13224707604370176,LOOCV,ln(kobs)_MeCN = -139.69 + 3.62*kobs_MeCN - 21.83*Ar_NBO_-O + 3.29*Ar_NBO_C1_x + 59.84*Occupancy_C1-O
indigo_aryl_alkyl,ln(kobs)_MeCN,5,kobs_MeCN|Ar_NBO_=O|polarizability|Occupancy_C1-O|Energy_C1-O,0.9529642423696096,0.8841078816390108,0.11697077326706096,LOOCV,ln(kobs)_MeCN = -145.97 + 3.69*kobs_MeCN - 7.02*Ar_NBO_=O + 0.00*polarizability + 70.28*Occupancy_C1-O + 0.96*Energy_C1-O
indigo_aryl_alkyl,ln(kobs)_MeCN,4,ln(kobs)_toluene|Ar_NBO_-O|Entry|Ster_B5,0.9439163319106916,0.8840959481603633,0.1277266419234533,LOOCV,ln(kobs)_MeCN = -19.59 + 0.96*ln(kobs)_toluene - 29.16*Ar_NBO_-O - 0.01*Entry + 0.01*Ster_B5
indigo_aryl_alkyl,ln(kobs)_MeCN,4,kobs_MeCN|Ster_L|Ar_I_C=O|L_C1-C2,0.9379148929599803,0.8840858616751158,0.13438692174193614,LOOCV,ln(kobs)_MeCN = 4.93 + 3.71*kobs_MeCN + 0.03*Ster_L + 0.00*Ar_I_C=O - 5.16*L_C1-C2
indigo_aryl_alkyl,ln(kobs)_MeCN,4,kobs_MeCN|Ar_NBO_-O|Ar_NBO_C1_x|Ster_B1,0.9362649543263455,0.8840269762568771,0.13616090825967708,LOOCV,ln(kobs)_MeCN = -15.28 + 3.62*kobs_MeCN - 17.35*Ar_NBO_-O + 0.72*Ar_NBO_C1_x + 0.07*Ster_B1
indigo_aryl_alkyl,ln(kobs)_MeCN,4,kobs_MeCN|kobs_toluene|Entry|Ster_B5,0.9387419330714445,0.8839855491654832,0.13348883198033956,LOOCV,ln(kobs)_MeCN = -2.61 + 4.40*kobs_MeCN - 1.67*kobs_toluene + 0.01*Entry + 0.02*Ster_B5
indigo_aryl_alkyl,ln(kobs)_MeCN,5,ln(kobs)_toluene|kobs_toluene|HOMO|Ar_NBO_-O|Occupancy_C1-O,0.953471164234693,0.8839411146751509,0.11633874698034558,LOOCV,ln(kobs)_MeCN = -104.01 + 1.02*ln(kobs)_toluene - 1.43*kobs_toluene + 2.90*HOMO - 25.34*Ar_NBO_-O + 44.26*Occupancy_C1-O
indigo_aryl_alkyl,ln(kobs)_MeCN,5,ln(kobs)_toluene|Ar_NBO_=O|HOMO|Occupancy_C1-O|Energy_C1-O,0.9636732048746754,0.883913142961172,0.10279614571291575,LOOCV,ln(kobs)_MeCN = -120.25 + 0.93*ln(kobs)_toluene - 8.33*Ar_NBO_=O + 3.19*HOMO + 59.28*Occupancy_C1-O + 1.16*Energy_C1-O
indigo_aryl_alkyl,ln(kobs)_MeCN,3,ln(kobs)_toluene|Ar_NBO_=O|LUMO,0.9417522930259861,0.8838984959725228,0.13016754249682572,LOOCV,ln(kobs)_MeCN = -6.47 + 0.86*ln(kobs)_toluene - 11.92*Ar_NBO_=O + 2.47*LUMO
indigo_aryl_alkyl,ln(kobs)_MeCN,4,ln(kobs)_toluene|Ar_v_C=O|Ster_L|L_C1-C2,0.9332783670730906,0.8838966875850416,0.1393145967803888,LOOCV,ln(kobs)_MeCN = 38.82 + 0.91*ln(kobs)_toluene - 0.03*Ar_v_C=O - 0.03*Ster_L + 10.90*L_C1-C2
indigo_aryl_alkyl,ln(kobs)_MeCN,4,kobs_MeCN|kobs_toluene|Ar_v_C=O|Ar_I_C=O,0.9372381389697275,0.883873074839761,0.13511737379070274,LOOCV,ln(kobs)_MeCN = 22.94 + 3.68*kobs_MeCN - 0.23*kobs_toluene - 0.01*Ar_v_C=O - 0.00*Ar_I_C=O
indigo_aryl_alkyl,ln(kobs)_MeCN,3,kobs_MeCN|LUMO|Ar_I_C=O,0.9307224653614182,0.8838581177711321,0.14195787873674767,LOOCV,ln(kobs)_MeCN = -2.43 + 3.78*kobs_MeCN + 2.03*LUMO + 0.00*Ar_I_C=O
indigo_aryl_alkyl,ln(kobs)_MeCN,5,ln(kobs)_toluene|Ar_NBO_=O|LUMO|Ar_NBO_C1_x|Ster_B1,0.9563393715417228,0.8838149903914866,0.11269594259783275,LOOCV,ln(kobs)_MeCN = -11.68 + 0.85*ln(kobs)_toluene - 5.79*Ar_NBO_=O + 5.53*LUMO + 11.59*Ar_NBO_C1_x - 0.18*Ster_B1
indigo_aryl_alkyl,ln(kobs)_MeCN,4,ln(kobs)_toluene|Ar_I_C=O|Ster_B1|Ster_B5,0.9414010635543364,0.8837807907369424,0.13055940310798927,LOOCV,ln(kobs)_MeCN = 0.92 + 1.05*ln(kobs)_toluene + 0.00*Ar_I_C=O - 0.19*Ster_B1 - 0.02*Ster_B5
indigo_aryl_alkyl,ln(kobs)_MeCN,5,kobs_MeCN|ln(kobs)_toluene|Ar_I_C=O|Ster_B1|Occupancy_C1-O,0.9635804130010933,0.8837410558886176,0.10292735138901501,LOOCV,ln(kobs)_MeCN = -56.42 + 1.86*kobs_MeCN + 0.60*ln(kobs)_toluene + 0.00*Ar_I_C=O - 0.14*Ster_B1 + 28.02*Occupancy_C1-O
indigo_aryl_alkyl,ln(kobs)_MeCN,4,kobs_MeCN|Ar_NBO_C1_x|L_C1-C2|Ster_B5,0.939305551120315,0.8837371677030658,0.13287331652705067,LOOCV,ln(kobs)_MeCN = 5.22 + 3.57*kobs_MeCN + 8.94*Ar_NBO_C1_x - 10.06*L_C1-C2 + 0.03*Ster_B5
indigo_aryl_alkyl,ln(kobs)_MeCN,4,kobs_MeCN|Ster_L|Ar_I_C=O|polarizability,0.9361442215789718,0.8837351266533083,0.13628981146064129,LOOCV,ln(kobs)_MeCN = -2.79 + 3.76*kobs_MeCN + 0.03*Ster_L + 0.00*Ar_I_C=O + 0.00*polarizability
indigo_aryl_alkyl,ln(kobs)_MeCN,5,ln(kobs)_toluene|LUMO|Ar_NBO_C1_x|Ster_B1|Ster_B5,0.9548620536440499,0.8837276016505188,0.11458669334131343,LOOCV,ln(kobs)_MeCN = -10.59 + 0.86*ln(kobs)_toluene + 7.28*LUMO + 14.71*Ar_NBO_C1_x - 0.21*Ster_B1 + 0.01*Ster_B5
indigo_aryl_alkyl,ln(kobs)_MeCN,5,ln(kobs)_toluene|Ar_NBO_-O|Ar_I_C=O|Ster_B5|Occupancy_C1-O,0.9517608972274212,0.8837271910230028,0.11845759191771581,LOOCV,ln(kobs)_MeCN = -145.57 + 0.94*ln(kobs)_toluene - 27.95*Ar_NBO_-O + 0.00*Ar_I_C=O - 0.02*Ster_B5 + 63.43*Occupancy_C1-O
indigo_aryl_alkyl,ln(kobs)_MeCN,5,ln(kobs)_toluene|HOMO|polarizability|Ster_B1|Ster_B5,0.9587051926555854,0.8836927339096387,0.10960011533720959,LOOCV,ln(kobs)_MeCN = 3.51 + 0.88*ln(kobs)_toluene + 8.32*HOMO - 0.00*polarizability - 0.02*Ster_B1 - 0.03*Ster_B5
indigo_aryl_alkyl,ln(kobs)_MeCN,4,kobs_MeCN|Ar_I_C=O|Ster_B5|Occupancy_C1-O,0.9338017030453147,0.8836448863481742,0.13876715912295498,LOOCV,ln(kobs)_MeCN = -19.59 + 3.91*kobs_MeCN + 0.00*Ar_I_C=O + 0.02*Ster_B5 + 8.51*Occupancy_C1-O
indigo_aryl_alkyl,ln(kobs)_MeCN,4,kobs_MeCN|kobs_toluene|Ar_v_C=O|Ster_B5,0.9416569146619065,0.8836113632924176,0.13027407106011396,LOOCV,ln(kobs)_MeCN = 18.41 + 3.90*kobs_MeCN - 0.85*kobs_toluene - 0.01*Ar_v_C=O + 0.02*Ster_B5
indigo_aryl_alkyl,ln(kobs)_MeCN,5,ln(kobs)_toluene|Ar_NBO_=O|Entry|Ster_B1|Occupancy_C1-O,0.9545169547937429,0.8835318405731132,0.11502389136086033,LOOCV,ln(kobs)_MeCN = -143.38 + 0.97*ln(kobs)_toluene - 16.23*Ar_NBO_=O - 0.01*Entry - 0.19*Ster_B1 + 67.65*Occupancy_C1-O
indigo_aryl_alkyl,ln(kobs)_MeCN,4,kobs_MeCN|Ar_NBO_-O|Entry|Occupancy_C1-O,0.9437506982621036,0.8835165977454125,0.12791511241249054,LOOCV,ln(kobs)_MeCN = -102.23 + 3.56*kobs_MeCN - 20.70*Ar_NBO_-O + 0.01*Entry + 42.75*Occupancy_C1-O
indigo_aryl_alkyl,ln(kobs)_MeCN,4,ln(kobs)_toluene|Ar_NBO_=O|Ar_NBO_-O|Entry,0.9442553678397354,0.8834997137827746,0.12733999135511267,LOOCV,ln(kobs)_MeCN = -16.20 + 0.94*ln(kobs)_toluene - 5.43*Ar_NBO_=O - 19.64*Ar_NBO_-O - 0.01*Entry
indigo_aryl_alkyl,ln(kobs)_MeCN,4,kobs_MeCN|Ar_NBO_=O|L_C1-C2|Occupancy_C1-O,0.9487792588200581,0.8834878422424602,0.12206361234406535,LOOCV,ln(kobs)_MeCN = -146.14 + 3.39*kobs_MeCN - 17.15*Ar_NBO_=O + 5.17*L_C1-C2 + 63.08*Occupancy_C1-O
indigo_aryl_alkyl,ln(kobs)_MeCN,5,ln(kobs)_toluene|kobs_toluene|LUMO|Ar_NBO_C1_x|polarizability,0.9535270717635181,0.8834128812666127,0.11626883155338423,LOOCV,ln(kobs)_MeCN = -9.64 + 1.13*ln(kobs)_toluene - 3.03*kobs_toluene + 7.90*LUMO + 14.33*Ar_NBO_C1_x - 0.00*polarizability
indigo_aryl_alkyl,ln(kobs)_MeCN,4,kobs_MeCN|kobs_toluene|Ar_NBO_C1_x|Ster_B5,0.9352072382766159,0.883347503942443,0.1372860895778023,LOOCV,ln(kobs)_MeCN = -4.13 + 4.21*kobs_MeCN - 0.98*kobs_toluene + 1.92*Ar_NBO_C1_x + 0.03*Ster_B5
indigo_aryl_alkyl,ln(kobs)_MeCN,5,ln(kobs)_toluene|Ar_NBO_=O|Ster_L|Ar_I_C=O|Ster_B5,0.9520634348044843,0.8832728343299354,0.11808554685360513,LOOCV,ln(kobs)_MeCN = -8.40 + 0.91*ln(kobs)_toluene - 15.13*Ar_NBO_=O - 0.03*Ster_L + 0.00*Ar_I_C=O - 0.01*Ster_B5
indigo_aryl_alkyl,ln(kobs)_MeCN,5,kobs_MeCN|ln(kobs)_toluene|L_C1-C2|Ster_B1|Occupancy_C1-O,0.9624882830128668,0.883242790499577,0.10445921566318049,LOOCV,ln(kobs)_MeCN = -38.40 + 1.94*kobs_MeCN + 0.59*ln(kobs)_toluene - 5.92*L_C1-C2 - 0.13*Ster_B1 + 23.49*Occupancy_C1-O
indigo_aryl_alkyl,ln(kobs)_MeCN,5,ln(kobs)_toluene|kobs_toluene|Ar_v_C=O|Entry|Ar_I_C=O,0.9554281015028585,0.8832300894748879,0.11386594516583247,LOOCV,ln(kobs)_MeCN = 21.56 + 1.28*ln(kobs)_toluene - 2.83*kobs_toluene - 0.01*Ar_v_C=O - 0.01*Entry + 0.00*Ar_I_C=O
indigo_aryl_alkyl,ln(kobs)_MeCN,4,ln(kobs)_toluene|Ar_NBO_C1_x|Ar_I_C=O|Occupancy_C1-O,0.9354127668098426,0.8832287765070045,0.13706817464774454,LOOCV,ln(kobs)_MeCN = -77.95 + 0.95*ln(kobs)_toluene + 9.76*Ar_NBO_C1_x + 0.00*Ar_I_C=O + 35.26*Occupancy_C1-O
indigo_aryl_alkyl,ln(kobs)_MeCN,4,ln(kobs)_toluene|LUMO|Ar_NBO_C1_x|L_C1-C2,0.9533749711126676,0.8831270818344488,0.11645894351057966,LOOCV,ln(kobs)_MeCN = 3.50 + 0.80*ln(kobs)_toluene + 5.50*LUMO + 19.32*Ar_NBO_C1_x - 12.38*L_C1-C2
indigo_aryl_alkyl,ln(kobs)_MeCN,4,kobs_MeCN|Ar_NBO_C1_x|Entry|Ar_I_C=O,0.936210187232067,0.8830718550421671,0.13621939677209505,LOOCV,ln(kobs)_MeCN = -7.58 + 3.64*kobs_MeCN + 6.23*Ar_NBO_C1_x + 0.01*Entry + 0.00*Ar_I_C=O
indigo_aryl_alkyl,ln(kobs)_MeCN,4,kobs_MeCN|Ar_v_C=O|LUMO|Ster_B5,0.9409628506184243,0.8830246213657948,0.1310466666921277,LOOCV,ln(kobs)_MeCN = 17.21 + 3.58*kobs_MeCN - 0.01*Ar_v_C=O + 0.51*LUMO + 0.02*Ster_B5
indigo_aryl_alkyl,ln(kobs)_MeCN,4,kobs_MeCN|Ster_L|L_C1-C2|Ster_B5,0.9395294580597621,0.8830088445269159,0.1326279996353021,LOOCV,ln(kobs)_MeCN = 5.14 + 3.72*kobs_MeCN + 0.02*Ster_L - 5.29*L_C1-C2 + 0.01*Ster_B5
indigo_aryl_alkyl,ln(kobs)_MeCN,5,ln(kobs)_toluene|Ar_NBO_-O|polarizability|Ster_B1|Occupancy_C1-O,0.954223843579941,0.8829930630150181,0.11539392648745093,LOOCV,ln(kobs)_MeCN = -159.10 + 0.98*ln(kobs)_toluene - 33.48*Ar_NBO_-O - 0.00*polarizability - 0.17*Ster_B1 + 68.62*Occupancy_C1-O
indigo_aryl_alkyl,ln(kobs)_MeCN,4,ln(kobs)_toluene|Ar_v_C=O|Ster_B1|Ster_B5,0.9382230891306577,0.8829553105770922,0.1340529522544637,LOOCV,ln(kobs)_MeCN = 28.71 + 0.98*ln(kobs)_toluene - 0.01*Ar_v_C=O - 0.20*Ster_B1 - 0.01*Ster_B5
indigo_aryl_alkyl,ln(kobs)_MeCN,4,ln(kobs)_toluene|LUMO|L_C1-C2|Ster_B1,0.9410031070374382,0.8829196560349725,0.13100197983648035,LOOCV,ln(kobs)_MeCN = 6.87 + 1.01*ln(kobs)_toluene + 3.72*LUMO - 3.63*L_C1-C2 - 0.22*Ster_B1
indigo_aryl_alkyl,ln(kobs)_MeCN,5,ln(kobs)_toluene|Ar_NBO_=O|Ar_I_C=O|Ster_B1|Ster_B5,0.952076642284895,0.8829166361915364,0.11806927827051629,LOOCV,ln(kobs)_MeCN = -5.91 + 0.94*ln(kobs)_toluene - 11.09*Ar_NBO_=O + 0.00*Ar_I_C=O - 0.15*Ster_B1 - 0.02*Ster_B5
indigo_aryl_alkyl,ln(kobs)_MeCN,4,kobs_MeCN|Ar_NBO_=O|HOMO|Energy_C1-O,0.9448112844234914,0.8828972402701082,0.12670344765439934,LOOCV,ln(kobs)_MeCN = -6.68 + 3.38*kobs_MeCN - 8.54*Ar_NBO_=O + 2.02*HOMO + 0.16*Energy_C1-O
indigo_aryl_alkyl,ln(kobs)_MeCN,5,kobs_MeCN|ln(kobs)_toluene|LUMO|Ster_B1|Occupancy_C1-O,0.9631953762591536,0.8828851448393976,0.10347000739798445,LOOCV,ln(kobs)_MeCN = -31.27 + 1.85*kobs_MeCN + 0.58*ln(kobs)_toluene + 2.53*LUMO - 0.13*Ster_B1 + 15.56*Occupancy_C1-O
indigo_aryl_alkyl,ln(kobs)_MeCN,3,ln(kobs)_toluene|LUMO|Ster_L,0.9304742251749356,0.8828554165783873,0.14221198808548216,LOOCV,ln(kobs)_MeCN = 0.97 + 0.95*ln(kobs)_toluene + 4.94*LUMO + 0.00*Ster_L
indigo_aryl_alkyl,ln(kobs)_MeCN,4,kobs_MeCN|Ar_NBO_=O|LUMO|polarizability,0.943481445787119,0.8828157657190054,0.12822089703607742,LOOCV,ln(kobs)_MeCN = -8.38 + 3.45*kobs_MeCN - 9.95*Ar_NBO_=O + 0.49*LUMO + 0.00*polarizability
indigo_aryl_alkyl,ln(kobs)_MeCN,5,kobs_MeCN|ln(kobs)_toluene|Ar_NBO_=O|HOMO|L_C1-C2,0.9682686867497456,0.8828157195811285,0.09607431844340872,LOOCV,ln(kobs)_MeCN = -4.32 + 1.84*kobs_MeCN + 0.45*ln(kobs)_toluene - 7.45*Ar_NBO_=O + 1.76*HOMO - 0.32*L_C1-C2
indigo_aryl_alkyl,ln(kobs)_MeCN,4,kobs_MeCN|LUMO|Ar_I_C=O|polarizability,0.9382183729922172,0.8828153840924147,0.13405806905463027,LOOCV,ln(kobs)_MeCN = -2.37 + 3.66*kobs_MeCN + 2.73*LUMO - 0.00*Ar_I_C=O + 0.00*polarizability
indigo_aryl_alkyl,ln(kobs)_MeCN,3,ln(kobs)_toluene|L_C1-C2|Ster_B1,0.9352453972776421,0.8828105873776341,0.13724565703996966,LOOCV,ln(kobs)_MeCN = 16.25 + 1.07*ln(kobs)_toluene - 9.96*L_C1-C2 - 0.23*Ster_B1
indigo_aryl_alkyl,ln(kobs)_MeCN,4,kobs_MeCN|HOMO|Entry|Energy_C1-O,0.943496970078459,0.8828076118744187,0.12820328622405058,LOOCV,ln(kobs)_MeCN = -1.04 + 3.54*kobs_MeCN + 3.07*HOMO + 0.01*Entry + 0.44*Energy_C1-O
indigo_aryl_alkyl,ln(kobs)_MeCN,4,kobs_MeCN|Ar_NBO_=O|Ar_NBO_-O|L_C1-C2,0.9444301288342798,0.8827311084801468,0.12714022743305795,LOOCV,ln(kobs)_MeCN = -7.88 + 3.38*kobs_MeCN - 19.68*Ar_NBO_=O + 13.98*Ar_NBO_-O + 2.36*L_C1-C2
indigo_aryl_alkyl,ln(kobs)_MeCN,4,kobs_MeCN|Ar_NBO_-O|Ar_I_C=O|Ster_B1,0.9362476525548398,0.8827187800741955,0.13617938839912863,LOOCV,ln(kobs)_MeCN = -14.57 + 3.63*kobs_MeCN - 17.13*Ar_NBO_-O + 0.00*Ar_I_C=O + 0.07*Ster_B1
indigo_aryl_alkyl,ln(kobs)_MeCN,3,kobs_MeCN|Ar_v_C=O|LUMO,0.9371313927593644,0.8826938707958705,0.13523222969011425,LOOCV,ln(kobs)_MeCN = 21.51 + 3.59*kobs_MeCN - 0.01*Ar_v_C=O + 0.15*LUMO
indigo_aryl_alkyl,ln(kobs)_MeCN,4,kobs_MeCN|LUMO|Ster_L|Occupancy_C1-O,0.9447740013369479,0.8826919656306197,0.12674623808727942,LOOCV,ln(kobs)_MeCN = -86.32 + 3.54*kobs_MeCN + 3.21*LUMO + 0.04*Ster_L + 41.97*Occupancy_C1-O
indigo_aryl_alkyl,ln(kobs)_MeCN,4,ln(kobs)_toluene|HOMO|Entry|Energy_C1-O,0.9620417778854262,0.8826085405474798,0.10507906999716556,LOOCV,ln(kobs)_MeCN = 3.72 + 0.97*ln(kobs)_toluene + 5.47*HOMO - 0.01*Entry + 1.02*Energy_C1-O
indigo_aryl_alkyl,ln(kobs)_MeCN,5,ln(kobs)_toluene|kobs_toluene|Ar_NBO_-O|Entry|Occupancy_C1-O,0.9517491583959142,0.8825837373020208,0.11847200417919994,LOOCV,ln(kobs)_MeCN = -159.94 + 1.08*ln(kobs)_toluene - 1.05*kobs_toluene - 33.83*Ar_NBO_-O - 0.01*Entry + 68.96*Occupancy_C1-O
indigo_aryl_alkyl,ln(kobs)_MeCN,4,kobs_MeCN|Ar_v_C=O|Ster_B5|Occupancy_C1-O,0.9414296752711078,0.8825649854944748,0.13052752552639799,LOOCV,ln(kobs)_MeCN = -18.21 + 3.61*kobs_MeCN - 0.01*Ar_v_C=O + 0.02*Ster_B5 + 19.13*Occupancy_C1-O
indigo_aryl_alkyl,ln(kobs)_MeCN,4,ln(kobs)_toluene|HOMO|Ar_v_C=O|Ar_I_C=O,0.9388826768387682,0.8825574145748802,0.13333539484201037,LOOCV,ln(kobs)_MeCN = 12.34 + 0.89*ln(kobs)_toluene + 3.23*HOMO - 0.01*Ar_v_C=O + 0.00*Ar_I_C=O
indigo_aryl_alkyl,ln(kobs)_MeCN,4,kobs_MeCN|HOMO|L_C1-C2|Ster_B5,0.9388087305625062,0.8825511650727786,0.13341603217132073,LOOCV,ln(kobs)_MeCN = -0.74 + 3.57*kobs_MeCN + 3.20*HOMO - 0.46*L_C1-C2 + 0.00*Ster_B5
indigo_aryl_alkyl,ln(kobs)_MeCN,4,ln(kobs)_toluene|Ar_v_C=O|Ar_NBO_-O|LUMO,0.9436976108389217,0.8825422224244753,0.1279754605591184,LOOCV,ln(kobs)_MeCN = -19.99 + 0.91*ln(kobs)_toluene + 0.00*Ar_v_C=O - 25.09*Ar_NBO_-O + 2.45*LUMO
indigo_aryl_alkyl,ln(kobs)_MeCN,4,ln(kobs)_toluene|Ar_NBO_=O|Ar_NBO_C1_x|Ar_I_C=O,0.9452126828440186,0.8825159740746598,0.12624183718603166,LOOCV,ln(kobs)_MeCN = -11.50 + 0.85*ln(kobs)_toluene - 11.54*Ar_NBO_=O + 5.96*Ar_NBO_C1_x + 0.00*Ar_I_C=O
indigo_aryl_alkyl,ln(kobs)_MeCN,5,kobs_MeCN|ln(kobs)_toluene|LUMO|Ster_B1|Ster_B5,0.9639090331504202,0.8824865480718584,0.1024619335946508,LOOCV,ln(kobs)_MeCN = -0.35 + 1.90*kobs_MeCN + 0.55*ln(kobs)_toluene + 2.65*LUMO - 0.14*Ster_B1 + 0.01*Ster_B5
indigo_aryl_alkyl,ln(kobs)_MeCN,4,ln(kobs)_toluene|Ar_NBO_-O|LUMO|Ar_I_C=O,0.9459774717097478,0.8824550510607247,0.12535762105624243,LOOCV,ln(kobs)_MeCN = -14.81 + 0.90*ln(kobs)_toluene - 21.88*Ar_NBO_-O + 1.60*LUMO + 0.00*Ar_I_C=O
indigo_aryl_alkyl,ln(kobs)_MeCN,4,ln(kobs)_toluene|Ar_NBO_=O|LUMO|polarizability,0.9484629472105164,0.8824489940025074,0.12243993169549203,LOOCV,ln(kobs)_MeCN = -9.38 + 0.88*ln(kobs)_toluene - 16.96*Ar_NBO_=O + 1.07*LUMO - 0.00*polarizability
indigo_aryl_alkyl,ln(kobs)_MeCN,4,ln(kobs)_toluene|kobs_toluene|Ar_NBO_-O|polarizability,0.9459725204664353,0.8823797546666126,0.12536336552879634,LOOCV,ln(kobs)_MeCN = -19.56 + 1.08*ln(kobs)_toluene - 1.29*kobs_toluene - 29.79*Ar_NBO_-O - 0.00*polarizability
indigo_aryl_alkyl,ln(kobs)_MeCN,5,ln(kobs)_toluene|Ar_NBO_-O|LUMO|Ster_L|Ar_I_C=O,0.9522256115798474,0.8823441155025682,0.11788562683374038,LOOCV,ln(kobs)_MeCN = -21.60 + 0.98*ln(kobs)_toluene - 32.00*Ar_NBO_-O - 1.05*LUMO - 0.04*Ster_L + 0.00*Ar_I_C=O
indigo_aryl_alkyl,ln(kobs)_MeCN,4,kobs_MeCN|HOMO|Ar_v_C=O|polarizability,0.9412924414830152,0.8823434907475219,0.13068035297316347,LOOCV,ln(kobs)_MeCN = 12.60 + 3.49*kobs_MeCN + 1.79*HOMO - 0.01*Ar_v_C=O + 0.00*polarizability
indigo_aryl_alkyl,ln(kobs)_MeCN,3,kobs_MeCN|Ar_v_C=O|Occupancy_C1-O,0.9383637894650515,0.8822424989055591,0.13390020872454828,LOOCV,ln(kobs)_MeCN = -31.72 + 3.62*kobs_MeCN - 0.01*Ar_v_C=O + 27.48*Occupancy_C1-O
indigo_aryl_alkyl,ln(kobs)_MeCN,4,kobs_MeCN|kobs_toluene|Ster_L|Ster_B5,0.9394420790900826,0.882218166210137,0.1327237877179436,LOOCV,ln(kobs)_MeCN = -2.74 + 4.32*kobs_MeCN - 1.49*kobs_toluene + 0.03*Ster_L + 0.02*Ster_B5
indigo_aryl_alkyl,ln(kobs)_MeCN,4,kobs_MeCN|Ar_NBO_-O|LUMO|polarizability,0.9403250012830102,0.8821685773335369,0.13175269218720906,LOOCV,ln(kobs)_MeCN = -10.03 + 3.58*kobs_MeCN - 10.81*Ar_NBO_-O + 1.34*LUMO + 0.00*polarizability
indigo_aryl_alkyl,ln(kobs)_MeCN,4,kobs_MeCN|Ar_NBO_=O|Ar_NBO_C1_x|Ster_B1,0.94337972953574,0.8821044492328403,0.1283362245287299,LOOCV,ln(kobs)_MeCN = -10.87 + 3.37*kobs_MeCN - 12.36*Ar_NBO_=O + 1.23*Ar_NBO_C1_x + 0.06*Ster_B1
indigo_aryl_alkyl,ln(kobs)_MeCN,4,ln(kobs)_toluene|Ar_NBO_=O|Ar_NBO_C1_x|Occupancy_C1-O,0.9459529664210913,0.8820738826140476,0.1253860497183182,LOOCV,ln(kobs)_MeCN = -149.87 + 0.84*ln(kobs)_toluene - 17.65*Ar_NBO_=O + 6.57*Ar_NBO_C1_x + 67.45*Occupancy_C1-O
indigo_aryl_alkyl,ln(kobs)_MeCN,3,ln(kobs)_toluene|Ar_NBO_=O|Ar_NBO_C1_x,0.9399218276529989,0.8820170061881933,0.13219701387716304,LOOCV,ln(kobs)_MeCN = -11.41 + 0.86*ln(kobs)_toluene - 14.92*Ar_NBO_=O + 3.74*Ar_NBO_C1_x
indigo_aryl_alkyl,ln(kobs)_MeCN,5,ln(kobs)_toluene|Ar_v_C=O|LUMO|Ar_NBO_C1_x|Ster_B5,0.9523703926252963,0.8820055550176213,0.11770686415980801,LOOCV,ln(kobs)_MeCN = 11.89 + 0.76*ln(kobs)_toluene - 0.01*Ar_v_C=O + 5.57*LUMO + 16.13*Ar_NBO_C1_x - 0.00*Ster_B5
indigo_aryl_alkyl,ln(kobs)_MeCN,4,ln(kobs)_toluene|Ar_I_C=O|polarizability|Ster_B5,0.9343851669954182,0.8819962319561511,0.1381542669905393,LOOCV,ln(kobs)_MeCN = 0.47 + 1.02*ln(kobs)_toluene + 0.00*Ar_I_C=O - 0.00*polarizability - 0.02*Ster_B5
indigo_aryl_alkyl,ln(kobs)_MeCN,4,ln(kobs)_toluene|LUMO|Ar_I_C=O|Ster_B5,0.9387928181645766,0.881982500807929,0.13343337803630637,LOOCV,ln(kobs)_MeCN = 0.61 + 0.97*ln(kobs)_toluene + 2.95*LUMO + 0.00*Ar_I_C=O - 0.02*Ster_B5
indigo_aryl_alkyl,ln(kobs)_MeCN,4,kobs_MeCN|kobs_toluene|Ar_NBO_=O|Ar_v_C=O,0.9426132685311017,0.8819282777576112,0.12920193973590582,LOOCV,ln(kobs)_MeCN = -11.06 + 3.32*kobs_MeCN + 0.30*kobs_toluene - 12.70*Ar_NBO_=O + 0.00*Ar_v_C=O
indigo_aryl_alkyl,ln(kobs)_MeCN,4,ln(kobs)_toluene|HOMO|L_C1-C2|Occupancy_C1-O,0.9385094367754856,0.8818827728031406,0.1337419110312546,LOOCV,ln(kobs)_MeCN = 6.11 + 0.90*ln(kobs)_toluene + 4.21*HOMO - 5.53*L_C1-C2 + 2.05*Occupancy_C1-O
indigo_aryl_alkyl,ln(kobs)_MeCN,4,kobs_MeCN|Ar_NBO_=O|Ar_I_C=O|Ster_B1,0.9433115573461619,0.8818493796772876,0.12841346126258804,LOOCV,ln(kobs)_MeCN = -10.03 + 3.40*kobs_MeCN - 12.66*Ar_NBO_=O - 0.00*Ar_I_C=O + 0.06*Ster_B1
indigo_aryl_alkyl,ln(kobs)_MeCN,4,kobs_MeCN|Ar_NBO_=O|polarizability|Occupancy_C1-O,0.9475841776672228,0.8818418732852413,0.12347939440701027,LOOCV,ln(kobs)_MeCN = -116.60 + 3.44*kobs_MeCN - 13.19*Ar_NBO_=O + 0.00*polarizability + 53.29*Occupancy_C1-O
indigo_aryl_alkyl,ln(kobs)_MeCN,4,kobs_MeCN|LUMO|Ster_B5|Occupancy_C1-O,0.9367529495477303,0.8818190642637713,0.13563864026038616,LOOCV,ln(kobs)_MeCN = -1.48 + 3.73*kobs_MeCN + 2.23*LUMO + 0.02*Ster_B5 - 0.49*Occupancy_C1-O
indigo_aryl_alkyl,ln(kobs)_MeCN,5,ln(kobs)_toluene|Ar_NBO_C1_x|Entry|Ar_I_C=O|Energy_C1-O,0.9551633061046219,0.8818019896659667,0.11420367511292177,LOOCV,ln(kobs)_MeCN = -0.06 + 1.07*ln(kobs)_toluene + 1.97*Ar_NBO_C1_x - 0.01*Entry + 0.00*Ar_I_C=O + 0.90*Energy_C1-O
indigo_aryl_alkyl,ln(kobs)_MeCN,5,kobs_MeCN|ln(kobs)_toluene|polarizability|Ster_B1|Ster_B5,0.9609065383857616,0.8817963574094753,0.10663882541712214,LOOCV,ln(kobs)_MeCN = -0.52 + 2.13*kobs_MeCN + 0.53*ln(kobs)_toluene + 0.00*polarizability - 0.19*Ster_B1 - 0.01*Ster_B5
indigo_aryl_alkyl,ln(kobs)_MeCN,4,ln(kobs)_toluene|Ar_v_C=O|Ster_L|Ster_B1,0.9379574285605996,0.8817643019149034,0.1343408784304886,LOOCV,ln(kobs)_MeCN = 28.22 + 0.98*ln(kobs)_toluene - 0.01*Ar_v_C=O - 0.00*Ster_L - 0.21*Ster_B1
indigo_aryl_alkyl,ln(kobs)_MeCN,4,kobs_MeCN|Ar_v_C=O|Ar_NBO_C1_x|Energy_C1-O,0.9416086575074102,0.8817602618647303,0.1303279365397062,LOOCV,ln(kobs)_MeCN = 23.85 + 3.32*kobs_MeCN - 0.02*Ar_v_C=O + 7.50*Ar_NBO_C1_x + 0.11*Energy_C1-O
indigo_aryl_alkyl,ln(kobs)_MeCN,4,kobs_MeCN|LUMO|Entry|Ster_B5,0.9379226959657498,0.8817507903003179,0.13437847644059026,LOOCV,ln(kobs)_MeCN = -2.48 + 3.70*kobs_MeCN + 1.85*LUMO + 0.00*Entry + 0.02*Ster_B5
indigo_aryl_alkyl,ln(kobs)_MeCN,4,kobs_MeCN|kobs_toluene|HOMO|Ar_v_C=O,0.940751865010179,0.8816792769965356,0.1312806236345581,LOOCV,ln(kobs)_MeCN = 12.24 + 3.50*kobs_MeCN - 0.09*kobs_toluene + 2.51*HOMO - 0.01*Ar_v_C=O
indigo_aryl_alkyl,ln(kobs)_MeCN,4,kobs_MeCN|Ar_NBO_=O|Ar_I_C=O|L_C1-C2,0.9431688893547479,0.8816420659095864,0.12857494901391722,LOOCV,ln(kobs)_MeCN = -15.10 + 3.42*kobs_MeCN - 13.54*Ar_NBO_=O + 0.00*Ar_I_C=O + 3.10*L_C1-C2
indigo_aryl_alkyl,ln(kobs)_MeCN,5,kobs_MeCN|ln(kobs)_toluene|Entry|Ster_B1|Ster_B5,0.9597738921447945,0.8816245101644434,0.10817260684683577,LOOCV,ln(kobs)_MeCN = -0.49 + 2.11*kobs_MeCN + 0.55*ln(kobs)_toluene - 0.00*Entry - 0.14*Ster_B1 + 0.01*Ster_B5
indigo_aryl_alkyl,ln(kobs)_MeCN,4,kobs_MeCN|Ar_v_C=O|Ster_L|Occupancy_C1-O,0.9464066585645314,0.8816053682908185,0.12485867062016177,LOOCV,ln(kobs)_MeCN = -87.01 + 3.53*kobs_MeCN - 0.01*Ar_v_C=O + 0.03*Ster_L + 53.32*Occupancy_C1-O
indigo_aryl_alkyl,ln(kobs)_MeCN,5,kobs_MeCN|Ar_NBO_=O|LUMO|Entry|Occupancy_C1-O,0.9515146514806018,0.8815854696822992,0.118759551797469,LOOCV,ln(kobs)_MeCN = -132.86 + 3.40*kobs_MeCN - 16.42*Ar_NBO_=O - 1.99*LUMO + 0.01*Entry + 60.42*Occupancy_C1-O
indigo_aryl_alkyl,ln(kobs)_MeCN,5,ln(kobs)_toluene|Ar_NBO_-O|Ster_L|Ar_I_C=O|polarizability,0.9521630002451081,0.8815465934766293,0.11796284979735952,LOOCV,ln(kobs)_MeCN = -19.15 + 0.96*ln(kobs)_toluene - 28.40*Ar_NBO_-O - 0.02*Ster_L + 0.00*Ar_I_C=O - 0.00*polarizability
indigo_aryl_alkyl,ln(kobs)_MeCN,5,kobs_MeCN|ln(kobs)_toluene|Ster_L|polarizability|Occupancy_C1-O,0.9568075826778815,0.8815397323444467,0.1120900452083879,LOOCV,ln(kobs)_MeCN = -60.69 + 2.38*kobs_MeCN + 0.44*ln(kobs)_toluene + 0.01*Ster_L - 0.00*polarizability + 29.86*Occupancy_C1-O
indigo_aryl_alkyl,ln(kobs)_MeCN,4,ln(kobs)_toluene|Ar_NBO_=O|LUMO|Ar_NBO_C1_x,0.9495884558668737,0.8815076729024052,0.12109557931363386,LOOCV,ln(kobs)_MeCN = -13.10 + 0.79*ln(kobs)_toluene - 7.32*Ar_NBO_=O + 5.50*LUMO + 11.63*Ar_NBO_C1_x
indigo_aryl_alkyl,ln(kobs)_MeCN,4,ln(kobs)_toluene|kobs_toluene|Ar_NBO_-O|Occupancy_C1-O,0.9474360269935248,0.8814349513580986,0.12365377540914693,LOOCV,ln(kobs)_MeCN = -140.27 + 1.04*ln(kobs)_toluene - 1.10*kobs_toluene - 33.68*Ar_NBO_-O + 59.07*Occupancy_C1-O
indigo_aryl_alkyl,ln(kobs)_MeCN,4,kobs_MeCN|kobs_toluene|Ar_I_C=O|Ster_B5,0.9349488567826356,0.881390074227643,0.13755955292619387,LOOCV,ln(kobs)_MeCN = -2.57 + 4.32*kobs_MeCN - 1.12*kobs_toluene - 0.00*Ar_I_C=O + 0.03*Ster_B5
indigo_aryl_alkyl,ln(kobs)_MeCN,4,ln(kobs)_toluene|Ster_L|Entry|L_C1-C2,0.9349802621271576,0.8813839861365971,0.13752634346607936,LOOCV,ln(kobs)_MeCN = 21.90 + 1.08*ln(kobs)_toluene - 0.00*Ster_L - 0.01*Entry - 13.91*L_C1-C2
indigo_aryl_alkyl,ln(kobs)_MeCN,5,kobs_MeCN|ln(kobs)_toluene|Ster_L|polarizability|Energy_C1-O,0.9722813981902837,0.8813762134721683,0.0897943371429736,LOOCV,ln(kobs)_MeCN = 0.57 + 2.05*kobs_MeCN + 0.55*ln(kobs)_toluene - 0.01*Ster_L + 0.00*polarizability + 1.30*Energy_C1-O
indigo_aryl_alkyl,ln(kobs)_MeCN,3,kobs_MeCN|Ster_L|Occupancy_C1-O,0.9388769230980456,0.8813742029775625,0.13334167096141666,LOOCV,ln(kobs)_MeCN = -100.53 + 3.83*kobs_MeCN + 0.04*Ster_L + 49.01*Occupancy_C1-O
indigo_aryl_alkyl,ln(kobs)_MeCN,5,kobs_MeCN|ln(kobs)_toluene|HOMO|LUMO|Ster_B1,0.9683694922826668,0.8813504862524838,0.0959215903347896,LOOCV,ln(kobs)_MeCN = 0.52 + 1.67*kobs_MeCN + 0.55*ln(kobs)_toluene + 2.71*HOMO + 1.62*LUMO - 0.12*Ster_B1
indigo_aryl_alkyl,ln(kobs)_MeCN,3,ln(kobs)_toluene|Ar_I_C=O|Occupancy_C1-O,0.9281357988337877,0.8813500064152606,0.1445837851437431,LOOCV,ln(kobs)_MeCN = -19.27 + 1.00*ln(kobs)_toluene + 0.00*Ar_I_C=O + 9.88*Occupancy_C1-O
indigo_aryl_alkyl,ln(kobs)_MeCN,4,ln(kobs)_toluene|Ar_v_C=O|LUMO|Ster_B1,0.9426989138361195,0.8813423555912243,0.12910549173341762,LOOCV,ln(kobs)_MeCN = 16.24 + 0.97*ln(kobs)_toluene - 0.01*Ar_v_C=O + 3.22*LUMO - 0.21*Ster_B1
indigo_aryl_alkyl,ln(kobs)_MeCN,4,ln(kobs)_toluene|Ar_v_C=O|Ar_I_C=O|L_C1-C2,0.9343353583052912,0.8813383902739581,0.13820669399024965,LOOCV,ln(kobs)_MeCN = 23.82 + 0.90*ln(kobs)_toluene - 0.02*Ar_v_C=O + 0.00*Ar_I_C=O + 4.94*L_C1-C2
indigo_aryl_alkyl,ln(kobs)_MeCN,5,kobs_MeCN|ln(kobs)_toluene|Ar_NBO_C1_x|Ster_B1|Occupancy_C1-O,0.9599154847066282,0.881308602136117,0.10798205972133983,LOOCV,ln(kobs)_MeCN = -65.24 + 2.05*kobs_MeCN + 0.57*ln(kobs)_toluene + 2.57*Ar_NBO_C1_x - 0.14*Ster_B1 + 31.47*Occupancy_C1-O
indigo_aryl_alkyl,ln(kobs)_MeCN,5,ln(kobs)_toluene|HOMO|Ar_NBO_-O|Ster_B1|Ster_B5,0.9593777767304856,0.881307232234236,0.10870390194285001,LOOCV,ln(kobs)_MeCN = -4.55 + 0.88*ln(kobs)_toluene + 6.01*HOMO - 10.53*Ar_NBO_-O - 0.10*Ster_B1 - 0.03*Ster_B5
indigo_aryl_alkyl,ln(kobs)_MeCN,4,kobs_MeCN|Ar_I_C=O|polarizability|Energy_C1-O,0.9449615399378708,0.8812807107072745,0.12653085016592722,LOOCV,ln(kobs)_MeCN = -1.54 + 3.88*kobs_MeCN - 0.00*Ar_I_C=O + 0.00*polarizability + 1.05*Energy_C1-O
indigo_aryl_alkyl,ln(kobs)_MeCN,4,ln(kobs)_toluene|Ar_NBO_=O|Ar_NBO_-O|Ar_I_C=O,0.9449089922722882,0.8811928052062104,0.1265912380705825,LOOCV,ln(kobs)_MeCN = -15.82 + 0.91*ln(kobs)_toluene - 2.31*Ar_NBO_=O - 21.20*Ar_NBO_-O + 0.00*Ar_I_C=O
indigo_aryl_alkyl,ln(kobs)_MeCN,4,kobs_MeCN|HOMO|Ar_v_C=O|Occupancy_C1-O,0.9415144739624928,0.8811266708289387,0.130433001784195,LOOCV,ln(kobs)_MeCN = -29.95 + 3.49*kobs_MeCN + 2.37*HOMO - 0.01*Ar_v_C=O + 21.86*Occupancy_C1-O
indigo_aryl_alkyl,ln(kobs)_MeCN,5,ln(kobs)_toluene|Ar_NBO_=O|Ar_NBO_C1_x|Ar_I_C=O|Occupancy_C1-O,0.9514770542066067,0.881091690158019,0.11880558807742966,LOOCV,ln(kobs)_MeCN = -152.65 + 0.83*ln(kobs)_toluene - 14.24*Ar_NBO_=O + 8.89*Ar_NBO_C1_x + 0.00*Ar_I_C=O + 68.75*Occupancy_C1-O
indigo_aryl_alkyl,ln(kobs)_MeCN,4,kobs_MeCN|kobs_toluene|Ster_L|Ar_I_C=O,0.9373748130446871,0.8810338234727424,0.13497017367208858,LOOCV,ln(kobs)_MeCN = -2.81 + 4.14*kobs_MeCN - 1.09*kobs_toluene + 0.03*Ster_L + 0.00*Ar_I_C=O
indigo_aryl_alkyl,ln(kobs)_MeCN,3,kobs_MeCN|Ster_L|Ster_B1,0.9366346359267546,0.8809147295329997,0.13576544775999622,LOOCV,ln(kobs)_MeCN = -2.63 + 3.81*kobs_MeCN + 0.04*Ster_L - 0.09*Ster_B1
indigo_aryl_alkyl,ln(kobs)_MeCN,5,kobs_MeCN|ln(kobs)_toluene|Ster_L|Ster_B1|Occupancy_C1-O,0.9645865696384206,0.8808771730302288,0.10149561690793268,LOOCV,ln(kobs)_MeCN = -119.56 + 2.27*kobs_MeCN + 0.49*ln(kobs)_toluene + 0.03*Ster_L - 0.24*Ster_B1 + 59.58*Occupancy_C1-O
indigo_aryl_alkyl,ln(kobs)_MeCN,3,ln(kobs)_toluene|Ster_L|Ster_B1,0.9262642290452457,0.8808082409967833,0.14645439251645714,LOOCV,ln(kobs)_MeCN = 1.52 + 1.09*ln(kobs)_toluene + 0.01*Ster_L - 0.26*Ster_B1
indigo_aryl_alkyl,ln(kobs)_MeCN,5,ln(kobs)_toluene|LUMO|Ar_NBO_C1_x|Ster_L|L_C1-C2,0.9546774896959455,0.8807715249628231,0.11482072036053957,LOOCV,ln(kobs)_MeCN = 3.78 + 0.83*ln(kobs)_toluene + 5.05*LUMO + 20.54*Ar_NBO_C1_x - 0.01*Ster_L - 13.12*L_C1-C2
indigo_aryl_alkyl,ln(kobs)_MeCN,5,kobs_MeCN|ln(kobs)_toluene|kobs_toluene|Ar_NBO_-O|Energy_C1-O,0.9855657395234202,0.8807563776535916,0.06479784432229983,LOOCV,ln(kobs)_MeCN = -5.69 + 3.06*kobs_MeCN + 0.93*ln(kobs)_toluene - 6.99*kobs_toluene - 8.52*Ar_NBO_-O - 0.37*Energy_C1-O
indigo_aryl_alkyl,ln(kobs)_MeCN,4,ln(kobs)_toluene|Ar_v_C=O|LUMO|L_C1-C2,0.9350109853761867,0.880732928295323,0.13749384752341587,LOOCV,ln(kobs)_MeCN = 21.01 + 0.87*ln(kobs)_toluene - 0.02*Ar_v_C=O + 3.77*LUMO + 7.46*L_C1-C2
indigo_aryl_alkyl,ln(kobs)_MeCN,3,kobs_MeCN|kobs_toluene|Ar_NBO_C1_x,0.9277172841543676,0.8807229619412301,0.1450041793917344,LOOCV,ln(kobs)_MeCN = -3.69 + 3.99*kobs_MeCN - 0.17*kobs_toluene + 1.48*Ar_NBO_C1_x
indigo_aryl_alkyl,ln(kobs)_MeCN,5,ln(kobs)_toluene|Ar_NBO_=O|polarizability|Ster_B1|Occupancy_C1-O,0.9536874786576607,0.8806734835101406,0.11606800018602136,LOOCV,ln(kobs)_MeCN = -126.74 + 0.91*ln(kobs)_toluene - 19.59*Ar_NBO_=O - 0.00*polarizability - 0.09*Ster_B1 + 58.15*Occupancy_C1-O
indigo_aryl_alkyl,ln(kobs)_MeCN,5,ln(kobs)_toluene|Ar_NBO_=O|HOMO|Ster_L|Ar_I_C=O,0.9537925157069748,0.8805825773116152,0.1159363040451193,LOOCV,ln(kobs)_MeCN = -6.05 + 0.88*ln(kobs)_toluene - 12.85*Ar_NBO_=O + 2.61*HOMO - 0.04*Ster_L + 0.00*Ar_I_C=O
indigo_aryl_alkyl,ln(kobs)_MeCN,4,kobs_MeCN|Ar_v_C=O|Entry|polarizability,0.9413113453020547,0.8805497237324227,0.13065931175885726,LOOCV,ln(kobs)_MeCN = 15.36 + 3.56*kobs_MeCN - 0.01*Ar_v_C=O + 0.00*Entry + 0.00*polarizability
indigo_aryl_alkyl,ln(kobs)_MeCN,5,ln(kobs)_toluene|Ar_NBO_-O|Ster_L|polarizability|Occupancy_C1-O,0.9512705552552104,0.8805485304385604,0.11905811997602747,LOOCV,ln(kobs)_MeCN = -123.83 + 0.96*ln(kobs)_toluene - 37.16*Ar_NBO_-O - 0.02*Ster_L - 0.00*polarizability + 49.55*Occupancy_C1-O
indigo_aryl_alkyl,ln(kobs)_MeCN,4,ln(kobs)_toluene|Ar_NBO_-O|L_C1-C2|Ster_B1,0.9478246164425099,0.8805031920387498,0.12319586017504643,LOOCV,ln(kobs)_MeCN = -10.84 + 0.98*ln(kobs)_toluene - 23.72*Ar_NBO_-O - 3.10*L_C1-C2 - 0.18*Ster_B1
indigo_aryl_alkyl,ln(kobs)_MeCN,5,kobs_MeCN|Ar_NBO_=O|Entry|Ar_I_C=O|Occupancy_C1-O,0.9513375947994284,0.8804679635961863,0.11897619467190054,LOOCV,ln(kobs)_MeCN = -103.90 + 3.35*kobs_MeCN - 14.91*Ar_NBO_=O + 0.01*Entry - 0.00*Ar_I_C=O + 46.49*Occupancy_C1-O
indigo_aryl_alkyl,ln(kobs)_MeCN,4,kobs_MeCN|kobs_toluene|Ar_NBO_C1_x|Entry,0.9382244396747581,0.8804481636347393,0.13405148693829008,LOOCV,ln(kobs)_MeCN = -7.59 + 4.14*kobs_MeCN - 1.44*kobs_toluene + 6.28*Ar_NBO_C1_x + 0.01*Entry
indigo_aryl_alkyl,ln(kobs)_MeCN,4,kobs_MeCN|Ar_NBO_=O|Ster_L|Ster_B1,0.9440793849623479,0.8804428051334418,0.1275408358001439,LOOCV,ln(kobs)_MeCN = -8.75 + 3.43*kobs_MeCN - 10.41*Ar_NBO_=O + 0.01*Ster_L + 0.01*Ster_B1
indigo_aryl_alkyl,ln(kobs)_MeCN,4,kobs_MeCN|Ar_NBO_-O|LUMO|L_C1-C2,0.9359340357034206,0.880421153996815,0.1365139310315266,LOOCV,ln(kobs)_MeCN = -17.81 + 3.63*kobs_MeCN - 16.20*Ar_NBO_-O + 1.31*LUMO + 2.76*L_C1-C2
indigo_aryl_alkyl,ln(kobs)_MeCN,4,ln(kobs)_toluene|LUMO|Ar_NBO_C1_x|Ster_B5,0.9460774915014964,0.8803953369377193,0.12524152086251134,LOOCV,ln(kobs)_MeCN = -11.21 + 0.82*ln(kobs)_toluene + 7.58*LUMO + 14.92*Ar_NBO_C1_x + 0.00*Ster_B5
indigo_aryl_alkyl,ln(kobs)_MeCN,4,kobs_MeCN|LUMO|Ster_B1|Energy_C1-O,0.9383882645248491,0.8803755487393752,0.13387362093639446,LOOCV,ln(kobs)_MeCN = -1.60 + 3.75*kobs_MeCN + 1.93*LUMO + 0.36*Ster_B1 + 1.35*Energy_C1-O
indigo_aryl_alkyl,ln(kobs)_MeCN,5,ln(kobs)_toluene|Ar_NBO_-O|Ar_I_C=O|polarizability|L_C1-C2,0.9515831921909731,0.8803185658501047,0.11867558062853086,LOOCV,ln(kobs)_MeCN = -23.66 + 0.95*ln(kobs)_toluene - 28.01*Ar_NBO_-O + 0.00*Ar_I_C=O - 0.00*polarizability + 3.06*L_C1-C2
indigo_aryl_alkyl,ln(kobs)_MeCN,4,kobs_MeCN|kobs_toluene|LUMO|Ster_B5,0.9378612112488951,0.8802478694093454,0.13444500782334287,LOOCV,ln(kobs)_MeCN = -2.46 + 4.09*kobs_MeCN - 1.00*kobs_toluene + 2.19*LUMO + 0.03*Ster_B5
indigo_aryl_alkyl,ln(kobs)_MeCN,5,kobs_MeCN|LUMO|Ster_L|Entry|Energy_C1-O,0.9533173660916601,0.8802114727656315,0.11653086356305851,LOOCV,ln(kobs)_MeCN = -1.82 + 3.44*kobs_MeCN + 2.85*LUMO + 0.05*Ster_L + 0.01*Entry + 0.87*Energy_C1-O
indigo_aryl_alkyl,ln(kobs)_MeCN,4,ln(kobs)_toluene|LUMO|Ster_L|Ar_I_C=O,0.9354546675373028,0.8802066081406528,0.13702370619998053,LOOCV,ln(kobs)_MeCN = 0.67 + 0.96*ln(kobs)_toluene + 3.35*LUMO - 0.01*Ster_L + 0.00*Ar_I_C=O
indigo_aryl_alkyl,ln(kobs)_MeCN,5,ln(kobs)_toluene|HOMO|Ar_v_C=O|Entry|L_C1-C2,0.9544203126306177,0.8801682997895401,0.11514602763160459,LOOCV,ln(kobs)_MeCN = 1.49 + 1.02*ln(kobs)_toluene + 6.08*HOMO + 0.02*Ar_v_C=O - 0.01*Entry - 18.98*L_C1-C2
indigo_aryl_alkyl,ln(kobs)_MeCN,4,ln(kobs)_toluene|Ar_NBO_-O|polarizability|L_C1-C2,0.9448905599992115,0.8801638139305497,0.12661241366007223,LOOCV,ln(kobs)_MeCN = -17.60 + 0.95*ln(kobs)_toluene - 29.68*Ar_NBO_-O - 0.00*polarizability - 1.57*L_C1-C2
indigo_aryl_alkyl,ln(kobs)_MeCN,5,ln(kobs)_toluene|Ar_NBO_-O|Ster_L|Ster_B5|Occupancy_C1-O,0.9520089303982089,0.8801123461520106,0.11815266007011642,LOOCV,ln(kobs)_MeCN = -99.43 + 0.96*ln(kobs)_toluene - 38.34*Ar_NBO_-O - 0.03*Ster_L + 0.01*Ster_B5 + 36.91*Occupancy_C1-O
indigo_aryl_alkyl,ln(kobs)_MeCN,5,ln(kobs)_toluene|kobs_toluene|Ar_NBO_-O|LUMO|Entry,0.9523441466884304,0.8800974345513094,0.11773929043440182,LOOCV,ln(kobs)_MeCN = -9.61 + 1.20*ln(kobs)_toluene - 2.47*kobs_toluene - 16.41*Ar_NBO_-O + 4.02*LUMO - 0.01*Entry
indigo_aryl_alkyl,ln(kobs)_MeCN,4,kobs_MeCN|kobs_toluene|Ar_v_C=O|Entry,0.9405317808352734,0.8800761809067565,0.1315242262900833,LOOCV,ln(kobs)_MeCN = 16.67 + 3.92*kobs_MeCN - 1.00*kobs_toluene - 0.01*Ar_v_C=O + 0.01*Entry
indigo_aryl_alkyl,ln(kobs)_MeCN,4,kobs_MeCN|Ar_NBO_=O|Ar_NBO_C1_x|L_C1-C2,0.9432513108049246,0.8800265080187843,0.12848167986329068,LOOCV,ln(kobs)_MeCN = -16.00 + 3.44*kobs_MeCN - 14.10*Ar_NBO_=O - 1.43*Ar_NBO_C1_x + 4.25*L_C1-C2
indigo_aryl_alkyl,ln(kobs)_MeCN,5,ln(kobs)_toluene|HOMO|L_C1-C2|Ster_B1|Ster_B5,0.9573953389706229,0.8800174404788761,0.11132478016268577,LOOCV,ln(kobs)_MeCN = 3.14 + 0.89*ln(kobs)_toluene + 7.59*HOMO + 0.16*L_C1-C2 - 0.09*Ster_B1 - 0.04*Ster_B5
indigo_aryl_alkyl,ln(kobs)_MeCN,4,kobs_MeCN|Ar_NBO_=O|LUMO|Ar_NBO_C1_x,0.9428050663877366,0.8799335257078325,0.12898584975638464,LOOCV,ln(kobs)_MeCN = -11.13 + 3.37*kobs_MeCN - 11.39*Ar_NBO_=O + 0.69*LUMO + 2.45*Ar_NBO_C1_x
indigo_aryl_alkyl,ln(kobs)_MeCN,4,kobs_MeCN|kobs_toluene|Ar_v_C=O|Ar_NBO_-O,0.9381013371481972,0.8799318340175027,0.1341849852323191,LOOCV,ln(kobs)_MeCN = 8.57 + 3.48*kobs_MeCN + 0.22*kobs_toluene - 0.01*Ar_v_C=O - 8.56*Ar_NBO_-O
indigo_aryl_alkyl,ln(kobs)_MeCN,3,kobs_MeCN|kobs_toluene|Ar_I_C=O,0.9285408652512234,0.8798648127259738,0.1441757322051919,LOOCV,ln(kobs)_MeCN = -2.63 + 3.94*kobs_MeCN - 0.09*kobs_toluene + 0.00*Ar_I_C=O
indigo_aryl_alkyl,ln(kobs)_MeCN,5,kobs_MeCN|Ar_NBO_=O|Ster_L|Entry|Energy_C1-O,0.9517484253344826,0.879822897452966,0.11847290413165937,LOOCV,ln(kobs)_MeCN = -5.92 + 3.45*kobs_MeCN - 6.49*Ar_NBO_=O + 0.03*Ster_L + 0.01*Entry + 0.64*Energy_C1-O
indigo_aryl_alkyl,ln(kobs)_MeCN,3,ln(kobs)_toluene|Ster_B1|Ster_B5,0.9259878003580333,0.8798225753883198,0.14672865779504626,LOOCV,ln(kobs)_MeCN = 1.56 + 1.09*ln(kobs)_toluene - 0.24*Ster_B1 - 0.00*Ster_B5
indigo_aryl_alkyl,ln(kobs)_MeCN,5,ln(kobs)_toluene|LUMO|Ar_NBO_C1_x|polarizability|Ster_B1,0.9550426411325741,0.8798058854202666,0.11435724491308222,LOOCV,ln(kobs)_MeCN = -9.96 + 0.87*ln(kobs)_toluene + 7.19*LUMO + 13.97*Ar_NBO_C1_x + 0.00*polarizability - 0.23*Ster_B1
indigo_aryl_alkyl,ln(kobs)_MeCN,4,kobs_MeCN|Ar_NBO_C1_x|Ster_L|polarizability,0.9358995632915564,0.8798052793067672,0.13655065358487453,LOOCV,ln(kobs)_MeCN = -1.22 + 3.83*kobs_MeCN - 1.88*Ar_NBO_C1_x + 0.03*Ster_L + 0.00*polarizability
indigo_aryl_alkyl,ln(kobs)_MeCN,5,ln(kobs)_toluene|kobs_toluene|HOMO|Ar_v_C=O|Ar_NBO_C1_x,0.9509495268835368,0.8797964641675529,0.11944965215220943,LOOCV,ln(kobs)_MeCN = 16.21 + 0.98*ln(kobs)_toluene - 2.00*kobs_toluene + 3.80*HOMO - 0.01*Ar_v_C=O + 10.42*Ar_NBO_C1_x
indigo_aryl_alkyl,ln(kobs)_MeCN,3,kobs_MeCN|L_C1-C2|Ster_B5,0.9352562747423667,0.8797382366015685,0.13723412930735154,LOOCV,ln(kobs)_MeCN = 3.64 + 3.85*kobs_MeCN - 4.20*L_C1-C2 + 0.02*Ster_B5
indigo_aryl_alkyl,ln(kobs)_MeCN,4,ln(kobs)_toluene|LUMO|Entry|polarizability,0.9381824481851464,0.879731693398086,0.13409703946217563,LOOCV,ln(kobs)_MeCN = 1.22 + 1.00*ln(kobs)_toluene + 5.54*LUMO - 0.01*Entry + 0.00*polarizability
indigo_aryl_alkyl,ln(kobs)_MeCN,5,ln(kobs)_toluene|Ar_NBO_-O|LUMO|Ar_I_C=O|polarizability,0.9511445194581815,0.8797159196284587,0.11921198890361107,LOOCV,ln(kobs)_MeCN = -16.95 + 0.94*ln(kobs)_toluene - 25.01*Ar_NBO_-O + 0.45*LUMO + 0.00*Ar_I_C=O - 0.00*polarizability
indigo_aryl_alkyl,ln(kobs)_MeCN,3,kobs_MeCN|Ar_I_C=O|Occupancy_C1-O,0.9291305260221924,0.8796875810713899,0.1435796510982916,LOOCV,ln(kobs)_MeCN = -40.46 + 3.93*kobs_MeCN + 0.00*Ar_I_C=O + 18.96*Occupancy_C1-O
indigo_aryl_alkyl,ln(kobs)_MeCN,5,kobs_MeCN|ln(kobs)_toluene|LUMO|polarizability|Ster_B1,0.9655119227253026,0.87967761951083,0.10016079903869608,LOOCV,ln(kobs)_MeCN = -0.33 + 1.89*kobs_MeCN + 0.54*ln(kobs)_toluene + 2.76*LUMO + 0.00*polarizability - 0.19*Ster_B1
indigo_aryl_alkyl,ln(kobs)_MeCN,4,ln(kobs)_toluene|kobs_toluene|Ar_NBO_=O|HOMO,0.9462922176076587,0.8796558957824049,0.12499190849531358,LOOCV,ln(kobs)_MeCN = -3.18 + 1.05*ln(kobs)_toluene - 2.01*kobs_toluene - 8.94*Ar_NBO_=O + 3.03*HOMO
indigo_aryl_alkyl,ln(kobs)_MeCN,5,kobs_MeCN|ln(kobs)_toluene|HOMO|Ster_L|Ster_B1,0.9669797961656613,0.8796359128875637,0.09800611274493568,LOOCV,ln(kobs)_MeCN = 0.46 + 1.81*kobs_MeCN + 0.53*ln(kobs)_toluene + 3.06*HOMO + 0.00*Ster_L - 0.12*Ster_B1
indigo_aryl_alkyl,ln(kobs)_MeCN,4,kobs_MeCN|kobs_toluene|Entry|Ar_I_C=O,0.9355616103490971,0.8795260542512612,0.13691014434590443,LOOCV,ln(kobs)_MeCN = -2.49 + 4.38*kobs_MeCN - 1.56*kobs_toluene + 0.01*Entry - 0.00*Ar_I_C=O
indigo_aryl_alkyl,ln(kobs)_MeCN,4,ln(kobs)_toluene|Ar_v_C=O|Ster_L|Ster_B5,0.9320708973011628,0.8795091304498277,0.14056954139415015,LOOCV,ln(kobs)_MeCN = 32.27 + 0.95*ln(kobs)_toluene - 0.02*Ar_v_C=O - 0.01*Ster_L - 0.01*Ster_B5
indigo_aryl_alkyl,ln(kobs)_MeCN,4,ln(kobs)_toluene|Ar_v_C=O|polarizability|L_C1-C2,0.935446955407397,0.8794824351359614,0.13703189202084445,LOOCV,ln(kobs)_MeCN = 43.33 + 0.88*ln(kobs)_toluene - 0.03*Ar_v_C=O - 0.00*polarizability + 12.74*L_C1-C2
indigo_aryl_alkyl,ln(kobs)_MeCN,3,ln(kobs)_toluene|LUMO|Occupancy_C1-O,0.9307141973142132,0.879469895781241,0.1419663495883086,LOOCV,ln(kobs)_MeCN = 25.68 + 0.94*ln(kobs)_toluene + 4.98*LUMO - 12.39*Occupancy_C1-O
indigo_aryl_alkyl,ln(kobs)_MeCN,4,kobs_MeCN|Ar_NBO_C1_x|Entry|polarizability,0.9381458979012681,0.8793614304172319,0.13413667675324933,LOOCV,ln(kobs)_MeCN = -6.08 + 3.66*kobs_MeCN + 4.35*Ar_NBO_C1_x + 0.01*Entry + 0.00*polarizability
indigo_aryl_alkyl,ln(kobs)_MeCN,3,kobs_MeCN|Ar_NBO_C1_x|Occupancy_C1-O,0.9285397476108019,0.8793437420803886,0.14417685967473526,LOOCV,ln(kobs)_MeCN = -52.28 + 3.94*kobs_MeCN + 2.61*Ar_NBO_C1_x + 23.91*Occupancy_C1-O
indigo_aryl_alkyl,ln(kobs)_MeCN,4,kobs_MeCN|Entry|Ar_I_C=O|polarizability,0.936946645177564,0.8792174947992666,0.1354307826792359,LOOCV,ln(kobs)_MeCN = -2.58 + 3.79*kobs_MeCN + 0.01*Entry - 0.00*Ar_I_C=O + 0.00*polarizability
indigo_aryl_alkyl,ln(kobs)_MeCN,4,ln(kobs)_toluene|Ar_NBO_=O|Ar_NBO_C1_x|Ster_B5,0.9421199599843333,0.879184210365432,0.12975607509198683,LOOCV,ln(kobs)_MeCN = -11.07 + 0.87*ln(kobs)_toluene - 15.54*Ar_NBO_=O + 2.97*Ar_NBO_C1_x - 0.01*Ster_B5
indigo_aryl_alkyl,ln(kobs)_MeCN,4,ln(kobs)_toluene|LUMO|Ar_I_C=O|L_C1-C2,0.9353331831008154,0.8791437612178362,0.13715259563124324,LOOCV,ln(kobs)_MeCN = 2.40 + 0.95*ln(kobs)_toluene + 3.38*LUMO + 0.00*Ar_I_C=O - 1.19*L_C1-C2
indigo_aryl_alkyl,ln(kobs)_MeCN,4,kobs_MeCN|kobs_toluene|Ar_NBO_-O|LUMO,0.9359340684718231,0.8791272062558028,0.1365138961195099,LOOCV,ln(kobs)_MeCN = -14.01 + 3.41*kobs_MeCN + 0.61*kobs_toluene - 16.57*Ar_NBO_-O + 0.66*LUMO
indigo_aryl_alkyl,ln(kobs)_MeCN,4,kobs_MeCN|Entry|polarizability|Energy_C1-O,0.9487005474790788,0.8791267686799306,0.12215736442702481,LOOCV,ln(kobs)_MeCN = -1.60 + 3.77*kobs_MeCN + 0.01*Entry + 0.00*polarizability + 1.07*Energy_C1-O
indigo_aryl_alkyl,ln(kobs)_MeCN,4,kobs_MeCN|LUMO|Ster_B5|Energy_C1-O,0.9414280295638017,0.8790955782554842,0.1305293592928531,LOOCV,ln(kobs)_MeCN = -1.89 + 3.79*kobs_MeCN + 2.01*LUMO + 0.03*Ster_B5 + 0.59*Energy_C1-O
indigo_aryl_alkyl,ln(kobs)_MeCN,4,kobs_MeCN|Ster_L|Ster_B1|Energy_C1-O,0.9440234621034472,0.8790933432867934,0.12760459284097042,LOOCV,ln(kobs)_MeCN = -1.76 + 3.78*kobs_MeCN + 0.03*Ster_L + 0.24*Ster_B1 + 1.35*Energy_C1-O
indigo_aryl_alkyl,ln(kobs)_MeCN,3,kobs_MeCN|Entry|Occupancy_C1-O,0.9335605824539236,0.8790678698027032,0.13901965207258837,LOOCV,ln(kobs)_MeCN = -21.70 + 3.85*kobs_MeCN + 0.01*Entry + 9.60*Occupancy_C1-O
indigo_aryl_alkyl,ln(kobs)_MeCN,3,ln(kobs)_toluene|LUMO|Ster_B5,0.9310530395291104,0.8790190934278724,0.14161878090821464,LOOCV,ln(kobs)_MeCN = 1.04 + 0.96*ln(kobs)_toluene + 4.84*LUMO - 0.01*Ster_B5
indigo_aryl_alkyl,ln(kobs)_MeCN,4,ln(kobs)_toluene|HOMO|Ar_I_C=O|Occupancy_C1-O,0.9377109818844459,0.879013469481702,0.134607429682403,LOOCV,ln(kobs)_MeCN = -9.41 + 0.91*ln(kobs)_toluene + 3.94*HOMO + 0.00*Ar_I_C=O + 5.58*Occupancy_C1-O
indigo_aryl_alkyl,ln(kobs)_MeCN,5,kobs_MeCN|ln(kobs)_toluene|Ar_NBO_C1_x|Ster_B1|Ster_B5,0.9597956239478095,0.879007063871981,0.10814338324688245,LOOCV,ln(kobs)_MeCN = -1.87 + 2.12*kobs_MeCN + 0.53*ln(kobs)_toluene + 1.62*Ar_NBO_C1_x - 0.14*Ster_B1 + 0.01*Ster_B5
indigo_aryl_alkyl,ln(kobs)_MeCN,4,kobs_MeCN|Ar_NBO_=O|polarizability|L_C1-C2,0.9436641969328752,0.8789666259591961,0.12801342986931727,LOOCV,ln(kobs)_MeCN = -12.74 + 3.44*kobs_MeCN - 11.93*Ar_NBO_=O + 0.00*polarizability + 2.13*L_C1-C2
indigo_aryl_alkyl,ln(kobs)_MeCN,5,ln(kobs)_toluene|Ar_NBO_=O|Ster_B1|Ster_B5|Occupancy_C1-O,0.9523849205376668,0.8788941890939538,0.1176889114039471,LOOCV,ln(kobs)_MeCN = -143.04 + 0.93*ln(kobs)_toluene - 17.23*Ar_NBO_=O - 0.17*Ster_B1 - 0.01*Ster_B5 + 67.10*Occupancy_C1-O
indigo_aryl_alkyl,ln(kobs)_MeCN,4,ln(kobs)_toluene|Ster_L|L_C1-C2|Ster_B1,0.9363689025594835,0.878893852515199,0.1360498276025494,LOOCV,ln(kobs)_MeCN = 17.05 + 1.05*ln(kobs)_toluene + 0.01*Ster_L - 10.56*L_C1-C2 - 0.27*Ster_B1
indigo_aryl_alkyl,ln(kobs)_MeCN,4,ln(kobs)_toluene|Ar_NBO_=O|HOMO|Ar_I_C=O,0.9442644953762596,0.8788587719221025,0.12732956570551002,LOOCV,ln(kobs)_MeCN = -4.86 + 0.86*ln(kobs)_toluene - 9.85*Ar_NBO_=O + 2.11*HOMO + 0.00*Ar_I_C=O
indigo_aryl_alkyl,ln(kobs)_MeCN,4,kobs_MeCN|Ar_NBO_=O|LUMO|Energy_C1-O,0.9425917654989701,0.8788564725776999,0.12922614370418842,LOOCV,ln(kobs)_MeCN = -9.56 + 3.45*kobs_MeCN - 12.08*Ar_NBO_=O - 0.01*LUMO + 0.07*Energy_C1-O
indigo_aryl_alkyl,ln(kobs)_MeCN,5,kobs_MeCN|ln(kobs)_toluene|LUMO|polarizability|Occupancy_C1-O,0.9604389081287478,0.8788560449138398,0.10727472842410653,LOOCV,ln(kobs)_MeCN = -22.19 + 2.08*kobs_MeCN + 0.47*ln(kobs)_toluene + 2.59*LUMO + 0.00*polarizability + 10.72*Occupancy_C1-O
indigo_aryl_alkyl,ln(kobs)_MeCN,5,ln(kobs)_toluene|Ar_NBO_-O|LUMO|Ster_L|Occupancy_C1-O,0.9514603258020605,0.8788249002589351,0.11882606557157248,LOOCV,ln(kobs)_MeCN = -130.47 + 0.98*ln(kobs)_toluene - 40.43*Ar_NBO_-O - 0.96*LUMO - 0.03*Ster_L + 51.75*Occupancy_C1-O
indigo_aryl_alkyl,ln(kobs)_MeCN,4,ln(kobs)_toluene|Ar_v_C=O|polarizability|Ster_B1,0.9380989771863295,0.8788230078017049,0.13418754319088763,LOOCV,ln(kobs)_MeCN = 29.18 + 0.98*ln(kobs)_toluene - 0.02*Ar_v_C=O - 0.00*polarizability - 0.19*Ster_B1
indigo_aryl_alkyl,ln(kobs)_MeCN,4,kobs_MeCN|Ster_L|Entry|L_C1-C2,0.9403134252603623,0.8788182792017444,0.13176547055523355,LOOCV,ln(kobs)_MeCN = 2.38 + 3.67*kobs_MeCN + 0.03*Ster_L + 0.01*Entry - 3.44*L_C1-C2
indigo_aryl_alkyl,ln(kobs)_MeCN,5,ln(kobs)_toluene|Ar_NBO_=O|LUMO|Ar_NBO_C1_x|Occupancy_C1-O,0.9523765066751366,0.8788045585946935,0.1176993091035056,LOOCV,ln(kobs)_MeCN = -110.71 + 0.79*ln(kobs)_toluene - 10.41*Ar_NBO_=O + 4.66*LUMO + 12.43*Ar_NBO_C1_x + 47.67*Occupancy_C1-O
indigo_aryl_alkyl,ln(kobs)_MeCN,4,kobs_MeCN|Ar_v_C=O|LUMO|Ar_NBO_C1_x,0.9428367977933662,0.8787142764971183,0.12895006450498656,LOOCV,ln(kobs)_MeCN = 17.86 + 3.16*kobs_MeCN - 0.02*Ar_v_C=O + 2.03*LUMO + 10.04*Ar_NBO_C1_x
indigo_aryl_alkyl,ln(kobs)_MeCN,4,kobs_MeCN|ln(kobs)_toluene|polarizability|Energy_C1-O,0.9718929551950706,0.8786359823344125,0.0904213281803113,LOOCV,ln(kobs)_MeCN = 0.42 + 2.08*kobs_MeCN + 0.53*ln(kobs)_toluene + 0.00*polarizability + 1.26*Energy_C1-O
indigo_aryl_alkyl,ln(kobs)_MeCN,5,ln(kobs)_toluene|kobs_toluene|Ar_NBO_=O|LUMO|Entry,0.9519484220784981,0.8786251936323984,0.11822712149524499,LOOCV,ln(kobs)_MeCN = -3.12 + 1.19*ln(kobs)_toluene - 2.64*kobs_toluene - 8.34*Ar_NBO_=O + 4.16*LUMO - 0.01*Entry
indigo_aryl_alkyl,ln(kobs)_MeCN,4,ln(kobs)_toluene|Ar_NBO_=O|LUMO|Ster_B1,0.9485567713057708,0.8786136673043935,0.12232842891837613,LOOCV,ln(kobs)_MeCN = -5.06 + 0.92*ln(kobs)_toluene - 10.36*Ar_NBO_=O + 2.51*LUMO - 0.18*Ster_B1
indigo_aryl_alkyl,ln(kobs)_MeCN,4,ln(kobs)_toluene|LUMO|Ar_NBO_C1_x|polarizability,0.9465002233952103,0.8786111332460627,0.1247496320401926,LOOCV,ln(kobs)_MeCN = -11.13 + 0.83*ln(kobs)_toluene + 7.49*LUMO + 14.90*Ar_NBO_C1_x - 0.00*polarizability
indigo_aryl_alkyl,ln(kobs)_MeCN,4,kobs_MeCN|Ar_NBO_-O|L_C1-C2|Ster_B1,0.9363005425656876,0.8785246628282025,0.13612288833228414,LOOCV,ln(kobs)_MeCN = -17.04 + 3.63*kobs_MeCN - 18.39*Ar_NBO_-O + 1.08*L_C1-C2 + 0.07*Ster_B1
indigo_aryl_alkyl,ln(kobs)_MeCN,5,ln(kobs)_toluene|HOMO|Ar_v_C=O|Entry|Ster_B1,0.9549354980192583,0.8784931166123338,0.11449343284872476,LOOCV,ln(kobs)_MeCN = 15.61 + 0.97*ln(kobs)_toluene + 4.30*HOMO - 0.01*Ar_v_C=O - 0.01*Entry - 0.17*Ster_B1
indigo_aryl_alkyl,ln(kobs)_MeCN,4,kobs_MeCN|Ar_v_C=O|Ar_NBO_C1_x|Ster_B1,0.9417437066078338,0.878485158372207,0.1301771362801796,LOOCV,ln(kobs)_MeCN = 23.96 + 3.28*kobs_MeCN - 0.02*Ar_v_C=O + 7.62*Ar_NBO_C1_x + 0.04*Ster_B1
indigo_aryl_alkyl,ln(kobs)_MeCN,5,kobs_MeCN|ln(kobs)_toluene|Ar_NBO_=O|Ar_NBO_C1_x|L_C1-C2,0.9668813985863793,0.8784559266685074,0.09815202932858502,LOOCV,ln(kobs)_MeCN = -3.49 + 1.82*kobs_MeCN + 0.47*ln(kobs)_toluene - 8.88*Ar_NBO_=O + 3.12*Ar_NBO_C1_x - 3.49*L_C1-C2
indigo_aryl_alkyl,ln(kobs)_MeCN,5,ln(kobs)_toluene|kobs_toluene|Ar_NBO_-O|Ster_L|Ster_B5,0.9521065236754616,0.8784180146977216,0.11803246298337973,LOOCV,ln(kobs)_MeCN = -22.92 + 1.11*ln(kobs)_toluene - 1.49*kobs_toluene - 35.02*Ar_NBO_-O - 0.04*Ster_L + 0.01*Ster_B5
indigo_aryl_alkyl,ln(kobs)_MeCN,5,ln(kobs)_toluene|kobs_toluene|Ar_v_C=O|LUMO|Ar_NBO_C1_x,0.9578139577013269,0.878407085808023,0.1107765105803951,LOOCV,ln(kobs)_MeCN = 9.52 + 1.03*ln(kobs)_toluene - 2.71*kobs_toluene - 0.01*Ar_v_C=O + 6.28*LUMO + 15.63*Ar_NBO_C1_x
indigo_aryl_alkyl,ln(kobs)_MeCN,4,kobs_MeCN|Ster_L|Ar_I_C=O|Occupancy_C1-O,0.9396667547723132,0.878394419048054,0.13247734995127702,LOOCV,ln(kobs)_MeCN = -101.68 + 3.78*kobs_MeCN + 0.04*Ster_L + 0.00*Ar_I_C=O + 49.54*Occupancy_C1-O
indigo_aryl_alkyl,ln(kobs)_MeCN,4,ln(kobs)_toluene|Ar_NBO_C1_x|Ar_I_C=O|Ster_B1,0.9441894630085529,0.8783747695962734,0.12741524381700914,LOOCV,ln(kobs)_MeCN = -5.38 + 1.00*ln(kobs)_toluene + 7.67*Ar_NBO_C1_x + 0.00*Ar_I_C=O - 0.22*Ster_B1
indigo_aryl_alkyl,ln(kobs)_MeCN,5,ln(kobs)_toluene|Ar_v_C=O|Ar_NBO_-O|Ar_I_C=O|Ster_B1,0.9514836833366788,0.8782137463583554,0.11879747228205667,LOOCV,ln(kobs)_MeCN = -18.56 + 0.98*ln(kobs)_toluene + 0.00*Ar_v_C=O - 23.21*Ar_NBO_-O + 0.00*Ar_I_C=O - 0.18*Ster_B1
indigo_aryl_alkyl,ln(kobs)_MeCN,5,ln(kobs)_toluene|Ar_NBO_=O|HOMO|Entry|Ster_B1,0.9559294881764836,0.8781756928624755,0.11322369823675389,LOOCV,ln(kobs)_MeCN = -1.58 + 0.95*ln(kobs)_toluene - 6.60*Ar_NBO_=O + 3.89*HOMO - 0.01*Entry - 0.17*Ster_B1
indigo_aryl_alkyl,ln(kobs)_MeCN,4,kobs_MeCN|kobs_toluene|Ar_NBO_=O|Occupancy_C1-O,0.9472047645655438,0.8781715335269812,0.1239254927677343,LOOCV,ln(kobs)_MeCN = -122.30 + 3.26*kobs_MeCN + 0.42*kobs_toluene - 14.77*Ar_NBO_=O + 55.69*Occupancy_C1-O
indigo_aryl_alkyl,ln(kobs)_MeCN,4,kobs_MeCN|Ster_L|Ar_I_C=O|Energy_C1-O,0.9417243100690973,0.8781691014340735,0.1301988058336285,LOOCV,ln(kobs)_MeCN = -2.22 + 3.76*kobs_MeCN + 0.04*Ster_L + 0.00*Ar_I_C=O + 0.65*Energy_C1-O
indigo_aryl_alkyl,ln(kobs)_MeCN,4,kobs_MeCN|kobs_toluene|Ar_NBO_C1_x|Ster_L,0.9381313004723206,0.8781480687106064,0.1341525037964968,LOOCV,ln(kobs)_MeCN = 0.46 + 4.39*kobs_MeCN - 1.52*kobs_toluene - 4.06*Ar_NBO_C1_x + 0.04*Ster_L
indigo_aryl_alkyl,ln(kobs)_MeCN,5,ln(kobs)_toluene|HOMO|Ar_v_C=O|Ster_B1|Ster_B5,0.9574791336641378,0.8781170686303429,0.11121524969226768,LOOCV,ln(kobs)_MeCN = 0.41 + 0.89*ln(kobs)_toluene + 7.90*HOMO + 0.00*Ar_v_C=O - 0.09*Ster_B1 - 0.05*Ster_B5
indigo_aryl_alkyl,ln(kobs)_MeCN,4,ln(kobs)_toluene|Ar_I_C=O|L_C1-C2|Ster_B5,0.9351208239920584,0.8780230064562904,0.13737760849088762,LOOCV,ln(kobs)_MeCN = 5.93 + 1.01*ln(kobs)_toluene + 0.00*Ar_I_C=O - 3.65*L_C1-C2 - 0.02*Ster_B5
indigo_aryl_alkyl,ln(kobs)_MeCN,4,ln(kobs)_toluene|kobs_toluene|LUMO|Ster_B5,0.9394870730027558,0.8778828112398637,0.132674472351132,LOOCV,ln(kobs)_MeCN = 2.17 + 1.28*ln(kobs)_toluene - 3.31*kobs_toluene + 5.37*LUMO - 0.01*Ster_B5
indigo_aryl_alkyl,ln(kobs)_MeCN,4,ln(kobs)_toluene|kobs_toluene|Ar_NBO_-O|Ar_I_C=O,0.9474464120169039,0.8778616829908382,0.12364155971550403,LOOCV,ln(kobs)_MeCN = -14.70 + 1.11*ln(kobs)_toluene - 1.89*kobs_toluene - 22.49*Ar_NBO_-O + 0.00*Ar_I_C=O
indigo_aryl_alkyl,ln(kobs)_MeCN,5,kobs_MeCN|ln(kobs)_toluene|Ar_NBO_C1_x|polarizability|Occupancy_C1-O,0.9567113279157757,0.8778598840040179,0.11221487263216733,LOOCV,ln(kobs)_MeCN = -51.77 + 2.31*kobs_MeCN + 0.46*ln(kobs)_toluene + 1.85*Ar_NBO_C1_x + 0.00*polarizability + 24.71*Occupancy_C1-O
indigo_aryl_alkyl,ln(kobs)_MeCN,4,kobs_MeCN|Ster_L|Entry|polarizability,0.9394906466686241,0.877858687062433,0.132670554665628,LOOCV,ln(kobs)_MeCN = -2.75 + 3.70*kobs_MeCN + 0.03*Ster_L + 0.01*Entry - 0.00*polarizability
indigo_aryl_alkyl,ln(kobs)_MeCN,5,ln(kobs)_toluene|Ar_NBO_=O|Ar_NBO_-O|Ster_L|Ar_I_C=O,0.9527703008873114,0.8778457782715218,0.11721167667484786,LOOCV,ln(kobs)_MeCN = -16.42 + 0.94*ln(kobs)_toluene - 6.79*Ar_NBO_=O - 18.77*Ar_NBO_-O - 0.03*Ster_L + 0.00*Ar_I_C=O
indigo_aryl_alkyl,ln(kobs)_MeCN,5,ln(kobs)_toluene|HOMO|Ster_B1|Occupancy_C1-O|Energy_C1-O,0.9668326610212994,0.8777925080764795,0.09822422338386755,LOOCV,ln(kobs)_MeCN = -103.47 + 0.93*ln(kobs)_toluene + 5.60*HOMO + 0.38*Ster_B1 + 54.13*Occupancy_C1-O + 2.50*Energy_C1-O
indigo_aryl_alkyl,ln(kobs)_MeCN,4,kobs_MeCN|LUMO|Entry|polarizability,0.9391708413751567,0.8777845310193877,0.13302068922892066,LOOCV,ln(kobs)_MeCN = -2.49 + 3.64*kobs_MeCN + 2.00*LUMO + 0.00*Entry + 0.00*polarizability
indigo_aryl_alkyl,ln(kobs)_MeCN,3,kobs_MeCN|kobs_toluene|LUMO,0.9306127395413328,0.8777697079161663,0.1420702548620043,LOOCV,ln(kobs)_MeCN = -2.37 + 3.86*kobs_MeCN - 0.18*kobs_toluene + 2.23*LUMO
indigo_aryl_alkyl,ln(kobs)_MeCN,5,ln(kobs)_toluene|Ar_NBO_=O|Ar_I_C=O|Ster_B5|Energy_C1-O,0.9554404661287111,0.8777489679714453,0.11385015037682959,LOOCV,ln(kobs)_MeCN = -4.43 + 0.95*ln(kobs)_toluene - 9.64*Ar_NBO_=O + 0.00*Ar_I_C=O - 0.01*Ster_B5 + 0.81*Energy_C1-O
indigo_aryl_alkyl,ln(kobs)_MeCN,4,ln(kobs)_toluene|Entry|Ster_B1|Ster_B5,0.9293723764546279,0.8777458478059077,0.14333445048487076,LOOCV,ln(kobs)_MeCN = 1.69 + 1.13*ln(kobs)_toluene - 0.01*Entry - 0.24*Ster_B1 + 0.01*Ster_B5
indigo_aryl_alkyl,ln(kobs)_MeCN,4,kobs_MeCN|Ar_v_C=O|Ar_I_C=O|Occupancy_C1-O,0.9384166715127866,0.8777449773705703,0.1338427551868925,LOOCV,ln(kobs)_MeCN = -30.95 + 3.62*kobs_MeCN - 0.01*Ar_v_C=O - 0.00*Ar_I_C=O + 27.50*Occupancy_C1-O
indigo_aryl_alkyl,ln(kobs)_MeCN,4,ln(kobs)_toluene|Ar_v_C=O|LUMO|Ar_I_C=O,0.9369244874065188,0.8777346851822152,0.13545457666050686,LOOCV,ln(kobs)_MeCN = 13.34 + 0.92*ln(kobs)_toluene - 0.01*Ar_v_C=O + 2.67*LUMO + 0.00*Ar_I_C=O
indigo_aryl_alkyl,ln(kobs)_MeCN,4,ln(kobs)_toluene|Ar_NBO_=O|Ar_NBO_C1_x|Ster_B1,0.9465858897366515,0.8776819487072519,0.1246497145568989,LOOCV,ln(kobs)_MeCN = -9.98 + 0.91*ln(kobs)_toluene - 13.43*Ar_NBO_=O + 3.66*Ar_NBO_C1_x - 0.18*Ster_B1
indigo_aryl_alkyl,ln(kobs)_MeCN,5,kobs_MeCN|ln(kobs)_toluene|Entry|polarizability|Occupancy_C1-O,0.95655393475146,0.8776668246383517,0.11241868841104465,LOOCV,ln(kobs)_MeCN = -44.98 + 2.31*kobs_MeCN + 0.48*ln(kobs)_toluene - 0.00*Entry + 0.00*polarizability + 22.07*Occupancy_C1-O
indigo_aryl_alkyl,ln(kobs)_MeCN,4,kobs_MeCN|Entry|polarizability|Ster_B5,0.9368989242149109,0.8776097629877887,0.13548202233943155,LOOCV,ln(kobs)_MeCN = -2.61 + 3.79*kobs_MeCN + 0.01*Entry + 0.00*polarizability + 0.00*Ster_B5
indigo_aryl_alkyl,ln(kobs)_MeCN,5,kobs_MeCN|ln(kobs)_toluene|HOMO|Ar_I_C=O|Ster_B1,0.9671547682262568,0.8776074277885332,0.09774610361590824,LOOCV,ln(kobs)_MeCN = 0.40 + 1.74*kobs_MeCN + 0.55*ln(kobs)_toluene + 2.84*HOMO + 0.00*Ar_I_C=O - 0.12*Ster_B1
indigo_aryl_alkyl,ln(kobs)_MeCN,5,ln(kobs)_toluene|Ar_NBO_-O|LUMO|Ster_B1|Occupancy_C1-O,0.954290110220771,0.877582917921403,0.11531037275671079,LOOCV,ln(kobs)_MeCN = -142.73 + 0.97*ln(kobs)_toluene - 29.75*Ar_NBO_-O + 0.90*LUMO - 0.19*Ster_B1 + 61.74*Occupancy_C1-O
indigo_aryl_alkyl,ln(kobs)_MeCN,4,ln(kobs)_toluene|kobs_toluene|LUMO|Occupancy_C1-O,0.9394997990827361,0.877490898053356,0.13266052066502068,LOOCV,ln(kobs)_MeCN = 38.65 + 1.27*ln(kobs)_toluene - 3.39*kobs_toluene + 5.57*LUMO - 18.31*Occupancy_C1-O
indigo_aryl_alkyl,ln(kobs)_MeCN,4,ln(kobs)_toluene|HOMO|Entry|Ster_B1,0.9531450198219826,0.8774461459268768,0.11674577385758474,LOOCV,ln(kobs)_MeCN = 2.97 + 0.99*ln(kobs)_toluene + 5.32*HOMO - 0.01*Entry - 0.18*Ster_B1
indigo_aryl_alkyl,ln(kobs)_MeCN,4,ln(kobs)_toluene|Ar_v_C=O|Ster_B5|Occupancy_C1-O,0.9318743349391202,0.8774078101692937,0.14077277329732313,LOOCV,ln(kobs)_MeCN = -16.56 + 0.94*ln(kobs)_toluene - 0.02*Ar_v_C=O - 0.01*Ster_B5 + 24.88*Occupancy_C1-O
indigo_aryl_alkyl,ln(kobs)_MeCN,4,ln(kobs)_toluene|Ar_NBO_=O|Ar_I_C=O|Occupancy_C1-O,0.9454511051212275,0.8773687178304879,0.12596684942233122,LOOCV,ln(kobs)_MeCN = -102.06 + 0.87*ln(kobs)_toluene - 14.76*Ar_NBO_=O + 0.00*Ar_I_C=O + 46.92*Occupancy_C1-O
indigo_aryl_alkyl,ln(kobs)_MeCN,5,ln(kobs)_toluene|kobs_toluene|Ar_NBO_=O|Ar_NBO_-O|Ster_L,0.9520146649453917,0.8773106577413272,0.11814560071249772,LOOCV,ln(kobs)_MeCN = -15.75 + 1.10*ln(kobs)_toluene - 1.60*kobs_toluene - 9.63*Ar_NBO_=O - 16.52*Ar_NBO_-O - 0.04*Ster_L
indigo_aryl_alkyl,ln(kobs)_MeCN,4,kobs_MeCN|LUMO|Ar_NBO_C1_x|Ar_I_C=O,0.934420169161464,0.8772843111590694,0.1381174129482186,LOOCV,ln(kobs)_MeCN = -8.73 + 3.46*kobs_MeCN + 3.71*LUMO + 7.99*Ar_NBO_C1_x + 0.00*Ar_I_C=O
indigo_aryl_alkyl,ln(kobs)_MeCN,5,ln(kobs)_toluene|HOMO|Entry|Ar_I_C=O|Ster_B1,0.9594660119515003,0.877246034165726,0.1085857803074755,LOOCV,ln(kobs)_MeCN = 2.13 + 1.02*ln(kobs)_toluene + 3.59*HOMO - 0.01*Entry + 0.00*Ar_I_C=O - 0.18*Ster_B1
indigo_aryl_alkyl,ln(kobs)_MeCN,4,kobs_MeCN|Ar_v_C=O|LUMO|Energy_C1-O,0.9376102415169216,0.8772435408132142,0.1347162363705567,LOOCV,ln(kobs)_MeCN = 21.55 + 3.61*kobs_MeCN - 0.01*Ar_v_C=O + 0.10*LUMO + 0.17*Energy_C1-O
indigo_aryl_alkyl,ln(kobs)_MeCN,4,kobs_MeCN|kobs_toluene|Entry|polarizability,0.9407914752913407,0.8772232827974554,0.13123673253293178,LOOCV,ln(kobs)_MeCN = -2.63 + 4.46*kobs_MeCN - 2.03*kobs_toluene + 0.01*Entry + 0.00*polarizability
indigo_aryl_alkyl,ln(kobs)_MeCN,5,ln(kobs)_toluene|Ar_NBO_-O|Ster_B1|Ster_B5|Occupancy_C1-O,0.9539980118393395,0.8771723902626039,0.1156782180463604,LOOCV,ln(kobs)_MeCN = -158.82 + 0.98*ln(kobs)_toluene - 32.67*Ar_NBO_-O - 0.20*Ster_B1 + 0.00*Ster_B5 + 68.77*Occupancy_C1-O
indigo_aryl_alkyl,ln(kobs)_MeCN,4,ln(kobs)_toluene|Ar_NBO_-O|LUMO|polarizability,0.9462583285527967,0.8771494879360539,0.1250313365769695,LOOCV,ln(kobs)_MeCN = -17.75 + 0.93*ln(kobs)_toluene - 26.60*Ar_NBO_-O + 1.78*LUMO - 0.00*polarizability
indigo_aryl_alkyl,ln(kobs)_MeCN,4,kobs_MeCN|Ar_v_C=O|LUMO|Ar_I_C=O,0.9371954708228619,0.8771409115581551,0.13516329521758308,LOOCV,ln(kobs)_MeCN = 22.16 + 3.59*kobs_MeCN - 0.01*Ar_v_C=O + 0.23*LUMO - 0.00*Ar_I_C=O
indigo_aryl_alkyl,ln(kobs)_MeCN,5,kobs_MeCN|ln(kobs)_toluene|Ar_NBO_C1_x|polarizability|Energy_C1-O,0.9722037038872681,0.8771251579869703,0.0899200943257699,LOOCV,ln(kobs)_MeCN = 1.98 + 2.12*kobs_MeCN + 0.53*ln(kobs)_toluene - 1.91*Ar_NBO_C1_x + 0.00*polarizability + 1.30*Energy_C1-O
indigo_aryl_alkyl,ln(kobs)_MeCN,4,ln(kobs)_toluene|HOMO|Ar_NBO_-O|Ster_B1,0.9542904977977097,0.8770983186437722,0.11530988389383863,LOOCV,ln(kobs)_MeCN = -11.75 + 0.91*ln(kobs)_toluene + 3.06*HOMO - 19.56*Ar_NBO_-O - 0.17*Ster_B1
indigo_aryl_alkyl,ln(kobs)_MeCN,4,kobs_MeCN|Ar_NBO_C1_x|Ster_L|Energy_C1-O,0.9434476343879615,0.8770767028853449,0.12825924444072706,LOOCV,ln(kobs)_MeCN = 2.43 + 3.89*kobs_MeCN - 5.62*Ar_NBO_C1_x + 0.05*Ster_L + 0.79*Energy_C1-O
indigo_aryl_alkyl,ln(kobs)_MeCN,5,ln(kobs)_toluene|Ar_NBO_-O|Ster_L|L_C1-C2|Occupancy_C1-O,0.9516559005195682,0.8770728689985026,0.11858643859909192,LOOCV,ln(kobs)_MeCN = -130.56 + 0.96*ln(kobs)_toluene - 40.35*Ar_NBO_-O - 0.03*Ster_L + 2.89*L_C1-C2 + 49.68*Occupancy_C1-O
indigo_aryl_alkyl,ln(kobs)_MeCN,3,ln(kobs)_toluene|Ar_I_C=O|Ster_B1,0.9390276509396877,0.877052075706174,0.13317716101647015,LOOCV,ln(kobs)_MeCN = 0.98 + 1.05*ln(kobs)_toluene + 0.00*Ar_I_C=O - 0.23*Ster_B1
indigo_aryl_alkyl,ln(kobs)_MeCN,4,ln(kobs)_toluene|Ster_L|Entry|Ster_B1,0.9292024290248058,0.8770397950636589,0.14350679583798537,LOOCV,ln(kobs)_MeCN = 1.64 + 1.12*ln(kobs)_toluene + 0.01*Ster_L - 0.01*Entry - 0.25*Ster_B1
indigo_aryl_alkyl,ln(kobs)_MeCN,4,ln(kobs)_toluene|Ar_NBO_-O|Ar_I_C=O|L_C1-C2,0.9448017802699314,0.8770078819959,0.12671435710545453,LOOCV,ln(kobs)_MeCN = -17.12 + 0.92*ln(kobs)_toluene - 24.95*Ar_NBO_-O + 0.00*Ar_I_C=O + 0.05*L_C1-C2
indigo_aryl_alkyl,ln(kobs)_MeCN,5,kobs_MeCN|Ar_NBO_=O|Ar_v_C=O|Entry|Occupancy_C1-O,0.9515953681072841,0.8769781673184581,0.11866065735228358,LOOCV,ln(kobs)_MeCN = -139.92 + 3.36*kobs_MeCN - 19.87*Ar_NBO_=O + 0.01*Ar_v_C=O + 0.01*Entry + 53.49*Occupancy_C1-O
indigo_aryl_alkyl,ln(kobs)_MeCN,4,ln(kobs)_toluene|kobs_toluene|HOMO|Occupancy_C1-O,0.9409960246259955,0.8769356482341744,0.13100984281053568,LOOCV,ln(kobs)_MeCN = 3.85 + 1.15*ln(kobs)_toluene - 2.50*kobs_toluene + 4.87*HOMO - 0.41*Occupancy_C1-O
indigo_aryl_alkyl,ln(kobs)_MeCN,5,ln(kobs)_toluene|Ar_NBO_=O|Ar_NBO_-O|Ster_B1|Occupancy_C1-O,0.9542572509303805,0.8769306141157664,0.11535181167001188,LOOCV,ln(kobs)_MeCN = -156.94 + 0.97*ln(kobs)_toluene - 3.78*Ar_NBO_=O - 26.25*Ar_NBO_-O - 0.19*Ster_B1 + 68.93*Occupancy_C1-O
indigo_aryl_alkyl,ln(kobs)_MeCN,4,kobs_MeCN|HOMO|Entry|L_C1-C2,0.9406529987637776,0.8769287715984783,0.13139011073025395,LOOCV,ln(kobs)_MeCN = -3.21 + 3.52*kobs_MeCN + 3.18*HOMO + 0.00*Entry + 1.18*L_C1-C2
indigo_aryl_alkyl,ln(kobs)_MeCN,5,ln(kobs)_toluene|LUMO|Ar_NBO_C1_x|Ar_I_C=O|L_C1-C2,0.9556433142273237,0.8768952300236181,0.11359071510549479,LOOCV,ln(kobs)_MeCN = 0.44 + 0.80*ln(kobs)_toluene + 4.98*LUMO + 18.64*Ar_NBO_C1_x + 0.00*Ar_I_C=O - 10.11*L_C1-C2
indigo_aryl_alkyl,ln(kobs)_MeCN,4,kobs_MeCN|Entry|Ster_B5|Occupancy_C1-O,0.9359907309267415,0.8768840329065121,0.13645351360895325,LOOCV,ln(kobs)_MeCN = -13.01 + 3.84*kobs_MeCN + 0.01*Entry + 0.02*Ster_B5 + 5.22*Occupancy_C1-O
indigo_aryl_alkyl,ln(kobs)_MeCN,4,kobs_MeCN|Ar_NBO_-O|LUMO|Ster_B1,0.9364858183162195,0.876858923968818,0.135924781182659,LOOCV,ln(kobs)_MeCN = -13.62 + 3.60*kobs_MeCN - 15.86*Ar_NBO_-O + 0.74*LUMO + 0.06*Ster_B1
indigo_aryl_alkyl,ln(kobs)_MeCN,4,ln(kobs)_toluene|Ar_NBO_=O|LUMO|Occupancy_C1-O,0.9435453294620362,0.876853054746382,0.12814841165327787,LOOCV,ln(kobs)_MeCN = -83.87 + 0.86*ln(kobs)_toluene - 14.63*Ar_NBO_=O + 1.64*LUMO + 37.98*Occupancy_C1-O
indigo_aryl_alkyl,ln(kobs)_MeCN,4,kobs_MeCN|Ar_v_C=O|Entry|Energy_C1-O,0.9413117291270167,0.8768476519893047,0.13065888450091775,LOOCV,ln(kobs)_MeCN = 16.44 + 3.60*kobs_MeCN - 0.01*Ar_v_C=O + 0.01*Entry + 0.34*Energy_C1-O
indigo_aryl_alkyl,ln(kobs)_MeCN,5,kobs_MeCN|ln(kobs)_toluene|Ar_NBO_=O|L_C1-C2|Occupancy_C1-O,0.9704587852432395,0.8767652520003895,0.09269951542905663,LOOCV,ln(kobs)_MeCN = -116.58 + 1.93*kobs_MeCN + 0.44*ln(kobs)_toluene - 13.30*Ar_NBO_=O + 1.12*L_C1-C2 + 53.16*Occupancy_C1-O
indigo_aryl_alkyl,ln(kobs)_MeCN,3,kobs_MeCN|polarizability|L_C1-C2,0.935749812489899,0.8767638954137915,0.1367100646738192,LOOCV,ln(kobs)_MeCN = 3.35 + 3.80*kobs_MeCN + 0.00*polarizability - 4.00*L_C1-C2
indigo_aryl_alkyl,ln(kobs)_MeCN,3,ln(kobs)_toluene|Ar_I_C=O|L_C1-C2,0.9307421975871822,0.8766755253328637,0.1419376604624051,LOOCV,ln(kobs)_MeCN = 9.73 + 0.99*ln(kobs)_toluene + 0.00*Ar_I_C=O - 6.20*L_C1-C2
indigo_aryl_alkyl,ln(kobs)_MeCN,5,ln(kobs)_toluene|kobs_toluene|Ar_NBO_=O|HOMO|Ar_NBO_-O,0.9519610392159863,0.876535960718021,0.11821159873986349,LOOCV,ln(kobs)_MeCN = -15.15 + 1.06*ln(kobs)_toluene - 1.75*kobs_toluene + 8.72*Ar_NBO_=O + 4.12*HOMO - 32.69*Ar_NBO_-O
indigo_aryl_alkyl,ln(kobs)_MeCN,4,kobs_MeCN|kobs_toluene|LUMO|Ar_NBO_C1_x,0.9340894285588359,0.8763753969469115,0.13846526063612036,LOOCV,ln(kobs)_MeCN = -8.52 + 3.43*kobs_MeCN + 0.13*kobs_toluene + 4.00*LUMO + 7.84*Ar_NBO_C1_x
indigo_aryl_alkyl,ln(kobs)_MeCN,5,ln(kobs)_toluene|Ar_NBO_-O|Entry|Occupancy_C1-O|Energy_C1-O,0.961726987181361,0.8762643230899214,0.10551388511776383,LOOCV,ln(kobs)_MeCN = -193.21 + 1.03*ln(kobs)_toluene - 30.25*Ar_NBO_-O - 0.00*Entry + 87.26*Occupancy_C1-O + 0.90*Energy_C1-O
indigo_aryl_alkyl,ln(kobs)_MeCN,4,kobs_MeCN|Ster_L|Ster_B5|Occupancy_C1-O,0.9392225791927409,0.8762220172443081,0.13296410728422173,LOOCV,ln(kobs)_MeCN = -86.72 + 3.83*kobs_MeCN + 0.03*Ster_L + 0.01*Ster_B5 + 42.09*Occupancy_C1-O
indigo_aryl_alkyl,ln(kobs)_MeCN,4,kobs_MeCN|Ar_v_C=O|Ar_NBO_-O|LUMO,0.9380552386726841,0.876200973503247,0.13423494246652376,LOOCV,ln(kobs)_MeCN = 10.02 + 3.57*kobs_MeCN - 0.01*Ar_v_C=O - 7.77*Ar_NBO_-O - 0.07*LUMO
indigo_aryl_alkyl,ln(kobs)_MeCN,4,kobs_MeCN|Ar_NBO_-O|LUMO|Ar_NBO_C1_x,0.9363924138386853,0.8761931424936434,0.13602469051439084,LOOCV,ln(kobs)_MeCN = -13.93 + 3.51*kobs_MeCN - 11.61*Ar_NBO_-O + 2.09*LUMO + 4.34*Ar_NBO_C1_x
indigo_aryl_alkyl,ln(kobs)_MeCN,4,ln(kobs)_toluene|LUMO|Ar_I_C=O|polarizability,0.9377149309289865,0.8761924575981225,0.13460316264483455,LOOCV,ln(kobs)_MeCN = 0.66 + 0.98*ln(kobs)_toluene + 3.03*LUMO + 0.00*Ar_I_C=O - 0.00*polarizability
indigo_aryl_alkyl,ln(kobs)_MeCN,5,kobs_MeCN|Ar_NBO_=O|Ster_L|Entry|Occupancy_C1-O,0.9523494554548422,0.8761886057295616,0.11773273229143207,LOOCV,ln(kobs)_MeCN = -127.09 + 3.36*kobs_MeCN - 11.77*Ar_NBO_=O + 0.02*Ster_L + 0.00*Entry + 58.90*Occupancy_C1-O
indigo_aryl_alkyl,ln(kobs)_MeCN,5,ln(kobs)_toluene|Ar_NBO_=O|LUMO|polarizability|Occupancy_C1-O,0.9527213812830111,0.8761731349765307,0.11727236375247355,LOOCV,ln(kobs)_MeCN = -133.30 + 0.89*ln(kobs)_toluene - 22.34*Ar_NBO_=O - 0.56*LUMO - 0.00*polarizability + 60.51*Occupancy_C1-O
indigo_aryl_alkyl,ln(kobs)_MeCN,4,kobs_MeCN|ln(kobs)_toluene|Ar_NBO_=O|L_C1-C2,0.9664996313977048,0.8761640526484262,0.09871612103805033,LOOCV,ln(kobs)_MeCN = -5.81 + 1.91*kobs_MeCN + 0.46*ln(kobs)_toluene - 10.16*Ar_NBO_=O - 0.80*L_C1-C2
indigo_aryl_alkyl,ln(kobs)_MeCN,4,ln(kobs)_toluene|Ar_v_C=O|Ar_NBO_-O|Ster_B5,0.9410995441677616,0.8761360468758373,0.1308948672302395,LOOCV,ln(kobs)_MeCN = -13.41 + 0.92*ln(kobs)_toluene - 0.00*Ar_v_C=O - 26.72*Ar_NBO_-O - 0.00*Ster_B5
indigo_aryl_alkyl,ln(kobs)_MeCN,4,ln(kobs)_toluene|kobs_toluene|Ar_NBO_=O|polarizability,0.9493015902624986,0.8761249009101119,0.12143963619689749,LOOCV,ln(kobs)_MeCN = -9.53 + 1.03*ln(kobs)_toluene - 1.33*kobs_toluene - 17.95*Ar_NBO_=O - 0.00*polarizability
indigo_aryl_alkyl,ln(kobs)_MeCN,4,kobs_MeCN|Ar_NBO_-O|polarizability|Occupancy_C1-O,0.9432734484740821,0.876057694096183,0.12845661706091555,LOOCV,ln(kobs)_MeCN = -118.85 + 3.64*kobs_MeCN - 18.75*Ar_NBO_-O + 0.00*polarizability + 51.75*Occupancy_C1-O
indigo_aryl_alkyl,ln(kobs)_MeCN,5,ln(kobs)_toluene|kobs_toluene|Ar_NBO_-O|LUMO|Ar_NBO_C1_x,0.9543910501807996,0.8759052024505762,0.11518298394285209,LOOCV,ln(kobs)_MeCN = -13.81 + 1.09*ln(kobs)_toluene - 2.65*kobs_toluene - 8.37*Ar_NBO_-O + 6.56*LUMO + 11.95*Ar_NBO_C1_x
indigo_aryl_alkyl,ln(kobs)_MeCN,4,ln(kobs)_toluene|kobs_toluene|Ar_I_C=O|Ster_B5,0.9411086686350685,0.8759016943608083,0.13088472815594532,LOOCV,ln(kobs)_MeCN = 1.43 + 1.31*ln(kobs)_toluene - 2.96*kobs_toluene + 0.00*Ar_I_C=O - 0.03*Ster_B5
indigo_aryl_alkyl,ln(kobs)_MeCN,4,ln(kobs)_toluene|kobs_toluene|LUMO|Ar_I_C=O,0.9438806760162496,0.8758835834362143,0.12776723737840787,LOOCV,ln(kobs)_MeCN = 1.76 + 1.27*ln(kobs)_toluene - 3.34*kobs_toluene + 4.13*LUMO + 0.00*Ar_I_C=O
indigo_aryl_alkyl,ln(kobs)_MeCN,5,ln(kobs)_toluene|kobs_toluene|Ar_NBO_=O|Ar_I_C=O|polarizability,0.9560019451518742,0.8758720698466764,0.11313058357608592,LOOCV,ln(kobs)_MeCN = -7.71 + 1.08*ln(kobs)_toluene - 1.74*kobs_toluene - 14.63*Ar_NBO_=O + 0.00*Ar_I_C=O - 0.00*polarizability
indigo_aryl_alkyl,ln(kobs)_MeCN,4,ln(kobs)_toluene|kobs_toluene|Ar_v_C=O|Entry,0.9416648016893593,0.8758293571201501,0.13026526530450747,LOOCV,ln(kobs)_MeCN = 35.79 + 1.21*ln(kobs)_toluene - 2.42*kobs_toluene - 0.02*Ar_v_C=O - 0.01*Entry
indigo_aryl_alkyl,ln(kobs)_MeCN,5,kobs_MeCN|ln(kobs)_toluene|polarizability|L_C1-C2|Occupancy_C1-O,0.9595301986078435,0.8757692253469043,0.10849977199831874,LOOCV,ln(kobs)_MeCN = -29.36 + 2.18*kobs_MeCN + 0.49*ln(kobs)_toluene + 0.00*polarizability - 5.92*L_C1-C2 + 18.66*Occupancy_C1-O
indigo_aryl_alkyl,ln(kobs)_MeCN,4,kobs_MeCN|Ar_v_C=O|L_C1-C2|Ster_B1,0.9454704461313342,0.8757686033965566,0.12594451586168662,LOOCV,ln(kobs)_MeCN = 30.90 + 3.27*kobs_MeCN - 0.03*Ar_v_C=O + 17.46*L_C1-C2 + 0.03*Ster_B1
indigo_aryl_alkyl,ln(kobs)_MeCN,5,ln(kobs)_toluene|Ar_NBO_-O|Ster_L|Ster_B1|Ster_B5,0.9515623884765865,0.8757593243303781,0.11870107412804594,LOOCV,ln(kobs)_MeCN = -22.42 + 0.97*ln(kobs)_toluene - 33.74*Ar_NBO_-O - 0.03*Ster_L - 0.09*Ster_B1 + 0.01*Ster_B5
indigo_aryl_alkyl,ln(kobs)_MeCN,4,kobs_MeCN|Ar_v_C=O|Ster_L|Ster_B1,0.9428462713516066,0.8757260474944034,0.12893937872709707,LOOCV,ln(kobs)_MeCN = 17.61 + 3.53*kobs_MeCN - 0.01*Ar_v_C=O + 0.03*Ster_L - 0.06*Ster_B1
indigo_aryl_alkyl,ln(kobs)_MeCN,4,kobs_MeCN|Ar_NBO_-O|L_C1-C2|Occupancy_C1-O,0.9397125490218485,0.8756716665422312,0.13242706380783145,LOOCV,ln(kobs)_MeCN = -140.38 + 3.68*kobs_MeCN - 24.92*Ar_NBO_-O + 3.32*L_C1-C2 + 57.95*Occupancy_C1-O
indigo_aryl_alkyl,ln(kobs)_MeCN,4,ln(kobs)_toluene|Ster_L|Ar_I_C=O|polarizability,0.9332912891813993,0.8756488864097103,0.13930110546279095,LOOCV,ln(kobs)_MeCN = 0.42 + 1.02*ln(kobs)_toluene + 0.01*Ster_L + 0.00*Ar_I_C=O - 0.00*polarizability
indigo_aryl_alkyl,ln(kobs)_MeCN,4,kobs_MeCN|Ar_NBO_C1_x|Ster_L|L_C1-C2,0.9381306689306379,0.87563874924665,0.13415318849394822,LOOCV,ln(kobs)_MeCN = 5.46 + 3.66*kobs_MeCN + 2.24*Ar_NBO_C1_x + 0.03*Ster_L - 6.70*L_C1-C2
indigo_aryl_alkyl,ln(kobs)_MeCN,5,kobs_MeCN|ln(kobs)_toluene|Entry|Ster_B1|Occupancy_C1-O,0.9594426247229478,0.8756305949754456,0.1086171016056932,LOOCV,ln(kobs)_MeCN = -52.68 + 2.07*kobs_MeCN + 0.58*ln(kobs)_toluene - 0.00*Entry - 0.13*Ster_B1 + 26.22*Occupancy_C1-O
indigo_aryl_alkyl,ln(kobs)_MeCN,5,ln(kobs)_toluene|HOMO|Ar_NBO_-O|Ar_NBO_C1_x|Ster_B1,0.9571634167404897,0.8756033598427297,0.11162737205511065,LOOCV,ln(kobs)_MeCN = -14.46 + 0.87*ln(kobs)_toluene + 3.70*HOMO - 16.80*Ar_NBO_-O + 5.90*Ar_NBO_C1_x - 0.17*Ster_B1
indigo_aryl_alkyl,ln(kobs)_MeCN,4,ln(kobs)_toluene|Ar_v_C=O|Ar_I_C=O|polarizability,0.9400587057968554,0.875574114418435,0.13204633352621833,LOOCV,ln(kobs)_MeCN = 23.86 + 0.96*ln(kobs)_toluene - 0.01*Ar_v_C=O + 0.00*Ar_I_C=O - 0.00*polarizability
indigo_aryl_alkyl,ln(kobs)_MeCN,5,ln(kobs)_toluene|HOMO|Ar_NBO_-O|Ster_L|Ster_B1,0.9591496584568634,0.875544699624595,0.10900869361656931,LOOCV,ln(kobs)_MeCN = -14.93 + 0.91*ln(kobs)_toluene + 3.61*HOMO - 24.45*Ar_NBO_-O - 0.03*Ster_L - 0.06*Ster_B1
indigo_aryl_alkyl,ln(kobs)_MeCN,5,ln(kobs)_toluene|Ar_NBO_-O|L_C1-C2|Ster_B1|Occupancy_C1-O,0.9539719674654129,0.8755229561013073,0.11571095946235016,LOOCV,ln(kobs)_MeCN = -157.44 + 0.98*ln(kobs)_toluene - 32.13*Ar_NBO_-O - 0.43*L_C1-C2 - 0.19*Ster_B1 + 68.59*Occupancy_C1-O
indigo_aryl_alkyl,ln(kobs)_MeCN,4,ln(kobs)_toluene|LUMO|Ar_I_C=O|Occupancy_C1-O,0.9352834947674364,0.8754561840503329,0.1372052777921193,LOOCV,ln(kobs)_MeCN = 8.35 + 0.94*ln(kobs)_toluene + 3.65*LUMO + 0.00*Ar_I_C=O - 3.88*Occupancy_C1-O
indigo_aryl_alkyl,ln(kobs)_MeCN,5,kobs_MeCN|Ar_NBO_-O|Entry|Ster_B1|Energy_C1-O,0.9510094909694548,0.875412332190497,0.11937661636701719,LOOCV,ln(kobs)_MeCN = -8.93 + 3.54*kobs_MeCN - 10.66*Ar_NBO_-O + 0.01*Entry + 0.42*Ster_B1 + 1.71*Energy_C1-O
indigo_aryl_alkyl,ln(kobs)_MeCN,4,ln(kobs)_toluene|Ar_v_C=O|polarizability|Ster_B5,0.9331408714231431,0.8753644825626644,0.1394580681847959,LOOCV,ln(kobs)_MeCN = 34.79 + 0.94*ln(kobs)_toluene - 0.02*Ar_v_C=O - 0.00*polarizability + 0.01*Ster_B5
indigo_aryl_alkyl,ln(kobs)_MeCN,5,ln(kobs)_toluene|Ar_NBO_=O|LUMO|Ar_NBO_C1_x|polarizability,0.9533578430544813,0.8753445676594668,0.116480332584737,LOOCV,ln(kobs)_MeCN = -14.14 + 0.82*ln(kobs)_toluene - 12.07*Ar_NBO_=O + 3.86*LUMO + 9.51*Ar_NBO_C1_x - 0.00*polarizability
indigo_aryl_alkyl,ln(kobs)_MeCN,4,kobs_MeCN|Ar_NBO_C1_x|Entry|Occupancy_C1-O,0.9369281112246368,0.8753369569283,0.13545068553240214,LOOCV,ln(kobs)_MeCN = -54.83 + 3.67*kobs_MeCN + 7.04*Ar_NBO_C1_x + 0.01*Entry + 23.38*Occupancy_C1-O
indigo_aryl_alkyl,ln(kobs)_MeCN,3,kobs_MeCN|LUMO|Occupancy_C1-O,0.9307217619658855,0.8753087464182068,0.14195859940532235,LOOCV,ln(kobs)_MeCN = -21.72 + 3.81*kobs_MeCN + 2.14*LUMO + 9.70*Occupancy_C1-O
indigo_aryl_alkyl,ln(kobs)_MeCN,5,ln(kobs)_toluene|Ar_NBO_=O|Ster_L|Ar_I_C=O|Energy_C1-O,0.9562123065198932,0.8752906263240356,0.11285981230632447,LOOCV,ln(kobs)_MeCN = -5.54 + 0.95*ln(kobs)_toluene - 11.62*Ar_NBO_=O - 0.02*Ster_L + 0.00*Ar_I_C=O + 0.73*Energy_C1-O
indigo_aryl_alkyl,ln(kobs)_MeCN,5,ln(kobs)_toluene|HOMO|LUMO|Ster_B1|Energy_C1-O,0.9645901861133163,0.8752744088617632,0.10149043433004638,LOOCV,ln(kobs)_MeCN = 3.83 + 0.90*ln(kobs)_toluene + 4.77*HOMO + 1.92*LUMO + 0.28*Ster_B1 + 1.99*Energy_C1-O
indigo_aryl_alkyl,ln(kobs)_MeCN,5,kobs_MeCN|ln(kobs)_toluene|polarizability|Ster_B5|Energy_C1-O,0.9719156816597976,0.8752631686066494,0.09038476487917046,LOOCV,ln(kobs)_MeCN = 0.43 + 2.07*kobs_MeCN + 0.53*ln(kobs)_toluene + 0.00*polarizability - 0.00*Ster_B5 + 1.27*Energy_C1-O
indigo_aryl_alkyl,ln(kobs)_MeCN,5,ln(kobs)_toluene|Ar_NBO_=O|Ar_NBO_-O|Ster_L|Occupancy_C1-O,0.9524676079525632,0.8752615462241233,0.11758667887105606,LOOCV,ln(kobs)_MeCN = -106.21 + 0.93*ln(kobs)_toluene - 8.09*Ar_NBO_=O - 23.76*Ar_NBO_-O - 0.03*Ster_L + 42.98*Occupancy_C1-O
indigo_aryl_alkyl,ln(kobs)_MeCN,4,ln(kobs)_toluene|Ar_v_C=O|LUMO|Occupancy_C1-O,0.9339340637052395,0.8751270196730887,0.1386283602115271,LOOCV,ln(kobs)_MeCN = 17.03 + 0.91*ln(kobs)_toluene - 0.01*Ar_v_C=O + 3.27*LUMO + 0.78*Occupancy_C1-O
indigo_aryl_alkyl,ln(kobs)_MeCN,5,ln(kobs)_toluene|Ar_NBO_=O|Ar_NBO_-O|polarizability|Occupancy_C1-O,0.9535762253518559,0.8750992576078002,0.11620732755018544,LOOCV,ln(kobs)_MeCN = -139.77 + 0.90*ln(kobs)_toluene - 14.23*Ar_NBO_=O - 13.96*Ar_NBO_-O - 0.00*polarizability + 61.30*Occupancy_C1-O
indigo_aryl_alkyl,ln(kobs)_MeCN,4,kobs_MeCN|Ster_L|polarizability|L_C1-C2,0.9379723618623227,0.8750874502503398,0.1343247099065478,LOOCV,ln(kobs)_MeCN = 5.02 + 3.72*kobs_MeCN + 0.03*Ster_L + 0.00*polarizability - 5.21*L_C1-C2
indigo_aryl_alkyl,ln(kobs)_MeCN,4,ln(kobs)_toluene|Ar_NBO_-O|Ar_NBO_C1_x|Ster_B5,0.9415108164830115,0.8750782634657488,0.13043708013145372,LOOCV,ln(kobs)_MeCN = -21.47 + 0.91*ln(kobs)_toluene - 28.73*Ar_NBO_-O + 2.53*Ar_NBO_C1_x - 0.00*Ster_B5
indigo_aryl_alkyl,ln(kobs)_MeCN,4,kobs_MeCN|Ar_I_C=O|Ster_B1|Energy_C1-O,0.9370689871206892,0.8750100467418416,0.13529933122771606,LOOCV,ln(kobs)_MeCN = -1.80 + 3.84*kobs_MeCN + 0.00*Ar_I_C=O + 0.38*Ster_B1 + 1.41*Energy_C1-O
indigo_aryl_alkyl,ln(kobs)_MeCN,4,ln(kobs)_toluene|Ar_v_C=O|LUMO|Ster_L,0.934286715491202,0.8749239428130555,0.13825787463932668,LOOCV,ln(kobs)_MeCN = 20.75 + 0.93*ln(kobs)_toluene - 0.01*Ar_v_C=O + 2.82*LUMO - 0.01*Ster_L
indigo_aryl_alkyl,ln(kobs)_MeCN,4,ln(kobs)_toluene|kobs_toluene|Ar_NBO_-O|Ar_NBO_C1_x,0.9429916989112284,0.874881217501988,0.12877523123385254,LOOCV,ln(kobs)_MeCN = -19.80 + 1.06*ln(kobs)_toluene - 1.40*kobs_toluene - 27.50*Ar_NBO_-O + 2.14*Ar_NBO_C1_x
indigo_aryl_alkyl,ln(kobs)_MeCN,5,ln(kobs)_toluene|Ar_NBO_-O|Ar_I_C=O|Ster_B1|Ster_B5,0.9516495251961256,0.874873933456529,0.11859425756755655,LOOCV,ln(kobs)_MeCN = -13.72 + 0.97*ln(kobs)_toluene - 20.81*Ar_NBO_-O + 0.00*Ar_I_C=O - 0.17*Ster_B1 - 0.01*Ster_B5
indigo_aryl_alkyl,ln(kobs)_MeCN,4,kobs_MeCN|Ster_L|Ar_I_C=O|Ster_B1,0.937227126499426,0.8748288793264634,0.1351292274130754,LOOCV,ln(kobs)_MeCN = -2.72 + 3.76*kobs_MeCN + 0.04*Ster_L + 0.00*Ar_I_C=O - 0.08*Ster_B1
indigo_aryl_alkyl,ln(kobs)_MeCN,4,kobs_MeCN|Ar_NBO_-O|LUMO|Occupancy_C1-O,0.9391289724415421,0.874579873121768,0.13306646066893976,LOOCV,ln(kobs)_MeCN = -130.89 + 3.71*kobs_MeCN - 23.13*Ar_NBO_-O - 0.56*LUMO + 56.27*Occupancy_C1-O
indigo_aryl_alkyl,ln(kobs)_MeCN,4,kobs_MeCN|Ar_NBO_=O|LUMO|Ster_B1,0.9432438428930949,0.8745576270707156,0.12849013343557875,LOOCV,ln(kobs)_MeCN = -9.91 + 3.40*kobs_MeCN - 12.39*Ar_NBO_=O - 0.01*LUMO + 0.06*Ster_B1
indigo_aryl_alkyl,ln(kobs)_MeCN,5,ln(kobs)_toluene|LUMO|Ar_NBO_C1_x|Entry|L_C1-C2,0.9547314516940225,0.874511052684501,0.11475234593898434,LOOCV,ln(kobs)_MeCN = 6.26 + 0.85*ln(kobs)_toluene + 5.26*LUMO + 16.95*Ar_NBO_C1_x - 0.00*Entry - 12.85*L_C1-C2
indigo_aryl_alkyl,ln(kobs)_MeCN,3,kobs_MeCN|kobs_toluene|polarizability,0.936179203255177,0.8744981069838719,0.1362524749868862,LOOCV,ln(kobs)_MeCN = -2.61 + 4.31*kobs_MeCN - 1.33*kobs_toluene + 0.00*polarizability
indigo_aryl_alkyl,ln(kobs)_MeCN,5,kobs_MeCN|kobs_toluene|polarizability|Occupancy_C1-O|Energy_C1-O,0.9557872999766421,0.8744613462278863,0.11340620246283493,LOOCV,ln(kobs)_MeCN = -184.27 + 2.84*kobs_MeCN + 3.29*kobs_toluene + 0.00*polarizability + 92.12*Occupancy_C1-O + 2.18*Energy_C1-O
indigo_aryl_alkyl,ln(kobs)_MeCN,3,ln(kobs)_toluene|kobs_toluene|Ar_NBO_=O,0.940935163378611,0.8744557574889023,0.13107739222022968,LOOCV,ln(kobs)_MeCN = -7.44 + 1.05*ln(kobs)_toluene - 1.73*kobs_toluene - 14.41*Ar_NBO_=O
indigo_aryl_alkyl,ln(kobs)_MeCN,4,kobs_MeCN|Ar_NBO_=O|Ar_v_C=O|Energy_C1-O,0.9425918829256172,0.8743935033158985,0.1292260115402169,LOOCV,ln(kobs)_MeCN = -9.37 + 3.45*kobs_MeCN - 12.02*Ar_NBO_=O - 0.00*Ar_v_C=O + 0.07*Energy_C1-O
indigo_aryl_alkyl,ln(kobs)_MeCN,4,kobs_MeCN|Ar_v_C=O|LUMO|Entry,0.9395362318020444,0.874376919727276,0.13262057111704958,LOOCV,ln(kobs)_MeCN = 18.19 + 3.57*kobs_MeCN - 0.01*Ar_v_C=O - 0.06*LUMO + 0.00*Entry
indigo_aryl_alkyl,ln(kobs)_MeCN,5,kobs_MeCN|ln(kobs)_toluene|Entry|polarizability|Ster_B1,0.961021310278099,0.8743713918383574,0.1064821734411447,LOOCV,ln(kobs)_MeCN = -0.46 + 2.10*kobs_MeCN + 0.54*ln(kobs)_toluene - 0.00*Entry + 0.00*polarizability - 0.19*Ster_B1
indigo_aryl_alkyl,ln(kobs)_MeCN,4,ln(kobs)_toluene|kobs_toluene|LUMO|Ster_L,0.9389548317537628,0.8743642344060483,0.1332566639288025,LOOCV,ln(kobs)_MeCN = 2.11 + 1.27*ln(kobs)_toluene - 3.32*kobs_toluene + 5.45*LUMO + 0.00*Ster_L
indigo_aryl_alkyl,ln(kobs)_MeCN,4,ln(kobs)_toluene|LUMO|Ar_I_C=O|Ster_B1,0.9450200797463006,0.8743485519145049,0.12646354212038058,LOOCV,ln(kobs)_MeCN = 1.13 + 1.00*ln(kobs)_toluene + 3.28*LUMO + 0.00*Ar_I_C=O - 0.22*Ster_B1
indigo_aryl_alkyl,ln(kobs)_MeCN,4,ln(kobs)_toluene|kobs_toluene|Ar_v_C=O|Ar_NBO_C1_x,0.9424512749321091,0.8743299371863462,0.12938416946964135,LOOCV,ln(kobs)_MeCN = 32.11 + 1.02*ln(kobs)_toluene - 1.98*kobs_toluene - 0.02*Ar_v_C=O + 10.63*Ar_NBO_C1_x
indigo_aryl_alkyl,ln(kobs)_MeCN,4,kobs_MeCN|LUMO|Entry|Ar_I_C=O,0.9350148266458278,0.8742084274142546,0.13748978407707882,LOOCV,ln(kobs)_MeCN = -2.40 + 3.73*kobs_MeCN + 1.74*LUMO + 0.01*Entry - 0.00*Ar_I_C=O
indigo_aryl_alkyl,ln(kobs)_MeCN,5,kobs_MeCN|ln(kobs)_toluene|L_C1-C2|Ster_B5|Energy_C1-O,0.9710701205051476,0.8741544008049109,0.09173532445493744,LOOCV,ln(kobs)_MeCN = 8.31 + 1.96*kobs_MeCN + 0.57*ln(kobs)_toluene - 5.39*L_C1-C2 + 0.02*Ster_B5 + 0.97*Energy_C1-O
indigo_aryl_alkyl,ln(kobs)_MeCN,4,kobs_MeCN|Ar_NBO_-O|Entry|Energy_C1-O,0.9422008692449365,0.8741163003025483,0.12966535176531174,LOOCV,ln(kobs)_MeCN = -12.72 + 3.59*kobs_MeCN - 14.97*Ar_NBO_-O + 0.01*Entry + 0.26*Energy_C1-O
indigo_aryl_alkyl,ln(kobs)_MeCN,4,kobs_MeCN|kobs_toluene|Ster_L|L_C1-C2,0.9393352809429253,0.8741026981105242,0.13284077002516265,LOOCV,ln(kobs)_MeCN = 4.98 + 4.11*kobs_MeCN - 1.14*kobs_toluene + 0.04*Ster_L - 5.20*L_C1-C2
indigo_aryl_alkyl,ln(kobs)_MeCN,4,kobs_MeCN|Ster_L|Ster_B5|Energy_C1-O,0.9460014056936935,0.8740584554375584,0.12532984894180904,LOOCV,ln(kobs)_MeCN = -1.95 + 3.81*kobs_MeCN + 0.03*Ster_L + 0.02*Ster_B5 + 0.86*Energy_C1-O
indigo_aryl_alkyl,ln(kobs)_MeCN,4,ln(kobs)_toluene|HOMO|Ar_I_C=O|L_C1-C2,0.9391057821851073,0.8739881212426586,0.13309180566161605,LOOCV,ln(kobs)_MeCN = 8.45 + 0.91*ln(kobs)_toluene + 3.72*HOMO + 0.00*Ar_I_C=O - 4.53*L_C1-C2
indigo_aryl_alkyl,ln(kobs)_MeCN,5,ln(kobs)_toluene|kobs_toluene|Ar_NBO_=O|LUMO|Ar_NBO_C1_x,0.9547142551759363,0.8739682527978296,0.11477413980574934,LOOCV,ln(kobs)_MeCN = -11.11 + 1.07*ln(kobs)_toluene - 2.69*kobs_toluene - 4.79*Ar_NBO_=O + 6.56*LUMO + 12.25*Ar_NBO_C1_x
indigo_aryl_alkyl,ln(kobs)_MeCN,4,kobs_MeCN|Ar_NBO_=O|Ar_v_C=O|LUMO,0.9425099464699327,0.8738521408963035,0.12931819838175057,LOOCV,ln(kobs)_MeCN = -10.04 + 3.44*kobs_MeCN - 12.30*Ar_NBO_=O + 0.00*Ar_v_C=O + 0.00*LUMO
indigo_aryl_alkyl,ln(kobs)_MeCN,3,ln(kobs)_toluene|Ster_L|Entry,0.9193292119868103,0.8738298395353432,0.15318683336751007,LOOCV,ln(kobs)_MeCN = 1.33 + 1.11*ln(kobs)_toluene - 0.01*Ster_L - 0.01*Entry
indigo_aryl_alkyl,ln(kobs)_MeCN,4,ln(kobs)_toluene|Ar_NBO_=O|Ster_B1|Occupancy_C1-O,0.9502882435652595,0.8737828550170653,0.12025214810253464,LOOCV,ln(kobs)_MeCN = -124.01 + 0.93*ln(kobs)_toluene - 15.98*Ar_NBO_=O - 0.20*Ster_B1 + 57.93*Occupancy_C1-O
indigo_aryl_alkyl,ln(kobs)_MeCN,3,ln(kobs)_toluene|LUMO|polarizability,0.9308869944369127,0.8737117467661599,0.14178920874526588,LOOCV,ln(kobs)_MeCN = 1.05 + 0.96*ln(kobs)_toluene + 4.80*LUMO - 0.00*polarizability
indigo_aryl_alkyl,ln(kobs)_MeCN,4,ln(kobs)_toluene|Ar_v_C=O|LUMO|Ster_B5,0.9350928821534149,0.8737011083570574,0.1374071878567134,LOOCV,ln(kobs)_MeCN = 20.20 + 0.92*ln(kobs)_toluene - 0.01*Ar_v_C=O + 3.06*LUMO - 0.01*Ster_B5
indigo_aryl_alkyl,ln(kobs)_MeCN,5,ln(kobs)_toluene|Ar_NBO_-O|LUMO|Ar_NBO_C1_x|polarizability,0.9511849637480819,0.8736596259631979,0.11916263474273713,LOOCV,ln(kobs)_MeCN = -19.21 + 0.86*ln(kobs)_toluene - 17.28*Ar_NBO_-O + 4.61*LUMO + 9.85*Ar_NBO_C1_x - 0.00*polarizability
indigo_aryl_alkyl,ln(kobs)_MeCN,4,ln(kobs)_toluene|Ar_NBO_=O|Ar_NBO_-O|Ar_NBO_C1_x,0.942139400440783,0.8736300686430539,0.12973428235329476,LOOCV,ln(kobs)_MeCN = -18.64 + 0.89*ln(kobs)_toluene - 5.55*Ar_NBO_=O - 19.44*Ar_NBO_-O + 2.89*Ar_NBO_C1_x
indigo_aryl_alkyl,ln(kobs)_MeCN,5,ln(kobs)_toluene|kobs_toluene|HOMO|Ar_NBO_-O|L_C1-C2,0.9510604294697067,0.8734431177866888,0.11931453855429598,LOOCV,ln(kobs)_MeCN = -8.30 + 1.05*ln(kobs)_toluene - 1.85*kobs_toluene + 3.21*HOMO - 18.65*Ar_NBO_-O - 1.71*L_C1-C2
indigo_aryl_alkyl,ln(kobs)_MeCN,4,ln(kobs)_toluene|LUMO|Ster_B1|Ster_B5,0.9402650071916483,0.8734209595723273,0.13181890414831415,LOOCV,ln(kobs)_MeCN = 1.50 + 1.00*ln(kobs)_toluene + 4.56*LUMO - 0.22*Ster_B1 + 0.00*Ster_B5
indigo_aryl_alkyl,ln(kobs)_MeCN,4,kobs_MeCN|kobs_toluene|Ar_NBO_-O|polarizability,0.9395950173042482,0.8733922881845801,0.13255608569898136,LOOCV,ln(kobs)_MeCN = -11.46 + 3.80*kobs_MeCN - 0.40*kobs_toluene - 12.74*Ar_NBO_-O + 0.00*polarizability
indigo_aryl_alkyl,ln(kobs)_MeCN,4,ln(kobs)_toluene|Ar_NBO_=O|LUMO|Ster_B5,0.9437164172349825,0.8733824616660992,0.127954085283167,LOOCV,ln(kobs)_MeCN = -6.95 + 0.87*ln(kobs)_toluene - 12.83*Ar_NBO_=O + 2.19*LUMO - 0.01*Ster_B5
indigo_aryl_alkyl,ln(kobs)_MeCN,5,kobs_MeCN|ln(kobs)_toluene|Ster_L|Occupancy_C1-O|Energy_C1-O,0.977163317559875,0.8733397976689703,0.08150416367150183,LOOCV,ln(kobs)_MeCN = -193.28 + 2.24*kobs_MeCN + 0.50*ln(kobs)_toluene + 0.05*Ster_L + 97.06*Occupancy_C1-O + 1.44*Energy_C1-O
indigo_aryl_alkyl,ln(kobs)_MeCN,4,ln(kobs)_toluene|Ar_v_C=O|Ar_NBO_-O|L_C1-C2,0.9416562796311844,0.8733382506799574,0.13027478003712314,LOOCV,ln(kobs)_MeCN = -21.37 + 0.95*ln(kobs)_toluene + 0.01*Ar_v_C=O - 29.42*Ar_NBO_-O - 5.67*L_C1-C2
indigo_aryl_alkyl,ln(kobs)_MeCN,4,kobs_MeCN|Ar_NBO_=O|Ar_v_C=O|Ster_B1,0.9432486062015983,0.8732673393089136,0.12848474150086722,LOOCV,ln(kobs)_MeCN = -11.00 + 3.40*kobs_MeCN - 12.68*Ar_NBO_=O + 0.00*Ar_v_C=O + 0.06*Ster_B1
indigo_aryl_alkyl,ln(kobs)_MeCN,5,kobs_MeCN|Ar_NBO_=O|Entry|Occupancy_C1-O|Energy_C1-O,0.9518728439754895,0.873252573480063,0.11832006194799914,LOOCV,ln(kobs)_MeCN = -115.93 + 3.41*kobs_MeCN - 13.07*Ar_NBO_=O + 0.01*Entry + 53.18*Occupancy_C1-O + 0.37*Energy_C1-O
indigo_aryl_alkyl,ln(kobs)_MeCN,4,kobs_MeCN|kobs_toluene|LUMO|Entry,0.9363730743131149,0.8732234332748886,0.13604536771038872,LOOCV,ln(kobs)_MeCN = -2.47 + 4.15*kobs_MeCN - 1.22*kobs_toluene + 1.36*LUMO + 0.01*Entry
indigo_aryl_alkyl,ln(kobs)_MeCN,4,ln(kobs)_toluene|Ar_NBO_=O|HOMO|L_C1-C2,0.9435358003262079,0.8731614138111423,0.12815922645463546,LOOCV,ln(kobs)_MeCN = -0.94 + 0.85*ln(kobs)_toluene - 9.29*Ar_NBO_=O + 2.71*HOMO - 2.18*L_C1-C2
indigo_aryl_alkyl,ln(kobs)_MeCN,5,ln(kobs)_toluene|LUMO|Ar_NBO_C1_x|Ar_I_C=O|Energy_C1-O,0.9620145845034931,0.8731479846694817,0.10511670273567846,LOOCV,ln(kobs)_MeCN = -8.22 + 0.89*ln(kobs)_toluene + 5.20*LUMO + 12.02*Ar_NBO_C1_x + 0.00*Ar_I_C=O + 0.85*Energy_C1-O
indigo_aryl_alkyl,ln(kobs)_MeCN,4,kobs_MeCN|LUMO|Ar_NBO_C1_x|Occupancy_C1-O,0.9348837173213138,0.8731006425617222,0.1376284088499828,LOOCV,ln(kobs)_MeCN = -55.73 + 3.50*kobs_MeCN + 3.95*LUMO + 8.72*Ar_NBO_C1_x + 23.31*Occupancy_C1-O
indigo_aryl_alkyl,ln(kobs)_MeCN,4,kobs_MeCN|Ar_NBO_=O|L_C1-C2|Energy_C1-O,0.9432723443387184,0.8730879510587265,0.12845786720568572,LOOCV,ln(kobs)_MeCN = -14.96 + 3.43*kobs_MeCN - 13.42*Ar_NBO_=O + 3.11*L_C1-C2 + 0.08*Energy_C1-O
indigo_aryl_alkyl,ln(kobs)_MeCN,4,ln(kobs)_toluene|kobs_toluene|Ar_NBO_=O|Entry,0.9442314706922744,0.8730854791831444,0.12736728309936415,LOOCV,ln(kobs)_MeCN = -7.17 + 1.09*ln(kobs)_toluene - 1.73*kobs_toluene - 14.21*Ar_NBO_=O - 0.01*Entry
indigo_aryl_alkyl,ln(kobs)_MeCN,4,kobs_MeCN|Ar_NBO_=O|Ar_NBO_-O|Ster_B1,0.9444837994002031,0.8730542507388376,0.12707881523048556,LOOCV,ln(kobs)_MeCN = -3.96 + 3.36*kobs_MeCN - 18.72*Ar_NBO_=O + 13.87*Ar_NBO_-O + 0.04*Ster_B1
indigo_aryl_alkyl,ln(kobs)_MeCN,4,kobs_MeCN|Ar_NBO_C1_x|polarizability|L_C1-C2,0.9373541065551094,0.8729104010259499,0.13499248520242207,LOOCV,ln(kobs)_MeCN = 4.24 + 3.63*kobs_MeCN + 5.57*Ar_NBO_C1_x + 0.00*polarizability - 7.59*L_C1-C2
indigo_aryl_alkyl,ln(kobs)_MeCN,4,kobs_MeCN|kobs_toluene|HOMO|polarizability,0.9392860279734571,0.872874743843582,0.13289468501087978,LOOCV,ln(kobs)_MeCN = -1.60 + 3.78*kobs_MeCN - 0.52*kobs_toluene + 2.75*HOMO + 0.00*polarizability
indigo_aryl_alkyl,ln(kobs)_MeCN,4,kobs_MeCN|kobs_toluene|HOMO|Occupancy_C1-O,0.9390772740857088,0.8728476446135546,0.1331229559957085,LOOCV,ln(kobs)_MeCN = -31.44 + 3.58*kobs_MeCN - 0.05*kobs_toluene + 3.60*HOMO + 15.12*Occupancy_C1-O
indigo_aryl_alkyl,ln(kobs)_MeCN,5,ln(kobs)_toluene|HOMO|Ar_v_C=O|Ster_B5|Energy_C1-O,0.9635248092660089,0.8728432123303054,0.10300589377319427,LOOCV,ln(kobs)_MeCN = -0.39 + 0.92*ln(kobs)_toluene + 7.41*HOMO + 0.00*Ar_v_C=O - 0.03*Ster_B5 + 0.79*Energy_C1-O
indigo_aryl_alkyl,ln(kobs)_MeCN,4,ln(kobs)_toluene|Entry|L_C1-C2|Occupancy_C1-O,0.935321721940302,0.8728418885481001,0.1371647491463311,LOOCV,ln(kobs)_MeCN = -12.08 + 1.08*ln(kobs)_toluene - 0.01*Entry - 14.29*L_C1-C2 + 17.31*Occupancy_C1-O
indigo_aryl_alkyl,ln(kobs)_MeCN,5,ln(kobs)_toluene|HOMO|Ar_I_C=O|Ster_B1|Ster_B5,0.9595704389865461,0.8727781273258168,0.10844581623829229,LOOCV,ln(kobs)_MeCN = 2.84 + 0.90*ln(kobs)_toluene + 6.50*HOMO + 0.00*Ar_I_C=O - 0.09*Ster_B1 - 0.04*Ster_B5
indigo_aryl_alkyl,ln(kobs)_MeCN,5,ln(kobs)_toluene|Ar_NBO_=O|Ar_NBO_-O|Ar_I_C=O|Ster_B1,0.9514691931293257,0.8727588328931611,0.11881521138111392,LOOCV,ln(kobs)_MeCN = -13.47 + 0.96*ln(kobs)_toluene - 1.78*Ar_NBO_=O - 18.94*Ar_NBO_-O + 0.00*Ar_I_C=O - 0.18*Ster_B1
indigo_aryl_alkyl,ln(kobs)_MeCN,4,ln(kobs)_toluene|Ar_v_C=O|Ster_L|polarizability,0.932934109079712,0.8727239469556032,0.13967353927410858,LOOCV,ln(kobs)_MeCN = 34.28 + 0.94*ln(kobs)_toluene - 0.02*Ar_v_C=O + 0.00*Ster_L - 0.00*polarizability
indigo_aryl_alkyl,ln(kobs)_MeCN,5,ln(kobs)_toluene|Ar_NBO_-O|Ar_I_C=O|Ster_B1|Occupancy_C1-O,0.95741310206492,0.8727110657977442,0.11130157051051436,LOOCV,ln(kobs)_MeCN = -149.18 + 0.98*ln(kobs)_toluene - 27.98*Ar_NBO_-O + 0.00*Ar_I_C=O - 0.20*Ster_B1 + 65.46*Occupancy_C1-O
indigo_aryl_alkyl,ln(kobs)_MeCN,4,kobs_MeCN|Ar_I_C=O|L_C1-C2|Ster_B5,0.935693593636078,0.8727055576097413,0.13676986218518294,LOOCV,ln(kobs)_MeCN = 5.73 + 3.87*kobs_MeCN - 0.00*Ar_I_C=O - 5.54*L_C1-C2 + 0.03*Ster_B5
indigo_aryl_alkyl,ln(kobs)_MeCN,4,ln(kobs)_toluene|Entry|polarizability|L_C1-C2,0.9348400794038796,0.8726553085883741,0.13767451721970891,LOOCV,ln(kobs)_MeCN = 22.29 + 1.07*ln(kobs)_toluene - 0.01*Entry + 0.00*polarizability - 14.21*L_C1-C2
indigo_aryl_alkyl,ln(kobs)_MeCN,4,kobs_MeCN|LUMO|Ar_NBO_C1_x|Energy_C1-O,0.9342898721486779,0.872584139359289,0.13825455386485797,LOOCV,ln(kobs)_MeCN = -8.08 + 3.51*kobs_MeCN + 3.86*LUMO + 7.43*Ar_NBO_C1_x + 0.11*Energy_C1-O
indigo_aryl_alkyl,ln(kobs)_MeCN,5,kobs_MeCN|ln(kobs)_toluene|Ar_NBO_=O|Ar_I_C=O|L_C1-C2,0.9670613880092029,0.8725635590138641,0.0978849529037984,LOOCV,ln(kobs)_MeCN = -7.09 + 1.85*kobs_MeCN + 0.47*ln(kobs)_toluene - 9.67*Ar_NBO_=O + 0.00*Ar_I_C=O + 0.22*L_C1-C2
indigo_aryl_alkyl,ln(kobs)_MeCN,4,ln(kobs)_toluene|Ar_NBO_=O|LUMO|Ar_I_C=O,0.9438104739556004,0.8725413213286854,0.1278471271505399,LOOCV,ln(kobs)_MeCN = -5.95 + 0.87*ln(kobs)_toluene - 10.68*Ar_NBO_=O + 1.86*LUMO + 0.00*Ar_I_C=O
indigo_aryl_alkyl,ln(kobs)_MeCN,5,kobs_MeCN|Ster_L|Entry|Occupancy_C1-O|Energy_C1-O,0.9605509970548008,0.8725042759124679,0.10712264922488085,LOOCV,ln(kobs)_MeCN = -209.35 + 3.76*kobs_MeCN + 0.07*Ster_L + 0.01*Entry + 104.17*Occupancy_C1-O + 1.41*Energy_C1-O
indigo_aryl_alkyl,ln(kobs)_MeCN,4,kobs_MeCN|Ar_NBO_C1_x|Ar_I_C=O|Occupancy_C1-O,0.9304997722887624,0.8724582609220574,0.14218585792251684,LOOCV,ln(kobs)_MeCN = -65.44 + 3.83*kobs_MeCN + 4.38*Ar_NBO_C1_x + 0.00*Ar_I_C=O + 29.71*Occupancy_C1-O
indigo_aryl_alkyl,ln(kobs)_MeCN,4,ln(kobs)_toluene|Ar_NBO_=O|Ar_I_C=O|Ster_B1,0.9493116300541948,0.8723519941710189,0.12142761127319428,LOOCV,ln(kobs)_MeCN = -5.71 + 0.94*ln(kobs)_toluene - 10.88*Ar_NBO_=O + 0.00*Ar_I_C=O - 0.19*Ster_B1
indigo_aryl_alkyl,ln(kobs)_MeCN,5,ln(kobs)_toluene|kobs_toluene|Ar_NBO_=O|polarizability|Ster_B5,0.9516611174671377,0.8722773459341258,0.1185800399286183,LOOCV,ln(kobs)_MeCN = -10.71 + 0.99*ln(kobs)_toluene - 1.07*kobs_toluene - 19.76*Ar_NBO_=O - 0.00*polarizability + 0.03*Ster_B5
indigo_aryl_alkyl,ln(kobs)_MeCN,3,ln(kobs)_toluene|Entry|Ster_B5,0.9179801505796394,0.8721738129601461,0.15446239797985506,LOOCV,ln(kobs)_MeCN = 1.17 + 1.08*ln(kobs)_toluene - 0.01*Entry - 0.00*Ster_B5
indigo_aryl_alkyl,ln(kobs)_MeCN,4,kobs_MeCN|LUMO|Ar_NBO_C1_x|Ster_B1,0.9344145845474697,0.872115437663441,0.13812329368934625,LOOCV,ln(kobs)_MeCN = -8.42 + 3.46*kobs_MeCN + 3.96*LUMO + 7.64*Ar_NBO_C1_x + 0.04*Ster_B1
indigo_aryl_alkyl,ln(kobs)_MeCN,5,ln(kobs)_toluene|HOMO|LUMO|Ster_B1|Ster_B5,0.9582954923332162,0.8720345054825913,0.11014246411468233,LOOCV,ln(kobs)_MeCN = 3.15 + 0.88*ln(kobs)_toluene + 6.75*HOMO + 1.35*LUMO - 0.10*Ster_B1 - 0.04*Ster_B5
indigo_aryl_alkyl,ln(kobs)_MeCN,5,ln(kobs)_toluene|HOMO|Ar_v_C=O|polarizability|Ster_B1,0.9557632176313824,0.87195576388963,0.11343708403669403,LOOCV,ln(kobs)_MeCN = 8.77 + 0.88*ln(kobs)_toluene + 7.48*HOMO - 0.00*Ar_v_C=O - 0.00*polarizability + 0.01*Ster_B1
indigo_aryl_alkyl,ln(kobs)_MeCN,4,kobs_MeCN|HOMO|Ar_v_C=O|LUMO,0.94074427981964,0.8719138182099029,0.13128902690898456,LOOCV,ln(kobs)_MeCN = 11.94 + 3.46*kobs_MeCN + 2.52*HOMO - 0.01*Ar_v_C=O + 0.08*LUMO
indigo_aryl_alkyl,ln(kobs)_MeCN,5,ln(kobs)_toluene|kobs_toluene|HOMO|Ar_NBO_-O|LUMO,0.9532272789349766,0.8719019170612932,0.11664324876387164,LOOCV,ln(kobs)_MeCN = -8.10 + 1.08*ln(kobs)_toluene - 2.27*kobs_toluene + 2.92*HOMO - 14.90*Ar_NBO_-O + 2.30*LUMO
indigo_aryl_alkyl,ln(kobs)_MeCN,4,ln(kobs)_toluene|HOMO|Ar_NBO_-O|Energy_C1-O,0.9616464605884371,0.871797908039982,0.10562482763946224,LOOCV,ln(kobs)_MeCN = -6.49 + 0.92*ln(kobs)_toluene + 3.86*HOMO - 13.47*Ar_NBO_-O + 0.97*Energy_C1-O
indigo_aryl_alkyl,ln(kobs)_MeCN,5,ln(kobs)_toluene|kobs_toluene|HOMO|Ar_v_C=O|Ar_NBO_-O,0.9516640404718264,0.8717615070344861,0.11857645466521866,LOOCV,ln(kobs)_MeCN = -25.84 + 1.03*ln(kobs)_toluene - 1.60*kobs_toluene + 3.85*HOMO + 0.01*Ar_v_C=O - 24.55*Ar_NBO_-O
indigo_aryl_alkyl,ln(kobs)_MeCN,4,kobs_MeCN|kobs_toluene|Ar_NBO_C1_x|Ar_I_C=O,0.9292136167169817,0.8717509613611827,0.14349545665454289,LOOCV,ln(kobs)_MeCN = -5.00 + 3.80*kobs_MeCN + 0.05*kobs_toluene + 2.93*Ar_NBO_C1_x + 0.00*Ar_I_C=O
indigo_aryl_alkyl,ln(kobs)_MeCN,4,ln(kobs)_toluene|kobs_toluene|HOMO|Ar_v_C=O,0.9426114424219513,0.8717488864724625,0.1292039953937334,LOOCV,ln(kobs)_MeCN = 14.95 + 1.13*ln(kobs)_toluene - 2.47*kobs_toluene + 3.87*HOMO - 0.01*Ar_v_C=O
indigo_aryl_alkyl,ln(kobs)_MeCN,4,kobs_MeCN|HOMO|polarizability|L_C1-C2,0.9390996390140003,0.8716558540096755,0.1330985188204753,LOOCV,ln(kobs)_MeCN = -0.40 + 3.57*kobs_MeCN + 2.92*HOMO + 0.00*polarizability - 0.77*L_C1-C2
indigo_aryl_alkyl,ln(kobs)_MeCN,4,ln(kobs)_toluene|Ar_v_C=O|L_C1-C2|Occupancy_C1-O,0.9297477251599716,0.8716500735271979,0.14295306945784658,LOOCV,ln(kobs)_MeCN = -7.42 + 0.91*ln(kobs)_toluene - 0.02*Ar_v_C=O + 3.87*L_C1-C2 + 20.69*Occupancy_C1-O
indigo_aryl_alkyl,ln(kobs)_MeCN,4,kobs_MeCN|Ar_v_C=O|Entry|Occupancy_C1-O,0.9402343048694022,0.8716287604261824,0.13185277563957173,LOOCV,ln(kobs)_MeCN = -22.66 + 3.59*kobs_MeCN - 0.01*Ar_v_C=O + 0.00*Entry + 21.00*Occupancy_C1-O
indigo_aryl_alkyl,ln(kobs)_MeCN,5,kobs_MeCN|kobs_toluene|polarizability|Ster_B1|Energy_C1-O,0.9525149812452351,0.8715817900620436,0.11752806771600728,LOOCV,ln(kobs)_MeCN = -0.85 + 3.38*kobs_MeCN + 1.14*kobs_toluene + 0.00*polarizability + 0.35*Ster_B1 + 2.35*Energy_C1-O
indigo_aryl_alkyl,ln(kobs)_MeCN,5,kobs_MeCN|Ar_v_C=O|Entry|L_C1-C2|Energy_C1-O,0.9519354839076964,0.8715335366259747,0.11824303709890449,LOOCV,ln(kobs)_MeCN = 25.51 + 3.25*kobs_MeCN - 0.03*Ar_v_C=O + 0.01*Entry + 20.53*L_C1-C2 + 0.48*Energy_C1-O
indigo_aryl_alkyl,ln(kobs)_MeCN,4,ln(kobs)_toluene|Ar_NBO_=O|Ar_NBO_C1_x|Entry,0.9419922257693711,0.8712335962694951,0.12989917413009314,LOOCV,ln(kobs)_MeCN = -8.93 + 0.91*ln(kobs)_toluene - 14.90*Ar_NBO_=O + 0.89*Ar_NBO_C1_x - 0.01*Entry
indigo_aryl_alkyl,ln(kobs)_MeCN,5,kobs_MeCN|ln(kobs)_toluene|L_C1-C2|Ster_B1|Energy_C1-O,0.9690641108581879,0.8712304787372483,0.0948625053686153,LOOCV,ln(kobs)_MeCN = 7.72 + 1.90*kobs_MeCN + 0.58*ln(kobs)_toluene - 4.87*L_C1-C2 + 0.20*Ster_B1 + 1.37*Energy_C1-O
indigo_aryl_alkyl,ln(kobs)_MeCN,4,kobs_MeCN|Ster_L|Entry|Occupancy_C1-O,0.941556026597549,0.8712091253588422,0.13038665871182165,LOOCV,ln(kobs)_MeCN = -81.49 + 3.75*kobs_MeCN + 0.03*Ster_L + 0.01*Entry + 39.47*Occupancy_C1-O
indigo_aryl_alkyl,ln(kobs)_MeCN,4,ln(kobs)_toluene|LUMO|Ster_B1|Occupancy_C1-O,0.9402583869057219,0.8711825684067851,0.1318262085323698,LOOCV,ln(kobs)_MeCN = -0.94 + 1.01*ln(kobs)_toluene + 4.55*LUMO - 0.22*Ster_B1 + 1.22*Occupancy_C1-O
indigo_aryl_alkyl,ln(kobs)_MeCN,3,kobs_MeCN|Ster_L|Energy_C1-O,0.9412533865545727,0.8711813128193089,0.13072381299296523,LOOCV,ln(kobs)_MeCN = -2.13 + 3.80*kobs_MeCN + 0.04*Ster_L + 0.66*Energy_C1-O
indigo_aryl_alkyl,ln(kobs)_MeCN,5,ln(kobs)_toluene|HOMO|LUMO|polarizability|Ster_B1,0.955774081855423,0.8711618974825277,0.11342315353015392,LOOCV,ln(kobs)_MeCN = 3.21 + 0.89*ln(kobs)_toluene + 7.32*HOMO + 0.90*LUMO - 0.00*polarizability - 0.01*Ster_B1
indigo_aryl_alkyl,ln(kobs)_MeCN,5,ln(kobs)_toluene|HOMO|Ster_L|Ster_B1|Ster_B5,0.9575744530443222,0.8711055442950918,0.11109052367748848,LOOCV,ln(kobs)_MeCN = 3.42 + 0.89*ln(kobs)_toluene + 7.66*HOMO - 0.01*Ster_L - 0.07*Ster_B1 - 0.04*Ster_B5
indigo_aryl_alkyl,ln(kobs)_MeCN,4,ln(kobs)_toluene|kobs_toluene|Ar_NBO_-O|LUMO,0.9470750308475661,0.8710465256151695,0.12407766038492295,LOOCV,ln(kobs)_MeCN = -12.25 + 1.13*ln(kobs)_toluene - 2.23*kobs_toluene - 19.73*Ar_NBO_-O + 3.10*LUMO
indigo_aryl_alkyl,ln(kobs)_MeCN,4,ln(kobs)_toluene|kobs_toluene|Ar_NBO_=O|Ster_B5,0.9435158417822175,0.8709676637474515,0.1281818748369674,LOOCV,ln(kobs)_MeCN = -7.75 + 1.06*ln(kobs)_toluene - 1.69*kobs_toluene - 15.05*Ar_NBO_=O - 0.01*Ster_B5
indigo_aryl_alkyl,ln(kobs)_MeCN,5,kobs_MeCN|Ar_v_C=O|Ster_L|Entry|Energy_C1-O,0.9509511156495026,0.8709676017312117,0.11944771762368515,LOOCV,ln(kobs)_MeCN = 9.98 + 3.53*kobs_MeCN - 0.01*Ar_v_C=O + 0.04*Ster_L + 0.01*Entry + 0.77*Energy_C1-O
indigo_aryl_alkyl,ln(kobs)_MeCN,4,ln(kobs)_toluene|Ar_v_C=O|Ster_L|Ar_I_C=O,0.9364987538057191,0.8709412426576153,0.1359109390527201,LOOCV,ln(kobs)_MeCN = 22.55 + 0.96*ln(kobs)_toluene - 0.01*Ar_v_C=O - 0.02*Ster_L + 0.00*Ar_I_C=O
indigo_aryl_alkyl,ln(kobs)_MeCN,5,ln(kobs)_toluene|kobs_toluene|Ar_NBO_=O|Ar_I_C=O|Ster_B5,0.9516608623370906,0.8709225975834601,0.1185803528577725,LOOCV,ln(kobs)_MeCN = -5.52 + 1.13*ln(kobs)_toluene - 2.19*kobs_toluene - 11.06*Ar_NBO_=O + 0.00*Ar_I_C=O - 0.02*Ster_B5
indigo_aryl_alkyl,ln(kobs)_MeCN,4,kobs_MeCN|Ster_L|L_C1-C2|Ster_B1,0.9393353256256458,0.8707762241345343,0.13284072110308576,LOOCV,ln(kobs)_MeCN = 5.64 + 3.72*kobs_MeCN + 0.04*Ster_L - 5.56*L_C1-C2 - 0.09*Ster_B1
indigo_aryl_alkyl,ln(kobs)_MeCN,3,ln(kobs)_toluene|polarizability|Ster_B1,0.9266223431495693,0.870739325069511,0.14609831554991368,LOOCV,ln(kobs)_MeCN = 1.55 + 1.09*ln(kobs)_toluene + 0.00*polarizability - 0.27*Ster_B1
indigo_aryl_alkyl,ln(kobs)_MeCN,4,kobs_MeCN|Ar_I_C=O|polarizability|L_C1-C2,0.9358644261552398,0.8706522440589415,0.13658807409119902,LOOCV,ln(kobs)_MeCN = 4.33 + 3.81*kobs_MeCN - 0.00*Ar_I_C=O + 0.00*polarizability - 4.63*L_C1-C2
indigo_aryl_alkyl,ln(kobs)_MeCN,4,ln(kobs)_toluene|L_C1-C2|Ster_B1|Ster_B5,0.9352734722857332,0.8706495404375749,0.13721590169821882,LOOCV,ln(kobs)_MeCN = 16.31 + 1.06*ln(kobs)_toluene - 10.00*L_C1-C2 - 0.23*Ster_B1 + 0.00*Ster_B5
indigo_aryl_alkyl,ln(kobs)_MeCN,4,kobs_MeCN|Ar_NBO_C1_x|Ster_L|Occupancy_C1-O,0.9389431553912677,0.8706205206561857,0.13326940759682193,LOOCV,ln(kobs)_MeCN = -96.85 + 3.84*kobs_MeCN - 0.95*Ar_NBO_C1_x + 0.04*Ster_L + 47.55*Occupancy_C1-O
indigo_aryl_alkyl,ln(kobs)_MeCN,4,ln(kobs)_toluene|Entry|polarizability|Ster_B1,0.9306939156873054,0.8706198464046242,0.14198712655663592,LOOCV,ln(kobs)_MeCN = 1.70 + 1.12*ln(kobs)_toluene - 0.01*Entry + 0.00*polarizability - 0.28*Ster_B1
indigo_aryl_alkyl,ln(kobs)_MeCN,5,kobs_MeCN|ln(kobs)_toluene|Ar_NBO_=O|HOMO|Ar_v_C=O,0.9686534441042313,0.8704555341195189,0.09549006842591835,LOOCV,ln(kobs)_MeCN = -14.79 + 1.83*kobs_MeCN + 0.46*ln(kobs)_toluene - 9.97*Ar_NBO_=O + 1.98*HOMO + 0.00*Ar_v_C=O
indigo_aryl_alkyl,ln(kobs)_MeCN,5,ln(kobs)_toluene|Ar_NBO_-O|Ster_L|Ar_I_C=O|L_C1-C2,0.9532398427276757,0.8703856970235089,0.11662758172559418,LOOCV,ln(kobs)_MeCN = -30.39 + 0.96*ln(kobs)_toluene - 33.59*Ar_NBO_-O - 0.04*Ster_L + 0.00*Ar_I_C=O + 5.16*L_C1-C2
indigo_aryl_alkyl,ln(kobs)_MeCN,5,ln(kobs)_toluene|HOMO|Ar_NBO_-O|Ar_NBO_C1_x|Energy_C1-O,0.9638534006774613,0.8701910898427606,0.1025408732336973,LOOCV,ln(kobs)_MeCN = -9.05 + 0.88*ln(kobs)_toluene + 4.40*HOMO - 11.25*Ar_NBO_-O + 5.18*Ar_NBO_C1_x + 0.94*Energy_C1-O
indigo_aryl_alkyl,ln(kobs)_MeCN,4,ln(kobs)_toluene|Ster_L|Ster_B1|Ster_B5,0.9263215148610737,0.87016029266513,0.14639749076174136,LOOCV,ln(kobs)_MeCN = 1.52 + 1.09*ln(kobs)_toluene + 0.01*Ster_L - 0.26*Ster_B1 - 0.00*Ster_B5
indigo_aryl_alkyl,ln(kobs)_MeCN,4,kobs_MeCN|kobs_toluene|HOMO|L_C1-C2,0.9386967814542764,0.8701140602617379,0.13353801837098125,LOOCV,ln(kobs)_MeCN = -1.42 + 3.56*kobs_MeCN - 0.06*kobs_toluene + 3.63*HOMO + 0.10*L_C1-C2
indigo_aryl_alkyl,ln(kobs)_MeCN,4,ln(kobs)_toluene|kobs_toluene|HOMO|L_C1-C2,0.9442025899856881,0.8700385271098755,0.12740025851634673,LOOCV,ln(kobs)_MeCN = 12.33 + 1.17*ln(kobs)_toluene - 2.70*kobs_toluene + 4.08*HOMO - 6.37*L_C1-C2
indigo_aryl_alkyl,ln(kobs)_MeCN,4,ln(kobs)_toluene|Entry|Ster_B1|Occupancy_C1-O,0.9299587771176997,0.8700303499593331,0.14273817806163974,LOOCV,ln(kobs)_MeCN = -48.42 + 1.14*ln(kobs)_toluene - 0.01*Entry - 0.24*Ster_B1 + 25.16*Occupancy_C1-O
indigo_aryl_alkyl,ln(kobs)_MeCN,5,kobs_MeCN|ln(kobs)_toluene|Ar_NBO_=O|Ar_v_C=O|Ar_I_C=O,0.9673015183859613,0.8699687072456463,0.09752749784402953,LOOCV,ln(kobs)_MeCN = -14.68 + 1.84*kobs_MeCN + 0.47*ln(kobs)_toluene - 11.60*Ar_NBO_=O + 0.00*Ar_v_C=O + 0.00*Ar_I_C=O
indigo_aryl_alkyl,ln(kobs)_MeCN,4,kobs_MeCN|ln(kobs)_toluene|Ar_NBO_=O|Ar_v_C=O,0.9665344937089384,0.8698916557403076,0.0986647429772839,LOOCV,ln(kobs)_MeCN = -11.62 + 1.92*kobs_MeCN + 0.46*ln(kobs)_toluene - 11.71*Ar_NBO_=O + 0.00*Ar_v_C=O
indigo_aryl_alkyl,ln(kobs)_MeCN,4,kobs_MeCN|Ar_v_C=O|Ar_NBO_-O|Occupancy_C1-O,0.9407831021697745,0.8696023987931989,0.13124601179021836,LOOCV,ln(kobs)_MeCN = -86.66 + 3.59*kobs_MeCN - 0.01*Ar_v_C=O - 13.62*Ar_NBO_-O + 44.63*Occupancy_C1-O
indigo_aryl_alkyl,ln(kobs)_MeCN,4,kobs_MeCN|Ar_v_C=O|LUMO|polarizability,0.9404718810491149,0.8695470888503427,0.13159044897403915,LOOCV,ln(kobs)_MeCN = 13.88 + 3.56*kobs_MeCN - 0.01*Ar_v_C=O + 0.94*LUMO + 0.00*polarizability
indigo_aryl_alkyl,ln(kobs)_MeCN,4,kobs_MeCN|kobs_toluene|Ar_I_C=O|polarizability,0.9361916523696047,0.8695006026102685,0.13623918538957164,LOOCV,ln(kobs)_MeCN = -2.60 + 4.33*kobs_MeCN - 1.37*kobs_toluene - 0.00*Ar_I_C=O + 0.00*polarizability
indigo_aryl_alkyl,ln(kobs)_MeCN,5,kobs_MeCN|ln(kobs)_toluene|Ar_NBO_=O|Entry|L_C1-C2,0.9666260488819709,0.8694582594940159,0.09852968668495801,LOOCV,ln(kobs)_MeCN = -4.54 + 1.85*kobs_MeCN + 0.48*ln(kobs)_toluene - 9.90*Ar_NBO_=O - 0.00*Entry - 1.49*L_C1-C2
indigo_aryl_alkyl,ln(kobs)_MeCN,3,kobs_MeCN|polarizability|Occupancy_C1-O,0.9352260211284301,0.8694566724508157,0.1372661891204416,LOOCV,ln(kobs)_MeCN = -49.51 + 3.88*kobs_MeCN + 0.00*polarizability + 23.52*Occupancy_C1-O
indigo_aryl_alkyl,ln(kobs)_MeCN,4,ln(kobs)_toluene|polarizability|Ster_B1|Ster_B5,0.9281247348743747,0.8694368507060823,0.1445949145206757,LOOCV,ln(kobs)_MeCN = 1.59 + 1.08*ln(kobs)_toluene + 0.00*polarizability - 0.30*Ster_B1 - 0.02*Ster_B5
indigo_aryl_alkyl,ln(kobs)_MeCN,4,kobs_MeCN|HOMO|LUMO|L_C1-C2,0.9394285223253391,0.8694004277693945,0.1327386429544682,LOOCV,ln(kobs)_MeCN = -4.37 + 3.48*kobs_MeCN + 3.46*HOMO + 1.38*LUMO + 2.11*L_C1-C2
indigo_aryl_alkyl,ln(kobs)_MeCN,5,ln(kobs)_toluene|Ar_NBO_-O|LUMO|Ar_I_C=O|Ster_B1,0.9526073727322721,0.8693718661812398,0.11741367500585312,LOOCV,ln(kobs)_MeCN = -12.15 + 0.96*ln(kobs)_toluene - 18.72*Ar_NBO_-O + 1.61*LUMO + 0.00*Ar_I_C=O - 0.18*Ster_B1
indigo_aryl_alkyl,ln(kobs)_MeCN,3,kobs_MeCN|Ar_v_C=O|Ster_B1,0.937564082421698,0.8693624098698819,0.1347660620950939,LOOCV,ln(kobs)_MeCN = 22.02 + 3.57*kobs_MeCN - 0.01*Ar_v_C=O + 0.04*Ster_B1
indigo_aryl_alkyl,ln(kobs)_MeCN,3,ln(kobs)_toluene|Ster_B1|Occupancy_C1-O,0.9264560334484575,0.8692826629189301,0.14626378700449563,LOOCV,ln(kobs)_MeCN = -32.12 + 1.10*ln(kobs)_toluene - 0.25*Ster_B1 + 16.91*Occupancy_C1-O
indigo_aryl_alkyl,ln(kobs)_MeCN,5,ln(kobs)_toluene|kobs_toluene|Ar_NBO_=O|Ster_L|polarizability,0.9510104818055233,0.8692341449311837,0.11937540916119653,LOOCV,ln(kobs)_MeCN = -9.39 + 1.07*ln(kobs)_toluene - 1.59*kobs_toluene - 18.15*Ar_NBO_=O - 0.02*Ster_L - 0.00*polarizability
indigo_aryl_alkyl,ln(kobs)_MeCN,4,ln(kobs)_toluene|Ster_L|Ar_I_C=O|Ster_B1,0.9390597156088862,0.8691164661836254,0.13314213822950596,LOOCV,ln(kobs)_MeCN = 0.97 + 1.05*ln(kobs)_toluene + 0.00*Ster_L + 0.00*Ar_I_C=O - 0.24*Ster_B1
indigo_aryl_alkyl,ln(kobs)_MeCN,4,ln(kobs)_toluene|kobs_toluene|Entry|L_C1-C2,0.9417506071842335,0.8689865254013704,0.13016942617861846,LOOCV,ln(kobs)_MeCN = 24.46 + 1.37*ln(kobs)_toluene - 2.97*kobs_toluene - 0.01*Entry - 14.99*L_C1-C2
indigo_aryl_alkyl,ln(kobs)_MeCN,5,ln(kobs)_toluene|Ar_NBO_=O|Ar_NBO_C1_x|Ar_I_C=O|Ster_B1,0.9523546750251402,0.8689783625610684,0.11772628398000563,LOOCV,ln(kobs)_MeCN = -10.03 + 0.91*ln(kobs)_toluene - 9.84*Ar_NBO_=O + 5.98*Ar_NBO_C1_x + 0.00*Ar_I_C=O - 0.19*Ster_B1
indigo_aryl_alkyl,ln(kobs)_MeCN,5,ln(kobs)_toluene|Ar_NBO_=O|Ster_B1|Occupancy_C1-O|Energy_C1-O,0.9598456127442823,0.8688300338019974,0.10807613137595612,LOOCV,ln(kobs)_MeCN = -168.48 + 0.95*ln(kobs)_toluene - 14.84*Ar_NBO_=O + 0.17*Ster_B1 + 81.11*Occupancy_C1-O + 1.63*Energy_C1-O
indigo_aryl_alkyl,ln(kobs)_MeCN,5,ln(kobs)_toluene|HOMO|Ar_v_C=O|Ar_NBO_C1_x|Ster_B1,0.9546614389933393,0.8688166046186523,0.11484105010490131,LOOCV,ln(kobs)_MeCN = 14.38 + 0.83*ln(kobs)_toluene + 3.61*HOMO - 0.01*Ar_v_C=O + 10.61*Ar_NBO_C1_x - 0.18*Ster_B1
indigo_aryl_alkyl,ln(kobs)_MeCN,4,ln(kobs)_toluene|LUMO|polarizability|Ster_B1,0.9414202901426516,0.8688136480363844,0.13053798277185863,LOOCV,ln(kobs)_MeCN = 1.50 + 0.99*ln(kobs)_toluene + 4.65*LUMO + 0.00*polarizability - 0.26*Ster_B1
indigo_aryl_alkyl,ln(kobs)_MeCN,4,kobs_MeCN|kobs_toluene|Ar_NBO_-O|Occupancy_C1-O,0.9401044847214913,0.8687916808767175,0.13199590006589168,LOOCV,ln(kobs)_MeCN = -131.55 + 3.28*kobs_MeCN + 1.01*kobs_toluene - 24.14*Ar_NBO_-O + 56.27*Occupancy_C1-O
indigo_aryl_alkyl,ln(kobs)_MeCN,5,ln(kobs)_toluene|Ar_NBO_-O|Ster_L|Ar_I_C=O|Energy_C1-O,0.9566772572173398,0.868759642485341,0.11225902375669423,LOOCV,ln(kobs)_MeCN = -13.68 + 0.99*ln(kobs)_toluene - 21.59*Ar_NBO_-O - 0.01*Ster_L + 0.00*Ar_I_C=O + 0.69*Energy_C1-O
indigo_aryl_alkyl,ln(kobs)_MeCN,3,kobs_MeCN|Ar_NBO_C1_x|Ster_B1,0.9280389816284579,0.8687336773835264,0.14468114576475638,LOOCV,ln(kobs)_MeCN = -3.76 + 3.91*kobs_MeCN + 1.48*Ar_NBO_C1_x + 0.04*Ster_B1
indigo_aryl_alkyl,ln(kobs)_MeCN,4,ln(kobs)_toluene|LUMO|Ster_L|L_C1-C2,0.9312858354728938,0.8686558546777191,0.14137949440778474,LOOCV,ln(kobs)_MeCN = 6.58 + 0.95*ln(kobs)_toluene + 4.04*LUMO + 0.00*Ster_L - 3.79*L_C1-C2
indigo_aryl_alkyl,ln(kobs)_MeCN,4,kobs_MeCN|Ar_v_C=O|Occupancy_C1-O|Energy_C1-O,0.9393932662668787,0.8685973839908951,0.13277726806937368,LOOCV,ln(kobs)_MeCN = -44.85 + 3.66*kobs_MeCN - 0.01*Ar_v_C=O + 34.11*Occupancy_C1-O + 0.25*Energy_C1-O
indigo_aryl_alkyl,ln(kobs)_MeCN,5,ln(kobs)_toluene|Ar_NBO_=O|Ster_B5|Occupancy_C1-O|Energy_C1-O,0.958487995055051,0.868584497537557,0.10988796826730925,LOOCV,ln(kobs)_MeCN = -160.53 + 0.95*ln(kobs)_toluene - 15.43*Ar_NBO_=O - 0.00*Ster_B5 + 76.80*Occupancy_C1-O + 1.00*Energy_C1-O
indigo_aryl_alkyl,ln(kobs)_MeCN,4,ln(kobs)_toluene|Ar_v_C=O|Ar_I_C=O|Occupancy_C1-O,0.9343217742224038,0.8685482635546288,0.13822098870086605,LOOCV,ln(kobs)_MeCN = -12.09 + 0.93*ln(kobs)_toluene - 0.01*Ar_v_C=O + 0.00*Ar_I_C=O + 17.21*Occupancy_C1-O
indigo_aryl_alkyl,ln(kobs)_MeCN,5,kobs_MeCN|HOMO|Ster_L|Entry|Energy_C1-O,0.9514046587058149,0.8684562748920831,0.11889418311385429,LOOCV,ln(kobs)_MeCN = -1.32 + 3.51*kobs_MeCN + 1.89*HOMO + 0.03*Ster_L + 0.01*Entry + 0.81*Energy_C1-O
indigo_aryl_alkyl,ln(kobs)_MeCN,3,ln(kobs)_toluene|Entry|Occupancy_C1-O,0.9181601797307009,0.8684035578400953,0.1542927865353994,LOOCV,ln(kobs)_MeCN = -23.60 + 1.09*ln(kobs)_toluene - 0.01*Entry + 12.42*Occupancy_C1-O
indigo_aryl_alkyl,ln(kobs)_MeCN,3,ln(kobs)_toluene|kobs_toluene|Ster_B1,0.9268571018071681,0.8683911649747021,0.14586442064013536,LOOCV,ln(kobs)_MeCN = 1.88 + 1.20*ln(kobs)_toluene - 1.15*kobs_toluene - 0.21*Ster_B1
indigo_aryl_alkyl,ln(kobs)_MeCN,4,ln(kobs)_toluene|kobs_toluene|Entry|Ster_B1,0.9299148593932978,0.8683721367616923,0.14278292138099793,LOOCV,ln(kobs)_MeCN = 2.03 + 1.24*ln(kobs)_toluene - 1.21*kobs_toluene - 0.01*Entry - 0.20*Ster_B1
indigo_aryl_alkyl,ln(kobs)_MeCN,5,ln(kobs)_toluene|kobs_toluene|Ar_NBO_-O|Ar_I_C=O|Ster_B1,0.9518886120340554,0.8683350781170985,0.11830067756442021,LOOCV,ln(kobs)_MeCN = -13.61 + 1.05*ln(kobs)_toluene - 0.87*kobs_toluene - 21.02*Ar_NBO_-O + 0.00*Ar_I_C=O - 0.16*Ster_B1
indigo_aryl_alkyl,ln(kobs)_MeCN,3,ln(kobs)_toluene|Ster_L|Ster_B5,0.9157363587095597,0.8683131755461777,0.15656093280245986,LOOCV,ln(kobs)_MeCN = 1.17 + 1.07*ln(kobs)_toluene - 0.01*Ster_L - 0.01*Ster_B5
indigo_aryl_alkyl,ln(kobs)_MeCN,5,kobs_MeCN|kobs_toluene|Ster_L|Occupancy_C1-O|Energy_C1-O,0.9591193186348375,0.8682367753922817,0.10904916684613558,LOOCV,ln(kobs)_MeCN = -278.37 + 2.83*kobs_MeCN + 3.12*kobs_toluene + 0.08*Ster_L + 139.06*Occupancy_C1-O + 2.01*Energy_C1-O
indigo_aryl_alkyl,ln(kobs)_MeCN,4,ln(kobs)_toluene|kobs_toluene|LUMO|polarizability,0.9391422681947242,0.8681580989439269,0.13305192735555743,LOOCV,ln(kobs)_MeCN = 2.15 + 1.28*ln(kobs)_toluene - 3.28*kobs_toluene + 5.36*LUMO - 0.00*polarizability
indigo_aryl_alkyl,ln(kobs)_MeCN,3,ln(kobs)_toluene|Ar_NBO_C1_x|Ster_B1,0.9278603039001365,0.8681316994504424,0.14486065455904285,LOOCV,ln(kobs)_MeCN = -2.12 + 1.07*ln(kobs)_toluene + 4.50*Ar_NBO_C1_x - 0.24*Ster_B1
indigo_aryl_alkyl,ln(kobs)_MeCN,4,kobs_MeCN|Entry|Ar_I_C=O|Occupancy_C1-O,0.9335689282294397,0.8681308380648478,0.13901092033404303,LOOCV,ln(kobs)_MeCN = -22.22 + 3.84*kobs_MeCN + 0.01*Entry + 0.00*Ar_I_C=O + 9.85*Occupancy_C1-O
indigo_aryl_alkyl,ln(kobs)_MeCN,4,kobs_MeCN|kobs_toluene|Ar_NBO_C1_x|polarizability,0.9361850500995949,0.8679760272179728,0.13624623356316412,LOOCV,ln(kobs)_MeCN = -2.40 + 4.32*kobs_MeCN - 1.35*kobs_toluene - 0.26*Ar_NBO_C1_x + 0.00*polarizability
indigo_aryl_alkyl,ln(kobs)_MeCN,5,kobs_MeCN|ln(kobs)_toluene|LUMO|Ster_B1|Energy_C1-O,0.9704246719238689,0.8679565363998367,0.09275302331285429,LOOCV,ln(kobs)_MeCN = 0.61 + 1.80*kobs_MeCN + 0.57*ln(kobs)_toluene + 2.36*LUMO + 0.20*Ster_B1 + 1.37*Energy_C1-O
indigo_aryl_alkyl,ln(kobs)_MeCN,3,ln(kobs)_toluene|kobs_toluene|Ar_I_C=O,0.9345010474642984,0.8678981422524878,0.1380322179417288,LOOCV,ln(kobs)_MeCN = 1.37 + 1.28*ln(kobs)_toluene - 2.88*kobs_toluene + 0.00*Ar_I_C=O
indigo_aryl_alkyl,ln(kobs)_MeCN,4,kobs_MeCN|HOMO|polarizability|Occupancy_C1-O,0.9395634988109135,0.8677543928928533,0.1325906641646778,LOOCV,ln(kobs)_MeCN = -36.58 + 3.61*kobs_MeCN + 2.96*HOMO + 0.00*polarizability + 17.58*Occupancy_C1-O
indigo_aryl_alkyl,ln(kobs)_MeCN,4,kobs_MeCN|kobs_toluene|Ster_L|polarizability,0.9376364501066247,0.8677194952159937,0.1346879377080502,LOOCV,ln(kobs)_MeCN = -2.71 + 4.28*kobs_MeCN - 1.37*kobs_toluene + 0.02*Ster_L + 0.00*polarizability
indigo_aryl_alkyl,ln(kobs)_MeCN,4,ln(kobs)_toluene|LUMO|L_C1-C2|Ster_B5,0.9317929693519861,0.8676662640951148,0.14085681388141238,LOOCV,ln(kobs)_MeCN = 6.39 + 0.97*ln(kobs)_toluene + 4.00*LUMO - 3.62*L_C1-C2 - 0.01*Ster_B5
indigo_aryl_alkyl,ln(kobs)_MeCN,4,kobs_MeCN|kobs_toluene|LUMO|polarizability,0.9397682312043849,0.8676490285061487,0.13236589410132676,LOOCV,ln(kobs)_MeCN = -2.46 + 4.12*kobs_MeCN - 1.33*kobs_toluene + 2.40*LUMO + 0.00*polarizability
indigo_aryl_alkyl,ln(kobs)_MeCN,5,ln(kobs)_toluene|kobs_toluene|HOMO|Entry|Ster_B1,0.9546741113630688,0.8674463767096277,0.11482499964012526,LOOCV,ln(kobs)_MeCN = 3.42 + 1.13*ln(kobs)_toluene - 1.53*kobs_toluene + 5.39*HOMO - 0.01*Entry - 0.14*Ster_B1
indigo_aryl_alkyl,ln(kobs)_MeCN,4,kobs_MeCN|kobs_toluene|polarizability|Ster_B5,0.9364805491536583,0.8674016228933367,0.1359304192535236,LOOCV,ln(kobs)_MeCN = -2.61 + 4.32*kobs_MeCN - 1.33*kobs_toluene + 0.00*polarizability + 0.01*Ster_B5
indigo_aryl_alkyl,ln(kobs)_MeCN,4,ln(kobs)_toluene|Ar_NBO_-O|L_C1-C2|Ster_B5,0.9414389529624995,0.8673582664981321,0.13051718716763427,LOOCV,ln(kobs)_MeCN = -14.05 + 0.93*ln(kobs)_toluene - 26.82*Ar_NBO_-O - 2.70*L_C1-C2 - 0.00*Ster_B5
indigo_aryl_alkyl,ln(kobs)_MeCN,5,ln(kobs)_toluene|LUMO|Ar_NBO_C1_x|polarizability|L_C1-C2,0.9538859585554769,0.867358002645576,0.11581901892170507,LOOCV,ln(kobs)_MeCN = 3.65 + 0.81*ln(kobs)_toluene + 5.40*LUMO + 19.35*Ar_NBO_C1_x - 0.00*polarizability - 12.45*L_C1-C2
indigo_aryl_alkyl,ln(kobs)_MeCN,5,ln(kobs)_toluene|HOMO|Ar_I_C=O|polarizability|Ster_B1,0.956487348864412,0.8673267270987264,0.11250480244868734,LOOCV,ln(kobs)_MeCN = 2.99 + 0.90*ln(kobs)_toluene + 7.15*HOMO + 0.00*Ar_I_C=O - 0.00*polarizability + 0.01*Ster_B1
indigo_aryl_alkyl,ln(kobs)_MeCN,4,ln(kobs)_toluene|kobs_toluene|Ar_NBO_=O|Ar_NBO_-O,0.9431358910521819,0.8673202708321375,0.1286122713477967,LOOCV,ln(kobs)_MeCN = -15.39 + 1.06*ln(kobs)_toluene - 1.52*kobs_toluene - 5.18*Ar_NBO_=O - 19.23*Ar_NBO_-O
indigo_aryl_alkyl,ln(kobs)_MeCN,5,kobs_MeCN|ln(kobs)_toluene|Ar_NBO_=O|Ar_v_C=O|Occupancy_C1-O,0.9710234164554614,0.8672955036887418,0.0918093427959229,LOOCV,ln(kobs)_MeCN = -134.91 + 1.92*kobs_MeCN + 0.45*ln(kobs)_toluene - 16.46*Ar_NBO_=O + 0.01*Ar_v_C=O + 56.74*Occupancy_C1-O
indigo_aryl_alkyl,ln(kobs)_MeCN,4,ln(kobs)_toluene|Ar_I_C=O|polarizability|Ster_B1,0.9392817205995493,0.8672529588616799,0.1328993990571462,LOOCV,ln(kobs)_MeCN = 0.96 + 1.05*ln(kobs)_toluene + 0.00*Ar_I_C=O - 0.00*polarizability - 0.21*Ster_B1
indigo_aryl_alkyl,ln(kobs)_MeCN,5,ln(kobs)_toluene|Ar_NBO_=O|Ster_L|Ar_I_C=O|Ster_B1,0.951976680564647,0.8671866391993255,0.11819235249335519,LOOCV,ln(kobs)_MeCN = -7.55 + 0.93*ln(kobs)_toluene - 14.06*Ar_NBO_=O - 0.02*Ster_L + 0.00*Ar_I_C=O - 0.10*Ster_B1
indigo_aryl_alkyl,ln(kobs)_MeCN,5,ln(kobs)_toluene|kobs_toluene|Ar_NBO_=O|Ster_L|Ar_I_C=O,0.9540307955344987,0.8671161033462284,0.11563699118320137,LOOCV,ln(kobs)_MeCN = -7.37 + 1.13*ln(kobs)_toluene - 2.12*kobs_toluene - 14.72*Ar_NBO_=O - 0.03*Ster_L + 0.00*Ar_I_C=O
indigo_aryl_alkyl,ln(kobs)_MeCN,5,ln(kobs)_toluene|kobs_toluene|Ar_NBO_-O|Ster_B1|Occupancy_C1-O,0.9539855666407113,0.8670425407611841,0.11569386455537797,LOOCV,ln(kobs)_MeCN = -161.96 + 0.96*ln(kobs)_toluene + 0.20*kobs_toluene - 32.78*Ar_NBO_-O - 0.20*Ster_B1 + 70.28*Occupancy_C1-O
indigo_aryl_alkyl,ln(kobs)_MeCN,4,ln(kobs)_toluene|LUMO|L_C1-C2|Occupancy_C1-O,0.9314481489516642,0.867037283651906,0.1412124155724925,LOOCV,ln(kobs)_MeCN = 26.59 + 0.95*ln(kobs)_toluene + 4.13*LUMO - 3.62*L_C1-C2 - 10.16*Occupancy_C1-O
indigo_aryl_alkyl,ln(kobs)_MeCN,4,ln(kobs)_toluene|Ar_NBO_=O|Ar_NBO_-O|Ster_B5,0.9419492609568275,0.8669715075305737,0.12994727165392322,LOOCV,ln(kobs)_MeCN = -14.05 + 0.90*ln(kobs)_toluene - 9.07*Ar_NBO_=O - 13.28*Ar_NBO_-O - 0.01*Ster_B5
indigo_aryl_alkyl,ln(kobs)_MeCN,4,kobs_MeCN|polarizability|L_C1-C2|Ster_B5,0.9361476082720377,0.8667871769522216,0.1362861972389448,LOOCV,ln(kobs)_MeCN = 3.52 + 3.81*kobs_MeCN + 0.00*polarizability - 4.12*L_C1-C2 + 0.01*Ster_B5
indigo_aryl_alkyl,ln(kobs)_MeCN,5,kobs_MeCN|ln(kobs)_toluene|Ar_NBO_=O|Ar_NBO_-O|L_C1-C2,0.9667874206598261,0.8667771250713772,0.09829118964096652,LOOCV,ln(kobs)_MeCN = -9.07 + 1.87*kobs_MeCN + 0.48*ln(kobs)_toluene - 6.92*Ar_NBO_=O - 7.09*Ar_NBO_-O - 0.60*L_C1-C2
indigo_aryl_alkyl,ln(kobs)_MeCN,5,ln(kobs)_toluene|kobs_toluene|Ar_NBO_-O|Ar_I_C=O|Occupancy_C1-O,0.9513495188451034,0.8666624721334543,0.11896161704784852,LOOCV,ln(kobs)_MeCN = -125.03 + 1.08*ln(kobs)_toluene - 1.51*kobs_toluene - 28.24*Ar_NBO_-O + 0.00*Ar_I_C=O + 53.27*Occupancy_C1-O
indigo_aryl_alkyl,ln(kobs)_MeCN,5,ln(kobs)_toluene|Ar_NBO_=O|Ar_NBO_C1_x|Ster_B1|Occupancy_C1-O,0.9541388773930253,0.8666249329398196,0.11550096951249575,LOOCV,ln(kobs)_MeCN = -165.66 + 0.90*ln(kobs)_toluene - 16.33*Ar_NBO_=O + 6.84*Ar_NBO_C1_x - 0.20*Ster_B1 + 75.92*Occupancy_C1-O
indigo_aryl_alkyl,ln(kobs)_MeCN,4,kobs_MeCN|LUMO|polarizability|L_C1-C2,0.937923053218287,0.8665064671402274,0.1343780897685089,LOOCV,ln(kobs)_MeCN = -2.03 + 3.66*kobs_MeCN + 2.34*LUMO + 0.00*polarizability - 0.29*L_C1-C2
indigo_aryl_alkyl,ln(kobs)_MeCN,4,ln(kobs)_toluene|kobs_toluene|Ar_NBO_=O|LUMO,0.9460584095604431,0.8664865549938694,0.1252636789556162,LOOCV,ln(kobs)_MeCN = -4.33 + 1.12*ln(kobs)_toluene - 2.46*kobs_toluene - 9.83*Ar_NBO_=O + 3.29*LUMO
indigo_aryl_alkyl,ln(kobs)_MeCN,4,kobs_MeCN|LUMO|Ar_NBO_C1_x|L_C1-C2,0.935029911555427,0.8664850181193279,0.1374738255035276,LOOCV,ln(kobs)_MeCN = -3.27 + 3.43*kobs_MeCN + 3.37*LUMO + 9.78*Ar_NBO_C1_x - 4.59*L_C1-C2
indigo_aryl_alkyl,ln(kobs)_MeCN,3,ln(kobs)_toluene|L_C1-C2|Ster_B5,0.9251039643353853,0.8664519893783689,0.14760215705919927,LOOCV,ln(kobs)_MeCN = 16.50 + 1.02*ln(kobs)_toluene - 10.46*L_C1-C2 - 0.01*Ster_B5
indigo_aryl_alkyl,ln(kobs)_MeCN,3,kobs_MeCN|LUMO|Ster_B1,0.9310013195900594,0.866442510538845,0.14167188797470012,LOOCV,ln(kobs)_MeCN = -2.44 + 3.76*kobs_MeCN + 2.25*LUMO + 0.04*Ster_B1
indigo_aryl_alkyl,ln(kobs)_MeCN,4,kobs_MeCN|kobs_toluene|Entry|Occupancy_C1-O,0.9353785485437702,0.8664130450432913,0.13710447914619003,LOOCV,ln(kobs)_MeCN = -15.97 + 4.30*kobs_MeCN - 1.34*kobs_toluene + 0.01*Entry + 6.72*Occupancy_C1-O
indigo_aryl_alkyl,ln(kobs)_MeCN,4,kobs_MeCN|kobs_toluene|Ar_v_C=O|polarizability,0.9411509774674418,0.8664113341900099,0.1308377044698376,LOOCV,ln(kobs)_MeCN = 16.16 + 3.95*kobs_MeCN - 1.01*kobs_toluene - 0.01*Ar_v_C=O + 0.00*polarizability
indigo_aryl_alkyl,ln(kobs)_MeCN,4,kobs_MeCN|Ar_NBO_-O|Entry|Ster_B1,0.9415024649495681,0.8663765746805239,0.13044639220154802,LOOCV,ln(kobs)_MeCN = -14.55 + 3.53*kobs_MeCN - 17.14*Ar_NBO_-O + 0.01*Entry + 0.04*Ster_B1
indigo_aryl_alkyl,ln(kobs)_MeCN,5,ln(kobs)_toluene|HOMO|Ar_v_C=O|Ar_NBO_-O|Ster_B1,0.955320416534324,0.8662634189387488,0.11400341130573381,LOOCV,ln(kobs)_MeCN = -27.46 + 0.92*ln(kobs)_toluene + 3.69*HOMO + 0.01*Ar_v_C=O - 24.53*Ar_NBO_-O - 0.17*Ster_B1
indigo_aryl_alkyl,ln(kobs)_MeCN,5,kobs_MeCN|ln(kobs)_toluene|Entry|polarizability|Energy_C1-O,0.9719059518059325,0.8662600193960749,0.09040042049143136,LOOCV,ln(kobs)_MeCN = 0.41 + 2.09*kobs_MeCN + 0.53*ln(kobs)_toluene + 0.00*Entry + 0.00*polarizability + 1.26*Energy_C1-O
indigo_aryl_alkyl,ln(kobs)_MeCN,4,ln(kobs)_toluene|Ar_v_C=O|Ster_B1|Occupancy_C1-O,0.9392046195794801,0.8662454748983051,0.13298375115465536,LOOCV,ln(kobs)_MeCN = -26.15 + 0.99*ln(kobs)_toluene - 0.02*Ar_v_C=O - 0.22*Ster_B1 + 27.79*Occupancy_C1-O
indigo_aryl_alkyl,ln(kobs)_MeCN,4,kobs_MeCN|kobs_toluene|Ar_v_C=O|LUMO,0.937178282221339,0.8662273007273967,0.1351817899751572,LOOCV,ln(kobs)_MeCN = 21.52 + 3.66*kobs_MeCN - 0.19*kobs_toluene - 0.01*Ar_v_C=O + 0.14*LUMO
indigo_aryl_alkyl,ln(kobs)_MeCN,5,ln(kobs)_toluene|Ar_NBO_=O|LUMO|Ster_L|Ar_I_C=O,0.9511313323756831,0.8662252233879568,0.11922807668175546,LOOCV,ln(kobs)_MeCN = -10.03 + 0.92*ln(kobs)_toluene - 17.96*Ar_NBO_=O - 1.30*LUMO - 0.04*Ster_L + 0.00*Ar_I_C=O
indigo_aryl_alkyl,ln(kobs)_MeCN,3,ln(kobs)_toluene|kobs_toluene|Ar_v_C=O,0.9337719262334929,0.8659991500127134,0.13879836520542038,LOOCV,ln(kobs)_MeCN = 31.15 + 1.17*ln(kobs)_toluene - 2.46*kobs_toluene - 0.02*Ar_v_C=O
indigo_aryl_alkyl,ln(kobs)_MeCN,4,kobs_MeCN|Ar_v_C=O|Ar_NBO_-O|Ster_B1,0.9387528592125912,0.8659632460445066,0.13347692674944608,LOOCV,ln(kobs)_MeCN = 8.12 + 3.53*kobs_MeCN - 0.01*Ar_v_C=O - 8.84*Ar_NBO_-O + 0.06*Ster_B1
indigo_aryl_alkyl,ln(kobs)_MeCN,5,ln(kobs)_toluene|HOMO|Ar_NBO_C1_x|Ster_B1|Energy_C1-O,0.9649135441161769,0.8657874458197987,0.10102597255400146,LOOCV,ln(kobs)_MeCN = -0.29 + 0.87*ln(kobs)_toluene + 5.80*HOMO + 5.33*Ar_NBO_C1_x + 0.28*Ster_B1 + 1.97*Energy_C1-O
indigo_aryl_alkyl,ln(kobs)_MeCN,4,kobs_MeCN|Ster_L|polarizability|Occupancy_C1-O,0.9389278327598048,0.8657575745694169,0.13328612898105974,LOOCV,ln(kobs)_MeCN = -105.62 + 3.83*kobs_MeCN + 0.04*Ster_L - 0.00*polarizability + 51.56*Occupancy_C1-O
indigo_aryl_alkyl,ln(kobs)_MeCN,4,kobs_MeCN|Ar_NBO_C1_x|Entry|L_C1-C2,0.9389309048676959,0.8657354876347165,0.13328277659865206,LOOCV,ln(kobs)_MeCN = -0.15 + 3.47*kobs_MeCN + 10.67*Ar_NBO_C1_x + 0.01*Entry - 7.35*L_C1-C2
indigo_aryl_alkyl,ln(kobs)_MeCN,4,kobs_MeCN|kobs_toluene|LUMO|Ar_I_C=O,0.93074483042683,0.8657273259651375,0.1419349625522884,LOOCV,ln(kobs)_MeCN = -2.43 + 3.83*kobs_MeCN - 0.14*kobs_toluene + 2.04*LUMO + 0.00*Ar_I_C=O
indigo_aryl_alkyl,ln(kobs)_MeCN,5,kobs_MeCN|ln(kobs)_toluene|Ar_NBO_C1_x|polarizability|Ster_B1,0.9608432546168088,0.8655870657488733,0.10672510298924674,LOOCV,ln(kobs)_MeCN = -1.07 + 2.13*kobs_MeCN + 0.52*ln(kobs)_toluene + 0.66*Ar_NBO_C1_x + 0.00*polarizability - 0.18*Ster_B1
indigo_aryl_alkyl,ln(kobs)_MeCN,4,kobs_MeCN|Ar_NBO_C1_x|polarizability|Occupancy_C1-O,0.9354911664017356,0.8654851437821202,0.13698495888315418,LOOCV,ln(kobs)_MeCN = -59.30 + 3.85*kobs_MeCN + 1.82*Ar_NBO_C1_x + 0.00*polarizability + 27.70*Occupancy_C1-O
indigo_aryl_alkyl,ln(kobs)_MeCN,5,ln(kobs)_toluene|HOMO|Ster_L|Entry|Ster_B1,0.9550875234440724,0.8653380447651677,0.11430014748487623,LOOCV,ln(kobs)_MeCN = 3.24 + 1.00*ln(kobs)_toluene + 5.91*HOMO - 0.02*Ster_L - 0.01*Entry - 0.12*Ster_B1
indigo_aryl_alkyl,ln(kobs)_MeCN,4,kobs_MeCN|Ar_NBO_C1_x|Ster_L|Ster_B1,0.9374604891407483,0.86530926345028,0.1348778172588795,LOOCV,ln(kobs)_MeCN = 0.04 + 3.86*kobs_MeCN - 3.35*Ar_NBO_C1_x + 0.04*Ster_L - 0.10*Ster_B1
indigo_aryl_alkyl,ln(kobs)_MeCN,5,ln(kobs)_toluene|LUMO|Ar_NBO_C1_x|L_C1-C2|Ster_B5,0.9535833255036089,0.8652744489165218,0.11619844071131004,LOOCV,ln(kobs)_MeCN = 3.57 + 0.79*ln(kobs)_toluene + 5.55*LUMO + 19.80*Ar_NBO_C1_x - 12.71*L_C1-C2 + 0.00*Ster_B5
indigo_aryl_alkyl,ln(kobs)_MeCN,4,kobs_MeCN|LUMO|polarizability|Occupancy_C1-O,0.9382819476410104,0.8652422361917812,0.13398907695528264,LOOCV,ln(kobs)_MeCN = -32.57 + 3.69*kobs_MeCN + 2.26*LUMO + 0.00*polarizability + 15.10*Occupancy_C1-O
indigo_aryl_alkyl,ln(kobs)_MeCN,5,ln(kobs)_toluene|kobs_toluene|Ar_NBO_-O|Ster_L|Occupancy_C1-O,0.9523498299018684,0.8650671888146014,0.11773226970744138,LOOCV,ln(kobs)_MeCN = -105.68 + 1.09*ln(kobs)_toluene - 1.26*kobs_toluene - 35.53*Ar_NBO_-O - 0.03*Ster_L + 41.26*Occupancy_C1-O
indigo_aryl_alkyl,ln(kobs)_MeCN,4,ln(kobs)_toluene|Ar_v_C=O|LUMO|polarizability,0.9358568997097679,0.8650366968405043,0.13659608830602346,LOOCV,ln(kobs)_MeCN = 23.47 + 0.93*ln(kobs)_toluene - 0.01*Ar_v_C=O + 2.65*LUMO - 0.00*polarizability
indigo_aryl_alkyl,ln(kobs)_MeCN,4,kobs_MeCN|Ar_v_C=O|Ar_I_C=O|Ster_B1,0.9376101554195094,0.8649622955071994,0.13471632932423705,LOOCV,ln(kobs)_MeCN = 22.78 + 3.57*kobs_MeCN - 0.01*Ar_v_C=O - 0.00*Ar_I_C=O + 0.04*Ster_B1
indigo_aryl_alkyl,ln(kobs)_MeCN,3,ln(kobs)_toluene|kobs_toluene|Entry,0.9229764756408713,0.8649411557837813,0.1496838628594159,LOOCV,ln(kobs)_MeCN = 2.02 + 1.33*ln(kobs)_toluene - 2.53*kobs_toluene - 0.01*Entry
indigo_aryl_alkyl,ln(kobs)_MeCN,4,ln(kobs)_toluene|kobs_toluene|Ar_NBO_=O|Occupancy_C1-O,0.9440875895902127,0.8649117620923714,0.12753147911227417,LOOCV,ln(kobs)_MeCN = -101.19 + 1.03*ln(kobs)_toluene - 1.49*kobs_toluene - 16.50*Ar_NBO_=O + 46.34*Occupancy_C1-O
indigo_aryl_alkyl,ln(kobs)_MeCN,4,ln(kobs)_toluene|Ar_NBO_=O|Occupancy_C1-O|Energy_C1-O,0.9582846435279013,0.8648834265483083,0.11015678914232635,LOOCV,ln(kobs)_MeCN = -156.09 + 0.96*ln(kobs)_toluene - 14.95*Ar_NBO_=O + 74.74*Occupancy_C1-O + 1.06*Energy_C1-O
indigo_aryl_alkyl,ln(kobs)_MeCN,5,ln(kobs)_toluene|kobs_toluene|HOMO|Ar_NBO_-O|Ar_I_C=O,0.9516820941808665,0.8648665789876588,0.11855430816430772,LOOCV,ln(kobs)_MeCN = -11.28 + 1.06*ln(kobs)_toluene - 1.89*kobs_toluene + 2.73*HOMO - 18.89*Ar_NBO_-O + 0.00*Ar_I_C=O
indigo_aryl_alkyl,ln(kobs)_MeCN,4,ln(kobs)_toluene|kobs_toluene|Ar_I_C=O|polarizability,0.9390787612184481,0.8648293394928049,0.1331213312102825,LOOCV,ln(kobs)_MeCN = 1.44 + 1.30*ln(kobs)_toluene - 2.79*kobs_toluene + 0.00*Ar_I_C=O - 0.00*polarizability
indigo_aryl_alkyl,ln(kobs)_MeCN,4,kobs_MeCN|kobs_toluene|Ar_NBO_=O|L_C1-C2,0.9432502588264644,0.864805717659691,0.12848287072192807,LOOCV,ln(kobs)_MeCN = -15.06 + 3.32*kobs_MeCN + 0.26*kobs_toluene - 13.67*Ar_NBO_=O + 3.02*L_C1-C2
indigo_aryl_alkyl,ln(kobs)_MeCN,4,kobs_MeCN|kobs_toluene|Ster_B5|Occupancy_C1-O,0.9349436180360495,0.8647618002624753,0.13756509183830556,LOOCV,ln(kobs)_MeCN = -14.78 + 4.28*kobs_MeCN - 1.02*kobs_toluene + 0.03*Ster_B5 + 6.11*Occupancy_C1-O
indigo_aryl_alkyl,ln(kobs)_MeCN,3,kobs_MeCN|Ster_B1|Energy_C1-O,0.9360857151796873,0.8647314966691578,0.1363522333800201,LOOCV,ln(kobs)_MeCN = -1.67 + 3.90*kobs_MeCN + 0.38*Ster_B1 + 1.42*Energy_C1-O
indigo_aryl_alkyl,ln(kobs)_MeCN,4,ln(kobs)_toluene|Ar_NBO_-O|LUMO|Ster_B5,0.9436570858937402,0.8647312796505218,0.12802150892149827,LOOCV,ln(kobs)_MeCN = -15.76 + 0.91*ln(kobs)_toluene - 23.61*Ar_NBO_-O + 2.31*LUMO - 0.00*Ster_B5
indigo_aryl_alkyl,ln(kobs)_MeCN,4,ln(kobs)_toluene|polarizability|L_C1-C2|Ster_B1,0.9359863828334043,0.8647225916994075,0.13645814811381854,LOOCV,ln(kobs)_MeCN = 16.34 + 1.06*ln(kobs)_toluene + 0.00*polarizability - 10.02*L_C1-C2 - 0.26*Ster_B1
indigo_aryl_alkyl,ln(kobs)_MeCN,4,ln(kobs)_toluene|kobs_toluene|HOMO|Ar_I_C=O,0.9432200787515121,0.8646174175239768,0.1285170304131071,LOOCV,ln(kobs)_MeCN = 2.54 + 1.17*ln(kobs)_toluene - 2.67*kobs_toluene + 3.76*HOMO + 0.00*Ar_I_C=O
indigo_aryl_alkyl,ln(kobs)_MeCN,3,kobs_MeCN|LUMO|Energy_C1-O,0.9311278700561924,0.8645775240863594,0.14154190815746007,LOOCV,ln(kobs)_MeCN = -2.19 + 3.81*kobs_MeCN + 2.17*LUMO + 0.18*Energy_C1-O
indigo_aryl_alkyl,ln(kobs)_MeCN,5,ln(kobs)_toluene|Ar_NBO_=O|Ster_L|Ster_B1|Occupancy_C1-O,0.9513730029398468,0.8645496897698857,0.11893290157537645,LOOCV,ln(kobs)_MeCN = -99.87 + 0.93*ln(kobs)_toluene - 17.48*Ar_NBO_=O - 0.02*Ster_L - 0.13*Ster_B1 + 45.39*Occupancy_C1-O
indigo_aryl_alkyl,ln(kobs)_MeCN,5,ln(kobs)_toluene|Ar_NBO_=O|Ar_NBO_C1_x|Ar_I_C=O|Energy_C1-O,0.956601046590117,0.8644744523544399,0.11235771985566367,LOOCV,ln(kobs)_MeCN = -7.53 + 0.93*ln(kobs)_toluene - 8.67*Ar_NBO_=O + 4.55*Ar_NBO_C1_x + 0.00*Ar_I_C=O + 0.88*Energy_C1-O
indigo_aryl_alkyl,ln(kobs)_MeCN,4,kobs_MeCN|Entry|L_C1-C2|Ster_B5,0.936506722616407,0.8642386224048456,0.13590241101123374,LOOCV,ln(kobs)_MeCN = 1.40 + 3.81*kobs_MeCN + 0.00*Entry - 2.69*L_C1-C2 + 0.02*Ster_B5
indigo_aryl_alkyl,ln(kobs)_MeCN,4,kobs_MeCN|LUMO|Entry|Occupancy_C1-O,0.9349183495006498,0.8642133138955668,0.1375918050585827,LOOCV,ln(kobs)_MeCN = -11.75 + 3.73*kobs_MeCN + 1.54*LUMO + 0.01*Entry + 4.66*Occupancy_C1-O
indigo_aryl_alkyl,ln(kobs)_MeCN,5,ln(kobs)_toluene|Ar_NBO_=O|HOMO|Ster_L|Energy_C1-O,0.9605910105240606,0.8641500142179763,0.1070683077208685,LOOCV,ln(kobs)_MeCN = -1.43 + 0.92*ln(kobs)_toluene - 7.31*Ar_NBO_=O + 3.80*HOMO - 0.02*Ster_L + 0.84*Energy_C1-O
indigo_aryl_alkyl,ln(kobs)_MeCN,5,ln(kobs)_toluene|Ar_NBO_=O|Ar_NBO_C1_x|L_C1-C2|Occupancy_C1-O,0.9512200297873142,0.8640079038808516,0.11911982710980562,LOOCV,ln(kobs)_MeCN = -132.87 + 0.83*ln(kobs)_toluene - 11.11*Ar_NBO_=O + 14.30*Ar_NBO_C1_x - 12.57*L_C1-C2 + 67.13*Occupancy_C1-O
indigo_aryl_alkyl,ln(kobs)_MeCN,3,kobs_MeCN|Ar_NBO_C1_x|L_C1-C2,0.9310091413377178,0.8639291258768446,0.14166385772573278,LOOCV,ln(kobs)_MeCN = 3.98 + 3.71*kobs_MeCN + 6.73*Ar_NBO_C1_x - 7.97*L_C1-C2
indigo_aryl_alkyl,ln(kobs)_MeCN,4,kobs_MeCN|Ar_I_C=O|polarizability|Occupancy_C1-O,0.9353224935282961,0.8638915902909554,0.13716393098146604,LOOCV,ln(kobs)_MeCN = -49.87 + 3.87*kobs_MeCN + 0.00*Ar_I_C=O + 0.00*polarizability + 23.68*Occupancy_C1-O
indigo_aryl_alkyl,ln(kobs)_MeCN,5,kobs_MeCN|ln(kobs)_toluene|Ar_NBO_=O|Ar_v_C=O|Ar_NBO_C1_x,0.9665380014777457,0.8638164518463718,0.09865957194872672,LOOCV,ln(kobs)_MeCN = -10.72 + 1.91*kobs_MeCN + 0.46*ln(kobs)_toluene - 11.40*Ar_NBO_=O + 0.00*Ar_v_C=O + 0.31*Ar_NBO_C1_x
indigo_aryl_alkyl,ln(kobs)_MeCN,4,ln(kobs)_toluene|kobs_toluene|Ar_NBO_-O|Ster_B5,0.942608667267512,0.8638164130822014,0.12920711933273685,LOOCV,ln(kobs)_MeCN = -18.17 + 1.08*ln(kobs)_toluene - 1.48*kobs_toluene - 27.73*Ar_NBO_-O - 0.00*Ster_B5
indigo_aryl_alkyl,ln(kobs)_MeCN,4,kobs_MeCN|LUMO|Ar_I_C=O|Occupancy_C1-O,0.9309197971231757,0.8637683629921744,0.14175555647605848,LOOCV,ln(kobs)_MeCN = -24.76 + 3.81*kobs_MeCN + 1.88*LUMO + 0.00*Ar_I_C=O + 11.18*Occupancy_C1-O
indigo_aryl_alkyl,ln(kobs)_MeCN,3,ln(kobs)_toluene|Ster_B5|Occupancy_C1-O,0.9150300847705682,0.8636803413732935,0.15721568833586502,LOOCV,ln(kobs)_MeCN = -14.93 + 1.05*ln(kobs)_toluene - 0.01*Ster_B5 + 8.02*Occupancy_C1-O
indigo_aryl_alkyl,ln(kobs)_MeCN,3,kobs_MeCN|Ar_I_C=O|Ster_B1,0.9289390332466916,0.8636471904072021,0.143773499849772,LOOCV,ln(kobs)_MeCN = -2.70 + 3.88*kobs_MeCN + 0.00*Ar_I_C=O + 0.04*Ster_B1
indigo_aryl_alkyl,ln(kobs)_MeCN,4,ln(kobs)_toluene|kobs_toluene|Ar_NBO_C1_x|Ar_I_C=O,0.9389312884405603,0.8635576716259239,0.13328235802575064,LOOCV,ln(kobs)_MeCN = -4.63 + 1.21*ln(kobs)_toluene - 2.62*kobs_toluene + 7.15*Ar_NBO_C1_x + 0.00*Ar_I_C=O
indigo_aryl_alkyl,ln(kobs)_MeCN,4,kobs_MeCN|Ar_v_C=O|LUMO|Occupancy_C1-O,0.9384331034639263,0.8635479577099643,0.13382489772129302,LOOCV,ln(kobs)_MeCN = -34.54 + 3.63*kobs_MeCN - 0.01*Ar_v_C=O - 0.42*LUMO + 29.63*Occupancy_C1-O
indigo_aryl_alkyl,ln(kobs)_MeCN,4,kobs_MeCN|LUMO|L_C1-C2|Ster_B5,0.936812726924481,0.8634527701398961,0.13557452629160618,LOOCV,ln(kobs)_MeCN = -0.94 + 3.74*kobs_MeCN + 1.99*LUMO - 1.03*L_C1-C2 + 0.02*Ster_B5
indigo_aryl_alkyl,ln(kobs)_MeCN,4,kobs_MeCN|Ar_NBO_=O|L_C1-C2|Ster_B1,0.9438655650849396,0.8633618968283375,0.12778443779942333,LOOCV,ln(kobs)_MeCN = -15.08 + 3.38*kobs_MeCN - 13.68*Ar_NBO_=O + 2.97*L_C1-C2 + 0.05*Ster_B1
indigo_aryl_alkyl,ln(kobs)_MeCN,4,kobs_MeCN|Ar_NBO_=O|Entry|L_C1-C2,0.949049884505566,0.8633416842706624,0.12174072266120685,LOOCV,ln(kobs)_MeCN = -19.59 + 3.29*kobs_MeCN - 14.03*Ar_NBO_=O + 0.01*Entry + 5.89*L_C1-C2
indigo_aryl_alkyl,ln(kobs)_MeCN,4,ln(kobs)_toluene|kobs_toluene|Ar_v_C=O|Ar_NBO_-O,0.942895510694295,0.8632259664020245,0.12888382453644345,LOOCV,ln(kobs)_MeCN = -9.86 + 1.08*ln(kobs)_toluene - 1.58*kobs_toluene - 0.00*Ar_v_C=O - 24.64*Ar_NBO_-O
indigo_aryl_alkyl,ln(kobs)_MeCN,3,kobs_MeCN|Entry|L_C1-C2,0.9335364193942676,0.86321799402616,0.13904492949755867,LOOCV,ln(kobs)_MeCN = -0.70 + 3.82*kobs_MeCN + 0.01*Entry - 1.25*L_C1-C2
indigo_aryl_alkyl,ln(kobs)_MeCN,5,ln(kobs)_toluene|HOMO|Ar_NBO_-O|LUMO|Energy_C1-O,0.9627775586131997,0.8631357811593496,0.1040556619626519,LOOCV,ln(kobs)_MeCN = -4.41 + 0.91*ln(kobs)_toluene + 3.57*HOMO - 10.45*Ar_NBO_-O + 1.53*LUMO + 0.97*Energy_C1-O
indigo_aryl_alkyl,ln(kobs)_MeCN,4,ln(kobs)_toluene|Ster_L|Entry|Ster_B5,0.9194234877265773,0.8630001911814367,0.15309729647189754,LOOCV,ln(kobs)_MeCN = 1.34 + 1.11*ln(kobs)_toluene - 0.02*Ster_L - 0.01*Entry + 0.00*Ster_B5
indigo_aryl_alkyl,ln(kobs)_MeCN,5,ln(kobs)_toluene|Ar_NBO_=O|Ster_L|Ar_I_C=O|Occupancy_C1-O,0.9517776160910821,0.8629942694901874,0.1184370624318346,LOOCV,ln(kobs)_MeCN = -66.63 + 0.90*ln(kobs)_toluene - 16.98*Ar_NBO_=O - 0.03*Ster_L + 0.00*Ar_I_C=O + 28.66*Occupancy_C1-O
indigo_aryl_alkyl,ln(kobs)_MeCN,5,kobs_MeCN|ln(kobs)_toluene|kobs_toluene|polarizability|Energy_C1-O,0.9851013830806172,0.8629443015204524,0.06583188122769637,LOOCV,ln(kobs)_MeCN = 0.42 + 3.24*kobs_MeCN + 0.90*ln(kobs)_toluene - 6.86*kobs_toluene + 0.00*polarizability - 0.04*Energy_C1-O
indigo_aryl_alkyl,ln(kobs)_MeCN,5,ln(kobs)_toluene|Ar_NBO_=O|HOMO|Ar_NBO_-O|Ster_B1,0.9553719351665404,0.8629405535584322,0.11393766546144385,LOOCV,ln(kobs)_MeCN = -15.08 + 0.93*ln(kobs)_toluene + 8.71*Ar_NBO_=O + 3.87*HOMO - 32.22*Ar_NBO_-O - 0.17*Ster_B1
indigo_aryl_alkyl,ln(kobs)_MeCN,4,kobs_MeCN|kobs_toluene|Ar_NBO_-O|Ster_B1,0.9362211901777368,0.8629165611781942,0.13620764819348913,LOOCV,ln(kobs)_MeCN = -14.85 + 3.61*kobs_MeCN + 0.06*kobs_toluene - 17.56*Ar_NBO_-O + 0.06*Ster_B1
indigo_aryl_alkyl,ln(kobs)_MeCN,5,kobs_MeCN|ln(kobs)_toluene|Ster_B1|Ster_B5|Occupancy_C1-O,0.9603119665595091,0.862882386707342,0.10744669935986596,LOOCV,ln(kobs)_MeCN = -43.66 + 2.16*kobs_MeCN + 0.54*ln(kobs)_toluene - 0.15*Ster_B1 + 0.01*Ster_B5 + 21.63*Occupancy_C1-O
indigo_aryl_alkyl,ln(kobs)_MeCN,4,kobs_MeCN|L_C1-C2|Ster_B5|Energy_C1-O,0.940041322510825,0.8628778511810258,0.13206547919883158,LOOCV,ln(kobs)_MeCN = 3.28 + 3.90*kobs_MeCN - 3.56*L_C1-C2 + 0.03*Ster_B5 + 0.60*Energy_C1-O
indigo_aryl_alkyl,ln(kobs)_MeCN,4,kobs_MeCN|kobs_toluene|Ar_NBO_=O|polarizability,0.943417003178825,0.8628271110278258,0.1282939751177584,LOOCV,ln(kobs)_MeCN = -8.67 + 3.54*kobs_MeCN - 0.21*kobs_toluene - 10.38*Ar_NBO_=O + 0.00*polarizability
indigo_aryl_alkyl,ln(kobs)_MeCN,3,kobs_MeCN|Ar_I_C=O|L_C1-C2,0.9290094875153496,0.8628006786462085,0.14370220917335513,LOOCV,ln(kobs)_MeCN = 1.26 + 3.89*kobs_MeCN + 0.00*Ar_I_C=O - 2.59*L_C1-C2
indigo_aryl_alkyl,ln(kobs)_MeCN,5,ln(kobs)_toluene|Ar_NBO_-O|Ster_L|Ar_I_C=O|Ster_B5,0.9521163541379726,0.8627779664782476,0.11802034887788784,LOOCV,ln(kobs)_MeCN = -20.99 + 0.96*ln(kobs)_toluene - 31.19*Ar_NBO_-O - 0.03*Ster_L + 0.00*Ar_I_C=O + 0.01*Ster_B5
indigo_aryl_alkyl,ln(kobs)_MeCN,4,kobs_MeCN|Ar_v_C=O|polarizability|Occupancy_C1-O,0.9415635223395931,0.8626971200337522,0.1303782970618329,LOOCV,ln(kobs)_MeCN = -40.90 + 3.61*kobs_MeCN - 0.01*Ar_v_C=O + 0.00*polarizability + 29.76*Occupancy_C1-O
indigo_aryl_alkyl,ln(kobs)_MeCN,4,kobs_MeCN|Entry|polarizability|L_C1-C2,0.9373500514423077,0.8626151304184753,0.13499685421103952,LOOCV,ln(kobs)_MeCN = 1.03 + 3.76*kobs_MeCN + 0.00*Entry + 0.00*polarizability - 2.45*L_C1-C2
indigo_aryl_alkyl,ln(kobs)_MeCN,4,ln(kobs)_toluene|kobs_toluene|Ar_NBO_=O|Ster_B1,0.9456511342785386,0.8623528976620523,0.12573567897933693,LOOCV,ln(kobs)_MeCN = -6.83 + 1.00*ln(kobs)_toluene - 0.68*kobs_toluene - 13.48*Ar_NBO_=O - 0.17*Ster_B1
indigo_aryl_alkyl,ln(kobs)_MeCN,4,ln(kobs)_toluene|kobs_toluene|Ar_NBO_-O|L_C1-C2,0.9436151061713093,0.8622853693000577,0.12806919288319582,LOOCV,ln(kobs)_MeCN = -9.69 + 1.11*ln(kobs)_toluene - 1.74*kobs_toluene - 24.15*Ar_NBO_-O - 3.96*L_C1-C2
indigo_aryl_alkyl,ln(kobs)_MeCN,4,ln(kobs)_toluene|LUMO|Ster_B5|Occupancy_C1-O,0.9311764432749654,0.8622734590675826,0.1414919869577918,LOOCV,ln(kobs)_MeCN = 18.66 + 0.95*ln(kobs)_toluene + 4.91*LUMO - 0.01*Ster_B5 - 8.84*Occupancy_C1-O
indigo_aryl_alkyl,ln(kobs)_MeCN,4,ln(kobs)_toluene|Ar_NBO_=O|Ar_I_C=O|Energy_C1-O,0.9548646802603385,0.862080214832226,0.11458335934322386,LOOCV,ln(kobs)_MeCN = -4.10 + 0.95*ln(kobs)_toluene - 9.31*Ar_NBO_=O + 0.00*Ar_I_C=O + 0.92*Energy_C1-O
indigo_aryl_alkyl,ln(kobs)_MeCN,5,ln(kobs)_toluene|HOMO|L_C1-C2|Ster_B1|Energy_C1-O,0.9627819695253239,0.8620658005588453,0.10404949640818928,LOOCV,ln(kobs)_MeCN = 6.73 + 0.91*ln(kobs)_toluene + 5.24*HOMO - 1.84*L_C1-C2 + 0.30*Ster_B1 + 2.08*Energy_C1-O
indigo_aryl_alkyl,ln(kobs)_MeCN,4,ln(kobs)_toluene|Ar_I_C=O|L_C1-C2|Ster_B1,0.9412565745411334,0.8619900506175342,0.13072026596796618,LOOCV,ln(kobs)_MeCN = 9.33 + 1.04*ln(kobs)_toluene + 0.00*Ar_I_C=O - 5.57*L_C1-C2 - 0.22*Ster_B1
indigo_aryl_alkyl,ln(kobs)_MeCN,5,kobs_MeCN|kobs_toluene|HOMO|Ster_B1|Energy_C1-O,0.9543815883299636,0.8617894557086552,0.11519493102450407,LOOCV,ln(kobs)_MeCN = 0.57 + 2.84*kobs_MeCN + 1.43*kobs_toluene + 4.83*HOMO + 0.49*Ster_B1 + 2.18*Energy_C1-O
indigo_aryl_alkyl,ln(kobs)_MeCN,4,kobs_MeCN|HOMO|L_C1-C2|Occupancy_C1-O,0.9390765027692691,0.8616458878608071,0.13312379869929672,LOOCV,ln(kobs)_MeCN = -31.78 + 3.57*kobs_MeCN + 3.62*HOMO + 0.16*L_C1-C2 + 15.18*Occupancy_C1-O
indigo_aryl_alkyl,ln(kobs)_MeCN,4,kobs_MeCN|kobs_toluene|Ster_L|Ster_B1,0.9371548106973545,0.8616391296421227,0.1352070410063725,LOOCV,ln(kobs)_MeCN = -2.69 + 4.10*kobs_MeCN - 0.88*kobs_toluene + 0.04*Ster_L - 0.04*Ster_B1
indigo_aryl_alkyl,ln(kobs)_MeCN,3,kobs_MeCN|kobs_toluene|Occupancy_C1-O,0.9280446741848021,0.8616344614455156,0.14467542307015352,LOOCV,ln(kobs)_MeCN = -37.75 + 4.07*kobs_MeCN - 0.21*kobs_toluene + 17.67*Occupancy_C1-O
indigo_aryl_alkyl,ln(kobs)_MeCN,4,ln(kobs)_toluene|LUMO|Ster_L|Ster_B5,0.9313014125871151,0.861516727890316,0.1413634685317982,LOOCV,ln(kobs)_MeCN = 0.97 + 0.95*ln(kobs)_toluene + 5.05*LUMO + 0.01*Ster_L - 0.01*Ster_B5
indigo_aryl_alkyl,ln(kobs)_MeCN,4,ln(kobs)_toluene|HOMO|Ar_v_C=O|L_C1-C2,0.9385168634406417,0.86139135027808,0.13373383429288202,LOOCV,ln(kobs)_MeCN = 8.98 + 0.91*ln(kobs)_toluene + 4.31*HOMO + 0.00*Ar_v_C=O - 6.32*L_C1-C2
indigo_aryl_alkyl,ln(kobs)_MeCN,5,ln(kobs)_toluene|Ar_NBO_=O|Ar_NBO_C1_x|Occupancy_C1-O|Energy_C1-O,0.9609698620218302,0.8613728063673917,0.10655242356575167,LOOCV,ln(kobs)_MeCN = -189.52 + 0.92*ln(kobs)_toluene - 15.32*Ar_NBO_=O + 5.72*Ar_NBO_C1_x + 89.03*Occupancy_C1-O + 1.03*Energy_C1-O
indigo_aryl_alkyl,ln(kobs)_MeCN,5,ln(kobs)_toluene|HOMO|Ar_NBO_-O|Ar_I_C=O|Energy_C1-O,0.9620793933108772,0.8613211634691295,0.1050269920360045,LOOCV,ln(kobs)_MeCN = -6.23 + 0.93*ln(kobs)_toluene + 3.42*HOMO - 12.77*Ar_NBO_-O + 0.00*Ar_I_C=O + 0.97*Energy_C1-O
indigo_aryl_alkyl,ln(kobs)_MeCN,5,kobs_MeCN|ln(kobs)_toluene|LUMO|Ster_B5|Energy_C1-O,0.9720329078117276,0.8612807447756919,0.0901959310652951,LOOCV,ln(kobs)_MeCN = 0.42 + 1.86*kobs_MeCN + 0.56*ln(kobs)_toluene + 2.39*LUMO + 0.02*Ster_B5 + 0.97*Energy_C1-O
indigo_aryl_alkyl,ln(kobs)_MeCN,3,ln(kobs)_toluene|Ar_NBO_C1_x|Ster_L,0.9193814499171988,0.861173567028201,0.1531372276849953,LOOCV,ln(kobs)_MeCN = -4.37 + 1.04*ln(kobs)_toluene + 6.91*Ar_NBO_C1_x - 0.02*Ster_L
indigo_aryl_alkyl,ln(kobs)_MeCN,4,ln(kobs)_toluene|HOMO|Ster_B1|Energy_C1-O,0.9625279873530119,0.8611190860013347,0.10440391851041995,LOOCV,ln(kobs)_MeCN = 4.11 + 0.91*ln(kobs)_toluene + 5.49*HOMO + 0.31*Ster_B1 + 2.14*Energy_C1-O
indigo_aryl_alkyl,ln(kobs)_MeCN,5,kobs_MeCN|ln(kobs)_toluene|Ar_NBO_=O|Ar_v_C=O|Ster_B5,0.9665346234189174,0.8610880699165584,0.09866455176825169,LOOCV,ln(kobs)_MeCN = -11.62 + 1.91*kobs_MeCN + 0.46*ln(kobs)_toluene - 11.72*Ar_NBO_=O + 0.00*Ar_v_C=O - 0.00*Ster_B5
indigo_aryl_alkyl,ln(kobs)_MeCN,3,ln(kobs)_toluene|Entry|polarizability,0.9182187454404576,0.8609436420672592,0.1542375696267958,LOOCV,ln(kobs)_MeCN = 1.20 + 1.09*ln(kobs)_toluene - 0.01*Entry - 0.00*polarizability
indigo_aryl_alkyl,ln(kobs)_MeCN,4,ln(kobs)_toluene|kobs_toluene|Ar_NBO_=O|Ar_I_C=O,0.9455340222790076,0.8608570294610826,0.12587107493105884,LOOCV,ln(kobs)_MeCN = -5.73 + 1.10*ln(kobs)_toluene - 2.11*kobs_toluene - 11.31*Ar_NBO_=O + 0.00*Ar_I_C=O
indigo_aryl_alkyl,ln(kobs)_MeCN,4,ln(kobs)_toluene|Ar_I_C=O|polarizability|L_C1-C2,0.9343950654355507,0.8608470475449808,0.13814384584598463,LOOCV,ln(kobs)_MeCN = 7.39 + 1.02*ln(kobs)_toluene + 0.00*Ar_I_C=O - 0.00*polarizability - 4.58*L_C1-C2
indigo_aryl_alkyl,ln(kobs)_MeCN,4,ln(kobs)_toluene|Ar_v_C=O|Ar_I_C=O|Ster_B1,0.9430936357792375,0.860777377201174,0.12866004785843782,LOOCV,ln(kobs)_MeCN = 18.64 + 0.99*ln(kobs)_toluene - 0.01*Ar_v_C=O + 0.00*Ar_I_C=O - 0.21*Ster_B1
indigo_aryl_alkyl,ln(kobs)_MeCN,4,ln(kobs)_toluene|LUMO|Ster_L|polarizability,0.9321261630249361,0.8606195636018039,0.14051234751193212,LOOCV,ln(kobs)_MeCN = 0.88 + 0.93*ln(kobs)_toluene + 5.41*LUMO + 0.02*Ster_L - 0.00*polarizability
indigo_aryl_alkyl,ln(kobs)_MeCN,4,ln(kobs)_toluene|kobs_toluene|Ster_L|Ar_I_C=O,0.9373049357877801,0.8605767932295565,0.1350454526177415,LOOCV,ln(kobs)_MeCN = 1.65 + 1.33*ln(kobs)_toluene - 3.02*kobs_toluene - 0.02*Ster_L + 0.00*Ar_I_C=O
indigo_aryl_alkyl,ln(kobs)_MeCN,3,kobs_MeCN|Ar_I_C=O|Energy_C1-O,0.9292208006268219,0.8605477388037327,0.14348817499575964,LOOCV,ln(kobs)_MeCN = -2.42 + 3.93*kobs_MeCN + 0.00*Ar_I_C=O + 0.20*Energy_C1-O
indigo_aryl_alkyl,ln(kobs)_MeCN,4,ln(kobs)_toluene|Ar_NBO_C1_x|Ster_L|Ster_B1,0.9278608783766383,0.8605103729461626,0.1448600777669835,LOOCV,ln(kobs)_MeCN = -2.15 + 1.07*ln(kobs)_toluene + 4.53*Ar_NBO_C1_x - 0.00*Ster_L - 0.24*Ster_B1
indigo_aryl_alkyl,ln(kobs)_MeCN,5,kobs_MeCN|ln(kobs)_toluene|LUMO|Ar_NBO_C1_x|Energy_C1-O,0.9704312053732712,0.8603137693245972,0.09274277776875767,LOOCV,ln(kobs)_MeCN = -4.46 + 1.51*kobs_MeCN + 0.60*ln(kobs)_toluene + 3.89*LUMO + 6.11*Ar_NBO_C1_x + 0.69*Energy_C1-O
indigo_aryl_alkyl,ln(kobs)_MeCN,5,ln(kobs)_toluene|HOMO|Ar_NBO_C1_x|Entry|Energy_C1-O,0.9630663903774683,0.8602629457981288,0.10365115987203999,LOOCV,ln(kobs)_MeCN = 0.50 + 0.94*ln(kobs)_toluene + 5.60*HOMO + 3.91*Ar_NBO_C1_x - 0.01*Entry + 1.01*Energy_C1-O
indigo_aryl_alkyl,ln(kobs)_MeCN,4,ln(kobs)_toluene|HOMO|LUMO|Ster_B1,0.9498611142092603,0.8602483322165981,0.1207676535681203,LOOCV,ln(kobs)_MeCN = 2.32 + 0.93*ln(kobs)_toluene + 3.52*HOMO + 2.98*LUMO - 0.20*Ster_B1
indigo_aryl_alkyl,ln(kobs)_MeCN,4,ln(kobs)_toluene|Ar_I_C=O|polarizability|Occupancy_C1-O,0.9330533757751646,0.8601756579683579,0.13954928971925532,LOOCV,ln(kobs)_MeCN = -14.65 + 1.03*ln(kobs)_toluene + 0.00*Ar_I_C=O - 0.00*polarizability + 7.61*Occupancy_C1-O
indigo_aryl_alkyl,ln(kobs)_MeCN,5,kobs_MeCN|Ar_NBO_=O|Entry|L_C1-C2|Occupancy_C1-O,0.9534051028905309,0.8600100844918763,0.11642130619183552,LOOCV,ln(kobs)_MeCN = -135.48 + 3.28*kobs_MeCN - 17.17*Ar_NBO_=O + 0.01*Entry + 7.47*L_C1-C2 + 56.00*Occupancy_C1-O
indigo_aryl_alkyl,ln(kobs)_MeCN,5,ln(kobs)_toluene|HOMO|Ar_NBO_C1_x|Entry|Ster_B1,0.9544552323413265,0.8599885207059396,0.11510191108954054,LOOCV,ln(kobs)_MeCN = -0.66 + 0.95*ln(kobs)_toluene + 5.46*HOMO + 4.42*Ar_NBO_C1_x - 0.01*Entry - 0.18*Ster_B1
indigo_aryl_alkyl,ln(kobs)_MeCN,4,kobs_MeCN|kobs_toluene|Ar_NBO_=O|Ster_B1,0.9433715459822484,0.8598735667429399,0.12834549866680273,LOOCV,ln(kobs)_MeCN = -9.84 + 3.55*kobs_MeCN - 0.44*kobs_toluene - 12.22*Ar_NBO_=O + 0.08*Ster_B1
indigo_aryl_alkyl,ln(kobs)_MeCN,3,ln(kobs)_toluene|Ster_L|L_C1-C2,0.9250095217279161,0.8598583153366168,0.14769518962575667,LOOCV,ln(kobs)_MeCN = 16.26 + 1.03*ln(kobs)_toluene - 0.01*Ster_L - 10.26*L_C1-C2
indigo_aryl_alkyl,ln(kobs)_MeCN,4,kobs_MeCN|Ar_NBO_=O|Entry|Ster_B1,0.9470256367317631,0.8598423187404206,0.12413554683372183,LOOCV,ln(kobs)_MeCN = -9.49 + 3.33*kobs_MeCN - 11.70*Ar_NBO_=O + 0.01*Entry + 0.03*Ster_B1
indigo_aryl_alkyl,ln(kobs)_MeCN,5,ln(kobs)_toluene|HOMO|polarizability|L_C1-C2|Ster_B1,0.9554414957737497,0.8598303194639524,0.11384883499143972,LOOCV,ln(kobs)_MeCN = 3.43 + 0.89*ln(kobs)_toluene + 8.02*HOMO - 0.00*polarizability - 0.03*L_C1-C2 + 0.02*Ster_B1
indigo_aryl_alkyl,ln(kobs)_MeCN,5,ln(kobs)_toluene|Ar_NBO_-O|Ar_NBO_C1_x|Ar_I_C=O|Energy_C1-O,0.9568456469749342,0.8597624553681402,0.11204064337500687,LOOCV,ln(kobs)_MeCN = -13.48 + 0.96*ln(kobs)_toluene - 16.59*Ar_NBO_-O + 3.98*Ar_NBO_C1_x + 0.00*Ar_I_C=O + 0.84*Energy_C1-O
indigo_aryl_alkyl,ln(kobs)_MeCN,5,ln(kobs)_toluene|HOMO|Ar_NBO_-O|Ster_B1|Occupancy_C1-O,0.9586827196374335,0.8595209046261135,0.10962993398182731,LOOCV,ln(kobs)_MeCN = -129.94 + 0.93*ln(kobs)_toluene + 2.55*HOMO - 25.74*Ar_NBO_-O - 0.18*Ster_B1 + 57.05*Occupancy_C1-O
indigo_aryl_alkyl,ln(kobs)_MeCN,5,ln(kobs)_toluene|HOMO|Ster_B1|Ster_B5|Occupancy_C1-O,0.9590280045648618,0.8594794456252219,0.10917088899639447,LOOCV,ln(kobs)_MeCN = -60.55 + 0.90*ln(kobs)_toluene + 7.73*HOMO - 0.10*Ster_B1 - 0.05*Ster_B5 + 32.11*Occupancy_C1-O
indigo_aryl_alkyl,ln(kobs)_MeCN,4,ln(kobs)_toluene|LUMO|polarizability|L_C1-C2,0.9317318558740711,0.8594252736512218,0.1409199035828599,LOOCV,ln(kobs)_MeCN = 6.76 + 0.97*ln(kobs)_toluene + 3.91*LUMO - 0.00*polarizability - 3.86*L_C1-C2
indigo_aryl_alkyl,ln(kobs)_MeCN,4,kobs_MeCN|Entry|polarizability|Occupancy_C1-O,0.9373281697565966,0.8593199815254684,0.1350204272619143,LOOCV,ln(kobs)_MeCN = -36.17 + 3.81*kobs_MeCN + 0.00*Entry + 0.00*polarizability + 16.82*Occupancy_C1-O
indigo_aryl_alkyl,ln(kobs)_MeCN,4,kobs_MeCN|kobs_toluene|L_C1-C2|Ster_B5,0.9362657035725186,0.8591374542033909,0.1361601079280998,LOOCV,ln(kobs)_MeCN = 3.26 + 4.19*kobs_MeCN - 0.96*kobs_toluene - 3.94*L_C1-C2 + 0.03*Ster_B5
indigo_aryl_alkyl,ln(kobs)_MeCN,4,ln(kobs)_toluene|Ster_B1|Ster_B5|Occupancy_C1-O,0.926478628911152,0.8590593823202064,0.14624131642000102,LOOCV,ln(kobs)_MeCN = -33.31 + 1.10*ln(kobs)_toluene - 0.24*Ster_B1 - 0.00*Ster_B5 + 17.50*Occupancy_C1-O
indigo_aryl_alkyl,ln(kobs)_MeCN,5,kobs_MeCN|ln(kobs)_toluene|Ar_NBO_=O|Ar_v_C=O|Energy_C1-O,0.9720801925105936,0.85902342412953,0.09011965049194222,LOOCV,ln(kobs)_MeCN = -5.98 + 1.73*kobs_MeCN + 0.55*ln(kobs)_toluene - 9.14*Ar_NBO_=O + 0.00*Ar_v_C=O + 0.63*Energy_C1-O
indigo_aryl_alkyl,ln(kobs)_MeCN,5,ln(kobs)_toluene|Ar_NBO_=O|Ar_I_C=O|Ster_B1|Energy_C1-O,0.9554463607859764,0.8589429328817819,0.11384261966730495,LOOCV,ln(kobs)_MeCN = -3.82 + 0.95*ln(kobs)_toluene - 9.08*Ar_NBO_=O + 0.00*Ar_I_C=O + 0.10*Ster_B1 + 1.26*Energy_C1-O
indigo_aryl_alkyl,ln(kobs)_MeCN,4,kobs_MeCN|Ar_NBO_C1_x|Ar_I_C=O|Energy_C1-O,0.929779310384676,0.8589198152414855,0.14292093019651134,LOOCV,ln(kobs)_MeCN = -4.56 + 3.85*kobs_MeCN + 2.63*Ar_NBO_C1_x + 0.00*Ar_I_C=O + 0.18*Energy_C1-O
indigo_aryl_alkyl,ln(kobs)_MeCN,4,ln(kobs)_toluene|Ster_L|Ar_I_C=O|L_C1-C2,0.9319994465253365,0.8588623511014147,0.1406434505336243,LOOCV,ln(kobs)_MeCN = 8.33 + 1.02*ln(kobs)_toluene - 0.01*Ster_L + 0.00*Ar_I_C=O - 5.16*L_C1-C2
indigo_aryl_alkyl,ln(kobs)_MeCN,4,kobs_MeCN|Ar_NBO_C1_x|Ar_I_C=O|Ster_B1,0.9295790675248081,0.8587620934670848,0.14312456335950646,LOOCV,ln(kobs)_MeCN = -4.97 + 3.80*kobs_MeCN + 2.80*Ar_NBO_C1_x + 0.00*Ar_I_C=O + 0.04*Ster_B1
indigo_aryl_alkyl,ln(kobs)_MeCN,3,ln(kobs)_toluene|kobs_toluene|Ster_L,0.9210019756920956,0.8587477095608685,0.15159029706115093,LOOCV,ln(kobs)_MeCN = 2.10 + 1.33*ln(kobs)_toluene - 2.65*kobs_toluene - 0.02*Ster_L
indigo_aryl_alkyl,ln(kobs)_MeCN,4,ln(kobs)_toluene|Ar_NBO_=O|HOMO|Ster_B1,0.949848434717941,0.8587390901433131,0.12078292291040123,LOOCV,ln(kobs)_MeCN = -3.39 + 0.90*ln(kobs)_toluene - 8.76*Ar_NBO_=O + 2.76*HOMO - 0.18*Ster_B1
indigo_aryl_alkyl,ln(kobs)_MeCN,5,ln(kobs)_toluene|kobs_toluene|Ar_NBO_=O|polarizability|Occupancy_C1-O,0.9534084435492652,0.8587377645379658,0.11641713265729839,LOOCV,ln(kobs)_MeCN = -117.03 + 0.99*ln(kobs)_toluene - 1.03*kobs_toluene - 20.55*Ar_NBO_=O - 0.00*polarizability + 53.08*Occupancy_C1-O
indigo_aryl_alkyl,ln(kobs)_MeCN,4,ln(kobs)_toluene|kobs_toluene|Ar_v_C=O|Ster_L,0.936696819077566,0.8586874123964481,0.13569881517879845,LOOCV,ln(kobs)_MeCN = 32.50 + 1.22*ln(kobs)_toluene - 2.58*kobs_toluene - 0.02*Ar_v_C=O - 0.02*Ster_L
indigo_aryl_alkyl,ln(kobs)_MeCN,4,kobs_MeCN|kobs_toluene|Ar_v_C=O|Occupancy_C1-O,0.9384020704171836,0.8586815048526427,0.13385862096656234,LOOCV,ln(kobs)_MeCN = -31.54 + 3.68*kobs_MeCN - 0.18*kobs_toluene - 0.01*Ar_v_C=O + 27.38*Occupancy_C1-O
indigo_aryl_alkyl,ln(kobs)_MeCN,5,kobs_MeCN|Entry|Ster_B1|Ster_B5|Energy_C1-O,0.9565142139489274,0.8586487770256935,0.112470066370637,LOOCV,ln(kobs)_MeCN = -0.98 + 3.71*kobs_MeCN + 0.01*Entry + 0.52*Ster_B1 + 0.03*Ster_B5 + 2.48*Energy_C1-O
indigo_aryl_alkyl,ln(kobs)_MeCN,5,ln(kobs)_toluene|Ar_NBO_=O|HOMO|Ar_v_C=O|polarizability,0.9680087222534599,0.8585356049045563,0.09646706873979863,LOOCV,ln(kobs)_MeCN = -38.98 + 0.85*ln(kobs)_toluene - 19.37*Ar_NBO_=O + 6.86*HOMO + 0.02*Ar_v_C=O - 0.00*polarizability
indigo_aryl_alkyl,ln(kobs)_MeCN,3,ln(kobs)_toluene|kobs_toluene|Ster_B5,0.920044670440303,0.8585205463209006,0.152506023711905,LOOCV,ln(kobs)_MeCN = 1.93 + 1.30*ln(kobs)_toluene - 2.55*kobs_toluene - 0.01*Ster_B5
indigo_aryl_alkyl,ln(kobs)_MeCN,3,ln(kobs)_toluene|Ar_NBO_C1_x|Ster_B5,0.9166287444680796,0.8584859401297299,0.155729704648125,LOOCV,ln(kobs)_MeCN = -2.50 + 1.02*ln(kobs)_toluene + 4.33*Ar_NBO_C1_x - 0.01*Ster_B5
indigo_aryl_alkyl,ln(kobs)_MeCN,5,ln(kobs)_toluene|Ar_NBO_=O|polarizability|Occupancy_C1-O|Energy_C1-O,0.9583305054202205,0.8584649018657851,0.11009621926427894,LOOCV,ln(kobs)_MeCN = -154.55 + 0.95*ln(kobs)_toluene - 15.51*Ar_NBO_=O - 0.00*polarizability + 73.77*Occupancy_C1-O + 0.99*Energy_C1-O
indigo_aryl_alkyl,ln(kobs)_MeCN,5,ln(kobs)_toluene|kobs_toluene|Entry|Ar_I_C=O|Energy_C1-O,0.9556594308242717,0.8583197592628261,0.11357007715585583,LOOCV,ln(kobs)_MeCN = 1.79 + 1.21*ln(kobs)_toluene - 1.19*kobs_toluene - 0.01*Entry + 0.00*Ar_I_C=O + 0.75*Energy_C1-O
indigo_aryl_alkyl,ln(kobs)_MeCN,5,kobs_MeCN|ln(kobs)_toluene|polarizability|Ster_B5|Occupancy_C1-O,0.9564380454271413,0.8581633141766669,0.11256852303279652,LOOCV,ln(kobs)_MeCN = -40.65 + 2.34*kobs_MeCN + 0.46*ln(kobs)_toluene + 0.00*polarizability + 0.00*Ster_B5 + 19.87*Occupancy_C1-O
indigo_aryl_alkyl,ln(kobs)_MeCN,5,kobs_MeCN|ln(kobs)_toluene|kobs_toluene|Ster_B1|Energy_C1-O,0.9858229324579139,0.8581124175958945,0.06421795821601499,LOOCV,ln(kobs)_MeCN = 0.55 + 3.37*kobs_MeCN + 0.94*ln(kobs)_toluene - 7.57*kobs_toluene + 0.19*Ster_B1 + 0.23*Energy_C1-O
indigo_aryl_alkyl,ln(kobs)_MeCN,3,kobs_MeCN|Ster_B5|Energy_C1-O,0.9389138758922693,0.8580841281205563,0.13330135809983226,LOOCV,ln(kobs)_MeCN = -1.99 + 3.94*kobs_MeCN + 0.03*Ster_B5 + 0.62*Energy_C1-O
indigo_aryl_alkyl,ln(kobs)_MeCN,5,ln(kobs)_toluene|Ar_NBO_C1_x|L_C1-C2|Occupancy_C1-O|Energy_C1-O,0.9588371309114067,0.8580715472564774,0.10942488728947551,LOOCV,ln(kobs)_MeCN = -126.70 + 0.98*ln(kobs)_toluene + 16.79*Ar_NBO_C1_x - 18.54*L_C1-C2 + 71.53*Occupancy_C1-O + 1.01*Energy_C1-O
indigo_aryl_alkyl,ln(kobs)_MeCN,4,kobs_MeCN|Ar_NBO_C1_x|Ster_B1|Energy_C1-O,0.9361635135905196,0.857946366199613,0.13626922206918796,LOOCV,ln(kobs)_MeCN = -0.89 + 3.92*kobs_MeCN - 0.96*Ar_NBO_C1_x + 0.39*Ster_B1 + 1.46*Energy_C1-O
indigo_aryl_alkyl,ln(kobs)_MeCN,5,ln(kobs)_toluene|HOMO|Ar_NBO_C1_x|Ster_L|Energy_C1-O,0.9647784267062476,0.8578686492427773,0.10122031038048616,LOOCV,ln(kobs)_MeCN = -4.75 + 0.89*ln(kobs)_toluene + 6.29*HOMO + 10.51*Ar_NBO_C1_x - 0.03*Ster_L + 0.79*Energy_C1-O
indigo_aryl_alkyl,ln(kobs)_MeCN,4,ln(kobs)_toluene|HOMO|Ar_NBO_C1_x|Ster_B1,0.9505260778960865,0.8578448839534891,0.11996414400731996,LOOCV,ln(kobs)_MeCN = -3.95 + 0.89*ln(kobs)_toluene + 5.11*HOMO + 8.14*Ar_NBO_C1_x - 0.20*Ster_B1
indigo_aryl_alkyl,ln(kobs)_MeCN,5,kobs_MeCN|ln(kobs)_toluene|Ar_NBO_=O|Ar_v_C=O|Entry,0.9665483826589375,0.857832092754213,0.09864426679083249,LOOCV,ln(kobs)_MeCN = -10.75 + 1.90*kobs_MeCN + 0.46*ln(kobs)_toluene - 11.50*Ar_NBO_=O + 0.00*Ar_v_C=O - 0.00*Entry
indigo_aryl_alkyl,ln(kobs)_MeCN,4,ln(kobs)_toluene|kobs_toluene|Ar_NBO_=O|Ar_NBO_C1_x,0.9418702797628894,0.857766601865551,0.13003564177832275,LOOCV,ln(kobs)_MeCN = -10.03 + 1.02*ln(kobs)_toluene - 1.60*kobs_toluene - 14.28*Ar_NBO_=O + 3.20*Ar_NBO_C1_x
indigo_aryl_alkyl,ln(kobs)_MeCN,4,ln(kobs)_toluene|kobs_toluene|Ster_L|Ster_B1,0.9269096630362494,0.857658651914339,0.14581200139455505,LOOCV,ln(kobs)_MeCN = 1.84 + 1.19*ln(kobs)_toluene - 1.05*kobs_toluene + 0.00*Ster_L - 0.22*Ster_B1
indigo_aryl_alkyl,ln(kobs)_MeCN,4,ln(kobs)_toluene|kobs_toluene|Ar_v_C=O|LUMO,0.9411448328876819,0.857567247357645,0.13084453484434325,LOOCV,ln(kobs)_MeCN = 16.10 + 1.22*ln(kobs)_toluene - 3.09*kobs_toluene - 0.01*Ar_v_C=O + 4.10*LUMO
indigo_aryl_alkyl,ln(kobs)_MeCN,4,kobs_MeCN|Ster_L|Entry|Ster_B1,0.9412681225588679,0.8573089908009824,0.13070741657985174,LOOCV,ln(kobs)_MeCN = -2.62 + 3.71*kobs_MeCN + 0.03*Ster_L + 0.01*Entry - 0.11*Ster_B1
indigo_aryl_alkyl,ln(kobs)_MeCN,5,ln(kobs)_toluene|HOMO|Ar_NBO_-O|LUMO|Ster_B1,0.9554931144727349,0.8573072124618426,0.11378287191881592,LOOCV,ln(kobs)_MeCN = -9.60 + 0.90*ln(kobs)_toluene + 2.77*HOMO - 16.44*Ar_NBO_-O + 1.58*LUMO - 0.17*Ster_B1
indigo_aryl_alkyl,ln(kobs)_MeCN,5,kobs_MeCN|ln(kobs)_toluene|Ar_NBO_=O|Ar_v_C=O|LUMO,0.9671271403169095,0.8572885728459563,0.09778720475439982,LOOCV,ln(kobs)_MeCN = -15.08 + 1.85*kobs_MeCN + 0.47*ln(kobs)_toluene - 11.52*Ar_NBO_=O + 0.00*Ar_v_C=O + 1.17*LUMO
indigo_aryl_alkyl,ln(kobs)_MeCN,4,kobs_MeCN|ln(kobs)_toluene|L_C1-C2|Energy_C1-O,0.9669758248178233,0.8571868333358407,0.09801200617708758,LOOCV,ln(kobs)_MeCN = 8.33 + 1.83*kobs_MeCN + 0.61*ln(kobs)_toluene - 5.41*L_C1-C2 + 0.75*Energy_C1-O
indigo_aryl_alkyl,ln(kobs)_MeCN,4,ln(kobs)_toluene|kobs_toluene|Ar_v_C=O|Ster_B5,0.9356346954621999,0.8570465652922455,0.1368324815408494,LOOCV,ln(kobs)_MeCN = 32.23 + 1.18*ln(kobs)_toluene - 2.45*kobs_toluene - 0.02*Ar_v_C=O - 0.01*Ster_B5
indigo_aryl_alkyl,ln(kobs)_MeCN,3,ln(kobs)_toluene|polarizability|Ster_B5,0.915135643023808,0.8569003766773241,0.15711800334507425,LOOCV,ln(kobs)_MeCN = 1.08 + 1.06*ln(kobs)_toluene - 0.00*polarizability - 0.00*Ster_B5
indigo_aryl_alkyl,ln(kobs)_MeCN,4,kobs_MeCN|LUMO|Ar_I_C=O|Energy_C1-O,0.9312774422375274,0.8566990478255951,0.14138812869117479,LOOCV,ln(kobs)_MeCN = -2.25 + 3.81*kobs_MeCN + 1.97*LUMO + 0.00*Ar_I_C=O + 0.18*Energy_C1-O
indigo_aryl_alkyl,ln(kobs)_MeCN,5,ln(kobs)_toluene|Ar_NBO_=O|LUMO|Ster_B1|Occupancy_C1-O,0.9512289794876425,0.8566686026935929,0.11910889910334542,LOOCV,ln(kobs)_MeCN = -100.03 + 0.93*ln(kobs)_toluene - 13.58*Ar_NBO_=O + 1.49*LUMO - 0.20*Ster_B1 + 46.65*Occupancy_C1-O
indigo_aryl_alkyl,ln(kobs)_MeCN,4,ln(kobs)_toluene|kobs_toluene|Ster_L|Entry,0.9247806351283069,0.8566668187388238,0.14792041617770588,LOOCV,ln(kobs)_MeCN = 2.25 + 1.37*ln(kobs)_toluene - 2.63*kobs_toluene - 0.01*Ster_L - 0.01*Entry
indigo_aryl_alkyl,ln(kobs)_MeCN,4,kobs_MeCN|Ar_NBO_-O|Ster_B1|Occupancy_C1-O,0.9397313895418321,0.856512168461698,0.13240636970266823,LOOCV,ln(kobs)_MeCN = -117.30 + 3.64*kobs_MeCN - 22.01*Ar_NBO_-O + 0.06*Ster_B1 + 49.82*Occupancy_C1-O
indigo_aryl_alkyl,ln(kobs)_MeCN,4,ln(kobs)_toluene|Ster_L|Ster_B1|Occupancy_C1-O,0.927477949602457,0.8564505666523428,0.14524404192262722,LOOCV,ln(kobs)_MeCN = -61.22 + 1.09*ln(kobs)_toluene + 0.01*Ster_L - 0.30*Ster_B1 + 31.47*Occupancy_C1-O
indigo_aryl_alkyl,ln(kobs)_MeCN,4,ln(kobs)_toluene|Ar_v_C=O|Ster_L|Occupancy_C1-O,0.9314730316045601,0.856381775929547,0.14118678491208067,LOOCV,ln(kobs)_MeCN = 24.79 + 0.95*ln(kobs)_toluene - 0.02*Ar_v_C=O - 0.02*Ster_L + 3.61*Occupancy_C1-O
indigo_aryl_alkyl,ln(kobs)_MeCN,5,ln(kobs)_toluene|Ar_NBO_=O|HOMO|Ar_NBO_C1_x|Ster_B1,0.9535049208343284,0.8563812747843789,0.11629653753116967,LOOCV,ln(kobs)_MeCN = -7.44 + 0.86*ln(kobs)_toluene - 6.87*Ar_NBO_=O + 3.63*HOMO + 6.66*Ar_NBO_C1_x - 0.18*Ster_B1
indigo_aryl_alkyl,ln(kobs)_MeCN,4,kobs_MeCN|Ar_NBO_=O|Ster_B1|Ster_B5,0.9452327078771008,0.8562979997987225,0.12621876407223181,LOOCV,ln(kobs)_MeCN = -9.15 + 3.44*kobs_MeCN - 11.12*Ar_NBO_=O + 0.02*Ster_B1 + 0.01*Ster_B5
indigo_aryl_alkyl,ln(kobs)_MeCN,4,ln(kobs)_toluene|Ar_NBO_-O|Ar_I_C=O|Energy_C1-O,0.9555415214103968,0.8561983499072079,0.11372097836269526,LOOCV,ln(kobs)_MeCN = -11.19 + 0.98*ln(kobs)_toluene - 18.08*Ar_NBO_-O + 0.00*Ar_I_C=O + 0.87*Energy_C1-O
indigo_aryl_alkyl,ln(kobs)_MeCN,3,ln(kobs)_toluene|HOMO|Ster_B1,0.9446919030351413,0.856043452851819,0.12684041281297265,LOOCV,ln(kobs)_MeCN = 2.58 + 0.95*ln(kobs)_toluene + 4.52*HOMO - 0.20*Ster_B1
indigo_aryl_alkyl,ln(kobs)_MeCN,4,ln(kobs)_toluene|Ar_NBO_C1_x|Ster_B1|Ster_B5,0.9278870046158222,0.8559868990758216,0.1448338437923845,LOOCV,ln(kobs)_MeCN = -2.19 + 1.07*ln(kobs)_toluene + 4.57*Ar_NBO_C1_x - 0.24*Ster_B1 + 0.00*Ster_B5
indigo_aryl_alkyl,ln(kobs)_MeCN,4,ln(kobs)_toluene|kobs_toluene|Ster_B1|Ster_B5,0.9268818753492787,0.8559571429019,0.14583971636611454,LOOCV,ln(kobs)_MeCN = 1.89 + 1.21*ln(kobs)_toluene - 1.17*kobs_toluene - 0.21*Ster_B1 - 0.00*Ster_B5
indigo_aryl_alkyl,ln(kobs)_MeCN,5,kobs_MeCN|ln(kobs)_toluene|Ar_NBO_=O|Ar_v_C=O|polarizability,0.9677830334206216,0.8557897511961094,0.0968067437796138,LOOCV,ln(kobs)_MeCN = -15.02 + 1.74*kobs_MeCN + 0.50*ln(kobs)_toluene - 14.23*Ar_NBO_=O + 0.00*Ar_v_C=O - 0.00*polarizability
indigo_aryl_alkyl,ln(kobs)_MeCN,4,kobs_MeCN|Ar_NBO_-O|Ster_B1|Ster_B5,0.9431522661741573,0.8556676836763869,0.12859375181666777,LOOCV,ln(kobs)_MeCN = -15.54 + 3.58*kobs_MeCN - 18.56*Ar_NBO_-O + 0.01*Ster_B1 + 0.03*Ster_B5
indigo_aryl_alkyl,ln(kobs)_MeCN,5,ln(kobs)_toluene|HOMO|Ar_NBO_-O|L_C1-C2|Ster_B1,0.9543431630407493,0.8555713423035665,0.11524343629529546,LOOCV,ln(kobs)_MeCN = -9.97 + 0.91*ln(kobs)_toluene + 3.00*HOMO - 18.90*Ar_NBO_-O - 0.89*L_C1-C2 - 0.17*Ster_B1
indigo_aryl_alkyl,ln(kobs)_MeCN,4,ln(kobs)_toluene|L_C1-C2|Ster_B1|Occupancy_C1-O,0.9356139007559047,0.8555592280182142,0.13685458321119345,LOOCV,ln(kobs)_MeCN = -13.66 + 1.07*ln(kobs)_toluene - 9.91*L_C1-C2 - 0.23*Ster_B1 + 14.98*Occupancy_C1-O
indigo_aryl_alkyl,ln(kobs)_MeCN,4,kobs_MeCN|Ar_NBO_C1_x|Ar_I_C=O|L_C1-C2,0.9314077020631324,0.8553718706649578,0.14125406842726343,LOOCV,ln(kobs)_MeCN = 2.31 + 3.69*kobs_MeCN + 6.78*Ar_NBO_C1_x + 0.00*Ar_I_C=O - 6.93*L_C1-C2
indigo_aryl_alkyl,ln(kobs)_MeCN,3,ln(kobs)_toluene|Ar_NBO_C1_x|Occupancy_C1-O,0.9163838499075643,0.8553526548418476,0.15595825699655422,LOOCV,ln(kobs)_MeCN = -36.02 + 1.02*ln(kobs)_toluene + 5.45*Ar_NBO_C1_x + 16.33*Occupancy_C1-O
indigo_aryl_alkyl,ln(kobs)_MeCN,4,ln(kobs)_toluene|Ar_v_C=O|polarizability|Occupancy_C1-O,0.9333071509838653,0.8553190215079354,0.1392845431731535,LOOCV,ln(kobs)_MeCN = 4.82 + 0.95*ln(kobs)_toluene - 0.02*Ar_v_C=O - 0.00*polarizability + 15.07*Occupancy_C1-O
indigo_aryl_alkyl,ln(kobs)_MeCN,5,kobs_MeCN|ln(kobs)_toluene|Ster_B1|Ster_B5|Energy_C1-O,0.9730835005781341,0.8552327767893686,0.08848559548647275,LOOCV,ln(kobs)_MeCN = 0.57 + 2.20*kobs_MeCN + 0.50*ln(kobs)_toluene + 0.30*Ster_B1 + 0.03*Ster_B5 + 1.99*Energy_C1-O
indigo_aryl_alkyl,ln(kobs)_MeCN,4,ln(kobs)_toluene|Entry|Ster_B5|Occupancy_C1-O,0.9182750937369882,0.8551774844047636,0.1541844246736638,LOOCV,ln(kobs)_MeCN = -25.90 + 1.09*ln(kobs)_toluene - 0.01*Entry - 0.00*Ster_B5 + 13.59*Occupancy_C1-O
indigo_aryl_alkyl,ln(kobs)_MeCN,4,ln(kobs)_toluene|HOMO|L_C1-C2|Ster_B1,0.9469453760850236,0.8550321048341925,0.1242295491750545,LOOCV,ln(kobs)_MeCN = 10.28 + 0.96*ln(kobs)_toluene + 3.87*HOMO - 5.32*L_C1-C2 - 0.20*Ster_B1
indigo_aryl_alkyl,ln(kobs)_MeCN,4,kobs_MeCN|kobs_toluene|Ar_NBO_C1_x|Occupancy_C1-O,0.9285549181182927,0.8550247330324774,0.1441615549972916,LOOCV,ln(kobs)_MeCN = -51.80 + 3.98*kobs_MeCN - 0.11*kobs_toluene + 2.54*Ar_NBO_C1_x + 23.70*Occupancy_C1-O
indigo_aryl_alkyl,ln(kobs)_MeCN,4,ln(kobs)_toluene|Ar_NBO_C1_x|Entry|Ster_B1,0.9292651646007497,0.8550090185921256,0.14344319918704723,LOOCV,ln(kobs)_MeCN = -0.10 + 1.11*ln(kobs)_toluene + 2.15*Ar_NBO_C1_x - 0.00*Entry - 0.23*Ster_B1
indigo_aryl_alkyl,ln(kobs)_MeCN,5,ln(kobs)_toluene|kobs_toluene|HOMO|Ster_B5|Energy_C1-O,0.9637972789026406,0.8549374605535283,0.10262044564021741,LOOCV,ln(kobs)_MeCN = 4.06 + 1.00*ln(kobs)_toluene - 0.95*kobs_toluene + 7.13*HOMO - 0.03*Ster_B5 + 0.64*Energy_C1-O
indigo_aryl_alkyl,ln(kobs)_MeCN,3,ln(kobs)_toluene|Ster_L|polarizability,0.9154880414877337,0.8548314380565551,0.15679144845450385,LOOCV,ln(kobs)_MeCN = 1.16 + 1.07*ln(kobs)_toluene - 0.01*Ster_L - 0.00*polarizability
indigo_aryl_alkyl,ln(kobs)_MeCN,4,kobs_MeCN|L_C1-C2|Ster_B1|Energy_C1-O,0.9366603690713946,0.8548248303857705,0.13573787728258319,LOOCV,ln(kobs)_MeCN = 2.08 + 3.87*kobs_MeCN - 2.55*L_C1-C2 + 0.37*Ster_B1 + 1.38*Energy_C1-O
indigo_aryl_alkyl,ln(kobs)_MeCN,5,ln(kobs)_toluene|HOMO|polarizability|Ster_B1|Occupancy_C1-O,0.9555216924263237,0.8548240213559668,0.11374633595657413,LOOCV,ln(kobs)_MeCN = 17.84 + 0.89*ln(kobs)_toluene + 8.12*HOMO - 0.00*polarizability + 0.02*Ster_B1 - 7.25*Occupancy_C1-O
indigo_aryl_alkyl,ln(kobs)_MeCN,5,ln(kobs)_toluene|HOMO|Ar_NBO_C1_x|Ster_L|Ster_B1,0.9580202789913446,0.8547423512091337,0.1105052885712767,LOOCV,ln(kobs)_MeCN = -8.00 + 0.86*ln(kobs)_toluene + 6.79*HOMO + 13.87*Ar_NBO_C1_x - 0.04*Ster_L - 0.05*Ster_B1
indigo_aryl_alkyl,ln(kobs)_MeCN,3,kobs_MeCN|kobs_toluene|Ster_B1,0.9286435813137208,0.8546103846319706,0.14407207513525006,LOOCV,ln(kobs)_MeCN = -2.66 + 4.31*kobs_MeCN - 1.09*kobs_toluene + 0.09*Ster_B1
indigo_aryl_alkyl,ln(kobs)_MeCN,4,kobs_MeCN|kobs_toluene|Ar_I_C=O|Occupancy_C1-O,0.9291365799509219,0.8545781406264135,0.14357351841880517,LOOCV,ln(kobs)_MeCN = -40.36 + 3.96*kobs_MeCN - 0.07*kobs_toluene + 0.00*Ar_I_C=O + 18.91*Occupancy_C1-O
indigo_aryl_alkyl,ln(kobs)_MeCN,4,kobs_MeCN|Ster_B1|Occupancy_C1-O|Energy_C1-O,0.9388344058992825,0.8545469860168294,0.13338803911780114,LOOCV,ln(kobs)_MeCN = -87.49 + 3.97*kobs_MeCN + 0.43*Ster_B1 + 43.12*Occupancy_C1-O + 1.70*Energy_C1-O
indigo_aryl_alkyl,ln(kobs)_MeCN,4,ln(kobs)_toluene|kobs_toluene|Ar_I_C=O|Ster_B1,0.9407240976187361,0.8545291970842431,0.1313113831973661,LOOCV,ln(kobs)_MeCN = 1.42 + 1.20*ln(kobs)_toluene - 1.61*kobs_toluene + 0.00*Ar_I_C=O - 0.19*Ster_B1
indigo_aryl_alkyl,ln(kobs)_MeCN,5,ln(kobs)_toluene|Ar_NBO_=O|Ar_NBO_-O|Occupancy_C1-O|Energy_C1-O,0.9605695879681774,0.8545188459936498,0.1070974047011827,LOOCV,ln(kobs)_MeCN = -178.93 + 0.98*ln(kobs)_toluene - 5.69*Ar_NBO_=O - 20.15*Ar_NBO_-O + 81.89*Occupancy_C1-O + 1.00*Energy_C1-O
indigo_aryl_alkyl,ln(kobs)_MeCN,5,ln(kobs)_toluene|Ar_NBO_-O|Ar_I_C=O|L_C1-C2|Ster_B1,0.9514100118967139,0.8544322112071825,0.11888763432984568,LOOCV,ln(kobs)_MeCN = -13.84 + 0.97*ln(kobs)_toluene - 21.60*Ar_NBO_-O + 0.00*Ar_I_C=O - 0.27*L_C1-C2 - 0.18*Ster_B1
indigo_aryl_alkyl,ln(kobs)_MeCN,5,ln(kobs)_toluene|Ar_NBO_=O|HOMO|Ster_B1|Energy_C1-O,0.962820005052899,0.8543964733803562,0.10399631534134048,LOOCV,ln(kobs)_MeCN = 2.45 + 0.90*ln(kobs)_toluene - 2.30*Ar_NBO_=O + 4.97*HOMO + 0.29*Ster_B1 + 2.01*Energy_C1-O
indigo_aryl_alkyl,ln(kobs)_MeCN,3,ln(kobs)_toluene|L_C1-C2|Occupancy_C1-O,0.9245665036032995,0.8542224797910888,0.14813081355345745,LOOCV,ln(kobs)_MeCN = 13.26 + 1.01*ln(kobs)_toluene - 10.65*L_C1-C2 + 1.75*Occupancy_C1-O
indigo_aryl_alkyl,ln(kobs)_MeCN,5,ln(kobs)_toluene|kobs_toluene|HOMO|Ar_NBO_-O|Ster_B1,0.9547003737364459,0.8542222939194153,0.11479172931662585,LOOCV,ln(kobs)_MeCN = -11.05 + 0.99*ln(kobs)_toluene - 0.80*kobs_toluene + 3.14*HOMO - 18.92*Ar_NBO_-O - 0.15*Ster_B1
indigo_aryl_alkyl,ln(kobs)_MeCN,3,ln(kobs)_toluene|Ar_NBO_C1_x|Entry,0.9181347300842726,0.8542020764548744,0.15431677480680606,LOOCV,ln(kobs)_MeCN = -0.35 + 1.07*ln(kobs)_toluene + 1.82*Ar_NBO_C1_x - 0.01*Entry
indigo_aryl_alkyl,ln(kobs)_MeCN,5,ln(kobs)_toluene|HOMO|Ar_v_C=O|Ar_NBO_C1_x|Energy_C1-O,0.9625343949811239,0.8541459033609824,0.10439499171363187,LOOCV,ln(kobs)_MeCN = 9.13 + 0.86*ln(kobs)_toluene + 4.46*HOMO - 0.01*Ar_v_C=O + 8.06*Ar_NBO_C1_x + 1.00*Energy_C1-O
indigo_aryl_alkyl,ln(kobs)_MeCN,5,ln(kobs)_toluene|kobs_toluene|HOMO|LUMO|Ster_B1,0.9524818287917891,0.8539079270941516,0.11756908764248894,LOOCV,ln(kobs)_MeCN = 2.87 + 1.11*ln(kobs)_toluene - 2.04*kobs_toluene + 3.44*HOMO + 3.42*LUMO - 0.14*Ster_B1
indigo_aryl_alkyl,ln(kobs)_MeCN,5,ln(kobs)_toluene|LUMO|Ar_NBO_C1_x|L_C1-C2|Ster_B1,0.9608169223646394,0.8537802731159256,0.10676098237585138,LOOCV,ln(kobs)_MeCN = 3.88 + 0.86*ln(kobs)_toluene + 5.18*LUMO + 18.37*Ar_NBO_C1_x - 11.80*L_C1-C2 - 0.19*Ster_B1
indigo_aryl_alkyl,ln(kobs)_MeCN,3,kobs_MeCN|LUMO|L_C1-C2,0.930571449307768,0.8537650897589739,0.14211251940408637,LOOCV,ln(kobs)_MeCN = -2.20 + 3.79*kobs_MeCN + 2.21*LUMO - 0.11*L_C1-C2
indigo_aryl_alkyl,ln(kobs)_MeCN,4,kobs_MeCN|kobs_toluene|polarizability|Energy_C1-O,0.9458276497053664,0.8535950670081722,0.12553132938672604,LOOCV,ln(kobs)_MeCN = -1.34 + 3.33*kobs_MeCN + 1.50*kobs_toluene + 0.00*polarizability + 1.32*Energy_C1-O
indigo_aryl_alkyl,ln(kobs)_MeCN,4,kobs_MeCN|Ster_L|L_C1-C2|Occupancy_C1-O,0.9415250103004242,0.853547980347994,0.13042125231233134,LOOCV,ln(kobs)_MeCN = -94.23 + 3.75*kobs_MeCN + 0.04*Ster_L - 5.50*L_C1-C2 + 49.95*Occupancy_C1-O
indigo_aryl_alkyl,ln(kobs)_MeCN,4,ln(kobs)_toluene|Ster_L|Ar_I_C=O|Occupancy_C1-O,0.9302061802728521,0.8535389729496529,0.14248586154201698,LOOCV,ln(kobs)_MeCN = 7.30 + 1.03*ln(kobs)_toluene - 0.02*Ster_L + 0.00*Ar_I_C=O - 3.35*Occupancy_C1-O
indigo_aryl_alkyl,ln(kobs)_MeCN,5,ln(kobs)_toluene|Ar_NBO_=O|HOMO|Ster_L|Ster_B1,0.9540872954502502,0.8535240741313116,0.11556590566936877,LOOCV,ln(kobs)_MeCN = -5.21 + 0.90*ln(kobs)_toluene - 11.98*Ar_NBO_=O + 2.98*HOMO - 0.03*Ster_L - 0.07*Ster_B1
indigo_aryl_alkyl,ln(kobs)_MeCN,5,kobs_MeCN|ln(kobs)_toluene|Ster_L|polarizability|Ster_B1,0.9609635467871052,0.8534897883433623,0.10656104352436273,LOOCV,ln(kobs)_MeCN = -0.60 + 2.16*kobs_MeCN + 0.52*ln(kobs)_toluene + 0.01*Ster_L + 0.00*polarizability - 0.19*Ster_B1
indigo_aryl_alkyl,ln(kobs)_MeCN,4,ln(kobs)_toluene|HOMO|Ar_v_C=O|Ster_B1,0.945894680755966,0.8534527917590364,0.12545364121728217,LOOCV,ln(kobs)_MeCN = 12.89 + 0.94*ln(kobs)_toluene + 3.67*HOMO - 0.01*Ar_v_C=O - 0.20*Ster_B1
indigo_aryl_alkyl,ln(kobs)_MeCN,4,ln(kobs)_toluene|Ar_NBO_=O|Ar_NBO_C1_x|L_C1-C2,0.9452457791889768,0.8534524271937045,0.12620370085457291,LOOCV,ln(kobs)_MeCN = 5.02 + 0.85*ln(kobs)_toluene - 8.36*Ar_NBO_=O + 11.52*Ar_NBO_C1_x - 12.64*L_C1-C2
indigo_aryl_alkyl,ln(kobs)_MeCN,4,kobs_MeCN|Entry|Ar_I_C=O|L_C1-C2,0.9335454742972268,0.8533215451444591,0.13903545753398547,LOOCV,ln(kobs)_MeCN = -0.49 + 3.82*kobs_MeCN + 0.01*Entry - 0.00*Ar_I_C=O - 1.38*L_C1-C2
indigo_aryl_alkyl,ln(kobs)_MeCN,4,kobs_MeCN|kobs_toluene|polarizability|L_C1-C2,0.937365948219013,0.8532052682472699,0.13497972609644196,LOOCV,ln(kobs)_MeCN = 2.82 + 4.23*kobs_MeCN - 1.24*kobs_toluene + 0.00*polarizability - 3.65*L_C1-C2
indigo_aryl_alkyl,ln(kobs)_MeCN,5,kobs_MeCN|ln(kobs)_toluene|Ar_NBO_=O|Ar_v_C=O|Ster_L,0.9680821484330251,0.8531857941844936,0.09635629983940823,LOOCV,ln(kobs)_MeCN = -20.27 + 1.71*kobs_MeCN + 0.52*ln(kobs)_toluene - 15.85*Ar_NBO_=O + 0.01*Ar_v_C=O - 0.02*Ster_L
indigo_aryl_alkyl,ln(kobs)_MeCN,4,kobs_MeCN|LUMO|Ar_I_C=O|Ster_B1,0.9311603333500832,0.8528748923677877,0.1415085459095218,LOOCV,ln(kobs)_MeCN = -2.50 + 3.75*kobs_MeCN + 2.04*LUMO + 0.00*Ar_I_C=O + 0.04*Ster_B1
indigo_aryl_alkyl,ln(kobs)_MeCN,4,ln(kobs)_toluene|Ar_NBO_=O|Ar_NBO_-O|LUMO,0.9438304707757444,0.8528232516659018,0.1278243759041414,LOOCV,ln(kobs)_MeCN = -14.29 + 0.89*ln(kobs)_toluene - 3.20*Ar_NBO_=O - 18.70*Ar_NBO_-O + 2.21*LUMO
indigo_aryl_alkyl,ln(kobs)_MeCN,4,ln(kobs)_toluene|Ar_I_C=O|L_C1-C2|Occupancy_C1-O,0.9308366561829535,0.8525959076338158,0.14184083522268134,LOOCV,ln(kobs)_MeCN = -5.36 + 0.99*ln(kobs)_toluene + 0.00*Ar_I_C=O - 6.13*L_C1-C2 + 7.52*Occupancy_C1-O
indigo_aryl_alkyl,ln(kobs)_MeCN,5,kobs_MeCN|ln(kobs)_toluene|LUMO|L_C1-C2|Energy_C1-O,0.9685747674583511,0.8524727380451038,0.09560982847414437,LOOCV,ln(kobs)_MeCN = 3.68 + 1.73*kobs_MeCN + 0.61*ln(kobs)_toluene + 2.01*LUMO - 2.21*L_C1-C2 + 0.75*Energy_C1-O
indigo_aryl_alkyl,ln(kobs)_MeCN,3,ln(kobs)_toluene|polarizability|L_C1-C2,0.9254118796024742,0.8522704932039986,0.14729843092518377,LOOCV,ln(kobs)_MeCN = 16.60 + 1.03*ln(kobs)_toluene - 0.00*polarizability - 10.50*L_C1-C2
indigo_aryl_alkyl,ln(kobs)_MeCN,4,ln(kobs)_toluene|Ar_NBO_C1_x|Ster_B1|Occupancy_C1-O,0.9293227329402598,0.8520096118936824,0.14338481587702914,LOOCV,ln(kobs)_MeCN = -66.27 + 1.08*ln(kobs)_toluene + 5.89*Ar_NBO_C1_x - 0.25*Ster_B1 + 31.63*Occupancy_C1-O
indigo_aryl_alkyl,ln(kobs)_MeCN,3,kobs_MeCN|kobs_toluene|L_C1-C2,0.9286624822314037,0.8519405385075897,0.14405299293612797,LOOCV,ln(kobs)_MeCN = 2.80 + 3.97*kobs_MeCN - 0.13*kobs_toluene - 3.57*L_C1-C2
indigo_aryl_alkyl,ln(kobs)_MeCN,4,ln(kobs)_toluene|kobs_toluene|Entry|Ster_B5,0.9230467952963141,0.8518973225960706,0.14961551931603004,LOOCV,ln(kobs)_MeCN = 2.03 + 1.33*ln(kobs)_toluene - 2.53*kobs_toluene - 0.01*Entry - 0.00*Ster_B5
indigo_aryl_alkyl,ln(kobs)_MeCN,5,ln(kobs)_toluene|HOMO|Ster_L|polarizability|Energy_C1-O,0.9615514256121913,0.8517309899635749,0.10575560882147528,LOOCV,ln(kobs)_MeCN = 3.63 + 0.89*ln(kobs)_toluene + 7.52*HOMO + 0.03*Ster_L - 0.00*polarizability + 0.57*Energy_C1-O
indigo_aryl_alkyl,ln(kobs)_MeCN,5,kobs_MeCN|ln(kobs)_toluene|HOMO|Ster_B1|Occupancy_C1-O,0.9677486183510835,0.8516742539687334,0.09685843582137588,LOOCV,ln(kobs)_MeCN = -44.23 + 1.80*kobs_MeCN + 0.54*ln(kobs)_toluene + 3.14*HOMO - 0.12*Ster_B1 + 22.46*Occupancy_C1-O
indigo_aryl_alkyl,ln(kobs)_MeCN,4,kobs_MeCN|Ar_NBO_=O|HOMO|Ster_B1,0.945074902279808,0.8515066215466522,0.12640047563258977,LOOCV,ln(kobs)_MeCN = -7.52 + 3.32*kobs_MeCN - 9.40*Ar_NBO_=O + 1.78*HOMO + 0.05*Ster_B1
indigo_aryl_alkyl,ln(kobs)_MeCN,5,ln(kobs)_toluene|Ar_v_C=O|LUMO|Ar_NBO_C1_x|Energy_C1-O,0.96096163793162,0.8514755411275639,0.10656364887307015,LOOCV,ln(kobs)_MeCN = 10.55 + 0.83*ln(kobs)_toluene - 0.01*Ar_v_C=O + 5.03*LUMO + 13.31*Ar_NBO_C1_x + 0.77*Energy_C1-O
indigo_aryl_alkyl,ln(kobs)_MeCN,5,ln(kobs)_toluene|HOMO|Ar_NBO_-O|Ar_I_C=O|Ster_B1,0.9549829095654436,0.8513172500334283,0.1144331887658085,LOOCV,ln(kobs)_MeCN = -11.36 + 0.92*ln(kobs)_toluene + 2.51*HOMO - 18.62*Ar_NBO_-O + 0.00*Ar_I_C=O - 0.17*Ster_B1
indigo_aryl_alkyl,ln(kobs)_MeCN,4,kobs_MeCN|kobs_toluene|LUMO|Occupancy_C1-O,0.930761413054418,0.851187404226326,0.14191796890727745,LOOCV,ln(kobs)_MeCN = -21.57 + 3.88*kobs_MeCN - 0.18*kobs_toluene + 2.13*LUMO + 9.62*Occupancy_C1-O
indigo_aryl_alkyl,ln(kobs)_MeCN,5,ln(kobs)_toluene|Ar_NBO_=O|Ster_L|Occupancy_C1-O|Energy_C1-O,0.9582940956451452,0.8510454601881651,0.11014430844022868,LOOCV,ln(kobs)_MeCN = -153.34 + 0.96*ln(kobs)_toluene - 15.09*Ar_NBO_=O - 0.00*Ster_L + 73.31*Occupancy_C1-O + 1.04*Energy_C1-O
indigo_aryl_alkyl,ln(kobs)_MeCN,5,ln(kobs)_toluene|Ar_NBO_-O|Ar_I_C=O|polarizability|Energy_C1-O,0.9556428184359619,0.8509523789634725,0.11359134992679612,LOOCV,ln(kobs)_MeCN = -11.83 + 0.98*ln(kobs)_toluene - 18.89*Ar_NBO_-O + 0.00*Ar_I_C=O - 0.00*polarizability + 0.79*Energy_C1-O
indigo_aryl_alkyl,ln(kobs)_MeCN,4,kobs_MeCN|Ar_NBO_=O|Ster_B1|Occupancy_C1-O,0.9473904487277247,0.8507881246698128,0.12370737393986221,LOOCV,ln(kobs)_MeCN = -117.00 + 3.40*kobs_MeCN - 14.57*Ar_NBO_=O + 0.04*Ster_B1 + 53.06*Occupancy_C1-O
indigo_aryl_alkyl,ln(kobs)_MeCN,5,ln(kobs)_toluene|Ar_NBO_-O|Ar_I_C=O|Ster_B1|Energy_C1-O,0.9557964867876101,0.8506160528404282,0.11339441970053035,LOOCV,ln(kobs)_MeCN = -10.68 + 0.98*ln(kobs)_toluene - 17.50*Ar_NBO_-O + 0.00*Ar_I_C=O + 0.07*Ster_B1 + 1.09*Energy_C1-O
indigo_aryl_alkyl,ln(kobs)_MeCN,4,kobs_MeCN|ln(kobs)_toluene|LUMO|Energy_C1-O,0.9682995179305043,0.8505293526670522,0.09602763262679666,LOOCV,ln(kobs)_MeCN = 0.42 + 1.73*kobs_MeCN + 0.60*ln(kobs)_toluene + 2.51*LUMO + 0.75*Energy_C1-O
indigo_aryl_alkyl,ln(kobs)_MeCN,4,ln(kobs)_toluene|Entry|polarizability|Ster_B5,0.9183134005888517,0.8503472308120783,0.15414828506540867,LOOCV,ln(kobs)_MeCN = 1.20 + 1.09*ln(kobs)_toluene - 0.01*Entry - 0.00*polarizability + 0.01*Ster_B5
indigo_aryl_alkyl,ln(kobs)_MeCN,4,kobs_MeCN|Ar_NBO_C1_x|Ster_B5|Energy_C1-O,0.9392509214397027,0.850322617649585,0.13293310118888163,LOOCV,ln(kobs)_MeCN = -3.55 + 3.90*kobs_MeCN + 1.95*Ar_NBO_C1_x + 0.03*Ster_B5 + 0.62*Energy_C1-O
indigo_aryl_alkyl,ln(kobs)_MeCN,4,ln(kobs)_toluene|kobs_toluene|Ar_v_C=O|Occupancy_C1-O,0.9340692983875666,0.8502349863435619,0.13848640380449959,LOOCV,ln(kobs)_MeCN = 4.96 + 1.17*ln(kobs)_toluene - 2.42*kobs_toluene - 0.02*Ar_v_C=O + 13.44*Occupancy_C1-O
indigo_aryl_alkyl,ln(kobs)_MeCN,3,ln(kobs)_toluene|kobs_toluene|Occupancy_C1-O,0.9190497971740927,0.849976504038406,0.1534518962989944,LOOCV,ln(kobs)_MeCN = 2.18 + 1.29*ln(kobs)_toluene - 2.55*kobs_toluene - 0.16*Occupancy_C1-O
indigo_aryl_alkyl,ln(kobs)_MeCN,4,ln(kobs)_toluene|LUMO|polarizability|Ster_B5,0.9310542963775197,0.8499597816397865,0.1416174901033012,LOOCV,ln(kobs)_MeCN = 1.04 + 0.96*ln(kobs)_toluene + 4.83*LUMO - 0.00*polarizability - 0.01*Ster_B5
indigo_aryl_alkyl,ln(kobs)_MeCN,4,kobs_MeCN|L_C1-C2|Ster_B5|Occupancy_C1-O,0.9353250626058583,0.8499176370550986,0.13716120678648674,LOOCV,ln(kobs)_MeCN = -9.41 + 3.86*kobs_MeCN - 4.15*L_C1-C2 + 0.02*Ster_B5 + 6.51*Occupancy_C1-O
indigo_aryl_alkyl,ln(kobs)_MeCN,4,kobs_MeCN|HOMO|Ar_NBO_-O|Ster_B1,0.9424015238804355,0.8499156732290405,0.12944008389600928,LOOCV,ln(kobs)_MeCN = -9.78 + 3.40*kobs_MeCN + 2.88*HOMO - 11.72*Ar_NBO_-O + 0.06*Ster_B1
indigo_aryl_alkyl,ln(kobs)_MeCN,5,ln(kobs)_toluene|Ar_NBO_=O|Ster_L|Entry|Energy_C1-O,0.9538466195680024,0.8499085176833658,0.11586840986104048,LOOCV,ln(kobs)_MeCN = -7.48 + 0.97*ln(kobs)_toluene - 15.20*Ar_NBO_=O - 0.02*Ster_L - 0.00*Entry + 0.55*Energy_C1-O
indigo_aryl_alkyl,ln(kobs)_MeCN,5,ln(kobs)_toluene|HOMO|LUMO|polarizability|Energy_C1-O,0.9614420660258745,0.849848457891617,0.10590590278695834,LOOCV,ln(kobs)_MeCN = 3.44 + 0.92*ln(kobs)_toluene + 5.25*HOMO + 1.74*LUMO - 0.00*polarizability + 0.87*Energy_C1-O
indigo_aryl_alkyl,ln(kobs)_MeCN,4,ln(kobs)_toluene|Ster_L|Entry|polarizability,0.9198993735926,0.849812435222692,0.1526445297186161,LOOCV,ln(kobs)_MeCN = 1.40 + 1.11*ln(kobs)_toluene - 0.03*Ster_L - 0.01*Entry + 0.00*polarizability
indigo_aryl_alkyl,ln(kobs)_MeCN,4,kobs_MeCN|polarizability|Ster_B5|Occupancy_C1-O,0.9352548278664227,0.849802901495994,0.13723566273511056,LOOCV,ln(kobs)_MeCN = -45.60 + 3.88*kobs_MeCN + 0.00*polarizability + 0.00*Ster_B5 + 21.55*Occupancy_C1-O
indigo_aryl_alkyl,ln(kobs)_MeCN,4,ln(kobs)_toluene|kobs_toluene|Ar_I_C=O|Occupancy_C1-O,0.9345766778468595,0.8496701434532041,0.1379525033483063,LOOCV,ln(kobs)_MeCN = -12.04 + 1.28*ln(kobs)_toluene - 2.87*kobs_toluene + 0.00*Ar_I_C=O + 6.72*Occupancy_C1-O
indigo_aryl_alkyl,ln(kobs)_MeCN,4,kobs_MeCN|Ar_v_C=O|LUMO|Ster_B1,0.9375763495124512,0.8496596728164505,0.13475282237035893,LOOCV,ln(kobs)_MeCN = 21.47 + 3.56*kobs_MeCN - 0.01*Ar_v_C=O + 0.17*LUMO + 0.04*Ster_B1
indigo_aryl_alkyl,ln(kobs)_MeCN,4,ln(kobs)_toluene|Ar_NBO_-O|Occupancy_C1-O|Energy_C1-O,0.9598984411421675,0.8496586366048525,0.10800501376722771,LOOCV,ln(kobs)_MeCN = -183.10 + 1.00*ln(kobs)_toluene - 29.77*Ar_NBO_-O + 82.34*Occupancy_C1-O + 0.98*Energy_C1-O
indigo_aryl_alkyl,ln(kobs)_MeCN,4,kobs_MeCN|Ar_NBO_=O|polarizability|Ster_B1,0.9434802446843864,0.8496177332053206,0.1282222594705358,LOOCV,ln(kobs)_MeCN = -9.20 + 3.43*kobs_MeCN - 11.23*Ar_NBO_=O + 0.00*polarizability + 0.03*Ster_B1
indigo_aryl_alkyl,ln(kobs)_MeCN,4,ln(kobs)_toluene|Ar_I_C=O|Ster_B1|Occupancy_C1-O,0.9399111022641893,0.8495169983075717,0.13220881351289515,LOOCV,ln(kobs)_MeCN = -45.32 + 1.06*ln(kobs)_toluene + 0.00*Ar_I_C=O - 0.24*Ster_B1 + 23.24*Occupancy_C1-O
indigo_aryl_alkyl,ln(kobs)_MeCN,5,ln(kobs)_toluene|HOMO|Entry|Ster_B1|Occupancy_C1-O,0.954398346576181,0.8492101210063095,0.11517377024455248,LOOCV,ln(kobs)_MeCN = -52.90 + 1.00*ln(kobs)_toluene + 5.35*HOMO - 0.01*Entry - 0.19*Ster_B1 + 28.06*Occupancy_C1-O
indigo_aryl_alkyl,ln(kobs)_MeCN,4,ln(kobs)_toluene|kobs_toluene|LUMO|L_C1-C2,0.9397166944180746,0.848961594891386,0.13242251085295703,LOOCV,ln(kobs)_MeCN = 7.56 + 1.28*ln(kobs)_toluene - 3.31*kobs_toluene + 4.57*LUMO - 3.68*L_C1-C2
indigo_aryl_alkyl,ln(kobs)_MeCN,4,ln(kobs)_toluene|Ar_NBO_C1_x|Ster_L|Ster_B5,0.9194108337108566,0.8488233906054494,0.15310931746590534,LOOCV,ln(kobs)_MeCN = -4.54 + 1.04*ln(kobs)_toluene + 7.13*Ar_NBO_C1_x - 0.02*Ster_L + 0.00*Ster_B5
indigo_aryl_alkyl,ln(kobs)_MeCN,3,ln(kobs)_toluene|Ar_NBO_C1_x|polarizability,0.9173409633854523,0.8486667482873798,0.1550630987853069,LOOCV,ln(kobs)_MeCN = -2.93 + 1.03*ln(kobs)_toluene + 4.92*Ar_NBO_C1_x - 0.00*polarizability
indigo_aryl_alkyl,ln(kobs)_MeCN,4,ln(kobs)_toluene|kobs_toluene|Ar_v_C=O|Ster_B1,0.9390697396443444,0.8486227349470423,0.13313118753888128,LOOCV,ln(kobs)_MeCN = 28.80 + 1.10*ln(kobs)_toluene - 1.30*kobs_toluene - 0.01*Ar_v_C=O - 0.17*Ster_B1
indigo_aryl_alkyl,ln(kobs)_MeCN,4,kobs_MeCN|kobs_toluene|Entry|L_C1-C2,0.9353051029881132,0.8486208164142939,0.1371823701163447,LOOCV,ln(kobs)_MeCN = -2.53 + 4.29*kobs_MeCN - 1.36*kobs_toluene + 0.01*Entry - 0.02*L_C1-C2
indigo_aryl_alkyl,ln(kobs)_MeCN,4,kobs_MeCN|Ster_L|Ster_B1|Ster_B5,0.9386219818244425,0.8485418650368624,0.1336194622944872,LOOCV,ln(kobs)_MeCN = -2.61 + 3.81*kobs_MeCN + 0.03*Ster_L - 0.10*Ster_B1 + 0.01*Ster_B5
indigo_aryl_alkyl,ln(kobs)_MeCN,5,ln(kobs)_toluene|HOMO|Ar_I_C=O|Ster_B1|Energy_C1-O,0.9628444765857737,0.8484617410695795,0.10396208499573668,LOOCV,ln(kobs)_MeCN = 3.86 + 0.92*ln(kobs)_toluene + 5.04*HOMO + 0.00*Ar_I_C=O + 0.30*Ster_B1 + 2.09*Energy_C1-O
indigo_aryl_alkyl,ln(kobs)_MeCN,5,ln(kobs)_toluene|kobs_toluene|LUMO|Ar_NBO_C1_x|L_C1-C2,0.9601159640954613,0.8483771497825606,0.10771168956751977,LOOCV,ln(kobs)_MeCN = 4.46 + 1.09*ln(kobs)_toluene - 2.96*kobs_toluene + 5.95*LUMO + 18.61*Ar_NBO_C1_x - 11.95*L_C1-C2
indigo_aryl_alkyl,ln(kobs)_MeCN,4,ln(kobs)_toluene|Ar_NBO_C1_x|polarizability|Ster_B1,0.9283490305098936,0.8483571680881372,0.14436912509391125,LOOCV,ln(kobs)_MeCN = -1.98 + 1.06*ln(kobs)_toluene + 4.33*Ar_NBO_C1_x + 0.00*polarizability - 0.27*Ster_B1
indigo_aryl_alkyl,ln(kobs)_MeCN,3,ln(kobs)_toluene|Ster_L|Occupancy_C1-O,0.9155833556697247,0.8483139643982577,0.1567030073335584,LOOCV,ln(kobs)_MeCN = 19.06 + 1.07*ln(kobs)_toluene - 0.02*Ster_L - 8.97*Occupancy_C1-O
indigo_aryl_alkyl,ln(kobs)_MeCN,4,ln(kobs)_toluene|kobs_toluene|Ar_v_C=O|L_C1-C2,0.9338014358983322,0.8482731241203088,0.13876743912404377,LOOCV,ln(kobs)_MeCN = 30.46 + 1.18*ln(kobs)_toluene - 2.50*kobs_toluene - 0.01*Ar_v_C=O - 1.21*L_C1-C2
indigo_aryl_alkyl,ln(kobs)_MeCN,4,kobs_MeCN|Ar_NBO_C1_x|L_C1-C2|Energy_C1-O,0.9312065898230738,0.8482004887013925,0.14146099493705674,LOOCV,ln(kobs)_MeCN = 3.78 + 3.74*kobs_MeCN + 6.33*Ar_NBO_C1_x - 7.55*L_C1-C2 + 0.11*Energy_C1-O
indigo_aryl_alkyl,ln(kobs)_MeCN,4,kobs_MeCN|kobs_toluene|Entry|Ster_B1,0.9373793800171969,0.8481645730257839,0.13496525219926678,LOOCV,ln(kobs)_MeCN = -2.77 + 4.67*kobs_MeCN - 2.63*kobs_toluene + 0.01*Entry + 0.13*Ster_B1
indigo_aryl_alkyl,ln(kobs)_MeCN,4,kobs_MeCN|kobs_toluene|HOMO|Energy_C1-O,0.9418026976519551,0.8481362642408393,0.13011121009639454,LOOCV,ln(kobs)_MeCN = -0.47 + 2.94*kobs_MeCN + 1.72*kobs_toluene + 4.04*HOMO + 0.64*Energy_C1-O
indigo_aryl_alkyl,ln(kobs)_MeCN,5,ln(kobs)_toluene|Ar_NBO_=O|Ar_NBO_-O|Ar_I_C=O|Energy_C1-O,0.955776146533257,0.8481310924532348,0.11342050593103054,LOOCV,ln(kobs)_MeCN = -9.37 + 0.97*ln(kobs)_toluene - 3.42*Ar_NBO_=O - 12.53*Ar_NBO_-O + 0.00*Ar_I_C=O + 0.87*Energy_C1-O
indigo_aryl_alkyl,ln(kobs)_MeCN,4,ln(kobs)_toluene|Ster_L|L_C1-C2|Ster_B5,0.9252598443352824,0.8480765715512978,0.14744847597203822,LOOCV,ln(kobs)_MeCN = 16.24 + 1.03*ln(kobs)_toluene - 0.00*Ster_L - 10.25*L_C1-C2 - 0.01*Ster_B5
indigo_aryl_alkyl,ln(kobs)_MeCN,5,ln(kobs)_toluene|kobs_toluene|Ar_NBO_=O|Ster_L|Occupancy_C1-O,0.9513209155670116,0.8480423106399035,0.11899658270636992,LOOCV,ln(kobs)_MeCN = -61.61 + 1.08*ln(kobs)_toluene - 1.65*kobs_toluene - 18.53*Ar_NBO_=O - 0.03*Ster_L + 26.08*Occupancy_C1-O
indigo_aryl_alkyl,ln(kobs)_MeCN,4,ln(kobs)_toluene|kobs_toluene|Ar_v_C=O|polarizability,0.9371927871643154,0.8480422999935051,0.13516618297315028,LOOCV,ln(kobs)_MeCN = 34.46 + 1.18*ln(kobs)_toluene - 2.33*kobs_toluene - 0.02*Ar_v_C=O - 0.00*polarizability
indigo_aryl_alkyl,ln(kobs)_MeCN,5,ln(kobs)_toluene|HOMO|Ar_NBO_C1_x|Ar_I_C=O|Energy_C1-O,0.9626835010962473,0.8476666165655617,0.1041870483224085,LOOCV,ln(kobs)_MeCN = -2.65 + 0.90*ln(kobs)_toluene + 4.48*HOMO + 7.04*Ar_NBO_C1_x + 0.00*Ar_I_C=O + 1.06*Energy_C1-O
indigo_aryl_alkyl,ln(kobs)_MeCN,3,kobs_MeCN|Entry|Ster_B1,0.9334346248228967,0.8475128750170485,0.13915136826822644,LOOCV,ln(kobs)_MeCN = -2.58 + 3.82*kobs_MeCN + 0.01*Entry + 0.01*Ster_B1
indigo_aryl_alkyl,ln(kobs)_MeCN,5,ln(kobs)_toluene|Ar_NBO_=O|Entry|Ar_I_C=O|L_C1-C2,0.9526349393930472,0.8474066810200745,0.11737952229115362,LOOCV,ln(kobs)_MeCN = 2.34 + 0.98*ln(kobs)_toluene - 8.11*Ar_NBO_=O - 0.01*Entry + 0.00*Ar_I_C=O - 4.49*L_C1-C2
indigo_aryl_alkyl,ln(kobs)_MeCN,4,ln(kobs)_toluene|kobs_toluene|Ar_v_C=O|Ar_I_C=O,0.9396225640885879,0.847388773832422,0.13252585714713136,LOOCV,ln(kobs)_MeCN = 21.06 + 1.20*ln(kobs)_toluene - 2.72*kobs_toluene - 0.01*Ar_v_C=O + 0.00*Ar_I_C=O
indigo_aryl_alkyl,ln(kobs)_MeCN,4,kobs_MeCN|Ar_NBO_C1_x|Entry|Ster_B1,0.9361138081139425,0.8473379358546288,0.1363222639033201,LOOCV,ln(kobs)_MeCN = -7.41 + 3.65*kobs_MeCN + 6.07*Ar_NBO_C1_x + 0.01*Entry - 0.00*Ster_B1
indigo_aryl_alkyl,ln(kobs)_MeCN,5,ln(kobs)_toluene|HOMO|Ar_NBO_C1_x|Occupancy_C1-O|Energy_C1-O,0.9662842349176455,0.8472643158176443,0.09903296883120277,LOOCV,ln(kobs)_MeCN = -124.96 + 0.91*ln(kobs)_toluene + 5.54*HOMO + 8.98*Ar_NBO_C1_x + 60.93*Occupancy_C1-O + 1.25*Energy_C1-O
indigo_aryl_alkyl,ln(kobs)_MeCN,5,ln(kobs)_toluene|kobs_toluene|Ar_NBO_-O|polarizability|Occupancy_C1-O,0.9509650641691889,0.8471610779015802,0.11943073214753869,LOOCV,ln(kobs)_MeCN = -143.25 + 1.05*ln(kobs)_toluene - 0.90*kobs_toluene - 35.69*Ar_NBO_-O - 0.00*polarizability + 59.89*Occupancy_C1-O
indigo_aryl_alkyl,ln(kobs)_MeCN,4,kobs_MeCN|HOMO|Ar_NBO_C1_x|Ster_B1,0.9412679325937074,0.8471465413620121,0.13070762796280405,LOOCV,ln(kobs)_MeCN = -5.25 + 3.35*kobs_MeCN + 4.11*HOMO + 5.12*Ar_NBO_C1_x + 0.04*Ster_B1
indigo_aryl_alkyl,ln(kobs)_MeCN,4,ln(kobs)_toluene|kobs_toluene|Ster_L|Ster_B5,0.9211938541541695,0.8471456640214049,0.15140608614500065,LOOCV,ln(kobs)_MeCN = 2.10 + 1.33*ln(kobs)_toluene - 2.64*kobs_toluene - 0.01*Ster_L - 0.00*Ster_B5
indigo_aryl_alkyl,ln(kobs)_MeCN,4,ln(kobs)_toluene|kobs_toluene|Entry|Occupancy_C1-O,0.9231134401606493,0.8470365272308549,0.149550718468455,LOOCV,ln(kobs)_MeCN = -16.29 + 1.34*ln(kobs)_toluene - 2.51*kobs_toluene - 0.01*Entry + 9.19*Occupancy_C1-O
indigo_aryl_alkyl,ln(kobs)_MeCN,5,ln(kobs)_toluene|Ar_NBO_-O|Ster_B1|Occupancy_C1-O|Energy_C1-O,0.9606459589814715,0.8468996455885959,0.1069936383291299,LOOCV,ln(kobs)_MeCN = -190.02 + 1.00*ln(kobs)_toluene - 29.18*Ar_NBO_-O + 0.12*Ster_B1 + 86.11*Occupancy_C1-O + 1.38*Energy_C1-O
indigo_aryl_alkyl,ln(kobs)_MeCN,4,ln(kobs)_toluene|LUMO|Ster_L|Occupancy_C1-O,0.9307171250246451,0.846640037166482,0.1419633501227805,LOOCV,ln(kobs)_MeCN = 26.60 + 0.95*ln(kobs)_toluene + 4.96*LUMO - 0.00*Ster_L - 12.85*Occupancy_C1-O
indigo_aryl_alkyl,ln(kobs)_MeCN,4,ln(kobs)_toluene|kobs_toluene|Ar_NBO_C1_x|Ster_B1,0.9284476455121824,0.8464764061294763,0.14426974148649083,LOOCV,ln(kobs)_MeCN = -1.59 + 1.16*ln(kobs)_toluene - 0.95*kobs_toluene + 4.17*Ar_NBO_C1_x - 0.21*Ster_B1
indigo_aryl_alkyl,ln(kobs)_MeCN,5,ln(kobs)_toluene|Ar_NBO_=O|HOMO|LUMO|Ster_B1,0.9522132468934081,0.8462941955319593,0.11790088107936045,LOOCV,ln(kobs)_MeCN = -1.96 + 0.90*ln(kobs)_toluene - 6.38*Ar_NBO_=O + 2.51*HOMO + 2.17*LUMO - 0.18*Ster_B1
indigo_aryl_alkyl,ln(kobs)_MeCN,4,kobs_MeCN|kobs_toluene|Ar_NBO_C1_x|Ster_B1,0.9287064660680704,0.8462802679309155,0.14400857745572518,LOOCV,ln(kobs)_MeCN = -3.34 + 4.26*kobs_MeCN - 1.02*kobs_toluene + 0.86*Ar_NBO_C1_x + 0.09*Ster_B1
indigo_aryl_alkyl,ln(kobs)_MeCN,5,ln(kobs)_toluene|HOMO|Ar_NBO_C1_x|Ar_I_C=O|Ster_B1,0.9533769010091088,0.8459907975404638,0.11645653325977891,LOOCV,ln(kobs)_MeCN = -5.16 + 0.90*ln(kobs)_toluene + 3.91*HOMO + 8.88*Ar_NBO_C1_x + 0.00*Ar_I_C=O - 0.20*Ster_B1
indigo_aryl_alkyl,ln(kobs)_MeCN,4,kobs_MeCN|Ar_v_C=O|Entry|Ster_B1,0.9396609996390128,0.8459839235250652,0.1324836682474709,LOOCV,ln(kobs)_MeCN = 18.19 + 3.55*kobs_MeCN - 0.01*Ar_v_C=O + 0.00*Entry + 0.02*Ster_B1
indigo_aryl_alkyl,ln(kobs)_MeCN,5,ln(kobs)_toluene|Ar_NBO_=O|LUMO|Occupancy_C1-O|Energy_C1-O,0.9587682033891994,0.8459282541826102,0.10951646535134643,LOOCV,ln(kobs)_MeCN = -138.19 + 0.95*ln(kobs)_toluene - 13.25*Ar_NBO_=O + 1.07*LUMO + 66.28*Occupancy_C1-O + 1.04*Energy_C1-O
indigo_aryl_alkyl,ln(kobs)_MeCN,4,ln(kobs)_toluene|Ar_NBO_C1_x|Ster_L|Entry,0.9204574565646764,0.8457943472868119,0.15211184215807105,LOOCV,ln(kobs)_MeCN = -2.31 + 1.08*ln(kobs)_toluene + 4.47*Ar_NBO_C1_x - 0.02*Ster_L - 0.00*Entry
indigo_aryl_alkyl,ln(kobs)_MeCN,5,kobs_MeCN|ln(kobs)_toluene|Ar_NBO_=O|L_C1-C2|Ster_B5,0.9665001791467327,0.845784947050418,0.09871531400393958,LOOCV,ln(kobs)_MeCN = -5.78 + 1.91*kobs_MeCN + 0.46*ln(kobs)_toluene - 10.14*Ar_NBO_=O - 0.81*L_C1-C2 + 0.00*Ster_B5
indigo_aryl_alkyl,ln(kobs)_MeCN,5,ln(kobs)_toluene|Ar_NBO_=O|HOMO|Ar_v_C=O|Ster_B5,0.9604595473518647,0.8457572794715921,0.10724674188736193,LOOCV,ln(kobs)_MeCN = -26.93 + 0.84*ln(kobs)_toluene - 11.14*Ar_NBO_=O + 7.67*HOMO + 0.01*Ar_v_C=O - 0.05*Ster_B5
indigo_aryl_alkyl,ln(kobs)_MeCN,5,kobs_MeCN|ln(kobs)_toluene|L_C1-C2|Occupancy_C1-O|Energy_C1-O,0.9695331754965739,0.8456583077614155,0.09414058321264832,LOOCV,ln(kobs)_MeCN = -73.52 + 1.85*kobs_MeCN + 0.63*ln(kobs)_toluene - 5.08*L_C1-C2 + 40.88*Occupancy_C1-O + 0.87*Energy_C1-O
indigo_aryl_alkyl,ln(kobs)_MeCN,5,ln(kobs)_toluene|HOMO|Ar_NBO_-O|L_C1-C2|Energy_C1-O,0.9616695375040769,0.845346116135235,0.10559304619192986,LOOCV,ln(kobs)_MeCN = -5.31 + 0.92*ln(kobs)_toluene + 3.82*HOMO - 13.03*Ar_NBO_-O - 0.59*L_C1-C2 + 0.97*Energy_C1-O
indigo_aryl_alkyl,ln(kobs)_MeCN,4,kobs_MeCN|Ar_I_C=O|Occupancy_C1-O|Energy_C1-O,0.9302701084463098,0.8448935484986664,0.14242059109474997,LOOCV,ln(kobs)_MeCN = -54.18 + 3.97*kobs_MeCN + 0.00*Ar_I_C=O + 25.98*Occupancy_C1-O + 0.27*Energy_C1-O
indigo_aryl_alkyl,ln(kobs)_MeCN,3,ln(kobs)_toluene|kobs_toluene|L_C1-C2,0.9311176507444714,0.8447492487123882,0.1415524088289901,LOOCV,ln(kobs)_MeCN = 18.82 + 1.30*ln(kobs)_toluene - 2.89*kobs_toluene - 11.39*L_C1-C2
indigo_aryl_alkyl,ln(kobs)_MeCN,4,kobs_MeCN|kobs_toluene|Ar_v_C=O|Ster_B1,0.9383784702013724,0.8447422995483698,0.13388426135605278,LOOCV,ln(kobs)_MeCN = 21.95 + 3.94*kobs_MeCN - 1.10*kobs_toluene - 0.01*Ar_v_C=O + 0.10*Ster_B1
indigo_aryl_alkyl,ln(kobs)_MeCN,4,kobs_MeCN|kobs_toluene|Ar_I_C=O|L_C1-C2,0.9290152409412337,0.8447071793193542,0.14369638588279715,LOOCV,ln(kobs)_MeCN = 1.25 + 3.92*kobs_MeCN - 0.07*kobs_toluene + 0.00*Ar_I_C=O - 2.58*L_C1-C2
indigo_aryl_alkyl,ln(kobs)_MeCN,4,kobs_MeCN|kobs_toluene|LUMO|Ster_B1,0.9317675456504577,0.8446622366317286,0.1408830631398449,LOOCV,ln(kobs)_MeCN = -2.52 + 4.12*kobs_MeCN - 1.06*kobs_toluene + 2.24*LUMO + 0.10*Ster_B1
indigo_aryl_alkyl,ln(kobs)_MeCN,4,ln(kobs)_toluene|Ar_NBO_C1_x|Ster_B5|Occupancy_C1-O,0.9172196837250154,0.8446376925716523,0.15517681355637156,LOOCV,ln(kobs)_MeCN = -43.21 + 1.03*ln(kobs)_toluene + 5.17*Ar_NBO_C1_x - 0.01*Ster_B5 + 20.09*Occupancy_C1-O
indigo_aryl_alkyl,ln(kobs)_MeCN,5,kobs_MeCN|ln(kobs)_toluene|Ar_NBO_=O|L_C1-C2|Ster_B1,0.9683157990240436,0.8445308571349248,0.0960029699787814,LOOCV,ln(kobs)_MeCN = -4.52 + 1.78*kobs_MeCN + 0.52*ln(kobs)_toluene - 9.49*Ar_NBO_=O - 1.15*L_C1-C2 - 0.10*Ster_B1
indigo_aryl_alkyl,ln(kobs)_MeCN,4,ln(kobs)_toluene|HOMO|LUMO|Energy_C1-O,0.9606985831145123,0.8444268386733955,0.10692207857532764,LOOCV,ln(kobs)_MeCN = 3.28 + 0.93*ln(kobs)_toluene + 4.11*HOMO + 2.34*LUMO + 1.10*Energy_C1-O
indigo_aryl_alkyl,ln(kobs)_MeCN,4,ln(kobs)_toluene|kobs_toluene|L_C1-C2|Ster_B1,0.9369964378433705,0.844321890156212,0.13537729788402467,LOOCV,ln(kobs)_MeCN = 17.52 + 1.22*ln(kobs)_toluene - 1.64*kobs_toluene - 10.50*L_C1-C2 - 0.18*Ster_B1
indigo_aryl_alkyl,ln(kobs)_MeCN,4,kobs_MeCN|HOMO|Ster_L|Ster_B1,0.9421084041875065,0.8440999805797098,0.12976902739823118,LOOCV,ln(kobs)_MeCN = -1.66 + 3.53*kobs_MeCN + 2.78*HOMO + 0.02*Ster_L - 0.04*Ster_B1
indigo_aryl_alkyl,ln(kobs)_MeCN,4,ln(kobs)_toluene|Ster_L|Entry|Occupancy_C1-O,0.9193339664345619,0.8440455711257407,0.15318231915892946,LOOCV,ln(kobs)_MeCN = -2.33 + 1.11*ln(kobs)_toluene - 0.01*Ster_L - 0.01*Entry + 1.84*Occupancy_C1-O
indigo_aryl_alkyl,ln(kobs)_MeCN,4,kobs_MeCN|LUMO|Entry|L_C1-C2,0.9350567519782764,0.8438798616459131,0.13744542599798337,LOOCV,ln(kobs)_MeCN = -5.07 + 3.71*kobs_MeCN + 1.96*LUMO + 0.01*Entry + 1.78*L_C1-C2
indigo_aryl_alkyl,ln(kobs)_MeCN,4,kobs_MeCN|LUMO|Ar_I_C=O|L_C1-C2,0.9307316156655303,0.8438574449243696,0.14194850339838347,LOOCV,ln(kobs)_MeCN = -3.05 + 3.78*kobs_MeCN + 2.11*LUMO + 0.00*Ar_I_C=O + 0.42*L_C1-C2
indigo_aryl_alkyl,ln(kobs)_MeCN,4,kobs_MeCN|Ar_NBO_-O|polarizability|Ster_B1,0.93956164176426,0.8437833150449026,0.13259270122136443,LOOCV,ln(kobs)_MeCN = -11.78 + 3.65*kobs_MeCN - 13.26*Ar_NBO_-O + 0.00*polarizability - 0.03*Ster_B1
indigo_aryl_alkyl,ln(kobs)_MeCN,5,kobs_MeCN|Ar_NBO_=O|Ster_L|Ster_B1|Occupancy_C1-O,0.9512764798870144,0.8436450822671815,0.11905088208352335,LOOCV,ln(kobs)_MeCN = -163.18 + 3.48*kobs_MeCN - 10.89*Ar_NBO_=O + 0.03*Ster_L - 0.08*Ster_B1 + 77.29*Occupancy_C1-O
indigo_aryl_alkyl,ln(kobs)_MeCN,4,ln(kobs)_toluene|kobs_toluene|Ster_B1|Occupancy_C1-O,0.927176376066444,0.8435876113018879,0.14554571787853912,LOOCV,ln(kobs)_MeCN = -26.16 + 1.20*ln(kobs)_toluene - 1.06*kobs_toluene - 0.22*Ster_B1 + 14.07*Occupancy_C1-O
indigo_aryl_alkyl,ln(kobs)_MeCN,5,ln(kobs)_toluene|HOMO|Ar_I_C=O|polarizability|Energy_C1-O,0.9609784228687831,0.8434641845934846,0.10654073735270525,LOOCV,ln(kobs)_MeCN = 3.33 + 0.94*ln(kobs)_toluene + 5.73*HOMO + 0.00*Ar_I_C=O - 0.00*polarizability + 0.75*Energy_C1-O
indigo_aryl_alkyl,ln(kobs)_MeCN,5,ln(kobs)_toluene|Ar_NBO_-O|Ar_NBO_C1_x|Occupancy_C1-O|Energy_C1-O,0.9618137097551368,0.8434455039383355,0.10539427570669957,LOOCV,ln(kobs)_MeCN = -210.03 + 0.98*ln(kobs)_toluene - 29.88*Ar_NBO_-O + 4.82*Ar_NBO_C1_x + 93.82*Occupancy_C1-O + 0.96*Energy_C1-O
indigo_aryl_alkyl,ln(kobs)_MeCN,3,ln(kobs)_toluene|kobs_toluene|Ar_NBO_C1_x,0.9204125069202157,0.8433765938834225,0.15215481543531145,LOOCV,ln(kobs)_MeCN = -1.35 + 1.26*ln(kobs)_toluene - 2.39*kobs_toluene + 3.86*Ar_NBO_C1_x
indigo_aryl_alkyl,ln(kobs)_MeCN,5,ln(kobs)_toluene|Ar_NBO_=O|LUMO|Ar_I_C=O|Energy_C1-O,0.9563946637250444,0.8432421736439255,0.11262456045102909,LOOCV,ln(kobs)_MeCN = -2.90 + 0.95*ln(kobs)_toluene - 7.48*Ar_NBO_=O + 1.81*LUMO + 0.00*Ar_I_C=O + 0.92*Energy_C1-O
indigo_aryl_alkyl,ln(kobs)_MeCN,4,kobs_MeCN|Ster_B5|Occupancy_C1-O|Energy_C1-O,0.9396047627903809,0.8428200703640533,0.13254539224667114,LOOCV,ln(kobs)_MeCN = -44.00 + 3.98*kobs_MeCN + 0.03*Ster_B5 + 21.09*Occupancy_C1-O + 0.67*Energy_C1-O
indigo_aryl_alkyl,ln(kobs)_MeCN,5,kobs_MeCN|Ster_L|Entry|Ster_B1|Energy_C1-O,0.9544489046549856,0.842505311068759,0.11510990655787337,LOOCV,ln(kobs)_MeCN = -1.40 + 3.61*kobs_MeCN + 0.03*Ster_L + 0.01*Entry + 0.34*Ster_B1 + 1.91*Energy_C1-O
indigo_aryl_alkyl,ln(kobs)_MeCN,5,ln(kobs)_toluene|kobs_toluene|Ar_NBO_-O|Occupancy_C1-O|Energy_C1-O,0.9614084953827919,0.8422615745131852,0.10595199648762081,LOOCV,ln(kobs)_MeCN = -204.07 + 0.84*ln(kobs)_toluene + 1.70*kobs_toluene - 30.78*Ar_NBO_-O + 92.34*Occupancy_C1-O + 1.20*Energy_C1-O
indigo_aryl_alkyl,ln(kobs)_MeCN,4,ln(kobs)_toluene|LUMO|polarizability|Occupancy_C1-O,0.9311712153649937,0.8420113773389017,0.14149736079603864,LOOCV,ln(kobs)_MeCN = 27.25 + 0.96*ln(kobs)_toluene + 4.90*LUMO - 0.00*polarizability - 13.15*Occupancy_C1-O
indigo_aryl_alkyl,ln(kobs)_MeCN,4,kobs_MeCN|kobs_toluene|Ar_NBO_C1_x|L_C1-C2,0.9310772795040689,0.8417223304926877,0.14159388396238395,LOOCV,ln(kobs)_MeCN = 4.15 + 3.61*kobs_MeCN + 0.24*kobs_toluene + 7.04*Ar_NBO_C1_x - 8.26*L_C1-C2
indigo_aryl_alkyl,ln(kobs)_MeCN,5,ln(kobs)_toluene|Ar_NBO_-O|Ster_L|L_C1-C2|Ster_B5,0.950964338659235,0.8416862784085138,0.11943161567948372,LOOCV,ln(kobs)_MeCN = -31.55 + 0.96*ln(kobs)_toluene - 40.07*Ar_NBO_-O - 0.05*Ster_L + 3.09*L_C1-C2 + 0.02*Ster_B5
indigo_aryl_alkyl,ln(kobs)_MeCN,5,ln(kobs)_toluene|Ar_NBO_=O|Ar_I_C=O|Ster_B1|Occupancy_C1-O,0.9536654107305467,0.8415606887443481,0.11609565010706058,LOOCV,ln(kobs)_MeCN = -115.81 + 0.94*ln(kobs)_toluene - 13.29*Ar_NBO_=O + 0.00*Ar_I_C=O - 0.20*Ster_B1 + 54.51*Occupancy_C1-O
indigo_aryl_alkyl,ln(kobs)_MeCN,3,kobs_MeCN|Ster_B1|Occupancy_C1-O,0.928273634541662,0.841555989509086,0.1444450625732603,LOOCV,ln(kobs)_MeCN = -34.86 + 3.97*kobs_MeCN + 0.04*Ster_B1 + 16.19*Occupancy_C1-O
indigo_aryl_alkyl,ln(kobs)_MeCN,5,ln(kobs)_toluene|Ar_NBO_-O|polarizability|L_C1-C2|Ster_B5,0.9553379485920633,0.8414720890848444,0.1139810419107614,LOOCV,ln(kobs)_MeCN = -34.24 + 0.93*ln(kobs)_toluene - 45.38*Ar_NBO_-O - 0.00*polarizability + 2.21*L_C1-C2 + 0.06*Ster_B5
indigo_aryl_alkyl,ln(kobs)_MeCN,4,ln(kobs)_toluene|HOMO|polarizability|Energy_C1-O,0.9600770903760072,0.8413352476527111,0.10776416838682941,LOOCV,ln(kobs)_MeCN = 3.69 + 0.93*ln(kobs)_toluene + 6.44*HOMO - 0.00*polarizability + 0.76*Energy_C1-O
indigo_aryl_alkyl,ln(kobs)_MeCN,5,kobs_MeCN|ln(kobs)_toluene|kobs_toluene|Ster_B5|Energy_C1-O,0.9848079305844739,0.8413124289976539,0.06647705278882363,LOOCV,ln(kobs)_MeCN = 0.35 + 3.32*kobs_MeCN + 0.93*ln(kobs)_toluene - 7.25*kobs_toluene + 0.01*Ster_B5 - 0.20*Energy_C1-O
indigo_aryl_alkyl,ln(kobs)_MeCN,4,kobs_MeCN|LUMO|Occupancy_C1-O|Energy_C1-O,0.9315139770870344,0.841237623374269,0.14114459841992444,LOOCV,ln(kobs)_MeCN = -34.36 + 3.86*kobs_MeCN + 1.99*LUMO + 16.15*Occupancy_C1-O + 0.22*Energy_C1-O
indigo_aryl_alkyl,ln(kobs)_MeCN,3,kobs_MeCN|HOMO|Ster_B1,0.9391088338623671,0.8411859522094058,0.13308847071176336,LOOCV,ln(kobs)_MeCN = -1.33 + 3.51*kobs_MeCN + 3.63*HOMO + 0.04*Ster_B1
indigo_aryl_alkyl,ln(kobs)_MeCN,5,ln(kobs)_toluene|kobs_toluene|HOMO|Ar_NBO_C1_x|Ster_B1,0.951223758809573,0.8411096580795582,0.11911527391948545,LOOCV,ln(kobs)_MeCN = -3.38 + 0.99*ln(kobs)_toluene - 1.04*kobs_toluene + 5.13*HOMO + 7.80*Ar_NBO_C1_x - 0.17*Ster_B1
indigo_aryl_alkyl,ln(kobs)_MeCN,4,kobs_MeCN|Ster_L|Ster_B1|Occupancy_C1-O,0.9431461772456973,0.840967585327192,0.1286006384341019,LOOCV,ln(kobs)_MeCN = -149.09 + 3.87*kobs_MeCN + 0.06*Ster_L - 0.18*Ster_B1 + 73.44*Occupancy_C1-O
indigo_aryl_alkyl,ln(kobs)_MeCN,5,kobs_MeCN|ln(kobs)_toluene|Ar_I_C=O|Ster_B5|Energy_C1-O,0.9698101806201341,0.8407795331754497,0.09371164174173732,LOOCV,ln(kobs)_MeCN = 0.19 + 1.89*kobs_MeCN + 0.59*ln(kobs)_toluene + 0.00*Ar_I_C=O + 0.01*Ster_B5 + 0.94*Energy_C1-O
indigo_aryl_alkyl,ln(kobs)_MeCN,4,ln(kobs)_toluene|L_C1-C2|Ster_B5|Occupancy_C1-O,0.9251529346384046,0.8406874777036693,0.14755389479674844,LOOCV,ln(kobs)_MeCN = 5.51 + 1.02*ln(kobs)_toluene - 10.43*L_C1-C2 - 0.01*Ster_B5 + 5.50*Occupancy_C1-O
indigo_aryl_alkyl,ln(kobs)_MeCN,3,ln(kobs)_toluene|kobs_toluene|polarizability,0.9199735871486246,0.8403288334554132,0.15257380044339042,LOOCV,ln(kobs)_MeCN = 1.92 + 1.30*ln(kobs)_toluene - 2.49*kobs_toluene - 0.00*polarizability
indigo_aryl_alkyl,ln(kobs)_MeCN,5,kobs_MeCN|ln(kobs)_toluene|LUMO|Entry|Energy_C1-O,0.9683194286241298,0.8402407175008895,0.0959974709862673,LOOCV,ln(kobs)_MeCN = 0.44 + 1.71*kobs_MeCN + 0.61*ln(kobs)_toluene + 2.57*LUMO - 0.00*Entry + 0.75*Energy_C1-O
indigo_aryl_alkyl,ln(kobs)_MeCN,4,ln(kobs)_toluene|Ster_L|Ster_B5|Occupancy_C1-O,0.9157565464019344,0.8399797183292951,0.15654217742216672,LOOCV,ln(kobs)_MeCN = 9.28 + 1.07*ln(kobs)_toluene - 0.01*Ster_L - 0.00*Ster_B5 - 4.06*Occupancy_C1-O
indigo_aryl_alkyl,ln(kobs)_MeCN,4,ln(kobs)_toluene|kobs_toluene|Ar_NBO_C1_x|Ster_L,0.924013419243058,0.8399367002505548,0.1486728751774154,LOOCV,ln(kobs)_MeCN = -2.86 + 1.29*ln(kobs)_toluene - 2.44*kobs_toluene + 6.09*Ar_NBO_C1_x - 0.02*Ster_L
indigo_aryl_alkyl,ln(kobs)_MeCN,3,kobs_MeCN|L_C1-C2|Ster_B1,0.9290958549303491,0.8397212174112112,0.14361476815428045,LOOCV,ln(kobs)_MeCN = 2.97 + 3.89*kobs_MeCN - 3.73*L_C1-C2 + 0.04*Ster_B1
indigo_aryl_alkyl,ln(kobs)_MeCN,5,ln(kobs)_toluene|Ar_NBO_-O|polarizability|Occupancy_C1-O|Energy_C1-O,0.960637640815959,0.8396961348326071,0.10700494522094524,LOOCV,ln(kobs)_MeCN = -190.12 + 1.00*ln(kobs)_toluene - 27.41*Ar_NBO_-O + 0.00*polarizability + 86.79*Occupancy_C1-O + 1.21*Energy_C1-O
indigo_aryl_alkyl,ln(kobs)_MeCN,5,ln(kobs)_toluene|Ar_NBO_=O|Ar_NBO_C1_x|Ster_L|Energy_C1-O,0.9550180758262231,0.8394147796135679,0.11438848381569226,LOOCV,ln(kobs)_MeCN = -13.23 + 0.91*ln(kobs)_toluene - 16.31*Ar_NBO_=O + 6.07*Ar_NBO_C1_x - 0.03*Ster_L + 0.44*Energy_C1-O
indigo_aryl_alkyl,ln(kobs)_MeCN,4,kobs_MeCN|Ar_NBO_C1_x|L_C1-C2|Ster_B1,0.9314390210876901,0.8393020892210811,0.14122181666667566,LOOCV,ln(kobs)_MeCN = 4.07 + 3.69*kobs_MeCN + 6.70*Ar_NBO_C1_x - 8.07*L_C1-C2 + 0.04*Ster_B1
indigo_aryl_alkyl,ln(kobs)_MeCN,5,ln(kobs)_toluene|Ar_v_C=O|Ar_NBO_C1_x|Ster_L|Energy_C1-O,0.9531222307853198,0.83905407510946,0.11677416145146419,LOOCV,ln(kobs)_MeCN = 31.12 + 0.89*ln(kobs)_toluene - 0.02*Ar_v_C=O + 12.35*Ar_NBO_C1_x - 0.02*Ster_L + 0.62*Energy_C1-O
indigo_aryl_alkyl,ln(kobs)_MeCN,4,ln(kobs)_toluene|kobs_toluene|Ster_B5|Occupancy_C1-O,0.9200816537788531,0.8389924450978226,0.15247074880087425,LOOCV,ln(kobs)_MeCN = -7.61 + 1.31*ln(kobs)_toluene - 2.53*kobs_toluene - 0.01*Ster_B5 + 4.78*Occupancy_C1-O
indigo_aryl_alkyl,ln(kobs)_MeCN,4,ln(kobs)_toluene|kobs_toluene|polarizability|Ster_B1,0.9272536539200515,0.8389695850624973,0.14546847339723065,LOOCV,ln(kobs)_MeCN = 1.84 + 1.18*ln(kobs)_toluene - 1.00*kobs_toluene + 0.00*polarizability - 0.24*Ster_B1
indigo_aryl_alkyl,ln(kobs)_MeCN,5,ln(kobs)_toluene|Ar_NBO_-O|Ster_L|Occupancy_C1-O|Energy_C1-O,0.9599278291320745,0.8389362413497532,0.10796543136600549,LOOCV,ln(kobs)_MeCN = -187.68 + 1.00*ln(kobs)_toluene - 29.36*Ar_NBO_-O + 0.00*Ster_L + 84.79*Occupancy_C1-O + 1.02*Energy_C1-O
indigo_aryl_alkyl,ln(kobs)_MeCN,4,kobs_MeCN|Entry|Ar_I_C=O|Ster_B1,0.9334387908513715,0.8388930538258769,0.1391470137698736,LOOCV,ln(kobs)_MeCN = -2.58 + 3.82*kobs_MeCN + 0.01*Entry + 0.00*Ar_I_C=O + 0.01*Ster_B1
indigo_aryl_alkyl,ln(kobs)_MeCN,4,ln(kobs)_toluene|Ar_NBO_C1_x|Ster_L|polarizability,0.9198278466134268,0.8386341703946874,0.15271266754902296,LOOCV,ln(kobs)_MeCN = -5.12 + 1.04*ln(kobs)_toluene + 7.89*Ar_NBO_C1_x - 0.03*Ster_L + 0.00*polarizability
indigo_aryl_alkyl,ln(kobs)_MeCN,4,ln(kobs)_toluene|HOMO|Ster_L|Ster_B1,0.9458017294627915,0.8386239326840844,0.12556135774405353,LOOCV,ln(kobs)_MeCN = 2.76 + 0.96*ln(kobs)_toluene + 4.94*HOMO - 0.01*Ster_L - 0.16*Ster_B1
indigo_aryl_alkyl,ln(kobs)_MeCN,3,kobs_MeCN|Ster_B1|Ster_B5,0.9337273372412213,0.8385615675313853,0.13884508133005102,LOOCV,ln(kobs)_MeCN = -2.57 + 3.91*kobs_MeCN - 0.02*Ster_B1 + 0.02*Ster_B5
indigo_aryl_alkyl,ln(kobs)_MeCN,4,ln(kobs)_toluene|Ster_L|polarizability|L_C1-C2,0.9254270244057444,0.8383912705152086,0.14728347600342875,LOOCV,ln(kobs)_MeCN = 16.73 + 1.03*ln(kobs)_toluene + 0.00*Ster_L - 0.00*polarizability - 10.60*L_C1-C2
indigo_aryl_alkyl,ln(kobs)_MeCN,4,ln(kobs)_toluene|Ar_NBO_C1_x|Entry|Occupancy_C1-O,0.9185710797620904,0.8381909414278224,0.15390496377945626,LOOCV,ln(kobs)_MeCN = -34.94 + 1.07*ln(kobs)_toluene + 2.56*Ar_NBO_C1_x - 0.01*Entry + 17.05*Occupancy_C1-O
indigo_aryl_alkyl,ln(kobs)_MeCN,5,ln(kobs)_toluene|kobs_toluene|HOMO|Entry|Energy_C1-O,0.9620470207728842,0.8381673367915432,0.10507181285059299,LOOCV,ln(kobs)_MeCN = 3.74 + 0.98*ln(kobs)_toluene - 0.10*kobs_toluene + 5.47*HOMO - 0.01*Entry + 1.01*Energy_C1-O
indigo_aryl_alkyl,ln(kobs)_MeCN,5,kobs_MeCN|ln(kobs)_toluene|Entry|L_C1-C2|Energy_C1-O,0.9670302544839378,0.8380958459843739,0.09793120233093493,LOOCV,ln(kobs)_MeCN = 8.93 + 1.80*kobs_MeCN + 0.62*ln(kobs)_toluene - 0.00*Entry - 5.79*L_C1-C2 + 0.74*Energy_C1-O
indigo_aryl_alkyl,ln(kobs)_MeCN,5,ln(kobs)_toluene|HOMO|LUMO|Ster_L|Energy_C1-O,0.9607599125138281,0.8375931647588202,0.10683862068012992,LOOCV,ln(kobs)_MeCN = 3.24 + 0.92*ln(kobs)_toluene + 3.97*HOMO + 2.51*LUMO + 0.00*Ster_L + 1.12*Energy_C1-O
indigo_aryl_alkyl,ln(kobs)_MeCN,4,ln(kobs)_toluene|kobs_toluene|Ar_I_C=O|L_C1-C2,0.9378013336502432,0.837486435487347,0.1345097685467935,LOOCV,ln(kobs)_MeCN = 11.59 + 1.29*ln(kobs)_toluene - 3.00*kobs_toluene + 0.00*Ar_I_C=O - 6.78*L_C1-C2
indigo_aryl_alkyl,ln(kobs)_MeCN,4,ln(kobs)_toluene|polarizability|L_C1-C2|Ster_B5,0.9254132576293692,0.8374469515335163,0.1472970702384158,LOOCV,ln(kobs)_MeCN = 16.61 + 1.03*ln(kobs)_toluene - 0.00*polarizability - 10.51*L_C1-C2 + 0.00*Ster_B5
indigo_aryl_alkyl,ln(kobs)_MeCN,5,kobs_MeCN|ln(kobs)_toluene|kobs_toluene|Ar_NBO_C1_x|Energy_C1-O,0.9846841723191959,0.8374314695222858,0.06674727264677065,LOOCV,ln(kobs)_MeCN = 2.93 + 3.44*kobs_MeCN + 0.99*ln(kobs)_toluene - 8.01*kobs_toluene - 3.16*Ar_NBO_C1_x - 0.40*Energy_C1-O
indigo_aryl_alkyl,ln(kobs)_MeCN,5,ln(kobs)_toluene|Ar_NBO_-O|Ster_B5|Occupancy_C1-O|Energy_C1-O,0.9609489392241806,0.8373849641122683,0.10658097939746147,LOOCV,ln(kobs)_MeCN = -179.24 + 0.99*ln(kobs)_toluene - 29.83*Ar_NBO_-O + 0.01*Ster_B5 + 80.41*Occupancy_C1-O + 1.10*Energy_C1-O
indigo_aryl_alkyl,ln(kobs)_MeCN,5,ln(kobs)_toluene|Ar_NBO_=O|Ster_L|Ster_B1|Energy_C1-O,0.9539439746962282,0.8373295445687217,0.11574613995646608,LOOCV,ln(kobs)_MeCN = -7.28 + 0.94*ln(kobs)_toluene - 15.24*Ar_NBO_=O - 0.03*Ster_L + 0.17*Ster_B1 + 1.14*Energy_C1-O
indigo_aryl_alkyl,ln(kobs)_MeCN,3,ln(kobs)_toluene|polarizability|Occupancy_C1-O,0.9151001419201372,0.8373256258334633,0.15715086330832928,LOOCV,ln(kobs)_MeCN = -1.55 + 1.06*ln(kobs)_toluene - 0.00*polarizability + 1.32*Occupancy_C1-O
indigo_aryl_alkyl,ln(kobs)_MeCN,4,ln(kobs)_toluene|Ar_NBO_C1_x|Entry|Ster_B5,0.9182230291449276,0.8372871844705938,0.154233530089727,LOOCV,ln(kobs)_MeCN = -0.40 + 1.07*ln(kobs)_toluene + 1.89*Ar_NBO_C1_x - 0.01*Entry - 0.00*Ster_B5
indigo_aryl_alkyl,ln(kobs)_MeCN,4,kobs_MeCN|Ar_NBO_C1_x|Ster_B1|Occupancy_C1-O,0.9287597275820472,0.8372267157075602,0.1439547749051418,LOOCV,ln(kobs)_MeCN = -48.73 + 3.92*kobs_MeCN + 2.46*Ar_NBO_C1_x + 0.03*Ster_B1 + 22.16*Occupancy_C1-O
indigo_aryl_alkyl,ln(kobs)_MeCN,4,kobs_MeCN|kobs_toluene|Ar_NBO_-O|Energy_C1-O,0.9365337308400488,0.8370232056643425,0.1358735034380706,LOOCV,ln(kobs)_MeCN = -14.67 + 3.13*kobs_MeCN + 1.54*kobs_toluene - 17.93*Ar_NBO_-O + 0.32*Energy_C1-O
indigo_aryl_alkyl,ln(kobs)_MeCN,4,kobs_MeCN|LUMO|Entry|Ster_B1,0.9349436369338313,0.836742647516273,0.1375650718581345,LOOCV,ln(kobs)_MeCN = -2.48 + 3.71*kobs_MeCN + 1.61*LUMO + 0.01*Entry + 0.02*Ster_B1
indigo_aryl_alkyl,ln(kobs)_MeCN,5,ln(kobs)_toluene|Ar_NBO_-O|LUMO|Ar_I_C=O|Energy_C1-O,0.9568798389126992,0.8366012000111349,0.11199624871309004,LOOCV,ln(kobs)_MeCN = -8.78 + 0.97*ln(kobs)_toluene - 14.79*Ar_NBO_-O + 1.70*LUMO + 0.00*Ar_I_C=O + 0.87*Energy_C1-O
indigo_aryl_alkyl,ln(kobs)_MeCN,5,ln(kobs)_toluene|Ar_NBO_=O|Ar_NBO_C1_x|L_C1-C2|Ster_B1,0.952474735568974,0.8365990951143105,0.11757786231325622,LOOCV,ln(kobs)_MeCN = 7.37 + 0.91*ln(kobs)_toluene - 6.46*Ar_NBO_=O + 11.86*Ar_NBO_C1_x - 13.30*L_C1-C2 - 0.19*Ster_B1
indigo_aryl_alkyl,ln(kobs)_MeCN,4,kobs_MeCN|HOMO|Ar_I_C=O|Ster_B1,0.9397678551121702,0.8364703938482196,0.1323663073525523,LOOCV,ln(kobs)_MeCN = -1.04 + 3.51*kobs_MeCN + 4.16*HOMO - 0.00*Ar_I_C=O + 0.04*Ster_B1
indigo_aryl_alkyl,ln(kobs)_MeCN,4,ln(kobs)_toluene|kobs_toluene|HOMO|Ster_B1,0.9459436591159915,0.8364436901539263,0.12539684546329466,LOOCV,ln(kobs)_MeCN = 2.98 + 1.08*ln(kobs)_toluene - 1.38*kobs_toluene + 4.57*HOMO - 0.17*Ster_B1
indigo_aryl_alkyl,ln(kobs)_MeCN,4,kobs_MeCN|Ar_NBO_=O|Occupancy_C1-O|Energy_C1-O,0.9476074285338101,0.836417535360364,0.12345200457268304,LOOCV,ln(kobs)_MeCN = -129.56 + 3.46*kobs_MeCN - 14.34*Ar_NBO_=O + 59.57*Occupancy_C1-O + 0.20*Energy_C1-O
indigo_aryl_alkyl,ln(kobs)_MeCN,4,kobs_MeCN|kobs_toluene|Ar_I_C=O|Ster_B1,0.9294607604634303,0.8363680929723597,0.14324473743395766,LOOCV,ln(kobs)_MeCN = -2.75 + 4.19*kobs_MeCN - 0.89*kobs_toluene + 0.00*Ar_I_C=O + 0.09*Ster_B1
indigo_aryl_alkyl,ln(kobs)_MeCN,4,kobs_MeCN|Ar_v_C=O|Ster_B1|Ster_B5,0.9408496622514622,0.8362823030003178,0.13117223047338367,LOOCV,ln(kobs)_MeCN = 18.96 + 3.59*kobs_MeCN - 0.01*Ar_v_C=O + 0.00*Ster_B1 + 0.02*Ster_B5
indigo_aryl_alkyl,ln(kobs)_MeCN,4,ln(kobs)_toluene|Ar_NBO_=O|HOMO|Energy_C1-O,0.9590091284076904,0.8362698197072749,0.10919603409298169,LOOCV,ln(kobs)_MeCN = 0.14 + 0.92*ln(kobs)_toluene - 4.86*Ar_NBO_=O + 3.91*HOMO + 1.05*Energy_C1-O
indigo_aryl_alkyl,ln(kobs)_MeCN,5,ln(kobs)_toluene|Ar_NBO_=O|HOMO|LUMO|Energy_C1-O,0.961081537756852,0.8362099518040378,0.1063998767797825,LOOCV,ln(kobs)_MeCN = 1.44 + 0.92*ln(kobs)_toluene - 2.67*Ar_NBO_=O + 3.66*HOMO + 2.03*LUMO + 1.05*Energy_C1-O
indigo_aryl_alkyl,ln(kobs)_MeCN,5,ln(kobs)_toluene|Ar_v_C=O|Ar_NBO_-O|Ar_I_C=O|Energy_C1-O,0.9555420952142131,0.8361000068787914,0.11372024448983234,LOOCV,ln(kobs)_MeCN = -11.55 + 0.98*ln(kobs)_toluene + 0.00*Ar_v_C=O - 18.20*Ar_NBO_-O + 0.00*Ar_I_C=O + 0.87*Energy_C1-O
indigo_aryl_alkyl,ln(kobs)_MeCN,5,ln(kobs)_toluene|Ar_NBO_=O|HOMO|Ar_I_C=O|Energy_C1-O,0.959780718020257,0.8360059875198254,0.10816342867738292,LOOCV,ln(kobs)_MeCN = -0.02 + 0.93*ln(kobs)_toluene - 4.60*Ar_NBO_=O + 3.31*HOMO + 0.00*Ar_I_C=O + 1.04*Energy_C1-O
indigo_aryl_alkyl,ln(kobs)_MeCN,4,kobs_MeCN|LUMO|Ster_B1|Occupancy_C1-O,0.9310955147784071,0.8359798728970759,0.14157515157554193,LOOCV,ln(kobs)_MeCN = -17.85 + 3.78*kobs_MeCN + 2.17*LUMO + 0.04*Ster_B1 + 7.72*Occupancy_C1-O
indigo_aryl_alkyl,ln(kobs)_MeCN,5,ln(kobs)_toluene|Ar_NBO_=O|HOMO|Ster_B1|Occupancy_C1-O,0.9527182761936818,0.8357052788243601,0.117276214702401,LOOCV,ln(kobs)_MeCN = -97.10 + 0.91*ln(kobs)_toluene - 11.76*Ar_NBO_=O + 2.12*HOMO - 0.19*Ster_B1 + 46.01*Occupancy_C1-O
indigo_aryl_alkyl,ln(kobs)_MeCN,4,kobs_MeCN|Ar_I_C=O|L_C1-C2|Energy_C1-O,0.9295883060996885,0.8356955882061154,0.14311517474223398,LOOCV,ln(kobs)_MeCN = 0.99 + 3.91*kobs_MeCN + 0.00*Ar_I_C=O - 2.28*L_C1-C2 + 0.18*Energy_C1-O
indigo_aryl_alkyl,ln(kobs)_MeCN,5,ln(kobs)_toluene|HOMO|LUMO|Occupancy_C1-O|Energy_C1-O,0.9621538941779078,0.8356060017464056,0.10492377046875731,LOOCV,ln(kobs)_MeCN = -59.41 + 0.95*ln(kobs)_toluene + 4.23*HOMO + 1.98*LUMO + 31.53*Occupancy_C1-O + 1.20*Energy_C1-O
indigo_aryl_alkyl,ln(kobs)_MeCN,4,kobs_MeCN|polarizability|L_C1-C2|Occupancy_C1-O,0.936583579444164,0.8355595454127254,0.1358201330804576,LOOCV,ln(kobs)_MeCN = -41.59 + 3.83*kobs_MeCN + 0.00*polarizability - 3.89*L_C1-C2 + 22.45*Occupancy_C1-O
indigo_aryl_alkyl,ln(kobs)_MeCN,4,ln(kobs)_toluene|Ar_NBO_=O|Entry|L_C1-C2,0.9446597034316786,0.8355502455976798,0.1268773298011715,LOOCV,ln(kobs)_MeCN = 4.14 + 0.95*ln(kobs)_toluene - 11.53*Ar_NBO_=O - 0.01*Entry - 6.86*L_C1-C2
indigo_aryl_alkyl,ln(kobs)_MeCN,5,kobs_MeCN|ln(kobs)_toluene|Ster_L|Ster_B1|Energy_C1-O,0.9685447736877691,0.8355350412774534,0.09565544492766263,LOOCV,ln(kobs)_MeCN = 0.29 + 2.09*kobs_MeCN + 0.52*ln(kobs)_toluene + 0.02*Ster_L + 0.17*Ster_B1 + 1.42*Energy_C1-O
indigo_aryl_alkyl,ln(kobs)_MeCN,4,kobs_toluene|HOMO|Ster_B1|Energy_C1-O,0.9249487002652794,0.8354597856171735,0.14775507200660334,LOOCV,ln(kobs)_MeCN = 2.89 + 8.26*kobs_toluene + 7.39*HOMO + 0.53*Ster_B1 + 3.65*Energy_C1-O
indigo_aryl_alkyl,ln(kobs)_MeCN,5,kobs_MeCN|ln(kobs)_toluene|LUMO|Occupancy_C1-O|Energy_C1-O,0.9699786622305591,0.8353294581264767,0.09344978561814633,LOOCV,ln(kobs)_MeCN = -67.02 + 1.78*kobs_MeCN + 0.62*ln(kobs)_toluene + 2.14*LUMO + 33.88*Occupancy_C1-O + 0.86*Energy_C1-O
indigo_aryl_alkyl,ln(kobs)_MeCN,4,ln(kobs)_toluene|kobs_toluene|Entry|polarizability,0.9231613117512026,0.8352457979205952,0.1495041541176455,LOOCV,ln(kobs)_MeCN = 2.04 + 1.34*ln(kobs)_toluene - 2.51*kobs_toluene - 0.01*Entry - 0.00*polarizability
indigo_aryl_alkyl,ln(kobs)_MeCN,5,ln(kobs)_toluene|Ar_v_C=O|Entry|Occupancy_C1-O|Energy_C1-O,0.9532348024704089,0.8352309867546024,0.1166338671746909,LOOCV,ln(kobs)_MeCN = -80.08 + 1.04*ln(kobs)_toluene - 0.02*Ar_v_C=O - 0.01*Entry + 56.73*Occupancy_C1-O + 1.03*Energy_C1-O
indigo_aryl_alkyl,ln(kobs)_MeCN,4,ln(kobs)_toluene|kobs_toluene|L_C1-C2|Ster_B5,0.9316196508794163,0.8344950028040969,0.1410356634696873,LOOCV,ln(kobs)_MeCN = 18.58 + 1.31*ln(kobs)_toluene - 2.88*kobs_toluene - 11.19*L_C1-C2 - 0.01*Ster_B5
indigo_aryl_alkyl,ln(kobs)_MeCN,4,kobs_MeCN|Ar_NBO_C1_x|Ster_B1|Ster_B5,0.9342301990029465,0.834472313860786,0.13831731597040636,LOOCV,ln(kobs)_MeCN = -4.47 + 3.86*kobs_MeCN + 2.38*Ar_NBO_C1_x - 0.02*Ster_B1 + 0.02*Ster_B5
indigo_aryl_alkyl,ln(kobs)_MeCN,3,kobs_MeCN|Ar_NBO_C1_x|Energy_C1-O,0.9283606996260862,0.8344358864629379,0.1443573685977738,LOOCV,ln(kobs)_MeCN = -3.37 + 3.95*kobs_MeCN + 1.34*Ar_NBO_C1_x + 0.20*Energy_C1-O
indigo_aryl_alkyl,ln(kobs)_MeCN,5,kobs_MeCN|ln(kobs)_toluene|Ster_B1|Occupancy_C1-O|Energy_C1-O,0.9712955728574184,0.8342473982150038,0.09137717577366672,LOOCV,ln(kobs)_MeCN = -107.05 + 2.06*kobs_MeCN + 0.58*ln(kobs)_toluene + 0.28*Ster_B1 + 54.07*Occupancy_C1-O + 1.81*Energy_C1-O
indigo_aryl_alkyl,ln(kobs)_MeCN,5,kobs_MeCN|ln(kobs)_toluene|Ar_NBO_=O|Ar_v_C=O|Ster_B1,0.9682787758494457,0.8342262621574418,0.09605904361960173,LOOCV,ln(kobs)_MeCN = -10.17 + 1.79*kobs_MeCN + 0.51*ln(kobs)_toluene - 11.00*Ar_NBO_=O + 0.00*Ar_v_C=O - 0.10*Ster_B1
indigo_aryl_alkyl,ln(kobs)_MeCN,4,kobs_MeCN|ln(kobs)_toluene|kobs_toluene|Energy_C1-O,0.9838329961938017,0.8342108836167633,0.0685769331983192,LOOCV,ln(kobs)_MeCN = 0.36 + 3.33*kobs_MeCN + 0.97*ln(kobs)_toluene - 7.68*kobs_toluene - 0.38*Energy_C1-O
indigo_aryl_alkyl,ln(kobs)_MeCN,4,ln(kobs)_toluene|Ar_NBO_C1_x|Ster_L|Occupancy_C1-O,0.9193993464536233,0.8341845698726575,0.153120229251723,LOOCV,ln(kobs)_MeCN = -11.62 + 1.04*ln(kobs)_toluene + 7.02*Ar_NBO_C1_x - 0.02*Ster_L + 3.59*Occupancy_C1-O
indigo_aryl_alkyl,ln(kobs)_MeCN,4,kobs_MeCN|kobs_toluene|Ster_L|Occupancy_C1-O,0.9410796186165062,0.8339237291512396,0.13091700569935039,LOOCV,ln(kobs)_MeCN = -109.55 + 4.33*kobs_MeCN - 1.42*kobs_toluene + 0.04*Ster_L + 53.52*Occupancy_C1-O
indigo_aryl_alkyl,ln(kobs)_MeCN,5,ln(kobs)_toluene|Ar_NBO_=O|HOMO|Ar_I_C=O|Ster_B1,0.9511726301552018,0.8338044008497802,0.11917768759032563,LOOCV,ln(kobs)_MeCN = -3.51 + 0.92*ln(kobs)_toluene - 8.33*Ar_NBO_=O + 2.00*HOMO + 0.00*Ar_I_C=O - 0.18*Ster_B1
indigo_aryl_alkyl,ln(kobs)_MeCN,3,kobs_MeCN|polarizability|Ster_B1,0.9353443590185734,0.8338029944299226,0.1371407435528949,LOOCV,ln(kobs)_MeCN = -2.49 + 3.87*kobs_MeCN + 0.00*polarizability - 0.08*Ster_B1
indigo_aryl_alkyl,ln(kobs)_MeCN,4,kobs_MeCN|Ar_I_C=O|Ster_B1|Ster_B5,0.9337300534045774,0.8335737256116472,0.13884223604082802,LOOCV,ln(kobs)_MeCN = -2.58 + 3.91*kobs_MeCN + 0.00*Ar_I_C=O - 0.01*Ster_B1 + 0.02*Ster_B5
indigo_aryl_alkyl,ln(kobs)_MeCN,4,kobs_MeCN|kobs_toluene|LUMO|L_C1-C2,0.9306127831166257,0.8335685376600239,0.1420702102518418,LOOCV,ln(kobs)_MeCN = -2.33 + 3.86*kobs_MeCN - 0.18*kobs_toluene + 2.22*LUMO - 0.03*L_C1-C2
indigo_aryl_alkyl,ln(kobs)_MeCN,4,ln(kobs)_toluene|Ster_L|polarizability|Ster_B1,0.9266295757233856,0.8333916478434169,0.14609111517764597,LOOCV,ln(kobs)_MeCN = 1.56 + 1.09*ln(kobs)_toluene - 0.00*Ster_L + 0.00*polarizability - 0.27*Ster_B1
indigo_aryl_alkyl,ln(kobs)_MeCN,5,ln(kobs)_toluene|kobs_toluene|Ar_NBO_=O|Occupancy_C1-O|Energy_C1-O,0.9594585588177938,0.833377030642297,0.10859576288233662,LOOCV,ln(kobs)_MeCN = -173.31 + 0.82*ln(kobs)_toluene + 1.49*kobs_toluene - 15.32*Ar_NBO_=O + 83.12*Occupancy_C1-O + 1.25*Energy_C1-O
indigo_aryl_alkyl,ln(kobs)_MeCN,5,ln(kobs)_toluene|Ar_NBO_=O|LUMO|Entry|Energy_C1-O,0.9557990789087696,0.8333727339416698,0.11339109489258486,LOOCV,ln(kobs)_MeCN = -3.26 + 0.96*ln(kobs)_toluene - 8.50*Ar_NBO_=O + 3.02*LUMO - 0.01*Entry + 0.79*Energy_C1-O
indigo_aryl_alkyl,ln(kobs)_MeCN,3,kobs_MeCN|L_C1-C2|Occupancy_C1-O,0.9291073992722156,0.8330618055294595,0.14360307627456514,LOOCV,ln(kobs)_MeCN = -30.61 + 3.94*kobs_MeCN - 3.52*L_C1-C2 + 16.72*Occupancy_C1-O
indigo_aryl_alkyl,ln(kobs)_MeCN,4,kobs_MeCN|HOMO|LUMO|Ster_B1,0.9396181797210131,0.8329733412501135,0.13253066880826164,LOOCV,ln(kobs)_MeCN = -1.37 + 3.47*kobs_MeCN + 3.36*HOMO + 0.96*LUMO + 0.04*Ster_B1
indigo_aryl_alkyl,ln(kobs)_MeCN,4,ln(kobs)_toluene|Ar_NBO_C1_x|polarizability|Ster_B5,0.917445361803789,0.832958600601727,0.1549651454481945,LOOCV,ln(kobs)_MeCN = -3.24 + 1.03*ln(kobs)_toluene + 5.30*Ar_NBO_C1_x - 0.00*polarizability + 0.01*Ster_B5
indigo_aryl_alkyl,ln(kobs)_MeCN,4,ln(kobs)_toluene|HOMO|Ar_I_C=O|Ster_B1,0.9465580439156321,0.8329514647778143,0.1246822014912577,LOOCV,ln(kobs)_MeCN = 2.08 + 0.96*ln(kobs)_toluene + 3.52*HOMO + 0.00*Ar_I_C=O - 0.21*Ster_B1
indigo_aryl_alkyl,ln(kobs)_MeCN,5,ln(kobs)_toluene|HOMO|polarizability|L_C1-C2|Energy_C1-O,0.9602436069538847,0.8327597451526444,0.1075391939139164,LOOCV,ln(kobs)_MeCN = 5.92 + 0.93*ln(kobs)_toluene + 6.10*HOMO - 0.00*polarizability - 1.56*L_C1-C2 + 0.79*Energy_C1-O
indigo_aryl_alkyl,ln(kobs)_MeCN,5,kobs_MeCN|ln(kobs)_toluene|kobs_toluene|Ster_L|Energy_C1-O,0.9839186259990268,0.8324089535659684,0.06839508052342175,LOOCV,ln(kobs)_MeCN = 0.32 + 3.32*kobs_MeCN + 0.95*ln(kobs)_toluene - 7.51*kobs_toluene + 0.00*Ster_L - 0.32*Energy_C1-O
indigo_aryl_alkyl,ln(kobs)_MeCN,5,kobs_MeCN|ln(kobs)_toluene|Ar_NBO_C1_x|Ster_L|Energy_C1-O,0.9680321600950534,0.8323427562167974,0.09643172482258332,LOOCV,ln(kobs)_MeCN = 2.89 + 2.16*kobs_MeCN + 0.53*ln(kobs)_toluene - 3.52*Ar_NBO_C1_x + 0.03*Ster_L + 1.02*Energy_C1-O
indigo_aryl_alkyl,ln(kobs)_MeCN,4,kobs_MeCN|Ar_NBO_=O|LUMO|L_C1-C2,0.9433783052675772,0.8322767040487955,0.12833783865073747,LOOCV,ln(kobs)_MeCN = -16.22 + 3.39*kobs_MeCN - 13.14*Ar_NBO_=O + 0.75*LUMO + 4.04*L_C1-C2
indigo_aryl_alkyl,ln(kobs)_MeCN,4,kobs_MeCN|LUMO|Ster_B1|Ster_B5,0.936784634411001,0.8321616988093079,0.1356046605717803,LOOCV,ln(kobs)_MeCN = -2.44 + 3.74*kobs_MeCN + 2.22*LUMO - 0.01*Ster_B1 + 0.02*Ster_B5
indigo_aryl_alkyl,ln(kobs)_MeCN,4,ln(kobs)_toluene|kobs_toluene|Ar_NBO_C1_x|Ster_B5,0.921109002570805,0.8321478784399814,0.15148757464896437,LOOCV,ln(kobs)_MeCN = -0.95 + 1.27*ln(kobs)_toluene - 2.40*kobs_toluene + 3.45*Ar_NBO_C1_x - 0.01*Ster_B5
indigo_aryl_alkyl,ln(kobs)_MeCN,5,ln(kobs)_toluene|Ar_NBO_=O|HOMO|Ar_NBO_C1_x|Energy_C1-O,0.9617948412269577,0.8321380661437914,0.10542031108816764,LOOCV,ln(kobs)_MeCN = -3.54 + 0.88*ln(kobs)_toluene - 3.36*Ar_NBO_=O + 4.63*HOMO + 5.82*Ar_NBO_C1_x + 1.02*Energy_C1-O
indigo_aryl_alkyl,ln(kobs)_MeCN,3,kobs_MeCN|L_C1-C2|Energy_C1-O,0.929198508546075,0.832089527079697,0.14351076919148065,LOOCV,ln(kobs)_MeCN = 2.66 + 3.94*kobs_MeCN - 3.35*L_C1-C2 + 0.18*Energy_C1-O
indigo_aryl_alkyl,ln(kobs)_MeCN,5,ln(kobs)_toluene|Ar_NBO_-O|LUMO|Occupancy_C1-O|Energy_C1-O,0.9601196981871333,0.831974383066037,0.10770664726515115,LOOCV,ln(kobs)_MeCN = -168.75 + 1.00*ln(kobs)_toluene - 27.46*Ar_NBO_-O + 0.74*LUMO + 75.96*Occupancy_C1-O + 0.98*Energy_C1-O
indigo_aryl_alkyl,ln(kobs)_MeCN,4,ln(kobs)_toluene|polarizability|Ster_B1|Occupancy_C1-O,0.9273138323917111,0.8318312187383822,0.1454082924943569,LOOCV,ln(kobs)_MeCN = -39.90 + 1.09*ln(kobs)_toluene + 0.00*polarizability - 0.29*Ster_B1 + 20.81*Occupancy_C1-O
indigo_aryl_alkyl,ln(kobs)_MeCN,4,kobs_MeCN|HOMO|Ar_v_C=O|Ster_B1,0.941182760315066,0.8318092938129265,0.1308023686540676,LOOCV,ln(kobs)_MeCN = 12.22 + 3.43*kobs_MeCN + 2.52*HOMO - 0.01*Ar_v_C=O + 0.04*Ster_B1
indigo_aryl_alkyl,ln(kobs)_MeCN,4,kobs_MeCN|Ar_v_C=O|polarizability|Ster_B1,0.9403109800431022,0.8314999825585465,0.13176816958683712,LOOCV,ln(kobs)_MeCN = 16.56 + 3.60*kobs_MeCN - 0.01*Ar_v_C=O + 0.00*polarizability - 0.04*Ster_B1
indigo_aryl_alkyl,ln(kobs)_MeCN,5,ln(kobs)_toluene|Ar_v_C=O|Ar_NBO_-O|Occupancy_C1-O|Energy_C1-O,0.9599030489099855,0.831417393103197,0.10799880856801287,LOOCV,ln(kobs)_MeCN = -181.34 + 1.00*ln(kobs)_toluene - 0.00*Ar_v_C=O - 29.34*Ar_NBO_-O + 81.98*Occupancy_C1-O + 0.98*Energy_C1-O
indigo_aryl_alkyl,ln(kobs)_MeCN,4,ln(kobs)_toluene|Ar_NBO_=O|L_C1-C2|Occupancy_C1-O,0.9425157142897075,0.8310844359381249,0.12931171114852377,LOOCV,ln(kobs)_MeCN = -103.33 + 0.87*ln(kobs)_toluene - 16.55*Ar_NBO_=O - 1.34*L_C1-C2 + 48.13*Occupancy_C1-O
indigo_aryl_alkyl,ln(kobs)_MeCN,4,kobs_MeCN|Ar_I_C=O|polarizability|Ster_B1,0.9353476965406977,0.8307437364487058,0.13713720390681206,LOOCV,ln(kobs)_MeCN = -2.50 + 3.86*kobs_MeCN + 0.00*Ar_I_C=O + 0.00*polarizability - 0.08*Ster_B1
indigo_aryl_alkyl,ln(kobs)_MeCN,4,kobs_MeCN|HOMO|Ster_B1|Ster_B5,0.93910964382857,0.8302407326499154,0.13308758554624117,LOOCV,ln(kobs)_MeCN = -1.35 + 3.52*kobs_MeCN + 3.60*HOMO + 0.04*Ster_B1 + 0.00*Ster_B5
indigo_aryl_alkyl,ln(kobs)_MeCN,5,kobs_MeCN|ln(kobs)_toluene|Ster_L|Ster_B5|Energy_C1-O,0.9697865936453147,0.8299201074635172,0.09374824253320865,LOOCV,ln(kobs)_MeCN = 0.14 + 2.14*kobs_MeCN + 0.52*ln(kobs)_toluene + 0.01*Ster_L + 0.02*Ster_B5 + 1.08*Energy_C1-O
indigo_aryl_alkyl,ln(kobs)_MeCN,5,kobs_MeCN|Ar_NBO_=O|Ster_B1|Occupancy_C1-O|Energy_C1-O,0.9553330440490833,0.8297969983637948,0.11398730012724399,LOOCV,ln(kobs)_MeCN = -157.45 + 3.44*kobs_MeCN - 13.61*Ar_NBO_=O + 0.38*Ster_B1 + 74.11*Occupancy_C1-O + 1.48*Energy_C1-O
indigo_aryl_alkyl,ln(kobs)_MeCN,4,ln(kobs)_toluene|kobs_toluene|Ar_NBO_C1_x|Entry,0.9230028585135555,0.8297225848902752,0.14965822505227822,LOOCV,ln(kobs)_MeCN = 1.49 + 1.33*ln(kobs)_toluene - 2.51*kobs_toluene + 0.63*Ar_NBO_C1_x - 0.01*Entry
indigo_aryl_alkyl,ln(kobs)_MeCN,4,ln(kobs)_toluene|HOMO|L_C1-C2|Energy_C1-O,0.958446426344417,0.8296978031648291,0.10994297353865273,LOOCV,ln(kobs)_MeCN = 8.38 + 0.95*ln(kobs)_toluene + 4.50*HOMO - 3.36*L_C1-C2 + 1.13*Energy_C1-O
indigo_aryl_alkyl,ln(kobs)_MeCN,4,kobs_MeCN|Ar_I_C=O|Ster_B1|Occupancy_C1-O,0.9294321483526893,0.8294854547593697,0.143273785937954,LOOCV,ln(kobs)_MeCN = -37.26 + 3.91*kobs_MeCN + 0.00*Ar_I_C=O + 0.04*Ster_B1 + 17.33*Occupancy_C1-O
indigo_aryl_alkyl,ln(kobs)_MeCN,4,kobs_MeCN|Ar_I_C=O|L_C1-C2|Ster_B1,0.929461746882692,0.8294826754637845,0.14324373586473843,LOOCV,ln(kobs)_MeCN = 1.36 + 3.86*kobs_MeCN + 0.00*Ar_I_C=O - 2.71*L_C1-C2 + 0.04*Ster_B1
indigo_aryl_alkyl,ln(kobs)_MeCN,4,kobs_toluene|HOMO|Ar_NBO_C1_x|polarizability,0.9147228267658252,0.829392850184694,0.15749968407700998,LOOCV,ln(kobs)_MeCN = -14.30 + 6.18*kobs_toluene + 12.39*HOMO + 20.41*Ar_NBO_C1_x - 0.00*polarizability
indigo_aryl_alkyl,ln(kobs)_MeCN,4,kobs_MeCN|Entry|L_C1-C2|Occupancy_C1-O,0.9336877455243375,0.8292213638755314,0.13888654861206473,LOOCV,ln(kobs)_MeCN = -19.88 + 3.84*kobs_MeCN + 0.01*Entry - 1.25*L_C1-C2 + 9.62*Occupancy_C1-O
indigo_aryl_alkyl,ln(kobs)_MeCN,5,ln(kobs)_toluene|Entry|polarizability|L_C1-C2|Energy_C1-O,0.9520892678939957,0.8290449374103313,0.11805372432333046,LOOCV,ln(kobs)_MeCN = 19.95 + 1.08*ln(kobs)_toluene - 0.01*Entry + 0.00*polarizability - 11.79*L_C1-C2 + 1.31*Energy_C1-O
indigo_aryl_alkyl,ln(kobs)_MeCN,3,ln(kobs)_toluene|Ar_NBO_=O|L_C1-C2,0.9392655630988266,0.8287454780887109,0.13291708054715773,LOOCV,ln(kobs)_MeCN = -3.06 + 0.88*ln(kobs)_toluene - 13.66*Ar_NBO_=O - 3.04*L_C1-C2
indigo_aryl_alkyl,ln(kobs)_MeCN,4,ln(kobs)_toluene|kobs_toluene|polarizability|Ster_B5,0.9201055722930237,0.8286643603290332,0.15244793084451957,LOOCV,ln(kobs)_MeCN = 1.93 + 1.31*ln(kobs)_toluene - 2.52*kobs_toluene - 0.00*polarizability - 0.01*Ster_B5
indigo_aryl_alkyl,ln(kobs)_MeCN,4,kobs_MeCN|Ar_NBO_C1_x|L_C1-C2|Occupancy_C1-O,0.9329213902156545,0.8285826502160627,0.13968678299990941,LOOCV,ln(kobs)_MeCN = -69.13 + 3.70*kobs_MeCN + 9.26*Ar_NBO_C1_x - 9.40*L_C1-C2 + 36.71*Occupancy_C1-O
indigo_aryl_alkyl,ln(kobs)_MeCN,4,ln(kobs)_toluene|Ster_L|polarizability|Ster_B5,0.9161649066409012,0.8284535330414629,0.15616230661597788,LOOCV,ln(kobs)_MeCN = 1.25 + 1.07*ln(kobs)_toluene - 0.03*Ster_L + 0.00*polarizability - 0.02*Ster_B5
indigo_aryl_alkyl,ln(kobs)_MeCN,4,kobs_MeCN|Ster_L|Entry|Energy_C1-O,0.9490431173241707,0.8284488244814641,0.12174880717869682,LOOCV,ln(kobs)_MeCN = -1.95 + 3.67*kobs_MeCN + 0.04*Ster_L + 0.01*Entry + 0.88*Energy_C1-O
indigo_aryl_alkyl,ln(kobs)_MeCN,4,ln(kobs)_toluene|Entry|polarizability|Occupancy_C1-O,0.9184106275879884,0.8283524952737764,0.15405652070257508,LOOCV,ln(kobs)_MeCN = -20.59 + 1.09*ln(kobs)_toluene - 0.01*Entry - 0.00*polarizability + 10.93*Occupancy_C1-O
indigo_aryl_alkyl,ln(kobs)_MeCN,5,ln(kobs)_toluene|HOMO|Ar_NBO_C1_x|Ster_B1|Occupancy_C1-O,0.9527434877735875,0.8283294793081597,0.11724494349789794,LOOCV,ln(kobs)_MeCN = -83.11 + 0.89*ln(kobs)_toluene + 5.21*HOMO + 9.94*Ar_NBO_C1_x - 0.21*Ster_B1 + 39.01*Occupancy_C1-O
indigo_aryl_alkyl,ln(kobs)_MeCN,4,kobs_MeCN|Ar_v_C=O|Ster_B1|Occupancy_C1-O,0.9386499209948188,0.8282903292713503,0.13358904715590136,LOOCV,ln(kobs)_MeCN = -28.59 + 3.60*kobs_MeCN - 0.01*Ar_v_C=O + 0.04*Ster_B1 + 25.88*Occupancy_C1-O
indigo_aryl_alkyl,ln(kobs)_MeCN,4,ln(kobs)_toluene|Ar_NBO_C1_x|Entry|polarizability,0.9186098325237666,0.8281891799543718,0.15386833703712147,LOOCV,ln(kobs)_MeCN = -0.84 + 1.07*ln(kobs)_toluene + 2.47*Ar_NBO_C1_x - 0.00*Entry - 0.00*polarizability
indigo_aryl_alkyl,ln(kobs)_MeCN,4,ln(kobs)_toluene|kobs_toluene|Ster_L|polarizability,0.9210810694572547,0.8280141537936061,0.1515143910492025,LOOCV,ln(kobs)_MeCN = 2.14 + 1.34*ln(kobs)_toluene - 2.71*kobs_toluene - 0.02*Ster_L + 0.00*polarizability
indigo_aryl_alkyl,ln(kobs)_MeCN,5,ln(kobs)_toluene|HOMO|Ar_v_C=O|Ster_B1|Energy_C1-O,0.962534196361443,0.8279691078837688,0.10439526843240444,LOOCV,ln(kobs)_MeCN = 3.35 + 0.91*ln(kobs)_toluene + 5.56*HOMO + 0.00*Ar_v_C=O + 0.32*Ster_B1 + 2.15*Energy_C1-O
indigo_aryl_alkyl,ln(kobs)_MeCN,4,kobs_MeCN|LUMO|polarizability|Ster_B1,0.9389816049207876,0.8279001590914803,0.1332274388951979,LOOCV,ln(kobs)_MeCN = -2.34 + 3.68*kobs_MeCN + 2.42*LUMO + 0.00*polarizability - 0.08*Ster_B1
indigo_aryl_alkyl,ln(kobs)_MeCN,5,ln(kobs)_toluene|kobs_toluene|HOMO|Ar_NBO_-O|Energy_C1-O,0.9617362381493292,0.827605759190664,0.1055011324692228,LOOCV,ln(kobs)_MeCN = -6.61 + 0.88*ln(kobs)_toluene + 0.40*kobs_toluene + 3.86*HOMO - 13.52*Ar_NBO_-O + 1.01*Energy_C1-O
indigo_aryl_alkyl,ln(kobs)_MeCN,5,kobs_MeCN|ln(kobs)_toluene|Ar_NBO_=O|L_C1-C2|Energy_C1-O,0.9721691753179259,0.8273949502339967,0.08997592637976508,LOOCV,ln(kobs)_MeCN = -3.28 + 1.72*kobs_MeCN + 0.55*ln(kobs)_toluene - 8.43*Ar_NBO_=O - 1.16*L_C1-C2 + 0.63*Energy_C1-O
indigo_aryl_alkyl,ln(kobs)_MeCN,4,ln(kobs)_toluene|Ar_NBO_-O|LUMO|L_C1-C2,0.9436378733948964,0.8273879536919967,0.1280433342343138,LOOCV,ln(kobs)_MeCN = -16.92 + 0.90*ln(kobs)_toluene - 24.06*Ar_NBO_-O + 2.40*LUMO + 0.56*L_C1-C2
indigo_aryl_alkyl,ln(kobs)_MeCN,4,ln(kobs)_toluene|HOMO|Ar_NBO_C1_x|Energy_C1-O,0.9611386549729269,0.8269937599425575,0.10632177122515744,LOOCV,ln(kobs)_MeCN = -1.68 + 0.90*ln(kobs)_toluene + 5.36*HOMO + 6.44*Ar_NBO_C1_x + 1.09*Energy_C1-O
indigo_aryl_alkyl,ln(kobs)_MeCN,5,kobs_MeCN|ln(kobs)_toluene|kobs_toluene|Occupancy_C1-O|Energy_C1-O,0.9839094577297096,0.8265762529317526,0.06841457435425251,LOOCV,ln(kobs)_MeCN = -14.49 + 3.30*kobs_MeCN + 0.97*ln(kobs)_toluene - 7.52*kobs_toluene + 7.46*Occupancy_C1-O - 0.33*Energy_C1-O
indigo_aryl_alkyl,ln(kobs)_MeCN,4,kobs_MeCN|Ar_I_C=O|L_C1-C2|Occupancy_C1-O,0.92953948538987,0.8265400566541228,0.14316478137235555,LOOCV,ln(kobs)_MeCN = -34.69 + 3.92*kobs_MeCN + 0.00*Ar_I_C=O - 2.40*L_C1-C2 + 17.88*Occupancy_C1-O
indigo_aryl_alkyl,ln(kobs)_MeCN,5,ln(kobs)_toluene|HOMO|polarizability|Occupancy_C1-O|Energy_C1-O,0.9610455983918178,0.8261335322969026,0.10644899307819469,LOOCV,ln(kobs)_MeCN = -51.50 + 0.95*ln(kobs)_toluene + 5.99*HOMO - 0.00*polarizability + 27.72*Occupancy_C1-O + 0.96*Energy_C1-O
indigo_aryl_alkyl,ln(kobs)_MeCN,4,kobs_MeCN|kobs_toluene|Ar_NBO_=O|Energy_C1-O,0.9431700720670855,0.8259731517047566,0.1285736111202181,LOOCV,ln(kobs)_MeCN = -9.43 + 3.10*kobs_MeCN + 1.01*kobs_toluene - 12.20*Ar_NBO_=O + 0.27*Energy_C1-O
indigo_aryl_alkyl,ln(kobs)_MeCN,5,ln(kobs)_toluene|HOMO|LUMO|Ar_I_C=O|Energy_C1-O,0.9609487238777262,0.8256017114731243,0.10658127326661526,LOOCV,ln(kobs)_MeCN = 3.11 + 0.93*ln(kobs)_toluene + 3.79*HOMO + 2.15*LUMO + 0.00*Ar_I_C=O + 1.09*Energy_C1-O
indigo_aryl_alkyl,ln(kobs)_MeCN,4,ln(kobs)_toluene|kobs_toluene|Ster_L|L_C1-C2,0.9317596332831305,0.8253765008723054,0.14089123143924157,LOOCV,ln(kobs)_MeCN = 18.27 + 1.32*ln(kobs)_toluene - 2.94*kobs_toluene - 0.01*Ster_L - 10.92*L_C1-C2
indigo_aryl_alkyl,ln(kobs)_MeCN,5,ln(kobs)_toluene|HOMO|L_C1-C2|Occupancy_C1-O|Energy_C1-O,0.9607277616659918,0.8252117938270425,0.10688238012549471,LOOCV,ln(kobs)_MeCN = -68.88 + 0.97*ln(kobs)_toluene + 4.53*HOMO - 3.04*L_C1-C2 + 38.60*Occupancy_C1-O + 1.25*Energy_C1-O
indigo_aryl_alkyl,ln(kobs)_MeCN,4,kobs_MeCN|ln(kobs)_toluene|Ster_L|Energy_C1-O,0.9671829417153015,0.8249988927677198,0.09770417303081583,LOOCV,ln(kobs)_MeCN = 0.08 + 2.07*kobs_MeCN + 0.54*ln(kobs)_toluene + 0.02*Ster_L + 0.94*Energy_C1-O
indigo_aryl_alkyl,ln(kobs)_MeCN,4,kobs_MeCN|ln(kobs)_toluene|Ster_B1|Energy_C1-O,0.9669982659916231,0.8249836969301734,0.09797869908854498,LOOCV,ln(kobs)_MeCN = 0.48 + 2.02*kobs_MeCN + 0.56*ln(kobs)_toluene + 0.22*Ster_B1 + 1.46*Energy_C1-O
indigo_aryl_alkyl,ln(kobs)_MeCN,4,kobs_MeCN|polarizability|Ster_B1|Ster_B5,0.9354202827032871,0.8248613555604403,0.13706019923436594,LOOCV,ln(kobs)_MeCN = -2.50 + 3.87*kobs_MeCN + 0.00*polarizability - 0.07*Ster_B1 + 0.00*Ster_B5
indigo_aryl_alkyl,ln(kobs)_MeCN,4,ln(kobs)_toluene|Ster_L|polarizability|Occupancy_C1-O,0.9155836368126058,0.8248006785069331,0.15670274638992587,LOOCV,ln(kobs)_MeCN = 18.69 + 1.07*ln(kobs)_toluene - 0.02*Ster_L - 0.00*polarizability - 8.78*Occupancy_C1-O
indigo_aryl_alkyl,ln(kobs)_MeCN,4,ln(kobs)_toluene|kobs_toluene|Ar_NBO_C1_x|Occupancy_C1-O,0.9205863480963467,0.8243306364109472,0.15198855041804202,LOOCV,ln(kobs)_MeCN = -23.34 + 1.25*ln(kobs)_toluene - 2.34*kobs_toluene + 4.36*Ar_NBO_C1_x + 10.82*Occupancy_C1-O
indigo_aryl_alkyl,ln(kobs)_MeCN,4,kobs_MeCN|HOMO|polarizability|Ster_B1,0.9391459042690323,0.8242704745223992,0.13304795256133836,LOOCV,ln(kobs)_MeCN = -1.41 + 3.54*kobs_MeCN + 3.37*HOMO + 0.00*polarizability + 0.03*Ster_B1
indigo_aryl_alkyl,ln(kobs)_MeCN,5,ln(kobs)_toluene|Ar_NBO_C1_x|Entry|L_C1-C2|Energy_C1-O,0.9527610426953966,0.8242611274768167,0.11722316430914309,LOOCV,ln(kobs)_MeCN = 17.94 + 1.00*ln(kobs)_toluene + 11.21*Ar_NBO_C1_x - 0.00*Entry - 16.96*L_C1-C2 + 0.80*Energy_C1-O
indigo_aryl_alkyl,ln(kobs)_MeCN,4,kobs_MeCN|LUMO|L_C1-C2|Ster_B1,0.9310048167014487,0.8242155223410855,0.14166829769842293,LOOCV,ln(kobs)_MeCN = -2.08 + 3.76*kobs_MeCN + 2.20*LUMO - 0.25*L_C1-C2 + 0.04*Ster_B1
indigo_aryl_alkyl,ln(kobs)_MeCN,3,kobs_MeCN|Occupancy_C1-O|Energy_C1-O,0.9291693425086852,0.8242141519168302,0.14354032513305523,LOOCV,ln(kobs)_MeCN = -51.97 + 4.03*kobs_MeCN + 24.94*Occupancy_C1-O + 0.27*Energy_C1-O
indigo_aryl_alkyl,ln(kobs)_MeCN,4,kobs_MeCN|kobs_toluene|Ster_B1|Ster_B5,0.9352603100102292,0.823755888040907,0.13722985256008013,LOOCV,ln(kobs)_MeCN = -2.68 + 4.42*kobs_MeCN - 1.52*kobs_toluene + 0.06*Ster_B1 + 0.02*Ster_B5
indigo_aryl_alkyl,ln(kobs)_MeCN,5,ln(kobs)_toluene|Ar_NBO_-O|Ar_I_C=O|Ster_B5|Energy_C1-O,0.955592251165877,0.8234418120900933,0.11365607866019471,LOOCV,ln(kobs)_MeCN = -11.39 + 0.98*ln(kobs)_toluene - 18.41*Ar_NBO_-O + 0.00*Ar_I_C=O + 0.00*Ster_B5 + 0.89*Energy_C1-O
indigo_aryl_alkyl,ln(kobs)_MeCN,4,ln(kobs)_toluene|Ar_NBO_=O|Ster_L|Energy_C1-O,0.9524782211047105,0.823059258624608,0.11757355061336087,LOOCV,ln(kobs)_MeCN = -7.28 + 0.95*ln(kobs)_toluene - 14.85*Ar_NBO_=O - 0.02*Ster_L + 0.65*Energy_C1-O
indigo_aryl_alkyl,ln(kobs)_MeCN,4,ln(kobs)_toluene|HOMO|Ster_B1|Occupancy_C1-O,0.9450400329723836,0.8228595596872657,0.1264405920631583,LOOCV,ln(kobs)_MeCN = -26.42 + 0.96*ln(kobs)_toluene + 4.51*HOMO - 0.21*Ster_B1 + 14.56*Occupancy_C1-O
indigo_aryl_alkyl,ln(kobs)_MeCN,4,ln(kobs)_toluene|kobs_toluene|L_C1-C2|Occupancy_C1-O,0.9311234512141627,0.8228129831714102,0.14154644875538627,LOOCV,ln(kobs)_MeCN = 22.53 + 1.30*ln(kobs)_toluene - 2.90*kobs_toluene - 11.39*L_C1-C2 - 1.86*Occupancy_C1-O
indigo_aryl_alkyl,ln(kobs)_MeCN,5,ln(kobs)_toluene|HOMO|Ar_v_C=O|polarizability|Energy_C1-O,0.9601827443275,0.8223857317498682,0.10762147772078264,LOOCV,ln(kobs)_MeCN = 6.79 + 0.93*ln(kobs)_toluene + 6.16*HOMO - 0.00*Ar_v_C=O - 0.00*polarizability + 0.75*Energy_C1-O
indigo_aryl_alkyl,ln(kobs)_MeCN,5,kobs_MeCN|ln(kobs)_toluene|Ar_NBO_C1_x|Ster_B1|Energy_C1-O,0.9671524095052568,0.8222168534813316,0.09774961328284809,LOOCV,ln(kobs)_MeCN = 1.59 + 2.05*kobs_MeCN + 0.56*ln(kobs)_toluene - 1.35*Ar_NBO_C1_x + 0.23*Ster_B1 + 1.51*Energy_C1-O
indigo_aryl_alkyl,ln(kobs)_MeCN,4,kobs_MeCN|Entry|Ster_B1|Energy_C1-O,0.9482264302725905,0.8221948116301077,0.12272056443397723,LOOCV,ln(kobs)_MeCN = -1.29 + 3.71*kobs_MeCN + 0.01*Entry + 0.47*Ster_B1 + 2.02*Energy_C1-O
indigo_aryl_alkyl,ln(kobs)_MeCN,5,ln(kobs)_toluene|Ar_NBO_C1_x|L_C1-C2|Ster_B5|Energy_C1-O,0.9546281559686166,0.8218639577540865,0.11488319476281288,LOOCV,ln(kobs)_MeCN = 16.58 + 0.95*ln(kobs)_toluene + 13.78*Ar_NBO_C1_x - 17.42*L_C1-C2 + 0.02*Ster_B5 + 1.04*Energy_C1-O
indigo_aryl_alkyl,ln(kobs)_MeCN,5,ln(kobs)_toluene|Ar_v_C=O|Ar_I_C=O|Occupancy_C1-O|Energy_C1-O,0.9545079323068594,0.8214266583473331,0.11503529945902341,LOOCV,ln(kobs)_MeCN = -80.53 + 1.02*ln(kobs)_toluene - 0.01*Ar_v_C=O + 0.00*Ar_I_C=O + 49.81*Occupancy_C1-O + 1.19*Energy_C1-O
indigo_aryl_alkyl,ln(kobs)_MeCN,5,ln(kobs)_toluene|Ar_NBO_=O|HOMO|Ar_NBO_-O|Energy_C1-O,0.9630267324749713,0.8209840684800488,0.10370679327448638,LOOCV,ln(kobs)_MeCN = -10.17 + 0.95*ln(kobs)_toluene + 9.84*Ar_NBO_=O + 4.78*HOMO - 27.67*Ar_NBO_-O + 0.98*Energy_C1-O
indigo_aryl_alkyl,ln(kobs)_MeCN,4,ln(kobs)_toluene|Ar_NBO_C1_x|polarizability|Occupancy_C1-O,0.9176767540006969,0.8208585513276674,0.15474781733743237,LOOCV,ln(kobs)_MeCN = -33.32 + 1.03*ln(kobs)_toluene + 5.59*Ar_NBO_C1_x - 0.00*polarizability + 14.97*Occupancy_C1-O
indigo_aryl_alkyl,ln(kobs)_MeCN,5,ln(kobs)_toluene|HOMO|Ar_v_C=O|Ar_NBO_-O|Energy_C1-O,0.9626659430451611,0.8204305398251834,0.10421155633413982,LOOCV,ln(kobs)_MeCN = -22.13 + 0.93*ln(kobs)_toluene + 4.48*HOMO + 0.01*Ar_v_C=O - 18.43*Ar_NBO_-O + 0.96*Energy_C1-O
indigo_aryl_alkyl,ln(kobs)_MeCN,5,ln(kobs)_toluene|HOMO|LUMO|L_C1-C2|Energy_C1-O,0.9607010434442108,0.820264142427814,0.10691873177890948,LOOCV,ln(kobs)_MeCN = 2.97 + 0.93*ln(kobs)_toluene + 4.12*HOMO + 2.38*LUMO + 0.21*L_C1-C2 + 1.10*Energy_C1-O
indigo_aryl_alkyl,ln(kobs)_MeCN,5,ln(kobs)_toluene|HOMO|Ster_L|L_C1-C2|Energy_C1-O,0.9585812381024857,0.8202492054449796,0.10976448532242736,LOOCV,ln(kobs)_MeCN = 7.87 + 0.96*ln(kobs)_toluene + 4.65*HOMO - 0.00*Ster_L - 2.98*L_C1-C2 + 1.09*Energy_C1-O
indigo_aryl_alkyl,ln(kobs)_MeCN,5,ln(kobs)_toluene|HOMO|Ar_I_C=O|Occupancy_C1-O|Energy_C1-O,0.9611982413330957,0.820046443849761,0.10624022801411909,LOOCV,ln(kobs)_MeCN = -80.57 + 0.98*ln(kobs)_toluene + 4.10*HOMO + 0.00*Ar_I_C=O + 42.07*Occupancy_C1-O + 1.27*Energy_C1-O
indigo_aryl_alkyl,ln(kobs)_MeCN,5,kobs_MeCN|ln(kobs)_toluene|polarizability|Ster_B1|Occupancy_C1-O,0.962553259350345,0.819658546844013,0.10436870635634121,LOOCV,ln(kobs)_MeCN = -66.73 + 2.19*kobs_MeCN + 0.53*ln(kobs)_toluene + 0.00*polarizability - 0.21*Ster_B1 + 33.20*Occupancy_C1-O
indigo_aryl_alkyl,ln(kobs)_MeCN,5,ln(kobs)_toluene|Ar_v_C=O|Ar_NBO_C1_x|L_C1-C2|Energy_C1-O,0.9526884224112461,0.8196367420345803,0.11731323308746178,LOOCV,ln(kobs)_MeCN = 22.66 + 0.93*ln(kobs)_toluene - 0.01*Ar_v_C=O + 11.71*Ar_NBO_C1_x - 10.49*L_C1-C2 + 0.85*Energy_C1-O
indigo_aryl_alkyl,ln(kobs)_MeCN,4,kobs_toluene|HOMO|Ar_NBO_C1_x|Ster_B5,0.9028384648172072,0.8196174878987015,0.16811655156774108,LOOCV,ln(kobs)_MeCN = -11.00 + 6.06*kobs_toluene + 11.54*HOMO + 15.86*Ar_NBO_C1_x - 0.05*Ster_B5
indigo_aryl_alkyl,ln(kobs)_MeCN,5,ln(kobs)_toluene|Ar_NBO_-O|LUMO|Ar_NBO_C1_x|L_C1-C2,0.9534488685507333,0.8195936239733417,0.11636661723796393,LOOCV,ln(kobs)_MeCN = 1.11 + 0.80*ln(kobs)_toluene - 2.63*Ar_NBO_-O + 5.24*LUMO + 18.21*Ar_NBO_C1_x - 11.40*L_C1-C2
indigo_aryl_alkyl,ln(kobs)_MeCN,4,ln(kobs)_toluene|Ster_L|L_C1-C2|Occupancy_C1-O,0.925042014806547,0.8192682374666707,0.14766318828713443,LOOCV,ln(kobs)_MeCN = 25.59 + 1.03*ln(kobs)_toluene - 0.01*Ster_L - 10.23*L_C1-C2 - 4.70*Occupancy_C1-O
indigo_aryl_alkyl,ln(kobs)_MeCN,5,ln(kobs)_toluene|Ar_NBO_C1_x|polarizability|L_C1-C2|Energy_C1-O,0.9535437650506747,0.8191869387575945,0.11624794753129557,LOOCV,ln(kobs)_MeCN = 16.04 + 0.96*ln(kobs)_toluene + 11.45*Ar_NBO_C1_x + 0.00*polarizability - 15.71*L_C1-C2 + 1.12*Energy_C1-O
indigo_aryl_alkyl,ln(kobs)_MeCN,4,kobs_MeCN|LUMO|L_C1-C2|Energy_C1-O,0.9311292895731659,0.8188892864946039,0.14154044949648537,LOOCV,ln(kobs)_MeCN = -2.42 + 3.81*kobs_MeCN + 2.21*LUMO + 0.16*L_C1-C2 + 0.18*Energy_C1-O
indigo_aryl_alkyl,ln(kobs)_MeCN,4,kobs_toluene|HOMO|Ar_NBO_-O|Energy_C1-O,0.9189824346024004,0.8184214430329944,0.15351573038734698,LOOCV,ln(kobs)_MeCN = -12.68 + 8.43*kobs_toluene + 5.00*HOMO - 19.59*Ar_NBO_-O + 1.72*Energy_C1-O
indigo_aryl_alkyl,ln(kobs)_MeCN,4,ln(kobs)_toluene|kobs_toluene|Ar_NBO_C1_x|polarizability,0.9214805412458784,0.8179855645756531,0.1511304368375276,LOOCV,ln(kobs)_MeCN = -1.46 + 1.26*ln(kobs)_toluene - 2.31*kobs_toluene + 4.07*Ar_NBO_C1_x - 0.00*polarizability
indigo_aryl_alkyl,ln(kobs)_MeCN,4,kobs_MeCN|HOMO|Entry|Ster_B1,0.940686377304698,0.8175585666037885,0.13135315665574765,LOOCV,ln(kobs)_MeCN = -1.51 + 3.51*kobs_MeCN + 3.11*HOMO + 0.00*Entry + 0.03*Ster_B1
indigo_aryl_alkyl,ln(kobs)_MeCN,4,ln(kobs)_toluene|Ar_NBO_=O|Ar_I_C=O|L_C1-C2,0.942216226707558,0.8174768679398365,0.12964812431689898,LOOCV,ln(kobs)_MeCN = -6.11 + 0.88*ln(kobs)_toluene - 12.34*Ar_NBO_=O + 0.00*Ar_I_C=O - 0.63*L_C1-C2
indigo_aryl_alkyl,ln(kobs)_MeCN,4,kobs_MeCN|Entry|Ster_B1|Ster_B5,0.9360392216956858,0.8170114987889222,0.13640181805366922,LOOCV,ln(kobs)_MeCN = -2.57 + 3.84*kobs_MeCN + 0.01*Entry - 0.02*Ster_B1 + 0.02*Ster_B5
indigo_aryl_alkyl,ln(kobs)_MeCN,4,kobs_MeCN|ln(kobs)_toluene|Ster_B5|Energy_C1-O,0.9685058988988489,0.8168156229385861,0.09571453585542636,LOOCV,ln(kobs)_MeCN = 0.26 + 2.08*kobs_MeCN + 0.55*ln(kobs)_toluene + 0.02*Ster_B5 + 1.00*Energy_C1-O
indigo_aryl_alkyl,ln(kobs)_MeCN,4,ln(kobs)_toluene|kobs_toluene|polarizability|L_C1-C2,0.9317056083126273,0.8166906494595962,0.14094699124151078,LOOCV,ln(kobs)_MeCN = 18.66 + 1.31*ln(kobs)_toluene - 2.84*kobs_toluene - 0.00*polarizability - 11.25*L_C1-C2
indigo_aryl_alkyl,ln(kobs)_MeCN,5,ln(kobs)_toluene|LUMO|Entry|polarizability|Energy_C1-O,0.9568646231700477,0.8159732738786876,0.11201600693929555,LOOCV,ln(kobs)_MeCN = 2.50 + 1.01*ln(kobs)_toluene + 4.97*LUMO - 0.01*Entry + 0.00*polarizability + 1.36*Energy_C1-O
indigo_aryl_alkyl,ln(kobs)_MeCN,4,kobs_MeCN|kobs_toluene|Ar_v_C=O|Energy_C1-O,0.9377909567413659,0.815640531470763,0.1345209885413788,LOOCV,ln(kobs)_MeCN = 21.85 + 3.42*kobs_MeCN + 0.57*kobs_toluene - 0.01*Ar_v_C=O + 0.28*Energy_C1-O
indigo_aryl_alkyl,ln(kobs)_MeCN,5,ln(kobs)_toluene|Ar_NBO_-O|L_C1-C2|Occupancy_C1-O|Energy_C1-O,0.9598999117399334,0.8156334601780644,0.10800303337802766,LOOCV,ln(kobs)_MeCN = -182.18 + 1.00*ln(kobs)_toluene - 29.61*Ar_NBO_-O - 0.15*L_C1-C2 + 82.05*Occupancy_C1-O + 0.98*Energy_C1-O
indigo_aryl_alkyl,ln(kobs)_MeCN,4,kobs_MeCN|polarizability|L_C1-C2|Ster_B1,0.9367042817536617,0.8154656230041015,0.1356908163220521,LOOCV,ln(kobs)_MeCN = 3.29 + 3.81*kobs_MeCN + 0.00*polarizability - 3.89*L_C1-C2 - 0.08*Ster_B1
indigo_aryl_alkyl,ln(kobs)_MeCN,4,ln(kobs)_toluene|HOMO|Occupancy_C1-O|Energy_C1-O,0.960008194241163,0.8154411587660311,0.1078571141956785,LOOCV,ln(kobs)_MeCN = -75.79 + 0.97*ln(kobs)_toluene + 4.91*HOMO + 39.88*Occupancy_C1-O + 1.28*Energy_C1-O
indigo_aryl_alkyl,ln(kobs)_MeCN,4,ln(kobs)_toluene|Ar_NBO_=O|Ar_NBO_-O|L_C1-C2,0.9417594316095245,0.8152457772405551,0.1301595658708249,LOOCV,ln(kobs)_MeCN = -12.64 + 0.91*ln(kobs)_toluene - 4.09*Ar_NBO_=O - 20.45*Ar_NBO_-O - 2.33*L_C1-C2
indigo_aryl_alkyl,ln(kobs)_MeCN,5,kobs_MeCN|ln(kobs)_toluene|Ster_B5|Occupancy_C1-O|Energy_C1-O,0.9709034744877056,0.8152284237278522,0.09199915850585605,LOOCV,ln(kobs)_MeCN = -78.58 + 2.09*kobs_MeCN + 0.57*ln(kobs)_toluene + 0.02*Ster_B5 + 39.62*Occupancy_C1-O + 1.11*Energy_C1-O
indigo_aryl_alkyl,ln(kobs)_MeCN,4,kobs_MeCN|Ar_NBO_C1_x|polarizability|Ster_B1,0.9353724217454603,0.8151313508309982,0.13711097847081552,LOOCV,ln(kobs)_MeCN = -2.94 + 3.85*kobs_MeCN + 0.56*Ar_NBO_C1_x + 0.00*polarizability - 0.08*Ster_B1
indigo_aryl_alkyl,ln(kobs)_MeCN,5,ln(kobs)_toluene|Ar_NBO_C1_x|Ar_I_C=O|Occupancy_C1-O|Energy_C1-O,0.956648105725311,0.8150028340720555,0.11229678645936544,LOOCV,ln(kobs)_MeCN = -139.94 + 1.03*ln(kobs)_toluene + 8.73*Ar_NBO_C1_x + 0.00*Ar_I_C=O + 67.51*Occupancy_C1-O + 1.21*Energy_C1-O
indigo_aryl_alkyl,ln(kobs)_MeCN,5,kobs_MeCN|ln(kobs)_toluene|kobs_toluene|Entry|Energy_C1-O,0.984194638053183,0.8148000271651263,0.06780559197150418,LOOCV,ln(kobs)_MeCN = 0.29 + 3.39*kobs_MeCN + 0.95*ln(kobs)_toluene - 7.71*kobs_toluene + 0.00*Entry - 0.35*Energy_C1-O
indigo_aryl_alkyl,ln(kobs)_MeCN,5,ln(kobs)_toluene|Ar_NBO_-O|LUMO|Entry|Energy_C1-O,0.9558244149481594,0.814650308173534,0.11335859225487065,LOOCV,ln(kobs)_MeCN = -9.43 + 0.99*ln(kobs)_toluene - 16.11*Ar_NBO_-O + 3.00*LUMO - 0.00*Entry + 0.75*Energy_C1-O
indigo_aryl_alkyl,ln(kobs)_MeCN,4,kobs_toluene|Ar_NBO_-O|Occupancy_C1-O|Energy_C1-O,0.9237093172094474,0.8146117102416714,0.14897007620053768,LOOCV,ln(kobs)_MeCN = -296.25 + 9.69*kobs_toluene - 42.35*Ar_NBO_-O + 133.48*Occupancy_C1-O + 1.96*Energy_C1-O
indigo_aryl_alkyl,ln(kobs)_MeCN,4,kobs_MeCN|Ar_NBO_C1_x|Occupancy_C1-O|Energy_C1-O,0.9297184637591128,0.814545351436366,0.14298283768666367,LOOCV,ln(kobs)_MeCN = -66.27 + 3.98*kobs_MeCN + 2.61*Ar_NBO_C1_x + 31.07*Occupancy_C1-O + 0.27*Energy_C1-O
indigo_aryl_alkyl,ln(kobs)_MeCN,5,ln(kobs)_toluene|Ar_NBO_=O|Ar_v_C=O|Ar_I_C=O|polarizability,0.9556939152265831,0.814443608371213,0.11352590589168446,LOOCV,ln(kobs)_MeCN = -31.98 + 0.91*ln(kobs)_toluene - 21.77*Ar_NBO_=O + 0.01*Ar_v_C=O + 0.00*Ar_I_C=O - 0.00*polarizability
indigo_aryl_alkyl,ln(kobs)_MeCN,4,kobs_MeCN|kobs_toluene|Ster_B1|Occupancy_C1-O,0.9289331285730101,0.8143584105995748,0.14377947301623026,LOOCV,ln(kobs)_MeCN = -29.36 + 4.30*kobs_MeCN - 1.00*kobs_toluene + 0.08*Ster_B1 + 13.40*Occupancy_C1-O
indigo_aryl_alkyl,ln(kobs)_MeCN,5,ln(kobs)_toluene|Ar_NBO_-O|Ar_I_C=O|L_C1-C2|Energy_C1-O,0.9555449175468506,0.8142740668800323,0.11371663476673458,LOOCV,ln(kobs)_MeCN = -10.72 + 0.98*ln(kobs)_toluene - 17.92*Ar_NBO_-O + 0.00*Ar_I_C=O - 0.24*L_C1-C2 + 0.87*Energy_C1-O
indigo_aryl_alkyl,ln(kobs)_MeCN,4,kobs_toluene|HOMO|LUMO|Ar_NBO_C1_x,0.9027853438271071,0.8138656856281155,0.16816250235138144,LOOCV,ln(kobs)_MeCN = -19.33 + 5.23*kobs_toluene + 6.11*HOMO + 7.24*LUMO + 24.30*Ar_NBO_C1_x
indigo_aryl_alkyl,ln(kobs)_MeCN,4,kobs_MeCN|HOMO|L_C1-C2|Ster_B1,0.9391089257098628,0.8138624288173596,0.13308837033720883,LOOCV,ln(kobs)_MeCN = -1.29 + 3.51*kobs_MeCN + 3.63*HOMO - 0.03*L_C1-C2 + 0.04*Ster_B1
indigo_aryl_alkyl,ln(kobs)_MeCN,5,ln(kobs)_toluene|HOMO|Ar_I_C=O|L_C1-C2|Energy_C1-O,0.9589203312413689,0.813255183106323,0.10931424398352746,LOOCV,ln(kobs)_MeCN = 6.83 + 0.96*ln(kobs)_toluene + 4.07*HOMO + 0.00*Ar_I_C=O - 2.48*L_C1-C2 + 1.12*Energy_C1-O
indigo_aryl_alkyl,ln(kobs)_MeCN,4,kobs_toluene|HOMO|Ar_NBO_C1_x|Energy_C1-O,0.9232266971442908,0.8132421142882709,0.14944053077522879,LOOCV,ln(kobs)_MeCN = -7.67 + 7.97*kobs_toluene + 7.24*HOMO + 11.91*Ar_NBO_C1_x + 1.82*Energy_C1-O
indigo_aryl_alkyl,ln(kobs)_MeCN,4,kobs_MeCN|Entry|Ster_B1|Occupancy_C1-O,0.9335750182639175,0.8131237414426167,0.13900454831054226,LOOCV,ln(kobs)_MeCN = -21.13 + 3.84*kobs_MeCN + 0.01*Entry + 0.01*Ster_B1 + 9.31*Occupancy_C1-O
indigo_aryl_alkyl,ln(kobs)_MeCN,4,kobs_MeCN|Entry|L_C1-C2|Ster_B1,0.9335767931305736,0.8127162960304114,0.13900269120663758,LOOCV,ln(kobs)_MeCN = -0.60 + 3.81*kobs_MeCN + 0.01*Entry - 1.33*L_C1-C2 + 0.01*Ster_B1
indigo_aryl_alkyl,ln(kobs)_MeCN,4,kobs_MeCN|Ster_L|polarizability|Ster_B1,0.937273502066502,0.8120981190397428,0.13507930256448436,LOOCV,ln(kobs)_MeCN = -2.57 + 3.81*kobs_MeCN + 0.03*Ster_L + 0.00*polarizability - 0.10*Ster_B1
indigo_aryl_alkyl,ln(kobs)_MeCN,4,ln(kobs)_toluene|kobs_toluene|Ar_NBO_=O|L_C1-C2,0.9421885938379848,0.8119047507938835,0.1296791202289322,LOOCV,ln(kobs)_MeCN = 0.49 + 1.09*ln(kobs)_toluene - 1.99*kobs_toluene - 12.19*Ar_NBO_=O - 4.37*L_C1-C2
indigo_aryl_alkyl,ln(kobs)_MeCN,4,kobs_MeCN|Entry|Ster_B5|Energy_C1-O,0.9423927230292605,0.8117977903223046,0.1294499725204895,LOOCV,ln(kobs)_MeCN = -1.92 + 3.86*kobs_MeCN + 0.01*Entry + 0.03*Ster_B5 + 0.70*Energy_C1-O
indigo_aryl_alkyl,ln(kobs)_MeCN,4,ln(kobs)_toluene|polarizability|L_C1-C2|Occupancy_C1-O,0.9254121320442439,0.811736365810719,0.14729818166090522,LOOCV,ln(kobs)_MeCN = 15.83 + 1.03*ln(kobs)_toluene - 0.00*polarizability - 10.50*L_C1-C2 + 0.39*Occupancy_C1-O
indigo_aryl_alkyl,ln(kobs)_MeCN,4,ln(kobs)_toluene|HOMO|Ar_I_C=O|Energy_C1-O,0.958495219912749,0.8117063139371642,0.10987840525678134,LOOCV,ln(kobs)_MeCN = 3.18 + 0.96*ln(kobs)_toluene + 4.20*HOMO + 0.00*Ar_I_C=O + 1.14*Energy_C1-O
indigo_aryl_alkyl,ln(kobs)_MeCN,3,ln(kobs)_toluene|HOMO|Energy_C1-O,0.9575644524866249,0.8116205330528787,0.11110361604529201,LOOCV,ln(kobs)_MeCN = 3.55 + 0.95*ln(kobs)_toluene + 4.91*HOMO + 1.16*Energy_C1-O
indigo_aryl_alkyl,ln(kobs)_MeCN,4,kobs_MeCN|kobs_toluene|Ster_L|Energy_C1-O,0.9415926066029711,0.8113528577841833,0.13034584790660508,LOOCV,ln(kobs)_MeCN = -1.98 + 3.53*kobs_MeCN + 0.77*kobs_toluene + 0.04*Ster_L + 0.81*Energy_C1-O
indigo_aryl_alkyl,ln(kobs)_MeCN,4,kobs_MeCN|kobs_toluene|L_C1-C2|Ster_B1,0.9297496261014674,0.8113509287669085,0.14295113537627707,LOOCV,ln(kobs)_MeCN = 2.58 + 4.23*kobs_MeCN - 0.99*kobs_toluene - 3.52*L_C1-C2 + 0.09*Ster_B1
indigo_aryl_alkyl,ln(kobs)_MeCN,4,kobs_MeCN|kobs_toluene|polarizability|Ster_B1,0.9362412485637049,0.8112923182476277,0.1361862279096052,LOOCV,ln(kobs)_MeCN = -2.57 + 4.25*kobs_MeCN - 1.15*kobs_toluene + 0.00*polarizability - 0.02*Ster_B1
indigo_aryl_alkyl,ln(kobs)_MeCN,4,ln(kobs)_toluene|HOMO|Ster_L|Energy_C1-O,0.9579411776527732,0.8107993626641884,0.11060935074991231,LOOCV,ln(kobs)_MeCN = 3.62 + 0.96*ln(kobs)_toluene + 5.09*HOMO - 0.01*Ster_L + 1.09*Energy_C1-O
indigo_aryl_alkyl,ln(kobs)_MeCN,4,kobs_MeCN|L_C1-C2|Ster_B1|Ster_B5,0.9352898480218024,0.8107358298310195,0.13719854286861022,LOOCV,ln(kobs)_MeCN = 3.63 + 3.85*kobs_MeCN - 4.18*L_C1-C2 - 0.01*Ster_B1 + 0.02*Ster_B5
indigo_aryl_alkyl,ln(kobs)_MeCN,4,kobs_MeCN|kobs_toluene|polarizability|Occupancy_C1-O,0.9371370112376259,0.810601980216463,0.13522618679881734,LOOCV,ln(kobs)_MeCN = -50.57 + 4.35*kobs_MeCN - 1.35*kobs_toluene + 0.00*polarizability + 24.04*Occupancy_C1-O
indigo_aryl_alkyl,ln(kobs)_MeCN,4,kobs_MeCN|kobs_toluene|HOMO|Ster_B1,0.939564706050129,0.8103919712546735,0.132589339886753,LOOCV,ln(kobs)_MeCN = -1.41 + 3.80*kobs_MeCN - 0.82*kobs_toluene + 3.58*HOMO + 0.08*Ster_B1
indigo_aryl_alkyl,ln(kobs)_MeCN,5,ln(kobs)_toluene|kobs_toluene|HOMO|Ster_B1|Energy_C1-O,0.9627756240310263,0.8099778141055656,0.10405836599824994,LOOCV,ln(kobs)_MeCN = 3.99 + 0.85*ln(kobs)_toluene + 0.66*kobs_toluene + 5.51*HOMO + 0.32*Ster_B1 + 2.24*Energy_C1-O
indigo_aryl_alkyl,ln(kobs)_MeCN,4,kobs_MeCN|Entry|polarizability|Ster_B1,0.9378592999527712,0.8099405059047465,0.1344470754710358,LOOCV,ln(kobs)_MeCN = -2.50 + 3.80*kobs_MeCN + 0.01*Entry + 0.00*polarizability - 0.08*Ster_B1
indigo_aryl_alkyl,ln(kobs)_MeCN,4,kobs_toluene|HOMO|Ar_v_C=O|Ar_NBO_C1_x,0.895656821957618,0.8097471875584659,0.17421892077057297,LOOCV,ln(kobs)_MeCN = 24.14 + 5.60*kobs_toluene + 4.82*HOMO - 0.02*Ar_v_C=O + 20.40*Ar_NBO_C1_x
indigo_aryl_alkyl,ln(kobs)_MeCN,4,ln(kobs)_toluene|Ar_NBO_C1_x|L_C1-C2|Energy_C1-O,0.9519189703886493,0.8095662953944904,0.11826334772635386,LOOCV,ln(kobs)_MeCN = 16.15 + 0.97*ln(kobs)_toluene + 12.78*Ar_NBO_C1_x - 16.63*L_C1-C2 + 0.85*Energy_C1-O
indigo_aryl_alkyl,ln(kobs)_MeCN,5,ln(kobs)_toluene|Ar_v_C=O|Ar_I_C=O|Ster_B1|Energy_C1-O,0.951686590049619,0.8094982180859824,0.11854879243468529,LOOCV,ln(kobs)_MeCN = 17.33 + 0.99*ln(kobs)_toluene - 0.01*Ar_v_C=O + 0.00*Ar_I_C=O + 0.13*Ster_B1 + 1.46*Energy_C1-O
indigo_aryl_alkyl,ln(kobs)_MeCN,5,ln(kobs)_toluene|Ar_NBO_=O|Ster_L|Ster_B5|Energy_C1-O,0.9525930167501409,0.8093201057930715,0.11743145689608518,LOOCV,ln(kobs)_MeCN = -7.13 + 0.95*ln(kobs)_toluene - 14.67*Ar_NBO_=O - 0.02*Ster_L + 0.00*Ster_B5 + 0.69*Energy_C1-O
indigo_aryl_alkyl,ln(kobs)_MeCN,5,ln(kobs)_toluene|Ar_NBO_-O|Ster_L|Entry|Energy_C1-O,0.9533733408953138,0.8084182470084267,0.11646097945281658,LOOCV,ln(kobs)_MeCN = -17.69 + 1.02*ln(kobs)_toluene - 27.67*Ar_NBO_-O - 0.02*Ster_L - 0.00*Entry + 0.52*Energy_C1-O
indigo_aryl_alkyl,ln(kobs)_MeCN,5,ln(kobs)_toluene|Ar_v_C=O|Ar_I_C=O|L_C1-C2|Energy_C1-O,0.9510890619956631,0.8079755729272788,0.11927963043789852,LOOCV,ln(kobs)_MeCN = 19.21 + 0.98*ln(kobs)_toluene - 0.01*Ar_v_C=O + 0.00*Ar_I_C=O + 4.14*L_C1-C2 + 1.04*Energy_C1-O
indigo_aryl_alkyl,ln(kobs)_MeCN,5,ln(kobs)_toluene|Ar_NBO_=O|Ster_L|polarizability|Energy_C1-O,0.95262010141493,0.8076567416303483,0.11739790650073009,LOOCV,ln(kobs)_MeCN = -6.68 + 0.96*ln(kobs)_toluene - 14.06*Ar_NBO_=O - 0.02*Ster_L + 0.00*polarizability + 0.75*Energy_C1-O
indigo_aryl_alkyl,ln(kobs)_MeCN,4,kobs_MeCN|kobs_toluene|L_C1-C2|Occupancy_C1-O,0.9291253911803422,0.8072720751834384,0.14358485252992276,LOOCV,ln(kobs)_MeCN = -30.57 + 3.99*kobs_MeCN - 0.12*kobs_toluene - 3.48*L_C1-C2 + 16.67*Occupancy_C1-O
indigo_aryl_alkyl,ln(kobs)_MeCN,5,kobs_MeCN|ln(kobs)_toluene|Ar_NBO_=O|Ar_v_C=O|Ar_NBO_-O,0.9668084517495505,0.807191004399378,0.09826006441341587,LOOCV,ln(kobs)_MeCN = -13.44 + 1.87*kobs_MeCN + 0.47*ln(kobs)_toluene - 8.17*Ar_NBO_=O + 0.00*Ar_v_C=O - 6.94*Ar_NBO_-O
indigo_aryl_alkyl,ln(kobs)_MeCN,3,kobs_toluene|Ar_v_C=O|Ar_NBO_C1_x,0.8817816616613883,0.8071665685735266,0.18544098026266487,LOOCV,ln(kobs)_MeCN = 45.00 + 6.03*kobs_toluene - 0.03*Ar_v_C=O + 21.20*Ar_NBO_C1_x
indigo_aryl_alkyl,ln(kobs)_MeCN,5,ln(kobs)_toluene|HOMO|Ar_v_C=O|Occupancy_C1-O|Energy_C1-O,0.9603559890212634,0.8068120047833185,0.1073870922164318,LOOCV,ln(kobs)_MeCN = -73.96 + 0.96*ln(kobs)_toluene + 4.43*HOMO - 0.00*Ar_v_C=O + 41.80*Occupancy_C1-O + 1.26*Energy_C1-O
indigo_aryl_alkyl,ln(kobs)_MeCN,5,ln(kobs)_toluene|LUMO|Ar_NBO_C1_x|L_C1-C2|Energy_C1-O,0.9615484686433304,0.806770577730432,0.10575967542257608,LOOCV,ln(kobs)_MeCN = 3.89 + 0.87*ln(kobs)_toluene + 4.94*LUMO + 15.80*Ar_NBO_C1_x - 10.10*L_C1-C2 + 0.75*Energy_C1-O
indigo_aryl_alkyl,ln(kobs)_MeCN,4,kobs_toluene|Ar_NBO_=O|HOMO|Energy_C1-O,0.9164143781794751,0.8066127932966061,0.15592978420318027,LOOCV,ln(kobs)_MeCN = -5.01 + 8.29*kobs_toluene - 9.91*Ar_NBO_=O + 4.47*HOMO + 1.77*Energy_C1-O
indigo_aryl_alkyl,ln(kobs)_MeCN,5,ln(kobs)_toluene|Ar_NBO_=O|Ar_v_C=O|LUMO|Ar_NBO_C1_x,0.9528769220939519,0.8065525765123738,0.11707929904220156,LOOCV,ln(kobs)_MeCN = 26.88 + 0.73*ln(kobs)_toluene + 6.69*Ar_NBO_=O - 0.02*Ar_v_C=O + 6.39*LUMO + 20.21*Ar_NBO_C1_x
indigo_aryl_alkyl,ln(kobs)_MeCN,5,ln(kobs)_toluene|HOMO|Ster_L|Ar_I_C=O|Energy_C1-O,0.958787420696881,0.806547093122014,0.10949094067051403,LOOCV,ln(kobs)_MeCN = 3.25 + 0.96*ln(kobs)_toluene + 4.39*HOMO - 0.01*Ster_L + 0.00*Ar_I_C=O + 1.08*Energy_C1-O
indigo_aryl_alkyl,ln(kobs)_MeCN,5,ln(kobs)_toluene|Ar_v_C=O|Ar_NBO_C1_x|Entry|Energy_C1-O,0.9515977140697098,0.806304563630964,0.11865778183391229,LOOCV,ln(kobs)_MeCN = 29.77 + 0.93*ln(kobs)_toluene - 0.02*Ar_v_C=O + 7.28*Ar_NBO_C1_x - 0.00*Entry + 0.84*Energy_C1-O
indigo_aryl_alkyl,ln(kobs)_MeCN,5,kobs_MeCN|ln(kobs)_toluene|Entry|Ster_B5|Energy_C1-O,0.9685120321166296,0.8061868111984724,0.0957052155913825,LOOCV,ln(kobs)_MeCN = 0.27 + 2.08*kobs_MeCN + 0.56*ln(kobs)_toluene - 0.00*Entry + 0.02*Ster_B5 + 1.00*Energy_C1-O
indigo_aryl_alkyl,ln(kobs)_MeCN,5,ln(kobs)_toluene|Ar_v_C=O|LUMO|Entry|Energy_C1-O,0.9533883719419005,0.8053586236617516,0.11644220616363213,LOOCV,ln(kobs)_MeCN = 18.68 + 1.00*ln(kobs)_toluene - 0.01*Ar_v_C=O + 3.30*LUMO - 0.01*Entry + 0.85*Energy_C1-O
indigo_aryl_alkyl,ln(kobs)_MeCN,5,ln(kobs)_toluene|Ar_NBO_C1_x|Ster_L|L_C1-C2|Energy_C1-O,0.9520375433536518,0.8052232448339037,0.11811743267384044,LOOCV,ln(kobs)_MeCN = 15.93 + 0.97*ln(kobs)_toluene + 13.50*Ar_NBO_C1_x - 0.00*Ster_L - 16.88*L_C1-C2 + 0.80*Energy_C1-O
indigo_aryl_alkyl,ln(kobs)_MeCN,4,ln(kobs)_toluene|Ar_v_C=O|Ar_I_C=O|Energy_C1-O,0.9507345599883364,0.8050959528110351,0.11971111393978477,LOOCV,ln(kobs)_MeCN = 17.24 + 1.00*ln(kobs)_toluene - 0.01*Ar_v_C=O + 0.00*Ar_I_C=O + 1.04*Energy_C1-O
indigo_aryl_alkyl,ln(kobs)_MeCN,5,kobs_MeCN|ln(kobs)_toluene|Ar_NBO_C1_x|Ster_B5|Energy_C1-O,0.9685240013449109,0.8050304090396199,0.09568702409587534,LOOCV,ln(kobs)_MeCN = -0.11 + 2.08*kobs_MeCN + 0.55*ln(kobs)_toluene + 0.45*Ar_NBO_C1_x + 0.02*Ster_B5 + 1.00*Energy_C1-O
indigo_aryl_alkyl,ln(kobs)_MeCN,4,kobs_toluene|HOMO|Ar_NBO_-O|Ar_NBO_C1_x,0.8965806427448332,0.8048700393238322,0.1734459670773282,LOOCV,ln(kobs)_MeCN = -29.38 + 6.36*kobs_toluene + 5.52*HOMO - 27.22*Ar_NBO_-O + 12.31*Ar_NBO_C1_x
indigo_aryl_alkyl,ln(kobs)_MeCN,5,ln(kobs)_toluene|Ar_NBO_-O|Ar_NBO_C1_x|L_C1-C2|Energy_C1-O,0.9541149602373253,0.8048273745215008,0.11553108319533259,LOOCV,ln(kobs)_MeCN = 1.82 + 0.95*ln(kobs)_toluene - 12.44*Ar_NBO_-O + 8.45*Ar_NBO_C1_x - 10.58*L_C1-C2 + 0.78*Energy_C1-O
indigo_aryl_alkyl,ln(kobs)_MeCN,5,kobs_MeCN|ln(kobs)_toluene|Entry|Ster_B1|Energy_C1-O,0.9681013855565433,0.8047768017108222,0.09632725813809916,LOOCV,ln(kobs)_MeCN = 0.40 + 2.14*kobs_MeCN + 0.51*ln(kobs)_toluene + 0.00*Entry + 0.27*Ster_B1 + 1.66*Energy_C1-O
indigo_aryl_alkyl,ln(kobs)_MeCN,4,kobs_toluene|Ar_v_C=O|Ar_NBO_C1_x|Ar_I_C=O,0.8853205023176827,0.8047479930588209,0.1826443238898877,LOOCV,ln(kobs)_MeCN = 37.47 + 6.01*kobs_toluene - 0.03*Ar_v_C=O + 21.74*Ar_NBO_C1_x + 0.00*Ar_I_C=O
indigo_aryl_alkyl,ln(kobs)_MeCN,5,kobs_MeCN|ln(kobs)_toluene|Ster_L|Entry|Energy_C1-O,0.9677131202418496,0.804044410672252,0.0969117257205066,LOOCV,ln(kobs)_MeCN = -0.01 + 2.15*kobs_MeCN + 0.50*ln(kobs)_toluene + 0.02*Ster_L + 0.00*Entry + 0.99*Energy_C1-O
indigo_aryl_alkyl,ln(kobs)_MeCN,5,ln(kobs)_toluene|Ar_NBO_=O|Ar_NBO_-O|Ster_L|Energy_C1-O,0.9536157264778566,0.803476425674225,0.11615787770263716,LOOCV,ln(kobs)_MeCN = -13.21 + 0.96*ln(kobs)_toluene - 8.33*Ar_NBO_=O - 14.01*Ar_NBO_-O - 0.02*Ster_L + 0.59*Energy_C1-O
indigo_aryl_alkyl,ln(kobs)_MeCN,4,kobs_MeCN|Ster_B1|Ster_B5|Occupancy_C1-O,0.9338466272763204,0.8023827423132928,0.1387200652685328,LOOCV,ln(kobs)_MeCN = -19.70 + 3.92*kobs_MeCN - 0.02*Ster_B1 + 0.02*Ster_B5 + 8.59*Occupancy_C1-O
indigo_aryl_alkyl,ln(kobs)_MeCN,5,ln(kobs)_toluene|HOMO|Ster_L|Occupancy_C1-O|Energy_C1-O,0.960113371906594,0.8023790402504322,0.10771518977129459,LOOCV,ln(kobs)_MeCN = -87.07 + 0.97*ln(kobs)_toluene + 4.80*HOMO + 0.00*Ster_L + 45.53*Occupancy_C1-O + 1.34*Energy_C1-O
indigo_aryl_alkyl,ln(kobs)_MeCN,4,ln(kobs)_toluene|polarizability|Ster_B5|Occupancy_C1-O,0.915159338047279,0.8018540414568093,0.15709606731200226,LOOCV,ln(kobs)_MeCN = -7.22 + 1.06*ln(kobs)_toluene - 0.00*polarizability - 0.00*Ster_B5 + 4.16*Occupancy_C1-O
indigo_aryl_alkyl,ln(kobs)_MeCN,3,kobs_toluene|HOMO|Ar_NBO_C1_x,0.8786281590512448,0.8015072731615752,0.1878980437882349,LOOCV,ln(kobs)_MeCN = -12.93 + 6.34*kobs_toluene + 8.15*HOMO + 16.60*Ar_NBO_C1_x
indigo_aryl_alkyl,ln(kobs)_MeCN,5,ln(kobs)_toluene|Ar_NBO_=O|HOMO|Ar_v_C=O|L_C1-C2,0.9558751373812258,0.8013778658103268,0.11329349436157353,LOOCV,ln(kobs)_MeCN = -90.16 + 0.97*ln(kobs)_toluene - 30.68*Ar_NBO_=O + 4.49*HOMO + 0.07*Ar_v_C=O - 34.97*L_C1-C2
indigo_aryl_alkyl,ln(kobs)_MeCN,4,ln(kobs)_toluene|Ar_NBO_=O|Entry|Energy_C1-O,0.9514154749086987,0.8013257390278661,0.11888095082514558,LOOCV,ln(kobs)_MeCN = -5.71 + 0.96*ln(kobs)_toluene - 12.39*Ar_NBO_=O - 0.00*Entry + 0.82*Energy_C1-O
indigo_aryl_alkyl,ln(kobs)_MeCN,4,kobs_toluene|HOMO|Ster_B5|Energy_C1-O,0.910966150496949,0.8012075335278788,0.16093142786388206,LOOCV,ln(kobs)_MeCN = 2.00 + 8.63*kobs_toluene + 7.45*HOMO - 0.01*Ster_B5 + 1.87*Energy_C1-O
indigo_aryl_alkyl,ln(kobs)_MeCN,5,ln(kobs)_toluene|Ar_NBO_=O|HOMO|L_C1-C2|Energy_C1-O,0.9592951307526736,0.8010947271450728,0.10881442488728207,LOOCV,ln(kobs)_MeCN = 3.70 + 0.93*ln(kobs)_toluene - 4.01*Ar_NBO_=O + 3.83*HOMO - 2.06*L_C1-C2 + 1.05*Energy_C1-O
indigo_aryl_alkyl,ln(kobs)_MeCN,4,ln(kobs)_toluene|Ar_v_C=O|Ar_NBO_C1_x|Energy_C1-O,0.9510256140183454,0.8006152760701035,0.11935697099646637,LOOCV,ln(kobs)_MeCN = 28.29 + 0.90*ln(kobs)_toluene - 0.02*Ar_v_C=O + 8.68*Ar_NBO_C1_x + 0.88*Energy_C1-O
indigo_aryl_alkyl,ln(kobs)_MeCN,4,kobs_MeCN|ln(kobs)_toluene|Occupancy_C1-O|Energy_C1-O,0.9672682360098469,0.8006126153615714,0.09757711974002099,LOOCV,ln(kobs)_MeCN = -85.79 + 1.97*kobs_MeCN + 0.62*ln(kobs)_toluene + 43.24*Occupancy_C1-O + 0.91*Energy_C1-O
indigo_aryl_alkyl,ln(kobs)_MeCN,3,kobs_MeCN|ln(kobs)_toluene|Energy_C1-O,0.9643971693945131,0.8002182190283906,0.1017666674685498,LOOCV,ln(kobs)_MeCN = 0.25 + 1.96*kobs_MeCN + 0.60*ln(kobs)_toluene + 0.78*Energy_C1-O
indigo_aryl_alkyl,ln(kobs)_MeCN,5,kobs_MeCN|Ar_I_C=O|Ster_B1|Ster_B5|Energy_C1-O,0.9514741493658412,0.80016499589883,0.11880914419036624,LOOCV,ln(kobs)_MeCN = -0.98 + 3.88*kobs_MeCN - 0.00*Ar_I_C=O + 0.48*Ster_B1 + 0.04*Ster_B5 + 2.32*Energy_C1-O
indigo_aryl_alkyl,ln(kobs)_MeCN,4,kobs_MeCN|HOMO|Ster_B1|Occupancy_C1-O,0.939404724147395,0.8001439506415631,0.13276471651041621,LOOCV,ln(kobs)_MeCN = -28.10 + 3.54*kobs_MeCN + 3.61*HOMO + 0.04*Ster_B1 + 13.42*Occupancy_C1-O
indigo_aryl_alkyl,ln(kobs)_MeCN,5,ln(kobs)_toluene|Ar_NBO_=O|Entry|polarizability|Energy_C1-O,0.9516625805718895,0.8001092966668659,0.11857824534500737,LOOCV,ln(kobs)_MeCN = -6.69 + 0.95*ln(kobs)_toluene - 13.78*Ar_NBO_=O - 0.00*Entry - 0.00*polarizability + 0.68*Energy_C1-O
indigo_aryl_alkyl,ln(kobs)_MeCN,4,kobs_toluene|HOMO|Occupancy_C1-O|Energy_C1-O,0.9172943760512855,0.7993043533002082,0.15510679006885583,LOOCV,ln(kobs)_MeCN = -136.99 + 9.30*kobs_toluene + 6.54*HOMO + 69.73*Occupancy_C1-O + 2.31*Energy_C1-O
indigo_aryl_alkyl,ln(kobs)_MeCN,4,ln(kobs)_toluene|Ar_NBO_=O|L_C1-C2|Ster_B1,0.9461480922029579,0.7992280890568165,0.12515950469135023,LOOCV,ln(kobs)_MeCN = -0.99 + 0.94*ln(kobs)_toluene - 11.96*Ar_NBO_=O - 3.42*L_C1-C2 - 0.18*Ster_B1
indigo_aryl_alkyl,ln(kobs)_MeCN,4,kobs_toluene|HOMO|Ar_NBO_C1_x|L_C1-C2,0.8957116392297526,0.799211215360698,0.1741731513162915,LOOCV,ln(kobs)_MeCN = 5.52 + 5.91*kobs_toluene + 6.54*HOMO + 25.36*Ar_NBO_C1_x - 17.48*L_C1-C2
indigo_aryl_alkyl,ln(kobs)_MeCN,5,ln(kobs)_toluene|Ar_NBO_-O|Entry|L_C1-C2|Energy_C1-O,0.9533740319801617,0.7980498648290126,0.11646011637664888,LOOCV,ln(kobs)_MeCN = -2.56 + 1.02*ln(kobs)_toluene - 18.32*Ar_NBO_-O - 0.01*Entry - 5.71*L_C1-C2 + 0.74*Energy_C1-O
indigo_aryl_alkyl,ln(kobs)_MeCN,4,kobs_toluene|Ar_v_C=O|Ar_NBO_C1_x|Energy_C1-O,0.9083902322566998,0.7979547413075887,0.1632428543979263,LOOCV,ln(kobs)_MeCN = 35.98 + 7.76*kobs_toluene - 0.03*Ar_v_C=O + 15.80*Ar_NBO_C1_x + 1.49*Energy_C1-O
indigo_aryl_alkyl,ln(kobs)_MeCN,5,ln(kobs)_toluene|kobs_toluene|Ar_NBO_-O|Ar_I_C=O|Energy_C1-O,0.9555417089158863,0.7976866765518362,0.11372073855095544,LOOCV,ln(kobs)_MeCN = -11.18 + 0.98*ln(kobs)_toluene - 0.02*kobs_toluene - 18.07*Ar_NBO_-O + 0.00*Ar_I_C=O + 0.86*Energy_C1-O
indigo_aryl_alkyl,ln(kobs)_MeCN,4,kobs_MeCN|LUMO|L_C1-C2|Occupancy_C1-O,0.9307260939382687,0.7975246094229163,0.14195416099606634,LOOCV,ln(kobs)_MeCN = -21.64 + 3.81*kobs_MeCN + 2.07*LUMO - 0.28*L_C1-C2 + 9.86*Occupancy_C1-O
indigo_aryl_alkyl,ln(kobs)_MeCN,5,ln(kobs)_toluene|Ar_NBO_=O|HOMO|polarizability|L_C1-C2,0.9650711867519955,0.7969307745203167,0.10079876337475713,LOOCV,ln(kobs)_MeCN = -13.02 + 0.82*ln(kobs)_toluene - 13.12*Ar_NBO_=O + 6.29*HOMO - 0.00*polarizability + 5.31*L_C1-C2
indigo_aryl_alkyl,ln(kobs)_MeCN,4,ln(kobs)_toluene|kobs_toluene|Ster_L|Occupancy_C1-O,0.921301012416722,0.7968557277226547,0.1513031123725932,LOOCV,ln(kobs)_MeCN = 30.65 + 1.34*ln(kobs)_toluene - 2.71*kobs_toluene - 0.02*Ster_L - 14.30*Occupancy_C1-O
indigo_aryl_alkyl,ln(kobs)_MeCN,5,ln(kobs)_toluene|Ar_NBO_=O|polarizability|Ster_B5|Energy_C1-O,0.9519875307992605,0.7967062439320143,0.11817899973876107,LOOCV,ln(kobs)_MeCN = -8.76 + 0.92*ln(kobs)_toluene - 16.75*Ar_NBO_=O - 0.00*polarizability + 0.02*Ster_B5 + 0.48*Energy_C1-O
indigo_aryl_alkyl,ln(kobs)_MeCN,4,kobs_MeCN|kobs_toluene|Ster_B1|Energy_C1-O,0.936170198909219,0.7966320562139646,0.1362620864396891,LOOCV,ln(kobs)_MeCN = -1.60 + 3.77*kobs_MeCN + 0.39*kobs_toluene + 0.37*Ster_B1 + 1.49*Energy_C1-O
indigo_aryl_alkyl,ln(kobs)_MeCN,5,ln(kobs)_toluene|Ar_NBO_=O|LUMO|Ar_NBO_C1_x|Energy_C1-O,0.9588027584827671,0.7959354884837558,0.1094705645510175,LOOCV,ln(kobs)_MeCN = -9.36 + 0.87*ln(kobs)_toluene - 5.54*Ar_NBO_=O + 5.00*LUMO + 9.56*Ar_NBO_C1_x + 0.80*Energy_C1-O
indigo_aryl_alkyl,ln(kobs)_MeCN,5,ln(kobs)_toluene|Ar_NBO_-O|Ster_L|polarizability|Energy_C1-O,0.9548730103618664,0.7957859542210011,0.11457278519568113,LOOCV,ln(kobs)_MeCN = -15.51 + 1.01*ln(kobs)_toluene - 25.11*Ar_NBO_-O - 0.04*Ster_L + 0.00*polarizability + 0.92*Energy_C1-O
indigo_aryl_alkyl,ln(kobs)_MeCN,5,ln(kobs)_toluene|Ar_NBO_C1_x|L_C1-C2|Ster_B1|Energy_C1-O,0.9519728728097849,0.7955844124928362,0.11819703811889581,LOOCV,ln(kobs)_MeCN = 16.22 + 0.97*ln(kobs)_toluene + 13.12*Ar_NBO_C1_x - 16.90*L_C1-C2 - 0.03*Ster_B1 + 0.74*Energy_C1-O
indigo_aryl_alkyl,ln(kobs)_MeCN,4,kobs_toluene|Ar_v_C=O|Ar_NBO_C1_x|L_C1-C2,0.8822562853984943,0.794928936479375,0.18506835106414243,LOOCV,ln(kobs)_MeCN = 47.55 + 5.93*kobs_toluene - 0.04*Ar_v_C=O + 19.47*Ar_NBO_C1_x + 5.34*L_C1-C2
indigo_aryl_alkyl,ln(kobs)_MeCN,4,kobs_toluene|HOMO|Ar_NBO_C1_x|Ar_I_C=O,0.8793889853937378,0.7943713993630497,0.1873081931276112,LOOCV,ln(kobs)_MeCN = -13.62 + 6.36*kobs_toluene + 7.56*HOMO + 17.05*Ar_NBO_C1_x + 0.00*Ar_I_C=O
indigo_aryl_alkyl,ln(kobs)_MeCN,5,ln(kobs)_toluene|Ar_NBO_-O|Ster_L|Ster_B5|Energy_C1-O,0.9555789639672876,0.793905444884941,0.11367308084990715,LOOCV,ln(kobs)_MeCN = -19.15 + 0.99*ln(kobs)_toluene - 29.88*Ar_NBO_-O - 0.03*Ster_L + 0.02*Ster_B5 + 0.72*Energy_C1-O
indigo_aryl_alkyl,ln(kobs)_MeCN,4,kobs_MeCN|L_C1-C2|Occupancy_C1-O|Energy_C1-O,0.930034502362102,0.7932266101450709,0.14266099632445997,LOOCV,ln(kobs)_MeCN = -43.95 + 3.99*kobs_MeCN - 3.12*L_C1-C2 + 23.23*Occupancy_C1-O + 0.24*Energy_C1-O
indigo_aryl_alkyl,ln(kobs)_MeCN,4,kobs_MeCN|ln(kobs)_toluene|Ar_NBO_C1_x|Energy_C1-O,0.9643972899312704,0.792148726385272,0.10176649519805527,LOOCV,ln(kobs)_MeCN = 0.28 + 1.96*kobs_MeCN + 0.60*ln(kobs)_toluene - 0.04*Ar_NBO_C1_x + 0.78*Energy_C1-O
indigo_aryl_alkyl,ln(kobs)_MeCN,4,ln(kobs)_toluene|Ar_NBO_=O|LUMO|Energy_C1-O,0.9536428125132093,0.7919178644454612,0.11612395763026966,LOOCV,ln(kobs)_MeCN = -3.60 + 0.94*ln(kobs)_toluene - 9.01*Ar_NBO_=O + 2.52*LUMO + 0.89*Energy_C1-O
indigo_aryl_alkyl,ln(kobs)_MeCN,4,kobs_MeCN|kobs_toluene|Ster_B5|Energy_C1-O,0.9394003677976991,0.791886319662257,0.13276948882252734,LOOCV,ln(kobs)_MeCN = -1.81 + 3.63*kobs_MeCN + 0.92*kobs_toluene + 0.03*Ster_B5 + 0.81*Energy_C1-O
indigo_aryl_alkyl,ln(kobs)_MeCN,3,kobs_toluene|HOMO|Energy_C1-O,0.9101842324043258,0.7916106580426694,0.16163655362864596,LOOCV,ln(kobs)_MeCN = 1.85 + 8.83*kobs_toluene + 6.63*HOMO + 2.03*Energy_C1-O
indigo_aryl_alkyl,ln(kobs)_MeCN,5,ln(kobs)_toluene|Ar_NBO_=O|Ar_v_C=O|Entry|Ar_I_C=O,0.9515736106290212,0.7913423020173126,0.11868732284397027,LOOCV,ln(kobs)_MeCN = -1.38 + 0.96*ln(kobs)_toluene - 8.89*Ar_NBO_=O - 0.00*Ar_v_C=O - 0.01*Entry + 0.00*Ar_I_C=O
indigo_aryl_alkyl,ln(kobs)_MeCN,4,kobs_toluene|LUMO|Ar_NBO_C1_x|L_C1-C2,0.8830899855101342,0.7912886660121632,0.18441198653077348,LOOCV,ln(kobs)_MeCN = -3.36 + 6.10*kobs_toluene + 7.68*LUMO + 30.43*Ar_NBO_C1_x - 15.41*L_C1-C2
indigo_aryl_alkyl,ln(kobs)_MeCN,4,kobs_MeCN|LUMO|Entry|Energy_C1-O,0.9373280853197594,0.7910399466267141,0.13502051821740374,LOOCV,ln(kobs)_MeCN = -2.07 + 3.76*kobs_MeCN + 1.27*LUMO + 0.01*Entry + 0.40*Energy_C1-O
indigo_aryl_alkyl,ln(kobs)_MeCN,5,ln(kobs)_toluene|Ar_v_C=O|Ar_NBO_C1_x|Ster_B1|Energy_C1-O,0.9512070813416157,0.7909122666650585,0.11913563599881018,LOOCV,ln(kobs)_MeCN = 28.27 + 0.90*ln(kobs)_toluene - 0.02*Ar_v_C=O + 8.30*Ar_NBO_C1_x + 0.06*Ster_B1 + 1.08*Energy_C1-O
indigo_aryl_alkyl,ln(kobs)_MeCN,4,kobs_toluene|Ar_v_C=O|Ar_NBO_-O|Ar_NBO_C1_x,0.884315050779424,0.7905398469184786,0.1834432428747581,LOOCV,ln(kobs)_MeCN = 17.40 + 6.41*kobs_toluene - 0.02*Ar_v_C=O - 16.34*Ar_NBO_-O + 16.80*Ar_NBO_C1_x
indigo_aryl_alkyl,ln(kobs)_MeCN,4,kobs_MeCN|L_C1-C2|Ster_B1|Occupancy_C1-O,0.9294603033125406,0.7903610721421183,0.14324520160364176,LOOCV,ln(kobs)_MeCN = -26.89 + 3.92*kobs_MeCN - 3.64*L_C1-C2 + 0.04*Ster_B1 + 14.90*Occupancy_C1-O
indigo_aryl_alkyl,ln(kobs)_MeCN,4,kobs_toluene|Ar_NBO_-O|Ar_NBO_C1_x|Ar_I_C=O,0.8790063176314503,0.790178381602977,0.18760509820027038,LOOCV,ln(kobs)_MeCN = -36.99 + 7.35*kobs_toluene - 37.54*Ar_NBO_-O + 10.16*Ar_NBO_C1_x + 0.00*Ar_I_C=O
indigo_aryl_alkyl,ln(kobs)_MeCN,5,ln(kobs)_toluene|HOMO|Ar_v_C=O|LUMO|Energy_C1-O,0.9609199917205908,0.7901185169694765,0.10662047488977794,LOOCV,ln(kobs)_MeCN = -1.78 + 0.93*ln(kobs)_toluene + 4.42*HOMO + 0.00*Ar_v_C=O + 2.66*LUMO + 1.11*Energy_C1-O
indigo_aryl_alkyl,ln(kobs)_MeCN,5,ln(kobs)_toluene|kobs_toluene|HOMO|LUMO|Energy_C1-O,0.9607745703098562,0.7900301978915154,0.10681866449398586,LOOCV,ln(kobs)_MeCN = 3.35 + 0.96*ln(kobs)_toluene - 0.38*kobs_toluene + 4.07*HOMO + 2.45*LUMO + 1.05*Energy_C1-O
indigo_aryl_alkyl,ln(kobs)_MeCN,4,kobs_toluene|Ar_NBO_-O|Ar_I_C=O|Energy_C1-O,0.9018435654774696,0.7899785942993548,0.1689750860477954,LOOCV,ln(kobs)_MeCN = -22.14 + 9.19*kobs_toluene - 30.31*Ar_NBO_-O + 0.00*Ar_I_C=O + 1.61*Energy_C1-O
indigo_aryl_alkyl,ln(kobs)_MeCN,4,ln(kobs)_toluene|Ar_NBO_=O|polarizability|Energy_C1-O,0.9508748796897489,0.7898404423247025,0.11954050949702272,LOOCV,ln(kobs)_MeCN = -6.99 + 0.94*ln(kobs)_toluene - 14.17*Ar_NBO_=O - 0.00*polarizability + 0.68*Energy_C1-O
indigo_aryl_alkyl,ln(kobs)_MeCN,4,ln(kobs)_toluene|HOMO|Ar_v_C=O|Energy_C1-O,0.9577141059403418,0.7898351164252226,0.11090753368042393,LOOCV,ln(kobs)_MeCN = 7.24 + 0.94*ln(kobs)_toluene + 4.60*HOMO - 0.00*Ar_v_C=O + 1.14*Energy_C1-O
indigo_aryl_alkyl,ln(kobs)_MeCN,5,ln(kobs)_toluene|kobs_toluene|HOMO|Ar_NBO_C1_x|Energy_C1-O,0.9612684635562969,0.7895948901938818,0.10614404933909986,LOOCV,ln(kobs)_MeCN = -1.84 + 0.85*ln(kobs)_toluene + 0.48*kobs_toluene + 5.37*HOMO + 6.51*Ar_NBO_C1_x + 1.14*Energy_C1-O
indigo_aryl_alkyl,ln(kobs)_MeCN,5,ln(kobs)_toluene|HOMO|Ar_v_C=O|Ster_L|Energy_C1-O,0.9580896084551805,0.7895470221095464,0.11041400118317624,LOOCV,ln(kobs)_MeCN = 7.28 + 0.95*ln(kobs)_toluene + 4.78*HOMO - 0.00*Ar_v_C=O - 0.01*Ster_L + 1.07*Energy_C1-O
indigo_aryl_alkyl,ln(kobs)_MeCN,5,ln(kobs)_toluene|Ar_v_C=O|Ar_NBO_-O|Entry|Energy_C1-O,0.9525544769149397,0.7891814889845851,0.11747918055662897,LOOCV,ln(kobs)_MeCN = 1.49 + 0.99*ln(kobs)_toluene - 0.01*Ar_v_C=O - 17.23*Ar_NBO_-O - 0.00*Entry + 0.77*Energy_C1-O
indigo_aryl_alkyl,ln(kobs)_MeCN,5,ln(kobs)_toluene|Ar_NBO_=O|HOMO|Ar_v_C=O|Ster_L,0.9578955404085254,0.7887369746045605,0.11066934455228092,LOOCV,ln(kobs)_MeCN = -42.45 + 0.89*ln(kobs)_toluene - 22.60*Ar_NBO_=O + 3.85*HOMO + 0.02*Ar_v_C=O - 0.05*Ster_L
indigo_aryl_alkyl,ln(kobs)_MeCN,5,ln(kobs)_toluene|Ar_NBO_=O|Entry|Ster_B5|Energy_C1-O,0.9515490303819973,0.7885420181242262,0.11871744065419051,LOOCV,ln(kobs)_MeCN = -5.46 + 0.97*ln(kobs)_toluene - 12.05*Ar_NBO_=O - 0.00*Entry + 0.00*Ster_B5 + 0.87*Energy_C1-O
indigo_aryl_alkyl,ln(kobs)_MeCN,3,kobs_toluene|Ar_NBO_-O|Ar_NBO_C1_x,0.8750305477788859,0.7880714091916002,0.1906624731519001,LOOCV,ln(kobs)_MeCN = -38.71 + 7.54*kobs_toluene - 42.79*Ar_NBO_-O + 8.04*Ar_NBO_C1_x
indigo_aryl_alkyl,ln(kobs)_MeCN,5,ln(kobs)_toluene|Ar_NBO_-O|Ster_L|Ster_B1|Energy_C1-O,0.9527859240715493,0.7880519156971417,0.11719228875668448,LOOCV,ln(kobs)_MeCN = -17.17 + 0.99*ln(kobs)_toluene - 27.13*Ar_NBO_-O - 0.02*Ster_L + 0.11*Ster_B1 + 0.92*Energy_C1-O
indigo_aryl_alkyl,ln(kobs)_MeCN,5,ln(kobs)_toluene|Ar_NBO_=O|Entry|Ster_B1|Energy_C1-O,0.951609597733455,0.7879499968900308,0.11864321459070892,LOOCV,ln(kobs)_MeCN = -5.55 + 0.96*ln(kobs)_toluene - 12.26*Ar_NBO_=O - 0.00*Entry + 0.06*Ster_B1 + 1.03*Energy_C1-O
indigo_aryl_alkyl,ln(kobs)_MeCN,4,kobs_MeCN|kobs_toluene|Ar_I_C=O|Energy_C1-O,0.9298021849378354,0.7879297843172002,0.14289764988754322,LOOCV,ln(kobs)_MeCN = -2.24 + 3.57*kobs_MeCN + 1.03*kobs_toluene + 0.00*Ar_I_C=O + 0.40*Energy_C1-O
indigo_aryl_alkyl,ln(kobs)_MeCN,4,ln(kobs)_toluene|Ar_NBO_-O|Ster_L|Energy_C1-O,0.9522406472574243,0.7876681819189393,0.11786707474111031,LOOCV,ln(kobs)_MeCN = -17.42 + 1.00*ln(kobs)_toluene - 27.27*Ar_NBO_-O - 0.02*Ster_L + 0.61*Energy_C1-O
indigo_aryl_alkyl,ln(kobs)_MeCN,5,kobs_MeCN|ln(kobs)_toluene|Ar_NBO_C1_x|Occupancy_C1-O|Energy_C1-O,0.9675504848366738,0.7868742178434275,0.09715550089420569,LOOCV,ln(kobs)_MeCN = -95.95 + 1.94*kobs_MeCN + 0.61*ln(kobs)_toluene + 1.87*Ar_NBO_C1_x + 47.58*Occupancy_C1-O + 0.91*Energy_C1-O
indigo_aryl_alkyl,ln(kobs)_MeCN,5,ln(kobs)_toluene|Ar_NBO_=O|LUMO|Ster_B1|Energy_C1-O,0.9541227232994891,0.7867699984233448,0.11552130971662364,LOOCV,ln(kobs)_MeCN = -3.36 + 0.93*ln(kobs)_toluene - 8.83*Ar_NBO_=O + 2.52*LUMO + 0.09*Ster_B1 + 1.19*Energy_C1-O
indigo_aryl_alkyl,ln(kobs)_MeCN,5,ln(kobs)_toluene|Ar_NBO_-O|Ar_NBO_C1_x|Ster_L|Energy_C1-O,0.953495991200138,0.7867697826340035,0.11630770468799015,LOOCV,ln(kobs)_MeCN = -21.63 + 0.98*ln(kobs)_toluene - 28.32*Ar_NBO_-O + 4.18*Ar_NBO_C1_x - 0.03*Ster_L + 0.48*Energy_C1-O
indigo_aryl_alkyl,ln(kobs)_MeCN,5,ln(kobs)_toluene|kobs_toluene|HOMO|polarizability|Energy_C1-O,0.9604570174629822,0.7866464843091091,0.10725017277879083,LOOCV,ln(kobs)_MeCN = 3.91 + 1.02*ln(kobs)_toluene - 0.94*kobs_toluene + 6.76*HOMO - 0.00*polarizability + 0.57*Energy_C1-O
indigo_aryl_alkyl,ln(kobs)_MeCN,4,kobs_toluene|Ar_v_C=O|LUMO|Ar_NBO_C1_x,0.8965850525594311,0.7865608410749012,0.17344226915881705,LOOCV,ln(kobs)_MeCN = 22.88 + 5.35*kobs_toluene - 0.02*Ar_v_C=O + 6.16*LUMO + 26.15*Ar_NBO_C1_x
indigo_aryl_alkyl,ln(kobs)_MeCN,5,ln(kobs)_toluene|kobs_toluene|Ar_NBO_=O|Ar_I_C=O|Energy_C1-O,0.9548661748185688,0.7862535876129679,0.11458146223779259,LOOCV,ln(kobs)_MeCN = -4.09 + 0.96*ln(kobs)_toluene - 0.05*kobs_toluene - 9.30*Ar_NBO_=O + 0.00*Ar_I_C=O + 0.92*Energy_C1-O
indigo_aryl_alkyl,ln(kobs)_MeCN,5,ln(kobs)_toluene|HOMO|Ar_v_C=O|Ar_I_C=O|Energy_C1-O,0.9585467874791281,0.7862105909866078,0.10981012489222937,LOOCV,ln(kobs)_MeCN = 5.39 + 0.95*ln(kobs)_toluene + 4.04*HOMO - 0.00*Ar_v_C=O + 0.00*Ar_I_C=O + 1.13*Energy_C1-O
indigo_aryl_alkyl,ln(kobs)_MeCN,4,ln(kobs)_toluene|Ar_v_C=O|Entry|Energy_C1-O,0.9484523185141731,0.7859895867622495,0.12245255668754834,LOOCV,ln(kobs)_MeCN = 30.40 + 1.01*ln(kobs)_toluene - 0.02*Ar_v_C=O - 0.01*Entry + 0.89*Energy_C1-O
indigo_aryl_alkyl,ln(kobs)_MeCN,3,kobs_toluene|Ar_NBO_=O|Energy_C1-O,0.9051089619899384,0.7859175850469539,0.16614064329611383,LOOCV,ln(kobs)_MeCN = -11.84 + 8.55*kobs_toluene - 18.62*Ar_NBO_=O + 1.60*Energy_C1-O
indigo_aryl_alkyl,ln(kobs)_MeCN,5,ln(kobs)_toluene|kobs_toluene|HOMO|Occupancy_C1-O|Energy_C1-O,0.9604648666926915,0.7856298793877424,0.10723952774181798,LOOCV,ln(kobs)_MeCN = -85.27 + 0.89*ln(kobs)_toluene + 0.93*kobs_toluene + 4.92*HOMO + 44.55*Occupancy_C1-O + 1.40*Energy_C1-O
indigo_aryl_alkyl,ln(kobs)_MeCN,4,kobs_toluene|HOMO|Entry|Energy_C1-O,0.9104590085772748,0.7852947806343836,0.16138911436462758,LOOCV,ln(kobs)_MeCN = 1.88 + 8.87*kobs_toluene + 6.80*HOMO - 0.00*Entry + 2.00*Energy_C1-O
indigo_aryl_alkyl,ln(kobs)_MeCN,5,ln(kobs)_toluene|LUMO|Ar_NBO_C1_x|polarizability|Energy_C1-O,0.9596425333006711,0.7850635784411414,0.10834908237472803,LOOCV,ln(kobs)_MeCN = -6.51 + 0.89*ln(kobs)_toluene + 6.36*LUMO + 10.66*Ar_NBO_C1_x + 0.00*polarizability + 1.18*Energy_C1-O
indigo_aryl_alkyl,ln(kobs)_MeCN,5,ln(kobs)_toluene|LUMO|Ster_L|Ar_I_C=O|Energy_C1-O,0.9541281784568166,0.7846230205109139,0.11551444133101824,LOOCV,ln(kobs)_MeCN = 1.84 + 0.97*ln(kobs)_toluene + 3.70*LUMO + 0.02*Ster_L + 0.00*Ar_I_C=O + 1.18*Energy_C1-O
indigo_aryl_alkyl,ln(kobs)_MeCN,4,kobs_toluene|Ar_NBO_=O|Ster_B1|Energy_C1-O,0.908118460814787,0.7840313407618327,0.1634848149027113,LOOCV,ln(kobs)_MeCN = -11.06 + 8.47*kobs_toluene - 17.94*Ar_NBO_=O + 0.24*Ster_B1 + 2.35*Energy_C1-O
indigo_aryl_alkyl,ln(kobs)_MeCN,5,ln(kobs)_toluene|Ar_NBO_-O|LUMO|Ar_NBO_C1_x|Energy_C1-O,0.9582969762458944,0.7839068288792896,0.1101405045752709,LOOCV,ln(kobs)_MeCN = -12.41 + 0.90*ln(kobs)_toluene - 9.44*Ar_NBO_-O + 5.07*LUMO + 9.33*Ar_NBO_C1_x + 0.78*Energy_C1-O
indigo_aryl_alkyl,ln(kobs)_MeCN,3,kobs_MeCN|Entry|Energy_C1-O,0.9364088245366899,0.7839012334050331,0.1360071422607094,LOOCV,ln(kobs)_MeCN = -2.11 + 3.85*kobs_MeCN + 0.01*Entry + 0.44*Energy_C1-O
indigo_aryl_alkyl,ln(kobs)_MeCN,4,kobs_toluene|Ar_v_C=O|Ar_NBO_C1_x|Occupancy_C1-O,0.894051062718163,0.783519283017125,0.175554348504446,LOOCV,ln(kobs)_MeCN = -139.33 + 5.87*kobs_toluene - 0.04*Ar_v_C=O + 26.35*Ar_NBO_C1_x + 94.27*Occupancy_C1-O
indigo_aryl_alkyl,ln(kobs)_MeCN,4,kobs_toluene|HOMO|Ster_L|Energy_C1-O,0.9155530774065369,0.7832688098633869,0.15673110765405618,LOOCV,ln(kobs)_MeCN = 1.62 + 8.74*kobs_toluene + 5.76*HOMO + 0.03*Ster_L + 2.30*Energy_C1-O
indigo_aryl_alkyl,ln(kobs)_MeCN,5,ln(kobs)_toluene|Ar_NBO_-O|Entry|Ster_B5|Energy_C1-O,0.9540824751373295,0.7831594287139726,0.11557197206442411,LOOCV,ln(kobs)_MeCN = -14.84 + 1.00*ln(kobs)_toluene - 23.84*Ar_NBO_-O - 0.00*Entry + 0.02*Ster_B5 + 0.92*Energy_C1-O
indigo_aryl_alkyl,ln(kobs)_MeCN,4,kobs_toluene|HOMO|Ar_NBO_C1_x|Ster_L,0.8911394699311188,0.7829203652648613,0.17795021266556127,LOOCV,ln(kobs)_MeCN = -16.62 + 6.46*kobs_toluene + 9.60*HOMO + 22.22*Ar_NBO_C1_x - 0.04*Ster_L
indigo_aryl_alkyl,ln(kobs)_MeCN,5,ln(kobs)_toluene|Ar_v_C=O|Ar_NBO_C1_x|polarizability|Energy_C1-O,0.9510392083214461,0.7828619556930854,0.11934040430121806,LOOCV,ln(kobs)_MeCN = 28.73 + 0.90*ln(kobs)_toluene - 0.02*Ar_v_C=O + 8.88*Ar_NBO_C1_x - 0.00*polarizability + 0.85*Energy_C1-O
indigo_aryl_alkyl,ln(kobs)_MeCN,3,ln(kobs)_toluene|Ar_NBO_=O|Energy_C1-O,0.9504086924200392,0.7828467381512019,0.12010637757626653,LOOCV,ln(kobs)_MeCN = -5.66 + 0.95*ln(kobs)_toluene - 12.29*Ar_NBO_=O + 0.89*Energy_C1-O
indigo_aryl_alkyl,ln(kobs)_MeCN,5,kobs_MeCN|ln(kobs)_toluene|Entry|Occupancy_C1-O|Energy_C1-O,0.9673569872596457,0.7828246958810738,0.09744474114744756,LOOCV,ln(kobs)_MeCN = -84.00 + 2.00*kobs_MeCN + 0.60*ln(kobs)_toluene + 0.00*Entry + 42.32*Occupancy_C1-O + 0.92*Energy_C1-O
indigo_aryl_alkyl,ln(kobs)_MeCN,5,ln(kobs)_toluene|Ar_NBO_=O|polarizability|Ster_B1|Energy_C1-O,0.9512949364357087,0.7826954535493194,0.11902833161386499,LOOCV,ln(kobs)_MeCN = -6.66 + 0.93*ln(kobs)_toluene - 13.87*Ar_NBO_=O - 0.00*polarizability + 0.09*Ster_B1 + 0.98*Energy_C1-O
indigo_aryl_alkyl,ln(kobs)_MeCN,5,ln(kobs)_toluene|Ar_NBO_=O|Ar_v_C=O|polarizability|Occupancy_C1-O,0.9542743900507457,0.7820949906960627,0.1153301993505711,LOOCV,ln(kobs)_MeCN = -163.58 + 0.89*ln(kobs)_toluene - 27.59*Ar_NBO_=O + 0.01*Ar_v_C=O - 0.00*polarizability + 65.18*Occupancy_C1-O
indigo_aryl_alkyl,ln(kobs)_MeCN,5,ln(kobs)_toluene|Ar_v_C=O|Ar_NBO_-O|Ar_NBO_C1_x|Energy_C1-O,0.9524817834481718,0.781962040866016,0.1175691437368872,LOOCV,ln(kobs)_MeCN = 7.69 + 0.93*ln(kobs)_toluene - 0.01*Ar_v_C=O - 12.38*Ar_NBO_-O + 5.44*Ar_NBO_C1_x + 0.82*Energy_C1-O
indigo_aryl_alkyl,ln(kobs)_MeCN,3,kobs_toluene|HOMO|Ar_NBO_-O,0.8833033776608681,0.7815660782829009,0.18424360897976594,LOOCV,ln(kobs)_MeCN = -24.84 + 7.03*kobs_toluene + 4.34*HOMO - 34.24*Ar_NBO_-O
indigo_aryl_alkyl,ln(kobs)_MeCN,5,ln(kobs)_toluene|LUMO|Ar_I_C=O|Ster_B1|Energy_C1-O,0.9532395220826858,0.7812797271753387,0.11662798159578106,LOOCV,ln(kobs)_MeCN = 2.00 + 1.00*ln(kobs)_toluene + 2.90*LUMO + 0.00*Ar_I_C=O + 0.12*Ster_B1 + 1.43*Energy_C1-O
indigo_aryl_alkyl,ln(kobs)_MeCN,4,kobs_toluene|HOMO|Ar_NBO_-O|L_C1-C2,0.8862565294980964,0.7811415018530974,0.18189741474386356,LOOCV,ln(kobs)_MeCN = -37.70 + 6.96*kobs_toluene + 4.69*HOMO - 38.76*Ar_NBO_-O + 6.61*L_C1-C2
indigo_aryl_alkyl,ln(kobs)_MeCN,4,kobs_toluene|HOMO|Ster_L|polarizability,0.9020247679380273,0.7809712124992784,0.1688190451038368,LOOCV,ln(kobs)_MeCN = 1.64 + 6.47*kobs_toluene + 12.61*HOMO + 0.10*Ster_L - 0.00*polarizability
indigo_aryl_alkyl,ln(kobs)_MeCN,5,ln(kobs)_toluene|Ar_NBO_=O|Ar_NBO_-O|Entry|Energy_C1-O,0.9523486074930129,0.7805743332420653,0.11773377983894559,LOOCV,ln(kobs)_MeCN = -11.03 + 0.98*ln(kobs)_toluene - 6.40*Ar_NBO_=O - 12.68*Ar_NBO_-O - 0.00*Entry + 0.77*Energy_C1-O
indigo_aryl_alkyl,ln(kobs)_MeCN,4,kobs_MeCN|kobs_toluene|LUMO|Energy_C1-O,0.9313831304635074,0.7804108568625037,0.14127936665853733,LOOCV,ln(kobs)_MeCN = -2.06 + 3.59*kobs_MeCN + 0.67*kobs_toluene + 2.15*LUMO + 0.31*Energy_C1-O
indigo_aryl_alkyl,ln(kobs)_MeCN,5,ln(kobs)_toluene|Ar_NBO_-O|polarizability|Ster_B5|Energy_C1-O,0.9556684448365557,0.780342678267408,0.11355853271559362,LOOCV,ln(kobs)_MeCN = -25.05 + 0.95*ln(kobs)_toluene - 37.47*Ar_NBO_-O - 0.00*polarizability + 0.05*Ster_B5 + 0.35*Energy_C1-O
indigo_aryl_alkyl,ln(kobs)_MeCN,4,kobs_MeCN|ln(kobs)_toluene|Entry|Energy_C1-O,0.9646454781819681,0.780079742461734,0.10141116522667065,LOOCV,ln(kobs)_MeCN = 0.20 + 2.00*kobs_MeCN + 0.57*ln(kobs)_toluene + 0.00*Entry + 0.80*Energy_C1-O
indigo_aryl_alkyl,ln(kobs)_MeCN,5,ln(kobs)_toluene|Ar_v_C=O|LUMO|Ar_I_C=O|Energy_C1-O,0.9531409288803876,0.7798892079617186,0.11675087032455647,LOOCV,ln(kobs)_MeCN = 10.12 + 0.99*ln(kobs)_toluene - 0.00*Ar_v_C=O + 2.36*LUMO + 0.00*Ar_I_C=O + 1.02*Energy_C1-O
indigo_aryl_alkyl,ln(kobs)_MeCN,4,kobs_toluene|Ar_NBO_-O|Ar_NBO_C1_x|L_C1-C2,0.8769070821070222,0.7797020302305621,0.1892255701007788,LOOCV,ln(kobs)_MeCN = -25.08 + 7.35*kobs_toluene - 34.41*Ar_NBO_-O + 13.40*Ar_NBO_C1_x - 8.11*L_C1-C2
indigo_aryl_alkyl,ln(kobs)_MeCN,4,ln(kobs)_toluene|Ar_NBO_=O|Ster_B1|Energy_C1-O,0.9508971024262038,0.7792886101285519,0.11951346816133042,LOOCV,ln(kobs)_MeCN = -5.42 + 0.94*ln(kobs)_toluene - 12.11*Ar_NBO_=O + 0.10*Ster_B1 + 1.19*Energy_C1-O
indigo_aryl_alkyl,ln(kobs)_MeCN,5,ln(kobs)_toluene|Ar_NBO_=O|Ar_NBO_C1_x|polarizability|Energy_C1-O,0.9515902406300283,0.7792603619329959,0.11866694201643797,LOOCV,ln(kobs)_MeCN = -9.68 + 0.92*ln(kobs)_toluene - 14.61*Ar_NBO_=O + 2.87*Ar_NBO_C1_x - 0.00*polarizability + 0.60*Energy_C1-O
indigo_aryl_alkyl,ln(kobs)_MeCN,4,kobs_toluene|Ar_NBO_=O|Occupancy_C1-O|Energy_C1-O,0.9254884590161753,0.7792170570188702,0.14722279606403166,LOOCV,ln(kobs)_MeCN = -256.00 + 8.92*kobs_toluene - 22.01*Ar_NBO_=O + 121.60*Occupancy_C1-O + 1.97*Energy_C1-O
indigo_aryl_alkyl,ln(kobs)_MeCN,4,ln(kobs)_toluene|LUMO|Ar_I_C=O|Energy_C1-O,0.952440667153019,0.7786989758980045,0.11761999752236019,LOOCV,ln(kobs)_MeCN = 1.84 + 1.01*ln(kobs)_toluene + 2.96*LUMO + 0.00*Ar_I_C=O + 1.04*Energy_C1-O
indigo_aryl_alkyl,ln(kobs)_MeCN,4,kobs_toluene|Ar_NBO_=O|HOMO|Ar_NBO_C1_x,0.8926603890076751,0.778101220940054,0.17670274557164353,LOOCV,ln(kobs)_MeCN = -19.55 + 6.08*kobs_toluene - 14.52*Ar_NBO_=O + 4.65*HOMO + 12.66*Ar_NBO_C1_x
indigo_aryl_alkyl,ln(kobs)_MeCN,5,kobs_MeCN|ln(kobs)_toluene|Ar_NBO_=O|Ar_v_C=O|L_C1-C2,0.9680045747570181,0.7778363088407412,0.09647332175446031,LOOCV,ln(kobs)_MeCN = -36.18 + 1.79*kobs_MeCN + 0.53*ln(kobs)_toluene - 18.56*Ar_NBO_=O + 0.02*Ar_v_C=O - 12.18*L_C1-C2
indigo_aryl_alkyl,ln(kobs)_MeCN,4,kobs_toluene|Ar_NBO_=O|Ar_I_C=O|Energy_C1-O,0.9061489739967825,0.777674102580223,0.16522767868661747,LOOCV,ln(kobs)_MeCN = -11.19 + 8.56*kobs_toluene - 17.32*Ar_NBO_=O + 0.00*Ar_I_C=O + 1.61*Energy_C1-O
indigo_aryl_alkyl,ln(kobs)_MeCN,5,ln(kobs)_toluene|kobs_toluene|Ar_NBO_=O|HOMO|Energy_C1-O,0.9590776079633845,0.7775689658431597,0.10910478424529423,LOOCV,ln(kobs)_MeCN = 0.06 + 0.89*ln(kobs)_toluene + 0.35*kobs_toluene - 4.88*Ar_NBO_=O + 3.91*HOMO + 1.09*Energy_C1-O
indigo_aryl_alkyl,ln(kobs)_MeCN,5,ln(kobs)_toluene|Ar_v_C=O|Ar_NBO_C1_x|Ster_B5|Energy_C1-O,0.951347563201572,0.7771272642900546,0.11896400802295735,LOOCV,ln(kobs)_MeCN = 27.53 + 0.90*ln(kobs)_toluene - 0.02*Ar_v_C=O + 8.72*Ar_NBO_C1_x + 0.01*Ster_B5 + 0.96*Energy_C1-O
indigo_aryl_alkyl,ln(kobs)_MeCN,4,ln(kobs)_toluene|Ar_NBO_=O|Ar_v_C=O|polarizability,0.9484156080465295,0.7767572987319005,0.12249615215516227,LOOCV,ln(kobs)_MeCN = -21.22 + 0.89*ln(kobs)_toluene - 21.67*Ar_NBO_=O + 0.00*Ar_v_C=O - 0.00*polarizability
indigo_aryl_alkyl,ln(kobs)_MeCN,5,kobs_MeCN|ln(kobs)_toluene|Ar_NBO_=O|Ster_L|L_C1-C2,0.9676408041796178,0.7766828016385375,0.09702019632142889,LOOCV,ln(kobs)_MeCN = -10.03 + 1.74*kobs_MeCN + 0.50*ln(kobs)_toluene - 12.86*Ar_NBO_=O - 0.02*Ster_L + 1.15*L_C1-C2
indigo_aryl_alkyl,ln(kobs)_MeCN,4,ln(kobs)_toluene|Ar_NBO_-O|LUMO|Energy_C1-O,0.9538177197189821,0.7765240046679955,0.11590468082850974,LOOCV,ln(kobs)_MeCN = -10.25 + 0.97*ln(kobs)_toluene - 17.24*Ar_NBO_-O + 2.50*LUMO + 0.84*Energy_C1-O
indigo_aryl_alkyl,ln(kobs)_MeCN,4,kobs_toluene|Ar_NBO_=O|Ster_B5|Energy_C1-O,0.9081788275859974,0.7759546731901169,0.16343110078317477,LOOCV,ln(kobs)_MeCN = -10.45 + 8.73*kobs_toluene - 16.65*Ar_NBO_=O + 0.02*Ster_B5 + 1.89*Energy_C1-O
indigo_aryl_alkyl,ln(kobs)_MeCN,5,ln(kobs)_toluene|LUMO|Ar_I_C=O|Occupancy_C1-O|Energy_C1-O,0.95408109608791,0.7758401899723414,0.11557370754847744,LOOCV,ln(kobs)_MeCN = -65.52 + 1.03*ln(kobs)_toluene + 2.50*LUMO + 0.00*Ar_I_C=O + 33.85*Occupancy_C1-O + 1.16*Energy_C1-O
indigo_aryl_alkyl,ln(kobs)_MeCN,4,kobs_toluene|HOMO|Ar_NBO_C1_x|Entry,0.878629098651077,0.7758361715447576,0.18789731648068683,LOOCV,ln(kobs)_MeCN = -12.97 + 6.34*kobs_toluene + 8.14*HOMO + 16.64*Ar_NBO_C1_x + 0.00*Entry
indigo_aryl_alkyl,ln(kobs)_MeCN,5,ln(kobs)_toluene|HOMO|Ar_v_C=O|L_C1-C2|Energy_C1-O,0.9592642515334358,0.7757888768290623,0.10885569104943668,LOOCV,ln(kobs)_MeCN = -1.03 + 0.99*ln(kobs)_toluene + 5.28*HOMO + 0.01*Ar_v_C=O - 9.23*L_C1-C2 + 1.17*Energy_C1-O
indigo_aryl_alkyl,ln(kobs)_MeCN,3,kobs_toluene|Ar_NBO_-O|L_C1-C2,0.8699627946966364,0.775732950386657,0.19448992222914674,LOOCV,ln(kobs)_MeCN = -42.11 + 7.83*kobs_toluene - 48.59*Ar_NBO_-O + 3.89*L_C1-C2
indigo_aryl_alkyl,ln(kobs)_MeCN,3,kobs_toluene|Ar_NBO_-O|Ar_I_C=O,0.8701794096065653,0.7752700972108456,0.19432786485400988,LOOCV,ln(kobs)_MeCN = -32.53 + 7.77*kobs_toluene - 42.94*Ar_NBO_-O + 0.00*Ar_I_C=O
indigo_aryl_alkyl,ln(kobs)_MeCN,4,kobs_toluene|HOMO|LUMO|Energy_C1-O,0.9104478651959302,0.7751639932838514,0.16139915649431447,LOOCV,ln(kobs)_MeCN = 1.78 + 8.75*kobs_toluene + 6.42*HOMO + 0.70*LUMO + 2.00*Energy_C1-O
indigo_aryl_alkyl,ln(kobs)_MeCN,4,kobs_toluene|HOMO|Ar_v_C=O|Energy_C1-O,0.910536959023803,0.7748302931397774,0.16131884993881795,LOOCV,ln(kobs)_MeCN = 7.55 + 8.73*kobs_toluene + 6.15*HOMO - 0.00*Ar_v_C=O + 1.99*Energy_C1-O
indigo_aryl_alkyl,ln(kobs)_MeCN,4,kobs_toluene|HOMO|polarizability|Energy_C1-O,0.911492660546043,0.774770782696112,0.1604548807196792,LOOCV,ln(kobs)_MeCN = 1.69 + 9.07*kobs_toluene + 5.37*HOMO + 0.00*polarizability + 2.37*Energy_C1-O
indigo_aryl_alkyl,ln(kobs)_MeCN,4,ln(kobs)_toluene|kobs_toluene|polarizability|Occupancy_C1-O,0.9199775232636616,0.7735328123013141,0.15257004821088702,LOOCV,ln(kobs)_MeCN = 4.98 + 1.30*ln(kobs)_toluene - 2.49*kobs_toluene - 0.00*polarizability - 1.53*Occupancy_C1-O
indigo_aryl_alkyl,ln(kobs)_MeCN,4,ln(kobs)_toluene|Ar_NBO_-O|Entry|Energy_C1-O,0.9515010195143372,0.7735184444399665,0.11877624562845367,LOOCV,ln(kobs)_MeCN = -14.68 + 1.00*ln(kobs)_toluene - 23.46*Ar_NBO_-O - 0.00*Entry + 0.76*Energy_C1-O
indigo_aryl_alkyl,ln(kobs)_MeCN,4,kobs_toluene|Ar_v_C=O|Ar_NBO_C1_x|Entry,0.8827020737274425,0.7733069603108905,0.18471767608853526,LOOCV,ln(kobs)_MeCN = 42.95 + 5.79*kobs_toluene - 0.03*Ar_v_C=O + 22.63*Ar_NBO_C1_x + 0.00*Entry
indigo_aryl_alkyl,ln(kobs)_MeCN,4,kobs_toluene|Ar_NBO_=O|Ar_NBO_C1_x|Energy_C1-O,0.9089842087439355,0.7730942417256518,0.16271277937605413,LOOCV,ln(kobs)_MeCN = -16.78 + 8.24*kobs_toluene - 18.13*Ar_NBO_=O + 6.42*Ar_NBO_C1_x + 1.51*Energy_C1-O
indigo_aryl_alkyl,ln(kobs)_MeCN,4,kobs_toluene|Ar_v_C=O|Ar_NBO_C1_x|Ster_L,0.8891558570119917,0.7725968332087783,0.17956416237301936,LOOCV,ln(kobs)_MeCN = 47.97 + 6.17*kobs_toluene - 0.04*Ar_v_C=O + 25.70*Ar_NBO_C1_x - 0.03*Ster_L
indigo_aryl_alkyl,ln(kobs)_MeCN,4,kobs_toluene|HOMO|Ar_NBO_C1_x|Occupancy_C1-O,0.8811093286490174,0.7714861777572134,0.18596755392782913,LOOCV,ln(kobs)_MeCN = -95.82 + 6.39*kobs_toluene + 8.24*HOMO + 18.43*Ar_NBO_C1_x + 40.84*Occupancy_C1-O
indigo_aryl_alkyl,ln(kobs)_MeCN,3,kobs_toluene|HOMO|Ster_B5,0.8786482690579616,0.7713860618116012,0.18788247680240988,LOOCV,ln(kobs)_MeCN = 1.49 + 6.98*kobs_toluene + 10.99*HOMO - 0.06*Ster_B5
indigo_aryl_alkyl,ln(kobs)_MeCN,5,ln(kobs)_toluene|Ar_v_C=O|Ar_NBO_-O|Ster_L|Energy_C1-O,0.9523651542256744,0.771170001519772,0.11771333680018892,LOOCV,ln(kobs)_MeCN = -11.82 + 0.99*ln(kobs)_toluene - 0.00*Ar_v_C=O - 24.91*Ar_NBO_-O - 0.02*Ster_L + 0.63*Energy_C1-O
indigo_aryl_alkyl,ln(kobs)_MeCN,4,ln(kobs)_toluene|Ar_NBO_=O|Ster_B5|Energy_C1-O,0.9504095731181748,0.7710339411933805,0.12010531107955995,LOOCV,ln(kobs)_MeCN = -5.64 + 0.95*ln(kobs)_toluene - 12.27*Ar_NBO_=O + 0.00*Ster_B5 + 0.89*Energy_C1-O
indigo_aryl_alkyl,ln(kobs)_MeCN,3,kobs_toluene|LUMO|Ar_NBO_C1_x,0.8716984617061102,0.7709658641686585,0.1931875882289842,LOOCV,ln(kobs)_MeCN = -21.98 + 6.26*kobs_toluene + 10.35*LUMO + 25.24*Ar_NBO_C1_x
indigo_aryl_alkyl,ln(kobs)_MeCN,5,ln(kobs)_toluene|Ar_I_C=O|Ster_B1|Occupancy_C1-O|Energy_C1-O,0.9527654785779222,0.7708209841339615,0.1172176603731598,LOOCV,ln(kobs)_MeCN = -104.00 + 1.06*ln(kobs)_toluene + 0.00*Ar_I_C=O + 0.19*Ster_B1 + 53.27*Occupancy_C1-O + 1.88*Energy_C1-O
indigo_aryl_alkyl,ln(kobs)_MeCN,4,kobs_toluene|Ar_NBO_-O|Ar_NBO_C1_x|Occupancy_C1-O,0.8927741655197042,0.7704323287946946,0.17660907114773472,LOOCV,ln(kobs)_MeCN = -281.33 + 7.50*kobs_toluene - 51.70*Ar_NBO_-O + 12.17*Ar_NBO_C1_x + 116.88*Occupancy_C1-O
indigo_aryl_alkyl,ln(kobs)_MeCN,4,ln(kobs)_toluene|Ar_NBO_C1_x|Ar_I_C=O|Energy_C1-O,0.9504364297060277,0.7704092623621683,0.12007278407906065,LOOCV,ln(kobs)_MeCN = -3.08 + 1.01*ln(kobs)_toluene + 5.74*Ar_NBO_C1_x + 0.00*Ar_I_C=O + 1.04*Energy_C1-O
indigo_aryl_alkyl,ln(kobs)_MeCN,5,ln(kobs)_toluene|LUMO|Ster_L|Entry|Energy_C1-O,0.953706172534412,0.7701864269630021,0.11604457261367668,LOOCV,ln(kobs)_MeCN = 2.14 + 0.99*ln(kobs)_toluene + 5.42*LUMO + 0.02*Ster_L - 0.01*Entry + 1.11*Energy_C1-O
indigo_aryl_alkyl,ln(kobs)_MeCN,5,ln(kobs)_toluene|Ar_NBO_=O|Ar_v_C=O|Ster_L|Ar_I_C=O,0.9539953530702505,0.769868305248282,0.11568156091521035,LOOCV,ln(kobs)_MeCN = -40.45 + 0.93*ln(kobs)_toluene - 24.57*Ar_NBO_=O + 0.01*Ar_v_C=O - 0.04*Ster_L + 0.00*Ar_I_C=O
indigo_aryl_alkyl,ln(kobs)_MeCN,4,kobs_MeCN|Ar_I_C=O|Ster_B5|Energy_C1-O,0.9391689233518346,0.7694570984368592,0.13302278637097278,LOOCV,ln(kobs)_MeCN = -1.90 + 3.97*kobs_MeCN - 0.00*Ar_I_C=O + 0.04*Ster_B5 + 0.66*Energy_C1-O
indigo_aryl_alkyl,ln(kobs)_MeCN,5,ln(kobs)_toluene|Ar_NBO_=O|Ar_NBO_C1_x|Entry|Energy_C1-O,0.9514588058942658,0.7689126434303393,0.11882792593891617,LOOCV,ln(kobs)_MeCN = -6.36 + 0.96*ln(kobs)_toluene - 12.36*Ar_NBO_=O + 0.80*Ar_NBO_C1_x - 0.00*Entry + 0.82*Energy_C1-O
indigo_aryl_alkyl,ln(kobs)_MeCN,4,kobs_MeCN|Entry|Occupancy_C1-O|Energy_C1-O,0.9370601163869745,0.7688820300504636,0.13530886676506132,LOOCV,ln(kobs)_MeCN = -42.94 + 3.89*kobs_MeCN + 0.01*Entry + 20.49*Occupancy_C1-O + 0.49*Energy_C1-O
indigo_aryl_alkyl,ln(kobs)_MeCN,5,ln(kobs)_toluene|Ar_NBO_-O|LUMO|Ster_B1|Energy_C1-O,0.9540212003885685,0.76872907118411,0.11564905900039565,LOOCV,ln(kobs)_MeCN = -9.79 + 0.96*ln(kobs)_toluene - 16.71*Ar_NBO_-O + 2.53*LUMO + 0.06*Ster_B1 + 1.05*Energy_C1-O
indigo_aryl_alkyl,ln(kobs)_MeCN,4,kobs_toluene|Ar_NBO_-O|Ster_B5|Energy_C1-O,0.9130685016506772,0.768617800180287,0.1590200448506053,LOOCV,ln(kobs)_MeCN = -23.29 + 9.17*kobs_toluene - 32.66*Ar_NBO_-O + 0.04*Ster_B5 + 2.05*Energy_C1-O
indigo_aryl_alkyl,ln(kobs)_MeCN,4,kobs_toluene|Ar_NBO_=O|Ar_NBO_-O|Energy_C1-O,0.905342211399916,0.768557654702683,0.1659363244736052,LOOCV,ln(kobs)_MeCN = -14.53 + 8.61*kobs_toluene - 15.67*Ar_NBO_=O - 6.32*Ar_NBO_-O + 1.58*Energy_C1-O
indigo_aryl_alkyl,ln(kobs)_MeCN,4,kobs_toluene|Ar_NBO_=O|Ar_NBO_C1_x|Ar_I_C=O,0.8841887179988525,0.7684324137462932,0.18354337937293833,LOOCV,ln(kobs)_MeCN = -23.69 + 6.57*kobs_toluene - 20.96*Ar_NBO_=O + 10.82*Ar_NBO_C1_x + 0.00*Ar_I_C=O
indigo_aryl_alkyl,ln(kobs)_MeCN,5,kobs_MeCN|ln(kobs)_toluene|Ar_NBO_=O|LUMO|L_C1-C2,0.9668665212732461,0.7684300021982358,0.09817407244725372,LOOCV,ln(kobs)_MeCN = -7.33 + 1.86*kobs_MeCN + 0.46*ln(kobs)_toluene - 9.59*Ar_NBO_=O + 0.99*LUMO + 0.50*L_C1-C2
indigo_aryl_alkyl,ln(kobs)_MeCN,5,ln(kobs)_toluene|Ar_NBO_=O|LUMO|Ster_B5|Energy_C1-O,0.9537587653840068,0.7681056136124494,0.11597863672698512,LOOCV,ln(kobs)_MeCN = -3.30 + 0.94*ln(kobs)_toluene - 8.59*Ar_NBO_=O + 2.60*LUMO + 0.00*Ster_B5 + 0.94*Energy_C1-O
indigo_aryl_alkyl,ln(kobs)_MeCN,3,kobs_toluene|Ar_NBO_=O|Ar_NBO_C1_x,0.8812508594646375,0.7679113496309486,0.18585683044964338,LOOCV,ln(kobs)_MeCN = -23.54 + 6.64*kobs_toluene - 23.39*Ar_NBO_=O + 9.11*Ar_NBO_C1_x
indigo_aryl_alkyl,ln(kobs)_MeCN,5,ln(kobs)_toluene|LUMO|Ar_NBO_C1_x|Ster_L|Energy_C1-O,0.9575551049210365,0.7675734637414697,0.11111585214466194,LOOCV,ln(kobs)_MeCN = -6.73 + 0.88*ln(kobs)_toluene + 6.63*LUMO + 10.64*Ar_NBO_C1_x + 0.01*Ster_L + 0.96*Energy_C1-O
indigo_aryl_alkyl,ln(kobs)_MeCN,5,ln(kobs)_toluene|Ar_NBO_=O|LUMO|Ster_L|Energy_C1-O,0.9536700577421108,0.7674367777967122,0.11608982819987781,LOOCV,ln(kobs)_MeCN = -4.08 + 0.94*ln(kobs)_toluene - 9.77*Ar_NBO_=O + 2.27*LUMO - 0.00*Ster_L + 0.85*Energy_C1-O
indigo_aryl_alkyl,ln(kobs)_MeCN,4,kobs_toluene|HOMO|Ar_NBO_-O|polarizability,0.9024784353399318,0.7666839512112673,0.1684277392589161,LOOCV,ln(kobs)_MeCN = -21.78 + 7.10*kobs_toluene + 7.50*HOMO - 31.63*Ar_NBO_-O - 0.00*polarizability
indigo_aryl_alkyl,ln(kobs)_MeCN,4,kobs_toluene|Ar_NBO_=O|Ster_L|Energy_C1-O,0.9063685056557194,0.7663720588408229,0.16503431935628582,LOOCV,ln(kobs)_MeCN = -10.34 + 8.64*kobs_toluene - 16.24*Ar_NBO_=O + 0.02*Ster_L + 1.81*Energy_C1-O
indigo_aryl_alkyl,ln(kobs)_MeCN,4,ln(kobs)_toluene|Ar_I_C=O|L_C1-C2|Energy_C1-O,0.9489768813783017,0.766342738564584,0.12182790864790956,LOOCV,ln(kobs)_MeCN = 8.29 + 1.05*ln(kobs)_toluene + 0.00*Ar_I_C=O - 4.38*L_C1-C2 + 1.08*Energy_C1-O
indigo_aryl_alkyl,ln(kobs)_MeCN,4,kobs_toluene|HOMO|Ar_v_C=O|Ar_NBO_-O,0.8849215990272338,0.7663302719729586,0.18296170483440444,LOOCV,ln(kobs)_MeCN = -44.81 + 7.18*kobs_toluene + 5.11*HOMO + 0.01*Ar_v_C=O - 40.62*Ar_NBO_-O
indigo_aryl_alkyl,ln(kobs)_MeCN,3,kobs_toluene|Ar_NBO_-O|Energy_C1-O,0.9000374821413624,0.7662805502118808,0.17052257507051144,LOOCV,ln(kobs)_MeCN = -24.11 + 9.24*kobs_toluene - 33.35*Ar_NBO_-O + 1.60*Energy_C1-O
indigo_aryl_alkyl,ln(kobs)_MeCN,4,kobs_toluene|Ar_NBO_=O|LUMO|Energy_C1-O,0.9051133374249042,0.7662704672682842,0.16613681287137017,LOOCV,ln(kobs)_MeCN = -11.78 + 8.54*kobs_toluene - 18.51*Ar_NBO_=O + 0.09*LUMO + 1.60*Energy_C1-O
indigo_aryl_alkyl,ln(kobs)_MeCN,5,ln(kobs)_toluene|kobs_toluene|HOMO|L_C1-C2|Energy_C1-O,0.9584495140299872,0.766145072129887,0.10993888874389895,LOOCV,ln(kobs)_MeCN = 8.31 + 0.95*ln(kobs)_toluene + 0.07*kobs_toluene + 4.50*HOMO - 3.32*L_C1-C2 + 1.14*Energy_C1-O
indigo_aryl_alkyl,ln(kobs)_MeCN,4,kobs_toluene|HOMO|Ar_NBO_-O|Ar_I_C=O,0.8838897996132589,0.7660216365347736,0.18378009695727937,LOOCV,ln(kobs)_MeCN = -25.05 + 6.99*kobs_toluene + 4.81*HOMO - 34.93*Ar_NBO_-O - 0.00*Ar_I_C=O
indigo_aryl_alkyl,ln(kobs)_MeCN,5,ln(kobs)_toluene|Ar_I_C=O|L_C1-C2|Occupancy_C1-O|Energy_C1-O,0.9518351817211756,0.7658161436419766,0.118366349004669,LOOCV,ln(kobs)_MeCN = -79.05 + 1.07*ln(kobs)_toluene + 0.00*Ar_I_C=O - 3.76*L_C1-C2 + 43.42*Occupancy_C1-O + 1.21*Energy_C1-O
indigo_aryl_alkyl,ln(kobs)_MeCN,3,kobs_MeCN|kobs_toluene|Energy_C1-O,0.9285217017664847,0.7657395303697235,0.144195063003439,LOOCV,ln(kobs)_MeCN = -2.15 + 3.73*kobs_MeCN + 0.75*kobs_toluene + 0.36*Energy_C1-O
indigo_aryl_alkyl,ln(kobs)_MeCN,4,ln(kobs)_toluene|Ar_NBO_=O|Ar_NBO_C1_x|Energy_C1-O,0.9508761496571889,0.7654973487131768,0.11953896432486813,LOOCV,ln(kobs)_MeCN = -7.51 + 0.93*ln(kobs)_toluene - 12.24*Ar_NBO_=O + 2.27*Ar_NBO_C1_x + 0.86*Energy_C1-O
indigo_aryl_alkyl,ln(kobs)_MeCN,5,ln(kobs)_toluene|LUMO|Ar_I_C=O|polarizability|Energy_C1-O,0.9542400345389069,0.7639975985003786,0.11537351735187514,LOOCV,ln(kobs)_MeCN = 2.12 + 0.99*ln(kobs)_toluene + 3.43*LUMO + 0.00*Ar_I_C=O + 0.00*polarizability + 1.32*Energy_C1-O
indigo_aryl_alkyl,ln(kobs)_MeCN,5,ln(kobs)_toluene|Ar_NBO_-O|LUMO|Ster_L|Energy_C1-O,0.9538187047995905,0.76399680056326,0.1159034446827232,LOOCV,ln(kobs)_MeCN = -10.42 + 0.97*ln(kobs)_toluene - 17.48*Ar_NBO_-O + 2.46*LUMO - 0.00*Ster_L + 0.84*Energy_C1-O
indigo_aryl_alkyl,ln(kobs)_MeCN,4,kobs_toluene|Ar_NBO_=O|polarizability|Energy_C1-O,0.9077790904276165,0.7639574008726527,0.1637864574759592,LOOCV,ln(kobs)_MeCN = -8.22 + 8.99*kobs_toluene - 13.34*Ar_NBO_=O + 0.00*polarizability + 2.20*Energy_C1-O
indigo_aryl_alkyl,ln(kobs)_MeCN,4,ln(kobs)_toluene|Ar_NBO_=O|Ar_NBO_-O|Energy_C1-O,0.951403082506753,0.7631722789612279,0.11889611127584805,LOOCV,ln(kobs)_MeCN = -11.15 + 0.96*ln(kobs)_toluene - 6.12*Ar_NBO_=O - 13.09*Ar_NBO_-O + 0.84*Energy_C1-O
indigo_aryl_alkyl,ln(kobs)_MeCN,4,ln(kobs)_toluene|kobs_toluene|HOMO|Energy_C1-O,0.9576238267518487,0.7630012920809877,0.11102586278143069,LOOCV,ln(kobs)_MeCN = 3.49 + 0.92*ln(kobs)_toluene + 0.32*kobs_toluene + 4.91*HOMO + 1.20*Energy_C1-O
indigo_aryl_alkyl,ln(kobs)_MeCN,4,ln(kobs)_toluene|Ar_NBO_=O|Ar_v_C=O|Ster_L,0.9498677708718732,0.7627513333343307,0.12075963647523817,LOOCV,ln(kobs)_MeCN = -33.57 + 0.92*ln(kobs)_toluene - 25.17*Ar_NBO_=O + 0.01*Ar_v_C=O - 0.04*Ster_L
indigo_aryl_alkyl,ln(kobs)_MeCN,4,ln(kobs)_toluene|Ar_NBO_=O|HOMO|Ar_v_C=O,0.943873861723907,0.7626404262131978,0.12777499421524793,LOOCV,ln(kobs)_MeCN = -17.59 + 0.85*ln(kobs)_toluene - 13.30*Ar_NBO_=O + 3.05*HOMO + 0.01*Ar_v_C=O
indigo_aryl_alkyl,ln(kobs)_MeCN,4,ln(kobs)_toluene|LUMO|Ar_NBO_C1_x|Energy_C1-O,0.9568353364823731,0.7624199071365375,0.11205402702169859,LOOCV,ln(kobs)_MeCN = -7.69 + 0.90*ln(kobs)_toluene + 6.50*LUMO + 11.84*Ar_NBO_C1_x + 0.85*Energy_C1-O
indigo_aryl_alkyl,ln(kobs)_MeCN,4,kobs_toluene|HOMO|Ar_NBO_-O|Entry,0.8850607186151299,0.7623560412332032,0.18285107914709386,LOOCV,ln(kobs)_MeCN = -23.75 + 7.21*kobs_toluene + 4.84*HOMO - 32.95*Ar_NBO_-O - 0.00*Entry
indigo_aryl_alkyl,ln(kobs)_MeCN,4,kobs_toluene|Ar_NBO_-O|Ster_B1|Energy_C1-O,0.9019994315345067,0.7621001753929981,0.16884087200268172,LOOCV,ln(kobs)_MeCN = -22.64 + 9.19*kobs_toluene - 31.71*Ar_NBO_-O + 0.19*Ster_B1 + 2.22*Energy_C1-O
indigo_aryl_alkyl,ln(kobs)_MeCN,5,ln(kobs)_toluene|Ar_NBO_=O|Ar_v_C=O|Ar_NBO_C1_x|Ster_L,0.9534642746083525,0.7618012204327759,0.11634735992770967,LOOCV,ln(kobs)_MeCN = -7.06 + 0.87*ln(kobs)_toluene - 15.68*Ar_NBO_=O - 0.00*Ar_v_C=O + 9.74*Ar_NBO_C1_x - 0.05*Ster_L
indigo_aryl_alkyl,ln(kobs)_MeCN,5,ln(kobs)_toluene|Ar_NBO_-O|Entry|Ster_B1|Energy_C1-O,0.9515141870405668,0.7617926666090185,0.11876012059361041,LOOCV,ln(kobs)_MeCN = -14.57 + 1.00*ln(kobs)_toluene - 23.33*Ar_NBO_-O - 0.00*Entry + 0.02*Ster_B1 + 0.82*Energy_C1-O
indigo_aryl_alkyl,ln(kobs)_MeCN,4,kobs_toluene|Ar_NBO_-O|Ar_NBO_C1_x|Ster_L,0.8812137925396283,0.7616724691545624,0.1858858353066351,LOOCV,ln(kobs)_MeCN = -43.55 + 7.79*kobs_toluene - 46.68*Ar_NBO_-O + 10.96*Ar_NBO_C1_x - 0.03*Ster_L
indigo_aryl_alkyl,ln(kobs)_MeCN,5,ln(kobs)_toluene|Ar_NBO_=O|Ster_B1|Ster_B5|Energy_C1-O,0.9509387366856695,0.761593920441517,0.11946278978804717,LOOCV,ln(kobs)_MeCN = -5.26 + 0.94*ln(kobs)_toluene - 11.91*Ar_NBO_=O + 0.10*Ster_B1 + 0.00*Ster_B5 + 1.24*Energy_C1-O
indigo_aryl_alkyl,ln(kobs)_MeCN,5,ln(kobs)_toluene|Ar_NBO_-O|Entry|polarizability|Energy_C1-O,0.9517026974787948,0.7608076902240518,0.11852902902467025,LOOCV,ln(kobs)_MeCN = -13.60 + 1.01*ln(kobs)_toluene - 22.05*Ar_NBO_-O - 0.00*Entry + 0.00*polarizability + 0.87*Energy_C1-O
indigo_aryl_alkyl,ln(kobs)_MeCN,4,kobs_toluene|Ar_NBO_=O|Entry|Energy_C1-O,0.905740286012038,0.7606809740978848,0.1655870419027463,LOOCV,ln(kobs)_MeCN = -11.66 + 8.45*kobs_toluene - 18.36*Ar_NBO_=O + 0.00*Entry + 1.65*Energy_C1-O
indigo_aryl_alkyl,ln(kobs)_MeCN,5,ln(kobs)_toluene|Ar_NBO_=O|Ar_NBO_C1_x|Ster_B1|Energy_C1-O,0.9511992856113054,0.7605264693348683,0.1191451528735956,LOOCV,ln(kobs)_MeCN = -6.98 + 0.93*ln(kobs)_toluene - 12.10*Ar_NBO_=O + 1.87*Ar_NBO_C1_x + 0.08*Ster_B1 + 1.12*Energy_C1-O
indigo_aryl_alkyl,ln(kobs)_MeCN,5,ln(kobs)_toluene|LUMO|Entry|L_C1-C2|Energy_C1-O,0.9519199978878498,0.760519655815762,0.11826208406638827,LOOCV,ln(kobs)_MeCN = 10.21 + 1.05*ln(kobs)_toluene + 3.58*LUMO - 0.01*Entry - 5.42*L_C1-C2 + 0.87*Energy_C1-O
indigo_aryl_alkyl,ln(kobs)_MeCN,5,ln(kobs)_toluene|LUMO|Ar_NBO_C1_x|Occupancy_C1-O|Energy_C1-O,0.9596068942941754,0.7602573638575973,0.10839691245235861,LOOCV,ln(kobs)_MeCN = -97.86 + 0.91*ln(kobs)_toluene + 6.38*LUMO + 13.44*Ar_NBO_C1_x + 44.66*Occupancy_C1-O + 0.97*Energy_C1-O
indigo_aryl_alkyl,ln(kobs)_MeCN,3,kobs_toluene|Ar_v_C=O|L_C1-C2,0.8605592029475523,0.7602560019474238,0.20139942082882603,LOOCV,ln(kobs)_MeCN = 59.07 + 6.41*kobs_toluene - 0.05*Ar_v_C=O + 27.02*L_C1-C2
indigo_aryl_alkyl,ln(kobs)_MeCN,4,kobs_toluene|Ar_NBO_-O|polarizability|Energy_C1-O,0.9094583330228346,0.7602550726107032,0.16228841999280288,LOOCV,ln(kobs)_MeCN = -15.75 + 9.46*kobs_toluene - 22.38*Ar_NBO_-O + 0.00*polarizability + 2.45*Energy_C1-O
indigo_aryl_alkyl,ln(kobs)_MeCN,4,kobs_toluene|Ar_NBO_=O|Ar_NBO_-O|Ar_NBO_C1_x,0.8820030369980538,0.7602337161192105,0.18526727076664548,LOOCV,ln(kobs)_MeCN = -27.95 + 6.81*kobs_toluene - 18.01*Ar_NBO_=O - 11.36*Ar_NBO_-O + 8.69*Ar_NBO_C1_x
indigo_aryl_alkyl,ln(kobs)_MeCN,5,ln(kobs)_toluene|Ar_I_C=O|Ster_B5|Occupancy_C1-O|Energy_C1-O,0.9512364246998397,0.7602138185890375,0.11909980738386464,LOOCV,ln(kobs)_MeCN = -93.39 + 1.08*ln(kobs)_toluene + 0.00*Ar_I_C=O - 0.01*Ster_B5 + 47.76*Occupancy_C1-O + 1.17*Energy_C1-O
indigo_aryl_alkyl,ln(kobs)_MeCN,5,ln(kobs)_toluene|Ster_L|Ar_I_C=O|Occupancy_C1-O|Energy_C1-O,0.9532669187621068,0.7600282111759664,0.11659381077762772,LOOCV,ln(kobs)_MeCN = -140.60 + 1.06*ln(kobs)_toluene + 0.02*Ster_L + 0.00*Ar_I_C=O + 71.52*Occupancy_C1-O + 1.53*Energy_C1-O
indigo_aryl_alkyl,ln(kobs)_MeCN,4,kobs_toluene|HOMO|Ar_I_C=O|Ster_B5,0.8787464236457629,0.7597285625451036,0.1878064776489171,LOOCV,ln(kobs)_MeCN = 1.38 + 6.99*kobs_toluene + 10.78*HOMO + 0.00*Ar_I_C=O - 0.06*Ster_B5
indigo_aryl_alkyl,ln(kobs)_MeCN,5,ln(kobs)_toluene|LUMO|Ar_NBO_C1_x|Ster_B5|Energy_C1-O,0.9589807406722095,0.7593605197718107,0.10923383874935484,LOOCV,ln(kobs)_MeCN = -8.13 + 0.88*ln(kobs)_toluene + 6.63*LUMO + 12.49*Ar_NBO_C1_x + 0.02*Ster_B5 + 1.02*Energy_C1-O
indigo_aryl_alkyl,ln(kobs)_MeCN,3,ln(kobs)_toluene|Ar_NBO_-O|Energy_C1-O,0.9506275241124986,0.7592921960886699,0.11984108772840778,LOOCV,ln(kobs)_MeCN = -14.64 + 0.99*ln(kobs)_toluene - 23.39*Ar_NBO_-O + 0.82*Energy_C1-O
indigo_aryl_alkyl,ln(kobs)_MeCN,5,ln(kobs)_toluene|Ar_NBO_=O|Ar_NBO_-O|Ster_B1|Energy_C1-O,0.9516575694592521,0.75922267979059,0.11858439165516699,LOOCV,ln(kobs)_MeCN = -10.38 + 0.96*ln(kobs)_toluene - 6.64*Ar_NBO_=O - 11.69*Ar_NBO_-O + 0.07*Ster_B1 + 1.07*Energy_C1-O
indigo_aryl_alkyl,ln(kobs)_MeCN,4,kobs_toluene|Ar_NBO_=O|Ar_v_C=O|Ar_NBO_C1_x,0.8841088063486567,0.7588965206939415,0.1836066923973126,LOOCV,ln(kobs)_MeCN = 13.39 + 6.23*kobs_toluene - 11.54*Ar_NBO_=O - 0.02*Ar_v_C=O + 15.55*Ar_NBO_C1_x
indigo_aryl_alkyl,ln(kobs)_MeCN,5,ln(kobs)_toluene|kobs_toluene|HOMO|Ar_I_C=O|Energy_C1-O,0.9585040651736235,0.7588289324790296,0.10986669630489608,LOOCV,ln(kobs)_MeCN = 3.16 + 0.95*ln(kobs)_toluene + 0.13*kobs_toluene + 4.21*HOMO + 0.00*Ar_I_C=O + 1.16*Energy_C1-O
indigo_aryl_alkyl,ln(kobs)_MeCN,4,kobs_toluene|LUMO|Ar_NBO_C1_x|Ar_I_C=O,0.8775952851062405,0.758602851806071,0.18869585588957344,LOOCV,ln(kobs)_MeCN = -22.49 + 6.20*kobs_toluene + 8.96*LUMO + 25.39*Ar_NBO_C1_x + 0.00*Ar_I_C=O
indigo_aryl_alkyl,ln(kobs)_MeCN,5,kobs_MeCN|ln(kobs)_toluene|Ar_NBO_C1_x|Entry|Energy_C1-O,0.9647149488212319,0.7584883418847066,0.10131148119229896,LOOCV,ln(kobs)_MeCN = -0.64 + 2.00*kobs_MeCN + 0.57*ln(kobs)_toluene + 1.01*Ar_NBO_C1_x + 0.00*Entry + 0.80*Energy_C1-O
indigo_aryl_alkyl,ln(kobs)_MeCN,3,kobs_toluene|HOMO|Entry,0.8568835831567105,0.7583226096554165,0.20403657099015576,LOOCV,ln(kobs)_MeCN = 0.33 + 7.59*kobs_toluene + 8.03*HOMO - 0.01*Entry
indigo_aryl_alkyl,ln(kobs)_MeCN,5,ln(kobs)_toluene|Ar_NBO_-O|LUMO|Ster_B5|Energy_C1-O,0.9552735553027029,0.7582927499784018,0.11406318066550195,LOOCV,ln(kobs)_MeCN = -10.40 + 0.96*ln(kobs)_toluene - 17.55*Ar_NBO_-O + 2.47*LUMO + 0.01*Ster_B5 + 0.98*Energy_C1-O
indigo_aryl_alkyl,ln(kobs)_MeCN,3,kobs_toluene|Ar_v_C=O|Ar_NBO_-O,0.8693196693599677,0.758241408975099,0.1949702736940731,LOOCV,ln(kobs)_MeCN = -24.44 + 7.70*kobs_toluene - 0.00*Ar_v_C=O - 41.67*Ar_NBO_-O
indigo_aryl_alkyl,ln(kobs)_MeCN,5,ln(kobs)_toluene|Ar_NBO_=O|Ar_v_C=O|polarizability|Ster_B5,0.9517820588752998,0.7578626304881368,0.11843160643412884,LOOCV,ln(kobs)_MeCN = -27.72 + 0.89*ln(kobs)_toluene - 25.13*Ar_NBO_=O + 0.01*Ar_v_C=O - 0.00*polarizability + 0.03*Ster_B5
indigo_aryl_alkyl,ln(kobs)_MeCN,3,kobs_toluene|HOMO|Ar_I_C=O,0.8520945251611791,0.7570838388628092,0.20742228491933606,LOOCV,ln(kobs)_MeCN = 0.06 + 7.33*kobs_toluene + 7.37*HOMO + 0.00*Ar_I_C=O
indigo_aryl_alkyl,ln(kobs)_MeCN,5,ln(kobs)_toluene|LUMO|Entry|Ster_B5|Energy_C1-O,0.9534639328452871,0.7570002145586713,0.116347787160304,LOOCV,ln(kobs)_MeCN = 2.35 + 1.03*ln(kobs)_toluene + 4.88*LUMO - 0.01*Entry + 0.02*Ster_B5 + 1.10*Energy_C1-O
indigo_aryl_alkyl,ln(kobs)_MeCN,4,kobs_toluene|HOMO|Ar_NBO_-O|Occupancy_C1-O,0.889611852186577,0.755957235344295,0.17919443252645545,LOOCV,ln(kobs)_MeCN = -167.26 + 7.22*kobs_toluene + 3.66*HOMO - 42.01*Ar_NBO_-O + 68.57*Occupancy_C1-O
indigo_aryl_alkyl,ln(kobs)_MeCN,4,ln(kobs)_toluene|Ar_I_C=O|Occupancy_C1-O|Energy_C1-O,0.9508408574636437,0.7558856432556382,0.11958189698159113,LOOCV,ln(kobs)_MeCN = -89.61 + 1.08*ln(kobs)_toluene + 0.00*Ar_I_C=O + 45.91*Occupancy_C1-O + 1.25*Energy_C1-O
indigo_aryl_alkyl,ln(kobs)_MeCN,5,ln(kobs)_toluene|kobs_toluene|HOMO|Ster_L|Energy_C1-O,0.9579416822433153,0.7556163594675334,0.1106086872434641,LOOCV,ln(kobs)_MeCN = 3.61 + 0.95*ln(kobs)_toluene + 0.03*kobs_toluene + 5.08*HOMO - 0.01*Ster_L + 1.09*Energy_C1-O
indigo_aryl_alkyl,ln(kobs)_MeCN,5,ln(kobs)_toluene|Ar_NBO_=O|Ar_NBO_-O|LUMO|Energy_C1-O,0.9542196685913379,0.7550935779584182,0.11539918858655741,LOOCV,ln(kobs)_MeCN = -7.94 + 0.95*ln(kobs)_toluene - 4.45*Ar_NBO_=O - 10.06*Ar_NBO_-O + 2.37*LUMO + 0.85*Energy_C1-O
indigo_aryl_alkyl,ln(kobs)_MeCN,4,ln(kobs)_toluene|Ar_NBO_=O|Ar_v_C=O|Ar_I_C=O,0.942780442728077,0.7550566890729808,0.1290136123718203,LOOCV,ln(kobs)_MeCN = -19.56 + 0.88*ln(kobs)_toluene - 15.67*Ar_NBO_=O + 0.01*Ar_v_C=O + 0.00*Ar_I_C=O
indigo_aryl_alkyl,ln(kobs)_MeCN,4,kobs_toluene|Ar_v_C=O|Ar_NBO_C1_x|Ster_B5,0.8818344523555157,0.754902964775418,0.18539957107295152,LOOCV,ln(kobs)_MeCN = 45.21 + 6.05*kobs_toluene - 0.03*Ar_v_C=O + 21.13*Ar_NBO_C1_x - 0.00*Ster_B5
indigo_aryl_alkyl,ln(kobs)_MeCN,4,kobs_toluene|Ar_v_C=O|Ar_NBO_C1_x|Ster_B1,0.8962210887676847,0.7547817251978657,0.1737472118300124,LOOCV,ln(kobs)_MeCN = 39.87 + 7.08*kobs_toluene - 0.03*Ar_v_C=O + 19.84*Ar_NBO_C1_x - 0.28*Ster_B1
indigo_aryl_alkyl,ln(kobs)_MeCN,4,kobs_toluene|HOMO|Ar_I_C=O|Energy_C1-O,0.9103623945684799,0.7546122519622322,0.16147615966814016,LOOCV,ln(kobs)_MeCN = 2.01 + 8.82*kobs_toluene + 6.92*HOMO - 0.00*Ar_I_C=O + 2.04*Energy_C1-O
indigo_aryl_alkyl,ln(kobs)_MeCN,3,kobs_toluene|Ar_NBO_=O|HOMO,0.8787188708055078,0.7544421579705383,0.18782781437194887,LOOCV,ln(kobs)_MeCN = -12.63 + 6.67*kobs_toluene - 19.02*Ar_NBO_=O + 3.06*HOMO
indigo_aryl_alkyl,ln(kobs)_MeCN,4,ln(kobs)_toluene|Ar_v_C=O|Ar_NBO_-O|Energy_C1-O,0.9510538683348045,0.7542576622923344,0.11932253630068496,LOOCV,ln(kobs)_MeCN = -4.94 + 0.98*ln(kobs)_toluene - 0.00*Ar_v_C=O - 19.64*Ar_NBO_-O + 0.84*Energy_C1-O
indigo_aryl_alkyl,ln(kobs)_MeCN,5,ln(kobs)_toluene|LUMO|Ar_NBO_C1_x|Ster_B1|Energy_C1-O,0.9568362132982724,0.7542215605168993,0.11205288892350182,LOOCV,ln(kobs)_MeCN = -7.65 + 0.90*ln(kobs)_toluene + 6.50*LUMO + 11.81*Ar_NBO_C1_x + 0.00*Ster_B1 + 0.86*Energy_C1-O
indigo_aryl_alkyl,ln(kobs)_MeCN,3,kobs_toluene|Ar_NBO_-O|Occupancy_C1-O,0.8799216252577756,0.7540828677213428,0.18689414220999168,LOOCV,ln(kobs)_MeCN = -215.35 + 7.92*kobs_toluene - 53.13*Ar_NBO_-O + 88.17*Occupancy_C1-O
indigo_aryl_alkyl,ln(kobs)_MeCN,4,kobs_toluene|Ar_NBO_=O|Ar_NBO_C1_x|Occupancy_C1-O,0.8960487274279194,0.7539946370496035,0.173891436112515,LOOCV,ln(kobs)_MeCN = -237.75 + 6.51*kobs_toluene - 26.96*Ar_NBO_=O + 13.14*Ar_NBO_C1_x + 104.73*Occupancy_C1-O
indigo_aryl_alkyl,ln(kobs)_MeCN,5,ln(kobs)_toluene|LUMO|Ar_I_C=O|L_C1-C2|Energy_C1-O,0.9524409358544806,0.753946357086767,0.11761966525624129,LOOCV,ln(kobs)_MeCN = 1.95 + 1.01*ln(kobs)_toluene + 2.94*LUMO + 0.00*Ar_I_C=O - 0.07*L_C1-C2 + 1.04*Energy_C1-O
indigo_aryl_alkyl,ln(kobs)_MeCN,4,kobs_toluene|polarizability|Occupancy_C1-O|Energy_C1-O,0.9247191141696312,0.753676285751253,0.14798089492444536,LOOCV,ln(kobs)_MeCN = -281.63 + 11.06*kobs_toluene + 0.00*polarizability + 141.89*Occupancy_C1-O + 4.11*Energy_C1-O
indigo_aryl_alkyl,ln(kobs)_MeCN,4,kobs_toluene|HOMO|Ar_NBO_-O|LUMO,0.8833620915810179,0.7535629578495794,0.18419725362966138,LOOCV,ln(kobs)_MeCN = -25.34 + 7.06*kobs_toluene + 4.39*HOMO - 34.95*Ar_NBO_-O - 0.35*LUMO
indigo_aryl_alkyl,ln(kobs)_MeCN,4,ln(kobs)_toluene|Ar_NBO_=O|Ar_v_C=O|Ster_B5,0.9414120195918778,0.7532931205280593,0.130547197420696,LOOCV,ln(kobs)_MeCN = -13.41 + 0.89*ln(kobs)_toluene - 17.01*Ar_NBO_=O + 0.00*Ar_v_C=O - 0.02*Ster_B5
indigo_aryl_alkyl,ln(kobs)_MeCN,3,kobs_toluene|Ar_NBO_-O|LUMO,0.8691438979210842,0.7532296578877806,0.19510135191122574,LOOCV,ln(kobs)_MeCN = -32.90 + 7.76*kobs_toluene - 43.74*Ar_NBO_-O + 0.70*LUMO
indigo_aryl_alkyl,ln(kobs)_MeCN,4,kobs_MeCN|kobs_toluene|Ar_NBO_C1_x|Energy_C1-O,0.9287367390246036,0.7531237808568839,0.14397799944915324,LOOCV,ln(kobs)_MeCN = -3.39 + 3.67*kobs_MeCN + 0.82*kobs_toluene + 1.56*Ar_NBO_C1_x + 0.36*Energy_C1-O
indigo_aryl_alkyl,ln(kobs)_MeCN,5,ln(kobs)_toluene|Ar_NBO_-O|LUMO|polarizability|Energy_C1-O,0.9547480291663843,0.7529591297342724,0.11473133269575443,LOOCV,ln(kobs)_MeCN = -6.92 + 0.96*ln(kobs)_toluene - 12.80*Ar_NBO_-O + 3.01*LUMO + 0.00*polarizability + 1.11*Energy_C1-O
indigo_aryl_alkyl,ln(kobs)_MeCN,4,kobs_toluene|Ar_NBO_=O|HOMO|Ster_B5,0.8917478730235726,0.7528896055082696,0.17745224911004756,LOOCV,ln(kobs)_MeCN = -8.35 + 6.58*kobs_toluene - 14.19*Ar_NBO_=O + 6.83*HOMO - 0.04*Ster_B5
indigo_aryl_alkyl,ln(kobs)_MeCN,3,kobs_toluene|Ar_NBO_-O|Entry,0.868911991497224,0.7528697691138448,0.19527415710580956,LOOCV,ln(kobs)_MeCN = -34.10 + 7.85*kobs_toluene - 45.40*Ar_NBO_-O - 0.00*Entry
indigo_aryl_alkyl,ln(kobs)_MeCN,4,kobs_toluene|Ar_NBO_-O|L_C1-C2|Occupancy_C1-O,0.8840037130152868,0.7525905213663502,0.18368992334095746,LOOCV,ln(kobs)_MeCN = -263.35 + 7.92*kobs_toluene - 61.00*Ar_NBO_-O + 7.95*L_C1-C2 + 103.55*Occupancy_C1-O
indigo_aryl_alkyl,ln(kobs)_MeCN,4,ln(kobs)_toluene|Ar_NBO_-O|Ster_B1|Energy_C1-O,0.9507635782513347,0.7522787488026399,0.11967585270724007,LOOCV,ln(kobs)_MeCN = -14.31 + 0.99*ln(kobs)_toluene - 23.02*Ar_NBO_-O + 0.05*Ster_B1 + 0.99*Energy_C1-O
indigo_aryl_alkyl,ln(kobs)_MeCN,4,kobs_toluene|Ar_NBO_=O|Ar_NBO_C1_x|Ster_L,0.8930050934479284,0.751709316854368,0.17641879074807745,LOOCV,ln(kobs)_MeCN = -28.80 + 6.83*kobs_toluene - 27.16*Ar_NBO_=O + 13.27*Ar_NBO_C1_x - 0.04*Ster_L
indigo_aryl_alkyl,ln(kobs)_MeCN,4,kobs_toluene|Ar_NBO_=O|HOMO|polarizability,0.9040574162091378,0.7514868323608839,0.16705866020033322,LOOCV,ln(kobs)_MeCN = -11.61 + 6.71*kobs_toluene - 19.49*Ar_NBO_=O + 6.30*HOMO - 0.00*polarizability
indigo_aryl_alkyl,ln(kobs)_MeCN,4,kobs_toluene|Ar_NBO_-O|LUMO|Ar_NBO_C1_x,0.8834298346447776,0.7511720432299814,0.18414375516246315,LOOCV,ln(kobs)_MeCN = -33.97 + 6.65*kobs_toluene - 26.71*Ar_NBO_-O + 5.62*LUMO + 16.57*Ar_NBO_C1_x
indigo_aryl_alkyl,ln(kobs)_MeCN,5,ln(kobs)_toluene|Ar_NBO_=O|Ar_v_C=O|Ster_L|Entry,0.9513322589981041,0.7511128288951363,0.1189827173245845,LOOCV,ln(kobs)_MeCN = -23.39 + 0.95*ln(kobs)_toluene - 22.09*Ar_NBO_=O + 0.01*Ar_v_C=O - 0.04*Ster_L - 0.00*Entry
indigo_aryl_alkyl,ln(kobs)_MeCN,3,kobs_toluene|Ar_NBO_=O|Ar_I_C=O,0.8739023359430222,0.7511115825779128,0.1915211803863215,LOOCV,ln(kobs)_MeCN = -16.46 + 6.96*kobs_toluene - 23.56*Ar_NBO_=O + 0.00*Ar_I_C=O
indigo_aryl_alkyl,ln(kobs)_MeCN,4,kobs_toluene|Ar_NBO_-O|Ar_NBO_C1_x|Entry,0.8764309546050217,0.750862272314765,0.18959118229253882,LOOCV,ln(kobs)_MeCN = -39.88 + 7.21*kobs_toluene - 42.17*Ar_NBO_-O + 10.02*Ar_NBO_C1_x + 0.00*Entry
indigo_aryl_alkyl,ln(kobs)_MeCN,4,kobs_toluene|Ar_NBO_-O|Ar_NBO_C1_x|Ster_B1,0.8905936565551895,0.750772110354852,0.17839576517222197,LOOCV,ln(kobs)_MeCN = -35.00 + 8.46*kobs_toluene - 38.12*Ar_NBO_-O + 8.05*Ar_NBO_C1_x - 0.29*Ster_B1
indigo_aryl_alkyl,ln(kobs)_MeCN,4,ln(kobs)_toluene|Ar_I_C=O|Ster_B1|Energy_C1-O,0.9486014909684507,0.7507661323971988,0.12227524723044164,LOOCV,ln(kobs)_MeCN = 1.94 + 1.04*ln(kobs)_toluene + 0.00*Ar_I_C=O + 0.14*Ster_B1 + 1.53*Energy_C1-O
indigo_aryl_alkyl,ln(kobs)_MeCN,4,kobs_MeCN|polarizability|Ster_B1|Occupancy_C1-O,0.9367653182586352,0.7504655776252404,0.13562537673942143,LOOCV,ln(kobs)_MeCN = -62.15 + 3.91*kobs_MeCN + 0.00*polarizability - 0.10*Ster_B1 + 29.92*Occupancy_C1-O
indigo_aryl_alkyl,ln(kobs)_MeCN,5,ln(kobs)_toluene|Ar_NBO_-O|Ar_NBO_C1_x|Entry|Energy_C1-O,0.9515032476061697,0.7502169292051016,0.11877351724715869,LOOCV,ln(kobs)_MeCN = -14.55 + 1.01*ln(kobs)_toluene - 23.49*Ar_NBO_-O - 0.18*Ar_NBO_C1_x - 0.00*Entry + 0.76*Energy_C1-O
indigo_aryl_alkyl,ln(kobs)_MeCN,5,ln(kobs)_toluene|Ar_NBO_-O|Ster_L|L_C1-C2|Energy_C1-O,0.9523210206974403,0.7502084044454708,0.11776785468550978,LOOCV,ln(kobs)_MeCN = -14.46 + 1.00*ln(kobs)_toluene - 25.67*Ar_NBO_-O - 0.02*Ster_L - 1.23*L_C1-C2 + 0.64*Energy_C1-O
indigo_aryl_alkyl,ln(kobs)_MeCN,5,ln(kobs)_toluene|Ar_NBO_=O|Ar_v_C=O|Ster_L|Occupancy_C1-O,0.9518750096634596,0.7501105347880491,0.11831739975851277,LOOCV,ln(kobs)_MeCN = -115.98 + 0.92*ln(kobs)_toluene - 27.63*Ar_NBO_=O + 0.01*Ar_v_C=O - 0.04*Ster_L + 38.77*Occupancy_C1-O
indigo_aryl_alkyl,ln(kobs)_MeCN,5,ln(kobs)_toluene|Ar_v_C=O|Ster_B1|Occupancy_C1-O|Energy_C1-O,0.9509580522994046,0.7499363408639482,0.1194392709861477,LOOCV,ln(kobs)_MeCN = -82.76 + 1.00*ln(kobs)_toluene - 0.01*Ar_v_C=O + 0.19*Ster_B1 + 56.03*Occupancy_C1-O + 1.80*Energy_C1-O
indigo_aryl_alkyl,ln(kobs)_MeCN,4,kobs_MeCN|kobs_toluene|Occupancy_C1-O|Energy_C1-O,0.9300357494758832,0.7498535462362698,0.14265972487429252,LOOCV,ln(kobs)_MeCN = -67.63 + 3.60*kobs_MeCN + 1.30*kobs_toluene + 32.93*Occupancy_C1-O + 0.55*Energy_C1-O
indigo_aryl_alkyl,ln(kobs)_MeCN,4,ln(kobs)_toluene|Ar_NBO_=O|Ar_v_C=O|Ar_NBO_C1_x,0.9407726563945139,0.7497026681203693,0.13125758708324653,LOOCV,ln(kobs)_MeCN = 8.33 + 0.83*ln(kobs)_toluene - 8.65*Ar_NBO_=O - 0.01*Ar_v_C=O + 7.32*Ar_NBO_C1_x
indigo_aryl_alkyl,ln(kobs)_MeCN,5,ln(kobs)_toluene|Ar_v_C=O|Ar_NBO_-O|Ster_B1|Energy_C1-O,0.9512737497516518,0.7495790152720184,0.1190542174384961,LOOCV,ln(kobs)_MeCN = -3.49 + 0.97*ln(kobs)_toluene - 0.00*Ar_v_C=O - 18.76*Ar_NBO_-O + 0.07*Ster_B1 + 1.05*Energy_C1-O
indigo_aryl_alkyl,ln(kobs)_MeCN,4,ln(kobs)_toluene|Ar_NBO_=O|Ar_v_C=O|Occupancy_C1-O,0.9430168257348582,0.7494381921736999,0.12874684879584905,LOOCV,ln(kobs)_MeCN = -133.62 + 0.87*ln(kobs)_toluene - 20.96*Ar_NBO_=O + 0.01*Ar_v_C=O + 55.61*Occupancy_C1-O
indigo_aryl_alkyl,ln(kobs)_MeCN,4,kobs_toluene|HOMO|Entry|Ster_B5,0.8791476319863495,0.7493554106671833,0.18749550967305517,LOOCV,ln(kobs)_MeCN = 1.52 + 7.09*kobs_toluene + 11.05*HOMO - 0.00*Entry - 0.06*Ster_B5
indigo_aryl_alkyl,ln(kobs)_MeCN,3,kobs_toluene|HOMO|Ar_v_C=O,0.8586021447839142,0.7492877909952909,0.20280782149054274,LOOCV,ln(kobs)_MeCN = 23.89 + 7.02*kobs_toluene + 5.33*HOMO - 0.01*Ar_v_C=O
indigo_aryl_alkyl,ln(kobs)_MeCN,4,kobs_toluene|HOMO|Ar_NBO_-O|Ster_L,0.887953591357557,0.7490716111298241,0.18053535299874607,LOOCV,ln(kobs)_MeCN = -26.58 + 7.26*kobs_toluene + 4.75*HOMO - 37.18*Ar_NBO_-O - 0.03*Ster_L
indigo_aryl_alkyl,ln(kobs)_MeCN,3,kobs_toluene|Ar_NBO_=O|Ar_NBO_-O,0.8748902167623617,0.7488834431576868,0.19076949271236074,LOOCV,ln(kobs)_MeCN = -23.82 + 7.18*kobs_toluene - 16.64*Ar_NBO_=O - 16.56*Ar_NBO_-O
indigo_aryl_alkyl,ln(kobs)_MeCN,5,ln(kobs)_toluene|LUMO|Ar_NBO_C1_x|Entry|Energy_C1-O,0.9569343301635777,0.7487800551872359,0.11192546111867804,LOOCV,ln(kobs)_MeCN = -7.15 + 0.91*ln(kobs)_toluene + 6.48*LUMO + 11.20*Ar_NBO_C1_x - 0.00*Entry + 0.84*Energy_C1-O
indigo_aryl_alkyl,ln(kobs)_MeCN,4,kobs_toluene|LUMO|Ar_NBO_C1_x|Entry,0.8761360726352583,0.7487238579534067,0.18981726523700404,LOOCV,ln(kobs)_MeCN = -24.78 + 5.64*kobs_toluene + 10.42*LUMO + 28.70*Ar_NBO_C1_x + 0.01*Entry
indigo_aryl_alkyl,ln(kobs)_MeCN,4,ln(kobs)_toluene|Ar_NBO_=O|L_C1-C2|Ster_B5,0.941593385564801,0.7484621867278713,0.13034497871203196,LOOCV,ln(kobs)_MeCN = -5.18 + 0.89*ln(kobs)_toluene - 14.76*Ar_NBO_=O - 2.01*L_C1-C2 - 0.01*Ster_B5
indigo_aryl_alkyl,ln(kobs)_MeCN,4,ln(kobs)_toluene|Ar_NBO_=O|Ar_v_C=O|LUMO,0.942574858516941,0.7483831368433258,0.12924517114225412,LOOCV,ln(kobs)_MeCN = -21.28 + 0.87*ln(kobs)_toluene - 15.42*Ar_NBO_=O + 0.01*Ar_v_C=O + 2.92*LUMO
indigo_aryl_alkyl,ln(kobs)_MeCN,4,kobs_toluene|HOMO|L_C1-C2|Energy_C1-O,0.9104582600901808,0.7482219991866588,0.16138978890159017,LOOCV,ln(kobs)_MeCN = -0.84 + 8.84*kobs_toluene + 6.84*HOMO + 1.87*L_C1-C2 + 2.06*Energy_C1-O
indigo_aryl_alkyl,ln(kobs)_MeCN,4,kobs_toluene|Ar_NBO_-O|Ar_NBO_C1_x|Energy_C1-O,0.903038830973954,0.7482129582758519,0.1679431174438814,LOOCV,ln(kobs)_MeCN = -27.79 + 8.97*kobs_toluene - 32.02*Ar_NBO_-O + 5.68*Ar_NBO_C1_x + 1.53*Energy_C1-O
indigo_aryl_alkyl,ln(kobs)_MeCN,4,ln(kobs)_toluene|Ar_NBO_-O|Ster_B5|Energy_C1-O,0.9521499270306075,0.7480265316629993,0.11797896753361266,LOOCV,ln(kobs)_MeCN = -14.74 + 0.98*ln(kobs)_toluene - 23.64*Ar_NBO_-O + 0.01*Ster_B5 + 0.97*Energy_C1-O
indigo_aryl_alkyl,ln(kobs)_MeCN,4,ln(kobs)_toluene|Ar_NBO_-O|L_C1-C2|Energy_C1-O,0.9513695678429355,0.747758661299382,0.11893710231624785,LOOCV,ln(kobs)_MeCN = -7.68 + 0.99*ln(kobs)_toluene - 20.42*Ar_NBO_-O - 3.28*L_C1-C2 + 0.83*Energy_C1-O
indigo_aryl_alkyl,ln(kobs)_MeCN,4,kobs_toluene|Ar_NBO_=O|HOMO|Ar_NBO_-O,0.8834339193321795,0.7474495424641715,0.18414052888126253,LOOCV,ln(kobs)_MeCN = -23.61 + 6.97*kobs_toluene - 2.98*Ar_NBO_=O + 4.06*HOMO - 29.81*Ar_NBO_-O
indigo_aryl_alkyl,ln(kobs)_MeCN,5,ln(kobs)_toluene|Ar_NBO_=O|Ar_NBO_-O|Ar_NBO_C1_x|Energy_C1-O,0.951696382778278,0.7473336504814138,0.11853677739588621,LOOCV,ln(kobs)_MeCN = -12.18 + 0.95*ln(kobs)_toluene - 6.58*Ar_NBO_=O - 12.02*Ar_NBO_-O + 1.82*Ar_NBO_C1_x + 0.82*Energy_C1-O
indigo_aryl_alkyl,ln(kobs)_MeCN,3,kobs_toluene|Ar_NBO_C1_x|Ar_I_C=O,0.8409104385295368,0.7472370602901452,0.21512165548626186,LOOCV,ln(kobs)_MeCN = -16.21 + 7.93*kobs_toluene + 16.47*Ar_NBO_C1_x + 0.00*Ar_I_C=O
indigo_aryl_alkyl,ln(kobs)_MeCN,5,ln(kobs)_toluene|Ar_v_C=O|LUMO|Ar_NBO_C1_x|L_C1-C2,0.9535789303440156,0.7466329095483188,0.11620394195205835,LOOCV,ln(kobs)_MeCN = 7.15 + 0.78*ln(kobs)_toluene - 0.00*Ar_v_C=O + 5.40*LUMO + 18.70*Ar_NBO_C1_x - 9.32*L_C1-C2
indigo_aryl_alkyl,ln(kobs)_MeCN,5,ln(kobs)_toluene|Ar_NBO_=O|Ar_NBO_C1_x|L_C1-C2|Energy_C1-O,0.9546149843409101,0.7464586397298086,0.11489986907810122,LOOCV,ln(kobs)_MeCN = 6.08 + 0.93*ln(kobs)_toluene - 6.89*Ar_NBO_=O + 8.94*Ar_NBO_C1_x - 10.66*L_C1-C2 + 0.81*Energy_C1-O
indigo_aryl_alkyl,ln(kobs)_MeCN,5,ln(kobs)_toluene|LUMO|Ar_I_C=O|Ster_B5|Energy_C1-O,0.9524478351995921,0.7462423931483273,0.11761113346414202,LOOCV,ln(kobs)_MeCN = 1.86 + 1.01*ln(kobs)_toluene + 2.98*LUMO + 0.00*Ar_I_C=O + 0.00*Ster_B5 + 1.06*Energy_C1-O
indigo_aryl_alkyl,ln(kobs)_MeCN,4,kobs_toluene|Ar_v_C=O|Ar_NBO_-O|Energy_C1-O,0.9005679776442386,0.7462199058977117,0.1700694962607793,LOOCV,ln(kobs)_MeCN = -13.14 + 9.10*kobs_toluene - 0.00*Ar_v_C=O - 29.10*Ar_NBO_-O + 1.60*Energy_C1-O
indigo_aryl_alkyl,ln(kobs)_MeCN,3,ln(kobs)_toluene|Ar_NBO_=O|Ar_v_C=O,0.9387047231635842,0.7460871801502988,0.13352936829927295,LOOCV,ln(kobs)_MeCN = -12.77 + 0.88*ln(kobs)_toluene - 16.29*Ar_NBO_=O + 0.00*Ar_v_C=O
indigo_aryl_alkyl,ln(kobs)_MeCN,5,ln(kobs)_toluene|Ar_NBO_=O|L_C1-C2|Occupancy_C1-O|Energy_C1-O,0.9583133224052987,0.746047044543279,0.11011891680370862,LOOCV,ln(kobs)_MeCN = -152.62 + 0.96*ln(kobs)_toluene - 14.58*Ar_NBO_=O - 0.67*L_C1-C2 + 73.61*Occupancy_C1-O + 1.06*Energy_C1-O
indigo_aryl_alkyl,ln(kobs)_MeCN,3,kobs_toluene|HOMO|LUMO,0.856793245753832,0.7454167280254123,0.2041009564274598,LOOCV,ln(kobs)_MeCN = -0.07 + 7.06*kobs_toluene + 6.46*HOMO + 2.87*LUMO
indigo_aryl_alkyl,ln(kobs)_MeCN,4,ln(kobs)_toluene|Ar_NBO_-O|polarizability|Energy_C1-O,0.9507018418352955,0.7452664861738778,0.11975085860123123,LOOCV,ln(kobs)_MeCN = -14.00 + 0.99*ln(kobs)_toluene - 22.54*Ar_NBO_-O + 0.00*polarizability + 0.89*Energy_C1-O
indigo_aryl_alkyl,ln(kobs)_MeCN,4,kobs_toluene|HOMO|LUMO|Ster_B5,0.8787135169712653,0.7443012010127421,0.18783196006177477,LOOCV,ln(kobs)_MeCN = 1.45 + 6.95*kobs_toluene + 10.79*HOMO + 0.36*LUMO - 0.06*Ster_B5
indigo_aryl_alkyl,ln(kobs)_MeCN,3,kobs_toluene|Ar_NBO_-O|Ster_L,0.8711531375199683,0.7441609821878026,0.19359770863753448,LOOCV,ln(kobs)_MeCN = -35.90 + 8.04*kobs_toluene - 48.14*Ar_NBO_-O - 0.02*Ster_L
indigo_aryl_alkyl,ln(kobs)_MeCN,4,kobs_toluene|HOMO|Ar_NBO_-O|Ster_B5,0.8893685744645412,0.7439465932138474,0.17939178170791797,LOOCV,ln(kobs)_MeCN = -16.68 + 6.92*kobs_toluene + 7.30*HOMO - 24.15*Ar_NBO_-O - 0.03*Ster_B5
indigo_aryl_alkyl,ln(kobs)_MeCN,4,kobs_toluene|Ar_NBO_-O|Ar_I_C=O|Occupancy_C1-O,0.8806119313977107,0.7438936417145192,0.18635615971267944,LOOCV,ln(kobs)_MeCN = -210.06 + 7.87*kobs_toluene - 51.14*Ar_NBO_-O + 0.00*Ar_I_C=O + 86.16*Occupancy_C1-O
indigo_aryl_alkyl,ln(kobs)_MeCN,4,kobs_toluene|Ar_NBO_-O|LUMO|Energy_C1-O,0.9000781991617662,0.7437848044354705,0.17048784266035732,LOOCV,ln(kobs)_MeCN = -23.63 + 9.21*kobs_toluene - 32.69*Ar_NBO_-O + 0.29*LUMO + 1.59*Energy_C1-O
indigo_aryl_alkyl,ln(kobs)_MeCN,5,ln(kobs)_toluene|kobs_toluene|Ar_NBO_=O|Ster_L|Energy_C1-O,0.9525921517515956,0.7436613246679564,0.11743252823166776,LOOCV,ln(kobs)_MeCN = -7.33 + 0.99*ln(kobs)_toluene - 0.49*kobs_toluene - 15.09*Ar_NBO_=O - 0.02*Ster_L + 0.57*Energy_C1-O
indigo_aryl_alkyl,ln(kobs)_MeCN,4,ln(kobs)_toluene|Ar_NBO_-O|Ar_NBO_C1_x|Energy_C1-O,0.9508126896298879,0.7435456831988072,0.11961615185715332,LOOCV,ln(kobs)_MeCN = -15.67 + 0.98*ln(kobs)_toluene - 23.16*Ar_NBO_-O + 1.43*Ar_NBO_C1_x + 0.81*Energy_C1-O
indigo_aryl_alkyl,ln(kobs)_MeCN,3,ln(kobs)_toluene|Ar_I_C=O|Energy_C1-O,0.9476145093125744,0.7424826877017068,0.12344366211263114,LOOCV,ln(kobs)_MeCN = 1.76 + 1.05*ln(kobs)_toluene + 0.00*Ar_I_C=O + 1.11*Energy_C1-O
indigo_aryl_alkyl,ln(kobs)_MeCN,4,kobs_MeCN|kobs_toluene|L_C1-C2|Energy_C1-O,0.9295441177863393,0.7416660324957314,0.14316007514126877,LOOCV,ln(kobs)_MeCN = 2.87 + 3.67*kobs_MeCN + 0.78*kobs_toluene - 3.39*L_C1-C2 + 0.33*Energy_C1-O
indigo_aryl_alkyl,ln(kobs)_MeCN,4,kobs_toluene|HOMO|Ster_L|Ster_B5,0.8795371015798327,0.7416591488983024,0.18719314601492354,LOOCV,ln(kobs)_MeCN = 1.41 + 6.84*kobs_toluene + 10.92*HOMO + 0.01*Ster_L - 0.06*Ster_B5
indigo_aryl_alkyl,ln(kobs)_MeCN,4,kobs_toluene|Ar_NBO_-O|polarizability|Ster_B5,0.8983460156826892,0.7413491168743797,0.17195922999059562,LOOCV,ln(kobs)_MeCN = -47.31 + 7.91*kobs_toluene - 64.37*Ar_NBO_-O - 0.00*polarizability + 0.10*Ster_B5
indigo_aryl_alkyl,ln(kobs)_MeCN,5,ln(kobs)_toluene|Ar_NBO_=O|LUMO|polarizability|Energy_C1-O,0.9538135140873867,0.7412342584791072,0.11590995819125277,LOOCV,ln(kobs)_MeCN = -2.30 + 0.94*ln(kobs)_toluene - 7.10*Ar_NBO_=O + 2.92*LUMO + 0.00*polarizability + 1.05*Energy_C1-O
indigo_aryl_alkyl,ln(kobs)_MeCN,5,ln(kobs)_toluene|Ar_NBO_-O|Ster_B1|Ster_B5|Energy_C1-O,0.9525548164763822,0.7409218734875073,0.11747876016426312,LOOCV,ln(kobs)_MeCN = -14.16 + 0.97*ln(kobs)_toluene - 23.01*Ar_NBO_-O + 0.09*Ster_B1 + 0.01*Ster_B5 + 1.27*Energy_C1-O
indigo_aryl_alkyl,ln(kobs)_MeCN,5,ln(kobs)_toluene|Ar_NBO_=O|Ar_v_C=O|Ar_I_C=O|Energy_C1-O,0.9550818324419338,0.7405593176193903,0.11430738892232083,LOOCV,ln(kobs)_MeCN = -11.68 + 0.96*ln(kobs)_toluene - 11.23*Ar_NBO_=O + 0.00*Ar_v_C=O + 0.00*Ar_I_C=O + 0.91*Energy_C1-O
indigo_aryl_alkyl,ln(kobs)_MeCN,5,ln(kobs)_toluene|Ar_v_C=O|Ar_NBO_-O|LUMO|Energy_C1-O,0.9538177255160101,0.7404755493201374,0.11590467355404552,LOOCV,ln(kobs)_MeCN = -10.22 + 0.97*ln(kobs)_toluene - 0.00*Ar_v_C=O - 17.23*Ar_NBO_-O + 2.50*LUMO + 0.84*Energy_C1-O
indigo_aryl_alkyl,ln(kobs)_MeCN,5,ln(kobs)_toluene|kobs_toluene|Ar_NBO_=O|Ar_v_C=O|Ster_L,0.951640891536398,0.740145247803619,0.11860484543422853,LOOCV,ln(kobs)_MeCN = -28.36 + 1.08*ln(kobs)_toluene - 1.54*kobs_toluene - 23.31*Ar_NBO_=O + 0.01*Ar_v_C=O - 0.04*Ster_L
indigo_aryl_alkyl,ln(kobs)_MeCN,5,ln(kobs)_toluene|Ar_NBO_-O|L_C1-C2|Ster_B1|Energy_C1-O,0.9515051292938885,0.739908127246295,0.11877121300176445,LOOCV,ln(kobs)_MeCN = -7.34 + 0.99*ln(kobs)_toluene - 20.05*Ar_NBO_-O - 3.27*L_C1-C2 + 0.05*Ster_B1 + 1.00*Energy_C1-O
indigo_aryl_alkyl,ln(kobs)_MeCN,4,kobs_toluene|Ar_NBO_=O|Ar_v_C=O|Energy_C1-O,0.9057244145428848,0.739750947244973,0.1656009821052754,LOOCV,ln(kobs)_MeCN = -24.36 + 8.60*kobs_toluene - 21.97*Ar_NBO_=O + 0.01*Ar_v_C=O + 1.59*Energy_C1-O
indigo_aryl_alkyl,ln(kobs)_MeCN,4,kobs_toluene|LUMO|Ar_NBO_C1_x|Ster_B1,0.8875898237448565,0.7395869814138935,0.18082817674215962,LOOCV,ln(kobs)_MeCN = -20.05 + 7.35*kobs_toluene + 9.17*LUMO + 23.31*Ar_NBO_C1_x - 0.30*Ster_B1
indigo_aryl_alkyl,ln(kobs)_MeCN,5,ln(kobs)_toluene|Ar_I_C=O|polarizability|Occupancy_C1-O|Energy_C1-O,0.9527154352792833,0.7394565879982178,0.117279737910267,LOOCV,ln(kobs)_MeCN = -112.07 + 1.07*ln(kobs)_toluene + 0.00*Ar_I_C=O + 0.00*polarizability + 57.34*Occupancy_C1-O + 1.58*Energy_C1-O
indigo_aryl_alkyl,ln(kobs)_MeCN,5,ln(kobs)_toluene|Ar_NBO_=O|Ar_NBO_-O|polarizability|Energy_C1-O,0.9515187075976078,0.7389247798054775,0.11875458418635343,LOOCV,ln(kobs)_MeCN = -11.12 + 0.95*ln(kobs)_toluene - 7.96*Ar_NBO_=O - 11.32*Ar_NBO_-O - 0.00*polarizability + 0.73*Energy_C1-O
indigo_aryl_alkyl,ln(kobs)_MeCN,4,ln(kobs)_toluene|Ar_NBO_=O|Ar_v_C=O|Entry,0.9421762407615337,0.7383858111333452,0.12969297433339713,LOOCV,ln(kobs)_MeCN = 0.22 + 0.92*ln(kobs)_toluene - 12.65*Ar_NBO_=O - 0.00*Ar_v_C=O - 0.01*Entry
indigo_aryl_alkyl,ln(kobs)_MeCN,4,kobs_toluene|Ar_NBO_=O|Ar_NBO_-O|Ar_I_C=O,0.8754762867994302,0.7383754385788717,0.19032214349779647,LOOCV,ln(kobs)_MeCN = -23.23 + 7.17*kobs_toluene - 15.84*Ar_NBO_=O - 16.26*Ar_NBO_-O + 0.00*Ar_I_C=O
indigo_aryl_alkyl,ln(kobs)_MeCN,4,kobs_toluene|Ar_v_C=O|Ar_I_C=O|Energy_C1-O,0.8901336603028217,0.7383131720278917,0.17877040207823036,LOOCV,ln(kobs)_MeCN = 29.24 + 9.27*kobs_toluene - 0.02*Ar_v_C=O + 0.00*Ar_I_C=O + 1.88*Energy_C1-O
indigo_aryl_alkyl,ln(kobs)_MeCN,4,kobs_toluene|Ar_NBO_=O|HOMO|Ar_I_C=O,0.878782024037835,0.7377572623828963,0.1877789053691253,LOOCV,ln(kobs)_MeCN = -12.57 + 6.66*kobs_toluene - 19.07*Ar_NBO_=O + 3.22*HOMO - 0.00*Ar_I_C=O
indigo_aryl_alkyl,ln(kobs)_MeCN,4,ln(kobs)_toluene|Entry|L_C1-C2|Energy_C1-O,0.9465985577448822,0.7375405517975111,0.12463493234637141,LOOCV,ln(kobs)_MeCN = 19.25 + 1.10*ln(kobs)_toluene - 0.01*Entry - 11.50*L_C1-C2 + 0.91*Energy_C1-O
indigo_aryl_alkyl,ln(kobs)_MeCN,4,kobs_toluene|Ar_NBO_=O|LUMO|Ar_NBO_C1_x,0.8895172877720948,0.7373709621616313,0.17927116988182873,LOOCV,ln(kobs)_MeCN = -24.85 + 6.05*kobs_toluene - 16.11*Ar_NBO_=O + 5.24*LUMO + 16.54*Ar_NBO_C1_x
indigo_aryl_alkyl,ln(kobs)_MeCN,5,ln(kobs)_toluene|Ar_NBO_=O|Entry|L_C1-C2|Energy_C1-O,0.9532921452168315,0.7369962903844309,0.11656233793827593,LOOCV,ln(kobs)_MeCN = 4.48 + 0.99*ln(kobs)_toluene - 9.66*Ar_NBO_=O - 0.01*Entry - 5.72*L_C1-C2 + 0.79*Energy_C1-O
indigo_aryl_alkyl,ln(kobs)_MeCN,5,ln(kobs)_toluene|Ar_NBO_-O|polarizability|L_C1-C2|Energy_C1-O,0.9516377118091293,0.7364837349216886,0.11860874464653935,LOOCV,ln(kobs)_MeCN = -5.26 + 0.99*ln(kobs)_toluene - 18.27*Ar_NBO_-O + 0.00*polarizability - 3.81*L_C1-C2 + 0.97*Energy_C1-O
indigo_aryl_alkyl,ln(kobs)_MeCN,3,kobs_toluene|Ar_NBO_=O|Ar_v_C=O,0.8743930420039712,0.7361004271664275,0.19114816708002877,LOOCV,ln(kobs)_MeCN = -33.89 + 7.04*kobs_toluene - 29.04*Ar_NBO_=O + 0.01*Ar_v_C=O
indigo_aryl_alkyl,ln(kobs)_MeCN,4,kobs_MeCN|Ar_NBO_C1_x|Entry|Energy_C1-O,0.9394676636731505,0.7359557527224866,0.13269574810355675,LOOCV,ln(kobs)_MeCN = -7.24 + 3.66*kobs_MeCN + 6.43*Ar_NBO_C1_x + 0.01*Entry + 0.47*Energy_C1-O
indigo_aryl_alkyl,ln(kobs)_MeCN,4,ln(kobs)_toluene|Ster_L|Ar_I_C=O|Energy_C1-O,0.9477290516807155,0.7358382057030669,0.12330863171788567,LOOCV,ln(kobs)_MeCN = 1.75 + 1.05*ln(kobs)_toluene + 0.00*Ster_L + 0.00*Ar_I_C=O + 1.15*Energy_C1-O
indigo_aryl_alkyl,ln(kobs)_MeCN,4,kobs_toluene|HOMO|Ar_v_C=O|Ster_B5,0.8790337765316142,0.7349073361074567,0.18758380898141724,LOOCV,ln(kobs)_MeCN = 7.70 + 6.92*kobs_toluene + 10.26*HOMO - 0.00*Ar_v_C=O - 0.05*Ster_B5
indigo_aryl_alkyl,ln(kobs)_MeCN,5,ln(kobs)_toluene|LUMO|polarizability|Ster_B5|Energy_C1-O,0.9532688172549212,0.7347761296624318,0.11659144248995856,LOOCV,ln(kobs)_MeCN = 2.48 + 0.98*ln(kobs)_toluene + 4.41*LUMO + 0.00*polarizability - 0.02*Ster_B5 + 1.48*Energy_C1-O
indigo_aryl_alkyl,ln(kobs)_MeCN,4,ln(kobs)_toluene|Ar_v_C=O|Occupancy_C1-O|Energy_C1-O,0.9490220299711665,0.7346806439710597,0.12177399606765535,LOOCV,ln(kobs)_MeCN = -68.39 + 1.01*ln(kobs)_toluene - 0.01*Ar_v_C=O + 48.64*Occupancy_C1-O + 1.17*Energy_C1-O
indigo_aryl_alkyl,ln(kobs)_MeCN,4,kobs_toluene|Ar_NBO_-O|Ster_L|L_C1-C2,0.874370881552022,0.7346706105424297,0.19116502818001382,LOOCV,ln(kobs)_MeCN = -52.16 + 8.14*kobs_toluene - 55.70*Ar_NBO_-O - 0.03*Ster_L + 7.43*L_C1-C2
indigo_aryl_alkyl,ln(kobs)_MeCN,4,kobs_toluene|Ar_NBO_=O|HOMO|Ar_v_C=O,0.8813898711161166,0.7346524064503811,0.18574801353338039,LOOCV,ln(kobs)_MeCN = -38.59 + 6.74*kobs_toluene - 25.19*Ar_NBO_=O + 3.56*HOMO + 0.01*Ar_v_C=O
indigo_aryl_alkyl,ln(kobs)_MeCN,3,kobs_toluene|Ar_NBO_=O|Occupancy_C1-O,0.8810162702374684,0.7345961638748202,0.18604032019231959,LOOCV,ln(kobs)_MeCN = -162.48 + 6.97*kobs_toluene - 27.37*Ar_NBO_=O + 72.13*Occupancy_C1-O
indigo_aryl_alkyl,ln(kobs)_MeCN,4,kobs_toluene|HOMO|Ster_B5|Occupancy_C1-O,0.8796088830845762,0.734548025807656,0.18713736532151395,LOOCV,ln(kobs)_MeCN = -47.50 + 7.06*kobs_toluene + 11.16*HOMO - 0.06*Ster_B5 + 24.60*Occupancy_C1-O
indigo_aryl_alkyl,ln(kobs)_MeCN,5,ln(kobs)_toluene|Ar_NBO_=O|Ar_I_C=O|L_C1-C2|Energy_C1-O,0.9548807776830669,0.7343837641084333,0.11456292455654249,LOOCV,ln(kobs)_MeCN = -3.22 + 0.96*ln(kobs)_toluene - 9.12*Ar_NBO_=O + 0.00*Ar_I_C=O - 0.52*L_C1-C2 + 0.92*Energy_C1-O
indigo_aryl_alkyl,ln(kobs)_MeCN,4,ln(kobs)_toluene|Ar_I_C=O|Ster_B5|Energy_C1-O,0.9477905954836622,0.7343785401439841,0.12323601856010698,LOOCV,ln(kobs)_MeCN = 1.70 + 1.05*ln(kobs)_toluene + 0.00*Ar_I_C=O - 0.00*Ster_B5 + 1.05*Energy_C1-O
indigo_aryl_alkyl,ln(kobs)_MeCN,4,kobs_toluene|Ar_NBO_-O|Ster_L|Energy_C1-O,0.903065409806405,0.734220522421678,0.16792009772390332,LOOCV,ln(kobs)_MeCN = -19.69 + 9.24*kobs_toluene - 27.23*Ar_NBO_-O + 0.02*Ster_L + 1.91*Energy_C1-O
indigo_aryl_alkyl,ln(kobs)_MeCN,3,kobs_toluene|Ar_NBO_=O|LUMO,0.8734823022820117,0.734207463558067,0.19183989549999964,LOOCV,ln(kobs)_MeCN = -16.42 + 6.92*kobs_toluene - 23.73*Ar_NBO_=O + 0.68*LUMO
indigo_aryl_alkyl,ln(kobs)_MeCN,3,HOMO|LUMO|Ar_NBO_C1_x,0.8011005527029089,0.7331400340058183,0.24053599589752914,LOOCV,ln(kobs)_MeCN = -32.44 + 10.05*HOMO + 13.74*LUMO + 43.17*Ar_NBO_C1_x
indigo_aryl_alkyl,ln(kobs)_MeCN,4,kobs_toluene|Ar_NBO_=O|Ar_v_C=O|Ar_I_C=O,0.8755975606995328,0.7329631263902456,0.19022944335881328,LOOCV,ln(kobs)_MeCN = -37.59 + 7.05*kobs_toluene - 28.81*Ar_NBO_=O + 0.01*Ar_v_C=O + 0.00*Ar_I_C=O
indigo_aryl_alkyl,ln(kobs)_MeCN,4,ln(kobs)_toluene|LUMO|Entry|Energy_C1-O,0.9504109039107508,0.7323689027543916,0.12010369951520448,LOOCV,ln(kobs)_MeCN = 2.22 + 1.03*ln(kobs)_toluene + 4.71*LUMO - 0.01*Entry + 0.92*Energy_C1-O
indigo_aryl_alkyl,ln(kobs)_MeCN,3,kobs_toluene|Ar_NBO_-O|Ster_B1,0.8844582976868212,0.7322174851399706,0.18332963338179212,LOOCV,ln(kobs)_MeCN = -30.39 + 8.76*kobs_toluene - 40.73*Ar_NBO_-O - 0.29*Ster_B1
indigo_aryl_alkyl,ln(kobs)_MeCN,3,kobs_toluene|Ar_NBO_=O|Entry,0.8734177444294906,0.7320350199712564,0.1918888340770583,LOOCV,ln(kobs)_MeCN = -16.96 + 7.04*kobs_toluene - 24.59*Ar_NBO_=O - 0.00*Entry
indigo_aryl_alkyl,ln(kobs)_MeCN,5,ln(kobs)_toluene|Ar_v_C=O|Ar_NBO_-O|polarizability|Energy_C1-O,0.9510936385128639,0.731841602681867,0.11927404990650138,LOOCV,ln(kobs)_MeCN = -4.81 + 0.98*ln(kobs)_toluene - 0.00*Ar_v_C=O - 19.15*Ar_NBO_-O + 0.00*polarizability + 0.89*Energy_C1-O
indigo_aryl_alkyl,ln(kobs)_MeCN,4,ln(kobs)_toluene|LUMO|polarizability|Energy_C1-O,0.9523546992842655,0.731640539893295,0.11772625400920533,LOOCV,ln(kobs)_MeCN = 2.45 + 0.98*ln(kobs)_toluene + 4.36*LUMO + 0.00*polarizability + 1.44*Energy_C1-O
indigo_aryl_alkyl,ln(kobs)_MeCN,5,ln(kobs)_toluene|LUMO|polarizability|Ster_B1|Energy_C1-O,0.953106278902222,0.7315550687728214,0.11679402811066825,LOOCV,ln(kobs)_MeCN = 2.61 + 0.98*ln(kobs)_toluene + 4.32*LUMO + 0.00*polarizability + 0.12*Ster_B1 + 1.81*Energy_C1-O
indigo_aryl_alkyl,ln(kobs)_MeCN,5,ln(kobs)_toluene|LUMO|polarizability|Occupancy_C1-O|Energy_C1-O,0.9550473685468852,0.730875022701612,0.11435123223459762,LOOCV,ln(kobs)_MeCN = -86.84 + 1.01*ln(kobs)_toluene + 3.96*LUMO + 0.00*polarizability + 44.92*Occupancy_C1-O + 1.69*Energy_C1-O
indigo_aryl_alkyl,ln(kobs)_MeCN,5,ln(kobs)_toluene|kobs_toluene|Ar_NBO_C1_x|L_C1-C2|Energy_C1-O,0.9521929845284393,0.7305933508957634,0.11792587438129486,LOOCV,ln(kobs)_MeCN = 16.77 + 1.03*ln(kobs)_toluene - 0.70*kobs_toluene + 12.93*Ar_NBO_C1_x - 17.04*L_C1-C2 + 0.77*Energy_C1-O
indigo_aryl_alkyl,ln(kobs)_MeCN,4,kobs_toluene|Ar_v_C=O|Ster_B1|Energy_C1-O,0.893274298837414,0.7302806403471367,0.17619671101473108,LOOCV,ln(kobs)_MeCN = 34.57 + 9.08*kobs_toluene - 0.02*Ar_v_C=O + 0.31*Ster_B1 + 2.84*Energy_C1-O
indigo_aryl_alkyl,ln(kobs)_MeCN,4,kobs_toluene|Ar_NBO_=O|Ar_v_C=O|Ar_NBO_-O,0.8757886979779775,0.7302802148319263,0.1900832488176437,LOOCV,ln(kobs)_MeCN = -38.46 + 7.23*kobs_toluene - 21.22*Ar_NBO_=O + 0.01*Ar_v_C=O - 15.38*Ar_NBO_-O
indigo_aryl_alkyl,ln(kobs)_MeCN,5,ln(kobs)_toluene|Ar_NBO_=O|Ar_v_C=O|Occupancy_C1-O|Energy_C1-O,0.9586637964358782,0.7301253870476974,0.10965503621313259,LOOCV,ln(kobs)_MeCN = -174.22 + 0.96*ln(kobs)_toluene - 17.85*Ar_NBO_=O + 0.00*Ar_v_C=O + 78.73*Occupancy_C1-O + 1.05*Energy_C1-O
indigo_aryl_alkyl,ln(kobs)_MeCN,5,ln(kobs)_toluene|LUMO|Ster_L|Occupancy_C1-O|Energy_C1-O,0.955519027267017,0.7298787094460533,0.11374974377019503,LOOCV,ln(kobs)_MeCN = -127.59 + 0.97*ln(kobs)_toluene + 4.87*LUMO + 0.04*Ster_L + 65.18*Occupancy_C1-O + 1.58*Energy_C1-O
indigo_aryl_alkyl,ln(kobs)_MeCN,4,ln(kobs)_toluene|Ar_I_C=O|polarizability|Energy_C1-O,0.9481683178122016,0.7292359879094996,0.12278941803932047,LOOCV,ln(kobs)_MeCN = 1.90 + 1.05*ln(kobs)_toluene + 0.00*Ar_I_C=O + 0.00*polarizability + 1.26*Energy_C1-O
indigo_aryl_alkyl,ln(kobs)_MeCN,5,ln(kobs)_toluene|Ar_v_C=O|Ster_L|Occupancy_C1-O|Energy_C1-O,0.9509506044483312,0.7287066851166742,0.11944834008080003,LOOCV,ln(kobs)_MeCN = -114.91 + 1.00*ln(kobs)_toluene - 0.01*Ar_v_C=O + 0.02*Ster_L + 71.30*Occupancy_C1-O + 1.43*Energy_C1-O
indigo_aryl_alkyl,ln(kobs)_MeCN,5,ln(kobs)_toluene|Ar_NBO_-O|Ar_NBO_C1_x|Ster_B5|Energy_C1-O,0.9524475984499563,0.7285207550985631,0.1176114262411215,LOOCV,ln(kobs)_MeCN = -16.05 + 0.97*ln(kobs)_toluene - 23.36*Ar_NBO_-O + 1.83*Ar_NBO_C1_x + 0.01*Ster_B5 + 0.96*Energy_C1-O
indigo_aryl_alkyl,ln(kobs)_MeCN,4,kobs_toluene|LUMO|Ar_NBO_C1_x|Ster_B5,0.8736521472320313,0.728152801651393,0.1917110835600364,LOOCV,ln(kobs)_MeCN = -22.67 + 6.04*kobs_toluene + 10.59*LUMO + 26.06*Ar_NBO_C1_x + 0.01*Ster_B5
indigo_aryl_alkyl,ln(kobs)_MeCN,4,kobs_toluene|Ar_NBO_=O|Ar_NBO_C1_x|Ster_B5,0.8821894534525802,0.7275650650218278,0.18512086649337525,LOOCV,ln(kobs)_MeCN = -23.43 + 6.72*kobs_toluene - 23.87*Ar_NBO_=O + 8.66*Ar_NBO_C1_x - 0.01*Ster_B5
indigo_aryl_alkyl,ln(kobs)_MeCN,4,kobs_MeCN|kobs_toluene|Entry|Energy_C1-O,0.9364644108972737,0.727374597611081,0.1359476859380502,LOOCV,ln(kobs)_MeCN = -2.17 + 3.96*kobs_MeCN - 0.32*kobs_toluene + 0.01*Entry + 0.38*Energy_C1-O
indigo_aryl_alkyl,ln(kobs)_MeCN,4,kobs_toluene|Ar_v_C=O|Occupancy_C1-O|Energy_C1-O,0.897932123448325,0.7272956167783458,0.1723089471772955,LOOCV,ln(kobs)_MeCN = -127.45 + 9.72*kobs_toluene - 0.02*Ar_v_C=O + 82.27*Occupancy_C1-O + 2.19*Energy_C1-O
indigo_aryl_alkyl,ln(kobs)_MeCN,5,ln(kobs)_toluene|Ar_NBO_-O|L_C1-C2|Ster_B5|Energy_C1-O,0.9529316499379626,0.7271300680507506,0.1170112924585153,LOOCV,ln(kobs)_MeCN = -7.59 + 0.98*ln(kobs)_toluene - 20.59*Ar_NBO_-O - 3.36*L_C1-C2 + 0.01*Ster_B5 + 0.98*Energy_C1-O
indigo_aryl_alkyl,ln(kobs)_MeCN,3,kobs_toluene|HOMO|Ster_L,0.852893164924535,0.7271032522041616,0.20686152166247165,LOOCV,ln(kobs)_MeCN = 0.24 + 7.43*kobs_toluene + 7.68*HOMO - 0.01*Ster_L
indigo_aryl_alkyl,ln(kobs)_MeCN,4,kobs_toluene|Ar_NBO_=O|Ar_NBO_C1_x|Entry,0.8822645121898602,0.7264168121232819,0.18506188555847436,LOOCV,ln(kobs)_MeCN = -24.70 + 6.38*kobs_toluene - 23.06*Ar_NBO_=O + 10.79*Ar_NBO_C1_x + 0.00*Entry
indigo_aryl_alkyl,ln(kobs)_MeCN,5,ln(kobs)_toluene|Ar_v_C=O|polarizability|Occupancy_C1-O|Energy_C1-O,0.9512530643201129,0.7261487799757419,0.11907948540535195,LOOCV,ln(kobs)_MeCN = -96.60 + 1.02*ln(kobs)_toluene - 0.01*Ar_v_C=O + 0.00*polarizability + 60.51*Occupancy_C1-O + 1.54*Energy_C1-O
indigo_aryl_alkyl,ln(kobs)_MeCN,4,kobs_toluene|Ar_NBO_=O|HOMO|Occupancy_C1-O,0.8835431516007372,0.7261153081198344,0.18405423104081453,LOOCV,ln(kobs)_MeCN = -133.91 + 6.76*kobs_toluene - 22.94*Ar_NBO_=O + 2.18*HOMO + 59.50*Occupancy_C1-O
indigo_aryl_alkyl,ln(kobs)_MeCN,4,kobs_toluene|Ar_v_C=O|Ar_NBO_-O|L_C1-C2,0.8766859311408234,0.7258247036570944,0.1893954768642295,LOOCV,ln(kobs)_MeCN = -3.01 + 6.92*kobs_toluene - 0.03*Ar_v_C=O - 33.83*Ar_NBO_-O + 17.93*L_C1-C2
indigo_aryl_alkyl,ln(kobs)_MeCN,4,kobs_toluene|Ar_NBO_-O|Ar_NBO_C1_x|Ster_B5,0.8767159926019512,0.7257924995346459,0.1893723900751442,LOOCV,ln(kobs)_MeCN = -39.62 + 7.36*kobs_toluene - 43.57*Ar_NBO_-O + 8.45*Ar_NBO_C1_x + 0.01*Ster_B5
indigo_aryl_alkyl,ln(kobs)_MeCN,4,kobs_toluene|Ar_v_C=O|L_C1-C2|Energy_C1-O,0.9019224501884735,0.7255750222355013,0.1689071728738474,LOOCV,ln(kobs)_MeCN = 45.96 + 8.18*kobs_toluene - 0.04*Ar_v_C=O + 23.21*L_C1-C2 + 1.78*Energy_C1-O
indigo_aryl_alkyl,ln(kobs)_MeCN,4,kobs_toluene|Ar_v_C=O|Ar_NBO_-O|Occupancy_C1-O,0.8799421576228766,0.7254378369618993,0.18687816288471754,LOOCV,ln(kobs)_MeCN = -219.47 + 7.95*kobs_toluene + 0.00*Ar_v_C=O - 54.07*Ar_NBO_-O + 89.10*Occupancy_C1-O
indigo_aryl_alkyl,ln(kobs)_MeCN,5,ln(kobs)_toluene|kobs_toluene|Ar_NBO_=O|Entry|Energy_C1-O,0.9514277583357531,0.7254321295945362,0.11886592178251533,LOOCV,ln(kobs)_MeCN = -5.75 + 0.95*ln(kobs)_toluene + 0.15*kobs_toluene - 12.39*Ar_NBO_=O - 0.00*Entry + 0.84*Energy_C1-O
indigo_aryl_alkyl,ln(kobs)_MeCN,4,kobs_toluene|Ar_v_C=O|Ar_NBO_C1_x|polarizability,0.8889089386724186,0.7252455168419285,0.1797640512405765,LOOCV,ln(kobs)_MeCN = 49.81 + 6.19*kobs_toluene - 0.04*Ar_v_C=O + 22.68*Ar_NBO_C1_x - 0.00*polarizability
indigo_aryl_alkyl,ln(kobs)_MeCN,3,kobs_toluene|Ar_v_C=O|Ar_I_C=O,0.8433708170708,0.7252059070494914,0.2134517059974136,LOOCV,ln(kobs)_MeCN = 41.74 + 7.57*kobs_toluene - 0.02*Ar_v_C=O + 0.00*Ar_I_C=O
indigo_aryl_alkyl,ln(kobs)_MeCN,4,kobs_toluene|Ar_NBO_-O|Entry|Energy_C1-O,0.901121035207673,0.7249166102458875,0.1695958592176369,LOOCV,ln(kobs)_MeCN = -23.76 + 9.09*kobs_toluene - 32.92*Ar_NBO_-O + 0.00*Entry + 1.66*Energy_C1-O
indigo_aryl_alkyl,ln(kobs)_MeCN,3,kobs_toluene|HOMO|Occupancy_C1-O,0.8521670067038447,0.7245905587714807,0.20737145471997423,LOOCV,ln(kobs)_MeCN = 13.34 + 7.30*kobs_toluene + 7.40*HOMO - 6.65*Occupancy_C1-O
indigo_aryl_alkyl,ln(kobs)_MeCN,4,kobs_toluene|Ar_NBO_=O|HOMO|Entry,0.8802365369624566,0.7237958651695129,0.18664891157878052,LOOCV,ln(kobs)_MeCN = -11.90 + 6.85*kobs_toluene - 18.14*Ar_NBO_=O + 3.62*HOMO - 0.00*Entry
indigo_aryl_alkyl,ln(kobs)_MeCN,5,ln(kobs)_toluene|kobs_toluene|Ar_NBO_-O|Ster_L|Energy_C1-O,0.9522808120000902,0.7237553518214298,0.11781750228885085,LOOCV,ln(kobs)_MeCN = -17.51 + 1.02*ln(kobs)_toluene - 0.29*kobs_toluene - 27.48*Ar_NBO_-O - 0.02*Ster_L + 0.56*Energy_C1-O
indigo_aryl_alkyl,ln(kobs)_MeCN,3,kobs_toluene|Ar_NBO_=O|Ster_L,0.8781517995795817,0.7236762274720794,0.18826641325492616,LOOCV,ln(kobs)_MeCN = -18.30 + 7.16*kobs_toluene - 27.15*Ar_NBO_=O - 0.03*Ster_L
indigo_aryl_alkyl,ln(kobs)_MeCN,4,kobs_toluene|Ar_NBO_=O|HOMO|LUMO,0.8787801580784163,0.7234374527147887,0.18778035064349954,LOOCV,ln(kobs)_MeCN = -12.40 + 6.65*kobs_toluene - 18.65*Ar_NBO_=O + 3.03*HOMO + 0.35*LUMO
indigo_aryl_alkyl,ln(kobs)_MeCN,4,kobs_toluene|Ar_NBO_-O|Entry|Occupancy_C1-O,0.8804646277405975,0.7233917429624366,0.1864710894623424,LOOCV,ln(kobs)_MeCN = -223.32 + 8.06*kobs_toluene - 53.47*Ar_NBO_-O - 0.00*Entry + 92.06*Occupancy_C1-O
indigo_aryl_alkyl,ln(kobs)_MeCN,4,kobs_toluene|Ar_NBO_=O|Ar_NBO_-O|Occupancy_C1-O,0.8849315366372682,0.7223677374931363,0.18295380482313836,LOOCV,ln(kobs)_MeCN = -198.08 + 7.32*kobs_toluene - 15.26*Ar_NBO_=O - 26.36*Ar_NBO_-O + 84.36*Occupancy_C1-O
indigo_aryl_alkyl,ln(kobs)_MeCN,3,kobs_toluene|HOMO|polarizability,0.8760972556711264,0.7221662926392094,0.18984700574725638,LOOCV,ln(kobs)_MeCN = 1.38 + 7.37*kobs_toluene + 10.67*HOMO - 0.00*polarizability
indigo_aryl_alkyl,ln(kobs)_MeCN,5,ln(kobs)_toluene|LUMO|Ster_L|polarizability|Energy_C1-O,0.9523860005069766,0.7220854413953842,0.11768757673082912,LOOCV,ln(kobs)_MeCN = 2.41 + 0.98*ln(kobs)_toluene + 4.46*LUMO + 0.00*Ster_L + 0.00*polarizability + 1.43*Energy_C1-O
indigo_aryl_alkyl,ln(kobs)_MeCN,3,kobs_toluene|Ar_NBO_=O|Ster_B5,0.8751166390226401,0.7218499899419186,0.1905967883101604,LOOCV,ln(kobs)_MeCN = -17.25 + 7.04*kobs_toluene - 25.14*Ar_NBO_=O - 0.01*Ster_B5
indigo_aryl_alkyl,ln(kobs)_MeCN,4,ln(kobs)_toluene|Ar_NBO_=O|Ar_v_C=O|Ster_B1,0.9453772223406411,0.7214268858071593,0.1260521273358345,LOOCV,ln(kobs)_MeCN = -9.90 + 0.93*ln(kobs)_toluene - 14.39*Ar_NBO_=O + 0.00*Ar_v_C=O - 0.18*Ster_B1
indigo_aryl_alkyl,ln(kobs)_MeCN,5,kobs_MeCN|ln(kobs)_toluene|Ar_NBO_=O|polarizability|L_C1-C2,0.9676032526462579,0.7213385160713605,0.09707647399916851,LOOCV,ln(kobs)_MeCN = -8.72 + 1.75*kobs_MeCN + 0.50*ln(kobs)_toluene - 12.47*Ar_NBO_=O - 0.00*polarizability + 0.36*L_C1-C2
indigo_aryl_alkyl,ln(kobs)_MeCN,4,kobs_toluene|Ar_NBO_=O|Ar_I_C=O|Occupancy_C1-O,0.8813795584305316,0.7187795760468574,0.18575608838855429,LOOCV,ln(kobs)_MeCN = -159.81 + 6.97*kobs_toluene - 26.58*Ar_NBO_=O + 0.00*Ar_I_C=O + 70.99*Occupancy_C1-O
indigo_aryl_alkyl,ln(kobs)_MeCN,3,kobs_toluene|Ar_NBO_C1_x|L_C1-C2,0.8593787118630251,0.7184184873865197,0.20225013723478263,LOOCV,ln(kobs)_MeCN = 15.24 + 7.33*kobs_toluene + 27.35*Ar_NBO_C1_x - 26.58*L_C1-C2
indigo_aryl_alkyl,ln(kobs)_MeCN,3,kobs_toluene|Ar_v_C=O|Entry,0.8445035900494688,0.7179098306535985,0.2126784430565719,LOOCV,ln(kobs)_MeCN = 50.14 + 7.79*kobs_toluene - 0.03*Ar_v_C=O - 0.01*Entry
indigo_aryl_alkyl,ln(kobs)_MeCN,5,ln(kobs)_toluene|LUMO|Entry|Occupancy_C1-O|Energy_C1-O,0.9514619123689013,0.7178460774143647,0.11882412358247665,LOOCV,ln(kobs)_MeCN = -51.06 + 1.06*ln(kobs)_toluene + 4.48*LUMO - 0.01*Entry + 26.78*Occupancy_C1-O + 1.00*Energy_C1-O
indigo_aryl_alkyl,ln(kobs)_MeCN,4,kobs_toluene|Ar_NBO_C1_x|L_C1-C2|Ster_B1,0.8799774750106301,0.7176535024043195,0.1868506739099632,LOOCV,ln(kobs)_MeCN = 13.34 + 8.38*kobs_toluene + 25.26*Ar_NBO_C1_x - 23.84*L_C1-C2 - 0.33*Ster_B1
indigo_aryl_alkyl,ln(kobs)_MeCN,4,kobs_toluene|HOMO|L_C1-C2|Ster_B5,0.8809057681751682,0.7176481292721015,0.186126689430413,LOOCV,ln(kobs)_MeCN = -6.68 + 6.91*kobs_toluene + 12.09*HOMO + 5.76*L_C1-C2 - 0.06*Ster_B5
indigo_aryl_alkyl,ln(kobs)_MeCN,4,kobs_toluene|Ar_NBO_=O|Ar_NBO_C1_x|polarizability,0.8939999351386404,0.7175213947605337,0.17559670186146042,LOOCV,ln(kobs)_MeCN = -26.05 + 6.85*kobs_toluene - 27.38*Ar_NBO_=O + 9.46*Ar_NBO_C1_x - 0.00*polarizability
indigo_aryl_alkyl,ln(kobs)_MeCN,4,kobs_toluene|Ar_NBO_-O|LUMO|Occupancy_C1-O,0.8815327754954979,0.7170779306188395,0.18563608293798475,LOOCV,ln(kobs)_MeCN = -257.06 + 8.15*kobs_toluene - 59.70*Ar_NBO_-O - 2.08*LUMO + 106.72*Occupancy_C1-O
indigo_aryl_alkyl,ln(kobs)_MeCN,4,kobs_toluene|Ar_NBO_=O|LUMO|Ar_I_C=O,0.8739676063988558,0.7170086391021242,0.1914716065385332,LOOCV,ln(kobs)_MeCN = -16.21 + 6.94*kobs_toluene - 23.20*Ar_NBO_=O + 0.38*LUMO + 0.00*Ar_I_C=O
indigo_aryl_alkyl,ln(kobs)_MeCN,4,kobs_toluene|HOMO|polarizability|Ster_B5,0.8811908527160764,0.7168788999367317,0.18590378344430303,LOOCV,ln(kobs)_MeCN = 1.64 + 7.12*kobs_toluene + 11.34*HOMO - 0.00*polarizability - 0.04*Ster_B5
indigo_aryl_alkyl,ln(kobs)_MeCN,4,kobs_toluene|Ar_v_C=O|polarizability|Energy_C1-O,0.9033500344181298,0.7164405579720334,0.16767338843210752,LOOCV,ln(kobs)_MeCN = 19.30 + 9.60*kobs_toluene - 0.01*Ar_v_C=O + 0.00*polarizability + 2.83*Energy_C1-O
indigo_aryl_alkyl,ln(kobs)_MeCN,5,ln(kobs)_toluene|kobs_toluene|HOMO|Ar_v_C=O|Energy_C1-O,0.9577560437832251,0.7162811746952016,0.11085252270533998,LOOCV,ln(kobs)_MeCN = 6.98 + 0.92*ln(kobs)_toluene + 0.27*kobs_toluene + 4.62*HOMO - 0.00*Ar_v_C=O + 1.17*Energy_C1-O
indigo_aryl_alkyl,ln(kobs)_MeCN,4,kobs_toluene|Ar_NBO_=O|Ar_NBO_-O|Entry,0.8749787336218785,0.7158890807144456,0.19070199477642524,LOOCV,ln(kobs)_MeCN = -23.70 + 7.23*kobs_toluene - 16.82*Ar_NBO_=O - 16.24*Ar_NBO_-O - 0.00*Entry
indigo_aryl_alkyl,ln(kobs)_MeCN,4,kobs_toluene|Ar_NBO_-O|Ster_L|Ster_B1,0.8853744790945179,0.7157468065065891,0.1826013357689647,LOOCV,ln(kobs)_MeCN = -28.35 + 8.76*kobs_toluene - 37.78*Ar_NBO_-O + 0.01*Ster_L - 0.34*Ster_B1
indigo_aryl_alkyl,ln(kobs)_MeCN,4,kobs_toluene|Ar_NBO_=O|Ar_I_C=O|Ster_B5,0.8768724797457389,0.7154624140883179,0.18925216460990515,LOOCV,ln(kobs)_MeCN = -16.50 + 7.06*kobs_toluene - 23.61*Ar_NBO_=O + 0.00*Ar_I_C=O - 0.02*Ster_B5
indigo_aryl_alkyl,ln(kobs)_MeCN,5,ln(kobs)_toluene|Ar_v_C=O|LUMO|Occupancy_C1-O|Energy_C1-O,0.9513485435621927,0.7150374797898231,0.11896280943739884,LOOCV,ln(kobs)_MeCN = -51.61 + 1.00*ln(kobs)_toluene - 0.01*Ar_v_C=O + 2.38*LUMO + 35.61*Occupancy_C1-O + 1.11*Energy_C1-O
indigo_aryl_alkyl,ln(kobs)_MeCN,5,ln(kobs)_toluene|kobs_toluene|Ar_NBO_-O|Entry|Energy_C1-O,0.9515277455276372,0.714930382784314,0.11874351449745676,LOOCV,ln(kobs)_MeCN = -14.75 + 0.98*ln(kobs)_toluene + 0.22*kobs_toluene - 23.48*Ar_NBO_-O - 0.00*Entry + 0.79*Energy_C1-O
indigo_aryl_alkyl,ln(kobs)_MeCN,4,ln(kobs)_toluene|LUMO|Ster_L|Energy_C1-O,0.9509255190033816,0.7146992681380496,0.11947888104575825,LOOCV,ln(kobs)_MeCN = 2.13 + 0.96*ln(kobs)_toluene + 4.98*LUMO + 0.02*Ster_L + 1.23*Energy_C1-O
indigo_aryl_alkyl,ln(kobs)_MeCN,5,ln(kobs)_toluene|Ar_v_C=O|Ar_NBO_-O|L_C1-C2|Energy_C1-O,0.9513921175730533,0.7145697630001387,0.11890952379782455,LOOCV,ln(kobs)_MeCN = -9.95 + 1.00*ln(kobs)_toluene + 0.00*Ar_v_C=O - 21.22*Ar_NBO_-O - 4.20*L_C1-C2 + 0.83*Energy_C1-O
indigo_aryl_alkyl,ln(kobs)_MeCN,3,kobs_toluene|Ar_v_C=O|Energy_C1-O,0.8880527863766862,0.7141586017185612,0.18045542106110488,LOOCV,ln(kobs)_MeCN = 34.99 + 9.25*kobs_toluene - 0.02*Ar_v_C=O + 1.88*Energy_C1-O
indigo_aryl_alkyl,ln(kobs)_MeCN,4,ln(kobs)_toluene|Ar_v_C=O|Ster_B1|Energy_C1-O,0.9463783435495671,0.7140469853511087,0.1248916496077912,LOOCV,ln(kobs)_MeCN = 27.00 + 0.98*ln(kobs)_toluene - 0.01*Ar_v_C=O + 0.13*Ster_B1 + 1.44*Energy_C1-O
indigo_aryl_alkyl,ln(kobs)_MeCN,3,kobs_toluene|Ar_NBO_-O|Ster_B5,0.8700164687273207,0.7137761056255602,0.19444977935059363,LOOCV,ln(kobs)_MeCN = -34.65 + 7.70*kobs_toluene - 46.13*Ar_NBO_-O + 0.01*Ster_B5
indigo_aryl_alkyl,ln(kobs)_MeCN,5,ln(kobs)_toluene|polarizability|L_C1-C2|Occupancy_C1-O|Energy_C1-O,0.9510741136660682,0.7137030842858726,0.11929785637149598,LOOCV,ln(kobs)_MeCN = -100.08 + 1.07*ln(kobs)_toluene + 0.00*polarizability - 8.27*L_C1-C2 + 57.73*Occupancy_C1-O + 1.74*Energy_C1-O
indigo_aryl_alkyl,ln(kobs)_MeCN,4,kobs_toluene|Ar_NBO_=O|Ar_NBO_C1_x|Ster_B1,0.895318945749499,0.7133866704821088,0.17450076407765303,LOOCV,ln(kobs)_MeCN = -21.56 + 7.62*kobs_toluene - 20.90*Ar_NBO_=O + 9.02*Ar_NBO_C1_x - 0.28*Ster_B1
indigo_aryl_alkyl,ln(kobs)_MeCN,5,ln(kobs)_toluene|Ar_v_C=O|Ar_NBO_-O|Ster_B5|Energy_C1-O,0.952247350577605,0.7133577096541421,0.11785880276482491,LOOCV,ln(kobs)_MeCN = -9.89 + 0.97*ln(kobs)_toluene - 0.00*Ar_v_C=O - 21.75*Ar_NBO_-O + 0.01*Ster_B5 + 0.96*Energy_C1-O
indigo_aryl_alkyl,ln(kobs)_MeCN,4,kobs_toluene|Ar_NBO_=O|HOMO|L_C1-C2,0.8803687903377277,0.7129808904439805,0.18654582601950295,LOOCV,ln(kobs)_MeCN = -20.85 + 6.59*kobs_toluene - 20.80*Ar_NBO_=O + 3.21*HOMO + 4.85*L_C1-C2
indigo_aryl_alkyl,ln(kobs)_MeCN,4,kobs_toluene|LUMO|polarizability|Energy_C1-O,0.9069442486944408,0.7125357671257035,0.16452613630209217,LOOCV,ln(kobs)_MeCN = 0.58 + 9.54*kobs_toluene + 3.60*LUMO + 0.00*polarizability + 3.02*Energy_C1-O
indigo_aryl_alkyl,ln(kobs)_MeCN,4,kobs_toluene|Ar_NBO_=O|HOMO|Ster_L,0.884316338908016,0.7122588849089309,0.18344222157014786,LOOCV,ln(kobs)_MeCN = -13.81 + 6.87*kobs_toluene - 21.44*Ar_NBO_=O + 3.26*HOMO - 0.03*Ster_L
indigo_aryl_alkyl,ln(kobs)_MeCN,4,kobs_toluene|Ar_NBO_-O|Ar_I_C=O|Ster_B1,0.8857175455737919,0.712235041121559,0.18232787424063246,LOOCV,ln(kobs)_MeCN = -28.82 + 8.70*kobs_toluene - 38.29*Ar_NBO_-O + 0.00*Ar_I_C=O - 0.29*Ster_B1
indigo_aryl_alkyl,ln(kobs)_MeCN,4,kobs_toluene|Ar_v_C=O|Ster_L|Energy_C1-O,0.8997074718554072,0.7101707158708814,0.1708038196629807,LOOCV,ln(kobs)_MeCN = 28.16 + 9.06*kobs_toluene - 0.02*Ar_v_C=O + 0.04*Ster_L + 2.29*Energy_C1-O
indigo_aryl_alkyl,ln(kobs)_MeCN,4,ln(kobs)_toluene|Ar_v_C=O|LUMO|Energy_C1-O,0.9496126290610739,0.7101338214215352,0.12106654213565578,LOOCV,ln(kobs)_MeCN = 15.78 + 0.98*ln(kobs)_toluene - 0.01*Ar_v_C=O + 3.03*LUMO + 1.00*Energy_C1-O
indigo_aryl_alkyl,ln(kobs)_MeCN,4,ln(kobs)_toluene|kobs_toluene|Ar_NBO_=O|Ar_v_C=O,0.9409351740876469,0.7098001196409589,0.1310773803374189,LOOCV,ln(kobs)_MeCN = -7.39 + 1.05*ln(kobs)_toluene - 1.73*kobs_toluene - 14.40*Ar_NBO_=O - 0.00*Ar_v_C=O
indigo_aryl_alkyl,ln(kobs)_MeCN,5,ln(kobs)_toluene|kobs_toluene|LUMO|Ar_NBO_C1_x|Energy_C1-O,0.9579184281200492,0.7092492497640541,0.11063926089395744,LOOCV,ln(kobs)_MeCN = -7.72 + 1.02*ln(kobs)_toluene - 1.43*kobs_toluene + 6.91*LUMO + 12.22*Ar_NBO_C1_x + 0.67*Energy_C1-O
indigo_aryl_alkyl,ln(kobs)_MeCN,4,kobs_toluene|Ar_NBO_=O|Entry|Ar_I_C=O,0.8745939940099712,0.7091348575900358,0.1909952018951637,LOOCV,ln(kobs)_MeCN = -16.26 + 7.12*kobs_toluene - 23.16*Ar_NBO_=O - 0.00*Entry + 0.00*Ar_I_C=O
indigo_aryl_alkyl,ln(kobs)_MeCN,4,kobs_toluene|Ar_NBO_=O|Ar_v_C=O|Occupancy_C1-O,0.8844377644783855,0.7087865895350568,0.1833459226447652,LOOCV,ln(kobs)_MeCN = -218.78 + 7.11*kobs_toluene - 35.94*Ar_NBO_=O + 0.01*Ar_v_C=O + 84.96*Occupancy_C1-O
indigo_aryl_alkyl,ln(kobs)_MeCN,4,kobs_toluene|HOMO|Ar_I_C=O|polarizability,0.8761360357993667,0.7086035282672591,0.1898172934618788,LOOCV,ln(kobs)_MeCN = 1.45 + 7.37*kobs_toluene + 10.81*HOMO - 0.00*Ar_I_C=O - 0.00*polarizability
indigo_aryl_alkyl,ln(kobs)_MeCN,3,ln(kobs)_toluene|Ar_v_C=O|Energy_C1-O,0.9454230874184556,0.7081631532971051,0.12599919516174166,LOOCV,ln(kobs)_MeCN = 26.91 + 0.99*ln(kobs)_toluene - 0.01*Ar_v_C=O + 1.03*Energy_C1-O
indigo_aryl_alkyl,ln(kobs)_MeCN,4,kobs_toluene|Ar_NBO_-O|L_C1-C2|Ster_B1,0.8854718410321804,0.7077219636031857,0.18252376928750683,LOOCV,ln(kobs)_MeCN = -38.24 + 8.75*kobs_toluene - 43.86*Ar_NBO_-O + 3.81*L_C1-C2 - 0.29*Ster_B1
indigo_aryl_alkyl,ln(kobs)_MeCN,4,kobs_toluene|Ar_NBO_=O|Ar_NBO_-O|Ster_L,0.8794096117566976,0.7074721872532674,0.18729217613288374,LOOCV,ln(kobs)_MeCN = -24.30 + 7.35*kobs_toluene - 20.10*Ar_NBO_=O - 14.57*Ar_NBO_-O - 0.03*Ster_L
indigo_aryl_alkyl,ln(kobs)_MeCN,4,kobs_toluene|Ar_NBO_=O|Ar_NBO_-O|LUMO,0.874955990869786,0.7074125186512554,0.1907193393894388,LOOCV,ln(kobs)_MeCN = -23.29 + 7.15*kobs_toluene - 16.47*Ar_NBO_=O - 15.98*Ar_NBO_-O + 0.37*LUMO
indigo_aryl_alkyl,ln(kobs)_MeCN,4,kobs_toluene|Ar_NBO_=O|Entry|Occupancy_C1-O,0.8819946206159199,0.7072857067972456,0.1852738779381534,LOOCV,ln(kobs)_MeCN = -173.25 + 7.15*kobs_toluene - 27.68*Ar_NBO_=O - 0.00*Entry + 77.45*Occupancy_C1-O
indigo_aryl_alkyl,ln(kobs)_MeCN,4,ln(kobs)_toluene|kobs_toluene|Ar_NBO_=O|Energy_C1-O,0.9504749489594625,0.706960306651186,0.12002611660791294,LOOCV,ln(kobs)_MeCN = -5.74 + 0.91*ln(kobs)_toluene + 0.34*kobs_toluene - 12.31*Ar_NBO_=O + 0.93*Energy_C1-O
indigo_aryl_alkyl,ln(kobs)_MeCN,4,kobs_toluene|HOMO|Entry|polarizability,0.8780022067321619,0.7068197800387255,0.18838194499862257,LOOCV,ln(kobs)_MeCN = 1.47 + 7.54*kobs_toluene + 10.91*HOMO - 0.00*Entry - 0.00*polarizability
indigo_aryl_alkyl,ln(kobs)_MeCN,5,ln(kobs)_toluene|LUMO|Ster_L|Ster_B1|Energy_C1-O,0.9509858206407288,0.7067064988404848,0.11940545197798065,LOOCV,ln(kobs)_MeCN = 2.18 + 0.96*ln(kobs)_toluene + 4.93*LUMO + 0.02*Ster_L + 0.04*Ster_B1 + 1.34*Energy_C1-O
indigo_aryl_alkyl,ln(kobs)_MeCN,4,kobs_toluene|Ar_NBO_-O|Ar_NBO_C1_x|polarizability,0.878234232366262,0.7065504161310554,0.18820271945106862,LOOCV,ln(kobs)_MeCN = -40.14 + 7.75*kobs_toluene - 44.62*Ar_NBO_-O + 8.31*Ar_NBO_C1_x - 0.00*polarizability
indigo_aryl_alkyl,ln(kobs)_MeCN,3,kobs_toluene|Entry|Ar_I_C=O,0.8194257538752956,0.7059399220483635,0.22918764086130153,LOOCV,ln(kobs)_MeCN = -3.00 + 9.15*kobs_toluene - 0.01*Entry + 0.00*Ar_I_C=O
indigo_aryl_alkyl,ln(kobs)_MeCN,4,ln(kobs)_toluene|Ar_v_C=O|L_C1-C2|Energy_C1-O,0.9454585684997816,0.7057901902945567,0.12595823173681972,LOOCV,ln(kobs)_MeCN = 27.67 + 0.98*ln(kobs)_toluene - 0.01*Ar_v_C=O + 1.29*L_C1-C2 + 1.02*Energy_C1-O
indigo_aryl_alkyl,ln(kobs)_MeCN,5,ln(kobs)_toluene|kobs_toluene|LUMO|Ar_I_C=O|Energy_C1-O,0.95303317569989,0.7057767411310403,0.11688502848720249,LOOCV,ln(kobs)_MeCN = 2.05 + 1.10*ln(kobs)_toluene - 1.05*kobs_toluene + 3.20*LUMO + 0.00*Ar_I_C=O + 0.92*Energy_C1-O
indigo_aryl_alkyl,ln(kobs)_MeCN,5,ln(kobs)_toluene|kobs_toluene|Ar_v_C=O|Ar_NBO_C1_x|Energy_C1-O,0.9510257172926017,0.7054631217176499,0.11935684514997881,LOOCV,ln(kobs)_MeCN = 28.28 + 0.90*ln(kobs)_toluene + 0.01*kobs_toluene - 0.02*Ar_v_C=O + 8.68*Ar_NBO_C1_x + 0.89*Energy_C1-O
indigo_aryl_alkyl,ln(kobs)_MeCN,5,ln(kobs)_toluene|kobs_toluene|Ar_NBO_-O|Ster_B5|Energy_C1-O,0.9526246932223962,0.7051428878437753,0.11739221757292281,LOOCV,ln(kobs)_MeCN = -15.05 + 0.89*ln(kobs)_toluene + 0.95*kobs_toluene - 23.81*Ar_NBO_-O + 0.01*Ster_B5 + 1.10*Energy_C1-O
indigo_aryl_alkyl,ln(kobs)_MeCN,4,kobs_toluene|Ar_NBO_=O|polarizability|Ster_B5,0.8934694425951548,0.7048216049005697,0.17603555292625642,LOOCV,ln(kobs)_MeCN = -20.74 + 7.14*kobs_toluene - 31.17*Ar_NBO_=O - 0.00*polarizability + 0.05*Ster_B5
indigo_aryl_alkyl,ln(kobs)_MeCN,4,kobs_toluene|Ar_NBO_=O|Ster_L|Ar_I_C=O,0.8785086172220922,0.7047409667401248,0.18799055349907032,LOOCV,ln(kobs)_MeCN = -17.90 + 7.16*kobs_toluene - 26.34*Ar_NBO_=O - 0.03*Ster_L + 0.00*Ar_I_C=O
indigo_aryl_alkyl,ln(kobs)_MeCN,5,ln(kobs)_toluene|kobs_toluene|Ar_NBO_=O|LUMO|Energy_C1-O,0.9537416300536341,0.7017690299041869,0.11600012348224507,LOOCV,ln(kobs)_MeCN = -3.38 + 0.98*ln(kobs)_toluene - 0.44*kobs_toluene - 8.80*Ar_NBO_=O + 2.66*LUMO + 0.84*Energy_C1-O
indigo_aryl_alkyl,ln(kobs)_MeCN,5,ln(kobs)_toluene|Ar_NBO_=O|HOMO|Ar_v_C=O|Energy_C1-O,0.9593892326721597,0.701747846941636,0.10868857297670506,LOOCV,ln(kobs)_MeCN = -9.67 + 0.92*ln(kobs)_toluene - 7.25*Ar_NBO_=O + 4.10*HOMO + 0.00*Ar_v_C=O + 1.04*Energy_C1-O
indigo_aryl_alkyl,ln(kobs)_MeCN,5,ln(kobs)_toluene|kobs_toluene|Ar_NBO_-O|LUMO|Energy_C1-O,0.9538948592127792,0.7015513090901457,0.11580784103410419,LOOCV,ln(kobs)_MeCN = -9.91 + 1.00*ln(kobs)_toluene - 0.39*kobs_toluene - 16.87*Ar_NBO_-O + 2.63*LUMO + 0.80*Energy_C1-O
indigo_aryl_alkyl,ln(kobs)_MeCN,4,ln(kobs)_toluene|kobs_toluene|Ar_NBO_-O|Energy_C1-O,0.9507172483216921,0.7011002268663075,0.11973214508120557,LOOCV,ln(kobs)_MeCN = -14.76 + 0.95*ln(kobs)_toluene + 0.40*kobs_toluene - 23.44*Ar_NBO_-O + 0.87*Energy_C1-O
indigo_aryl_alkyl,ln(kobs)_MeCN,3,kobs_toluene|Ar_v_C=O|LUMO,0.8433200435047634,0.7010538415611614,0.21348629988959553,LOOCV,ln(kobs)_MeCN = 40.12 + 7.46*kobs_toluene - 0.02*Ar_v_C=O + 1.96*LUMO
indigo_aryl_alkyl,ln(kobs)_MeCN,4,kobs_toluene|Ar_NBO_=O|Ar_v_C=O|Ster_B5,0.8763181842303751,0.7006797717514698,0.189677673989752,LOOCV,ln(kobs)_MeCN = -34.68 + 7.12*kobs_toluene - 29.77*Ar_NBO_=O + 0.01*Ar_v_C=O - 0.01*Ster_B5
indigo_aryl_alkyl,ln(kobs)_MeCN,4,kobs_toluene|Ar_NBO_=O|LUMO|Entry,0.8737365961253583,0.7006343299053359,0.19164700453279476,LOOCV,ln(kobs)_MeCN = -16.33 + 7.00*kobs_toluene - 23.61*Ar_NBO_=O + 0.82*LUMO - 0.00*Entry
indigo_aryl_alkyl,ln(kobs)_MeCN,5,ln(kobs)_toluene|Ar_NBO_=O|HOMO|Ster_L|L_C1-C2,0.9542867199374104,0.7005089780592679,0.11531464893842286,LOOCV,ln(kobs)_MeCN = -13.25 + 0.87*ln(kobs)_toluene - 15.29*Ar_NBO_=O + 3.23*HOMO - 0.04*Ster_L + 4.08*L_C1-C2
indigo_aryl_alkyl,ln(kobs)_MeCN,4,kobs_toluene|Ar_NBO_-O|LUMO|Ster_B1,0.8845083266797402,0.7004701653907792,0.18328993866638854,LOOCV,ln(kobs)_MeCN = -29.85 + 8.72*kobs_toluene - 39.98*Ar_NBO_-O + 0.32*LUMO - 0.29*Ster_B1
indigo_aryl_alkyl,ln(kobs)_MeCN,4,kobs_toluene|Ar_NBO_=O|Ster_B5|Occupancy_C1-O,0.8857183443225641,0.7003069060357098,0.18232723707186976,LOOCV,ln(kobs)_MeCN = -193.69 + 7.10*kobs_toluene - 28.93*Ar_NBO_=O - 0.02*Ster_B5 + 87.36*Occupancy_C1-O
indigo_aryl_alkyl,ln(kobs)_MeCN,4,kobs_toluene|Ar_v_C=O|Ar_NBO_-O|Ster_B1,0.884632246266831,0.7002498622246103,0.1831915795864298,LOOCV,ln(kobs)_MeCN = -24.13 + 8.67*kobs_toluene - 0.00*Ar_v_C=O - 38.33*Ar_NBO_-O - 0.29*Ster_B1
indigo_aryl_alkyl,ln(kobs)_MeCN,4,ln(kobs)_toluene|Ar_v_C=O|Ster_L|Energy_C1-O,0.9454464264357847,0.6988556370232895,0.12597225142570015,LOOCV,ln(kobs)_MeCN = 26.72 + 0.99*ln(kobs)_toluene - 0.01*Ar_v_C=O + 0.00*Ster_L + 1.04*Energy_C1-O
indigo_aryl_alkyl,ln(kobs)_MeCN,5,ln(kobs)_toluene|kobs_toluene|Ar_NBO_=O|Ster_B1|Energy_C1-O,0.9510075134958483,0.6976288067235505,0.11937902562679682,LOOCV,ln(kobs)_MeCN = -5.51 + 0.90*ln(kobs)_toluene + 0.44*kobs_toluene - 12.12*Ar_NBO_=O + 0.10*Ster_B1 + 1.26*Energy_C1-O
indigo_aryl_alkyl,ln(kobs)_MeCN,4,kobs_toluene|Ar_NBO_=O|LUMO|Occupancy_C1-O,0.8815931233218028,0.6975279485533982,0.18558879491725874,LOOCV,ln(kobs)_MeCN = -181.67 + 7.05*kobs_toluene - 29.16*Ar_NBO_=O - 1.19*LUMO + 81.19*Occupancy_C1-O
indigo_aryl_alkyl,ln(kobs)_MeCN,5,ln(kobs)_toluene|LUMO|Ster_L|Ster_B5|Energy_C1-O,0.9512202132126367,0.6974528727258393,0.1191196031488935,LOOCV,ln(kobs)_MeCN = 2.18 + 0.96*ln(kobs)_toluene + 4.91*LUMO + 0.02*Ster_L + 0.01*Ster_B5 + 1.28*Energy_C1-O
indigo_aryl_alkyl,ln(kobs)_MeCN,4,kobs_toluene|Ar_NBO_-O|Entry|Ster_B1,0.8844625840563272,0.697169278069822,0.18332623276615923,LOOCV,ln(kobs)_MeCN = -30.39 + 8.75*kobs_toluene - 40.73*Ar_NBO_-O + 0.00*Entry - 0.29*Ster_B1
indigo_aryl_alkyl,ln(kobs)_MeCN,3,kobs_toluene|LUMO|Ar_I_C=O,0.8272680272102098,0.6971053249765775,0.22415563223051754,LOOCV,ln(kobs)_MeCN = -2.45 + 8.19*kobs_toluene + 4.64*LUMO + 0.00*Ar_I_C=O
indigo_aryl_alkyl,ln(kobs)_MeCN,4,kobs_toluene|Ar_NBO_=O|Ar_v_C=O|Ster_L,0.8820161580328592,0.6958955739242265,0.18525696979860468,LOOCV,ln(kobs)_MeCN = -52.10 + 7.38*kobs_toluene - 36.85*Ar_NBO_=O + 0.02*Ar_v_C=O - 0.03*Ster_L
indigo_aryl_alkyl,ln(kobs)_MeCN,4,kobs_toluene|Ar_NBO_=O|Ar_v_C=O|LUMO,0.8751259389963448,0.6947827303195973,0.1905896913754411,LOOCV,ln(kobs)_MeCN = -37.42 + 6.98*kobs_toluene - 28.69*Ar_NBO_=O + 0.01*Ar_v_C=O + 1.28*LUMO
indigo_aryl_alkyl,ln(kobs)_MeCN,4,ln(kobs)_toluene|polarizability|L_C1-C2|Energy_C1-O,0.9464667895120751,0.6946318965741387,0.12478860615800356,LOOCV,ln(kobs)_MeCN = 15.39 + 1.05*ln(kobs)_toluene + 0.00*polarizability - 8.74*L_C1-C2 + 1.43*Energy_C1-O
indigo_aryl_alkyl,ln(kobs)_MeCN,4,kobs_toluene|Ar_NBO_=O|Ar_NBO_C1_x|L_C1-C2,0.883308753442562,0.6945333634072584,0.18423936522014636,LOOCV,ln(kobs)_MeCN = -13.41 + 6.59*kobs_toluene - 19.43*Ar_NBO_=O + 14.04*Ar_NBO_C1_x - 7.88*L_C1-C2
indigo_aryl_alkyl,ln(kobs)_MeCN,3,kobs_toluene|Ar_NBO_=O|polarizability,0.8854009089890662,0.6943062925273932,0.1825802828121696,LOOCV,ln(kobs)_MeCN = -19.15 + 7.18*kobs_toluene - 28.49*Ar_NBO_=O - 0.00*polarizability
indigo_aryl_alkyl,ln(kobs)_MeCN,5,ln(kobs)_toluene|Ar_v_C=O|LUMO|Ster_L|Energy_C1-O,0.9514313680876098,0.6938161164501613,0.11886150481060535,LOOCV,ln(kobs)_MeCN = 9.59 + 0.95*ln(kobs)_toluene - 0.00*Ar_v_C=O + 4.17*LUMO + 0.02*Ster_L + 1.18*Energy_C1-O
indigo_aryl_alkyl,ln(kobs)_MeCN,5,ln(kobs)_toluene|LUMO|polarizability|L_C1-C2|Energy_C1-O,0.9526251685654781,0.693375199930883,0.11739162864039386,LOOCV,ln(kobs)_MeCN = 5.68 + 0.99*ln(kobs)_toluene + 3.86*LUMO + 0.00*polarizability - 2.19*L_C1-C2 + 1.43*Energy_C1-O
indigo_aryl_alkyl,ln(kobs)_MeCN,4,kobs_toluene|Ar_NBO_=O|Entry|Ster_B5,0.8751351561455537,0.6933679253349594,0.19058265738444957,LOOCV,ln(kobs)_MeCN = -17.25 + 7.02*kobs_toluene - 25.15*Ar_NBO_=O + 0.00*Entry - 0.01*Ster_B5
indigo_aryl_alkyl,ln(kobs)_MeCN,3,kobs_toluene|Ar_NBO_=O|Ster_B1,0.887494671848339,0.6932890319221089,0.1809046934106273,LOOCV,ln(kobs)_MeCN = -15.02 + 7.95*kobs_toluene - 22.04*Ar_NBO_=O - 0.28*Ster_B1
indigo_aryl_alkyl,ln(kobs)_MeCN,4,ln(kobs)_toluene|Ar_v_C=O|polarizability|Energy_C1-O,0.9461712639733408,0.6929146749294492,0.12513257454657228,LOOCV,ln(kobs)_MeCN = 24.18 + 0.99*ln(kobs)_toluene - 0.01*Ar_v_C=O + 0.00*polarizability + 1.21*Energy_C1-O
indigo_aryl_alkyl,ln(kobs)_MeCN,4,kobs_toluene|Ar_NBO_-O|Ster_L|Ster_B5,0.8756203475052684,0.6927762083268707,0.19021202038900897,LOOCV,ln(kobs)_MeCN = -38.66 + 7.91*kobs_toluene - 52.14*Ar_NBO_-O - 0.03*Ster_L + 0.02*Ster_B5
indigo_aryl_alkyl,ln(kobs)_MeCN,4,kobs_toluene|Ar_NBO_=O|Ster_L|Entry,0.8782270940997469,0.6911723430341574,0.18820823586798888,LOOCV,ln(kobs)_MeCN = -18.30 + 7.21*kobs_toluene - 27.16*Ar_NBO_=O - 0.03*Ster_L - 0.00*Entry
indigo_aryl_alkyl,ln(kobs)_MeCN,4,kobs_toluene|Ar_v_C=O|LUMO|Energy_C1-O,0.8883782454001858,0.6911432404254966,0.18019291522571715,LOOCV,ln(kobs)_MeCN = 32.09 + 9.19*kobs_toluene - 0.02*Ar_v_C=O + 0.86*LUMO + 1.86*Energy_C1-O
indigo_aryl_alkyl,ln(kobs)_MeCN,4,kobs_toluene|Ar_NBO_=O|LUMO|Ster_B5,0.875185267330818,0.6909424751862017,0.19054441090552932,LOOCV,ln(kobs)_MeCN = -16.95 + 7.02*kobs_toluene - 24.67*Ar_NBO_=O + 0.38*LUMO - 0.01*Ster_B5
indigo_aryl_alkyl,ln(kobs)_MeCN,4,kobs_toluene|Ar_NBO_=O|Ster_L|Ster_B5,0.8783898139809733,0.6906942107076837,0.18808244655881673,LOOCV,ln(kobs)_MeCN = -18.28 + 7.17*kobs_toluene - 27.12*Ar_NBO_=O - 0.02*Ster_L - 0.00*Ster_B5
indigo_aryl_alkyl,ln(kobs)_MeCN,4,kobs_toluene|Ar_NBO_=O|Ar_v_C=O|Entry,0.8743930894468629,0.6905637491244989,0.19114813098082378,LOOCV,ln(kobs)_MeCN = -33.84 + 7.04*kobs_toluene - 29.03*Ar_NBO_=O + 0.01*Ar_v_C=O - 0.00*Entry
indigo_aryl_alkyl,ln(kobs)_MeCN,4,kobs_toluene|Ar_NBO_C1_x|L_C1-C2|Energy_C1-O,0.89170235409855,0.6904621094014733,0.17748955362731839,LOOCV,ln(kobs)_MeCN = 11.14 + 8.99*kobs_toluene + 18.95*Ar_NBO_C1_x - 18.21*L_C1-C2 + 1.64*Energy_C1-O
indigo_aryl_alkyl,ln(kobs)_MeCN,4,kobs_toluene|Ar_NBO_=O|Ar_I_C=O|polarizability,0.8872373565564172,0.6902302345039426,0.18111145232079343,LOOCV,ln(kobs)_MeCN = -18.46 + 7.18*kobs_toluene - 27.04*Ar_NBO_=O + 0.00*Ar_I_C=O - 0.00*polarizability
indigo_aryl_alkyl,ln(kobs)_MeCN,3,kobs_toluene|Ar_NBO_-O|polarizability,0.8717153654712009,0.6897473051408105,0.19317486154923724,LOOCV,ln(kobs)_MeCN = -35.30 + 8.04*kobs_toluene - 47.19*Ar_NBO_-O - 0.00*polarizability
indigo_aryl_alkyl,ln(kobs)_MeCN,4,kobs_toluene|Ar_NBO_-O|Ar_I_C=O|polarizability,0.8741159362987206,0.6889348542643434,0.19135890009560355,LOOCV,ln(kobs)_MeCN = -33.33 + 8.01*kobs_toluene - 44.11*Ar_NBO_-O + 0.00*Ar_I_C=O - 0.00*polarizability
indigo_aryl_alkyl,ln(kobs)_MeCN,4,kobs_toluene|Ster_L|Occupancy_C1-O|Energy_C1-O,0.9280409227414952,0.6872752485466398,0.1446791944002637,LOOCV,ln(kobs)_MeCN = -399.76 + 10.80*kobs_toluene + 0.10*Ster_L + 200.79*Occupancy_C1-O + 3.86*Energy_C1-O
indigo_aryl_alkyl,ln(kobs)_MeCN,5,ln(kobs)_toluene|kobs_toluene|Ar_NBO_=O|Ar_NBO_C1_x|Energy_C1-O,0.9509639224438636,0.6871519401618684,0.11943212254701072,LOOCV,ln(kobs)_MeCN = -7.65 + 0.90*ln(kobs)_toluene + 0.39*kobs_toluene - 12.26*Ar_NBO_=O + 2.32*Ar_NBO_C1_x + 0.91*Energy_C1-O
indigo_aryl_alkyl,ln(kobs)_MeCN,4,ln(kobs)_toluene|Ar_v_C=O|Ster_B5|Energy_C1-O,0.9456972791136719,0.6869578712647013,0.12568228978547633,LOOCV,ln(kobs)_MeCN = 26.20 + 0.99*ln(kobs)_toluene - 0.01*Ar_v_C=O + 0.01*Ster_B5 + 1.09*Energy_C1-O
indigo_aryl_alkyl,ln(kobs)_MeCN,4,kobs_toluene|LUMO|Ster_L|Energy_C1-O,0.9050009739873583,0.6869088077488278,0.1662351521935319,LOOCV,ln(kobs)_MeCN = -0.08 + 8.79*kobs_toluene + 5.49*LUMO + 0.06*Ster_L + 2.47*Energy_C1-O
indigo_aryl_alkyl,ln(kobs)_MeCN,4,kobs_toluene|Ar_v_C=O|polarizability|L_C1-C2,0.8794633391938674,0.6868962883733143,0.1872504487205646,LOOCV,ln(kobs)_MeCN = 75.14 + 6.25*kobs_toluene - 0.08*Ar_v_C=O - 0.00*polarizability + 42.53*L_C1-C2
indigo_aryl_alkyl,ln(kobs)_MeCN,5,ln(kobs)_toluene|Ar_v_C=O|LUMO|polarizability|Energy_C1-O,0.9524963313034635,0.6866240592639746,0.11755114527289258,LOOCV,ln(kobs)_MeCN = 6.55 + 0.98*ln(kobs)_toluene - 0.00*Ar_v_C=O + 3.98*LUMO + 0.00*polarizability + 1.39*Energy_C1-O
indigo_aryl_alkyl,ln(kobs)_MeCN,4,kobs_toluene|Ar_NBO_-O|Ster_B5|Occupancy_C1-O,0.8802171041464724,0.6847861056824704,0.1866640537880089,LOOCV,ln(kobs)_MeCN = -210.96 + 7.85*kobs_toluene - 53.32*Ar_NBO_-O + 0.01*Ster_B5 + 85.90*Occupancy_C1-O
indigo_aryl_alkyl,ln(kobs)_MeCN,4,kobs_toluene|HOMO|LUMO|polarizability,0.8760981450165254,0.6846115217845821,0.1898463244069642,LOOCV,ln(kobs)_MeCN = 1.37 + 7.37*kobs_toluene + 10.64*HOMO + 0.04*LUMO - 0.00*polarizability
indigo_aryl_alkyl,ln(kobs)_MeCN,4,kobs_toluene|Ar_NBO_=O|LUMO|Ster_L,0.8796732457423245,0.6843472780325393,0.18708733559862845,LOOCV,ln(kobs)_MeCN = -20.71 + 7.40*kobs_toluene - 31.13*Ar_NBO_=O - 2.29*LUMO - 0.04*Ster_L
indigo_aryl_alkyl,ln(kobs)_MeCN,4,kobs_toluene|Ar_NBO_=O|Ar_NBO_-O|Ster_B1,0.8889787838992916,0.683752271151141,0.17970753168394693,LOOCV,ln(kobs)_MeCN = -21.59 + 8.15*kobs_toluene - 14.51*Ar_NBO_=O - 15.79*Ar_NBO_-O - 0.28*Ster_B1
indigo_aryl_alkyl,ln(kobs)_MeCN,4,kobs_toluene|Ar_NBO_-O|L_C1-C2|Energy_C1-O,0.9009467322538043,0.6833527105681617,0.16974527443079526,LOOCV,ln(kobs)_MeCN = -31.57 + 9.24*kobs_toluene - 36.34*Ar_NBO_-O + 3.61*L_C1-C2 + 1.59*Energy_C1-O
indigo_aryl_alkyl,ln(kobs)_MeCN,4,kobs_toluene|Ar_NBO_=O|Ster_L|polarizability,0.8859246953529909,0.6827307308494237,0.182162554420416,LOOCV,ln(kobs)_MeCN = -19.01 + 7.13*kobs_toluene - 28.15*Ar_NBO_=O + 0.01*Ster_L - 0.00*polarizability
indigo_aryl_alkyl,ln(kobs)_MeCN,3,kobs_toluene|Ar_v_C=O|Ster_B5,0.8422189591461536,0.6824982291084709,0.21423513492675245,LOOCV,ln(kobs)_MeCN = 47.73 + 7.62*kobs_toluene - 0.03*Ar_v_C=O - 0.01*Ster_B5
indigo_aryl_alkyl,ln(kobs)_MeCN,5,ln(kobs)_toluene|kobs_toluene|Ar_NBO_-O|Ar_NBO_C1_x|Energy_C1-O,0.9509172101677819,0.682008758406834,0.11948899514522175,LOOCV,ln(kobs)_MeCN = -15.84 + 0.94*ln(kobs)_toluene + 0.43*kobs_toluene - 23.21*Ar_NBO_-O + 1.49*Ar_NBO_C1_x + 0.86*Energy_C1-O
indigo_aryl_alkyl,ln(kobs)_MeCN,3,kobs_toluene|HOMO|L_C1-C2,0.8524796553258347,0.6811276900071008,0.20715205608099024,LOOCV,ln(kobs)_MeCN = 3.26 + 7.34*kobs_toluene + 7.15*HOMO - 2.20*L_C1-C2
indigo_aryl_alkyl,ln(kobs)_MeCN,4,kobs_toluene|Ar_v_C=O|Ster_B5|Energy_C1-O,0.8954228829109327,0.6811175585419201,0.17441411220683817,LOOCV,ln(kobs)_MeCN = 29.74 + 9.40*kobs_toluene - 0.02*Ar_v_C=O + 0.03*Ster_B5 + 2.27*Energy_C1-O
indigo_aryl_alkyl,ln(kobs)_MeCN,4,kobs_toluene|polarizability|L_C1-C2|Energy_C1-O,0.9012596447937263,0.6803230694128652,0.16947694688893075,LOOCV,ln(kobs)_MeCN = 8.47 + 10.12*kobs_toluene + 0.00*polarizability - 5.38*L_C1-C2 + 3.13*Energy_C1-O
indigo_aryl_alkyl,ln(kobs)_MeCN,4,kobs_toluene|Ar_NBO_C1_x|Ar_I_C=O|Energy_C1-O,0.8894001156710117,0.6799605311456016,0.17936620743483492,LOOCV,ln(kobs)_MeCN = -10.01 + 9.52*kobs_toluene + 11.25*Ar_NBO_C1_x + 0.00*Ar_I_C=O + 1.91*Energy_C1-O
indigo_aryl_alkyl,ln(kobs)_MeCN,3,kobs_toluene|Ster_L|Ar_I_C=O,0.8163956858627608,0.6793615458098428,0.23110254588634563,LOOCV,ln(kobs)_MeCN = -2.99 + 8.65*kobs_toluene + 0.01*Ster_L + 0.00*Ar_I_C=O
indigo_aryl_alkyl,ln(kobs)_MeCN,4,kobs_toluene|Ar_NBO_=O|Ar_v_C=O|polarizability,0.887917870045684,0.6784498790321449,0.18056412877930583,LOOCV,ln(kobs)_MeCN = -44.78 + 7.30*kobs_toluene - 35.51*Ar_NBO_=O + 0.01*Ar_v_C=O - 0.00*polarizability
indigo_aryl_alkyl,ln(kobs)_MeCN,3,kobs_toluene|Ar_I_C=O|Ster_B5,0.8181466771684561,0.6777595568723462,0.22999792053489404,LOOCV,ln(kobs)_MeCN = -2.95 + 8.93*kobs_toluene + 0.00*Ar_I_C=O - 0.02*Ster_B5
indigo_aryl_alkyl,ln(kobs)_MeCN,4,ln(kobs)_toluene|Ar_NBO_=O|L_C1-C2|Energy_C1-O,0.9511271003364822,0.67766030818112,0.11923323916106204,LOOCV,ln(kobs)_MeCN = 0.12 + 0.96*ln(kobs)_toluene - 10.71*Ar_NBO_=O - 3.24*L_C1-C2 + 0.89*Energy_C1-O
indigo_aryl_alkyl,ln(kobs)_MeCN,5,ln(kobs)_toluene|Ar_NBO_=O|Ar_v_C=O|Ster_L|Energy_C1-O,0.9529441275246834,0.6775475700507707,0.1169957818731562,LOOCV,ln(kobs)_MeCN = -19.98 + 0.95*ln(kobs)_toluene - 18.85*Ar_NBO_=O + 0.01*Ar_v_C=O - 0.03*Ster_L + 0.57*Energy_C1-O
indigo_aryl_alkyl,ln(kobs)_MeCN,5,ln(kobs)_toluene|kobs_toluene|Ar_NBO_=O|Ar_NBO_-O|Energy_C1-O,0.9514846554673235,0.6772483620816351,0.11879628209234537,LOOCV,ln(kobs)_MeCN = -11.28 + 0.93*ln(kobs)_toluene + 0.38*kobs_toluene - 6.09*Ar_NBO_=O - 13.19*Ar_NBO_-O + 0.88*Energy_C1-O
indigo_aryl_alkyl,ln(kobs)_MeCN,5,ln(kobs)_toluene|Ar_NBO_=O|Ar_NBO_C1_x|Ster_L|L_C1-C2,0.9549463372866989,0.6771503065403323,0.11447966259144321,LOOCV,ln(kobs)_MeCN = -6.53 + 0.87*ln(kobs)_toluene - 14.52*Ar_NBO_=O + 12.17*Ar_NBO_C1_x - 0.04*Ster_L - 7.42*L_C1-C2
indigo_aryl_alkyl,ln(kobs)_MeCN,4,kobs_toluene|HOMO|Ar_v_C=O|polarizability,0.8790355674896881,0.6764933847033735,0.18758242034593245,LOOCV,ln(kobs)_MeCN = 17.54 + 7.16*kobs_toluene + 9.04*HOMO - 0.01*Ar_v_C=O - 0.00*polarizability
indigo_aryl_alkyl,ln(kobs)_MeCN,5,ln(kobs)_toluene|kobs_toluene|LUMO|Entry|Energy_C1-O,0.9517215453600832,0.6762549738938795,0.11850589896409491,LOOCV,ln(kobs)_MeCN = 2.54 + 1.18*ln(kobs)_toluene - 1.60*kobs_toluene + 5.16*LUMO - 0.01*Entry + 0.70*Energy_C1-O
indigo_aryl_alkyl,ln(kobs)_MeCN,3,kobs_toluene|Ar_NBO_C1_x|Entry,0.8177730638622718,0.6758188902046021,0.2302340619262644,LOOCV,ln(kobs)_MeCN = -15.28 + 8.14*kobs_toluene + 16.01*Ar_NBO_C1_x + 0.01*Entry
indigo_aryl_alkyl,ln(kobs)_MeCN,3,kobs_toluene|LUMO|Entry,0.8229768521467467,0.6753617920823515,0.22692289662457177,LOOCV,ln(kobs)_MeCN = -2.05 + 8.39*kobs_toluene + 6.22*LUMO - 0.00*Entry
indigo_aryl_alkyl,ln(kobs)_MeCN,3,kobs_toluene|Ar_v_C=O|Occupancy_C1-O,0.8420206576054221,0.675160971274755,0.21436971959269788,LOOCV,ln(kobs)_MeCN = 15.54 + 7.60*kobs_toluene - 0.03*Ar_v_C=O + 16.14*Occupancy_C1-O
indigo_aryl_alkyl,ln(kobs)_MeCN,3,kobs_toluene|LUMO|Ster_L,0.8306412511401302,0.6751605925796775,0.22195611132171936,LOOCV,ln(kobs)_MeCN = -2.24 + 7.45*kobs_toluene + 7.14*LUMO + 0.03*Ster_L
indigo_aryl_alkyl,ln(kobs)_MeCN,4,ln(kobs)_toluene|LUMO|Ster_B1|Energy_C1-O,0.9482826880155769,0.674113364857049,0.12265387153917388,LOOCV,ln(kobs)_MeCN = 2.37 + 1.00*ln(kobs)_toluene + 4.21*LUMO + 0.12*Ster_B1 + 1.41*Energy_C1-O
indigo_aryl_alkyl,ln(kobs)_MeCN,3,kobs_toluene|Ar_v_C=O|Ster_L,0.841735270533817,0.6732877084309066,0.21456325990340663,LOOCV,ln(kobs)_MeCN = 46.60 + 7.50*kobs_toluene - 0.03*Ar_v_C=O + 0.00*Ster_L
indigo_aryl_alkyl,ln(kobs)_MeCN,4,kobs_MeCN|Entry|L_C1-C2|Energy_C1-O,0.9364105290833842,0.6732256945227211,0.13600531942855854,LOOCV,ln(kobs)_MeCN = -2.33 + 3.85*kobs_MeCN + 0.01*Entry + 0.15*L_C1-C2 + 0.44*Energy_C1-O
indigo_aryl_alkyl,ln(kobs)_MeCN,3,ln(kobs)_toluene|LUMO|Energy_C1-O,0.9475402896631709,0.6732255942013856,0.12353107851690327,LOOCV,ln(kobs)_MeCN = 2.22 + 1.01*ln(kobs)_toluene + 4.25*LUMO + 1.04*Energy_C1-O
indigo_aryl_alkyl,ln(kobs)_MeCN,4,kobs_toluene|Ar_v_C=O|Entry|Energy_C1-O,0.8880594510698208,0.6731989112512329,0.18045004934229372,LOOCV,ln(kobs)_MeCN = 34.80 + 9.25*kobs_toluene - 0.02*Ar_v_C=O + 0.00*Entry + 1.88*Energy_C1-O
indigo_aryl_alkyl,ln(kobs)_MeCN,4,ln(kobs)_toluene|Ar_NBO_=O|Ar_v_C=O|Ar_NBO_-O,0.9413965161641742,0.6726753306864031,0.13056446884009618,LOOCV,ln(kobs)_MeCN = -18.27 + 0.90*ln(kobs)_toluene - 5.14*Ar_NBO_=O + 0.00*Ar_v_C=O - 21.25*Ar_NBO_-O
indigo_aryl_alkyl,ln(kobs)_MeCN,4,kobs_toluene|LUMO|Ster_L|Ster_B1,0.8783167511010073,0.6725214070573959,0.18813893764017978,LOOCV,ln(kobs)_MeCN = -1.63 + 8.33*kobs_toluene + 6.85*LUMO + 0.07*Ster_L - 0.57*Ster_B1
indigo_aryl_alkyl,ln(kobs)_MeCN,4,ln(kobs)_toluene|kobs_toluene|Ar_I_C=O|Energy_C1-O,0.9476742030994478,0.6723107544817317,0.1233733094255799,LOOCV,ln(kobs)_MeCN = 1.82 + 1.08*ln(kobs)_toluene - 0.33*kobs_toluene + 0.00*Ar_I_C=O + 1.07*Energy_C1-O
indigo_aryl_alkyl,ln(kobs)_MeCN,5,ln(kobs)_toluene|Ar_NBO_=O|Ar_NBO_-O|Ster_B5|Energy_C1-O,0.9521546679507386,0.672055311914882,0.1179731227910389,LOOCV,ln(kobs)_MeCN = -14.37 + 0.98*ln(kobs)_toluene - 0.65*Ar_NBO_=O - 22.54*Ar_NBO_-O + 0.01*Ster_B5 + 0.96*Energy_C1-O
indigo_aryl_alkyl,ln(kobs)_MeCN,4,kobs_toluene|Ar_NBO_=O|Ster_L|Ster_B1,0.8875146332233872,0.6718463837926533,0.1808886440968624,LOOCV,ln(kobs)_MeCN = -14.85 + 7.96*kobs_toluene - 21.76*Ar_NBO_=O + 0.00*Ster_L - 0.29*Ster_B1
indigo_aryl_alkyl,ln(kobs)_MeCN,4,ln(kobs)_toluene|Ar_NBO_=O|Ar_v_C=O|L_C1-C2,0.9456736250040491,0.6711908490457033,0.12570966022783384,LOOCV,ln(kobs)_MeCN = -63.97 + 0.98*ln(kobs)_toluene - 29.97*Ar_NBO_=O + 0.05*Ar_v_C=O - 25.46*L_C1-C2
indigo_aryl_alkyl,ln(kobs)_MeCN,4,kobs_toluene|Ar_NBO_=O|Entry|polarizability,0.8858269698060978,0.6699912789959273,0.18224056483783246,LOOCV,ln(kobs)_MeCN = -19.25 + 7.06*kobs_toluene - 28.65*Ar_NBO_=O + 0.00*Entry - 0.00*polarizability
indigo_aryl_alkyl,ln(kobs)_MeCN,4,kobs_toluene|Ar_NBO_=O|Ar_I_C=O|Ster_B1,0.8882075789245447,0.6696891147861019,0.18033061752126298,LOOCV,ln(kobs)_MeCN = -14.51 + 7.94*kobs_toluene - 20.99*Ar_NBO_=O + 0.00*Ar_I_C=O - 0.28*Ster_B1
indigo_aryl_alkyl,ln(kobs)_MeCN,4,ln(kobs)_toluene|LUMO|Ster_B5|Energy_C1-O,0.9487759712989697,0.6669675858524369,0.12206752950976506,LOOCV,ln(kobs)_MeCN = 2.29 + 1.00*ln(kobs)_toluene + 4.26*LUMO + 0.01*Ster_B5 + 1.17*Energy_C1-O
indigo_aryl_alkyl,ln(kobs)_MeCN,5,ln(kobs)_toluene|Ar_NBO_=O|Ar_v_C=O|Ar_NBO_C1_x|Energy_C1-O,0.9516899736536731,0.6667566383731205,0.11854464111108334,LOOCV,ln(kobs)_MeCN = 11.79 + 0.91*ln(kobs)_toluene - 6.11*Ar_NBO_=O - 0.01*Ar_v_C=O + 5.78*Ar_NBO_C1_x + 0.86*Energy_C1-O
indigo_aryl_alkyl,ln(kobs)_MeCN,5,ln(kobs)_toluene|Ar_NBO_=O|L_C1-C2|Ster_B1|Energy_C1-O,0.9515600301272676,0.666083089201952,0.11870396377496652,LOOCV,ln(kobs)_MeCN = 0.13 + 0.95*ln(kobs)_toluene - 10.60*Ar_NBO_=O - 3.12*L_C1-C2 + 0.09*Ster_B1 + 1.18*Energy_C1-O
indigo_aryl_alkyl,ln(kobs)_MeCN,5,ln(kobs)_toluene|Ar_NBO_=O|Ar_v_C=O|Entry|Energy_C1-O,0.9516553600605762,0.6656573067013735,0.11858710146104028,LOOCV,ln(kobs)_MeCN = 2.74 + 0.97*ln(kobs)_toluene - 10.10*Ar_NBO_=O - 0.00*Ar_v_C=O - 0.00*Entry + 0.82*Energy_C1-O
indigo_aryl_alkyl,ln(kobs)_MeCN,3,kobs_toluene|Ar_I_C=O|Occupancy_C1-O,0.8154165155495046,0.6650350325606305,0.23171796675223338,LOOCV,ln(kobs)_MeCN = -2.65 + 8.83*kobs_toluene + 0.00*Ar_I_C=O - 0.14*Occupancy_C1-O
indigo_aryl_alkyl,ln(kobs)_MeCN,5,ln(kobs)_toluene|kobs_toluene|Ar_NBO_-O|L_C1-C2|Energy_C1-O,0.9513811522805591,0.6649237880196444,0.11892293524590258,LOOCV,ln(kobs)_MeCN = -7.92 + 0.98*ln(kobs)_toluene + 0.15*kobs_toluene - 20.52*Ar_NBO_-O - 3.18*L_C1-C2 + 0.85*Energy_C1-O
indigo_aryl_alkyl,ln(kobs)_MeCN,5,ln(kobs)_toluene|Ar_NBO_-O|LUMO|L_C1-C2|Energy_C1-O,0.9538186996530728,0.6644174279364817,0.11590345114095615,LOOCV,ln(kobs)_MeCN = -10.50 + 0.97*ln(kobs)_toluene - 17.30*Ar_NBO_-O + 2.52*LUMO + 0.14*L_C1-C2 + 0.84*Energy_C1-O
indigo_aryl_alkyl,ln(kobs)_MeCN,4,kobs_toluene|Ar_NBO_=O|LUMO|Ster_B1,0.8875541605649758,0.6643342680609343,0.1808568591826491,LOOCV,ln(kobs)_MeCN = -14.76 + 7.92*kobs_toluene - 21.63*Ar_NBO_=O + 0.35*LUMO - 0.28*Ster_B1
indigo_aryl_alkyl,ln(kobs)_MeCN,5,ln(kobs)_toluene|kobs_toluene|LUMO|polarizability|Energy_C1-O,0.95235997313575,0.6627386565140474,0.1177197382778307,LOOCV,ln(kobs)_MeCN = 2.43 + 0.97*ln(kobs)_toluene + 0.11*kobs_toluene + 4.34*LUMO + 0.00*polarizability + 1.46*Energy_C1-O
indigo_aryl_alkyl,ln(kobs)_MeCN,4,ln(kobs)_toluene|LUMO|L_C1-C2|Energy_C1-O,0.9479883680251135,0.6617435669541907,0.12300238416061389,LOOCV,ln(kobs)_MeCN = 6.37 + 1.02*ln(kobs)_toluene + 3.61*LUMO - 2.82*L_C1-C2 + 1.03*Energy_C1-O
indigo_aryl_alkyl,ln(kobs)_MeCN,4,kobs_toluene|Ster_L|Ar_I_C=O|Energy_C1-O,0.8949642344496144,0.6611603149887908,0.17479616159340874,LOOCV,ln(kobs)_MeCN = -0.57 + 9.78*kobs_toluene + 0.05*Ster_L + 0.00*Ar_I_C=O + 2.54*Energy_C1-O
indigo_aryl_alkyl,ln(kobs)_MeCN,5,ln(kobs)_toluene|kobs_toluene|Ar_v_C=O|Ar_NBO_-O|Energy_C1-O,0.9511002722636817,0.6608304461639245,0.1192659603539872,LOOCV,ln(kobs)_MeCN = -5.46 + 0.95*ln(kobs)_toluene + 0.29*kobs_toluene - 0.00*Ar_v_C=O - 19.84*Ar_NBO_-O + 0.87*Energy_C1-O
indigo_aryl_alkyl,ln(kobs)_MeCN,5,ln(kobs)_toluene|LUMO|Ster_L|L_C1-C2|Energy_C1-O,0.9512245892626349,0.6605398566449527,0.11911425990054325,LOOCV,ln(kobs)_MeCN = 5.54 + 0.97*ln(kobs)_toluene + 4.44*LUMO + 0.02*Ster_L - 2.31*L_C1-C2 + 1.22*Energy_C1-O
indigo_aryl_alkyl,ln(kobs)_MeCN,3,kobs_toluene|Ar_NBO_C1_x|Ster_B5,0.8142658323858876,0.6596596350452208,0.2324391030682502,LOOCV,ln(kobs)_MeCN = -12.93 + 8.64*kobs_toluene + 13.10*Ar_NBO_C1_x + 0.00*Ster_B5
indigo_aryl_alkyl,ln(kobs)_MeCN,5,ln(kobs)_toluene|Ar_NBO_=O|Ar_v_C=O|Ar_NBO_-O|Ster_L,0.951460493293355,0.6595637103346133,0.11882586056042396,LOOCV,ln(kobs)_MeCN = -36.91 + 0.94*ln(kobs)_toluene - 16.15*Ar_NBO_=O + 0.01*Ar_v_C=O - 16.46*Ar_NBO_-O - 0.04*Ster_L
indigo_aryl_alkyl,ln(kobs)_MeCN,4,kobs_toluene|Ar_v_C=O|L_C1-C2|Ster_B1,0.876170437549316,0.6587379766157442,0.18979093187809748,LOOCV,ln(kobs)_MeCN = 52.24 + 7.53*kobs_toluene - 0.05*Ar_v_C=O + 24.00*L_C1-C2 - 0.29*Ster_B1
indigo_aryl_alkyl,ln(kobs)_MeCN,4,kobs_toluene|Ar_NBO_=O|LUMO|polarizability,0.8862995689789579,0.6583582201486784,0.181862997335155,LOOCV,ln(kobs)_MeCN = -20.54 + 7.29*kobs_toluene - 30.71*Ar_NBO_=O - 1.46*LUMO - 0.00*polarizability
indigo_aryl_alkyl,ln(kobs)_MeCN,4,kobs_toluene|polarizability|Ster_B1|Energy_C1-O,0.90399516025323,0.6580527035697632,0.1671128525596985,LOOCV,ln(kobs)_MeCN = 1.02 + 10.10*kobs_toluene + 0.00*polarizability + 0.31*Ster_B1 + 4.17*Energy_C1-O
indigo_aryl_alkyl,ln(kobs)_MeCN,4,kobs_toluene|Ar_NBO_=O|Entry|Ster_B1,0.8875486235451013,0.6568918258853689,0.18086131197388314,LOOCV,ln(kobs)_MeCN = -15.04 + 7.99*kobs_toluene - 22.07*Ar_NBO_=O - 0.00*Entry - 0.28*Ster_B1
indigo_aryl_alkyl,ln(kobs)_MeCN,3,kobs_toluene|Ar_NBO_C1_x|Occupancy_C1-O,0.815314924556068,0.6561207371540199,0.23178172440734876,LOOCV,ln(kobs)_MeCN = -71.53 + 8.75*kobs_toluene + 14.20*Ar_NBO_C1_x + 28.95*Occupancy_C1-O
indigo_aryl_alkyl,ln(kobs)_MeCN,3,kobs_toluene|Ar_NBO_=O|L_C1-C2,0.8744207434170239,0.6548988045219055,0.19112708796788508,LOOCV,ln(kobs)_MeCN = -23.99 + 6.90*kobs_toluene - 26.27*Ar_NBO_=O + 4.06*L_C1-C2
indigo_aryl_alkyl,ln(kobs)_MeCN,4,kobs_toluene|Ar_NBO_=O|Ar_NBO_-O|Ster_B5,0.8753864594719509,0.6544983534180073,0.19039077720231673,LOOCV,ln(kobs)_MeCN = -20.81 + 7.13*kobs_toluene - 20.74*Ar_NBO_=O - 8.82*Ar_NBO_-O - 0.01*Ster_B5
indigo_aryl_alkyl,ln(kobs)_MeCN,5,ln(kobs)_toluene|Ar_NBO_=O|Ar_NBO_-O|L_C1-C2|Energy_C1-O,0.9519377349505931,0.6541553755322576,0.1182402681823846,LOOCV,ln(kobs)_MeCN = -5.62 + 0.97*ln(kobs)_toluene - 5.30*Ar_NBO_=O - 11.91*Ar_NBO_-O - 2.82*L_C1-C2 + 0.84*Energy_C1-O
indigo_aryl_alkyl,ln(kobs)_MeCN,4,ln(kobs)_toluene|LUMO|Occupancy_C1-O|Energy_C1-O,0.9483224524742087,0.6539021729929665,0.12260670935611258,LOOCV,ln(kobs)_MeCN = -43.60 + 1.03*ln(kobs)_toluene + 4.03*LUMO + 23.03*Occupancy_C1-O + 1.12*Energy_C1-O
indigo_aryl_alkyl,ln(kobs)_MeCN,3,Ar_v_C=O|LUMO|Ar_NBO_C1_x,0.7896654206688718,0.6538916736122407,0.24735382334884878,LOOCV,ln(kobs)_MeCN = 40.42 - 0.04*Ar_v_C=O + 11.85*LUMO + 46.84*Ar_NBO_C1_x
indigo_aryl_alkyl,ln(kobs)_MeCN,4,kobs_toluene|Ar_I_C=O|Ster_B1|Energy_C1-O,0.884196054854635,0.6524368272807124,0.18353756537705818,LOOCV,ln(kobs)_MeCN = -0.21 + 10.06*kobs_toluene + 0.00*Ar_I_C=O + 0.33*Ster_B1 + 3.14*Energy_C1-O
indigo_aryl_alkyl,ln(kobs)_MeCN,4,ln(kobs)_toluene|Ster_L|L_C1-C2|Energy_C1-O,0.943698149056771,0.6513242693984299,0.1279748488724495,LOOCV,ln(kobs)_MeCN = 16.15 + 1.05*ln(kobs)_toluene + 0.01*Ster_L - 9.43*L_C1-C2 + 1.18*Energy_C1-O
indigo_aryl_alkyl,ln(kobs)_MeCN,4,kobs_toluene|LUMO|Ar_NBO_C1_x|Energy_C1-O,0.8988411481215424,0.6511474830328982,0.17153993248785415,LOOCV,ln(kobs)_MeCN = -15.05 + 8.08*kobs_toluene + 7.47*LUMO + 18.25*Ar_NBO_C1_x + 1.52*Energy_C1-O
indigo_aryl_alkyl,ln(kobs)_MeCN,4,ln(kobs)_toluene|Ar_NBO_=O|Ster_L|L_C1-C2,0.9482887341798644,0.6509024323668693,0.12264670172402949,LOOCV,ln(kobs)_MeCN = -14.63 + 0.90*ln(kobs)_toluene - 19.88*Ar_NBO_=O - 0.04*Ster_L + 2.50*L_C1-C2
indigo_aryl_alkyl,ln(kobs)_MeCN,3,kobs_toluene|Ar_NBO_C1_x|Ster_B1,0.8443885397551472,0.6505028113779487,0.21275710787304222,LOOCV,ln(kobs)_MeCN = -11.58 + 9.79*kobs_toluene + 12.21*Ar_NBO_C1_x - 0.40*Ster_B1
indigo_aryl_alkyl,ln(kobs)_MeCN,3,HOMO|Ar_v_C=O|Ar_NBO_C1_x,0.7701876405997903,0.6504693106505616,0.25855323724623613,LOOCV,ln(kobs)_MeCN = 52.02 + 8.22*HOMO - 0.04*Ar_v_C=O + 37.91*Ar_NBO_C1_x
indigo_aryl_alkyl,ln(kobs)_MeCN,4,kobs_toluene|Ar_NBO_-O|Ster_B1|Occupancy_C1-O,0.899329550107157,0.6499000115734018,0.17112532807413425,LOOCV,ln(kobs)_MeCN = -242.27 + 8.97*kobs_toluene - 49.20*Ar_NBO_-O - 0.33*Ster_B1 + 103.30*Occupancy_C1-O
indigo_aryl_alkyl,ln(kobs)_MeCN,4,kobs_toluene|Ar_NBO_=O|Ar_I_C=O|L_C1-C2,0.8760188937083085,0.6495807428641451,0.1899070303763873,LOOCV,ln(kobs)_MeCN = -26.28 + 6.87*kobs_toluene - 25.36*Ar_NBO_=O + 0.00*Ar_I_C=O + 5.85*L_C1-C2
indigo_aryl_alkyl,ln(kobs)_MeCN,4,ln(kobs)_toluene|Ar_NBO_=O|LUMO|L_C1-C2,0.9417601798807848,0.6488690279880737,0.1301587297270688,LOOCV,ln(kobs)_MeCN = -7.11 + 0.86*ln(kobs)_toluene - 12.01*Ar_NBO_=O + 2.55*LUMO + 0.39*L_C1-C2
indigo_aryl_alkyl,ln(kobs)_MeCN,4,kobs_toluene|polarizability|Ster_B5|Energy_C1-O,0.89964365700546,0.6485633964765107,0.17085815116215253,LOOCV,ln(kobs)_MeCN = 0.59 + 10.25*kobs_toluene + 0.00*polarizability - 0.02*Ster_B5 + 3.25*Energy_C1-O
indigo_aryl_alkyl,ln(kobs)_MeCN,5,ln(kobs)_toluene|Ar_NBO_=O|Ar_v_C=O|LUMO|Energy_C1-O,0.9539592252753574,0.6483635223266251,0.11572697480047804,LOOCV,ln(kobs)_MeCN = -12.88 + 0.94*ln(kobs)_toluene - 11.24*Ar_NBO_=O + 0.00*Ar_v_C=O + 2.80*LUMO + 0.88*Energy_C1-O
indigo_aryl_alkyl,ln(kobs)_MeCN,4,kobs_toluene|Ar_I_C=O|Occupancy_C1-O|Energy_C1-O,0.8871628467675465,0.6483406631815412,0.18117127863918817,LOOCV,ln(kobs)_MeCN = -157.38 + 10.76*kobs_toluene + 0.00*Ar_I_C=O + 78.69*Occupancy_C1-O + 2.42*Energy_C1-O
indigo_aryl_alkyl,ln(kobs)_MeCN,3,kobs_toluene|Ster_L|Ster_B1,0.8495261374242491,0.6458230320032277,0.20921548408731044,LOOCV,ln(kobs)_MeCN = -1.91 + 9.90*kobs_toluene + 0.05*Ster_L - 0.58*Ster_B1
indigo_aryl_alkyl,ln(kobs)_MeCN,3,kobs_toluene|Ar_NBO_C1_x|Ster_L,0.8141268169504253,0.6457643489245996,0.23252607300920156,LOOCV,ln(kobs)_MeCN = -13.02 + 8.73*kobs_toluene + 13.25*Ar_NBO_C1_x - 0.00*Ster_L
indigo_aryl_alkyl,ln(kobs)_MeCN,3,kobs_toluene|LUMO|Ster_B5,0.82198867359599,0.6452328955129398,0.2275553796463073,LOOCV,ln(kobs)_MeCN = -2.09 + 8.21*kobs_toluene + 6.00*LUMO + 0.00*Ster_B5
indigo_aryl_alkyl,ln(kobs)_MeCN,5,ln(kobs)_toluene|Ar_NBO_=O|L_C1-C2|Ster_B5|Energy_C1-O,0.9511716155757158,0.6451529483374302,0.11917892577507001,LOOCV,ln(kobs)_MeCN = 0.57 + 0.96*ln(kobs)_toluene - 10.44*Ar_NBO_=O - 3.41*L_C1-C2 + 0.00*Ster_B5 + 0.92*Energy_C1-O
indigo_aryl_alkyl,ln(kobs)_MeCN,4,kobs_toluene|Ar_NBO_=O|Ar_v_C=O|Ster_B1,0.8887137653384205,0.6447060177975864,0.17992189360990526,LOOCV,ln(kobs)_MeCN = -32.56 + 8.03*kobs_toluene - 26.68*Ar_NBO_=O + 0.01*Ar_v_C=O - 0.28*Ster_B1
indigo_aryl_alkyl,ln(kobs)_MeCN,4,kobs_toluene|Ar_I_C=O|polarizability|Energy_C1-O,0.8999152929147066,0.6432361490022827,0.17062676241332736,LOOCV,ln(kobs)_MeCN = 0.31 + 10.18*kobs_toluene + 0.00*Ar_I_C=O + 0.00*polarizability + 3.10*Energy_C1-O
indigo_aryl_alkyl,ln(kobs)_MeCN,3,LUMO|Ar_NBO_C1_x|Entry,0.7774449085340878,0.6420039994213869,0.25443804861148267,LOOCV,ln(kobs)_MeCN = -44.98 + 18.25*LUMO + 54.73*Ar_NBO_C1_x + 0.03*Entry
indigo_aryl_alkyl,ln(kobs)_MeCN,4,kobs_toluene|Ar_NBO_=O|L_C1-C2|Occupancy_C1-O,0.8841002135988961,0.6419341881624682,0.1836134990280372,LOOCV,ln(kobs)_MeCN = -195.60 + 6.87*kobs_toluene - 30.65*Ar_NBO_=O + 6.78*L_C1-C2 + 82.71*Occupancy_C1-O
indigo_aryl_alkyl,ln(kobs)_MeCN,4,ln(kobs)_toluene|Ar_NBO_=O|Ar_v_C=O|Energy_C1-O,0.9504129607226329,0.6418911743816358,0.12010120871281728,LOOCV,ln(kobs)_MeCN = -4.62 + 0.95*ln(kobs)_toluene - 12.01*Ar_NBO_=O - 0.00*Ar_v_C=O + 0.89*Energy_C1-O
indigo_aryl_alkyl,ln(kobs)_MeCN,4,kobs_toluene|Ar_NBO_-O|Ster_B1|Ster_B5,0.8888502209945701,0.6414279017477038,0.17981155251172026,LOOCV,ln(kobs)_MeCN = -31.00 + 8.62*kobs_toluene - 41.59*Ar_NBO_-O - 0.33*Ster_B1 + 0.02*Ster_B5
indigo_aryl_alkyl,ln(kobs)_MeCN,4,kobs_toluene|Ar_NBO_=O|Ar_NBO_-O|polarizability,0.8854014692630664,0.6401796291051296,0.1825798364948841,LOOCV,ln(kobs)_MeCN = -19.02 + 7.17*kobs_toluene - 28.66*Ar_NBO_=O + 0.33*Ar_NBO_-O - 0.00*polarizability
indigo_aryl_alkyl,ln(kobs)_MeCN,3,kobs_toluene|LUMO|Occupancy_C1-O,0.823180837079184,0.639373265325843,0.22679211656918616,LOOCV,ln(kobs)_MeCN = 53.02 + 8.09*kobs_toluene + 6.21*LUMO - 27.62*Occupancy_C1-O
indigo_aryl_alkyl,ln(kobs)_MeCN,4,kobs_toluene|Ar_NBO_=O|Ster_B1|Ster_B5,0.8875303823403642,0.6392977906522828,0.18087598051127354,LOOCV,ln(kobs)_MeCN = -15.10 + 7.94*kobs_toluene - 22.17*Ar_NBO_=O - 0.28*Ster_B1 - 0.00*Ster_B5
indigo_aryl_alkyl,ln(kobs)_MeCN,3,kobs_toluene|Ar_v_C=O|Ster_B1,0.8614360757679623,0.6389800898815567,0.20076517246666245,LOOCV,ln(kobs)_MeCN = 40.90 + 8.67*kobs_toluene - 0.02*Ar_v_C=O - 0.33*Ster_B1
indigo_aryl_alkyl,ln(kobs)_MeCN,4,kobs_toluene|HOMO|Ar_NBO_C1_x|Ster_B1,0.8947932472304722,0.6387862092074688,0.1749383786550226,LOOCV,ln(kobs)_MeCN = -12.02 + 7.39*kobs_toluene + 7.34*HOMO + 15.70*Ar_NBO_C1_x - 0.30*Ster_B1
indigo_aryl_alkyl,ln(kobs)_MeCN,4,ln(kobs)_toluene|L_C1-C2|Ster_B5|Energy_C1-O,0.9439838113017043,0.6359081124282973,0.127649778993306,LOOCV,ln(kobs)_MeCN = 15.72 + 1.06*ln(kobs)_toluene - 9.05*L_C1-C2 + 0.01*Ster_B5 + 1.21*Energy_C1-O
indigo_aryl_alkyl,ln(kobs)_MeCN,5,ln(kobs)_toluene|kobs_toluene|LUMO|Ster_L|Energy_C1-O,0.9509705011911936,0.6351320801984994,0.11942411068970736,LOOCV,ln(kobs)_MeCN = 2.19 + 0.99*ln(kobs)_toluene - 0.30*kobs_toluene + 5.03*LUMO + 0.02*Ster_L + 1.19*Energy_C1-O
indigo_aryl_alkyl,ln(kobs)_MeCN,4,kobs_toluene|Ar_NBO_=O|Ar_NBO_-O|L_C1-C2,0.8765309026810474,0.6347203825614072,0.18951449194042494,LOOCV,ln(kobs)_MeCN = -33.31 + 7.14*kobs_toluene - 17.52*Ar_NBO_=O - 19.03*Ar_NBO_-O + 4.87*L_C1-C2
indigo_aryl_alkyl,ln(kobs)_MeCN,4,ln(kobs)_toluene|L_C1-C2|Ster_B1|Energy_C1-O,0.9431972189672877,0.6343554820355495,0.12854289850062925,LOOCV,ln(kobs)_MeCN = 15.27 + 1.06*ln(kobs)_toluene - 8.71*L_C1-C2 + 0.11*Ster_B1 + 1.41*Energy_C1-O
indigo_aryl_alkyl,ln(kobs)_MeCN,3,ln(kobs)_toluene|L_C1-C2|Energy_C1-O,0.9425722632929676,0.6340694401731393,0.12924809160851972,LOOCV,ln(kobs)_MeCN = 15.45 + 1.07*ln(kobs)_toluene - 8.92*L_C1-C2 + 1.07*Energy_C1-O
indigo_aryl_alkyl,ln(kobs)_MeCN,4,kobs_toluene|Ar_NBO_-O|polarizability|Ster_B1,0.884834115085542,0.6327133325713585,0.18303123643247574,LOOCV,ln(kobs)_MeCN = -29.48 + 8.76*kobs_toluene - 39.46*Ar_NBO_-O + 0.00*polarizability - 0.32*Ster_B1
indigo_aryl_alkyl,ln(kobs)_MeCN,4,kobs_toluene|HOMO|Ar_NBO_-O|Ster_B1,0.89620240214128,0.6326089227014475,0.17376285375117428,LOOCV,ln(kobs)_MeCN = -22.30 + 7.95*kobs_toluene + 3.94*HOMO - 31.00*Ar_NBO_-O - 0.27*Ster_B1
indigo_aryl_alkyl,ln(kobs)_MeCN,3,kobs_toluene|polarizability|Energy_C1-O,0.8986525011020121,0.6301025979160534,0.17169980690072964,LOOCV,ln(kobs)_MeCN = 0.55 + 10.30*kobs_toluene + 0.00*polarizability + 3.22*Energy_C1-O
indigo_aryl_alkyl,ln(kobs)_MeCN,3,Ar_v_C=O|Ar_NBO_C1_x|L_C1-C2,0.7459730776994964,0.6300508587651822,0.27183361600511946,LOOCV,ln(kobs)_MeCN = 103.81 - 0.10*Ar_v_C=O + 29.44*Ar_NBO_C1_x + 31.82*L_C1-C2
indigo_aryl_alkyl,ln(kobs)_MeCN,4,kobs_toluene|Ar_NBO_=O|polarizability|Ster_B1,0.8894734235000781,0.6300433750537403,0.17930675381549435,LOOCV,ln(kobs)_MeCN = -16.77 + 7.76*kobs_toluene - 24.87*Ar_NBO_=O - 0.00*polarizability - 0.19*Ster_B1
indigo_aryl_alkyl,ln(kobs)_MeCN,5,ln(kobs)_toluene|Ar_NBO_=O|Ster_L|Ar_I_C=O|L_C1-C2,0.9521684743293233,0.629473404122948,0.11795610024103594,LOOCV,ln(kobs)_MeCN = -18.77 + 0.90*ln(kobs)_toluene - 18.70*Ar_NBO_=O - 0.04*Ster_L + 0.00*Ar_I_C=O + 5.57*L_C1-C2
indigo_aryl_alkyl,ln(kobs)_MeCN,4,kobs_toluene|HOMO|polarizability|L_C1-C2,0.8773352681503523,0.6268335089739939,0.18889616718366253,LOOCV,ln(kobs)_MeCN = -4.57 + 7.36*kobs_toluene + 11.41*HOMO - 0.00*polarizability + 4.18*L_C1-C2
indigo_aryl_alkyl,ln(kobs)_MeCN,3,kobs_toluene|Ster_L|Entry,0.7993578152160221,0.6256829185051527,0.24158747410839748,LOOCV,ln(kobs)_MeCN = -2.54 + 9.10*kobs_toluene + 0.01*Ster_L - 0.00*Entry
indigo_aryl_alkyl,ln(kobs)_MeCN,3,HOMO|Ar_NBO_C1_x|Ster_B5,0.7365076399425918,0.624794565804979,0.27685176890427043,LOOCV,ln(kobs)_MeCN = -20.76 + 20.79*HOMO + 32.51*Ar_NBO_C1_x - 0.07*Ster_B5
indigo_aryl_alkyl,ln(kobs)_MeCN,3,kobs_toluene|Entry|Ster_B5,0.7976496692396158,0.6246302212654634,0.2426136593362772,LOOCV,ln(kobs)_MeCN = -2.45 + 9.33*kobs_toluene - 0.00*Entry + 0.00*Ster_B5
indigo_aryl_alkyl,ln(kobs)_MeCN,4,kobs_toluene|Ar_NBO_-O|Ster_L|Occupancy_C1-O,0.8803437465523879,0.6225544920640691,0.18656535089583093,LOOCV,ln(kobs)_MeCN = -206.50 + 8.00*kobs_toluene - 53.95*Ar_NBO_-O - 0.01*Ster_L + 83.47*Occupancy_C1-O
indigo_aryl_alkyl,ln(kobs)_MeCN,5,ln(kobs)_toluene|Ar_NBO_=O|Ar_v_C=O|L_C1-C2|Ster_B1,0.9524845765341143,0.620769768786809,0.11756568837205957,LOOCV,ln(kobs)_MeCN = -61.57 + 1.03*ln(kobs)_toluene - 28.18*Ar_NBO_=O + 0.05*Ar_v_C=O - 25.72*L_C1-C2 - 0.18*Ster_B1
indigo_aryl_alkyl,ln(kobs)_MeCN,4,ln(kobs)_toluene|L_C1-C2|Occupancy_C1-O|Energy_C1-O,0.9445976153974847,0.6199775905936964,0.12694848369982994,LOOCV,ln(kobs)_MeCN = -57.27 + 1.09*ln(kobs)_toluene - 8.67*L_C1-C2 + 36.36*Occupancy_C1-O + 1.18*Energy_C1-O
indigo_aryl_alkyl,ln(kobs)_MeCN,3,kobs_toluene|Ar_I_C=O|Energy_C1-O,0.8781096509766873,0.6185347538705404,0.18829897212804486,LOOCV,ln(kobs)_MeCN = -0.72 + 10.28*kobs_toluene + 0.00*Ar_I_C=O + 2.11*Energy_C1-O
indigo_aryl_alkyl,ln(kobs)_MeCN,3,kobs_toluene|Ster_L|Ster_B5,0.7997724745105488,0.6184944336613364,0.24133770533982626,LOOCV,ln(kobs)_MeCN = -2.55 + 9.08*kobs_toluene + 0.02*Ster_L - 0.01*Ster_B5
indigo_aryl_alkyl,ln(kobs)_MeCN,3,kobs_toluene|LUMO|Ster_B1,0.8459340764913321,0.6184433529805171,0.21169791699690924,LOOCV,ln(kobs)_MeCN = -1.58 + 9.37*kobs_toluene + 4.96*LUMO - 0.36*Ster_B1
indigo_aryl_alkyl,ln(kobs)_MeCN,5,kobs_MeCN|Entry|Ar_I_C=O|polarizability|Energy_C1-O,0.9511269889278886,0.6183225771535501,0.11923337506050732,LOOCV,ln(kobs)_MeCN = -1.24 + 3.82*kobs_MeCN + 0.01*Entry - 0.00*Ar_I_C=O + 0.00*polarizability + 1.25*Energy_C1-O
indigo_aryl_alkyl,ln(kobs)_MeCN,4,kobs_toluene|LUMO|Ar_I_C=O|Energy_C1-O,0.8812670391952776,0.6157426859400474,0.18584416839634962,LOOCV,ln(kobs)_MeCN = -0.58 + 9.87*kobs_toluene + 2.45*LUMO + 0.00*Ar_I_C=O + 2.01*Energy_C1-O
indigo_aryl_alkyl,ln(kobs)_MeCN,3,kobs_toluene|Entry|Occupancy_C1-O,0.7977381233891563,0.6155414749806578,0.24256062623626176,LOOCV,ln(kobs)_MeCN = 12.25 + 9.29*kobs_toluene - 0.00*Entry - 7.37*Occupancy_C1-O
indigo_aryl_alkyl,ln(kobs)_MeCN,4,kobs_toluene|Ster_L|polarizability|Energy_C1-O,0.8986678035974116,0.6147499074868077,0.171686843903514,LOOCV,ln(kobs)_MeCN = 0.54 + 10.28*kobs_toluene + 0.00*Ster_L + 0.00*polarizability + 3.21*Energy_C1-O
indigo_aryl_alkyl,ln(kobs)_MeCN,3,kobs_toluene|Ar_I_C=O|Ster_B1,0.84392207809977,0.6140231974833967,0.21307575012146796,LOOCV,ln(kobs)_MeCN = -2.27 + 9.91*kobs_toluene + 0.00*Ar_I_C=O - 0.39*Ster_B1
indigo_aryl_alkyl,ln(kobs)_MeCN,4,kobs_toluene|Ar_NBO_=O|Entry|L_C1-C2,0.8744222339670704,0.6110888298311417,0.1911259536828807,LOOCV,ln(kobs)_MeCN = -23.91 + 6.91*kobs_toluene - 26.25*Ar_NBO_=O - 0.00*Entry + 4.01*L_C1-C2
indigo_aryl_alkyl,ln(kobs)_MeCN,3,kobs_toluene|Ar_I_C=O|polarizability,0.816928847982356,0.6064458081837599,0.2307667566541676,LOOCV,ln(kobs)_MeCN = -2.93 + 8.99*kobs_toluene + 0.00*Ar_I_C=O - 0.00*polarizability
indigo_aryl_alkyl,ln(kobs)_MeCN,3,Ar_v_C=O|Ar_NBO_C1_x|Entry,0.7706033763861742,0.6044245724831474,0.2583192670398501,LOOCV,ln(kobs)_MeCN = 69.29 - 0.06*Ar_v_C=O + 45.50*Ar_NBO_C1_x + 0.02*Entry
indigo_aryl_alkyl,ln(kobs)_MeCN,3,kobs_toluene|Ar_v_C=O|polarizability,0.8441485185616728,0.6034977075648269,0.21292112708606292,LOOCV,ln(kobs)_MeCN = 49.95 + 7.72*kobs_toluene - 0.03*Ar_v_C=O - 0.00*polarizability
indigo_aryl_alkyl,ln(kobs)_MeCN,4,kobs_toluene|Ar_NBO_=O|polarizability|Occupancy_C1-O,0.8947229673993307,0.6023258539831331,0.17499679974881596,LOOCV,ln(kobs)_MeCN = -179.25 + 7.20*kobs_toluene - 31.85*Ar_NBO_=O - 0.00*polarizability + 79.28*Occupancy_C1-O
indigo_aryl_alkyl,ln(kobs)_MeCN,3,LUMO|Ar_NBO_C1_x|Ster_B5,0.7329545506928726,0.6021068983839826,0.27871213609963746,LOOCV,ln(kobs)_MeCN = -42.21 + 21.40*LUMO + 51.55*Ar_NBO_C1_x + 0.05*Ster_B5
indigo_aryl_alkyl,ln(kobs)_MeCN,4,kobs_toluene|Ster_L|L_C1-C2|Energy_C1-O,0.8929785377474552,0.6019345552325144,0.17644068260282636,LOOCV,ln(kobs)_MeCN = 12.00 + 9.78*kobs_toluene + 0.06*Ster_L - 8.25*L_C1-C2 + 2.56*Energy_C1-O
indigo_aryl_alkyl,ln(kobs)_MeCN,3,LUMO|Ar_NBO_C1_x|Ster_B1,0.7128182342442232,0.5994997007508247,0.289029199295676,LOOCV,ln(kobs)_MeCN = -41.33 + 21.50*LUMO + 50.30*Ar_NBO_C1_x + 0.19*Ster_B1
indigo_aryl_alkyl,ln(kobs)_MeCN,4,ln(kobs)_toluene|kobs_toluene|LUMO|Energy_C1-O,0.9481039562103507,0.5993057063738267,0.12286563080605781,LOOCV,ln(kobs)_MeCN = 2.42 + 1.10*ln(kobs)_toluene - 1.03*kobs_toluene + 4.50*LUMO + 0.92*Energy_C1-O
indigo_aryl_alkyl,ln(kobs)_MeCN,5,ln(kobs)_toluene|Ar_NBO_=O|Ar_NBO_C1_x|polarizability|L_C1-C2,0.9509298461264447,0.5984042403504592,0.11947361342796294,LOOCV,ln(kobs)_MeCN = -4.00 + 0.87*ln(kobs)_toluene - 14.20*Ar_NBO_=O + 8.41*Ar_NBO_C1_x - 0.00*polarizability - 7.12*L_C1-C2
indigo_aryl_alkyl,ln(kobs)_MeCN,4,ln(kobs)_toluene|kobs_toluene|Ar_v_C=O|Energy_C1-O,0.9454262640012558,0.5978098179993534,0.1259955282934506,LOOCV,ln(kobs)_MeCN = 26.96 + 1.00*ln(kobs)_toluene - 0.07*kobs_toluene - 0.01*Ar_v_C=O + 1.02*Energy_C1-O
indigo_aryl_alkyl,ln(kobs)_MeCN,4,kobs_toluene|Ar_NBO_=O|Ster_B1|Occupancy_C1-O,0.8985333487329686,0.5976389369897447,0.17180070938653158,LOOCV,ln(kobs)_MeCN = -189.95 + 8.07*kobs_toluene - 25.13*Ar_NBO_=O - 0.31*Ster_B1 + 86.82*Occupancy_C1-O
indigo_aryl_alkyl,ln(kobs)_MeCN,3,kobs_toluene|Ar_I_C=O|L_C1-C2,0.8176577362940468,0.5967685009415515,0.2303069055334542,LOOCV,ln(kobs)_MeCN = 5.47 + 8.78*kobs_toluene + 0.00*Ar_I_C=O - 5.58*L_C1-C2
indigo_aryl_alkyl,ln(kobs)_MeCN,3,LUMO|Ar_NBO_C1_x|Ster_L,0.7381359547754023,0.5956556182893211,0.2759950069438894,LOOCV,ln(kobs)_MeCN = -34.77 + 21.29*LUMO + 41.88*Ar_NBO_C1_x + 0.06*Ster_L
indigo_aryl_alkyl,ln(kobs)_MeCN,3,HOMO|Ar_NBO_C1_x|Ar_I_C=O,0.6934505532431153,0.5948254551619578,0.29861633253402614,LOOCV,ln(kobs)_MeCN = -24.27 + 16.59*HOMO + 34.76*Ar_NBO_C1_x + 0.00*Ar_I_C=O
indigo_aryl_alkyl,ln(kobs)_MeCN,4,kobs_toluene|Ar_NBO_=O|HOMO|Ster_B1,0.8920833178720123,0.5946572291352555,0.17717709688220168,LOOCV,ln(kobs)_MeCN = -11.12 + 7.65*kobs_toluene - 17.03*Ar_NBO_=O + 2.81*HOMO - 0.27*Ster_B1
indigo_aryl_alkyl,ln(kobs)_MeCN,4,kobs_toluene|Ar_NBO_C1_x|polarizability|Energy_C1-O,0.9000555123512919,0.5942272944485106,0.17050719582365034,LOOCV,ln(kobs)_MeCN = -2.72 + 10.09*kobs_toluene + 3.96*Ar_NBO_C1_x + 0.00*polarizability + 3.11*Energy_C1-O
indigo_aryl_alkyl,ln(kobs)_MeCN,3,Ar_v_C=O|Ar_NBO_C1_x|Ster_B1,0.7355272004296094,0.5934879745612546,0.27736636519536545,LOOCV,ln(kobs)_MeCN = 91.43 - 0.07*Ar_v_C=O + 40.38*Ar_NBO_C1_x + 0.18*Ster_B1
indigo_aryl_alkyl,ln(kobs)_MeCN,4,kobs_toluene|Ar_NBO_-O|polarizability|Occupancy_C1-O,0.8829446359856525,0.5925175240760588,0.18452658692962806,LOOCV,ln(kobs)_MeCN = -218.37 + 8.13*kobs_toluene - 55.06*Ar_NBO_-O - 0.00*polarizability + 89.04*Occupancy_C1-O
indigo_aryl_alkyl,ln(kobs)_MeCN,4,kobs_toluene|Entry|polarizability|Energy_C1-O,0.8986889783898336,0.5907347320246681,0.1716689047718809,LOOCV,ln(kobs)_MeCN = 0.55 + 10.27*kobs_toluene + 0.00*Entry + 0.00*polarizability + 3.22*Energy_C1-O
indigo_aryl_alkyl,ln(kobs)_MeCN,3,kobs_toluene|LUMO|polarizability,0.8222459384718359,0.5902132484719398,0.22739088681756497,LOOCV,ln(kobs)_MeCN = -2.09 + 8.13*kobs_toluene + 6.07*LUMO + 0.00*polarizability
indigo_aryl_alkyl,ln(kobs)_MeCN,3,LUMO|Ar_NBO_C1_x|L_C1-C2,0.7260917396572457,0.5895691130002487,0.2822707348205025,LOOCV,ln(kobs)_MeCN = -16.15 + 17.97*LUMO + 58.13*Ar_NBO_C1_x - 21.07*L_C1-C2
indigo_aryl_alkyl,ln(kobs)_MeCN,5,ln(kobs)_toluene|Ar_NBO_=O|Ster_L|L_C1-C2|Energy_C1-O,0.9524903550322864,0.5888142912189339,0.11755853939051192,LOOCV,ln(kobs)_MeCN = -6.32 + 0.95*ln(kobs)_toluene - 14.49*Ar_NBO_=O - 0.02*Ster_L - 0.49*L_C1-C2 + 0.66*Energy_C1-O
indigo_aryl_alkyl,ln(kobs)_MeCN,4,kobs_toluene|HOMO|Ster_B1|Ster_B5,0.8836537272296643,0.5887608731432151,0.18396683066051295,LOOCV,ln(kobs)_MeCN = 1.30 + 7.68*kobs_toluene + 9.69*HOMO - 0.19*Ster_B1 - 0.04*Ster_B5
indigo_aryl_alkyl,ln(kobs)_MeCN,3,kobs_toluene|Ster_B5|Occupancy_C1-O,0.7977371021684025,0.5882592823478316,0.2425612385801128,LOOCV,ln(kobs)_MeCN = 12.86 + 9.28*kobs_toluene + 0.00*Ster_B5 - 7.68*Occupancy_C1-O
indigo_aryl_alkyl,ln(kobs)_MeCN,3,LUMO|Ar_NBO_C1_x|polarizability,0.7263947121982914,0.5880943798886833,0.2821145804506554,LOOCV,ln(kobs)_MeCN = -39.54 + 21.13*LUMO + 48.21*Ar_NBO_C1_x + 0.00*polarizability
indigo_aryl_alkyl,ln(kobs)_MeCN,4,kobs_toluene|Ar_NBO_=O|Ster_L|Occupancy_C1-O,0.883386058324904,0.5873045711119111,0.1841783282422649,LOOCV,ln(kobs)_MeCN = -141.73 + 7.11*kobs_toluene - 28.82*Ar_NBO_=O - 0.02*Ster_L + 61.37*Occupancy_C1-O
indigo_aryl_alkyl,ln(kobs)_MeCN,3,LUMO|Ar_NBO_C1_x|Occupancy_C1-O,0.7046567008313207,0.586928143175538,0.2931074451444978,LOOCV,ln(kobs)_MeCN = -29.71 + 22.01*LUMO + 51.68*Ar_NBO_C1_x - 6.20*Occupancy_C1-O
indigo_aryl_alkyl,ln(kobs)_MeCN,5,ln(kobs)_toluene|Ar_NBO_=O|LUMO|Ar_NBO_C1_x|L_C1-C2,0.9535788109083179,0.5867985069088468,0.11620409144118121,LOOCV,ln(kobs)_MeCN = 1.31 + 0.80*ln(kobs)_toluene - 2.12*Ar_NBO_=O + 5.14*LUMO + 17.88*Ar_NBO_C1_x - 11.00*L_C1-C2
indigo_aryl_alkyl,ln(kobs)_MeCN,3,kobs_toluene|Ar_NBO_C1_x|polarizability,0.8141746188827679,0.5866500027058796,0.23249617114235618,LOOCV,ln(kobs)_MeCN = -12.84 + 8.74*kobs_toluene + 13.01*Ar_NBO_C1_x - 0.00*polarizability
indigo_aryl_alkyl,ln(kobs)_MeCN,3,HOMO|Ar_NBO_C1_x|Ster_L,0.6999354703609333,0.5829449346589788,0.29544090124870787,LOOCV,ln(kobs)_MeCN = -26.80 + 17.99*HOMO + 38.87*Ar_NBO_C1_x - 0.03*Ster_L
indigo_aryl_alkyl,ln(kobs)_MeCN,3,HOMO|Ar_NBO_C1_x|polarizability,0.7395500986376375,0.5800195232006284,0.27524877047241775,LOOCV,ln(kobs)_MeCN = -25.20 + 21.36*HOMO + 38.34*Ar_NBO_C1_x - 0.00*polarizability
indigo_aryl_alkyl,ln(kobs)_MeCN,3,kobs_toluene|Entry|Ster_B1,0.8297750488282445,0.5780483333113731,0.22252299579880164,LOOCV,ln(kobs)_MeCN = -1.81 + 10.38*kobs_toluene + 0.00*Entry - 0.41*Ster_B1
indigo_aryl_alkyl,ln(kobs)_MeCN,4,ln(kobs)_toluene|polarizability|Occupancy_C1-O|Energy_C1-O,0.9447986198371512,0.5778969147102604,0.12671798463617637,LOOCV,ln(kobs)_MeCN = -121.17 + 1.09*ln(kobs)_toluene + 0.00*polarizability + 62.24*Occupancy_C1-O + 1.86*Energy_C1-O
indigo_aryl_alkyl,ln(kobs)_MeCN,3,HOMO|Ar_NBO_C1_x|Entry,0.7287459096584183,0.5776097361154635,0.2808998044850123,LOOCV,ln(kobs)_MeCN = -29.00 + 13.85*HOMO + 39.37*Ar_NBO_C1_x + 0.02*Entry
indigo_aryl_alkyl,ln(kobs)_MeCN,3,Ar_v_C=O|Ar_NBO_C1_x|Ar_I_C=O,0.732364786538835,0.5760348269422236,0.27901973125491764,LOOCV,ln(kobs)_MeCN = 84.57 - 0.07*Ar_v_C=O + 42.35*Ar_NBO_C1_x + 0.00*Ar_I_C=O
indigo_aryl_alkyl,ln(kobs)_MeCN,4,kobs_MeCN|Entry|Ar_I_C=O|Energy_C1-O,0.9364842958105589,0.5742975045236838,0.13592641030707736,LOOCV,ln(kobs)_MeCN = -2.07 + 3.86*kobs_MeCN + 0.01*Entry - 0.00*Ar_I_C=O + 0.45*Energy_C1-O
indigo_aryl_alkyl,ln(kobs)_MeCN,3,Ar_v_C=O|LUMO|L_C1-C2,0.7394957834154263,0.5733537366184027,0.27527746969382605,LOOCV,ln(kobs)_MeCN = 88.02 - 0.11*Ar_v_C=O + 10.00*LUMO + 74.96*L_C1-C2
indigo_aryl_alkyl,ln(kobs)_MeCN,4,kobs_toluene|Ar_I_C=O|L_C1-C2|Energy_C1-O,0.878249000469013,0.5713970985638772,0.18819130622126143,LOOCV,ln(kobs)_MeCN = 1.38 + 10.26*kobs_toluene + 0.00*Ar_I_C=O - 1.41*L_C1-C2 + 2.10*Energy_C1-O
indigo_aryl_alkyl,ln(kobs)_MeCN,4,ln(kobs)_toluene|Ar_NBO_=O|polarizability|L_C1-C2,0.9479719108891186,0.5703227943680699,0.12302184237396364,LOOCV,ln(kobs)_MeCN = -11.22 + 0.89*ln(kobs)_toluene - 18.92*Ar_NBO_=O - 0.00*polarizability + 0.44*L_C1-C2
indigo_aryl_alkyl,ln(kobs)_MeCN,3,kobs_toluene|Ster_L|polarizability,0.8023548104044651,0.5664777751755579,0.23977638782677943,LOOCV,ln(kobs)_MeCN = -2.63 + 9.08*kobs_toluene + 0.04*Ster_L - 0.00*polarizability
indigo_aryl_alkyl,ln(kobs)_MeCN,4,kobs_toluene|HOMO|polarizability|Occupancy_C1-O,0.8764730864379556,0.5657879492239806,0.1895588582384586,LOOCV,ln(kobs)_MeCN = 31.27 + 7.32*kobs_toluene + 10.69*HOMO - 0.00*polarizability - 14.98*Occupancy_C1-O
indigo_aryl_alkyl,ln(kobs)_MeCN,4,kobs_toluene|Ar_NBO_=O|Ar_v_C=O|L_C1-C2,0.8744621351352582,0.5643630291117789,0.19109558702266433,LOOCV,ln(kobs)_MeCN = -28.87 + 6.96*kobs_toluene - 27.62*Ar_NBO_=O + 0.00*Ar_v_C=O + 2.38*L_C1-C2
indigo_aryl_alkyl,ln(kobs)_MeCN,4,ln(kobs)_toluene|Ster_L|polarizability|Energy_C1-O,0.9413499508475474,0.564115792359448,0.13061633067656253,LOOCV,ln(kobs)_MeCN = 2.82 + 1.09*ln(kobs)_toluene - 0.03*Ster_L + 0.00*polarizability + 1.60*Energy_C1-O
indigo_aryl_alkyl,ln(kobs)_MeCN,5,ln(kobs)_toluene|Ar_NBO_=O|polarizability|L_C1-C2|Occupancy_C1-O,0.9531422114378517,0.5638125141265709,0.11674927254720799,LOOCV,ln(kobs)_MeCN = -140.11 + 0.88*ln(kobs)_toluene - 23.22*Ar_NBO_=O - 0.00*polarizability + 3.02*L_C1-C2 + 61.41*Occupancy_C1-O
indigo_aryl_alkyl,ln(kobs)_MeCN,3,HOMO|Ar_NBO_C1_x|Occupancy_C1-O,0.6938828028443145,0.5637547166713096,0.2984057265041371,LOOCV,ln(kobs)_MeCN = -63.29 + 16.89*HOMO + 35.49*Ar_NBO_C1_x + 19.35*Occupancy_C1-O
indigo_aryl_alkyl,ln(kobs)_MeCN,4,ln(kobs)_toluene|Entry|polarizability|Energy_C1-O,0.9409634625525912,0.5634724776628901,0.13104598752535349,LOOCV,ln(kobs)_MeCN = 2.61 + 1.09*ln(kobs)_toluene - 0.00*Entry + 0.00*polarizability + 1.49*Energy_C1-O
indigo_aryl_alkyl,ln(kobs)_MeCN,3,Ar_v_C=O|Ar_NBO_C1_x|Occupancy_C1-O,0.7491330702474147,0.5604062534715691,0.2701375746603468,LOOCV,ln(kobs)_MeCN = -151.47 - 0.07*Ar_v_C=O + 47.89*Ar_NBO_C1_x + 124.44*Occupancy_C1-O
indigo_aryl_alkyl,ln(kobs)_MeCN,3,kobs_toluene|LUMO|L_C1-C2,0.8220330426993497,0.559522496731305,0.2275270189302435,LOOCV,ln(kobs)_MeCN = -0.10 + 8.26*kobs_toluene + 5.68*LUMO - 1.34*L_C1-C2
indigo_aryl_alkyl,ln(kobs)_MeCN,3,Ar_v_C=O|Ar_NBO_C1_x|Energy_C1-O,0.7354299363214629,0.5592807259952789,0.2774173634686502,LOOCV,ln(kobs)_MeCN = 91.37 - 0.07*Ar_v_C=O + 41.58*Ar_NBO_C1_x - 0.67*Energy_C1-O
indigo_aryl_alkyl,ln(kobs)_MeCN,3,kobs_toluene|HOMO|Ster_B1,0.871168142736182,0.5590292551356228,0.19358643533214567,LOOCV,ln(kobs)_MeCN = 0.30 + 8.40*kobs_toluene + 6.57*HOMO - 0.32*Ster_B1
indigo_aryl_alkyl,ln(kobs)_MeCN,3,kobs_toluene|Entry|polarizability,0.7976503220133494,0.5518446907129411,0.24261326800518485,LOOCV,ln(kobs)_MeCN = -2.45 + 9.32*kobs_toluene - 0.00*Entry + 0.00*polarizability
indigo_aryl_alkyl,ln(kobs)_MeCN,4,kobs_toluene|HOMO|polarizability|Ster_B1,0.8775160986380802,0.5505215950331823,0.18875688189895107,LOOCV,ln(kobs)_MeCN = 1.13 + 7.79*kobs_toluene + 9.51*HOMO - 0.00*polarizability - 0.13*Ster_B1
indigo_aryl_alkyl,ln(kobs)_MeCN,4,kobs_toluene|HOMO|Ster_L|Ster_B1,0.8745019068117088,0.550405789330779,0.19106531410892497,LOOCV,ln(kobs)_MeCN = -0.04 + 8.45*kobs_toluene + 5.67*HOMO + 0.02*Ster_L - 0.41*Ster_B1
indigo_aryl_alkyl,ln(kobs)_MeCN,3,kobs_toluene|polarizability|Ster_B5,0.7976435614354163,0.5497940674351469,0.24261732087105187,LOOCV,ln(kobs)_MeCN = -2.45 + 9.31*kobs_toluene + 0.00*polarizability - 0.00*Ster_B5
indigo_aryl_alkyl,ln(kobs)_MeCN,4,kobs_toluene|HOMO|Entry|Ster_B1,0.8743950077912692,0.5497129341997146,0.19114667131054647,LOOCV,ln(kobs)_MeCN = 0.49 + 8.58*kobs_toluene + 7.12*HOMO - 0.01*Entry - 0.31*Ster_B1
indigo_aryl_alkyl,ln(kobs)_MeCN,4,ln(kobs)_toluene|polarizability|Ster_B1|Energy_C1-O,0.9404661138513378,0.548633414174056,0.13159682318657903,LOOCV,ln(kobs)_MeCN = 2.76 + 1.06*ln(kobs)_toluene + 0.00*polarizability + 0.14*Ster_B1 + 1.97*Energy_C1-O
indigo_aryl_alkyl,ln(kobs)_MeCN,4,ln(kobs)_toluene|polarizability|Ster_B5|Energy_C1-O,0.9400512273595325,0.5467578877507595,0.13205457049743521,LOOCV,ln(kobs)_MeCN = 2.59 + 1.07*ln(kobs)_toluene + 0.00*polarizability - 0.01*Ster_B5 + 1.56*Energy_C1-O
indigo_aryl_alkyl,ln(kobs)_MeCN,3,LUMO|Ar_NBO_C1_x|Ar_I_C=O,0.7141917433178494,0.5463153983603635,0.28833719848040823,LOOCV,ln(kobs)_MeCN = -42.72 + 20.11*LUMO + 51.85*Ar_NBO_C1_x + 0.00*Ar_I_C=O
indigo_aryl_alkyl,ln(kobs)_MeCN,3,kobs_toluene|Entry|L_C1-C2,0.8101419531742604,0.546174303316756,0.2350053738634488,LOOCV,ln(kobs)_MeCN = 15.71 + 9.23*kobs_toluene - 0.00*Entry - 12.20*L_C1-C2
indigo_aryl_alkyl,ln(kobs)_MeCN,3,Ar_v_C=O|polarizability|L_C1-C2,0.7226922702107206,0.5423411211983524,0.2840169614004096,LOOCV,ln(kobs)_MeCN = 146.63 - 0.15*Ar_v_C=O - 0.00*polarizability + 87.03*L_C1-C2
indigo_aryl_alkyl,ln(kobs)_MeCN,3,ln(kobs)_toluene|polarizability|Energy_C1-O,0.939418708123131,0.5402693278157336,0.1327493961271497,LOOCV,ln(kobs)_MeCN = 2.57 + 1.07*ln(kobs)_toluene + 0.00*polarizability + 1.53*Energy_C1-O
indigo_aryl_alkyl,ln(kobs)_MeCN,5,ln(kobs)_toluene|Ar_NBO_=O|Ar_v_C=O|L_C1-C2|Energy_C1-O,0.9545102770728999,0.53889164669323,0.11503233482856098,LOOCV,ln(kobs)_MeCN = -45.55 + 1.02*ln(kobs)_toluene - 23.18*Ar_NBO_=O + 0.03*Ar_v_C=O - 19.89*L_C1-C2 + 0.79*Energy_C1-O
indigo_aryl_alkyl,ln(kobs)_MeCN,5,ln(kobs)_toluene|kobs_toluene|Ar_NBO_=O|L_C1-C2|Energy_C1-O,0.951132245167029,0.5386425239820176,0.11922696317825647,LOOCV,ln(kobs)_MeCN = -0.01 + 0.95*ln(kobs)_toluene + 0.10*kobs_toluene - 10.75*Ar_NBO_=O - 3.18*L_C1-C2 + 0.90*Energy_C1-O
indigo_aryl_alkyl,ln(kobs)_MeCN,5,ln(kobs)_toluene|Ar_NBO_=O|polarizability|L_C1-C2|Ster_B5,0.9509244098971354,0.5386233268931011,0.11948023117745454,LOOCV,ln(kobs)_MeCN = -14.12 + 0.88*ln(kobs)_toluene - 21.34*Ar_NBO_=O - 0.00*polarizability + 1.40*L_C1-C2 + 0.03*Ster_B5
indigo_aryl_alkyl,ln(kobs)_MeCN,4,kobs_toluene|HOMO|Ar_v_C=O|Ster_B1,0.8756347361661075,0.5363653003945963,0.19020101788437116,LOOCV,ln(kobs)_MeCN = 20.11 + 8.09*kobs_toluene + 4.88*HOMO - 0.01*Ar_v_C=O - 0.31*Ster_B1
indigo_aryl_alkyl,ln(kobs)_MeCN,3,HOMO|Ar_NBO_-O|Ar_NBO_C1_x,0.7100754987431419,0.5361915473381087,0.2904061092829197,LOOCV,ln(kobs)_MeCN = -39.90 + 14.31*HOMO - 26.30*Ar_NBO_-O + 30.47*Ar_NBO_C1_x
indigo_aryl_alkyl,ln(kobs)_MeCN,3,Ar_v_C=O|Ar_NBO_C1_x|Ster_L,0.729584470133283,0.5361649905922943,0.28046527868256976,LOOCV,ln(kobs)_MeCN = 95.68 - 0.07*Ar_v_C=O + 44.39*Ar_NBO_C1_x - 0.02*Ster_L
indigo_aryl_alkyl,ln(kobs)_MeCN,4,kobs_toluene|HOMO|LUMO|Ster_B1,0.8740990093502974,0.5346614203854323,0.191371765160718,LOOCV,ln(kobs)_MeCN = 0.17 + 8.15*kobs_toluene + 5.86*HOMO + 2.28*LUMO - 0.31*Ster_B1
indigo_aryl_alkyl,ln(kobs)_MeCN,4,ln(kobs)_toluene|kobs_toluene|L_C1-C2|Energy_C1-O,0.9426717069309954,0.5339606627908645,0.1291361381334454,LOOCV,ln(kobs)_MeCN = 15.81 + 1.11*ln(kobs)_toluene - 0.42*kobs_toluene - 9.11*L_C1-C2 + 1.02*Energy_C1-O
indigo_aryl_alkyl,ln(kobs)_MeCN,3,Ar_v_C=O|Ar_NBO_C1_x|Ster_B5,0.7317239659351528,0.5326957609499366,0.279353571276344,LOOCV,ln(kobs)_MeCN = 90.26 - 0.07*Ar_v_C=O + 41.79*Ar_NBO_C1_x + 0.02*Ster_B5
indigo_aryl_alkyl,ln(kobs)_MeCN,3,kobs_toluene|Ster_L|L_C1-C2,0.8123327782323075,0.5324866337113858,0.2336455432740589,LOOCV,ln(kobs)_MeCN = 15.26 + 8.64*kobs_toluene + 0.02*Ster_L - 12.00*L_C1-C2
indigo_aryl_alkyl,ln(kobs)_MeCN,4,kobs_toluene|LUMO|Ster_B1|Energy_C1-O,0.8815154079883863,0.5316268288827279,0.1856496897302869,LOOCV,ln(kobs)_MeCN = 0.27 + 9.74*kobs_toluene + 3.61*LUMO + 0.32*Ster_B1 + 3.00*Energy_C1-O
indigo_aryl_alkyl,ln(kobs)_MeCN,3,kobs_toluene|Ster_B1|Ster_B5,0.8321270016288913,0.5306435921777195,0.22098037830598985,LOOCV,ln(kobs)_MeCN = -1.81 + 10.32*kobs_toluene - 0.44*Ster_B1 + 0.01*Ster_B5
indigo_aryl_alkyl,ln(kobs)_MeCN,5,ln(kobs)_toluene|Ar_NBO_=O|Ar_v_C=O|Ar_NBO_-O|Energy_C1-O,0.9514317424391628,0.5291116283895827,0.1188610467364027,LOOCV,ln(kobs)_MeCN = -8.53 + 0.96*ln(kobs)_toluene - 5.27*Ar_NBO_=O - 0.00*Ar_v_C=O - 13.32*Ar_NBO_-O + 0.84*Energy_C1-O
indigo_aryl_alkyl,ln(kobs)_MeCN,4,kobs_toluene|LUMO|Ster_B5|Energy_C1-O,0.8893884865317165,0.5278911720978722,0.1793756370097223,LOOCV,ln(kobs)_MeCN = 0.11 + 9.86*kobs_toluene + 3.55*LUMO + 0.04*Ster_B5 + 2.47*Energy_C1-O
indigo_aryl_alkyl,ln(kobs)_MeCN,3,kobs_toluene|L_C1-C2|Ster_B1,0.8373742288312328,0.5265927992527143,0.21749935506861812,LOOCV,ln(kobs)_MeCN = 11.68 + 10.11*kobs_toluene - 9.09*L_C1-C2 - 0.39*Ster_B1
indigo_aryl_alkyl,ln(kobs)_MeCN,3,Ar_v_C=O|L_C1-C2|Ster_B5,0.703635899326606,0.5230736384785171,0.29361354504745113,LOOCV,ln(kobs)_MeCN = 134.40 - 0.13*Ar_v_C=O + 75.92*L_C1-C2 - 0.03*Ster_B5
indigo_aryl_alkyl,ln(kobs)_MeCN,3,HOMO|Ar_NBO_C1_x|Ster_B1,0.7030888925382236,0.5230034741670557,0.2938843851397599,LOOCV,ln(kobs)_MeCN = -23.36 + 16.40*HOMO + 33.16*Ar_NBO_C1_x + 0.20*Ster_B1
indigo_aryl_alkyl,ln(kobs)_MeCN,3,Ar_NBO_=O|HOMO|Ar_NBO_C1_x,0.7264114418375093,0.5224303538439059,0.28210595534816657,LOOCV,ln(kobs)_MeCN = -33.32 - 22.05*Ar_NBO_=O + 10.96*HOMO + 27.43*Ar_NBO_C1_x
indigo_aryl_alkyl,ln(kobs)_MeCN,3,Ar_v_C=O|Ar_I_C=O|L_C1-C2,0.7050359759705527,0.5221987181919188,0.2929191827385545,LOOCV,ln(kobs)_MeCN = 116.22 - 0.12*Ar_v_C=O + 0.00*Ar_I_C=O + 72.43*L_C1-C2
indigo_aryl_alkyl,ln(kobs)_MeCN,3,kobs_toluene|L_C1-C2|Ster_B5,0.8087751674332859,0.5207285955933197,0.2358497573083382,LOOCV,ln(kobs)_MeCN = 13.87 + 9.00*kobs_toluene - 10.98*L_C1-C2 + 0.00*Ster_B5
indigo_aryl_alkyl,ln(kobs)_MeCN,3,HOMO|Ster_L|polarizability,0.704824899273317,0.5197145756377526,0.29302397069817504,LOOCV,ln(kobs)_MeCN = 5.00 + 22.69*HOMO + 0.20*Ster_L - 0.01*polarizability
indigo_aryl_alkyl,ln(kobs)_MeCN,3,Ar_v_C=O|Ar_NBO_-O|Ar_NBO_C1_x,0.7432143013592326,0.517487994637385,0.27330571005686805,LOOCV,ln(kobs)_MeCN = 148.66 - 0.09*Ar_v_C=O + 36.59*Ar_NBO_-O + 48.81*Ar_NBO_C1_x
indigo_aryl_alkyl,ln(kobs)_MeCN,3,kobs_toluene|Ster_B1|Occupancy_C1-O,0.8304744357917165,0.515650655709868,0.2220653958239053,LOOCV,ln(kobs)_MeCN = -43.63 + 10.51*kobs_toluene - 0.42*Ster_B1 + 20.98*Occupancy_C1-O
indigo_aryl_alkyl,ln(kobs)_MeCN,4,ln(kobs)_toluene|Ar_NBO_C1_x|polarizability|Energy_C1-O,0.9396022252416711,0.5133665843726196,0.13254817671173655,LOOCV,ln(kobs)_MeCN = 1.37 + 1.06*ln(kobs)_toluene + 1.44*Ar_NBO_C1_x + 0.00*polarizability + 1.50*Energy_C1-O
indigo_aryl_alkyl,ln(kobs)_MeCN,3,HOMO|Ster_B5|Energy_C1-O,0.6346479653194401,0.5122800315088234,0.3260010915203779,LOOCV,ln(kobs)_MeCN = 5.09 + 23.35*HOMO - 0.11*Ster_B5 - 1.19*Energy_C1-O
indigo_aryl_alkyl,ln(kobs)_MeCN,3,Ar_v_C=O|Ar_NBO_C1_x|polarizability,0.7288806481194037,0.5055567772868286,0.28083003095925213,LOOCV,ln(kobs)_MeCN = 96.15 - 0.07*Ar_v_C=O + 42.67*Ar_NBO_C1_x - 0.00*polarizability
indigo_aryl_alkyl,ln(kobs)_MeCN,4,ln(kobs)_toluene|Ster_L|Occupancy_C1-O|Energy_C1-O,0.9409429688131257,0.5044330789434727,0.13106873097723515,LOOCV,ln(kobs)_MeCN = -136.70 + 1.09*ln(kobs)_toluene + 0.03*Ster_L + 69.85*Occupancy_C1-O + 1.60*Energy_C1-O
indigo_aryl_alkyl,ln(kobs)_MeCN,3,Ar_v_C=O|Ster_L|L_C1-C2,0.699480783112324,0.5041406412191314,0.29566465705296346,LOOCV,ln(kobs)_MeCN = 136.70 - 0.14*Ar_v_C=O - 0.03*Ster_L + 79.04*L_C1-C2
indigo_aryl_alkyl,ln(kobs)_MeCN,4,kobs_toluene|Ar_NBO_=O|L_C1-C2|Ster_B5,0.8769501775907176,0.5030581772020745,0.1891924427629415,LOOCV,ln(kobs)_MeCN = -26.31 + 6.98*kobs_toluene - 27.44*Ar_NBO_=O + 5.18*L_C1-C2 - 0.02*Ster_B5
indigo_aryl_alkyl,ln(kobs)_MeCN,3,kobs_toluene|LUMO|Energy_C1-O,0.876051565126265,0.5017282303090869,0.189882006641097,LOOCV,ln(kobs)_MeCN = -0.21 + 9.92*kobs_toluene + 3.78*LUMO + 2.01*Energy_C1-O
indigo_aryl_alkyl,ln(kobs)_MeCN,3,Ar_NBO_=O|LUMO|Ar_NBO_C1_x,0.7351247253882227,0.5013722709784405,0.2775773332059751,LOOCV,ln(kobs)_MeCN = -45.16 - 20.97*Ar_NBO_=O + 14.87*LUMO + 39.49*Ar_NBO_C1_x
indigo_aryl_alkyl,ln(kobs)_MeCN,4,kobs_toluene|Entry|Ar_I_C=O|Energy_C1-O,0.8781099945784745,0.5013363462843201,0.1882987067259458,LOOCV,ln(kobs)_MeCN = -0.72 + 10.28*kobs_toluene - 0.00*Entry + 0.00*Ar_I_C=O + 2.11*Energy_C1-O
indigo_aryl_alkyl,ln(kobs)_MeCN,4,ln(kobs)_toluene|Entry|Ster_B5|Energy_C1-O,0.9380932367804581,0.4988604493492552,0.1341937650032936,LOOCV,ln(kobs)_MeCN = 2.47 + 1.11*ln(kobs)_toluene - 0.00*Entry + 0.02*Ster_B5 + 1.25*Energy_C1-O
indigo_aryl_alkyl,ln(kobs)_MeCN,4,ln(kobs)_toluene|Entry|Occupancy_C1-O|Energy_C1-O,0.938858296186863,0.49594841814728774,0.13336198697289686,LOOCV,ln(kobs)_MeCN = -84.05 + 1.14*ln(kobs)_toluene - 0.00*Entry + 43.43*Occupancy_C1-O + 1.22*Energy_C1-O
indigo_aryl_alkyl,ln(kobs)_MeCN,4,ln(kobs)_toluene|Ster_B1|Occupancy_C1-O|Energy_C1-O,0.9395403794385404,0.4947986921103815,0.13261602234866512,LOOCV,ln(kobs)_MeCN = -91.43 + 1.11*ln(kobs)_toluene + 0.19*Ster_B1 + 47.26*Occupancy_C1-O + 1.89*Energy_C1-O
indigo_aryl_alkyl,ln(kobs)_MeCN,3,Ar_NBO_=O|Ar_NBO_C1_x|Entry,0.7271438325816378,0.49443499934344215,0.28172810648785906,LOOCV,ln(kobs)_MeCN = -49.09 - 38.38*Ar_NBO_=O + 30.22*Ar_NBO_C1_x + 0.03*Entry
indigo_aryl_alkyl,ln(kobs)_MeCN,3,Ar_NBO_-O|LUMO|Ar_NBO_C1_x,0.7047466891572906,0.4942692196734052,0.2930627882014642,LOOCV,ln(kobs)_MeCN = -43.77 - 2.92*Ar_NBO_-O + 21.59*LUMO + 51.23*Ar_NBO_C1_x
indigo_aryl_alkyl,ln(kobs)_MeCN,3,kobs_toluene|polarizability|Ster_B1,0.8398513456223318,0.4928234108133015,0.21583652291640473,LOOCV,ln(kobs)_MeCN = -1.72 + 10.17*kobs_toluene + 0.00*polarizability - 0.54*Ster_B1
indigo_aryl_alkyl,ln(kobs)_MeCN,4,kobs_toluene|Ar_NBO_=O|L_C1-C2|Ster_B1,0.8885686805976492,0.492104471473389,0.18003913820418202,LOOCV,ln(kobs)_MeCN = -21.80 + 7.89*kobs_toluene - 23.70*Ar_NBO_=O + 3.90*L_C1-C2 - 0.28*Ster_B1
indigo_aryl_alkyl,ln(kobs)_MeCN,4,ln(kobs)_toluene|kobs_toluene|polarizability|Energy_C1-O,0.9404367863001353,0.48952330206177186,0.13162923277405378,LOOCV,ln(kobs)_MeCN = 2.32 + 0.93*ln(kobs)_toluene + 1.44*kobs_toluene + 0.00*polarizability + 1.77*Energy_C1-O
indigo_aryl_alkyl,ln(kobs)_MeCN,4,ln(kobs)_toluene|Ster_B1|Ster_B5|Energy_C1-O,0.9380421021312203,0.4867469192845584,0.1342491752230167,LOOCV,ln(kobs)_MeCN = 2.67 + 1.07*ln(kobs)_toluene + 0.18*Ster_B1 + 0.01*Ster_B5 + 1.87*Energy_C1-O
indigo_aryl_alkyl,ln(kobs)_MeCN,3,ln(kobs)_toluene|Ster_B1|Energy_C1-O,0.9362502064029476,0.48639137235636354,0.1361766607744188,LOOCV,ln(kobs)_MeCN = 2.53 + 1.08*ln(kobs)_toluene + 0.14*Ster_B1 + 1.59*Energy_C1-O
indigo_aryl_alkyl,ln(kobs)_MeCN,3,HOMO|Ster_L|Ster_B5,0.6527847610848183,0.48579732663327146,0.31780642857427005,LOOCV,ln(kobs)_MeCN = 5.01 + 21.05*HOMO + 0.07*Ster_L - 0.11*Ster_B5
indigo_aryl_alkyl,ln(kobs)_MeCN,5,ln(kobs)_toluene|Ar_NBO_=O|polarizability|L_C1-C2|Energy_C1-O,0.9512298369012595,0.48320476530430456,0.1191078521082264,LOOCV,ln(kobs)_MeCN = -1.75 + 0.95*ln(kobs)_toluene - 12.04*Ar_NBO_=O - 0.00*polarizability - 2.58*L_C1-C2 + 0.78*Energy_C1-O
indigo_aryl_alkyl,ln(kobs)_MeCN,3,ln(kobs)_toluene|Entry|Energy_C1-O,0.9360027608500139,0.48287568737263353,0.1364406904471112,LOOCV,ln(kobs)_MeCN = 2.36 + 1.11*ln(kobs)_toluene - 0.00*Entry + 1.10*Energy_C1-O
indigo_aryl_alkyl,ln(kobs)_MeCN,4,ln(kobs)_toluene|Ster_L|Ster_B1|Energy_C1-O,0.9363824024356574,0.4814016611581686,0.13603539477547383,LOOCV,ln(kobs)_MeCN = 2.50 + 1.08*ln(kobs)_toluene + 0.00*Ster_L + 0.12*Ster_B1 + 1.58*Energy_C1-O
indigo_aryl_alkyl,ln(kobs)_MeCN,3,ln(kobs)_toluene|Occupancy_C1-O|Energy_C1-O,0.9376850830450306,0.48091806381742164,0.13463541064928355,LOOCV,ln(kobs)_MeCN = -77.34 + 1.12*ln(kobs)_toluene + 40.05*Occupancy_C1-O + 1.28*Energy_C1-O
indigo_aryl_alkyl,ln(kobs)_MeCN,3,Ar_v_C=O|Entry|L_C1-C2,0.7099162241790367,0.4792317921108503,0.2904858679017697,LOOCV,ln(kobs)_MeCN = 116.77 - 0.12*Ar_v_C=O + 0.01*Entry + 69.83*L_C1-C2
indigo_aryl_alkyl,ln(kobs)_MeCN,4,kobs_toluene|Ster_L|Ster_B5|Energy_C1-O,0.8927525305627074,0.47896293830102077,0.17662688745553148,LOOCV,ln(kobs)_MeCN = 0.05 + 10.15*kobs_toluene + 0.04*Ster_L + 0.03*Ster_B5 + 2.88*Energy_C1-O
indigo_aryl_alkyl,ln(kobs)_MeCN,4,kobs_toluene|Ster_B1|Ster_B5|Energy_C1-O,0.8918187061777445,0.4780202149089594,0.17739418300220372,LOOCV,ln(kobs)_MeCN = 0.82 + 10.29*kobs_toluene + 0.44*Ster_B1 + 0.04*Ster_B5 + 4.12*Energy_C1-O
indigo_aryl_alkyl,ln(kobs)_MeCN,5,ln(kobs)_toluene|Ar_NBO_=O|Ar_I_C=O|polarizability|L_C1-C2,0.9552430859548435,0.4777599015551781,0.11410202612992382,LOOCV,ln(kobs)_MeCN = -18.51 + 0.89*ln(kobs)_toluene - 18.23*Ar_NBO_=O + 0.00*Ar_I_C=O - 0.00*polarizability + 5.37*L_C1-C2
indigo_aryl_alkyl,ln(kobs)_MeCN,4,kobs_toluene|Ster_L|Ster_B1|Energy_C1-O,0.8880441345336716,0.4775899258130841,0.18046239417708979,LOOCV,ln(kobs)_MeCN = 0.07 + 10.06*kobs_toluene + 0.05*Ster_L + 0.15*Ster_B1 + 3.08*Energy_C1-O
indigo_aryl_alkyl,ln(kobs)_MeCN,4,ln(kobs)_toluene|Ster_L|Entry|Energy_C1-O,0.9363534009364402,0.47736289278713717,0.13606639862518125,LOOCV,ln(kobs)_MeCN = 2.34 + 1.10*ln(kobs)_toluene + 0.01*Ster_L - 0.00*Entry + 1.16*Energy_C1-O
indigo_aryl_alkyl,ln(kobs)_MeCN,4,ln(kobs)_toluene|Entry|Ster_B1|Energy_C1-O,0.9366514713303915,0.4771437955784288,0.13574741095088938,LOOCV,ln(kobs)_MeCN = 2.51 + 1.10*ln(kobs)_toluene - 0.00*Entry + 0.11*Ster_B1 + 1.47*Energy_C1-O
indigo_aryl_alkyl,ln(kobs)_MeCN,3,ln(kobs)_toluene|Ster_L|Energy_C1-O,0.935658893767997,0.4768112593673208,0.1368067578569553,LOOCV,ln(kobs)_MeCN = 2.33 + 1.08*ln(kobs)_toluene + 0.01*Ster_L + 1.23*Energy_C1-O
indigo_aryl_alkyl,ln(kobs)_MeCN,3,kobs_toluene|Ster_L|Energy_C1-O,0.8869342507575031,0.47600702128707717,0.1813547026084185,LOOCV,ln(kobs)_MeCN = -0.16 + 10.11*kobs_toluene + 0.05*Ster_L + 2.65*Energy_C1-O
indigo_aryl_alkyl,ln(kobs)_MeCN,4,ln(kobs)_toluene|Ster_B5|Occupancy_C1-O|Energy_C1-O,0.9386450755939613,0.4755342957073233,0.1335943224523144,LOOCV,ln(kobs)_MeCN = -73.43 + 1.11*ln(kobs)_toluene + 0.01*Ster_B5 + 38.12*Occupancy_C1-O + 1.39*Energy_C1-O
indigo_aryl_alkyl,ln(kobs)_MeCN,3,ln(kobs)_toluene|Ster_B5|Energy_C1-O,0.9364251829844356,0.4738021122890944,0.13598964762552435,LOOCV,ln(kobs)_MeCN = 2.42 + 1.09*ln(kobs)_toluene + 0.01*Ster_B5 + 1.28*Energy_C1-O
indigo_aryl_alkyl,ln(kobs)_MeCN,3,HOMO|Ster_B1|Ster_B5,0.6752481344433028,0.4715719432203802,0.30735417464646003,LOOCV,ln(kobs)_MeCN = 5.35 + 23.17*HOMO + 0.52*Ster_B1 - 0.11*Ster_B5
indigo_aryl_alkyl,ln(kobs)_MeCN,3,HOMO|polarizability|Ster_B1,0.6759612155280845,0.47122182924202893,0.30701654934729006,LOOCV,ln(kobs)_MeCN = 5.59 + 25.05*HOMO - 0.01*polarizability + 0.83*Ster_B1
indigo_aryl_alkyl,ln(kobs)_MeCN,3,kobs_toluene|L_C1-C2|Occupancy_C1-O,0.8088559485969299,0.469296382392865,0.23579993577073188,LOOCV,ln(kobs)_MeCN = 32.18 + 8.99*kobs_toluene - 10.93*L_C1-C2 - 9.21*Occupancy_C1-O
indigo_aryl_alkyl,ln(kobs)_MeCN,3,Ar_NBO_=O|Ar_NBO_C1_x|Ster_B1,0.6738914104006989,0.46862633544163146,0.30799552613274833,LOOCV,ln(kobs)_MeCN = -45.94 - 46.69*Ar_NBO_=O + 19.80*Ar_NBO_C1_x + 0.29*Ster_B1
indigo_aryl_alkyl,ln(kobs)_MeCN,4,ln(kobs)_toluene|Ster_L|Ster_B5|Energy_C1-O,0.9365395637574662,0.4674984121321124,0.13586725951396864,LOOCV,ln(kobs)_MeCN = 2.40 + 1.08*ln(kobs)_toluene + 0.00*Ster_L + 0.01*Ster_B5 + 1.31*Energy_C1-O
indigo_aryl_alkyl,ln(kobs)_MeCN,4,kobs_toluene|LUMO|Occupancy_C1-O|Energy_C1-O,0.8806364355350766,0.4660066137819253,0.1863370341361877,LOOCV,ln(kobs)_MeCN = -116.02 + 10.44*kobs_toluene + 3.02*LUMO + 58.18*Occupancy_C1-O + 2.28*Energy_C1-O
indigo_aryl_alkyl,ln(kobs)_MeCN,3,HOMO|Ar_I_C=O|Ster_B5,0.617360738318482,0.46383491810057487,0.3336245906757611,LOOCV,ln(kobs)_MeCN = 6.54 + 23.67*HOMO - 0.00*Ar_I_C=O - 0.08*Ster_B5
indigo_aryl_alkyl,ln(kobs)_MeCN,4,kobs_toluene|Ster_B1|Occupancy_C1-O|Energy_C1-O,0.8853685066750842,0.46328229677861377,0.1826060928141342,LOOCV,ln(kobs)_MeCN = -184.73 + 11.01*kobs_toluene + 0.44*Ster_B1 + 93.02*Occupancy_C1-O + 3.93*Energy_C1-O
indigo_aryl_alkyl,ln(kobs)_MeCN,4,ln(kobs)_toluene|Ar_NBO_C1_x|Occupancy_C1-O|Energy_C1-O,0.9394282433828456,0.46289247107383225,0.13273894859671803,LOOCV,ln(kobs)_MeCN = -102.62 + 1.09*ln(kobs)_toluene + 4.60*Ar_NBO_C1_x + 50.84*Occupancy_C1-O + 1.26*Energy_C1-O
indigo_aryl_alkyl,ln(kobs)_MeCN,4,kobs_toluene|L_C1-C2|Ster_B5|Energy_C1-O,0.8851390152376989,0.4627408046455236,0.18278878947245533,LOOCV,ln(kobs)_MeCN = 9.64 + 10.38*kobs_toluene - 6.48*L_C1-C2 + 0.04*Ster_B5 + 2.59*Energy_C1-O
indigo_aryl_alkyl,ln(kobs)_MeCN,4,ln(kobs)_toluene|Ar_NBO_C1_x|Ster_B1|Energy_C1-O,0.9365841293146578,0.46177474246831685,0.13581954424522463,LOOCV,ln(kobs)_MeCN = 0.88 + 1.07*ln(kobs)_toluene + 1.96*Ar_NBO_C1_x + 0.12*Ster_B1 + 1.51*Energy_C1-O
indigo_aryl_alkyl,ln(kobs)_MeCN,3,ln(kobs)_toluene|Ar_NBO_C1_x|Energy_C1-O,0.9358262961320518,0.4563682432528543,0.13662867038017254,LOOCV,ln(kobs)_MeCN = 0.20 + 1.08*ln(kobs)_toluene + 2.58*Ar_NBO_C1_x + 1.12*Energy_C1-O
indigo_aryl_alkyl,ln(kobs)_MeCN,3,HOMO|LUMO|Ar_I_C=O,0.6138772511890798,0.45484938980108425,0.3351397826426852,LOOCV,ln(kobs)_MeCN = 4.54 + 16.04*HOMO + 9.73*LUMO - 0.00*Ar_I_C=O
indigo_aryl_alkyl,ln(kobs)_MeCN,4,kobs_toluene|Ar_I_C=O|Ster_B5|Energy_C1-O,0.8847600409303229,0.45483705220691395,0.18309008938548565,LOOCV,ln(kobs)_MeCN = -0.28 + 10.36*kobs_toluene + 0.00*Ar_I_C=O + 0.03*Ster_B5 + 2.50*Energy_C1-O
indigo_aryl_alkyl,ln(kobs)_MeCN,3,kobs_toluene|Ster_L|Occupancy_C1-O,0.7993507586034811,0.4542075599230908,0.24159172240297275,LOOCV,ln(kobs)_MeCN = -11.04 + 9.07*kobs_toluene + 0.01*Ster_L + 4.25*Occupancy_C1-O
indigo_aryl_alkyl,ln(kobs)_MeCN,4,kobs_toluene|Ar_NBO_=O|LUMO|L_C1-C2,0.8757767300960102,0.4530077418171681,0.19009240595171428,LOOCV,ln(kobs)_MeCN = -26.86 + 6.75*kobs_toluene - 25.02*Ar_NBO_=O + 1.91*LUMO + 6.56*L_C1-C2
indigo_aryl_alkyl,ln(kobs)_MeCN,4,ln(kobs)_toluene|Ar_NBO_C1_x|Ster_L|Energy_C1-O,0.9359536009764596,0.4512708352195479,0.1364930842658882,LOOCV,ln(kobs)_MeCN = 0.67 + 1.07*ln(kobs)_toluene + 2.00*Ar_NBO_C1_x + 0.00*Ster_L + 1.17*Energy_C1-O
indigo_aryl_alkyl,ln(kobs)_MeCN,3,Ar_v_C=O|L_C1-C2|Ster_B1,0.70286254245767,0.4487252689135022,0.29399638512795523,LOOCV,ln(kobs)_MeCN = 125.72 - 0.12*Ar_v_C=O + 66.60*L_C1-C2 + 0.19*Ster_B1
indigo_aryl_alkyl,ln(kobs)_MeCN,3,HOMO|LUMO|Ster_L,0.6454902586327289,0.44839689794353543,0.32112740936596484,LOOCV,ln(kobs)_MeCN = 1.33 + 9.40*HOMO + 12.11*LUMO + 0.08*Ster_L
indigo_aryl_alkyl,ln(kobs)_MeCN,4,ln(kobs)_toluene|Ar_NBO_C1_x|Ster_B5|Energy_C1-O,0.9372097796157983,0.44702738438990897,0.1351478971738497,LOOCV,ln(kobs)_MeCN = -0.02 + 1.07*ln(kobs)_toluene + 2.95*Ar_NBO_C1_x + 0.01*Ster_B5 + 1.26*Energy_C1-O
indigo_aryl_alkyl,ln(kobs)_MeCN,4,kobs_toluene|Ar_NBO_C1_x|Ster_L|Energy_C1-O,0.8870568755926026,0.44567399695373333,0.1812563323079161,LOOCV,ln(kobs)_MeCN = -1.22 + 10.06*kobs_toluene + 1.30*Ar_NBO_C1_x + 0.05*Ster_L + 2.61*Energy_C1-O
indigo_aryl_alkyl,ln(kobs)_MeCN,3,HOMO|Entry|Ster_B5,0.636584126625267,0.44552559125770896,0.3251361323828991,LOOCV,ln(kobs)_MeCN = 5.53 + 21.44*HOMO + 0.02*Entry - 0.10*Ster_B5
indigo_aryl_alkyl,ln(kobs)_MeCN,3,Ar_v_C=O|L_C1-C2|Occupancy_C1-O,0.6998456538887186,0.4445289109901759,0.2954851141954249,LOOCV,ln(kobs)_MeCN = 12.34 - 0.13*Ar_v_C=O + 73.33*L_C1-C2 + 60.65*Occupancy_C1-O
indigo_aryl_alkyl,ln(kobs)_MeCN,3,Ar_NBO_=O|Ar_NBO_C1_x|Energy_C1-O,0.6715241181851319,0.44442854717807356,0.3091114074900286,LOOCV,ln(kobs)_MeCN = -48.20 - 47.45*Ar_NBO_=O + 21.39*Ar_NBO_C1_x - 0.99*Energy_C1-O
indigo_aryl_alkyl,ln(kobs)_MeCN,3,HOMO|LUMO|Ster_B5,0.631789089479456,0.4436690379539141,0.32727408364673055,LOOCV,ln(kobs)_MeCN = 5.12 + 19.26*HOMO + 5.60*LUMO - 0.07*Ster_B5
indigo_aryl_alkyl,ln(kobs)_MeCN,3,kobs_toluene|polarizability|L_C1-C2,0.8087486201317571,0.44118357742671854,0.23586612797852707,LOOCV,ln(kobs)_MeCN = 13.82 + 9.00*kobs_toluene + 0.00*polarizability - 10.94*L_C1-C2
indigo_aryl_alkyl,ln(kobs)_MeCN,3,HOMO|Ster_B5|Occupancy_C1-O,0.619242092501865,0.4398029506046861,0.33280340018483645,LOOCV,ln(kobs)_MeCN = 100.60 + 22.32*HOMO - 0.08*Ster_B5 - 47.50*Occupancy_C1-O
indigo_aryl_alkyl,ln(kobs)_MeCN,3,HOMO|Ar_NBO_C1_x|L_C1-C2,0.7427122533406215,0.4385216493047486,0.27357275294417044,LOOCV,ln(kobs)_MeCN = 7.88 + 13.17*HOMO + 47.05*Ar_NBO_C1_x - 28.99*L_C1-C2
indigo_aryl_alkyl,ln(kobs)_MeCN,4,ln(kobs)_toluene|Ar_NBO_C1_x|Entry|Energy_C1-O,0.936152910020329,0.43304545576980524,0.13628053911014895,LOOCV,ln(kobs)_MeCN = 1.12 + 1.10*ln(kobs)_toluene + 1.49*Ar_NBO_C1_x - 0.00*Entry + 1.09*Energy_C1-O
indigo_aryl_alkyl,ln(kobs)_MeCN,4,kobs_toluene|L_C1-C2|Ster_B1|Energy_C1-O,0.8760980899264864,0.4321782011492634,0.18984636661230583,LOOCV,ln(kobs)_MeCN = 8.56 + 10.31*kobs_toluene - 5.64*L_C1-C2 + 0.32*Ster_B1 + 3.12*Energy_C1-O
indigo_aryl_alkyl,ln(kobs)_MeCN,4,kobs_toluene|Ster_B5|Occupancy_C1-O|Energy_C1-O,0.8886599154773798,0.43176769417885186,0.1799654191960521,LOOCV,ln(kobs)_MeCN = -140.69 + 11.06*kobs_toluene + 0.04*Ster_B5 + 70.72*Occupancy_C1-O + 2.94*Energy_C1-O
indigo_aryl_alkyl,ln(kobs)_MeCN,3,HOMO|polarizability|Ster_B5,0.618569545648889,0.4309843039196658,0.3330971920198172,LOOCV,ln(kobs)_MeCN = 5.85 + 22.26*HOMO + 0.00*polarizability - 0.11*Ster_B5
indigo_aryl_alkyl,ln(kobs)_MeCN,3,HOMO|LUMO|Occupancy_C1-O,0.623078216938389,0.426936498098867,0.3311226640158397,LOOCV,ln(kobs)_MeCN = 226.31 + 13.35*HOMO + 9.31*LUMO - 111.92*Occupancy_C1-O
indigo_aryl_alkyl,ln(kobs)_MeCN,3,Ar_NBO_=O|HOMO|Energy_C1-O,0.658278482046085,0.424196978597014,0.31528220009710944,LOOCV,ln(kobs)_MeCN = -21.68 - 36.62*Ar_NBO_=O + 7.65*HOMO - 0.60*Energy_C1-O
indigo_aryl_alkyl,ln(kobs)_MeCN,3,HOMO|Ar_v_C=O|Ster_B5,0.6348358312893795,0.42333092422548135,0.32591726499071044,LOOCV,ln(kobs)_MeCN = 48.48 + 17.15*HOMO - 0.02*Ar_v_C=O - 0.06*Ster_B5
indigo_aryl_alkyl,ln(kobs)_MeCN,4,ln(kobs)_toluene|kobs_toluene|Occupancy_C1-O|Energy_C1-O,0.9380565951471291,0.4223024052141041,0.1342334727113578,LOOCV,ln(kobs)_MeCN = -85.88 + 1.04*ln(kobs)_toluene + 0.83*kobs_toluene + 44.26*Occupancy_C1-O + 1.39*Energy_C1-O
indigo_aryl_alkyl,ln(kobs)_MeCN,3,Ar_NBO_=O|Ar_NBO_C1_x|Ar_I_C=O,0.6634082911283234,0.42143068071372214,0.31290679625080825,LOOCV,ln(kobs)_MeCN = -47.36 - 43.03*Ar_NBO_=O + 24.41*Ar_NBO_C1_x + 0.00*Ar_I_C=O
indigo_aryl_alkyl,ln(kobs)_MeCN,3,Ar_NBO_=O|Ster_B1|Energy_C1-O,0.6348557868533298,0.41870399981993656,0.3259083594733571,LOOCV,ln(kobs)_MeCN = -32.71 - 51.46*Ar_NBO_=O + 0.44*Ster_B1 + 0.42*Energy_C1-O
indigo_aryl_alkyl,ln(kobs)_MeCN,3,Ar_NBO_=O|Ar_NBO_C1_x|Occupancy_C1-O,0.6790007266070816,0.41772828698732223,0.30557323623303984,LOOCV,ln(kobs)_MeCN = -325.18 - 51.86*Ar_NBO_=O + 26.49*Ar_NBO_C1_x + 136.04*Occupancy_C1-O
indigo_aryl_alkyl,ln(kobs)_MeCN,3,kobs_toluene|Ster_B1|Energy_C1-O,0.8732453253405059,0.41477872746990363,0.19201947655539348,LOOCV,ln(kobs)_MeCN = 0.27 + 10.49*kobs_toluene + 0.34*Ster_B1 + 3.26*Energy_C1-O
indigo_aryl_alkyl,ln(kobs)_MeCN,4,kobs_toluene|Ar_NBO_=O|L_C1-C2|Energy_C1-O,0.9063369332847593,0.41025117210220685,0.16506214164844024,LOOCV,ln(kobs)_MeCN = -19.08 + 8.49*kobs_toluene - 20.38*Ar_NBO_=O + 4.17*L_C1-C2 + 1.60*Energy_C1-O
indigo_aryl_alkyl,ln(kobs)_MeCN,3,kobs_toluene|Ster_B5|Energy_C1-O,0.8813561424669404,0.4098623821683802,0.1857744218355889,LOOCV,ln(kobs)_MeCN = 0.09 + 10.61*kobs_toluene + 0.04*Ster_B5 + 2.68*Energy_C1-O
indigo_aryl_alkyl,ln(kobs)_MeCN,4,kobs_toluene|LUMO|L_C1-C2|Energy_C1-O,0.8760563689342713,0.40946734967805365,0.1898783270240738,LOOCV,ln(kobs)_MeCN = 0.22 + 9.92*kobs_toluene + 3.72*LUMO - 0.29*L_C1-C2 + 2.01*Energy_C1-O
indigo_aryl_alkyl,ln(kobs)_MeCN,3,Ar_NBO_=O|polarizability|Ster_B1,0.6648246769439317,0.40649419352791083,0.3122477426180571,LOOCV,ln(kobs)_MeCN = -38.17 - 59.87*Ar_NBO_=O - 0.00*polarizability + 0.61*Ster_B1
indigo_aryl_alkyl,ln(kobs)_MeCN,4,ln(kobs)_toluene|kobs_toluene|Ster_B5|Energy_C1-O,0.9366941696118591,0.4057276139052113,0.13570165489072303,LOOCV,ln(kobs)_MeCN = 2.29 + 1.02*ln(kobs)_toluene + 0.72*kobs_toluene + 0.01*Ster_B5 + 1.39*Energy_C1-O
indigo_aryl_alkyl,ln(kobs)_MeCN,3,Ar_NBO_=O|Ar_I_C=O|Ster_B1,0.6350109913704519,0.40541271570235227,0.325839088451257,LOOCV,ln(kobs)_MeCN = -32.63 - 50.68*Ar_NBO_=O + 0.00*Ar_I_C=O + 0.34*Ster_B1
indigo_aryl_alkyl,ln(kobs)_MeCN,4,kobs_toluene|LUMO|Entry|Energy_C1-O,0.8766193595711156,0.40410050402917475,0.18944659290110666,LOOCV,ln(kobs)_MeCN = -0.18 + 9.84*kobs_toluene + 3.55*LUMO + 0.00*Entry + 2.06*Energy_C1-O
indigo_aryl_alkyl,ln(kobs)_MeCN,3,Ar_NBO_=O|HOMO|Ar_I_C=O,0.6568705989284999,0.40269866134269716,0.3159310094478301,LOOCV,ln(kobs)_MeCN = -19.08 - 35.01*Ar_NBO_=O + 9.83*HOMO - 0.00*Ar_I_C=O
indigo_aryl_alkyl,ln(kobs)_MeCN,4,ln(kobs)_toluene|kobs_toluene|Entry|Energy_C1-O,0.9360050425193194,0.40246926724606724,0.13643825819132663,LOOCV,ln(kobs)_MeCN = 2.35 + 1.10*ln(kobs)_toluene + 0.06*kobs_toluene - 0.00*Entry + 1.10*Energy_C1-O
indigo_aryl_alkyl,ln(kobs)_MeCN,3,HOMO|Ar_I_C=O|Occupancy_C1-O,0.5747202568598717,0.399737703802049,0.3517228936725463,LOOCV,ln(kobs)_MeCN = 195.79 + 19.07*HOMO - 0.00*Ar_I_C=O - 95.76*Occupancy_C1-O
indigo_aryl_alkyl,ln(kobs)_MeCN,4,ln(kobs)_toluene|kobs_toluene|Ster_B1|Energy_C1-O,0.936332566529065,0.3983793011181982,0.13608866714277704,LOOCV,ln(kobs)_MeCN = 2.46 + 1.05*ln(kobs)_toluene + 0.38*kobs_toluene + 0.14*Ster_B1 + 1.64*Energy_C1-O
indigo_aryl_alkyl,ln(kobs)_MeCN,3,HOMO|Ster_L|Ar_I_C=O,0.5699393311801946,0.39836366407602375,0.3536943741647941,LOOCV,ln(kobs)_MeCN = 3.96 + 17.63*HOMO + 0.04*Ster_L - 0.00*Ar_I_C=O
indigo_aryl_alkyl,ln(kobs)_MeCN,3,Ar_NBO_=O|Ster_L|Ster_B1,0.6411600915654228,0.39831809464513945,0.3230826657747282,LOOCV,ln(kobs)_MeCN = -35.74 - 56.21*Ar_NBO_=O - 0.04*Ster_L + 0.47*Ster_B1
indigo_aryl_alkyl,ln(kobs)_MeCN,5,ln(kobs)_toluene|Ar_NBO_=O|LUMO|L_C1-C2|Energy_C1-O,0.9536451207275819,0.39785509965367727,0.11612106657562238,LOOCV,ln(kobs)_MeCN = -3.94 + 0.94*ln(kobs)_toluene - 9.06*Ar_NBO_=O + 2.56*LUMO + 0.21*L_C1-C2 + 0.89*Energy_C1-O
indigo_aryl_alkyl,ln(kobs)_MeCN,4,ln(kobs)_toluene|kobs_toluene|Ster_L|Energy_C1-O,0.9358529711609517,0.39727775655294184,0.13660027126710753,LOOCV,ln(kobs)_MeCN = 2.19 + 1.02*ln(kobs)_toluene + 0.62*kobs_toluene + 0.01*Ster_L + 1.32*Energy_C1-O
indigo_aryl_alkyl,ln(kobs)_MeCN,3,kobs_toluene|Occupancy_C1-O|Energy_C1-O,0.8752412456799294,0.3969428388184342,0.19050167733739115,LOOCV,ln(kobs)_MeCN = -150.37 + 11.20*kobs_toluene + 75.42*Occupancy_C1-O + 2.51*Energy_C1-O
indigo_aryl_alkyl,ln(kobs)_MeCN,3,HOMO|LUMO|polarizability,0.6047088129421857,0.39672934829812856,0.3390953661105911,LOOCV,ln(kobs)_MeCN = 4.06 + 16.18*HOMO + 7.59*LUMO - 0.00*polarizability
indigo_aryl_alkyl,ln(kobs)_MeCN,3,kobs_toluene|L_C1-C2|Energy_C1-O,0.870512721887808,0.3962149016620288,0.19407823768629764,LOOCV,ln(kobs)_MeCN = 9.06 + 10.50*kobs_toluene - 6.32*L_C1-C2 + 2.12*Energy_C1-O
indigo_aryl_alkyl,ln(kobs)_MeCN,3,ln(kobs)_toluene|kobs_toluene|Energy_C1-O,0.9352520658692483,0.3960196588959034,0.1372385899068042,LOOCV,ln(kobs)_MeCN = 2.30 + 1.07*ln(kobs)_toluene + 0.24*kobs_toluene + 1.18*Energy_C1-O
indigo_aryl_alkyl,ln(kobs)_MeCN,3,Ar_NBO_=O|Entry|Ster_B1,0.6579551848862113,0.39557286270490954,0.3154313065146943,LOOCV,ln(kobs)_MeCN = -31.11 - 48.32*Ar_NBO_=O + 0.02*Entry + 0.26*Ster_B1
indigo_aryl_alkyl,ln(kobs)_MeCN,3,Ar_NBO_=O|Ar_I_C=O|Energy_C1-O,0.6251079365400112,0.39552874882491373,0.33022991460409973,LOOCV,ln(kobs)_MeCN = -34.03 - 52.26*Ar_NBO_=O + 0.00*Ar_I_C=O - 1.01*Energy_C1-O
indigo_aryl_alkyl,ln(kobs)_MeCN,3,Ar_NBO_=O|Ar_NBO_C1_x|Ster_B5,0.6563289391313407,0.3927573343513504,0.31618027349285865,LOOCV,ln(kobs)_MeCN = -47.30 - 46.66*Ar_NBO_=O + 22.09*Ar_NBO_C1_x + 0.01*Ster_B5
indigo_aryl_alkyl,ln(kobs)_MeCN,3,HOMO|Ar_v_C=O|L_C1-C2,0.7058291170168064,0.3921981394931091,0.29252509634771984,LOOCV,ln(kobs)_MeCN = 103.27 + 4.78*HOMO - 0.10*Ar_v_C=O + 59.67*L_C1-C2
indigo_aryl_alkyl,ln(kobs)_MeCN,4,kobs_toluene|Ar_NBO_C1_x|Occupancy_C1-O|Energy_C1-O,0.8872233506345915,0.3919858145596621,0.18112269963640887,LOOCV,ln(kobs)_MeCN = -214.66 + 10.69*kobs_toluene + 11.76*Ar_NBO_C1_x + 102.90*Occupancy_C1-O + 2.42*Energy_C1-O
indigo_aryl_alkyl,ln(kobs)_MeCN,3,kobs_toluene|polarizability|Occupancy_C1-O,0.7977368876305024,0.3910849476892885,0.2425613672210191,LOOCV,ln(kobs)_MeCN = 12.68 + 9.28*kobs_toluene - 0.00*polarizability - 7.59*Occupancy_C1-O
indigo_aryl_alkyl,ln(kobs)_MeCN,3,HOMO|Ar_v_C=O|Ar_I_C=O,0.6142030807660623,0.3902232075928933,0.3349983489918046,LOOCV,ln(kobs)_MeCN = 72.11 + 12.85*HOMO - 0.04*Ar_v_C=O - 0.00*Ar_I_C=O
indigo_aryl_alkyl,ln(kobs)_MeCN,3,HOMO|LUMO|Entry,0.6038124106573408,0.38961233389518846,0.3394796318621301,LOOCV,ln(kobs)_MeCN = 3.15 + 13.73*HOMO + 8.34*LUMO + 0.01*Entry
indigo_aryl_alkyl,ln(kobs)_MeCN,3,Ar_NBO_=O|Ar_NBO_C1_x|Ster_L,0.6563098417708032,0.3894444964217324,0.31618905823717336,LOOCV,ln(kobs)_MeCN = -50.22 - 49.86*Ar_NBO_=O + 23.62*Ar_NBO_C1_x - 0.02*Ster_L
indigo_aryl_alkyl,ln(kobs)_MeCN,3,Ar_NBO_=O|Ster_B1|Ster_B5,0.6351482435171458,0.3864750723916798,0.3257778176753194,LOOCV,ln(kobs)_MeCN = -33.55 - 52.42*Ar_NBO_=O + 0.36*Ster_B1 - 0.01*Ster_B5
indigo_aryl_alkyl,ln(kobs)_MeCN,4,kobs_toluene|Ster_L|Entry|Energy_C1-O,0.8890078362204767,0.3860096179743244,0.1796840169778664,LOOCV,ln(kobs)_MeCN = -0.11 + 9.88*kobs_toluene + 0.05*Ster_L + 0.00*Entry + 2.72*Energy_C1-O
indigo_aryl_alkyl,ln(kobs)_MeCN,3,LUMO|Ster_L|polarizability,0.6112608921182028,0.38424881369929964,0.33627331550499506,LOOCV,ln(kobs)_MeCN = -1.97 + 20.27*LUMO + 0.21*Ster_L - 0.00*polarizability
indigo_aryl_alkyl,ln(kobs)_MeCN,3,Ar_NBO_=O|LUMO|Ster_B1,0.6469348976956975,0.38382315933917266,0.3204724389569079,LOOCV,ln(kobs)_MeCN = -28.59 - 44.56*Ar_NBO_=O + 4.98*LUMO + 0.32*Ster_B1
indigo_aryl_alkyl,ln(kobs)_MeCN,5,ln(kobs)_toluene|Ar_NBO_=O|Ar_v_C=O|Ster_L|L_C1-C2,0.9525045552771845,0.38381647894354864,0.1175409694338379,LOOCV,ln(kobs)_MeCN = -63.40 + 0.98*ln(kobs)_toluene - 32.57*Ar_NBO_=O + 0.04*Ar_v_C=O - 0.03*Ster_L - 16.60*L_C1-C2
indigo_aryl_alkyl,ln(kobs)_MeCN,3,HOMO|Ar_NBO_-O|Ar_I_C=O,0.6220393854059005,0.3834114292544659,0.3315786524931755,LOOCV,ln(kobs)_MeCN = -30.50 + 15.12*HOMO - 48.84*Ar_NBO_-O - 0.00*Ar_I_C=O
indigo_aryl_alkyl,ln(kobs)_MeCN,3,HOMO|Ar_I_C=O|polarizability,0.5797862581606958,0.38121952881716625,0.34962172748013,LOOCV,ln(kobs)_MeCN = 6.26 + 22.76*HOMO - 0.00*Ar_I_C=O - 0.00*polarizability
indigo_aryl_alkyl,ln(kobs)_MeCN,4,kobs_toluene|Ar_NBO_C1_x|Ster_B1|Energy_C1-O,0.8769926841347716,0.3804915344294443,0.18915976245764352,LOOCV,ln(kobs)_MeCN = -5.11 + 10.16*kobs_toluene + 6.48*Ar_NBO_C1_x + 0.28*Ster_B1 + 2.96*Energy_C1-O
indigo_aryl_alkyl,ln(kobs)_MeCN,3,HOMO|Ar_NBO_C1_x|Energy_C1-O,0.6934773437649837,0.3797319388012381,0.2986032836404972,LOOCV,ln(kobs)_MeCN = -24.10 + 16.75*HOMO + 34.56*Ar_NBO_C1_x - 0.09*Energy_C1-O
indigo_aryl_alkyl,ln(kobs)_MeCN,3,Ar_NBO_=O|Ster_B1|Occupancy_C1-O,0.6386598248275313,0.3797198763043258,0.324206273548839,LOOCV,ln(kobs)_MeCN = -144.84 - 54.11*Ar_NBO_=O + 0.32*Ster_B1 + 55.31*Occupancy_C1-O
indigo_aryl_alkyl,ln(kobs)_MeCN,4,kobs_toluene|Ar_NBO_C1_x|Ster_B5|Energy_C1-O,0.8882813291428656,0.37885181877393437,0.18027112504208692,LOOCV,ln(kobs)_MeCN = -6.88 + 10.11*kobs_toluene + 8.57*Ar_NBO_C1_x + 0.04*Ster_B5 + 2.55*Energy_C1-O
indigo_aryl_alkyl,ln(kobs)_MeCN,3,Ar_NBO_=O|HOMO|Ster_L,0.6526452659760171,0.378642732935785,0.31787026216446684,LOOCV,ln(kobs)_MeCN = -19.44 - 34.32*Ar_NBO_=O + 8.52*HOMO + 0.01*Ster_L
indigo_aryl_alkyl,ln(kobs)_MeCN,3,Ar_NBO_=O|HOMO|Occupancy_C1-O,0.6531330374405364,0.3775564899328985,0.31764699975034544,LOOCV,ln(kobs)_MeCN = -65.03 - 36.39*Ar_NBO_=O + 8.28*HOMO + 22.23*Occupancy_C1-O
indigo_aryl_alkyl,ln(kobs)_MeCN,3,HOMO|Ar_v_C=O|Entry,0.6089696079007667,0.37614176536792365,0.33726288113209,LOOCV,ln(kobs)_MeCN = 65.82 + 11.00*HOMO - 0.03*Ar_v_C=O + 0.01*Entry
indigo_aryl_alkyl,ln(kobs)_MeCN,3,HOMO|Ar_v_C=O|Energy_C1-O,0.60795689299156,0.3757432603510903,0.3376993309557149,LOOCV,ln(kobs)_MeCN = 69.00 + 11.14*HOMO - 0.04*Ar_v_C=O - 0.28*Energy_C1-O
indigo_aryl_alkyl,ln(kobs)_MeCN,3,HOMO|Ster_B1|Energy_C1-O,0.6426234909437691,0.3756599201847931,0.3224232045754041,LOOCV,ln(kobs)_MeCN = 6.24 + 18.27*HOMO + 1.22*Ster_B1 + 3.97*Energy_C1-O
indigo_aryl_alkyl,ln(kobs)_MeCN,3,Ar_NBO_=O|Ster_B5|Energy_C1-O,0.6265860742738065,0.3750539539864258,0.3295782505045421,LOOCV,ln(kobs)_MeCN = -35.32 - 54.37*Ar_NBO_=O - 0.02*Ster_B5 - 1.22*Energy_C1-O
indigo_aryl_alkyl,ln(kobs)_MeCN,3,Ar_NBO_=O|Ster_L|Energy_C1-O,0.6265729925760619,0.3743153666630392,0.3295840234618417,LOOCV,ln(kobs)_MeCN = -36.20 - 55.94*Ar_NBO_=O - 0.02*Ster_L - 1.26*Energy_C1-O
indigo_aryl_alkyl,ln(kobs)_MeCN,4,ln(kobs)_toluene|kobs_toluene|Ar_NBO_C1_x|Energy_C1-O,0.9358757617144189,0.3735693240021335,0.13657600301641612,LOOCV,ln(kobs)_MeCN = 0.11 + 1.05*ln(kobs)_toluene + 0.29*kobs_toluene + 2.62*Ar_NBO_C1_x + 1.16*Energy_C1-O
indigo_aryl_alkyl,ln(kobs)_MeCN,3,Ar_NBO_=O|HOMO|Ster_B5,0.6723582158347015,0.3712676619263622,0.30871869527431123,LOOCV,ln(kobs)_MeCN = -14.29 - 28.62*Ar_NBO_=O + 13.14*HOMO - 0.05*Ster_B5
indigo_aryl_alkyl,ln(kobs)_MeCN,3,Ar_NBO_=O|Occupancy_C1-O|Energy_C1-O,0.6275427392539201,0.3704436066057799,0.3291557995053193,LOOCV,ln(kobs)_MeCN = -129.62 - 55.22*Ar_NBO_=O + 47.16*Occupancy_C1-O - 0.92*Energy_C1-O
indigo_aryl_alkyl,ln(kobs)_MeCN,3,HOMO|Entry|Ar_I_C=O,0.5693310143727164,0.3699020919949082,0.35394443446679713,LOOCV,ln(kobs)_MeCN = 4.66 + 18.54*HOMO + 0.01*Entry - 0.00*Ar_I_C=O
indigo_aryl_alkyl,ln(kobs)_MeCN,3,Ar_NBO_=O|Entry|Ster_B5,0.6449855456076407,0.3688686786499584,0.32135592147903863,LOOCV,ln(kobs)_MeCN = -31.44 - 49.71*Ar_NBO_=O + 0.02*Entry - 0.02*Ster_B5
indigo_aryl_alkyl,ln(kobs)_MeCN,3,HOMO|Ster_L|Occupancy_C1-O,0.5751404528265407,0.3688570233467683,0.3515490915244357,LOOCV,ln(kobs)_MeCN = 142.30 + 16.82*HOMO + 0.03*Ster_L - 69.56*Occupancy_C1-O
indigo_aryl_alkyl,ln(kobs)_MeCN,3,Ar_NBO_=O|HOMO|Ster_B1,0.6739768711482494,0.3685116146745673,0.30795516648960997,LOOCV,ln(kobs)_MeCN = -20.20 - 34.48*Ar_NBO_=O + 7.98*HOMO + 0.30*Ster_B1
indigo_aryl_alkyl,ln(kobs)_MeCN,3,Ar_NBO_=O|LUMO|Energy_C1-O,0.6376540270743692,0.36774004819337647,0.32465717738189287,LOOCV,ln(kobs)_MeCN = -29.80 - 45.85*Ar_NBO_=O + 5.07*LUMO - 0.97*Energy_C1-O
indigo_aryl_alkyl,ln(kobs)_MeCN,3,Ar_NBO_-O|Ar_NBO_C1_x|Entry,0.6494951936878084,0.36417574719953716,0.31930835163821303,LOOCV,ln(kobs)_MeCN = -75.65 - 63.25*Ar_NBO_-O + 36.67*Ar_NBO_C1_x + 0.04*Entry
indigo_aryl_alkyl,ln(kobs)_MeCN,3,LUMO|Ar_NBO_C1_x|Energy_C1-O,0.7157141370766292,0.3634243862073565,0.2875682408824787,LOOCV,ln(kobs)_MeCN = -42.86 + 21.76*LUMO + 51.59*Ar_NBO_C1_x - 0.79*Energy_C1-O
indigo_aryl_alkyl,ln(kobs)_MeCN,4,kobs_toluene|L_C1-C2|Occupancy_C1-O|Energy_C1-O,0.8779340131289777,0.3628814803555215,0.18843458795450965,LOOCV,ln(kobs)_MeCN = -134.48 + 10.98*kobs_toluene - 5.49*L_C1-C2 + 71.50*Occupancy_C1-O + 2.41*Energy_C1-O
indigo_aryl_alkyl,ln(kobs)_MeCN,3,Ar_v_C=O|L_C1-C2|Energy_C1-O,0.6945825344434328,0.3612321524445101,0.29806447913675316,LOOCV,ln(kobs)_MeCN = 128.71 - 0.13*Ar_v_C=O + 68.79*L_C1-C2 - 0.14*Energy_C1-O
indigo_aryl_alkyl,ln(kobs)_MeCN,3,Ar_NBO_=O|LUMO|Ster_L,0.6385536811282444,0.3604288307954966,0.3242538878590885,LOOCV,ln(kobs)_MeCN = -20.79 - 32.03*Ar_NBO_=O + 9.46*LUMO + 0.06*Ster_L
indigo_aryl_alkyl,ln(kobs)_MeCN,4,kobs_toluene|Entry|Ster_B5|Energy_C1-O,0.8813762130141171,0.36017534480235847,0.18575870778145787,LOOCV,ln(kobs)_MeCN = 0.09 + 10.58*kobs_toluene + 0.00*Entry + 0.04*Ster_B5 + 2.68*Energy_C1-O
indigo_aryl_alkyl,ln(kobs)_MeCN,3,Ar_v_C=O|Ar_NBO_-O|L_C1-C2,0.6948069729161346,0.3596139143802958,0.29795494147355145,LOOCV,ln(kobs)_MeCN = 118.84 - 0.12*Ar_v_C=O - 6.19*Ar_NBO_-O + 68.36*L_C1-C2
indigo_aryl_alkyl,ln(kobs)_MeCN,3,Ar_v_C=O|Ar_I_C=O|Ster_B1,0.5487619730235063,0.359597786571785,0.3622981653707818,LOOCV,ln(kobs)_MeCN = 120.95 - 0.07*Ar_v_C=O + 0.00*Ar_I_C=O + 0.33*Ster_B1
indigo_aryl_alkyl,ln(kobs)_MeCN,3,Ar_NBO_=O|Entry|Occupancy_C1-O,0.6445828111667405,0.3594333316878975,0.3215381456282194,LOOCV,ln(kobs)_MeCN = -117.34 - 50.97*Ar_NBO_=O + 0.02*Entry + 42.67*Occupancy_C1-O
indigo_aryl_alkyl,ln(kobs)_MeCN,3,Ar_NBO_=O|polarizability|Energy_C1-O,0.6643287025049064,0.35779175847753464,0.31247868093563613,LOOCV,ln(kobs)_MeCN = -43.01 - 65.33*Ar_NBO_=O - 0.00*polarizability - 2.63*Energy_C1-O
indigo_aryl_alkyl,ln(kobs)_MeCN,3,Ar_NBO_=O|HOMO|LUMO,0.6607523572849243,0.35683358951566935,0.3141388925265117,LOOCV,ln(kobs)_MeCN = -16.82 - 30.08*Ar_NBO_=O + 8.03*HOMO + 4.05*LUMO
indigo_aryl_alkyl,ln(kobs)_MeCN,3,LUMO|Ster_L|Ar_I_C=O,0.5866787395567905,0.3559600606416483,0.3467425682435625,LOOCV,ln(kobs)_MeCN = -1.80 + 19.13*LUMO + 0.13*Ster_L + 0.00*Ar_I_C=O
indigo_aryl_alkyl,ln(kobs)_MeCN,3,Ar_NBO_=O|Ster_L|Entry,0.6421556393084469,0.3545176840558263,0.32263418218967926,LOOCV,ln(kobs)_MeCN = -30.76 - 48.42*Ar_NBO_=O + 0.01*Ster_L + 0.02*Entry
indigo_aryl_alkyl,ln(kobs)_MeCN,3,HOMO|Ar_v_C=O|Occupancy_C1-O,0.6119832551343454,0.35445490804433755,0.3359607352265748,LOOCV,ln(kobs)_MeCN = 176.23 + 11.65*HOMO - 0.03*Ar_v_C=O - 56.64*Occupancy_C1-O
indigo_aryl_alkyl,ln(kobs)_MeCN,3,LUMO|Ster_L|Ster_B1,0.593515197853915,0.35279469647415407,0.3438629980301582,LOOCV,ln(kobs)_MeCN = -1.54 + 19.65*LUMO + 0.15*Ster_L - 0.21*Ster_B1
indigo_aryl_alkyl,ln(kobs)_MeCN,4,kobs_toluene|Ar_NBO_=O|Ster_L|L_C1-C2,0.8835433341043188,0.35164643355292347,0.18405408682186125,LOOCV,ln(kobs)_MeCN = -36.01 + 7.13*kobs_toluene - 32.66*Ar_NBO_=O - 0.04*Ster_L + 9.78*L_C1-C2
indigo_aryl_alkyl,ln(kobs)_MeCN,3,Ar_NBO_=O|LUMO|L_C1-C2,0.6515283519644902,0.3513135481064945,0.3183809055664415,LOOCV,ln(kobs)_MeCN = -64.55 - 48.40*Ar_NBO_=O + 9.32*LUMO + 23.19*L_C1-C2
indigo_aryl_alkyl,ln(kobs)_MeCN,3,HOMO|Ar_v_C=O|polarizability,0.6179914821343884,0.35086068882166055,0.33334950332967916,LOOCV,ln(kobs)_MeCN = 64.18 + 14.32*HOMO - 0.03*Ar_v_C=O - 0.00*polarizability
indigo_aryl_alkyl,ln(kobs)_MeCN,3,Ar_NBO_=O|Ar_NBO_-O|Ar_NBO_C1_x,0.6802500414136778,0.3495792565014799,0.30497801784745304,LOOCV,ln(kobs)_MeCN = -20.29 - 73.83*Ar_NBO_=O + 61.87*Ar_NBO_-O + 22.21*Ar_NBO_C1_x
indigo_aryl_alkyl,ln(kobs)_MeCN,3,Ar_NBO_=O|HOMO|Entry,0.6653445585404294,0.3495331564616073,0.3120054890274833,LOOCV,ln(kobs)_MeCN = -21.17 - 36.08*Ar_NBO_=O + 6.63*HOMO + 0.01*Entry
indigo_aryl_alkyl,ln(kobs)_MeCN,3,kobs_toluene|Ar_NBO_C1_x|Energy_C1-O,0.8730326493340375,0.3493748517580665,0.19218049949149635,LOOCV,ln(kobs)_MeCN = -6.80 + 10.26*kobs_toluene + 8.04*Ar_NBO_C1_x + 2.08*Energy_C1-O
indigo_aryl_alkyl,ln(kobs)_MeCN,3,HOMO|Ar_NBO_-O|Ster_L,0.6170245016963813,0.3493690805613101,0.33377114146679127,LOOCV,ln(kobs)_MeCN = -28.30 + 12.98*HOMO - 43.86*Ar_NBO_-O + 0.02*Ster_L
indigo_aryl_alkyl,ln(kobs)_MeCN,3,HOMO|Ar_v_C=O|Ster_L,0.6187849445357088,0.3493052338357895,0.33300312651484965,LOOCV,ln(kobs)_MeCN = 66.92 + 9.91*HOMO - 0.04*Ar_v_C=O + 0.04*Ster_L
indigo_aryl_alkyl,ln(kobs)_MeCN,3,Ar_NBO_=O|Entry|Ar_I_C=O,0.6443464010750655,0.34791220021476876,0.3216450653672208,LOOCV,ln(kobs)_MeCN = -31.84 - 50.63*Ar_NBO_=O + 0.02*Entry - 0.00*Ar_I_C=O
indigo_aryl_alkyl,ln(kobs)_MeCN,3,HOMO|Entry|polarizability,0.5870872369685096,0.3478853233697763,0.34657117800779774,LOOCV,ln(kobs)_MeCN = 5.05 + 20.23*HOMO + 0.01*Entry - 0.00*polarizability
indigo_aryl_alkyl,ln(kobs)_MeCN,3,HOMO|Entry|Occupancy_C1-O,0.5799213269196606,0.34688190799115093,0.34956553373460203,LOOCV,ln(kobs)_MeCN = 206.34 + 16.34*HOMO + 0.01*Entry - 101.69*Occupancy_C1-O
indigo_aryl_alkyl,ln(kobs)_MeCN,3,LUMO|Ster_L|Ster_B5,0.5888407123293402,0.34263823697772333,0.3458345205120829,LOOCV,ln(kobs)_MeCN = -1.77 + 19.39*LUMO + 0.14*Ster_L - 0.02*Ster_B5
indigo_aryl_alkyl,ln(kobs)_MeCN,3,HOMO|Ar_NBO_-O|Occupancy_C1-O,0.6138968866103507,0.3422658881210461,0.3351312611368948,LOOCV,ln(kobs)_MeCN = -7.63 + 13.63*HOMO - 45.32*Ar_NBO_-O - 10.68*Occupancy_C1-O
indigo_aryl_alkyl,ln(kobs)_MeCN,3,Ar_NBO_=O|HOMO|Ar_NBO_-O,0.6579302664813524,0.34137828259473113,0.31544279609369863,LOOCV,ln(kobs)_MeCN = -8.06 - 50.64*Ar_NBO_=O + 7.31*HOMO + 30.71*Ar_NBO_-O
indigo_aryl_alkyl,ln(kobs)_MeCN,3,LUMO|Ster_L|Occupancy_C1-O,0.5893020905467912,0.3401714222494261,0.3456404287004324,LOOCV,ln(kobs)_MeCN = 82.79 + 19.24*LUMO + 0.13*Ster_L - 42.38*Occupancy_C1-O
indigo_aryl_alkyl,ln(kobs)_MeCN,3,HOMO|Ar_NBO_-O|Energy_C1-O,0.6206191045800413,0.3365810430799222,0.3322010628712969,LOOCV,ln(kobs)_MeCN = -34.15 + 12.60*HOMO - 51.29*Ar_NBO_-O - 0.66*Energy_C1-O
indigo_aryl_alkyl,ln(kobs)_MeCN,3,Ar_NBO_=O|Ar_NBO_C1_x|polarizability,0.6564019873956025,0.3358488791616735,0.3161466691975958,LOOCV,ln(kobs)_MeCN = -48.98 - 49.95*Ar_NBO_=O + 21.91*Ar_NBO_C1_x - 0.00*polarizability
indigo_aryl_alkyl,ln(kobs)_MeCN,3,Ar_NBO_=O|Ar_NBO_-O|Ster_B1,0.6489864113655406,0.3355982557846179,0.3195400168387082,LOOCV,ln(kobs)_MeCN = -12.12 - 72.16*Ar_NBO_=O + 47.38*Ar_NBO_-O + 0.29*Ster_B1
indigo_aryl_alkyl,ln(kobs)_MeCN,3,Ar_NBO_=O|Entry|polarizability,0.6525598879363068,0.33404687555714085,0.31790932521694126,LOOCV,ln(kobs)_MeCN = -33.27 - 52.89*Ar_NBO_=O + 0.02*Entry - 0.00*polarizability
indigo_aryl_alkyl,ln(kobs)_MeCN,3,HOMO|Ar_NBO_-O|Ster_B1,0.6424594227558742,0.333883210214576,0.32249720681052574,LOOCV,ln(kobs)_MeCN = -32.26 + 12.53*HOMO - 48.67*Ar_NBO_-O + 0.34*Ster_B1
indigo_aryl_alkyl,ln(kobs)_MeCN,3,Ar_NBO_=O|LUMO|Entry,0.6477871475318802,0.33287792709331443,0.3200854174118924,LOOCV,ln(kobs)_MeCN = -28.15 - 44.42*Ar_NBO_=O + 3.47*LUMO + 0.02*Entry
indigo_aryl_alkyl,ln(kobs)_MeCN,3,Ar_NBO_=O|Entry|L_C1-C2,0.665940412547424,0.3312687676984768,0.3117276023945232,LOOCV,ln(kobs)_MeCN = -62.71 - 54.84*Ar_NBO_=O + 0.02*Entry + 18.92*L_C1-C2
indigo_aryl_alkyl,ln(kobs)_MeCN,3,HOMO|Ster_L|Entry,0.5738483859283892,0.3298927868428636,0.35208324466800917,LOOCV,ln(kobs)_MeCN = 3.04 + 15.66*HOMO + 0.04*Ster_L + 0.01*Entry
indigo_aryl_alkyl,ln(kobs)_MeCN,3,Ar_NBO_=O|Ster_L|Ar_I_C=O,0.6086542159985197,0.3295511965167175,0.3373988661396796,LOOCV,ln(kobs)_MeCN = -31.96 - 50.33*Ar_NBO_=O + 0.02*Ster_L + 0.00*Ar_I_C=O
indigo_aryl_alkyl,ln(kobs)_MeCN,3,HOMO|Ar_v_C=O|LUMO,0.6201245663984598,0.32773168609838077,0.33241751104781425,LOOCV,ln(kobs)_MeCN = 48.52 + 11.00*HOMO - 0.03*Ar_v_C=O + 5.42*LUMO
indigo_aryl_alkyl,ln(kobs)_MeCN,3,Ar_NBO_=O|Ar_I_C=O|Occupancy_C1-O,0.6138316345096093,0.3259855010274024,0.3351595788248384,LOOCV,ln(kobs)_MeCN = -171.46 - 55.46*Ar_NBO_=O + 0.00*Ar_I_C=O + 68.50*Occupancy_C1-O
indigo_aryl_alkyl,ln(kobs)_MeCN,3,HOMO|polarizability|Occupancy_C1-O,0.5932375510315451,0.3257658034974559,0.34398041468489127,LOOCV,ln(kobs)_MeCN = 207.06 + 21.01*HOMO - 0.00*polarizability - 101.13*Occupancy_C1-O
indigo_aryl_alkyl,ln(kobs)_MeCN,3,Ar_NBO_=O|HOMO|polarizability,0.6755693831354558,0.32423289501204233,0.3072021176959095,LOOCV,ln(kobs)_MeCN = -18.75 - 35.38*Ar_NBO_=O + 11.71*HOMO - 0.00*polarizability
indigo_aryl_alkyl,ln(kobs)_MeCN,3,HOMO|Ar_NBO_-O|Entry,0.6262560802955898,0.31927183695975003,0.3297238460661993,LOOCV,ln(kobs)_MeCN = -32.32 + 11.71*HOMO - 49.11*Ar_NBO_-O + 0.01*Entry
indigo_aryl_alkyl,ln(kobs)_MeCN,3,Ar_NBO_=O|Ar_NBO_-O|Energy_C1-O,0.6380811118736612,0.31890252610361414,0.32446578981694935,LOOCV,ln(kobs)_MeCN = -13.37 - 73.27*Ar_NBO_=O + 46.90*Ar_NBO_-O - 0.73*Energy_C1-O
indigo_aryl_alkyl,ln(kobs)_MeCN,3,LUMO|Ster_L|Entry,0.5922667367220918,0.31773505074602537,0.3443906566994397,LOOCV,ln(kobs)_MeCN = -1.85 + 18.14*LUMO + 0.13*Ster_L + 0.01*Entry
indigo_aryl_alkyl,ln(kobs)_MeCN,3,Ar_NBO_C1_x|Entry|Ster_B1,0.5110986340613703,0.316702483490362,0.37711509312079344,LOOCV,ln(kobs)_MeCN = -42.89 + 50.66*Ar_NBO_C1_x + 0.05*Entry + 0.11*Ster_B1
indigo_aryl_alkyl,ln(kobs)_MeCN,3,Ar_NBO_=O|LUMO|Ar_I_C=O,0.6208790621328982,0.3164944569893049,0.3320872287603056,LOOCV,ln(kobs)_MeCN = -28.76 - 45.89*Ar_NBO_=O + 5.43*LUMO - 0.00*Ar_I_C=O
indigo_aryl_alkyl,ln(kobs)_MeCN,3,Ar_NBO_=O|Ar_I_C=O|Ster_B5,0.6071672665293645,0.31645557816461645,0.33803924535292007,LOOCV,ln(kobs)_MeCN = -33.03 - 52.37*Ar_NBO_=O + 0.00*Ar_I_C=O + 0.01*Ster_B5
indigo_aryl_alkyl,ln(kobs)_MeCN,3,Ar_v_C=O|LUMO|Ster_B1,0.5674148443653579,0.31492127783421897,0.3547309607891839,LOOCV,ln(kobs)_MeCN = 98.24 - 0.05*Ar_v_C=O + 6.51*LUMO + 0.33*Ster_B1
indigo_aryl_alkyl,ln(kobs)_MeCN,3,Ar_NBO_=O|Ster_L|Occupancy_C1-O,0.6171640895051802,0.31474017362045725,0.3337103090785564,LOOCV,ln(kobs)_MeCN = -201.06 - 53.94*Ar_NBO_=O + 0.02*Ster_L + 83.75*Occupancy_C1-O
indigo_aryl_alkyl,ln(kobs)_MeCN,3,Ar_v_C=O|Entry|Ster_B1,0.5545624056725098,0.31422997973793787,0.3599620554695747,LOOCV,ln(kobs)_MeCN = 117.11 - 0.06*Ar_v_C=O + 0.01*Entry + 0.30*Ster_B1
indigo_aryl_alkyl,ln(kobs)_MeCN,3,Ar_NBO_=O|Ar_NBO_-O|Entry,0.6553389208293685,0.31411260097953453,0.31663535857830405,LOOCV,ln(kobs)_MeCN = -11.31 - 68.74*Ar_NBO_=O + 45.09*Ar_NBO_-O + 0.02*Entry
indigo_aryl_alkyl,ln(kobs)_MeCN,3,Ar_NBO_C1_x|Ster_L|Entry,0.5105992053042112,0.3134337658001932,0.3773076616637776,LOOCV,ln(kobs)_MeCN = -41.28 + 48.72*Ar_NBO_C1_x + 0.02*Ster_L + 0.04*Entry
indigo_aryl_alkyl,ln(kobs)_MeCN,3,Ar_NBO_C1_x|Entry|Ar_I_C=O,0.5513202836007057,0.3112039411980021,0.3612696741498764,LOOCV,ln(kobs)_MeCN = -43.91 + 51.19*Ar_NBO_C1_x + 0.04*Entry + 0.00*Ar_I_C=O
indigo_aryl_alkyl,ln(kobs)_MeCN,3,Ar_v_C=O|Ster_B1|Ster_B5,0.5479047682684527,0.3105470696672692,0.3626421261399203,LOOCV,ln(kobs)_MeCN = 124.33 - 0.07*Ar_v_C=O + 0.33*Ster_B1 + 0.00*Ster_B5
indigo_aryl_alkyl,ln(kobs)_MeCN,4,kobs_toluene|Entry|Occupancy_C1-O|Energy_C1-O,0.8764663292261499,0.3092717052795496,0.18956404282455983,LOOCV,ln(kobs)_MeCN = -143.16 + 10.99*kobs_toluene + 0.00*Entry + 71.82*Occupancy_C1-O + 2.55*Energy_C1-O
indigo_aryl_alkyl,ln(kobs)_MeCN,3,HOMO|Ar_NBO_-O|LUMO,0.6282286111507287,0.3066454902108874,0.328852593252423,LOOCV,ln(kobs)_MeCN = -22.05 + 12.21*HOMO - 35.19*Ar_NBO_-O + 5.41*LUMO
indigo_aryl_alkyl,ln(kobs)_MeCN,3,Ar_NBO_=O|LUMO|Occupancy_C1-O,0.6223841081321421,0.30639062137390527,0.33142740820044286,LOOCV,ln(kobs)_MeCN = -99.86 - 48.33*Ar_NBO_=O + 4.63*LUMO + 34.90*Occupancy_C1-O
indigo_aryl_alkyl,ln(kobs)_MeCN,3,Ar_NBO_=O|Ster_L|Ster_B5,0.6075068793233189,0.306118565553667,0.3378930924666429,LOOCV,ln(kobs)_MeCN = -32.73 - 51.90*Ar_NBO_=O + 0.01*Ster_L + 0.00*Ster_B5
indigo_aryl_alkyl,ln(kobs)_MeCN,4,kobs_toluene|Entry|Ster_B1|Energy_C1-O,0.8775498661748404,0.30495722690890914,0.18873086095154773,LOOCV,ln(kobs)_MeCN = 0.44 + 10.10*kobs_toluene + 0.01*Entry + 0.40*Ster_B1 + 3.56*Energy_C1-O
indigo_aryl_alkyl,ln(kobs)_MeCN,3,HOMO|LUMO|Ster_B1,0.6218784102223401,0.3043641740888122,0.33164925542154194,LOOCV,ln(kobs)_MeCN = 2.67 + 13.74*HOMO + 8.38*LUMO + 0.29*Ster_B1
indigo_aryl_alkyl,ln(kobs)_MeCN,3,Ar_NBO_=O|Ster_B5|Occupancy_C1-O,0.6131906847001674,0.30418554298767053,0.3354376070416015,LOOCV,ln(kobs)_MeCN = -172.90 - 56.40*Ar_NBO_=O + 0.00*Ster_B5 + 68.99*Occupancy_C1-O
indigo_aryl_alkyl,ln(kobs)_MeCN,3,Ar_v_C=O|Entry|Ar_I_C=O,0.5339459166140785,0.30346522752673655,0.3681980191590944,LOOCV,ln(kobs)_MeCN = 120.19 - 0.07*Ar_v_C=O + 0.01*Entry - 0.00*Ar_I_C=O
indigo_aryl_alkyl,ln(kobs)_MeCN,3,HOMO|Ar_v_C=O|Ster_B1,0.6268264521228419,0.29896748730044254,0.32947215367847,LOOCV,ln(kobs)_MeCN = 65.40 + 11.00*HOMO - 0.03*Ar_v_C=O + 0.29*Ster_B1
indigo_aryl_alkyl,ln(kobs)_MeCN,3,Ar_v_C=O|Ster_L|polarizability,0.5828058767826985,0.2983063315222222,0.3483632873055479,LOOCV,ln(kobs)_MeCN = 119.50 - 0.07*Ar_v_C=O + 0.13*Ster_L - 0.00*polarizability
indigo_aryl_alkyl,ln(kobs)_MeCN,3,Ar_NBO_=O|LUMO|Ster_B5,0.6226788172225061,0.29651649913336176,0.33129805223714,LOOCV,ln(kobs)_MeCN = -28.03 - 44.57*Ar_NBO_=O + 5.63*LUMO + 0.01*Ster_B5
indigo_aryl_alkyl,ln(kobs)_MeCN,3,Ar_v_C=O|Ster_B1|Occupancy_C1-O,0.5523753458518598,0.2912167980718069,0.36084466459465164,LOOCV,ln(kobs)_MeCN = 225.72 - 0.07*Ar_v_C=O + 0.35*Ster_B1 - 52.54*Occupancy_C1-O
indigo_aryl_alkyl,ln(kobs)_MeCN,3,Ar_NBO_C1_x|Entry|polarizability,0.5087258675361693,0.28693718338706986,0.37802910469432843,LOOCV,ln(kobs)_MeCN = -43.15 + 51.19*Ar_NBO_C1_x + 0.05*Entry + 0.00*polarizability
indigo_aryl_alkyl,ln(kobs)_MeCN,3,Ar_v_C=O|LUMO|Ster_L,0.6201442030913282,0.2850639602511542,0.3324089191985527,LOOCV,ln(kobs)_MeCN = 55.74 - 0.03*Ar_v_C=O + 12.16*LUMO + 0.10*Ster_L
indigo_aryl_alkyl,ln(kobs)_MeCN,3,Ar_NBO_=O|Ar_NBO_-O|Ster_L,0.6298148625766165,0.2817949828619626,0.32815027923719836,LOOCV,ln(kobs)_MeCN = -7.56 - 77.28*Ar_NBO_=O + 57.60*Ar_NBO_-O + 0.01*Ster_L
indigo_aryl_alkyl,ln(kobs)_MeCN,3,Ar_v_C=O|LUMO|Ar_I_C=O,0.5413840962053273,0.28048993574467906,0.3652479983240605,LOOCV,ln(kobs)_MeCN = 103.42 - 0.06*Ar_v_C=O + 6.78*LUMO - 0.00*Ar_I_C=O
indigo_aryl_alkyl,ln(kobs)_MeCN,3,HOMO|Ar_v_C=O|Ar_NBO_-O,0.6226145624281918,0.2791857704398759,0.33132625974705393,LOOCV,ln(kobs)_MeCN = 15.60 + 11.40*HOMO - 0.02*Ar_v_C=O - 31.58*Ar_NBO_-O
indigo_aryl_alkyl,ln(kobs)_MeCN,3,Ar_NBO_=O|Ar_NBO_-O|Occupancy_C1-O,0.6324166101479372,0.27883834013148123,0.3269950875318427,LOOCV,ln(kobs)_MeCN = -100.76 - 78.42*Ar_NBO_=O + 54.06*Ar_NBO_-O + 45.18*Occupancy_C1-O
indigo_aryl_alkyl,ln(kobs)_MeCN,3,HOMO|Ar_NBO_-O|polarizability,0.6281747554092503,0.2770187280623734,0.32887641159808356,LOOCV,ln(kobs)_MeCN = -27.22 + 16.38*HOMO - 44.42*Ar_NBO_-O - 0.00*polarizability
indigo_aryl_alkyl,ln(kobs)_MeCN,3,Ar_v_C=O|Ar_I_C=O|Ster_B5,0.5245926989408178,0.2765250071028921,0.37187434024672855,LOOCV,ln(kobs)_MeCN = 126.65 - 0.07*Ar_v_C=O + 0.00*Ar_I_C=O + 0.02*Ster_B5
indigo_aryl_alkyl,ln(kobs)_MeCN,3,Ar_NBO_=O|Ar_NBO_-O|Ar_I_C=O,0.6307731900222917,0.2719828544518744,0.3277252497346827,LOOCV,ln(kobs)_MeCN = -6.75 - 77.26*Ar_NBO_=O + 58.87*Ar_NBO_-O + 0.00*Ar_I_C=O
indigo_aryl_alkyl,ln(kobs)_MeCN,3,HOMO|Ar_NBO_-O|Ster_B5,0.6312413708994746,0.27010455353496154,0.3275174054496237,LOOCV,ln(kobs)_MeCN = -15.92 + 18.32*HOMO - 29.19*Ar_NBO_-O - 0.06*Ster_B5
indigo_aryl_alkyl,ln(kobs)_MeCN,3,Ar_NBO_=O|Entry|Energy_C1-O,0.6468513813207638,0.26990966300695696,0.3205103400601398,LOOCV,ln(kobs)_MeCN = -31.94 - 49.49*Ar_NBO_=O + 0.02*Entry - 0.56*Energy_C1-O
indigo_aryl_alkyl,ln(kobs)_MeCN,3,Ar_NBO_=O|Ar_NBO_-O|Ster_B5,0.6385113061013474,0.26874306568565864,0.32427289464350906,LOOCV,ln(kobs)_MeCN = 4.63 - 94.04*Ar_NBO_=O + 89.04*Ar_NBO_-O - 0.04*Ster_B5
indigo_aryl_alkyl,ln(kobs)_MeCN,3,Ar_v_C=O|LUMO|Entry,0.5516987550959527,0.267663340256844,0.3611172724313433,LOOCV,ln(kobs)_MeCN = 95.30 - 0.05*Ar_v_C=O + 6.24*LUMO + 0.01*Entry
indigo_aryl_alkyl,ln(kobs)_MeCN,3,Ar_v_C=O|Entry|Ster_B5,0.5343175195142318,0.26757797811738726,0.3680512006447187,LOOCV,ln(kobs)_MeCN = 119.16 - 0.07*Ar_v_C=O + 0.01*Entry + 0.01*Ster_B5
indigo_aryl_alkyl,ln(kobs)_MeCN,3,kobs_toluene|Entry|Energy_C1-O,0.8690313330861754,0.26754072153834907,0.19518524876516227,LOOCV,ln(kobs)_MeCN = -0.20 + 10.48*kobs_toluene + 0.00*Entry + 2.28*Energy_C1-O
indigo_aryl_alkyl,ln(kobs)_MeCN,3,Ar_v_C=O|Ster_L|Ar_I_C=O,0.5625220584493416,0.2666867484907728,0.356731425281192,LOOCV,ln(kobs)_MeCN = 110.35 - 0.06*Ar_v_C=O + 0.07*Ster_L + 0.00*Ar_I_C=O
indigo_aryl_alkyl,ln(kobs)_MeCN,3,Ar_v_C=O|Ster_L|Ster_B5,0.5624836587626043,0.2646010881199816,0.35674708101271363,LOOCV,ln(kobs)_MeCN = 114.45 - 0.06*Ar_v_C=O + 0.07*Ster_L - 0.01*Ster_B5
indigo_aryl_alkyl,ln(kobs)_MeCN,3,Ar_NBO_=O|Ar_I_C=O|polarizability,0.6085796165496437,0.26376071694970626,0.3374310225741237,LOOCV,ln(kobs)_MeCN = -34.02 - 54.08*Ar_NBO_=O + 0.00*Ar_I_C=O - 0.00*polarizability
indigo_aryl_alkyl,ln(kobs)_MeCN,3,Ar_v_C=O|polarizability|Ster_B1,0.5483065132981902,0.2625324626839045,0.3624809631349431,LOOCV,ln(kobs)_MeCN = 126.70 - 0.07*Ar_v_C=O - 0.00*polarizability + 0.37*Ster_B1
indigo_aryl_alkyl,ln(kobs)_MeCN,3,Ar_NBO_=O|Ster_L|polarizability,0.6182935746188514,0.2615087843803814,0.333217670802797,LOOCV,ln(kobs)_MeCN = -33.48 - 52.92*Ar_NBO_=O + 0.06*Ster_L - 0.00*polarizability
indigo_aryl_alkyl,ln(kobs)_MeCN,3,Ar_NBO_C1_x|Entry|Ster_B5,0.5084197540429318,0.2591796103493267,0.3781468615447955,LOOCV,ln(kobs)_MeCN = -43.61 + 51.78*Ar_NBO_C1_x + 0.05*Entry + 0.00*Ster_B5
indigo_aryl_alkyl,ln(kobs)_MeCN,3,Ar_NBO_C1_x|Entry|Occupancy_C1-O,0.509448906223247,0.2561984665725686,0.37775081779439973,LOOCV,ln(kobs)_MeCN = 9.52 + 50.46*Ar_NBO_C1_x + 0.05*Entry - 26.11*Occupancy_C1-O
indigo_aryl_alkyl,ln(kobs)_MeCN,3,HOMO|Ster_B1|Occupancy_C1-O,0.5965864946013435,0.25545927962484605,0.34256146376547136,LOOCV,ln(kobs)_MeCN = 204.53 + 16.96*HOMO + 0.33*Ster_B1 - 100.94*Occupancy_C1-O
indigo_aryl_alkyl,ln(kobs)_MeCN,3,Ar_NBO_=O|L_C1-C2|Ster_B1,0.6423917517841906,0.25543235247989415,0.3225277245590067,LOOCV,ln(kobs)_MeCN = -51.47 - 55.78*Ar_NBO_=O + 10.73*L_C1-C2 + 0.33*Ster_B1
indigo_aryl_alkyl,ln(kobs)_MeCN,3,Ar_v_C=O|Ster_B1|Energy_C1-O,0.5565774600257996,0.2515376897521333,0.3591469409652674,LOOCV,ln(kobs)_MeCN = 123.57 - 0.07*Ar_v_C=O + 0.68*Ster_B1 + 1.48*Energy_C1-O
indigo_aryl_alkyl,ln(kobs)_MeCN,3,Ar_NBO_=O|polarizability|Occupancy_C1-O,0.6149567381241818,0.25153609976517854,0.3346709780601765,LOOCV,ln(kobs)_MeCN = -181.21 - 58.49*Ar_NBO_=O - 0.00*polarizability + 72.57*Occupancy_C1-O
indigo_aryl_alkyl,ln(kobs)_MeCN,3,Ar_v_C=O|LUMO|Ster_B5,0.5483593724800888,0.24279653297628934,0.3624597529467045,LOOCV,ln(kobs)_MeCN = 97.09 - 0.05*Ar_v_C=O + 7.22*LUMO + 0.02*Ster_B5
indigo_aryl_alkyl,ln(kobs)_MeCN,3,Ar_v_C=O|Entry|Occupancy_C1-O,0.5394324861656905,0.2426622125201665,0.36602431781313827,LOOCV,ln(kobs)_MeCN = 230.61 - 0.06*Ar_v_C=O + 0.01*Entry - 58.42*Occupancy_C1-O
indigo_aryl_alkyl,ln(kobs)_MeCN,3,Ar_v_C=O|Ar_I_C=O|Occupancy_C1-O,0.523940359830304,0.24071405937438461,0.37212938998498185,LOOCV,ln(kobs)_MeCN = 206.41 - 0.07*Ar_v_C=O + 0.00*Ar_I_C=O - 41.09*Occupancy_C1-O
indigo_aryl_alkyl,ln(kobs)_MeCN,3,Ar_v_C=O|Ar_NBO_-O|Ster_B1,0.5709104792644388,0.23919227831622458,0.3532947982768635,LOOCV,ln(kobs)_MeCN = 59.86 - 0.05*Ar_v_C=O - 38.28*Ar_NBO_-O + 0.37*Ster_B1
indigo_aryl_alkyl,ln(kobs)_MeCN,3,Ar_NBO_-O|Ar_NBO_C1_x|Ster_B1,0.5473743611235451,0.23814919151906044,0.3628547932703195,LOOCV,ln(kobs)_MeCN = -79.11 - 82.46*Ar_NBO_-O + 23.77*Ar_NBO_C1_x + 0.41*Ster_B1
indigo_aryl_alkyl,ln(kobs)_MeCN,3,Ar_NBO_=O|Ar_NBO_-O|polarizability,0.6406135169802254,0.23761314867107186,0.32332862724294015,LOOCV,ln(kobs)_MeCN = -2.67 - 90.81*Ar_NBO_=O + 75.82*Ar_NBO_-O - 0.00*polarizability
indigo_aryl_alkyl,ln(kobs)_MeCN,3,Ar_NBO_=O|LUMO|polarizability,0.6209166893802138,0.2354624335245702,0.3320707487441744,LOOCV,ln(kobs)_MeCN = -28.46 - 45.35*Ar_NBO_=O + 5.50*LUMO + 0.00*polarizability
indigo_aryl_alkyl,ln(kobs)_MeCN,3,LUMO|Ster_B1|Occupancy_C1-O,0.4882458222038122,0.23470740787534583,0.3858282182754628,LOOCV,ln(kobs)_MeCN = 362.97 + 18.74*LUMO + 0.42*Ster_B1 - 182.73*Occupancy_C1-O
indigo_aryl_alkyl,ln(kobs)_MeCN,3,Ar_v_C=O|Ster_L|Entry,0.5698852064178774,0.23458548914086386,0.3537166303521602,LOOCV,ln(kobs)_MeCN = 105.93 - 0.06*Ar_v_C=O + 0.06*Ster_L + 0.01*Entry
indigo_aryl_alkyl,ln(kobs)_MeCN,3,Ar_NBO_-O|Entry|Ster_B1,0.5482046952815436,0.23353578928246055,0.362521814967232,LOOCV,ln(kobs)_MeCN = -63.59 - 87.39*Ar_NBO_-O + 0.02*Entry + 0.36*Ster_B1
indigo_aryl_alkyl,ln(kobs)_MeCN,3,Ar_NBO_=O|Ar_v_C=O|Ar_NBO_C1_x,0.7306181508994944,0.23182384152036994,0.2799287171424425,LOOCV,ln(kobs)_MeCN = 126.76 + 12.77*Ar_NBO_=O - 0.09*Ar_v_C=O + 47.31*Ar_NBO_C1_x
indigo_aryl_alkyl,ln(kobs)_MeCN,3,Ar_v_C=O|Ster_L|Occupancy_C1-O,0.5621220891444391,0.23099918384046536,0.35689446095622174,LOOCV,ln(kobs)_MeCN = 77.59 - 0.06*Ar_v_C=O + 0.07*Ster_L + 18.54*Occupancy_C1-O
indigo_aryl_alkyl,ln(kobs)_MeCN,3,Ar_v_C=O|Ar_I_C=O|polarizability,0.5266308394366697,0.22978788044656273,0.3710763442567942,LOOCV,ln(kobs)_MeCN = 122.23 - 0.07*Ar_v_C=O + 0.00*Ar_I_C=O + 0.00*polarizability
indigo_aryl_alkyl,ln(kobs)_MeCN,3,HOMO|Ar_I_C=O|Ster_B1,0.5817121896934553,0.22764910214321554,0.3488196109139262,LOOCV,ln(kobs)_MeCN = 4.08 + 18.66*HOMO - 0.00*Ar_I_C=O + 0.31*Ster_B1
indigo_aryl_alkyl,ln(kobs)_MeCN,3,LUMO|Ster_B1|Ster_B5,0.44236569533229386,0.22482744877098393,0.4027523011706833,LOOCV,ln(kobs)_MeCN = -1.39 + 18.70*LUMO + 0.31*Ster_B1 + 0.04*Ster_B5
indigo_aryl_alkyl,ln(kobs)_MeCN,3,Ar_v_C=O|Entry|polarizability,0.5360289244265766,0.2241612301811058,0.36737427544469164,LOOCV,ln(kobs)_MeCN = 116.48 - 0.06*Ar_v_C=O + 0.01*Entry + 0.00*polarizability
indigo_aryl_alkyl,ln(kobs)_MeCN,3,Ar_v_C=O|Ster_L|Ster_B1,0.5650314711445696,0.22372001486419058,0.35570683215938026,LOOCV,ln(kobs)_MeCN = 114.81 - 0.06*Ar_v_C=O + 0.05*Ster_L + 0.14*Ster_B1
indigo_aryl_alkyl,ln(kobs)_MeCN,3,LUMO|Ar_I_C=O|polarizability,0.4731389141886523,0.22342566275096076,0.39148159610845024,LOOCV,ln(kobs)_MeCN = -1.08 + 18.45*LUMO + 0.00*Ar_I_C=O + 0.00*polarizability
indigo_aryl_alkyl,ln(kobs)_MeCN,3,Ar_NBO_-O|Ar_NBO_C1_x|Ar_I_C=O,0.5453858776842179,0.22039100599165384,0.36365097002297625,LOOCV,ln(kobs)_MeCN = -72.70 - 63.46*Ar_NBO_-O + 32.21*Ar_NBO_C1_x + 0.00*Ar_I_C=O
indigo_aryl_alkyl,ln(kobs)_MeCN,3,Ar_NBO_-O|LUMO|Ster_L,0.5930108634637463,0.21977778303518036,0.3440762509928349,LOOCV,ln(kobs)_MeCN = -15.46 - 19.58*Ar_NBO_-O + 16.60*LUMO + 0.12*Ster_L
indigo_aryl_alkyl,ln(kobs)_MeCN,3,LUMO|Ar_I_C=O|Ster_B1,0.4384079336180421,0.21648188296545268,0.4041790241159145,LOOCV,ln(kobs)_MeCN = -1.92 + 16.93*LUMO + 0.00*Ar_I_C=O + 0.40*Ster_B1
indigo_aryl_alkyl,ln(kobs)_MeCN,3,Ar_v_C=O|polarizability|Ster_B5,0.5263704250659467,0.2097226012760377,0.37117840025677473,LOOCV,ln(kobs)_MeCN = 124.00 - 0.07*Ar_v_C=O + 0.00*polarizability + 0.00*Ster_B5
indigo_aryl_alkyl,ln(kobs)_MeCN,3,LUMO|polarizability|Occupancy_C1-O,0.5102819014494399,0.2095526479648786,0.37742995588326833,LOOCV,ln(kobs)_MeCN = 288.35 + 18.55*LUMO + 0.00*polarizability - 145.11*Occupancy_C1-O
indigo_aryl_alkyl,ln(kobs)_MeCN,3,LUMO|Ster_B5|Occupancy_C1-O,0.48878859890767934,0.20756515250837793,0.38562355543585236,LOOCV,ln(kobs)_MeCN = 385.39 + 19.01*LUMO + 0.06*Ster_B5 - 193.72*Occupancy_C1-O
indigo_aryl_alkyl,ln(kobs)_MeCN,3,Ar_v_C=O|LUMO|polarizability,0.5560278234131913,0.20320490627635301,0.3593694591698386,LOOCV,ln(kobs)_MeCN = 85.78 - 0.05*Ar_v_C=O + 8.28*LUMO + 0.00*polarizability
indigo_aryl_alkyl,ln(kobs)_MeCN,3,Ar_NBO_C1_x|Ar_I_C=O|Ster_B1,0.45777580918030214,0.2026169813801001,0.39714832358844904,LOOCV,ln(kobs)_MeCN = -38.86 + 43.78*Ar_NBO_C1_x + 0.00*Ar_I_C=O + 0.34*Ster_B1
indigo_aryl_alkyl,ln(kobs)_MeCN,3,Ar_NBO_=O|polarizability|Ster_B5,0.618170061840613,0.20006177264568115,0.33327157782231376,LOOCV,ln(kobs)_MeCN = -36.40 - 58.32*Ar_NBO_=O - 0.00*polarizability + 0.06*Ster_B5
indigo_aryl_alkyl,ln(kobs)_MeCN,3,Ar_NBO_-O|Ar_I_C=O|Ster_B1,0.501568456413775,0.19928655922748417,0.3807729148788353,LOOCV,ln(kobs)_MeCN = -63.88 - 87.19*Ar_NBO_-O + 0.00*Ar_I_C=O + 0.48*Ster_B1
indigo_aryl_alkyl,ln(kobs)_MeCN,3,Ar_v_C=O|LUMO|Occupancy_C1-O,0.5507412134554883,0.1969817898921674,0.361502727951438,LOOCV,ln(kobs)_MeCN = 247.60 - 0.05*Ar_v_C=O + 8.04*LUMO - 77.68*Occupancy_C1-O
indigo_aryl_alkyl,ln(kobs)_MeCN,3,Ar_v_C=O|Ster_B5|Occupancy_C1-O,0.5289810365086504,0.19659342030813576,0.3701540327016312,LOOCV,ln(kobs)_MeCN = 228.22 - 0.07*Ar_v_C=O + 0.02*Ster_B5 - 52.57*Occupancy_C1-O
indigo_aryl_alkyl,ln(kobs)_MeCN,3,Ar_NBO_=O|Ar_NBO_-O|LUMO,0.647875389118888,0.19464789095404222,0.3200453186274307,LOOCV,ln(kobs)_MeCN = -0.14 - 71.48*Ar_NBO_=O + 62.76*Ar_NBO_-O + 5.98*LUMO
indigo_aryl_alkyl,ln(kobs)_MeCN,3,LUMO|Ar_I_C=O|Ster_B5,0.42242496613469616,0.19339032210486373,0.40989016242048304,LOOCV,ln(kobs)_MeCN = -1.02 + 18.64*LUMO + 0.00*Ar_I_C=O + 0.05*Ster_B5
indigo_aryl_alkyl,ln(kobs)_MeCN,3,Ar_NBO_=O|Ar_I_C=O|L_C1-C2,0.620969895393515,0.19335167240280604,0.33204744412989284,LOOCV,ln(kobs)_MeCN = -57.69 - 56.17*Ar_NBO_=O + 0.00*Ar_I_C=O + 14.94*L_C1-C2
indigo_aryl_alkyl,ln(kobs)_MeCN,3,HOMO|LUMO|Energy_C1-O,0.6020371214226048,0.19014783165648363,0.34023937412147837,LOOCV,ln(kobs)_MeCN = 3.12 + 14.11*HOMO + 8.74*LUMO - 0.21*Energy_C1-O
indigo_aryl_alkyl,ln(kobs)_MeCN,3,Ar_NBO_C1_x|Ster_L|Ar_I_C=O,0.4526489374458076,0.18831680530523798,0.3990214769238796,LOOCV,ln(kobs)_MeCN = -34.02 + 38.07*Ar_NBO_C1_x + 0.05*Ster_L + 0.00*Ar_I_C=O
indigo_aryl_alkyl,ln(kobs)_MeCN,3,Ar_NBO_-O|Ar_NBO_C1_x|Ster_B5,0.5601215463885587,0.18758603546227626,0.35770880779951375,LOOCV,ln(kobs)_MeCN = -80.87 - 82.01*Ar_NBO_-O + 26.94*Ar_NBO_C1_x + 0.07*Ster_B5
indigo_aryl_alkyl,ln(kobs)_MeCN,3,LUMO|Entry|polarizability,0.481800602533372,0.18014388519770763,0.3882502471492219,LOOCV,ln(kobs)_MeCN = -1.17 + 17.25*LUMO + 0.01*Entry + 0.00*polarizability
indigo_aryl_alkyl,ln(kobs)_MeCN,3,LUMO|polarizability|Ster_B5,0.48485337236489157,0.17857155812490588,0.38710494535898815,LOOCV,ln(kobs)_MeCN = -1.05 + 18.42*LUMO + 0.00*polarizability - 0.05*Ster_B5
indigo_aryl_alkyl,ln(kobs)_MeCN,3,LUMO|Entry|Ster_B1,0.45449679072192906,0.1755815588358669,0.3983473606624952,LOOCV,ln(kobs)_MeCN = -1.51 + 16.73*LUMO + 0.02*Entry + 0.32*Ster_B1
indigo_aryl_alkyl,ln(kobs)_MeCN,3,Ar_NBO_-O|LUMO|Ster_B1,0.5404047170033867,0.17464991735487667,0.36563778585328305,LOOCV,ln(kobs)_MeCN = -48.51 - 66.63*Ar_NBO_-O + 9.60*LUMO + 0.43*Ster_B1
indigo_aryl_alkyl,ln(kobs)_MeCN,3,Ar_v_C=O|Ar_I_C=O|Energy_C1-O,0.5313554565425052,0.17027313167678315,0.3692198754158675,LOOCV,ln(kobs)_MeCN = 124.59 - 0.07*Ar_v_C=O + 0.00*Ar_I_C=O - 0.76*Energy_C1-O
indigo_aryl_alkyl,ln(kobs)_MeCN,3,HOMO|Ster_L|Ster_B1,0.5795155632611333,0.16998608684663652,0.34973431968306085,LOOCV,ln(kobs)_MeCN = 3.33 + 17.18*HOMO + 0.01*Ster_L + 0.27*Ster_B1
indigo_aryl_alkyl,ln(kobs)_MeCN,3,Ar_NBO_-O|Ster_B1|Ster_B5,0.5146676759465891,0.1644878992192561,0.3757360777955949,LOOCV,ln(kobs)_MeCN = -69.38 - 95.67*Ar_NBO_-O + 0.37*Ster_B1 + 0.05*Ster_B5
indigo_aryl_alkyl,ln(kobs)_MeCN,3,LUMO|Entry|Ar_I_C=O,0.43131506387612883,0.1637812518772288,0.40672339236654137,LOOCV,ln(kobs)_MeCN = -1.11 + 16.46*LUMO + 0.02*Entry + 0.00*Ar_I_C=O
indigo_aryl_alkyl,ln(kobs)_MeCN,3,Ar_NBO_-O|Ster_L|Entry,0.5333073470638219,0.16360387186611647,0.36845017826345045,LOOCV,ln(kobs)_MeCN = -56.86 - 78.16*Ar_NBO_-O + 0.04*Ster_L + 0.02*Entry
indigo_aryl_alkyl,ln(kobs)_MeCN,3,Ar_NBO_=O|Ar_NBO_-O|L_C1-C2,0.6348960523371547,0.16303175624260935,0.32589038956024075,LOOCV,ln(kobs)_MeCN = -24.89 - 79.52*Ar_NBO_=O + 53.36*Ar_NBO_-O + 8.81*L_C1-C2
indigo_aryl_alkyl,ln(kobs)_MeCN,3,Ar_NBO_=O|Ar_NBO_C1_x|L_C1-C2,0.6616433534946857,0.16062326680108652,0.3137260958724621,LOOCV,ln(kobs)_MeCN = -27.54 - 39.78*Ar_NBO_=O + 30.91*Ar_NBO_C1_x - 15.25*L_C1-C2
indigo_aryl_alkyl,ln(kobs)_MeCN,3,Ar_NBO_=O|L_C1-C2|Occupancy_C1-O,0.6282265392211508,0.160182537777812,0.3288535096199622,LOOCV,ln(kobs)_MeCN = -247.26 - 62.83*Ar_NBO_=O + 14.86*L_C1-C2 + 93.28*Occupancy_C1-O
indigo_aryl_alkyl,ln(kobs)_MeCN,3,Ar_NBO_C1_x|Ar_I_C=O|polarizability,0.4412428745251903,0.16010700465632766,0.4031575768580924,LOOCV,ln(kobs)_MeCN = -38.28 + 43.76*Ar_NBO_C1_x + 0.00*Ar_I_C=O + 0.00*polarizability
indigo_aryl_alkyl,ln(kobs)_MeCN,3,LUMO|polarizability|Ster_B1,0.47436531999199805,0.15963879015129712,0.3910256931786415,LOOCV,ln(kobs)_MeCN = -1.19 + 18.42*LUMO + 0.00*polarizability + 0.09*Ster_B1
indigo_aryl_alkyl,ln(kobs)_MeCN,3,Ar_NBO_=O|L_C1-C2|Energy_C1-O,0.6325534743374543,0.15862496398975112,0.3269342059937947,LOOCV,ln(kobs)_MeCN = -52.70 - 57.20*Ar_NBO_=O + 10.69*L_C1-C2 - 0.97*Energy_C1-O
indigo_aryl_alkyl,ln(kobs)_MeCN,3,Ar_v_C=O|Ar_NBO_-O|Ar_I_C=O,0.5376091884043731,0.15790055457823826,0.36674811194199447,LOOCV,ln(kobs)_MeCN = 74.41 - 0.05*Ar_v_C=O - 32.15*Ar_NBO_-O + 0.00*Ar_I_C=O
indigo_aryl_alkyl,ln(kobs)_MeCN,3,Ar_v_C=O|polarizability|Occupancy_C1-O,0.5287692226840859,0.15687889302150015,0.3702372511439904,LOOCV,ln(kobs)_MeCN = 197.18 - 0.07*Ar_v_C=O + 0.00*polarizability - 37.90*Occupancy_C1-O
indigo_aryl_alkyl,ln(kobs)_MeCN,3,Ar_v_C=O|Ar_NBO_-O|Entry,0.5622287272140356,0.15635873242460652,0.3568510003786959,LOOCV,ln(kobs)_MeCN = 41.42 - 0.04*Ar_v_C=O - 43.69*Ar_NBO_-O + 0.02*Entry
indigo_aryl_alkyl,ln(kobs)_MeCN,3,Ar_NBO_-O|Ster_L|Ster_B1,0.49116351575345496,0.15616647659285432,0.3847267737848944,LOOCV,ln(kobs)_MeCN = -67.03 - 92.26*Ar_NBO_-O + 0.02*Ster_L + 0.44*Ster_B1
indigo_aryl_alkyl,ln(kobs)_MeCN,3,LUMO|Entry|Occupancy_C1-O,0.48989330942577314,0.15492128104344405,0.38520667037617407,LOOCV,ln(kobs)_MeCN = 360.79 + 16.74*LUMO + 0.02*Entry - 181.41*Occupancy_C1-O
indigo_aryl_alkyl,ln(kobs)_MeCN,4,kobs_toluene|Ar_NBO_C1_x|Entry|Energy_C1-O,0.880767648798165,0.14943484010843366,0.1862345882458913,LOOCV,ln(kobs)_MeCN = -10.19 + 9.51*kobs_toluene + 12.33*Ar_NBO_C1_x + 0.01*Entry + 2.16*Energy_C1-O
indigo_aryl_alkyl,ln(kobs)_MeCN,3,Ar_v_C=O|Ar_NBO_-O|Ster_L,0.5672939770792267,0.1446912931430554,0.35478051447067127,LOOCV,ln(kobs)_MeCN = 82.97 - 0.05*Ar_v_C=O - 19.62*Ar_NBO_-O + 0.06*Ster_L
indigo_aryl_alkyl,ln(kobs)_MeCN,3,LUMO|Entry|Ster_B5,0.4402391023836294,0.1442860748873791,0.40351953802521945,LOOCV,ln(kobs)_MeCN = -1.01 + 17.32*LUMO + 0.02*Entry + 0.03*Ster_B5
indigo_aryl_alkyl,ln(kobs)_MeCN,3,LUMO|Ar_I_C=O|Occupancy_C1-O,0.44923857281667845,0.14388906801788615,0.4002626324765319,LOOCV,ln(kobs)_MeCN = 335.88 + 18.45*LUMO + 0.00*Ar_I_C=O - 168.92*Occupancy_C1-O
indigo_aryl_alkyl,ln(kobs)_MeCN,3,Ar_NBO_=O|Ar_v_C=O|L_C1-C2,0.6942386980406245,0.14310425942539506,0.2982322111786077,LOOCV,ln(kobs)_MeCN = 130.89 + 0.57*Ar_NBO_=O - 0.13*Ar_v_C=O + 69.85*L_C1-C2
indigo_aryl_alkyl,ln(kobs)_MeCN,3,HOMO|Entry|Ster_B1,0.5813482368605629,0.13997671448144644,0.3489713321436042,LOOCV,ln(kobs)_MeCN = 3.25 + 16.90*HOMO + 0.01*Entry + 0.29*Ster_B1
indigo_aryl_alkyl,ln(kobs)_MeCN,3,HOMO|polarizability|Energy_C1-O,0.5973382683720279,0.13823257493891716,0.34224212788553493,LOOCV,ln(kobs)_MeCN = 4.68 + 23.25*HOMO - 0.00*polarizability - 1.56*Energy_C1-O
indigo_aryl_alkyl,ln(kobs)_MeCN,3,Ar_NBO_-O|Ar_NBO_C1_x|Ster_L,0.5113859921162323,0.13600335436954814,0.3770042497120987,LOOCV,ln(kobs)_MeCN = -75.07 - 77.63*Ar_NBO_-O + 23.59*Ar_NBO_C1_x + 0.03*Ster_L
indigo_aryl_alkyl,ln(kobs)_MeCN,3,Ar_NBO_-O|Entry|Ar_I_C=O,0.5180368329088423,0.1302982331043916,0.3744296343557873,LOOCV,ln(kobs)_MeCN = -63.66 - 88.43*Ar_NBO_-O + 0.03*Entry - 0.00*Ar_I_C=O
indigo_aryl_alkyl,ln(kobs)_MeCN,3,Ar_NBO_-O|Ar_NBO_C1_x|Occupancy_C1-O,0.526796678445414,0.12659665845917834,0.37101133756748916,LOOCV,ln(kobs)_MeCN = -349.96 - 92.45*Ar_NBO_-O + 31.56*Ar_NBO_C1_x + 129.56*Occupancy_C1-O
indigo_aryl_alkyl,ln(kobs)_MeCN,3,Ar_NBO_-O|Ster_L|Ar_I_C=O,0.4787975598583004,0.12566910682908006,0.38937360599130033,LOOCV,ln(kobs)_MeCN = -53.75 - 73.11*Ar_NBO_-O + 0.06*Ster_L + 0.00*Ar_I_C=O
indigo_aryl_alkyl,ln(kobs)_MeCN,3,Ar_v_C=O|LUMO|Energy_C1-O,0.5516283136329834,0.12279614752458956,0.3611456424504868,LOOCV,ln(kobs)_MeCN = 100.57 - 0.06*Ar_v_C=O + 6.76*LUMO - 0.76*Energy_C1-O
indigo_aryl_alkyl,ln(kobs)_MeCN,3,Ar_NBO_-O|Ster_B1|Occupancy_C1-O,0.49171351057079893,0.1168141291573751,0.3845187944561043,LOOCV,ln(kobs)_MeCN = -141.64 - 98.98*Ar_NBO_-O + 0.49*Ster_B1 + 35.07*Occupancy_C1-O
indigo_aryl_alkyl,ln(kobs)_MeCN,3,Ar_NBO_=O|L_C1-C2|Ster_B5,0.6159560836781051,0.11476956782974934,0.33423639150947043,LOOCV,ln(kobs)_MeCN = -53.52 - 57.85*Ar_NBO_=O + 11.67*L_C1-C2 + 0.00*Ster_B5
indigo_aryl_alkyl,ln(kobs)_MeCN,3,Ar_NBO_=O|Ster_L|L_C1-C2,0.6159739965184641,0.11354635374380717,0.33422859657680215,LOOCV,ln(kobs)_MeCN = -54.97 - 58.68*Ar_NBO_=O - 0.00*Ster_L + 12.33*L_C1-C2
indigo_aryl_alkyl,ln(kobs)_MeCN,3,Ar_v_C=O|Ar_NBO_-O|Occupancy_C1-O,0.5371263058955988,0.1122443794963186,0.36693956258495847,LOOCV,ln(kobs)_MeCN = 73.56 - 0.05*Ar_v_C=O - 32.71*Ar_NBO_-O + 1.35*Occupancy_C1-O
indigo_aryl_alkyl,ln(kobs)_MeCN,3,Ar_NBO_-O|Entry|Ster_B5,0.5296832386480511,0.1121661476451642,0.3698780141966843,LOOCV,ln(kobs)_MeCN = -64.35 - 89.21*Ar_NBO_-O + 0.02*Entry + 0.03*Ster_B5
indigo_aryl_alkyl,ln(kobs)_MeCN,3,Ar_NBO_-O|Entry|Occupancy_C1-O,0.518190228241131,0.11019158126213424,0.3743700443986317,LOOCV,ln(kobs)_MeCN = -93.10 - 89.05*Ar_NBO_-O + 0.03*Entry + 14.53*Occupancy_C1-O
indigo_aryl_alkyl,ln(kobs)_MeCN,3,Ar_NBO_=O|polarizability|L_C1-C2,0.6208623586802438,0.10843773365337983,0.33209454429164675,LOOCV,ln(kobs)_MeCN = -60.28 - 62.25*Ar_NBO_=O - 0.00*polarizability + 14.53*L_C1-C2
indigo_aryl_alkyl,ln(kobs)_MeCN,3,Ar_NBO_C1_x|Ar_I_C=O|Ster_B5,0.4349772482063482,0.10833202653954421,0.40541168030550545,LOOCV,ln(kobs)_MeCN = -40.36 + 46.37*Ar_NBO_C1_x + 0.00*Ar_I_C=O + 0.02*Ster_B5
indigo_aryl_alkyl,ln(kobs)_MeCN,3,Ar_v_C=O|Ar_NBO_-O|Energy_C1-O,0.5570827364774521,0.10746274334897388,0.35894226010160085,LOOCV,ln(kobs)_MeCN = 56.12 - 0.05*Ar_v_C=O - 42.31*Ar_NBO_-O - 1.10*Energy_C1-O
indigo_aryl_alkyl,ln(kobs)_MeCN,3,Ar_NBO_C1_x|polarizability|Ster_B1,0.3165951722911966,0.1059074614336536,0.44586389971580187,LOOCV,ln(kobs)_MeCN = -32.80 + 38.22*Ar_NBO_C1_x + 0.00*polarizability + 0.16*Ster_B1
indigo_aryl_alkyl,ln(kobs)_MeCN,3,Ar_NBO_-O|polarizability|Ster_B1,0.4900816433963596,0.10536963686997958,0.3851355536857527,LOOCV,ln(kobs)_MeCN = -68.89 - 94.97*Ar_NBO_-O + 0.00*polarizability + 0.48*Ster_B1
indigo_aryl_alkyl,ln(kobs)_MeCN,3,Ar_NBO_-O|Ar_NBO_C1_x|polarizability,0.5203062588244424,0.10275892797357034,0.37354705345381156,LOOCV,ln(kobs)_MeCN = -75.74 - 76.61*Ar_NBO_-O + 25.41*Ar_NBO_C1_x + 0.00*polarizability
indigo_aryl_alkyl,ln(kobs)_MeCN,3,Ster_L|Ar_I_C=O|Ster_B1,0.3292017889534927,0.09952315338343876,0.44173238169769,LOOCV,ln(kobs)_MeCN = -3.79 + 0.11*Ster_L + 0.00*Ar_I_C=O + 0.07*Ster_B1
indigo_aryl_alkyl,ln(kobs)_MeCN,3,Ster_L|Entry|polarizability,0.3522572769854143,0.0979983720255363,0.4340747865406849,LOOCV,ln(kobs)_MeCN = -3.01 + 0.19*Ster_L + 0.04*Entry - 0.00*polarizability
indigo_aryl_alkyl,ln(kobs)_MeCN,3,Ster_L|Entry|Ar_I_C=O,0.364501655374172,0.09714307045310788,0.42995252207096396,LOOCV,ln(kobs)_MeCN = -3.44 + 0.11*Ster_L + 0.02*Entry + 0.00*Ar_I_C=O
indigo_aryl_alkyl,ln(kobs)_MeCN,3,Ar_NBO_C1_x|Entry|L_C1-C2,0.6647033699473979,0.09449390209917741,0.3123042420179978,LOOCV,ln(kobs)_MeCN = 13.63 + 66.10*Ar_NBO_C1_x + 0.03*Entry - 46.20*L_C1-C2
indigo_aryl_alkyl,ln(kobs)_MeCN,3,Ar_NBO_-O|Entry|polarizability,0.5201494777955653,0.09298982063361527,0.37360809271890855,LOOCV,ln(kobs)_MeCN = -61.61 - 85.36*Ar_NBO_-O + 0.03*Entry + 0.00*polarizability
indigo_aryl_alkyl,ln(kobs)_MeCN,3,HOMO|L_C1-C2|Ster_B5,0.62609409876484,0.08995760175785139,0.3297952898875326,LOOCV,ln(kobs)_MeCN = -11.56 + 25.00*HOMO + 12.38*L_C1-C2 - 0.10*Ster_B5
indigo_aryl_alkyl,ln(kobs)_MeCN,3,Ster_L|Entry|Ster_B5,0.3402373658207223,0.08935908520513769,0.4380837527773672,LOOCV,ln(kobs)_MeCN = -2.77 + 0.13*Ster_L + 0.03*Entry - 0.04*Ster_B5
indigo_aryl_alkyl,ln(kobs)_MeCN,3,Ar_v_C=O|Ster_B5|Energy_C1-O,0.5308198020108221,0.08879861562644731,0.36943082187959386,LOOCV,ln(kobs)_MeCN = 127.45 - 0.07*Ar_v_C=O + 0.01*Ster_B5 - 0.68*Energy_C1-O
indigo_aryl_alkyl,ln(kobs)_MeCN,3,Ar_NBO_-O|LUMO|Entry,0.5446639522660907,0.0854742594899981,0.3639395936321781,LOOCV,ln(kobs)_MeCN = -48.44 - 67.18*Ar_NBO_-O + 7.39*LUMO + 0.02*Entry
indigo_aryl_alkyl,ln(kobs)_MeCN,3,Ster_L|Ar_I_C=O|polarizability,0.3539322524321018,0.07954992623344836,0.43351319378547937,LOOCV,ln(kobs)_MeCN = -4.17 + 0.20*Ster_L + 0.00*Ar_I_C=O - 0.00*polarizability
indigo_aryl_alkyl,ln(kobs)_MeCN,3,Ster_L|Entry|Ster_B1,0.32795596682157513,0.07515501503891464,0.4421423892742322,LOOCV,ln(kobs)_MeCN = -2.67 + 0.12*Ster_L + 0.03*Entry - 0.08*Ster_B1
indigo_aryl_alkyl,ln(kobs)_MeCN,3,Ar_NBO_C1_x|Ar_I_C=O|Occupancy_C1-O,0.43085934668533477,0.07395264201318807,0.40688632416941756,LOOCV,ln(kobs)_MeCN = -82.92 + 47.67*Ar_NBO_C1_x + 0.00*Ar_I_C=O + 20.79*Occupancy_C1-O
indigo_aryl_alkyl,ln(kobs)_MeCN,3,Ar_v_C=O|Ar_NBO_-O|LUMO,0.5525662975221322,0.0707288668335101,0.36076769023594535,LOOCV,ln(kobs)_MeCN = 61.92 - 0.04*Ar_v_C=O - 26.85*Ar_NBO_-O + 5.87*LUMO
indigo_aryl_alkyl,ln(kobs)_MeCN,3,Ar_NBO_C1_x|Ster_L|Ster_B1,0.31385780062147517,0.06903585572225523,0.44675595917253824,LOOCV,ln(kobs)_MeCN = -27.90 + 31.71*Ar_NBO_C1_x + 0.08*Ster_L + 0.16*Ster_B1
indigo_aryl_alkyl,ln(kobs)_MeCN,3,Ster_L|Ar_I_C=O|Ster_B5,0.3403296665125949,0.06748014531596302,0.438053107780431,LOOCV,ln(kobs)_MeCN = -3.86 + 0.14*Ster_L + 0.00*Ar_I_C=O - 0.04*Ster_B5
indigo_aryl_alkyl,ln(kobs)_MeCN,3,Ar_NBO_=O|Ar_v_C=O|Ster_B1,0.6356326748761261,0.060884263246693826,0.3255614703393672,LOOCV,ln(kobs)_MeCN = -13.89 - 46.45*Ar_NBO_=O - 0.01*Ar_v_C=O + 0.33*Ster_B1
indigo_aryl_alkyl,ln(kobs)_MeCN,3,Ar_NBO_-O|LUMO|Ar_I_C=O,0.4966971581548041,0.05381605349925245,0.3826290859740789,LOOCV,ln(kobs)_MeCN = -45.51 - 63.23*Ar_NBO_-O + 10.26*LUMO + 0.00*Ar_I_C=O
indigo_aryl_alkyl,ln(kobs)_MeCN,3,Ar_NBO_-O|Ster_L|Ster_B5,0.4885219830698758,0.05218699718390074,0.3857241008710031,LOOCV,ln(kobs)_MeCN = -65.83 - 91.22*Ar_NBO_-O + 0.03*Ster_L + 0.05*Ster_B5
indigo_aryl_alkyl,ln(kobs)_MeCN,3,Ar_NBO_C1_x|Ster_L|polarizability,0.31672319174692676,0.05073676268180349,0.4458221368215307,LOOCV,ln(kobs)_MeCN = -29.51 + 34.13*Ar_NBO_C1_x + 0.04*Ster_L + 0.00*polarizability
indigo_aryl_alkyl,ln(kobs)_MeCN,3,Ar_NBO_-O|LUMO|Ster_B5,0.5370733386472715,0.04640015725028401,0.3669605566738389,LOOCV,ln(kobs)_MeCN = -48.64 - 67.59*Ar_NBO_-O + 9.79*LUMO + 0.06*Ster_B5
indigo_aryl_alkyl,ln(kobs)_MeCN,3,Ar_NBO_=O|HOMO|Ar_v_C=O,0.6524770109764617,0.04430767635435773,0.3179472393587673,LOOCV,ln(kobs)_MeCN = -22.09 - 35.43*Ar_NBO_=O + 8.63*HOMO + 0.00*Ar_v_C=O
indigo_aryl_alkyl,ln(kobs)_MeCN,3,Ar_NBO_-O|LUMO|polarizability,0.5315036438760888,0.042143581737330016,0.3691614963784213,LOOCV,ln(kobs)_MeCN = -36.98 - 51.03*Ar_NBO_-O + 11.84*LUMO + 0.00*polarizability
indigo_aryl_alkyl,ln(kobs)_MeCN,3,Ar_NBO_-O|LUMO|Occupancy_C1-O,0.49771247041428557,0.038762527966295424,0.3822429525257064,LOOCV,ln(kobs)_MeCN = 59.61 - 56.94*Ar_NBO_-O + 11.98*LUMO - 50.37*Occupancy_C1-O
indigo_aryl_alkyl,ln(kobs)_MeCN,3,Ar_v_C=O|Ar_NBO_-O|Ster_B5,0.5499591908286672,0.03721647321234001,0.3618172241875275,LOOCV,ln(kobs)_MeCN = 54.42 - 0.05*Ar_v_C=O - 42.02*Ar_NBO_-O + 0.03*Ster_B5
indigo_aryl_alkyl,ln(kobs)_MeCN,3,Ster_L|polarizability|Ster_B1,0.22882855202581298,0.03630926486076336,0.47362951672169423,LOOCV,ln(kobs)_MeCN = -2.78 + 0.15*Ster_L - 0.00*polarizability + 0.05*Ster_B1
indigo_aryl_alkyl,ln(kobs)_MeCN,3,Ar_v_C=O|Ar_NBO_-O|polarizability,0.5429491128935005,0.03330881183945833,0.3646242653687633,LOOCV,ln(kobs)_MeCN = 70.23 - 0.05*Ar_v_C=O - 32.16*Ar_NBO_-O + 0.00*polarizability
indigo_aryl_alkyl,ln(kobs)_MeCN,3,Ster_L|Ster_B1|Ster_B5,0.22770308194814715,0.030910115330558985,0.473975005071174,LOOCV,ln(kobs)_MeCN = -2.70 + 0.14*Ster_L + 0.03*Ster_B1 + 0.00*Ster_B5
indigo_aryl_alkyl,ln(kobs)_MeCN,3,Ar_NBO_C1_x|Ster_B1|Ster_B5,0.31557127428458087,0.030394498454021535,0.446197778168859,LOOCV,ln(kobs)_MeCN = -36.14 + 42.19*Ar_NBO_C1_x + 0.28*Ster_B1 + 0.05*Ster_B5
indigo_aryl_alkyl,ln(kobs)_MeCN,3,Ar_NBO_=O|Ar_v_C=O|Entry,0.6426976166864367,0.027875591402615085,0.3223897649139814,LOOCV,ln(kobs)_MeCN = -45.79 - 52.92*Ar_NBO_=O + 0.01*Ar_v_C=O + 0.02*Entry
indigo_aryl_alkyl,ln(kobs)_MeCN,3,Ster_L|Entry|Occupancy_C1-O,0.33794365917985203,0.027843752548271428,0.4388446050385704,LOOCV,ln(kobs)_MeCN = 171.02 + 0.10*Ster_L + 0.03*Entry - 87.08*Occupancy_C1-O
indigo_aryl_alkyl,ln(kobs)_MeCN,4,kobs_toluene|Ar_NBO_=O|polarizability|L_C1-C2,0.8902901047706487,0.02449396005673532,0.17864307643992572,LOOCV,ln(kobs)_MeCN = -34.72 + 7.09*kobs_toluene - 32.95*Ar_NBO_=O - 0.00*polarizability + 8.71*L_C1-C2
indigo_aryl_alkyl,ln(kobs)_MeCN,3,Ster_L|polarizability|Ster_B5,0.23657573330027692,0.022899225438382187,0.4712444726843957,LOOCV,ln(kobs)_MeCN = -2.96 + 0.20*Ster_L - 0.00*polarizability + 0.06*Ster_B5
indigo_aryl_alkyl,ln(kobs)_MeCN,3,Ar_NBO_-O|Ster_L|Occupancy_C1-O,0.47601581708055074,0.022612857413709997,0.3904112986004467,LOOCV,ln(kobs)_MeCN = -262.66 - 89.79*Ar_NBO_-O + 0.07*Ster_L + 99.12*Occupancy_C1-O
indigo_aryl_alkyl,ln(kobs)_MeCN,3,Ar_NBO_-O|Ar_I_C=O|Occupancy_C1-O,0.44642020385602976,0.018319051279595877,0.40128544220454976,LOOCV,ln(kobs)_MeCN = -150.04 - 92.69*Ar_NBO_-O + 0.00*Ar_I_C=O + 41.69*Occupancy_C1-O
indigo_aryl_alkyl,ln(kobs)_MeCN,3,Ar_v_C=O|Occupancy_C1-O|Energy_C1-O,0.5364909423037258,0.012999521079111398,0.3671913160237417,LOOCV,ln(kobs)_MeCN = 246.62 - 0.07*Ar_v_C=O - 61.70*Occupancy_C1-O - 0.89*Energy_C1-O
indigo_aryl_alkyl,ln(kobs)_MeCN,3,Ar_NBO_=O|Ar_v_C=O|Energy_C1-O,0.6255320633525029,0.010234749979776803,0.3300430621597499,LOOCV,ln(kobs)_MeCN = -17.50 - 48.55*Ar_NBO_=O - 0.01*Ar_v_C=O - 0.98*Energy_C1-O
indigo_aryl_alkyl,ln(kobs)_MeCN,3,Ar_v_C=O|polarizability|Energy_C1-O,0.5306369905484095,0.006877346265653395,0.3695027874182882,LOOCV,ln(kobs)_MeCN = 126.91 - 0.07*Ar_v_C=O + 0.00*polarizability - 0.66*Energy_C1-O
indigo_aryl_alkyl,ln(kobs)_MeCN,3,Ar_NBO_-O|Ster_B5|Occupancy_C1-O,0.4852668342613006,0.006114677370940957,0.3869495670024266,LOOCV,ln(kobs)_MeCN = -121.75 - 99.81*Ar_NBO_-O + 0.06*Ster_B5 + 25.11*Occupancy_C1-O
indigo_aryl_alkyl,ln(kobs)_MeCN,3,Ar_NBO_C1_x|Ster_L|Ster_B5,0.32233583455173087,0.005682340647008788,0.44398730199895553,LOOCV,ln(kobs)_MeCN = -29.93 + 34.51*Ar_NBO_C1_x + 0.06*Ster_L + 0.04*Ster_B5
indigo_aryl_alkyl,ln(kobs)_MeCN,3,Entry|Ster_B1|Occupancy_C1-O,0.29731015798397487,0.004365550550049724,0.45211105526003,LOOCV,ln(kobs)_MeCN = 386.88 + 0.04*Entry + 0.38*Ster_B1 - 195.29*Occupancy_C1-O
indigo_aryl_alkyl,ln(kobs)_MeCN,3,Ar_NBO_-O|Ar_I_C=O|polarizability,0.46169887639577234,0.002880005549603548,0.3957090038442559,LOOCV,ln(kobs)_MeCN = -60.42 - 83.34*Ar_NBO_-O + 0.00*Ar_I_C=O + 0.00*polarizability
indigo_aryl_alkyl,ln(kobs)_MeCN,3,Ar_NBO_C1_x|polarizability|Ster_B5,0.31288146152242824,0.0026856188762364175,0.44707369961686383,LOOCV,ln(kobs)_MeCN = -33.45 + 39.31*Ar_NBO_C1_x + 0.00*polarizability + 0.01*Ster_B5
indigo_aryl_alkyl,ln(kobs)_MeCN,3,Ster_L|Ar_I_C=O|Occupancy_C1-O,0.32939167775298595,-0.0012001231038745175,0.4416698547206626,LOOCV,ln(kobs)_MeCN = 45.13 + 0.12*Ster_L + 0.00*Ar_I_C=O - 24.47*Occupancy_C1-O
indigo_aryl_alkyl,ln(kobs)_MeCN,3,Entry|polarizability|Ster_B5,0.27561762926656963,-0.004664328576199361,0.4590365059601762,LOOCV,ln(kobs)_MeCN = -2.08 + 0.03*Entry + 0.01*polarizability - 0.10*Ster_B5
indigo_aryl_alkyl,ln(kobs)_MeCN,3,Ar_v_C=O|Ster_L|Energy_C1-O,0.5616225941133874,-0.006265076110837153,0.35709796083179945,LOOCV,ln(kobs)_MeCN = 114.00 - 0.06*Ar_v_C=O + 0.07*Ster_L + 0.00*Energy_C1-O
indigo_aryl_alkyl,ln(kobs)_MeCN,3,Ar_NBO_-O|Ar_I_C=O|Ster_B5,0.48473106397331434,-0.007578047633812091,0.3871508967160845,LOOCV,ln(kobs)_MeCN = -68.95 - 95.81*Ar_NBO_-O + 0.00*Ar_I_C=O + 0.06*Ster_B5
indigo_aryl_alkyl,ln(kobs)_MeCN,3,Ar_I_C=O|polarizability|Ster_B5,0.2664608574217867,-0.014600116335381497,0.4619286888574942,LOOCV,ln(kobs)_MeCN = -3.09 + 0.00*Ar_I_C=O + 0.01*polarizability - 0.10*Ster_B5
indigo_aryl_alkyl,ln(kobs)_MeCN,3,HOMO|LUMO|L_C1-C2,0.6196897970736828,-0.021484730987361367,0.3326076833981584,LOOCV,ln(kobs)_MeCN = -22.80 + 14.63*HOMO + 12.04*LUMO + 17.81*L_C1-C2
indigo_aryl_alkyl,ln(kobs)_MeCN,3,Ar_I_C=O|Ster_B1|Occupancy_C1-O,0.27884537693296074,-0.03118046931822227,0.45801266256636225,LOOCV,ln(kobs)_MeCN = 299.18 + 0.00*Ar_I_C=O + 0.53*Ster_B1 - 151.93*Occupancy_C1-O
indigo_aryl_alkyl,ln(kobs)_MeCN,3,LUMO|Ster_L|L_C1-C2,0.5911223781043605,-0.031240020506166477,0.34487360757744184,LOOCV,ln(kobs)_MeCN = -14.72 + 21.04*LUMO + 0.13*Ster_L + 8.78*L_C1-C2
indigo_aryl_alkyl,ln(kobs)_MeCN,3,Entry|Ar_I_C=O|polarizability,0.27498254865908656,-0.033626042462724826,0.4592376851483598,LOOCV,ln(kobs)_MeCN = -2.77 + 0.02*Entry + 0.00*Ar_I_C=O + 0.00*polarizability
indigo_aryl_alkyl,ln(kobs)_MeCN,3,Ar_NBO_C1_x|polarizability|Occupancy_C1-O,0.3136815711087929,-0.03511892505996439,0.44681332813360547,LOOCV,ln(kobs)_MeCN = 28.27 + 37.01*Ar_NBO_C1_x + 0.00*polarizability - 30.02*Occupancy_C1-O
indigo_aryl_alkyl,ln(kobs)_MeCN,3,Ar_NBO_-O|Ster_L|polarizability,0.4632625964776488,-0.03863099449883278,0.39513383493099385,LOOCV,ln(kobs)_MeCN = -60.34 - 83.31*Ar_NBO_-O + 0.06*Ster_L + 0.00*polarizability
indigo_aryl_alkyl,ln(kobs)_MeCN,3,Ar_NBO_C1_x|Ster_B1|Occupancy_C1-O,0.28976106464548756,-0.04650773973895661,0.45453311304763233,LOOCV,ln(kobs)_MeCN = 102.05 + 37.72*Ar_NBO_C1_x + 0.44*Ster_B1 - 67.53*Occupancy_C1-O
indigo_aryl_alkyl,ln(kobs)_MeCN,3,Entry|polarizability|Occupancy_C1-O,0.28959618647063035,-0.05185685091685688,0.4545858687031487,LOOCV,ln(kobs)_MeCN = 331.80 + 0.03*Entry + 0.00*polarizability - 167.42*Occupancy_C1-O
indigo_aryl_alkyl,ln(kobs)_MeCN,3,Entry|Ar_I_C=O|Ster_B1,0.28285017817236957,-0.05477092231931979,0.45673914697164636,LOOCV,ln(kobs)_MeCN = -3.44 + 0.02*Entry + 0.00*Ar_I_C=O + 0.39*Ster_B1
indigo_aryl_alkyl,ln(kobs)_MeCN,3,Entry|Ar_I_C=O|Occupancy_C1-O,0.29523434185900876,-0.05711832286656282,0.45277835346136325,LOOCV,ln(kobs)_MeCN = 329.18 + 0.03*Entry + 0.00*Ar_I_C=O - 166.37*Occupancy_C1-O
indigo_aryl_alkyl,ln(kobs)_MeCN,3,Ar_NBO_C1_x|Ster_L|Occupancy_C1-O,0.31015179000781024,-0.06591859738681793,0.4479608498393588,LOOCV,ln(kobs)_MeCN = -60.60 + 31.00*Ar_NBO_C1_x + 0.09*Ster_L + 16.76*Occupancy_C1-O
indigo_aryl_alkyl,ln(kobs)_MeCN,3,HOMO|Ar_I_C=O|L_C1-C2,0.559024694877221,-0.06827637059969915,0.35815450951679495,LOOCV,ln(kobs)_MeCN = 8.45 + 19.37*HOMO - 0.00*Ar_I_C=O - 2.37*L_C1-C2
indigo_aryl_alkyl,ln(kobs)_MeCN,3,Ar_NBO_C1_x|L_C1-C2|Ster_B5,0.6088647209777169,-0.068497517945737,0.337308110473276,LOOCV,ln(kobs)_MeCN = 35.33 + 65.94*Ar_NBO_C1_x - 60.70*L_C1-C2 + 0.07*Ster_B5
indigo_aryl_alkyl,ln(kobs)_MeCN,3,Ar_I_C=O|polarizability|Ster_B1,0.2505103302357904,-0.06907265309955668,0.46692391113906645,LOOCV,ln(kobs)_MeCN = -3.56 + 0.00*Ar_I_C=O + 0.00*polarizability + 0.34*Ster_B1
indigo_aryl_alkyl,ln(kobs)_MeCN,3,Ar_NBO_=O|Ar_v_C=O|Occupancy_C1-O,0.6141002726253028,-0.06918963367878339,0.33504298162305995,LOOCV,ln(kobs)_MeCN = -145.98 - 51.85*Ar_NBO_=O - 0.01*Ar_v_C=O + 63.46*Occupancy_C1-O
indigo_aryl_alkyl,ln(kobs)_MeCN,3,Ar_I_C=O|Ster_B1|Ster_B5,0.2380085825187107,-0.07034278081458134,0.4708020323351244,LOOCV,ln(kobs)_MeCN = -3.86 + 0.00*Ar_I_C=O + 0.51*Ster_B1 - 0.00*Ster_B5
indigo_aryl_alkyl,ln(kobs)_MeCN,3,Ar_NBO_=O|Ar_v_C=O|Ster_L,0.6117892588704401,-0.07088575024154231,0.3360447096735137,LOOCV,ln(kobs)_MeCN = 2.70 - 41.09*Ar_NBO_=O - 0.02*Ar_v_C=O + 0.02*Ster_L
indigo_aryl_alkyl,ln(kobs)_MeCN,3,Ar_NBO_-O|polarizability|Occupancy_C1-O,0.45780157226470675,-0.07359505001049316,0.39713888848070655,LOOCV,ln(kobs)_MeCN = -167.89 - 93.84*Ar_NBO_-O + 0.00*polarizability + 50.38*Occupancy_C1-O
indigo_aryl_alkyl,ln(kobs)_MeCN,3,Ar_NBO_C1_x|Ster_B5|Occupancy_C1-O,0.3062798826694155,-0.07683660163926676,0.4492162245219036,LOOCV,ln(kobs)_MeCN = 107.75 + 40.82*Ar_NBO_C1_x + 0.07*Ster_B5 - 71.38*Occupancy_C1-O
indigo_aryl_alkyl,ln(kobs)_MeCN,3,Ster_B1|Ster_B5|Occupancy_C1-O,0.18797297385038403,-0.08738572058120453,0.48601372168923385,LOOCV,ln(kobs)_MeCN = 409.51 + 0.46*Ster_B1 + 0.05*Ster_B5 - 206.63*Occupancy_C1-O
indigo_aryl_alkyl,ln(kobs)_MeCN,3,Ar_NBO_=O|Ar_v_C=O|Ster_B5,0.6091941996782522,-0.08747308260449582,0.3371660122556254,LOOCV,ln(kobs)_MeCN = -7.75 - 46.01*Ar_NBO_=O - 0.01*Ar_v_C=O + 0.01*Ster_B5
indigo_aryl_alkyl,ln(kobs)_MeCN,3,Ar_NBO_-O|polarizability|Ster_B5,0.4954280335915028,-0.09087632405374202,0.38311119951769546,LOOCV,ln(kobs)_MeCN = -78.47 - 109.63*Ar_NBO_-O - 0.00*polarizability + 0.12*Ster_B5
indigo_aryl_alkyl,ln(kobs)_MeCN,3,Entry|Ster_B5|Occupancy_C1-O,0.26954476827235907,-0.09285198624528057,0.4609566566768469,LOOCV,ln(kobs)_MeCN = 392.82 + 0.04*Entry + 0.03*Ster_B5 - 197.97*Occupancy_C1-O
indigo_aryl_alkyl,ln(kobs)_MeCN,3,Ar_I_C=O|polarizability|Occupancy_C1-O,0.25853450763306396,-0.09632368281484927,0.4644176974744831,LOOCV,ln(kobs)_MeCN = 241.09 + 0.00*Ar_I_C=O + 0.00*polarizability - 122.36*Occupancy_C1-O
indigo_aryl_alkyl,ln(kobs)_MeCN,3,polarizability|Ster_B1|Ster_B5,0.1642475639396126,-0.09858723642891642,0.49306266030014845,LOOCV,ln(kobs)_MeCN = -2.12 + 0.01*polarizability + 0.12*Ster_B1 - 0.05*Ster_B5
indigo_aryl_alkyl,ln(kobs)_MeCN,3,HOMO|Ster_L|L_C1-C2,0.5692886746949426,-0.10157851874701063,0.3539618324284594,LOOCV,ln(kobs)_MeCN = 9.44 + 16.05*HOMO + 0.04*Ster_L - 4.20*L_C1-C2
indigo_aryl_alkyl,ln(kobs)_MeCN,3,polarizability|Ster_B1|Occupancy_C1-O,0.19611197347793186,-0.10342626121715992,0.4835719141306663,LOOCV,ln(kobs)_MeCN = 311.34 + 0.00*polarizability + 0.29*Ster_B1 - 157.30*Occupancy_C1-O
indigo_aryl_alkyl,ln(kobs)_MeCN,3,Entry|Ar_I_C=O|Ster_B5,0.24669181281681896,-0.10563210638865916,0.4681118473867266,LOOCV,ln(kobs)_MeCN = -2.73 + 0.03*Entry + 0.00*Ar_I_C=O - 0.00*Ster_B5
indigo_aryl_alkyl,ln(kobs)_MeCN,3,Ster_L|Ster_B5|Occupancy_C1-O,0.23142078597107218,-0.1058065200568794,0.47283281191253146,LOOCV,ln(kobs)_MeCN = 108.62 + 0.13*Ster_L + 0.01*Ster_B5 - 55.77*Occupancy_C1-O
indigo_aryl_alkyl,ln(kobs)_MeCN,3,Ster_L|polarizability|Occupancy_C1-O,0.23015097849811084,-0.10708264643857301,0.4732232458726201,LOOCV,ln(kobs)_MeCN = 70.83 + 0.14*Ster_L - 0.00*polarizability - 36.85*Occupancy_C1-O
indigo_aryl_alkyl,ln(kobs)_MeCN,3,HOMO|polarizability|L_C1-C2,0.5782312377941603,-0.11001214030028561,0.35026802579600813,LOOCV,ln(kobs)_MeCN = -3.62 + 22.49*HOMO - 0.00*polarizability + 6.40*L_C1-C2
indigo_aryl_alkyl,ln(kobs)_MeCN,3,Entry|Ster_B1|Ster_B5,0.22812039021189,-0.11299370429477351,0.4738469322999874,LOOCV,ln(kobs)_MeCN = -2.51 + 0.03*Entry + 0.37*Ster_B1 + 0.00*Ster_B5
indigo_aryl_alkyl,ln(kobs)_MeCN,3,Ster_L|Ster_B1|Occupancy_C1-O,0.23116629837977642,-0.11324721098228818,0.4729110862934202,LOOCV,ln(kobs)_MeCN = 105.17 + 0.12*Ster_L + 0.09*Ster_B1 - 54.09*Occupancy_C1-O
indigo_aryl_alkyl,ln(kobs)_MeCN,3,Ar_NBO_=O|Ar_v_C=O|Ar_I_C=O,0.6088840024975033,-0.11385464019270342,0.33729979635088597,LOOCV,ln(kobs)_MeCN = -10.16 - 46.46*Ar_NBO_=O - 0.01*Ar_v_C=O + 0.00*Ar_I_C=O
indigo_aryl_alkyl,ln(kobs)_MeCN,3,Ar_NBO_=O|Ar_v_C=O|LUMO,0.6209781903406123,-0.11975159101791388,0.3320438107363723,LOOCV,ln(kobs)_MeCN = -23.36 - 44.52*Ar_NBO_=O - 0.00*Ar_v_C=O + 5.23*LUMO
indigo_aryl_alkyl,ln(kobs)_MeCN,3,HOMO|Entry|L_C1-C2,0.5623917348987175,-0.12195335082128644,0.3567845560104376,LOOCV,ln(kobs)_MeCN = 0.39 + 17.34*HOMO + 0.01*Entry + 2.35*L_C1-C2
indigo_aryl_alkyl,ln(kobs)_MeCN,3,Ar_NBO_C1_x|polarizability|L_C1-C2,0.5803465896299487,-0.1400979862581595,0.3493885492340653,LOOCV,ln(kobs)_MeCN = 34.38 + 60.82*Ar_NBO_C1_x + 0.00*polarizability - 57.25*L_C1-C2
indigo_aryl_alkyl,ln(kobs)_MeCN,3,Entry|polarizability|Ster_B1,0.24619731083013952,-0.148605313759411,0.4682654659629909,LOOCV,ln(kobs)_MeCN = -2.36 + 0.03*Entry + 0.00*polarizability + 0.18*Ster_B1
indigo_aryl_alkyl,ln(kobs)_MeCN,3,Ar_I_C=O|Ster_B5|Occupancy_C1-O,0.22430792867087557,-0.15344475345890207,0.47501570135644994,LOOCV,ln(kobs)_MeCN = 316.85 + 0.00*Ar_I_C=O + 0.04*Ster_B5 - 160.32*Occupancy_C1-O
indigo_aryl_alkyl,ln(kobs)_MeCN,3,polarizability|Ster_B5|Occupancy_C1-O,0.18483636053095565,-0.15600467133955798,0.48695147855628546,LOOCV,ln(kobs)_MeCN = 250.82 + 0.00*polarizability - 0.02*Ster_B5 - 126.74*Occupancy_C1-O
indigo_aryl_alkyl,ln(kobs)_MeCN,3,HOMO|L_C1-C2|Occupancy_C1-O,0.5702789753590856,-0.16618341981703733,0.35355467996366174,LOOCV,ln(kobs)_MeCN = 189.59 + 17.77*HOMO - 0.20*L_C1-C2 - 92.87*Occupancy_C1-O
indigo_aryl_alkyl,ln(kobs)_MeCN,3,Ar_NBO_=O|Ar_v_C=O|polarizability,0.6093882140284748,-0.16838649069160683,0.33708230934548195,LOOCV,ln(kobs)_MeCN = -10.58 - 48.39*Ar_NBO_=O - 0.01*Ar_v_C=O - 0.00*polarizability
indigo_aryl_alkyl,ln(kobs)_MeCN,3,Ar_NBO_C1_x|Ster_L|L_C1-C2,0.570497062389557,-0.1852797175550338,0.35346495259256483,LOOCV,ln(kobs)_MeCN = 37.10 + 56.72*Ar_NBO_C1_x + 0.05*Ster_L - 56.99*L_C1-C2
indigo_aryl_alkyl,ln(kobs)_MeCN,3,HOMO|Occupancy_C1-O|Energy_C1-O,0.5719380060198265,-0.1963779982999887,0.35287153293386525,LOOCV,ln(kobs)_MeCN = 203.42 + 17.51*HOMO - 100.16*Occupancy_C1-O - 0.32*Energy_C1-O
indigo_aryl_alkyl,ln(kobs)_MeCN,3,Ar_NBO_C1_x|Ar_I_C=O|L_C1-C2,0.5740462453299415,-0.19910812662734245,0.35200150020702387,LOOCV,ln(kobs)_MeCN = 20.21 + 63.03*Ar_NBO_C1_x + 0.00*Ar_I_C=O - 49.22*L_C1-C2
indigo_aryl_alkyl,ln(kobs)_MeCN,3,Ar_NBO_C1_x|L_C1-C2|Ster_B1,0.569287628034201,-0.22367991171023127,0.35396226250506435,LOOCV,ln(kobs)_MeCN = 34.41 + 63.15*Ar_NBO_C1_x - 58.73*L_C1-C2 + 0.30*Ster_B1
indigo_aryl_alkyl,ln(kobs)_MeCN,3,HOMO|Ar_NBO_-O|L_C1-C2,0.6244786108320175,-0.240004203660519,0.33050697439168847,LOOCV,ln(kobs)_MeCN = -54.15 + 14.05*HOMO - 54.92*Ar_NBO_-O + 12.54*L_C1-C2
indigo_aryl_alkyl,ln(kobs)_MeCN,3,HOMO|L_C1-C2|Ster_B1,0.5787599018937435,-0.2416875131889058,0.3500484360469827,LOOCV,ln(kobs)_MeCN = 4.42 + 17.51*HOMO - 0.65*L_C1-C2 + 0.31*Ster_B1
indigo_aryl_alkyl,ln(kobs)_MeCN,3,HOMO|Ster_L|Energy_C1-O,0.5701168148176271,-0.2643093709224138,0.3536213827862816,LOOCV,ln(kobs)_MeCN = 3.76 + 16.62*HOMO + 0.05*Ster_L + 0.39*Energy_C1-O
indigo_aryl_alkyl,ln(kobs)_MeCN,3,Ar_v_C=O|Entry|Energy_C1-O,0.5378228282067256,-0.2655317769624779,0.36666337729267195,LOOCV,ln(kobs)_MeCN = 120.06 - 0.07*Ar_v_C=O + 0.01*Entry - 0.51*Energy_C1-O
indigo_aryl_alkyl,ln(kobs)_MeCN,3,Ar_NBO_=O|Ar_v_C=O|Ar_NBO_-O,0.6303377643927586,-0.28932917385374335,0.3279184344153946,LOOCV,ln(kobs)_MeCN = 6.26 - 73.75*Ar_NBO_=O - 0.01*Ar_v_C=O + 56.91*Ar_NBO_-O
indigo_aryl_alkyl,ln(kobs)_MeCN,3,LUMO|Ster_L|Energy_C1-O,0.597749284873266,-0.3341520130664528,0.3420674116588347,LOOCV,ln(kobs)_MeCN = -0.96 + 19.43*LUMO + 0.15*Ster_L + 0.91*Energy_C1-O
indigo_aryl_alkyl,ln(kobs)_MeCN,3,Ar_NBO_-O|LUMO|Energy_C1-O,0.5294282196667389,-0.3363313425349954,0.3699782797401059,LOOCV,ln(kobs)_MeCN = -52.47 - 71.26*Ar_NBO_-O + 9.57*LUMO - 1.41*Energy_C1-O
indigo_aryl_alkyl,ln(kobs)_MeCN,3,Ar_NBO_-O|Ar_I_C=O|Energy_C1-O,0.48989167617288865,-0.3492135040695832,0.3852072870505028,LOOCV,ln(kobs)_MeCN = -68.63 - 92.81*Ar_NBO_-O + 0.00*Ar_I_C=O - 1.61*Energy_C1-O
indigo_aryl_alkyl,ln(kobs)_MeCN,3,Ar_NBO_C1_x|L_C1-C2|Occupancy_C1-O,0.5543562471160796,-0.3858800803894138,0.36004534510905223,LOOCV,ln(kobs)_MeCN = -99.91 + 70.46*Ar_NBO_C1_x - 62.86*L_C1-C2 + 67.76*Occupancy_C1-O
indigo_aryl_alkyl,ln(kobs)_MeCN,3,Ar_NBO_C1_x|L_C1-C2|Energy_C1-O,0.578171923439371,-0.41233559436897926,0.3502926544473266,LOOCV,ln(kobs)_MeCN = 34.93 + 65.93*Ar_NBO_C1_x - 61.15*L_C1-C2 - 1.30*Energy_C1-O
indigo_aryl_alkyl,ln(kobs)_MeCN,3,LUMO|polarizability|L_C1-C2,0.4800933607375686,-0.46471894907333544,0.3888892791607149,LOOCV,ln(kobs)_MeCN = -17.21 + 20.78*LUMO + 0.00*polarizability + 10.94*L_C1-C2
indigo_aryl_alkyl,ln(kobs)_MeCN,3,Ar_NBO_-O|Entry|L_C1-C2,0.5378944604500812,-0.5386349400543919,0.36663496184980154,LOOCV,ln(kobs)_MeCN = -98.65 - 100.41*Ar_NBO_-O + 0.03*Entry + 17.85*L_C1-C2
indigo_aryl_alkyl,ln(kobs)_MeCN,3,Ar_NBO_-O|Ar_NBO_C1_x|Energy_C1-O,0.5487535083069564,-0.5478605648150874,0.3623015635073649,LOOCV,ln(kobs)_MeCN = -84.13 - 86.02*Ar_NBO_-O + 25.79*Ar_NBO_C1_x - 1.57*Energy_C1-O
indigo_aryl_alkyl,ln(kobs)_MeCN,3,LUMO|L_C1-C2|Ster_B1,0.4346096033702864,-0.5882234835525724,0.40554355399808806,LOOCV,ln(kobs)_MeCN = -17.49 + 21.21*LUMO + 10.93*L_C1-C2 + 0.39*Ster_B1
indigo_aryl_alkyl,ln(kobs)_MeCN,3,LUMO|L_C1-C2|Ster_B5,0.4277857238394446,-0.5908755491188526,0.4079835320065987,LOOCV,ln(kobs)_MeCN = -16.40 + 21.47*LUMO + 10.54*L_C1-C2 + 0.05*Ster_B5
indigo_aryl_alkyl,ln(kobs)_MeCN,3,Ar_NBO_-O|Ster_B1|Energy_C1-O,0.4901330355416944,-0.6058878622896597,0.38511614524435656,LOOCV,ln(kobs)_MeCN = -69.92 - 96.24*Ar_NBO_-O + 0.44*Ster_B1 - 0.21*Energy_C1-O
indigo_aryl_alkyl,ln(kobs)_MeCN,3,Ster_L|Ar_I_C=O|L_C1-C2,0.36625847610863493,-0.6076636566562208,0.4293578137829992,LOOCV,ln(kobs)_MeCN = 31.01 + 0.13*Ster_L + 0.00*Ar_I_C=O - 23.12*L_C1-C2
indigo_aryl_alkyl,ln(kobs)_MeCN,3,Ar_NBO_-O|Ster_B5|Energy_C1-O,0.5004128493079316,-0.6194115797731563,0.38121406787127093,LOOCV,ln(kobs)_MeCN = -72.47 - 99.41*Ar_NBO_-O + 0.05*Ster_B5 - 1.09*Energy_C1-O
indigo_aryl_alkyl,ln(kobs)_MeCN,3,LUMO|Entry|L_C1-C2,0.44915470518000045,-0.6251925298996988,0.4002931064726554,LOOCV,ln(kobs)_MeCN = -28.03 + 20.38*LUMO + 0.02*Entry + 18.32*L_C1-C2
indigo_aryl_alkyl,ln(kobs)_MeCN,3,Ar_NBO_=O|HOMO|L_C1-C2,0.6646109663646487,-0.626268415504279,0.31234727263675316,LOOCV,ln(kobs)_MeCN = -41.52 - 39.11*Ar_NBO_=O + 8.78*HOMO + 13.02*L_C1-C2
indigo_aryl_alkyl,ln(kobs)_MeCN,3,Ar_NBO_-O|Ar_NBO_C1_x|L_C1-C2,0.5640484499637833,-0.6384209023352898,0.35610855089234583,LOOCV,ln(kobs)_MeCN = -3.47 - 33.11*Ar_NBO_-O + 52.92*Ar_NBO_C1_x - 42.92*L_C1-C2
indigo_aryl_alkyl,ln(kobs)_MeCN,3,HOMO|Ar_I_C=O|Energy_C1-O,0.5586550419743411,-0.6424354749854351,0.3583045917540859,LOOCV,ln(kobs)_MeCN = 4.88 + 19.44*HOMO - 0.00*Ar_I_C=O - 0.04*Energy_C1-O
indigo_aryl_alkyl,ln(kobs)_MeCN,3,Ster_L|Entry|L_C1-C2,0.37744129282560146,-0.6433070475945324,0.42555279259114503,LOOCV,ln(kobs)_MeCN = 34.00 + 0.12*Ster_L + 0.02*Entry - 24.74*L_C1-C2
indigo_aryl_alkyl,ln(kobs)_MeCN,3,HOMO|Entry|Energy_C1-O,0.5621994632079137,-0.648541400200453,0.35686292751507265,LOOCV,ln(kobs)_MeCN = 3.96 + 17.18*HOMO + 0.01*Entry + 0.12*Energy_C1-O
indigo_aryl_alkyl,ln(kobs)_MeCN,3,LUMO|Ar_I_C=O|L_C1-C2,0.4169762781138536,-0.6496826727271554,0.4118190209653723,LOOCV,ln(kobs)_MeCN = -28.44 + 20.84*LUMO + 0.00*Ar_I_C=O + 18.35*L_C1-C2
indigo_aryl_alkyl,ln(kobs)_MeCN,3,Ster_L|polarizability|L_C1-C2,0.3457560944658583,-0.6578697264938997,0.4362476815461142,LOOCV,ln(kobs)_MeCN = 48.78 + 0.18*Ster_L - 0.00*polarizability - 34.75*L_C1-C2
indigo_aryl_alkyl,ln(kobs)_MeCN,3,Ar_NBO_-O|LUMO|L_C1-C2,0.5248840940369641,-0.6690158866992573,0.37176035486111725,LOOCV,ln(kobs)_MeCN = -86.21 - 72.56*Ar_NBO_-O + 14.61*LUMO + 23.27*L_C1-C2
indigo_aryl_alkyl,ln(kobs)_MeCN,3,Ster_L|L_C1-C2|Ster_B5,0.3394427988817792,-0.6897098572087259,0.4383474704458686,LOOCV,ln(kobs)_MeCN = 47.19 + 0.14*Ster_L - 33.60*L_C1-C2 + 0.00*Ster_B5
indigo_aryl_alkyl,ln(kobs)_MeCN,3,Ar_NBO_-O|L_C1-C2|Ster_B1,0.49147438253733666,-0.6953483847222881,0.3846092340143203,LOOCV,ln(kobs)_MeCN = -78.91 - 99.42*Ar_NBO_-O + 4.64*L_C1-C2 + 0.49*Ster_B1
indigo_aryl_alkyl,ln(kobs)_MeCN,3,Ar_NBO_-O|polarizability|Energy_C1-O,0.47966578052147024,-0.7041826146946002,0.3890491609311629,LOOCV,ln(kobs)_MeCN = -74.36 - 101.44*Ar_NBO_-O - 0.00*polarizability - 1.73*Energy_C1-O
indigo_aryl_alkyl,ln(kobs)_MeCN,3,Ar_NBO_-O|Occupancy_C1-O|Energy_C1-O,0.48011722683106495,-0.7133704274592199,0.38888035315966896,LOOCV,ln(kobs)_MeCN = -112.09 - 102.69*Ar_NBO_-O + 18.51*Occupancy_C1-O - 1.67*Energy_C1-O
indigo_aryl_alkyl,ln(kobs)_MeCN,3,Ster_L|L_C1-C2|Ster_B1,0.339393247884455,-0.745107658347512,0.4383639112226685,LOOCV,ln(kobs)_MeCN = 47.33 + 0.15*Ster_L - 33.67*L_C1-C2 - 0.03*Ster_B1
indigo_aryl_alkyl,ln(kobs)_MeCN,3,Ar_NBO_-O|L_C1-C2|Ster_B5,0.48545633726103155,-0.7886348959620704,0.38687833120600557,LOOCV,ln(kobs)_MeCN = -78.06 - 100.62*Ar_NBO_-O + 3.92*L_C1-C2 + 0.07*Ster_B5
indigo_aryl_alkyl,ln(kobs)_MeCN,3,Ar_I_C=O|L_C1-C2|Ster_B1,0.25484337423849124,-0.8103614640430366,0.46557223504835704,LOOCV,ln(kobs)_MeCN = 19.06 + 0.00*Ar_I_C=O - 15.24*L_C1-C2 + 0.51*Ster_B1
indigo_aryl_alkyl,ln(kobs)_MeCN,3,HOMO|L_C1-C2|Energy_C1-O,0.5552260103935038,-0.8141683596405083,0.3596938231114023,LOOCV,ln(kobs)_MeCN = 4.10 + 18.27*HOMO + 0.05*L_C1-C2 - 0.08*Energy_C1-O
indigo_aryl_alkyl,ln(kobs)_MeCN,3,Ar_I_C=O|polarizability|L_C1-C2,0.26201132620472367,-0.8191968518842137,0.46332756353163135,LOOCV,ln(kobs)_MeCN = 27.89 + 0.00*Ar_I_C=O + 0.00*polarizability - 20.53*L_C1-C2
indigo_aryl_alkyl,ln(kobs)_MeCN,3,Ar_NBO_-O|Ster_L|Energy_C1-O,0.4833734101629935,-0.8357102955470763,0.387660602501728,LOOCV,ln(kobs)_MeCN = -69.06 - 94.13*Ar_NBO_-O + 0.03*Ster_L - 1.35*Energy_C1-O
indigo_aryl_alkyl,ln(kobs)_MeCN,3,LUMO|L_C1-C2|Occupancy_C1-O,0.4567275694380848,-0.8369109927424874,0.39753202617341105,LOOCV,ln(kobs)_MeCN = 339.55 + 22.74*LUMO + 14.43*L_C1-C2 - 181.26*Occupancy_C1-O
indigo_aryl_alkyl,ln(kobs)_MeCN,3,Entry|L_C1-C2|Ster_B1,0.2602943121712056,-0.8414666856531932,0.46386624235290747,LOOCV,ln(kobs)_MeCN = 26.60 + 0.03*Entry - 19.59*L_C1-C2 + 0.40*Ster_B1
indigo_aryl_alkyl,ln(kobs)_MeCN,3,Entry|Ar_I_C=O|L_C1-C2,0.2531991506970125,-0.8613423337405517,0.46608560565207957,LOOCV,ln(kobs)_MeCN = 11.72 + 0.03*Entry + 0.00*Ar_I_C=O - 9.61*L_C1-C2
indigo_aryl_alkyl,ln(kobs)_MeCN,3,Ar_NBO_-O|Ster_L|L_C1-C2,0.4643099534908055,-0.8640464863942068,0.3947481265042298,LOOCV,ln(kobs)_MeCN = -49.91 - 78.10*Ar_NBO_-O + 0.07*Ster_L - 4.61*L_C1-C2
indigo_aryl_alkyl,ln(kobs)_MeCN,3,Entry|polarizability|L_C1-C2,0.27884780690218136,-0.8748042223887036,0.4580118909165838,LOOCV,ln(kobs)_MeCN = 29.85 + 0.02*Entry + 0.00*polarizability - 21.48*L_C1-C2
indigo_aryl_alkyl,ln(kobs)_MeCN,3,Ster_L|L_C1-C2|Occupancy_C1-O,0.34012914382977477,-0.8754869932846414,0.43811968111691907,LOOCV,ln(kobs)_MeCN = 94.74 + 0.14*Ster_L - 33.41*L_C1-C2 - 23.96*Occupancy_C1-O
indigo_aryl_alkyl,ln(kobs)_MeCN,3,Ar_NBO_-O|Ar_I_C=O|L_C1-C2,0.45192734183992067,-0.8807372219108418,0.399284413573112,LOOCV,ln(kobs)_MeCN = -85.69 - 95.05*Ar_NBO_-O + 0.00*Ar_I_C=O + 11.43*L_C1-C2
indigo_aryl_alkyl,ln(kobs)_MeCN,3,L_C1-C2|Ster_B1|Ster_B5,0.21101706878365079,-0.8862577330364338,0.479067923223652,LOOCV,ln(kobs)_MeCN = 44.70 - 31.76*L_C1-C2 + 0.43*Ster_B1 + 0.05*Ster_B5
indigo_aryl_alkyl,ln(kobs)_MeCN,3,Ar_I_C=O|L_C1-C2|Ster_B5,0.20538037133416576,-0.9330498674917234,0.4807761699851117,LOOCV,ln(kobs)_MeCN = 26.27 + 0.00*Ar_I_C=O - 19.43*L_C1-C2 + 0.04*Ster_B5
indigo_aryl_alkyl,ln(kobs)_MeCN,3,polarizability|L_C1-C2|Ster_B5,0.24693445028974859,-0.9538998144579627,0.4680364528635183,LOOCV,ln(kobs)_MeCN = 41.78 + 0.01*polarizability - 29.44*L_C1-C2 - 0.05*Ster_B5
indigo_aryl_alkyl,ln(kobs)_MeCN,3,polarizability|L_C1-C2|Ster_B1,0.24462331599592602,-0.9582346846685195,0.4687540971950535,LOOCV,ln(kobs)_MeCN = 42.82 + 0.00*polarizability - 30.34*L_C1-C2 + 0.20*Ster_B1
indigo_aryl_alkyl,ln(kobs)_MeCN,3,Entry|L_C1-C2|Ster_B5,0.23235607554189985,-0.9632721568943994,0.4725450275101592,LOOCV,ln(kobs)_MeCN = 28.36 + 0.03*Entry - 20.37*L_C1-C2 + 0.03*Ster_B5
indigo_aryl_alkyl,ln(kobs)_MeCN,3,Ar_NBO_-O|polarizability|L_C1-C2,0.4543076639690006,-0.9648283864787495,0.3984164084817833,LOOCV,ln(kobs)_MeCN = -66.92 - 90.30*Ar_NBO_-O + 0.00*polarizability + 1.32*L_C1-C2
indigo_aryl_alkyl,ln(kobs)_MeCN,3,Entry|L_C1-C2|Occupancy_C1-O,0.2854757988443132,-1.0170665425424326,0.4559022762303881,LOOCV,ln(kobs)_MeCN = 391.46 + 0.03*Entry - 16.39*L_C1-C2 - 185.02*Occupancy_C1-O
indigo_aryl_alkyl,ln(kobs)_MeCN,3,L_C1-C2|Ster_B1|Occupancy_C1-O,0.24446104006819458,-1.0399916267887352,0.46880444520201187,LOOCV,ln(kobs)_MeCN = 406.28 - 30.15*L_C1-C2 + 0.58*Ster_B1 - 182.55*Occupancy_C1-O
indigo_aryl_alkyl,ln(kobs)_MeCN,3,LUMO|polarizability|Energy_C1-O,0.47932034265426327,-1.0668738885509086,0.38917827987988235,LOOCV,ln(kobs)_MeCN = -0.33 + 18.44*LUMO + 0.00*polarizability + 0.77*Energy_C1-O
indigo_aryl_alkyl,ln(kobs)_MeCN,3,polarizability|L_C1-C2|Occupancy_C1-O,0.26995675225457927,-1.0833228753245292,0.4608266462835498,LOOCV,ln(kobs)_MeCN = 309.48 + 0.00*polarizability - 29.68*L_C1-C2 - 134.05*Occupancy_C1-O
indigo_aryl_alkyl,ln(kobs)_MeCN,3,Ar_NBO_-O|L_C1-C2|Occupancy_C1-O,0.435195941950989,-1.092805303903547,0.40533321481098117,LOOCV,ln(kobs)_MeCN = -216.20 - 110.14*Ar_NBO_-O + 7.16*L_C1-C2 + 63.66*Occupancy_C1-O
indigo_aryl_alkyl,ln(kobs)_MeCN,3,L_C1-C2|Ster_B5|Occupancy_C1-O,0.2392416510996419,-1.119207901671674,0.4704209478324788,LOOCV,ln(kobs)_MeCN = 436.95 - 31.41*L_C1-C2 + 0.08*Ster_B5 - 196.64*Occupancy_C1-O
indigo_aryl_alkyl,ln(kobs)_MeCN,3,Ar_I_C=O|L_C1-C2|Occupancy_C1-O,0.2265431773487654,-1.1453436829785208,0.47433080056157034,LOOCV,ln(kobs)_MeCN = 312.96 + 0.00*Ar_I_C=O - 15.69*L_C1-C2 - 146.56*Occupancy_C1-O
indigo_aryl_alkyl,ln(kobs)_MeCN,3,Ar_NBO_-O|Entry|Energy_C1-O,0.5314755301458418,-1.1461139439913026,0.36917257261294933,LOOCV,ln(kobs)_MeCN = -66.41 - 90.91*Ar_NBO_-O + 0.02*Entry - 0.95*Energy_C1-O
indigo_aryl_alkyl,ln(kobs)_MeCN,3,LUMO|Occupancy_C1-O|Energy_C1-O,0.47568887446794506,-1.3747746913702041,0.3905330791709208,LOOCV,ln(kobs)_MeCN = 401.44 + 19.34*LUMO - 202.34*Occupancy_C1-O - 1.34*Energy_C1-O
indigo_aryl_alkyl,ln(kobs)_MeCN,3,Ar_NBO_C1_x|Ar_I_C=O|Energy_C1-O,0.4479083419345187,-1.4484579716141832,0.40074570970387696,LOOCV,ln(kobs)_MeCN = -41.27 + 46.18*Ar_NBO_C1_x + 0.00*Ar_I_C=O - 0.99*Energy_C1-O
indigo_aryl_alkyl,ln(kobs)_MeCN,3,LUMO|Ster_B1|Energy_C1-O,0.4378719796100742,-1.6937595588281584,0.40437184175215385,LOOCV,ln(kobs)_MeCN = -0.40 + 18.52*LUMO + 0.78*Ster_B1 + 1.59*Energy_C1-O
indigo_aryl_alkyl,ln(kobs)_MeCN,3,Ar_NBO_-O|L_C1-C2|Energy_C1-O,0.48125828544913096,-1.774136112539972,0.38845335398731035,LOOCV,ln(kobs)_MeCN = -83.90 - 104.90*Ar_NBO_-O + 4.81*L_C1-C2 - 1.70*Energy_C1-O
indigo_aryl_alkyl,ln(kobs)_MeCN,3,LUMO|Ar_I_C=O|Energy_C1-O,0.41480459572512396,-1.8065629723422365,0.4125852923930415,LOOCV,ln(kobs)_MeCN = -2.16 + 17.61*LUMO + 0.00*Ar_I_C=O - 0.94*Energy_C1-O
indigo_aryl_alkyl,ln(kobs)_MeCN,3,LUMO|Ster_B5|Energy_C1-O,0.42341632312433863,-1.8092243666689907,0.40953824105231745,LOOCV,ln(kobs)_MeCN = -1.24 + 19.25*LUMO + 0.04*Ster_B5 - 0.39*Energy_C1-O
indigo_aryl_alkyl,ln(kobs)_MeCN,3,LUMO|Entry|Energy_C1-O,0.433257396025296,-2.7945235920869886,0.40602822042206616,LOOCV,ln(kobs)_MeCN = -1.39 + 17.16*LUMO + 0.02*Entry - 0.45*Energy_C1-O
indigo_aryl_alkyl,ln(kobs)_MeCN,3,Ster_L|Ar_I_C=O|Energy_C1-O,0.33118346900202156,-3.213667564860609,0.4410794135631028,LOOCV,ln(kobs)_MeCN = -3.31 + 0.13*Ster_L + 0.00*Ar_I_C=O + 0.45*Energy_C1-O
indigo_aryl_alkyl,ln(kobs)_MeCN,3,LUMO|L_C1-C2|Energy_C1-O,0.41118497782286734,-3.5948560006065913,0.4138593103748513,LOOCV,ln(kobs)_MeCN = -18.12 + 21.96*LUMO + 11.22*L_C1-C2 - 0.89*Energy_C1-O
indigo_aryl_alkyl,ln(kobs)_MeCN,3,Ar_I_C=O|Ster_B1|Energy_C1-O,0.261955692708462,-3.6782881546335116,0.46334502724578736,LOOCV,ln(kobs)_MeCN = -2.29 + 0.00*Ar_I_C=O + 1.08*Ster_B1 + 2.42*Energy_C1-O
indigo_aryl_alkyl,ln(kobs)_MeCN,3,Ster_L|L_C1-C2|Energy_C1-O,0.34296681926192074,-3.833365773647307,0.43717663224704073,LOOCV,ln(kobs)_MeCN = 47.39 + 0.15*Ster_L - 33.42*L_C1-C2 + 0.52*Energy_C1-O
indigo_aryl_alkyl,ln(kobs)_MeCN,3,Ar_NBO_C1_x|Entry|Energy_C1-O,0.5100896417253037,-4.17467214786543,0.37750403672562566,LOOCV,ln(kobs)_MeCN = -43.57 + 52.15*Ar_NBO_C1_x + 0.05*Entry + 0.33*Energy_C1-O
indigo_aryl_alkyl,ln(kobs)_MeCN,3,Ar_I_C=O|Occupancy_C1-O|Energy_C1-O,0.2454593179031075,-4.221665605726742,0.4684946320737121,LOOCV,ln(kobs)_MeCN = 337.85 + 0.00*Ar_I_C=O - 171.63*Occupancy_C1-O - 1.46*Energy_C1-O
indigo_aryl_alkyl,ln(kobs)_MeCN,3,Ar_I_C=O|polarizability|Energy_C1-O,0.23276734347561978,-4.32489912391778,0.472418426720541,LOOCV,ln(kobs)_MeCN = -2.78 + 0.00*Ar_I_C=O + 0.00*polarizability + 0.20*Energy_C1-O
indigo_aryl_alkyl,ln(kobs)_MeCN,3,Ar_NBO_C1_x|polarizability|Energy_C1-O,0.3130628439658928,-4.417110464366015,0.44701468747577,LOOCV,ln(kobs)_MeCN = -32.15 + 38.01*Ar_NBO_C1_x + 0.00*polarizability + 0.27*Energy_C1-O
indigo_aryl_alkyl,ln(kobs)_MeCN,3,Ar_NBO_C1_x|Ster_L|Energy_C1-O,0.30992660848441966,-4.6504733476129685,0.44803395597685475,LOOCV,ln(kobs)_MeCN = -27.18 + 30.88*Ar_NBO_C1_x + 0.09*Ster_L - 0.12*Energy_C1-O
indigo_aryl_alkyl,ln(kobs)_MeCN,3,Ar_I_C=O|L_C1-C2|Energy_C1-O,0.21451434360445476,-4.785784501446296,0.47800497693486055,LOOCV,ln(kobs)_MeCN = 20.34 + 0.00*Ar_I_C=O - 16.36*L_C1-C2 - 1.21*Energy_C1-O
indigo_aryl_alkyl,ln(kobs)_MeCN,3,polarizability|Ster_B1|Energy_C1-O,0.22754286265826207,-4.881822324640016,0.4740241675103729,LOOCV,ln(kobs)_MeCN = 0.68 + 0.00*polarizability + 1.11*Ster_B1 + 4.48*Energy_C1-O
indigo_aryl_alkyl,ln(kobs)_MeCN,3,polarizability|L_C1-C2|Energy_C1-O,0.24279407127175756,-4.981101941183955,0.4693213290729503,LOOCV,ln(kobs)_MeCN = 42.82 + 0.00*polarizability - 29.73*L_C1-C2 + 0.66*Energy_C1-O
indigo_aryl_alkyl,ln(kobs)_MeCN,3,Ar_NBO_C1_x|Ster_B1|Energy_C1-O,0.2867471877158031,-5.006833107214461,0.4554964907090602,LOOCV,ln(kobs)_MeCN = -33.55 + 39.72*Ar_NBO_C1_x + 0.66*Ster_B1 + 1.00*Energy_C1-O
indigo_aryl_alkyl,ln(kobs)_MeCN,3,Ar_NBO_C1_x|Ster_B5|Energy_C1-O,0.3006896658586117,-5.061866941762856,0.4510225562578581,LOOCV,ln(kobs)_MeCN = -37.77 + 44.31*Ar_NBO_C1_x + 0.06*Ster_B5 - 0.38*Energy_C1-O
indigo_aryl_alkyl,ln(kobs)_MeCN,3,Ster_L|Ster_B1|Energy_C1-O,0.2489787638583273,-5.069590226620818,0.4674007422610053,LOOCV,ln(kobs)_MeCN = -1.24 + 0.14*Ster_L + 0.58*Ster_B1 + 2.29*Energy_C1-O
indigo_aryl_alkyl,ln(kobs)_MeCN,3,Ster_L|Entry|Energy_C1-O,0.3530844708371723,-5.085650094959314,0.43379753240106966,LOOCV,ln(kobs)_MeCN = -1.47 + 0.14*Ster_L + 0.03*Entry + 1.44*Energy_C1-O
indigo_aryl_alkyl,ln(kobs)_MeCN,3,Ar_I_C=O|Ster_B5|Energy_C1-O,0.19538905398423112,-5.19571584916972,0.483789298264926,LOOCV,ln(kobs)_MeCN = -4.11 + 0.00*Ar_I_C=O + 0.00*Ster_B5 - 1.07*Energy_C1-O
indigo_aryl_alkyl,ln(kobs)_MeCN,3,Ar_NBO_C1_x|Occupancy_C1-O|Energy_C1-O,0.2725209426288222,-5.238496287710107,0.46001663490446,LOOCV,ln(kobs)_MeCN = 121.77 + 40.27*Ar_NBO_C1_x - 78.75*Occupancy_C1-O - 1.34*Energy_C1-O
indigo_aryl_alkyl,ln(kobs)_MeCN,3,Ster_L|Ster_B5|Energy_C1-O,0.23387069511665648,-5.267102150841248,0.47207861377333554,LOOCV,ln(kobs)_MeCN = -2.03 + 0.15*Ster_L + 0.01*Ster_B5 + 0.72*Energy_C1-O
indigo_aryl_alkyl,ln(kobs)_MeCN,3,Ster_L|Occupancy_C1-O|Energy_C1-O,0.23269380435120346,-5.413125517512694,0.4724410667924397,LOOCV,ln(kobs)_MeCN = 30.35 + 0.15*Ster_L - 16.32*Occupancy_C1-O + 0.52*Energy_C1-O
indigo_aryl_alkyl,ln(kobs)_MeCN,3,polarizability|Ster_B5|Energy_C1-O,0.17488404923557355,-5.4489317948446345,0.4899150493145657,LOOCV,ln(kobs)_MeCN = -0.89 + 0.01*polarizability - 0.07*Ster_B5 + 1.11*Energy_C1-O
indigo_aryl_alkyl,ln(kobs)_MeCN,3,Ster_L|polarizability|Energy_C1-O,0.23240778460543965,-5.463128823907912,0.47252911175053697,LOOCV,ln(kobs)_MeCN = -2.12 + 0.15*Ster_L + 0.00*polarizability + 0.62*Energy_C1-O
indigo_aryl_alkyl,ln(kobs)_MeCN,3,polarizability|Occupancy_C1-O|Energy_C1-O,0.18358948427272503,-5.718132346338988,0.4873237573258724,LOOCV,ln(kobs)_MeCN = 267.79 + 0.00*polarizability - 135.14*Occupancy_C1-O + 0.25*Energy_C1-O
indigo_aryl_alkyl,ln(kobs)_MeCN,3,Entry|Ster_B1|Energy_C1-O,0.3119219779079032,-5.7875711623152295,0.44738573474703386,LOOCV,ln(kobs)_MeCN = 0.48 + 0.04*Entry + 1.42*Ster_B1 + 4.70*Energy_C1-O
indigo_aryl_alkyl,ln(kobs)_MeCN,3,L_C1-C2|Occupancy_C1-O|Energy_C1-O,0.21522877326679013,-5.932458190465486,0.4777875454522457,LOOCV,ln(kobs)_MeCN = 458.98 - 32.01*L_C1-C2 - 208.02*Occupancy_C1-O - 1.78*Energy_C1-O
indigo_aryl_alkyl,ln(kobs)_MeCN,3,L_C1-C2|Ster_B1|Energy_C1-O,0.2011223968910385,-5.953102858212661,0.4820625701069853,LOOCV,ln(kobs)_MeCN = 42.46 - 29.39*L_C1-C2 + 1.04*Ster_B1 + 2.06*Energy_C1-O
indigo_aryl_alkyl,ln(kobs)_MeCN,3,Entry|polarizability|Energy_C1-O,0.2590451197782814,-6.0948671653705295,0.4642577587048455,LOOCV,ln(kobs)_MeCN = -0.84 + 0.03*Entry + 0.00*polarizability + 1.34*Energy_C1-O
indigo_aryl_alkyl,ln(kobs)_MeCN,3,Ster_B1|Ster_B5|Energy_C1-O,0.17504407330151972,-6.139464390780267,0.4898675396284314,LOOCV,ln(kobs)_MeCN = 0.21 + 1.37*Ster_B1 + 0.08*Ster_B5 + 4.26*Energy_C1-O
indigo_aryl_alkyl,ln(kobs)_MeCN,3,Ster_B1|Occupancy_C1-O|Energy_C1-O,0.16368884384814386,-6.281611452164832,0.493227444736473,LOOCV,ln(kobs)_MeCN = 335.31 + 0.96*Ster_B1 - 168.93*Occupancy_C1-O + 1.57*Energy_C1-O
indigo_aryl_alkyl,ln(kobs)_MeCN,3,L_C1-C2|Ster_B5|Energy_C1-O,0.1749766776527808,-6.310396058151885,0.4898875493436724,LOOCV,ln(kobs)_MeCN = 46.55 - 32.95*L_C1-C2 + 0.06*Ster_B5 - 0.61*Energy_C1-O
indigo_aryl_alkyl,ln(kobs)_MeCN,3,Entry|Occupancy_C1-O|Energy_C1-O,0.266826339359737,-6.4070152085136085,0.46181359777572784,LOOCV,ln(kobs)_MeCN = 397.75 + 0.04*Entry - 200.67*Occupancy_C1-O - 0.51*Energy_C1-O
indigo_aryl_alkyl,ln(kobs)_MeCN,3,Ster_B5|Occupancy_C1-O|Energy_C1-O,0.15239071444497376,-6.506543245923586,0.49654789129749044,LOOCV,ln(kobs)_MeCN = 435.91 + 0.06*Ster_B5 - 219.95*Occupancy_C1-O - 0.90*Energy_C1-O
indigo_aryl_alkyl,ln(kobs)_MeCN,3,Entry|Ster_B5|Energy_C1-O,0.19925506678450722,-7.18864725570319,0.4826256379267584,LOOCV,ln(kobs)_MeCN = -1.85 + 0.04*Entry + 0.02*Ster_B5 + 0.08*Energy_C1-O
indigo_aryl_alkyl,ln(kobs)_MeCN,3,Entry|Ar_I_C=O|Energy_C1-O,0.2489354949000867,-9.207611938879186,0.46741420636224545,LOOCV,ln(kobs)_MeCN = -3.15 + 0.03*Entry + 0.00*Ar_I_C=O - 0.39*Energy_C1-O
indigo_aryl_alkyl,ln(kobs)_MeCN,3,Entry|L_C1-C2|Energy_C1-O,0.22577332878935474,-9.392463981485147,0.47456680084830777,LOOCV,ln(kobs)_MeCN = 26.12 + 0.03*Entry - 19.08*L_C1-C2 - 0.39*Energy_C1-O
