category,target,k,features,R2,Q2,RMSE,CV,equation
azoarene_svr_rbf_c10_eps01_g003,ln(kobs),4,ar2_Ar_HOMO|ar2_homo_hartree|ar2_Ar_polar|ar1_nbo_q_a,0.6317813533717568,0.5876158935483081,2.6882750595251457,LOOCV,ln(kobs) = <nonlinear model; no closed-form linear equation>
azoarene_svr_rbf_c10_eps01_g003,ln(kobs),4,ar2_Ar_HOMO|ar2_homo_hartree|ar2_Ar_polar|ar1_Ar_NBO_OH,0.6317813533717568,0.5876158935483081,2.6882750595251457,LOOCV,ln(kobs) = <nonlinear model; no closed-form linear equation>
azoarene_svr_rbf_c10_eps01_g003,ln(kobs),4,ar2_Ar_HOMO|ar2_homo_hartree|ar2_isotropic_polarizability_au|ar1_nbo_q_a,0.6317813533717568,0.5876158935483081,2.6882750595251457,LOOCV,ln(kobs) = <nonlinear model; no closed-form linear equation>
azoarene_svr_rbf_c10_eps01_g003,ln(kobs),4,ar2_Ar_HOMO|ar2_homo_hartree|ar2_isotropic_polarizability_au|ar1_Ar_NBO_OH,0.6317813533717568,0.5876158935483081,2.6882750595251457,LOOCV,ln(kobs) = <nonlinear model; no closed-form linear equation>
azoarene_svr_rbf_c10_eps01_g003,ln(kobs),5,ar2_Ar_HOMO|ar2_homo_hartree|ar2_Ar_polar|ar1_bond_length_c_a|ar2_lumo_hartree,0.653042190266967,0.578227239341408,2.6095110964336903,LOOCV,ln(kobs) = <nonlinear model; no closed-form linear equation>
azoarene_svr_rbf_c10_eps01_g003,ln(kobs),5,ar2_Ar_HOMO|ar2_homo_hartree|ar2_Ar_polar|ar1_bond_length_c_a|ar2_Ar_LUMO,0.653042190266967,0.578227239341408,2.6095110964336903,LOOCV,ln(kobs) = <nonlinear model; no closed-form linear equation>
azoarene_svr_rbf_c10_eps01_g003,ln(kobs),5,ar2_Ar_HOMO|ar2_homo_hartree|ar2_isotropic_polarizability_au|ar1_bond_length_c_a|ar2_lumo_hartree,0.653042190266967,0.578227239341408,2.6095110964336903,LOOCV,ln(kobs) = <nonlinear model; no closed-form linear equation>
azoarene_svr_rbf_c10_eps01_g003,ln(kobs),5,ar2_Ar_HOMO|ar2_homo_hartree|ar2_isotropic_polarizability_au|ar1_bond_length_c_a|ar2_Ar_LUMO,0.653042190266967,0.578227239341408,2.6095110964336903,LOOCV,ln(kobs) = <nonlinear model; no closed-form linear equation>
azoarene_svr_rbf_c10_eps01_g003,ln(kobs),5,ar2_Ar_HOMO|ar2_homo_hartree|ar2_Ar_polar|ar1_bond_length_c_a|ar2_gap_hartree,0.653173941862556,0.5772176880092112,2.6090155896515674,LOOCV,ln(kobs) = <nonlinear model; no closed-form linear equation>
azoarene_svr_rbf_c10_eps01_g003,ln(kobs),5,ar2_Ar_HOMO|ar2_homo_hartree|ar2_isotropic_polarizability_au|ar1_bond_length_c_a|ar2_gap_hartree,0.653173941862556,0.5772176880092112,2.6090155896515674,LOOCV,ln(kobs) = <nonlinear model; no closed-form linear equation>
azoarene_svr_rbf_c10_eps01_g003,ln(kobs),4,ar2_Ar_HOMO|ar2_homo_hartree|ar2_scf_energy_hartree|ar1_nbo_q_a,0.6236234471384454,0.5766831555622662,2.717891368098826,LOOCV,ln(kobs) = <nonlinear model; no closed-form linear equation>
azoarene_svr_rbf_c10_eps01_g003,ln(kobs),4,ar2_Ar_HOMO|ar2_homo_hartree|ar2_scf_energy_hartree|ar1_Ar_NBO_OH,0.6236234471384454,0.5766831555622662,2.717891368098826,LOOCV,ln(kobs) = <nonlinear model; no closed-form linear equation>
azoarene_svr_rbf_c10_eps01_g003,ln(kobs),4,ar2_Ar_HOMO|ar2_homo_hartree|ar2_enthalpy_hartree|ar1_nbo_q_a,0.6236268475271329,0.5766714955413688,2.7178790906231622,LOOCV,ln(kobs) = <nonlinear model; no closed-form linear equation>
azoarene_svr_rbf_c10_eps01_g003,ln(kobs),4,ar2_Ar_HOMO|ar2_homo_hartree|ar2_enthalpy_hartree|ar1_Ar_NBO_OH,0.6236268475271329,0.5766714955413688,2.7178790906231622,LOOCV,ln(kobs) = <nonlinear model; no closed-form linear equation>
azoarene_svr_rbf_c10_eps01_g003,ln(kobs),4,ar2_Ar_HOMO|ar2_homo_hartree|ar2_gibbs_free_energy_hartree|ar1_nbo_q_a,0.6236244783657627,0.5766679633325027,2.7178876447455473,LOOCV,ln(kobs) = <nonlinear model; no closed-form linear equation>
azoarene_svr_rbf_c10_eps01_g003,ln(kobs),4,ar2_Ar_HOMO|ar2_homo_hartree|ar2_gibbs_free_energy_hartree|ar1_Ar_NBO_OH,0.6236244783657627,0.5766679633325027,2.7178876447455473,LOOCV,ln(kobs) = <nonlinear model; no closed-form linear equation>
azoarene_svr_rbf_c10_eps01_g003,ln(kobs),5,ar2_Ar_HOMO|ar2_homo_hartree|ar2_Ar_polar|ar1_bond_length_c_a|ar1_nbo_q_a,0.6465924547736613,0.5738846924839889,2.6336540276723244,LOOCV,ln(kobs) = <nonlinear model; no closed-form linear equation>
azoarene_svr_rbf_c10_eps01_g003,ln(kobs),5,ar2_Ar_HOMO|ar2_homo_hartree|ar2_Ar_polar|ar1_bond_length_c_a|ar1_Ar_NBO_OH,0.6465924547736613,0.5738846924839889,2.6336540276723244,LOOCV,ln(kobs) = <nonlinear model; no closed-form linear equation>
azoarene_svr_rbf_c10_eps01_g003,ln(kobs),5,ar2_Ar_HOMO|ar2_homo_hartree|ar2_isotropic_polarizability_au|ar1_bond_length_c_a|ar1_nbo_q_a,0.6465924547736613,0.5738846924839889,2.6336540276723244,LOOCV,ln(kobs) = <nonlinear model; no closed-form linear equation>
azoarene_svr_rbf_c10_eps01_g003,ln(kobs),5,ar2_Ar_HOMO|ar2_homo_hartree|ar2_isotropic_polarizability_au|ar1_bond_length_c_a|ar1_Ar_NBO_OH,0.6465924547736613,0.5738846924839889,2.6336540276723244,LOOCV,ln(kobs) = <nonlinear model; no closed-form linear equation>
azoarene_svr_rbf_c10_eps01_g003,ln(kobs),3,ar2_Ar_HOMO|ar2_homo_hartree|ar1_nbo_q_a,0.6197099024249284,0.5714683266624657,2.731985076188914,LOOCV,ln(kobs) = <nonlinear model; no closed-form linear equation>
azoarene_svr_rbf_c10_eps01_g003,ln(kobs),3,ar2_Ar_HOMO|ar2_homo_hartree|ar1_Ar_NBO_OH,0.6197099024249284,0.5714683266624657,2.731985076188914,LOOCV,ln(kobs) = <nonlinear model; no closed-form linear equation>
azoarene_svr_rbf_c10_eps01_g003,ln(kobs),5,ar2_Ar_HOMO|ar2_Ar_polar|ar1_bond_length_c_a|ar2_lumo_hartree|ar2_Ar_LUMO,0.6458170801447041,0.5662386275675049,2.6365415575181554,LOOCV,ln(kobs) = <nonlinear model; no closed-form linear equation>
azoarene_svr_rbf_c10_eps01_g003,ln(kobs),5,ar2_Ar_HOMO|ar2_isotropic_polarizability_au|ar1_bond_length_c_a|ar2_lumo_hartree|ar2_Ar_LUMO,0.6458170801447041,0.5662386275675049,2.6365415575181554,LOOCV,ln(kobs) = <nonlinear model; no closed-form linear equation>
azoarene_svr_rbf_c10_eps01_g003,ln(kobs),5,ar2_homo_hartree|ar2_Ar_polar|ar1_bond_length_c_a|ar2_lumo_hartree|ar2_Ar_LUMO,0.6458170801447041,0.5662386275675049,2.6365415575181554,LOOCV,ln(kobs) = <nonlinear model; no closed-form linear equation>
azoarene_svr_rbf_c10_eps01_g003,ln(kobs),5,ar2_homo_hartree|ar2_isotropic_polarizability_au|ar1_bond_length_c_a|ar2_lumo_hartree|ar2_Ar_LUMO,0.6458170801447041,0.5662386275675049,2.6365415575181554,LOOCV,ln(kobs) = <nonlinear model; no closed-form linear equation>
azoarene_svr_rbf_c10_eps01_g003,ln(kobs),5,ar2_Ar_HOMO|ar2_Ar_polar|ar1_bond_length_c_a|ar2_lumo_hartree|ar2_gap_hartree,0.645192529738369,0.5656184605879131,2.638865113708195,LOOCV,ln(kobs) = <nonlinear model; no closed-form linear equation>
azoarene_svr_rbf_c10_eps01_g003,ln(kobs),5,ar2_Ar_HOMO|ar2_Ar_polar|ar1_bond_length_c_a|ar2_Ar_LUMO|ar2_gap_hartree,0.645192529738369,0.5656184605879131,2.638865113708195,LOOCV,ln(kobs) = <nonlinear model; no closed-form linear equation>
azoarene_svr_rbf_c10_eps01_g003,ln(kobs),5,ar2_Ar_HOMO|ar2_isotropic_polarizability_au|ar1_bond_length_c_a|ar2_lumo_hartree|ar2_gap_hartree,0.645192529738369,0.5656184605879131,2.638865113708195,LOOCV,ln(kobs) = <nonlinear model; no closed-form linear equation>
azoarene_svr_rbf_c10_eps01_g003,ln(kobs),5,ar2_Ar_HOMO|ar2_isotropic_polarizability_au|ar1_bond_length_c_a|ar2_Ar_LUMO|ar2_gap_hartree,0.645192529738369,0.5656184605879131,2.638865113708195,LOOCV,ln(kobs) = <nonlinear model; no closed-form linear equation>
azoarene_svr_rbf_c10_eps01_g003,ln(kobs),5,ar2_homo_hartree|ar2_Ar_polar|ar1_bond_length_c_a|ar2_lumo_hartree|ar2_gap_hartree,0.645192529738369,0.5656184605879131,2.638865113708195,LOOCV,ln(kobs) = <nonlinear model; no closed-form linear equation>
azoarene_svr_rbf_c10_eps01_g003,ln(kobs),5,ar2_homo_hartree|ar2_Ar_polar|ar1_bond_length_c_a|ar2_Ar_LUMO|ar2_gap_hartree,0.645192529738369,0.5656184605879131,2.638865113708195,LOOCV,ln(kobs) = <nonlinear model; no closed-form linear equation>
azoarene_svr_rbf_c10_eps01_g003,ln(kobs),5,ar2_homo_hartree|ar2_isotropic_polarizability_au|ar1_bond_length_c_a|ar2_lumo_hartree|ar2_gap_hartree,0.645192529738369,0.5656184605879131,2.638865113708195,LOOCV,ln(kobs) = <nonlinear model; no closed-form linear equation>
azoarene_svr_rbf_c10_eps01_g003,ln(kobs),5,ar2_homo_hartree|ar2_isotropic_polarizability_au|ar1_bond_length_c_a|ar2_Ar_LUMO|ar2_gap_hartree,0.645192529738369,0.5656184605879131,2.638865113708195,LOOCV,ln(kobs) = <nonlinear model; no closed-form linear equation>
azoarene_svr_rbf_c10_eps01_g003,ln(kobs),4,ar2_Ar_HOMO|ar2_homo_hartree|ar1_nbo_q_a|ar1_Ar_NBO_OH,0.6282187670407657,0.5634227962472405,2.701248544324616,LOOCV,ln(kobs) = <nonlinear model; no closed-form linear equation>
azoarene_svr_rbf_c10_eps01_g003,ln(kobs),4,ar2_Ar_HOMO|ar2_homo_hartree|ar2_Ar_polar|ar1_bond_length_c_a,0.6407340914191904,0.5628205352609299,2.655393074506162,LOOCV,ln(kobs) = <nonlinear model; no closed-form linear equation>
azoarene_svr_rbf_c10_eps01_g003,ln(kobs),4,ar2_Ar_HOMO|ar2_homo_hartree|ar2_isotropic_polarizability_au|ar1_bond_length_c_a,0.6407340914191904,0.5628205352609299,2.655393074506162,LOOCV,ln(kobs) = <nonlinear model; no closed-form linear equation>
azoarene_svr_rbf_c10_eps01_g003,ln(kobs),5,ar2_Ar_HOMO|ar2_homo_hartree|ar2_enthalpy_hartree|ar1_bond_length_c_a|ar2_lumo_hartree,0.6365794508071166,0.56094525360177,2.6707027545416944,LOOCV,ln(kobs) = <nonlinear model; no closed-form linear equation>
azoarene_svr_rbf_c10_eps01_g003,ln(kobs),5,ar2_Ar_HOMO|ar2_homo_hartree|ar2_enthalpy_hartree|ar1_bond_length_c_a|ar2_Ar_LUMO,0.6365794508071166,0.56094525360177,2.6707027545416944,LOOCV,ln(kobs) = <nonlinear model; no closed-form linear equation>
azoarene_svr_rbf_c10_eps01_g003,ln(kobs),5,ar2_Ar_HOMO|ar2_homo_hartree|ar2_gibbs_free_energy_hartree|ar1_bond_length_c_a|ar2_lumo_hartree,0.6365792896924469,0.5609326555685012,2.6707033465408885,LOOCV,ln(kobs) = <nonlinear model; no closed-form linear equation>
azoarene_svr_rbf_c10_eps01_g003,ln(kobs),5,ar2_Ar_HOMO|ar2_homo_hartree|ar2_gibbs_free_energy_hartree|ar1_bond_length_c_a|ar2_Ar_LUMO,0.6365792896924469,0.5609326555685012,2.6707033465408885,LOOCV,ln(kobs) = <nonlinear model; no closed-form linear equation>
azoarene_svr_rbf_c10_eps01_g003,ln(kobs),5,ar2_Ar_HOMO|ar2_homo_hartree|ar2_scf_energy_hartree|ar1_bond_length_c_a|ar2_lumo_hartree,0.6365684104815579,0.5609252001700606,2.670743320772767,LOOCV,ln(kobs) = <nonlinear model; no closed-form linear equation>
azoarene_svr_rbf_c10_eps01_g003,ln(kobs),5,ar2_Ar_HOMO|ar2_homo_hartree|ar2_scf_energy_hartree|ar1_bond_length_c_a|ar2_Ar_LUMO,0.6365684104815579,0.5609252001700606,2.670743320772767,LOOCV,ln(kobs) = <nonlinear model; no closed-form linear equation>
azoarene_svr_rbf_c10_eps01_g003,ln(kobs),4,ar2_Ar_HOMO|ar2_Ar_polar|ar2_lumo_hartree|ar1_nbo_q_a,0.6287203459681368,0.5602644487084447,2.6994257699156727,LOOCV,ln(kobs) = <nonlinear model; no closed-form linear equation>
azoarene_svr_rbf_c10_eps01_g003,ln(kobs),4,ar2_Ar_HOMO|ar2_Ar_polar|ar2_lumo_hartree|ar1_Ar_NBO_OH,0.6287203459681368,0.5602644487084447,2.6994257699156727,LOOCV,ln(kobs) = <nonlinear model; no closed-form linear equation>
azoarene_svr_rbf_c10_eps01_g003,ln(kobs),4,ar2_Ar_HOMO|ar2_Ar_polar|ar2_Ar_LUMO|ar1_nbo_q_a,0.6287203459681368,0.5602644487084447,2.6994257699156727,LOOCV,ln(kobs) = <nonlinear model; no closed-form linear equation>
azoarene_svr_rbf_c10_eps01_g003,ln(kobs),4,ar2_Ar_HOMO|ar2_Ar_polar|ar2_Ar_LUMO|ar1_Ar_NBO_OH,0.6287203459681368,0.5602644487084447,2.6994257699156727,LOOCV,ln(kobs) = <nonlinear model; no closed-form linear equation>
azoarene_svr_rbf_c10_eps01_g003,ln(kobs),4,ar2_Ar_HOMO|ar2_isotropic_polarizability_au|ar2_lumo_hartree|ar1_nbo_q_a,0.6287203459681368,0.5602644487084447,2.6994257699156727,LOOCV,ln(kobs) = <nonlinear model; no closed-form linear equation>
azoarene_svr_rbf_c10_eps01_g003,ln(kobs),4,ar2_Ar_HOMO|ar2_isotropic_polarizability_au|ar2_lumo_hartree|ar1_Ar_NBO_OH,0.6287203459681368,0.5602644487084447,2.6994257699156727,LOOCV,ln(kobs) = <nonlinear model; no closed-form linear equation>
azoarene_svr_rbf_c10_eps01_g003,ln(kobs),4,ar2_Ar_HOMO|ar2_isotropic_polarizability_au|ar2_Ar_LUMO|ar1_nbo_q_a,0.6287203459681368,0.5602644487084447,2.6994257699156727,LOOCV,ln(kobs) = <nonlinear model; no closed-form linear equation>
azoarene_svr_rbf_c10_eps01_g003,ln(kobs),4,ar2_Ar_HOMO|ar2_isotropic_polarizability_au|ar2_Ar_LUMO|ar1_Ar_NBO_OH,0.6287203459681368,0.5602644487084447,2.6994257699156727,LOOCV,ln(kobs) = <nonlinear model; no closed-form linear equation>
azoarene_svr_rbf_c10_eps01_g003,ln(kobs),4,ar2_homo_hartree|ar2_Ar_polar|ar2_lumo_hartree|ar1_nbo_q_a,0.6287203459681368,0.5602644487084447,2.6994257699156727,LOOCV,ln(kobs) = <nonlinear model; no closed-form linear equation>
azoarene_svr_rbf_c10_eps01_g003,ln(kobs),4,ar2_homo_hartree|ar2_Ar_polar|ar2_lumo_hartree|ar1_Ar_NBO_OH,0.6287203459681368,0.5602644487084447,2.6994257699156727,LOOCV,ln(kobs) = <nonlinear model; no closed-form linear equation>
azoarene_svr_rbf_c10_eps01_g003,ln(kobs),4,ar2_homo_hartree|ar2_Ar_polar|ar2_Ar_LUMO|ar1_nbo_q_a,0.6287203459681368,0.5602644487084447,2.6994257699156727,LOOCV,ln(kobs) = <nonlinear model; no closed-form linear equation>
azoarene_svr_rbf_c10_eps01_g003,ln(kobs),4,ar2_homo_hartree|ar2_Ar_polar|ar2_Ar_LUMO|ar1_Ar_NBO_OH,0.6287203459681368,0.5602644487084447,2.6994257699156727,LOOCV,ln(kobs) = <nonlinear model; no closed-form linear equation>
azoarene_svr_rbf_c10_eps01_g003,ln(kobs),4,ar2_homo_hartree|ar2_isotropic_polarizability_au|ar2_lumo_hartree|ar1_nbo_q_a,0.6287203459681368,0.5602644487084447,2.6994257699156727,LOOCV,ln(kobs) = <nonlinear model; no closed-form linear equation>
azoarene_svr_rbf_c10_eps01_g003,ln(kobs),4,ar2_homo_hartree|ar2_isotropic_polarizability_au|ar2_lumo_hartree|ar1_Ar_NBO_OH,0.6287203459681368,0.5602644487084447,2.6994257699156727,LOOCV,ln(kobs) = <nonlinear model; no closed-form linear equation>
azoarene_svr_rbf_c10_eps01_g003,ln(kobs),4,ar2_homo_hartree|ar2_isotropic_polarizability_au|ar2_Ar_LUMO|ar1_nbo_q_a,0.6287203459681368,0.5602644487084447,2.6994257699156727,LOOCV,ln(kobs) = <nonlinear model; no closed-form linear equation>
azoarene_svr_rbf_c10_eps01_g003,ln(kobs),4,ar2_homo_hartree|ar2_isotropic_polarizability_au|ar2_Ar_LUMO|ar1_Ar_NBO_OH,0.6287203459681368,0.5602644487084447,2.6994257699156727,LOOCV,ln(kobs) = <nonlinear model; no closed-form linear equation>
azoarene_svr_rbf_c10_eps01_g003,ln(kobs),5,ar2_Ar_HOMO|ar2_homo_hartree|ar2_enthalpy_hartree|ar1_bond_length_c_a|ar2_gap_hartree,0.6369268137118338,0.5591386388435904,2.6694261001908255,LOOCV,ln(kobs) = <nonlinear model; no closed-form linear equation>
azoarene_svr_rbf_c10_eps01_g003,ln(kobs),5,ar2_Ar_HOMO|ar2_homo_hartree|ar2_scf_energy_hartree|ar1_bond_length_c_a|ar2_gap_hartree,0.6369293373646695,0.5591280054918006,2.6694168228375146,LOOCV,ln(kobs) = <nonlinear model; no closed-form linear equation>
azoarene_svr_rbf_c10_eps01_g003,ln(kobs),5,ar2_Ar_HOMO|ar2_homo_hartree|ar2_gibbs_free_energy_hartree|ar1_bond_length_c_a|ar2_gap_hartree,0.6369400459002021,0.5591058352206354,2.6693774561816235,LOOCV,ln(kobs) = <nonlinear model; no closed-form linear equation>
azoarene_svr_rbf_c10_eps01_g003,ln(kobs),4,ar2_Ar_HOMO|ar2_Ar_polar|ar2_gap_hartree|ar1_nbo_q_a,0.6284579219192596,0.55827006692027,2.700379591518522,LOOCV,ln(kobs) = <nonlinear model; no closed-form linear equation>
azoarene_svr_rbf_c10_eps01_g003,ln(kobs),4,ar2_Ar_HOMO|ar2_Ar_polar|ar2_gap_hartree|ar1_Ar_NBO_OH,0.6284579219192596,0.55827006692027,2.700379591518522,LOOCV,ln(kobs) = <nonlinear model; no closed-form linear equation>
azoarene_svr_rbf_c10_eps01_g003,ln(kobs),4,ar2_Ar_HOMO|ar2_isotropic_polarizability_au|ar2_gap_hartree|ar1_nbo_q_a,0.6284579219192596,0.55827006692027,2.700379591518522,LOOCV,ln(kobs) = <nonlinear model; no closed-form linear equation>
azoarene_svr_rbf_c10_eps01_g003,ln(kobs),4,ar2_Ar_HOMO|ar2_isotropic_polarizability_au|ar2_gap_hartree|ar1_Ar_NBO_OH,0.6284579219192596,0.55827006692027,2.700379591518522,LOOCV,ln(kobs) = <nonlinear model; no closed-form linear equation>
azoarene_svr_rbf_c10_eps01_g003,ln(kobs),4,ar2_homo_hartree|ar2_Ar_polar|ar2_gap_hartree|ar1_nbo_q_a,0.6284579219192596,0.55827006692027,2.700379591518522,LOOCV,ln(kobs) = <nonlinear model; no closed-form linear equation>
azoarene_svr_rbf_c10_eps01_g003,ln(kobs),4,ar2_homo_hartree|ar2_Ar_polar|ar2_gap_hartree|ar1_Ar_NBO_OH,0.6284579219192596,0.55827006692027,2.700379591518522,LOOCV,ln(kobs) = <nonlinear model; no closed-form linear equation>
azoarene_svr_rbf_c10_eps01_g003,ln(kobs),4,ar2_homo_hartree|ar2_isotropic_polarizability_au|ar2_gap_hartree|ar1_nbo_q_a,0.6284579219192596,0.55827006692027,2.700379591518522,LOOCV,ln(kobs) = <nonlinear model; no closed-form linear equation>
azoarene_svr_rbf_c10_eps01_g003,ln(kobs),4,ar2_homo_hartree|ar2_isotropic_polarizability_au|ar2_gap_hartree|ar1_Ar_NBO_OH,0.6284579219192596,0.55827006692027,2.700379591518522,LOOCV,ln(kobs) = <nonlinear model; no closed-form linear equation>
azoarene_svr_rbf_c10_eps01_g003,ln(kobs),5,ar2_Ar_HOMO|ar2_homo_hartree|ar2_Ar_polar|ar2_isotropic_polarizability_au|ar1_bond_length_c_a,0.6471910666216709,0.5581672473813452,2.6314226029510324,LOOCV,ln(kobs) = <nonlinear model; no closed-form linear equation>
azoarene_svr_rbf_c10_eps01_g003,ln(kobs),4,ar2_Ar_HOMO|ar2_homo_hartree|ar2_Ar_polar|ar1_bond_length_c_e,0.6355009682979758,0.5579008861791303,2.674662591827294,LOOCV,ln(kobs) = <nonlinear model; no closed-form linear equation>
azoarene_svr_rbf_c10_eps01_g003,ln(kobs),4,ar2_Ar_HOMO|ar2_homo_hartree|ar2_isotropic_polarizability_au|ar1_bond_length_c_e,0.6355009682979758,0.5579008861791303,2.674662591827294,LOOCV,ln(kobs) = <nonlinear model; no closed-form linear equation>
azoarene_svr_rbf_c10_eps01_g003,ln(kobs),5,ar2_Ar_HOMO|ar2_Ar_polar|ar2_isotropic_polarizability_au|ar1_bond_length_c_a|ar2_lumo_hartree,0.6461235071170708,0.5567425247212767,2.6354007878468826,LOOCV,ln(kobs) = <nonlinear model; no closed-form linear equation>
azoarene_svr_rbf_c10_eps01_g003,ln(kobs),5,ar2_Ar_HOMO|ar2_Ar_polar|ar2_isotropic_polarizability_au|ar1_bond_length_c_a|ar2_Ar_LUMO,0.6461235071170708,0.5567425247212767,2.6354007878468826,LOOCV,ln(kobs) = <nonlinear model; no closed-form linear equation>
azoarene_svr_rbf_c10_eps01_g003,ln(kobs),5,ar2_homo_hartree|ar2_Ar_polar|ar2_isotropic_polarizability_au|ar1_bond_length_c_a|ar2_lumo_hartree,0.6461235071170708,0.5567425247212767,2.6354007878468826,LOOCV,ln(kobs) = <nonlinear model; no closed-form linear equation>
azoarene_svr_rbf_c10_eps01_g003,ln(kobs),5,ar2_homo_hartree|ar2_Ar_polar|ar2_isotropic_polarizability_au|ar1_bond_length_c_a|ar2_Ar_LUMO,0.6461235071170708,0.5567425247212767,2.6354007878468826,LOOCV,ln(kobs) = <nonlinear model; no closed-form linear equation>
azoarene_svr_rbf_c10_eps01_g003,ln(kobs),5,ar2_Ar_HOMO|ar2_homo_hartree|ar1_bond_length_c_a|ar1_nbo_q_a|ar1_Ar_NBO_OH,0.6361553455830176,0.5556541890200437,2.6722606311357024,LOOCV,ln(kobs) = <nonlinear model; no closed-form linear equation>
azoarene_svr_rbf_c10_eps01_g003,ln(kobs),4,ar2_Ar_HOMO|ar2_homo_hartree|ar1_bond_length_c_a|ar1_nbo_q_a,0.6349510171428308,0.5555229396042874,2.6766795784871826,LOOCV,ln(kobs) = <nonlinear model; no closed-form linear equation>
azoarene_svr_rbf_c10_eps01_g003,ln(kobs),4,ar2_Ar_HOMO|ar2_homo_hartree|ar1_bond_length_c_a|ar1_Ar_NBO_OH,0.6349510171428308,0.5555229396042874,2.6766795784871826,LOOCV,ln(kobs) = <nonlinear model; no closed-form linear equation>
azoarene_svr_rbf_c10_eps01_g003,ln(kobs),5,ar2_Ar_HOMO|ar2_Ar_polar|ar2_isotropic_polarizability_au|ar1_bond_length_c_a|ar2_gap_hartree,0.6462405726430763,0.5554580792250378,2.6349648446509653,LOOCV,ln(kobs) = <nonlinear model; no closed-form linear equation>
azoarene_svr_rbf_c10_eps01_g003,ln(kobs),5,ar2_homo_hartree|ar2_Ar_polar|ar2_isotropic_polarizability_au|ar1_bond_length_c_a|ar2_gap_hartree,0.6462405726430763,0.5554580792250378,2.6349648446509653,LOOCV,ln(kobs) = <nonlinear model; no closed-form linear equation>
azoarene_svr_rbf_c10_eps01_g003,ln(kobs),4,ar2_Ar_HOMO|ar2_homo_hartree|ar2_gap_hartree|ar1_nbo_q_a,0.62380761155191,0.5536415312103562,2.7172263424610947,LOOCV,ln(kobs) = <nonlinear model; no closed-form linear equation>
azoarene_svr_rbf_c10_eps01_g003,ln(kobs),4,ar2_Ar_HOMO|ar2_homo_hartree|ar2_gap_hartree|ar1_Ar_NBO_OH,0.62380761155191,0.5536415312103562,2.7172263424610947,LOOCV,ln(kobs) = <nonlinear model; no closed-form linear equation>
azoarene_svr_rbf_c10_eps01_g003,ln(kobs),4,ar2_Ar_HOMO|ar2_homo_hartree|ar2_lumo_hartree|ar1_nbo_q_a,0.623642348174729,0.5532930911715648,2.717823123135197,LOOCV,ln(kobs) = <nonlinear model; no closed-form linear equation>
azoarene_svr_rbf_c10_eps01_g003,ln(kobs),4,ar2_Ar_HOMO|ar2_homo_hartree|ar2_lumo_hartree|ar1_Ar_NBO_OH,0.623642348174729,0.5532930911715648,2.717823123135197,LOOCV,ln(kobs) = <nonlinear model; no closed-form linear equation>
azoarene_svr_rbf_c10_eps01_g003,ln(kobs),4,ar2_Ar_HOMO|ar2_homo_hartree|ar2_Ar_LUMO|ar1_nbo_q_a,0.623642348174729,0.5532930911715648,2.717823123135197,LOOCV,ln(kobs) = <nonlinear model; no closed-form linear equation>
azoarene_svr_rbf_c10_eps01_g003,ln(kobs),4,ar2_Ar_HOMO|ar2_homo_hartree|ar2_Ar_LUMO|ar1_Ar_NBO_OH,0.623642348174729,0.5532930911715648,2.717823123135197,LOOCV,ln(kobs) = <nonlinear model; no closed-form linear equation>
azoarene_svr_rbf_c10_eps01_g003,ln(kobs),5,ar2_Ar_HOMO|ar2_homo_hartree|ar2_Ar_polar|ar2_gap_hartree|ar1_bond_length_c_e,0.64169619597422,0.5523908754562274,2.6518351548649317,LOOCV,ln(kobs) = <nonlinear model; no closed-form linear equation>
azoarene_svr_rbf_c10_eps01_g003,ln(kobs),5,ar2_Ar_HOMO|ar2_homo_hartree|ar2_isotropic_polarizability_au|ar2_gap_hartree|ar1_bond_length_c_e,0.64169619597422,0.5523908754562274,2.6518351548649317,LOOCV,ln(kobs) = <nonlinear model; no closed-form linear equation>
azoarene_svr_rbf_c10_eps01_g003,ln(kobs),5,ar2_Ar_HOMO|ar2_homo_hartree|ar2_Ar_polar|ar2_lumo_hartree|ar1_bond_length_c_e,0.6415839091230449,0.5513175481988604,2.652250644305536,LOOCV,ln(kobs) = <nonlinear model; no closed-form linear equation>
azoarene_svr_rbf_c10_eps01_g003,ln(kobs),5,ar2_Ar_HOMO|ar2_homo_hartree|ar2_Ar_polar|ar2_Ar_LUMO|ar1_bond_length_c_e,0.6415839091230449,0.5513175481988604,2.652250644305536,LOOCV,ln(kobs) = <nonlinear model; no closed-form linear equation>
azoarene_svr_rbf_c10_eps01_g003,ln(kobs),5,ar2_Ar_HOMO|ar2_homo_hartree|ar2_isotropic_polarizability_au|ar2_lumo_hartree|ar1_bond_length_c_e,0.6415839091230449,0.5513175481988604,2.652250644305536,LOOCV,ln(kobs) = <nonlinear model; no closed-form linear equation>
azoarene_svr_rbf_c10_eps01_g003,ln(kobs),5,ar2_Ar_HOMO|ar2_homo_hartree|ar2_isotropic_polarizability_au|ar2_Ar_LUMO|ar1_bond_length_c_e,0.6415839091230449,0.5513175481988604,2.652250644305536,LOOCV,ln(kobs) = <nonlinear model; no closed-form linear equation>
azoarene_svr_rbf_c10_eps01_g003,ln(kobs),5,ar2_Ar_HOMO|ar2_homo_hartree|ar1_bond_length_c_a|ar2_gap_hartree|ar1_nbo_q_a,0.6405165400850792,0.5485456247730898,2.656196931573166,LOOCV,ln(kobs) = <nonlinear model; no closed-form linear equation>
azoarene_svr_rbf_c10_eps01_g003,ln(kobs),5,ar2_Ar_HOMO|ar2_homo_hartree|ar1_bond_length_c_a|ar2_gap_hartree|ar1_Ar_NBO_OH,0.6405165400850792,0.5485456247730898,2.656196931573166,LOOCV,ln(kobs) = <nonlinear model; no closed-form linear equation>
azoarene_svr_rbf_c10_eps01_g003,ln(kobs),5,ar2_Ar_HOMO|ar2_homo_hartree|ar2_scf_energy_hartree|ar1_bond_length_c_a|ar1_nbo_q_a,0.6366766680154339,0.5477664071557433,2.6703455160302156,LOOCV,ln(kobs) = <nonlinear model; no closed-form linear equation>
azoarene_svr_rbf_c10_eps01_g003,ln(kobs),5,ar2_Ar_HOMO|ar2_homo_hartree|ar2_scf_energy_hartree|ar1_bond_length_c_a|ar1_Ar_NBO_OH,0.6366766680154339,0.5477664071557433,2.6703455160302156,LOOCV,ln(kobs) = <nonlinear model; no closed-form linear equation>
azoarene_svr_rbf_c10_eps01_g003,ln(kobs),5,ar2_Ar_HOMO|ar2_homo_hartree|ar2_enthalpy_hartree|ar1_bond_length_c_a|ar1_nbo_q_a,0.6366733813606129,0.5477447239573223,2.6703575940931192,LOOCV,ln(kobs) = <nonlinear model; no closed-form linear equation>
azoarene_svr_rbf_c10_eps01_g003,ln(kobs),5,ar2_Ar_HOMO|ar2_homo_hartree|ar2_enthalpy_hartree|ar1_bond_length_c_a|ar1_Ar_NBO_OH,0.6366733813606129,0.5477447239573223,2.6703575940931192,LOOCV,ln(kobs) = <nonlinear model; no closed-form linear equation>
azoarene_svr_rbf_c10_eps01_g003,ln(kobs),5,ar2_Ar_HOMO|ar2_homo_hartree|ar2_gibbs_free_energy_hartree|ar1_bond_length_c_a|ar1_nbo_q_a,0.6366841061572966,0.5477375921808771,2.6703181815478394,LOOCV,ln(kobs) = <nonlinear model; no closed-form linear equation>
azoarene_svr_rbf_c10_eps01_g003,ln(kobs),5,ar2_Ar_HOMO|ar2_homo_hartree|ar2_gibbs_free_energy_hartree|ar1_bond_length_c_a|ar1_Ar_NBO_OH,0.6366841061572966,0.5477375921808771,2.6703181815478394,LOOCV,ln(kobs) = <nonlinear model; no closed-form linear equation>
azoarene_svr_rbf_c10_eps01_g003,ln(kobs),5,ar2_Ar_HOMO|ar2_homo_hartree|ar1_bond_length_c_a|ar2_lumo_hartree|ar1_nbo_q_a,0.6402879987526112,0.5475756267203142,2.6570411349946848,LOOCV,ln(kobs) = <nonlinear model; no closed-form linear equation>
azoarene_svr_rbf_c10_eps01_g003,ln(kobs),5,ar2_Ar_HOMO|ar2_homo_hartree|ar1_bond_length_c_a|ar2_lumo_hartree|ar1_Ar_NBO_OH,0.6402879987526112,0.5475756267203142,2.6570411349946848,LOOCV,ln(kobs) = <nonlinear model; no closed-form linear equation>
azoarene_svr_rbf_c10_eps01_g003,ln(kobs),5,ar2_Ar_HOMO|ar2_homo_hartree|ar1_bond_length_c_a|ar2_Ar_LUMO|ar1_nbo_q_a,0.6402879987526112,0.5475756267203142,2.6570411349946848,LOOCV,ln(kobs) = <nonlinear model; no closed-form linear equation>
azoarene_svr_rbf_c10_eps01_g003,ln(kobs),5,ar2_Ar_HOMO|ar2_homo_hartree|ar1_bond_length_c_a|ar2_Ar_LUMO|ar1_Ar_NBO_OH,0.6402879987526112,0.5475756267203142,2.6570411349946848,LOOCV,ln(kobs) = <nonlinear model; no closed-form linear equation>
azoarene_svr_rbf_c10_eps01_g003,ln(kobs),5,ar2_Ar_HOMO|ar2_homo_hartree|ar2_Ar_polar|rate kobs (s-1)|ar1_bond_length_c_a,0.7021575527466559,0.5474704441416272,2.4177651315710422,LOOCV,ln(kobs) = <nonlinear model; no closed-form linear equation>
azoarene_svr_rbf_c10_eps01_g003,ln(kobs),5,ar2_Ar_HOMO|ar2_homo_hartree|ar2_isotropic_polarizability_au|rate kobs (s-1)|ar1_bond_length_c_a,0.7021575527466559,0.5474704441416272,2.4177651315710422,LOOCV,ln(kobs) = <nonlinear model; no closed-form linear equation>
azoarene_svr_rbf_c10_eps01_g003,ln(kobs),5,ar2_Ar_HOMO|ar2_homo_hartree|ar2_Ar_polar|ar2_isotropic_polarizability_au|ar1_bond_length_c_e,0.6446924182221521,0.5474250056404039,2.640724237631369,LOOCV,ln(kobs) = <nonlinear model; no closed-form linear equation>
azoarene_svr_rbf_c10_eps01_g003,ln(kobs),5,ar2_Ar_HOMO|ar2_Ar_polar|rate kobs (s-1)|ar2_lumo_hartree|ar1_bond_length_c_e,0.6897855278448497,0.5469923357233519,2.4674697749538272,LOOCV,ln(kobs) = <nonlinear model; no closed-form linear equation>
azoarene_svr_rbf_c10_eps01_g003,ln(kobs),5,ar2_Ar_HOMO|ar2_Ar_polar|rate kobs (s-1)|ar2_Ar_LUMO|ar1_bond_length_c_e,0.6897855278448497,0.5469923357233519,2.4674697749538272,LOOCV,ln(kobs) = <nonlinear model; no closed-form linear equation>
azoarene_svr_rbf_c10_eps01_g003,ln(kobs),5,ar2_Ar_HOMO|ar2_isotropic_polarizability_au|rate kobs (s-1)|ar2_lumo_hartree|ar1_bond_length_c_e,0.6897855278448497,0.5469923357233519,2.4674697749538272,LOOCV,ln(kobs) = <nonlinear model; no closed-form linear equation>
azoarene_svr_rbf_c10_eps01_g003,ln(kobs),5,ar2_Ar_HOMO|ar2_isotropic_polarizability_au|rate kobs (s-1)|ar2_Ar_LUMO|ar1_bond_length_c_e,0.6897855278448497,0.5469923357233519,2.4674697749538272,LOOCV,ln(kobs) = <nonlinear model; no closed-form linear equation>
azoarene_svr_rbf_c10_eps01_g003,ln(kobs),5,ar2_homo_hartree|ar2_Ar_polar|rate kobs (s-1)|ar2_lumo_hartree|ar1_bond_length_c_e,0.6897855278448497,0.5469923357233519,2.4674697749538272,LOOCV,ln(kobs) = <nonlinear model; no closed-form linear equation>
azoarene_svr_rbf_c10_eps01_g003,ln(kobs),5,ar2_homo_hartree|ar2_Ar_polar|rate kobs (s-1)|ar2_Ar_LUMO|ar1_bond_length_c_e,0.6897855278448497,0.5469923357233519,2.4674697749538272,LOOCV,ln(kobs) = <nonlinear model; no closed-form linear equation>
azoarene_svr_rbf_c10_eps01_g003,ln(kobs),5,ar2_homo_hartree|ar2_isotropic_polarizability_au|rate kobs (s-1)|ar2_lumo_hartree|ar1_bond_length_c_e,0.6897855278448497,0.5469923357233519,2.4674697749538272,LOOCV,ln(kobs) = <nonlinear model; no closed-form linear equation>
azoarene_svr_rbf_c10_eps01_g003,ln(kobs),5,ar2_homo_hartree|ar2_isotropic_polarizability_au|rate kobs (s-1)|ar2_Ar_LUMO|ar1_bond_length_c_e,0.6897855278448497,0.5469923357233519,2.4674697749538272,LOOCV,ln(kobs) = <nonlinear model; no closed-form linear equation>
azoarene_svr_rbf_c10_eps01_g003,ln(kobs),5,ar2_Ar_HOMO|ar2_Ar_polar|rate kobs (s-1)|ar2_gap_hartree|ar1_bond_length_c_e,0.689478188232351,0.5468653228013631,2.468691773820254,LOOCV,ln(kobs) = <nonlinear model; no closed-form linear equation>
azoarene_svr_rbf_c10_eps01_g003,ln(kobs),5,ar2_Ar_HOMO|ar2_isotropic_polarizability_au|rate kobs (s-1)|ar2_gap_hartree|ar1_bond_length_c_e,0.689478188232351,0.5468653228013631,2.468691773820254,LOOCV,ln(kobs) = <nonlinear model; no closed-form linear equation>
azoarene_svr_rbf_c10_eps01_g003,ln(kobs),5,ar2_homo_hartree|ar2_Ar_polar|rate kobs (s-1)|ar2_gap_hartree|ar1_bond_length_c_e,0.689478188232351,0.5468653228013631,2.468691773820254,LOOCV,ln(kobs) = <nonlinear model; no closed-form linear equation>
azoarene_svr_rbf_c10_eps01_g003,ln(kobs),5,ar2_homo_hartree|ar2_isotropic_polarizability_au|rate kobs (s-1)|ar2_gap_hartree|ar1_bond_length_c_e,0.689478188232351,0.5468653228013631,2.468691773820254,LOOCV,ln(kobs) = <nonlinear model; no closed-form linear equation>
azoarene_svr_rbf_c10_eps01_g003,ln(kobs),4,ar2_Ar_HOMO|ar2_Ar_polar|ar1_bond_length_c_a|ar2_lumo_hartree,0.6466642299068207,0.5462807153586384,2.633386573751429,LOOCV,ln(kobs) = <nonlinear model; no closed-form linear equation>
azoarene_svr_rbf_c10_eps01_g003,ln(kobs),4,ar2_Ar_HOMO|ar2_Ar_polar|ar1_bond_length_c_a|ar2_Ar_LUMO,0.6466642299068207,0.5462807153586384,2.633386573751429,LOOCV,ln(kobs) = <nonlinear model; no closed-form linear equation>
azoarene_svr_rbf_c10_eps01_g003,ln(kobs),4,ar2_Ar_HOMO|ar2_isotropic_polarizability_au|ar1_bond_length_c_a|ar2_lumo_hartree,0.6466642299068207,0.5462807153586384,2.633386573751429,LOOCV,ln(kobs) = <nonlinear model; no closed-form linear equation>
azoarene_svr_rbf_c10_eps01_g003,ln(kobs),4,ar2_Ar_HOMO|ar2_isotropic_polarizability_au|ar1_bond_length_c_a|ar2_Ar_LUMO,0.6466642299068207,0.5462807153586384,2.633386573751429,LOOCV,ln(kobs) = <nonlinear model; no closed-form linear equation>
azoarene_svr_rbf_c10_eps01_g003,ln(kobs),4,ar2_homo_hartree|ar2_Ar_polar|ar1_bond_length_c_a|ar2_lumo_hartree,0.6466642299068207,0.5462807153586384,2.633386573751429,LOOCV,ln(kobs) = <nonlinear model; no closed-form linear equation>
azoarene_svr_rbf_c10_eps01_g003,ln(kobs),4,ar2_homo_hartree|ar2_Ar_polar|ar1_bond_length_c_a|ar2_Ar_LUMO,0.6466642299068207,0.5462807153586384,2.633386573751429,LOOCV,ln(kobs) = <nonlinear model; no closed-form linear equation>
azoarene_svr_rbf_c10_eps01_g003,ln(kobs),4,ar2_homo_hartree|ar2_isotropic_polarizability_au|ar1_bond_length_c_a|ar2_lumo_hartree,0.6466642299068207,0.5462807153586384,2.633386573751429,LOOCV,ln(kobs) = <nonlinear model; no closed-form linear equation>
azoarene_svr_rbf_c10_eps01_g003,ln(kobs),4,ar2_homo_hartree|ar2_isotropic_polarizability_au|ar1_bond_length_c_a|ar2_Ar_LUMO,0.6466642299068207,0.5462807153586384,2.633386573751429,LOOCV,ln(kobs) = <nonlinear model; no closed-form linear equation>
azoarene_svr_rbf_c10_eps01_g003,ln(kobs),5,ar2_Ar_HOMO|ar2_homo_hartree|ar2_Ar_polar|rate kobs (s-1)|ar1_bond_length_c_e,0.6978642783411146,0.5451000646745685,2.435128321641739,LOOCV,ln(kobs) = <nonlinear model; no closed-form linear equation>
azoarene_svr_rbf_c10_eps01_g003,ln(kobs),5,ar2_Ar_HOMO|ar2_homo_hartree|ar2_isotropic_polarizability_au|rate kobs (s-1)|ar1_bond_length_c_e,0.6978642783411146,0.5451000646745685,2.435128321641739,LOOCV,ln(kobs) = <nonlinear model; no closed-form linear equation>
azoarene_svr_rbf_c10_eps01_g003,ln(kobs),5,ar2_Ar_HOMO|ar2_Ar_polar|rate kobs (s-1)|ar1_bond_length_c_a|ar2_lumo_hartree,0.6982344987969411,0.544570242129715,2.4336359283321563,LOOCV,ln(kobs) = <nonlinear model; no closed-form linear equation>
azoarene_svr_rbf_c10_eps01_g003,ln(kobs),5,ar2_Ar_HOMO|ar2_Ar_polar|rate kobs (s-1)|ar1_bond_length_c_a|ar2_Ar_LUMO,0.6982344987969411,0.544570242129715,2.4336359283321563,LOOCV,ln(kobs) = <nonlinear model; no closed-form linear equation>
azoarene_svr_rbf_c10_eps01_g003,ln(kobs),5,ar2_Ar_HOMO|ar2_isotropic_polarizability_au|rate kobs (s-1)|ar1_bond_length_c_a|ar2_lumo_hartree,0.6982344987969411,0.544570242129715,2.4336359283321563,LOOCV,ln(kobs) = <nonlinear model; no closed-form linear equation>
azoarene_svr_rbf_c10_eps01_g003,ln(kobs),5,ar2_Ar_HOMO|ar2_isotropic_polarizability_au|rate kobs (s-1)|ar1_bond_length_c_a|ar2_Ar_LUMO,0.6982344987969411,0.544570242129715,2.4336359283321563,LOOCV,ln(kobs) = <nonlinear model; no closed-form linear equation>
azoarene_svr_rbf_c10_eps01_g003,ln(kobs),5,ar2_homo_hartree|ar2_Ar_polar|rate kobs (s-1)|ar1_bond_length_c_a|ar2_lumo_hartree,0.6982344987969411,0.544570242129715,2.4336359283321563,LOOCV,ln(kobs) = <nonlinear model; no closed-form linear equation>
azoarene_svr_rbf_c10_eps01_g003,ln(kobs),5,ar2_homo_hartree|ar2_Ar_polar|rate kobs (s-1)|ar1_bond_length_c_a|ar2_Ar_LUMO,0.6982344987969411,0.544570242129715,2.4336359283321563,LOOCV,ln(kobs) = <nonlinear model; no closed-form linear equation>
azoarene_svr_rbf_c10_eps01_g003,ln(kobs),5,ar2_homo_hartree|ar2_isotropic_polarizability_au|rate kobs (s-1)|ar1_bond_length_c_a|ar2_lumo_hartree,0.6982344987969411,0.544570242129715,2.4336359283321563,LOOCV,ln(kobs) = <nonlinear model; no closed-form linear equation>
azoarene_svr_rbf_c10_eps01_g003,ln(kobs),5,ar2_homo_hartree|ar2_isotropic_polarizability_au|rate kobs (s-1)|ar1_bond_length_c_a|ar2_Ar_LUMO,0.6982344987969411,0.544570242129715,2.4336359283321563,LOOCV,ln(kobs) = <nonlinear model; no closed-form linear equation>
azoarene_svr_rbf_c10_eps01_g003,ln(kobs),5,ar2_Ar_HOMO|ar2_homo_hartree|ar2_scf_energy_hartree|ar2_gap_hartree|ar1_bond_length_c_e,0.6357514305499032,0.5444041589253809,2.6737434986658974,LOOCV,ln(kobs) = <nonlinear model; no closed-form linear equation>
azoarene_svr_rbf_c10_eps01_g003,ln(kobs),5,ar2_Ar_HOMO|ar2_homo_hartree|ar2_enthalpy_hartree|ar2_gap_hartree|ar1_bond_length_c_e,0.6357367858922882,0.5443892197030737,2.6737972472153935,LOOCV,ln(kobs) = <nonlinear model; no closed-form linear equation>
azoarene_svr_rbf_c10_eps01_g003,ln(kobs),5,ar2_Ar_HOMO|ar2_homo_hartree|ar2_gibbs_free_energy_hartree|ar2_gap_hartree|ar1_bond_length_c_e,0.6357371587158274,0.5443802970207565,2.6737958788987894,LOOCV,ln(kobs) = <nonlinear model; no closed-form linear equation>
azoarene_svr_rbf_c10_eps01_g003,ln(kobs),5,ar2_Ar_HOMO|ar2_homo_hartree|ar2_scf_energy_hartree|ar2_lumo_hartree|ar1_bond_length_c_e,0.6354267344536954,0.5437945936051106,2.6749349387485633,LOOCV,ln(kobs) = <nonlinear model; no closed-form linear equation>
azoarene_svr_rbf_c10_eps01_g003,ln(kobs),5,ar2_Ar_HOMO|ar2_homo_hartree|ar2_scf_energy_hartree|ar2_Ar_LUMO|ar1_bond_length_c_e,0.6354267344536954,0.5437945936051106,2.6749349387485633,LOOCV,ln(kobs) = <nonlinear model; no closed-form linear equation>
azoarene_svr_rbf_c10_eps01_g003,ln(kobs),5,ar2_Ar_HOMO|ar2_homo_hartree|ar2_enthalpy_hartree|ar2_lumo_hartree|ar1_bond_length_c_e,0.6354312796917485,0.5437882100528059,2.67491826411123,LOOCV,ln(kobs) = <nonlinear model; no closed-form linear equation>
azoarene_svr_rbf_c10_eps01_g003,ln(kobs),5,ar2_Ar_HOMO|ar2_homo_hartree|ar2_enthalpy_hartree|ar2_Ar_LUMO|ar1_bond_length_c_e,0.6354312796917485,0.5437882100528059,2.67491826411123,LOOCV,ln(kobs) = <nonlinear model; no closed-form linear equation>
azoarene_svr_rbf_c10_eps01_g003,ln(kobs),5,ar2_Ar_HOMO|ar2_homo_hartree|ar2_gibbs_free_energy_hartree|ar2_lumo_hartree|ar1_bond_length_c_e,0.6354315313045749,0.5437853157631454,2.6749173410426517,LOOCV,ln(kobs) = <nonlinear model; no closed-form linear equation>
azoarene_svr_rbf_c10_eps01_g003,ln(kobs),5,ar2_Ar_HOMO|ar2_homo_hartree|ar2_gibbs_free_energy_hartree|ar2_Ar_LUMO|ar1_bond_length_c_e,0.6354315313045749,0.5437853157631454,2.6749173410426517,LOOCV,ln(kobs) = <nonlinear model; no closed-form linear equation>
azoarene_svr_rbf_c10_eps01_g003,ln(kobs),4,ar2_Ar_HOMO|ar2_lumo_hartree|ar2_gap_hartree|ar1_nbo_q_a,0.6035148423172219,0.5437480017749657,2.789550842573529,LOOCV,ln(kobs) = <nonlinear model; no closed-form linear equation>
azoarene_svr_rbf_c10_eps01_g003,ln(kobs),4,ar2_Ar_HOMO|ar2_lumo_hartree|ar2_gap_hartree|ar1_Ar_NBO_OH,0.6035148423172219,0.5437480017749657,2.789550842573529,LOOCV,ln(kobs) = <nonlinear model; no closed-form linear equation>
azoarene_svr_rbf_c10_eps01_g003,ln(kobs),4,ar2_Ar_HOMO|ar2_Ar_LUMO|ar2_gap_hartree|ar1_nbo_q_a,0.6035148423172219,0.5437480017749657,2.789550842573529,LOOCV,ln(kobs) = <nonlinear model; no closed-form linear equation>
azoarene_svr_rbf_c10_eps01_g003,ln(kobs),4,ar2_Ar_HOMO|ar2_Ar_LUMO|ar2_gap_hartree|ar1_Ar_NBO_OH,0.6035148423172219,0.5437480017749657,2.789550842573529,LOOCV,ln(kobs) = <nonlinear model; no closed-form linear equation>
azoarene_svr_rbf_c10_eps01_g003,ln(kobs),4,ar2_homo_hartree|ar2_lumo_hartree|ar2_gap_hartree|ar1_nbo_q_a,0.6035148423172219,0.5437480017749657,2.789550842573529,LOOCV,ln(kobs) = <nonlinear model; no closed-form linear equation>
azoarene_svr_rbf_c10_eps01_g003,ln(kobs),4,ar2_homo_hartree|ar2_lumo_hartree|ar2_gap_hartree|ar1_Ar_NBO_OH,0.6035148423172219,0.5437480017749657,2.789550842573529,LOOCV,ln(kobs) = <nonlinear model; no closed-form linear equation>
azoarene_svr_rbf_c10_eps01_g003,ln(kobs),4,ar2_homo_hartree|ar2_Ar_LUMO|ar2_gap_hartree|ar1_nbo_q_a,0.6035148423172219,0.5437480017749657,2.789550842573529,LOOCV,ln(kobs) = <nonlinear model; no closed-form linear equation>
azoarene_svr_rbf_c10_eps01_g003,ln(kobs),4,ar2_homo_hartree|ar2_Ar_LUMO|ar2_gap_hartree|ar1_Ar_NBO_OH,0.6035148423172219,0.5437480017749657,2.789550842573529,LOOCV,ln(kobs) = <nonlinear model; no closed-form linear equation>
azoarene_svr_rbf_c10_eps01_g003,ln(kobs),5,ar2_Ar_HOMO|ar2_homo_hartree|ar2_Ar_polar|ar2_enthalpy_hartree|ar1_bond_length_c_e,0.6388837071127206,0.5436098277643846,2.6622225385657985,LOOCV,ln(kobs) = <nonlinear model; no closed-form linear equation>
azoarene_svr_rbf_c10_eps01_g003,ln(kobs),5,ar2_Ar_HOMO|ar2_homo_hartree|ar2_isotropic_polarizability_au|ar2_enthalpy_hartree|ar1_bond_length_c_e,0.6388837071127206,0.5436098277643846,2.6622225385657985,LOOCV,ln(kobs) = <nonlinear model; no closed-form linear equation>
azoarene_svr_rbf_c10_eps01_g003,ln(kobs),5,ar2_Ar_HOMO|ar2_homo_hartree|ar2_Ar_polar|ar2_gibbs_free_energy_hartree|ar1_bond_length_c_e,0.6388888794694598,0.5436046326750177,2.662203472666159,LOOCV,ln(kobs) = <nonlinear model; no closed-form linear equation>
azoarene_svr_rbf_c10_eps01_g003,ln(kobs),5,ar2_Ar_HOMO|ar2_homo_hartree|ar2_isotropic_polarizability_au|ar2_gibbs_free_energy_hartree|ar1_bond_length_c_e,0.6388888794694598,0.5436046326750177,2.662203472666159,LOOCV,ln(kobs) = <nonlinear model; no closed-form linear equation>
azoarene_svr_rbf_c10_eps01_g003,ln(kobs),5,ar2_Ar_HOMO|ar2_homo_hartree|ar2_Ar_polar|ar2_scf_energy_hartree|ar1_bond_length_c_e,0.63887659146351,0.5435820646510214,2.6622487674410404,LOOCV,ln(kobs) = <nonlinear model; no closed-form linear equation>
azoarene_svr_rbf_c10_eps01_g003,ln(kobs),5,ar2_Ar_HOMO|ar2_homo_hartree|ar2_isotropic_polarizability_au|ar2_scf_energy_hartree|ar1_bond_length_c_e,0.63887659146351,0.5435820646510214,2.6622487674410404,LOOCV,ln(kobs) = <nonlinear model; no closed-form linear equation>
azoarene_svr_rbf_c10_eps01_g003,ln(kobs),4,ar2_Ar_HOMO|ar2_Ar_polar|ar1_bond_length_c_a|ar2_gap_hartree,0.6461782097832769,0.5434195479204837,2.635197088216944,LOOCV,ln(kobs) = <nonlinear model; no closed-form linear equation>
azoarene_svr_rbf_c10_eps01_g003,ln(kobs),4,ar2_Ar_HOMO|ar2_isotropic_polarizability_au|ar1_bond_length_c_a|ar2_gap_hartree,0.6461782097832769,0.5434195479204837,2.635197088216944,LOOCV,ln(kobs) = <nonlinear model; no closed-form linear equation>
azoarene_svr_rbf_c10_eps01_g003,ln(kobs),4,ar2_homo_hartree|ar2_Ar_polar|ar1_bond_length_c_a|ar2_gap_hartree,0.6461782097832769,0.5434195479204837,2.635197088216944,LOOCV,ln(kobs) = <nonlinear model; no closed-form linear equation>
azoarene_svr_rbf_c10_eps01_g003,ln(kobs),4,ar2_homo_hartree|ar2_isotropic_polarizability_au|ar1_bond_length_c_a|ar2_gap_hartree,0.6461782097832769,0.5434195479204837,2.635197088216944,LOOCV,ln(kobs) = <nonlinear model; no closed-form linear equation>
azoarene_svr_rbf_c10_eps01_g003,ln(kobs),5,ar2_Ar_HOMO|ar2_homo_hartree|ar2_gibbs_free_energy_hartree|rate kobs (s-1)|ar1_bond_length_c_e,0.6883556839927985,0.542411000102007,2.473149781387265,LOOCV,ln(kobs) = <nonlinear model; no closed-form linear equation>
azoarene_svr_rbf_c10_eps01_g003,ln(kobs),5,ar2_Ar_HOMO|ar2_homo_hartree|ar2_enthalpy_hartree|rate kobs (s-1)|ar1_bond_length_c_e,0.6883559571332647,0.5423994493275968,2.473148697591737,LOOCV,ln(kobs) = <nonlinear model; no closed-form linear equation>
azoarene_svr_rbf_c10_eps01_g003,ln(kobs),5,ar2_Ar_HOMO|ar2_homo_hartree|ar2_scf_energy_hartree|rate kobs (s-1)|ar1_bond_length_c_e,0.6883692061243412,0.5423910762409685,2.4730961262783464,LOOCV,ln(kobs) = <nonlinear model; no closed-form linear equation>
azoarene_svr_rbf_c10_eps01_g003,ln(kobs),4,ar2_Ar_HOMO|ar2_homo_hartree|ar2_scf_energy_hartree|ar1_bond_length_c_e,0.628425675504594,0.5420623721899851,2.7004967729575835,LOOCV,ln(kobs) = <nonlinear model; no closed-form linear equation>
azoarene_svr_rbf_c10_eps01_g003,ln(kobs),4,ar2_Ar_HOMO|ar2_homo_hartree|ar2_gibbs_free_energy_hartree|ar1_bond_length_c_e,0.6284176726116605,0.5420585571870897,2.7005258541786885,LOOCV,ln(kobs) = <nonlinear model; no closed-form linear equation>
azoarene_svr_rbf_c10_eps01_g003,ln(kobs),4,ar2_Ar_HOMO|ar2_homo_hartree|ar2_enthalpy_hartree|ar1_bond_length_c_e,0.6284182812756315,0.5420459851324124,2.7005236424030707,LOOCV,ln(kobs) = <nonlinear model; no closed-form linear equation>
azoarene_svr_rbf_c10_eps01_g003,ln(kobs),4,ar2_Ar_HOMO|ar2_enthalpy_hartree|ar2_lumo_hartree|ar1_nbo_q_a,0.6224540483069176,0.5417349383245541,2.7221103265548092,LOOCV,ln(kobs) = <nonlinear model; no closed-form linear equation>
azoarene_svr_rbf_c10_eps01_g003,ln(kobs),4,ar2_Ar_HOMO|ar2_enthalpy_hartree|ar2_lumo_hartree|ar1_Ar_NBO_OH,0.6224540483069176,0.5417349383245541,2.7221103265548092,LOOCV,ln(kobs) = <nonlinear model; no closed-form linear equation>
azoarene_svr_rbf_c10_eps01_g003,ln(kobs),4,ar2_Ar_HOMO|ar2_enthalpy_hartree|ar2_Ar_LUMO|ar1_nbo_q_a,0.6224540483069176,0.5417349383245541,2.7221103265548092,LOOCV,ln(kobs) = <nonlinear model; no closed-form linear equation>
azoarene_svr_rbf_c10_eps01_g003,ln(kobs),4,ar2_Ar_HOMO|ar2_enthalpy_hartree|ar2_Ar_LUMO|ar1_Ar_NBO_OH,0.6224540483069176,0.5417349383245541,2.7221103265548092,LOOCV,ln(kobs) = <nonlinear model; no closed-form linear equation>
azoarene_svr_rbf_c10_eps01_g003,ln(kobs),4,ar2_homo_hartree|ar2_enthalpy_hartree|ar2_lumo_hartree|ar1_nbo_q_a,0.6224540483069176,0.5417349383245541,2.7221103265548092,LOOCV,ln(kobs) = <nonlinear model; no closed-form linear equation>
azoarene_svr_rbf_c10_eps01_g003,ln(kobs),4,ar2_homo_hartree|ar2_enthalpy_hartree|ar2_lumo_hartree|ar1_Ar_NBO_OH,0.6224540483069176,0.5417349383245541,2.7221103265548092,LOOCV,ln(kobs) = <nonlinear model; no closed-form linear equation>
azoarene_svr_rbf_c10_eps01_g003,ln(kobs),4,ar2_homo_hartree|ar2_enthalpy_hartree|ar2_Ar_LUMO|ar1_nbo_q_a,0.6224540483069176,0.5417349383245541,2.7221103265548092,LOOCV,ln(kobs) = <nonlinear model; no closed-form linear equation>
azoarene_svr_rbf_c10_eps01_g003,ln(kobs),4,ar2_homo_hartree|ar2_enthalpy_hartree|ar2_Ar_LUMO|ar1_Ar_NBO_OH,0.6224540483069176,0.5417349383245541,2.7221103265548092,LOOCV,ln(kobs) = <nonlinear model; no closed-form linear equation>
azoarene_svr_rbf_c10_eps01_g003,ln(kobs),4,ar2_Ar_HOMO|ar2_gibbs_free_energy_hartree|ar2_lumo_hartree|ar1_nbo_q_a,0.622454032126845,0.5417324227249263,2.722110384884056,LOOCV,ln(kobs) = <nonlinear model; no closed-form linear equation>
azoarene_svr_rbf_c10_eps01_g003,ln(kobs),4,ar2_Ar_HOMO|ar2_gibbs_free_energy_hartree|ar2_lumo_hartree|ar1_Ar_NBO_OH,0.622454032126845,0.5417324227249263,2.722110384884056,LOOCV,ln(kobs) = <nonlinear model; no closed-form linear equation>
azoarene_svr_rbf_c10_eps01_g003,ln(kobs),4,ar2_Ar_HOMO|ar2_gibbs_free_energy_hartree|ar2_Ar_LUMO|ar1_nbo_q_a,0.622454032126845,0.5417324227249263,2.722110384884056,LOOCV,ln(kobs) = <nonlinear model; no closed-form linear equation>
azoarene_svr_rbf_c10_eps01_g003,ln(kobs),4,ar2_Ar_HOMO|ar2_gibbs_free_energy_hartree|ar2_Ar_LUMO|ar1_Ar_NBO_OH,0.622454032126845,0.5417324227249263,2.722110384884056,LOOCV,ln(kobs) = <nonlinear model; no closed-form linear equation>
azoarene_svr_rbf_c10_eps01_g003,ln(kobs),4,ar2_homo_hartree|ar2_gibbs_free_energy_hartree|ar2_lumo_hartree|ar1_nbo_q_a,0.622454032126845,0.5417324227249263,2.722110384884056,LOOCV,ln(kobs) = <nonlinear model; no closed-form linear equation>
azoarene_svr_rbf_c10_eps01_g003,ln(kobs),4,ar2_homo_hartree|ar2_gibbs_free_energy_hartree|ar2_lumo_hartree|ar1_Ar_NBO_OH,0.622454032126845,0.5417324227249263,2.722110384884056,LOOCV,ln(kobs) = <nonlinear model; no closed-form linear equation>
azoarene_svr_rbf_c10_eps01_g003,ln(kobs),4,ar2_homo_hartree|ar2_gibbs_free_energy_hartree|ar2_Ar_LUMO|ar1_nbo_q_a,0.622454032126845,0.5417324227249263,2.722110384884056,LOOCV,ln(kobs) = <nonlinear model; no closed-form linear equation>
azoarene_svr_rbf_c10_eps01_g003,ln(kobs),4,ar2_homo_hartree|ar2_gibbs_free_energy_hartree|ar2_Ar_LUMO|ar1_Ar_NBO_OH,0.622454032126845,0.5417324227249263,2.722110384884056,LOOCV,ln(kobs) = <nonlinear model; no closed-form linear equation>
azoarene_svr_rbf_c10_eps01_g003,ln(kobs),4,ar2_Ar_HOMO|ar2_scf_energy_hartree|ar2_lumo_hartree|ar1_nbo_q_a,0.6224637339338952,0.5417187568469111,2.722075409594113,LOOCV,ln(kobs) = <nonlinear model; no closed-form linear equation>
azoarene_svr_rbf_c10_eps01_g003,ln(kobs),4,ar2_Ar_HOMO|ar2_scf_energy_hartree|ar2_lumo_hartree|ar1_Ar_NBO_OH,0.6224637339338952,0.5417187568469111,2.722075409594113,LOOCV,ln(kobs) = <nonlinear model; no closed-form linear equation>
azoarene_svr_rbf_c10_eps01_g003,ln(kobs),4,ar2_Ar_HOMO|ar2_scf_energy_hartree|ar2_Ar_LUMO|ar1_nbo_q_a,0.6224637339338952,0.5417187568469111,2.722075409594113,LOOCV,ln(kobs) = <nonlinear model; no closed-form linear equation>
azoarene_svr_rbf_c10_eps01_g003,ln(kobs),4,ar2_Ar_HOMO|ar2_scf_energy_hartree|ar2_Ar_LUMO|ar1_Ar_NBO_OH,0.6224637339338952,0.5417187568469111,2.722075409594113,LOOCV,ln(kobs) = <nonlinear model; no closed-form linear equation>
azoarene_svr_rbf_c10_eps01_g003,ln(kobs),4,ar2_homo_hartree|ar2_scf_energy_hartree|ar2_lumo_hartree|ar1_nbo_q_a,0.6224637339338952,0.5417187568469111,2.722075409594113,LOOCV,ln(kobs) = <nonlinear model; no closed-form linear equation>
azoarene_svr_rbf_c10_eps01_g003,ln(kobs),4,ar2_homo_hartree|ar2_scf_energy_hartree|ar2_lumo_hartree|ar1_Ar_NBO_OH,0.6224637339338952,0.5417187568469111,2.722075409594113,LOOCV,ln(kobs) = <nonlinear model; no closed-form linear equation>
azoarene_svr_rbf_c10_eps01_g003,ln(kobs),4,ar2_homo_hartree|ar2_scf_energy_hartree|ar2_Ar_LUMO|ar1_nbo_q_a,0.6224637339338952,0.5417187568469111,2.722075409594113,LOOCV,ln(kobs) = <nonlinear model; no closed-form linear equation>
azoarene_svr_rbf_c10_eps01_g003,ln(kobs),4,ar2_homo_hartree|ar2_scf_energy_hartree|ar2_Ar_LUMO|ar1_Ar_NBO_OH,0.6224637339338952,0.5417187568469111,2.722075409594113,LOOCV,ln(kobs) = <nonlinear model; no closed-form linear equation>
azoarene_svr_rbf_c10_eps01_g003,ln(kobs),4,ar2_Ar_HOMO|ar2_lumo_hartree|ar2_Ar_LUMO|ar1_nbo_q_a,0.603586112696559,0.5416442881387593,2.789300112781905,LOOCV,ln(kobs) = <nonlinear model; no closed-form linear equation>
azoarene_svr_rbf_c10_eps01_g003,ln(kobs),4,ar2_Ar_HOMO|ar2_lumo_hartree|ar2_Ar_LUMO|ar1_Ar_NBO_OH,0.603586112696559,0.5416442881387593,2.789300112781905,LOOCV,ln(kobs) = <nonlinear model; no closed-form linear equation>
azoarene_svr_rbf_c10_eps01_g003,ln(kobs),4,ar2_homo_hartree|ar2_lumo_hartree|ar2_Ar_LUMO|ar1_nbo_q_a,0.603586112696559,0.5416442881387593,2.789300112781905,LOOCV,ln(kobs) = <nonlinear model; no closed-form linear equation>
azoarene_svr_rbf_c10_eps01_g003,ln(kobs),4,ar2_homo_hartree|ar2_lumo_hartree|ar2_Ar_LUMO|ar1_Ar_NBO_OH,0.603586112696559,0.5416442881387593,2.789300112781905,LOOCV,ln(kobs) = <nonlinear model; no closed-form linear equation>
azoarene_svr_rbf_c10_eps01_g003,ln(kobs),5,ar2_Ar_HOMO|ar2_Ar_polar|rate kobs (s-1)|ar1_bond_length_c_a|ar2_gap_hartree,0.6980173562856528,0.5415135466884669,2.4345113610525897,LOOCV,ln(kobs) = <nonlinear model; no closed-form linear equation>
azoarene_svr_rbf_c10_eps01_g003,ln(kobs),5,ar2_Ar_HOMO|ar2_isotropic_polarizability_au|rate kobs (s-1)|ar1_bond_length_c_a|ar2_gap_hartree,0.6980173562856528,0.5415135466884669,2.4345113610525897,LOOCV,ln(kobs) = <nonlinear model; no closed-form linear equation>
azoarene_svr_rbf_c10_eps01_g003,ln(kobs),5,ar2_homo_hartree|ar2_Ar_polar|rate kobs (s-1)|ar1_bond_length_c_a|ar2_gap_hartree,0.6980173562856528,0.5415135466884669,2.4345113610525897,LOOCV,ln(kobs) = <nonlinear model; no closed-form linear equation>
azoarene_svr_rbf_c10_eps01_g003,ln(kobs),5,ar2_homo_hartree|ar2_isotropic_polarizability_au|rate kobs (s-1)|ar1_bond_length_c_a|ar2_gap_hartree,0.6980173562856528,0.5415135466884669,2.4345113610525897,LOOCV,ln(kobs) = <nonlinear model; no closed-form linear equation>
azoarene_svr_rbf_c10_eps01_g003,ln(kobs),5,ar2_Ar_HOMO|ar2_homo_hartree|ar2_Ar_polar|ar1_q_a|ar1_nbo_q_a,0.6408046580887028,0.5413600400224023,2.6551322768027017,LOOCV,ln(kobs) = <nonlinear model; no closed-form linear equation>
azoarene_svr_rbf_c10_eps01_g003,ln(kobs),5,ar2_Ar_HOMO|ar2_homo_hartree|ar2_Ar_polar|ar1_q_a|ar1_Ar_NBO_OH,0.6408046580887028,0.5413600400224023,2.6551322768027017,LOOCV,ln(kobs) = <nonlinear model; no closed-form linear equation>
azoarene_svr_rbf_c10_eps01_g003,ln(kobs),5,ar2_Ar_HOMO|ar2_homo_hartree|ar2_isotropic_polarizability_au|ar1_q_a|ar1_nbo_q_a,0.6408046580887028,0.5413600400224023,2.6551322768027017,LOOCV,ln(kobs) = <nonlinear model; no closed-form linear equation>
azoarene_svr_rbf_c10_eps01_g003,ln(kobs),5,ar2_Ar_HOMO|ar2_homo_hartree|ar2_isotropic_polarizability_au|ar1_q_a|ar1_Ar_NBO_OH,0.6408046580887028,0.5413600400224023,2.6551322768027017,LOOCV,ln(kobs) = <nonlinear model; no closed-form linear equation>
azoarene_svr_rbf_c10_eps01_g003,ln(kobs),5,ar2_Ar_HOMO|ar2_Ar_polar|ar1_bond_length_c_a|ar2_lumo_hartree|ar1_nbo_q_a,0.6444742455886808,0.5405851039445001,2.6415348667535206,LOOCV,ln(kobs) = <nonlinear model; no closed-form linear equation>
azoarene_svr_rbf_c10_eps01_g003,ln(kobs),5,ar2_Ar_HOMO|ar2_Ar_polar|ar1_bond_length_c_a|ar2_lumo_hartree|ar1_Ar_NBO_OH,0.6444742455886808,0.5405851039445001,2.6415348667535206,LOOCV,ln(kobs) = <nonlinear model; no closed-form linear equation>
azoarene_svr_rbf_c10_eps01_g003,ln(kobs),5,ar2_Ar_HOMO|ar2_Ar_polar|ar1_bond_length_c_a|ar2_Ar_LUMO|ar1_nbo_q_a,0.6444742455886808,0.5405851039445001,2.6415348667535206,LOOCV,ln(kobs) = <nonlinear model; no closed-form linear equation>
azoarene_svr_rbf_c10_eps01_g003,ln(kobs),5,ar2_Ar_HOMO|ar2_Ar_polar|ar1_bond_length_c_a|ar2_Ar_LUMO|ar1_Ar_NBO_OH,0.6444742455886808,0.5405851039445001,2.6415348667535206,LOOCV,ln(kobs) = <nonlinear model; no closed-form linear equation>
azoarene_svr_rbf_c10_eps01_g003,ln(kobs),5,ar2_Ar_HOMO|ar2_isotropic_polarizability_au|ar1_bond_length_c_a|ar2_lumo_hartree|ar1_nbo_q_a,0.6444742455886808,0.5405851039445001,2.6415348667535206,LOOCV,ln(kobs) = <nonlinear model; no closed-form linear equation>
azoarene_svr_rbf_c10_eps01_g003,ln(kobs),5,ar2_Ar_HOMO|ar2_isotropic_polarizability_au|ar1_bond_length_c_a|ar2_lumo_hartree|ar1_Ar_NBO_OH,0.6444742455886808,0.5405851039445001,2.6415348667535206,LOOCV,ln(kobs) = <nonlinear model; no closed-form linear equation>
azoarene_svr_rbf_c10_eps01_g003,ln(kobs),5,ar2_Ar_HOMO|ar2_isotropic_polarizability_au|ar1_bond_length_c_a|ar2_Ar_LUMO|ar1_nbo_q_a,0.6444742455886808,0.5405851039445001,2.6415348667535206,LOOCV,ln(kobs) = <nonlinear model; no closed-form linear equation>
azoarene_svr_rbf_c10_eps01_g003,ln(kobs),5,ar2_Ar_HOMO|ar2_isotropic_polarizability_au|ar1_bond_length_c_a|ar2_Ar_LUMO|ar1_Ar_NBO_OH,0.6444742455886808,0.5405851039445001,2.6415348667535206,LOOCV,ln(kobs) = <nonlinear model; no closed-form linear equation>
azoarene_svr_rbf_c10_eps01_g003,ln(kobs),5,ar2_homo_hartree|ar2_Ar_polar|ar1_bond_length_c_a|ar2_lumo_hartree|ar1_nbo_q_a,0.6444742455886808,0.5405851039445001,2.6415348667535206,LOOCV,ln(kobs) = <nonlinear model; no closed-form linear equation>
azoarene_svr_rbf_c10_eps01_g003,ln(kobs),5,ar2_homo_hartree|ar2_Ar_polar|ar1_bond_length_c_a|ar2_lumo_hartree|ar1_Ar_NBO_OH,0.6444742455886808,0.5405851039445001,2.6415348667535206,LOOCV,ln(kobs) = <nonlinear model; no closed-form linear equation>
azoarene_svr_rbf_c10_eps01_g003,ln(kobs),5,ar2_homo_hartree|ar2_Ar_polar|ar1_bond_length_c_a|ar2_Ar_LUMO|ar1_nbo_q_a,0.6444742455886808,0.5405851039445001,2.6415348667535206,LOOCV,ln(kobs) = <nonlinear model; no closed-form linear equation>
azoarene_svr_rbf_c10_eps01_g003,ln(kobs),5,ar2_homo_hartree|ar2_Ar_polar|ar1_bond_length_c_a|ar2_Ar_LUMO|ar1_Ar_NBO_OH,0.6444742455886808,0.5405851039445001,2.6415348667535206,LOOCV,ln(kobs) = <nonlinear model; no closed-form linear equation>
azoarene_svr_rbf_c10_eps01_g003,ln(kobs),5,ar2_homo_hartree|ar2_isotropic_polarizability_au|ar1_bond_length_c_a|ar2_lumo_hartree|ar1_nbo_q_a,0.6444742455886808,0.5405851039445001,2.6415348667535206,LOOCV,ln(kobs) = <nonlinear model; no closed-form linear equation>
azoarene_svr_rbf_c10_eps01_g003,ln(kobs),5,ar2_homo_hartree|ar2_isotropic_polarizability_au|ar1_bond_length_c_a|ar2_lumo_hartree|ar1_Ar_NBO_OH,0.6444742455886808,0.5405851039445001,2.6415348667535206,LOOCV,ln(kobs) = <nonlinear model; no closed-form linear equation>
azoarene_svr_rbf_c10_eps01_g003,ln(kobs),5,ar2_homo_hartree|ar2_isotropic_polarizability_au|ar1_bond_length_c_a|ar2_Ar_LUMO|ar1_nbo_q_a,0.6444742455886808,0.5405851039445001,2.6415348667535206,LOOCV,ln(kobs) = <nonlinear model; no closed-form linear equation>
azoarene_svr_rbf_c10_eps01_g003,ln(kobs),5,ar2_homo_hartree|ar2_isotropic_polarizability_au|ar1_bond_length_c_a|ar2_Ar_LUMO|ar1_Ar_NBO_OH,0.6444742455886808,0.5405851039445001,2.6415348667535206,LOOCV,ln(kobs) = <nonlinear model; no closed-form linear equation>
azoarene_svr_rbf_c10_eps01_g003,ln(kobs),5,ar2_Ar_HOMO|ar2_homo_hartree|ar2_enthalpy_hartree|rate kobs (s-1)|ar1_bond_length_c_a,0.6881576410449176,0.5400359991630868,2.473935472093317,LOOCV,ln(kobs) = <nonlinear model; no closed-form linear equation>
azoarene_svr_rbf_c10_eps01_g003,ln(kobs),5,ar2_Ar_HOMO|ar2_homo_hartree|ar2_gibbs_free_energy_hartree|rate kobs (s-1)|ar1_bond_length_c_a,0.6881510292746522,0.5400241507212518,2.473961698495571,LOOCV,ln(kobs) = <nonlinear model; no closed-form linear equation>
azoarene_svr_rbf_c10_eps01_g003,ln(kobs),5,ar2_Ar_HOMO|ar2_homo_hartree|ar2_scf_energy_hartree|rate kobs (s-1)|ar1_bond_length_c_a,0.688158672314934,0.5400214167988939,2.4739313814085353,LOOCV,ln(kobs) = <nonlinear model; no closed-form linear equation>
azoarene_svr_rbf_c10_eps01_g003,ln(kobs),5,ar2_Ar_HOMO|ar2_homo_hartree|ar2_enthalpy_hartree|rate kobs (s-1)|ar1_nbo_q_a,0.695169716648697,0.5395851877514268,2.445962920427149,LOOCV,ln(kobs) = <nonlinear model; no closed-form linear equation>
azoarene_svr_rbf_c10_eps01_g003,ln(kobs),5,ar2_Ar_HOMO|ar2_homo_hartree|ar2_enthalpy_hartree|rate kobs (s-1)|ar1_Ar_NBO_OH,0.695169716648697,0.5395851877514268,2.445962920427149,LOOCV,ln(kobs) = <nonlinear model; no closed-form linear equation>
azoarene_svr_rbf_c10_eps01_g003,ln(kobs),5,ar2_Ar_HOMO|ar2_homo_hartree|ar2_gibbs_free_energy_hartree|rate kobs (s-1)|ar1_nbo_q_a,0.6951762676470906,0.5395824340148365,2.4459366376295932,LOOCV,ln(kobs) = <nonlinear model; no closed-form linear equation>
azoarene_svr_rbf_c10_eps01_g003,ln(kobs),5,ar2_Ar_HOMO|ar2_homo_hartree|ar2_gibbs_free_energy_hartree|rate kobs (s-1)|ar1_Ar_NBO_OH,0.6951762676470906,0.5395824340148365,2.4459366376295932,LOOCV,ln(kobs) = <nonlinear model; no closed-form linear equation>
azoarene_svr_rbf_c10_eps01_g003,ln(kobs),5,ar2_Ar_HOMO|ar2_homo_hartree|ar2_scf_energy_hartree|rate kobs (s-1)|ar1_nbo_q_a,0.6951686484954395,0.5395283166337573,2.4459672058625457,LOOCV,ln(kobs) = <nonlinear model; no closed-form linear equation>
azoarene_svr_rbf_c10_eps01_g003,ln(kobs),5,ar2_Ar_HOMO|ar2_homo_hartree|ar2_scf_energy_hartree|rate kobs (s-1)|ar1_Ar_NBO_OH,0.6951686484954395,0.5395283166337573,2.4459672058625457,LOOCV,ln(kobs) = <nonlinear model; no closed-form linear equation>
azoarene_svr_rbf_c10_eps01_g003,ln(kobs),5,ar2_Ar_HOMO|ar2_Ar_polar|ar1_bond_length_c_a|ar2_gap_hartree|ar1_nbo_q_a,0.6443699063925878,0.5394796877822035,2.641922455278648,LOOCV,ln(kobs) = <nonlinear model; no closed-form linear equation>
azoarene_svr_rbf_c10_eps01_g003,ln(kobs),5,ar2_Ar_HOMO|ar2_Ar_polar|ar1_bond_length_c_a|ar2_gap_hartree|ar1_Ar_NBO_OH,0.6443699063925878,0.5394796877822035,2.641922455278648,LOOCV,ln(kobs) = <nonlinear model; no closed-form linear equation>
azoarene_svr_rbf_c10_eps01_g003,ln(kobs),5,ar2_Ar_HOMO|ar2_isotropic_polarizability_au|ar1_bond_length_c_a|ar2_gap_hartree|ar1_nbo_q_a,0.6443699063925878,0.5394796877822035,2.641922455278648,LOOCV,ln(kobs) = <nonlinear model; no closed-form linear equation>
azoarene_svr_rbf_c10_eps01_g003,ln(kobs),5,ar2_Ar_HOMO|ar2_isotropic_polarizability_au|ar1_bond_length_c_a|ar2_gap_hartree|ar1_Ar_NBO_OH,0.6443699063925878,0.5394796877822035,2.641922455278648,LOOCV,ln(kobs) = <nonlinear model; no closed-form linear equation>
azoarene_svr_rbf_c10_eps01_g003,ln(kobs),5,ar2_homo_hartree|ar2_Ar_polar|ar1_bond_length_c_a|ar2_gap_hartree|ar1_nbo_q_a,0.6443699063925878,0.5394796877822035,2.641922455278648,LOOCV,ln(kobs) = <nonlinear model; no closed-form linear equation>
azoarene_svr_rbf_c10_eps01_g003,ln(kobs),5,ar2_homo_hartree|ar2_Ar_polar|ar1_bond_length_c_a|ar2_gap_hartree|ar1_Ar_NBO_OH,0.6443699063925878,0.5394796877822035,2.641922455278648,LOOCV,ln(kobs) = <nonlinear model; no closed-form linear equation>
azoarene_svr_rbf_c10_eps01_g003,ln(kobs),5,ar2_homo_hartree|ar2_isotropic_polarizability_au|ar1_bond_length_c_a|ar2_gap_hartree|ar1_nbo_q_a,0.6443699063925878,0.5394796877822035,2.641922455278648,LOOCV,ln(kobs) = <nonlinear model; no closed-form linear equation>
azoarene_svr_rbf_c10_eps01_g003,ln(kobs),5,ar2_homo_hartree|ar2_isotropic_polarizability_au|ar1_bond_length_c_a|ar2_gap_hartree|ar1_Ar_NBO_OH,0.6443699063925878,0.5394796877822035,2.641922455278648,LOOCV,ln(kobs) = <nonlinear model; no closed-form linear equation>
azoarene_svr_rbf_c10_eps01_g003,ln(kobs),4,ar2_Ar_HOMO|ar2_enthalpy_hartree|ar2_gap_hartree|ar1_nbo_q_a,0.622276241169899,0.5393151719820457,2.7227512467769115,LOOCV,ln(kobs) = <nonlinear model; no closed-form linear equation>
azoarene_svr_rbf_c10_eps01_g003,ln(kobs),4,ar2_Ar_HOMO|ar2_enthalpy_hartree|ar2_gap_hartree|ar1_Ar_NBO_OH,0.622276241169899,0.5393151719820457,2.7227512467769115,LOOCV,ln(kobs) = <nonlinear model; no closed-form linear equation>
azoarene_svr_rbf_c10_eps01_g003,ln(kobs),4,ar2_homo_hartree|ar2_enthalpy_hartree|ar2_gap_hartree|ar1_nbo_q_a,0.622276241169899,0.5393151719820457,2.7227512467769115,LOOCV,ln(kobs) = <nonlinear model; no closed-form linear equation>
azoarene_svr_rbf_c10_eps01_g003,ln(kobs),4,ar2_homo_hartree|ar2_enthalpy_hartree|ar2_gap_hartree|ar1_Ar_NBO_OH,0.622276241169899,0.5393151719820457,2.7227512467769115,LOOCV,ln(kobs) = <nonlinear model; no closed-form linear equation>
azoarene_svr_rbf_c10_eps01_g003,ln(kobs),4,ar2_Ar_HOMO|ar2_gibbs_free_energy_hartree|ar2_gap_hartree|ar1_nbo_q_a,0.622275973894336,0.5393135550866306,2.7227522100797574,LOOCV,ln(kobs) = <nonlinear model; no closed-form linear equation>
azoarene_svr_rbf_c10_eps01_g003,ln(kobs),4,ar2_Ar_HOMO|ar2_gibbs_free_energy_hartree|ar2_gap_hartree|ar1_Ar_NBO_OH,0.622275973894336,0.5393135550866306,2.7227522100797574,LOOCV,ln(kobs) = <nonlinear model; no closed-form linear equation>
azoarene_svr_rbf_c10_eps01_g003,ln(kobs),4,ar2_homo_hartree|ar2_gibbs_free_energy_hartree|ar2_gap_hartree|ar1_nbo_q_a,0.622275973894336,0.5393135550866306,2.7227522100797574,LOOCV,ln(kobs) = <nonlinear model; no closed-form linear equation>
azoarene_svr_rbf_c10_eps01_g003,ln(kobs),4,ar2_homo_hartree|ar2_gibbs_free_energy_hartree|ar2_gap_hartree|ar1_Ar_NBO_OH,0.622275973894336,0.5393135550866306,2.7227522100797574,LOOCV,ln(kobs) = <nonlinear model; no closed-form linear equation>
azoarene_svr_rbf_c10_eps01_g003,ln(kobs),4,ar2_Ar_HOMO|ar2_scf_energy_hartree|ar2_gap_hartree|ar1_nbo_q_a,0.62227291123801,0.5393096672773718,2.722763248346853,LOOCV,ln(kobs) = <nonlinear model; no closed-form linear equation>
azoarene_svr_rbf_c10_eps01_g003,ln(kobs),4,ar2_Ar_HOMO|ar2_scf_energy_hartree|ar2_gap_hartree|ar1_Ar_NBO_OH,0.62227291123801,0.5393096672773718,2.722763248346853,LOOCV,ln(kobs) = <nonlinear model; no closed-form linear equation>
azoarene_svr_rbf_c10_eps01_g003,ln(kobs),4,ar2_homo_hartree|ar2_scf_energy_hartree|ar2_gap_hartree|ar1_nbo_q_a,0.62227291123801,0.5393096672773718,2.722763248346853,LOOCV,ln(kobs) = <nonlinear model; no closed-form linear equation>
azoarene_svr_rbf_c10_eps01_g003,ln(kobs),4,ar2_homo_hartree|ar2_scf_energy_hartree|ar2_gap_hartree|ar1_Ar_NBO_OH,0.62227291123801,0.5393096672773718,2.722763248346853,LOOCV,ln(kobs) = <nonlinear model; no closed-form linear equation>
azoarene_svr_rbf_c10_eps01_g003,ln(kobs),4,ar2_Ar_HOMO|ar2_Ar_polar|ar2_isotropic_polarizability_au|ar1_nbo_q_a,0.6072547880494827,0.537291117042453,2.7763631005910656,LOOCV,ln(kobs) = <nonlinear model; no closed-form linear equation>
azoarene_svr_rbf_c10_eps01_g003,ln(kobs),4,ar2_Ar_HOMO|ar2_Ar_polar|ar2_isotropic_polarizability_au|ar1_Ar_NBO_OH,0.6072547880494827,0.537291117042453,2.7763631005910656,LOOCV,ln(kobs) = <nonlinear model; no closed-form linear equation>
azoarene_svr_rbf_c10_eps01_g003,ln(kobs),4,ar2_homo_hartree|ar2_Ar_polar|ar2_isotropic_polarizability_au|ar1_nbo_q_a,0.6072547880494827,0.537291117042453,2.7763631005910656,LOOCV,ln(kobs) = <nonlinear model; no closed-form linear equation>
azoarene_svr_rbf_c10_eps01_g003,ln(kobs),4,ar2_homo_hartree|ar2_Ar_polar|ar2_isotropic_polarizability_au|ar1_Ar_NBO_OH,0.6072547880494827,0.537291117042453,2.7763631005910656,LOOCV,ln(kobs) = <nonlinear model; no closed-form linear equation>
azoarene_svr_rbf_c10_eps01_g003,ln(kobs),4,ar2_Ar_HOMO|ar2_homo_hartree|ar2_gibbs_free_energy_hartree|ar1_bond_length_c_a,0.6295423488704741,0.5363914286070486,2.696435887059839,LOOCV,ln(kobs) = <nonlinear model; no closed-form linear equation>
azoarene_svr_rbf_c10_eps01_g003,ln(kobs),4,ar2_Ar_HOMO|ar2_homo_hartree|ar2_enthalpy_hartree|ar1_bond_length_c_a,0.6295419747651214,0.536387262028885,2.696437248552631,LOOCV,ln(kobs) = <nonlinear model; no closed-form linear equation>
azoarene_svr_rbf_c10_eps01_g003,ln(kobs),5,ar2_Ar_HOMO|ar2_homo_hartree|ar2_Ar_polar|rate kobs (s-1)|ar1_nbo_q_a,0.7066065919663652,0.536386927809863,2.399639433447196,LOOCV,ln(kobs) = <nonlinear model; no closed-form linear equation>
azoarene_svr_rbf_c10_eps01_g003,ln(kobs),5,ar2_Ar_HOMO|ar2_homo_hartree|ar2_Ar_polar|rate kobs (s-1)|ar1_Ar_NBO_OH,0.7066065919663652,0.536386927809863,2.399639433447196,LOOCV,ln(kobs) = <nonlinear model; no closed-form linear equation>
azoarene_svr_rbf_c10_eps01_g003,ln(kobs),5,ar2_Ar_HOMO|ar2_homo_hartree|ar2_isotropic_polarizability_au|rate kobs (s-1)|ar1_nbo_q_a,0.7066065919663652,0.536386927809863,2.399639433447196,LOOCV,ln(kobs) = <nonlinear model; no closed-form linear equation>
azoarene_svr_rbf_c10_eps01_g003,ln(kobs),5,ar2_Ar_HOMO|ar2_homo_hartree|ar2_isotropic_polarizability_au|rate kobs (s-1)|ar1_Ar_NBO_OH,0.7066065919663652,0.536386927809863,2.399639433447196,LOOCV,ln(kobs) = <nonlinear model; no closed-form linear equation>
azoarene_svr_rbf_c10_eps01_g003,ln(kobs),4,ar2_Ar_HOMO|ar2_homo_hartree|ar2_scf_energy_hartree|ar1_bond_length_c_a,0.6295473312715459,0.5363751477913363,2.6964177543931425,LOOCV,ln(kobs) = <nonlinear model; no closed-form linear equation>
azoarene_svr_rbf_c10_eps01_g003,ln(kobs),5,ar2_Ar_HOMO|ar2_homo_hartree|ar2_Ar_polar|ar2_enthalpy_hartree|ar1_bond_length_c_a,0.6413416437557132,0.5347273818980112,2.6531468651360948,LOOCV,ln(kobs) = <nonlinear model; no closed-form linear equation>
azoarene_svr_rbf_c10_eps01_g003,ln(kobs),5,ar2_Ar_HOMO|ar2_homo_hartree|ar2_isotropic_polarizability_au|ar2_enthalpy_hartree|ar1_bond_length_c_a,0.6413416437557132,0.5347273818980112,2.6531468651360948,LOOCV,ln(kobs) = <nonlinear model; no closed-form linear equation>
azoarene_svr_rbf_c10_eps01_g003,ln(kobs),5,ar2_Ar_HOMO|ar2_homo_hartree|ar2_Ar_polar|ar2_gibbs_free_energy_hartree|ar1_bond_length_c_a,0.6413492373239613,0.5347227490400408,2.653118778576726,LOOCV,ln(kobs) = <nonlinear model; no closed-form linear equation>
azoarene_svr_rbf_c10_eps01_g003,ln(kobs),5,ar2_Ar_HOMO|ar2_homo_hartree|ar2_isotropic_polarizability_au|ar2_gibbs_free_energy_hartree|ar1_bond_length_c_a,0.6413492373239613,0.5347227490400408,2.653118778576726,LOOCV,ln(kobs) = <nonlinear model; no closed-form linear equation>
azoarene_svr_rbf_c10_eps01_g003,ln(kobs),5,ar2_Ar_HOMO|ar2_homo_hartree|ar2_Ar_polar|ar2_scf_energy_hartree|ar1_bond_length_c_a,0.6413589282321557,0.5346844494474804,2.6530829340911257,LOOCV,ln(kobs) = <nonlinear model; no closed-form linear equation>
azoarene_svr_rbf_c10_eps01_g003,ln(kobs),5,ar2_Ar_HOMO|ar2_homo_hartree|ar2_isotropic_polarizability_au|ar2_scf_energy_hartree|ar1_bond_length_c_a,0.6413589282321557,0.5346844494474804,2.6530829340911257,LOOCV,ln(kobs) = <nonlinear model; no closed-form linear equation>
azoarene_svr_rbf_c10_eps01_g003,ln(kobs),4,ar2_Ar_HOMO|ar2_Ar_polar|ar2_lumo_hartree|ar1_bond_length_c_e,0.6357861621232174,0.5344894263321096,2.673616023172648,LOOCV,ln(kobs) = <nonlinear model; no closed-form linear equation>
azoarene_svr_rbf_c10_eps01_g003,ln(kobs),4,ar2_Ar_HOMO|ar2_Ar_polar|ar2_Ar_LUMO|ar1_bond_length_c_e,0.6357861621232174,0.5344894263321096,2.673616023172648,LOOCV,ln(kobs) = <nonlinear model; no closed-form linear equation>
azoarene_svr_rbf_c10_eps01_g003,ln(kobs),4,ar2_Ar_HOMO|ar2_isotropic_polarizability_au|ar2_lumo_hartree|ar1_bond_length_c_e,0.6357861621232174,0.5344894263321096,2.673616023172648,LOOCV,ln(kobs) = <nonlinear model; no closed-form linear equation>
azoarene_svr_rbf_c10_eps01_g003,ln(kobs),4,ar2_Ar_HOMO|ar2_isotropic_polarizability_au|ar2_Ar_LUMO|ar1_bond_length_c_e,0.6357861621232174,0.5344894263321096,2.673616023172648,LOOCV,ln(kobs) = <nonlinear model; no closed-form linear equation>
azoarene_svr_rbf_c10_eps01_g003,ln(kobs),4,ar2_homo_hartree|ar2_Ar_polar|ar2_lumo_hartree|ar1_bond_length_c_e,0.6357861621232174,0.5344894263321096,2.673616023172648,LOOCV,ln(kobs) = <nonlinear model; no closed-form linear equation>
azoarene_svr_rbf_c10_eps01_g003,ln(kobs),4,ar2_homo_hartree|ar2_Ar_polar|ar2_Ar_LUMO|ar1_bond_length_c_e,0.6357861621232174,0.5344894263321096,2.673616023172648,LOOCV,ln(kobs) = <nonlinear model; no closed-form linear equation>
azoarene_svr_rbf_c10_eps01_g003,ln(kobs),4,ar2_homo_hartree|ar2_isotropic_polarizability_au|ar2_lumo_hartree|ar1_bond_length_c_e,0.6357861621232174,0.5344894263321096,2.673616023172648,LOOCV,ln(kobs) = <nonlinear model; no closed-form linear equation>
azoarene_svr_rbf_c10_eps01_g003,ln(kobs),4,ar2_homo_hartree|ar2_isotropic_polarizability_au|ar2_Ar_LUMO|ar1_bond_length_c_e,0.6357861621232174,0.5344894263321096,2.673616023172648,LOOCV,ln(kobs) = <nonlinear model; no closed-form linear equation>
azoarene_svr_rbf_c10_eps01_g003,ln(kobs),4,ar2_Ar_HOMO|ar2_Ar_polar|ar2_gap_hartree|ar1_bond_length_c_e,0.6356109374748407,0.5343612814284048,2.6742590892029647,LOOCV,ln(kobs) = <nonlinear model; no closed-form linear equation>
azoarene_svr_rbf_c10_eps01_g003,ln(kobs),4,ar2_Ar_HOMO|ar2_isotropic_polarizability_au|ar2_gap_hartree|ar1_bond_length_c_e,0.6356109374748407,0.5343612814284048,2.6742590892029647,LOOCV,ln(kobs) = <nonlinear model; no closed-form linear equation>
azoarene_svr_rbf_c10_eps01_g003,ln(kobs),4,ar2_homo_hartree|ar2_Ar_polar|ar2_gap_hartree|ar1_bond_length_c_e,0.6356109374748407,0.5343612814284048,2.6742590892029647,LOOCV,ln(kobs) = <nonlinear model; no closed-form linear equation>
azoarene_svr_rbf_c10_eps01_g003,ln(kobs),4,ar2_homo_hartree|ar2_isotropic_polarizability_au|ar2_gap_hartree|ar1_bond_length_c_e,0.6356109374748407,0.5343612814284048,2.6742590892029647,LOOCV,ln(kobs) = <nonlinear model; no closed-form linear equation>
azoarene_svr_rbf_c10_eps01_g003,ln(kobs),3,ar2_Ar_HOMO|ar2_scf_energy_hartree|ar1_nbo_q_a,0.6000032534015407,0.5324435181061107,2.80187685452402,LOOCV,ln(kobs) = <nonlinear model; no closed-form linear equation>
azoarene_svr_rbf_c10_eps01_g003,ln(kobs),3,ar2_Ar_HOMO|ar2_scf_energy_hartree|ar1_Ar_NBO_OH,0.6000032534015407,0.5324435181061107,2.80187685452402,LOOCV,ln(kobs) = <nonlinear model; no closed-form linear equation>
azoarene_svr_rbf_c10_eps01_g003,ln(kobs),3,ar2_homo_hartree|ar2_scf_energy_hartree|ar1_nbo_q_a,0.6000032534015407,0.5324435181061107,2.80187685452402,LOOCV,ln(kobs) = <nonlinear model; no closed-form linear equation>
azoarene_svr_rbf_c10_eps01_g003,ln(kobs),3,ar2_homo_hartree|ar2_scf_energy_hartree|ar1_Ar_NBO_OH,0.6000032534015407,0.5324435181061107,2.80187685452402,LOOCV,ln(kobs) = <nonlinear model; no closed-form linear equation>
azoarene_svr_rbf_c10_eps01_g003,ln(kobs),3,ar2_Ar_HOMO|ar2_gibbs_free_energy_hartree|ar1_nbo_q_a,0.5999970047263778,0.5323974720627458,2.8018987396394404,LOOCV,ln(kobs) = <nonlinear model; no closed-form linear equation>
azoarene_svr_rbf_c10_eps01_g003,ln(kobs),3,ar2_Ar_HOMO|ar2_gibbs_free_energy_hartree|ar1_Ar_NBO_OH,0.5999970047263778,0.5323974720627458,2.8018987396394404,LOOCV,ln(kobs) = <nonlinear model; no closed-form linear equation>
azoarene_svr_rbf_c10_eps01_g003,ln(kobs),3,ar2_homo_hartree|ar2_gibbs_free_energy_hartree|ar1_nbo_q_a,0.5999970047263778,0.5323974720627458,2.8018987396394404,LOOCV,ln(kobs) = <nonlinear model; no closed-form linear equation>
azoarene_svr_rbf_c10_eps01_g003,ln(kobs),3,ar2_homo_hartree|ar2_gibbs_free_energy_hartree|ar1_Ar_NBO_OH,0.5999970047263778,0.5323974720627458,2.8018987396394404,LOOCV,ln(kobs) = <nonlinear model; no closed-form linear equation>
azoarene_svr_rbf_c10_eps01_g003,ln(kobs),3,ar2_Ar_HOMO|ar2_enthalpy_hartree|ar1_nbo_q_a,0.5999972136107983,0.5323830589783024,2.8018980080535805,LOOCV,ln(kobs) = <nonlinear model; no closed-form linear equation>
azoarene_svr_rbf_c10_eps01_g003,ln(kobs),3,ar2_Ar_HOMO|ar2_enthalpy_hartree|ar1_Ar_NBO_OH,0.5999972136107983,0.5323830589783024,2.8018980080535805,LOOCV,ln(kobs) = <nonlinear model; no closed-form linear equation>
azoarene_svr_rbf_c10_eps01_g003,ln(kobs),3,ar2_homo_hartree|ar2_enthalpy_hartree|ar1_nbo_q_a,0.5999972136107983,0.5323830589783024,2.8018980080535805,LOOCV,ln(kobs) = <nonlinear model; no closed-form linear equation>
azoarene_svr_rbf_c10_eps01_g003,ln(kobs),3,ar2_homo_hartree|ar2_enthalpy_hartree|ar1_Ar_NBO_OH,0.5999972136107983,0.5323830589783024,2.8018980080535805,LOOCV,ln(kobs) = <nonlinear model; no closed-form linear equation>
azoarene_svr_rbf_c10_eps01_g003,ln(kobs),5,ar2_Ar_HOMO|ar2_homo_hartree|ar2_Ar_polar|ar1_bond_length_c_e|ar1_nbo_q_a,0.6462478430397743,0.531160848591775,2.6349377678628225,LOOCV,ln(kobs) = <nonlinear model; no closed-form linear equation>
azoarene_svr_rbf_c10_eps01_g003,ln(kobs),5,ar2_Ar_HOMO|ar2_homo_hartree|ar2_Ar_polar|ar1_bond_length_c_e|ar1_Ar_NBO_OH,0.6462478430397743,0.531160848591775,2.6349377678628225,LOOCV,ln(kobs) = <nonlinear model; no closed-form linear equation>
azoarene_svr_rbf_c10_eps01_g003,ln(kobs),5,ar2_Ar_HOMO|ar2_homo_hartree|ar2_isotropic_polarizability_au|ar1_bond_length_c_e|ar1_nbo_q_a,0.6462478430397743,0.531160848591775,2.6349377678628225,LOOCV,ln(kobs) = <nonlinear model; no closed-form linear equation>
azoarene_svr_rbf_c10_eps01_g003,ln(kobs),5,ar2_Ar_HOMO|ar2_homo_hartree|ar2_isotropic_polarizability_au|ar1_bond_length_c_e|ar1_Ar_NBO_OH,0.6462478430397743,0.531160848591775,2.6349377678628225,LOOCV,ln(kobs) = <nonlinear model; no closed-form linear equation>
azoarene_svr_rbf_c10_eps01_g003,ln(kobs),3,ar2_Ar_HOMO|ar2_homo_hartree|ar1_bond_length_c_a,0.6108960253911278,0.5310280375143928,2.7634629586960227,LOOCV,ln(kobs) = <nonlinear model; no closed-form linear equation>
azoarene_svr_rbf_c10_eps01_g003,ln(kobs),4,ar2_Ar_HOMO|ar2_homo_hartree|ar2_Ar_Ster_B5|ar1_nbo_q_a,0.6294970340090438,0.5283676618281715,2.6966007977883204,LOOCV,ln(kobs) = <nonlinear model; no closed-form linear equation>
azoarene_svr_rbf_c10_eps01_g003,ln(kobs),4,ar2_Ar_HOMO|ar2_homo_hartree|ar2_Ar_Ster_B5|ar1_Ar_NBO_OH,0.6294970340090438,0.5283676618281715,2.6966007977883204,LOOCV,ln(kobs) = <nonlinear model; no closed-form linear equation>
azoarene_svr_rbf_c10_eps01_g003,ln(kobs),4,ar2_Ar_HOMO|ar2_homo_hartree|ar2_sterimol_B5|ar1_nbo_q_a,0.6294970340090438,0.5283676618281715,2.6966007977883204,LOOCV,ln(kobs) = <nonlinear model; no closed-form linear equation>
azoarene_svr_rbf_c10_eps01_g003,ln(kobs),4,ar2_Ar_HOMO|ar2_homo_hartree|ar2_sterimol_B5|ar1_Ar_NBO_OH,0.6294970340090438,0.5283676618281715,2.6966007977883204,LOOCV,ln(kobs) = <nonlinear model; no closed-form linear equation>
azoarene_svr_rbf_c10_eps01_g003,ln(kobs),4,ar2_Ar_HOMO|ar2_homo_hartree|ar2_Ar_polar|ar2_isotropic_polarizability_au,0.5653607220642622,0.5277802370644065,2.920688895301523,LOOCV,ln(kobs) = <nonlinear model; no closed-form linear equation>
azoarene_svr_rbf_c10_eps01_g003,ln(kobs),3,ar2_Ar_HOMO|ar2_Ar_polar|ar1_nbo_q_a,0.6130304922416066,0.527145135246603,2.7558729159954187,LOOCV,ln(kobs) = <nonlinear model; no closed-form linear equation>
azoarene_svr_rbf_c10_eps01_g003,ln(kobs),3,ar2_Ar_HOMO|ar2_Ar_polar|ar1_Ar_NBO_OH,0.6130304922416066,0.527145135246603,2.7558729159954187,LOOCV,ln(kobs) = <nonlinear model; no closed-form linear equation>
azoarene_svr_rbf_c10_eps01_g003,ln(kobs),3,ar2_Ar_HOMO|ar2_isotropic_polarizability_au|ar1_nbo_q_a,0.6130304922416066,0.527145135246603,2.7558729159954187,LOOCV,ln(kobs) = <nonlinear model; no closed-form linear equation>
azoarene_svr_rbf_c10_eps01_g003,ln(kobs),3,ar2_Ar_HOMO|ar2_isotropic_polarizability_au|ar1_Ar_NBO_OH,0.6130304922416066,0.527145135246603,2.7558729159954187,LOOCV,ln(kobs) = <nonlinear model; no closed-form linear equation>
azoarene_svr_rbf_c10_eps01_g003,ln(kobs),3,ar2_homo_hartree|ar2_Ar_polar|ar1_nbo_q_a,0.6130304922416066,0.527145135246603,2.7558729159954187,LOOCV,ln(kobs) = <nonlinear model; no closed-form linear equation>
azoarene_svr_rbf_c10_eps01_g003,ln(kobs),3,ar2_homo_hartree|ar2_Ar_polar|ar1_Ar_NBO_OH,0.6130304922416066,0.527145135246603,2.7558729159954187,LOOCV,ln(kobs) = <nonlinear model; no closed-form linear equation>
azoarene_svr_rbf_c10_eps01_g003,ln(kobs),3,ar2_homo_hartree|ar2_isotropic_polarizability_au|ar1_nbo_q_a,0.6130304922416066,0.527145135246603,2.7558729159954187,LOOCV,ln(kobs) = <nonlinear model; no closed-form linear equation>
azoarene_svr_rbf_c10_eps01_g003,ln(kobs),3,ar2_homo_hartree|ar2_isotropic_polarizability_au|ar1_Ar_NBO_OH,0.6130304922416066,0.527145135246603,2.7558729159954187,LOOCV,ln(kobs) = <nonlinear model; no closed-form linear equation>
azoarene_svr_rbf_c10_eps01_g003,ln(kobs),5,ar2_Ar_HOMO|ar2_enthalpy_hartree|rate kobs (s-1)|ar2_lumo_hartree|ar1_bond_length_c_e,0.6818326590033658,0.5253856407703981,2.4988984830242567,LOOCV,ln(kobs) = <nonlinear model; no closed-form linear equation>
azoarene_svr_rbf_c10_eps01_g003,ln(kobs),5,ar2_Ar_HOMO|ar2_enthalpy_hartree|rate kobs (s-1)|ar2_Ar_LUMO|ar1_bond_length_c_e,0.6818326590033658,0.5253856407703981,2.4988984830242567,LOOCV,ln(kobs) = <nonlinear model; no closed-form linear equation>
azoarene_svr_rbf_c10_eps01_g003,ln(kobs),5,ar2_homo_hartree|ar2_enthalpy_hartree|rate kobs (s-1)|ar2_lumo_hartree|ar1_bond_length_c_e,0.6818326590033658,0.5253856407703981,2.4988984830242567,LOOCV,ln(kobs) = <nonlinear model; no closed-form linear equation>
azoarene_svr_rbf_c10_eps01_g003,ln(kobs),5,ar2_homo_hartree|ar2_enthalpy_hartree|rate kobs (s-1)|ar2_Ar_LUMO|ar1_bond_length_c_e,0.6818326590033658,0.5253856407703981,2.4988984830242567,LOOCV,ln(kobs) = <nonlinear model; no closed-form linear equation>
azoarene_svr_rbf_c10_eps01_g003,ln(kobs),5,ar2_Ar_HOMO|ar2_gibbs_free_energy_hartree|rate kobs (s-1)|ar2_lumo_hartree|ar1_bond_length_c_e,0.6818240448593912,0.525383343187524,2.4989323107036565,LOOCV,ln(kobs) = <nonlinear model; no closed-form linear equation>
azoarene_svr_rbf_c10_eps01_g003,ln(kobs),5,ar2_Ar_HOMO|ar2_gibbs_free_energy_hartree|rate kobs (s-1)|ar2_Ar_LUMO|ar1_bond_length_c_e,0.6818240448593912,0.525383343187524,2.4989323107036565,LOOCV,ln(kobs) = <nonlinear model; no closed-form linear equation>
azoarene_svr_rbf_c10_eps01_g003,ln(kobs),5,ar2_homo_hartree|ar2_gibbs_free_energy_hartree|rate kobs (s-1)|ar2_lumo_hartree|ar1_bond_length_c_e,0.6818240448593912,0.525383343187524,2.4989323107036565,LOOCV,ln(kobs) = <nonlinear model; no closed-form linear equation>
azoarene_svr_rbf_c10_eps01_g003,ln(kobs),5,ar2_homo_hartree|ar2_gibbs_free_energy_hartree|rate kobs (s-1)|ar2_Ar_LUMO|ar1_bond_length_c_e,0.6818240448593912,0.525383343187524,2.4989323107036565,LOOCV,ln(kobs) = <nonlinear model; no closed-form linear equation>
azoarene_svr_rbf_c10_eps01_g003,ln(kobs),5,ar2_Ar_HOMO|ar2_scf_energy_hartree|rate kobs (s-1)|ar2_lumo_hartree|ar1_bond_length_c_e,0.6818213524698875,0.5253627628315065,2.498942883603308,LOOCV,ln(kobs) = <nonlinear model; no closed-form linear equation>
azoarene_svr_rbf_c10_eps01_g003,ln(kobs),5,ar2_Ar_HOMO|ar2_scf_energy_hartree|rate kobs (s-1)|ar2_Ar_LUMO|ar1_bond_length_c_e,0.6818213524698875,0.5253627628315065,2.498942883603308,LOOCV,ln(kobs) = <nonlinear model; no closed-form linear equation>
azoarene_svr_rbf_c10_eps01_g003,ln(kobs),5,ar2_homo_hartree|ar2_scf_energy_hartree|rate kobs (s-1)|ar2_lumo_hartree|ar1_bond_length_c_e,0.6818213524698875,0.5253627628315065,2.498942883603308,LOOCV,ln(kobs) = <nonlinear model; no closed-form linear equation>
azoarene_svr_rbf_c10_eps01_g003,ln(kobs),5,ar2_homo_hartree|ar2_scf_energy_hartree|rate kobs (s-1)|ar2_Ar_LUMO|ar1_bond_length_c_e,0.6818213524698875,0.5253627628315065,2.498942883603308,LOOCV,ln(kobs) = <nonlinear model; no closed-form linear equation>
azoarene_svr_rbf_c10_eps01_g003,ln(kobs),5,ar2_Ar_HOMO|ar2_Ar_polar|ar2_scf_energy_hartree|ar1_bond_length_c_a|ar2_lumo_hartree,0.6433330564740096,0.5250293708216398,2.6457709532356146,LOOCV,ln(kobs) = <nonlinear model; no closed-form linear equation>
azoarene_svr_rbf_c10_eps01_g003,ln(kobs),5,ar2_Ar_HOMO|ar2_Ar_polar|ar2_scf_energy_hartree|ar1_bond_length_c_a|ar2_Ar_LUMO,0.6433330564740096,0.5250293708216398,2.6457709532356146,LOOCV,ln(kobs) = <nonlinear model; no closed-form linear equation>
azoarene_svr_rbf_c10_eps01_g003,ln(kobs),5,ar2_Ar_HOMO|ar2_isotropic_polarizability_au|ar2_scf_energy_hartree|ar1_bond_length_c_a|ar2_lumo_hartree,0.6433330564740096,0.5250293708216398,2.6457709532356146,LOOCV,ln(kobs) = <nonlinear model; no closed-form linear equation>
azoarene_svr_rbf_c10_eps01_g003,ln(kobs),5,ar2_Ar_HOMO|ar2_isotropic_polarizability_au|ar2_scf_energy_hartree|ar1_bond_length_c_a|ar2_Ar_LUMO,0.6433330564740096,0.5250293708216398,2.6457709532356146,LOOCV,ln(kobs) = <nonlinear model; no closed-form linear equation>
azoarene_svr_rbf_c10_eps01_g003,ln(kobs),5,ar2_homo_hartree|ar2_Ar_polar|ar2_scf_energy_hartree|ar1_bond_length_c_a|ar2_lumo_hartree,0.6433330564740096,0.5250293708216398,2.6457709532356146,LOOCV,ln(kobs) = <nonlinear model; no closed-form linear equation>
azoarene_svr_rbf_c10_eps01_g003,ln(kobs),5,ar2_homo_hartree|ar2_Ar_polar|ar2_scf_energy_hartree|ar1_bond_length_c_a|ar2_Ar_LUMO,0.6433330564740096,0.5250293708216398,2.6457709532356146,LOOCV,ln(kobs) = <nonlinear model; no closed-form linear equation>
azoarene_svr_rbf_c10_eps01_g003,ln(kobs),5,ar2_homo_hartree|ar2_isotropic_polarizability_au|ar2_scf_energy_hartree|ar1_bond_length_c_a|ar2_lumo_hartree,0.6433330564740096,0.5250293708216398,2.6457709532356146,LOOCV,ln(kobs) = <nonlinear model; no closed-form linear equation>
azoarene_svr_rbf_c10_eps01_g003,ln(kobs),5,ar2_homo_hartree|ar2_isotropic_polarizability_au|ar2_scf_energy_hartree|ar1_bond_length_c_a|ar2_Ar_LUMO,0.6433330564740096,0.5250293708216398,2.6457709532356146,LOOCV,ln(kobs) = <nonlinear model; no closed-form linear equation>
azoarene_svr_rbf_c10_eps01_g003,ln(kobs),5,ar2_Ar_HOMO|ar2_Ar_polar|ar2_enthalpy_hartree|ar1_bond_length_c_a|ar2_lumo_hartree,0.6433007220631248,0.5250076826864563,2.645890879553195,LOOCV,ln(kobs) = <nonlinear model; no closed-form linear equation>
azoarene_svr_rbf_c10_eps01_g003,ln(kobs),5,ar2_Ar_HOMO|ar2_Ar_polar|ar2_enthalpy_hartree|ar1_bond_length_c_a|ar2_Ar_LUMO,0.6433007220631248,0.5250076826864563,2.645890879553195,LOOCV,ln(kobs) = <nonlinear model; no closed-form linear equation>
azoarene_svr_rbf_c10_eps01_g003,ln(kobs),5,ar2_Ar_HOMO|ar2_isotropic_polarizability_au|ar2_enthalpy_hartree|ar1_bond_length_c_a|ar2_lumo_hartree,0.6433007220631248,0.5250076826864563,2.645890879553195,LOOCV,ln(kobs) = <nonlinear model; no closed-form linear equation>
azoarene_svr_rbf_c10_eps01_g003,ln(kobs),5,ar2_Ar_HOMO|ar2_isotropic_polarizability_au|ar2_enthalpy_hartree|ar1_bond_length_c_a|ar2_Ar_LUMO,0.6433007220631248,0.5250076826864563,2.645890879553195,LOOCV,ln(kobs) = <nonlinear model; no closed-form linear equation>
azoarene_svr_rbf_c10_eps01_g003,ln(kobs),5,ar2_homo_hartree|ar2_Ar_polar|ar2_enthalpy_hartree|ar1_bond_length_c_a|ar2_lumo_hartree,0.6433007220631248,0.5250076826864563,2.645890879553195,LOOCV,ln(kobs) = <nonlinear model; no closed-form linear equation>
azoarene_svr_rbf_c10_eps01_g003,ln(kobs),5,ar2_homo_hartree|ar2_Ar_polar|ar2_enthalpy_hartree|ar1_bond_length_c_a|ar2_Ar_LUMO,0.6433007220631248,0.5250076826864563,2.645890879553195,LOOCV,ln(kobs) = <nonlinear model; no closed-form linear equation>
azoarene_svr_rbf_c10_eps01_g003,ln(kobs),5,ar2_homo_hartree|ar2_isotropic_polarizability_au|ar2_enthalpy_hartree|ar1_bond_length_c_a|ar2_lumo_hartree,0.6433007220631248,0.5250076826864563,2.645890879553195,LOOCV,ln(kobs) = <nonlinear model; no closed-form linear equation>
azoarene_svr_rbf_c10_eps01_g003,ln(kobs),5,ar2_homo_hartree|ar2_isotropic_polarizability_au|ar2_enthalpy_hartree|ar1_bond_length_c_a|ar2_Ar_LUMO,0.6433007220631248,0.5250076826864563,2.645890879553195,LOOCV,ln(kobs) = <nonlinear model; no closed-form linear equation>
azoarene_svr_rbf_c10_eps01_g003,ln(kobs),5,ar2_Ar_HOMO|ar2_Ar_polar|ar2_gibbs_free_energy_hartree|ar1_bond_length_c_a|ar2_lumo_hartree,0.64330741863109,0.5249825902946392,2.645866042845694,LOOCV,ln(kobs) = <nonlinear model; no closed-form linear equation>
azoarene_svr_rbf_c10_eps01_g003,ln(kobs),5,ar2_Ar_HOMO|ar2_Ar_polar|ar2_gibbs_free_energy_hartree|ar1_bond_length_c_a|ar2_Ar_LUMO,0.64330741863109,0.5249825902946392,2.645866042845694,LOOCV,ln(kobs) = <nonlinear model; no closed-form linear equation>
azoarene_svr_rbf_c10_eps01_g003,ln(kobs),5,ar2_Ar_HOMO|ar2_isotropic_polarizability_au|ar2_gibbs_free_energy_hartree|ar1_bond_length_c_a|ar2_lumo_hartree,0.64330741863109,0.5249825902946392,2.645866042845694,LOOCV,ln(kobs) = <nonlinear model; no closed-form linear equation>
azoarene_svr_rbf_c10_eps01_g003,ln(kobs),5,ar2_Ar_HOMO|ar2_isotropic_polarizability_au|ar2_gibbs_free_energy_hartree|ar1_bond_length_c_a|ar2_Ar_LUMO,0.64330741863109,0.5249825902946392,2.645866042845694,LOOCV,ln(kobs) = <nonlinear model; no closed-form linear equation>
azoarene_svr_rbf_c10_eps01_g003,ln(kobs),5,ar2_homo_hartree|ar2_Ar_polar|ar2_gibbs_free_energy_hartree|ar1_bond_length_c_a|ar2_lumo_hartree,0.64330741863109,0.5249825902946392,2.645866042845694,LOOCV,ln(kobs) = <nonlinear model; no closed-form linear equation>
azoarene_svr_rbf_c10_eps01_g003,ln(kobs),5,ar2_homo_hartree|ar2_Ar_polar|ar2_gibbs_free_energy_hartree|ar1_bond_length_c_a|ar2_Ar_LUMO,0.64330741863109,0.5249825902946392,2.645866042845694,LOOCV,ln(kobs) = <nonlinear model; no closed-form linear equation>
azoarene_svr_rbf_c10_eps01_g003,ln(kobs),5,ar2_homo_hartree|ar2_isotropic_polarizability_au|ar2_gibbs_free_energy_hartree|ar1_bond_length_c_a|ar2_lumo_hartree,0.64330741863109,0.5249825902946392,2.645866042845694,LOOCV,ln(kobs) = <nonlinear model; no closed-form linear equation>
azoarene_svr_rbf_c10_eps01_g003,ln(kobs),5,ar2_homo_hartree|ar2_isotropic_polarizability_au|ar2_gibbs_free_energy_hartree|ar1_bond_length_c_a|ar2_Ar_LUMO,0.64330741863109,0.5249825902946392,2.645866042845694,LOOCV,ln(kobs) = <nonlinear model; no closed-form linear equation>
azoarene_svr_rbf_c10_eps01_g003,ln(kobs),5,ar2_Ar_HOMO|ar2_gibbs_free_energy_hartree|rate kobs (s-1)|ar2_gap_hartree|ar1_bond_length_c_e,0.6819915385524986,0.5245695266074886,2.498274482082249,LOOCV,ln(kobs) = <nonlinear model; no closed-form linear equation>
azoarene_svr_rbf_c10_eps01_g003,ln(kobs),5,ar2_homo_hartree|ar2_gibbs_free_energy_hartree|rate kobs (s-1)|ar2_gap_hartree|ar1_bond_length_c_e,0.6819915385524986,0.5245695266074886,2.498274482082249,LOOCV,ln(kobs) = <nonlinear model; no closed-form linear equation>
azoarene_svr_rbf_c10_eps01_g003,ln(kobs),5,ar2_Ar_HOMO|ar2_enthalpy_hartree|rate kobs (s-1)|ar2_gap_hartree|ar1_bond_length_c_e,0.6820053693608964,0.5245572976769529,2.4982201540759537,LOOCV,ln(kobs) = <nonlinear model; no closed-form linear equation>
azoarene_svr_rbf_c10_eps01_g003,ln(kobs),5,ar2_homo_hartree|ar2_enthalpy_hartree|rate kobs (s-1)|ar2_gap_hartree|ar1_bond_length_c_e,0.6820053693608964,0.5245572976769529,2.4982201540759537,LOOCV,ln(kobs) = <nonlinear model; no closed-form linear equation>
azoarene_svr_rbf_c10_eps01_g003,ln(kobs),5,ar2_Ar_HOMO|ar2_scf_energy_hartree|rate kobs (s-1)|ar2_gap_hartree|ar1_bond_length_c_e,0.6820008373621969,0.5245517474753274,2.49823795609061,LOOCV,ln(kobs) = <nonlinear model; no closed-form linear equation>
azoarene_svr_rbf_c10_eps01_g003,ln(kobs),5,ar2_homo_hartree|ar2_scf_energy_hartree|rate kobs (s-1)|ar2_gap_hartree|ar1_bond_length_c_e,0.6820008373621969,0.5245517474753274,2.49823795609061,LOOCV,ln(kobs) = <nonlinear model; no closed-form linear equation>
azoarene_svr_rbf_c10_eps01_g003,ln(kobs),5,ar2_Ar_HOMO|ar2_Ar_polar|rate kobs (s-1)|ar2_lumo_hartree|ar1_nbo_q_a,0.6998931528324202,0.5242295988848911,2.4269384727389305,LOOCV,ln(kobs) = <nonlinear model; no closed-form linear equation>
azoarene_svr_rbf_c10_eps01_g003,ln(kobs),5,ar2_Ar_HOMO|ar2_Ar_polar|rate kobs (s-1)|ar2_lumo_hartree|ar1_Ar_NBO_OH,0.6998931528324202,0.5242295988848911,2.4269384727389305,LOOCV,ln(kobs) = <nonlinear model; no closed-form linear equation>
azoarene_svr_rbf_c10_eps01_g003,ln(kobs),5,ar2_Ar_HOMO|ar2_Ar_polar|rate kobs (s-1)|ar2_Ar_LUMO|ar1_nbo_q_a,0.6998931528324202,0.5242295988848911,2.4269384727389305,LOOCV,ln(kobs) = <nonlinear model; no closed-form linear equation>
azoarene_svr_rbf_c10_eps01_g003,ln(kobs),5,ar2_Ar_HOMO|ar2_Ar_polar|rate kobs (s-1)|ar2_Ar_LUMO|ar1_Ar_NBO_OH,0.6998931528324202,0.5242295988848911,2.4269384727389305,LOOCV,ln(kobs) = <nonlinear model; no closed-form linear equation>
azoarene_svr_rbf_c10_eps01_g003,ln(kobs),5,ar2_Ar_HOMO|ar2_isotropic_polarizability_au|rate kobs (s-1)|ar2_lumo_hartree|ar1_nbo_q_a,0.6998931528324202,0.5242295988848911,2.4269384727389305,LOOCV,ln(kobs) = <nonlinear model; no closed-form linear equation>
azoarene_svr_rbf_c10_eps01_g003,ln(kobs),5,ar2_Ar_HOMO|ar2_isotropic_polarizability_au|rate kobs (s-1)|ar2_lumo_hartree|ar1_Ar_NBO_OH,0.6998931528324202,0.5242295988848911,2.4269384727389305,LOOCV,ln(kobs) = <nonlinear model; no closed-form linear equation>
azoarene_svr_rbf_c10_eps01_g003,ln(kobs),5,ar2_Ar_HOMO|ar2_isotropic_polarizability_au|rate kobs (s-1)|ar2_Ar_LUMO|ar1_nbo_q_a,0.6998931528324202,0.5242295988848911,2.4269384727389305,LOOCV,ln(kobs) = <nonlinear model; no closed-form linear equation>
azoarene_svr_rbf_c10_eps01_g003,ln(kobs),5,ar2_Ar_HOMO|ar2_isotropic_polarizability_au|rate kobs (s-1)|ar2_Ar_LUMO|ar1_Ar_NBO_OH,0.6998931528324202,0.5242295988848911,2.4269384727389305,LOOCV,ln(kobs) = <nonlinear model; no closed-form linear equation>
azoarene_svr_rbf_c10_eps01_g003,ln(kobs),5,ar2_homo_hartree|ar2_Ar_polar|rate kobs (s-1)|ar2_lumo_hartree|ar1_nbo_q_a,0.6998931528324202,0.5242295988848911,2.4269384727389305,LOOCV,ln(kobs) = <nonlinear model; no closed-form linear equation>
azoarene_svr_rbf_c10_eps01_g003,ln(kobs),5,ar2_homo_hartree|ar2_Ar_polar|rate kobs (s-1)|ar2_lumo_hartree|ar1_Ar_NBO_OH,0.6998931528324202,0.5242295988848911,2.4269384727389305,LOOCV,ln(kobs) = <nonlinear model; no closed-form linear equation>
azoarene_svr_rbf_c10_eps01_g003,ln(kobs),5,ar2_homo_hartree|ar2_Ar_polar|rate kobs (s-1)|ar2_Ar_LUMO|ar1_nbo_q_a,0.6998931528324202,0.5242295988848911,2.4269384727389305,LOOCV,ln(kobs) = <nonlinear model; no closed-form linear equation>
azoarene_svr_rbf_c10_eps01_g003,ln(kobs),5,ar2_homo_hartree|ar2_Ar_polar|rate kobs (s-1)|ar2_Ar_LUMO|ar1_Ar_NBO_OH,0.6998931528324202,0.5242295988848911,2.4269384727389305,LOOCV,ln(kobs) = <nonlinear model; no closed-form linear equation>
azoarene_svr_rbf_c10_eps01_g003,ln(kobs),5,ar2_homo_hartree|ar2_isotropic_polarizability_au|rate kobs (s-1)|ar2_lumo_hartree|ar1_nbo_q_a,0.6998931528324202,0.5242295988848911,2.4269384727389305,LOOCV,ln(kobs) = <nonlinear model; no closed-form linear equation>
azoarene_svr_rbf_c10_eps01_g003,ln(kobs),5,ar2_homo_hartree|ar2_isotropic_polarizability_au|rate kobs (s-1)|ar2_lumo_hartree|ar1_Ar_NBO_OH,0.6998931528324202,0.5242295988848911,2.4269384727389305,LOOCV,ln(kobs) = <nonlinear model; no closed-form linear equation>
azoarene_svr_rbf_c10_eps01_g003,ln(kobs),5,ar2_homo_hartree|ar2_isotropic_polarizability_au|rate kobs (s-1)|ar2_Ar_LUMO|ar1_nbo_q_a,0.6998931528324202,0.5242295988848911,2.4269384727389305,LOOCV,ln(kobs) = <nonlinear model; no closed-form linear equation>
azoarene_svr_rbf_c10_eps01_g003,ln(kobs),5,ar2_homo_hartree|ar2_isotropic_polarizability_au|rate kobs (s-1)|ar2_Ar_LUMO|ar1_Ar_NBO_OH,0.6998931528324202,0.5242295988848911,2.4269384727389305,LOOCV,ln(kobs) = <nonlinear model; no closed-form linear equation>
azoarene_svr_rbf_c10_eps01_g003,ln(kobs),5,ar2_Ar_HOMO|ar2_Ar_polar|ar2_scf_energy_hartree|ar1_bond_length_c_a|ar2_gap_hartree,0.6422672677142103,0.5239838626136961,2.6497210383025793,LOOCV,ln(kobs) = <nonlinear model; no closed-form linear equation>
azoarene_svr_rbf_c10_eps01_g003,ln(kobs),5,ar2_Ar_HOMO|ar2_isotropic_polarizability_au|ar2_scf_energy_hartree|ar1_bond_length_c_a|ar2_gap_hartree,0.6422672677142103,0.5239838626136961,2.6497210383025793,LOOCV,ln(kobs) = <nonlinear model; no closed-form linear equation>
azoarene_svr_rbf_c10_eps01_g003,ln(kobs),5,ar2_homo_hartree|ar2_Ar_polar|ar2_scf_energy_hartree|ar1_bond_length_c_a|ar2_gap_hartree,0.6422672677142103,0.5239838626136961,2.6497210383025793,LOOCV,ln(kobs) = <nonlinear model; no closed-form linear equation>
azoarene_svr_rbf_c10_eps01_g003,ln(kobs),5,ar2_homo_hartree|ar2_isotropic_polarizability_au|ar2_scf_energy_hartree|ar1_bond_length_c_a|ar2_gap_hartree,0.6422672677142103,0.5239838626136961,2.6497210383025793,LOOCV,ln(kobs) = <nonlinear model; no closed-form linear equation>
azoarene_svr_rbf_c10_eps01_g003,ln(kobs),5,ar2_Ar_HOMO|ar2_Ar_polar|ar2_enthalpy_hartree|ar1_bond_length_c_a|ar2_gap_hartree,0.6422389609556911,0.5239736692525204,2.6498258700989314,LOOCV,ln(kobs) = <nonlinear model; no closed-form linear equation>
azoarene_svr_rbf_c10_eps01_g003,ln(kobs),5,ar2_Ar_HOMO|ar2_isotropic_polarizability_au|ar2_enthalpy_hartree|ar1_bond_length_c_a|ar2_gap_hartree,0.6422389609556911,0.5239736692525204,2.6498258700989314,LOOCV,ln(kobs) = <nonlinear model; no closed-form linear equation>
azoarene_svr_rbf_c10_eps01_g003,ln(kobs),5,ar2_homo_hartree|ar2_Ar_polar|ar2_enthalpy_hartree|ar1_bond_length_c_a|ar2_gap_hartree,0.6422389609556911,0.5239736692525204,2.6498258700989314,LOOCV,ln(kobs) = <nonlinear model; no closed-form linear equation>
azoarene_svr_rbf_c10_eps01_g003,ln(kobs),5,ar2_homo_hartree|ar2_isotropic_polarizability_au|ar2_enthalpy_hartree|ar1_bond_length_c_a|ar2_gap_hartree,0.6422389609556911,0.5239736692525204,2.6498258700989314,LOOCV,ln(kobs) = <nonlinear model; no closed-form linear equation>
azoarene_svr_rbf_c10_eps01_g003,ln(kobs),5,ar2_Ar_HOMO|ar2_Ar_polar|ar2_gibbs_free_energy_hartree|ar1_bond_length_c_a|ar2_gap_hartree,0.6422405803165822,0.523973091468617,2.649819873038367,LOOCV,ln(kobs) = <nonlinear model; no closed-form linear equation>
azoarene_svr_rbf_c10_eps01_g003,ln(kobs),5,ar2_Ar_HOMO|ar2_isotropic_polarizability_au|ar2_gibbs_free_energy_hartree|ar1_bond_length_c_a|ar2_gap_hartree,0.6422405803165822,0.523973091468617,2.649819873038367,LOOCV,ln(kobs) = <nonlinear model; no closed-form linear equation>
azoarene_svr_rbf_c10_eps01_g003,ln(kobs),5,ar2_homo_hartree|ar2_Ar_polar|ar2_gibbs_free_energy_hartree|ar1_bond_length_c_a|ar2_gap_hartree,0.6422405803165822,0.523973091468617,2.649819873038367,LOOCV,ln(kobs) = <nonlinear model; no closed-form linear equation>
azoarene_svr_rbf_c10_eps01_g003,ln(kobs),5,ar2_homo_hartree|ar2_isotropic_polarizability_au|ar2_gibbs_free_energy_hartree|ar1_bond_length_c_a|ar2_gap_hartree,0.6422405803165822,0.523973091468617,2.649819873038367,LOOCV,ln(kobs) = <nonlinear model; no closed-form linear equation>
azoarene_svr_rbf_c10_eps01_g003,ln(kobs),4,ar2_Ar_HOMO|ar2_homo_hartree|rate kobs (s-1)|ar1_bond_length_c_a,0.6848004653607237,0.5237942579004016,2.487216545054665,LOOCV,ln(kobs) = <nonlinear model; no closed-form linear equation>
azoarene_svr_rbf_c10_eps01_g003,ln(kobs),5,ar2_Ar_HOMO|ar2_Ar_polar|rate kobs (s-1)|ar2_gap_hartree|ar1_nbo_q_a,0.6999469284061343,0.5233511540488718,2.4267210237587493,LOOCV,ln(kobs) = <nonlinear model; no closed-form linear equation>
azoarene_svr_rbf_c10_eps01_g003,ln(kobs),5,ar2_Ar_HOMO|ar2_Ar_polar|rate kobs (s-1)|ar2_gap_hartree|ar1_Ar_NBO_OH,0.6999469284061343,0.5233511540488718,2.4267210237587493,LOOCV,ln(kobs) = <nonlinear model; no closed-form linear equation>
azoarene_svr_rbf_c10_eps01_g003,ln(kobs),5,ar2_Ar_HOMO|ar2_isotropic_polarizability_au|rate kobs (s-1)|ar2_gap_hartree|ar1_nbo_q_a,0.6999469284061343,0.5233511540488718,2.4267210237587493,LOOCV,ln(kobs) = <nonlinear model; no closed-form linear equation>
azoarene_svr_rbf_c10_eps01_g003,ln(kobs),5,ar2_Ar_HOMO|ar2_isotropic_polarizability_au|rate kobs (s-1)|ar2_gap_hartree|ar1_Ar_NBO_OH,0.6999469284061343,0.5233511540488718,2.4267210237587493,LOOCV,ln(kobs) = <nonlinear model; no closed-form linear equation>
azoarene_svr_rbf_c10_eps01_g003,ln(kobs),5,ar2_homo_hartree|ar2_Ar_polar|rate kobs (s-1)|ar2_gap_hartree|ar1_nbo_q_a,0.6999469284061343,0.5233511540488718,2.4267210237587493,LOOCV,ln(kobs) = <nonlinear model; no closed-form linear equation>
azoarene_svr_rbf_c10_eps01_g003,ln(kobs),5,ar2_homo_hartree|ar2_Ar_polar|rate kobs (s-1)|ar2_gap_hartree|ar1_Ar_NBO_OH,0.6999469284061343,0.5233511540488718,2.4267210237587493,LOOCV,ln(kobs) = <nonlinear model; no closed-form linear equation>
azoarene_svr_rbf_c10_eps01_g003,ln(kobs),5,ar2_homo_hartree|ar2_isotropic_polarizability_au|rate kobs (s-1)|ar2_gap_hartree|ar1_nbo_q_a,0.6999469284061343,0.5233511540488718,2.4267210237587493,LOOCV,ln(kobs) = <nonlinear model; no closed-form linear equation>
azoarene_svr_rbf_c10_eps01_g003,ln(kobs),5,ar2_homo_hartree|ar2_isotropic_polarizability_au|rate kobs (s-1)|ar2_gap_hartree|ar1_Ar_NBO_OH,0.6999469284061343,0.5233511540488718,2.4267210237587493,LOOCV,ln(kobs) = <nonlinear model; no closed-form linear equation>
azoarene_svr_rbf_c10_eps01_g003,ln(kobs),5,ar2_Ar_HOMO|ar2_homo_hartree|rate kobs (s-1)|ar1_bond_length_c_a|ar2_gap_hartree,0.6886227267819557,0.5232014599743714,2.472089954010907,LOOCV,ln(kobs) = <nonlinear model; no closed-form linear equation>
azoarene_svr_rbf_c10_eps01_g003,ln(kobs),5,ar2_Ar_HOMO|rate kobs (s-1)|ar2_lumo_hartree|ar2_gap_hartree|ar1_nbo_q_a,0.6957213850410457,0.5230366137034312,2.443748620270502,LOOCV,ln(kobs) = <nonlinear model; no closed-form linear equation>
azoarene_svr_rbf_c10_eps01_g003,ln(kobs),5,ar2_Ar_HOMO|rate kobs (s-1)|ar2_lumo_hartree|ar2_gap_hartree|ar1_Ar_NBO_OH,0.6957213850410457,0.5230366137034312,2.443748620270502,LOOCV,ln(kobs) = <nonlinear model; no closed-form linear equation>
azoarene_svr_rbf_c10_eps01_g003,ln(kobs),5,ar2_Ar_HOMO|rate kobs (s-1)|ar2_Ar_LUMO|ar2_gap_hartree|ar1_nbo_q_a,0.6957213850410457,0.5230366137034312,2.443748620270502,LOOCV,ln(kobs) = <nonlinear model; no closed-form linear equation>
azoarene_svr_rbf_c10_eps01_g003,ln(kobs),5,ar2_Ar_HOMO|rate kobs (s-1)|ar2_Ar_LUMO|ar2_gap_hartree|ar1_Ar_NBO_OH,0.6957213850410457,0.5230366137034312,2.443748620270502,LOOCV,ln(kobs) = <nonlinear model; no closed-form linear equation>
azoarene_svr_rbf_c10_eps01_g003,ln(kobs),5,ar2_homo_hartree|rate kobs (s-1)|ar2_lumo_hartree|ar2_gap_hartree|ar1_nbo_q_a,0.6957213850410457,0.5230366137034312,2.443748620270502,LOOCV,ln(kobs) = <nonlinear model; no closed-form linear equation>
azoarene_svr_rbf_c10_eps01_g003,ln(kobs),5,ar2_homo_hartree|rate kobs (s-1)|ar2_lumo_hartree|ar2_gap_hartree|ar1_Ar_NBO_OH,0.6957213850410457,0.5230366137034312,2.443748620270502,LOOCV,ln(kobs) = <nonlinear model; no closed-form linear equation>
azoarene_svr_rbf_c10_eps01_g003,ln(kobs),5,ar2_homo_hartree|rate kobs (s-1)|ar2_Ar_LUMO|ar2_gap_hartree|ar1_nbo_q_a,0.6957213850410457,0.5230366137034312,2.443748620270502,LOOCV,ln(kobs) = <nonlinear model; no closed-form linear equation>
azoarene_svr_rbf_c10_eps01_g003,ln(kobs),5,ar2_homo_hartree|rate kobs (s-1)|ar2_Ar_LUMO|ar2_gap_hartree|ar1_Ar_NBO_OH,0.6957213850410457,0.5230366137034312,2.443748620270502,LOOCV,ln(kobs) = <nonlinear model; no closed-form linear equation>
azoarene_svr_rbf_c10_eps01_g003,ln(kobs),5,ar2_Ar_HOMO|rate kobs (s-1)|ar2_lumo_hartree|ar2_Ar_LUMO|ar1_nbo_q_a,0.6956080917985529,0.5215226731496705,2.444203523154084,LOOCV,ln(kobs) = <nonlinear model; no closed-form linear equation>
azoarene_svr_rbf_c10_eps01_g003,ln(kobs),5,ar2_Ar_HOMO|rate kobs (s-1)|ar2_lumo_hartree|ar2_Ar_LUMO|ar1_Ar_NBO_OH,0.6956080917985529,0.5215226731496705,2.444203523154084,LOOCV,ln(kobs) = <nonlinear model; no closed-form linear equation>
azoarene_svr_rbf_c10_eps01_g003,ln(kobs),5,ar2_homo_hartree|rate kobs (s-1)|ar2_lumo_hartree|ar2_Ar_LUMO|ar1_nbo_q_a,0.6956080917985529,0.5215226731496705,2.444203523154084,LOOCV,ln(kobs) = <nonlinear model; no closed-form linear equation>
azoarene_svr_rbf_c10_eps01_g003,ln(kobs),5,ar2_homo_hartree|rate kobs (s-1)|ar2_lumo_hartree|ar2_Ar_LUMO|ar1_Ar_NBO_OH,0.6956080917985529,0.5215226731496705,2.444203523154084,LOOCV,ln(kobs) = <nonlinear model; no closed-form linear equation>
azoarene_svr_rbf_c10_eps01_g003,ln(kobs),5,ar2_Ar_HOMO|ar2_homo_hartree|rate kobs (s-1)|ar2_gap_hartree|ar1_bond_length_c_e,0.6930434109348371,0.5207776332787217,2.454478850790588,LOOCV,ln(kobs) = <nonlinear model; no closed-form linear equation>
azoarene_svr_rbf_c10_eps01_g003,ln(kobs),5,ar2_Ar_HOMO|ar2_homo_hartree|rate kobs (s-1)|ar1_bond_length_c_a|ar2_lumo_hartree,0.6882930596107197,0.5206482905330353,2.473398256474062,LOOCV,ln(kobs) = <nonlinear model; no closed-form linear equation>
azoarene_svr_rbf_c10_eps01_g003,ln(kobs),5,ar2_Ar_HOMO|ar2_homo_hartree|rate kobs (s-1)|ar1_bond_length_c_a|ar2_Ar_LUMO,0.6882930596107197,0.5206482905330353,2.473398256474062,LOOCV,ln(kobs) = <nonlinear model; no closed-form linear equation>
azoarene_svr_rbf_c10_eps01_g003,ln(kobs),3,ar2_Ar_HOMO|ar2_Ar_Ster_B5|ar1_nbo_q_a,0.6125728179145471,0.5197785859814055,2.7575021394100756,LOOCV,ln(kobs) = <nonlinear model; no closed-form linear equation>
azoarene_svr_rbf_c10_eps01_g003,ln(kobs),3,ar2_Ar_HOMO|ar2_Ar_Ster_B5|ar1_Ar_NBO_OH,0.6125728179145471,0.5197785859814055,2.7575021394100756,LOOCV,ln(kobs) = <nonlinear model; no closed-form linear equation>
azoarene_svr_rbf_c10_eps01_g003,ln(kobs),3,ar2_Ar_HOMO|ar2_sterimol_B5|ar1_nbo_q_a,0.6125728179145471,0.5197785859814055,2.7575021394100756,LOOCV,ln(kobs) = <nonlinear model; no closed-form linear equation>
azoarene_svr_rbf_c10_eps01_g003,ln(kobs),3,ar2_Ar_HOMO|ar2_sterimol_B5|ar1_Ar_NBO_OH,0.6125728179145471,0.5197785859814055,2.7575021394100756,LOOCV,ln(kobs) = <nonlinear model; no closed-form linear equation>
azoarene_svr_rbf_c10_eps01_g003,ln(kobs),3,ar2_homo_hartree|ar2_Ar_Ster_B5|ar1_nbo_q_a,0.6125728179145471,0.5197785859814055,2.7575021394100756,LOOCV,ln(kobs) = <nonlinear model; no closed-form linear equation>
azoarene_svr_rbf_c10_eps01_g003,ln(kobs),3,ar2_homo_hartree|ar2_Ar_Ster_B5|ar1_Ar_NBO_OH,0.6125728179145471,0.5197785859814055,2.7575021394100756,LOOCV,ln(kobs) = <nonlinear model; no closed-form linear equation>
azoarene_svr_rbf_c10_eps01_g003,ln(kobs),3,ar2_homo_hartree|ar2_sterimol_B5|ar1_nbo_q_a,0.6125728179145471,0.5197785859814055,2.7575021394100756,LOOCV,ln(kobs) = <nonlinear model; no closed-form linear equation>
azoarene_svr_rbf_c10_eps01_g003,ln(kobs),3,ar2_homo_hartree|ar2_sterimol_B5|ar1_Ar_NBO_OH,0.6125728179145471,0.5197785859814055,2.7575021394100756,LOOCV,ln(kobs) = <nonlinear model; no closed-form linear equation>
azoarene_svr_rbf_c10_eps01_g003,ln(kobs),4,ar2_Ar_HOMO|ar2_homo_hartree|ar1_bond_length_c_e|ar1_nbo_q_a,0.6449797771181172,0.5196503261080474,2.639656164317395,LOOCV,ln(kobs) = <nonlinear model; no closed-form linear equation>
azoarene_svr_rbf_c10_eps01_g003,ln(kobs),4,ar2_Ar_HOMO|ar2_homo_hartree|ar1_bond_length_c_e|ar1_Ar_NBO_OH,0.6449797771181172,0.5196503261080474,2.639656164317395,LOOCV,ln(kobs) = <nonlinear model; no closed-form linear equation>
azoarene_svr_rbf_c10_eps01_g003,ln(kobs),3,ar2_Ar_HOMO|ar2_gap_hartree|ar1_nbo_q_a,0.6125627737997873,0.5195464618761387,2.7575378835314375,LOOCV,ln(kobs) = <nonlinear model; no closed-form linear equation>
azoarene_svr_rbf_c10_eps01_g003,ln(kobs),3,ar2_Ar_HOMO|ar2_gap_hartree|ar1_Ar_NBO_OH,0.6125627737997873,0.5195464618761387,2.7575378835314375,LOOCV,ln(kobs) = <nonlinear model; no closed-form linear equation>
azoarene_svr_rbf_c10_eps01_g003,ln(kobs),3,ar2_homo_hartree|ar2_gap_hartree|ar1_nbo_q_a,0.6125627737997873,0.5195464618761387,2.7575378835314375,LOOCV,ln(kobs) = <nonlinear model; no closed-form linear equation>
azoarene_svr_rbf_c10_eps01_g003,ln(kobs),3,ar2_homo_hartree|ar2_gap_hartree|ar1_Ar_NBO_OH,0.6125627737997873,0.5195464618761387,2.7575378835314375,LOOCV,ln(kobs) = <nonlinear model; no closed-form linear equation>
azoarene_svr_rbf_c10_eps01_g003,ln(kobs),3,ar2_Ar_HOMO|ar2_lumo_hartree|ar1_nbo_q_a,0.6130542966089139,0.5189351082514331,2.7557881511512496,LOOCV,ln(kobs) = <nonlinear model; no closed-form linear equation>
azoarene_svr_rbf_c10_eps01_g003,ln(kobs),3,ar2_Ar_HOMO|ar2_lumo_hartree|ar1_Ar_NBO_OH,0.6130542966089139,0.5189351082514331,2.7557881511512496,LOOCV,ln(kobs) = <nonlinear model; no closed-form linear equation>
azoarene_svr_rbf_c10_eps01_g003,ln(kobs),3,ar2_Ar_HOMO|ar2_Ar_LUMO|ar1_nbo_q_a,0.6130542966089139,0.5189351082514331,2.7557881511512496,LOOCV,ln(kobs) = <nonlinear model; no closed-form linear equation>
azoarene_svr_rbf_c10_eps01_g003,ln(kobs),3,ar2_Ar_HOMO|ar2_Ar_LUMO|ar1_Ar_NBO_OH,0.6130542966089139,0.5189351082514331,2.7557881511512496,LOOCV,ln(kobs) = <nonlinear model; no closed-form linear equation>
azoarene_svr_rbf_c10_eps01_g003,ln(kobs),3,ar2_homo_hartree|ar2_lumo_hartree|ar1_nbo_q_a,0.6130542966089139,0.5189351082514331,2.7557881511512496,LOOCV,ln(kobs) = <nonlinear model; no closed-form linear equation>
azoarene_svr_rbf_c10_eps01_g003,ln(kobs),3,ar2_homo_hartree|ar2_lumo_hartree|ar1_Ar_NBO_OH,0.6130542966089139,0.5189351082514331,2.7557881511512496,LOOCV,ln(kobs) = <nonlinear model; no closed-form linear equation>
azoarene_svr_rbf_c10_eps01_g003,ln(kobs),3,ar2_homo_hartree|ar2_Ar_LUMO|ar1_nbo_q_a,0.6130542966089139,0.5189351082514331,2.7557881511512496,LOOCV,ln(kobs) = <nonlinear model; no closed-form linear equation>
azoarene_svr_rbf_c10_eps01_g003,ln(kobs),3,ar2_homo_hartree|ar2_Ar_LUMO|ar1_Ar_NBO_OH,0.6130542966089139,0.5189351082514331,2.7557881511512496,LOOCV,ln(kobs) = <nonlinear model; no closed-form linear equation>
azoarene_svr_rbf_c10_eps01_g003,ln(kobs),5,ar2_Ar_HOMO|ar2_homo_hartree|ar2_gibbs_free_energy_hartree|rate kobs (s-1)|ar1_q_a,0.6668985597932006,0.5189203432577054,2.5568724833860097,LOOCV,ln(kobs) = <nonlinear model; no closed-form linear equation>
azoarene_svr_rbf_c10_eps01_g003,ln(kobs),5,ar2_Ar_HOMO|ar2_homo_hartree|ar2_scf_energy_hartree|rate kobs (s-1)|ar1_q_a,0.6669082830363003,0.5189097178562205,2.5568351655134984,LOOCV,ln(kobs) = <nonlinear model; no closed-form linear equation>
azoarene_svr_rbf_c10_eps01_g003,ln(kobs),5,ar2_Ar_HOMO|ar2_homo_hartree|ar2_enthalpy_hartree|rate kobs (s-1)|ar1_q_a,0.6669090512283089,0.5189084460561162,2.556832217164179,LOOCV,ln(kobs) = <nonlinear model; no closed-form linear equation>
azoarene_svr_rbf_c10_eps01_g003,ln(kobs),4,ar2_Ar_HOMO|ar2_scf_energy_hartree|ar2_gibbs_free_energy_hartree|ar1_nbo_q_a,0.5919475687420774,0.5183907987766567,2.8299502389623092,LOOCV,ln(kobs) = <nonlinear model; no closed-form linear equation>
azoarene_svr_rbf_c10_eps01_g003,ln(kobs),4,ar2_Ar_HOMO|ar2_scf_energy_hartree|ar2_gibbs_free_energy_hartree|ar1_Ar_NBO_OH,0.5919475687420774,0.5183907987766567,2.8299502389623092,LOOCV,ln(kobs) = <nonlinear model; no closed-form linear equation>
azoarene_svr_rbf_c10_eps01_g003,ln(kobs),4,ar2_homo_hartree|ar2_scf_energy_hartree|ar2_gibbs_free_energy_hartree|ar1_nbo_q_a,0.5919475687420774,0.5183907987766567,2.8299502389623092,LOOCV,ln(kobs) = <nonlinear model; no closed-form linear equation>
azoarene_svr_rbf_c10_eps01_g003,ln(kobs),4,ar2_homo_hartree|ar2_scf_energy_hartree|ar2_gibbs_free_energy_hartree|ar1_Ar_NBO_OH,0.5919475687420774,0.5183907987766567,2.8299502389623092,LOOCV,ln(kobs) = <nonlinear model; no closed-form linear equation>
azoarene_svr_rbf_c10_eps01_g003,ln(kobs),4,ar2_Ar_HOMO|ar2_scf_energy_hartree|ar2_enthalpy_hartree|ar1_nbo_q_a,0.5919727548533847,0.518381280416349,2.8298629014829615,LOOCV,ln(kobs) = <nonlinear model; no closed-form linear equation>
azoarene_svr_rbf_c10_eps01_g003,ln(kobs),4,ar2_Ar_HOMO|ar2_scf_energy_hartree|ar2_enthalpy_hartree|ar1_Ar_NBO_OH,0.5919727548533847,0.518381280416349,2.8298629014829615,LOOCV,ln(kobs) = <nonlinear model; no closed-form linear equation>
azoarene_svr_rbf_c10_eps01_g003,ln(kobs),4,ar2_homo_hartree|ar2_scf_energy_hartree|ar2_enthalpy_hartree|ar1_nbo_q_a,0.5919727548533847,0.518381280416349,2.8298629014829615,LOOCV,ln(kobs) = <nonlinear model; no closed-form linear equation>
azoarene_svr_rbf_c10_eps01_g003,ln(kobs),4,ar2_homo_hartree|ar2_scf_energy_hartree|ar2_enthalpy_hartree|ar1_Ar_NBO_OH,0.5919727548533847,0.518381280416349,2.8298629014829615,LOOCV,ln(kobs) = <nonlinear model; no closed-form linear equation>
azoarene_svr_rbf_c10_eps01_g003,ln(kobs),4,ar2_Ar_HOMO|ar2_gibbs_free_energy_hartree|ar2_enthalpy_hartree|ar1_nbo_q_a,0.5919684345314304,0.5183506584570642,2.8298778831865166,LOOCV,ln(kobs) = <nonlinear model; no closed-form linear equation>
azoarene_svr_rbf_c10_eps01_g003,ln(kobs),4,ar2_Ar_HOMO|ar2_gibbs_free_energy_hartree|ar2_enthalpy_hartree|ar1_Ar_NBO_OH,0.5919684345314304,0.5183506584570642,2.8298778831865166,LOOCV,ln(kobs) = <nonlinear model; no closed-form linear equation>
azoarene_svr_rbf_c10_eps01_g003,ln(kobs),4,ar2_homo_hartree|ar2_gibbs_free_energy_hartree|ar2_enthalpy_hartree|ar1_nbo_q_a,0.5919684345314304,0.5183506584570642,2.8298778831865166,LOOCV,ln(kobs) = <nonlinear model; no closed-form linear equation>
azoarene_svr_rbf_c10_eps01_g003,ln(kobs),4,ar2_homo_hartree|ar2_gibbs_free_energy_hartree|ar2_enthalpy_hartree|ar1_Ar_NBO_OH,0.5919684345314304,0.5183506584570642,2.8298778831865166,LOOCV,ln(kobs) = <nonlinear model; no closed-form linear equation>
azoarene_svr_rbf_c10_eps01_g003,ln(kobs),5,ar2_Ar_HOMO|ar2_homo_hartree|ar2_scf_energy_hartree|ar2_gap_hartree|ar1_q_a,0.6363171740456208,0.5183184756017445,2.671666289676521,LOOCV,ln(kobs) = <nonlinear model; no closed-form linear equation>
azoarene_svr_rbf_c10_eps01_g003,ln(kobs),5,ar2_Ar_HOMO|ar2_homo_hartree|ar2_enthalpy_hartree|ar2_gap_hartree|ar1_q_a,0.6363284700307514,0.5182729845907865,2.6716247983895087,LOOCV,ln(kobs) = <nonlinear model; no closed-form linear equation>
azoarene_svr_rbf_c10_eps01_g003,ln(kobs),5,ar2_Ar_HOMO|ar2_homo_hartree|rate kobs (s-1)|ar2_lumo_hartree|ar1_bond_length_c_e,0.6926299421039577,0.5182686571147506,2.4561313792220716,LOOCV,ln(kobs) = <nonlinear model; no closed-form linear equation>
azoarene_svr_rbf_c10_eps01_g003,ln(kobs),5,ar2_Ar_HOMO|ar2_homo_hartree|rate kobs (s-1)|ar2_Ar_LUMO|ar1_bond_length_c_e,0.6926299421039577,0.5182686571147506,2.4561313792220716,LOOCV,ln(kobs) = <nonlinear model; no closed-form linear equation>
azoarene_svr_rbf_c10_eps01_g003,ln(kobs),5,ar2_Ar_HOMO|ar2_homo_hartree|ar2_gibbs_free_energy_hartree|ar2_gap_hartree|ar1_q_a,0.6363351743712206,0.5182611141571802,2.6716001723694203,LOOCV,ln(kobs) = <nonlinear model; no closed-form linear equation>
azoarene_svr_rbf_c10_eps01_g003,ln(kobs),5,ar2_Ar_HOMO|ar2_gibbs_free_energy_hartree|rate kobs (s-1)|ar2_lumo_hartree|ar1_nbo_q_a,0.6937929525794353,0.5182095895695675,2.451480285779172,LOOCV,ln(kobs) = <nonlinear model; no closed-form linear equation>
azoarene_svr_rbf_c10_eps01_g003,ln(kobs),5,ar2_Ar_HOMO|ar2_gibbs_free_energy_hartree|rate kobs (s-1)|ar2_lumo_hartree|ar1_Ar_NBO_OH,0.6937929525794353,0.5182095895695675,2.451480285779172,LOOCV,ln(kobs) = <nonlinear model; no closed-form linear equation>
azoarene_svr_rbf_c10_eps01_g003,ln(kobs),5,ar2_Ar_HOMO|ar2_gibbs_free_energy_hartree|rate kobs (s-1)|ar2_Ar_LUMO|ar1_nbo_q_a,0.6937929525794353,0.5182095895695675,2.451480285779172,LOOCV,ln(kobs) = <nonlinear model; no closed-form linear equation>
azoarene_svr_rbf_c10_eps01_g003,ln(kobs),5,ar2_Ar_HOMO|ar2_gibbs_free_energy_hartree|rate kobs (s-1)|ar2_Ar_LUMO|ar1_Ar_NBO_OH,0.6937929525794353,0.5182095895695675,2.451480285779172,LOOCV,ln(kobs) = <nonlinear model; no closed-form linear equation>
azoarene_svr_rbf_c10_eps01_g003,ln(kobs),5,ar2_homo_hartree|ar2_gibbs_free_energy_hartree|rate kobs (s-1)|ar2_lumo_hartree|ar1_nbo_q_a,0.6937929525794353,0.5182095895695675,2.451480285779172,LOOCV,ln(kobs) = <nonlinear model; no closed-form linear equation>
azoarene_svr_rbf_c10_eps01_g003,ln(kobs),5,ar2_homo_hartree|ar2_gibbs_free_energy_hartree|rate kobs (s-1)|ar2_lumo_hartree|ar1_Ar_NBO_OH,0.6937929525794353,0.5182095895695675,2.451480285779172,LOOCV,ln(kobs) = <nonlinear model; no closed-form linear equation>
azoarene_svr_rbf_c10_eps01_g003,ln(kobs),5,ar2_homo_hartree|ar2_gibbs_free_energy_hartree|rate kobs (s-1)|ar2_Ar_LUMO|ar1_nbo_q_a,0.6937929525794353,0.5182095895695675,2.451480285779172,LOOCV,ln(kobs) = <nonlinear model; no closed-form linear equation>
azoarene_svr_rbf_c10_eps01_g003,ln(kobs),5,ar2_homo_hartree|ar2_gibbs_free_energy_hartree|rate kobs (s-1)|ar2_Ar_LUMO|ar1_Ar_NBO_OH,0.6937929525794353,0.5182095895695675,2.451480285779172,LOOCV,ln(kobs) = <nonlinear model; no closed-form linear equation>
azoarene_svr_rbf_c10_eps01_g003,ln(kobs),5,ar2_Ar_HOMO|ar2_scf_energy_hartree|rate kobs (s-1)|ar2_lumo_hartree|ar1_nbo_q_a,0.693793457249996,0.5182068652134982,2.4514782655930745,LOOCV,ln(kobs) = <nonlinear model; no closed-form linear equation>
azoarene_svr_rbf_c10_eps01_g003,ln(kobs),5,ar2_Ar_HOMO|ar2_scf_energy_hartree|rate kobs (s-1)|ar2_lumo_hartree|ar1_Ar_NBO_OH,0.693793457249996,0.5182068652134982,2.4514782655930745,LOOCV,ln(kobs) = <nonlinear model; no closed-form linear equation>
azoarene_svr_rbf_c10_eps01_g003,ln(kobs),5,ar2_Ar_HOMO|ar2_scf_energy_hartree|rate kobs (s-1)|ar2_Ar_LUMO|ar1_nbo_q_a,0.693793457249996,0.5182068652134982,2.4514782655930745,LOOCV,ln(kobs) = <nonlinear model; no closed-form linear equation>
azoarene_svr_rbf_c10_eps01_g003,ln(kobs),5,ar2_Ar_HOMO|ar2_scf_energy_hartree|rate kobs (s-1)|ar2_Ar_LUMO|ar1_Ar_NBO_OH,0.693793457249996,0.5182068652134982,2.4514782655930745,LOOCV,ln(kobs) = <nonlinear model; no closed-form linear equation>
azoarene_svr_rbf_c10_eps01_g003,ln(kobs),5,ar2_homo_hartree|ar2_scf_energy_hartree|rate kobs (s-1)|ar2_lumo_hartree|ar1_nbo_q_a,0.693793457249996,0.5182068652134982,2.4514782655930745,LOOCV,ln(kobs) = <nonlinear model; no closed-form linear equation>
azoarene_svr_rbf_c10_eps01_g003,ln(kobs),5,ar2_homo_hartree|ar2_scf_energy_hartree|rate kobs (s-1)|ar2_lumo_hartree|ar1_Ar_NBO_OH,0.693793457249996,0.5182068652134982,2.4514782655930745,LOOCV,ln(kobs) = <nonlinear model; no closed-form linear equation>
azoarene_svr_rbf_c10_eps01_g003,ln(kobs),5,ar2_homo_hartree|ar2_scf_energy_hartree|rate kobs (s-1)|ar2_Ar_LUMO|ar1_nbo_q_a,0.693793457249996,0.5182068652134982,2.4514782655930745,LOOCV,ln(kobs) = <nonlinear model; no closed-form linear equation>
azoarene_svr_rbf_c10_eps01_g003,ln(kobs),5,ar2_homo_hartree|ar2_scf_energy_hartree|rate kobs (s-1)|ar2_Ar_LUMO|ar1_Ar_NBO_OH,0.693793457249996,0.5182068652134982,2.4514782655930745,LOOCV,ln(kobs) = <nonlinear model; no closed-form linear equation>
azoarene_svr_rbf_c10_eps01_g003,ln(kobs),5,ar2_Ar_HOMO|ar2_enthalpy_hartree|rate kobs (s-1)|ar2_lumo_hartree|ar1_nbo_q_a,0.6938008477448853,0.5181977577890993,2.451448681400079,LOOCV,ln(kobs) = <nonlinear model; no closed-form linear equation>
azoarene_svr_rbf_c10_eps01_g003,ln(kobs),5,ar2_Ar_HOMO|ar2_enthalpy_hartree|rate kobs (s-1)|ar2_lumo_hartree|ar1_Ar_NBO_OH,0.6938008477448853,0.5181977577890993,2.451448681400079,LOOCV,ln(kobs) = <nonlinear model; no closed-form linear equation>
azoarene_svr_rbf_c10_eps01_g003,ln(kobs),5,ar2_Ar_HOMO|ar2_enthalpy_hartree|rate kobs (s-1)|ar2_Ar_LUMO|ar1_nbo_q_a,0.6938008477448853,0.5181977577890993,2.451448681400079,LOOCV,ln(kobs) = <nonlinear model; no closed-form linear equation>
azoarene_svr_rbf_c10_eps01_g003,ln(kobs),5,ar2_Ar_HOMO|ar2_enthalpy_hartree|rate kobs (s-1)|ar2_Ar_LUMO|ar1_Ar_NBO_OH,0.6938008477448853,0.5181977577890993,2.451448681400079,LOOCV,ln(kobs) = <nonlinear model; no closed-form linear equation>
azoarene_svr_rbf_c10_eps01_g003,ln(kobs),5,ar2_homo_hartree|ar2_enthalpy_hartree|rate kobs (s-1)|ar2_lumo_hartree|ar1_nbo_q_a,0.6938008477448853,0.5181977577890993,2.451448681400079,LOOCV,ln(kobs) = <nonlinear model; no closed-form linear equation>
azoarene_svr_rbf_c10_eps01_g003,ln(kobs),5,ar2_homo_hartree|ar2_enthalpy_hartree|rate kobs (s-1)|ar2_lumo_hartree|ar1_Ar_NBO_OH,0.6938008477448853,0.5181977577890993,2.451448681400079,LOOCV,ln(kobs) = <nonlinear model; no closed-form linear equation>
azoarene_svr_rbf_c10_eps01_g003,ln(kobs),5,ar2_homo_hartree|ar2_enthalpy_hartree|rate kobs (s-1)|ar2_Ar_LUMO|ar1_nbo_q_a,0.6938008477448853,0.5181977577890993,2.451448681400079,LOOCV,ln(kobs) = <nonlinear model; no closed-form linear equation>
azoarene_svr_rbf_c10_eps01_g003,ln(kobs),5,ar2_homo_hartree|ar2_enthalpy_hartree|rate kobs (s-1)|ar2_Ar_LUMO|ar1_Ar_NBO_OH,0.6938008477448853,0.5181977577890993,2.451448681400079,LOOCV,ln(kobs) = <nonlinear model; no closed-form linear equation>
azoarene_svr_rbf_c10_eps01_g003,ln(kobs),5,ar2_Ar_HOMO|rate kobs (s-1)|ar2_lumo_hartree|ar2_gap_hartree|ar1_bond_length_c_e,0.6825720713355292,0.5179187809786858,2.495993107649518,LOOCV,ln(kobs) = <nonlinear model; no closed-form linear equation>
azoarene_svr_rbf_c10_eps01_g003,ln(kobs),5,ar2_Ar_HOMO|rate kobs (s-1)|ar2_Ar_LUMO|ar2_gap_hartree|ar1_bond_length_c_e,0.6825720713355292,0.5179187809786858,2.495993107649518,LOOCV,ln(kobs) = <nonlinear model; no closed-form linear equation>
azoarene_svr_rbf_c10_eps01_g003,ln(kobs),5,ar2_homo_hartree|rate kobs (s-1)|ar2_lumo_hartree|ar2_gap_hartree|ar1_bond_length_c_e,0.6825720713355292,0.5179187809786858,2.495993107649518,LOOCV,ln(kobs) = <nonlinear model; no closed-form linear equation>
azoarene_svr_rbf_c10_eps01_g003,ln(kobs),5,ar2_homo_hartree|rate kobs (s-1)|ar2_Ar_LUMO|ar2_gap_hartree|ar1_bond_length_c_e,0.6825720713355292,0.5179187809786858,2.495993107649518,LOOCV,ln(kobs) = <nonlinear model; no closed-form linear equation>
azoarene_svr_rbf_c10_eps01_g003,ln(kobs),3,ar2_Ar_HOMO|ar2_homo_hartree|ar2_enthalpy_hartree,0.5460339451241066,0.5177925273999203,2.9849186816754054,LOOCV,ln(kobs) = <nonlinear model; no closed-form linear equation>
azoarene_svr_rbf_c10_eps01_g003,ln(kobs),3,ar2_Ar_HOMO|ar2_homo_hartree|ar2_scf_energy_hartree,0.5460320072312888,0.5177754906622586,2.984925052687335,LOOCV,ln(kobs) = <nonlinear model; no closed-form linear equation>
azoarene_svr_rbf_c10_eps01_g003,ln(kobs),3,ar2_Ar_HOMO|ar2_homo_hartree|ar2_gibbs_free_energy_hartree,0.5460337602921599,0.5177707180188365,2.9849192893290715,LOOCV,ln(kobs) = <nonlinear model; no closed-form linear equation>
azoarene_svr_rbf_c10_eps01_g003,ln(kobs),4,ar2_Ar_HOMO|ar2_Ar_polar|ar2_gibbs_free_energy_hartree|ar1_nbo_q_a,0.5988515917378526,0.5174668395549111,2.805907505875629,LOOCV,ln(kobs) = <nonlinear model; no closed-form linear equation>
azoarene_svr_rbf_c10_eps01_g003,ln(kobs),4,ar2_Ar_HOMO|ar2_Ar_polar|ar2_gibbs_free_energy_hartree|ar1_Ar_NBO_OH,0.5988515917378526,0.5174668395549111,2.805907505875629,LOOCV,ln(kobs) = <nonlinear model; no closed-form linear equation>
azoarene_svr_rbf_c10_eps01_g003,ln(kobs),4,ar2_Ar_HOMO|ar2_isotropic_polarizability_au|ar2_gibbs_free_energy_hartree|ar1_nbo_q_a,0.5988515917378526,0.5174668395549111,2.805907505875629,LOOCV,ln(kobs) = <nonlinear model; no closed-form linear equation>
azoarene_svr_rbf_c10_eps01_g003,ln(kobs),4,ar2_Ar_HOMO|ar2_isotropic_polarizability_au|ar2_gibbs_free_energy_hartree|ar1_Ar_NBO_OH,0.5988515917378526,0.5174668395549111,2.805907505875629,LOOCV,ln(kobs) = <nonlinear model; no closed-form linear equation>
azoarene_svr_rbf_c10_eps01_g003,ln(kobs),4,ar2_homo_hartree|ar2_Ar_polar|ar2_gibbs_free_energy_hartree|ar1_nbo_q_a,0.5988515917378526,0.5174668395549111,2.805907505875629,LOOCV,ln(kobs) = <nonlinear model; no closed-form linear equation>
azoarene_svr_rbf_c10_eps01_g003,ln(kobs),4,ar2_homo_hartree|ar2_Ar_polar|ar2_gibbs_free_energy_hartree|ar1_Ar_NBO_OH,0.5988515917378526,0.5174668395549111,2.805907505875629,LOOCV,ln(kobs) = <nonlinear model; no closed-form linear equation>
azoarene_svr_rbf_c10_eps01_g003,ln(kobs),4,ar2_homo_hartree|ar2_isotropic_polarizability_au|ar2_gibbs_free_energy_hartree|ar1_nbo_q_a,0.5988515917378526,0.5174668395549111,2.805907505875629,LOOCV,ln(kobs) = <nonlinear model; no closed-form linear equation>
azoarene_svr_rbf_c10_eps01_g003,ln(kobs),4,ar2_homo_hartree|ar2_isotropic_polarizability_au|ar2_gibbs_free_energy_hartree|ar1_Ar_NBO_OH,0.5988515917378526,0.5174668395549111,2.805907505875629,LOOCV,ln(kobs) = <nonlinear model; no closed-form linear equation>
azoarene_svr_rbf_c10_eps01_g003,ln(kobs),4,ar2_Ar_HOMO|ar2_Ar_polar|ar2_enthalpy_hartree|ar1_nbo_q_a,0.598849384356622,0.5174604919294803,2.805915225835269,LOOCV,ln(kobs) = <nonlinear model; no closed-form linear equation>
azoarene_svr_rbf_c10_eps01_g003,ln(kobs),4,ar2_Ar_HOMO|ar2_Ar_polar|ar2_enthalpy_hartree|ar1_Ar_NBO_OH,0.598849384356622,0.5174604919294803,2.805915225835269,LOOCV,ln(kobs) = <nonlinear model; no closed-form linear equation>
azoarene_svr_rbf_c10_eps01_g003,ln(kobs),4,ar2_Ar_HOMO|ar2_isotropic_polarizability_au|ar2_enthalpy_hartree|ar1_nbo_q_a,0.598849384356622,0.5174604919294803,2.805915225835269,LOOCV,ln(kobs) = <nonlinear model; no closed-form linear equation>
azoarene_svr_rbf_c10_eps01_g003,ln(kobs),4,ar2_Ar_HOMO|ar2_isotropic_polarizability_au|ar2_enthalpy_hartree|ar1_Ar_NBO_OH,0.598849384356622,0.5174604919294803,2.805915225835269,LOOCV,ln(kobs) = <nonlinear model; no closed-form linear equation>
azoarene_svr_rbf_c10_eps01_g003,ln(kobs),4,ar2_homo_hartree|ar2_Ar_polar|ar2_enthalpy_hartree|ar1_nbo_q_a,0.598849384356622,0.5174604919294803,2.805915225835269,LOOCV,ln(kobs) = <nonlinear model; no closed-form linear equation>
azoarene_svr_rbf_c10_eps01_g003,ln(kobs),4,ar2_homo_hartree|ar2_Ar_polar|ar2_enthalpy_hartree|ar1_Ar_NBO_OH,0.598849384356622,0.5174604919294803,2.805915225835269,LOOCV,ln(kobs) = <nonlinear model; no closed-form linear equation>
azoarene_svr_rbf_c10_eps01_g003,ln(kobs),4,ar2_homo_hartree|ar2_isotropic_polarizability_au|ar2_enthalpy_hartree|ar1_nbo_q_a,0.598849384356622,0.5174604919294803,2.805915225835269,LOOCV,ln(kobs) = <nonlinear model; no closed-form linear equation>
azoarene_svr_rbf_c10_eps01_g003,ln(kobs),4,ar2_homo_hartree|ar2_isotropic_polarizability_au|ar2_enthalpy_hartree|ar1_Ar_NBO_OH,0.598849384356622,0.5174604919294803,2.805915225835269,LOOCV,ln(kobs) = <nonlinear model; no closed-form linear equation>
azoarene_svr_rbf_c10_eps01_g003,ln(kobs),4,ar2_Ar_HOMO|ar2_Ar_polar|ar2_scf_energy_hartree|ar1_nbo_q_a,0.5988888222741284,0.5174369538065674,2.8057772948826383,LOOCV,ln(kobs) = <nonlinear model; no closed-form linear equation>
azoarene_svr_rbf_c10_eps01_g003,ln(kobs),4,ar2_Ar_HOMO|ar2_Ar_polar|ar2_scf_energy_hartree|ar1_Ar_NBO_OH,0.5988888222741284,0.5174369538065674,2.8057772948826383,LOOCV,ln(kobs) = <nonlinear model; no closed-form linear equation>
azoarene_svr_rbf_c10_eps01_g003,ln(kobs),4,ar2_Ar_HOMO|ar2_isotropic_polarizability_au|ar2_scf_energy_hartree|ar1_nbo_q_a,0.5988888222741284,0.5174369538065674,2.8057772948826383,LOOCV,ln(kobs) = <nonlinear model; no closed-form linear equation>
azoarene_svr_rbf_c10_eps01_g003,ln(kobs),4,ar2_Ar_HOMO|ar2_isotropic_polarizability_au|ar2_scf_energy_hartree|ar1_Ar_NBO_OH,0.5988888222741284,0.5174369538065674,2.8057772948826383,LOOCV,ln(kobs) = <nonlinear model; no closed-form linear equation>
azoarene_svr_rbf_c10_eps01_g003,ln(kobs),4,ar2_homo_hartree|ar2_Ar_polar|ar2_scf_energy_hartree|ar1_nbo_q_a,0.5988888222741284,0.5174369538065674,2.8057772948826383,LOOCV,ln(kobs) = <nonlinear model; no closed-form linear equation>
azoarene_svr_rbf_c10_eps01_g003,ln(kobs),4,ar2_homo_hartree|ar2_Ar_polar|ar2_scf_energy_hartree|ar1_Ar_NBO_OH,0.5988888222741284,0.5174369538065674,2.8057772948826383,LOOCV,ln(kobs) = <nonlinear model; no closed-form linear equation>
azoarene_svr_rbf_c10_eps01_g003,ln(kobs),4,ar2_homo_hartree|ar2_isotropic_polarizability_au|ar2_scf_energy_hartree|ar1_nbo_q_a,0.5988888222741284,0.5174369538065674,2.8057772948826383,LOOCV,ln(kobs) = <nonlinear model; no closed-form linear equation>
azoarene_svr_rbf_c10_eps01_g003,ln(kobs),4,ar2_homo_hartree|ar2_isotropic_polarizability_au|ar2_scf_energy_hartree|ar1_Ar_NBO_OH,0.5988888222741284,0.5174369538065674,2.8057772948826383,LOOCV,ln(kobs) = <nonlinear model; no closed-form linear equation>
azoarene_svr_rbf_c10_eps01_g003,ln(kobs),5,ar2_Ar_HOMO|ar2_homo_hartree|ar2_scf_energy_hartree|ar2_lumo_hartree|ar1_q_a,0.6361544203632654,0.5170208542362218,2.672264028776312,LOOCV,ln(kobs) = <nonlinear model; no closed-form linear equation>
azoarene_svr_rbf_c10_eps01_g003,ln(kobs),5,ar2_Ar_HOMO|ar2_homo_hartree|ar2_scf_energy_hartree|ar2_Ar_LUMO|ar1_q_a,0.6361544203632654,0.5170208542362218,2.672264028776312,LOOCV,ln(kobs) = <nonlinear model; no closed-form linear equation>
azoarene_svr_rbf_c10_eps01_g003,ln(kobs),5,ar2_Ar_HOMO|ar2_homo_hartree|ar2_gibbs_free_energy_hartree|ar2_lumo_hartree|ar1_q_a,0.636152926994818,0.5170039399238827,2.672269512793313,LOOCV,ln(kobs) = <nonlinear model; no closed-form linear equation>
azoarene_svr_rbf_c10_eps01_g003,ln(kobs),5,ar2_Ar_HOMO|ar2_homo_hartree|ar2_gibbs_free_energy_hartree|ar2_Ar_LUMO|ar1_q_a,0.636152926994818,0.5170039399238827,2.672269512793313,LOOCV,ln(kobs) = <nonlinear model; no closed-form linear equation>
azoarene_svr_rbf_c10_eps01_g003,ln(kobs),5,ar2_Ar_HOMO|ar2_homo_hartree|ar2_enthalpy_hartree|ar2_lumo_hartree|ar1_q_a,0.6361527919442058,0.5169956208536963,2.6722700087318914,LOOCV,ln(kobs) = <nonlinear model; no closed-form linear equation>
azoarene_svr_rbf_c10_eps01_g003,ln(kobs),5,ar2_Ar_HOMO|ar2_homo_hartree|ar2_enthalpy_hartree|ar2_Ar_LUMO|ar1_q_a,0.6361527919442058,0.5169956208536963,2.6722700087318914,LOOCV,ln(kobs) = <nonlinear model; no closed-form linear equation>
azoarene_svr_rbf_c10_eps01_g003,ln(kobs),5,ar2_Ar_HOMO|ar2_gibbs_free_energy_hartree|rate kobs (s-1)|ar2_gap_hartree|ar1_nbo_q_a,0.6937215972794182,0.5169699076275011,2.451765902852977,LOOCV,ln(kobs) = <nonlinear model; no closed-form linear equation>
azoarene_svr_rbf_c10_eps01_g003,ln(kobs),5,ar2_Ar_HOMO|ar2_gibbs_free_energy_hartree|rate kobs (s-1)|ar2_gap_hartree|ar1_Ar_NBO_OH,0.6937215972794182,0.5169699076275011,2.451765902852977,LOOCV,ln(kobs) = <nonlinear model; no closed-form linear equation>
azoarene_svr_rbf_c10_eps01_g003,ln(kobs),5,ar2_homo_hartree|ar2_gibbs_free_energy_hartree|rate kobs (s-1)|ar2_gap_hartree|ar1_nbo_q_a,0.6937215972794182,0.5169699076275011,2.451765902852977,LOOCV,ln(kobs) = <nonlinear model; no closed-form linear equation>
azoarene_svr_rbf_c10_eps01_g003,ln(kobs),5,ar2_homo_hartree|ar2_gibbs_free_energy_hartree|rate kobs (s-1)|ar2_gap_hartree|ar1_Ar_NBO_OH,0.6937215972794182,0.5169699076275011,2.451765902852977,LOOCV,ln(kobs) = <nonlinear model; no closed-form linear equation>
azoarene_svr_rbf_c10_eps01_g003,ln(kobs),5,ar2_Ar_HOMO|ar2_enthalpy_hartree|rate kobs (s-1)|ar2_gap_hartree|ar1_nbo_q_a,0.6937278924235769,0.5169549781168703,2.451740706334102,LOOCV,ln(kobs) = <nonlinear model; no closed-form linear equation>
azoarene_svr_rbf_c10_eps01_g003,ln(kobs),5,ar2_Ar_HOMO|ar2_enthalpy_hartree|rate kobs (s-1)|ar2_gap_hartree|ar1_Ar_NBO_OH,0.6937278924235769,0.5169549781168703,2.451740706334102,LOOCV,ln(kobs) = <nonlinear model; no closed-form linear equation>
azoarene_svr_rbf_c10_eps01_g003,ln(kobs),5,ar2_homo_hartree|ar2_enthalpy_hartree|rate kobs (s-1)|ar2_gap_hartree|ar1_nbo_q_a,0.6937278924235769,0.5169549781168703,2.451740706334102,LOOCV,ln(kobs) = <nonlinear model; no closed-form linear equation>
azoarene_svr_rbf_c10_eps01_g003,ln(kobs),5,ar2_homo_hartree|ar2_enthalpy_hartree|rate kobs (s-1)|ar2_gap_hartree|ar1_Ar_NBO_OH,0.6937278924235769,0.5169549781168703,2.451740706334102,LOOCV,ln(kobs) = <nonlinear model; no closed-form linear equation>
azoarene_svr_rbf_c10_eps01_g003,ln(kobs),5,ar2_Ar_HOMO|ar2_scf_energy_hartree|rate kobs (s-1)|ar2_gap_hartree|ar1_nbo_q_a,0.6937223387993492,0.516952368217021,2.451762934908833,LOOCV,ln(kobs) = <nonlinear model; no closed-form linear equation>
azoarene_svr_rbf_c10_eps01_g003,ln(kobs),5,ar2_Ar_HOMO|ar2_scf_energy_hartree|rate kobs (s-1)|ar2_gap_hartree|ar1_Ar_NBO_OH,0.6937223387993492,0.516952368217021,2.451762934908833,LOOCV,ln(kobs) = <nonlinear model; no closed-form linear equation>
azoarene_svr_rbf_c10_eps01_g003,ln(kobs),5,ar2_homo_hartree|ar2_scf_energy_hartree|rate kobs (s-1)|ar2_gap_hartree|ar1_nbo_q_a,0.6937223387993492,0.516952368217021,2.451762934908833,LOOCV,ln(kobs) = <nonlinear model; no closed-form linear equation>
azoarene_svr_rbf_c10_eps01_g003,ln(kobs),5,ar2_homo_hartree|ar2_scf_energy_hartree|rate kobs (s-1)|ar2_gap_hartree|ar1_Ar_NBO_OH,0.6937223387993492,0.516952368217021,2.451762934908833,LOOCV,ln(kobs) = <nonlinear model; no closed-form linear equation>
azoarene_svr_rbf_c10_eps01_g003,ln(kobs),4,ar2_Ar_HOMO|ar2_homo_hartree|ar2_scf_energy_hartree|ar2_enthalpy_hartree,0.5473184380096398,0.5165073793119532,2.980692789942086,LOOCV,ln(kobs) = <nonlinear model; no closed-form linear equation>
azoarene_svr_rbf_c10_eps01_g003,ln(kobs),5,ar2_Ar_HOMO|rate kobs (s-1)|ar2_lumo_hartree|ar2_Ar_LUMO|ar1_bond_length_c_e,0.6824380617929241,0.5165070330141475,2.4965199226665744,LOOCV,ln(kobs) = <nonlinear model; no closed-form linear equation>
azoarene_svr_rbf_c10_eps01_g003,ln(kobs),5,ar2_homo_hartree|rate kobs (s-1)|ar2_lumo_hartree|ar2_Ar_LUMO|ar1_bond_length_c_e,0.6824380617929241,0.5165070330141475,2.4965199226665744,LOOCV,ln(kobs) = <nonlinear model; no closed-form linear equation>
azoarene_svr_rbf_c10_eps01_g003,ln(kobs),4,ar2_Ar_HOMO|ar2_homo_hartree|ar2_scf_energy_hartree|ar2_gibbs_free_energy_hartree,0.5473159747372174,0.5165023469603609,2.9807008996697366,LOOCV,ln(kobs) = <nonlinear model; no closed-form linear equation>
azoarene_svr_rbf_c10_eps01_g003,ln(kobs),4,ar2_Ar_HOMO|ar2_homo_hartree|ar2_gibbs_free_energy_hartree|ar2_enthalpy_hartree,0.5473104948581882,0.5164977537419944,2.980718940764639,LOOCV,ln(kobs) = <nonlinear model; no closed-form linear equation>
azoarene_svr_rbf_c10_eps01_g003,ln(kobs),5,ar2_Ar_HOMO|ar2_homo_hartree|ar1_bond_length_c_e|ar1_nbo_q_a|ar1_Ar_NBO_OH,0.6395504791688,0.5164199652810579,2.6597636135868488,LOOCV,ln(kobs) = <nonlinear model; no closed-form linear equation>
azoarene_svr_rbf_c10_eps01_g003,ln(kobs),4,ar2_Ar_HOMO|ar2_homo_hartree|ar2_Ar_polar|ar2_gibbs_free_energy_hartree,0.5567699251076792,0.5163874548431476,2.94941187730216,LOOCV,ln(kobs) = <nonlinear model; no closed-form linear equation>
azoarene_svr_rbf_c10_eps01_g003,ln(kobs),4,ar2_Ar_HOMO|ar2_homo_hartree|ar2_isotropic_polarizability_au|ar2_gibbs_free_energy_hartree,0.5567699251076792,0.5163874548431476,2.94941187730216,LOOCV,ln(kobs) = <nonlinear model; no closed-form linear equation>
azoarene_svr_rbf_c10_eps01_g003,ln(kobs),4,ar2_Ar_HOMO|ar2_homo_hartree|ar2_Ar_polar|ar2_enthalpy_hartree,0.5567699604270124,0.5163859560155297,2.9494117597884024,LOOCV,ln(kobs) = <nonlinear model; no closed-form linear equation>
azoarene_svr_rbf_c10_eps01_g003,ln(kobs),4,ar2_Ar_HOMO|ar2_homo_hartree|ar2_isotropic_polarizability_au|ar2_enthalpy_hartree,0.5567699604270124,0.5163859560155297,2.9494117597884024,LOOCV,ln(kobs) = <nonlinear model; no closed-form linear equation>
azoarene_svr_rbf_c10_eps01_g003,ln(kobs),4,ar2_Ar_HOMO|ar2_homo_hartree|ar2_Ar_polar|ar2_scf_energy_hartree,0.5567717223381625,0.5163856091843091,2.9494058975880026,LOOCV,ln(kobs) = <nonlinear model; no closed-form linear equation>
azoarene_svr_rbf_c10_eps01_g003,ln(kobs),4,ar2_Ar_HOMO|ar2_homo_hartree|ar2_isotropic_polarizability_au|ar2_scf_energy_hartree,0.5567717223381625,0.5163856091843091,2.9494058975880026,LOOCV,ln(kobs) = <nonlinear model; no closed-form linear equation>
azoarene_svr_rbf_c10_eps01_g003,ln(kobs),5,ar2_Ar_HOMO|ar2_homo_hartree|ar2_gap_hartree|ar1_bond_length_c_e|ar1_nbo_q_a,0.648674757481895,0.5163124249911171,2.625883725366434,LOOCV,ln(kobs) = <nonlinear model; no closed-form linear equation>
azoarene_svr_rbf_c10_eps01_g003,ln(kobs),5,ar2_Ar_HOMO|ar2_homo_hartree|ar2_gap_hartree|ar1_bond_length_c_e|ar1_Ar_NBO_OH,0.648674757481895,0.5163124249911171,2.625883725366434,LOOCV,ln(kobs) = <nonlinear model; no closed-form linear equation>
azoarene_svr_rbf_c10_eps01_g003,ln(kobs),4,ar2_Ar_HOMO|ar2_Ar_polar|rate kobs (s-1)|ar1_bond_length_c_e,0.678187904900518,0.5162727985233377,2.5131707447401603,LOOCV,ln(kobs) = <nonlinear model; no closed-form linear equation>
azoarene_svr_rbf_c10_eps01_g003,ln(kobs),4,ar2_Ar_HOMO|ar2_isotropic_polarizability_au|rate kobs (s-1)|ar1_bond_length_c_e,0.678187904900518,0.5162727985233377,2.5131707447401603,LOOCV,ln(kobs) = <nonlinear model; no closed-form linear equation>
azoarene_svr_rbf_c10_eps01_g003,ln(kobs),4,ar2_homo_hartree|ar2_Ar_polar|rate kobs (s-1)|ar1_bond_length_c_e,0.678187904900518,0.5162727985233377,2.5131707447401603,LOOCV,ln(kobs) = <nonlinear model; no closed-form linear equation>
azoarene_svr_rbf_c10_eps01_g003,ln(kobs),4,ar2_homo_hartree|ar2_isotropic_polarizability_au|rate kobs (s-1)|ar1_bond_length_c_e,0.678187904900518,0.5162727985233377,2.5131707447401603,LOOCV,ln(kobs) = <nonlinear model; no closed-form linear equation>
azoarene_svr_rbf_c10_eps01_g003,ln(kobs),5,ar2_Ar_HOMO|ar2_homo_hartree|ar2_lumo_hartree|ar1_bond_length_c_e|ar1_nbo_q_a,0.6482234207605069,0.5160098630982843,2.62756987998664,LOOCV,ln(kobs) = <nonlinear model; no closed-form linear equation>
azoarene_svr_rbf_c10_eps01_g003,ln(kobs),5,ar2_Ar_HOMO|ar2_homo_hartree|ar2_lumo_hartree|ar1_bond_length_c_e|ar1_Ar_NBO_OH,0.6482234207605069,0.5160098630982843,2.62756987998664,LOOCV,ln(kobs) = <nonlinear model; no closed-form linear equation>
azoarene_svr_rbf_c10_eps01_g003,ln(kobs),5,ar2_Ar_HOMO|ar2_homo_hartree|ar2_Ar_LUMO|ar1_bond_length_c_e|ar1_nbo_q_a,0.6482234207605069,0.5160098630982843,2.62756987998664,LOOCV,ln(kobs) = <nonlinear model; no closed-form linear equation>
azoarene_svr_rbf_c10_eps01_g003,ln(kobs),5,ar2_Ar_HOMO|ar2_homo_hartree|ar2_Ar_LUMO|ar1_bond_length_c_e|ar1_Ar_NBO_OH,0.6482234207605069,0.5160098630982843,2.62756987998664,LOOCV,ln(kobs) = <nonlinear model; no closed-form linear equation>
azoarene_svr_rbf_c10_eps01_g003,ln(kobs),5,ar2_Ar_HOMO|ar2_scf_energy_hartree|rate kobs (s-1)|ar1_bond_length_c_a|ar2_lumo_hartree,0.6858398989534575,0.5158932300515766,2.48311211111717,LOOCV,ln(kobs) = <nonlinear model; no closed-form linear equation>
azoarene_svr_rbf_c10_eps01_g003,ln(kobs),5,ar2_Ar_HOMO|ar2_scf_energy_hartree|rate kobs (s-1)|ar1_bond_length_c_a|ar2_Ar_LUMO,0.6858398989534575,0.5158932300515766,2.48311211111717,LOOCV,ln(kobs) = <nonlinear model; no closed-form linear equation>
azoarene_svr_rbf_c10_eps01_g003,ln(kobs),5,ar2_homo_hartree|ar2_scf_energy_hartree|rate kobs (s-1)|ar1_bond_length_c_a|ar2_lumo_hartree,0.6858398989534575,0.5158932300515766,2.48311211111717,LOOCV,ln(kobs) = <nonlinear model; no closed-form linear equation>
azoarene_svr_rbf_c10_eps01_g003,ln(kobs),5,ar2_homo_hartree|ar2_scf_energy_hartree|rate kobs (s-1)|ar1_bond_length_c_a|ar2_Ar_LUMO,0.6858398989534575,0.5158932300515766,2.48311211111717,LOOCV,ln(kobs) = <nonlinear model; no closed-form linear equation>
azoarene_svr_rbf_c10_eps01_g003,ln(kobs),4,ar2_Ar_HOMO|ar2_homo_hartree|rate kobs (s-1)|ar1_bond_length_c_e,0.6865677398536056,0.5158921502214183,2.4802340267436116,LOOCV,ln(kobs) = <nonlinear model; no closed-form linear equation>
azoarene_svr_rbf_c10_eps01_g003,ln(kobs),5,ar2_Ar_HOMO|ar2_enthalpy_hartree|rate kobs (s-1)|ar1_bond_length_c_a|ar2_lumo_hartree,0.6858429480859802,0.5158512373246978,2.483100060961466,LOOCV,ln(kobs) = <nonlinear model; no closed-form linear equation>
azoarene_svr_rbf_c10_eps01_g003,ln(kobs),5,ar2_Ar_HOMO|ar2_enthalpy_hartree|rate kobs (s-1)|ar1_bond_length_c_a|ar2_Ar_LUMO,0.6858429480859802,0.5158512373246978,2.483100060961466,LOOCV,ln(kobs) = <nonlinear model; no closed-form linear equation>
azoarene_svr_rbf_c10_eps01_g003,ln(kobs),5,ar2_homo_hartree|ar2_enthalpy_hartree|rate kobs (s-1)|ar1_bond_length_c_a|ar2_lumo_hartree,0.6858429480859802,0.5158512373246978,2.483100060961466,LOOCV,ln(kobs) = <nonlinear model; no closed-form linear equation>
azoarene_svr_rbf_c10_eps01_g003,ln(kobs),5,ar2_homo_hartree|ar2_enthalpy_hartree|rate kobs (s-1)|ar1_bond_length_c_a|ar2_Ar_LUMO,0.6858429480859802,0.5158512373246978,2.483100060961466,LOOCV,ln(kobs) = <nonlinear model; no closed-form linear equation>
azoarene_svr_rbf_c10_eps01_g003,ln(kobs),5,ar2_Ar_HOMO|ar2_homo_hartree|rate kobs (s-1)|ar2_gap_hartree|ar1_nbo_q_a,0.7030658057417742,0.5158498518741219,2.4140759007391432,LOOCV,ln(kobs) = <nonlinear model; no closed-form linear equation>
azoarene_svr_rbf_c10_eps01_g003,ln(kobs),5,ar2_Ar_HOMO|ar2_homo_hartree|rate kobs (s-1)|ar2_gap_hartree|ar1_Ar_NBO_OH,0.7030658057417742,0.5158498518741219,2.4140759007391432,LOOCV,ln(kobs) = <nonlinear model; no closed-form linear equation>
azoarene_svr_rbf_c10_eps01_g003,ln(kobs),5,ar2_Ar_HOMO|ar2_gibbs_free_energy_hartree|rate kobs (s-1)|ar1_bond_length_c_a|ar2_lumo_hartree,0.6858425080883496,0.5158289754593128,2.4831017998334004,LOOCV,ln(kobs) = <nonlinear model; no closed-form linear equation>
azoarene_svr_rbf_c10_eps01_g003,ln(kobs),5,ar2_Ar_HOMO|ar2_gibbs_free_energy_hartree|rate kobs (s-1)|ar1_bond_length_c_a|ar2_Ar_LUMO,0.6858425080883496,0.5158289754593128,2.4831017998334004,LOOCV,ln(kobs) = <nonlinear model; no closed-form linear equation>
azoarene_svr_rbf_c10_eps01_g003,ln(kobs),5,ar2_homo_hartree|ar2_gibbs_free_energy_hartree|rate kobs (s-1)|ar1_bond_length_c_a|ar2_lumo_hartree,0.6858425080883496,0.5158289754593128,2.4831017998334004,LOOCV,ln(kobs) = <nonlinear model; no closed-form linear equation>
azoarene_svr_rbf_c10_eps01_g003,ln(kobs),5,ar2_homo_hartree|ar2_gibbs_free_energy_hartree|rate kobs (s-1)|ar1_bond_length_c_a|ar2_Ar_LUMO,0.6858425080883496,0.5158289754593128,2.4831017998334004,LOOCV,ln(kobs) = <nonlinear model; no closed-form linear equation>
azoarene_svr_rbf_c10_eps01_g003,ln(kobs),5,ar2_Ar_HOMO|ar2_homo_hartree|ar1_bond_length_c_a|ar1_bond_length_c_e|ar1_nbo_q_a,0.6427898548181791,0.5142126904377708,2.647784933502395,LOOCV,ln(kobs) = <nonlinear model; no closed-form linear equation>
azoarene_svr_rbf_c10_eps01_g003,ln(kobs),5,ar2_Ar_HOMO|ar2_homo_hartree|ar1_bond_length_c_a|ar1_bond_length_c_e|ar1_Ar_NBO_OH,0.6427898548181791,0.5142126904377708,2.647784933502395,LOOCV,ln(kobs) = <nonlinear model; no closed-form linear equation>
azoarene_svr_rbf_c10_eps01_g003,ln(kobs),5,ar2_Ar_HOMO|ar2_homo_hartree|ar2_scf_energy_hartree|ar1_bond_length_c_e|ar1_nbo_q_a,0.6383915352443097,0.5141655115918831,2.664036116245255,LOOCV,ln(kobs) = <nonlinear model; no closed-form linear equation>
azoarene_svr_rbf_c10_eps01_g003,ln(kobs),5,ar2_Ar_HOMO|ar2_homo_hartree|ar2_scf_energy_hartree|ar1_bond_length_c_e|ar1_Ar_NBO_OH,0.6383915352443097,0.5141655115918831,2.664036116245255,LOOCV,ln(kobs) = <nonlinear model; no closed-form linear equation>
azoarene_svr_rbf_c10_eps01_g003,ln(kobs),5,ar2_Ar_HOMO|ar2_homo_hartree|ar2_enthalpy_hartree|ar1_bond_length_c_e|ar1_nbo_q_a,0.6383885923852723,0.5141604188053621,2.66404695651529,LOOCV,ln(kobs) = <nonlinear model; no closed-form linear equation>
azoarene_svr_rbf_c10_eps01_g003,ln(kobs),5,ar2_Ar_HOMO|ar2_homo_hartree|ar2_enthalpy_hartree|ar1_bond_length_c_e|ar1_Ar_NBO_OH,0.6383885923852723,0.5141604188053621,2.66404695651529,LOOCV,ln(kobs) = <nonlinear model; no closed-form linear equation>
azoarene_svr_rbf_c10_eps01_g003,ln(kobs),5,ar2_Ar_HOMO|ar2_homo_hartree|ar2_gibbs_free_energy_hartree|ar1_bond_length_c_e|ar1_nbo_q_a,0.6383901172659057,0.5141477135537375,2.664041339494079,LOOCV,ln(kobs) = <nonlinear model; no closed-form linear equation>
azoarene_svr_rbf_c10_eps01_g003,ln(kobs),5,ar2_Ar_HOMO|ar2_homo_hartree|ar2_gibbs_free_energy_hartree|ar1_bond_length_c_e|ar1_Ar_NBO_OH,0.6383901172659057,0.5141477135537375,2.664041339494079,LOOCV,ln(kobs) = <nonlinear model; no closed-form linear equation>
azoarene_svr_rbf_c10_eps01_g003,ln(kobs),4,ar2_Ar_HOMO|ar2_lumo_hartree|ar2_Ar_Ster_B5|ar1_nbo_q_a,0.6265000695865889,0.5139424150275175,2.7074851095146126,LOOCV,ln(kobs) = <nonlinear model; no closed-form linear equation>
azoarene_svr_rbf_c10_eps01_g003,ln(kobs),4,ar2_Ar_HOMO|ar2_lumo_hartree|ar2_Ar_Ster_B5|ar1_Ar_NBO_OH,0.6265000695865889,0.5139424150275175,2.7074851095146126,LOOCV,ln(kobs) = <nonlinear model; no closed-form linear equation>
azoarene_svr_rbf_c10_eps01_g003,ln(kobs),4,ar2_Ar_HOMO|ar2_lumo_hartree|ar2_sterimol_B5|ar1_nbo_q_a,0.6265000695865889,0.5139424150275175,2.7074851095146126,LOOCV,ln(kobs) = <nonlinear model; no closed-form linear equation>
azoarene_svr_rbf_c10_eps01_g003,ln(kobs),4,ar2_Ar_HOMO|ar2_lumo_hartree|ar2_sterimol_B5|ar1_Ar_NBO_OH,0.6265000695865889,0.5139424150275175,2.7074851095146126,LOOCV,ln(kobs) = <nonlinear model; no closed-form linear equation>
azoarene_svr_rbf_c10_eps01_g003,ln(kobs),4,ar2_Ar_HOMO|ar2_Ar_LUMO|ar2_Ar_Ster_B5|ar1_nbo_q_a,0.6265000695865889,0.5139424150275175,2.7074851095146126,LOOCV,ln(kobs) = <nonlinear model; no closed-form linear equation>
azoarene_svr_rbf_c10_eps01_g003,ln(kobs),4,ar2_Ar_HOMO|ar2_Ar_LUMO|ar2_Ar_Ster_B5|ar1_Ar_NBO_OH,0.6265000695865889,0.5139424150275175,2.7074851095146126,LOOCV,ln(kobs) = <nonlinear model; no closed-form linear equation>
azoarene_svr_rbf_c10_eps01_g003,ln(kobs),4,ar2_Ar_HOMO|ar2_Ar_LUMO|ar2_sterimol_B5|ar1_nbo_q_a,0.6265000695865889,0.5139424150275175,2.7074851095146126,LOOCV,ln(kobs) = <nonlinear model; no closed-form linear equation>
azoarene_svr_rbf_c10_eps01_g003,ln(kobs),4,ar2_Ar_HOMO|ar2_Ar_LUMO|ar2_sterimol_B5|ar1_Ar_NBO_OH,0.6265000695865889,0.5139424150275175,2.7074851095146126,LOOCV,ln(kobs) = <nonlinear model; no closed-form linear equation>
azoarene_svr_rbf_c10_eps01_g003,ln(kobs),4,ar2_homo_hartree|ar2_lumo_hartree|ar2_Ar_Ster_B5|ar1_nbo_q_a,0.6265000695865889,0.5139424150275175,2.7074851095146126,LOOCV,ln(kobs) = <nonlinear model; no closed-form linear equation>
azoarene_svr_rbf_c10_eps01_g003,ln(kobs),4,ar2_homo_hartree|ar2_lumo_hartree|ar2_Ar_Ster_B5|ar1_Ar_NBO_OH,0.6265000695865889,0.5139424150275175,2.7074851095146126,LOOCV,ln(kobs) = <nonlinear model; no closed-form linear equation>
azoarene_svr_rbf_c10_eps01_g003,ln(kobs),4,ar2_homo_hartree|ar2_lumo_hartree|ar2_sterimol_B5|ar1_nbo_q_a,0.6265000695865889,0.5139424150275175,2.7074851095146126,LOOCV,ln(kobs) = <nonlinear model; no closed-form linear equation>
azoarene_svr_rbf_c10_eps01_g003,ln(kobs),4,ar2_homo_hartree|ar2_lumo_hartree|ar2_sterimol_B5|ar1_Ar_NBO_OH,0.6265000695865889,0.5139424150275175,2.7074851095146126,LOOCV,ln(kobs) = <nonlinear model; no closed-form linear equation>
azoarene_svr_rbf_c10_eps01_g003,ln(kobs),4,ar2_homo_hartree|ar2_Ar_LUMO|ar2_Ar_Ster_B5|ar1_nbo_q_a,0.6265000695865889,0.5139424150275175,2.7074851095146126,LOOCV,ln(kobs) = <nonlinear model; no closed-form linear equation>
azoarene_svr_rbf_c10_eps01_g003,ln(kobs),4,ar2_homo_hartree|ar2_Ar_LUMO|ar2_Ar_Ster_B5|ar1_Ar_NBO_OH,0.6265000695865889,0.5139424150275175,2.7074851095146126,LOOCV,ln(kobs) = <nonlinear model; no closed-form linear equation>
azoarene_svr_rbf_c10_eps01_g003,ln(kobs),4,ar2_homo_hartree|ar2_Ar_LUMO|ar2_sterimol_B5|ar1_nbo_q_a,0.6265000695865889,0.5139424150275175,2.7074851095146126,LOOCV,ln(kobs) = <nonlinear model; no closed-form linear equation>
azoarene_svr_rbf_c10_eps01_g003,ln(kobs),4,ar2_homo_hartree|ar2_Ar_LUMO|ar2_sterimol_B5|ar1_Ar_NBO_OH,0.6265000695865889,0.5139424150275175,2.7074851095146126,LOOCV,ln(kobs) = <nonlinear model; no closed-form linear equation>
azoarene_svr_rbf_c10_eps01_g003,ln(kobs),5,ar2_Ar_HOMO|ar2_homo_hartree|ar2_Ar_polar|ar1_bond_length_c_a|ar1_bond_length_c_e,0.6590048873664001,0.5136735419163738,2.5869908425244232,LOOCV,ln(kobs) = <nonlinear model; no closed-form linear equation>
azoarene_svr_rbf_c10_eps01_g003,ln(kobs),5,ar2_Ar_HOMO|ar2_homo_hartree|ar2_isotropic_polarizability_au|ar1_bond_length_c_a|ar1_bond_length_c_e,0.6590048873664001,0.5136735419163738,2.5869908425244232,LOOCV,ln(kobs) = <nonlinear model; no closed-form linear equation>
azoarene_svr_rbf_c10_eps01_g003,ln(kobs),5,ar2_Ar_HOMO|ar2_scf_energy_hartree|rate kobs (s-1)|ar1_bond_length_c_a|ar2_gap_hartree,0.6856089058407587,0.513601246630529,2.484024824727058,LOOCV,ln(kobs) = <nonlinear model; no closed-form linear equation>
azoarene_svr_rbf_c10_eps01_g003,ln(kobs),5,ar2_homo_hartree|ar2_scf_energy_hartree|rate kobs (s-1)|ar1_bond_length_c_a|ar2_gap_hartree,0.6856089058407587,0.513601246630529,2.484024824727058,LOOCV,ln(kobs) = <nonlinear model; no closed-form linear equation>
azoarene_svr_rbf_c10_eps01_g003,ln(kobs),3,ar2_Ar_HOMO|ar2_homo_hartree|ar1_bond_length_c_e,0.6120570744542607,0.5135832293598139,2.759336923827882,LOOCV,ln(kobs) = <nonlinear model; no closed-form linear equation>
azoarene_svr_rbf_c10_eps01_g003,ln(kobs),5,ar2_Ar_HOMO|ar2_enthalpy_hartree|rate kobs (s-1)|ar1_bond_length_c_a|ar2_gap_hartree,0.6855962545864511,0.5135636748898735,2.484074803422709,LOOCV,ln(kobs) = <nonlinear model; no closed-form linear equation>
azoarene_svr_rbf_c10_eps01_g003,ln(kobs),5,ar2_homo_hartree|ar2_enthalpy_hartree|rate kobs (s-1)|ar1_bond_length_c_a|ar2_gap_hartree,0.6855962545864511,0.5135636748898735,2.484074803422709,LOOCV,ln(kobs) = <nonlinear model; no closed-form linear equation>
azoarene_svr_rbf_c10_eps01_g003,ln(kobs),5,ar2_Ar_HOMO|ar2_gibbs_free_energy_hartree|rate kobs (s-1)|ar1_bond_length_c_a|ar2_gap_hartree,0.6855956957497399,0.5135510347157914,2.4840770110802146,LOOCV,ln(kobs) = <nonlinear model; no closed-form linear equation>
azoarene_svr_rbf_c10_eps01_g003,ln(kobs),5,ar2_homo_hartree|ar2_gibbs_free_energy_hartree|rate kobs (s-1)|ar1_bond_length_c_a|ar2_gap_hartree,0.6855956957497399,0.5135510347157914,2.4840770110802146,LOOCV,ln(kobs) = <nonlinear model; no closed-form linear equation>
azoarene_svr_rbf_c10_eps01_g003,ln(kobs),5,ar2_Ar_HOMO|ar2_homo_hartree|rate kobs (s-1)|ar2_lumo_hartree|ar1_nbo_q_a,0.7029381797739884,0.513195115169243,2.4145946447572624,LOOCV,ln(kobs) = <nonlinear model; no closed-form linear equation>
azoarene_svr_rbf_c10_eps01_g003,ln(kobs),5,ar2_Ar_HOMO|ar2_homo_hartree|rate kobs (s-1)|ar2_lumo_hartree|ar1_Ar_NBO_OH,0.7029381797739884,0.513195115169243,2.4145946447572624,LOOCV,ln(kobs) = <nonlinear model; no closed-form linear equation>
azoarene_svr_rbf_c10_eps01_g003,ln(kobs),5,ar2_Ar_HOMO|ar2_homo_hartree|rate kobs (s-1)|ar2_Ar_LUMO|ar1_nbo_q_a,0.7029381797739884,0.513195115169243,2.4145946447572624,LOOCV,ln(kobs) = <nonlinear model; no closed-form linear equation>
azoarene_svr_rbf_c10_eps01_g003,ln(kobs),5,ar2_Ar_HOMO|ar2_homo_hartree|rate kobs (s-1)|ar2_Ar_LUMO|ar1_Ar_NBO_OH,0.7029381797739884,0.513195115169243,2.4145946447572624,LOOCV,ln(kobs) = <nonlinear model; no closed-form linear equation>
azoarene_svr_rbf_c10_eps01_g003,ln(kobs),4,ar2_Ar_HOMO|ar2_gap_hartree|ar2_Ar_Ster_B5|ar1_nbo_q_a,0.6265051717712418,0.5129119369031532,2.7074666166916885,LOOCV,ln(kobs) = <nonlinear model; no closed-form linear equation>
azoarene_svr_rbf_c10_eps01_g003,ln(kobs),4,ar2_Ar_HOMO|ar2_gap_hartree|ar2_Ar_Ster_B5|ar1_Ar_NBO_OH,0.6265051717712418,0.5129119369031532,2.7074666166916885,LOOCV,ln(kobs) = <nonlinear model; no closed-form linear equation>
azoarene_svr_rbf_c10_eps01_g003,ln(kobs),4,ar2_Ar_HOMO|ar2_gap_hartree|ar2_sterimol_B5|ar1_nbo_q_a,0.6265051717712418,0.5129119369031532,2.7074666166916885,LOOCV,ln(kobs) = <nonlinear model; no closed-form linear equation>
azoarene_svr_rbf_c10_eps01_g003,ln(kobs),4,ar2_Ar_HOMO|ar2_gap_hartree|ar2_sterimol_B5|ar1_Ar_NBO_OH,0.6265051717712418,0.5129119369031532,2.7074666166916885,LOOCV,ln(kobs) = <nonlinear model; no closed-form linear equation>
azoarene_svr_rbf_c10_eps01_g003,ln(kobs),4,ar2_homo_hartree|ar2_gap_hartree|ar2_Ar_Ster_B5|ar1_nbo_q_a,0.6265051717712418,0.5129119369031532,2.7074666166916885,LOOCV,ln(kobs) = <nonlinear model; no closed-form linear equation>
azoarene_svr_rbf_c10_eps01_g003,ln(kobs),4,ar2_homo_hartree|ar2_gap_hartree|ar2_Ar_Ster_B5|ar1_Ar_NBO_OH,0.6265051717712418,0.5129119369031532,2.7074666166916885,LOOCV,ln(kobs) = <nonlinear model; no closed-form linear equation>
azoarene_svr_rbf_c10_eps01_g003,ln(kobs),4,ar2_homo_hartree|ar2_gap_hartree|ar2_sterimol_B5|ar1_nbo_q_a,0.6265051717712418,0.5129119369031532,2.7074666166916885,LOOCV,ln(kobs) = <nonlinear model; no closed-form linear equation>
azoarene_svr_rbf_c10_eps01_g003,ln(kobs),4,ar2_homo_hartree|ar2_gap_hartree|ar2_sterimol_B5|ar1_Ar_NBO_OH,0.6265051717712418,0.5129119369031532,2.7074666166916885,LOOCV,ln(kobs) = <nonlinear model; no closed-form linear equation>
azoarene_svr_rbf_c10_eps01_g003,ln(kobs),4,ar2_Ar_HOMO|ar2_Ar_polar|ar1_nbo_q_a|ar1_Ar_NBO_OH,0.6136398366951172,0.5119218640646868,2.7537022831233715,LOOCV,ln(kobs) = <nonlinear model; no closed-form linear equation>
azoarene_svr_rbf_c10_eps01_g003,ln(kobs),4,ar2_Ar_HOMO|ar2_isotropic_polarizability_au|ar1_nbo_q_a|ar1_Ar_NBO_OH,0.6136398366951172,0.5119218640646868,2.7537022831233715,LOOCV,ln(kobs) = <nonlinear model; no closed-form linear equation>
azoarene_svr_rbf_c10_eps01_g003,ln(kobs),4,ar2_homo_hartree|ar2_Ar_polar|ar1_nbo_q_a|ar1_Ar_NBO_OH,0.6136398366951172,0.5119218640646868,2.7537022831233715,LOOCV,ln(kobs) = <nonlinear model; no closed-form linear equation>
azoarene_svr_rbf_c10_eps01_g003,ln(kobs),4,ar2_homo_hartree|ar2_isotropic_polarizability_au|ar1_nbo_q_a|ar1_Ar_NBO_OH,0.6136398366951172,0.5119218640646868,2.7537022831233715,LOOCV,ln(kobs) = <nonlinear model; no closed-form linear equation>
azoarene_svr_rbf_c10_eps01_g003,ln(kobs),5,ar2_Ar_HOMO|ar2_Ar_polar|rate kobs (s-1)|ar2_lumo_hartree|ar1_q_a,0.6764004695828337,0.5117442182608385,2.5201405103886003,LOOCV,ln(kobs) = <nonlinear model; no closed-form linear equation>
azoarene_svr_rbf_c10_eps01_g003,ln(kobs),5,ar2_Ar_HOMO|ar2_Ar_polar|rate kobs (s-1)|ar2_Ar_LUMO|ar1_q_a,0.6764004695828337,0.5117442182608385,2.5201405103886003,LOOCV,ln(kobs) = <nonlinear model; no closed-form linear equation>
azoarene_svr_rbf_c10_eps01_g003,ln(kobs),5,ar2_Ar_HOMO|ar2_isotropic_polarizability_au|rate kobs (s-1)|ar2_lumo_hartree|ar1_q_a,0.6764004695828337,0.5117442182608385,2.5201405103886003,LOOCV,ln(kobs) = <nonlinear model; no closed-form linear equation>
azoarene_svr_rbf_c10_eps01_g003,ln(kobs),5,ar2_Ar_HOMO|ar2_isotropic_polarizability_au|rate kobs (s-1)|ar2_Ar_LUMO|ar1_q_a,0.6764004695828337,0.5117442182608385,2.5201405103886003,LOOCV,ln(kobs) = <nonlinear model; no closed-form linear equation>
azoarene_svr_rbf_c10_eps01_g003,ln(kobs),5,ar2_homo_hartree|ar2_Ar_polar|rate kobs (s-1)|ar2_lumo_hartree|ar1_q_a,0.6764004695828337,0.5117442182608385,2.5201405103886003,LOOCV,ln(kobs) = <nonlinear model; no closed-form linear equation>
azoarene_svr_rbf_c10_eps01_g003,ln(kobs),5,ar2_homo_hartree|ar2_Ar_polar|rate kobs (s-1)|ar2_Ar_LUMO|ar1_q_a,0.6764004695828337,0.5117442182608385,2.5201405103886003,LOOCV,ln(kobs) = <nonlinear model; no closed-form linear equation>
azoarene_svr_rbf_c10_eps01_g003,ln(kobs),5,ar2_homo_hartree|ar2_isotropic_polarizability_au|rate kobs (s-1)|ar2_lumo_hartree|ar1_q_a,0.6764004695828337,0.5117442182608385,2.5201405103886003,LOOCV,ln(kobs) = <nonlinear model; no closed-form linear equation>
azoarene_svr_rbf_c10_eps01_g003,ln(kobs),5,ar2_homo_hartree|ar2_isotropic_polarizability_au|rate kobs (s-1)|ar2_Ar_LUMO|ar1_q_a,0.6764004695828337,0.5117442182608385,2.5201405103886003,LOOCV,ln(kobs) = <nonlinear model; no closed-form linear equation>
azoarene_svr_rbf_c10_eps01_g003,ln(kobs),4,ar2_Ar_HOMO|ar2_homo_hartree|ar1_q_a|ar2_Ar_Ster_B5,0.6289162033670275,0.5115920184374203,2.698713675611931,LOOCV,ln(kobs) = <nonlinear model; no closed-form linear equation>
azoarene_svr_rbf_c10_eps01_g003,ln(kobs),4,ar2_Ar_HOMO|ar2_homo_hartree|ar1_q_a|ar2_sterimol_B5,0.6289162033670275,0.5115920184374203,2.698713675611931,LOOCV,ln(kobs) = <nonlinear model; no closed-form linear equation>
azoarene_svr_rbf_c10_eps01_g003,ln(kobs),4,ar2_Ar_HOMO|ar2_homo_hartree|ar1_bond_length_c_a|ar2_gap_hartree,0.6206444761221499,0.5105475299099405,2.7286260457987415,LOOCV,ln(kobs) = <nonlinear model; no closed-form linear equation>
azoarene_svr_rbf_c10_eps01_g003,ln(kobs),5,ar2_Ar_HOMO|ar2_Ar_polar|rate kobs (s-1)|ar2_gap_hartree|ar1_q_a,0.6762110002181634,0.510523085218564,2.5208781807245697,LOOCV,ln(kobs) = <nonlinear model; no closed-form linear equation>
azoarene_svr_rbf_c10_eps01_g003,ln(kobs),5,ar2_Ar_HOMO|ar2_isotropic_polarizability_au|rate kobs (s-1)|ar2_gap_hartree|ar1_q_a,0.6762110002181634,0.510523085218564,2.5208781807245697,LOOCV,ln(kobs) = <nonlinear model; no closed-form linear equation>
azoarene_svr_rbf_c10_eps01_g003,ln(kobs),5,ar2_homo_hartree|ar2_Ar_polar|rate kobs (s-1)|ar2_gap_hartree|ar1_q_a,0.6762110002181634,0.510523085218564,2.5208781807245697,LOOCV,ln(kobs) = <nonlinear model; no closed-form linear equation>
azoarene_svr_rbf_c10_eps01_g003,ln(kobs),5,ar2_homo_hartree|ar2_isotropic_polarizability_au|rate kobs (s-1)|ar2_gap_hartree|ar1_q_a,0.6762110002181634,0.510523085218564,2.5208781807245697,LOOCV,ln(kobs) = <nonlinear model; no closed-form linear equation>
azoarene_svr_rbf_c10_eps01_g003,ln(kobs),4,ar2_Ar_HOMO|ar2_Ar_Ster_B5|ar1_nbo_q_a|ar1_Ar_NBO_OH,0.6094335404131943,0.5097438268431909,2.7686514595001834,LOOCV,ln(kobs) = <nonlinear model; no closed-form linear equation>
azoarene_svr_rbf_c10_eps01_g003,ln(kobs),4,ar2_Ar_HOMO|ar2_sterimol_B5|ar1_nbo_q_a|ar1_Ar_NBO_OH,0.6094335404131943,0.5097438268431909,2.7686514595001834,LOOCV,ln(kobs) = <nonlinear model; no closed-form linear equation>
azoarene_svr_rbf_c10_eps01_g003,ln(kobs),4,ar2_homo_hartree|ar2_Ar_Ster_B5|ar1_nbo_q_a|ar1_Ar_NBO_OH,0.6094335404131943,0.5097438268431909,2.7686514595001834,LOOCV,ln(kobs) = <nonlinear model; no closed-form linear equation>
azoarene_svr_rbf_c10_eps01_g003,ln(kobs),4,ar2_homo_hartree|ar2_sterimol_B5|ar1_nbo_q_a|ar1_Ar_NBO_OH,0.6094335404131943,0.5097438268431909,2.7686514595001834,LOOCV,ln(kobs) = <nonlinear model; no closed-form linear equation>
azoarene_svr_rbf_c10_eps01_g003,ln(kobs),4,ar2_Ar_HOMO|ar2_homo_hartree|ar1_bond_length_c_a|ar2_lumo_hartree,0.6202838516948184,0.5093596861861533,2.7299226862832833,LOOCV,ln(kobs) = <nonlinear model; no closed-form linear equation>
azoarene_svr_rbf_c10_eps01_g003,ln(kobs),4,ar2_Ar_HOMO|ar2_homo_hartree|ar1_bond_length_c_a|ar2_Ar_LUMO,0.6202838516948184,0.5093596861861533,2.7299226862832833,LOOCV,ln(kobs) = <nonlinear model; no closed-form linear equation>
azoarene_svr_rbf_c10_eps01_g003,ln(kobs),3,ar2_Ar_HOMO|ar2_homo_hartree|ar2_Ar_polar,0.5565078759965231,0.5092421023849039,2.950283632853227,LOOCV,ln(kobs) = <nonlinear model; no closed-form linear equation>
azoarene_svr_rbf_c10_eps01_g003,ln(kobs),3,ar2_Ar_HOMO|ar2_homo_hartree|ar2_isotropic_polarizability_au,0.5565078759965231,0.5092421023849039,2.950283632853227,LOOCV,ln(kobs) = <nonlinear model; no closed-form linear equation>
azoarene_svr_rbf_c10_eps01_g003,ln(kobs),5,ar2_Ar_HOMO|ar2_scf_energy_hartree|ar1_bond_length_c_a|ar2_lumo_hartree|ar1_nbo_q_a,0.6366610008329242,0.5090424712226925,2.6704030905593887,LOOCV,ln(kobs) = <nonlinear model; no closed-form linear equation>
azoarene_svr_rbf_c10_eps01_g003,ln(kobs),5,ar2_Ar_HOMO|ar2_scf_energy_hartree|ar1_bond_length_c_a|ar2_lumo_hartree|ar1_Ar_NBO_OH,0.6366610008329242,0.5090424712226925,2.6704030905593887,LOOCV,ln(kobs) = <nonlinear model; no closed-form linear equation>
azoarene_svr_rbf_c10_eps01_g003,ln(kobs),5,ar2_Ar_HOMO|ar2_scf_energy_hartree|ar1_bond_length_c_a|ar2_Ar_LUMO|ar1_nbo_q_a,0.6366610008329242,0.5090424712226925,2.6704030905593887,LOOCV,ln(kobs) = <nonlinear model; no closed-form linear equation>
azoarene_svr_rbf_c10_eps01_g003,ln(kobs),5,ar2_Ar_HOMO|ar2_scf_energy_hartree|ar1_bond_length_c_a|ar2_Ar_LUMO|ar1_Ar_NBO_OH,0.6366610008329242,0.5090424712226925,2.6704030905593887,LOOCV,ln(kobs) = <nonlinear model; no closed-form linear equation>
azoarene_svr_rbf_c10_eps01_g003,ln(kobs),5,ar2_homo_hartree|ar2_scf_energy_hartree|ar1_bond_length_c_a|ar2_lumo_hartree|ar1_nbo_q_a,0.6366610008329242,0.5090424712226925,2.6704030905593887,LOOCV,ln(kobs) = <nonlinear model; no closed-form linear equation>
azoarene_svr_rbf_c10_eps01_g003,ln(kobs),5,ar2_homo_hartree|ar2_scf_energy_hartree|ar1_bond_length_c_a|ar2_lumo_hartree|ar1_Ar_NBO_OH,0.6366610008329242,0.5090424712226925,2.6704030905593887,LOOCV,ln(kobs) = <nonlinear model; no closed-form linear equation>
azoarene_svr_rbf_c10_eps01_g003,ln(kobs),5,ar2_homo_hartree|ar2_scf_energy_hartree|ar1_bond_length_c_a|ar2_Ar_LUMO|ar1_nbo_q_a,0.6366610008329242,0.5090424712226925,2.6704030905593887,LOOCV,ln(kobs) = <nonlinear model; no closed-form linear equation>
azoarene_svr_rbf_c10_eps01_g003,ln(kobs),5,ar2_homo_hartree|ar2_scf_energy_hartree|ar1_bond_length_c_a|ar2_Ar_LUMO|ar1_Ar_NBO_OH,0.6366610008329242,0.5090424712226925,2.6704030905593887,LOOCV,ln(kobs) = <nonlinear model; no closed-form linear equation>
azoarene_svr_rbf_c10_eps01_g003,ln(kobs),5,ar2_Ar_HOMO|ar2_gibbs_free_energy_hartree|ar1_bond_length_c_a|ar2_lumo_hartree|ar1_nbo_q_a,0.6366505754470366,0.509013858893266,2.6704414015899363,LOOCV,ln(kobs) = <nonlinear model; no closed-form linear equation>
azoarene_svr_rbf_c10_eps01_g003,ln(kobs),5,ar2_Ar_HOMO|ar2_gibbs_free_energy_hartree|ar1_bond_length_c_a|ar2_lumo_hartree|ar1_Ar_NBO_OH,0.6366505754470366,0.509013858893266,2.6704414015899363,LOOCV,ln(kobs) = <nonlinear model; no closed-form linear equation>
azoarene_svr_rbf_c10_eps01_g003,ln(kobs),5,ar2_Ar_HOMO|ar2_gibbs_free_energy_hartree|ar1_bond_length_c_a|ar2_Ar_LUMO|ar1_nbo_q_a,0.6366505754470366,0.509013858893266,2.6704414015899363,LOOCV,ln(kobs) = <nonlinear model; no closed-form linear equation>
azoarene_svr_rbf_c10_eps01_g003,ln(kobs),5,ar2_Ar_HOMO|ar2_gibbs_free_energy_hartree|ar1_bond_length_c_a|ar2_Ar_LUMO|ar1_Ar_NBO_OH,0.6366505754470366,0.509013858893266,2.6704414015899363,LOOCV,ln(kobs) = <nonlinear model; no closed-form linear equation>
azoarene_svr_rbf_c10_eps01_g003,ln(kobs),5,ar2_homo_hartree|ar2_gibbs_free_energy_hartree|ar1_bond_length_c_a|ar2_lumo_hartree|ar1_nbo_q_a,0.6366505754470366,0.509013858893266,2.6704414015899363,LOOCV,ln(kobs) = <nonlinear model; no closed-form linear equation>
azoarene_svr_rbf_c10_eps01_g003,ln(kobs),5,ar2_homo_hartree|ar2_gibbs_free_energy_hartree|ar1_bond_length_c_a|ar2_lumo_hartree|ar1_Ar_NBO_OH,0.6366505754470366,0.509013858893266,2.6704414015899363,LOOCV,ln(kobs) = <nonlinear model; no closed-form linear equation>
azoarene_svr_rbf_c10_eps01_g003,ln(kobs),5,ar2_homo_hartree|ar2_gibbs_free_energy_hartree|ar1_bond_length_c_a|ar2_Ar_LUMO|ar1_nbo_q_a,0.6366505754470366,0.509013858893266,2.6704414015899363,LOOCV,ln(kobs) = <nonlinear model; no closed-form linear equation>
azoarene_svr_rbf_c10_eps01_g003,ln(kobs),5,ar2_homo_hartree|ar2_gibbs_free_energy_hartree|ar1_bond_length_c_a|ar2_Ar_LUMO|ar1_Ar_NBO_OH,0.6366505754470366,0.509013858893266,2.6704414015899363,LOOCV,ln(kobs) = <nonlinear model; no closed-form linear equation>
azoarene_svr_rbf_c10_eps01_g003,ln(kobs),5,ar2_Ar_HOMO|ar2_enthalpy_hartree|ar1_bond_length_c_a|ar2_lumo_hartree|ar1_nbo_q_a,0.6366507197140717,0.5090056829038114,2.6704408714436423,LOOCV,ln(kobs) = <nonlinear model; no closed-form linear equation>
azoarene_svr_rbf_c10_eps01_g003,ln(kobs),5,ar2_Ar_HOMO|ar2_enthalpy_hartree|ar1_bond_length_c_a|ar2_lumo_hartree|ar1_Ar_NBO_OH,0.6366507197140717,0.5090056829038114,2.6704408714436423,LOOCV,ln(kobs) = <nonlinear model; no closed-form linear equation>
azoarene_svr_rbf_c10_eps01_g003,ln(kobs),5,ar2_Ar_HOMO|ar2_enthalpy_hartree|ar1_bond_length_c_a|ar2_Ar_LUMO|ar1_nbo_q_a,0.6366507197140717,0.5090056829038114,2.6704408714436423,LOOCV,ln(kobs) = <nonlinear model; no closed-form linear equation>
azoarene_svr_rbf_c10_eps01_g003,ln(kobs),5,ar2_Ar_HOMO|ar2_enthalpy_hartree|ar1_bond_length_c_a|ar2_Ar_LUMO|ar1_Ar_NBO_OH,0.6366507197140717,0.5090056829038114,2.6704408714436423,LOOCV,ln(kobs) = <nonlinear model; no closed-form linear equation>
azoarene_svr_rbf_c10_eps01_g003,ln(kobs),5,ar2_homo_hartree|ar2_enthalpy_hartree|ar1_bond_length_c_a|ar2_lumo_hartree|ar1_nbo_q_a,0.6366507197140717,0.5090056829038114,2.6704408714436423,LOOCV,ln(kobs) = <nonlinear model; no closed-form linear equation>
azoarene_svr_rbf_c10_eps01_g003,ln(kobs),5,ar2_homo_hartree|ar2_enthalpy_hartree|ar1_bond_length_c_a|ar2_lumo_hartree|ar1_Ar_NBO_OH,0.6366507197140717,0.5090056829038114,2.6704408714436423,LOOCV,ln(kobs) = <nonlinear model; no closed-form linear equation>
azoarene_svr_rbf_c10_eps01_g003,ln(kobs),5,ar2_homo_hartree|ar2_enthalpy_hartree|ar1_bond_length_c_a|ar2_Ar_LUMO|ar1_nbo_q_a,0.6366507197140717,0.5090056829038114,2.6704408714436423,LOOCV,ln(kobs) = <nonlinear model; no closed-form linear equation>
azoarene_svr_rbf_c10_eps01_g003,ln(kobs),5,ar2_homo_hartree|ar2_enthalpy_hartree|ar1_bond_length_c_a|ar2_Ar_LUMO|ar1_Ar_NBO_OH,0.6366507197140717,0.5090056829038114,2.6704408714436423,LOOCV,ln(kobs) = <nonlinear model; no closed-form linear equation>
azoarene_svr_rbf_c10_eps01_g003,ln(kobs),4,ar2_Ar_HOMO|ar2_scf_energy_hartree|rate kobs (s-1)|ar1_bond_length_c_e,0.6613702414820304,0.5087688454150232,2.5780027401585164,LOOCV,ln(kobs) = <nonlinear model; no closed-form linear equation>
azoarene_svr_rbf_c10_eps01_g003,ln(kobs),4,ar2_homo_hartree|ar2_scf_energy_hartree|rate kobs (s-1)|ar1_bond_length_c_e,0.6613702414820304,0.5087688454150232,2.5780027401585164,LOOCV,ln(kobs) = <nonlinear model; no closed-form linear equation>
azoarene_svr_rbf_c10_eps01_g003,ln(kobs),4,ar2_Ar_HOMO|ar2_gibbs_free_energy_hartree|rate kobs (s-1)|ar1_bond_length_c_e,0.6613893517399592,0.5087628469186999,2.577929995529374,LOOCV,ln(kobs) = <nonlinear model; no closed-form linear equation>
azoarene_svr_rbf_c10_eps01_g003,ln(kobs),4,ar2_homo_hartree|ar2_gibbs_free_energy_hartree|rate kobs (s-1)|ar1_bond_length_c_e,0.6613893517399592,0.5087628469186999,2.577929995529374,LOOCV,ln(kobs) = <nonlinear model; no closed-form linear equation>
azoarene_svr_rbf_c10_eps01_g003,ln(kobs),4,ar2_Ar_HOMO|ar2_enthalpy_hartree|rate kobs (s-1)|ar1_bond_length_c_e,0.6613899145929882,0.5087437083870779,2.577927852956013,LOOCV,ln(kobs) = <nonlinear model; no closed-form linear equation>
azoarene_svr_rbf_c10_eps01_g003,ln(kobs),4,ar2_homo_hartree|ar2_enthalpy_hartree|rate kobs (s-1)|ar1_bond_length_c_e,0.6613899145929882,0.5087437083870779,2.577927852956013,LOOCV,ln(kobs) = <nonlinear model; no closed-form linear equation>
azoarene_svr_rbf_c10_eps01_g003,ln(kobs),4,ar2_Ar_HOMO|ar2_scf_energy_hartree|ar1_nbo_q_a|ar1_Ar_NBO_OH,0.5995082839303961,0.5084007715500095,2.8036098870426507,LOOCV,ln(kobs) = <nonlinear model; no closed-form linear equation>
azoarene_svr_rbf_c10_eps01_g003,ln(kobs),4,ar2_homo_hartree|ar2_scf_energy_hartree|ar1_nbo_q_a|ar1_Ar_NBO_OH,0.5995082839303961,0.5084007715500095,2.8036098870426507,LOOCV,ln(kobs) = <nonlinear model; no closed-form linear equation>
azoarene_svr_rbf_c10_eps01_g003,ln(kobs),4,ar2_Ar_HOMO|ar2_scf_energy_hartree|ar1_bond_length_c_a|ar2_gap_hartree,0.6269618959526597,0.508345608488169,2.705810711921012,LOOCV,ln(kobs) = <nonlinear model; no closed-form linear equation>
azoarene_svr_rbf_c10_eps01_g003,ln(kobs),4,ar2_homo_hartree|ar2_scf_energy_hartree|ar1_bond_length_c_a|ar2_gap_hartree,0.6269618959526597,0.508345608488169,2.705810711921012,LOOCV,ln(kobs) = <nonlinear model; no closed-form linear equation>
azoarene_svr_rbf_c10_eps01_g003,ln(kobs),4,ar2_Ar_HOMO|ar2_enthalpy_hartree|ar1_nbo_q_a|ar1_Ar_NBO_OH,0.599528296891614,0.5083214751998659,2.8035398366088273,LOOCV,ln(kobs) = <nonlinear model; no closed-form linear equation>
azoarene_svr_rbf_c10_eps01_g003,ln(kobs),4,ar2_homo_hartree|ar2_enthalpy_hartree|ar1_nbo_q_a|ar1_Ar_NBO_OH,0.599528296891614,0.5083214751998659,2.8035398366088273,LOOCV,ln(kobs) = <nonlinear model; no closed-form linear equation>
azoarene_svr_rbf_c10_eps01_g003,ln(kobs),4,ar2_Ar_HOMO|ar2_gibbs_free_energy_hartree|ar1_nbo_q_a|ar1_Ar_NBO_OH,0.5995284888818808,0.5083128069864187,2.803539164585784,LOOCV,ln(kobs) = <nonlinear model; no closed-form linear equation>
azoarene_svr_rbf_c10_eps01_g003,ln(kobs),4,ar2_homo_hartree|ar2_gibbs_free_energy_hartree|ar1_nbo_q_a|ar1_Ar_NBO_OH,0.5995284888818808,0.5083128069864187,2.803539164585784,LOOCV,ln(kobs) = <nonlinear model; no closed-form linear equation>
azoarene_svr_rbf_c10_eps01_g003,ln(kobs),4,ar2_Ar_HOMO|ar2_enthalpy_hartree|ar1_bond_length_c_a|ar2_gap_hartree,0.6269821683801973,0.5082537412055698,2.7057371884709243,LOOCV,ln(kobs) = <nonlinear model; no closed-form linear equation>
azoarene_svr_rbf_c10_eps01_g003,ln(kobs),4,ar2_homo_hartree|ar2_enthalpy_hartree|ar1_bond_length_c_a|ar2_gap_hartree,0.6269821683801973,0.5082537412055698,2.7057371884709243,LOOCV,ln(kobs) = <nonlinear model; no closed-form linear equation>
azoarene_svr_rbf_c10_eps01_g003,ln(kobs),4,ar2_Ar_HOMO|ar2_gibbs_free_energy_hartree|ar1_bond_length_c_a|ar2_gap_hartree,0.6269838824054526,0.508245327940093,2.7057309720024216,LOOCV,ln(kobs) = <nonlinear model; no closed-form linear equation>
azoarene_svr_rbf_c10_eps01_g003,ln(kobs),4,ar2_homo_hartree|ar2_gibbs_free_energy_hartree|ar1_bond_length_c_a|ar2_gap_hartree,0.6269838824054526,0.508245327940093,2.7057309720024216,LOOCV,ln(kobs) = <nonlinear model; no closed-form linear equation>
azoarene_svr_rbf_c10_eps01_g003,ln(kobs),4,ar2_Ar_HOMO|ar2_scf_energy_hartree|ar1_bond_length_c_a|ar2_lumo_hartree,0.6276598166510952,0.5078493933938797,2.7032783628331645,LOOCV,ln(kobs) = <nonlinear model; no closed-form linear equation>
azoarene_svr_rbf_c10_eps01_g003,ln(kobs),4,ar2_Ar_HOMO|ar2_scf_energy_hartree|ar1_bond_length_c_a|ar2_Ar_LUMO,0.6276598166510952,0.5078493933938797,2.7032783628331645,LOOCV,ln(kobs) = <nonlinear model; no closed-form linear equation>
azoarene_svr_rbf_c10_eps01_g003,ln(kobs),4,ar2_homo_hartree|ar2_scf_energy_hartree|ar1_bond_length_c_a|ar2_lumo_hartree,0.6276598166510952,0.5078493933938797,2.7032783628331645,LOOCV,ln(kobs) = <nonlinear model; no closed-form linear equation>
azoarene_svr_rbf_c10_eps01_g003,ln(kobs),4,ar2_homo_hartree|ar2_scf_energy_hartree|ar1_bond_length_c_a|ar2_Ar_LUMO,0.6276598166510952,0.5078493933938797,2.7032783628331645,LOOCV,ln(kobs) = <nonlinear model; no closed-form linear equation>
azoarene_svr_rbf_c10_eps01_g003,ln(kobs),4,ar2_Ar_HOMO|ar2_gibbs_free_energy_hartree|ar1_bond_length_c_a|ar2_lumo_hartree,0.6276983527727676,0.5077636619938349,2.7031384685051743,LOOCV,ln(kobs) = <nonlinear model; no closed-form linear equation>
azoarene_svr_rbf_c10_eps01_g003,ln(kobs),4,ar2_Ar_HOMO|ar2_gibbs_free_energy_hartree|ar1_bond_length_c_a|ar2_Ar_LUMO,0.6276983527727676,0.5077636619938349,2.7031384685051743,LOOCV,ln(kobs) = <nonlinear model; no closed-form linear equation>
azoarene_svr_rbf_c10_eps01_g003,ln(kobs),4,ar2_homo_hartree|ar2_gibbs_free_energy_hartree|ar1_bond_length_c_a|ar2_lumo_hartree,0.6276983527727676,0.5077636619938349,2.7031384685051743,LOOCV,ln(kobs) = <nonlinear model; no closed-form linear equation>
azoarene_svr_rbf_c10_eps01_g003,ln(kobs),4,ar2_homo_hartree|ar2_gibbs_free_energy_hartree|ar1_bond_length_c_a|ar2_Ar_LUMO,0.6276983527727676,0.5077636619938349,2.7031384685051743,LOOCV,ln(kobs) = <nonlinear model; no closed-form linear equation>
azoarene_svr_rbf_c10_eps01_g003,ln(kobs),4,ar2_Ar_HOMO|ar2_enthalpy_hartree|ar1_bond_length_c_a|ar2_lumo_hartree,0.6276999622941212,0.5077377860913965,2.7031326254424033,LOOCV,ln(kobs) = <nonlinear model; no closed-form linear equation>
azoarene_svr_rbf_c10_eps01_g003,ln(kobs),4,ar2_Ar_HOMO|ar2_enthalpy_hartree|ar1_bond_length_c_a|ar2_Ar_LUMO,0.6276999622941212,0.5077377860913965,2.7031326254424033,LOOCV,ln(kobs) = <nonlinear model; no closed-form linear equation>
azoarene_svr_rbf_c10_eps01_g003,ln(kobs),4,ar2_homo_hartree|ar2_enthalpy_hartree|ar1_bond_length_c_a|ar2_lumo_hartree,0.6276999622941212,0.5077377860913965,2.7031326254424033,LOOCV,ln(kobs) = <nonlinear model; no closed-form linear equation>
azoarene_svr_rbf_c10_eps01_g003,ln(kobs),4,ar2_homo_hartree|ar2_enthalpy_hartree|ar1_bond_length_c_a|ar2_Ar_LUMO,0.6276999622941212,0.5077377860913965,2.7031326254424033,LOOCV,ln(kobs) = <nonlinear model; no closed-form linear equation>
azoarene_svr_rbf_c10_eps01_g003,ln(kobs),4,ar2_Ar_HOMO|ar2_Ar_polar|rate kobs (s-1)|ar2_lumo_hartree,0.6293815934179581,0.5076992900722759,2.697020865876872,LOOCV,ln(kobs) = <nonlinear model; no closed-form linear equation>
azoarene_svr_rbf_c10_eps01_g003,ln(kobs),4,ar2_Ar_HOMO|ar2_Ar_polar|rate kobs (s-1)|ar2_Ar_LUMO,0.6293815934179581,0.5076992900722759,2.697020865876872,LOOCV,ln(kobs) = <nonlinear model; no closed-form linear equation>
azoarene_svr_rbf_c10_eps01_g003,ln(kobs),4,ar2_Ar_HOMO|ar2_isotropic_polarizability_au|rate kobs (s-1)|ar2_lumo_hartree,0.6293815934179581,0.5076992900722759,2.697020865876872,LOOCV,ln(kobs) = <nonlinear model; no closed-form linear equation>
azoarene_svr_rbf_c10_eps01_g003,ln(kobs),4,ar2_Ar_HOMO|ar2_isotropic_polarizability_au|rate kobs (s-1)|ar2_Ar_LUMO,0.6293815934179581,0.5076992900722759,2.697020865876872,LOOCV,ln(kobs) = <nonlinear model; no closed-form linear equation>
azoarene_svr_rbf_c10_eps01_g003,ln(kobs),4,ar2_homo_hartree|ar2_Ar_polar|rate kobs (s-1)|ar2_lumo_hartree,0.6293815934179581,0.5076992900722759,2.697020865876872,LOOCV,ln(kobs) = <nonlinear model; no closed-form linear equation>
azoarene_svr_rbf_c10_eps01_g003,ln(kobs),4,ar2_homo_hartree|ar2_Ar_polar|rate kobs (s-1)|ar2_Ar_LUMO,0.6293815934179581,0.5076992900722759,2.697020865876872,LOOCV,ln(kobs) = <nonlinear model; no closed-form linear equation>
azoarene_svr_rbf_c10_eps01_g003,ln(kobs),4,ar2_homo_hartree|ar2_isotropic_polarizability_au|rate kobs (s-1)|ar2_lumo_hartree,0.6293815934179581,0.5076992900722759,2.697020865876872,LOOCV,ln(kobs) = <nonlinear model; no closed-form linear equation>
azoarene_svr_rbf_c10_eps01_g003,ln(kobs),4,ar2_homo_hartree|ar2_isotropic_polarizability_au|rate kobs (s-1)|ar2_Ar_LUMO,0.6293815934179581,0.5076992900722759,2.697020865876872,LOOCV,ln(kobs) = <nonlinear model; no closed-form linear equation>
azoarene_svr_rbf_c10_eps01_g003,ln(kobs),5,ar2_Ar_HOMO|ar2_scf_energy_hartree|ar1_bond_length_c_a|ar2_gap_hartree|ar1_nbo_q_a,0.6362633042693466,0.5073691138686498,2.6718641499078655,LOOCV,ln(kobs) = <nonlinear model; no closed-form linear equation>
azoarene_svr_rbf_c10_eps01_g003,ln(kobs),5,ar2_Ar_HOMO|ar2_scf_energy_hartree|ar1_bond_length_c_a|ar2_gap_hartree|ar1_Ar_NBO_OH,0.6362633042693466,0.5073691138686498,2.6718641499078655,LOOCV,ln(kobs) = <nonlinear model; no closed-form linear equation>
azoarene_svr_rbf_c10_eps01_g003,ln(kobs),5,ar2_homo_hartree|ar2_scf_energy_hartree|ar1_bond_length_c_a|ar2_gap_hartree|ar1_nbo_q_a,0.6362633042693466,0.5073691138686498,2.6718641499078655,LOOCV,ln(kobs) = <nonlinear model; no closed-form linear equation>
azoarene_svr_rbf_c10_eps01_g003,ln(kobs),5,ar2_homo_hartree|ar2_scf_energy_hartree|ar1_bond_length_c_a|ar2_gap_hartree|ar1_Ar_NBO_OH,0.6362633042693466,0.5073691138686498,2.6718641499078655,LOOCV,ln(kobs) = <nonlinear model; no closed-form linear equation>
azoarene_svr_rbf_c10_eps01_g003,ln(kobs),5,ar2_Ar_HOMO|ar2_gibbs_free_energy_hartree|ar1_bond_length_c_a|ar2_gap_hartree|ar1_nbo_q_a,0.6362640418231845,0.5073403301852191,2.6718614410188803,LOOCV,ln(kobs) = <nonlinear model; no closed-form linear equation>
azoarene_svr_rbf_c10_eps01_g003,ln(kobs),5,ar2_Ar_HOMO|ar2_gibbs_free_energy_hartree|ar1_bond_length_c_a|ar2_gap_hartree|ar1_Ar_NBO_OH,0.6362640418231845,0.5073403301852191,2.6718614410188803,LOOCV,ln(kobs) = <nonlinear model; no closed-form linear equation>
azoarene_svr_rbf_c10_eps01_g003,ln(kobs),5,ar2_homo_hartree|ar2_gibbs_free_energy_hartree|ar1_bond_length_c_a|ar2_gap_hartree|ar1_nbo_q_a,0.6362640418231845,0.5073403301852191,2.6718614410188803,LOOCV,ln(kobs) = <nonlinear model; no closed-form linear equation>
azoarene_svr_rbf_c10_eps01_g003,ln(kobs),5,ar2_homo_hartree|ar2_gibbs_free_energy_hartree|ar1_bond_length_c_a|ar2_gap_hartree|ar1_Ar_NBO_OH,0.6362640418231845,0.5073403301852191,2.6718614410188803,LOOCV,ln(kobs) = <nonlinear model; no closed-form linear equation>
azoarene_svr_rbf_c10_eps01_g003,ln(kobs),5,ar2_Ar_HOMO|ar2_enthalpy_hartree|ar1_bond_length_c_a|ar2_gap_hartree|ar1_nbo_q_a,0.6362642529631123,0.5073264657980169,2.6718606655432904,LOOCV,ln(kobs) = <nonlinear model; no closed-form linear equation>
azoarene_svr_rbf_c10_eps01_g003,ln(kobs),5,ar2_Ar_HOMO|ar2_enthalpy_hartree|ar1_bond_length_c_a|ar2_gap_hartree|ar1_Ar_NBO_OH,0.6362642529631123,0.5073264657980169,2.6718606655432904,LOOCV,ln(kobs) = <nonlinear model; no closed-form linear equation>
azoarene_svr_rbf_c10_eps01_g003,ln(kobs),5,ar2_homo_hartree|ar2_enthalpy_hartree|ar1_bond_length_c_a|ar2_gap_hartree|ar1_nbo_q_a,0.6362642529631123,0.5073264657980169,2.6718606655432904,LOOCV,ln(kobs) = <nonlinear model; no closed-form linear equation>
azoarene_svr_rbf_c10_eps01_g003,ln(kobs),5,ar2_homo_hartree|ar2_enthalpy_hartree|ar1_bond_length_c_a|ar2_gap_hartree|ar1_Ar_NBO_OH,0.6362642529631123,0.5073264657980169,2.6718606655432904,LOOCV,ln(kobs) = <nonlinear model; no closed-form linear equation>
azoarene_svr_rbf_c10_eps01_g003,ln(kobs),4,ar2_Ar_HOMO|ar2_homo_hartree|ar2_gibbs_free_energy_hartree|ar1_q_a,0.6178163930516238,0.5064457570393834,2.7387780693144763,LOOCV,ln(kobs) = <nonlinear model; no closed-form linear equation>
azoarene_svr_rbf_c10_eps01_g003,ln(kobs),4,ar2_Ar_HOMO|ar2_homo_hartree|ar2_enthalpy_hartree|ar1_q_a,0.6178163624407057,0.5064204530962451,2.73877817899541,LOOCV,ln(kobs) = <nonlinear model; no closed-form linear equation>
azoarene_svr_rbf_c10_eps01_g003,ln(kobs),4,ar2_Ar_HOMO|ar2_homo_hartree|ar2_scf_energy_hartree|ar1_q_a,0.617848423743631,0.5064112349324021,2.738663298830674,LOOCV,ln(kobs) = <nonlinear model; no closed-form linear equation>
azoarene_svr_rbf_c10_eps01_g003,ln(kobs),4,ar2_Ar_HOMO|ar2_Ar_polar|rate kobs (s-1)|ar2_gap_hartree,0.6294037117417495,0.5062533909663534,2.69694038623828,LOOCV,ln(kobs) = <nonlinear model; no closed-form linear equation>
azoarene_svr_rbf_c10_eps01_g003,ln(kobs),4,ar2_Ar_HOMO|ar2_isotropic_polarizability_au|rate kobs (s-1)|ar2_gap_hartree,0.6294037117417495,0.5062533909663534,2.69694038623828,LOOCV,ln(kobs) = <nonlinear model; no closed-form linear equation>
azoarene_svr_rbf_c10_eps01_g003,ln(kobs),4,ar2_homo_hartree|ar2_Ar_polar|rate kobs (s-1)|ar2_gap_hartree,0.6294037117417495,0.5062533909663534,2.69694038623828,LOOCV,ln(kobs) = <nonlinear model; no closed-form linear equation>
azoarene_svr_rbf_c10_eps01_g003,ln(kobs),4,ar2_homo_hartree|ar2_isotropic_polarizability_au|rate kobs (s-1)|ar2_gap_hartree,0.6294037117417495,0.5062533909663534,2.69694038623828,LOOCV,ln(kobs) = <nonlinear model; no closed-form linear equation>
azoarene_svr_rbf_c10_eps01_g003,ln(kobs),4,ar2_Ar_HOMO|ar2_enthalpy_hartree|ar2_lumo_hartree|ar1_bond_length_c_e,0.6293760394904958,0.5061362447517269,2.6970410739964237,LOOCV,ln(kobs) = <nonlinear model; no closed-form linear equation>
azoarene_svr_rbf_c10_eps01_g003,ln(kobs),4,ar2_Ar_HOMO|ar2_enthalpy_hartree|ar2_Ar_LUMO|ar1_bond_length_c_e,0.6293760394904958,0.5061362447517269,2.6970410739964237,LOOCV,ln(kobs) = <nonlinear model; no closed-form linear equation>
azoarene_svr_rbf_c10_eps01_g003,ln(kobs),4,ar2_homo_hartree|ar2_enthalpy_hartree|ar2_lumo_hartree|ar1_bond_length_c_e,0.6293760394904958,0.5061362447517269,2.6970410739964237,LOOCV,ln(kobs) = <nonlinear model; no closed-form linear equation>
azoarene_svr_rbf_c10_eps01_g003,ln(kobs),4,ar2_homo_hartree|ar2_enthalpy_hartree|ar2_Ar_LUMO|ar1_bond_length_c_e,0.6293760394904958,0.5061362447517269,2.6970410739964237,LOOCV,ln(kobs) = <nonlinear model; no closed-form linear equation>
azoarene_svr_rbf_c10_eps01_g003,ln(kobs),4,ar2_Ar_HOMO|ar2_gibbs_free_energy_hartree|ar2_lumo_hartree|ar1_bond_length_c_e,0.62938895494561,0.5061242524189202,2.696994080520397,LOOCV,ln(kobs) = <nonlinear model; no closed-form linear equation>
azoarene_svr_rbf_c10_eps01_g003,ln(kobs),4,ar2_Ar_HOMO|ar2_gibbs_free_energy_hartree|ar2_Ar_LUMO|ar1_bond_length_c_e,0.62938895494561,0.5061242524189202,2.696994080520397,LOOCV,ln(kobs) = <nonlinear model; no closed-form linear equation>
azoarene_svr_rbf_c10_eps01_g003,ln(kobs),4,ar2_homo_hartree|ar2_gibbs_free_energy_hartree|ar2_lumo_hartree|ar1_bond_length_c_e,0.62938895494561,0.5061242524189202,2.696994080520397,LOOCV,ln(kobs) = <nonlinear model; no closed-form linear equation>
azoarene_svr_rbf_c10_eps01_g003,ln(kobs),4,ar2_homo_hartree|ar2_gibbs_free_energy_hartree|ar2_Ar_LUMO|ar1_bond_length_c_e,0.62938895494561,0.5061242524189202,2.696994080520397,LOOCV,ln(kobs) = <nonlinear model; no closed-form linear equation>
azoarene_svr_rbf_c10_eps01_g003,ln(kobs),4,ar2_Ar_HOMO|ar2_scf_energy_hartree|ar2_lumo_hartree|ar1_bond_length_c_e,0.629379534180643,0.5061165413690926,2.6970283584867825,LOOCV,ln(kobs) = <nonlinear model; no closed-form linear equation>
azoarene_svr_rbf_c10_eps01_g003,ln(kobs),4,ar2_Ar_HOMO|ar2_scf_energy_hartree|ar2_Ar_LUMO|ar1_bond_length_c_e,0.629379534180643,0.5061165413690926,2.6970283584867825,LOOCV,ln(kobs) = <nonlinear model; no closed-form linear equation>
azoarene_svr_rbf_c10_eps01_g003,ln(kobs),4,ar2_homo_hartree|ar2_scf_energy_hartree|ar2_lumo_hartree|ar1_bond_length_c_e,0.629379534180643,0.5061165413690926,2.6970283584867825,LOOCV,ln(kobs) = <nonlinear model; no closed-form linear equation>
azoarene_svr_rbf_c10_eps01_g003,ln(kobs),4,ar2_homo_hartree|ar2_scf_energy_hartree|ar2_Ar_LUMO|ar1_bond_length_c_e,0.629379534180643,0.5061165413690926,2.6970283584867825,LOOCV,ln(kobs) = <nonlinear model; no closed-form linear equation>
azoarene_svr_rbf_c10_eps01_g003,ln(kobs),5,ar2_Ar_HOMO|ar2_Ar_polar|ar2_isotropic_polarizability_au|ar2_gap_hartree|ar1_bond_length_c_e,0.6385057031877059,0.5056942168594861,2.6636155349197064,LOOCV,ln(kobs) = <nonlinear model; no closed-form linear equation>
azoarene_svr_rbf_c10_eps01_g003,ln(kobs),5,ar2_homo_hartree|ar2_Ar_polar|ar2_isotropic_polarizability_au|ar2_gap_hartree|ar1_bond_length_c_e,0.6385057031877059,0.5056942168594861,2.6636155349197064,LOOCV,ln(kobs) = <nonlinear model; no closed-form linear equation>
azoarene_svr_rbf_c10_eps01_g003,ln(kobs),5,ar2_Ar_HOMO|ar2_homo_hartree|ar2_Ar_polar|ar2_isotropic_polarizability_au|rate kobs (s-1),0.6416561797972085,0.5052334383440423,2.651983232196387,LOOCV,ln(kobs) = <nonlinear model; no closed-form linear equation>
azoarene_svr_rbf_c10_eps01_g003,ln(kobs),4,ar2_Ar_HOMO|ar2_enthalpy_hartree|ar2_gap_hartree|ar1_bond_length_c_e,0.6289148877070332,0.5050148872224807,2.6987184596883367,LOOCV,ln(kobs) = <nonlinear model; no closed-form linear equation>
azoarene_svr_rbf_c10_eps01_g003,ln(kobs),4,ar2_homo_hartree|ar2_enthalpy_hartree|ar2_gap_hartree|ar1_bond_length_c_e,0.6289148877070332,0.5050148872224807,2.6987184596883367,LOOCV,ln(kobs) = <nonlinear model; no closed-form linear equation>
azoarene_svr_rbf_c10_eps01_g003,ln(kobs),4,ar2_Ar_HOMO|ar2_scf_energy_hartree|ar2_gap_hartree|ar1_bond_length_c_e,0.6289020938313905,0.5049635697566115,2.698764981051809,LOOCV,ln(kobs) = <nonlinear model; no closed-form linear equation>
azoarene_svr_rbf_c10_eps01_g003,ln(kobs),4,ar2_homo_hartree|ar2_scf_energy_hartree|ar2_gap_hartree|ar1_bond_length_c_e,0.6289020938313905,0.5049635697566115,2.698764981051809,LOOCV,ln(kobs) = <nonlinear model; no closed-form linear equation>
azoarene_svr_rbf_c10_eps01_g003,ln(kobs),4,ar2_Ar_HOMO|ar2_gibbs_free_energy_hartree|ar2_gap_hartree|ar1_bond_length_c_e,0.6289140389468746,0.5049499025028703,2.6987215459929637,LOOCV,ln(kobs) = <nonlinear model; no closed-form linear equation>
azoarene_svr_rbf_c10_eps01_g003,ln(kobs),4,ar2_homo_hartree|ar2_gibbs_free_energy_hartree|ar2_gap_hartree|ar1_bond_length_c_e,0.6289140389468746,0.5049499025028703,2.6987215459929637,LOOCV,ln(kobs) = <nonlinear model; no closed-form linear equation>
azoarene_svr_rbf_c10_eps01_g003,ln(kobs),5,ar2_Ar_HOMO|ar2_Ar_polar|ar2_isotropic_polarizability_au|ar2_lumo_hartree|ar1_bond_length_c_e,0.6389062120740718,0.504821712556712,2.6621395817039737,LOOCV,ln(kobs) = <nonlinear model; no closed-form linear equation>
azoarene_svr_rbf_c10_eps01_g003,ln(kobs),5,ar2_Ar_HOMO|ar2_Ar_polar|ar2_isotropic_polarizability_au|ar2_Ar_LUMO|ar1_bond_length_c_e,0.6389062120740718,0.504821712556712,2.6621395817039737,LOOCV,ln(kobs) = <nonlinear model; no closed-form linear equation>
azoarene_svr_rbf_c10_eps01_g003,ln(kobs),5,ar2_homo_hartree|ar2_Ar_polar|ar2_isotropic_polarizability_au|ar2_lumo_hartree|ar1_bond_length_c_e,0.6389062120740718,0.504821712556712,2.6621395817039737,LOOCV,ln(kobs) = <nonlinear model; no closed-form linear equation>
azoarene_svr_rbf_c10_eps01_g003,ln(kobs),5,ar2_homo_hartree|ar2_Ar_polar|ar2_isotropic_polarizability_au|ar2_Ar_LUMO|ar1_bond_length_c_e,0.6389062120740718,0.504821712556712,2.6621395817039737,LOOCV,ln(kobs) = <nonlinear model; no closed-form linear equation>
azoarene_svr_rbf_c10_eps01_g003,ln(kobs),4,ar2_Ar_HOMO|ar2_scf_energy_hartree|rate kobs (s-1)|ar1_nbo_q_a,0.6760190332754139,0.5041934557091965,2.521625354921311,LOOCV,ln(kobs) = <nonlinear model; no closed-form linear equation>
azoarene_svr_rbf_c10_eps01_g003,ln(kobs),4,ar2_Ar_HOMO|ar2_scf_energy_hartree|rate kobs (s-1)|ar1_Ar_NBO_OH,0.6760190332754139,0.5041934557091965,2.521625354921311,LOOCV,ln(kobs) = <nonlinear model; no closed-form linear equation>
azoarene_svr_rbf_c10_eps01_g003,ln(kobs),4,ar2_homo_hartree|ar2_scf_energy_hartree|rate kobs (s-1)|ar1_nbo_q_a,0.6760190332754139,0.5041934557091965,2.521625354921311,LOOCV,ln(kobs) = <nonlinear model; no closed-form linear equation>
azoarene_svr_rbf_c10_eps01_g003,ln(kobs),4,ar2_homo_hartree|ar2_scf_energy_hartree|rate kobs (s-1)|ar1_Ar_NBO_OH,0.6760190332754139,0.5041934557091965,2.521625354921311,LOOCV,ln(kobs) = <nonlinear model; no closed-form linear equation>
azoarene_svr_rbf_c10_eps01_g003,ln(kobs),4,ar2_Ar_HOMO|ar2_gibbs_free_energy_hartree|rate kobs (s-1)|ar1_nbo_q_a,0.6759997601096657,0.5041895921637467,2.521700357754272,LOOCV,ln(kobs) = <nonlinear model; no closed-form linear equation>
azoarene_svr_rbf_c10_eps01_g003,ln(kobs),4,ar2_Ar_HOMO|ar2_gibbs_free_energy_hartree|rate kobs (s-1)|ar1_Ar_NBO_OH,0.6759997601096657,0.5041895921637467,2.521700357754272,LOOCV,ln(kobs) = <nonlinear model; no closed-form linear equation>
azoarene_svr_rbf_c10_eps01_g003,ln(kobs),4,ar2_homo_hartree|ar2_gibbs_free_energy_hartree|rate kobs (s-1)|ar1_nbo_q_a,0.6759997601096657,0.5041895921637467,2.521700357754272,LOOCV,ln(kobs) = <nonlinear model; no closed-form linear equation>
azoarene_svr_rbf_c10_eps01_g003,ln(kobs),4,ar2_homo_hartree|ar2_gibbs_free_energy_hartree|rate kobs (s-1)|ar1_Ar_NBO_OH,0.6759997601096657,0.5041895921637467,2.521700357754272,LOOCV,ln(kobs) = <nonlinear model; no closed-form linear equation>
azoarene_svr_rbf_c10_eps01_g003,ln(kobs),4,ar2_Ar_HOMO|ar2_enthalpy_hartree|rate kobs (s-1)|ar1_nbo_q_a,0.6760075017098748,0.504158924756776,2.5216702310595536,LOOCV,ln(kobs) = <nonlinear model; no closed-form linear equation>
azoarene_svr_rbf_c10_eps01_g003,ln(kobs),4,ar2_Ar_HOMO|ar2_enthalpy_hartree|rate kobs (s-1)|ar1_Ar_NBO_OH,0.6760075017098748,0.504158924756776,2.5216702310595536,LOOCV,ln(kobs) = <nonlinear model; no closed-form linear equation>
azoarene_svr_rbf_c10_eps01_g003,ln(kobs),4,ar2_homo_hartree|ar2_enthalpy_hartree|rate kobs (s-1)|ar1_nbo_q_a,0.6760075017098748,0.504158924756776,2.5216702310595536,LOOCV,ln(kobs) = <nonlinear model; no closed-form linear equation>
azoarene_svr_rbf_c10_eps01_g003,ln(kobs),4,ar2_homo_hartree|ar2_enthalpy_hartree|rate kobs (s-1)|ar1_Ar_NBO_OH,0.6760075017098748,0.504158924756776,2.5216702310595536,LOOCV,ln(kobs) = <nonlinear model; no closed-form linear equation>
azoarene_svr_rbf_c10_eps01_g003,ln(kobs),3,ar2_Ar_HOMO|ar2_homo_hartree|ar2_Ar_Ster_B5,0.542903968458794,0.5036514782558275,2.995191120649025,LOOCV,ln(kobs) = <nonlinear model; no closed-form linear equation>
azoarene_svr_rbf_c10_eps01_g003,ln(kobs),3,ar2_Ar_HOMO|ar2_homo_hartree|ar2_sterimol_B5,0.542903968458794,0.5036514782558275,2.995191120649025,LOOCV,ln(kobs) = <nonlinear model; no closed-form linear equation>
azoarene_svr_rbf_c10_eps01_g003,ln(kobs),4,ar2_Ar_HOMO|rate kobs (s-1)|ar2_Ar_Ster_B5|ar1_nbo_q_a,0.6773307781603289,0.5033663498105008,2.5165153571018033,LOOCV,ln(kobs) = <nonlinear model; no closed-form linear equation>
azoarene_svr_rbf_c10_eps01_g003,ln(kobs),4,ar2_Ar_HOMO|rate kobs (s-1)|ar2_Ar_Ster_B5|ar1_Ar_NBO_OH,0.6773307781603289,0.5033663498105008,2.5165153571018033,LOOCV,ln(kobs) = <nonlinear model; no closed-form linear equation>
azoarene_svr_rbf_c10_eps01_g003,ln(kobs),4,ar2_Ar_HOMO|rate kobs (s-1)|ar2_sterimol_B5|ar1_nbo_q_a,0.6773307781603289,0.5033663498105008,2.5165153571018033,LOOCV,ln(kobs) = <nonlinear model; no closed-form linear equation>
azoarene_svr_rbf_c10_eps01_g003,ln(kobs),4,ar2_Ar_HOMO|rate kobs (s-1)|ar2_sterimol_B5|ar1_Ar_NBO_OH,0.6773307781603289,0.5033663498105008,2.5165153571018033,LOOCV,ln(kobs) = <nonlinear model; no closed-form linear equation>
azoarene_svr_rbf_c10_eps01_g003,ln(kobs),4,ar2_homo_hartree|rate kobs (s-1)|ar2_Ar_Ster_B5|ar1_nbo_q_a,0.6773307781603289,0.5033663498105008,2.5165153571018033,LOOCV,ln(kobs) = <nonlinear model; no closed-form linear equation>
azoarene_svr_rbf_c10_eps01_g003,ln(kobs),4,ar2_homo_hartree|rate kobs (s-1)|ar2_Ar_Ster_B5|ar1_Ar_NBO_OH,0.6773307781603289,0.5033663498105008,2.5165153571018033,LOOCV,ln(kobs) = <nonlinear model; no closed-form linear equation>
azoarene_svr_rbf_c10_eps01_g003,ln(kobs),4,ar2_homo_hartree|rate kobs (s-1)|ar2_sterimol_B5|ar1_nbo_q_a,0.6773307781603289,0.5033663498105008,2.5165153571018033,LOOCV,ln(kobs) = <nonlinear model; no closed-form linear equation>
azoarene_svr_rbf_c10_eps01_g003,ln(kobs),4,ar2_homo_hartree|rate kobs (s-1)|ar2_sterimol_B5|ar1_Ar_NBO_OH,0.6773307781603289,0.5033663498105008,2.5165153571018033,LOOCV,ln(kobs) = <nonlinear model; no closed-form linear equation>
azoarene_svr_rbf_c10_eps01_g003,ln(kobs),4,ar2_Ar_HOMO|ar2_homo_hartree|rate kobs (s-1)|ar1_nbo_q_a,0.7001382330477337,0.5023808628238201,2.4259472989413027,LOOCV,ln(kobs) = <nonlinear model; no closed-form linear equation>
azoarene_svr_rbf_c10_eps01_g003,ln(kobs),4,ar2_Ar_HOMO|ar2_homo_hartree|rate kobs (s-1)|ar1_Ar_NBO_OH,0.7001382330477337,0.5023808628238201,2.4259472989413027,LOOCV,ln(kobs) = <nonlinear model; no closed-form linear equation>
azoarene_svr_rbf_c10_eps01_g003,ln(kobs),4,ar2_Ar_HOMO|ar2_homo_hartree|ar2_enthalpy_hartree|rate kobs (s-1),0.6260225489863505,0.5022122495779195,2.7092153199320523,LOOCV,ln(kobs) = <nonlinear model; no closed-form linear equation>
azoarene_svr_rbf_c10_eps01_g003,ln(kobs),4,ar2_Ar_HOMO|ar2_homo_hartree|ar2_scf_energy_hartree|rate kobs (s-1),0.6260149722197685,0.5022087428106665,2.7092427640841996,LOOCV,ln(kobs) = <nonlinear model; no closed-form linear equation>
azoarene_svr_rbf_c10_eps01_g003,ln(kobs),4,ar2_Ar_HOMO|ar2_homo_hartree|ar2_gibbs_free_energy_hartree|rate kobs (s-1),0.6260228893732507,0.5021901092959746,2.7092140869945953,LOOCV,ln(kobs) = <nonlinear model; no closed-form linear equation>
azoarene_svr_rbf_c10_eps01_g003,ln(kobs),4,ar2_Ar_HOMO|ar2_Ar_polar|rate kobs (s-1)|ar1_nbo_q_a,0.6885330704680923,0.5011905340570173,2.472445828603922,LOOCV,ln(kobs) = <nonlinear model; no closed-form linear equation>
azoarene_svr_rbf_c10_eps01_g003,ln(kobs),4,ar2_Ar_HOMO|ar2_Ar_polar|rate kobs (s-1)|ar1_Ar_NBO_OH,0.6885330704680923,0.5011905340570173,2.472445828603922,LOOCV,ln(kobs) = <nonlinear model; no closed-form linear equation>
azoarene_svr_rbf_c10_eps01_g003,ln(kobs),4,ar2_Ar_HOMO|ar2_isotropic_polarizability_au|rate kobs (s-1)|ar1_nbo_q_a,0.6885330704680923,0.5011905340570173,2.472445828603922,LOOCV,ln(kobs) = <nonlinear model; no closed-form linear equation>
azoarene_svr_rbf_c10_eps01_g003,ln(kobs),4,ar2_Ar_HOMO|ar2_isotropic_polarizability_au|rate kobs (s-1)|ar1_Ar_NBO_OH,0.6885330704680923,0.5011905340570173,2.472445828603922,LOOCV,ln(kobs) = <nonlinear model; no closed-form linear equation>
azoarene_svr_rbf_c10_eps01_g003,ln(kobs),4,ar2_homo_hartree|ar2_Ar_polar|rate kobs (s-1)|ar1_nbo_q_a,0.6885330704680923,0.5011905340570173,2.472445828603922,LOOCV,ln(kobs) = <nonlinear model; no closed-form linear equation>
azoarene_svr_rbf_c10_eps01_g003,ln(kobs),4,ar2_homo_hartree|ar2_Ar_polar|rate kobs (s-1)|ar1_Ar_NBO_OH,0.6885330704680923,0.5011905340570173,2.472445828603922,LOOCV,ln(kobs) = <nonlinear model; no closed-form linear equation>
azoarene_svr_rbf_c10_eps01_g003,ln(kobs),4,ar2_homo_hartree|ar2_isotropic_polarizability_au|rate kobs (s-1)|ar1_nbo_q_a,0.6885330704680923,0.5011905340570173,2.472445828603922,LOOCV,ln(kobs) = <nonlinear model; no closed-form linear equation>
azoarene_svr_rbf_c10_eps01_g003,ln(kobs),4,ar2_homo_hartree|ar2_isotropic_polarizability_au|rate kobs (s-1)|ar1_Ar_NBO_OH,0.6885330704680923,0.5011905340570173,2.472445828603922,LOOCV,ln(kobs) = <nonlinear model; no closed-form linear equation>
azoarene_svr_rbf_c10_eps01_g003,ln(kobs),5,ar2_Ar_HOMO|ar2_Ar_polar|ar2_isotropic_polarizability_au|ar2_lumo_hartree|ar1_q_a,0.6371719352985517,0.5005670206576307,2.668524843277023,LOOCV,ln(kobs) = <nonlinear model; no closed-form linear equation>
azoarene_svr_rbf_c10_eps01_g003,ln(kobs),5,ar2_Ar_HOMO|ar2_Ar_polar|ar2_isotropic_polarizability_au|ar2_Ar_LUMO|ar1_q_a,0.6371719352985517,0.5005670206576307,2.668524843277023,LOOCV,ln(kobs) = <nonlinear model; no closed-form linear equation>
azoarene_svr_rbf_c10_eps01_g003,ln(kobs),5,ar2_homo_hartree|ar2_Ar_polar|ar2_isotropic_polarizability_au|ar2_lumo_hartree|ar1_q_a,0.6371719352985517,0.5005670206576307,2.668524843277023,LOOCV,ln(kobs) = <nonlinear model; no closed-form linear equation>
azoarene_svr_rbf_c10_eps01_g003,ln(kobs),5,ar2_homo_hartree|ar2_Ar_polar|ar2_isotropic_polarizability_au|ar2_Ar_LUMO|ar1_q_a,0.6371719352985517,0.5005670206576307,2.668524843277023,LOOCV,ln(kobs) = <nonlinear model; no closed-form linear equation>
azoarene_svr_rbf_c10_eps01_g003,ln(kobs),5,ar2_Ar_HOMO|ar2_homo_hartree|ar2_Ar_polar|ar1_bond_length_c_a|ar2_Ar_Ster_B5,0.6467916675992209,0.4994399080389397,2.6329116388572054,LOOCV,ln(kobs) = <nonlinear model; no closed-form linear equation>
azoarene_svr_rbf_c10_eps01_g003,ln(kobs),5,ar2_Ar_HOMO|ar2_homo_hartree|ar2_Ar_polar|ar1_bond_length_c_a|ar2_sterimol_B5,0.6467916675992209,0.4994399080389397,2.6329116388572054,LOOCV,ln(kobs) = <nonlinear model; no closed-form linear equation>
azoarene_svr_rbf_c10_eps01_g003,ln(kobs),5,ar2_Ar_HOMO|ar2_homo_hartree|ar2_isotropic_polarizability_au|ar1_bond_length_c_a|ar2_Ar_Ster_B5,0.6467916675992209,0.4994399080389397,2.6329116388572054,LOOCV,ln(kobs) = <nonlinear model; no closed-form linear equation>
azoarene_svr_rbf_c10_eps01_g003,ln(kobs),5,ar2_Ar_HOMO|ar2_homo_hartree|ar2_isotropic_polarizability_au|ar1_bond_length_c_a|ar2_sterimol_B5,0.6467916675992209,0.4994399080389397,2.6329116388572054,LOOCV,ln(kobs) = <nonlinear model; no closed-form linear equation>
azoarene_svr_rbf_c10_eps01_g003,ln(kobs),5,ar2_Ar_HOMO|ar2_Ar_polar|ar2_isotropic_polarizability_au|ar2_gap_hartree|ar1_q_a,0.6366470009955951,0.4987890826603536,2.670454536796705,LOOCV,ln(kobs) = <nonlinear model; no closed-form linear equation>
azoarene_svr_rbf_c10_eps01_g003,ln(kobs),5,ar2_homo_hartree|ar2_Ar_polar|ar2_isotropic_polarizability_au|ar2_gap_hartree|ar1_q_a,0.6366470009955951,0.4987890826603536,2.670454536796705,LOOCV,ln(kobs) = <nonlinear model; no closed-form linear equation>
azoarene_svr_rbf_c10_eps01_g003,ln(kobs),4,ar2_Ar_HOMO|rate kobs (s-1)|ar2_gap_hartree|ar1_q_a,0.6590156174227997,0.498355368279908,2.5869501399234336,LOOCV,ln(kobs) = <nonlinear model; no closed-form linear equation>
azoarene_svr_rbf_c10_eps01_g003,ln(kobs),4,ar2_homo_hartree|rate kobs (s-1)|ar2_gap_hartree|ar1_q_a,0.6590156174227997,0.498355368279908,2.5869501399234336,LOOCV,ln(kobs) = <nonlinear model; no closed-form linear equation>
azoarene_svr_rbf_c10_eps01_g003,ln(kobs),5,ar2_Ar_HOMO|ar2_Ar_polar|ar2_isotropic_polarizability_au|rate kobs (s-1)|ar1_bond_length_c_e,0.6725261765279931,0.4980819706116911,2.5351818059732674,LOOCV,ln(kobs) = <nonlinear model; no closed-form linear equation>
azoarene_svr_rbf_c10_eps01_g003,ln(kobs),5,ar2_homo_hartree|ar2_Ar_polar|ar2_isotropic_polarizability_au|rate kobs (s-1)|ar1_bond_length_c_e,0.6725261765279931,0.4980819706116911,2.5351818059732674,LOOCV,ln(kobs) = <nonlinear model; no closed-form linear equation>
azoarene_svr_rbf_c10_eps01_g003,ln(kobs),4,ar2_Ar_HOMO|ar2_Ar_polar|ar1_bond_length_c_a|ar1_nbo_q_a,0.6222951126085206,0.4975189321418886,2.72268323030505,LOOCV,ln(kobs) = <nonlinear model; no closed-form linear equation>
azoarene_svr_rbf_c10_eps01_g003,ln(kobs),4,ar2_Ar_HOMO|ar2_Ar_polar|ar1_bond_length_c_a|ar1_Ar_NBO_OH,0.6222951126085206,0.4975189321418886,2.72268323030505,LOOCV,ln(kobs) = <nonlinear model; no closed-form linear equation>
azoarene_svr_rbf_c10_eps01_g003,ln(kobs),4,ar2_Ar_HOMO|ar2_isotropic_polarizability_au|ar1_bond_length_c_a|ar1_nbo_q_a,0.6222951126085206,0.4975189321418886,2.72268323030505,LOOCV,ln(kobs) = <nonlinear model; no closed-form linear equation>
azoarene_svr_rbf_c10_eps01_g003,ln(kobs),4,ar2_Ar_HOMO|ar2_isotropic_polarizability_au|ar1_bond_length_c_a|ar1_Ar_NBO_OH,0.6222951126085206,0.4975189321418886,2.72268323030505,LOOCV,ln(kobs) = <nonlinear model; no closed-form linear equation>
azoarene_svr_rbf_c10_eps01_g003,ln(kobs),4,ar2_homo_hartree|ar2_Ar_polar|ar1_bond_length_c_a|ar1_nbo_q_a,0.6222951126085206,0.4975189321418886,2.72268323030505,LOOCV,ln(kobs) = <nonlinear model; no closed-form linear equation>
azoarene_svr_rbf_c10_eps01_g003,ln(kobs),4,ar2_homo_hartree|ar2_Ar_polar|ar1_bond_length_c_a|ar1_Ar_NBO_OH,0.6222951126085206,0.4975189321418886,2.72268323030505,LOOCV,ln(kobs) = <nonlinear model; no closed-form linear equation>
azoarene_svr_rbf_c10_eps01_g003,ln(kobs),4,ar2_homo_hartree|ar2_isotropic_polarizability_au|ar1_bond_length_c_a|ar1_nbo_q_a,0.6222951126085206,0.4975189321418886,2.72268323030505,LOOCV,ln(kobs) = <nonlinear model; no closed-form linear equation>
azoarene_svr_rbf_c10_eps01_g003,ln(kobs),4,ar2_homo_hartree|ar2_isotropic_polarizability_au|ar1_bond_length_c_a|ar1_Ar_NBO_OH,0.6222951126085206,0.4975189321418886,2.72268323030505,LOOCV,ln(kobs) = <nonlinear model; no closed-form linear equation>
azoarene_svr_rbf_c10_eps01_g003,ln(kobs),4,ar2_Ar_HOMO|rate kobs (s-1)|ar2_lumo_hartree|ar1_q_a,0.658628291438272,0.4975080022264434,2.5884189881760804,LOOCV,ln(kobs) = <nonlinear model; no closed-form linear equation>
azoarene_svr_rbf_c10_eps01_g003,ln(kobs),4,ar2_Ar_HOMO|rate kobs (s-1)|ar2_Ar_LUMO|ar1_q_a,0.658628291438272,0.4975080022264434,2.5884189881760804,LOOCV,ln(kobs) = <nonlinear model; no closed-form linear equation>
azoarene_svr_rbf_c10_eps01_g003,ln(kobs),4,ar2_homo_hartree|rate kobs (s-1)|ar2_lumo_hartree|ar1_q_a,0.658628291438272,0.4975080022264434,2.5884189881760804,LOOCV,ln(kobs) = <nonlinear model; no closed-form linear equation>
azoarene_svr_rbf_c10_eps01_g003,ln(kobs),4,ar2_homo_hartree|rate kobs (s-1)|ar2_Ar_LUMO|ar1_q_a,0.658628291438272,0.4975080022264434,2.5884189881760804,LOOCV,ln(kobs) = <nonlinear model; no closed-form linear equation>
azoarene_svr_rbf_c10_eps01_g003,ln(kobs),4,ar2_Ar_HOMO|ar2_Ar_polar|ar2_isotropic_polarizability_au|ar1_bond_length_c_e,0.6080409963504666,0.4974162997068552,2.773582807996966,LOOCV,ln(kobs) = <nonlinear model; no closed-form linear equation>
azoarene_svr_rbf_c10_eps01_g003,ln(kobs),4,ar2_homo_hartree|ar2_Ar_polar|ar2_isotropic_polarizability_au|ar1_bond_length_c_e,0.6080409963504666,0.4974162997068552,2.773582807996966,LOOCV,ln(kobs) = <nonlinear model; no closed-form linear equation>
azoarene_svr_rbf_c10_eps01_g003,ln(kobs),4,ar2_Ar_HOMO|rate kobs (s-1)|ar2_gap_hartree|ar1_bond_length_c_e,0.6792968739555297,0.49735647084046,2.508836796747963,LOOCV,ln(kobs) = <nonlinear model; no closed-form linear equation>
azoarene_svr_rbf_c10_eps01_g003,ln(kobs),4,ar2_homo_hartree|rate kobs (s-1)|ar2_gap_hartree|ar1_bond_length_c_e,0.6792968739555297,0.49735647084046,2.508836796747963,LOOCV,ln(kobs) = <nonlinear model; no closed-form linear equation>
azoarene_svr_rbf_c10_eps01_g003,ln(kobs),5,ar2_Ar_HOMO|ar2_scf_energy_hartree|ar2_enthalpy_hartree|rate kobs (s-1)|ar1_nbo_q_a,0.6658294190605369,0.49683571741533994,2.5609725354723354,LOOCV,ln(kobs) = <nonlinear model; no closed-form linear equation>
azoarene_svr_rbf_c10_eps01_g003,ln(kobs),5,ar2_Ar_HOMO|ar2_scf_energy_hartree|ar2_enthalpy_hartree|rate kobs (s-1)|ar1_Ar_NBO_OH,0.6658294190605369,0.49683571741533994,2.5609725354723354,LOOCV,ln(kobs) = <nonlinear model; no closed-form linear equation>
azoarene_svr_rbf_c10_eps01_g003,ln(kobs),5,ar2_homo_hartree|ar2_scf_energy_hartree|ar2_enthalpy_hartree|rate kobs (s-1)|ar1_nbo_q_a,0.6658294190605369,0.49683571741533994,2.5609725354723354,LOOCV,ln(kobs) = <nonlinear model; no closed-form linear equation>
azoarene_svr_rbf_c10_eps01_g003,ln(kobs),5,ar2_homo_hartree|ar2_scf_energy_hartree|ar2_enthalpy_hartree|rate kobs (s-1)|ar1_Ar_NBO_OH,0.6658294190605369,0.49683571741533994,2.5609725354723354,LOOCV,ln(kobs) = <nonlinear model; no closed-form linear equation>
azoarene_svr_rbf_c10_eps01_g003,ln(kobs),5,ar2_Ar_HOMO|ar2_gibbs_free_energy_hartree|ar2_enthalpy_hartree|rate kobs (s-1)|ar1_nbo_q_a,0.6658367512625238,0.49682792667650255,2.5609444395357275,LOOCV,ln(kobs) = <nonlinear model; no closed-form linear equation>
azoarene_svr_rbf_c10_eps01_g003,ln(kobs),5,ar2_Ar_HOMO|ar2_gibbs_free_energy_hartree|ar2_enthalpy_hartree|rate kobs (s-1)|ar1_Ar_NBO_OH,0.6658367512625238,0.49682792667650255,2.5609444395357275,LOOCV,ln(kobs) = <nonlinear model; no closed-form linear equation>
azoarene_svr_rbf_c10_eps01_g003,ln(kobs),5,ar2_homo_hartree|ar2_gibbs_free_energy_hartree|ar2_enthalpy_hartree|rate kobs (s-1)|ar1_nbo_q_a,0.6658367512625238,0.49682792667650255,2.5609444395357275,LOOCV,ln(kobs) = <nonlinear model; no closed-form linear equation>
azoarene_svr_rbf_c10_eps01_g003,ln(kobs),5,ar2_homo_hartree|ar2_gibbs_free_energy_hartree|ar2_enthalpy_hartree|rate kobs (s-1)|ar1_Ar_NBO_OH,0.6658367512625238,0.49682792667650255,2.5609444395357275,LOOCV,ln(kobs) = <nonlinear model; no closed-form linear equation>
azoarene_svr_rbf_c10_eps01_g003,ln(kobs),5,ar2_Ar_HOMO|ar2_scf_energy_hartree|ar2_gibbs_free_energy_hartree|rate kobs (s-1)|ar1_nbo_q_a,0.6658294442782688,0.49680215778848313,2.560972438842165,LOOCV,ln(kobs) = <nonlinear model; no closed-form linear equation>
azoarene_svr_rbf_c10_eps01_g003,ln(kobs),5,ar2_Ar_HOMO|ar2_scf_energy_hartree|ar2_gibbs_free_energy_hartree|rate kobs (s-1)|ar1_Ar_NBO_OH,0.6658294442782688,0.49680215778848313,2.560972438842165,LOOCV,ln(kobs) = <nonlinear model; no closed-form linear equation>
azoarene_svr_rbf_c10_eps01_g003,ln(kobs),5,ar2_homo_hartree|ar2_scf_energy_hartree|ar2_gibbs_free_energy_hartree|rate kobs (s-1)|ar1_nbo_q_a,0.6658294442782688,0.49680215778848313,2.560972438842165,LOOCV,ln(kobs) = <nonlinear model; no closed-form linear equation>
azoarene_svr_rbf_c10_eps01_g003,ln(kobs),5,ar2_homo_hartree|ar2_scf_energy_hartree|ar2_gibbs_free_energy_hartree|rate kobs (s-1)|ar1_Ar_NBO_OH,0.6658294442782688,0.49680215778848313,2.560972438842165,LOOCV,ln(kobs) = <nonlinear model; no closed-form linear equation>
azoarene_svr_rbf_c10_eps01_g003,ln(kobs),4,ar2_Ar_HOMO|rate kobs (s-1)|ar2_gap_hartree|ar1_nbo_q_a,0.6961121598554789,0.49656480711545425,2.4421789039513424,LOOCV,ln(kobs) = <nonlinear model; no closed-form linear equation>
azoarene_svr_rbf_c10_eps01_g003,ln(kobs),4,ar2_Ar_HOMO|rate kobs (s-1)|ar2_gap_hartree|ar1_Ar_NBO_OH,0.6961121598554789,0.49656480711545425,2.4421789039513424,LOOCV,ln(kobs) = <nonlinear model; no closed-form linear equation>
azoarene_svr_rbf_c10_eps01_g003,ln(kobs),4,ar2_homo_hartree|rate kobs (s-1)|ar2_gap_hartree|ar1_nbo_q_a,0.6961121598554789,0.49656480711545425,2.4421789039513424,LOOCV,ln(kobs) = <nonlinear model; no closed-form linear equation>
azoarene_svr_rbf_c10_eps01_g003,ln(kobs),4,ar2_homo_hartree|rate kobs (s-1)|ar2_gap_hartree|ar1_Ar_NBO_OH,0.6961121598554789,0.49656480711545425,2.4421789039513424,LOOCV,ln(kobs) = <nonlinear model; no closed-form linear equation>
azoarene_svr_rbf_c10_eps01_g003,ln(kobs),4,ar2_Ar_HOMO|rate kobs (s-1)|ar2_lumo_hartree|ar1_bond_length_c_e,0.6785747461040281,0.4963597704830096,2.511659784852417,LOOCV,ln(kobs) = <nonlinear model; no closed-form linear equation>
azoarene_svr_rbf_c10_eps01_g003,ln(kobs),4,ar2_Ar_HOMO|rate kobs (s-1)|ar2_Ar_LUMO|ar1_bond_length_c_e,0.6785747461040281,0.4963597704830096,2.511659784852417,LOOCV,ln(kobs) = <nonlinear model; no closed-form linear equation>
azoarene_svr_rbf_c10_eps01_g003,ln(kobs),4,ar2_homo_hartree|rate kobs (s-1)|ar2_lumo_hartree|ar1_bond_length_c_e,0.6785747461040281,0.4963597704830096,2.511659784852417,LOOCV,ln(kobs) = <nonlinear model; no closed-form linear equation>
azoarene_svr_rbf_c10_eps01_g003,ln(kobs),4,ar2_homo_hartree|rate kobs (s-1)|ar2_Ar_LUMO|ar1_bond_length_c_e,0.6785747461040281,0.4963597704830096,2.511659784852417,LOOCV,ln(kobs) = <nonlinear model; no closed-form linear equation>
azoarene_svr_rbf_c10_eps01_g003,ln(kobs),4,ar2_Ar_HOMO|ar2_lumo_hartree|ar1_nbo_q_a|ar1_Ar_NBO_OH,0.6254600580053099,0.496008152112667,2.7112519889748907,LOOCV,ln(kobs) = <nonlinear model; no closed-form linear equation>
azoarene_svr_rbf_c10_eps01_g003,ln(kobs),4,ar2_Ar_HOMO|ar2_Ar_LUMO|ar1_nbo_q_a|ar1_Ar_NBO_OH,0.6254600580053099,0.496008152112667,2.7112519889748907,LOOCV,ln(kobs) = <nonlinear model; no closed-form linear equation>
azoarene_svr_rbf_c10_eps01_g003,ln(kobs),4,ar2_homo_hartree|ar2_lumo_hartree|ar1_nbo_q_a|ar1_Ar_NBO_OH,0.6254600580053099,0.496008152112667,2.7112519889748907,LOOCV,ln(kobs) = <nonlinear model; no closed-form linear equation>
azoarene_svr_rbf_c10_eps01_g003,ln(kobs),4,ar2_homo_hartree|ar2_Ar_LUMO|ar1_nbo_q_a|ar1_Ar_NBO_OH,0.6254600580053099,0.496008152112667,2.7112519889748907,LOOCV,ln(kobs) = <nonlinear model; no closed-form linear equation>
azoarene_svr_rbf_c10_eps01_g003,ln(kobs),4,ar2_Ar_HOMO|ar2_Ar_polar|ar2_isotropic_polarizability_au|ar2_lumo_hartree,0.5586472783289549,0.49546671708027046,2.9431589582201645,LOOCV,ln(kobs) = <nonlinear model; no closed-form linear equation>
azoarene_svr_rbf_c10_eps01_g003,ln(kobs),4,ar2_Ar_HOMO|ar2_Ar_polar|ar2_isotropic_polarizability_au|ar2_Ar_LUMO,0.5586472783289549,0.49546671708027046,2.9431589582201645,LOOCV,ln(kobs) = <nonlinear model; no closed-form linear equation>
azoarene_svr_rbf_c10_eps01_g003,ln(kobs),4,ar2_homo_hartree|ar2_Ar_polar|ar2_isotropic_polarizability_au|ar2_lumo_hartree,0.5586472783289549,0.49546671708027046,2.9431589582201645,LOOCV,ln(kobs) = <nonlinear model; no closed-form linear equation>
azoarene_svr_rbf_c10_eps01_g003,ln(kobs),4,ar2_homo_hartree|ar2_Ar_polar|ar2_isotropic_polarizability_au|ar2_Ar_LUMO,0.5586472783289549,0.49546671708027046,2.9431589582201645,LOOCV,ln(kobs) = <nonlinear model; no closed-form linear equation>
azoarene_svr_rbf_c10_eps01_g003,ln(kobs),5,ar2_Ar_HOMO|rate kobs (s-1)|ar2_lumo_hartree|ar2_gap_hartree|ar1_q_a,0.6646767958265393,0.49522316785488896,2.565385394684704,LOOCV,ln(kobs) = <nonlinear model; no closed-form linear equation>
azoarene_svr_rbf_c10_eps01_g003,ln(kobs),5,ar2_Ar_HOMO|rate kobs (s-1)|ar2_Ar_LUMO|ar2_gap_hartree|ar1_q_a,0.6646767958265393,0.49522316785488896,2.565385394684704,LOOCV,ln(kobs) = <nonlinear model; no closed-form linear equation>
azoarene_svr_rbf_c10_eps01_g003,ln(kobs),5,ar2_homo_hartree|rate kobs (s-1)|ar2_lumo_hartree|ar2_gap_hartree|ar1_q_a,0.6646767958265393,0.49522316785488896,2.565385394684704,LOOCV,ln(kobs) = <nonlinear model; no closed-form linear equation>
azoarene_svr_rbf_c10_eps01_g003,ln(kobs),5,ar2_homo_hartree|rate kobs (s-1)|ar2_Ar_LUMO|ar2_gap_hartree|ar1_q_a,0.6646767958265393,0.49522316785488896,2.565385394684704,LOOCV,ln(kobs) = <nonlinear model; no closed-form linear equation>
azoarene_svr_rbf_c10_eps01_g003,ln(kobs),4,ar2_Ar_HOMO|ar2_homo_hartree|ar1_q_a|ar1_nbo_q_a,0.6195421682809976,0.49488993917453117,2.7325875066261003,LOOCV,ln(kobs) = <nonlinear model; no closed-form linear equation>
azoarene_svr_rbf_c10_eps01_g003,ln(kobs),4,ar2_Ar_HOMO|ar2_homo_hartree|ar1_q_a|ar1_Ar_NBO_OH,0.6195421682809976,0.49488993917453117,2.7325875066261003,LOOCV,ln(kobs) = <nonlinear model; no closed-form linear equation>
azoarene_svr_rbf_c10_eps01_g003,ln(kobs),4,ar2_Ar_HOMO|ar2_gap_hartree|ar1_nbo_q_a|ar1_Ar_NBO_OH,0.6254022572197787,0.4947733539380669,2.7114611875562398,LOOCV,ln(kobs) = <nonlinear model; no closed-form linear equation>
azoarene_svr_rbf_c10_eps01_g003,ln(kobs),4,ar2_homo_hartree|ar2_gap_hartree|ar1_nbo_q_a|ar1_Ar_NBO_OH,0.6254022572197787,0.4947733539380669,2.7114611875562398,LOOCV,ln(kobs) = <nonlinear model; no closed-form linear equation>
azoarene_svr_rbf_c10_eps01_g003,ln(kobs),5,ar2_Ar_HOMO|rate kobs (s-1)|ar2_lumo_hartree|ar2_Ar_LUMO|ar1_q_a,0.6640521784439866,0.4947450126455577,2.567773596248803,LOOCV,ln(kobs) = <nonlinear model; no closed-form linear equation>
azoarene_svr_rbf_c10_eps01_g003,ln(kobs),5,ar2_homo_hartree|rate kobs (s-1)|ar2_lumo_hartree|ar2_Ar_LUMO|ar1_q_a,0.6640521784439866,0.4947450126455577,2.567773596248803,LOOCV,ln(kobs) = <nonlinear model; no closed-form linear equation>
azoarene_svr_rbf_c10_eps01_g003,ln(kobs),5,ar2_Ar_HOMO|ar2_scf_energy_hartree|rate kobs (s-1)|ar2_lumo_hartree|ar1_q_a,0.6699998652942918,0.49469631569462547,2.544941904308846,LOOCV,ln(kobs) = <nonlinear model; no closed-form linear equation>
azoarene_svr_rbf_c10_eps01_g003,ln(kobs),5,ar2_Ar_HOMO|ar2_scf_energy_hartree|rate kobs (s-1)|ar2_Ar_LUMO|ar1_q_a,0.6699998652942918,0.49469631569462547,2.544941904308846,LOOCV,ln(kobs) = <nonlinear model; no closed-form linear equation>
azoarene_svr_rbf_c10_eps01_g003,ln(kobs),5,ar2_homo_hartree|ar2_scf_energy_hartree|rate kobs (s-1)|ar2_lumo_hartree|ar1_q_a,0.6699998652942918,0.49469631569462547,2.544941904308846,LOOCV,ln(kobs) = <nonlinear model; no closed-form linear equation>
azoarene_svr_rbf_c10_eps01_g003,ln(kobs),5,ar2_homo_hartree|ar2_scf_energy_hartree|rate kobs (s-1)|ar2_Ar_LUMO|ar1_q_a,0.6699998652942918,0.49469631569462547,2.544941904308846,LOOCV,ln(kobs) = <nonlinear model; no closed-form linear equation>
azoarene_svr_rbf_c10_eps01_g003,ln(kobs),5,ar2_Ar_HOMO|ar2_gibbs_free_energy_hartree|rate kobs (s-1)|ar2_lumo_hartree|ar1_q_a,0.6699854713597433,0.4946905679909066,2.5449974062979464,LOOCV,ln(kobs) = <nonlinear model; no closed-form linear equation>
azoarene_svr_rbf_c10_eps01_g003,ln(kobs),5,ar2_Ar_HOMO|ar2_gibbs_free_energy_hartree|rate kobs (s-1)|ar2_Ar_LUMO|ar1_q_a,0.6699854713597433,0.4946905679909066,2.5449974062979464,LOOCV,ln(kobs) = <nonlinear model; no closed-form linear equation>
azoarene_svr_rbf_c10_eps01_g003,ln(kobs),5,ar2_homo_hartree|ar2_gibbs_free_energy_hartree|rate kobs (s-1)|ar2_lumo_hartree|ar1_q_a,0.6699854713597433,0.4946905679909066,2.5449974062979464,LOOCV,ln(kobs) = <nonlinear model; no closed-form linear equation>
azoarene_svr_rbf_c10_eps01_g003,ln(kobs),5,ar2_homo_hartree|ar2_gibbs_free_energy_hartree|rate kobs (s-1)|ar2_Ar_LUMO|ar1_q_a,0.6699854713597433,0.4946905679909066,2.5449974062979464,LOOCV,ln(kobs) = <nonlinear model; no closed-form linear equation>
azoarene_svr_rbf_c10_eps01_g003,ln(kobs),5,ar2_Ar_HOMO|ar2_enthalpy_hartree|rate kobs (s-1)|ar2_lumo_hartree|ar1_q_a,0.669985630813667,0.49469014204120854,2.5449967914615734,LOOCV,ln(kobs) = <nonlinear model; no closed-form linear equation>
azoarene_svr_rbf_c10_eps01_g003,ln(kobs),5,ar2_Ar_HOMO|ar2_enthalpy_hartree|rate kobs (s-1)|ar2_Ar_LUMO|ar1_q_a,0.669985630813667,0.49469014204120854,2.5449967914615734,LOOCV,ln(kobs) = <nonlinear model; no closed-form linear equation>
azoarene_svr_rbf_c10_eps01_g003,ln(kobs),5,ar2_homo_hartree|ar2_enthalpy_hartree|rate kobs (s-1)|ar2_lumo_hartree|ar1_q_a,0.669985630813667,0.49469014204120854,2.5449967914615734,LOOCV,ln(kobs) = <nonlinear model; no closed-form linear equation>
azoarene_svr_rbf_c10_eps01_g003,ln(kobs),5,ar2_homo_hartree|ar2_enthalpy_hartree|rate kobs (s-1)|ar2_Ar_LUMO|ar1_q_a,0.669985630813667,0.49469014204120854,2.5449967914615734,LOOCV,ln(kobs) = <nonlinear model; no closed-form linear equation>
azoarene_svr_rbf_c10_eps01_g003,ln(kobs),5,ar2_Ar_HOMO|ar2_Ar_polar|ar2_lumo_hartree|ar1_bond_length_c_e|ar1_nbo_q_a,0.6418614143548985,0.4946295667798505,2.6512236871329837,LOOCV,ln(kobs) = <nonlinear model; no closed-form linear equation>
azoarene_svr_rbf_c10_eps01_g003,ln(kobs),5,ar2_Ar_HOMO|ar2_Ar_polar|ar2_lumo_hartree|ar1_bond_length_c_e|ar1_Ar_NBO_OH,0.6418614143548985,0.4946295667798505,2.6512236871329837,LOOCV,ln(kobs) = <nonlinear model; no closed-form linear equation>
azoarene_svr_rbf_c10_eps01_g003,ln(kobs),5,ar2_Ar_HOMO|ar2_Ar_polar|ar2_Ar_LUMO|ar1_bond_length_c_e|ar1_nbo_q_a,0.6418614143548985,0.4946295667798505,2.6512236871329837,LOOCV,ln(kobs) = <nonlinear model; no closed-form linear equation>
azoarene_svr_rbf_c10_eps01_g003,ln(kobs),5,ar2_Ar_HOMO|ar2_Ar_polar|ar2_Ar_LUMO|ar1_bond_length_c_e|ar1_Ar_NBO_OH,0.6418614143548985,0.4946295667798505,2.6512236871329837,LOOCV,ln(kobs) = <nonlinear model; no closed-form linear equation>
azoarene_svr_rbf_c10_eps01_g003,ln(kobs),5,ar2_Ar_HOMO|ar2_isotropic_polarizability_au|ar2_lumo_hartree|ar1_bond_length_c_e|ar1_nbo_q_a,0.6418614143548985,0.4946295667798505,2.6512236871329837,LOOCV,ln(kobs) = <nonlinear model; no closed-form linear equation>
azoarene_svr_rbf_c10_eps01_g003,ln(kobs),5,ar2_Ar_HOMO|ar2_isotropic_polarizability_au|ar2_lumo_hartree|ar1_bond_length_c_e|ar1_Ar_NBO_OH,0.6418614143548985,0.4946295667798505,2.6512236871329837,LOOCV,ln(kobs) = <nonlinear model; no closed-form linear equation>
azoarene_svr_rbf_c10_eps01_g003,ln(kobs),5,ar2_Ar_HOMO|ar2_isotropic_polarizability_au|ar2_Ar_LUMO|ar1_bond_length_c_e|ar1_nbo_q_a,0.6418614143548985,0.4946295667798505,2.6512236871329837,LOOCV,ln(kobs) = <nonlinear model; no closed-form linear equation>
azoarene_svr_rbf_c10_eps01_g003,ln(kobs),5,ar2_Ar_HOMO|ar2_isotropic_polarizability_au|ar2_Ar_LUMO|ar1_bond_length_c_e|ar1_Ar_NBO_OH,0.6418614143548985,0.4946295667798505,2.6512236871329837,LOOCV,ln(kobs) = <nonlinear model; no closed-form linear equation>
azoarene_svr_rbf_c10_eps01_g003,ln(kobs),5,ar2_homo_hartree|ar2_Ar_polar|ar2_lumo_hartree|ar1_bond_length_c_e|ar1_nbo_q_a,0.6418614143548985,0.4946295667798505,2.6512236871329837,LOOCV,ln(kobs) = <nonlinear model; no closed-form linear equation>
azoarene_svr_rbf_c10_eps01_g003,ln(kobs),5,ar2_homo_hartree|ar2_Ar_polar|ar2_lumo_hartree|ar1_bond_length_c_e|ar1_Ar_NBO_OH,0.6418614143548985,0.4946295667798505,2.6512236871329837,LOOCV,ln(kobs) = <nonlinear model; no closed-form linear equation>
azoarene_svr_rbf_c10_eps01_g003,ln(kobs),5,ar2_homo_hartree|ar2_Ar_polar|ar2_Ar_LUMO|ar1_bond_length_c_e|ar1_nbo_q_a,0.6418614143548985,0.4946295667798505,2.6512236871329837,LOOCV,ln(kobs) = <nonlinear model; no closed-form linear equation>
azoarene_svr_rbf_c10_eps01_g003,ln(kobs),5,ar2_homo_hartree|ar2_Ar_polar|ar2_Ar_LUMO|ar1_bond_length_c_e|ar1_Ar_NBO_OH,0.6418614143548985,0.4946295667798505,2.6512236871329837,LOOCV,ln(kobs) = <nonlinear model; no closed-form linear equation>
azoarene_svr_rbf_c10_eps01_g003,ln(kobs),5,ar2_homo_hartree|ar2_isotropic_polarizability_au|ar2_lumo_hartree|ar1_bond_length_c_e|ar1_nbo_q_a,0.6418614143548985,0.4946295667798505,2.6512236871329837,LOOCV,ln(kobs) = <nonlinear model; no closed-form linear equation>
azoarene_svr_rbf_c10_eps01_g003,ln(kobs),5,ar2_homo_hartree|ar2_isotropic_polarizability_au|ar2_lumo_hartree|ar1_bond_length_c_e|ar1_Ar_NBO_OH,0.6418614143548985,0.4946295667798505,2.6512236871329837,LOOCV,ln(kobs) = <nonlinear model; no closed-form linear equation>
azoarene_svr_rbf_c10_eps01_g003,ln(kobs),5,ar2_homo_hartree|ar2_isotropic_polarizability_au|ar2_Ar_LUMO|ar1_bond_length_c_e|ar1_nbo_q_a,0.6418614143548985,0.4946295667798505,2.6512236871329837,LOOCV,ln(kobs) = <nonlinear model; no closed-form linear equation>
azoarene_svr_rbf_c10_eps01_g003,ln(kobs),5,ar2_homo_hartree|ar2_isotropic_polarizability_au|ar2_Ar_LUMO|ar1_bond_length_c_e|ar1_Ar_NBO_OH,0.6418614143548985,0.4946295667798505,2.6512236871329837,LOOCV,ln(kobs) = <nonlinear model; no closed-form linear equation>
azoarene_svr_rbf_c10_eps01_g003,ln(kobs),4,ar2_Ar_HOMO|ar2_Ar_polar|ar2_isotropic_polarizability_au|ar2_gap_hartree,0.5586910202379771,0.494527671780577,2.9430131082287354,LOOCV,ln(kobs) = <nonlinear model; no closed-form linear equation>
azoarene_svr_rbf_c10_eps01_g003,ln(kobs),4,ar2_homo_hartree|ar2_Ar_polar|ar2_isotropic_polarizability_au|ar2_gap_hartree,0.5586910202379771,0.494527671780577,2.9430131082287354,LOOCV,ln(kobs) = <nonlinear model; no closed-form linear equation>
azoarene_svr_rbf_c10_eps01_g003,ln(kobs),5,ar2_Ar_HOMO|ar2_Ar_polar|ar2_gap_hartree|ar1_bond_length_c_e|ar1_nbo_q_a,0.6416376334059597,0.49450499075147425,2.6520518591399167,LOOCV,ln(kobs) = <nonlinear model; no closed-form linear equation>
azoarene_svr_rbf_c10_eps01_g003,ln(kobs),5,ar2_Ar_HOMO|ar2_Ar_polar|ar2_gap_hartree|ar1_bond_length_c_e|ar1_Ar_NBO_OH,0.6416376334059597,0.49450499075147425,2.6520518591399167,LOOCV,ln(kobs) = <nonlinear model; no closed-form linear equation>
azoarene_svr_rbf_c10_eps01_g003,ln(kobs),5,ar2_Ar_HOMO|ar2_isotropic_polarizability_au|ar2_gap_hartree|ar1_bond_length_c_e|ar1_nbo_q_a,0.6416376334059597,0.49450499075147425,2.6520518591399167,LOOCV,ln(kobs) = <nonlinear model; no closed-form linear equation>
azoarene_svr_rbf_c10_eps01_g003,ln(kobs),5,ar2_Ar_HOMO|ar2_isotropic_polarizability_au|ar2_gap_hartree|ar1_bond_length_c_e|ar1_Ar_NBO_OH,0.6416376334059597,0.49450499075147425,2.6520518591399167,LOOCV,ln(kobs) = <nonlinear model; no closed-form linear equation>
azoarene_svr_rbf_c10_eps01_g003,ln(kobs),5,ar2_homo_hartree|ar2_Ar_polar|ar2_gap_hartree|ar1_bond_length_c_e|ar1_nbo_q_a,0.6416376334059597,0.49450499075147425,2.6520518591399167,LOOCV,ln(kobs) = <nonlinear model; no closed-form linear equation>
azoarene_svr_rbf_c10_eps01_g003,ln(kobs),5,ar2_homo_hartree|ar2_Ar_polar|ar2_gap_hartree|ar1_bond_length_c_e|ar1_Ar_NBO_OH,0.6416376334059597,0.49450499075147425,2.6520518591399167,LOOCV,ln(kobs) = <nonlinear model; no closed-form linear equation>
azoarene_svr_rbf_c10_eps01_g003,ln(kobs),5,ar2_homo_hartree|ar2_isotropic_polarizability_au|ar2_gap_hartree|ar1_bond_length_c_e|ar1_nbo_q_a,0.6416376334059597,0.49450499075147425,2.6520518591399167,LOOCV,ln(kobs) = <nonlinear model; no closed-form linear equation>
azoarene_svr_rbf_c10_eps01_g003,ln(kobs),5,ar2_homo_hartree|ar2_isotropic_polarizability_au|ar2_gap_hartree|ar1_bond_length_c_e|ar1_Ar_NBO_OH,0.6416376334059597,0.49450499075147425,2.6520518591399167,LOOCV,ln(kobs) = <nonlinear model; no closed-form linear equation>
azoarene_svr_rbf_c10_eps01_g003,ln(kobs),4,ar2_Ar_HOMO|rate kobs (s-1)|ar2_lumo_hartree|ar1_nbo_q_a,0.6959849675960379,0.4943799884172497,2.442689937489653,LOOCV,ln(kobs) = <nonlinear model; no closed-form linear equation>
azoarene_svr_rbf_c10_eps01_g003,ln(kobs),4,ar2_Ar_HOMO|rate kobs (s-1)|ar2_lumo_hartree|ar1_Ar_NBO_OH,0.6959849675960379,0.4943799884172497,2.442689937489653,LOOCV,ln(kobs) = <nonlinear model; no closed-form linear equation>
azoarene_svr_rbf_c10_eps01_g003,ln(kobs),4,ar2_Ar_HOMO|rate kobs (s-1)|ar2_Ar_LUMO|ar1_nbo_q_a,0.6959849675960379,0.4943799884172497,2.442689937489653,LOOCV,ln(kobs) = <nonlinear model; no closed-form linear equation>
azoarene_svr_rbf_c10_eps01_g003,ln(kobs),4,ar2_Ar_HOMO|rate kobs (s-1)|ar2_Ar_LUMO|ar1_Ar_NBO_OH,0.6959849675960379,0.4943799884172497,2.442689937489653,LOOCV,ln(kobs) = <nonlinear model; no closed-form linear equation>
azoarene_svr_rbf_c10_eps01_g003,ln(kobs),4,ar2_homo_hartree|rate kobs (s-1)|ar2_lumo_hartree|ar1_nbo_q_a,0.6959849675960379,0.4943799884172497,2.442689937489653,LOOCV,ln(kobs) = <nonlinear model; no closed-form linear equation>
azoarene_svr_rbf_c10_eps01_g003,ln(kobs),4,ar2_homo_hartree|rate kobs (s-1)|ar2_lumo_hartree|ar1_Ar_NBO_OH,0.6959849675960379,0.4943799884172497,2.442689937489653,LOOCV,ln(kobs) = <nonlinear model; no closed-form linear equation>
azoarene_svr_rbf_c10_eps01_g003,ln(kobs),4,ar2_homo_hartree|rate kobs (s-1)|ar2_Ar_LUMO|ar1_nbo_q_a,0.6959849675960379,0.4943799884172497,2.442689937489653,LOOCV,ln(kobs) = <nonlinear model; no closed-form linear equation>
azoarene_svr_rbf_c10_eps01_g003,ln(kobs),4,ar2_homo_hartree|rate kobs (s-1)|ar2_Ar_LUMO|ar1_Ar_NBO_OH,0.6959849675960379,0.4943799884172497,2.442689937489653,LOOCV,ln(kobs) = <nonlinear model; no closed-form linear equation>
azoarene_svr_rbf_c10_eps01_g003,ln(kobs),5,ar2_Ar_HOMO|ar2_scf_energy_hartree|rate kobs (s-1)|ar2_gap_hartree|ar1_q_a,0.6698321665766074,0.4941396495788868,2.545588463571043,LOOCV,ln(kobs) = <nonlinear model; no closed-form linear equation>
azoarene_svr_rbf_c10_eps01_g003,ln(kobs),5,ar2_homo_hartree|ar2_scf_energy_hartree|rate kobs (s-1)|ar2_gap_hartree|ar1_q_a,0.6698321665766074,0.4941396495788868,2.545588463571043,LOOCV,ln(kobs) = <nonlinear model; no closed-form linear equation>
azoarene_svr_rbf_c10_eps01_g003,ln(kobs),5,ar2_Ar_HOMO|ar2_gibbs_free_energy_hartree|rate kobs (s-1)|ar2_gap_hartree|ar1_q_a,0.6698412494638353,0.4940986343882444,2.5455534488760585,LOOCV,ln(kobs) = <nonlinear model; no closed-form linear equation>
azoarene_svr_rbf_c10_eps01_g003,ln(kobs),5,ar2_homo_hartree|ar2_gibbs_free_energy_hartree|rate kobs (s-1)|ar2_gap_hartree|ar1_q_a,0.6698412494638353,0.4940986343882444,2.5455534488760585,LOOCV,ln(kobs) = <nonlinear model; no closed-form linear equation>
azoarene_svr_rbf_c10_eps01_g003,ln(kobs),5,ar2_Ar_HOMO|ar2_enthalpy_hartree|rate kobs (s-1)|ar2_gap_hartree|ar1_q_a,0.6698411641378939,0.4940911176801237,2.5455537778113517,LOOCV,ln(kobs) = <nonlinear model; no closed-form linear equation>
azoarene_svr_rbf_c10_eps01_g003,ln(kobs),5,ar2_homo_hartree|ar2_enthalpy_hartree|rate kobs (s-1)|ar2_gap_hartree|ar1_q_a,0.6698411641378939,0.4940911176801237,2.5455537778113517,LOOCV,ln(kobs) = <nonlinear model; no closed-form linear equation>
azoarene_svr_rbf_c10_eps01_g003,ln(kobs),5,ar2_Ar_HOMO|ar2_enthalpy_hartree|rate kobs (s-1)|ar2_Ar_Ster_B5|ar1_nbo_q_a,0.6670550918042564,0.49353837317367033,2.5562716462622843,LOOCV,ln(kobs) = <nonlinear model; no closed-form linear equation>
azoarene_svr_rbf_c10_eps01_g003,ln(kobs),5,ar2_Ar_HOMO|ar2_enthalpy_hartree|rate kobs (s-1)|ar2_Ar_Ster_B5|ar1_Ar_NBO_OH,0.6670550918042564,0.49353837317367033,2.5562716462622843,LOOCV,ln(kobs) = <nonlinear model; no closed-form linear equation>
azoarene_svr_rbf_c10_eps01_g003,ln(kobs),5,ar2_Ar_HOMO|ar2_enthalpy_hartree|rate kobs (s-1)|ar2_sterimol_B5|ar1_nbo_q_a,0.6670550918042564,0.49353837317367033,2.5562716462622843,LOOCV,ln(kobs) = <nonlinear model; no closed-form linear equation>
azoarene_svr_rbf_c10_eps01_g003,ln(kobs),5,ar2_Ar_HOMO|ar2_enthalpy_hartree|rate kobs (s-1)|ar2_sterimol_B5|ar1_Ar_NBO_OH,0.6670550918042564,0.49353837317367033,2.5562716462622843,LOOCV,ln(kobs) = <nonlinear model; no closed-form linear equation>
azoarene_svr_rbf_c10_eps01_g003,ln(kobs),5,ar2_homo_hartree|ar2_enthalpy_hartree|rate kobs (s-1)|ar2_Ar_Ster_B5|ar1_nbo_q_a,0.6670550918042564,0.49353837317367033,2.5562716462622843,LOOCV,ln(kobs) = <nonlinear model; no closed-form linear equation>
azoarene_svr_rbf_c10_eps01_g003,ln(kobs),5,ar2_homo_hartree|ar2_enthalpy_hartree|rate kobs (s-1)|ar2_Ar_Ster_B5|ar1_Ar_NBO_OH,0.6670550918042564,0.49353837317367033,2.5562716462622843,LOOCV,ln(kobs) = <nonlinear model; no closed-form linear equation>
azoarene_svr_rbf_c10_eps01_g003,ln(kobs),5,ar2_homo_hartree|ar2_enthalpy_hartree|rate kobs (s-1)|ar2_sterimol_B5|ar1_nbo_q_a,0.6670550918042564,0.49353837317367033,2.5562716462622843,LOOCV,ln(kobs) = <nonlinear model; no closed-form linear equation>
azoarene_svr_rbf_c10_eps01_g003,ln(kobs),5,ar2_homo_hartree|ar2_enthalpy_hartree|rate kobs (s-1)|ar2_sterimol_B5|ar1_Ar_NBO_OH,0.6670550918042564,0.49353837317367033,2.5562716462622843,LOOCV,ln(kobs) = <nonlinear model; no closed-form linear equation>
azoarene_svr_rbf_c10_eps01_g003,ln(kobs),5,ar2_Ar_HOMO|ar2_gibbs_free_energy_hartree|rate kobs (s-1)|ar2_Ar_Ster_B5|ar1_nbo_q_a,0.6670624777327507,0.4934981124873348,2.5562432924057794,LOOCV,ln(kobs) = <nonlinear model; no closed-form linear equation>
azoarene_svr_rbf_c10_eps01_g003,ln(kobs),5,ar2_Ar_HOMO|ar2_gibbs_free_energy_hartree|rate kobs (s-1)|ar2_Ar_Ster_B5|ar1_Ar_NBO_OH,0.6670624777327507,0.4934981124873348,2.5562432924057794,LOOCV,ln(kobs) = <nonlinear model; no closed-form linear equation>
azoarene_svr_rbf_c10_eps01_g003,ln(kobs),5,ar2_Ar_HOMO|ar2_gibbs_free_energy_hartree|rate kobs (s-1)|ar2_sterimol_B5|ar1_nbo_q_a,0.6670624777327507,0.4934981124873348,2.5562432924057794,LOOCV,ln(kobs) = <nonlinear model; no closed-form linear equation>
azoarene_svr_rbf_c10_eps01_g003,ln(kobs),5,ar2_Ar_HOMO|ar2_gibbs_free_energy_hartree|rate kobs (s-1)|ar2_sterimol_B5|ar1_Ar_NBO_OH,0.6670624777327507,0.4934981124873348,2.5562432924057794,LOOCV,ln(kobs) = <nonlinear model; no closed-form linear equation>
azoarene_svr_rbf_c10_eps01_g003,ln(kobs),5,ar2_homo_hartree|ar2_gibbs_free_energy_hartree|rate kobs (s-1)|ar2_Ar_Ster_B5|ar1_nbo_q_a,0.6670624777327507,0.4934981124873348,2.5562432924057794,LOOCV,ln(kobs) = <nonlinear model; no closed-form linear equation>
azoarene_svr_rbf_c10_eps01_g003,ln(kobs),5,ar2_homo_hartree|ar2_gibbs_free_energy_hartree|rate kobs (s-1)|ar2_Ar_Ster_B5|ar1_Ar_NBO_OH,0.6670624777327507,0.4934981124873348,2.5562432924057794,LOOCV,ln(kobs) = <nonlinear model; no closed-form linear equation>
azoarene_svr_rbf_c10_eps01_g003,ln(kobs),5,ar2_homo_hartree|ar2_gibbs_free_energy_hartree|rate kobs (s-1)|ar2_sterimol_B5|ar1_nbo_q_a,0.6670624777327507,0.4934981124873348,2.5562432924057794,LOOCV,ln(kobs) = <nonlinear model; no closed-form linear equation>
azoarene_svr_rbf_c10_eps01_g003,ln(kobs),5,ar2_homo_hartree|ar2_gibbs_free_energy_hartree|rate kobs (s-1)|ar2_sterimol_B5|ar1_Ar_NBO_OH,0.6670624777327507,0.4934981124873348,2.5562432924057794,LOOCV,ln(kobs) = <nonlinear model; no closed-form linear equation>
azoarene_svr_rbf_c10_eps01_g003,ln(kobs),5,ar2_Ar_HOMO|ar2_scf_energy_hartree|rate kobs (s-1)|ar2_Ar_Ster_B5|ar1_nbo_q_a,0.6670508982916394,0.4934961649875904,2.5562877446067596,LOOCV,ln(kobs) = <nonlinear model; no closed-form linear equation>
azoarene_svr_rbf_c10_eps01_g003,ln(kobs),5,ar2_Ar_HOMO|ar2_scf_energy_hartree|rate kobs (s-1)|ar2_Ar_Ster_B5|ar1_Ar_NBO_OH,0.6670508982916394,0.4934961649875904,2.5562877446067596,LOOCV,ln(kobs) = <nonlinear model; no closed-form linear equation>
azoarene_svr_rbf_c10_eps01_g003,ln(kobs),5,ar2_Ar_HOMO|ar2_scf_energy_hartree|rate kobs (s-1)|ar2_sterimol_B5|ar1_nbo_q_a,0.6670508982916394,0.4934961649875904,2.5562877446067596,LOOCV,ln(kobs) = <nonlinear model; no closed-form linear equation>
azoarene_svr_rbf_c10_eps01_g003,ln(kobs),5,ar2_Ar_HOMO|ar2_scf_energy_hartree|rate kobs (s-1)|ar2_sterimol_B5|ar1_Ar_NBO_OH,0.6670508982916394,0.4934961649875904,2.5562877446067596,LOOCV,ln(kobs) = <nonlinear model; no closed-form linear equation>
azoarene_svr_rbf_c10_eps01_g003,ln(kobs),5,ar2_homo_hartree|ar2_scf_energy_hartree|rate kobs (s-1)|ar2_Ar_Ster_B5|ar1_nbo_q_a,0.6670508982916394,0.4934961649875904,2.5562877446067596,LOOCV,ln(kobs) = <nonlinear model; no closed-form linear equation>
azoarene_svr_rbf_c10_eps01_g003,ln(kobs),5,ar2_homo_hartree|ar2_scf_energy_hartree|rate kobs (s-1)|ar2_Ar_Ster_B5|ar1_Ar_NBO_OH,0.6670508982916394,0.4934961649875904,2.5562877446067596,LOOCV,ln(kobs) = <nonlinear model; no closed-form linear equation>
azoarene_svr_rbf_c10_eps01_g003,ln(kobs),5,ar2_homo_hartree|ar2_scf_energy_hartree|rate kobs (s-1)|ar2_sterimol_B5|ar1_nbo_q_a,0.6670508982916394,0.4934961649875904,2.5562877446067596,LOOCV,ln(kobs) = <nonlinear model; no closed-form linear equation>
azoarene_svr_rbf_c10_eps01_g003,ln(kobs),5,ar2_homo_hartree|ar2_scf_energy_hartree|rate kobs (s-1)|ar2_sterimol_B5|ar1_Ar_NBO_OH,0.6670508982916394,0.4934961649875904,2.5562877446067596,LOOCV,ln(kobs) = <nonlinear model; no closed-form linear equation>
azoarene_svr_rbf_c10_eps01_g003,ln(kobs),5,ar2_Ar_HOMO|ar2_homo_hartree|ar2_Ar_polar|rate kobs (s-1)|ar1_q_a,0.674882168341491,0.49318030877340435,2.526045733354751,LOOCV,ln(kobs) = <nonlinear model; no closed-form linear equation>
azoarene_svr_rbf_c10_eps01_g003,ln(kobs),5,ar2_Ar_HOMO|ar2_homo_hartree|ar2_isotropic_polarizability_au|rate kobs (s-1)|ar1_q_a,0.674882168341491,0.49318030877340435,2.526045733354751,LOOCV,ln(kobs) = <nonlinear model; no closed-form linear equation>
azoarene_svr_rbf_c10_eps01_g003,ln(kobs),4,ar2_Ar_HOMO|ar2_homo_hartree|ar1_bond_length_c_a|ar1_bond_length_c_e,0.6069998415071372,0.4920887629446402,2.777264078272419,LOOCV,ln(kobs) = <nonlinear model; no closed-form linear equation>
azoarene_svr_rbf_c10_eps01_g003,ln(kobs),5,ar2_Ar_HOMO|ar2_homo_hartree|rate kobs (s-1)|ar1_bond_length_c_a|ar1_nbo_q_a,0.7108620534148195,0.4919217857167122,2.382173342356457,LOOCV,ln(kobs) = <nonlinear model; no closed-form linear equation>
azoarene_svr_rbf_c10_eps01_g003,ln(kobs),5,ar2_Ar_HOMO|ar2_homo_hartree|rate kobs (s-1)|ar1_bond_length_c_a|ar1_Ar_NBO_OH,0.7108620534148195,0.4919217857167122,2.382173342356457,LOOCV,ln(kobs) = <nonlinear model; no closed-form linear equation>
azoarene_svr_rbf_c10_eps01_g003,ln(kobs),4,ar2_Ar_HOMO|ar1_q_a|ar2_Ar_Ster_B5|ar1_nbo_q_a,0.6196804372496622,0.4918703971936019,2.7320909123129655,LOOCV,ln(kobs) = <nonlinear model; no closed-form linear equation>
azoarene_svr_rbf_c10_eps01_g003,ln(kobs),4,ar2_Ar_HOMO|ar1_q_a|ar2_Ar_Ster_B5|ar1_Ar_NBO_OH,0.6196804372496622,0.4918703971936019,2.7320909123129655,LOOCV,ln(kobs) = <nonlinear model; no closed-form linear equation>
azoarene_svr_rbf_c10_eps01_g003,ln(kobs),4,ar2_Ar_HOMO|ar1_q_a|ar2_sterimol_B5|ar1_nbo_q_a,0.6196804372496622,0.4918703971936019,2.7320909123129655,LOOCV,ln(kobs) = <nonlinear model; no closed-form linear equation>
azoarene_svr_rbf_c10_eps01_g003,ln(kobs),4,ar2_Ar_HOMO|ar1_q_a|ar2_sterimol_B5|ar1_Ar_NBO_OH,0.6196804372496622,0.4918703971936019,2.7320909123129655,LOOCV,ln(kobs) = <nonlinear model; no closed-form linear equation>
azoarene_svr_rbf_c10_eps01_g003,ln(kobs),4,ar2_homo_hartree|ar1_q_a|ar2_Ar_Ster_B5|ar1_nbo_q_a,0.6196804372496622,0.4918703971936019,2.7320909123129655,LOOCV,ln(kobs) = <nonlinear model; no closed-form linear equation>
azoarene_svr_rbf_c10_eps01_g003,ln(kobs),4,ar2_homo_hartree|ar1_q_a|ar2_Ar_Ster_B5|ar1_Ar_NBO_OH,0.6196804372496622,0.4918703971936019,2.7320909123129655,LOOCV,ln(kobs) = <nonlinear model; no closed-form linear equation>
azoarene_svr_rbf_c10_eps01_g003,ln(kobs),4,ar2_homo_hartree|ar1_q_a|ar2_sterimol_B5|ar1_nbo_q_a,0.6196804372496622,0.4918703971936019,2.7320909123129655,LOOCV,ln(kobs) = <nonlinear model; no closed-form linear equation>
azoarene_svr_rbf_c10_eps01_g003,ln(kobs),4,ar2_homo_hartree|ar1_q_a|ar2_sterimol_B5|ar1_Ar_NBO_OH,0.6196804372496622,0.4918703971936019,2.7320909123129655,LOOCV,ln(kobs) = <nonlinear model; no closed-form linear equation>
azoarene_svr_rbf_c10_eps01_g003,ln(kobs),5,ar2_Ar_HOMO|ar2_homo_hartree|rate kobs (s-1)|ar2_gap_hartree|ar1_q_a,0.6721837789788534,0.4915690145506507,2.5365068176134073,LOOCV,ln(kobs) = <nonlinear model; no closed-form linear equation>
azoarene_svr_rbf_c10_eps01_g003,ln(kobs),4,ar2_Ar_HOMO|ar2_gibbs_free_energy_hartree|rate kobs (s-1)|ar2_gap_hartree,0.6162279870956509,0.49141915988936613,2.7444635312096852,LOOCV,ln(kobs) = <nonlinear model; no closed-form linear equation>
azoarene_svr_rbf_c10_eps01_g003,ln(kobs),4,ar2_homo_hartree|ar2_gibbs_free_energy_hartree|rate kobs (s-1)|ar2_gap_hartree,0.6162279870956509,0.49141915988936613,2.7444635312096852,LOOCV,ln(kobs) = <nonlinear model; no closed-form linear equation>
azoarene_svr_rbf_c10_eps01_g003,ln(kobs),4,ar2_Ar_HOMO|ar2_enthalpy_hartree|rate kobs (s-1)|ar2_gap_hartree,0.6162149386930331,0.4914076757063166,2.744510187244427,LOOCV,ln(kobs) = <nonlinear model; no closed-form linear equation>
azoarene_svr_rbf_c10_eps01_g003,ln(kobs),4,ar2_homo_hartree|ar2_enthalpy_hartree|rate kobs (s-1)|ar2_gap_hartree,0.6162149386930331,0.4914076757063166,2.744510187244427,LOOCV,ln(kobs) = <nonlinear model; no closed-form linear equation>
azoarene_svr_rbf_c10_eps01_g003,ln(kobs),4,ar2_Ar_HOMO|ar2_scf_energy_hartree|rate kobs (s-1)|ar2_gap_hartree,0.6162158358826142,0.491380973352721,2.7445069792673165,LOOCV,ln(kobs) = <nonlinear model; no closed-form linear equation>
azoarene_svr_rbf_c10_eps01_g003,ln(kobs),4,ar2_homo_hartree|ar2_scf_energy_hartree|rate kobs (s-1)|ar2_gap_hartree,0.6162158358826142,0.491380973352721,2.7445069792673165,LOOCV,ln(kobs) = <nonlinear model; no closed-form linear equation>
azoarene_svr_rbf_c10_eps01_g003,ln(kobs),3,ar2_Ar_HOMO|rate kobs (s-1)|ar2_lumo_hartree,0.6184018690765036,0.49133736794008587,2.7366794661244462,LOOCV,ln(kobs) = <nonlinear model; no closed-form linear equation>
azoarene_svr_rbf_c10_eps01_g003,ln(kobs),3,ar2_Ar_HOMO|rate kobs (s-1)|ar2_Ar_LUMO,0.6184018690765036,0.49133736794008587,2.7366794661244462,LOOCV,ln(kobs) = <nonlinear model; no closed-form linear equation>
azoarene_svr_rbf_c10_eps01_g003,ln(kobs),3,ar2_homo_hartree|rate kobs (s-1)|ar2_lumo_hartree,0.6184018690765036,0.49133736794008587,2.7366794661244462,LOOCV,ln(kobs) = <nonlinear model; no closed-form linear equation>
azoarene_svr_rbf_c10_eps01_g003,ln(kobs),3,ar2_homo_hartree|rate kobs (s-1)|ar2_Ar_LUMO,0.6184018690765036,0.49133736794008587,2.7366794661244462,LOOCV,ln(kobs) = <nonlinear model; no closed-form linear equation>
azoarene_svr_rbf_c10_eps01_g003,ln(kobs),3,ar2_Ar_HOMO|ar2_Ar_polar|rate kobs (s-1),0.6280152755613843,0.49123836820944866,2.7019876965711984,LOOCV,ln(kobs) = <nonlinear model; no closed-form linear equation>
azoarene_svr_rbf_c10_eps01_g003,ln(kobs),3,ar2_Ar_HOMO|ar2_isotropic_polarizability_au|rate kobs (s-1),0.6280152755613843,0.49123836820944866,2.7019876965711984,LOOCV,ln(kobs) = <nonlinear model; no closed-form linear equation>
azoarene_svr_rbf_c10_eps01_g003,ln(kobs),3,ar2_homo_hartree|ar2_Ar_polar|rate kobs (s-1),0.6280152755613843,0.49123836820944866,2.7019876965711984,LOOCV,ln(kobs) = <nonlinear model; no closed-form linear equation>
azoarene_svr_rbf_c10_eps01_g003,ln(kobs),3,ar2_homo_hartree|ar2_isotropic_polarizability_au|rate kobs (s-1),0.6280152755613843,0.49123836820944866,2.7019876965711984,LOOCV,ln(kobs) = <nonlinear model; no closed-form linear equation>
azoarene_svr_rbf_c10_eps01_g003,ln(kobs),5,ar2_Ar_HOMO|ar2_homo_hartree|ar2_Ar_polar|ar1_bond_length_c_e|ar2_Ar_Ster_B5,0.6353132919349235,0.491055907347525,2.675351079732383,LOOCV,ln(kobs) = <nonlinear model; no closed-form linear equation>
azoarene_svr_rbf_c10_eps01_g003,ln(kobs),5,ar2_Ar_HOMO|ar2_homo_hartree|ar2_Ar_polar|ar1_bond_length_c_e|ar2_sterimol_B5,0.6353132919349235,0.491055907347525,2.675351079732383,LOOCV,ln(kobs) = <nonlinear model; no closed-form linear equation>
azoarene_svr_rbf_c10_eps01_g003,ln(kobs),5,ar2_Ar_HOMO|ar2_homo_hartree|ar2_isotropic_polarizability_au|ar1_bond_length_c_e|ar2_Ar_Ster_B5,0.6353132919349235,0.491055907347525,2.675351079732383,LOOCV,ln(kobs) = <nonlinear model; no closed-form linear equation>
azoarene_svr_rbf_c10_eps01_g003,ln(kobs),5,ar2_Ar_HOMO|ar2_homo_hartree|ar2_isotropic_polarizability_au|ar1_bond_length_c_e|ar2_sterimol_B5,0.6353132919349235,0.491055907347525,2.675351079732383,LOOCV,ln(kobs) = <nonlinear model; no closed-form linear equation>
azoarene_svr_rbf_c10_eps01_g003,ln(kobs),3,ar2_Ar_HOMO|ar2_Ar_polar|ar2_gap_hartree,0.549875885475285,0.4908620364258851,2.9722610766078996,LOOCV,ln(kobs) = <nonlinear model; no closed-form linear equation>
azoarene_svr_rbf_c10_eps01_g003,ln(kobs),3,ar2_Ar_HOMO|ar2_isotropic_polarizability_au|ar2_gap_hartree,0.549875885475285,0.4908620364258851,2.9722610766078996,LOOCV,ln(kobs) = <nonlinear model; no closed-form linear equation>
azoarene_svr_rbf_c10_eps01_g003,ln(kobs),3,ar2_homo_hartree|ar2_Ar_polar|ar2_gap_hartree,0.549875885475285,0.4908620364258851,2.9722610766078996,LOOCV,ln(kobs) = <nonlinear model; no closed-form linear equation>
azoarene_svr_rbf_c10_eps01_g003,ln(kobs),3,ar2_homo_hartree|ar2_isotropic_polarizability_au|ar2_gap_hartree,0.549875885475285,0.4908620364258851,2.9722610766078996,LOOCV,ln(kobs) = <nonlinear model; no closed-form linear equation>
azoarene_svr_rbf_c10_eps01_g003,ln(kobs),3,ar2_Ar_HOMO|ar2_Ar_polar|ar2_lumo_hartree,0.5499184921579956,0.49068498215444967,2.9721204029831965,LOOCV,ln(kobs) = <nonlinear model; no closed-form linear equation>
azoarene_svr_rbf_c10_eps01_g003,ln(kobs),3,ar2_Ar_HOMO|ar2_Ar_polar|ar2_Ar_LUMO,0.5499184921579956,0.49068498215444967,2.9721204029831965,LOOCV,ln(kobs) = <nonlinear model; no closed-form linear equation>
azoarene_svr_rbf_c10_eps01_g003,ln(kobs),3,ar2_Ar_HOMO|ar2_isotropic_polarizability_au|ar2_lumo_hartree,0.5499184921579956,0.49068498215444967,2.9721204029831965,LOOCV,ln(kobs) = <nonlinear model; no closed-form linear equation>
azoarene_svr_rbf_c10_eps01_g003,ln(kobs),3,ar2_Ar_HOMO|ar2_isotropic_polarizability_au|ar2_Ar_LUMO,0.5499184921579956,0.49068498215444967,2.9721204029831965,LOOCV,ln(kobs) = <nonlinear model; no closed-form linear equation>
azoarene_svr_rbf_c10_eps01_g003,ln(kobs),3,ar2_homo_hartree|ar2_Ar_polar|ar2_lumo_hartree,0.5499184921579956,0.49068498215444967,2.9721204029831965,LOOCV,ln(kobs) = <nonlinear model; no closed-form linear equation>
azoarene_svr_rbf_c10_eps01_g003,ln(kobs),3,ar2_homo_hartree|ar2_Ar_polar|ar2_Ar_LUMO,0.5499184921579956,0.49068498215444967,2.9721204029831965,LOOCV,ln(kobs) = <nonlinear model; no closed-form linear equation>
azoarene_svr_rbf_c10_eps01_g003,ln(kobs),3,ar2_homo_hartree|ar2_isotropic_polarizability_au|ar2_lumo_hartree,0.5499184921579956,0.49068498215444967,2.9721204029831965,LOOCV,ln(kobs) = <nonlinear model; no closed-form linear equation>
azoarene_svr_rbf_c10_eps01_g003,ln(kobs),3,ar2_homo_hartree|ar2_isotropic_polarizability_au|ar2_Ar_LUMO,0.5499184921579956,0.49068498215444967,2.9721204029831965,LOOCV,ln(kobs) = <nonlinear model; no closed-form linear equation>
azoarene_svr_rbf_c10_eps01_g003,ln(kobs),4,ar2_Ar_HOMO|ar2_enthalpy_hartree|rate kobs (s-1)|ar2_lumo_hartree,0.6162035733957765,0.49062312165211597,2.7445508244999135,LOOCV,ln(kobs) = <nonlinear model; no closed-form linear equation>
azoarene_svr_rbf_c10_eps01_g003,ln(kobs),4,ar2_Ar_HOMO|ar2_enthalpy_hartree|rate kobs (s-1)|ar2_Ar_LUMO,0.6162035733957765,0.49062312165211597,2.7445508244999135,LOOCV,ln(kobs) = <nonlinear model; no closed-form linear equation>
azoarene_svr_rbf_c10_eps01_g003,ln(kobs),4,ar2_homo_hartree|ar2_enthalpy_hartree|rate kobs (s-1)|ar2_lumo_hartree,0.6162035733957765,0.49062312165211597,2.7445508244999135,LOOCV,ln(kobs) = <nonlinear model; no closed-form linear equation>
azoarene_svr_rbf_c10_eps01_g003,ln(kobs),4,ar2_homo_hartree|ar2_enthalpy_hartree|rate kobs (s-1)|ar2_Ar_LUMO,0.6162035733957765,0.49062312165211597,2.7445508244999135,LOOCV,ln(kobs) = <nonlinear model; no closed-form linear equation>
azoarene_svr_rbf_c10_eps01_g003,ln(kobs),4,ar2_Ar_HOMO|ar2_gibbs_free_energy_hartree|rate kobs (s-1)|ar2_lumo_hartree,0.6162001723188278,0.490616055745395,2.7445629851236415,LOOCV,ln(kobs) = <nonlinear model; no closed-form linear equation>
azoarene_svr_rbf_c10_eps01_g003,ln(kobs),4,ar2_Ar_HOMO|ar2_gibbs_free_energy_hartree|rate kobs (s-1)|ar2_Ar_LUMO,0.6162001723188278,0.490616055745395,2.7445629851236415,LOOCV,ln(kobs) = <nonlinear model; no closed-form linear equation>
azoarene_svr_rbf_c10_eps01_g003,ln(kobs),4,ar2_homo_hartree|ar2_gibbs_free_energy_hartree|rate kobs (s-1)|ar2_lumo_hartree,0.6162001723188278,0.490616055745395,2.7445629851236415,LOOCV,ln(kobs) = <nonlinear model; no closed-form linear equation>
azoarene_svr_rbf_c10_eps01_g003,ln(kobs),4,ar2_homo_hartree|ar2_gibbs_free_energy_hartree|rate kobs (s-1)|ar2_Ar_LUMO,0.6162001723188278,0.490616055745395,2.7445629851236415,LOOCV,ln(kobs) = <nonlinear model; no closed-form linear equation>
azoarene_svr_rbf_c10_eps01_g003,ln(kobs),4,ar2_Ar_HOMO|ar2_scf_energy_hartree|rate kobs (s-1)|ar2_lumo_hartree,0.6162045066304475,0.4905984647139222,2.744547487689869,LOOCV,ln(kobs) = <nonlinear model; no closed-form linear equation>
azoarene_svr_rbf_c10_eps01_g003,ln(kobs),4,ar2_Ar_HOMO|ar2_scf_energy_hartree|rate kobs (s-1)|ar2_Ar_LUMO,0.6162045066304475,0.4905984647139222,2.744547487689869,LOOCV,ln(kobs) = <nonlinear model; no closed-form linear equation>
azoarene_svr_rbf_c10_eps01_g003,ln(kobs),4,ar2_homo_hartree|ar2_scf_energy_hartree|rate kobs (s-1)|ar2_lumo_hartree,0.6162045066304475,0.4905984647139222,2.744547487689869,LOOCV,ln(kobs) = <nonlinear model; no closed-form linear equation>
azoarene_svr_rbf_c10_eps01_g003,ln(kobs),4,ar2_homo_hartree|ar2_scf_energy_hartree|rate kobs (s-1)|ar2_Ar_LUMO,0.6162045066304475,0.4905984647139222,2.744547487689869,LOOCV,ln(kobs) = <nonlinear model; no closed-form linear equation>
azoarene_svr_rbf_c10_eps01_g003,ln(kobs),5,ar2_Ar_HOMO|ar2_Ar_polar|ar1_bond_length_c_a|ar2_lumo_hartree|ar1_bond_length_c_e,0.6388305501683561,0.4904988916913807,2.6624184732421106,LOOCV,ln(kobs) = <nonlinear model; no closed-form linear equation>
azoarene_svr_rbf_c10_eps01_g003,ln(kobs),5,ar2_Ar_HOMO|ar2_Ar_polar|ar1_bond_length_c_a|ar2_Ar_LUMO|ar1_bond_length_c_e,0.6388305501683561,0.4904988916913807,2.6624184732421106,LOOCV,ln(kobs) = <nonlinear model; no closed-form linear equation>
azoarene_svr_rbf_c10_eps01_g003,ln(kobs),5,ar2_Ar_HOMO|ar2_isotropic_polarizability_au|ar1_bond_length_c_a|ar2_lumo_hartree|ar1_bond_length_c_e,0.6388305501683561,0.4904988916913807,2.6624184732421106,LOOCV,ln(kobs) = <nonlinear model; no closed-form linear equation>
azoarene_svr_rbf_c10_eps01_g003,ln(kobs),5,ar2_Ar_HOMO|ar2_isotropic_polarizability_au|ar1_bond_length_c_a|ar2_Ar_LUMO|ar1_bond_length_c_e,0.6388305501683561,0.4904988916913807,2.6624184732421106,LOOCV,ln(kobs) = <nonlinear model; no closed-form linear equation>
azoarene_svr_rbf_c10_eps01_g003,ln(kobs),5,ar2_homo_hartree|ar2_Ar_polar|ar1_bond_length_c_a|ar2_lumo_hartree|ar1_bond_length_c_e,0.6388305501683561,0.4904988916913807,2.6624184732421106,LOOCV,ln(kobs) = <nonlinear model; no closed-form linear equation>
azoarene_svr_rbf_c10_eps01_g003,ln(kobs),5,ar2_homo_hartree|ar2_Ar_polar|ar1_bond_length_c_a|ar2_Ar_LUMO|ar1_bond_length_c_e,0.6388305501683561,0.4904988916913807,2.6624184732421106,LOOCV,ln(kobs) = <nonlinear model; no closed-form linear equation>
azoarene_svr_rbf_c10_eps01_g003,ln(kobs),5,ar2_homo_hartree|ar2_isotropic_polarizability_au|ar1_bond_length_c_a|ar2_lumo_hartree|ar1_bond_length_c_e,0.6388305501683561,0.4904988916913807,2.6624184732421106,LOOCV,ln(kobs) = <nonlinear model; no closed-form linear equation>
azoarene_svr_rbf_c10_eps01_g003,ln(kobs),5,ar2_homo_hartree|ar2_isotropic_polarizability_au|ar1_bond_length_c_a|ar2_Ar_LUMO|ar1_bond_length_c_e,0.6388305501683561,0.4904988916913807,2.6624184732421106,LOOCV,ln(kobs) = <nonlinear model; no closed-form linear equation>
azoarene_svr_rbf_c10_eps01_g003,ln(kobs),4,ar2_Ar_HOMO|rate kobs (s-1)|ar1_bond_length_c_e|ar2_Ar_Ster_B5,0.661335743297995,0.49047206115856834,2.5781340548846066,LOOCV,ln(kobs) = <nonlinear model; no closed-form linear equation>
azoarene_svr_rbf_c10_eps01_g003,ln(kobs),4,ar2_Ar_HOMO|rate kobs (s-1)|ar1_bond_length_c_e|ar2_sterimol_B5,0.661335743297995,0.49047206115856834,2.5781340548846066,LOOCV,ln(kobs) = <nonlinear model; no closed-form linear equation>
azoarene_svr_rbf_c10_eps01_g003,ln(kobs),4,ar2_homo_hartree|rate kobs (s-1)|ar1_bond_length_c_e|ar2_Ar_Ster_B5,0.661335743297995,0.49047206115856834,2.5781340548846066,LOOCV,ln(kobs) = <nonlinear model; no closed-form linear equation>
azoarene_svr_rbf_c10_eps01_g003,ln(kobs),4,ar2_homo_hartree|rate kobs (s-1)|ar1_bond_length_c_e|ar2_sterimol_B5,0.661335743297995,0.49047206115856834,2.5781340548846066,LOOCV,ln(kobs) = <nonlinear model; no closed-form linear equation>
azoarene_svr_rbf_c10_eps01_g003,ln(kobs),4,ar2_Ar_HOMO|rate kobs (s-1)|ar1_bond_length_c_a|ar2_Ar_Ster_B5,0.6532560642053857,0.4902882532238041,2.60870668674139,LOOCV,ln(kobs) = <nonlinear model; no closed-form linear equation>
azoarene_svr_rbf_c10_eps01_g003,ln(kobs),4,ar2_Ar_HOMO|rate kobs (s-1)|ar1_bond_length_c_a|ar2_sterimol_B5,0.6532560642053857,0.4902882532238041,2.60870668674139,LOOCV,ln(kobs) = <nonlinear model; no closed-form linear equation>
azoarene_svr_rbf_c10_eps01_g003,ln(kobs),4,ar2_homo_hartree|rate kobs (s-1)|ar1_bond_length_c_a|ar2_Ar_Ster_B5,0.6532560642053857,0.4902882532238041,2.60870668674139,LOOCV,ln(kobs) = <nonlinear model; no closed-form linear equation>
azoarene_svr_rbf_c10_eps01_g003,ln(kobs),4,ar2_homo_hartree|rate kobs (s-1)|ar1_bond_length_c_a|ar2_sterimol_B5,0.6532560642053857,0.4902882532238041,2.60870668674139,LOOCV,ln(kobs) = <nonlinear model; no closed-form linear equation>
azoarene_svr_rbf_c10_eps01_g003,ln(kobs),5,ar2_Ar_HOMO|ar2_homo_hartree|rate kobs (s-1)|ar2_lumo_hartree|ar1_q_a,0.6722169145345898,0.49023288457616787,2.5363786197365963,LOOCV,ln(kobs) = <nonlinear model; no closed-form linear equation>
azoarene_svr_rbf_c10_eps01_g003,ln(kobs),5,ar2_Ar_HOMO|ar2_homo_hartree|rate kobs (s-1)|ar2_Ar_LUMO|ar1_q_a,0.6722169145345898,0.49023288457616787,2.5363786197365963,LOOCV,ln(kobs) = <nonlinear model; no closed-form linear equation>
azoarene_svr_rbf_c10_eps01_g003,ln(kobs),4,ar2_Ar_HOMO|ar2_homo_hartree|ar2_Ar_polar|ar1_q_a,0.6165632200984168,0.4901555574052754,2.7432645957416466,LOOCV,ln(kobs) = <nonlinear model; no closed-form linear equation>
azoarene_svr_rbf_c10_eps01_g003,ln(kobs),4,ar2_Ar_HOMO|ar2_homo_hartree|ar2_isotropic_polarizability_au|ar1_q_a,0.6165632200984168,0.4901555574052754,2.7432645957416466,LOOCV,ln(kobs) = <nonlinear model; no closed-form linear equation>
azoarene_svr_rbf_c10_eps01_g003,ln(kobs),4,ar2_Ar_HOMO|ar2_homo_hartree|ar2_gap_hartree|ar1_bond_length_c_e,0.6213933835490157,0.48919576931305186,2.725931346867705,LOOCV,ln(kobs) = <nonlinear model; no closed-form linear equation>
azoarene_svr_rbf_c10_eps01_g003,ln(kobs),3,ar2_Ar_HOMO|rate kobs (s-1)|ar2_gap_hartree,0.6182192156109132,0.4890942981059374,2.737334349032713,LOOCV,ln(kobs) = <nonlinear model; no closed-form linear equation>
azoarene_svr_rbf_c10_eps01_g003,ln(kobs),3,ar2_homo_hartree|rate kobs (s-1)|ar2_gap_hartree,0.6182192156109132,0.4890942981059374,2.737334349032713,LOOCV,ln(kobs) = <nonlinear model; no closed-form linear equation>
azoarene_svr_rbf_c10_eps01_g003,ln(kobs),5,ar2_Ar_HOMO|ar2_Ar_polar|ar2_gibbs_free_energy_hartree|rate kobs (s-1)|ar1_bond_length_c_e,0.6642865276822061,0.4882832728388862,2.5668778310036586,LOOCV,ln(kobs) = <nonlinear model; no closed-form linear equation>
azoarene_svr_rbf_c10_eps01_g003,ln(kobs),5,ar2_Ar_HOMO|ar2_isotropic_polarizability_au|ar2_gibbs_free_energy_hartree|rate kobs (s-1)|ar1_bond_length_c_e,0.6642865276822061,0.4882832728388862,2.5668778310036586,LOOCV,ln(kobs) = <nonlinear model; no closed-form linear equation>
azoarene_svr_rbf_c10_eps01_g003,ln(kobs),5,ar2_homo_hartree|ar2_Ar_polar|ar2_gibbs_free_energy_hartree|rate kobs (s-1)|ar1_bond_length_c_e,0.6642865276822061,0.4882832728388862,2.5668778310036586,LOOCV,ln(kobs) = <nonlinear model; no closed-form linear equation>
azoarene_svr_rbf_c10_eps01_g003,ln(kobs),5,ar2_homo_hartree|ar2_isotropic_polarizability_au|ar2_gibbs_free_energy_hartree|rate kobs (s-1)|ar1_bond_length_c_e,0.6642865276822061,0.4882832728388862,2.5668778310036586,LOOCV,ln(kobs) = <nonlinear model; no closed-form linear equation>
azoarene_svr_rbf_c10_eps01_g003,ln(kobs),5,ar2_Ar_HOMO|ar2_Ar_polar|ar2_enthalpy_hartree|rate kobs (s-1)|ar1_bond_length_c_e,0.6642868636268016,0.4882807873311822,2.566876546680834,LOOCV,ln(kobs) = <nonlinear model; no closed-form linear equation>
azoarene_svr_rbf_c10_eps01_g003,ln(kobs),5,ar2_Ar_HOMO|ar2_isotropic_polarizability_au|ar2_enthalpy_hartree|rate kobs (s-1)|ar1_bond_length_c_e,0.6642868636268016,0.4882807873311822,2.566876546680834,LOOCV,ln(kobs) = <nonlinear model; no closed-form linear equation>
azoarene_svr_rbf_c10_eps01_g003,ln(kobs),5,ar2_homo_hartree|ar2_Ar_polar|ar2_enthalpy_hartree|rate kobs (s-1)|ar1_bond_length_c_e,0.6642868636268016,0.4882807873311822,2.566876546680834,LOOCV,ln(kobs) = <nonlinear model; no closed-form linear equation>
azoarene_svr_rbf_c10_eps01_g003,ln(kobs),5,ar2_homo_hartree|ar2_isotropic_polarizability_au|ar2_enthalpy_hartree|rate kobs (s-1)|ar1_bond_length_c_e,0.6642868636268016,0.4882807873311822,2.566876546680834,LOOCV,ln(kobs) = <nonlinear model; no closed-form linear equation>
azoarene_svr_rbf_c10_eps01_g003,ln(kobs),5,ar2_Ar_HOMO|ar2_Ar_polar|ar2_scf_energy_hartree|rate kobs (s-1)|ar1_bond_length_c_e,0.6642912033538597,0.4882543757069181,2.5668599557607927,LOOCV,ln(kobs) = <nonlinear model; no closed-form linear equation>
azoarene_svr_rbf_c10_eps01_g003,ln(kobs),5,ar2_Ar_HOMO|ar2_isotropic_polarizability_au|ar2_scf_energy_hartree|rate kobs (s-1)|ar1_bond_length_c_e,0.6642912033538597,0.4882543757069181,2.5668599557607927,LOOCV,ln(kobs) = <nonlinear model; no closed-form linear equation>
azoarene_svr_rbf_c10_eps01_g003,ln(kobs),5,ar2_homo_hartree|ar2_Ar_polar|ar2_scf_energy_hartree|rate kobs (s-1)|ar1_bond_length_c_e,0.6642912033538597,0.4882543757069181,2.5668599557607927,LOOCV,ln(kobs) = <nonlinear model; no closed-form linear equation>
azoarene_svr_rbf_c10_eps01_g003,ln(kobs),5,ar2_homo_hartree|ar2_isotropic_polarizability_au|ar2_scf_energy_hartree|rate kobs (s-1)|ar1_bond_length_c_e,0.6642912033538597,0.4882543757069181,2.5668599557607927,LOOCV,ln(kobs) = <nonlinear model; no closed-form linear equation>
azoarene_svr_rbf_c10_eps01_g003,ln(kobs),5,ar2_Ar_HOMO|ar2_Ar_polar|ar1_bond_length_c_a|ar2_gap_hartree|ar1_bond_length_c_e,0.6382327441389847,0.48818937354737546,2.664620973695738,LOOCV,ln(kobs) = <nonlinear model; no closed-form linear equation>
azoarene_svr_rbf_c10_eps01_g003,ln(kobs),5,ar2_Ar_HOMO|ar2_isotropic_polarizability_au|ar1_bond_length_c_a|ar2_gap_hartree|ar1_bond_length_c_e,0.6382327441389847,0.48818937354737546,2.664620973695738,LOOCV,ln(kobs) = <nonlinear model; no closed-form linear equation>
azoarene_svr_rbf_c10_eps01_g003,ln(kobs),5,ar2_homo_hartree|ar2_Ar_polar|ar1_bond_length_c_a|ar2_gap_hartree|ar1_bond_length_c_e,0.6382327441389847,0.48818937354737546,2.664620973695738,LOOCV,ln(kobs) = <nonlinear model; no closed-form linear equation>
azoarene_svr_rbf_c10_eps01_g003,ln(kobs),5,ar2_homo_hartree|ar2_isotropic_polarizability_au|ar1_bond_length_c_a|ar2_gap_hartree|ar1_bond_length_c_e,0.6382327441389847,0.48818937354737546,2.664620973695738,LOOCV,ln(kobs) = <nonlinear model; no closed-form linear equation>
azoarene_svr_rbf_c10_eps01_g003,ln(kobs),5,ar2_Ar_HOMO|ar2_homo_hartree|ar2_lumo_hartree|ar1_q_a|ar2_Ar_Ster_B5,0.6367786157322934,0.48815198834039686,2.669970843246396,LOOCV,ln(kobs) = <nonlinear model; no closed-form linear equation>
azoarene_svr_rbf_c10_eps01_g003,ln(kobs),5,ar2_Ar_HOMO|ar2_homo_hartree|ar2_lumo_hartree|ar1_q_a|ar2_sterimol_B5,0.6367786157322934,0.48815198834039686,2.669970843246396,LOOCV,ln(kobs) = <nonlinear model; no closed-form linear equation>
azoarene_svr_rbf_c10_eps01_g003,ln(kobs),5,ar2_Ar_HOMO|ar2_homo_hartree|ar2_Ar_LUMO|ar1_q_a|ar2_Ar_Ster_B5,0.6367786157322934,0.48815198834039686,2.669970843246396,LOOCV,ln(kobs) = <nonlinear model; no closed-form linear equation>
azoarene_svr_rbf_c10_eps01_g003,ln(kobs),5,ar2_Ar_HOMO|ar2_homo_hartree|ar2_Ar_LUMO|ar1_q_a|ar2_sterimol_B5,0.6367786157322934,0.48815198834039686,2.669970843246396,LOOCV,ln(kobs) = <nonlinear model; no closed-form linear equation>
azoarene_svr_rbf_c10_eps01_g003,ln(kobs),5,ar2_Ar_HOMO|ar2_homo_hartree|rate kobs (s-1)|ar1_nbo_q_a|ar1_Ar_NBO_OH,0.7038228697468489,0.4881452765548039,2.410996470326219,LOOCV,ln(kobs) = <nonlinear model; no closed-form linear equation>
azoarene_svr_rbf_c10_eps01_g003,ln(kobs),4,ar2_Ar_HOMO|ar2_homo_hartree|ar2_lumo_hartree|ar1_bond_length_c_e,0.620966832799231,0.4880682192273401,2.7274664768629275,LOOCV,ln(kobs) = <nonlinear model; no closed-form linear equation>
azoarene_svr_rbf_c10_eps01_g003,ln(kobs),4,ar2_Ar_HOMO|ar2_homo_hartree|ar2_Ar_LUMO|ar1_bond_length_c_e,0.620966832799231,0.4880682192273401,2.7274664768629275,LOOCV,ln(kobs) = <nonlinear model; no closed-form linear equation>
azoarene_svr_rbf_c10_eps01_g003,ln(kobs),3,ar2_Ar_HOMO|rate kobs (s-1)|ar1_nbo_q_a,0.6804417375696481,0.4876798417014947,2.5043547014444103,LOOCV,ln(kobs) = <nonlinear model; no closed-form linear equation>
azoarene_svr_rbf_c10_eps01_g003,ln(kobs),3,ar2_Ar_HOMO|rate kobs (s-1)|ar1_Ar_NBO_OH,0.6804417375696481,0.4876798417014947,2.5043547014444103,LOOCV,ln(kobs) = <nonlinear model; no closed-form linear equation>
azoarene_svr_rbf_c10_eps01_g003,ln(kobs),3,ar2_homo_hartree|rate kobs (s-1)|ar1_nbo_q_a,0.6804417375696481,0.4876798417014947,2.5043547014444103,LOOCV,ln(kobs) = <nonlinear model; no closed-form linear equation>
azoarene_svr_rbf_c10_eps01_g003,ln(kobs),3,ar2_homo_hartree|rate kobs (s-1)|ar1_Ar_NBO_OH,0.6804417375696481,0.4876798417014947,2.5043547014444103,LOOCV,ln(kobs) = <nonlinear model; no closed-form linear equation>
azoarene_svr_rbf_c10_eps01_g003,ln(kobs),4,ar2_Ar_HOMO|ar2_scf_energy_hartree|ar1_bond_length_c_a|ar1_nbo_q_a,0.6073628820272452,0.4876760306350978,2.775981009639464,LOOCV,ln(kobs) = <nonlinear model; no closed-form linear equation>
azoarene_svr_rbf_c10_eps01_g003,ln(kobs),4,ar2_Ar_HOMO|ar2_scf_energy_hartree|ar1_bond_length_c_a|ar1_Ar_NBO_OH,0.6073628820272452,0.4876760306350978,2.775981009639464,LOOCV,ln(kobs) = <nonlinear model; no closed-form linear equation>
azoarene_svr_rbf_c10_eps01_g003,ln(kobs),4,ar2_homo_hartree|ar2_scf_energy_hartree|ar1_bond_length_c_a|ar1_nbo_q_a,0.6073628820272452,0.4876760306350978,2.775981009639464,LOOCV,ln(kobs) = <nonlinear model; no closed-form linear equation>
azoarene_svr_rbf_c10_eps01_g003,ln(kobs),4,ar2_homo_hartree|ar2_scf_energy_hartree|ar1_bond_length_c_a|ar1_Ar_NBO_OH,0.6073628820272452,0.4876760306350978,2.775981009639464,LOOCV,ln(kobs) = <nonlinear model; no closed-form linear equation>
azoarene_svr_rbf_c10_eps01_g003,ln(kobs),4,ar2_Ar_HOMO|ar2_gibbs_free_energy_hartree|ar1_bond_length_c_a|ar1_nbo_q_a,0.6073598074324382,0.4876639291945173,2.7759918784540734,LOOCV,ln(kobs) = <nonlinear model; no closed-form linear equation>
azoarene_svr_rbf_c10_eps01_g003,ln(kobs),4,ar2_Ar_HOMO|ar2_gibbs_free_energy_hartree|ar1_bond_length_c_a|ar1_Ar_NBO_OH,0.6073598074324382,0.4876639291945173,2.7759918784540734,LOOCV,ln(kobs) = <nonlinear model; no closed-form linear equation>
azoarene_svr_rbf_c10_eps01_g003,ln(kobs),4,ar2_homo_hartree|ar2_gibbs_free_energy_hartree|ar1_bond_length_c_a|ar1_nbo_q_a,0.6073598074324382,0.4876639291945173,2.7759918784540734,LOOCV,ln(kobs) = <nonlinear model; no closed-form linear equation>
azoarene_svr_rbf_c10_eps01_g003,ln(kobs),4,ar2_homo_hartree|ar2_gibbs_free_energy_hartree|ar1_bond_length_c_a|ar1_Ar_NBO_OH,0.6073598074324382,0.4876639291945173,2.7759918784540734,LOOCV,ln(kobs) = <nonlinear model; no closed-form linear equation>
azoarene_svr_rbf_c10_eps01_g003,ln(kobs),4,ar2_Ar_HOMO|ar2_enthalpy_hartree|ar1_bond_length_c_a|ar1_nbo_q_a,0.6073598663211246,0.48764099957612894,2.7759916702806304,LOOCV,ln(kobs) = <nonlinear model; no closed-form linear equation>
azoarene_svr_rbf_c10_eps01_g003,ln(kobs),4,ar2_Ar_HOMO|ar2_enthalpy_hartree|ar1_bond_length_c_a|ar1_Ar_NBO_OH,0.6073598663211246,0.48764099957612894,2.7759916702806304,LOOCV,ln(kobs) = <nonlinear model; no closed-form linear equation>
azoarene_svr_rbf_c10_eps01_g003,ln(kobs),4,ar2_homo_hartree|ar2_enthalpy_hartree|ar1_bond_length_c_a|ar1_nbo_q_a,0.6073598663211246,0.48764099957612894,2.7759916702806304,LOOCV,ln(kobs) = <nonlinear model; no closed-form linear equation>
azoarene_svr_rbf_c10_eps01_g003,ln(kobs),4,ar2_homo_hartree|ar2_enthalpy_hartree|ar1_bond_length_c_a|ar1_Ar_NBO_OH,0.6073598663211246,0.48764099957612894,2.7759916702806304,LOOCV,ln(kobs) = <nonlinear model; no closed-form linear equation>
azoarene_svr_rbf_c10_eps01_g003,ln(kobs),5,ar2_Ar_HOMO|rate kobs (s-1)|ar2_lumo_hartree|ar2_Ar_Ster_B5|ar1_nbo_q_a,0.6948165823356256,0.48749318367529915,2.4473792879458394,LOOCV,ln(kobs) = <nonlinear model; no closed-form linear equation>
azoarene_svr_rbf_c10_eps01_g003,ln(kobs),5,ar2_Ar_HOMO|rate kobs (s-1)|ar2_lumo_hartree|ar2_Ar_Ster_B5|ar1_Ar_NBO_OH,0.6948165823356256,0.48749318367529915,2.4473792879458394,LOOCV,ln(kobs) = <nonlinear model; no closed-form linear equation>
azoarene_svr_rbf_c10_eps01_g003,ln(kobs),5,ar2_Ar_HOMO|rate kobs (s-1)|ar2_lumo_hartree|ar2_sterimol_B5|ar1_nbo_q_a,0.6948165823356256,0.48749318367529915,2.4473792879458394,LOOCV,ln(kobs) = <nonlinear model; no closed-form linear equation>
azoarene_svr_rbf_c10_eps01_g003,ln(kobs),5,ar2_Ar_HOMO|rate kobs (s-1)|ar2_lumo_hartree|ar2_sterimol_B5|ar1_Ar_NBO_OH,0.6948165823356256,0.48749318367529915,2.4473792879458394,LOOCV,ln(kobs) = <nonlinear model; no closed-form linear equation>
azoarene_svr_rbf_c10_eps01_g003,ln(kobs),5,ar2_Ar_HOMO|rate kobs (s-1)|ar2_Ar_LUMO|ar2_Ar_Ster_B5|ar1_nbo_q_a,0.6948165823356256,0.48749318367529915,2.4473792879458394,LOOCV,ln(kobs) = <nonlinear model; no closed-form linear equation>
azoarene_svr_rbf_c10_eps01_g003,ln(kobs),5,ar2_Ar_HOMO|rate kobs (s-1)|ar2_Ar_LUMO|ar2_Ar_Ster_B5|ar1_Ar_NBO_OH,0.6948165823356256,0.48749318367529915,2.4473792879458394,LOOCV,ln(kobs) = <nonlinear model; no closed-form linear equation>
azoarene_svr_rbf_c10_eps01_g003,ln(kobs),5,ar2_Ar_HOMO|rate kobs (s-1)|ar2_Ar_LUMO|ar2_sterimol_B5|ar1_nbo_q_a,0.6948165823356256,0.48749318367529915,2.4473792879458394,LOOCV,ln(kobs) = <nonlinear model; no closed-form linear equation>
azoarene_svr_rbf_c10_eps01_g003,ln(kobs),5,ar2_Ar_HOMO|rate kobs (s-1)|ar2_Ar_LUMO|ar2_sterimol_B5|ar1_Ar_NBO_OH,0.6948165823356256,0.48749318367529915,2.4473792879458394,LOOCV,ln(kobs) = <nonlinear model; no closed-form linear equation>
azoarene_svr_rbf_c10_eps01_g003,ln(kobs),5,ar2_homo_hartree|rate kobs (s-1)|ar2_lumo_hartree|ar2_Ar_Ster_B5|ar1_nbo_q_a,0.6948165823356256,0.48749318367529915,2.4473792879458394,LOOCV,ln(kobs) = <nonlinear model; no closed-form linear equation>
azoarene_svr_rbf_c10_eps01_g003,ln(kobs),5,ar2_homo_hartree|rate kobs (s-1)|ar2_lumo_hartree|ar2_Ar_Ster_B5|ar1_Ar_NBO_OH,0.6948165823356256,0.48749318367529915,2.4473792879458394,LOOCV,ln(kobs) = <nonlinear model; no closed-form linear equation>
azoarene_svr_rbf_c10_eps01_g003,ln(kobs),5,ar2_homo_hartree|rate kobs (s-1)|ar2_lumo_hartree|ar2_sterimol_B5|ar1_nbo_q_a,0.6948165823356256,0.48749318367529915,2.4473792879458394,LOOCV,ln(kobs) = <nonlinear model; no closed-form linear equation>
azoarene_svr_rbf_c10_eps01_g003,ln(kobs),5,ar2_homo_hartree|rate kobs (s-1)|ar2_lumo_hartree|ar2_sterimol_B5|ar1_Ar_NBO_OH,0.6948165823356256,0.48749318367529915,2.4473792879458394,LOOCV,ln(kobs) = <nonlinear model; no closed-form linear equation>
azoarene_svr_rbf_c10_eps01_g003,ln(kobs),5,ar2_homo_hartree|rate kobs (s-1)|ar2_Ar_LUMO|ar2_Ar_Ster_B5|ar1_nbo_q_a,0.6948165823356256,0.48749318367529915,2.4473792879458394,LOOCV,ln(kobs) = <nonlinear model; no closed-form linear equation>
azoarene_svr_rbf_c10_eps01_g003,ln(kobs),5,ar2_homo_hartree|rate kobs (s-1)|ar2_Ar_LUMO|ar2_Ar_Ster_B5|ar1_Ar_NBO_OH,0.6948165823356256,0.48749318367529915,2.4473792879458394,LOOCV,ln(kobs) = <nonlinear model; no closed-form linear equation>
azoarene_svr_rbf_c10_eps01_g003,ln(kobs),5,ar2_homo_hartree|rate kobs (s-1)|ar2_Ar_LUMO|ar2_sterimol_B5|ar1_nbo_q_a,0.6948165823356256,0.48749318367529915,2.4473792879458394,LOOCV,ln(kobs) = <nonlinear model; no closed-form linear equation>
azoarene_svr_rbf_c10_eps01_g003,ln(kobs),5,ar2_homo_hartree|rate kobs (s-1)|ar2_Ar_LUMO|ar2_sterimol_B5|ar1_Ar_NBO_OH,0.6948165823356256,0.48749318367529915,2.4473792879458394,LOOCV,ln(kobs) = <nonlinear model; no closed-form linear equation>
azoarene_svr_rbf_c10_eps01_g003,ln(kobs),5,ar2_Ar_HOMO|rate kobs (s-1)|ar2_gap_hartree|ar2_Ar_Ster_B5|ar1_nbo_q_a,0.6949086016202477,0.48749240698519347,2.4470102917014422,LOOCV,ln(kobs) = <nonlinear model; no closed-form linear equation>
azoarene_svr_rbf_c10_eps01_g003,ln(kobs),5,ar2_Ar_HOMO|rate kobs (s-1)|ar2_gap_hartree|ar2_Ar_Ster_B5|ar1_Ar_NBO_OH,0.6949086016202477,0.48749240698519347,2.4470102917014422,LOOCV,ln(kobs) = <nonlinear model; no closed-form linear equation>
azoarene_svr_rbf_c10_eps01_g003,ln(kobs),5,ar2_Ar_HOMO|rate kobs (s-1)|ar2_gap_hartree|ar2_sterimol_B5|ar1_nbo_q_a,0.6949086016202477,0.48749240698519347,2.4470102917014422,LOOCV,ln(kobs) = <nonlinear model; no closed-form linear equation>
azoarene_svr_rbf_c10_eps01_g003,ln(kobs),5,ar2_Ar_HOMO|rate kobs (s-1)|ar2_gap_hartree|ar2_sterimol_B5|ar1_Ar_NBO_OH,0.6949086016202477,0.48749240698519347,2.4470102917014422,LOOCV,ln(kobs) = <nonlinear model; no closed-form linear equation>
azoarene_svr_rbf_c10_eps01_g003,ln(kobs),5,ar2_homo_hartree|rate kobs (s-1)|ar2_gap_hartree|ar2_Ar_Ster_B5|ar1_nbo_q_a,0.6949086016202477,0.48749240698519347,2.4470102917014422,LOOCV,ln(kobs) = <nonlinear model; no closed-form linear equation>
azoarene_svr_rbf_c10_eps01_g003,ln(kobs),5,ar2_homo_hartree|rate kobs (s-1)|ar2_gap_hartree|ar2_Ar_Ster_B5|ar1_Ar_NBO_OH,0.6949086016202477,0.48749240698519347,2.4470102917014422,LOOCV,ln(kobs) = <nonlinear model; no closed-form linear equation>
azoarene_svr_rbf_c10_eps01_g003,ln(kobs),5,ar2_homo_hartree|rate kobs (s-1)|ar2_gap_hartree|ar2_sterimol_B5|ar1_nbo_q_a,0.6949086016202477,0.48749240698519347,2.4470102917014422,LOOCV,ln(kobs) = <nonlinear model; no closed-form linear equation>
azoarene_svr_rbf_c10_eps01_g003,ln(kobs),5,ar2_homo_hartree|rate kobs (s-1)|ar2_gap_hartree|ar2_sterimol_B5|ar1_Ar_NBO_OH,0.6949086016202477,0.48749240698519347,2.4470102917014422,LOOCV,ln(kobs) = <nonlinear model; no closed-form linear equation>
azoarene_svr_rbf_c10_eps01_g003,ln(kobs),4,ar2_Ar_HOMO|ar2_Ar_polar|ar2_isotropic_polarizability_au|ar1_bond_length_c_a,0.6135995597666293,0.4871510563149988,2.7538458121282865,LOOCV,ln(kobs) = <nonlinear model; no closed-form linear equation>
azoarene_svr_rbf_c10_eps01_g003,ln(kobs),4,ar2_homo_hartree|ar2_Ar_polar|ar2_isotropic_polarizability_au|ar1_bond_length_c_a,0.6135995597666293,0.4871510563149988,2.7538458121282865,LOOCV,ln(kobs) = <nonlinear model; no closed-form linear equation>
azoarene_svr_rbf_c10_eps01_g003,ln(kobs),5,ar2_Ar_HOMO|ar2_gibbs_free_energy_hartree|rate kobs (s-1)|ar1_bond_length_c_a|ar2_Ar_Ster_B5,0.6578945225045758,0.4870021568311036,2.5911993619811,LOOCV,ln(kobs) = <nonlinear model; no closed-form linear equation>
azoarene_svr_rbf_c10_eps01_g003,ln(kobs),5,ar2_Ar_HOMO|ar2_gibbs_free_energy_hartree|rate kobs (s-1)|ar1_bond_length_c_a|ar2_sterimol_B5,0.6578945225045758,0.4870021568311036,2.5911993619811,LOOCV,ln(kobs) = <nonlinear model; no closed-form linear equation>
azoarene_svr_rbf_c10_eps01_g003,ln(kobs),5,ar2_homo_hartree|ar2_gibbs_free_energy_hartree|rate kobs (s-1)|ar1_bond_length_c_a|ar2_Ar_Ster_B5,0.6578945225045758,0.4870021568311036,2.5911993619811,LOOCV,ln(kobs) = <nonlinear model; no closed-form linear equation>
azoarene_svr_rbf_c10_eps01_g003,ln(kobs),5,ar2_homo_hartree|ar2_gibbs_free_energy_hartree|rate kobs (s-1)|ar1_bond_length_c_a|ar2_sterimol_B5,0.6578945225045758,0.4870021568311036,2.5911993619811,LOOCV,ln(kobs) = <nonlinear model; no closed-form linear equation>
azoarene_svr_rbf_c10_eps01_g003,ln(kobs),5,ar2_Ar_HOMO|ar2_enthalpy_hartree|rate kobs (s-1)|ar1_bond_length_c_a|ar2_Ar_Ster_B5,0.6578954697483018,0.4870021364726106,2.5911957746386003,LOOCV,ln(kobs) = <nonlinear model; no closed-form linear equation>
azoarene_svr_rbf_c10_eps01_g003,ln(kobs),5,ar2_Ar_HOMO|ar2_enthalpy_hartree|rate kobs (s-1)|ar1_bond_length_c_a|ar2_sterimol_B5,0.6578954697483018,0.4870021364726106,2.5911957746386003,LOOCV,ln(kobs) = <nonlinear model; no closed-form linear equation>
azoarene_svr_rbf_c10_eps01_g003,ln(kobs),5,ar2_homo_hartree|ar2_enthalpy_hartree|rate kobs (s-1)|ar1_bond_length_c_a|ar2_Ar_Ster_B5,0.6578954697483018,0.4870021364726106,2.5911957746386003,LOOCV,ln(kobs) = <nonlinear model; no closed-form linear equation>
azoarene_svr_rbf_c10_eps01_g003,ln(kobs),5,ar2_homo_hartree|ar2_enthalpy_hartree|rate kobs (s-1)|ar1_bond_length_c_a|ar2_sterimol_B5,0.6578954697483018,0.4870021364726106,2.5911957746386003,LOOCV,ln(kobs) = <nonlinear model; no closed-form linear equation>
azoarene_svr_rbf_c10_eps01_g003,ln(kobs),5,ar2_Ar_HOMO|ar2_scf_energy_hartree|rate kobs (s-1)|ar1_bond_length_c_a|ar2_Ar_Ster_B5,0.6578921713804255,0.4869993437633371,2.591208265990728,LOOCV,ln(kobs) = <nonlinear model; no closed-form linear equation>
azoarene_svr_rbf_c10_eps01_g003,ln(kobs),5,ar2_Ar_HOMO|ar2_scf_energy_hartree|rate kobs (s-1)|ar1_bond_length_c_a|ar2_sterimol_B5,0.6578921713804255,0.4869993437633371,2.591208265990728,LOOCV,ln(kobs) = <nonlinear model; no closed-form linear equation>
azoarene_svr_rbf_c10_eps01_g003,ln(kobs),5,ar2_homo_hartree|ar2_scf_energy_hartree|rate kobs (s-1)|ar1_bond_length_c_a|ar2_Ar_Ster_B5,0.6578921713804255,0.4869993437633371,2.591208265990728,LOOCV,ln(kobs) = <nonlinear model; no closed-form linear equation>
azoarene_svr_rbf_c10_eps01_g003,ln(kobs),5,ar2_homo_hartree|ar2_scf_energy_hartree|rate kobs (s-1)|ar1_bond_length_c_a|ar2_sterimol_B5,0.6578921713804255,0.4869993437633371,2.591208265990728,LOOCV,ln(kobs) = <nonlinear model; no closed-form linear equation>
azoarene_svr_rbf_c10_eps01_g003,ln(kobs),5,ar2_Ar_HOMO|ar2_homo_hartree|ar2_Ar_polar|ar2_gap_hartree|ar1_q_a,0.6375075253767157,0.48690171128410453,2.667290460219108,LOOCV,ln(kobs) = <nonlinear model; no closed-form linear equation>
azoarene_svr_rbf_c10_eps01_g003,ln(kobs),5,ar2_Ar_HOMO|ar2_homo_hartree|ar2_isotropic_polarizability_au|ar2_gap_hartree|ar1_q_a,0.6375075253767157,0.48690171128410453,2.667290460219108,LOOCV,ln(kobs) = <nonlinear model; no closed-form linear equation>
azoarene_svr_rbf_c10_eps01_g003,ln(kobs),5,ar2_Ar_HOMO|ar2_homo_hartree|ar2_gap_hartree|ar1_q_a|ar2_Ar_Ster_B5,0.6370195249050226,0.4868191010582962,2.6690852577805524,LOOCV,ln(kobs) = <nonlinear model; no closed-form linear equation>
azoarene_svr_rbf_c10_eps01_g003,ln(kobs),5,ar2_Ar_HOMO|ar2_homo_hartree|ar2_gap_hartree|ar1_q_a|ar2_sterimol_B5,0.6370195249050226,0.4868191010582962,2.6690852577805524,LOOCV,ln(kobs) = <nonlinear model; no closed-form linear equation>
azoarene_svr_rbf_c10_eps01_g003,ln(kobs),5,ar2_Ar_HOMO|ar2_Ar_polar|rate kobs (s-1)|ar1_bond_length_c_a|ar2_Ar_Ster_B5,0.6677053485442153,0.4865833699252873,2.5537741681149004,LOOCV,ln(kobs) = <nonlinear model; no closed-form linear equation>
azoarene_svr_rbf_c10_eps01_g003,ln(kobs),5,ar2_Ar_HOMO|ar2_Ar_polar|rate kobs (s-1)|ar1_bond_length_c_a|ar2_sterimol_B5,0.6677053485442153,0.4865833699252873,2.5537741681149004,LOOCV,ln(kobs) = <nonlinear model; no closed-form linear equation>
azoarene_svr_rbf_c10_eps01_g003,ln(kobs),5,ar2_Ar_HOMO|ar2_isotropic_polarizability_au|rate kobs (s-1)|ar1_bond_length_c_a|ar2_Ar_Ster_B5,0.6677053485442153,0.4865833699252873,2.5537741681149004,LOOCV,ln(kobs) = <nonlinear model; no closed-form linear equation>
azoarene_svr_rbf_c10_eps01_g003,ln(kobs),5,ar2_Ar_HOMO|ar2_isotropic_polarizability_au|rate kobs (s-1)|ar1_bond_length_c_a|ar2_sterimol_B5,0.6677053485442153,0.4865833699252873,2.5537741681149004,LOOCV,ln(kobs) = <nonlinear model; no closed-form linear equation>
azoarene_svr_rbf_c10_eps01_g003,ln(kobs),5,ar2_homo_hartree|ar2_Ar_polar|rate kobs (s-1)|ar1_bond_length_c_a|ar2_Ar_Ster_B5,0.6677053485442153,0.4865833699252873,2.5537741681149004,LOOCV,ln(kobs) = <nonlinear model; no closed-form linear equation>
azoarene_svr_rbf_c10_eps01_g003,ln(kobs),5,ar2_homo_hartree|ar2_Ar_polar|rate kobs (s-1)|ar1_bond_length_c_a|ar2_sterimol_B5,0.6677053485442153,0.4865833699252873,2.5537741681149004,LOOCV,ln(kobs) = <nonlinear model; no closed-form linear equation>
azoarene_svr_rbf_c10_eps01_g003,ln(kobs),5,ar2_homo_hartree|ar2_isotropic_polarizability_au|rate kobs (s-1)|ar1_bond_length_c_a|ar2_Ar_Ster_B5,0.6677053485442153,0.4865833699252873,2.5537741681149004,LOOCV,ln(kobs) = <nonlinear model; no closed-form linear equation>
azoarene_svr_rbf_c10_eps01_g003,ln(kobs),5,ar2_homo_hartree|ar2_isotropic_polarizability_au|rate kobs (s-1)|ar1_bond_length_c_a|ar2_sterimol_B5,0.6677053485442153,0.4865833699252873,2.5537741681149004,LOOCV,ln(kobs) = <nonlinear model; no closed-form linear equation>
azoarene_svr_rbf_c10_eps01_g003,ln(kobs),4,ar2_Ar_HOMO|ar2_homo_hartree|ar2_lumo_hartree|ar2_Ar_Ster_B5,0.547549054344778,0.4862961223420237,2.9799334437757254,LOOCV,ln(kobs) = <nonlinear model; no closed-form linear equation>
azoarene_svr_rbf_c10_eps01_g003,ln(kobs),4,ar2_Ar_HOMO|ar2_homo_hartree|ar2_lumo_hartree|ar2_sterimol_B5,0.547549054344778,0.4862961223420237,2.9799334437757254,LOOCV,ln(kobs) = <nonlinear model; no closed-form linear equation>
azoarene_svr_rbf_c10_eps01_g003,ln(kobs),4,ar2_Ar_HOMO|ar2_homo_hartree|ar2_Ar_LUMO|ar2_Ar_Ster_B5,0.547549054344778,0.4862961223420237,2.9799334437757254,LOOCV,ln(kobs) = <nonlinear model; no closed-form linear equation>
azoarene_svr_rbf_c10_eps01_g003,ln(kobs),4,ar2_Ar_HOMO|ar2_homo_hartree|ar2_Ar_LUMO|ar2_sterimol_B5,0.547549054344778,0.4862961223420237,2.9799334437757254,LOOCV,ln(kobs) = <nonlinear model; no closed-form linear equation>
azoarene_svr_rbf_c10_eps01_g003,ln(kobs),4,ar2_Ar_HOMO|ar2_homo_hartree|ar2_gap_hartree|ar2_Ar_Ster_B5,0.5472803613602065,0.4859430957278851,2.9808181456197276,LOOCV,ln(kobs) = <nonlinear model; no closed-form linear equation>
azoarene_svr_rbf_c10_eps01_g003,ln(kobs),4,ar2_Ar_HOMO|ar2_homo_hartree|ar2_gap_hartree|ar2_sterimol_B5,0.5472803613602065,0.4859430957278851,2.9808181456197276,LOOCV,ln(kobs) = <nonlinear model; no closed-form linear equation>
azoarene_svr_rbf_c10_eps01_g003,ln(kobs),5,ar2_Ar_HOMO|ar2_homo_hartree|ar1_q_a|ar2_Ar_Ster_B5|ar1_nbo_q_a,0.6464007750124408,0.48583438135627266,2.634368146188219,LOOCV,ln(kobs) = <nonlinear model; no closed-form linear equation>
azoarene_svr_rbf_c10_eps01_g003,ln(kobs),5,ar2_Ar_HOMO|ar2_homo_hartree|ar1_q_a|ar2_Ar_Ster_B5|ar1_Ar_NBO_OH,0.6464007750124408,0.48583438135627266,2.634368146188219,LOOCV,ln(kobs) = <nonlinear model; no closed-form linear equation>
azoarene_svr_rbf_c10_eps01_g003,ln(kobs),5,ar2_Ar_HOMO|ar2_homo_hartree|ar1_q_a|ar2_sterimol_B5|ar1_nbo_q_a,0.6464007750124408,0.48583438135627266,2.634368146188219,LOOCV,ln(kobs) = <nonlinear model; no closed-form linear equation>
azoarene_svr_rbf_c10_eps01_g003,ln(kobs),5,ar2_Ar_HOMO|ar2_homo_hartree|ar1_q_a|ar2_sterimol_B5|ar1_Ar_NBO_OH,0.6464007750124408,0.48583438135627266,2.634368146188219,LOOCV,ln(kobs) = <nonlinear model; no closed-form linear equation>
azoarene_svr_rbf_c10_eps01_g003,ln(kobs),5,ar2_Ar_HOMO|ar2_homo_hartree|ar2_Ar_polar|ar2_lumo_hartree|ar1_q_a,0.6375801853854631,0.48553118278857776,2.6670231235506683,LOOCV,ln(kobs) = <nonlinear model; no closed-form linear equation>
azoarene_svr_rbf_c10_eps01_g003,ln(kobs),5,ar2_Ar_HOMO|ar2_homo_hartree|ar2_Ar_polar|ar2_Ar_LUMO|ar1_q_a,0.6375801853854631,0.48553118278857776,2.6670231235506683,LOOCV,ln(kobs) = <nonlinear model; no closed-form linear equation>
azoarene_svr_rbf_c10_eps01_g003,ln(kobs),5,ar2_Ar_HOMO|ar2_homo_hartree|ar2_isotropic_polarizability_au|ar2_lumo_hartree|ar1_q_a,0.6375801853854631,0.48553118278857776,2.6670231235506683,LOOCV,ln(kobs) = <nonlinear model; no closed-form linear equation>
azoarene_svr_rbf_c10_eps01_g003,ln(kobs),5,ar2_Ar_HOMO|ar2_homo_hartree|ar2_isotropic_polarizability_au|ar2_Ar_LUMO|ar1_q_a,0.6375801853854631,0.48553118278857776,2.6670231235506683,LOOCV,ln(kobs) = <nonlinear model; no closed-form linear equation>
azoarene_svr_rbf_c10_eps01_g003,ln(kobs),5,ar2_Ar_HOMO|ar2_homo_hartree|rate kobs (s-1)|ar1_bond_length_c_a|ar1_bond_length_c_e,0.678051029454956,0.4852382489725312,2.5137051478922645,LOOCV,ln(kobs) = <nonlinear model; no closed-form linear equation>
azoarene_svr_rbf_c10_eps01_g003,ln(kobs),5,ar2_Ar_HOMO|ar2_Ar_polar|rate kobs (s-1)|ar2_Ar_Ster_B5|ar1_nbo_q_a,0.6750712809854482,0.48516964130959606,2.5253109587152793,LOOCV,ln(kobs) = <nonlinear model; no closed-form linear equation>
azoarene_svr_rbf_c10_eps01_g003,ln(kobs),5,ar2_Ar_HOMO|ar2_Ar_polar|rate kobs (s-1)|ar2_Ar_Ster_B5|ar1_Ar_NBO_OH,0.6750712809854482,0.48516964130959606,2.5253109587152793,LOOCV,ln(kobs) = <nonlinear model; no closed-form linear equation>
azoarene_svr_rbf_c10_eps01_g003,ln(kobs),5,ar2_Ar_HOMO|ar2_Ar_polar|rate kobs (s-1)|ar2_sterimol_B5|ar1_nbo_q_a,0.6750712809854482,0.48516964130959606,2.5253109587152793,LOOCV,ln(kobs) = <nonlinear model; no closed-form linear equation>
azoarene_svr_rbf_c10_eps01_g003,ln(kobs),5,ar2_Ar_HOMO|ar2_Ar_polar|rate kobs (s-1)|ar2_sterimol_B5|ar1_Ar_NBO_OH,0.6750712809854482,0.48516964130959606,2.5253109587152793,LOOCV,ln(kobs) = <nonlinear model; no closed-form linear equation>
azoarene_svr_rbf_c10_eps01_g003,ln(kobs),5,ar2_Ar_HOMO|ar2_isotropic_polarizability_au|rate kobs (s-1)|ar2_Ar_Ster_B5|ar1_nbo_q_a,0.6750712809854482,0.48516964130959606,2.5253109587152793,LOOCV,ln(kobs) = <nonlinear model; no closed-form linear equation>
azoarene_svr_rbf_c10_eps01_g003,ln(kobs),5,ar2_Ar_HOMO|ar2_isotropic_polarizability_au|rate kobs (s-1)|ar2_Ar_Ster_B5|ar1_Ar_NBO_OH,0.6750712809854482,0.48516964130959606,2.5253109587152793,LOOCV,ln(kobs) = <nonlinear model; no closed-form linear equation>
azoarene_svr_rbf_c10_eps01_g003,ln(kobs),5,ar2_Ar_HOMO|ar2_isotropic_polarizability_au|rate kobs (s-1)|ar2_sterimol_B5|ar1_nbo_q_a,0.6750712809854482,0.48516964130959606,2.5253109587152793,LOOCV,ln(kobs) = <nonlinear model; no closed-form linear equation>
azoarene_svr_rbf_c10_eps01_g003,ln(kobs),5,ar2_Ar_HOMO|ar2_isotropic_polarizability_au|rate kobs (s-1)|ar2_sterimol_B5|ar1_Ar_NBO_OH,0.6750712809854482,0.48516964130959606,2.5253109587152793,LOOCV,ln(kobs) = <nonlinear model; no closed-form linear equation>
azoarene_svr_rbf_c10_eps01_g003,ln(kobs),5,ar2_homo_hartree|ar2_Ar_polar|rate kobs (s-1)|ar2_Ar_Ster_B5|ar1_nbo_q_a,0.6750712809854482,0.48516964130959606,2.5253109587152793,LOOCV,ln(kobs) = <nonlinear model; no closed-form linear equation>
azoarene_svr_rbf_c10_eps01_g003,ln(kobs),5,ar2_homo_hartree|ar2_Ar_polar|rate kobs (s-1)|ar2_Ar_Ster_B5|ar1_Ar_NBO_OH,0.6750712809854482,0.48516964130959606,2.5253109587152793,LOOCV,ln(kobs) = <nonlinear model; no closed-form linear equation>
azoarene_svr_rbf_c10_eps01_g003,ln(kobs),5,ar2_homo_hartree|ar2_Ar_polar|rate kobs (s-1)|ar2_sterimol_B5|ar1_nbo_q_a,0.6750712809854482,0.48516964130959606,2.5253109587152793,LOOCV,ln(kobs) = <nonlinear model; no closed-form linear equation>
azoarene_svr_rbf_c10_eps01_g003,ln(kobs),5,ar2_homo_hartree|ar2_Ar_polar|rate kobs (s-1)|ar2_sterimol_B5|ar1_Ar_NBO_OH,0.6750712809854482,0.48516964130959606,2.5253109587152793,LOOCV,ln(kobs) = <nonlinear model; no closed-form linear equation>
azoarene_svr_rbf_c10_eps01_g003,ln(kobs),5,ar2_homo_hartree|ar2_isotropic_polarizability_au|rate kobs (s-1)|ar2_Ar_Ster_B5|ar1_nbo_q_a,0.6750712809854482,0.48516964130959606,2.5253109587152793,LOOCV,ln(kobs) = <nonlinear model; no closed-form linear equation>
azoarene_svr_rbf_c10_eps01_g003,ln(kobs),5,ar2_homo_hartree|ar2_isotropic_polarizability_au|rate kobs (s-1)|ar2_Ar_Ster_B5|ar1_Ar_NBO_OH,0.6750712809854482,0.48516964130959606,2.5253109587152793,LOOCV,ln(kobs) = <nonlinear model; no closed-form linear equation>
azoarene_svr_rbf_c10_eps01_g003,ln(kobs),5,ar2_homo_hartree|ar2_isotropic_polarizability_au|rate kobs (s-1)|ar2_sterimol_B5|ar1_nbo_q_a,0.6750712809854482,0.48516964130959606,2.5253109587152793,LOOCV,ln(kobs) = <nonlinear model; no closed-form linear equation>
azoarene_svr_rbf_c10_eps01_g003,ln(kobs),5,ar2_homo_hartree|ar2_isotropic_polarizability_au|rate kobs (s-1)|ar2_sterimol_B5|ar1_Ar_NBO_OH,0.6750712809854482,0.48516964130959606,2.5253109587152793,LOOCV,ln(kobs) = <nonlinear model; no closed-form linear equation>
azoarene_svr_rbf_c10_eps01_g003,ln(kobs),5,ar2_Ar_HOMO|ar2_Ar_polar|ar2_lumo_hartree|ar1_q_a|ar1_nbo_q_a,0.64044313617272,0.4851324749567326,2.656468105794511,LOOCV,ln(kobs) = <nonlinear model; no closed-form linear equation>
azoarene_svr_rbf_c10_eps01_g003,ln(kobs),5,ar2_Ar_HOMO|ar2_Ar_polar|ar2_lumo_hartree|ar1_q_a|ar1_Ar_NBO_OH,0.64044313617272,0.4851324749567326,2.656468105794511,LOOCV,ln(kobs) = <nonlinear model; no closed-form linear equation>
azoarene_svr_rbf_c10_eps01_g003,ln(kobs),5,ar2_Ar_HOMO|ar2_Ar_polar|ar2_Ar_LUMO|ar1_q_a|ar1_nbo_q_a,0.64044313617272,0.4851324749567326,2.656468105794511,LOOCV,ln(kobs) = <nonlinear model; no closed-form linear equation>
azoarene_svr_rbf_c10_eps01_g003,ln(kobs),5,ar2_Ar_HOMO|ar2_Ar_polar|ar2_Ar_LUMO|ar1_q_a|ar1_Ar_NBO_OH,0.64044313617272,0.4851324749567326,2.656468105794511,LOOCV,ln(kobs) = <nonlinear model; no closed-form linear equation>
azoarene_svr_rbf_c10_eps01_g003,ln(kobs),5,ar2_Ar_HOMO|ar2_isotropic_polarizability_au|ar2_lumo_hartree|ar1_q_a|ar1_nbo_q_a,0.64044313617272,0.4851324749567326,2.656468105794511,LOOCV,ln(kobs) = <nonlinear model; no closed-form linear equation>
azoarene_svr_rbf_c10_eps01_g003,ln(kobs),5,ar2_Ar_HOMO|ar2_isotropic_polarizability_au|ar2_lumo_hartree|ar1_q_a|ar1_Ar_NBO_OH,0.64044313617272,0.4851324749567326,2.656468105794511,LOOCV,ln(kobs) = <nonlinear model; no closed-form linear equation>
azoarene_svr_rbf_c10_eps01_g003,ln(kobs),5,ar2_Ar_HOMO|ar2_isotropic_polarizability_au|ar2_Ar_LUMO|ar1_q_a|ar1_nbo_q_a,0.64044313617272,0.4851324749567326,2.656468105794511,LOOCV,ln(kobs) = <nonlinear model; no closed-form linear equation>
azoarene_svr_rbf_c10_eps01_g003,ln(kobs),5,ar2_Ar_HOMO|ar2_isotropic_polarizability_au|ar2_Ar_LUMO|ar1_q_a|ar1_Ar_NBO_OH,0.64044313617272,0.4851324749567326,2.656468105794511,LOOCV,ln(kobs) = <nonlinear model; no closed-form linear equation>
azoarene_svr_rbf_c10_eps01_g003,ln(kobs),5,ar2_homo_hartree|ar2_Ar_polar|ar2_lumo_hartree|ar1_q_a|ar1_nbo_q_a,0.64044313617272,0.4851324749567326,2.656468105794511,LOOCV,ln(kobs) = <nonlinear model; no closed-form linear equation>
azoarene_svr_rbf_c10_eps01_g003,ln(kobs),5,ar2_homo_hartree|ar2_Ar_polar|ar2_lumo_hartree|ar1_q_a|ar1_Ar_NBO_OH,0.64044313617272,0.4851324749567326,2.656468105794511,LOOCV,ln(kobs) = <nonlinear model; no closed-form linear equation>
azoarene_svr_rbf_c10_eps01_g003,ln(kobs),5,ar2_homo_hartree|ar2_Ar_polar|ar2_Ar_LUMO|ar1_q_a|ar1_nbo_q_a,0.64044313617272,0.4851324749567326,2.656468105794511,LOOCV,ln(kobs) = <nonlinear model; no closed-form linear equation>
azoarene_svr_rbf_c10_eps01_g003,ln(kobs),5,ar2_homo_hartree|ar2_Ar_polar|ar2_Ar_LUMO|ar1_q_a|ar1_Ar_NBO_OH,0.64044313617272,0.4851324749567326,2.656468105794511,LOOCV,ln(kobs) = <nonlinear model; no closed-form linear equation>
azoarene_svr_rbf_c10_eps01_g003,ln(kobs),5,ar2_homo_hartree|ar2_isotropic_polarizability_au|ar2_lumo_hartree|ar1_q_a|ar1_nbo_q_a,0.64044313617272,0.4851324749567326,2.656468105794511,LOOCV,ln(kobs) = <nonlinear model; no closed-form linear equation>
azoarene_svr_rbf_c10_eps01_g003,ln(kobs),5,ar2_homo_hartree|ar2_isotropic_polarizability_au|ar2_lumo_hartree|ar1_q_a|ar1_Ar_NBO_OH,0.64044313617272,0.4851324749567326,2.656468105794511,LOOCV,ln(kobs) = <nonlinear model; no closed-form linear equation>
azoarene_svr_rbf_c10_eps01_g003,ln(kobs),5,ar2_homo_hartree|ar2_isotropic_polarizability_au|ar2_Ar_LUMO|ar1_q_a|ar1_nbo_q_a,0.64044313617272,0.4851324749567326,2.656468105794511,LOOCV,ln(kobs) = <nonlinear model; no closed-form linear equation>
azoarene_svr_rbf_c10_eps01_g003,ln(kobs),5,ar2_homo_hartree|ar2_isotropic_polarizability_au|ar2_Ar_LUMO|ar1_q_a|ar1_Ar_NBO_OH,0.64044313617272,0.4851324749567326,2.656468105794511,LOOCV,ln(kobs) = <nonlinear model; no closed-form linear equation>
azoarene_svr_rbf_c10_eps01_g003,ln(kobs),5,ar2_Ar_HOMO|ar2_homo_hartree|rate kobs (s-1)|ar1_bond_length_c_e|ar2_Ar_Ster_B5,0.6816674830375961,0.48505143589681965,2.4995470480408213,LOOCV,ln(kobs) = <nonlinear model; no closed-form linear equation>
azoarene_svr_rbf_c10_eps01_g003,ln(kobs),5,ar2_Ar_HOMO|ar2_homo_hartree|rate kobs (s-1)|ar1_bond_length_c_e|ar2_sterimol_B5,0.6816674830375961,0.48505143589681965,2.4995470480408213,LOOCV,ln(kobs) = <nonlinear model; no closed-form linear equation>
azoarene_svr_rbf_c10_eps01_g003,ln(kobs),4,ar2_Ar_HOMO|ar2_homo_hartree|ar2_Ar_polar|rate kobs (s-1),0.6375821579518242,0.4845347006007068,2.6670158655489753,LOOCV,ln(kobs) = <nonlinear model; no closed-form linear equation>
azoarene_svr_rbf_c10_eps01_g003,ln(kobs),4,ar2_Ar_HOMO|ar2_homo_hartree|ar2_isotropic_polarizability_au|rate kobs (s-1),0.6375821579518242,0.4845347006007068,2.6670158655489753,LOOCV,ln(kobs) = <nonlinear model; no closed-form linear equation>
azoarene_svr_rbf_c10_eps01_g003,ln(kobs),4,ar2_Ar_HOMO|ar2_Ar_polar|ar2_lumo_hartree|ar1_q_a,0.6228269460876719,0.4845177212749153,2.7207656959714286,LOOCV,ln(kobs) = <nonlinear model; no closed-form linear equation>
azoarene_svr_rbf_c10_eps01_g003,ln(kobs),4,ar2_Ar_HOMO|ar2_Ar_polar|ar2_Ar_LUMO|ar1_q_a,0.6228269460876719,0.4845177212749153,2.7207656959714286,LOOCV,ln(kobs) = <nonlinear model; no closed-form linear equation>
azoarene_svr_rbf_c10_eps01_g003,ln(kobs),4,ar2_Ar_HOMO|ar2_isotropic_polarizability_au|ar2_lumo_hartree|ar1_q_a,0.6228269460876719,0.4845177212749153,2.7207656959714286,LOOCV,ln(kobs) = <nonlinear model; no closed-form linear equation>
azoarene_svr_rbf_c10_eps01_g003,ln(kobs),4,ar2_Ar_HOMO|ar2_isotropic_polarizability_au|ar2_Ar_LUMO|ar1_q_a,0.6228269460876719,0.4845177212749153,2.7207656959714286,LOOCV,ln(kobs) = <nonlinear model; no closed-form linear equation>
azoarene_svr_rbf_c10_eps01_g003,ln(kobs),4,ar2_homo_hartree|ar2_Ar_polar|ar2_lumo_hartree|ar1_q_a,0.6228269460876719,0.4845177212749153,2.7207656959714286,LOOCV,ln(kobs) = <nonlinear model; no closed-form linear equation>
azoarene_svr_rbf_c10_eps01_g003,ln(kobs),4,ar2_homo_hartree|ar2_Ar_polar|ar2_Ar_LUMO|ar1_q_a,0.6228269460876719,0.4845177212749153,2.7207656959714286,LOOCV,ln(kobs) = <nonlinear model; no closed-form linear equation>
azoarene_svr_rbf_c10_eps01_g003,ln(kobs),4,ar2_homo_hartree|ar2_isotropic_polarizability_au|ar2_lumo_hartree|ar1_q_a,0.6228269460876719,0.4845177212749153,2.7207656959714286,LOOCV,ln(kobs) = <nonlinear model; no closed-form linear equation>
azoarene_svr_rbf_c10_eps01_g003,ln(kobs),4,ar2_homo_hartree|ar2_isotropic_polarizability_au|ar2_Ar_LUMO|ar1_q_a,0.6228269460876719,0.4845177212749153,2.7207656959714286,LOOCV,ln(kobs) = <nonlinear model; no closed-form linear equation>
azoarene_svr_rbf_c10_eps01_g003,ln(kobs),5,ar2_Ar_HOMO|ar2_Ar_polar|ar2_enthalpy_hartree|ar2_lumo_hartree|ar1_bond_length_c_e,0.6363686886515776,0.48424288538739535,2.6714770661273195,LOOCV,ln(kobs) = <nonlinear model; no closed-form linear equation>
azoarene_svr_rbf_c10_eps01_g003,ln(kobs),5,ar2_Ar_HOMO|ar2_Ar_polar|ar2_enthalpy_hartree|ar2_Ar_LUMO|ar1_bond_length_c_e,0.6363686886515776,0.48424288538739535,2.6714770661273195,LOOCV,ln(kobs) = <nonlinear model; no closed-form linear equation>
azoarene_svr_rbf_c10_eps01_g003,ln(kobs),5,ar2_Ar_HOMO|ar2_isotropic_polarizability_au|ar2_enthalpy_hartree|ar2_lumo_hartree|ar1_bond_length_c_e,0.6363686886515776,0.48424288538739535,2.6714770661273195,LOOCV,ln(kobs) = <nonlinear model; no closed-form linear equation>
azoarene_svr_rbf_c10_eps01_g003,ln(kobs),5,ar2_Ar_HOMO|ar2_isotropic_polarizability_au|ar2_enthalpy_hartree|ar2_Ar_LUMO|ar1_bond_length_c_e,0.6363686886515776,0.48424288538739535,2.6714770661273195,LOOCV,ln(kobs) = <nonlinear model; no closed-form linear equation>
azoarene_svr_rbf_c10_eps01_g003,ln(kobs),5,ar2_homo_hartree|ar2_Ar_polar|ar2_enthalpy_hartree|ar2_lumo_hartree|ar1_bond_length_c_e,0.6363686886515776,0.48424288538739535,2.6714770661273195,LOOCV,ln(kobs) = <nonlinear model; no closed-form linear equation>
azoarene_svr_rbf_c10_eps01_g003,ln(kobs),5,ar2_homo_hartree|ar2_Ar_polar|ar2_enthalpy_hartree|ar2_Ar_LUMO|ar1_bond_length_c_e,0.6363686886515776,0.48424288538739535,2.6714770661273195,LOOCV,ln(kobs) = <nonlinear model; no closed-form linear equation>
azoarene_svr_rbf_c10_eps01_g003,ln(kobs),5,ar2_homo_hartree|ar2_isotropic_polarizability_au|ar2_enthalpy_hartree|ar2_lumo_hartree|ar1_bond_length_c_e,0.6363686886515776,0.48424288538739535,2.6714770661273195,LOOCV,ln(kobs) = <nonlinear model; no closed-form linear equation>
azoarene_svr_rbf_c10_eps01_g003,ln(kobs),5,ar2_homo_hartree|ar2_isotropic_polarizability_au|ar2_enthalpy_hartree|ar2_Ar_LUMO|ar1_bond_length_c_e,0.6363686886515776,0.48424288538739535,2.6714770661273195,LOOCV,ln(kobs) = <nonlinear model; no closed-form linear equation>
azoarene_svr_rbf_c10_eps01_g003,ln(kobs),5,ar2_Ar_HOMO|ar2_Ar_polar|ar2_gibbs_free_energy_hartree|ar2_lumo_hartree|ar1_bond_length_c_e,0.6363616600584048,0.48424091365618926,2.671502884358795,LOOCV,ln(kobs) = <nonlinear model; no closed-form linear equation>
azoarene_svr_rbf_c10_eps01_g003,ln(kobs),5,ar2_Ar_HOMO|ar2_Ar_polar|ar2_gibbs_free_energy_hartree|ar2_Ar_LUMO|ar1_bond_length_c_e,0.6363616600584048,0.48424091365618926,2.671502884358795,LOOCV,ln(kobs) = <nonlinear model; no closed-form linear equation>
azoarene_svr_rbf_c10_eps01_g003,ln(kobs),5,ar2_Ar_HOMO|ar2_isotropic_polarizability_au|ar2_gibbs_free_energy_hartree|ar2_lumo_hartree|ar1_bond_length_c_e,0.6363616600584048,0.48424091365618926,2.671502884358795,LOOCV,ln(kobs) = <nonlinear model; no closed-form linear equation>
azoarene_svr_rbf_c10_eps01_g003,ln(kobs),5,ar2_Ar_HOMO|ar2_isotropic_polarizability_au|ar2_gibbs_free_energy_hartree|ar2_Ar_LUMO|ar1_bond_length_c_e,0.6363616600584048,0.48424091365618926,2.671502884358795,LOOCV,ln(kobs) = <nonlinear model; no closed-form linear equation>
azoarene_svr_rbf_c10_eps01_g003,ln(kobs),5,ar2_homo_hartree|ar2_Ar_polar|ar2_gibbs_free_energy_hartree|ar2_lumo_hartree|ar1_bond_length_c_e,0.6363616600584048,0.48424091365618926,2.671502884358795,LOOCV,ln(kobs) = <nonlinear model; no closed-form linear equation>
azoarene_svr_rbf_c10_eps01_g003,ln(kobs),5,ar2_homo_hartree|ar2_Ar_polar|ar2_gibbs_free_energy_hartree|ar2_Ar_LUMO|ar1_bond_length_c_e,0.6363616600584048,0.48424091365618926,2.671502884358795,LOOCV,ln(kobs) = <nonlinear model; no closed-form linear equation>
azoarene_svr_rbf_c10_eps01_g003,ln(kobs),5,ar2_homo_hartree|ar2_isotropic_polarizability_au|ar2_gibbs_free_energy_hartree|ar2_lumo_hartree|ar1_bond_length_c_e,0.6363616600584048,0.48424091365618926,2.671502884358795,LOOCV,ln(kobs) = <nonlinear model; no closed-form linear equation>
azoarene_svr_rbf_c10_eps01_g003,ln(kobs),5,ar2_homo_hartree|ar2_isotropic_polarizability_au|ar2_gibbs_free_energy_hartree|ar2_Ar_LUMO|ar1_bond_length_c_e,0.6363616600584048,0.48424091365618926,2.671502884358795,LOOCV,ln(kobs) = <nonlinear model; no closed-form linear equation>
azoarene_svr_rbf_c10_eps01_g003,ln(kobs),5,ar2_Ar_HOMO|rate kobs (s-1)|ar1_bond_length_c_a|ar2_lumo_hartree|ar2_gap_hartree,0.6779350590658388,0.4842274808765593,2.5141578424860893,LOOCV,ln(kobs) = <nonlinear model; no closed-form linear equation>
azoarene_svr_rbf_c10_eps01_g003,ln(kobs),5,ar2_Ar_HOMO|rate kobs (s-1)|ar1_bond_length_c_a|ar2_Ar_LUMO|ar2_gap_hartree,0.6779350590658388,0.4842274808765593,2.5141578424860893,LOOCV,ln(kobs) = <nonlinear model; no closed-form linear equation>
azoarene_svr_rbf_c10_eps01_g003,ln(kobs),5,ar2_homo_hartree|rate kobs (s-1)|ar1_bond_length_c_a|ar2_lumo_hartree|ar2_gap_hartree,0.6779350590658388,0.4842274808765593,2.5141578424860893,LOOCV,ln(kobs) = <nonlinear model; no closed-form linear equation>
azoarene_svr_rbf_c10_eps01_g003,ln(kobs),5,ar2_homo_hartree|rate kobs (s-1)|ar1_bond_length_c_a|ar2_Ar_LUMO|ar2_gap_hartree,0.6779350590658388,0.4842274808765593,2.5141578424860893,LOOCV,ln(kobs) = <nonlinear model; no closed-form linear equation>
azoarene_svr_rbf_c10_eps01_g003,ln(kobs),5,ar2_Ar_HOMO|ar2_Ar_polar|ar2_scf_energy_hartree|ar2_lumo_hartree|ar1_bond_length_c_e,0.6363631542389944,0.48421801711387014,2.6714973957848227,LOOCV,ln(kobs) = <nonlinear model; no closed-form linear equation>
azoarene_svr_rbf_c10_eps01_g003,ln(kobs),5,ar2_Ar_HOMO|ar2_Ar_polar|ar2_scf_energy_hartree|ar2_Ar_LUMO|ar1_bond_length_c_e,0.6363631542389944,0.48421801711387014,2.6714973957848227,LOOCV,ln(kobs) = <nonlinear model; no closed-form linear equation>
azoarene_svr_rbf_c10_eps01_g003,ln(kobs),5,ar2_Ar_HOMO|ar2_isotropic_polarizability_au|ar2_scf_energy_hartree|ar2_lumo_hartree|ar1_bond_length_c_e,0.6363631542389944,0.48421801711387014,2.6714973957848227,LOOCV,ln(kobs) = <nonlinear model; no closed-form linear equation>
azoarene_svr_rbf_c10_eps01_g003,ln(kobs),5,ar2_Ar_HOMO|ar2_isotropic_polarizability_au|ar2_scf_energy_hartree|ar2_Ar_LUMO|ar1_bond_length_c_e,0.6363631542389944,0.48421801711387014,2.6714973957848227,LOOCV,ln(kobs) = <nonlinear model; no closed-form linear equation>
azoarene_svr_rbf_c10_eps01_g003,ln(kobs),5,ar2_homo_hartree|ar2_Ar_polar|ar2_scf_energy_hartree|ar2_lumo_hartree|ar1_bond_length_c_e,0.6363631542389944,0.48421801711387014,2.6714973957848227,LOOCV,ln(kobs) = <nonlinear model; no closed-form linear equation>
azoarene_svr_rbf_c10_eps01_g003,ln(kobs),5,ar2_homo_hartree|ar2_Ar_polar|ar2_scf_energy_hartree|ar2_Ar_LUMO|ar1_bond_length_c_e,0.6363631542389944,0.48421801711387014,2.6714973957848227,LOOCV,ln(kobs) = <nonlinear model; no closed-form linear equation>
azoarene_svr_rbf_c10_eps01_g003,ln(kobs),5,ar2_homo_hartree|ar2_isotropic_polarizability_au|ar2_scf_energy_hartree|ar2_lumo_hartree|ar1_bond_length_c_e,0.6363631542389944,0.48421801711387014,2.6714973957848227,LOOCV,ln(kobs) = <nonlinear model; no closed-form linear equation>
azoarene_svr_rbf_c10_eps01_g003,ln(kobs),5,ar2_homo_hartree|ar2_isotropic_polarizability_au|ar2_scf_energy_hartree|ar2_Ar_LUMO|ar1_bond_length_c_e,0.6363631542389944,0.48421801711387014,2.6714973957848227,LOOCV,ln(kobs) = <nonlinear model; no closed-form linear equation>
azoarene_svr_rbf_c10_eps01_g003,ln(kobs),4,ar2_Ar_HOMO|ar2_enthalpy_hartree|ar2_Ar_Ster_B5|ar1_nbo_q_a,0.6012187227228518,0.4837721668658752,2.7976165868218805,LOOCV,ln(kobs) = <nonlinear model; no closed-form linear equation>
azoarene_svr_rbf_c10_eps01_g003,ln(kobs),4,ar2_Ar_HOMO|ar2_enthalpy_hartree|ar2_Ar_Ster_B5|ar1_Ar_NBO_OH,0.6012187227228518,0.4837721668658752,2.7976165868218805,LOOCV,ln(kobs) = <nonlinear model; no closed-form linear equation>
azoarene_svr_rbf_c10_eps01_g003,ln(kobs),4,ar2_Ar_HOMO|ar2_enthalpy_hartree|ar2_sterimol_B5|ar1_nbo_q_a,0.6012187227228518,0.4837721668658752,2.7976165868218805,LOOCV,ln(kobs) = <nonlinear model; no closed-form linear equation>
azoarene_svr_rbf_c10_eps01_g003,ln(kobs),4,ar2_Ar_HOMO|ar2_enthalpy_hartree|ar2_sterimol_B5|ar1_Ar_NBO_OH,0.6012187227228518,0.4837721668658752,2.7976165868218805,LOOCV,ln(kobs) = <nonlinear model; no closed-form linear equation>
azoarene_svr_rbf_c10_eps01_g003,ln(kobs),4,ar2_homo_hartree|ar2_enthalpy_hartree|ar2_Ar_Ster_B5|ar1_nbo_q_a,0.6012187227228518,0.4837721668658752,2.7976165868218805,LOOCV,ln(kobs) = <nonlinear model; no closed-form linear equation>
azoarene_svr_rbf_c10_eps01_g003,ln(kobs),4,ar2_homo_hartree|ar2_enthalpy_hartree|ar2_Ar_Ster_B5|ar1_Ar_NBO_OH,0.6012187227228518,0.4837721668658752,2.7976165868218805,LOOCV,ln(kobs) = <nonlinear model; no closed-form linear equation>
azoarene_svr_rbf_c10_eps01_g003,ln(kobs),4,ar2_homo_hartree|ar2_enthalpy_hartree|ar2_sterimol_B5|ar1_nbo_q_a,0.6012187227228518,0.4837721668658752,2.7976165868218805,LOOCV,ln(kobs) = <nonlinear model; no closed-form linear equation>
azoarene_svr_rbf_c10_eps01_g003,ln(kobs),4,ar2_homo_hartree|ar2_enthalpy_hartree|ar2_sterimol_B5|ar1_Ar_NBO_OH,0.6012187227228518,0.4837721668658752,2.7976165868218805,LOOCV,ln(kobs) = <nonlinear model; no closed-form linear equation>
azoarene_svr_rbf_c10_eps01_g003,ln(kobs),4,ar2_Ar_HOMO|ar2_gibbs_free_energy_hartree|ar2_Ar_Ster_B5|ar1_nbo_q_a,0.6012184100257096,0.4837563354910849,2.797617683671946,LOOCV,ln(kobs) = <nonlinear model; no closed-form linear equation>
azoarene_svr_rbf_c10_eps01_g003,ln(kobs),4,ar2_Ar_HOMO|ar2_gibbs_free_energy_hartree|ar2_Ar_Ster_B5|ar1_Ar_NBO_OH,0.6012184100257096,0.4837563354910849,2.797617683671946,LOOCV,ln(kobs) = <nonlinear model; no closed-form linear equation>
azoarene_svr_rbf_c10_eps01_g003,ln(kobs),4,ar2_Ar_HOMO|ar2_gibbs_free_energy_hartree|ar2_sterimol_B5|ar1_nbo_q_a,0.6012184100257096,0.4837563354910849,2.797617683671946,LOOCV,ln(kobs) = <nonlinear model; no closed-form linear equation>
azoarene_svr_rbf_c10_eps01_g003,ln(kobs),4,ar2_Ar_HOMO|ar2_gibbs_free_energy_hartree|ar2_sterimol_B5|ar1_Ar_NBO_OH,0.6012184100257096,0.4837563354910849,2.797617683671946,LOOCV,ln(kobs) = <nonlinear model; no closed-form linear equation>
azoarene_svr_rbf_c10_eps01_g003,ln(kobs),4,ar2_homo_hartree|ar2_gibbs_free_energy_hartree|ar2_Ar_Ster_B5|ar1_nbo_q_a,0.6012184100257096,0.4837563354910849,2.797617683671946,LOOCV,ln(kobs) = <nonlinear model; no closed-form linear equation>
azoarene_svr_rbf_c10_eps01_g003,ln(kobs),4,ar2_homo_hartree|ar2_gibbs_free_energy_hartree|ar2_Ar_Ster_B5|ar1_Ar_NBO_OH,0.6012184100257096,0.4837563354910849,2.797617683671946,LOOCV,ln(kobs) = <nonlinear model; no closed-form linear equation>
azoarene_svr_rbf_c10_eps01_g003,ln(kobs),4,ar2_homo_hartree|ar2_gibbs_free_energy_hartree|ar2_sterimol_B5|ar1_nbo_q_a,0.6012184100257096,0.4837563354910849,2.797617683671946,LOOCV,ln(kobs) = <nonlinear model; no closed-form linear equation>
azoarene_svr_rbf_c10_eps01_g003,ln(kobs),4,ar2_homo_hartree|ar2_gibbs_free_energy_hartree|ar2_sterimol_B5|ar1_Ar_NBO_OH,0.6012184100257096,0.4837563354910849,2.797617683671946,LOOCV,ln(kobs) = <nonlinear model; no closed-form linear equation>
azoarene_svr_rbf_c10_eps01_g003,ln(kobs),4,ar2_Ar_HOMO|ar2_scf_energy_hartree|ar2_Ar_Ster_B5|ar1_nbo_q_a,0.6012252801901505,0.48370448162535506,2.7975935850465405,LOOCV,ln(kobs) = <nonlinear model; no closed-form linear equation>
azoarene_svr_rbf_c10_eps01_g003,ln(kobs),4,ar2_Ar_HOMO|ar2_scf_energy_hartree|ar2_Ar_Ster_B5|ar1_Ar_NBO_OH,0.6012252801901505,0.48370448162535506,2.7975935850465405,LOOCV,ln(kobs) = <nonlinear model; no closed-form linear equation>
azoarene_svr_rbf_c10_eps01_g003,ln(kobs),4,ar2_Ar_HOMO|ar2_scf_energy_hartree|ar2_sterimol_B5|ar1_nbo_q_a,0.6012252801901505,0.48370448162535506,2.7975935850465405,LOOCV,ln(kobs) = <nonlinear model; no closed-form linear equation>
azoarene_svr_rbf_c10_eps01_g003,ln(kobs),4,ar2_Ar_HOMO|ar2_scf_energy_hartree|ar2_sterimol_B5|ar1_Ar_NBO_OH,0.6012252801901505,0.48370448162535506,2.7975935850465405,LOOCV,ln(kobs) = <nonlinear model; no closed-form linear equation>
azoarene_svr_rbf_c10_eps01_g003,ln(kobs),4,ar2_homo_hartree|ar2_scf_energy_hartree|ar2_Ar_Ster_B5|ar1_nbo_q_a,0.6012252801901505,0.48370448162535506,2.7975935850465405,LOOCV,ln(kobs) = <nonlinear model; no closed-form linear equation>
azoarene_svr_rbf_c10_eps01_g003,ln(kobs),4,ar2_homo_hartree|ar2_scf_energy_hartree|ar2_Ar_Ster_B5|ar1_Ar_NBO_OH,0.6012252801901505,0.48370448162535506,2.7975935850465405,LOOCV,ln(kobs) = <nonlinear model; no closed-form linear equation>
azoarene_svr_rbf_c10_eps01_g003,ln(kobs),4,ar2_homo_hartree|ar2_scf_energy_hartree|ar2_sterimol_B5|ar1_nbo_q_a,0.6012252801901505,0.48370448162535506,2.7975935850465405,LOOCV,ln(kobs) = <nonlinear model; no closed-form linear equation>
azoarene_svr_rbf_c10_eps01_g003,ln(kobs),4,ar2_homo_hartree|ar2_scf_energy_hartree|ar2_sterimol_B5|ar1_Ar_NBO_OH,0.6012252801901505,0.48370448162535506,2.7975935850465405,LOOCV,ln(kobs) = <nonlinear model; no closed-form linear equation>
azoarene_svr_rbf_c10_eps01_g003,ln(kobs),3,ar2_Ar_HOMO|ar2_Ar_polar|ar2_isotropic_polarizability_au,0.5479427330641561,0.4830315017044219,2.9786367378106218,LOOCV,ln(kobs) = <nonlinear model; no closed-form linear equation>
azoarene_svr_rbf_c10_eps01_g003,ln(kobs),3,ar2_homo_hartree|ar2_Ar_polar|ar2_isotropic_polarizability_au,0.5479427330641561,0.4830315017044219,2.9786367378106218,LOOCV,ln(kobs) = <nonlinear model; no closed-form linear equation>
azoarene_svr_rbf_c10_eps01_g003,ln(kobs),3,ar2_Ar_HOMO|ar2_scf_energy_hartree|ar1_bond_length_c_e,0.5998061371846684,0.48290941661192177,2.8025671443140316,LOOCV,ln(kobs) = <nonlinear model; no closed-form linear equation>
azoarene_svr_rbf_c10_eps01_g003,ln(kobs),3,ar2_homo_hartree|ar2_scf_energy_hartree|ar1_bond_length_c_e,0.5998061371846684,0.48290941661192177,2.8025671443140316,LOOCV,ln(kobs) = <nonlinear model; no closed-form linear equation>
azoarene_svr_rbf_c10_eps01_g003,ln(kobs),3,ar2_Ar_HOMO|ar2_gibbs_free_energy_hartree|ar1_bond_length_c_e,0.5997639263302295,0.482870865757524,2.8027149422258937,LOOCV,ln(kobs) = <nonlinear model; no closed-form linear equation>
azoarene_svr_rbf_c10_eps01_g003,ln(kobs),3,ar2_homo_hartree|ar2_gibbs_free_energy_hartree|ar1_bond_length_c_e,0.5997639263302295,0.482870865757524,2.8027149422258937,LOOCV,ln(kobs) = <nonlinear model; no closed-form linear equation>
azoarene_svr_rbf_c10_eps01_g003,ln(kobs),3,ar2_Ar_HOMO|ar2_enthalpy_hartree|ar1_bond_length_c_e,0.5997859625902611,0.4828524956496085,2.8026377850061115,LOOCV,ln(kobs) = <nonlinear model; no closed-form linear equation>
azoarene_svr_rbf_c10_eps01_g003,ln(kobs),3,ar2_homo_hartree|ar2_enthalpy_hartree|ar1_bond_length_c_e,0.5997859625902611,0.4828524956496085,2.8026377850061115,LOOCV,ln(kobs) = <nonlinear model; no closed-form linear equation>
azoarene_svr_rbf_c10_eps01_g003,ln(kobs),4,ar2_Ar_HOMO|ar2_Ar_polar|ar2_gap_hartree|ar1_q_a,0.6225056516229708,0.4827441808783115,2.721924289968933,LOOCV,ln(kobs) = <nonlinear model; no closed-form linear equation>
azoarene_svr_rbf_c10_eps01_g003,ln(kobs),4,ar2_Ar_HOMO|ar2_isotropic_polarizability_au|ar2_gap_hartree|ar1_q_a,0.6225056516229708,0.4827441808783115,2.721924289968933,LOOCV,ln(kobs) = <nonlinear model; no closed-form linear equation>
azoarene_svr_rbf_c10_eps01_g003,ln(kobs),4,ar2_homo_hartree|ar2_Ar_polar|ar2_gap_hartree|ar1_q_a,0.6225056516229708,0.4827441808783115,2.721924289968933,LOOCV,ln(kobs) = <nonlinear model; no closed-form linear equation>
azoarene_svr_rbf_c10_eps01_g003,ln(kobs),4,ar2_homo_hartree|ar2_isotropic_polarizability_au|ar2_gap_hartree|ar1_q_a,0.6225056516229708,0.4827441808783115,2.721924289968933,LOOCV,ln(kobs) = <nonlinear model; no closed-form linear equation>
azoarene_svr_rbf_c10_eps01_g003,ln(kobs),4,ar2_Ar_HOMO|ar2_Ar_polar|ar2_gibbs_free_energy_hartree|ar1_bond_length_c_e,0.5993677205523449,0.48272564700643317,2.8041018451631747,LOOCV,ln(kobs) = <nonlinear model; no closed-form linear equation>
azoarene_svr_rbf_c10_eps01_g003,ln(kobs),4,ar2_Ar_HOMO|ar2_isotropic_polarizability_au|ar2_gibbs_free_energy_hartree|ar1_bond_length_c_e,0.5993677205523449,0.48272564700643317,2.8041018451631747,LOOCV,ln(kobs) = <nonlinear model; no closed-form linear equation>
azoarene_svr_rbf_c10_eps01_g003,ln(kobs),4,ar2_homo_hartree|ar2_Ar_polar|ar2_gibbs_free_energy_hartree|ar1_bond_length_c_e,0.5993677205523449,0.48272564700643317,2.8041018451631747,LOOCV,ln(kobs) = <nonlinear model; no closed-form linear equation>
azoarene_svr_rbf_c10_eps01_g003,ln(kobs),4,ar2_homo_hartree|ar2_isotropic_polarizability_au|ar2_gibbs_free_energy_hartree|ar1_bond_length_c_e,0.5993677205523449,0.48272564700643317,2.8041018451631747,LOOCV,ln(kobs) = <nonlinear model; no closed-form linear equation>
azoarene_svr_rbf_c10_eps01_g003,ln(kobs),4,ar2_Ar_HOMO|ar2_Ar_polar|ar2_enthalpy_hartree|ar1_bond_length_c_e,0.59936831858422,0.4827221943139046,2.8040997522927342,LOOCV,ln(kobs) = <nonlinear model; no closed-form linear equation>
azoarene_svr_rbf_c10_eps01_g003,ln(kobs),4,ar2_Ar_HOMO|ar2_isotropic_polarizability_au|ar2_enthalpy_hartree|ar1_bond_length_c_e,0.59936831858422,0.4827221943139046,2.8040997522927342,LOOCV,ln(kobs) = <nonlinear model; no closed-form linear equation>
azoarene_svr_rbf_c10_eps01_g003,ln(kobs),4,ar2_homo_hartree|ar2_Ar_polar|ar2_enthalpy_hartree|ar1_bond_length_c_e,0.59936831858422,0.4827221943139046,2.8040997522927342,LOOCV,ln(kobs) = <nonlinear model; no closed-form linear equation>
azoarene_svr_rbf_c10_eps01_g003,ln(kobs),4,ar2_homo_hartree|ar2_isotropic_polarizability_au|ar2_enthalpy_hartree|ar1_bond_length_c_e,0.59936831858422,0.4827221943139046,2.8040997522927342,LOOCV,ln(kobs) = <nonlinear model; no closed-form linear equation>
azoarene_svr_rbf_c10_eps01_g003,ln(kobs),4,ar2_Ar_HOMO|ar2_Ar_polar|ar2_scf_energy_hartree|ar1_bond_length_c_e,0.5993757042110462,0.4827090101061863,2.8040739054479107,LOOCV,ln(kobs) = <nonlinear model; no closed-form linear equation>
azoarene_svr_rbf_c10_eps01_g003,ln(kobs),4,ar2_Ar_HOMO|ar2_isotropic_polarizability_au|ar2_scf_energy_hartree|ar1_bond_length_c_e,0.5993757042110462,0.4827090101061863,2.8040739054479107,LOOCV,ln(kobs) = <nonlinear model; no closed-form linear equation>
azoarene_svr_rbf_c10_eps01_g003,ln(kobs),4,ar2_homo_hartree|ar2_Ar_polar|ar2_scf_energy_hartree|ar1_bond_length_c_e,0.5993757042110462,0.4827090101061863,2.8040739054479107,LOOCV,ln(kobs) = <nonlinear model; no closed-form linear equation>
azoarene_svr_rbf_c10_eps01_g003,ln(kobs),4,ar2_homo_hartree|ar2_isotropic_polarizability_au|ar2_scf_energy_hartree|ar1_bond_length_c_e,0.5993757042110462,0.4827090101061863,2.8040739054479107,LOOCV,ln(kobs) = <nonlinear model; no closed-form linear equation>
azoarene_svr_rbf_c10_eps01_g003,ln(kobs),4,ar2_Ar_HOMO|ar1_bond_length_c_a|ar2_Ar_Ster_B5|ar1_nbo_q_a,0.6137443541180773,0.4826409612248841,2.753329794755461,LOOCV,ln(kobs) = <nonlinear model; no closed-form linear equation>
azoarene_svr_rbf_c10_eps01_g003,ln(kobs),4,ar2_Ar_HOMO|ar1_bond_length_c_a|ar2_Ar_Ster_B5|ar1_Ar_NBO_OH,0.6137443541180773,0.4826409612248841,2.753329794755461,LOOCV,ln(kobs) = <nonlinear model; no closed-form linear equation>
azoarene_svr_rbf_c10_eps01_g003,ln(kobs),4,ar2_Ar_HOMO|ar1_bond_length_c_a|ar2_sterimol_B5|ar1_nbo_q_a,0.6137443541180773,0.4826409612248841,2.753329794755461,LOOCV,ln(kobs) = <nonlinear model; no closed-form linear equation>
azoarene_svr_rbf_c10_eps01_g003,ln(kobs),4,ar2_Ar_HOMO|ar1_bond_length_c_a|ar2_sterimol_B5|ar1_Ar_NBO_OH,0.6137443541180773,0.4826409612248841,2.753329794755461,LOOCV,ln(kobs) = <nonlinear model; no closed-form linear equation>
azoarene_svr_rbf_c10_eps01_g003,ln(kobs),4,ar2_homo_hartree|ar1_bond_length_c_a|ar2_Ar_Ster_B5|ar1_nbo_q_a,0.6137443541180773,0.4826409612248841,2.753329794755461,LOOCV,ln(kobs) = <nonlinear model; no closed-form linear equation>
azoarene_svr_rbf_c10_eps01_g003,ln(kobs),4,ar2_homo_hartree|ar1_bond_length_c_a|ar2_Ar_Ster_B5|ar1_Ar_NBO_OH,0.6137443541180773,0.4826409612248841,2.753329794755461,LOOCV,ln(kobs) = <nonlinear model; no closed-form linear equation>
azoarene_svr_rbf_c10_eps01_g003,ln(kobs),4,ar2_homo_hartree|ar1_bond_length_c_a|ar2_sterimol_B5|ar1_nbo_q_a,0.6137443541180773,0.4826409612248841,2.753329794755461,LOOCV,ln(kobs) = <nonlinear model; no closed-form linear equation>
azoarene_svr_rbf_c10_eps01_g003,ln(kobs),4,ar2_homo_hartree|ar1_bond_length_c_a|ar2_sterimol_B5|ar1_Ar_NBO_OH,0.6137443541180773,0.4826409612248841,2.753329794755461,LOOCV,ln(kobs) = <nonlinear model; no closed-form linear equation>
azoarene_svr_rbf_c10_eps01_g003,ln(kobs),3,ar2_Ar_HOMO|ar2_scf_energy_hartree|rate kobs (s-1),0.6111801493506828,0.4825818208216066,2.7624538332775117,LOOCV,ln(kobs) = <nonlinear model; no closed-form linear equation>
azoarene_svr_rbf_c10_eps01_g003,ln(kobs),3,ar2_homo_hartree|ar2_scf_energy_hartree|rate kobs (s-1),0.6111801493506828,0.4825818208216066,2.7624538332775117,LOOCV,ln(kobs) = <nonlinear model; no closed-form linear equation>
azoarene_svr_rbf_c10_eps01_g003,ln(kobs),3,ar2_Ar_HOMO|ar2_enthalpy_hartree|rate kobs (s-1),0.6111802120456219,0.48257615683116395,2.762453610562697,LOOCV,ln(kobs) = <nonlinear model; no closed-form linear equation>
azoarene_svr_rbf_c10_eps01_g003,ln(kobs),3,ar2_homo_hartree|ar2_enthalpy_hartree|rate kobs (s-1),0.6111802120456219,0.48257615683116395,2.762453610562697,LOOCV,ln(kobs) = <nonlinear model; no closed-form linear equation>
azoarene_svr_rbf_c10_eps01_g003,ln(kobs),3,ar2_Ar_HOMO|ar2_gibbs_free_energy_hartree|rate kobs (s-1),0.6111800000118525,0.4825578208881245,2.7624543637822994,LOOCV,ln(kobs) = <nonlinear model; no closed-form linear equation>
azoarene_svr_rbf_c10_eps01_g003,ln(kobs),3,ar2_homo_hartree|ar2_gibbs_free_energy_hartree|rate kobs (s-1),0.6111800000118525,0.4825578208881245,2.7624543637822994,LOOCV,ln(kobs) = <nonlinear model; no closed-form linear equation>
azoarene_svr_rbf_c10_eps01_g003,ln(kobs),5,ar2_Ar_HOMO|ar2_Ar_polar|ar2_isotropic_polarizability_au|rate kobs (s-1)|ar1_nbo_q_a,0.6834834878618243,0.48229255972922735,2.492407215455354,LOOCV,ln(kobs) = <nonlinear model; no closed-form linear equation>
azoarene_svr_rbf_c10_eps01_g003,ln(kobs),5,ar2_Ar_HOMO|ar2_Ar_polar|ar2_isotropic_polarizability_au|rate kobs (s-1)|ar1_Ar_NBO_OH,0.6834834878618243,0.48229255972922735,2.492407215455354,LOOCV,ln(kobs) = <nonlinear model; no closed-form linear equation>
azoarene_svr_rbf_c10_eps01_g003,ln(kobs),5,ar2_homo_hartree|ar2_Ar_polar|ar2_isotropic_polarizability_au|rate kobs (s-1)|ar1_nbo_q_a,0.6834834878618243,0.48229255972922735,2.492407215455354,LOOCV,ln(kobs) = <nonlinear model; no closed-form linear equation>
azoarene_svr_rbf_c10_eps01_g003,ln(kobs),5,ar2_homo_hartree|ar2_Ar_polar|ar2_isotropic_polarizability_au|rate kobs (s-1)|ar1_Ar_NBO_OH,0.6834834878618243,0.48229255972922735,2.492407215455354,LOOCV,ln(kobs) = <nonlinear model; no closed-form linear equation>
azoarene_svr_rbf_c10_eps01_g003,ln(kobs),5,ar2_Ar_HOMO|ar2_Ar_polar|ar2_enthalpy_hartree|ar2_gap_hartree|ar1_bond_length_c_e,0.636229184556151,0.4821580539248953,2.6719894618461564,LOOCV,ln(kobs) = <nonlinear model; no closed-form linear equation>
azoarene_svr_rbf_c10_eps01_g003,ln(kobs),5,ar2_Ar_HOMO|ar2_isotropic_polarizability_au|ar2_enthalpy_hartree|ar2_gap_hartree|ar1_bond_length_c_e,0.636229184556151,0.4821580539248953,2.6719894618461564,LOOCV,ln(kobs) = <nonlinear model; no closed-form linear equation>
azoarene_svr_rbf_c10_eps01_g003,ln(kobs),5,ar2_homo_hartree|ar2_Ar_polar|ar2_enthalpy_hartree|ar2_gap_hartree|ar1_bond_length_c_e,0.636229184556151,0.4821580539248953,2.6719894618461564,LOOCV,ln(kobs) = <nonlinear model; no closed-form linear equation>
azoarene_svr_rbf_c10_eps01_g003,ln(kobs),5,ar2_homo_hartree|ar2_isotropic_polarizability_au|ar2_enthalpy_hartree|ar2_gap_hartree|ar1_bond_length_c_e,0.636229184556151,0.4821580539248953,2.6719894618461564,LOOCV,ln(kobs) = <nonlinear model; no closed-form linear equation>
azoarene_svr_rbf_c10_eps01_g003,ln(kobs),5,ar2_Ar_HOMO|ar2_Ar_polar|ar2_gibbs_free_energy_hartree|ar2_gap_hartree|ar1_bond_length_c_e,0.6362428681401842,0.48214291096214335,2.6719392066653898,LOOCV,ln(kobs) = <nonlinear model; no closed-form linear equation>
azoarene_svr_rbf_c10_eps01_g003,ln(kobs),5,ar2_Ar_HOMO|ar2_isotropic_polarizability_au|ar2_gibbs_free_energy_hartree|ar2_gap_hartree|ar1_bond_length_c_e,0.6362428681401842,0.48214291096214335,2.6719392066653898,LOOCV,ln(kobs) = <nonlinear model; no closed-form linear equation>
azoarene_svr_rbf_c10_eps01_g003,ln(kobs),5,ar2_homo_hartree|ar2_Ar_polar|ar2_gibbs_free_energy_hartree|ar2_gap_hartree|ar1_bond_length_c_e,0.6362428681401842,0.48214291096214335,2.6719392066653898,LOOCV,ln(kobs) = <nonlinear model; no closed-form linear equation>
azoarene_svr_rbf_c10_eps01_g003,ln(kobs),5,ar2_homo_hartree|ar2_isotropic_polarizability_au|ar2_gibbs_free_energy_hartree|ar2_gap_hartree|ar1_bond_length_c_e,0.6362428681401842,0.48214291096214335,2.6719392066653898,LOOCV,ln(kobs) = <nonlinear model; no closed-form linear equation>
azoarene_svr_rbf_c10_eps01_g003,ln(kobs),5,ar2_Ar_HOMO|ar2_Ar_polar|ar2_scf_energy_hartree|ar2_gap_hartree|ar1_bond_length_c_e,0.6362441459465465,0.4821168264110356,2.671934513666108,LOOCV,ln(kobs) = <nonlinear model; no closed-form linear equation>
azoarene_svr_rbf_c10_eps01_g003,ln(kobs),5,ar2_Ar_HOMO|ar2_isotropic_polarizability_au|ar2_scf_energy_hartree|ar2_gap_hartree|ar1_bond_length_c_e,0.6362441459465465,0.4821168264110356,2.671934513666108,LOOCV,ln(kobs) = <nonlinear model; no closed-form linear equation>
azoarene_svr_rbf_c10_eps01_g003,ln(kobs),5,ar2_homo_hartree|ar2_Ar_polar|ar2_scf_energy_hartree|ar2_gap_hartree|ar1_bond_length_c_e,0.6362441459465465,0.4821168264110356,2.671934513666108,LOOCV,ln(kobs) = <nonlinear model; no closed-form linear equation>
azoarene_svr_rbf_c10_eps01_g003,ln(kobs),5,ar2_homo_hartree|ar2_isotropic_polarizability_au|ar2_scf_energy_hartree|ar2_gap_hartree|ar1_bond_length_c_e,0.6362441459465465,0.4821168264110356,2.671934513666108,LOOCV,ln(kobs) = <nonlinear model; no closed-form linear equation>
azoarene_svr_rbf_c10_eps01_g003,ln(kobs),3,ar2_Ar_HOMO|ar2_scf_energy_hartree|ar2_lumo_hartree,0.5373647386020879,0.48099416643032666,3.013284791722289,LOOCV,ln(kobs) = <nonlinear model; no closed-form linear equation>
azoarene_svr_rbf_c10_eps01_g003,ln(kobs),3,ar2_Ar_HOMO|ar2_scf_energy_hartree|ar2_Ar_LUMO,0.5373647386020879,0.48099416643032666,3.013284791722289,LOOCV,ln(kobs) = <nonlinear model; no closed-form linear equation>
azoarene_svr_rbf_c10_eps01_g003,ln(kobs),3,ar2_homo_hartree|ar2_scf_energy_hartree|ar2_lumo_hartree,0.5373647386020879,0.48099416643032666,3.013284791722289,LOOCV,ln(kobs) = <nonlinear model; no closed-form linear equation>
azoarene_svr_rbf_c10_eps01_g003,ln(kobs),3,ar2_homo_hartree|ar2_scf_energy_hartree|ar2_Ar_LUMO,0.5373647386020879,0.48099416643032666,3.013284791722289,LOOCV,ln(kobs) = <nonlinear model; no closed-form linear equation>
azoarene_svr_rbf_c10_eps01_g003,ln(kobs),3,ar2_Ar_HOMO|ar2_gibbs_free_energy_hartree|ar2_lumo_hartree,0.5373494750485399,0.480959865259565,3.0133344994059184,LOOCV,ln(kobs) = <nonlinear model; no closed-form linear equation>
azoarene_svr_rbf_c10_eps01_g003,ln(kobs),3,ar2_Ar_HOMO|ar2_gibbs_free_energy_hartree|ar2_Ar_LUMO,0.5373494750485399,0.480959865259565,3.0133344994059184,LOOCV,ln(kobs) = <nonlinear model; no closed-form linear equation>
azoarene_svr_rbf_c10_eps01_g003,ln(kobs),3,ar2_homo_hartree|ar2_gibbs_free_energy_hartree|ar2_lumo_hartree,0.5373494750485399,0.480959865259565,3.0133344994059184,LOOCV,ln(kobs) = <nonlinear model; no closed-form linear equation>
azoarene_svr_rbf_c10_eps01_g003,ln(kobs),3,ar2_homo_hartree|ar2_gibbs_free_energy_hartree|ar2_Ar_LUMO,0.5373494750485399,0.480959865259565,3.0133344994059184,LOOCV,ln(kobs) = <nonlinear model; no closed-form linear equation>
azoarene_svr_rbf_c10_eps01_g003,ln(kobs),3,ar2_Ar_HOMO|ar2_enthalpy_hartree|ar2_lumo_hartree,0.5373498130948122,0.4809443191123064,3.0133333985245554,LOOCV,ln(kobs) = <nonlinear model; no closed-form linear equation>
azoarene_svr_rbf_c10_eps01_g003,ln(kobs),3,ar2_Ar_HOMO|ar2_enthalpy_hartree|ar2_Ar_LUMO,0.5373498130948122,0.4809443191123064,3.0133333985245554,LOOCV,ln(kobs) = <nonlinear model; no closed-form linear equation>
azoarene_svr_rbf_c10_eps01_g003,ln(kobs),3,ar2_homo_hartree|ar2_enthalpy_hartree|ar2_lumo_hartree,0.5373498130948122,0.4809443191123064,3.0133333985245554,LOOCV,ln(kobs) = <nonlinear model; no closed-form linear equation>
azoarene_svr_rbf_c10_eps01_g003,ln(kobs),3,ar2_homo_hartree|ar2_enthalpy_hartree|ar2_Ar_LUMO,0.5373498130948122,0.4809443191123064,3.0133333985245554,LOOCV,ln(kobs) = <nonlinear model; no closed-form linear equation>
azoarene_svr_rbf_c10_eps01_g003,ln(kobs),5,ar2_Ar_HOMO|ar2_Ar_polar|ar2_gap_hartree|ar1_q_a|ar1_nbo_q_a,0.6401026223319822,0.4808907606334035,2.6577256956026667,LOOCV,ln(kobs) = <nonlinear model; no closed-form linear equation>
azoarene_svr_rbf_c10_eps01_g003,ln(kobs),5,ar2_Ar_HOMO|ar2_Ar_polar|ar2_gap_hartree|ar1_q_a|ar1_Ar_NBO_OH,0.6401026223319822,0.4808907606334035,2.6577256956026667,LOOCV,ln(kobs) = <nonlinear model; no closed-form linear equation>
azoarene_svr_rbf_c10_eps01_g003,ln(kobs),5,ar2_Ar_HOMO|ar2_isotropic_polarizability_au|ar2_gap_hartree|ar1_q_a|ar1_nbo_q_a,0.6401026223319822,0.4808907606334035,2.6577256956026667,LOOCV,ln(kobs) = <nonlinear model; no closed-form linear equation>
azoarene_svr_rbf_c10_eps01_g003,ln(kobs),5,ar2_Ar_HOMO|ar2_isotropic_polarizability_au|ar2_gap_hartree|ar1_q_a|ar1_Ar_NBO_OH,0.6401026223319822,0.4808907606334035,2.6577256956026667,LOOCV,ln(kobs) = <nonlinear model; no closed-form linear equation>
azoarene_svr_rbf_c10_eps01_g003,ln(kobs),5,ar2_homo_hartree|ar2_Ar_polar|ar2_gap_hartree|ar1_q_a|ar1_nbo_q_a,0.6401026223319822,0.4808907606334035,2.6577256956026667,LOOCV,ln(kobs) = <nonlinear model; no closed-form linear equation>
azoarene_svr_rbf_c10_eps01_g003,ln(kobs),5,ar2_homo_hartree|ar2_Ar_polar|ar2_gap_hartree|ar1_q_a|ar1_Ar_NBO_OH,0.6401026223319822,0.4808907606334035,2.6577256956026667,LOOCV,ln(kobs) = <nonlinear model; no closed-form linear equation>
azoarene_svr_rbf_c10_eps01_g003,ln(kobs),5,ar2_homo_hartree|ar2_isotropic_polarizability_au|ar2_gap_hartree|ar1_q_a|ar1_nbo_q_a,0.6401026223319822,0.4808907606334035,2.6577256956026667,LOOCV,ln(kobs) = <nonlinear model; no closed-form linear equation>
azoarene_svr_rbf_c10_eps01_g003,ln(kobs),5,ar2_homo_hartree|ar2_isotropic_polarizability_au|ar2_gap_hartree|ar1_q_a|ar1_Ar_NBO_OH,0.6401026223319822,0.4808907606334035,2.6577256956026667,LOOCV,ln(kobs) = <nonlinear model; no closed-form linear equation>
azoarene_svr_rbf_c10_eps01_g003,ln(kobs),4,ar2_Ar_HOMO|rate kobs (s-1)|ar1_bond_length_c_a|ar2_gap_hartree,0.6772566376509297,0.48084525072180406,2.516804453491539,LOOCV,ln(kobs) = <nonlinear model; no closed-form linear equation>
azoarene_svr_rbf_c10_eps01_g003,ln(kobs),4,ar2_homo_hartree|rate kobs (s-1)|ar1_bond_length_c_a|ar2_gap_hartree,0.6772566376509297,0.48084525072180406,2.516804453491539,LOOCV,ln(kobs) = <nonlinear model; no closed-form linear equation>
azoarene_svr_rbf_c10_eps01_g003,ln(kobs),3,ar2_Ar_HOMO|ar2_Ar_polar|ar1_bond_length_c_e,0.6177509933516429,0.4806587175884208,2.7390123907228836,LOOCV,ln(kobs) = <nonlinear model; no closed-form linear equation>
azoarene_svr_rbf_c10_eps01_g003,ln(kobs),3,ar2_Ar_HOMO|ar2_isotropic_polarizability_au|ar1_bond_length_c_e,0.6177509933516429,0.4806587175884208,2.7390123907228836,LOOCV,ln(kobs) = <nonlinear model; no closed-form linear equation>
azoarene_svr_rbf_c10_eps01_g003,ln(kobs),3,ar2_homo_hartree|ar2_Ar_polar|ar1_bond_length_c_e,0.6177509933516429,0.4806587175884208,2.7390123907228836,LOOCV,ln(kobs) = <nonlinear model; no closed-form linear equation>
azoarene_svr_rbf_c10_eps01_g003,ln(kobs),3,ar2_homo_hartree|ar2_isotropic_polarizability_au|ar1_bond_length_c_e,0.6177509933516429,0.4806587175884208,2.7390123907228836,LOOCV,ln(kobs) = <nonlinear model; no closed-form linear equation>
azoarene_svr_rbf_c10_eps01_g003,ln(kobs),5,ar2_Ar_HOMO|rate kobs (s-1)|ar1_bond_length_c_a|ar2_lumo_hartree|ar2_Ar_LUMO,0.6780513872010995,0.479723714789428,2.5137037512911653,LOOCV,ln(kobs) = <nonlinear model; no closed-form linear equation>
azoarene_svr_rbf_c10_eps01_g003,ln(kobs),5,ar2_homo_hartree|rate kobs (s-1)|ar1_bond_length_c_a|ar2_lumo_hartree|ar2_Ar_LUMO,0.6780513872010995,0.479723714789428,2.5137037512911653,LOOCV,ln(kobs) = <nonlinear model; no closed-form linear equation>
azoarene_svr_rbf_c10_eps01_g003,ln(kobs),5,ar2_Ar_HOMO|ar2_scf_energy_hartree|rate kobs (s-1)|ar1_nbo_q_a|ar1_Ar_NBO_OH,0.6774529138980315,0.4797023866026159,2.5160390402900656,LOOCV,ln(kobs) = <nonlinear model; no closed-form linear equation>
azoarene_svr_rbf_c10_eps01_g003,ln(kobs),5,ar2_homo_hartree|ar2_scf_energy_hartree|rate kobs (s-1)|ar1_nbo_q_a|ar1_Ar_NBO_OH,0.6774529138980315,0.4797023866026159,2.5160390402900656,LOOCV,ln(kobs) = <nonlinear model; no closed-form linear equation>
azoarene_svr_rbf_c10_eps01_g003,ln(kobs),5,ar2_Ar_HOMO|ar2_gibbs_free_energy_hartree|rate kobs (s-1)|ar1_nbo_q_a|ar1_Ar_NBO_OH,0.6774507021653408,0.4796681605922406,2.516047666621688,LOOCV,ln(kobs) = <nonlinear model; no closed-form linear equation>
azoarene_svr_rbf_c10_eps01_g003,ln(kobs),5,ar2_homo_hartree|ar2_gibbs_free_energy_hartree|rate kobs (s-1)|ar1_nbo_q_a|ar1_Ar_NBO_OH,0.6774507021653408,0.4796681605922406,2.516047666621688,LOOCV,ln(kobs) = <nonlinear model; no closed-form linear equation>
azoarene_svr_rbf_c10_eps01_g003,ln(kobs),5,ar2_Ar_HOMO|ar2_enthalpy_hartree|rate kobs (s-1)|ar1_nbo_q_a|ar1_Ar_NBO_OH,0.6774515034312311,0.47965202493153225,2.516044541480137,LOOCV,ln(kobs) = <nonlinear model; no closed-form linear equation>
azoarene_svr_rbf_c10_eps01_g003,ln(kobs),5,ar2_homo_hartree|ar2_enthalpy_hartree|rate kobs (s-1)|ar1_nbo_q_a|ar1_Ar_NBO_OH,0.6774515034312311,0.47965202493153225,2.516044541480137,LOOCV,ln(kobs) = <nonlinear model; no closed-form linear equation>
azoarene_svr_rbf_c10_eps01_g003,ln(kobs),3,ar2_Ar_HOMO|ar2_scf_energy_hartree|ar2_gap_hartree,0.5372471006814672,0.4792569147227467,3.0136678732291347,LOOCV,ln(kobs) = <nonlinear model; no closed-form linear equation>
azoarene_svr_rbf_c10_eps01_g003,ln(kobs),3,ar2_homo_hartree|ar2_scf_energy_hartree|ar2_gap_hartree,0.5372471006814672,0.4792569147227467,3.0136678732291347,LOOCV,ln(kobs) = <nonlinear model; no closed-form linear equation>
azoarene_svr_rbf_c10_eps01_g003,ln(kobs),3,ar2_Ar_HOMO|ar2_gibbs_free_energy_hartree|ar2_gap_hartree,0.5372489137723994,0.4792220560689394,3.013661969366346,LOOCV,ln(kobs) = <nonlinear model; no closed-form linear equation>
azoarene_svr_rbf_c10_eps01_g003,ln(kobs),3,ar2_homo_hartree|ar2_gibbs_free_energy_hartree|ar2_gap_hartree,0.5372489137723994,0.4792220560689394,3.013661969366346,LOOCV,ln(kobs) = <nonlinear model; no closed-form linear equation>
azoarene_svr_rbf_c10_eps01_g003,ln(kobs),3,ar2_Ar_HOMO|ar2_enthalpy_hartree|ar2_gap_hartree,0.5372492398171593,0.4792214968301697,3.013660907684487,LOOCV,ln(kobs) = <nonlinear model; no closed-form linear equation>
azoarene_svr_rbf_c10_eps01_g003,ln(kobs),3,ar2_homo_hartree|ar2_enthalpy_hartree|ar2_gap_hartree,0.5372492398171593,0.4792214968301697,3.013660907684487,LOOCV,ln(kobs) = <nonlinear model; no closed-form linear equation>
azoarene_svr_rbf_c10_eps01_g003,ln(kobs),4,ar2_Ar_HOMO|rate kobs (s-1)|ar1_bond_length_c_a|ar2_lumo_hartree,0.6765686792095127,0.4785020967396445,2.5194854306417205,LOOCV,ln(kobs) = <nonlinear model; no closed-form linear equation>
azoarene_svr_rbf_c10_eps01_g003,ln(kobs),4,ar2_Ar_HOMO|rate kobs (s-1)|ar1_bond_length_c_a|ar2_Ar_LUMO,0.6765686792095127,0.4785020967396445,2.5194854306417205,LOOCV,ln(kobs) = <nonlinear model; no closed-form linear equation>
azoarene_svr_rbf_c10_eps01_g003,ln(kobs),4,ar2_homo_hartree|rate kobs (s-1)|ar1_bond_length_c_a|ar2_lumo_hartree,0.6765686792095127,0.4785020967396445,2.5194854306417205,LOOCV,ln(kobs) = <nonlinear model; no closed-form linear equation>
azoarene_svr_rbf_c10_eps01_g003,ln(kobs),4,ar2_homo_hartree|rate kobs (s-1)|ar1_bond_length_c_a|ar2_Ar_LUMO,0.6765686792095127,0.4785020967396445,2.5194854306417205,LOOCV,ln(kobs) = <nonlinear model; no closed-form linear equation>
azoarene_svr_rbf_c10_eps01_g003,ln(kobs),5,ar2_Ar_HOMO|ar2_homo_hartree|rate kobs (s-1)|ar2_Ar_Ster_B5|ar1_nbo_q_a,0.6977610457414151,0.4782671174095695,2.4355442988663016,LOOCV,ln(kobs) = <nonlinear model; no closed-form linear equation>
azoarene_svr_rbf_c10_eps01_g003,ln(kobs),5,ar2_Ar_HOMO|ar2_homo_hartree|rate kobs (s-1)|ar2_Ar_Ster_B5|ar1_Ar_NBO_OH,0.6977610457414151,0.4782671174095695,2.4355442988663016,LOOCV,ln(kobs) = <nonlinear model; no closed-form linear equation>
azoarene_svr_rbf_c10_eps01_g003,ln(kobs),5,ar2_Ar_HOMO|ar2_homo_hartree|rate kobs (s-1)|ar2_sterimol_B5|ar1_nbo_q_a,0.6977610457414151,0.4782671174095695,2.4355442988663016,LOOCV,ln(kobs) = <nonlinear model; no closed-form linear equation>
azoarene_svr_rbf_c10_eps01_g003,ln(kobs),5,ar2_Ar_HOMO|ar2_homo_hartree|rate kobs (s-1)|ar2_sterimol_B5|ar1_Ar_NBO_OH,0.6977610457414151,0.4782671174095695,2.4355442988663016,LOOCV,ln(kobs) = <nonlinear model; no closed-form linear equation>
azoarene_svr_rbf_c10_eps01_g003,ln(kobs),5,ar2_Ar_HOMO|ar2_Ar_polar|ar2_gibbs_free_energy_hartree|rate kobs (s-1)|ar1_nbo_q_a,0.6716996355640551,0.47797326540213947,2.538379177666767,LOOCV,ln(kobs) = <nonlinear model; no closed-form linear equation>
azoarene_svr_rbf_c10_eps01_g003,ln(kobs),5,ar2_Ar_HOMO|ar2_Ar_polar|ar2_gibbs_free_energy_hartree|rate kobs (s-1)|ar1_Ar_NBO_OH,0.6716996355640551,0.47797326540213947,2.538379177666767,LOOCV,ln(kobs) = <nonlinear model; no closed-form linear equation>
azoarene_svr_rbf_c10_eps01_g003,ln(kobs),5,ar2_Ar_HOMO|ar2_isotropic_polarizability_au|ar2_gibbs_free_energy_hartree|rate kobs (s-1)|ar1_nbo_q_a,0.6716996355640551,0.47797326540213947,2.538379177666767,LOOCV,ln(kobs) = <nonlinear model; no closed-form linear equation>
azoarene_svr_rbf_c10_eps01_g003,ln(kobs),5,ar2_Ar_HOMO|ar2_isotropic_polarizability_au|ar2_gibbs_free_energy_hartree|rate kobs (s-1)|ar1_Ar_NBO_OH,0.6716996355640551,0.47797326540213947,2.538379177666767,LOOCV,ln(kobs) = <nonlinear model; no closed-form linear equation>
azoarene_svr_rbf_c10_eps01_g003,ln(kobs),5,ar2_homo_hartree|ar2_Ar_polar|ar2_gibbs_free_energy_hartree|rate kobs (s-1)|ar1_nbo_q_a,0.6716996355640551,0.47797326540213947,2.538379177666767,LOOCV,ln(kobs) = <nonlinear model; no closed-form linear equation>
azoarene_svr_rbf_c10_eps01_g003,ln(kobs),5,ar2_homo_hartree|ar2_Ar_polar|ar2_gibbs_free_energy_hartree|rate kobs (s-1)|ar1_Ar_NBO_OH,0.6716996355640551,0.47797326540213947,2.538379177666767,LOOCV,ln(kobs) = <nonlinear model; no closed-form linear equation>
azoarene_svr_rbf_c10_eps01_g003,ln(kobs),5,ar2_homo_hartree|ar2_isotropic_polarizability_au|ar2_gibbs_free_energy_hartree|rate kobs (s-1)|ar1_nbo_q_a,0.6716996355640551,0.47797326540213947,2.538379177666767,LOOCV,ln(kobs) = <nonlinear model; no closed-form linear equation>
azoarene_svr_rbf_c10_eps01_g003,ln(kobs),5,ar2_homo_hartree|ar2_isotropic_polarizability_au|ar2_gibbs_free_energy_hartree|rate kobs (s-1)|ar1_Ar_NBO_OH,0.6716996355640551,0.47797326540213947,2.538379177666767,LOOCV,ln(kobs) = <nonlinear model; no closed-form linear equation>
azoarene_svr_rbf_c10_eps01_g003,ln(kobs),5,ar2_Ar_HOMO|ar2_Ar_polar|ar2_enthalpy_hartree|rate kobs (s-1)|ar1_nbo_q_a,0.6717005695745883,0.47795407394231804,2.5383755668352963,LOOCV,ln(kobs) = <nonlinear model; no closed-form linear equation>
azoarene_svr_rbf_c10_eps01_g003,ln(kobs),5,ar2_Ar_HOMO|ar2_Ar_polar|ar2_enthalpy_hartree|rate kobs (s-1)|ar1_Ar_NBO_OH,0.6717005695745883,0.47795407394231804,2.5383755668352963,LOOCV,ln(kobs) = <nonlinear model; no closed-form linear equation>
azoarene_svr_rbf_c10_eps01_g003,ln(kobs),5,ar2_Ar_HOMO|ar2_isotropic_polarizability_au|ar2_enthalpy_hartree|rate kobs (s-1)|ar1_nbo_q_a,0.6717005695745883,0.47795407394231804,2.5383755668352963,LOOCV,ln(kobs) = <nonlinear model; no closed-form linear equation>
azoarene_svr_rbf_c10_eps01_g003,ln(kobs),5,ar2_Ar_HOMO|ar2_isotropic_polarizability_au|ar2_enthalpy_hartree|rate kobs (s-1)|ar1_Ar_NBO_OH,0.6717005695745883,0.47795407394231804,2.5383755668352963,LOOCV,ln(kobs) = <nonlinear model; no closed-form linear equation>
azoarene_svr_rbf_c10_eps01_g003,ln(kobs),5,ar2_homo_hartree|ar2_Ar_polar|ar2_enthalpy_hartree|rate kobs (s-1)|ar1_nbo_q_a,0.6717005695745883,0.47795407394231804,2.5383755668352963,LOOCV,ln(kobs) = <nonlinear model; no closed-form linear equation>
azoarene_svr_rbf_c10_eps01_g003,ln(kobs),5,ar2_homo_hartree|ar2_Ar_polar|ar2_enthalpy_hartree|rate kobs (s-1)|ar1_Ar_NBO_OH,0.6717005695745883,0.47795407394231804,2.5383755668352963,LOOCV,ln(kobs) = <nonlinear model; no closed-form linear equation>
azoarene_svr_rbf_c10_eps01_g003,ln(kobs),5,ar2_homo_hartree|ar2_isotropic_polarizability_au|ar2_enthalpy_hartree|rate kobs (s-1)|ar1_nbo_q_a,0.6717005695745883,0.47795407394231804,2.5383755668352963,LOOCV,ln(kobs) = <nonlinear model; no closed-form linear equation>
azoarene_svr_rbf_c10_eps01_g003,ln(kobs),5,ar2_homo_hartree|ar2_isotropic_polarizability_au|ar2_enthalpy_hartree|rate kobs (s-1)|ar1_Ar_NBO_OH,0.6717005695745883,0.47795407394231804,2.5383755668352963,LOOCV,ln(kobs) = <nonlinear model; no closed-form linear equation>
azoarene_svr_rbf_c10_eps01_g003,ln(kobs),5,ar2_Ar_HOMO|ar2_Ar_polar|ar2_scf_energy_hartree|rate kobs (s-1)|ar1_nbo_q_a,0.6716854124733844,0.4779267369101572,2.5384341626897635,LOOCV,ln(kobs) = <nonlinear model; no closed-form linear equation>
azoarene_svr_rbf_c10_eps01_g003,ln(kobs),5,ar2_Ar_HOMO|ar2_Ar_polar|ar2_scf_energy_hartree|rate kobs (s-1)|ar1_Ar_NBO_OH,0.6716854124733844,0.4779267369101572,2.5384341626897635,LOOCV,ln(kobs) = <nonlinear model; no closed-form linear equation>
azoarene_svr_rbf_c10_eps01_g003,ln(kobs),5,ar2_Ar_HOMO|ar2_isotropic_polarizability_au|ar2_scf_energy_hartree|rate kobs (s-1)|ar1_nbo_q_a,0.6716854124733844,0.4779267369101572,2.5384341626897635,LOOCV,ln(kobs) = <nonlinear model; no closed-form linear equation>
azoarene_svr_rbf_c10_eps01_g003,ln(kobs),5,ar2_Ar_HOMO|ar2_isotropic_polarizability_au|ar2_scf_energy_hartree|rate kobs (s-1)|ar1_Ar_NBO_OH,0.6716854124733844,0.4779267369101572,2.5384341626897635,LOOCV,ln(kobs) = <nonlinear model; no closed-form linear equation>
azoarene_svr_rbf_c10_eps01_g003,ln(kobs),5,ar2_homo_hartree|ar2_Ar_polar|ar2_scf_energy_hartree|rate kobs (s-1)|ar1_nbo_q_a,0.6716854124733844,0.4779267369101572,2.5384341626897635,LOOCV,ln(kobs) = <nonlinear model; no closed-form linear equation>
azoarene_svr_rbf_c10_eps01_g003,ln(kobs),5,ar2_homo_hartree|ar2_Ar_polar|ar2_scf_energy_hartree|rate kobs (s-1)|ar1_Ar_NBO_OH,0.6716854124733844,0.4779267369101572,2.5384341626897635,LOOCV,ln(kobs) = <nonlinear model; no closed-form linear equation>
azoarene_svr_rbf_c10_eps01_g003,ln(kobs),5,ar2_homo_hartree|ar2_isotropic_polarizability_au|ar2_scf_energy_hartree|rate kobs (s-1)|ar1_nbo_q_a,0.6716854124733844,0.4779267369101572,2.5384341626897635,LOOCV,ln(kobs) = <nonlinear model; no closed-form linear equation>
azoarene_svr_rbf_c10_eps01_g003,ln(kobs),5,ar2_homo_hartree|ar2_isotropic_polarizability_au|ar2_scf_energy_hartree|rate kobs (s-1)|ar1_Ar_NBO_OH,0.6716854124733844,0.4779267369101572,2.5384341626897635,LOOCV,ln(kobs) = <nonlinear model; no closed-form linear equation>
azoarene_svr_rbf_c10_eps01_g003,ln(kobs),4,ar2_Ar_HOMO|ar2_homo_hartree|ar2_Ar_polar|ar2_Ar_Ster_B5,0.5502183611094961,0.47782473059208386,2.971130143316617,LOOCV,ln(kobs) = <nonlinear model; no closed-form linear equation>
azoarene_svr_rbf_c10_eps01_g003,ln(kobs),4,ar2_Ar_HOMO|ar2_homo_hartree|ar2_Ar_polar|ar2_sterimol_B5,0.5502183611094961,0.47782473059208386,2.971130143316617,LOOCV,ln(kobs) = <nonlinear model; no closed-form linear equation>
azoarene_svr_rbf_c10_eps01_g003,ln(kobs),4,ar2_Ar_HOMO|ar2_homo_hartree|ar2_isotropic_polarizability_au|ar2_Ar_Ster_B5,0.5502183611094961,0.47782473059208386,2.971130143316617,LOOCV,ln(kobs) = <nonlinear model; no closed-form linear equation>
azoarene_svr_rbf_c10_eps01_g003,ln(kobs),4,ar2_Ar_HOMO|ar2_homo_hartree|ar2_isotropic_polarizability_au|ar2_sterimol_B5,0.5502183611094961,0.47782473059208386,2.971130143316617,LOOCV,ln(kobs) = <nonlinear model; no closed-form linear equation>
azoarene_svr_rbf_c10_eps01_g003,ln(kobs),5,ar2_Ar_HOMO|ar2_lumo_hartree|ar2_gap_hartree|ar1_bond_length_c_e|ar1_nbo_q_a,0.645982739158617,0.47782261360978573,2.6359249016415633,LOOCV,ln(kobs) = <nonlinear model; no closed-form linear equation>
azoarene_svr_rbf_c10_eps01_g003,ln(kobs),5,ar2_Ar_HOMO|ar2_lumo_hartree|ar2_gap_hartree|ar1_bond_length_c_e|ar1_Ar_NBO_OH,0.645982739158617,0.47782261360978573,2.6359249016415633,LOOCV,ln(kobs) = <nonlinear model; no closed-form linear equation>
azoarene_svr_rbf_c10_eps01_g003,ln(kobs),5,ar2_Ar_HOMO|ar2_Ar_LUMO|ar2_gap_hartree|ar1_bond_length_c_e|ar1_nbo_q_a,0.645982739158617,0.47782261360978573,2.6359249016415633,LOOCV,ln(kobs) = <nonlinear model; no closed-form linear equation>
azoarene_svr_rbf_c10_eps01_g003,ln(kobs),5,ar2_Ar_HOMO|ar2_Ar_LUMO|ar2_gap_hartree|ar1_bond_length_c_e|ar1_Ar_NBO_OH,0.645982739158617,0.47782261360978573,2.6359249016415633,LOOCV,ln(kobs) = <nonlinear model; no closed-form linear equation>
azoarene_svr_rbf_c10_eps01_g003,ln(kobs),5,ar2_homo_hartree|ar2_lumo_hartree|ar2_gap_hartree|ar1_bond_length_c_e|ar1_nbo_q_a,0.645982739158617,0.47782261360978573,2.6359249016415633,LOOCV,ln(kobs) = <nonlinear model; no closed-form linear equation>
azoarene_svr_rbf_c10_eps01_g003,ln(kobs),5,ar2_homo_hartree|ar2_lumo_hartree|ar2_gap_hartree|ar1_bond_length_c_e|ar1_Ar_NBO_OH,0.645982739158617,0.47782261360978573,2.6359249016415633,LOOCV,ln(kobs) = <nonlinear model; no closed-form linear equation>
azoarene_svr_rbf_c10_eps01_g003,ln(kobs),5,ar2_homo_hartree|ar2_Ar_LUMO|ar2_gap_hartree|ar1_bond_length_c_e|ar1_nbo_q_a,0.645982739158617,0.47782261360978573,2.6359249016415633,LOOCV,ln(kobs) = <nonlinear model; no closed-form linear equation>
azoarene_svr_rbf_c10_eps01_g003,ln(kobs),5,ar2_homo_hartree|ar2_Ar_LUMO|ar2_gap_hartree|ar1_bond_length_c_e|ar1_Ar_NBO_OH,0.645982739158617,0.47782261360978573,2.6359249016415633,LOOCV,ln(kobs) = <nonlinear model; no closed-form linear equation>
azoarene_svr_rbf_c10_eps01_g003,ln(kobs),5,ar2_Ar_HOMO|ar2_Ar_polar|ar2_isotropic_polarizability_au|rate kobs (s-1)|ar1_q_a,0.6560143428599001,0.4775809466648452,2.598310099813419,LOOCV,ln(kobs) = <nonlinear model; no closed-form linear equation>
azoarene_svr_rbf_c10_eps01_g003,ln(kobs),5,ar2_homo_hartree|ar2_Ar_polar|ar2_isotropic_polarizability_au|rate kobs (s-1)|ar1_q_a,0.6560143428599001,0.4775809466648452,2.598310099813419,LOOCV,ln(kobs) = <nonlinear model; no closed-form linear equation>
azoarene_svr_rbf_c10_eps01_g003,ln(kobs),4,ar2_Ar_HOMO|ar2_homo_hartree|ar2_Ar_polar|ar2_gap_hartree,0.5602336337310175,0.47757034484092653,2.9378648943155836,LOOCV,ln(kobs) = <nonlinear model; no closed-form linear equation>
azoarene_svr_rbf_c10_eps01_g003,ln(kobs),4,ar2_Ar_HOMO|ar2_homo_hartree|ar2_isotropic_polarizability_au|ar2_gap_hartree,0.5602336337310175,0.47757034484092653,2.9378648943155836,LOOCV,ln(kobs) = <nonlinear model; no closed-form linear equation>
azoarene_svr_rbf_c10_eps01_g003,ln(kobs),5,ar2_Ar_HOMO|rate kobs (s-1)|ar1_q_a|ar2_Ar_Ster_B5|ar1_nbo_q_a,0.6664443274240333,0.4774051717680313,2.558615223638636,LOOCV,ln(kobs) = <nonlinear model; no closed-form linear equation>
azoarene_svr_rbf_c10_eps01_g003,ln(kobs),5,ar2_Ar_HOMO|rate kobs (s-1)|ar1_q_a|ar2_Ar_Ster_B5|ar1_Ar_NBO_OH,0.6664443274240333,0.4774051717680313,2.558615223638636,LOOCV,ln(kobs) = <nonlinear model; no closed-form linear equation>
azoarene_svr_rbf_c10_eps01_g003,ln(kobs),5,ar2_Ar_HOMO|rate kobs (s-1)|ar1_q_a|ar2_sterimol_B5|ar1_nbo_q_a,0.6664443274240333,0.4774051717680313,2.558615223638636,LOOCV,ln(kobs) = <nonlinear model; no closed-form linear equation>
azoarene_svr_rbf_c10_eps01_g003,ln(kobs),5,ar2_Ar_HOMO|rate kobs (s-1)|ar1_q_a|ar2_sterimol_B5|ar1_Ar_NBO_OH,0.6664443274240333,0.4774051717680313,2.558615223638636,LOOCV,ln(kobs) = <nonlinear model; no closed-form linear equation>
azoarene_svr_rbf_c10_eps01_g003,ln(kobs),5,ar2_homo_hartree|rate kobs (s-1)|ar1_q_a|ar2_Ar_Ster_B5|ar1_nbo_q_a,0.6664443274240333,0.4774051717680313,2.558615223638636,LOOCV,ln(kobs) = <nonlinear model; no closed-form linear equation>
azoarene_svr_rbf_c10_eps01_g003,ln(kobs),5,ar2_homo_hartree|rate kobs (s-1)|ar1_q_a|ar2_Ar_Ster_B5|ar1_Ar_NBO_OH,0.6664443274240333,0.4774051717680313,2.558615223638636,LOOCV,ln(kobs) = <nonlinear model; no closed-form linear equation>
azoarene_svr_rbf_c10_eps01_g003,ln(kobs),5,ar2_homo_hartree|rate kobs (s-1)|ar1_q_a|ar2_sterimol_B5|ar1_nbo_q_a,0.6664443274240333,0.4774051717680313,2.558615223638636,LOOCV,ln(kobs) = <nonlinear model; no closed-form linear equation>
azoarene_svr_rbf_c10_eps01_g003,ln(kobs),5,ar2_homo_hartree|rate kobs (s-1)|ar1_q_a|ar2_sterimol_B5|ar1_Ar_NBO_OH,0.6664443274240333,0.4774051717680313,2.558615223638636,LOOCV,ln(kobs) = <nonlinear model; no closed-form linear equation>
azoarene_svr_rbf_c10_eps01_g003,ln(kobs),4,ar2_Ar_HOMO|ar2_Ar_polar|ar2_isotropic_polarizability_au|rate kobs (s-1),0.6263847353999474,0.4772307393902824,2.7079031035554193,LOOCV,ln(kobs) = <nonlinear model; no closed-form linear equation>
azoarene_svr_rbf_c10_eps01_g003,ln(kobs),4,ar2_homo_hartree|ar2_Ar_polar|ar2_isotropic_polarizability_au|rate kobs (s-1),0.6263847353999474,0.4772307393902824,2.7079031035554193,LOOCV,ln(kobs) = <nonlinear model; no closed-form linear equation>
azoarene_svr_rbf_c10_eps01_g003,ln(kobs),4,ar2_Ar_HOMO|ar2_homo_hartree|ar2_Ar_polar|ar2_lumo_hartree,0.5601299775314402,0.4771538022157825,2.938211112205826,LOOCV,ln(kobs) = <nonlinear model; no closed-form linear equation>
azoarene_svr_rbf_c10_eps01_g003,ln(kobs),4,ar2_Ar_HOMO|ar2_homo_hartree|ar2_Ar_polar|ar2_Ar_LUMO,0.5601299775314402,0.4771538022157825,2.938211112205826,LOOCV,ln(kobs) = <nonlinear model; no closed-form linear equation>
azoarene_svr_rbf_c10_eps01_g003,ln(kobs),4,ar2_Ar_HOMO|ar2_homo_hartree|ar2_isotropic_polarizability_au|ar2_lumo_hartree,0.5601299775314402,0.4771538022157825,2.938211112205826,LOOCV,ln(kobs) = <nonlinear model; no closed-form linear equation>
azoarene_svr_rbf_c10_eps01_g003,ln(kobs),4,ar2_Ar_HOMO|ar2_homo_hartree|ar2_isotropic_polarizability_au|ar2_Ar_LUMO,0.5601299775314402,0.4771538022157825,2.938211112205826,LOOCV,ln(kobs) = <nonlinear model; no closed-form linear equation>
azoarene_svr_rbf_c10_eps01_g003,ln(kobs),5,ar2_Ar_HOMO|ar2_lumo_hartree|ar2_Ar_LUMO|ar1_bond_length_c_e|ar1_nbo_q_a,0.6455801935151133,0.47713028872080987,2.637423103482905,LOOCV,ln(kobs) = <nonlinear model; no closed-form linear equation>
azoarene_svr_rbf_c10_eps01_g003,ln(kobs),5,ar2_Ar_HOMO|ar2_lumo_hartree|ar2_Ar_LUMO|ar1_bond_length_c_e|ar1_Ar_NBO_OH,0.6455801935151133,0.47713028872080987,2.637423103482905,LOOCV,ln(kobs) = <nonlinear model; no closed-form linear equation>
azoarene_svr_rbf_c10_eps01_g003,ln(kobs),5,ar2_homo_hartree|ar2_lumo_hartree|ar2_Ar_LUMO|ar1_bond_length_c_e|ar1_nbo_q_a,0.6455801935151133,0.47713028872080987,2.637423103482905,LOOCV,ln(kobs) = <nonlinear model; no closed-form linear equation>
azoarene_svr_rbf_c10_eps01_g003,ln(kobs),5,ar2_homo_hartree|ar2_lumo_hartree|ar2_Ar_LUMO|ar1_bond_length_c_e|ar1_Ar_NBO_OH,0.6455801935151133,0.47713028872080987,2.637423103482905,LOOCV,ln(kobs) = <nonlinear model; no closed-form linear equation>
azoarene_svr_rbf_c10_eps01_g003,ln(kobs),3,ar2_Ar_HOMO|ar1_bond_length_c_a|ar2_Ar_Ster_B5,0.5918032404818521,0.47687135466606156,2.8304506718149525,LOOCV,ln(kobs) = <nonlinear model; no closed-form linear equation>
azoarene_svr_rbf_c10_eps01_g003,ln(kobs),3,ar2_Ar_HOMO|ar1_bond_length_c_a|ar2_sterimol_B5,0.5918032404818521,0.47687135466606156,2.8304506718149525,LOOCV,ln(kobs) = <nonlinear model; no closed-form linear equation>
azoarene_svr_rbf_c10_eps01_g003,ln(kobs),3,ar2_homo_hartree|ar1_bond_length_c_a|ar2_Ar_Ster_B5,0.5918032404818521,0.47687135466606156,2.8304506718149525,LOOCV,ln(kobs) = <nonlinear model; no closed-form linear equation>
azoarene_svr_rbf_c10_eps01_g003,ln(kobs),3,ar2_homo_hartree|ar1_bond_length_c_a|ar2_sterimol_B5,0.5918032404818521,0.47687135466606156,2.8304506718149525,LOOCV,ln(kobs) = <nonlinear model; no closed-form linear equation>
azoarene_svr_rbf_c10_eps01_g003,ln(kobs),4,ar2_Ar_HOMO|ar2_Ar_polar|ar2_scf_energy_hartree|ar1_bond_length_c_a,0.5961287749839218,0.47683379278575766,2.8154140269533783,LOOCV,ln(kobs) = <nonlinear model; no closed-form linear equation>
azoarene_svr_rbf_c10_eps01_g003,ln(kobs),4,ar2_Ar_HOMO|ar2_isotropic_polarizability_au|ar2_scf_energy_hartree|ar1_bond_length_c_a,0.5961287749839218,0.47683379278575766,2.8154140269533783,LOOCV,ln(kobs) = <nonlinear model; no closed-form linear equation>
azoarene_svr_rbf_c10_eps01_g003,ln(kobs),4,ar2_homo_hartree|ar2_Ar_polar|ar2_scf_energy_hartree|ar1_bond_length_c_a,0.5961287749839218,0.47683379278575766,2.8154140269533783,LOOCV,ln(kobs) = <nonlinear model; no closed-form linear equation>
azoarene_svr_rbf_c10_eps01_g003,ln(kobs),4,ar2_homo_hartree|ar2_isotropic_polarizability_au|ar2_scf_energy_hartree|ar1_bond_length_c_a,0.5961287749839218,0.47683379278575766,2.8154140269533783,LOOCV,ln(kobs) = <nonlinear model; no closed-form linear equation>
azoarene_svr_rbf_c10_eps01_g003,ln(kobs),4,ar2_Ar_HOMO|ar2_Ar_polar|ar2_gibbs_free_energy_hartree|ar1_bond_length_c_a,0.5961330732600857,0.4768267654630174,2.8153990451244537,LOOCV,ln(kobs) = <nonlinear model; no closed-form linear equation>
azoarene_svr_rbf_c10_eps01_g003,ln(kobs),4,ar2_Ar_HOMO|ar2_isotropic_polarizability_au|ar2_gibbs_free_energy_hartree|ar1_bond_length_c_a,0.5961330732600857,0.4768267654630174,2.8153990451244537,LOOCV,ln(kobs) = <nonlinear model; no closed-form linear equation>
azoarene_svr_rbf_c10_eps01_g003,ln(kobs),4,ar2_homo_hartree|ar2_Ar_polar|ar2_gibbs_free_energy_hartree|ar1_bond_length_c_a,0.5961330732600857,0.4768267654630174,2.8153990451244537,LOOCV,ln(kobs) = <nonlinear model; no closed-form linear equation>
azoarene_svr_rbf_c10_eps01_g003,ln(kobs),4,ar2_homo_hartree|ar2_isotropic_polarizability_au|ar2_gibbs_free_energy_hartree|ar1_bond_length_c_a,0.5961330732600857,0.4768267654630174,2.8153990451244537,LOOCV,ln(kobs) = <nonlinear model; no closed-form linear equation>
azoarene_svr_rbf_c10_eps01_g003,ln(kobs),4,ar2_Ar_HOMO|ar2_Ar_polar|ar2_enthalpy_hartree|ar1_bond_length_c_a,0.5961338106922915,0.4768036744433195,2.815396474764344,LOOCV,ln(kobs) = <nonlinear model; no closed-form linear equation>
azoarene_svr_rbf_c10_eps01_g003,ln(kobs),4,ar2_Ar_HOMO|ar2_isotropic_polarizability_au|ar2_enthalpy_hartree|ar1_bond_length_c_a,0.5961338106922915,0.4768036744433195,2.815396474764344,LOOCV,ln(kobs) = <nonlinear model; no closed-form linear equation>
azoarene_svr_rbf_c10_eps01_g003,ln(kobs),4,ar2_homo_hartree|ar2_Ar_polar|ar2_enthalpy_hartree|ar1_bond_length_c_a,0.5961338106922915,0.4768036744433195,2.815396474764344,LOOCV,ln(kobs) = <nonlinear model; no closed-form linear equation>
azoarene_svr_rbf_c10_eps01_g003,ln(kobs),4,ar2_homo_hartree|ar2_isotropic_polarizability_au|ar2_enthalpy_hartree|ar1_bond_length_c_a,0.5961338106922915,0.4768036744433195,2.815396474764344,LOOCV,ln(kobs) = <nonlinear model; no closed-form linear equation>
azoarene_svr_rbf_c10_eps01_g003,ln(kobs),3,ar2_Ar_HOMO|ar2_homo_hartree|ar1_q_a,0.5866868962136748,0.4764153962580163,2.84813388939079,LOOCV,ln(kobs) = <nonlinear model; no closed-form linear equation>
azoarene_svr_rbf_c10_eps01_g003,ln(kobs),5,ar2_Ar_HOMO|ar2_scf_energy_hartree|ar2_enthalpy_hartree|rate kobs (s-1)|ar1_bond_length_c_e,0.6563504148918826,0.47621212781870736,2.597040522545191,LOOCV,ln(kobs) = <nonlinear model; no closed-form linear equation>
azoarene_svr_rbf_c10_eps01_g003,ln(kobs),5,ar2_homo_hartree|ar2_scf_energy_hartree|ar2_enthalpy_hartree|rate kobs (s-1)|ar1_bond_length_c_e,0.6563504148918826,0.47621212781870736,2.597040522545191,LOOCV,ln(kobs) = <nonlinear model; no closed-form linear equation>
azoarene_svr_rbf_c10_eps01_g003,ln(kobs),5,ar2_Ar_HOMO|ar2_gibbs_free_energy_hartree|ar2_enthalpy_hartree|rate kobs (s-1)|ar1_bond_length_c_e,0.656359082102199,0.47619701051851937,2.5970077722680016,LOOCV,ln(kobs) = <nonlinear model; no closed-form linear equation>
azoarene_svr_rbf_c10_eps01_g003,ln(kobs),5,ar2_homo_hartree|ar2_gibbs_free_energy_hartree|ar2_enthalpy_hartree|rate kobs (s-1)|ar1_bond_length_c_e,0.656359082102199,0.47619701051851937,2.5970077722680016,LOOCV,ln(kobs) = <nonlinear model; no closed-form linear equation>
azoarene_svr_rbf_c10_eps01_g003,ln(kobs),5,ar2_Ar_HOMO|ar2_scf_energy_hartree|ar2_gibbs_free_energy_hartree|rate kobs (s-1)|ar1_bond_length_c_e,0.6563504845102279,0.476182235724372,2.597040259484095,LOOCV,ln(kobs) = <nonlinear model; no closed-form linear equation>
azoarene_svr_rbf_c10_eps01_g003,ln(kobs),5,ar2_homo_hartree|ar2_scf_energy_hartree|ar2_gibbs_free_energy_hartree|rate kobs (s-1)|ar1_bond_length_c_e,0.6563504845102279,0.476182235724372,2.597040259484095,LOOCV,ln(kobs) = <nonlinear model; no closed-form linear equation>
azoarene_svr_rbf_c10_eps01_g003,ln(kobs),5,ar2_Ar_HOMO|ar2_enthalpy_hartree|rate kobs (s-1)|ar1_bond_length_c_e|ar2_Ar_Ster_B5,0.6591994568423751,0.47563747632148135,2.586252677582521,LOOCV,ln(kobs) = <nonlinear model; no closed-form linear equation>
azoarene_svr_rbf_c10_eps01_g003,ln(kobs),5,ar2_Ar_HOMO|ar2_enthalpy_hartree|rate kobs (s-1)|ar1_bond_length_c_e|ar2_sterimol_B5,0.6591994568423751,0.47563747632148135,2.586252677582521,LOOCV,ln(kobs) = <nonlinear model; no closed-form linear equation>
azoarene_svr_rbf_c10_eps01_g003,ln(kobs),5,ar2_homo_hartree|ar2_enthalpy_hartree|rate kobs (s-1)|ar1_bond_length_c_e|ar2_Ar_Ster_B5,0.6591994568423751,0.47563747632148135,2.586252677582521,LOOCV,ln(kobs) = <nonlinear model; no closed-form linear equation>
azoarene_svr_rbf_c10_eps01_g003,ln(kobs),5,ar2_homo_hartree|ar2_enthalpy_hartree|rate kobs (s-1)|ar1_bond_length_c_e|ar2_sterimol_B5,0.6591994568423751,0.47563747632148135,2.586252677582521,LOOCV,ln(kobs) = <nonlinear model; no closed-form linear equation>
azoarene_svr_rbf_c10_eps01_g003,ln(kobs),5,ar2_Ar_HOMO|ar2_scf_energy_hartree|rate kobs (s-1)|ar1_bond_length_c_e|ar2_Ar_Ster_B5,0.6591996816780408,0.47562237754624326,2.5862518244707084,LOOCV,ln(kobs) = <nonlinear model; no closed-form linear equation>
azoarene_svr_rbf_c10_eps01_g003,ln(kobs),5,ar2_Ar_HOMO|ar2_scf_energy_hartree|rate kobs (s-1)|ar1_bond_length_c_e|ar2_sterimol_B5,0.6591996816780408,0.47562237754624326,2.5862518244707084,LOOCV,ln(kobs) = <nonlinear model; no closed-form linear equation>
azoarene_svr_rbf_c10_eps01_g003,ln(kobs),5,ar2_homo_hartree|ar2_scf_energy_hartree|rate kobs (s-1)|ar1_bond_length_c_e|ar2_Ar_Ster_B5,0.6591996816780408,0.47562237754624326,2.5862518244707084,LOOCV,ln(kobs) = <nonlinear model; no closed-form linear equation>
azoarene_svr_rbf_c10_eps01_g003,ln(kobs),5,ar2_homo_hartree|ar2_scf_energy_hartree|rate kobs (s-1)|ar1_bond_length_c_e|ar2_sterimol_B5,0.6591996816780408,0.47562237754624326,2.5862518244707084,LOOCV,ln(kobs) = <nonlinear model; no closed-form linear equation>
azoarene_svr_rbf_c10_eps01_g003,ln(kobs),5,ar2_Ar_HOMO|ar2_gibbs_free_energy_hartree|rate kobs (s-1)|ar1_bond_length_c_e|ar2_Ar_Ster_B5,0.6591995449555355,0.47562087724361224,2.5862523432477964,LOOCV,ln(kobs) = <nonlinear model; no closed-form linear equation>
azoarene_svr_rbf_c10_eps01_g003,ln(kobs),5,ar2_Ar_HOMO|ar2_gibbs_free_energy_hartree|rate kobs (s-1)|ar1_bond_length_c_e|ar2_sterimol_B5,0.6591995449555355,0.47562087724361224,2.5862523432477964,LOOCV,ln(kobs) = <nonlinear model; no closed-form linear equation>
azoarene_svr_rbf_c10_eps01_g003,ln(kobs),5,ar2_homo_hartree|ar2_gibbs_free_energy_hartree|rate kobs (s-1)|ar1_bond_length_c_e|ar2_Ar_Ster_B5,0.6591995449555355,0.47562087724361224,2.5862523432477964,LOOCV,ln(kobs) = <nonlinear model; no closed-form linear equation>
azoarene_svr_rbf_c10_eps01_g003,ln(kobs),5,ar2_homo_hartree|ar2_gibbs_free_energy_hartree|rate kobs (s-1)|ar1_bond_length_c_e|ar2_sterimol_B5,0.6591995449555355,0.47562087724361224,2.5862523432477964,LOOCV,ln(kobs) = <nonlinear model; no closed-form linear equation>
azoarene_svr_rbf_c10_eps01_g003,ln(kobs),4,ar2_Ar_HOMO|ar2_Ar_polar|ar1_bond_length_c_a|ar2_Ar_Ster_B5,0.6063654369957459,0.4755271808329702,2.7795047877874337,LOOCV,ln(kobs) = <nonlinear model; no closed-form linear equation>
azoarene_svr_rbf_c10_eps01_g003,ln(kobs),4,ar2_Ar_HOMO|ar2_Ar_polar|ar1_bond_length_c_a|ar2_sterimol_B5,0.6063654369957459,0.4755271808329702,2.7795047877874337,LOOCV,ln(kobs) = <nonlinear model; no closed-form linear equation>
azoarene_svr_rbf_c10_eps01_g003,ln(kobs),4,ar2_Ar_HOMO|ar2_isotropic_polarizability_au|ar1_bond_length_c_a|ar2_Ar_Ster_B5,0.6063654369957459,0.4755271808329702,2.7795047877874337,LOOCV,ln(kobs) = <nonlinear model; no closed-form linear equation>
azoarene_svr_rbf_c10_eps01_g003,ln(kobs),4,ar2_Ar_HOMO|ar2_isotropic_polarizability_au|ar1_bond_length_c_a|ar2_sterimol_B5,0.6063654369957459,0.4755271808329702,2.7795047877874337,LOOCV,ln(kobs) = <nonlinear model; no closed-form linear equation>
azoarene_svr_rbf_c10_eps01_g003,ln(kobs),4,ar2_homo_hartree|ar2_Ar_polar|ar1_bond_length_c_a|ar2_Ar_Ster_B5,0.6063654369957459,0.4755271808329702,2.7795047877874337,LOOCV,ln(kobs) = <nonlinear model; no closed-form linear equation>
azoarene_svr_rbf_c10_eps01_g003,ln(kobs),4,ar2_homo_hartree|ar2_Ar_polar|ar1_bond_length_c_a|ar2_sterimol_B5,0.6063654369957459,0.4755271808329702,2.7795047877874337,LOOCV,ln(kobs) = <nonlinear model; no closed-form linear equation>
azoarene_svr_rbf_c10_eps01_g003,ln(kobs),4,ar2_homo_hartree|ar2_isotropic_polarizability_au|ar1_bond_length_c_a|ar2_Ar_Ster_B5,0.6063654369957459,0.4755271808329702,2.7795047877874337,LOOCV,ln(kobs) = <nonlinear model; no closed-form linear equation>
azoarene_svr_rbf_c10_eps01_g003,ln(kobs),4,ar2_homo_hartree|ar2_isotropic_polarizability_au|ar1_bond_length_c_a|ar2_sterimol_B5,0.6063654369957459,0.4755271808329702,2.7795047877874337,LOOCV,ln(kobs) = <nonlinear model; no closed-form linear equation>
azoarene_svr_rbf_c10_eps01_g003,ln(kobs),5,ar2_Ar_HOMO|rate kobs (s-1)|ar2_lumo_hartree|ar1_bond_length_c_e|ar2_Ar_Ster_B5,0.6762563249506933,0.4753698003884582,2.5207017353725534,LOOCV,ln(kobs) = <nonlinear model; no closed-form linear equation>
azoarene_svr_rbf_c10_eps01_g003,ln(kobs),5,ar2_Ar_HOMO|rate kobs (s-1)|ar2_lumo_hartree|ar1_bond_length_c_e|ar2_sterimol_B5,0.6762563249506933,0.4753698003884582,2.5207017353725534,LOOCV,ln(kobs) = <nonlinear model; no closed-form linear equation>
azoarene_svr_rbf_c10_eps01_g003,ln(kobs),5,ar2_Ar_HOMO|rate kobs (s-1)|ar2_Ar_LUMO|ar1_bond_length_c_e|ar2_Ar_Ster_B5,0.6762563249506933,0.4753698003884582,2.5207017353725534,LOOCV,ln(kobs) = <nonlinear model; no closed-form linear equation>
azoarene_svr_rbf_c10_eps01_g003,ln(kobs),5,ar2_Ar_HOMO|rate kobs (s-1)|ar2_Ar_LUMO|ar1_bond_length_c_e|ar2_sterimol_B5,0.6762563249506933,0.4753698003884582,2.5207017353725534,LOOCV,ln(kobs) = <nonlinear model; no closed-form linear equation>
azoarene_svr_rbf_c10_eps01_g003,ln(kobs),5,ar2_homo_hartree|rate kobs (s-1)|ar2_lumo_hartree|ar1_bond_length_c_e|ar2_Ar_Ster_B5,0.6762563249506933,0.4753698003884582,2.5207017353725534,LOOCV,ln(kobs) = <nonlinear model; no closed-form linear equation>
azoarene_svr_rbf_c10_eps01_g003,ln(kobs),5,ar2_homo_hartree|rate kobs (s-1)|ar2_lumo_hartree|ar1_bond_length_c_e|ar2_sterimol_B5,0.6762563249506933,0.4753698003884582,2.5207017353725534,LOOCV,ln(kobs) = <nonlinear model; no closed-form linear equation>
azoarene_svr_rbf_c10_eps01_g003,ln(kobs),5,ar2_homo_hartree|rate kobs (s-1)|ar2_Ar_LUMO|ar1_bond_length_c_e|ar2_Ar_Ster_B5,0.6762563249506933,0.4753698003884582,2.5207017353725534,LOOCV,ln(kobs) = <nonlinear model; no closed-form linear equation>
azoarene_svr_rbf_c10_eps01_g003,ln(kobs),5,ar2_homo_hartree|rate kobs (s-1)|ar2_Ar_LUMO|ar1_bond_length_c_e|ar2_sterimol_B5,0.6762563249506933,0.4753698003884582,2.5207017353725534,LOOCV,ln(kobs) = <nonlinear model; no closed-form linear equation>
azoarene_svr_rbf_c10_eps01_g003,ln(kobs),4,ar2_Ar_HOMO|ar2_homo_hartree|rate kobs (s-1)|ar1_q_a,0.6703514012307344,0.4751827322564426,2.5435860307438785,LOOCV,ln(kobs) = <nonlinear model; no closed-form linear equation>
azoarene_svr_rbf_c10_eps01_g003,ln(kobs),5,ar2_Ar_HOMO|ar2_homo_hartree|rate kobs (s-1)|ar1_bond_length_c_a|ar1_q_a,0.6807305596740713,0.47487609022145993,2.503222706766683,LOOCV,ln(kobs) = <nonlinear model; no closed-form linear equation>
azoarene_svr_rbf_c10_eps01_g003,ln(kobs),5,ar2_Ar_HOMO|ar2_Ar_polar|rate kobs (s-1)|ar1_bond_length_c_e|ar2_Ar_Ster_B5,0.6665257235242086,0.4746770334935765,2.558303020871608,LOOCV,ln(kobs) = <nonlinear model; no closed-form linear equation>
azoarene_svr_rbf_c10_eps01_g003,ln(kobs),5,ar2_Ar_HOMO|ar2_Ar_polar|rate kobs (s-1)|ar1_bond_length_c_e|ar2_sterimol_B5,0.6665257235242086,0.4746770334935765,2.558303020871608,LOOCV,ln(kobs) = <nonlinear model; no closed-form linear equation>
azoarene_svr_rbf_c10_eps01_g003,ln(kobs),5,ar2_Ar_HOMO|ar2_isotropic_polarizability_au|rate kobs (s-1)|ar1_bond_length_c_e|ar2_Ar_Ster_B5,0.6665257235242086,0.4746770334935765,2.558303020871608,LOOCV,ln(kobs) = <nonlinear model; no closed-form linear equation>
azoarene_svr_rbf_c10_eps01_g003,ln(kobs),5,ar2_Ar_HOMO|ar2_isotropic_polarizability_au|rate kobs (s-1)|ar1_bond_length_c_e|ar2_sterimol_B5,0.6665257235242086,0.4746770334935765,2.558303020871608,LOOCV,ln(kobs) = <nonlinear model; no closed-form linear equation>
azoarene_svr_rbf_c10_eps01_g003,ln(kobs),5,ar2_homo_hartree|ar2_Ar_polar|rate kobs (s-1)|ar1_bond_length_c_e|ar2_Ar_Ster_B5,0.6665257235242086,0.4746770334935765,2.558303020871608,LOOCV,ln(kobs) = <nonlinear model; no closed-form linear equation>
azoarene_svr_rbf_c10_eps01_g003,ln(kobs),5,ar2_homo_hartree|ar2_Ar_polar|rate kobs (s-1)|ar1_bond_length_c_e|ar2_sterimol_B5,0.6665257235242086,0.4746770334935765,2.558303020871608,LOOCV,ln(kobs) = <nonlinear model; no closed-form linear equation>
azoarene_svr_rbf_c10_eps01_g003,ln(kobs),5,ar2_homo_hartree|ar2_isotropic_polarizability_au|rate kobs (s-1)|ar1_bond_length_c_e|ar2_Ar_Ster_B5,0.6665257235242086,0.4746770334935765,2.558303020871608,LOOCV,ln(kobs) = <nonlinear model; no closed-form linear equation>
azoarene_svr_rbf_c10_eps01_g003,ln(kobs),5,ar2_homo_hartree|ar2_isotropic_polarizability_au|rate kobs (s-1)|ar1_bond_length_c_e|ar2_sterimol_B5,0.6665257235242086,0.4746770334935765,2.558303020871608,LOOCV,ln(kobs) = <nonlinear model; no closed-form linear equation>
azoarene_svr_rbf_c10_eps01_g003,ln(kobs),5,ar2_Ar_HOMO|rate kobs (s-1)|ar2_gap_hartree|ar1_bond_length_c_e|ar2_Ar_Ster_B5,0.6766366047718841,0.4744846773992376,2.519220851363089,LOOCV,ln(kobs) = <nonlinear model; no closed-form linear equation>
azoarene_svr_rbf_c10_eps01_g003,ln(kobs),5,ar2_Ar_HOMO|rate kobs (s-1)|ar2_gap_hartree|ar1_bond_length_c_e|ar2_sterimol_B5,0.6766366047718841,0.4744846773992376,2.519220851363089,LOOCV,ln(kobs) = <nonlinear model; no closed-form linear equation>
azoarene_svr_rbf_c10_eps01_g003,ln(kobs),5,ar2_homo_hartree|rate kobs (s-1)|ar2_gap_hartree|ar1_bond_length_c_e|ar2_Ar_Ster_B5,0.6766366047718841,0.4744846773992376,2.519220851363089,LOOCV,ln(kobs) = <nonlinear model; no closed-form linear equation>
azoarene_svr_rbf_c10_eps01_g003,ln(kobs),5,ar2_homo_hartree|rate kobs (s-1)|ar2_gap_hartree|ar1_bond_length_c_e|ar2_sterimol_B5,0.6766366047718841,0.4744846773992376,2.519220851363089,LOOCV,ln(kobs) = <nonlinear model; no closed-form linear equation>
azoarene_svr_rbf_c10_eps01_g003,ln(kobs),5,ar2_Ar_HOMO|ar2_Ar_polar|ar2_scf_energy_hartree|rate kobs (s-1)|ar1_bond_length_c_a,0.6625867342029172,0.47443407523092573,2.5733679685411173,LOOCV,ln(kobs) = <nonlinear model; no closed-form linear equation>
azoarene_svr_rbf_c10_eps01_g003,ln(kobs),5,ar2_Ar_HOMO|ar2_isotropic_polarizability_au|ar2_scf_energy_hartree|rate kobs (s-1)|ar1_bond_length_c_a,0.6625867342029172,0.47443407523092573,2.5733679685411173,LOOCV,ln(kobs) = <nonlinear model; no closed-form linear equation>
azoarene_svr_rbf_c10_eps01_g003,ln(kobs),5,ar2_homo_hartree|ar2_Ar_polar|ar2_scf_energy_hartree|rate kobs (s-1)|ar1_bond_length_c_a,0.6625867342029172,0.47443407523092573,2.5733679685411173,LOOCV,ln(kobs) = <nonlinear model; no closed-form linear equation>
azoarene_svr_rbf_c10_eps01_g003,ln(kobs),5,ar2_homo_hartree|ar2_isotropic_polarizability_au|ar2_scf_energy_hartree|rate kobs (s-1)|ar1_bond_length_c_a,0.6625867342029172,0.47443407523092573,2.5733679685411173,LOOCV,ln(kobs) = <nonlinear model; no closed-form linear equation>
azoarene_svr_rbf_c10_eps01_g003,ln(kobs),5,ar2_Ar_HOMO|ar2_Ar_polar|ar2_gibbs_free_energy_hartree|rate kobs (s-1)|ar1_bond_length_c_a,0.6625891531811215,0.4744079236883757,2.573358744048758,LOOCV,ln(kobs) = <nonlinear model; no closed-form linear equation>
azoarene_svr_rbf_c10_eps01_g003,ln(kobs),5,ar2_Ar_HOMO|ar2_isotropic_polarizability_au|ar2_gibbs_free_energy_hartree|rate kobs (s-1)|ar1_bond_length_c_a,0.6625891531811215,0.4744079236883757,2.573358744048758,LOOCV,ln(kobs) = <nonlinear model; no closed-form linear equation>
azoarene_svr_rbf_c10_eps01_g003,ln(kobs),5,ar2_homo_hartree|ar2_Ar_polar|ar2_gibbs_free_energy_hartree|rate kobs (s-1)|ar1_bond_length_c_a,0.6625891531811215,0.4744079236883757,2.573358744048758,LOOCV,ln(kobs) = <nonlinear model; no closed-form linear equation>
azoarene_svr_rbf_c10_eps01_g003,ln(kobs),5,ar2_homo_hartree|ar2_isotropic_polarizability_au|ar2_gibbs_free_energy_hartree|rate kobs (s-1)|ar1_bond_length_c_a,0.6625891531811215,0.4744079236883757,2.573358744048758,LOOCV,ln(kobs) = <nonlinear model; no closed-form linear equation>
azoarene_svr_rbf_c10_eps01_g003,ln(kobs),5,ar2_Ar_HOMO|ar2_Ar_polar|ar2_enthalpy_hartree|rate kobs (s-1)|ar1_bond_length_c_a,0.6626053495638273,0.47440711064687535,2.5732969801730072,LOOCV,ln(kobs) = <nonlinear model; no closed-form linear equation>
azoarene_svr_rbf_c10_eps01_g003,ln(kobs),5,ar2_Ar_HOMO|ar2_isotropic_polarizability_au|ar2_enthalpy_hartree|rate kobs (s-1)|ar1_bond_length_c_a,0.6626053495638273,0.47440711064687535,2.5732969801730072,LOOCV,ln(kobs) = <nonlinear model; no closed-form linear equation>
azoarene_svr_rbf_c10_eps01_g003,ln(kobs),5,ar2_homo_hartree|ar2_Ar_polar|ar2_enthalpy_hartree|rate kobs (s-1)|ar1_bond_length_c_a,0.6626053495638273,0.47440711064687535,2.5732969801730072,LOOCV,ln(kobs) = <nonlinear model; no closed-form linear equation>
azoarene_svr_rbf_c10_eps01_g003,ln(kobs),5,ar2_homo_hartree|ar2_isotropic_polarizability_au|ar2_enthalpy_hartree|rate kobs (s-1)|ar1_bond_length_c_a,0.6626053495638273,0.47440711064687535,2.5732969801730072,LOOCV,ln(kobs) = <nonlinear model; no closed-form linear equation>
azoarene_svr_rbf_c10_eps01_g003,ln(kobs),4,ar2_Ar_HOMO|ar2_lumo_hartree|ar2_gap_hartree|ar1_bond_length_c_e,0.6001972751828604,0.47406318379811907,2.8011972351502945,LOOCV,ln(kobs) = <nonlinear model; no closed-form linear equation>
azoarene_svr_rbf_c10_eps01_g003,ln(kobs),4,ar2_Ar_HOMO|ar2_Ar_LUMO|ar2_gap_hartree|ar1_bond_length_c_e,0.6001972751828604,0.47406318379811907,2.8011972351502945,LOOCV,ln(kobs) = <nonlinear model; no closed-form linear equation>
azoarene_svr_rbf_c10_eps01_g003,ln(kobs),4,ar2_homo_hartree|ar2_lumo_hartree|ar2_gap_hartree|ar1_bond_length_c_e,0.6001972751828604,0.47406318379811907,2.8011972351502945,LOOCV,ln(kobs) = <nonlinear model; no closed-form linear equation>
azoarene_svr_rbf_c10_eps01_g003,ln(kobs),4,ar2_homo_hartree|ar2_Ar_LUMO|ar2_gap_hartree|ar1_bond_length_c_e,0.6001972751828604,0.47406318379811907,2.8011972351502945,LOOCV,ln(kobs) = <nonlinear model; no closed-form linear equation>
azoarene_svr_rbf_c10_eps01_g003,ln(kobs),5,ar2_Ar_HOMO|ar2_homo_hartree|ar1_bond_length_c_e|ar2_Ar_Ster_B5|ar1_nbo_q_a,0.6432535991053512,0.4735699826903267,2.6460656459380525,LOOCV,ln(kobs) = <nonlinear model; no closed-form linear equation>
azoarene_svr_rbf_c10_eps01_g003,ln(kobs),5,ar2_Ar_HOMO|ar2_homo_hartree|ar1_bond_length_c_e|ar2_Ar_Ster_B5|ar1_Ar_NBO_OH,0.6432535991053512,0.4735699826903267,2.6460656459380525,LOOCV,ln(kobs) = <nonlinear model; no closed-form linear equation>
azoarene_svr_rbf_c10_eps01_g003,ln(kobs),5,ar2_Ar_HOMO|ar2_homo_hartree|ar1_bond_length_c_e|ar2_sterimol_B5|ar1_nbo_q_a,0.6432535991053512,0.4735699826903267,2.6460656459380525,LOOCV,ln(kobs) = <nonlinear model; no closed-form linear equation>
azoarene_svr_rbf_c10_eps01_g003,ln(kobs),5,ar2_Ar_HOMO|ar2_homo_hartree|ar1_bond_length_c_e|ar2_sterimol_B5|ar1_Ar_NBO_OH,0.6432535991053512,0.4735699826903267,2.6460656459380525,LOOCV,ln(kobs) = <nonlinear model; no closed-form linear equation>
azoarene_svr_rbf_c10_eps01_g003,ln(kobs),5,ar2_Ar_HOMO|ar2_Ar_polar|ar2_enthalpy_hartree|ar2_lumo_hartree|ar1_q_a,0.6385904085776313,0.4733871948892229,2.663303447269896,LOOCV,ln(kobs) = <nonlinear model; no closed-form linear equation>
azoarene_svr_rbf_c10_eps01_g003,ln(kobs),5,ar2_Ar_HOMO|ar2_Ar_polar|ar2_enthalpy_hartree|ar2_Ar_LUMO|ar1_q_a,0.6385904085776313,0.4733871948892229,2.663303447269896,LOOCV,ln(kobs) = <nonlinear model; no closed-form linear equation>
azoarene_svr_rbf_c10_eps01_g003,ln(kobs),5,ar2_Ar_HOMO|ar2_isotropic_polarizability_au|ar2_enthalpy_hartree|ar2_lumo_hartree|ar1_q_a,0.6385904085776313,0.4733871948892229,2.663303447269896,LOOCV,ln(kobs) = <nonlinear model; no closed-form linear equation>
azoarene_svr_rbf_c10_eps01_g003,ln(kobs),5,ar2_Ar_HOMO|ar2_isotropic_polarizability_au|ar2_enthalpy_hartree|ar2_Ar_LUMO|ar1_q_a,0.6385904085776313,0.4733871948892229,2.663303447269896,LOOCV,ln(kobs) = <nonlinear model; no closed-form linear equation>
azoarene_svr_rbf_c10_eps01_g003,ln(kobs),5,ar2_homo_hartree|ar2_Ar_polar|ar2_enthalpy_hartree|ar2_lumo_hartree|ar1_q_a,0.6385904085776313,0.4733871948892229,2.663303447269896,LOOCV,ln(kobs) = <nonlinear model; no closed-form linear equation>
azoarene_svr_rbf_c10_eps01_g003,ln(kobs),5,ar2_homo_hartree|ar2_Ar_polar|ar2_enthalpy_hartree|ar2_Ar_LUMO|ar1_q_a,0.6385904085776313,0.4733871948892229,2.663303447269896,LOOCV,ln(kobs) = <nonlinear model; no closed-form linear equation>
azoarene_svr_rbf_c10_eps01_g003,ln(kobs),5,ar2_homo_hartree|ar2_isotropic_polarizability_au|ar2_enthalpy_hartree|ar2_lumo_hartree|ar1_q_a,0.6385904085776313,0.4733871948892229,2.663303447269896,LOOCV,ln(kobs) = <nonlinear model; no closed-form linear equation>
azoarene_svr_rbf_c10_eps01_g003,ln(kobs),5,ar2_homo_hartree|ar2_isotropic_polarizability_au|ar2_enthalpy_hartree|ar2_Ar_LUMO|ar1_q_a,0.6385904085776313,0.4733871948892229,2.663303447269896,LOOCV,ln(kobs) = <nonlinear model; no closed-form linear equation>
azoarene_svr_rbf_c10_eps01_g003,ln(kobs),5,ar2_Ar_HOMO|ar2_Ar_polar|ar2_scf_energy_hartree|ar2_lumo_hartree|ar1_q_a,0.6385859084462328,0.4733747531183491,2.6633200284266265,LOOCV,ln(kobs) = <nonlinear model; no closed-form linear equation>
azoarene_svr_rbf_c10_eps01_g003,ln(kobs),5,ar2_Ar_HOMO|ar2_Ar_polar|ar2_scf_energy_hartree|ar2_Ar_LUMO|ar1_q_a,0.6385859084462328,0.4733747531183491,2.6633200284266265,LOOCV,ln(kobs) = <nonlinear model; no closed-form linear equation>
azoarene_svr_rbf_c10_eps01_g003,ln(kobs),5,ar2_Ar_HOMO|ar2_isotropic_polarizability_au|ar2_scf_energy_hartree|ar2_lumo_hartree|ar1_q_a,0.6385859084462328,0.4733747531183491,2.6633200284266265,LOOCV,ln(kobs) = <nonlinear model; no closed-form linear equation>
azoarene_svr_rbf_c10_eps01_g003,ln(kobs),5,ar2_Ar_HOMO|ar2_isotropic_polarizability_au|ar2_scf_energy_hartree|ar2_Ar_LUMO|ar1_q_a,0.6385859084462328,0.4733747531183491,2.6633200284266265,LOOCV,ln(kobs) = <nonlinear model; no closed-form linear equation>
azoarene_svr_rbf_c10_eps01_g003,ln(kobs),5,ar2_homo_hartree|ar2_Ar_polar|ar2_scf_energy_hartree|ar2_lumo_hartree|ar1_q_a,0.6385859084462328,0.4733747531183491,2.6633200284266265,LOOCV,ln(kobs) = <nonlinear model; no closed-form linear equation>
azoarene_svr_rbf_c10_eps01_g003,ln(kobs),5,ar2_homo_hartree|ar2_Ar_polar|ar2_scf_energy_hartree|ar2_Ar_LUMO|ar1_q_a,0.6385859084462328,0.4733747531183491,2.6633200284266265,LOOCV,ln(kobs) = <nonlinear model; no closed-form linear equation>
azoarene_svr_rbf_c10_eps01_g003,ln(kobs),5,ar2_homo_hartree|ar2_isotropic_polarizability_au|ar2_scf_energy_hartree|ar2_lumo_hartree|ar1_q_a,0.6385859084462328,0.4733747531183491,2.6633200284266265,LOOCV,ln(kobs) = <nonlinear model; no closed-form linear equation>
azoarene_svr_rbf_c10_eps01_g003,ln(kobs),5,ar2_homo_hartree|ar2_isotropic_polarizability_au|ar2_scf_energy_hartree|ar2_Ar_LUMO|ar1_q_a,0.6385859084462328,0.4733747531183491,2.6633200284266265,LOOCV,ln(kobs) = <nonlinear model; no closed-form linear equation>
azoarene_svr_rbf_c10_eps01_g003,ln(kobs),5,ar2_Ar_HOMO|ar2_Ar_polar|ar2_gibbs_free_energy_hartree|ar2_lumo_hartree|ar1_q_a,0.6385835118298353,0.473372199392334,2.6633288589426733,LOOCV,ln(kobs) = <nonlinear model; no closed-form linear equation>
azoarene_svr_rbf_c10_eps01_g003,ln(kobs),5,ar2_Ar_HOMO|ar2_Ar_polar|ar2_gibbs_free_energy_hartree|ar2_Ar_LUMO|ar1_q_a,0.6385835118298353,0.473372199392334,2.6633288589426733,LOOCV,ln(kobs) = <nonlinear model; no closed-form linear equation>
azoarene_svr_rbf_c10_eps01_g003,ln(kobs),5,ar2_Ar_HOMO|ar2_isotropic_polarizability_au|ar2_gibbs_free_energy_hartree|ar2_lumo_hartree|ar1_q_a,0.6385835118298353,0.473372199392334,2.6633288589426733,LOOCV,ln(kobs) = <nonlinear model; no closed-form linear equation>
azoarene_svr_rbf_c10_eps01_g003,ln(kobs),5,ar2_Ar_HOMO|ar2_isotropic_polarizability_au|ar2_gibbs_free_energy_hartree|ar2_Ar_LUMO|ar1_q_a,0.6385835118298353,0.473372199392334,2.6633288589426733,LOOCV,ln(kobs) = <nonlinear model; no closed-form linear equation>
azoarene_svr_rbf_c10_eps01_g003,ln(kobs),5,ar2_homo_hartree|ar2_Ar_polar|ar2_gibbs_free_energy_hartree|ar2_lumo_hartree|ar1_q_a,0.6385835118298353,0.473372199392334,2.6633288589426733,LOOCV,ln(kobs) = <nonlinear model; no closed-form linear equation>
azoarene_svr_rbf_c10_eps01_g003,ln(kobs),5,ar2_homo_hartree|ar2_Ar_polar|ar2_gibbs_free_energy_hartree|ar2_Ar_LUMO|ar1_q_a,0.6385835118298353,0.473372199392334,2.6633288589426733,LOOCV,ln(kobs) = <nonlinear model; no closed-form linear equation>
azoarene_svr_rbf_c10_eps01_g003,ln(kobs),5,ar2_homo_hartree|ar2_isotropic_polarizability_au|ar2_gibbs_free_energy_hartree|ar2_lumo_hartree|ar1_q_a,0.6385835118298353,0.473372199392334,2.6633288589426733,LOOCV,ln(kobs) = <nonlinear model; no closed-form linear equation>
azoarene_svr_rbf_c10_eps01_g003,ln(kobs),5,ar2_homo_hartree|ar2_isotropic_polarizability_au|ar2_gibbs_free_energy_hartree|ar2_Ar_LUMO|ar1_q_a,0.6385835118298353,0.473372199392334,2.6633288589426733,LOOCV,ln(kobs) = <nonlinear model; no closed-form linear equation>
azoarene_svr_rbf_c10_eps01_g003,ln(kobs),4,ar2_Ar_HOMO|rate kobs (s-1)|ar2_gap_hartree|ar2_Ar_Ster_B5,0.6116818329990615,0.4732899164293879,2.7606710986203233,LOOCV,ln(kobs) = <nonlinear model; no closed-form linear equation>
azoarene_svr_rbf_c10_eps01_g003,ln(kobs),4,ar2_Ar_HOMO|rate kobs (s-1)|ar2_gap_hartree|ar2_sterimol_B5,0.6116818329990615,0.4732899164293879,2.7606710986203233,LOOCV,ln(kobs) = <nonlinear model; no closed-form linear equation>
azoarene_svr_rbf_c10_eps01_g003,ln(kobs),4,ar2_homo_hartree|rate kobs (s-1)|ar2_gap_hartree|ar2_Ar_Ster_B5,0.6116818329990615,0.4732899164293879,2.7606710986203233,LOOCV,ln(kobs) = <nonlinear model; no closed-form linear equation>
azoarene_svr_rbf_c10_eps01_g003,ln(kobs),4,ar2_homo_hartree|rate kobs (s-1)|ar2_gap_hartree|ar2_sterimol_B5,0.6116818329990615,0.4732899164293879,2.7606710986203233,LOOCV,ln(kobs) = <nonlinear model; no closed-form linear equation>
azoarene_svr_rbf_c10_eps01_g003,ln(kobs),4,ar2_Ar_HOMO|ar2_homo_hartree|ar1_bond_length_c_e|ar2_Ar_Ster_B5,0.6256059057705623,0.473272835736118,2.7107240498922947,LOOCV,ln(kobs) = <nonlinear model; no closed-form linear equation>
azoarene_svr_rbf_c10_eps01_g003,ln(kobs),4,ar2_Ar_HOMO|ar2_homo_hartree|ar1_bond_length_c_e|ar2_sterimol_B5,0.6256059057705623,0.473272835736118,2.7107240498922947,LOOCV,ln(kobs) = <nonlinear model; no closed-form linear equation>
azoarene_svr_rbf_c10_eps01_g003,ln(kobs),3,ar2_Ar_HOMO|rate kobs (s-1)|ar1_bond_length_c_e,0.6597548242936835,0.4732309088344614,2.584144543924977,LOOCV,ln(kobs) = <nonlinear model; no closed-form linear equation>
azoarene_svr_rbf_c10_eps01_g003,ln(kobs),3,ar2_homo_hartree|rate kobs (s-1)|ar1_bond_length_c_e,0.6597548242936835,0.4732309088344614,2.584144543924977,LOOCV,ln(kobs) = <nonlinear model; no closed-form linear equation>
azoarene_svr_rbf_c10_eps01_g003,ln(kobs),5,ar2_Ar_HOMO|ar2_homo_hartree|rate kobs (s-1)|ar1_q_a|ar2_Ar_Ster_B5,0.6669475707797065,0.4731905869279659,2.556684373342712,LOOCV,ln(kobs) = <nonlinear model; no closed-form linear equation>
azoarene_svr_rbf_c10_eps01_g003,ln(kobs),5,ar2_Ar_HOMO|ar2_homo_hartree|rate kobs (s-1)|ar1_q_a|ar2_sterimol_B5,0.6669475707797065,0.4731905869279659,2.556684373342712,LOOCV,ln(kobs) = <nonlinear model; no closed-form linear equation>
azoarene_svr_rbf_c10_eps01_g003,ln(kobs),4,ar2_Ar_HOMO|rate kobs (s-1)|ar2_lumo_hartree|ar2_Ar_Ster_B5,0.6115775600979232,0.47316125594879965,2.7610417275105283,LOOCV,ln(kobs) = <nonlinear model; no closed-form linear equation>
azoarene_svr_rbf_c10_eps01_g003,ln(kobs),4,ar2_Ar_HOMO|rate kobs (s-1)|ar2_lumo_hartree|ar2_sterimol_B5,0.6115775600979232,0.47316125594879965,2.7610417275105283,LOOCV,ln(kobs) = <nonlinear model; no closed-form linear equation>
azoarene_svr_rbf_c10_eps01_g003,ln(kobs),4,ar2_Ar_HOMO|rate kobs (s-1)|ar2_Ar_LUMO|ar2_Ar_Ster_B5,0.6115775600979232,0.47316125594879965,2.7610417275105283,LOOCV,ln(kobs) = <nonlinear model; no closed-form linear equation>
azoarene_svr_rbf_c10_eps01_g003,ln(kobs),4,ar2_Ar_HOMO|rate kobs (s-1)|ar2_Ar_LUMO|ar2_sterimol_B5,0.6115775600979232,0.47316125594879965,2.7610417275105283,LOOCV,ln(kobs) = <nonlinear model; no closed-form linear equation>
azoarene_svr_rbf_c10_eps01_g003,ln(kobs),4,ar2_homo_hartree|rate kobs (s-1)|ar2_lumo_hartree|ar2_Ar_Ster_B5,0.6115775600979232,0.47316125594879965,2.7610417275105283,LOOCV,ln(kobs) = <nonlinear model; no closed-form linear equation>
azoarene_svr_rbf_c10_eps01_g003,ln(kobs),4,ar2_homo_hartree|rate kobs (s-1)|ar2_lumo_hartree|ar2_sterimol_B5,0.6115775600979232,0.47316125594879965,2.7610417275105283,LOOCV,ln(kobs) = <nonlinear model; no closed-form linear equation>
azoarene_svr_rbf_c10_eps01_g003,ln(kobs),4,ar2_homo_hartree|rate kobs (s-1)|ar2_Ar_LUMO|ar2_Ar_Ster_B5,0.6115775600979232,0.47316125594879965,2.7610417275105283,LOOCV,ln(kobs) = <nonlinear model; no closed-form linear equation>
azoarene_svr_rbf_c10_eps01_g003,ln(kobs),4,ar2_homo_hartree|rate kobs (s-1)|ar2_Ar_LUMO|ar2_sterimol_B5,0.6115775600979232,0.47316125594879965,2.7610417275105283,LOOCV,ln(kobs) = <nonlinear model; no closed-form linear equation>
azoarene_svr_rbf_c10_eps01_g003,ln(kobs),5,ar2_Ar_HOMO|ar2_homo_hartree|ar1_bond_length_c_a|ar2_Ar_Ster_B5|ar1_nbo_q_a,0.6394849273391989,0.47315781952672775,2.660005456667271,LOOCV,ln(kobs) = <nonlinear model; no closed-form linear equation>
azoarene_svr_rbf_c10_eps01_g003,ln(kobs),5,ar2_Ar_HOMO|ar2_homo_hartree|ar1_bond_length_c_a|ar2_Ar_Ster_B5|ar1_Ar_NBO_OH,0.6394849273391989,0.47315781952672775,2.660005456667271,LOOCV,ln(kobs) = <nonlinear model; no closed-form linear equation>
azoarene_svr_rbf_c10_eps01_g003,ln(kobs),5,ar2_Ar_HOMO|ar2_homo_hartree|ar1_bond_length_c_a|ar2_sterimol_B5|ar1_nbo_q_a,0.6394849273391989,0.47315781952672775,2.660005456667271,LOOCV,ln(kobs) = <nonlinear model; no closed-form linear equation>
azoarene_svr_rbf_c10_eps01_g003,ln(kobs),5,ar2_Ar_HOMO|ar2_homo_hartree|ar1_bond_length_c_a|ar2_sterimol_B5|ar1_Ar_NBO_OH,0.6394849273391989,0.47315781952672775,2.660005456667271,LOOCV,ln(kobs) = <nonlinear model; no closed-form linear equation>
azoarene_svr_rbf_c10_eps01_g003,ln(kobs),5,ar2_Ar_HOMO|ar2_scf_energy_hartree|ar2_enthalpy_hartree|rate kobs (s-1)|ar1_bond_length_c_a,0.6471656458387807,0.47306655352945315,2.6315174015962017,LOOCV,ln(kobs) = <nonlinear model; no closed-form linear equation>
azoarene_svr_rbf_c10_eps01_g003,ln(kobs),5,ar2_homo_hartree|ar2_scf_energy_hartree|ar2_enthalpy_hartree|rate kobs (s-1)|ar1_bond_length_c_a,0.6471656458387807,0.47306655352945315,2.6315174015962017,LOOCV,ln(kobs) = <nonlinear model; no closed-form linear equation>
azoarene_svr_rbf_c10_eps01_g003,ln(kobs),5,ar2_Ar_HOMO|ar2_scf_energy_hartree|ar2_gibbs_free_energy_hartree|rate kobs (s-1)|ar1_bond_length_c_a,0.6471755002267244,0.4730628353401889,2.631480653226722,LOOCV,ln(kobs) = <nonlinear model; no closed-form linear equation>
azoarene_svr_rbf_c10_eps01_g003,ln(kobs),5,ar2_homo_hartree|ar2_scf_energy_hartree|ar2_gibbs_free_energy_hartree|rate kobs (s-1)|ar1_bond_length_c_a,0.6471755002267244,0.4730628353401889,2.631480653226722,LOOCV,ln(kobs) = <nonlinear model; no closed-form linear equation>
azoarene_svr_rbf_c10_eps01_g003,ln(kobs),5,ar2_Ar_HOMO|ar2_homo_hartree|ar2_Ar_polar|ar1_q_a|ar2_Ar_Ster_B5,0.638068758112329,0.4730543546611362,2.6652248303086954,LOOCV,ln(kobs) = <nonlinear model; no closed-form linear equation>
azoarene_svr_rbf_c10_eps01_g003,ln(kobs),5,ar2_Ar_HOMO|ar2_homo_hartree|ar2_Ar_polar|ar1_q_a|ar2_sterimol_B5,0.638068758112329,0.4730543546611362,2.6652248303086954,LOOCV,ln(kobs) = <nonlinear model; no closed-form linear equation>
azoarene_svr_rbf_c10_eps01_g003,ln(kobs),5,ar2_Ar_HOMO|ar2_homo_hartree|ar2_isotropic_polarizability_au|ar1_q_a|ar2_Ar_Ster_B5,0.638068758112329,0.4730543546611362,2.6652248303086954,LOOCV,ln(kobs) = <nonlinear model; no closed-form linear equation>
azoarene_svr_rbf_c10_eps01_g003,ln(kobs),5,ar2_Ar_HOMO|ar2_homo_hartree|ar2_isotropic_polarizability_au|ar1_q_a|ar2_sterimol_B5,0.638068758112329,0.4730543546611362,2.6652248303086954,LOOCV,ln(kobs) = <nonlinear model; no closed-form linear equation>
azoarene_svr_rbf_c10_eps01_g003,ln(kobs),5,ar2_Ar_HOMO|ar2_gibbs_free_energy_hartree|ar2_enthalpy_hartree|rate kobs (s-1)|ar1_bond_length_c_a,0.6471541657655718,0.47304915641574397,2.631560211722731,LOOCV,ln(kobs) = <nonlinear model; no closed-form linear equation>
azoarene_svr_rbf_c10_eps01_g003,ln(kobs),5,ar2_homo_hartree|ar2_gibbs_free_energy_hartree|ar2_enthalpy_hartree|rate kobs (s-1)|ar1_bond_length_c_a,0.6471541657655718,0.47304915641574397,2.631560211722731,LOOCV,ln(kobs) = <nonlinear model; no closed-form linear equation>
azoarene_svr_rbf_c10_eps01_g003,ln(kobs),4,ar2_Ar_HOMO|ar2_homo_hartree|ar2_scf_energy_hartree|ar2_gap_hartree,0.5508216345160926,0.4728878861069986,2.9691369480963856,LOOCV,ln(kobs) = <nonlinear model; no closed-form linear equation>
azoarene_svr_rbf_c10_eps01_g003,ln(kobs),5,ar2_Ar_HOMO|rate kobs (s-1)|ar2_Ar_Ster_B5|ar1_nbo_q_a|ar1_Ar_NBO_OH,0.6790053870289259,0.4728875429516498,2.509976678113832,LOOCV,ln(kobs) = <nonlinear model; no closed-form linear equation>
azoarene_svr_rbf_c10_eps01_g003,ln(kobs),5,ar2_Ar_HOMO|rate kobs (s-1)|ar2_sterimol_B5|ar1_nbo_q_a|ar1_Ar_NBO_OH,0.6790053870289259,0.4728875429516498,2.509976678113832,LOOCV,ln(kobs) = <nonlinear model; no closed-form linear equation>
azoarene_svr_rbf_c10_eps01_g003,ln(kobs),5,ar2_homo_hartree|rate kobs (s-1)|ar2_Ar_Ster_B5|ar1_nbo_q_a|ar1_Ar_NBO_OH,0.6790053870289259,0.4728875429516498,2.509976678113832,LOOCV,ln(kobs) = <nonlinear model; no closed-form linear equation>
azoarene_svr_rbf_c10_eps01_g003,ln(kobs),5,ar2_homo_hartree|rate kobs (s-1)|ar2_sterimol_B5|ar1_nbo_q_a|ar1_Ar_NBO_OH,0.6790053870289259,0.4728875429516498,2.509976678113832,LOOCV,ln(kobs) = <nonlinear model; no closed-form linear equation>
azoarene_svr_rbf_c10_eps01_g003,ln(kobs),4,ar2_Ar_HOMO|ar2_homo_hartree|ar2_gibbs_free_energy_hartree|ar2_gap_hartree,0.5508221520125204,0.4728482519941295,2.969135237731055,LOOCV,ln(kobs) = <nonlinear model; no closed-form linear equation>
azoarene_svr_rbf_c10_eps01_g003,ln(kobs),4,ar2_Ar_HOMO|ar2_homo_hartree|ar2_enthalpy_hartree|ar2_gap_hartree,0.5508221435655454,0.47284718020664274,2.9691352656489625,LOOCV,ln(kobs) = <nonlinear model; no closed-form linear equation>
azoarene_svr_rbf_c10_eps01_g003,ln(kobs),5,ar2_Ar_HOMO|ar2_Ar_polar|rate kobs (s-1)|ar1_nbo_q_a|ar1_Ar_NBO_OH,0.6898836488049347,0.4728137885486283,2.4670795132591397,LOOCV,ln(kobs) = <nonlinear model; no closed-form linear equation>
azoarene_svr_rbf_c10_eps01_g003,ln(kobs),5,ar2_Ar_HOMO|ar2_isotropic_polarizability_au|rate kobs (s-1)|ar1_nbo_q_a|ar1_Ar_NBO_OH,0.6898836488049347,0.4728137885486283,2.4670795132591397,LOOCV,ln(kobs) = <nonlinear model; no closed-form linear equation>
azoarene_svr_rbf_c10_eps01_g003,ln(kobs),5,ar2_homo_hartree|ar2_Ar_polar|rate kobs (s-1)|ar1_nbo_q_a|ar1_Ar_NBO_OH,0.6898836488049347,0.4728137885486283,2.4670795132591397,LOOCV,ln(kobs) = <nonlinear model; no closed-form linear equation>
azoarene_svr_rbf_c10_eps01_g003,ln(kobs),5,ar2_homo_hartree|ar2_isotropic_polarizability_au|rate kobs (s-1)|ar1_nbo_q_a|ar1_Ar_NBO_OH,0.6898836488049347,0.4728137885486283,2.4670795132591397,LOOCV,ln(kobs) = <nonlinear model; no closed-form linear equation>
azoarene_svr_rbf_c10_eps01_g003,ln(kobs),4,ar2_Ar_HOMO|ar2_Ar_polar|ar2_lumo_hartree|ar2_gap_hartree,0.5507131637409627,0.47277582121727424,2.969495430572069,LOOCV,ln(kobs) = <nonlinear model; no closed-form linear equation>
azoarene_svr_rbf_c10_eps01_g003,ln(kobs),4,ar2_Ar_HOMO|ar2_Ar_polar|ar2_Ar_LUMO|ar2_gap_hartree,0.5507131637409627,0.47277582121727424,2.969495430572069,LOOCV,ln(kobs) = <nonlinear model; no closed-form linear equation>
azoarene_svr_rbf_c10_eps01_g003,ln(kobs),4,ar2_Ar_HOMO|ar2_isotropic_polarizability_au|ar2_lumo_hartree|ar2_gap_hartree,0.5507131637409627,0.47277582121727424,2.969495430572069,LOOCV,ln(kobs) = <nonlinear model; no closed-form linear equation>
azoarene_svr_rbf_c10_eps01_g003,ln(kobs),4,ar2_Ar_HOMO|ar2_isotropic_polarizability_au|ar2_Ar_LUMO|ar2_gap_hartree,0.5507131637409627,0.47277582121727424,2.969495430572069,LOOCV,ln(kobs) = <nonlinear model; no closed-form linear equation>
azoarene_svr_rbf_c10_eps01_g003,ln(kobs),4,ar2_homo_hartree|ar2_Ar_polar|ar2_lumo_hartree|ar2_gap_hartree,0.5507131637409627,0.47277582121727424,2.969495430572069,LOOCV,ln(kobs) = <nonlinear model; no closed-form linear equation>
azoarene_svr_rbf_c10_eps01_g003,ln(kobs),4,ar2_homo_hartree|ar2_Ar_polar|ar2_Ar_LUMO|ar2_gap_hartree,0.5507131637409627,0.47277582121727424,2.969495430572069,LOOCV,ln(kobs) = <nonlinear model; no closed-form linear equation>
azoarene_svr_rbf_c10_eps01_g003,ln(kobs),4,ar2_homo_hartree|ar2_isotropic_polarizability_au|ar2_lumo_hartree|ar2_gap_hartree,0.5507131637409627,0.47277582121727424,2.969495430572069,LOOCV,ln(kobs) = <nonlinear model; no closed-form linear equation>
azoarene_svr_rbf_c10_eps01_g003,ln(kobs),4,ar2_homo_hartree|ar2_isotropic_polarizability_au|ar2_Ar_LUMO|ar2_gap_hartree,0.5507131637409627,0.47277582121727424,2.969495430572069,LOOCV,ln(kobs) = <nonlinear model; no closed-form linear equation>
azoarene_svr_rbf_c10_eps01_g003,ln(kobs),4,ar2_Ar_HOMO|ar2_homo_hartree|ar2_scf_energy_hartree|ar2_lumo_hartree,0.550854595473022,0.4727327846758539,2.9690280076419824,LOOCV,ln(kobs) = <nonlinear model; no closed-form linear equation>
azoarene_svr_rbf_c10_eps01_g003,ln(kobs),4,ar2_Ar_HOMO|ar2_homo_hartree|ar2_scf_energy_hartree|ar2_Ar_LUMO,0.550854595473022,0.4727327846758539,2.9690280076419824,LOOCV,ln(kobs) = <nonlinear model; no closed-form linear equation>
azoarene_svr_rbf_c10_eps01_g003,ln(kobs),4,ar2_Ar_HOMO|ar2_homo_hartree|ar2_enthalpy_hartree|ar2_lumo_hartree,0.5508432305758426,0.4726987243551476,2.969065570627422,LOOCV,ln(kobs) = <nonlinear model; no closed-form linear equation>
azoarene_svr_rbf_c10_eps01_g003,ln(kobs),4,ar2_Ar_HOMO|ar2_homo_hartree|ar2_enthalpy_hartree|ar2_Ar_LUMO,0.5508432305758426,0.4726987243551476,2.969065570627422,LOOCV,ln(kobs) = <nonlinear model; no closed-form linear equation>
azoarene_svr_rbf_c10_eps01_g003,ln(kobs),4,ar2_Ar_HOMO|ar2_homo_hartree|ar2_gibbs_free_energy_hartree|ar2_lumo_hartree,0.5508620440190697,0.472698498543351,2.969003388628521,LOOCV,ln(kobs) = <nonlinear model; no closed-form linear equation>
azoarene_svr_rbf_c10_eps01_g003,ln(kobs),4,ar2_Ar_HOMO|ar2_homo_hartree|ar2_gibbs_free_energy_hartree|ar2_Ar_LUMO,0.5508620440190697,0.472698498543351,2.969003388628521,LOOCV,ln(kobs) = <nonlinear model; no closed-form linear equation>
azoarene_svr_rbf_c10_eps01_g003,ln(kobs),3,ar2_Ar_HOMO|rate kobs (s-1)|ar2_Ar_Ster_B5,0.6045593961522826,0.47258263609977424,2.7858738351789074,LOOCV,ln(kobs) = <nonlinear model; no closed-form linear equation>
azoarene_svr_rbf_c10_eps01_g003,ln(kobs),3,ar2_Ar_HOMO|rate kobs (s-1)|ar2_sterimol_B5,0.6045593961522826,0.47258263609977424,2.7858738351789074,LOOCV,ln(kobs) = <nonlinear model; no closed-form linear equation>
azoarene_svr_rbf_c10_eps01_g003,ln(kobs),3,ar2_homo_hartree|rate kobs (s-1)|ar2_Ar_Ster_B5,0.6045593961522826,0.47258263609977424,2.7858738351789074,LOOCV,ln(kobs) = <nonlinear model; no closed-form linear equation>
azoarene_svr_rbf_c10_eps01_g003,ln(kobs),3,ar2_homo_hartree|rate kobs (s-1)|ar2_sterimol_B5,0.6045593961522826,0.47258263609977424,2.7858738351789074,LOOCV,ln(kobs) = <nonlinear model; no closed-form linear equation>
azoarene_svr_rbf_c10_eps01_g003,ln(kobs),5,ar2_Ar_HOMO|rate kobs (s-1)|ar2_gap_hartree|ar1_nbo_q_a|ar1_Ar_NBO_OH,0.6984405757413952,0.47251285045693514,2.43280481625147,LOOCV,ln(kobs) = <nonlinear model; no closed-form linear equation>
azoarene_svr_rbf_c10_eps01_g003,ln(kobs),5,ar2_homo_hartree|rate kobs (s-1)|ar2_gap_hartree|ar1_nbo_q_a|ar1_Ar_NBO_OH,0.6984405757413952,0.47251285045693514,2.43280481625147,LOOCV,ln(kobs) = <nonlinear model; no closed-form linear equation>
azoarene_svr_rbf_c10_eps01_g003,ln(kobs),4,ar2_Ar_HOMO|ar2_lumo_hartree|ar2_Ar_LUMO|ar1_bond_length_c_e,0.6000520129663038,0.4722512317749863,2.801706075060435,LOOCV,ln(kobs) = <nonlinear model; no closed-form linear equation>
azoarene_svr_rbf_c10_eps01_g003,ln(kobs),4,ar2_homo_hartree|ar2_lumo_hartree|ar2_Ar_LUMO|ar1_bond_length_c_e,0.6000520129663038,0.4722512317749863,2.801706075060435,LOOCV,ln(kobs) = <nonlinear model; no closed-form linear equation>
azoarene_svr_rbf_c10_eps01_g003,ln(kobs),5,ar2_Ar_HOMO|rate kobs (s-1)|ar1_bond_length_c_a|ar2_Ar_Ster_B5|ar2_sterimol_B5,0.6503935481777179,0.47209722678771093,2.619452536144686,LOOCV,ln(kobs) = <nonlinear model; no closed-form linear equation>
azoarene_svr_rbf_c10_eps01_g003,ln(kobs),5,ar2_homo_hartree|rate kobs (s-1)|ar1_bond_length_c_a|ar2_Ar_Ster_B5|ar2_sterimol_B5,0.6503935481777179,0.47209722678771093,2.619452536144686,LOOCV,ln(kobs) = <nonlinear model; no closed-form linear equation>
azoarene_svr_rbf_c10_eps01_g003,ln(kobs),5,ar2_Ar_HOMO|ar2_Ar_polar|ar2_gibbs_free_energy_hartree|ar2_gap_hartree|ar1_q_a,0.638238448009079,0.4719463875189206,2.6645999674941723,LOOCV,ln(kobs) = <nonlinear model; no closed-form linear equation>
azoarene_svr_rbf_c10_eps01_g003,ln(kobs),5,ar2_Ar_HOMO|ar2_isotropic_polarizability_au|ar2_gibbs_free_energy_hartree|ar2_gap_hartree|ar1_q_a,0.638238448009079,0.4719463875189206,2.6645999674941723,LOOCV,ln(kobs) = <nonlinear model; no closed-form linear equation>
azoarene_svr_rbf_c10_eps01_g003,ln(kobs),5,ar2_homo_hartree|ar2_Ar_polar|ar2_gibbs_free_energy_hartree|ar2_gap_hartree|ar1_q_a,0.638238448009079,0.4719463875189206,2.6645999674941723,LOOCV,ln(kobs) = <nonlinear model; no closed-form linear equation>
azoarene_svr_rbf_c10_eps01_g003,ln(kobs),5,ar2_homo_hartree|ar2_isotropic_polarizability_au|ar2_gibbs_free_energy_hartree|ar2_gap_hartree|ar1_q_a,0.638238448009079,0.4719463875189206,2.6645999674941723,LOOCV,ln(kobs) = <nonlinear model; no closed-form linear equation>
azoarene_svr_rbf_c10_eps01_g003,ln(kobs),5,ar2_Ar_HOMO|ar2_Ar_polar|ar2_enthalpy_hartree|ar2_gap_hartree|ar1_q_a,0.6382509981657465,0.4719376493835833,2.6645537472188243,LOOCV,ln(kobs) = <nonlinear model; no closed-form linear equation>
azoarene_svr_rbf_c10_eps01_g003,ln(kobs),5,ar2_Ar_HOMO|ar2_isotropic_polarizability_au|ar2_enthalpy_hartree|ar2_gap_hartree|ar1_q_a,0.6382509981657465,0.4719376493835833,2.6645537472188243,LOOCV,ln(kobs) = <nonlinear model; no closed-form linear equation>
azoarene_svr_rbf_c10_eps01_g003,ln(kobs),5,ar2_homo_hartree|ar2_Ar_polar|ar2_enthalpy_hartree|ar2_gap_hartree|ar1_q_a,0.6382509981657465,0.4719376493835833,2.6645537472188243,LOOCV,ln(kobs) = <nonlinear model; no closed-form linear equation>
azoarene_svr_rbf_c10_eps01_g003,ln(kobs),5,ar2_homo_hartree|ar2_isotropic_polarizability_au|ar2_enthalpy_hartree|ar2_gap_hartree|ar1_q_a,0.6382509981657465,0.4719376493835833,2.6645537472188243,LOOCV,ln(kobs) = <nonlinear model; no closed-form linear equation>
azoarene_svr_rbf_c10_eps01_g003,ln(kobs),5,ar2_Ar_HOMO|ar2_Ar_polar|ar2_scf_energy_hartree|ar2_gap_hartree|ar1_q_a,0.6382502636382119,0.47192124558437865,2.664556452391598,LOOCV,ln(kobs) = <nonlinear model; no closed-form linear equation>
azoarene_svr_rbf_c10_eps01_g003,ln(kobs),5,ar2_Ar_HOMO|ar2_isotropic_polarizability_au|ar2_scf_energy_hartree|ar2_gap_hartree|ar1_q_a,0.6382502636382119,0.47192124558437865,2.664556452391598,LOOCV,ln(kobs) = <nonlinear model; no closed-form linear equation>
azoarene_svr_rbf_c10_eps01_g003,ln(kobs),5,ar2_homo_hartree|ar2_Ar_polar|ar2_scf_energy_hartree|ar2_gap_hartree|ar1_q_a,0.6382502636382119,0.47192124558437865,2.664556452391598,LOOCV,ln(kobs) = <nonlinear model; no closed-form linear equation>
azoarene_svr_rbf_c10_eps01_g003,ln(kobs),5,ar2_homo_hartree|ar2_isotropic_polarizability_au|ar2_scf_energy_hartree|ar2_gap_hartree|ar1_q_a,0.6382502636382119,0.47192124558437865,2.664556452391598,LOOCV,ln(kobs) = <nonlinear model; no closed-form linear equation>
azoarene_svr_rbf_c10_eps01_g003,ln(kobs),4,ar2_Ar_HOMO|ar2_Ar_polar|ar2_lumo_hartree|ar2_Ar_LUMO,0.5507907063140796,0.47191237387080887,2.969239166383935,LOOCV,ln(kobs) = <nonlinear model; no closed-form linear equation>
azoarene_svr_rbf_c10_eps01_g003,ln(kobs),4,ar2_Ar_HOMO|ar2_isotropic_polarizability_au|ar2_lumo_hartree|ar2_Ar_LUMO,0.5507907063140796,0.47191237387080887,2.969239166383935,LOOCV,ln(kobs) = <nonlinear model; no closed-form linear equation>
azoarene_svr_rbf_c10_eps01_g003,ln(kobs),4,ar2_homo_hartree|ar2_Ar_polar|ar2_lumo_hartree|ar2_Ar_LUMO,0.5507907063140796,0.47191237387080887,2.969239166383935,LOOCV,ln(kobs) = <nonlinear model; no closed-form linear equation>
azoarene_svr_rbf_c10_eps01_g003,ln(kobs),4,ar2_homo_hartree|ar2_isotropic_polarizability_au|ar2_lumo_hartree|ar2_Ar_LUMO,0.5507907063140796,0.47191237387080887,2.969239166383935,LOOCV,ln(kobs) = <nonlinear model; no closed-form linear equation>
azoarene_svr_rbf_c10_eps01_g003,ln(kobs),4,ar2_Ar_HOMO|ar2_homo_hartree|rate kobs (s-1)|ar2_Ar_Ster_B5,0.6207077813067168,0.4718491141505019,2.728398365731449,LOOCV,ln(kobs) = <nonlinear model; no closed-form linear equation>
azoarene_svr_rbf_c10_eps01_g003,ln(kobs),4,ar2_Ar_HOMO|ar2_homo_hartree|rate kobs (s-1)|ar2_sterimol_B5,0.6207077813067168,0.4718491141505019,2.728398365731449,LOOCV,ln(kobs) = <nonlinear model; no closed-form linear equation>
azoarene_svr_rbf_c10_eps01_g003,ln(kobs),5,ar2_Ar_HOMO|rate kobs (s-1)|ar2_lumo_hartree|ar1_nbo_q_a|ar1_Ar_NBO_OH,0.6985002273919624,0.47131188756650577,2.432564187061264,LOOCV,ln(kobs) = <nonlinear model; no closed-form linear equation>
azoarene_svr_rbf_c10_eps01_g003,ln(kobs),5,ar2_Ar_HOMO|rate kobs (s-1)|ar2_Ar_LUMO|ar1_nbo_q_a|ar1_Ar_NBO_OH,0.6985002273919624,0.47131188756650577,2.432564187061264,LOOCV,ln(kobs) = <nonlinear model; no closed-form linear equation>
azoarene_svr_rbf_c10_eps01_g003,ln(kobs),5,ar2_homo_hartree|rate kobs (s-1)|ar2_lumo_hartree|ar1_nbo_q_a|ar1_Ar_NBO_OH,0.6985002273919624,0.47131188756650577,2.432564187061264,LOOCV,ln(kobs) = <nonlinear model; no closed-form linear equation>
azoarene_svr_rbf_c10_eps01_g003,ln(kobs),5,ar2_homo_hartree|rate kobs (s-1)|ar2_Ar_LUMO|ar1_nbo_q_a|ar1_Ar_NBO_OH,0.6985002273919624,0.47131188756650577,2.432564187061264,LOOCV,ln(kobs) = <nonlinear model; no closed-form linear equation>
azoarene_svr_rbf_c10_eps01_g003,ln(kobs),5,ar2_Ar_HOMO|ar2_Ar_polar|ar2_enthalpy_hartree|rate kobs (s-1)|ar1_q_a,0.6529610466064016,0.471063103006516,2.609816224172343,LOOCV,ln(kobs) = <nonlinear model; no closed-form linear equation>
azoarene_svr_rbf_c10_eps01_g003,ln(kobs),5,ar2_Ar_HOMO|ar2_isotropic_polarizability_au|ar2_enthalpy_hartree|rate kobs (s-1)|ar1_q_a,0.6529610466064016,0.471063103006516,2.609816224172343,LOOCV,ln(kobs) = <nonlinear model; no closed-form linear equation>
azoarene_svr_rbf_c10_eps01_g003,ln(kobs),5,ar2_homo_hartree|ar2_Ar_polar|ar2_enthalpy_hartree|rate kobs (s-1)|ar1_q_a,0.6529610466064016,0.471063103006516,2.609816224172343,LOOCV,ln(kobs) = <nonlinear model; no closed-form linear equation>
azoarene_svr_rbf_c10_eps01_g003,ln(kobs),5,ar2_homo_hartree|ar2_isotropic_polarizability_au|ar2_enthalpy_hartree|rate kobs (s-1)|ar1_q_a,0.6529610466064016,0.471063103006516,2.609816224172343,LOOCV,ln(kobs) = <nonlinear model; no closed-form linear equation>
azoarene_svr_rbf_c10_eps01_g003,ln(kobs),5,ar2_Ar_HOMO|ar2_Ar_polar|ar2_gibbs_free_energy_hartree|rate kobs (s-1)|ar1_q_a,0.6529532737463516,0.47105297766502896,2.609845450895282,LOOCV,ln(kobs) = <nonlinear model; no closed-form linear equation>
azoarene_svr_rbf_c10_eps01_g003,ln(kobs),5,ar2_Ar_HOMO|ar2_isotropic_polarizability_au|ar2_gibbs_free_energy_hartree|rate kobs (s-1)|ar1_q_a,0.6529532737463516,0.47105297766502896,2.609845450895282,LOOCV,ln(kobs) = <nonlinear model; no closed-form linear equation>
azoarene_svr_rbf_c10_eps01_g003,ln(kobs),5,ar2_homo_hartree|ar2_Ar_polar|ar2_gibbs_free_energy_hartree|rate kobs (s-1)|ar1_q_a,0.6529532737463516,0.47105297766502896,2.609845450895282,LOOCV,ln(kobs) = <nonlinear model; no closed-form linear equation>
azoarene_svr_rbf_c10_eps01_g003,ln(kobs),5,ar2_homo_hartree|ar2_isotropic_polarizability_au|ar2_gibbs_free_energy_hartree|rate kobs (s-1)|ar1_q_a,0.6529532737463516,0.47105297766502896,2.609845450895282,LOOCV,ln(kobs) = <nonlinear model; no closed-form linear equation>
azoarene_svr_rbf_c10_eps01_g003,ln(kobs),5,ar2_Ar_HOMO|ar2_Ar_polar|ar2_scf_energy_hartree|rate kobs (s-1)|ar1_q_a,0.6529584687827328,0.4710477694631151,2.6098259170806966,LOOCV,ln(kobs) = <nonlinear model; no closed-form linear equation>
azoarene_svr_rbf_c10_eps01_g003,ln(kobs),5,ar2_Ar_HOMO|ar2_isotropic_polarizability_au|ar2_scf_energy_hartree|rate kobs (s-1)|ar1_q_a,0.6529584687827328,0.4710477694631151,2.6098259170806966,LOOCV,ln(kobs) = <nonlinear model; no closed-form linear equation>
azoarene_svr_rbf_c10_eps01_g003,ln(kobs),5,ar2_homo_hartree|ar2_Ar_polar|ar2_scf_energy_hartree|rate kobs (s-1)|ar1_q_a,0.6529584687827328,0.4710477694631151,2.6098259170806966,LOOCV,ln(kobs) = <nonlinear model; no closed-form linear equation>
azoarene_svr_rbf_c10_eps01_g003,ln(kobs),5,ar2_homo_hartree|ar2_isotropic_polarizability_au|ar2_scf_energy_hartree|rate kobs (s-1)|ar1_q_a,0.6529584687827328,0.4710477694631151,2.6098259170806966,LOOCV,ln(kobs) = <nonlinear model; no closed-form linear equation>
azoarene_svr_rbf_c10_eps01_g003,ln(kobs),4,ar2_Ar_HOMO|ar2_Ar_polar|ar2_isotropic_polarizability_au|ar1_q_a,0.5983681727923509,0.47104369364731724,2.8075976789037536,LOOCV,ln(kobs) = <nonlinear model; no closed-form linear equation>
azoarene_svr_rbf_c10_eps01_g003,ln(kobs),4,ar2_homo_hartree|ar2_Ar_polar|ar2_isotropic_polarizability_au|ar1_q_a,0.5983681727923509,0.47104369364731724,2.8075976789037536,LOOCV,ln(kobs) = <nonlinear model; no closed-form linear equation>
azoarene_svr_rbf_c10_eps01_g003,ln(kobs),5,ar2_Ar_HOMO|ar2_Ar_polar|ar1_bond_length_c_a|ar2_lumo_hartree|ar2_Ar_Ster_B5,0.642630465668731,0.47064792014556034,2.6483755957873756,LOOCV,ln(kobs) = <nonlinear model; no closed-form linear equation>
azoarene_svr_rbf_c10_eps01_g003,ln(kobs),5,ar2_Ar_HOMO|ar2_Ar_polar|ar1_bond_length_c_a|ar2_lumo_hartree|ar2_sterimol_B5,0.642630465668731,0.47064792014556034,2.6483755957873756,LOOCV,ln(kobs) = <nonlinear model; no closed-form linear equation>
azoarene_svr_rbf_c10_eps01_g003,ln(kobs),5,ar2_Ar_HOMO|ar2_Ar_polar|ar1_bond_length_c_a|ar2_Ar_LUMO|ar2_Ar_Ster_B5,0.642630465668731,0.47064792014556034,2.6483755957873756,LOOCV,ln(kobs) = <nonlinear model; no closed-form linear equation>
azoarene_svr_rbf_c10_eps01_g003,ln(kobs),5,ar2_Ar_HOMO|ar2_Ar_polar|ar1_bond_length_c_a|ar2_Ar_LUMO|ar2_sterimol_B5,0.642630465668731,0.47064792014556034,2.6483755957873756,LOOCV,ln(kobs) = <nonlinear model; no closed-form linear equation>
azoarene_svr_rbf_c10_eps01_g003,ln(kobs),5,ar2_Ar_HOMO|ar2_isotropic_polarizability_au|ar1_bond_length_c_a|ar2_lumo_hartree|ar2_Ar_Ster_B5,0.642630465668731,0.47064792014556034,2.6483755957873756,LOOCV,ln(kobs) = <nonlinear model; no closed-form linear equation>
azoarene_svr_rbf_c10_eps01_g003,ln(kobs),5,ar2_Ar_HOMO|ar2_isotropic_polarizability_au|ar1_bond_length_c_a|ar2_lumo_hartree|ar2_sterimol_B5,0.642630465668731,0.47064792014556034,2.6483755957873756,LOOCV,ln(kobs) = <nonlinear model; no closed-form linear equation>
azoarene_svr_rbf_c10_eps01_g003,ln(kobs),5,ar2_Ar_HOMO|ar2_isotropic_polarizability_au|ar1_bond_length_c_a|ar2_Ar_LUMO|ar2_Ar_Ster_B5,0.642630465668731,0.47064792014556034,2.6483755957873756,LOOCV,ln(kobs) = <nonlinear model; no closed-form linear equation>
azoarene_svr_rbf_c10_eps01_g003,ln(kobs),5,ar2_Ar_HOMO|ar2_isotropic_polarizability_au|ar1_bond_length_c_a|ar2_Ar_LUMO|ar2_sterimol_B5,0.642630465668731,0.47064792014556034,2.6483755957873756,LOOCV,ln(kobs) = <nonlinear model; no closed-form linear equation>
azoarene_svr_rbf_c10_eps01_g003,ln(kobs),5,ar2_homo_hartree|ar2_Ar_polar|ar1_bond_length_c_a|ar2_lumo_hartree|ar2_Ar_Ster_B5,0.642630465668731,0.47064792014556034,2.6483755957873756,LOOCV,ln(kobs) = <nonlinear model; no closed-form linear equation>
azoarene_svr_rbf_c10_eps01_g003,ln(kobs),5,ar2_homo_hartree|ar2_Ar_polar|ar1_bond_length_c_a|ar2_lumo_hartree|ar2_sterimol_B5,0.642630465668731,0.47064792014556034,2.6483755957873756,LOOCV,ln(kobs) = <nonlinear model; no closed-form linear equation>
azoarene_svr_rbf_c10_eps01_g003,ln(kobs),5,ar2_homo_hartree|ar2_Ar_polar|ar1_bond_length_c_a|ar2_Ar_LUMO|ar2_Ar_Ster_B5,0.642630465668731,0.47064792014556034,2.6483755957873756,LOOCV,ln(kobs) = <nonlinear model; no closed-form linear equation>
azoarene_svr_rbf_c10_eps01_g003,ln(kobs),5,ar2_homo_hartree|ar2_Ar_polar|ar1_bond_length_c_a|ar2_Ar_LUMO|ar2_sterimol_B5,0.642630465668731,0.47064792014556034,2.6483755957873756,LOOCV,ln(kobs) = <nonlinear model; no closed-form linear equation>
azoarene_svr_rbf_c10_eps01_g003,ln(kobs),5,ar2_homo_hartree|ar2_isotropic_polarizability_au|ar1_bond_length_c_a|ar2_lumo_hartree|ar2_Ar_Ster_B5,0.642630465668731,0.47064792014556034,2.6483755957873756,LOOCV,ln(kobs) = <nonlinear model; no closed-form linear equation>
azoarene_svr_rbf_c10_eps01_g003,ln(kobs),5,ar2_homo_hartree|ar2_isotropic_polarizability_au|ar1_bond_length_c_a|ar2_lumo_hartree|ar2_sterimol_B5,0.642630465668731,0.47064792014556034,2.6483755957873756,LOOCV,ln(kobs) = <nonlinear model; no closed-form linear equation>
azoarene_svr_rbf_c10_eps01_g003,ln(kobs),5,ar2_homo_hartree|ar2_isotropic_polarizability_au|ar1_bond_length_c_a|ar2_Ar_LUMO|ar2_Ar_Ster_B5,0.642630465668731,0.47064792014556034,2.6483755957873756,LOOCV,ln(kobs) = <nonlinear model; no closed-form linear equation>
azoarene_svr_rbf_c10_eps01_g003,ln(kobs),5,ar2_homo_hartree|ar2_isotropic_polarizability_au|ar1_bond_length_c_a|ar2_Ar_LUMO|ar2_sterimol_B5,0.642630465668731,0.47064792014556034,2.6483755957873756,LOOCV,ln(kobs) = <nonlinear model; no closed-form linear equation>
azoarene_svr_rbf_c10_eps01_g003,ln(kobs),3,ar2_Ar_HOMO|ar2_lumo_hartree|ar2_Ar_Ster_B5,0.5364655270503316,0.47017339945156955,3.016211789903126,LOOCV,ln(kobs) = <nonlinear model; no closed-form linear equation>
azoarene_svr_rbf_c10_eps01_g003,ln(kobs),3,ar2_Ar_HOMO|ar2_lumo_hartree|ar2_sterimol_B5,0.5364655270503316,0.47017339945156955,3.016211789903126,LOOCV,ln(kobs) = <nonlinear model; no closed-form linear equation>
azoarene_svr_rbf_c10_eps01_g003,ln(kobs),3,ar2_Ar_HOMO|ar2_Ar_LUMO|ar2_Ar_Ster_B5,0.5364655270503316,0.47017339945156955,3.016211789903126,LOOCV,ln(kobs) = <nonlinear model; no closed-form linear equation>
azoarene_svr_rbf_c10_eps01_g003,ln(kobs),3,ar2_Ar_HOMO|ar2_Ar_LUMO|ar2_sterimol_B5,0.5364655270503316,0.47017339945156955,3.016211789903126,LOOCV,ln(kobs) = <nonlinear model; no closed-form linear equation>
azoarene_svr_rbf_c10_eps01_g003,ln(kobs),3,ar2_homo_hartree|ar2_lumo_hartree|ar2_Ar_Ster_B5,0.5364655270503316,0.47017339945156955,3.016211789903126,LOOCV,ln(kobs) = <nonlinear model; no closed-form linear equation>
azoarene_svr_rbf_c10_eps01_g003,ln(kobs),3,ar2_homo_hartree|ar2_lumo_hartree|ar2_sterimol_B5,0.5364655270503316,0.47017339945156955,3.016211789903126,LOOCV,ln(kobs) = <nonlinear model; no closed-form linear equation>
azoarene_svr_rbf_c10_eps01_g003,ln(kobs),3,ar2_homo_hartree|ar2_Ar_LUMO|ar2_Ar_Ster_B5,0.5364655270503316,0.47017339945156955,3.016211789903126,LOOCV,ln(kobs) = <nonlinear model; no closed-form linear equation>
azoarene_svr_rbf_c10_eps01_g003,ln(kobs),3,ar2_homo_hartree|ar2_Ar_LUMO|ar2_sterimol_B5,0.5364655270503316,0.47017339945156955,3.016211789903126,LOOCV,ln(kobs) = <nonlinear model; no closed-form linear equation>
azoarene_svr_rbf_c10_eps01_g003,ln(kobs),4,ar2_Ar_HOMO|ar2_Ar_polar|ar2_Ar_Ster_B5|ar1_nbo_q_a,0.6053667660295738,0.4700734920723747,2.7830284270065024,LOOCV,ln(kobs) = <nonlinear model; no closed-form linear equation>
azoarene_svr_rbf_c10_eps01_g003,ln(kobs),4,ar2_Ar_HOMO|ar2_Ar_polar|ar2_Ar_Ster_B5|ar1_Ar_NBO_OH,0.6053667660295738,0.4700734920723747,2.7830284270065024,LOOCV,ln(kobs) = <nonlinear model; no closed-form linear equation>
azoarene_svr_rbf_c10_eps01_g003,ln(kobs),4,ar2_Ar_HOMO|ar2_Ar_polar|ar2_sterimol_B5|ar1_nbo_q_a,0.6053667660295738,0.4700734920723747,2.7830284270065024,LOOCV,ln(kobs) = <nonlinear model; no closed-form linear equation>
azoarene_svr_rbf_c10_eps01_g003,ln(kobs),4,ar2_Ar_HOMO|ar2_Ar_polar|ar2_sterimol_B5|ar1_Ar_NBO_OH,0.6053667660295738,0.4700734920723747,2.7830284270065024,LOOCV,ln(kobs) = <nonlinear model; no closed-form linear equation>
azoarene_svr_rbf_c10_eps01_g003,ln(kobs),4,ar2_Ar_HOMO|ar2_isotropic_polarizability_au|ar2_Ar_Ster_B5|ar1_nbo_q_a,0.6053667660295738,0.4700734920723747,2.7830284270065024,LOOCV,ln(kobs) = <nonlinear model; no closed-form linear equation>
azoarene_svr_rbf_c10_eps01_g003,ln(kobs),4,ar2_Ar_HOMO|ar2_isotropic_polarizability_au|ar2_Ar_Ster_B5|ar1_Ar_NBO_OH,0.6053667660295738,0.4700734920723747,2.7830284270065024,LOOCV,ln(kobs) = <nonlinear model; no closed-form linear equation>
azoarene_svr_rbf_c10_eps01_g003,ln(kobs),4,ar2_Ar_HOMO|ar2_isotropic_polarizability_au|ar2_sterimol_B5|ar1_nbo_q_a,0.6053667660295738,0.4700734920723747,2.7830284270065024,LOOCV,ln(kobs) = <nonlinear model; no closed-form linear equation>
azoarene_svr_rbf_c10_eps01_g003,ln(kobs),4,ar2_Ar_HOMO|ar2_isotropic_polarizability_au|ar2_sterimol_B5|ar1_Ar_NBO_OH,0.6053667660295738,0.4700734920723747,2.7830284270065024,LOOCV,ln(kobs) = <nonlinear model; no closed-form linear equation>
azoarene_svr_rbf_c10_eps01_g003,ln(kobs),4,ar2_homo_hartree|ar2_Ar_polar|ar2_Ar_Ster_B5|ar1_nbo_q_a,0.6053667660295738,0.4700734920723747,2.7830284270065024,LOOCV,ln(kobs) = <nonlinear model; no closed-form linear equation>
azoarene_svr_rbf_c10_eps01_g003,ln(kobs),4,ar2_homo_hartree|ar2_Ar_polar|ar2_Ar_Ster_B5|ar1_Ar_NBO_OH,0.6053667660295738,0.4700734920723747,2.7830284270065024,LOOCV,ln(kobs) = <nonlinear model; no closed-form linear equation>
azoarene_svr_rbf_c10_eps01_g003,ln(kobs),4,ar2_homo_hartree|ar2_Ar_polar|ar2_sterimol_B5|ar1_nbo_q_a,0.6053667660295738,0.4700734920723747,2.7830284270065024,LOOCV,ln(kobs) = <nonlinear model; no closed-form linear equation>
azoarene_svr_rbf_c10_eps01_g003,ln(kobs),4,ar2_homo_hartree|ar2_Ar_polar|ar2_sterimol_B5|ar1_Ar_NBO_OH,0.6053667660295738,0.4700734920723747,2.7830284270065024,LOOCV,ln(kobs) = <nonlinear model; no closed-form linear equation>
azoarene_svr_rbf_c10_eps01_g003,ln(kobs),4,ar2_homo_hartree|ar2_isotropic_polarizability_au|ar2_Ar_Ster_B5|ar1_nbo_q_a,0.6053667660295738,0.4700734920723747,2.7830284270065024,LOOCV,ln(kobs) = <nonlinear model; no closed-form linear equation>
azoarene_svr_rbf_c10_eps01_g003,ln(kobs),4,ar2_homo_hartree|ar2_isotropic_polarizability_au|ar2_Ar_Ster_B5|ar1_Ar_NBO_OH,0.6053667660295738,0.4700734920723747,2.7830284270065024,LOOCV,ln(kobs) = <nonlinear model; no closed-form linear equation>
azoarene_svr_rbf_c10_eps01_g003,ln(kobs),4,ar2_homo_hartree|ar2_isotropic_polarizability_au|ar2_sterimol_B5|ar1_nbo_q_a,0.6053667660295738,0.4700734920723747,2.7830284270065024,LOOCV,ln(kobs) = <nonlinear model; no closed-form linear equation>
azoarene_svr_rbf_c10_eps01_g003,ln(kobs),4,ar2_homo_hartree|ar2_isotropic_polarizability_au|ar2_sterimol_B5|ar1_Ar_NBO_OH,0.6053667660295738,0.4700734920723747,2.7830284270065024,LOOCV,ln(kobs) = <nonlinear model; no closed-form linear equation>
azoarene_svr_rbf_c10_eps01_g003,ln(kobs),3,ar2_Ar_HOMO|ar2_gap_hartree|ar2_Ar_Ster_B5,0.5364624370759087,0.47004898668321893,3.01622184309474,LOOCV,ln(kobs) = <nonlinear model; no closed-form linear equation>
azoarene_svr_rbf_c10_eps01_g003,ln(kobs),3,ar2_Ar_HOMO|ar2_gap_hartree|ar2_sterimol_B5,0.5364624370759087,0.47004898668321893,3.01622184309474,LOOCV,ln(kobs) = <nonlinear model; no closed-form linear equation>
azoarene_svr_rbf_c10_eps01_g003,ln(kobs),3,ar2_homo_hartree|ar2_gap_hartree|ar2_Ar_Ster_B5,0.5364624370759087,0.47004898668321893,3.01622184309474,LOOCV,ln(kobs) = <nonlinear model; no closed-form linear equation>
azoarene_svr_rbf_c10_eps01_g003,ln(kobs),3,ar2_homo_hartree|ar2_gap_hartree|ar2_sterimol_B5,0.5364624370759087,0.47004898668321893,3.01622184309474,LOOCV,ln(kobs) = <nonlinear model; no closed-form linear equation>
azoarene_svr_rbf_c10_eps01_g003,ln(kobs),5,ar2_Ar_HOMO|ar2_Ar_polar|ar2_isotropic_polarizability_au|rate kobs (s-1)|ar1_bond_length_c_a,0.6777381367031428,0.4699932528875488,2.5149263493663554,LOOCV,ln(kobs) = <nonlinear model; no closed-form linear equation>
azoarene_svr_rbf_c10_eps01_g003,ln(kobs),5,ar2_homo_hartree|ar2_Ar_polar|ar2_isotropic_polarizability_au|rate kobs (s-1)|ar1_bond_length_c_a,0.6777381367031428,0.4699932528875488,2.5149263493663554,LOOCV,ln(kobs) = <nonlinear model; no closed-form linear equation>
azoarene_svr_rbf_c10_eps01_g003,ln(kobs),5,ar2_Ar_HOMO|rate kobs (s-1)|ar1_bond_length_c_e|ar2_Ar_Ster_B5|ar2_sterimol_B5,0.6538207565473968,0.4698810373942113,2.606581607123548,LOOCV,ln(kobs) = <nonlinear model; no closed-form linear equation>
azoarene_svr_rbf_c10_eps01_g003,ln(kobs),5,ar2_homo_hartree|rate kobs (s-1)|ar1_bond_length_c_e|ar2_Ar_Ster_B5|ar2_sterimol_B5,0.6538207565473968,0.4698810373942113,2.606581607123548,LOOCV,ln(kobs) = <nonlinear model; no closed-form linear equation>
azoarene_svr_rbf_c10_eps01_g003,ln(kobs),4,ar2_Ar_HOMO|ar2_Ar_polar|rate kobs (s-1)|ar1_q_a,0.6548593961184335,0.46980008620799374,2.602668413916873,LOOCV,ln(kobs) = <nonlinear model; no closed-form linear equation>
azoarene_svr_rbf_c10_eps01_g003,ln(kobs),4,ar2_Ar_HOMO|ar2_isotropic_polarizability_au|rate kobs (s-1)|ar1_q_a,0.6548593961184335,0.46980008620799374,2.602668413916873,LOOCV,ln(kobs) = <nonlinear model; no closed-form linear equation>
azoarene_svr_rbf_c10_eps01_g003,ln(kobs),4,ar2_homo_hartree|ar2_Ar_polar|rate kobs (s-1)|ar1_q_a,0.6548593961184335,0.46980008620799374,2.602668413916873,LOOCV,ln(kobs) = <nonlinear model; no closed-form linear equation>
azoarene_svr_rbf_c10_eps01_g003,ln(kobs),4,ar2_homo_hartree|ar2_isotropic_polarizability_au|rate kobs (s-1)|ar1_q_a,0.6548593961184335,0.46980008620799374,2.602668413916873,LOOCV,ln(kobs) = <nonlinear model; no closed-form linear equation>
azoarene_svr_rbf_c10_eps01_g003,ln(kobs),5,ar2_Ar_HOMO|rate kobs (s-1)|ar2_lumo_hartree|ar1_q_a|ar2_Ar_Ster_B5,0.6667727393918288,0.4693345855676967,2.5573553338182484,LOOCV,ln(kobs) = <nonlinear model; no closed-form linear equation>
azoarene_svr_rbf_c10_eps01_g003,ln(kobs),5,ar2_Ar_HOMO|rate kobs (s-1)|ar2_lumo_hartree|ar1_q_a|ar2_sterimol_B5,0.6667727393918288,0.4693345855676967,2.5573553338182484,LOOCV,ln(kobs) = <nonlinear model; no closed-form linear equation>
azoarene_svr_rbf_c10_eps01_g003,ln(kobs),5,ar2_Ar_HOMO|rate kobs (s-1)|ar2_Ar_LUMO|ar1_q_a|ar2_Ar_Ster_B5,0.6667727393918288,0.4693345855676967,2.5573553338182484,LOOCV,ln(kobs) = <nonlinear model; no closed-form linear equation>
azoarene_svr_rbf_c10_eps01_g003,ln(kobs),5,ar2_Ar_HOMO|rate kobs (s-1)|ar2_Ar_LUMO|ar1_q_a|ar2_sterimol_B5,0.6667727393918288,0.4693345855676967,2.5573553338182484,LOOCV,ln(kobs) = <nonlinear model; no closed-form linear equation>
azoarene_svr_rbf_c10_eps01_g003,ln(kobs),5,ar2_homo_hartree|rate kobs (s-1)|ar2_lumo_hartree|ar1_q_a|ar2_Ar_Ster_B5,0.6667727393918288,0.4693345855676967,2.5573553338182484,LOOCV,ln(kobs) = <nonlinear model; no closed-form linear equation>
azoarene_svr_rbf_c10_eps01_g003,ln(kobs),5,ar2_homo_hartree|rate kobs (s-1)|ar2_lumo_hartree|ar1_q_a|ar2_sterimol_B5,0.6667727393918288,0.4693345855676967,2.5573553338182484,LOOCV,ln(kobs) = <nonlinear model; no closed-form linear equation>
azoarene_svr_rbf_c10_eps01_g003,ln(kobs),5,ar2_homo_hartree|rate kobs (s-1)|ar2_Ar_LUMO|ar1_q_a|ar2_Ar_Ster_B5,0.6667727393918288,0.4693345855676967,2.5573553338182484,LOOCV,ln(kobs) = <nonlinear model; no closed-form linear equation>
azoarene_svr_rbf_c10_eps01_g003,ln(kobs),5,ar2_homo_hartree|rate kobs (s-1)|ar2_Ar_LUMO|ar1_q_a|ar2_sterimol_B5,0.6667727393918288,0.4693345855676967,2.5573553338182484,LOOCV,ln(kobs) = <nonlinear model; no closed-form linear equation>
azoarene_svr_rbf_c10_eps01_g003,ln(kobs),5,ar2_Ar_HOMO|rate kobs (s-1)|ar2_gap_hartree|ar1_q_a|ar2_Ar_Ster_B5,0.6672378594309041,0.4691133151463366,2.5555699268111773,LOOCV,ln(kobs) = <nonlinear model; no closed-form linear equation>
azoarene_svr_rbf_c10_eps01_g003,ln(kobs),5,ar2_Ar_HOMO|rate kobs (s-1)|ar2_gap_hartree|ar1_q_a|ar2_sterimol_B5,0.6672378594309041,0.4691133151463366,2.5555699268111773,LOOCV,ln(kobs) = <nonlinear model; no closed-form linear equation>
azoarene_svr_rbf_c10_eps01_g003,ln(kobs),5,ar2_homo_hartree|rate kobs (s-1)|ar2_gap_hartree|ar1_q_a|ar2_Ar_Ster_B5,0.6672378594309041,0.4691133151463366,2.5555699268111773,LOOCV,ln(kobs) = <nonlinear model; no closed-form linear equation>
azoarene_svr_rbf_c10_eps01_g003,ln(kobs),5,ar2_homo_hartree|rate kobs (s-1)|ar2_gap_hartree|ar1_q_a|ar2_sterimol_B5,0.6672378594309041,0.4691133151463366,2.5555699268111773,LOOCV,ln(kobs) = <nonlinear model; no closed-form linear equation>
azoarene_svr_rbf_c10_eps01_g003,ln(kobs),5,ar2_Ar_HOMO|ar2_Ar_polar|rate kobs (s-1)|ar1_bond_length_c_a|ar1_nbo_q_a,0.6937960553991793,0.46895296105999484,2.4514678652278383,LOOCV,ln(kobs) = <nonlinear model; no closed-form linear equation>
azoarene_svr_rbf_c10_eps01_g003,ln(kobs),5,ar2_Ar_HOMO|ar2_Ar_polar|rate kobs (s-1)|ar1_bond_length_c_a|ar1_Ar_NBO_OH,0.6937960553991793,0.46895296105999484,2.4514678652278383,LOOCV,ln(kobs) = <nonlinear model; no closed-form linear equation>
azoarene_svr_rbf_c10_eps01_g003,ln(kobs),5,ar2_Ar_HOMO|ar2_isotropic_polarizability_au|rate kobs (s-1)|ar1_bond_length_c_a|ar1_nbo_q_a,0.6937960553991793,0.46895296105999484,2.4514678652278383,LOOCV,ln(kobs) = <nonlinear model; no closed-form linear equation>
azoarene_svr_rbf_c10_eps01_g003,ln(kobs),5,ar2_Ar_HOMO|ar2_isotropic_polarizability_au|rate kobs (s-1)|ar1_bond_length_c_a|ar1_Ar_NBO_OH,0.6937960553991793,0.46895296105999484,2.4514678652278383,LOOCV,ln(kobs) = <nonlinear model; no closed-form linear equation>
azoarene_svr_rbf_c10_eps01_g003,ln(kobs),5,ar2_homo_hartree|ar2_Ar_polar|rate kobs (s-1)|ar1_bond_length_c_a|ar1_nbo_q_a,0.6937960553991793,0.46895296105999484,2.4514678652278383,LOOCV,ln(kobs) = <nonlinear model; no closed-form linear equation>
azoarene_svr_rbf_c10_eps01_g003,ln(kobs),5,ar2_homo_hartree|ar2_Ar_polar|rate kobs (s-1)|ar1_bond_length_c_a|ar1_Ar_NBO_OH,0.6937960553991793,0.46895296105999484,2.4514678652278383,LOOCV,ln(kobs) = <nonlinear model; no closed-form linear equation>
azoarene_svr_rbf_c10_eps01_g003,ln(kobs),5,ar2_homo_hartree|ar2_isotropic_polarizability_au|rate kobs (s-1)|ar1_bond_length_c_a|ar1_nbo_q_a,0.6937960553991793,0.46895296105999484,2.4514678652278383,LOOCV,ln(kobs) = <nonlinear model; no closed-form linear equation>
azoarene_svr_rbf_c10_eps01_g003,ln(kobs),5,ar2_homo_hartree|ar2_isotropic_polarizability_au|rate kobs (s-1)|ar1_bond_length_c_a|ar1_Ar_NBO_OH,0.6937960553991793,0.46895296105999484,2.4514678652278383,LOOCV,ln(kobs) = <nonlinear model; no closed-form linear equation>
azoarene_svr_rbf_c10_eps01_g003,ln(kobs),5,ar2_Ar_HOMO|ar2_Ar_polar|ar1_bond_length_c_a|ar2_gap_hartree|ar2_Ar_Ster_B5,0.6420310286275326,0.4688849953403983,2.6505958036116053,LOOCV,ln(kobs) = <nonlinear model; no closed-form linear equation>
azoarene_svr_rbf_c10_eps01_g003,ln(kobs),5,ar2_Ar_HOMO|ar2_Ar_polar|ar1_bond_length_c_a|ar2_gap_hartree|ar2_sterimol_B5,0.6420310286275326,0.4688849953403983,2.6505958036116053,LOOCV,ln(kobs) = <nonlinear model; no closed-form linear equation>
azoarene_svr_rbf_c10_eps01_g003,ln(kobs),5,ar2_Ar_HOMO|ar2_isotropic_polarizability_au|ar1_bond_length_c_a|ar2_gap_hartree|ar2_Ar_Ster_B5,0.6420310286275326,0.4688849953403983,2.6505958036116053,LOOCV,ln(kobs) = <nonlinear model; no closed-form linear equation>
azoarene_svr_rbf_c10_eps01_g003,ln(kobs),5,ar2_Ar_HOMO|ar2_isotropic_polarizability_au|ar1_bond_length_c_a|ar2_gap_hartree|ar2_sterimol_B5,0.6420310286275326,0.4688849953403983,2.6505958036116053,LOOCV,ln(kobs) = <nonlinear model; no closed-form linear equation>
azoarene_svr_rbf_c10_eps01_g003,ln(kobs),5,ar2_homo_hartree|ar2_Ar_polar|ar1_bond_length_c_a|ar2_gap_hartree|ar2_Ar_Ster_B5,0.6420310286275326,0.4688849953403983,2.6505958036116053,LOOCV,ln(kobs) = <nonlinear model; no closed-form linear equation>
azoarene_svr_rbf_c10_eps01_g003,ln(kobs),5,ar2_homo_hartree|ar2_Ar_polar|ar1_bond_length_c_a|ar2_gap_hartree|ar2_sterimol_B5,0.6420310286275326,0.4688849953403983,2.6505958036116053,LOOCV,ln(kobs) = <nonlinear model; no closed-form linear equation>
azoarene_svr_rbf_c10_eps01_g003,ln(kobs),5,ar2_homo_hartree|ar2_isotropic_polarizability_au|ar1_bond_length_c_a|ar2_gap_hartree|ar2_Ar_Ster_B5,0.6420310286275326,0.4688849953403983,2.6505958036116053,LOOCV,ln(kobs) = <nonlinear model; no closed-form linear equation>
azoarene_svr_rbf_c10_eps01_g003,ln(kobs),5,ar2_homo_hartree|ar2_isotropic_polarizability_au|ar1_bond_length_c_a|ar2_gap_hartree|ar2_sterimol_B5,0.6420310286275326,0.4688849953403983,2.6505958036116053,LOOCV,ln(kobs) = <nonlinear model; no closed-form linear equation>
azoarene_svr_rbf_c10_eps01_g003,ln(kobs),4,ar2_Ar_HOMO|ar2_scf_energy_hartree|rate kobs (s-1)|ar1_bond_length_c_a,0.6560454277051462,0.4686672616977775,2.598192696819362,LOOCV,ln(kobs) = <nonlinear model; no closed-form linear equation>
azoarene_svr_rbf_c10_eps01_g003,ln(kobs),4,ar2_homo_hartree|ar2_scf_energy_hartree|rate kobs (s-1)|ar1_bond_length_c_a,0.6560454277051462,0.4686672616977775,2.598192696819362,LOOCV,ln(kobs) = <nonlinear model; no closed-form linear equation>
azoarene_svr_rbf_c10_eps01_g003,ln(kobs),4,ar2_Ar_HOMO|ar2_gibbs_free_energy_hartree|rate kobs (s-1)|ar1_bond_length_c_a,0.6560401564463366,0.46860766500423556,2.5982126059800073,LOOCV,ln(kobs) = <nonlinear model; no closed-form linear equation>
azoarene_svr_rbf_c10_eps01_g003,ln(kobs),4,ar2_homo_hartree|ar2_gibbs_free_energy_hartree|rate kobs (s-1)|ar1_bond_length_c_a,0.6560401564463366,0.46860766500423556,2.5982126059800073,LOOCV,ln(kobs) = <nonlinear model; no closed-form linear equation>
azoarene_svr_rbf_c10_eps01_g003,ln(kobs),4,ar2_Ar_HOMO|ar2_enthalpy_hartree|rate kobs (s-1)|ar1_bond_length_c_a,0.6560400547686126,0.4685836384165639,2.5982129900078665,LOOCV,ln(kobs) = <nonlinear model; no closed-form linear equation>
azoarene_svr_rbf_c10_eps01_g003,ln(kobs),4,ar2_homo_hartree|ar2_enthalpy_hartree|rate kobs (s-1)|ar1_bond_length_c_a,0.6560400547686126,0.4685836384165639,2.5982129900078665,LOOCV,ln(kobs) = <nonlinear model; no closed-form linear equation>
azoarene_svr_rbf_c10_eps01_g003,ln(kobs),5,ar2_Ar_HOMO|ar2_homo_hartree|rate kobs (s-1)|ar1_bond_length_c_e|ar1_nbo_q_a,0.7108671417347994,0.4682704543173912,2.3821523812310055,LOOCV,ln(kobs) = <nonlinear model; no closed-form linear equation>
azoarene_svr_rbf_c10_eps01_g003,ln(kobs),5,ar2_Ar_HOMO|ar2_homo_hartree|rate kobs (s-1)|ar1_bond_length_c_e|ar1_Ar_NBO_OH,0.7108671417347994,0.4682704543173912,2.3821523812310055,LOOCV,ln(kobs) = <nonlinear model; no closed-form linear equation>
azoarene_svr_rbf_c10_eps01_g003,ln(kobs),5,ar2_Ar_HOMO|rate kobs (s-1)|ar1_bond_length_c_a|ar2_Ar_Ster_B5|ar1_nbo_q_a,0.6778078251461888,0.46729115036346913,2.5146544109249507,LOOCV,ln(kobs) = <nonlinear model; no closed-form linear equation>
azoarene_svr_rbf_c10_eps01_g003,ln(kobs),5,ar2_Ar_HOMO|rate kobs (s-1)|ar1_bond_length_c_a|ar2_Ar_Ster_B5|ar1_Ar_NBO_OH,0.6778078251461888,0.46729115036346913,2.5146544109249507,LOOCV,ln(kobs) = <nonlinear model; no closed-form linear equation>
azoarene_svr_rbf_c10_eps01_g003,ln(kobs),5,ar2_Ar_HOMO|rate kobs (s-1)|ar1_bond_length_c_a|ar2_sterimol_B5|ar1_nbo_q_a,0.6778078251461888,0.46729115036346913,2.5146544109249507,LOOCV,ln(kobs) = <nonlinear model; no closed-form linear equation>
azoarene_svr_rbf_c10_eps01_g003,ln(kobs),5,ar2_Ar_HOMO|rate kobs (s-1)|ar1_bond_length_c_a|ar2_sterimol_B5|ar1_Ar_NBO_OH,0.6778078251461888,0.46729115036346913,2.5146544109249507,LOOCV,ln(kobs) = <nonlinear model; no closed-form linear equation>
azoarene_svr_rbf_c10_eps01_g003,ln(kobs),5,ar2_homo_hartree|rate kobs (s-1)|ar1_bond_length_c_a|ar2_Ar_Ster_B5|ar1_nbo_q_a,0.6778078251461888,0.46729115036346913,2.5146544109249507,LOOCV,ln(kobs) = <nonlinear model; no closed-form linear equation>
azoarene_svr_rbf_c10_eps01_g003,ln(kobs),5,ar2_homo_hartree|rate kobs (s-1)|ar1_bond_length_c_a|ar2_Ar_Ster_B5|ar1_Ar_NBO_OH,0.6778078251461888,0.46729115036346913,2.5146544109249507,LOOCV,ln(kobs) = <nonlinear model; no closed-form linear equation>
azoarene_svr_rbf_c10_eps01_g003,ln(kobs),5,ar2_homo_hartree|rate kobs (s-1)|ar1_bond_length_c_a|ar2_sterimol_B5|ar1_nbo_q_a,0.6778078251461888,0.46729115036346913,2.5146544109249507,LOOCV,ln(kobs) = <nonlinear model; no closed-form linear equation>
azoarene_svr_rbf_c10_eps01_g003,ln(kobs),5,ar2_homo_hartree|rate kobs (s-1)|ar1_bond_length_c_a|ar2_sterimol_B5|ar1_Ar_NBO_OH,0.6778078251461888,0.46729115036346913,2.5146544109249507,LOOCV,ln(kobs) = <nonlinear model; no closed-form linear equation>
azoarene_svr_rbf_c10_eps01_g003,ln(kobs),5,ar2_Ar_HOMO|ar2_scf_energy_hartree|ar2_lumo_hartree|ar1_bond_length_c_e|ar1_nbo_q_a,0.6358227650698876,0.46696953101703076,2.673481672588718,LOOCV,ln(kobs) = <nonlinear model; no closed-form linear equation>
azoarene_svr_rbf_c10_eps01_g003,ln(kobs),5,ar2_Ar_HOMO|ar2_scf_energy_hartree|ar2_lumo_hartree|ar1_bond_length_c_e|ar1_Ar_NBO_OH,0.6358227650698876,0.46696953101703076,2.673481672588718,LOOCV,ln(kobs) = <nonlinear model; no closed-form linear equation>
azoarene_svr_rbf_c10_eps01_g003,ln(kobs),5,ar2_Ar_HOMO|ar2_scf_energy_hartree|ar2_Ar_LUMO|ar1_bond_length_c_e|ar1_nbo_q_a,0.6358227650698876,0.46696953101703076,2.673481672588718,LOOCV,ln(kobs) = <nonlinear model; no closed-form linear equation>
azoarene_svr_rbf_c10_eps01_g003,ln(kobs),5,ar2_Ar_HOMO|ar2_scf_energy_hartree|ar2_Ar_LUMO|ar1_bond_length_c_e|ar1_Ar_NBO_OH,0.6358227650698876,0.46696953101703076,2.673481672588718,LOOCV,ln(kobs) = <nonlinear model; no closed-form linear equation>
azoarene_svr_rbf_c10_eps01_g003,ln(kobs),5,ar2_homo_hartree|ar2_scf_energy_hartree|ar2_lumo_hartree|ar1_bond_length_c_e|ar1_nbo_q_a,0.6358227650698876,0.46696953101703076,2.673481672588718,LOOCV,ln(kobs) = <nonlinear model; no closed-form linear equation>
azoarene_svr_rbf_c10_eps01_g003,ln(kobs),5,ar2_homo_hartree|ar2_scf_energy_hartree|ar2_lumo_hartree|ar1_bond_length_c_e|ar1_Ar_NBO_OH,0.6358227650698876,0.46696953101703076,2.673481672588718,LOOCV,ln(kobs) = <nonlinear model; no closed-form linear equation>
azoarene_svr_rbf_c10_eps01_g003,ln(kobs),5,ar2_homo_hartree|ar2_scf_energy_hartree|ar2_Ar_LUMO|ar1_bond_length_c_e|ar1_nbo_q_a,0.6358227650698876,0.46696953101703076,2.673481672588718,LOOCV,ln(kobs) = <nonlinear model; no closed-form linear equation>
azoarene_svr_rbf_c10_eps01_g003,ln(kobs),5,ar2_homo_hartree|ar2_scf_energy_hartree|ar2_Ar_LUMO|ar1_bond_length_c_e|ar1_Ar_NBO_OH,0.6358227650698876,0.46696953101703076,2.673481672588718,LOOCV,ln(kobs) = <nonlinear model; no closed-form linear equation>
azoarene_svr_rbf_c10_eps01_g003,ln(kobs),4,ar2_Ar_HOMO|ar2_Ar_polar|ar2_enthalpy_hartree|rate kobs (s-1),0.61623968818007,0.4669369230751005,2.744421691988522,LOOCV,ln(kobs) = <nonlinear model; no closed-form linear equation>
azoarene_svr_rbf_c10_eps01_g003,ln(kobs),4,ar2_Ar_HOMO|ar2_isotropic_polarizability_au|ar2_enthalpy_hartree|rate kobs (s-1),0.61623968818007,0.4669369230751005,2.744421691988522,LOOCV,ln(kobs) = <nonlinear model; no closed-form linear equation>
azoarene_svr_rbf_c10_eps01_g003,ln(kobs),4,ar2_homo_hartree|ar2_Ar_polar|ar2_enthalpy_hartree|rate kobs (s-1),0.61623968818007,0.4669369230751005,2.744421691988522,LOOCV,ln(kobs) = <nonlinear model; no closed-form linear equation>
azoarene_svr_rbf_c10_eps01_g003,ln(kobs),4,ar2_homo_hartree|ar2_isotropic_polarizability_au|ar2_enthalpy_hartree|rate kobs (s-1),0.61623968818007,0.4669369230751005,2.744421691988522,LOOCV,ln(kobs) = <nonlinear model; no closed-form linear equation>
azoarene_svr_rbf_c10_eps01_g003,ln(kobs),5,ar2_Ar_HOMO|ar2_gibbs_free_energy_hartree|ar2_lumo_hartree|ar1_bond_length_c_e|ar1_nbo_q_a,0.635789630377475,0.4669301551640277,2.6736032932853306,LOOCV,ln(kobs) = <nonlinear model; no closed-form linear equation>
azoarene_svr_rbf_c10_eps01_g003,ln(kobs),5,ar2_Ar_HOMO|ar2_gibbs_free_energy_hartree|ar2_lumo_hartree|ar1_bond_length_c_e|ar1_Ar_NBO_OH,0.635789630377475,0.4669301551640277,2.6736032932853306,LOOCV,ln(kobs) = <nonlinear model; no closed-form linear equation>
azoarene_svr_rbf_c10_eps01_g003,ln(kobs),5,ar2_Ar_HOMO|ar2_gibbs_free_energy_hartree|ar2_Ar_LUMO|ar1_bond_length_c_e|ar1_nbo_q_a,0.635789630377475,0.4669301551640277,2.6736032932853306,LOOCV,ln(kobs) = <nonlinear model; no closed-form linear equation>
azoarene_svr_rbf_c10_eps01_g003,ln(kobs),5,ar2_Ar_HOMO|ar2_gibbs_free_energy_hartree|ar2_Ar_LUMO|ar1_bond_length_c_e|ar1_Ar_NBO_OH,0.635789630377475,0.4669301551640277,2.6736032932853306,LOOCV,ln(kobs) = <nonlinear model; no closed-form linear equation>
azoarene_svr_rbf_c10_eps01_g003,ln(kobs),5,ar2_homo_hartree|ar2_gibbs_free_energy_hartree|ar2_lumo_hartree|ar1_bond_length_c_e|ar1_nbo_q_a,0.635789630377475,0.4669301551640277,2.6736032932853306,LOOCV,ln(kobs) = <nonlinear model; no closed-form linear equation>
azoarene_svr_rbf_c10_eps01_g003,ln(kobs),5,ar2_homo_hartree|ar2_gibbs_free_energy_hartree|ar2_lumo_hartree|ar1_bond_length_c_e|ar1_Ar_NBO_OH,0.635789630377475,0.4669301551640277,2.6736032932853306,LOOCV,ln(kobs) = <nonlinear model; no closed-form linear equation>
azoarene_svr_rbf_c10_eps01_g003,ln(kobs),5,ar2_homo_hartree|ar2_gibbs_free_energy_hartree|ar2_Ar_LUMO|ar1_bond_length_c_e|ar1_nbo_q_a,0.635789630377475,0.4669301551640277,2.6736032932853306,LOOCV,ln(kobs) = <nonlinear model; no closed-form linear equation>
azoarene_svr_rbf_c10_eps01_g003,ln(kobs),5,ar2_homo_hartree|ar2_gibbs_free_energy_hartree|ar2_Ar_LUMO|ar1_bond_length_c_e|ar1_Ar_NBO_OH,0.635789630377475,0.4669301551640277,2.6736032932853306,LOOCV,ln(kobs) = <nonlinear model; no closed-form linear equation>
azoarene_svr_rbf_c10_eps01_g003,ln(kobs),4,ar2_Ar_HOMO|ar2_Ar_polar|ar2_gibbs_free_energy_hartree|rate kobs (s-1),0.6162347794915992,0.46692791827128355,2.744439243918236,LOOCV,ln(kobs) = <nonlinear model; no closed-form linear equation>
azoarene_svr_rbf_c10_eps01_g003,ln(kobs),4,ar2_Ar_HOMO|ar2_isotropic_polarizability_au|ar2_gibbs_free_energy_hartree|rate kobs (s-1),0.6162347794915992,0.46692791827128355,2.744439243918236,LOOCV,ln(kobs) = <nonlinear model; no closed-form linear equation>
azoarene_svr_rbf_c10_eps01_g003,ln(kobs),4,ar2_homo_hartree|ar2_Ar_polar|ar2_gibbs_free_energy_hartree|rate kobs (s-1),0.6162347794915992,0.46692791827128355,2.744439243918236,LOOCV,ln(kobs) = <nonlinear model; no closed-form linear equation>
azoarene_svr_rbf_c10_eps01_g003,ln(kobs),4,ar2_homo_hartree|ar2_isotropic_polarizability_au|ar2_gibbs_free_energy_hartree|rate kobs (s-1),0.6162347794915992,0.46692791827128355,2.744439243918236,LOOCV,ln(kobs) = <nonlinear model; no closed-form linear equation>
azoarene_svr_rbf_c10_eps01_g003,ln(kobs),5,ar2_Ar_HOMO|ar2_enthalpy_hartree|ar2_lumo_hartree|ar1_bond_length_c_e|ar1_nbo_q_a,0.6357897082430056,0.46692335609152036,2.673603007486837,LOOCV,ln(kobs) = <nonlinear model; no closed-form linear equation>
azoarene_svr_rbf_c10_eps01_g003,ln(kobs),5,ar2_Ar_HOMO|ar2_enthalpy_hartree|ar2_lumo_hartree|ar1_bond_length_c_e|ar1_Ar_NBO_OH,0.6357897082430056,0.46692335609152036,2.673603007486837,LOOCV,ln(kobs) = <nonlinear model; no closed-form linear equation>
azoarene_svr_rbf_c10_eps01_g003,ln(kobs),5,ar2_Ar_HOMO|ar2_enthalpy_hartree|ar2_Ar_LUMO|ar1_bond_length_c_e|ar1_nbo_q_a,0.6357897082430056,0.46692335609152036,2.673603007486837,LOOCV,ln(kobs) = <nonlinear model; no closed-form linear equation>
azoarene_svr_rbf_c10_eps01_g003,ln(kobs),5,ar2_Ar_HOMO|ar2_enthalpy_hartree|ar2_Ar_LUMO|ar1_bond_length_c_e|ar1_Ar_NBO_OH,0.6357897082430056,0.46692335609152036,2.673603007486837,LOOCV,ln(kobs) = <nonlinear model; no closed-form linear equation>
azoarene_svr_rbf_c10_eps01_g003,ln(kobs),5,ar2_homo_hartree|ar2_enthalpy_hartree|ar2_lumo_hartree|ar1_bond_length_c_e|ar1_nbo_q_a,0.6357897082430056,0.46692335609152036,2.673603007486837,LOOCV,ln(kobs) = <nonlinear model; no closed-form linear equation>
azoarene_svr_rbf_c10_eps01_g003,ln(kobs),5,ar2_homo_hartree|ar2_enthalpy_hartree|ar2_lumo_hartree|ar1_bond_length_c_e|ar1_Ar_NBO_OH,0.6357897082430056,0.46692335609152036,2.673603007486837,LOOCV,ln(kobs) = <nonlinear model; no closed-form linear equation>
azoarene_svr_rbf_c10_eps01_g003,ln(kobs),5,ar2_homo_hartree|ar2_enthalpy_hartree|ar2_Ar_LUMO|ar1_bond_length_c_e|ar1_nbo_q_a,0.6357897082430056,0.46692335609152036,2.673603007486837,LOOCV,ln(kobs) = <nonlinear model; no closed-form linear equation>
azoarene_svr_rbf_c10_eps01_g003,ln(kobs),5,ar2_homo_hartree|ar2_enthalpy_hartree|ar2_Ar_LUMO|ar1_bond_length_c_e|ar1_Ar_NBO_OH,0.6357897082430056,0.46692335609152036,2.673603007486837,LOOCV,ln(kobs) = <nonlinear model; no closed-form linear equation>
azoarene_svr_rbf_c10_eps01_g003,ln(kobs),4,ar2_Ar_HOMO|ar2_Ar_polar|ar2_scf_energy_hartree|rate kobs (s-1),0.6162233450897383,0.4669094680941559,2.7444801293160945,LOOCV,ln(kobs) = <nonlinear model; no closed-form linear equation>
azoarene_svr_rbf_c10_eps01_g003,ln(kobs),4,ar2_Ar_HOMO|ar2_isotropic_polarizability_au|ar2_scf_energy_hartree|rate kobs (s-1),0.6162233450897383,0.4669094680941559,2.7444801293160945,LOOCV,ln(kobs) = <nonlinear model; no closed-form linear equation>
azoarene_svr_rbf_c10_eps01_g003,ln(kobs),4,ar2_homo_hartree|ar2_Ar_polar|ar2_scf_energy_hartree|rate kobs (s-1),0.6162233450897383,0.4669094680941559,2.7444801293160945,LOOCV,ln(kobs) = <nonlinear model; no closed-form linear equation>
azoarene_svr_rbf_c10_eps01_g003,ln(kobs),4,ar2_homo_hartree|ar2_isotropic_polarizability_au|ar2_scf_energy_hartree|rate kobs (s-1),0.6162233450897383,0.4669094680941559,2.7444801293160945,LOOCV,ln(kobs) = <nonlinear model; no closed-form linear equation>
azoarene_svr_rbf_c10_eps01_g003,ln(kobs),4,ar2_Ar_HOMO|ar2_scf_energy_hartree|ar2_enthalpy_hartree|ar1_bond_length_c_e,0.5948466908726416,0.4666759920797646,2.8198792342392953,LOOCV,ln(kobs) = <nonlinear model; no closed-form linear equation>
azoarene_svr_rbf_c10_eps01_g003,ln(kobs),4,ar2_homo_hartree|ar2_scf_energy_hartree|ar2_enthalpy_hartree|ar1_bond_length_c_e,0.5948466908726416,0.4666759920797646,2.8198792342392953,LOOCV,ln(kobs) = <nonlinear model; no closed-form linear equation>
azoarene_svr_rbf_c10_eps01_g003,ln(kobs),4,ar2_Ar_HOMO|ar2_scf_energy_hartree|ar2_gibbs_free_energy_hartree|ar1_bond_length_c_e,0.5948467566217516,0.4666756605961214,2.8198790054313934,LOOCV,ln(kobs) = <nonlinear model; no closed-form linear equation>
azoarene_svr_rbf_c10_eps01_g003,ln(kobs),4,ar2_homo_hartree|ar2_scf_energy_hartree|ar2_gibbs_free_energy_hartree|ar1_bond_length_c_e,0.5948467566217516,0.4666756605961214,2.8198790054313934,LOOCV,ln(kobs) = <nonlinear model; no closed-form linear equation>
azoarene_svr_rbf_c10_eps01_g003,ln(kobs),4,ar2_Ar_HOMO|ar2_gibbs_free_energy_hartree|ar2_enthalpy_hartree|ar1_bond_length_c_e,0.5948435404952106,0.4666742846285673,2.819890197578886,LOOCV,ln(kobs) = <nonlinear model; no closed-form linear equation>
azoarene_svr_rbf_c10_eps01_g003,ln(kobs),4,ar2_homo_hartree|ar2_gibbs_free_energy_hartree|ar2_enthalpy_hartree|ar1_bond_length_c_e,0.5948435404952106,0.4666742846285673,2.819890197578886,LOOCV,ln(kobs) = <nonlinear model; no closed-form linear equation>
azoarene_svr_rbf_c10_eps01_g003,ln(kobs),4,ar2_Ar_HOMO|ar2_enthalpy_hartree|ar1_bond_length_c_a|ar2_Ar_Ster_B5,0.5982045284678572,0.4663992189099385,2.808169596520489,LOOCV,ln(kobs) = <nonlinear model; no closed-form linear equation>
azoarene_svr_rbf_c10_eps01_g003,ln(kobs),4,ar2_Ar_HOMO|ar2_enthalpy_hartree|ar1_bond_length_c_a|ar2_sterimol_B5,0.5982045284678572,0.4663992189099385,2.808169596520489,LOOCV,ln(kobs) = <nonlinear model; no closed-form linear equation>
azoarene_svr_rbf_c10_eps01_g003,ln(kobs),4,ar2_homo_hartree|ar2_enthalpy_hartree|ar1_bond_length_c_a|ar2_Ar_Ster_B5,0.5982045284678572,0.4663992189099385,2.808169596520489,LOOCV,ln(kobs) = <nonlinear model; no closed-form linear equation>
azoarene_svr_rbf_c10_eps01_g003,ln(kobs),4,ar2_homo_hartree|ar2_enthalpy_hartree|ar1_bond_length_c_a|ar2_sterimol_B5,0.5982045284678572,0.4663992189099385,2.808169596520489,LOOCV,ln(kobs) = <nonlinear model; no closed-form linear equation>
azoarene_svr_rbf_c10_eps01_g003,ln(kobs),4,ar2_Ar_HOMO|ar2_gibbs_free_energy_hartree|ar1_bond_length_c_a|ar2_Ar_Ster_B5,0.5982297163929288,0.4663762612625857,2.808081575277157,LOOCV,ln(kobs) = <nonlinear model; no closed-form linear equation>
azoarene_svr_rbf_c10_eps01_g003,ln(kobs),4,ar2_Ar_HOMO|ar2_gibbs_free_energy_hartree|ar1_bond_length_c_a|ar2_sterimol_B5,0.5982297163929288,0.4663762612625857,2.808081575277157,LOOCV,ln(kobs) = <nonlinear model; no closed-form linear equation>
azoarene_svr_rbf_c10_eps01_g003,ln(kobs),4,ar2_homo_hartree|ar2_gibbs_free_energy_hartree|ar1_bond_length_c_a|ar2_Ar_Ster_B5,0.5982297163929288,0.4663762612625857,2.808081575277157,LOOCV,ln(kobs) = <nonlinear model; no closed-form linear equation>
azoarene_svr_rbf_c10_eps01_g003,ln(kobs),4,ar2_homo_hartree|ar2_gibbs_free_energy_hartree|ar1_bond_length_c_a|ar2_sterimol_B5,0.5982297163929288,0.4663762612625857,2.808081575277157,LOOCV,ln(kobs) = <nonlinear model; no closed-form linear equation>
azoarene_svr_rbf_c10_eps01_g003,ln(kobs),4,ar2_Ar_HOMO|ar2_scf_energy_hartree|ar1_bond_length_c_a|ar2_Ar_Ster_B5,0.5982211930659913,0.46635248047373257,2.808111361042025,LOOCV,ln(kobs) = <nonlinear model; no closed-form linear equation>
azoarene_svr_rbf_c10_eps01_g003,ln(kobs),4,ar2_Ar_HOMO|ar2_scf_energy_hartree|ar1_bond_length_c_a|ar2_sterimol_B5,0.5982211930659913,0.46635248047373257,2.808111361042025,LOOCV,ln(kobs) = <nonlinear model; no closed-form linear equation>
azoarene_svr_rbf_c10_eps01_g003,ln(kobs),4,ar2_homo_hartree|ar2_scf_energy_hartree|ar1_bond_length_c_a|ar2_Ar_Ster_B5,0.5982211930659913,0.46635248047373257,2.808111361042025,LOOCV,ln(kobs) = <nonlinear model; no closed-form linear equation>
azoarene_svr_rbf_c10_eps01_g003,ln(kobs),4,ar2_homo_hartree|ar2_scf_energy_hartree|ar1_bond_length_c_a|ar2_sterimol_B5,0.5982211930659913,0.46635248047373257,2.808111361042025,LOOCV,ln(kobs) = <nonlinear model; no closed-form linear equation>
azoarene_svr_rbf_c10_eps01_g003,ln(kobs),4,ar2_Ar_HOMO|ar2_scf_energy_hartree|rate kobs (s-1)|ar1_q_a,0.650951108242352,0.4660204533585337,2.6173629223907326,LOOCV,ln(kobs) = <nonlinear model; no closed-form linear equation>
azoarene_svr_rbf_c10_eps01_g003,ln(kobs),4,ar2_homo_hartree|ar2_scf_energy_hartree|rate kobs (s-1)|ar1_q_a,0.650951108242352,0.4660204533585337,2.6173629223907326,LOOCV,ln(kobs) = <nonlinear model; no closed-form linear equation>
azoarene_svr_rbf_c10_eps01_g003,ln(kobs),4,ar2_Ar_HOMO|ar2_enthalpy_hartree|rate kobs (s-1)|ar1_q_a,0.6509577562587852,0.4659960643969676,2.6173379970078092,LOOCV,ln(kobs) = <nonlinear model; no closed-form linear equation>
azoarene_svr_rbf_c10_eps01_g003,ln(kobs),4,ar2_homo_hartree|ar2_enthalpy_hartree|rate kobs (s-1)|ar1_q_a,0.6509577562587852,0.4659960643969676,2.6173379970078092,LOOCV,ln(kobs) = <nonlinear model; no closed-form linear equation>
azoarene_svr_rbf_c10_eps01_g003,ln(kobs),4,ar2_Ar_HOMO|ar2_gibbs_free_energy_hartree|rate kobs (s-1)|ar1_q_a,0.6509573814404038,0.4659900112723815,2.6173394023192658,LOOCV,ln(kobs) = <nonlinear model; no closed-form linear equation>
azoarene_svr_rbf_c10_eps01_g003,ln(kobs),4,ar2_homo_hartree|ar2_gibbs_free_energy_hartree|rate kobs (s-1)|ar1_q_a,0.6509573814404038,0.4659900112723815,2.6173394023192658,LOOCV,ln(kobs) = <nonlinear model; no closed-form linear equation>
azoarene_svr_rbf_c10_eps01_g003,ln(kobs),4,ar2_Ar_HOMO|ar2_gibbs_free_energy_hartree|ar2_enthalpy_hartree|ar1_bond_length_c_a,0.5815188005267038,0.4656693325533783,2.8658852026134194,LOOCV,ln(kobs) = <nonlinear model; no closed-form linear equation>
azoarene_svr_rbf_c10_eps01_g003,ln(kobs),4,ar2_homo_hartree|ar2_gibbs_free_energy_hartree|ar2_enthalpy_hartree|ar1_bond_length_c_a,0.5815188005267038,0.4656693325533783,2.8658852026134194,LOOCV,ln(kobs) = <nonlinear model; no closed-form linear equation>
azoarene_svr_rbf_c10_eps01_g003,ln(kobs),4,ar2_Ar_HOMO|ar2_scf_energy_hartree|ar2_enthalpy_hartree|ar1_bond_length_c_a,0.5815098240986859,0.465668798230103,2.8659159390889295,LOOCV,ln(kobs) = <nonlinear model; no closed-form linear equation>
azoarene_svr_rbf_c10_eps01_g003,ln(kobs),4,ar2_homo_hartree|ar2_scf_energy_hartree|ar2_enthalpy_hartree|ar1_bond_length_c_a,0.5815098240986859,0.465668798230103,2.8659159390889295,LOOCV,ln(kobs) = <nonlinear model; no closed-form linear equation>
azoarene_svr_rbf_c10_eps01_g003,ln(kobs),4,ar2_Ar_HOMO|ar2_scf_energy_hartree|ar2_gibbs_free_energy_hartree|ar1_bond_length_c_a,0.581509147068106,0.4656456374307276,2.865918257317716,LOOCV,ln(kobs) = <nonlinear model; no closed-form linear equation>
azoarene_svr_rbf_c10_eps01_g003,ln(kobs),4,ar2_homo_hartree|ar2_scf_energy_hartree|ar2_gibbs_free_energy_hartree|ar1_bond_length_c_a,0.581509147068106,0.4656456374307276,2.865918257317716,LOOCV,ln(kobs) = <nonlinear model; no closed-form linear equation>
azoarene_svr_rbf_c10_eps01_g003,ln(kobs),5,ar2_Ar_HOMO|ar2_scf_energy_hartree|ar2_gap_hartree|ar1_bond_length_c_e|ar1_nbo_q_a,0.6353470513053763,0.4654737311488416,2.67522724706108,LOOCV,ln(kobs) = <nonlinear model; no closed-form linear equation>
azoarene_svr_rbf_c10_eps01_g003,ln(kobs),5,ar2_Ar_HOMO|ar2_scf_energy_hartree|ar2_gap_hartree|ar1_bond_length_c_e|ar1_Ar_NBO_OH,0.6353470513053763,0.4654737311488416,2.67522724706108,LOOCV,ln(kobs) = <nonlinear model; no closed-form linear equation>
azoarene_svr_rbf_c10_eps01_g003,ln(kobs),5,ar2_homo_hartree|ar2_scf_energy_hartree|ar2_gap_hartree|ar1_bond_length_c_e|ar1_nbo_q_a,0.6353470513053763,0.4654737311488416,2.67522724706108,LOOCV,ln(kobs) = <nonlinear model; no closed-form linear equation>
azoarene_svr_rbf_c10_eps01_g003,ln(kobs),5,ar2_homo_hartree|ar2_scf_energy_hartree|ar2_gap_hartree|ar1_bond_length_c_e|ar1_Ar_NBO_OH,0.6353470513053763,0.4654737311488416,2.67522724706108,LOOCV,ln(kobs) = <nonlinear model; no closed-form linear equation>
azoarene_svr_rbf_c10_eps01_g003,ln(kobs),5,ar2_Ar_HOMO|ar2_gibbs_free_energy_hartree|ar2_gap_hartree|ar1_bond_length_c_e|ar1_nbo_q_a,0.6353485351799426,0.46540898459206237,2.6752218039325877,LOOCV,ln(kobs) = <nonlinear model; no closed-form linear equation>
azoarene_svr_rbf_c10_eps01_g003,ln(kobs),5,ar2_Ar_HOMO|ar2_gibbs_free_energy_hartree|ar2_gap_hartree|ar1_bond_length_c_e|ar1_Ar_NBO_OH,0.6353485351799426,0.46540898459206237,2.6752218039325877,LOOCV,ln(kobs) = <nonlinear model; no closed-form linear equation>
azoarene_svr_rbf_c10_eps01_g003,ln(kobs),5,ar2_homo_hartree|ar2_gibbs_free_energy_hartree|ar2_gap_hartree|ar1_bond_length_c_e|ar1_nbo_q_a,0.6353485351799426,0.46540898459206237,2.6752218039325877,LOOCV,ln(kobs) = <nonlinear model; no closed-form linear equation>
azoarene_svr_rbf_c10_eps01_g003,ln(kobs),5,ar2_homo_hartree|ar2_gibbs_free_energy_hartree|ar2_gap_hartree|ar1_bond_length_c_e|ar1_Ar_NBO_OH,0.6353485351799426,0.46540898459206237,2.6752218039325877,LOOCV,ln(kobs) = <nonlinear model; no closed-form linear equation>
azoarene_svr_rbf_c10_eps01_g003,ln(kobs),5,ar2_Ar_HOMO|ar2_enthalpy_hartree|ar2_gap_hartree|ar1_bond_length_c_e|ar1_nbo_q_a,0.63535101134648,0.4654005004613707,2.67521272086753,LOOCV,ln(kobs) = <nonlinear model; no closed-form linear equation>
azoarene_svr_rbf_c10_eps01_g003,ln(kobs),5,ar2_Ar_HOMO|ar2_enthalpy_hartree|ar2_gap_hartree|ar1_bond_length_c_e|ar1_Ar_NBO_OH,0.63535101134648,0.4654005004613707,2.67521272086753,LOOCV,ln(kobs) = <nonlinear model; no closed-form linear equation>
azoarene_svr_rbf_c10_eps01_g003,ln(kobs),5,ar2_homo_hartree|ar2_enthalpy_hartree|ar2_gap_hartree|ar1_bond_length_c_e|ar1_nbo_q_a,0.63535101134648,0.4654005004613707,2.67521272086753,LOOCV,ln(kobs) = <nonlinear model; no closed-form linear equation>
azoarene_svr_rbf_c10_eps01_g003,ln(kobs),5,ar2_homo_hartree|ar2_enthalpy_hartree|ar2_gap_hartree|ar1_bond_length_c_e|ar1_Ar_NBO_OH,0.63535101134648,0.4654005004613707,2.67521272086753,LOOCV,ln(kobs) = <nonlinear model; no closed-form linear equation>
azoarene_svr_rbf_c10_eps01_g003,ln(kobs),4,ar2_Ar_HOMO|ar2_homo_hartree|ar2_gap_hartree|ar1_q_a,0.5956194294922855,0.46496946896715075,2.817188808748647,LOOCV,ln(kobs) = <nonlinear model; no closed-form linear equation>
azoarene_svr_rbf_c10_eps01_g003,ln(kobs),4,ar2_Ar_HOMO|ar2_homo_hartree|ar2_scf_energy_hartree|ar2_Ar_Ster_B5,0.5479340579835399,0.46484153174896015,2.9786653180279408,LOOCV,ln(kobs) = <nonlinear model; no closed-form linear equation>
azoarene_svr_rbf_c10_eps01_g003,ln(kobs),4,ar2_Ar_HOMO|ar2_homo_hartree|ar2_scf_energy_hartree|ar2_sterimol_B5,0.5479340579835399,0.46484153174896015,2.9786653180279408,LOOCV,ln(kobs) = <nonlinear model; no closed-form linear equation>
azoarene_svr_rbf_c10_eps01_g003,ln(kobs),4,ar2_Ar_HOMO|ar2_homo_hartree|ar2_gibbs_free_energy_hartree|ar2_Ar_Ster_B5,0.5479419549246978,0.46483621938225417,2.9786393014169943,LOOCV,ln(kobs) = <nonlinear model; no closed-form linear equation>
azoarene_svr_rbf_c10_eps01_g003,ln(kobs),4,ar2_Ar_HOMO|ar2_homo_hartree|ar2_gibbs_free_energy_hartree|ar2_sterimol_B5,0.5479419549246978,0.46483621938225417,2.9786393014169943,LOOCV,ln(kobs) = <nonlinear model; no closed-form linear equation>
azoarene_svr_rbf_c10_eps01_g003,ln(kobs),4,ar2_Ar_HOMO|ar2_homo_hartree|ar2_enthalpy_hartree|ar2_Ar_Ster_B5,0.5479373527938666,0.46481887936642996,2.9786544632452427,LOOCV,ln(kobs) = <nonlinear model; no closed-form linear equation>
azoarene_svr_rbf_c10_eps01_g003,ln(kobs),4,ar2_Ar_HOMO|ar2_homo_hartree|ar2_enthalpy_hartree|ar2_sterimol_B5,0.5479373527938666,0.46481887936642996,2.9786544632452427,LOOCV,ln(kobs) = <nonlinear model; no closed-form linear equation>
azoarene_svr_rbf_c10_eps01_g003,ln(kobs),4,ar2_Ar_HOMO|ar1_bond_length_c_a|ar2_lumo_hartree|ar1_nbo_q_a,0.6268858013485163,0.4646167911905319,2.7060866717945253,LOOCV,ln(kobs) = <nonlinear model; no closed-form linear equation>
azoarene_svr_rbf_c10_eps01_g003,ln(kobs),4,ar2_Ar_HOMO|ar1_bond_length_c_a|ar2_lumo_hartree|ar1_Ar_NBO_OH,0.6268858013485163,0.4646167911905319,2.7060866717945253,LOOCV,ln(kobs) = <nonlinear model; no closed-form linear equation>
azoarene_svr_rbf_c10_eps01_g003,ln(kobs),4,ar2_Ar_HOMO|ar1_bond_length_c_a|ar2_Ar_LUMO|ar1_nbo_q_a,0.6268858013485163,0.4646167911905319,2.7060866717945253,LOOCV,ln(kobs) = <nonlinear model; no closed-form linear equation>
azoarene_svr_rbf_c10_eps01_g003,ln(kobs),4,ar2_Ar_HOMO|ar1_bond_length_c_a|ar2_Ar_LUMO|ar1_Ar_NBO_OH,0.6268858013485163,0.4646167911905319,2.7060866717945253,LOOCV,ln(kobs) = <nonlinear model; no closed-form linear equation>
azoarene_svr_rbf_c10_eps01_g003,ln(kobs),4,ar2_homo_hartree|ar1_bond_length_c_a|ar2_lumo_hartree|ar1_nbo_q_a,0.6268858013485163,0.4646167911905319,2.7060866717945253,LOOCV,ln(kobs) = <nonlinear model; no closed-form linear equation>
azoarene_svr_rbf_c10_eps01_g003,ln(kobs),4,ar2_homo_hartree|ar1_bond_length_c_a|ar2_lumo_hartree|ar1_Ar_NBO_OH,0.6268858013485163,0.4646167911905319,2.7060866717945253,LOOCV,ln(kobs) = <nonlinear model; no closed-form linear equation>
azoarene_svr_rbf_c10_eps01_g003,ln(kobs),4,ar2_homo_hartree|ar1_bond_length_c_a|ar2_Ar_LUMO|ar1_nbo_q_a,0.6268858013485163,0.4646167911905319,2.7060866717945253,LOOCV,ln(kobs) = <nonlinear model; no closed-form linear equation>
azoarene_svr_rbf_c10_eps01_g003,ln(kobs),4,ar2_homo_hartree|ar1_bond_length_c_a|ar2_Ar_LUMO|ar1_Ar_NBO_OH,0.6268858013485163,0.4646167911905319,2.7060866717945253,LOOCV,ln(kobs) = <nonlinear model; no closed-form linear equation>
azoarene_svr_rbf_c10_eps01_g003,ln(kobs),4,ar2_Ar_HOMO|ar2_homo_hartree|ar2_lumo_hartree|ar1_q_a,0.5954567292723354,0.46424934473474855,2.8177554916918526,LOOCV,ln(kobs) = <nonlinear model; no closed-form linear equation>
azoarene_svr_rbf_c10_eps01_g003,ln(kobs),4,ar2_Ar_HOMO|ar2_homo_hartree|ar2_Ar_LUMO|ar1_q_a,0.5954567292723354,0.46424934473474855,2.8177554916918526,LOOCV,ln(kobs) = <nonlinear model; no closed-form linear equation>
azoarene_svr_rbf_c10_eps01_g003,ln(kobs),5,ar2_Ar_HOMO|ar2_homo_hartree|rate kobs (s-1)|ar1_q_a|ar1_nbo_q_a,0.6993200811428028,0.46350777220851513,2.429254558525054,LOOCV,ln(kobs) = <nonlinear model; no closed-form linear equation>
azoarene_svr_rbf_c10_eps01_g003,ln(kobs),5,ar2_Ar_HOMO|ar2_homo_hartree|rate kobs (s-1)|ar1_q_a|ar1_Ar_NBO_OH,0.6993200811428028,0.46350777220851513,2.429254558525054,LOOCV,ln(kobs) = <nonlinear model; no closed-form linear equation>
azoarene_svr_rbf_c10_eps01_g003,ln(kobs),4,ar2_Ar_HOMO|ar1_bond_length_c_a|ar2_gap_hartree|ar1_nbo_q_a,0.6278167203048786,0.4632360598304648,2.7027087238776906,LOOCV,ln(kobs) = <nonlinear model; no closed-form linear equation>
azoarene_svr_rbf_c10_eps01_g003,ln(kobs),4,ar2_Ar_HOMO|ar1_bond_length_c_a|ar2_gap_hartree|ar1_Ar_NBO_OH,0.6278167203048786,0.4632360598304648,2.7027087238776906,LOOCV,ln(kobs) = <nonlinear model; no closed-form linear equation>
azoarene_svr_rbf_c10_eps01_g003,ln(kobs),4,ar2_homo_hartree|ar1_bond_length_c_a|ar2_gap_hartree|ar1_nbo_q_a,0.6278167203048786,0.4632360598304648,2.7027087238776906,LOOCV,ln(kobs) = <nonlinear model; no closed-form linear equation>
azoarene_svr_rbf_c10_eps01_g003,ln(kobs),4,ar2_homo_hartree|ar1_bond_length_c_a|ar2_gap_hartree|ar1_Ar_NBO_OH,0.6278167203048786,0.4632360598304648,2.7027087238776906,LOOCV,ln(kobs) = <nonlinear model; no closed-form linear equation>
azoarene_svr_rbf_c10_eps01_g003,ln(kobs),5,ar2_Ar_HOMO|ar2_gibbs_free_energy_hartree|ar1_bond_length_c_a|ar2_lumo_hartree|ar2_Ar_Ster_B5,0.6412209157718883,0.4632115120514151,2.653593365428045,LOOCV,ln(kobs) = <nonlinear model; no closed-form linear equation>
azoarene_svr_rbf_c10_eps01_g003,ln(kobs),5,ar2_Ar_HOMO|ar2_gibbs_free_energy_hartree|ar1_bond_length_c_a|ar2_lumo_hartree|ar2_sterimol_B5,0.6412209157718883,0.4632115120514151,2.653593365428045,LOOCV,ln(kobs) = <nonlinear model; no closed-form linear equation>
azoarene_svr_rbf_c10_eps01_g003,ln(kobs),5,ar2_Ar_HOMO|ar2_gibbs_free_energy_hartree|ar1_bond_length_c_a|ar2_Ar_LUMO|ar2_Ar_Ster_B5,0.6412209157718883,0.4632115120514151,2.653593365428045,LOOCV,ln(kobs) = <nonlinear model; no closed-form linear equation>
azoarene_svr_rbf_c10_eps01_g003,ln(kobs),5,ar2_Ar_HOMO|ar2_gibbs_free_energy_hartree|ar1_bond_length_c_a|ar2_Ar_LUMO|ar2_sterimol_B5,0.6412209157718883,0.4632115120514151,2.653593365428045,LOOCV,ln(kobs) = <nonlinear model; no closed-form linear equation>
azoarene_svr_rbf_c10_eps01_g003,ln(kobs),5,ar2_homo_hartree|ar2_gibbs_free_energy_hartree|ar1_bond_length_c_a|ar2_lumo_hartree|ar2_Ar_Ster_B5,0.6412209157718883,0.4632115120514151,2.653593365428045,LOOCV,ln(kobs) = <nonlinear model; no closed-form linear equation>
azoarene_svr_rbf_c10_eps01_g003,ln(kobs),5,ar2_homo_hartree|ar2_gibbs_free_energy_hartree|ar1_bond_length_c_a|ar2_lumo_hartree|ar2_sterimol_B5,0.6412209157718883,0.4632115120514151,2.653593365428045,LOOCV,ln(kobs) = <nonlinear model; no closed-form linear equation>
azoarene_svr_rbf_c10_eps01_g003,ln(kobs),5,ar2_homo_hartree|ar2_gibbs_free_energy_hartree|ar1_bond_length_c_a|ar2_Ar_LUMO|ar2_Ar_Ster_B5,0.6412209157718883,0.4632115120514151,2.653593365428045,LOOCV,ln(kobs) = <nonlinear model; no closed-form linear equation>
azoarene_svr_rbf_c10_eps01_g003,ln(kobs),5,ar2_homo_hartree|ar2_gibbs_free_energy_hartree|ar1_bond_length_c_a|ar2_Ar_LUMO|ar2_sterimol_B5,0.6412209157718883,0.4632115120514151,2.653593365428045,LOOCV,ln(kobs) = <nonlinear model; no closed-form linear equation>
azoarene_svr_rbf_c10_eps01_g003,ln(kobs),5,ar2_Ar_HOMO|ar2_enthalpy_hartree|ar1_bond_length_c_a|ar2_lumo_hartree|ar2_Ar_Ster_B5,0.641215503700438,0.46320688125340226,2.653613379669909,LOOCV,ln(kobs) = <nonlinear model; no closed-form linear equation>
azoarene_svr_rbf_c10_eps01_g003,ln(kobs),5,ar2_Ar_HOMO|ar2_enthalpy_hartree|ar1_bond_length_c_a|ar2_lumo_hartree|ar2_sterimol_B5,0.641215503700438,0.46320688125340226,2.653613379669909,LOOCV,ln(kobs) = <nonlinear model; no closed-form linear equation>
azoarene_svr_rbf_c10_eps01_g003,ln(kobs),5,ar2_Ar_HOMO|ar2_enthalpy_hartree|ar1_bond_length_c_a|ar2_Ar_LUMO|ar2_Ar_Ster_B5,0.641215503700438,0.46320688125340226,2.653613379669909,LOOCV,ln(kobs) = <nonlinear model; no closed-form linear equation>
azoarene_svr_rbf_c10_eps01_g003,ln(kobs),5,ar2_Ar_HOMO|ar2_enthalpy_hartree|ar1_bond_length_c_a|ar2_Ar_LUMO|ar2_sterimol_B5,0.641215503700438,0.46320688125340226,2.653613379669909,LOOCV,ln(kobs) = <nonlinear model; no closed-form linear equation>
azoarene_svr_rbf_c10_eps01_g003,ln(kobs),5,ar2_homo_hartree|ar2_enthalpy_hartree|ar1_bond_length_c_a|ar2_lumo_hartree|ar2_Ar_Ster_B5,0.641215503700438,0.46320688125340226,2.653613379669909,LOOCV,ln(kobs) = <nonlinear model; no closed-form linear equation>
azoarene_svr_rbf_c10_eps01_g003,ln(kobs),5,ar2_homo_hartree|ar2_enthalpy_hartree|ar1_bond_length_c_a|ar2_lumo_hartree|ar2_sterimol_B5,0.641215503700438,0.46320688125340226,2.653613379669909,LOOCV,ln(kobs) = <nonlinear model; no closed-form linear equation>
azoarene_svr_rbf_c10_eps01_g003,ln(kobs),5,ar2_homo_hartree|ar2_enthalpy_hartree|ar1_bond_length_c_a|ar2_Ar_LUMO|ar2_Ar_Ster_B5,0.641215503700438,0.46320688125340226,2.653613379669909,LOOCV,ln(kobs) = <nonlinear model; no closed-form linear equation>
azoarene_svr_rbf_c10_eps01_g003,ln(kobs),5,ar2_homo_hartree|ar2_enthalpy_hartree|ar1_bond_length_c_a|ar2_Ar_LUMO|ar2_sterimol_B5,0.641215503700438,0.46320688125340226,2.653613379669909,LOOCV,ln(kobs) = <nonlinear model; no closed-form linear equation>
azoarene_svr_rbf_c10_eps01_g003,ln(kobs),5,ar2_Ar_HOMO|ar2_scf_energy_hartree|ar1_bond_length_c_a|ar2_lumo_hartree|ar2_Ar_Ster_B5,0.6412087204296849,0.46317925369867463,2.6536384644953896,LOOCV,ln(kobs) = <nonlinear model; no closed-form linear equation>
azoarene_svr_rbf_c10_eps01_g003,ln(kobs),5,ar2_Ar_HOMO|ar2_scf_energy_hartree|ar1_bond_length_c_a|ar2_lumo_hartree|ar2_sterimol_B5,0.6412087204296849,0.46317925369867463,2.6536384644953896,LOOCV,ln(kobs) = <nonlinear model; no closed-form linear equation>
azoarene_svr_rbf_c10_eps01_g003,ln(kobs),5,ar2_Ar_HOMO|ar2_scf_energy_hartree|ar1_bond_length_c_a|ar2_Ar_LUMO|ar2_Ar_Ster_B5,0.6412087204296849,0.46317925369867463,2.6536384644953896,LOOCV,ln(kobs) = <nonlinear model; no closed-form linear equation>
azoarene_svr_rbf_c10_eps01_g003,ln(kobs),5,ar2_Ar_HOMO|ar2_scf_energy_hartree|ar1_bond_length_c_a|ar2_Ar_LUMO|ar2_sterimol_B5,0.6412087204296849,0.46317925369867463,2.6536384644953896,LOOCV,ln(kobs) = <nonlinear model; no closed-form linear equation>
azoarene_svr_rbf_c10_eps01_g003,ln(kobs),5,ar2_homo_hartree|ar2_scf_energy_hartree|ar1_bond_length_c_a|ar2_lumo_hartree|ar2_Ar_Ster_B5,0.6412087204296849,0.46317925369867463,2.6536384644953896,LOOCV,ln(kobs) = <nonlinear model; no closed-form linear equation>
azoarene_svr_rbf_c10_eps01_g003,ln(kobs),5,ar2_homo_hartree|ar2_scf_energy_hartree|ar1_bond_length_c_a|ar2_lumo_hartree|ar2_sterimol_B5,0.6412087204296849,0.46317925369867463,2.6536384644953896,LOOCV,ln(kobs) = <nonlinear model; no closed-form linear equation>
azoarene_svr_rbf_c10_eps01_g003,ln(kobs),5,ar2_homo_hartree|ar2_scf_energy_hartree|ar1_bond_length_c_a|ar2_Ar_LUMO|ar2_Ar_Ster_B5,0.6412087204296849,0.46317925369867463,2.6536384644953896,LOOCV,ln(kobs) = <nonlinear model; no closed-form linear equation>
azoarene_svr_rbf_c10_eps01_g003,ln(kobs),5,ar2_homo_hartree|ar2_scf_energy_hartree|ar1_bond_length_c_a|ar2_Ar_LUMO|ar2_sterimol_B5,0.6412087204296849,0.46317925369867463,2.6536384644953896,LOOCV,ln(kobs) = <nonlinear model; no closed-form linear equation>
azoarene_svr_rbf_c10_eps01_g003,ln(kobs),4,ar2_Ar_HOMO|ar2_Ar_polar|ar1_bond_length_c_e|ar1_nbo_q_a,0.6290635605161605,0.463078227175328,2.698177793630403,LOOCV,ln(kobs) = <nonlinear model; no closed-form linear equation>
azoarene_svr_rbf_c10_eps01_g003,ln(kobs),4,ar2_Ar_HOMO|ar2_Ar_polar|ar1_bond_length_c_e|ar1_Ar_NBO_OH,0.6290635605161605,0.463078227175328,2.698177793630403,LOOCV,ln(kobs) = <nonlinear model; no closed-form linear equation>
azoarene_svr_rbf_c10_eps01_g003,ln(kobs),4,ar2_Ar_HOMO|ar2_isotropic_polarizability_au|ar1_bond_length_c_e|ar1_nbo_q_a,0.6290635605161605,0.463078227175328,2.698177793630403,LOOCV,ln(kobs) = <nonlinear model; no closed-form linear equation>
azoarene_svr_rbf_c10_eps01_g003,ln(kobs),4,ar2_Ar_HOMO|ar2_isotropic_polarizability_au|ar1_bond_length_c_e|ar1_Ar_NBO_OH,0.6290635605161605,0.463078227175328,2.698177793630403,LOOCV,ln(kobs) = <nonlinear model; no closed-form linear equation>
azoarene_svr_rbf_c10_eps01_g003,ln(kobs),4,ar2_homo_hartree|ar2_Ar_polar|ar1_bond_length_c_e|ar1_nbo_q_a,0.6290635605161605,0.463078227175328,2.698177793630403,LOOCV,ln(kobs) = <nonlinear model; no closed-form linear equation>
azoarene_svr_rbf_c10_eps01_g003,ln(kobs),4,ar2_homo_hartree|ar2_Ar_polar|ar1_bond_length_c_e|ar1_Ar_NBO_OH,0.6290635605161605,0.463078227175328,2.698177793630403,LOOCV,ln(kobs) = <nonlinear model; no closed-form linear equation>
azoarene_svr_rbf_c10_eps01_g003,ln(kobs),4,ar2_homo_hartree|ar2_isotropic_polarizability_au|ar1_bond_length_c_e|ar1_nbo_q_a,0.6290635605161605,0.463078227175328,2.698177793630403,LOOCV,ln(kobs) = <nonlinear model; no closed-form linear equation>
azoarene_svr_rbf_c10_eps01_g003,ln(kobs),4,ar2_homo_hartree|ar2_isotropic_polarizability_au|ar1_bond_length_c_e|ar1_Ar_NBO_OH,0.6290635605161605,0.463078227175328,2.698177793630403,LOOCV,ln(kobs) = <nonlinear model; no closed-form linear equation>
azoarene_svr_rbf_c10_eps01_g003,ln(kobs),5,ar2_Ar_HOMO|rate kobs (s-1)|ar2_Ar_Ster_B5|ar2_sterimol_B5|ar1_nbo_q_a,0.6679023368429126,0.46299922691536866,2.5530171017521233,LOOCV,ln(kobs) = <nonlinear model; no closed-form linear equation>
azoarene_svr_rbf_c10_eps01_g003,ln(kobs),5,ar2_Ar_HOMO|rate kobs (s-1)|ar2_Ar_Ster_B5|ar2_sterimol_B5|ar1_Ar_NBO_OH,0.6679023368429126,0.46299922691536866,2.5530171017521233,LOOCV,ln(kobs) = <nonlinear model; no closed-form linear equation>
azoarene_svr_rbf_c10_eps01_g003,ln(kobs),5,ar2_homo_hartree|rate kobs (s-1)|ar2_Ar_Ster_B5|ar2_sterimol_B5|ar1_nbo_q_a,0.6679023368429126,0.46299922691536866,2.5530171017521233,LOOCV,ln(kobs) = <nonlinear model; no closed-form linear equation>
azoarene_svr_rbf_c10_eps01_g003,ln(kobs),5,ar2_homo_hartree|rate kobs (s-1)|ar2_Ar_Ster_B5|ar2_sterimol_B5|ar1_Ar_NBO_OH,0.6679023368429126,0.46299922691536866,2.5530171017521233,LOOCV,ln(kobs) = <nonlinear model; no closed-form linear equation>
azoarene_svr_rbf_c10_eps01_g003,ln(kobs),4,ar2_Ar_HOMO|ar2_homo_hartree|rate kobs (s-1)|ar2_gap_hartree,0.6338146953667885,0.46298946225565696,2.680842315775042,LOOCV,ln(kobs) = <nonlinear model; no closed-form linear equation>
azoarene_svr_rbf_c10_eps01_g003,ln(kobs),5,ar2_Ar_HOMO|ar2_homo_hartree|rate kobs (s-1)|ar1_bond_length_c_a|ar2_Ar_Ster_B5,0.6840510919677302,0.4623128385428241,2.4901714152297343,LOOCV,ln(kobs) = <nonlinear model; no closed-form linear equation>
azoarene_svr_rbf_c10_eps01_g003,ln(kobs),5,ar2_Ar_HOMO|ar2_homo_hartree|rate kobs (s-1)|ar1_bond_length_c_a|ar2_sterimol_B5,0.6840510919677302,0.4623128385428241,2.4901714152297343,LOOCV,ln(kobs) = <nonlinear model; no closed-form linear equation>
azoarene_svr_rbf_c10_eps01_g003,ln(kobs),3,ar2_Ar_HOMO|ar2_Ar_polar|ar2_enthalpy_hartree,0.5370211029395169,0.46220677727745907,3.0144036860133183,LOOCV,ln(kobs) = <nonlinear model; no closed-form linear equation>
azoarene_svr_rbf_c10_eps01_g003,ln(kobs),3,ar2_Ar_HOMO|ar2_isotropic_polarizability_au|ar2_enthalpy_hartree,0.5370211029395169,0.46220677727745907,3.0144036860133183,LOOCV,ln(kobs) = <nonlinear model; no closed-form linear equation>
azoarene_svr_rbf_c10_eps01_g003,ln(kobs),3,ar2_homo_hartree|ar2_Ar_polar|ar2_enthalpy_hartree,0.5370211029395169,0.46220677727745907,3.0144036860133183,LOOCV,ln(kobs) = <nonlinear model; no closed-form linear equation>
azoarene_svr_rbf_c10_eps01_g003,ln(kobs),3,ar2_homo_hartree|ar2_isotropic_polarizability_au|ar2_enthalpy_hartree,0.5370211029395169,0.46220677727745907,3.0144036860133183,LOOCV,ln(kobs) = <nonlinear model; no closed-form linear equation>
azoarene_svr_rbf_c10_eps01_g003,ln(kobs),5,ar2_Ar_HOMO|ar2_enthalpy_hartree|ar1_bond_length_c_a|ar2_gap_hartree|ar2_Ar_Ster_B5,0.6407196091106578,0.461928716411662,2.6554465945220036,LOOCV,ln(kobs) = <nonlinear model; no closed-form linear equation>
azoarene_svr_rbf_c10_eps01_g003,ln(kobs),5,ar2_Ar_HOMO|ar2_enthalpy_hartree|ar1_bond_length_c_a|ar2_gap_hartree|ar2_sterimol_B5,0.6407196091106578,0.461928716411662,2.6554465945220036,LOOCV,ln(kobs) = <nonlinear model; no closed-form linear equation>
azoarene_svr_rbf_c10_eps01_g003,ln(kobs),5,ar2_homo_hartree|ar2_enthalpy_hartree|ar1_bond_length_c_a|ar2_gap_hartree|ar2_Ar_Ster_B5,0.6407196091106578,0.461928716411662,2.6554465945220036,LOOCV,ln(kobs) = <nonlinear model; no closed-form linear equation>
azoarene_svr_rbf_c10_eps01_g003,ln(kobs),5,ar2_homo_hartree|ar2_enthalpy_hartree|ar1_bond_length_c_a|ar2_gap_hartree|ar2_sterimol_B5,0.6407196091106578,0.461928716411662,2.6554465945220036,LOOCV,ln(kobs) = <nonlinear model; no closed-form linear equation>
azoarene_svr_rbf_c10_eps01_g003,ln(kobs),5,ar2_Ar_HOMO|ar2_gibbs_free_energy_hartree|ar1_bond_length_c_a|ar2_gap_hartree|ar2_Ar_Ster_B5,0.6407229722089518,0.46191111804595475,2.6554341661387166,LOOCV,ln(kobs) = <nonlinear model; no closed-form linear equation>
azoarene_svr_rbf_c10_eps01_g003,ln(kobs),5,ar2_Ar_HOMO|ar2_gibbs_free_energy_hartree|ar1_bond_length_c_a|ar2_gap_hartree|ar2_sterimol_B5,0.6407229722089518,0.46191111804595475,2.6554341661387166,LOOCV,ln(kobs) = <nonlinear model; no closed-form linear equation>
azoarene_svr_rbf_c10_eps01_g003,ln(kobs),5,ar2_homo_hartree|ar2_gibbs_free_energy_hartree|ar1_bond_length_c_a|ar2_gap_hartree|ar2_Ar_Ster_B5,0.6407229722089518,0.46191111804595475,2.6554341661387166,LOOCV,ln(kobs) = <nonlinear model; no closed-form linear equation>
azoarene_svr_rbf_c10_eps01_g003,ln(kobs),5,ar2_homo_hartree|ar2_gibbs_free_energy_hartree|ar1_bond_length_c_a|ar2_gap_hartree|ar2_sterimol_B5,0.6407229722089518,0.46191111804595475,2.6554341661387166,LOOCV,ln(kobs) = <nonlinear model; no closed-form linear equation>
azoarene_svr_rbf_c10_eps01_g003,ln(kobs),5,ar2_Ar_HOMO|ar2_scf_energy_hartree|ar1_bond_length_c_a|ar2_gap_hartree|ar2_Ar_Ster_B5,0.6407101509053483,0.4619000008491446,2.6554815471584723,LOOCV,ln(kobs) = <nonlinear model; no closed-form linear equation>
azoarene_svr_rbf_c10_eps01_g003,ln(kobs),5,ar2_Ar_HOMO|ar2_scf_energy_hartree|ar1_bond_length_c_a|ar2_gap_hartree|ar2_sterimol_B5,0.6407101509053483,0.4619000008491446,2.6554815471584723,LOOCV,ln(kobs) = <nonlinear model; no closed-form linear equation>
azoarene_svr_rbf_c10_eps01_g003,ln(kobs),5,ar2_homo_hartree|ar2_scf_energy_hartree|ar1_bond_length_c_a|ar2_gap_hartree|ar2_Ar_Ster_B5,0.6407101509053483,0.4619000008491446,2.6554815471584723,LOOCV,ln(kobs) = <nonlinear model; no closed-form linear equation>
azoarene_svr_rbf_c10_eps01_g003,ln(kobs),5,ar2_homo_hartree|ar2_scf_energy_hartree|ar1_bond_length_c_a|ar2_gap_hartree|ar2_sterimol_B5,0.6407101509053483,0.4619000008491446,2.6554815471584723,LOOCV,ln(kobs) = <nonlinear model; no closed-form linear equation>
azoarene_svr_rbf_c10_eps01_g003,ln(kobs),3,ar2_Ar_HOMO|ar2_Ar_polar|ar2_gibbs_free_energy_hartree,0.5370229338713426,0.4618711326593,3.014397725511516,LOOCV,ln(kobs) = <nonlinear model; no closed-form linear equation>
azoarene_svr_rbf_c10_eps01_g003,ln(kobs),3,ar2_Ar_HOMO|ar2_isotropic_polarizability_au|ar2_gibbs_free_energy_hartree,0.5370229338713426,0.4618711326593,3.014397725511516,LOOCV,ln(kobs) = <nonlinear model; no closed-form linear equation>
azoarene_svr_rbf_c10_eps01_g003,ln(kobs),3,ar2_homo_hartree|ar2_Ar_polar|ar2_gibbs_free_energy_hartree,0.5370229338713426,0.4618711326593,3.014397725511516,LOOCV,ln(kobs) = <nonlinear model; no closed-form linear equation>
azoarene_svr_rbf_c10_eps01_g003,ln(kobs),3,ar2_homo_hartree|ar2_isotropic_polarizability_au|ar2_gibbs_free_energy_hartree,0.5370229338713426,0.4618711326593,3.014397725511516,LOOCV,ln(kobs) = <nonlinear model; no closed-form linear equation>
azoarene_svr_rbf_c10_eps01_g003,ln(kobs),3,ar2_Ar_HOMO|ar2_Ar_polar|ar2_scf_energy_hartree,0.537054383579103,0.4618330901574407,3.014295340809887,LOOCV,ln(kobs) = <nonlinear model; no closed-form linear equation>
azoarene_svr_rbf_c10_eps01_g003,ln(kobs),3,ar2_Ar_HOMO|ar2_isotropic_polarizability_au|ar2_scf_energy_hartree,0.537054383579103,0.4618330901574407,3.014295340809887,LOOCV,ln(kobs) = <nonlinear model; no closed-form linear equation>
azoarene_svr_rbf_c10_eps01_g003,ln(kobs),3,ar2_homo_hartree|ar2_Ar_polar|ar2_scf_energy_hartree,0.537054383579103,0.4618330901574407,3.014295340809887,LOOCV,ln(kobs) = <nonlinear model; no closed-form linear equation>
azoarene_svr_rbf_c10_eps01_g003,ln(kobs),3,ar2_homo_hartree|ar2_isotropic_polarizability_au|ar2_scf_energy_hartree,0.537054383579103,0.4618330901574407,3.014295340809887,LOOCV,ln(kobs) = <nonlinear model; no closed-form linear equation>
azoarene_svr_rbf_c10_eps01_g003,ln(kobs),4,ar2_Ar_HOMO|ar2_homo_hartree|rate kobs (s-1)|ar2_lumo_hartree,0.6333663876595882,0.4618223632706817,2.682482843997375,LOOCV,ln(kobs) = <nonlinear model; no closed-form linear equation>
azoarene_svr_rbf_c10_eps01_g003,ln(kobs),4,ar2_Ar_HOMO|ar2_homo_hartree|rate kobs (s-1)|ar2_Ar_LUMO,0.6333663876595882,0.4618223632706817,2.682482843997375,LOOCV,ln(kobs) = <nonlinear model; no closed-form linear equation>
azoarene_svr_rbf_c10_eps01_g003,ln(kobs),4,ar2_Ar_HOMO|ar2_scf_energy_hartree|ar2_lumo_hartree|ar1_q_a,0.6206572550014128,0.4617508731040548,2.7285800874901778,LOOCV,ln(kobs) = <nonlinear model; no closed-form linear equation>
azoarene_svr_rbf_c10_eps01_g003,ln(kobs),4,ar2_Ar_HOMO|ar2_scf_energy_hartree|ar2_Ar_LUMO|ar1_q_a,0.6206572550014128,0.4617508731040548,2.7285800874901778,LOOCV,ln(kobs) = <nonlinear model; no closed-form linear equation>
azoarene_svr_rbf_c10_eps01_g003,ln(kobs),4,ar2_homo_hartree|ar2_scf_energy_hartree|ar2_lumo_hartree|ar1_q_a,0.6206572550014128,0.4617508731040548,2.7285800874901778,LOOCV,ln(kobs) = <nonlinear model; no closed-form linear equation>
azoarene_svr_rbf_c10_eps01_g003,ln(kobs),4,ar2_homo_hartree|ar2_scf_energy_hartree|ar2_Ar_LUMO|ar1_q_a,0.6206572550014128,0.4617508731040548,2.7285800874901778,LOOCV,ln(kobs) = <nonlinear model; no closed-form linear equation>
azoarene_svr_rbf_c10_eps01_g003,ln(kobs),4,ar2_Ar_HOMO|ar2_enthalpy_hartree|ar2_lumo_hartree|ar1_q_a,0.6206398440710763,0.4617033111116773,2.7286427044419237,LOOCV,ln(kobs) = <nonlinear model; no closed-form linear equation>
azoarene_svr_rbf_c10_eps01_g003,ln(kobs),4,ar2_Ar_HOMO|ar2_enthalpy_hartree|ar2_Ar_LUMO|ar1_q_a,0.6206398440710763,0.4617033111116773,2.7286427044419237,LOOCV,ln(kobs) = <nonlinear model; no closed-form linear equation>
azoarene_svr_rbf_c10_eps01_g003,ln(kobs),4,ar2_homo_hartree|ar2_enthalpy_hartree|ar2_lumo_hartree|ar1_q_a,0.6206398440710763,0.4617033111116773,2.7286427044419237,LOOCV,ln(kobs) = <nonlinear model; no closed-form linear equation>
azoarene_svr_rbf_c10_eps01_g003,ln(kobs),4,ar2_homo_hartree|ar2_enthalpy_hartree|ar2_Ar_LUMO|ar1_q_a,0.6206398440710763,0.4617033111116773,2.7286427044419237,LOOCV,ln(kobs) = <nonlinear model; no closed-form linear equation>
azoarene_svr_rbf_c10_eps01_g003,ln(kobs),4,ar2_Ar_HOMO|ar2_gibbs_free_energy_hartree|ar2_lumo_hartree|ar1_q_a,0.6206294927682467,0.4616976141439434,2.7286799313539145,LOOCV,ln(kobs) = <nonlinear model; no closed-form linear equation>
azoarene_svr_rbf_c10_eps01_g003,ln(kobs),4,ar2_Ar_HOMO|ar2_gibbs_free_energy_hartree|ar2_Ar_LUMO|ar1_q_a,0.6206294927682467,0.4616976141439434,2.7286799313539145,LOOCV,ln(kobs) = <nonlinear model; no closed-form linear equation>
azoarene_svr_rbf_c10_eps01_g003,ln(kobs),4,ar2_homo_hartree|ar2_gibbs_free_energy_hartree|ar2_lumo_hartree|ar1_q_a,0.6206294927682467,0.4616976141439434,2.7286799313539145,LOOCV,ln(kobs) = <nonlinear model; no closed-form linear equation>
azoarene_svr_rbf_c10_eps01_g003,ln(kobs),4,ar2_homo_hartree|ar2_gibbs_free_energy_hartree|ar2_Ar_LUMO|ar1_q_a,0.6206294927682467,0.4616976141439434,2.7286799313539145,LOOCV,ln(kobs) = <nonlinear model; no closed-form linear equation>
azoarene_svr_rbf_c10_eps01_g003,ln(kobs),4,ar2_Ar_HOMO|ar2_Ar_Ster_B5|ar2_sterimol_B5|ar1_nbo_q_a,0.5993334803173007,0.46062732793635963,2.804221669575519,LOOCV,ln(kobs) = <nonlinear model; no closed-form linear equation>
azoarene_svr_rbf_c10_eps01_g003,ln(kobs),4,ar2_Ar_HOMO|ar2_Ar_Ster_B5|ar2_sterimol_B5|ar1_Ar_NBO_OH,0.5993334803173007,0.46062732793635963,2.804221669575519,LOOCV,ln(kobs) = <nonlinear model; no closed-form linear equation>
azoarene_svr_rbf_c10_eps01_g003,ln(kobs),4,ar2_homo_hartree|ar2_Ar_Ster_B5|ar2_sterimol_B5|ar1_nbo_q_a,0.5993334803173007,0.46062732793635963,2.804221669575519,LOOCV,ln(kobs) = <nonlinear model; no closed-form linear equation>
azoarene_svr_rbf_c10_eps01_g003,ln(kobs),4,ar2_homo_hartree|ar2_Ar_Ster_B5|ar2_sterimol_B5|ar1_Ar_NBO_OH,0.5993334803173007,0.46062732793635963,2.804221669575519,LOOCV,ln(kobs) = <nonlinear model; no closed-form linear equation>
azoarene_svr_rbf_c10_eps01_g003,ln(kobs),4,ar2_Ar_HOMO|rate kobs (s-1)|ar1_q_a|ar2_Ar_Ster_B5,0.6561705350262066,0.4605072780681274,2.59772013079247,LOOCV,ln(kobs) = <nonlinear model; no closed-form linear equation>
azoarene_svr_rbf_c10_eps01_g003,ln(kobs),4,ar2_Ar_HOMO|rate kobs (s-1)|ar1_q_a|ar2_sterimol_B5,0.6561705350262066,0.4605072780681274,2.59772013079247,LOOCV,ln(kobs) = <nonlinear model; no closed-form linear equation>
azoarene_svr_rbf_c10_eps01_g003,ln(kobs),4,ar2_homo_hartree|rate kobs (s-1)|ar1_q_a|ar2_Ar_Ster_B5,0.6561705350262066,0.4605072780681274,2.59772013079247,LOOCV,ln(kobs) = <nonlinear model; no closed-form linear equation>
azoarene_svr_rbf_c10_eps01_g003,ln(kobs),4,ar2_homo_hartree|rate kobs (s-1)|ar1_q_a|ar2_sterimol_B5,0.6561705350262066,0.4605072780681274,2.59772013079247,LOOCV,ln(kobs) = <nonlinear model; no closed-form linear equation>
azoarene_svr_rbf_c10_eps01_g003,ln(kobs),3,ar2_Ar_HOMO|ar2_homo_hartree|rate kobs (s-1),0.6289040470905336,0.4603995641968083,2.698757878621125,LOOCV,ln(kobs) = <nonlinear model; no closed-form linear equation>
azoarene_svr_rbf_c10_eps01_g003,ln(kobs),5,ar2_Ar_HOMO|ar2_scf_energy_hartree|rate kobs (s-1)|ar1_bond_length_c_a|ar1_nbo_q_a,0.6793034424601764,0.4598397830050045,2.5088111041537844,LOOCV,ln(kobs) = <nonlinear model; no closed-form linear equation>
azoarene_svr_rbf_c10_eps01_g003,ln(kobs),5,ar2_Ar_HOMO|ar2_scf_energy_hartree|rate kobs (s-1)|ar1_bond_length_c_a|ar1_Ar_NBO_OH,0.6793034424601764,0.4598397830050045,2.5088111041537844,LOOCV,ln(kobs) = <nonlinear model; no closed-form linear equation>
azoarene_svr_rbf_c10_eps01_g003,ln(kobs),5,ar2_homo_hartree|ar2_scf_energy_hartree|rate kobs (s-1)|ar1_bond_length_c_a|ar1_nbo_q_a,0.6793034424601764,0.4598397830050045,2.5088111041537844,LOOCV,ln(kobs) = <nonlinear model; no closed-form linear equation>
azoarene_svr_rbf_c10_eps01_g003,ln(kobs),5,ar2_homo_hartree|ar2_scf_energy_hartree|rate kobs (s-1)|ar1_bond_length_c_a|ar1_Ar_NBO_OH,0.6793034424601764,0.4598397830050045,2.5088111041537844,LOOCV,ln(kobs) = <nonlinear model; no closed-form linear equation>
azoarene_svr_rbf_c10_eps01_g003,ln(kobs),5,ar2_Ar_HOMO|ar2_enthalpy_hartree|rate kobs (s-1)|ar1_bond_length_c_a|ar1_nbo_q_a,0.6792968396955397,0.45980955722370764,2.508836930754641,LOOCV,ln(kobs) = <nonlinear model; no closed-form linear equation>
azoarene_svr_rbf_c10_eps01_g003,ln(kobs),5,ar2_Ar_HOMO|ar2_enthalpy_hartree|rate kobs (s-1)|ar1_bond_length_c_a|ar1_Ar_NBO_OH,0.6792968396955397,0.45980955722370764,2.508836930754641,LOOCV,ln(kobs) = <nonlinear model; no closed-form linear equation>
azoarene_svr_rbf_c10_eps01_g003,ln(kobs),5,ar2_homo_hartree|ar2_enthalpy_hartree|rate kobs (s-1)|ar1_bond_length_c_a|ar1_nbo_q_a,0.6792968396955397,0.45980955722370764,2.508836930754641,LOOCV,ln(kobs) = <nonlinear model; no closed-form linear equation>
azoarene_svr_rbf_c10_eps01_g003,ln(kobs),5,ar2_homo_hartree|ar2_enthalpy_hartree|rate kobs (s-1)|ar1_bond_length_c_a|ar1_Ar_NBO_OH,0.6792968396955397,0.45980955722370764,2.508836930754641,LOOCV,ln(kobs) = <nonlinear model; no closed-form linear equation>
azoarene_svr_rbf_c10_eps01_g003,ln(kobs),5,ar2_Ar_HOMO|ar2_gibbs_free_energy_hartree|rate kobs (s-1)|ar1_bond_length_c_a|ar1_nbo_q_a,0.6792970119983348,0.45977270326924724,2.5088362567985856,LOOCV,ln(kobs) = <nonlinear model; no closed-form linear equation>
azoarene_svr_rbf_c10_eps01_g003,ln(kobs),5,ar2_Ar_HOMO|ar2_gibbs_free_energy_hartree|rate kobs (s-1)|ar1_bond_length_c_a|ar1_Ar_NBO_OH,0.6792970119983348,0.45977270326924724,2.5088362567985856,LOOCV,ln(kobs) = <nonlinear model; no closed-form linear equation>
azoarene_svr_rbf_c10_eps01_g003,ln(kobs),5,ar2_homo_hartree|ar2_gibbs_free_energy_hartree|rate kobs (s-1)|ar1_bond_length_c_a|ar1_nbo_q_a,0.6792970119983348,0.45977270326924724,2.5088362567985856,LOOCV,ln(kobs) = <nonlinear model; no closed-form linear equation>
azoarene_svr_rbf_c10_eps01_g003,ln(kobs),5,ar2_homo_hartree|ar2_gibbs_free_energy_hartree|rate kobs (s-1)|ar1_bond_length_c_a|ar1_Ar_NBO_OH,0.6792970119983348,0.45977270326924724,2.5088362567985856,LOOCV,ln(kobs) = <nonlinear model; no closed-form linear equation>
azoarene_svr_rbf_c10_eps01_g003,ln(kobs),5,ar2_Ar_HOMO|ar2_homo_hartree|ar2_Ar_polar|ar1_bond_length_c_a|ar1_q_a,0.6421714892600947,0.4587168742114085,2.650075729357156,LOOCV,ln(kobs) = <nonlinear model; no closed-form linear equation>
azoarene_svr_rbf_c10_eps01_g003,ln(kobs),5,ar2_Ar_HOMO|ar2_homo_hartree|ar2_isotropic_polarizability_au|ar1_bond_length_c_a|ar1_q_a,0.6421714892600947,0.4587168742114085,2.650075729357156,LOOCV,ln(kobs) = <nonlinear model; no closed-form linear equation>
azoarene_svr_rbf_c10_eps01_g003,ln(kobs),4,ar2_Ar_HOMO|ar2_scf_energy_hartree|ar2_gap_hartree|ar1_q_a,0.6205755259155323,0.4585376719322184,2.728874006840171,LOOCV,ln(kobs) = <nonlinear model; no closed-form linear equation>
azoarene_svr_rbf_c10_eps01_g003,ln(kobs),4,ar2_homo_hartree|ar2_scf_energy_hartree|ar2_gap_hartree|ar1_q_a,0.6205755259155323,0.4585376719322184,2.728874006840171,LOOCV,ln(kobs) = <nonlinear model; no closed-form linear equation>
azoarene_svr_rbf_c10_eps01_g003,ln(kobs),4,ar2_Ar_HOMO|ar2_gibbs_free_energy_hartree|ar2_gap_hartree|ar1_q_a,0.6205773735054094,0.45848994166752133,2.728867362769383,LOOCV,ln(kobs) = <nonlinear model; no closed-form linear equation>
azoarene_svr_rbf_c10_eps01_g003,ln(kobs),4,ar2_homo_hartree|ar2_gibbs_free_energy_hartree|ar2_gap_hartree|ar1_q_a,0.6205773735054094,0.45848994166752133,2.728867362769383,LOOCV,ln(kobs) = <nonlinear model; no closed-form linear equation>
azoarene_svr_rbf_c10_eps01_g003,ln(kobs),4,ar2_Ar_HOMO|ar2_enthalpy_hartree|ar2_gap_hartree|ar1_q_a,0.6205608323781144,0.45848315255336614,2.7289268453190756,LOOCV,ln(kobs) = <nonlinear model; no closed-form linear equation>
azoarene_svr_rbf_c10_eps01_g003,ln(kobs),4,ar2_homo_hartree|ar2_enthalpy_hartree|ar2_gap_hartree|ar1_q_a,0.6205608323781144,0.45848315255336614,2.7289268453190756,LOOCV,ln(kobs) = <nonlinear model; no closed-form linear equation>
azoarene_svr_rbf_c10_eps01_g003,ln(kobs),4,ar2_Ar_HOMO|ar2_scf_energy_hartree|rate kobs (s-1)|ar2_Ar_Ster_B5,0.5990139348150489,0.45819722726097445,2.8053396789249287,LOOCV,ln(kobs) = <nonlinear model; no closed-form linear equation>
azoarene_svr_rbf_c10_eps01_g003,ln(kobs),4,ar2_Ar_HOMO|ar2_scf_energy_hartree|rate kobs (s-1)|ar2_sterimol_B5,0.5990139348150489,0.45819722726097445,2.8053396789249287,LOOCV,ln(kobs) = <nonlinear model; no closed-form linear equation>
azoarene_svr_rbf_c10_eps01_g003,ln(kobs),4,ar2_homo_hartree|ar2_scf_energy_hartree|rate kobs (s-1)|ar2_Ar_Ster_B5,0.5990139348150489,0.45819722726097445,2.8053396789249287,LOOCV,ln(kobs) = <nonlinear model; no closed-form linear equation>
azoarene_svr_rbf_c10_eps01_g003,ln(kobs),4,ar2_homo_hartree|ar2_scf_energy_hartree|rate kobs (s-1)|ar2_sterimol_B5,0.5990139348150489,0.45819722726097445,2.8053396789249287,LOOCV,ln(kobs) = <nonlinear model; no closed-form linear equation>
azoarene_svr_rbf_c10_eps01_g003,ln(kobs),4,ar2_Ar_HOMO|ar2_enthalpy_hartree|rate kobs (s-1)|ar2_Ar_Ster_B5,0.5990193586040096,0.4581926526250939,2.805320706168573,LOOCV,ln(kobs) = <nonlinear model; no closed-form linear equation>
azoarene_svr_rbf_c10_eps01_g003,ln(kobs),4,ar2_Ar_HOMO|ar2_enthalpy_hartree|rate kobs (s-1)|ar2_sterimol_B5,0.5990193586040096,0.4581926526250939,2.805320706168573,LOOCV,ln(kobs) = <nonlinear model; no closed-form linear equation>
azoarene_svr_rbf_c10_eps01_g003,ln(kobs),4,ar2_homo_hartree|ar2_enthalpy_hartree|rate kobs (s-1)|ar2_Ar_Ster_B5,0.5990193586040096,0.4581926526250939,2.805320706168573,LOOCV,ln(kobs) = <nonlinear model; no closed-form linear equation>
azoarene_svr_rbf_c10_eps01_g003,ln(kobs),4,ar2_homo_hartree|ar2_enthalpy_hartree|rate kobs (s-1)|ar2_sterimol_B5,0.5990193586040096,0.4581926526250939,2.805320706168573,LOOCV,ln(kobs) = <nonlinear model; no closed-form linear equation>
azoarene_svr_rbf_c10_eps01_g003,ln(kobs),4,ar2_Ar_HOMO|ar2_gibbs_free_energy_hartree|rate kobs (s-1)|ar2_Ar_Ster_B5,0.5990188314788701,0.4581856472549394,2.8053225500912338,LOOCV,ln(kobs) = <nonlinear model; no closed-form linear equation>
azoarene_svr_rbf_c10_eps01_g003,ln(kobs),4,ar2_Ar_HOMO|ar2_gibbs_free_energy_hartree|rate kobs (s-1)|ar2_sterimol_B5,0.5990188314788701,0.4581856472549394,2.8053225500912338,LOOCV,ln(kobs) = <nonlinear model; no closed-form linear equation>
azoarene_svr_rbf_c10_eps01_g003,ln(kobs),4,ar2_homo_hartree|ar2_gibbs_free_energy_hartree|rate kobs (s-1)|ar2_Ar_Ster_B5,0.5990188314788701,0.4581856472549394,2.8053225500912338,LOOCV,ln(kobs) = <nonlinear model; no closed-form linear equation>
azoarene_svr_rbf_c10_eps01_g003,ln(kobs),4,ar2_homo_hartree|ar2_gibbs_free_energy_hartree|rate kobs (s-1)|ar2_sterimol_B5,0.5990188314788701,0.4581856472549394,2.8053225500912338,LOOCV,ln(kobs) = <nonlinear model; no closed-form linear equation>
azoarene_svr_rbf_c10_eps01_g003,ln(kobs),4,ar2_Ar_HOMO|ar2_Ar_polar|ar2_gibbs_free_energy_hartree|ar1_q_a,0.6028345521521087,0.45674020774940416,2.7919429758512626,LOOCV,ln(kobs) = <nonlinear model; no closed-form linear equation>
azoarene_svr_rbf_c10_eps01_g003,ln(kobs),4,ar2_Ar_HOMO|ar2_isotropic_polarizability_au|ar2_gibbs_free_energy_hartree|ar1_q_a,0.6028345521521087,0.45674020774940416,2.7919429758512626,LOOCV,ln(kobs) = <nonlinear model; no closed-form linear equation>
azoarene_svr_rbf_c10_eps01_g003,ln(kobs),4,ar2_homo_hartree|ar2_Ar_polar|ar2_gibbs_free_energy_hartree|ar1_q_a,0.6028345521521087,0.45674020774940416,2.7919429758512626,LOOCV,ln(kobs) = <nonlinear model; no closed-form linear equation>
azoarene_svr_rbf_c10_eps01_g003,ln(kobs),4,ar2_homo_hartree|ar2_isotropic_polarizability_au|ar2_gibbs_free_energy_hartree|ar1_q_a,0.6028345521521087,0.45674020774940416,2.7919429758512626,LOOCV,ln(kobs) = <nonlinear model; no closed-form linear equation>
azoarene_svr_rbf_c10_eps01_g003,ln(kobs),4,ar2_Ar_HOMO|ar2_Ar_polar|ar2_scf_energy_hartree|ar1_q_a,0.6028404265158223,0.4567378015999345,2.7919223283487637,LOOCV,ln(kobs) = <nonlinear model; no closed-form linear equation>
azoarene_svr_rbf_c10_eps01_g003,ln(kobs),4,ar2_Ar_HOMO|ar2_isotropic_polarizability_au|ar2_scf_energy_hartree|ar1_q_a,0.6028404265158223,0.4567378015999345,2.7919223283487637,LOOCV,ln(kobs) = <nonlinear model; no closed-form linear equation>
azoarene_svr_rbf_c10_eps01_g003,ln(kobs),4,ar2_homo_hartree|ar2_Ar_polar|ar2_scf_energy_hartree|ar1_q_a,0.6028404265158223,0.4567378015999345,2.7919223283487637,LOOCV,ln(kobs) = <nonlinear model; no closed-form linear equation>
azoarene_svr_rbf_c10_eps01_g003,ln(kobs),4,ar2_homo_hartree|ar2_isotropic_polarizability_au|ar2_scf_energy_hartree|ar1_q_a,0.6028404265158223,0.4567378015999345,2.7919223283487637,LOOCV,ln(kobs) = <nonlinear model; no closed-form linear equation>
azoarene_svr_rbf_c10_eps01_g003,ln(kobs),4,ar2_Ar_HOMO|ar2_Ar_polar|ar2_enthalpy_hartree|ar1_q_a,0.6028344963045329,0.4567149673424816,2.791943172146336,LOOCV,ln(kobs) = <nonlinear model; no closed-form linear equation>
azoarene_svr_rbf_c10_eps01_g003,ln(kobs),4,ar2_Ar_HOMO|ar2_isotropic_polarizability_au|ar2_enthalpy_hartree|ar1_q_a,0.6028344963045329,0.4567149673424816,2.791943172146336,LOOCV,ln(kobs) = <nonlinear model; no closed-form linear equation>
azoarene_svr_rbf_c10_eps01_g003,ln(kobs),4,ar2_homo_hartree|ar2_Ar_polar|ar2_enthalpy_hartree|ar1_q_a,0.6028344963045329,0.4567149673424816,2.791943172146336,LOOCV,ln(kobs) = <nonlinear model; no closed-form linear equation>
azoarene_svr_rbf_c10_eps01_g003,ln(kobs),4,ar2_homo_hartree|ar2_isotropic_polarizability_au|ar2_enthalpy_hartree|ar1_q_a,0.6028344963045329,0.4567149673424816,2.791943172146336,LOOCV,ln(kobs) = <nonlinear model; no closed-form linear equation>
azoarene_svr_rbf_c10_eps01_g003,ln(kobs),4,ar2_Ar_HOMO|ar2_Ar_polar|ar2_enthalpy_hartree|ar2_lumo_hartree,0.5527907995074013,0.4564663900402841,2.9626215602624155,LOOCV,ln(kobs) = <nonlinear model; no closed-form linear equation>
azoarene_svr_rbf_c10_eps01_g003,ln(kobs),4,ar2_Ar_HOMO|ar2_Ar_polar|ar2_enthalpy_hartree|ar2_Ar_LUMO,0.5527907995074013,0.4564663900402841,2.9626215602624155,LOOCV,ln(kobs) = <nonlinear model; no closed-form linear equation>
azoarene_svr_rbf_c10_eps01_g003,ln(kobs),4,ar2_Ar_HOMO|ar2_isotropic_polarizability_au|ar2_enthalpy_hartree|ar2_lumo_hartree,0.5527907995074013,0.4564663900402841,2.9626215602624155,LOOCV,ln(kobs) = <nonlinear model; no closed-form linear equation>
azoarene_svr_rbf_c10_eps01_g003,ln(kobs),4,ar2_Ar_HOMO|ar2_isotropic_polarizability_au|ar2_enthalpy_hartree|ar2_Ar_LUMO,0.5527907995074013,0.4564663900402841,2.9626215602624155,LOOCV,ln(kobs) = <nonlinear model; no closed-form linear equation>
azoarene_svr_rbf_c10_eps01_g003,ln(kobs),4,ar2_homo_hartree|ar2_Ar_polar|ar2_enthalpy_hartree|ar2_lumo_hartree,0.5527907995074013,0.4564663900402841,2.9626215602624155,LOOCV,ln(kobs) = <nonlinear model; no closed-form linear equation>
azoarene_svr_rbf_c10_eps01_g003,ln(kobs),4,ar2_homo_hartree|ar2_Ar_polar|ar2_enthalpy_hartree|ar2_Ar_LUMO,0.5527907995074013,0.4564663900402841,2.9626215602624155,LOOCV,ln(kobs) = <nonlinear model; no closed-form linear equation>
azoarene_svr_rbf_c10_eps01_g003,ln(kobs),4,ar2_homo_hartree|ar2_isotropic_polarizability_au|ar2_enthalpy_hartree|ar2_lumo_hartree,0.5527907995074013,0.4564663900402841,2.9626215602624155,LOOCV,ln(kobs) = <nonlinear model; no closed-form linear equation>
azoarene_svr_rbf_c10_eps01_g003,ln(kobs),4,ar2_homo_hartree|ar2_isotropic_polarizability_au|ar2_enthalpy_hartree|ar2_Ar_LUMO,0.5527907995074013,0.4564663900402841,2.9626215602624155,LOOCV,ln(kobs) = <nonlinear model; no closed-form linear equation>
azoarene_svr_rbf_c10_eps01_g003,ln(kobs),4,ar2_Ar_HOMO|ar2_Ar_polar|ar2_gibbs_free_energy_hartree|ar2_lumo_hartree,0.5527907694129335,0.4564662345103002,2.9626216599456483,LOOCV,ln(kobs) = <nonlinear model; no closed-form linear equation>
azoarene_svr_rbf_c10_eps01_g003,ln(kobs),4,ar2_Ar_HOMO|ar2_Ar_polar|ar2_gibbs_free_energy_hartree|ar2_Ar_LUMO,0.5527907694129335,0.4564662345103002,2.9626216599456483,LOOCV,ln(kobs) = <nonlinear model; no closed-form linear equation>
azoarene_svr_rbf_c10_eps01_g003,ln(kobs),4,ar2_Ar_HOMO|ar2_isotropic_polarizability_au|ar2_gibbs_free_energy_hartree|ar2_lumo_hartree,0.5527907694129335,0.4564662345103002,2.9626216599456483,LOOCV,ln(kobs) = <nonlinear model; no closed-form linear equation>
azoarene_svr_rbf_c10_eps01_g003,ln(kobs),4,ar2_Ar_HOMO|ar2_isotropic_polarizability_au|ar2_gibbs_free_energy_hartree|ar2_Ar_LUMO,0.5527907694129335,0.4564662345103002,2.9626216599456483,LOOCV,ln(kobs) = <nonlinear model; no closed-form linear equation>
azoarene_svr_rbf_c10_eps01_g003,ln(kobs),4,ar2_homo_hartree|ar2_Ar_polar|ar2_gibbs_free_energy_hartree|ar2_lumo_hartree,0.5527907694129335,0.4564662345103002,2.9626216599456483,LOOCV,ln(kobs) = <nonlinear model; no closed-form linear equation>
azoarene_svr_rbf_c10_eps01_g003,ln(kobs),4,ar2_homo_hartree|ar2_Ar_polar|ar2_gibbs_free_energy_hartree|ar2_Ar_LUMO,0.5527907694129335,0.4564662345103002,2.9626216599456483,LOOCV,ln(kobs) = <nonlinear model; no closed-form linear equation>
azoarene_svr_rbf_c10_eps01_g003,ln(kobs),4,ar2_homo_hartree|ar2_isotropic_polarizability_au|ar2_gibbs_free_energy_hartree|ar2_lumo_hartree,0.5527907694129335,0.4564662345103002,2.9626216599456483,LOOCV,ln(kobs) = <nonlinear model; no closed-form linear equation>
azoarene_svr_rbf_c10_eps01_g003,ln(kobs),4,ar2_homo_hartree|ar2_isotropic_polarizability_au|ar2_gibbs_free_energy_hartree|ar2_Ar_LUMO,0.5527907694129335,0.4564662345103002,2.9626216599456483,LOOCV,ln(kobs) = <nonlinear model; no closed-form linear equation>
azoarene_svr_rbf_c10_eps01_g003,ln(kobs),4,ar2_Ar_HOMO|ar2_Ar_polar|ar2_scf_energy_hartree|ar2_lumo_hartree,0.5527908394978014,0.45645016523586657,2.9626214278004444,LOOCV,ln(kobs) = <nonlinear model; no closed-form linear equation>
azoarene_svr_rbf_c10_eps01_g003,ln(kobs),4,ar2_Ar_HOMO|ar2_Ar_polar|ar2_scf_energy_hartree|ar2_Ar_LUMO,0.5527908394978014,0.45645016523586657,2.9626214278004444,LOOCV,ln(kobs) = <nonlinear model; no closed-form linear equation>
azoarene_svr_rbf_c10_eps01_g003,ln(kobs),4,ar2_Ar_HOMO|ar2_isotropic_polarizability_au|ar2_scf_energy_hartree|ar2_lumo_hartree,0.5527908394978014,0.45645016523586657,2.9626214278004444,LOOCV,ln(kobs) = <nonlinear model; no closed-form linear equation>
azoarene_svr_rbf_c10_eps01_g003,ln(kobs),4,ar2_Ar_HOMO|ar2_isotropic_polarizability_au|ar2_scf_energy_hartree|ar2_Ar_LUMO,0.5527908394978014,0.45645016523586657,2.9626214278004444,LOOCV,ln(kobs) = <nonlinear model; no closed-form linear equation>
azoarene_svr_rbf_c10_eps01_g003,ln(kobs),4,ar2_homo_hartree|ar2_Ar_polar|ar2_scf_energy_hartree|ar2_lumo_hartree,0.5527908394978014,0.45645016523586657,2.9626214278004444,LOOCV,ln(kobs) = <nonlinear model; no closed-form linear equation>
azoarene_svr_rbf_c10_eps01_g003,ln(kobs),4,ar2_homo_hartree|ar2_Ar_polar|ar2_scf_energy_hartree|ar2_Ar_LUMO,0.5527908394978014,0.45645016523586657,2.9626214278004444,LOOCV,ln(kobs) = <nonlinear model; no closed-form linear equation>
azoarene_svr_rbf_c10_eps01_g003,ln(kobs),4,ar2_homo_hartree|ar2_isotropic_polarizability_au|ar2_scf_energy_hartree|ar2_lumo_hartree,0.5527908394978014,0.45645016523586657,2.9626214278004444,LOOCV,ln(kobs) = <nonlinear model; no closed-form linear equation>
azoarene_svr_rbf_c10_eps01_g003,ln(kobs),4,ar2_homo_hartree|ar2_isotropic_polarizability_au|ar2_scf_energy_hartree|ar2_Ar_LUMO,0.5527908394978014,0.45645016523586657,2.9626214278004444,LOOCV,ln(kobs) = <nonlinear model; no closed-form linear equation>
azoarene_svr_rbf_c10_eps01_g003,ln(kobs),5,ar2_Ar_HOMO|ar2_homo_hartree|ar2_Ar_polar|rate kobs (s-1)|ar2_gap_hartree,0.6424808620818014,0.45591166776167613,2.648929875033177,LOOCV,ln(kobs) = <nonlinear model; no closed-form linear equation>
azoarene_svr_rbf_c10_eps01_g003,ln(kobs),5,ar2_Ar_HOMO|ar2_homo_hartree|ar2_isotropic_polarizability_au|rate kobs (s-1)|ar2_gap_hartree,0.6424808620818014,0.45591166776167613,2.648929875033177,LOOCV,ln(kobs) = <nonlinear model; no closed-form linear equation>
azoarene_svr_rbf_c10_eps01_g003,ln(kobs),4,ar2_Ar_HOMO|ar2_Ar_polar|rate kobs (s-1)|ar1_bond_length_c_a,0.6771807863949717,0.4547097522878981,2.5171001862406452,LOOCV,ln(kobs) = <nonlinear model; no closed-form linear equation>
azoarene_svr_rbf_c10_eps01_g003,ln(kobs),4,ar2_Ar_HOMO|ar2_isotropic_polarizability_au|rate kobs (s-1)|ar1_bond_length_c_a,0.6771807863949717,0.4547097522878981,2.5171001862406452,LOOCV,ln(kobs) = <nonlinear model; no closed-form linear equation>
azoarene_svr_rbf_c10_eps01_g003,ln(kobs),4,ar2_homo_hartree|ar2_Ar_polar|rate kobs (s-1)|ar1_bond_length_c_a,0.6771807863949717,0.4547097522878981,2.5171001862406452,LOOCV,ln(kobs) = <nonlinear model; no closed-form linear equation>
azoarene_svr_rbf_c10_eps01_g003,ln(kobs),4,ar2_homo_hartree|ar2_isotropic_polarizability_au|rate kobs (s-1)|ar1_bond_length_c_a,0.6771807863949717,0.4547097522878981,2.5171001862406452,LOOCV,ln(kobs) = <nonlinear model; no closed-form linear equation>
azoarene_svr_rbf_c10_eps01_g003,ln(kobs),5,ar2_Ar_HOMO|ar2_homo_hartree|ar2_Ar_polar|rate kobs (s-1)|ar2_lumo_hartree,0.6424244056283792,0.4546820972010611,2.6491390152816603,LOOCV,ln(kobs) = <nonlinear model; no closed-form linear equation>
azoarene_svr_rbf_c10_eps01_g003,ln(kobs),5,ar2_Ar_HOMO|ar2_homo_hartree|ar2_Ar_polar|rate kobs (s-1)|ar2_Ar_LUMO,0.6424244056283792,0.4546820972010611,2.6491390152816603,LOOCV,ln(kobs) = <nonlinear model; no closed-form linear equation>
azoarene_svr_rbf_c10_eps01_g003,ln(kobs),5,ar2_Ar_HOMO|ar2_homo_hartree|ar2_isotropic_polarizability_au|rate kobs (s-1)|ar2_lumo_hartree,0.6424244056283792,0.4546820972010611,2.6491390152816603,LOOCV,ln(kobs) = <nonlinear model; no closed-form linear equation>
azoarene_svr_rbf_c10_eps01_g003,ln(kobs),5,ar2_Ar_HOMO|ar2_homo_hartree|ar2_isotropic_polarizability_au|rate kobs (s-1)|ar2_Ar_LUMO,0.6424244056283792,0.4546820972010611,2.6491390152816603,LOOCV,ln(kobs) = <nonlinear model; no closed-form linear equation>
azoarene_svr_rbf_c10_eps01_g003,ln(kobs),4,ar2_Ar_HOMO|ar2_Ar_polar|ar2_gibbs_free_energy_hartree|ar2_gap_hartree,0.552650643176853,0.4540698910922871,2.963085769896096,LOOCV,ln(kobs) = <nonlinear model; no closed-form linear equation>
azoarene_svr_rbf_c10_eps01_g003,ln(kobs),4,ar2_Ar_HOMO|ar2_isotropic_polarizability_au|ar2_gibbs_free_energy_hartree|ar2_gap_hartree,0.552650643176853,0.4540698910922871,2.963085769896096,LOOCV,ln(kobs) = <nonlinear model; no closed-form linear equation>
azoarene_svr_rbf_c10_eps01_g003,ln(kobs),4,ar2_homo_hartree|ar2_Ar_polar|ar2_gibbs_free_energy_hartree|ar2_gap_hartree,0.552650643176853,0.4540698910922871,2.963085769896096,LOOCV,ln(kobs) = <nonlinear model; no closed-form linear equation>
azoarene_svr_rbf_c10_eps01_g003,ln(kobs),4,ar2_homo_hartree|ar2_isotropic_polarizability_au|ar2_gibbs_free_energy_hartree|ar2_gap_hartree,0.552650643176853,0.4540698910922871,2.963085769896096,LOOCV,ln(kobs) = <nonlinear model; no closed-form linear equation>
azoarene_svr_rbf_c10_eps01_g003,ln(kobs),4,ar2_Ar_HOMO|ar2_Ar_polar|ar2_enthalpy_hartree|ar2_gap_hartree,0.552650631874642,0.4540651654719784,2.9630858073270434,LOOCV,ln(kobs) = <nonlinear model; no closed-form linear equation>
azoarene_svr_rbf_c10_eps01_g003,ln(kobs),4,ar2_Ar_HOMO|ar2_isotropic_polarizability_au|ar2_enthalpy_hartree|ar2_gap_hartree,0.552650631874642,0.4540651654719784,2.9630858073270434,LOOCV,ln(kobs) = <nonlinear model; no closed-form linear equation>
azoarene_svr_rbf_c10_eps01_g003,ln(kobs),4,ar2_homo_hartree|ar2_Ar_polar|ar2_enthalpy_hartree|ar2_gap_hartree,0.552650631874642,0.4540651654719784,2.9630858073270434,LOOCV,ln(kobs) = <nonlinear model; no closed-form linear equation>
azoarene_svr_rbf_c10_eps01_g003,ln(kobs),4,ar2_homo_hartree|ar2_isotropic_polarizability_au|ar2_enthalpy_hartree|ar2_gap_hartree,0.552650631874642,0.4540651654719784,2.9630858073270434,LOOCV,ln(kobs) = <nonlinear model; no closed-form linear equation>
azoarene_svr_rbf_c10_eps01_g003,ln(kobs),4,ar2_Ar_HOMO|ar2_Ar_polar|ar2_scf_energy_hartree|ar2_gap_hartree,0.5526557426340863,0.45404186950465186,2.96306888133686,LOOCV,ln(kobs) = <nonlinear model; no closed-form linear equation>
azoarene_svr_rbf_c10_eps01_g003,ln(kobs),4,ar2_Ar_HOMO|ar2_isotropic_polarizability_au|ar2_scf_energy_hartree|ar2_gap_hartree,0.5526557426340863,0.45404186950465186,2.96306888133686,LOOCV,ln(kobs) = <nonlinear model; no closed-form linear equation>
azoarene_svr_rbf_c10_eps01_g003,ln(kobs),4,ar2_homo_hartree|ar2_Ar_polar|ar2_scf_energy_hartree|ar2_gap_hartree,0.5526557426340863,0.45404186950465186,2.96306888133686,LOOCV,ln(kobs) = <nonlinear model; no closed-form linear equation>
azoarene_svr_rbf_c10_eps01_g003,ln(kobs),4,ar2_homo_hartree|ar2_isotropic_polarizability_au|ar2_scf_energy_hartree|ar2_gap_hartree,0.5526557426340863,0.45404186950465186,2.96306888133686,LOOCV,ln(kobs) = <nonlinear model; no closed-form linear equation>
azoarene_svr_rbf_c10_eps01_g003,ln(kobs),3,ar2_Ar_HOMO|ar1_nbo_q_a|ar1_Ar_NBO_OH,0.5792793974871477,0.4539763181735881,2.8735430245268785,LOOCV,ln(kobs) = <nonlinear model; no closed-form linear equation>
azoarene_svr_rbf_c10_eps01_g003,ln(kobs),3,ar2_homo_hartree|ar1_nbo_q_a|ar1_Ar_NBO_OH,0.5792793974871477,0.4539763181735881,2.8735430245268785,LOOCV,ln(kobs) = <nonlinear model; no closed-form linear equation>
azoarene_svr_rbf_c10_eps01_g003,ln(kobs),3,ar2_Ar_HOMO|ar1_q_a|ar2_Ar_Ster_B5,0.61873267238692,0.45271149045881565,2.735493009957702,LOOCV,ln(kobs) = <nonlinear model; no closed-form linear equation>
azoarene_svr_rbf_c10_eps01_g003,ln(kobs),3,ar2_Ar_HOMO|ar1_q_a|ar2_sterimol_B5,0.61873267238692,0.45271149045881565,2.735493009957702,LOOCV,ln(kobs) = <nonlinear model; no closed-form linear equation>
azoarene_svr_rbf_c10_eps01_g003,ln(kobs),3,ar2_homo_hartree|ar1_q_a|ar2_Ar_Ster_B5,0.61873267238692,0.45271149045881565,2.735493009957702,LOOCV,ln(kobs) = <nonlinear model; no closed-form linear equation>
azoarene_svr_rbf_c10_eps01_g003,ln(kobs),3,ar2_homo_hartree|ar1_q_a|ar2_sterimol_B5,0.61873267238692,0.45271149045881565,2.735493009957702,LOOCV,ln(kobs) = <nonlinear model; no closed-form linear equation>
azoarene_svr_rbf_c10_eps01_g003,ln(kobs),5,ar2_Ar_HOMO|rate kobs (s-1)|ar1_bond_length_c_a|ar2_gap_hartree|ar2_Ar_Ster_B5,0.6785877035045491,0.45252958014333167,2.5116091589146534,LOOCV,ln(kobs) = <nonlinear model; no closed-form linear equation>
azoarene_svr_rbf_c10_eps01_g003,ln(kobs),5,ar2_Ar_HOMO|rate kobs (s-1)|ar1_bond_length_c_a|ar2_gap_hartree|ar2_sterimol_B5,0.6785877035045491,0.45252958014333167,2.5116091589146534,LOOCV,ln(kobs) = <nonlinear model; no closed-form linear equation>
azoarene_svr_rbf_c10_eps01_g003,ln(kobs),5,ar2_homo_hartree|rate kobs (s-1)|ar1_bond_length_c_a|ar2_gap_hartree|ar2_Ar_Ster_B5,0.6785877035045491,0.45252958014333167,2.5116091589146534,LOOCV,ln(kobs) = <nonlinear model; no closed-form linear equation>
azoarene_svr_rbf_c10_eps01_g003,ln(kobs),5,ar2_homo_hartree|rate kobs (s-1)|ar1_bond_length_c_a|ar2_gap_hartree|ar2_sterimol_B5,0.6785877035045491,0.45252958014333167,2.5116091589146534,LOOCV,ln(kobs) = <nonlinear model; no closed-form linear equation>
azoarene_svr_rbf_c10_eps01_g003,ln(kobs),4,ar2_Ar_HOMO|ar2_homo_hartree|ar2_Ar_Ster_B5|ar2_sterimol_B5,0.5462467267447657,0.4523759614186358,2.984219058575845,LOOCV,ln(kobs) = <nonlinear model; no closed-form linear equation>
azoarene_svr_rbf_c10_eps01_g003,ln(kobs),5,ar2_Ar_HOMO|rate kobs (s-1)|ar1_bond_length_c_e|ar2_Ar_Ster_B5|ar1_nbo_q_a,0.6849850817607798,0.4523305570208742,2.486488041089751,LOOCV,ln(kobs) = <nonlinear model; no closed-form linear equation>
azoarene_svr_rbf_c10_eps01_g003,ln(kobs),5,ar2_Ar_HOMO|rate kobs (s-1)|ar1_bond_length_c_e|ar2_Ar_Ster_B5|ar1_Ar_NBO_OH,0.6849850817607798,0.4523305570208742,2.486488041089751,LOOCV,ln(kobs) = <nonlinear model; no closed-form linear equation>
azoarene_svr_rbf_c10_eps01_g003,ln(kobs),5,ar2_Ar_HOMO|rate kobs (s-1)|ar1_bond_length_c_e|ar2_sterimol_B5|ar1_nbo_q_a,0.6849850817607798,0.4523305570208742,2.486488041089751,LOOCV,ln(kobs) = <nonlinear model; no closed-form linear equation>
azoarene_svr_rbf_c10_eps01_g003,ln(kobs),5,ar2_Ar_HOMO|rate kobs (s-1)|ar1_bond_length_c_e|ar2_sterimol_B5|ar1_Ar_NBO_OH,0.6849850817607798,0.4523305570208742,2.486488041089751,LOOCV,ln(kobs) = <nonlinear model; no closed-form linear equation>
azoarene_svr_rbf_c10_eps01_g003,ln(kobs),5,ar2_homo_hartree|rate kobs (s-1)|ar1_bond_length_c_e|ar2_Ar_Ster_B5|ar1_nbo_q_a,0.6849850817607798,0.4523305570208742,2.486488041089751,LOOCV,ln(kobs) = <nonlinear model; no closed-form linear equation>
azoarene_svr_rbf_c10_eps01_g003,ln(kobs),5,ar2_homo_hartree|rate kobs (s-1)|ar1_bond_length_c_e|ar2_Ar_Ster_B5|ar1_Ar_NBO_OH,0.6849850817607798,0.4523305570208742,2.486488041089751,LOOCV,ln(kobs) = <nonlinear model; no closed-form linear equation>
azoarene_svr_rbf_c10_eps01_g003,ln(kobs),5,ar2_homo_hartree|rate kobs (s-1)|ar1_bond_length_c_e|ar2_sterimol_B5|ar1_nbo_q_a,0.6849850817607798,0.4523305570208742,2.486488041089751,LOOCV,ln(kobs) = <nonlinear model; no closed-form linear equation>
azoarene_svr_rbf_c10_eps01_g003,ln(kobs),5,ar2_homo_hartree|rate kobs (s-1)|ar1_bond_length_c_e|ar2_sterimol_B5|ar1_Ar_NBO_OH,0.6849850817607798,0.4523305570208742,2.486488041089751,LOOCV,ln(kobs) = <nonlinear model; no closed-form linear equation>
azoarene_svr_rbf_c10_eps01_g003,ln(kobs),5,ar2_Ar_HOMO|ar2_homo_hartree|rate kobs (s-1)|ar1_q_a|ar1_bond_length_c_e,0.680293932583602,0.4523047665987463,2.504933802915284,LOOCV,ln(kobs) = <nonlinear model; no closed-form linear equation>
azoarene_svr_rbf_c10_eps01_g003,ln(kobs),4,ar2_Ar_HOMO|ar1_bond_length_c_a|ar2_Ar_Ster_B5|ar2_sterimol_B5,0.5845989003743084,0.45190207733475574,2.8553189990171526,LOOCV,ln(kobs) = <nonlinear model; no closed-form linear equation>
azoarene_svr_rbf_c10_eps01_g003,ln(kobs),4,ar2_homo_hartree|ar1_bond_length_c_a|ar2_Ar_Ster_B5|ar2_sterimol_B5,0.5845989003743084,0.45190207733475574,2.8553189990171526,LOOCV,ln(kobs) = <nonlinear model; no closed-form linear equation>
azoarene_svr_rbf_c10_eps01_g003,ln(kobs),4,ar2_Ar_HOMO|ar1_bond_length_c_e|ar2_Ar_Ster_B5|ar1_nbo_q_a,0.6235517010075284,0.45166667989346143,2.718150402430957,LOOCV,ln(kobs) = <nonlinear model; no closed-form linear equation>
azoarene_svr_rbf_c10_eps01_g003,ln(kobs),4,ar2_Ar_HOMO|ar1_bond_length_c_e|ar2_Ar_Ster_B5|ar1_Ar_NBO_OH,0.6235517010075284,0.45166667989346143,2.718150402430957,LOOCV,ln(kobs) = <nonlinear model; no closed-form linear equation>
azoarene_svr_rbf_c10_eps01_g003,ln(kobs),4,ar2_Ar_HOMO|ar1_bond_length_c_e|ar2_sterimol_B5|ar1_nbo_q_a,0.6235517010075284,0.45166667989346143,2.718150402430957,LOOCV,ln(kobs) = <nonlinear model; no closed-form linear equation>
azoarene_svr_rbf_c10_eps01_g003,ln(kobs),4,ar2_Ar_HOMO|ar1_bond_length_c_e|ar2_sterimol_B5|ar1_Ar_NBO_OH,0.6235517010075284,0.45166667989346143,2.718150402430957,LOOCV,ln(kobs) = <nonlinear model; no closed-form linear equation>
azoarene_svr_rbf_c10_eps01_g003,ln(kobs),4,ar2_homo_hartree|ar1_bond_length_c_e|ar2_Ar_Ster_B5|ar1_nbo_q_a,0.6235517010075284,0.45166667989346143,2.718150402430957,LOOCV,ln(kobs) = <nonlinear model; no closed-form linear equation>
azoarene_svr_rbf_c10_eps01_g003,ln(kobs),4,ar2_homo_hartree|ar1_bond_length_c_e|ar2_Ar_Ster_B5|ar1_Ar_NBO_OH,0.6235517010075284,0.45166667989346143,2.718150402430957,LOOCV,ln(kobs) = <nonlinear model; no closed-form linear equation>
azoarene_svr_rbf_c10_eps01_g003,ln(kobs),4,ar2_homo_hartree|ar1_bond_length_c_e|ar2_sterimol_B5|ar1_nbo_q_a,0.6235517010075284,0.45166667989346143,2.718150402430957,LOOCV,ln(kobs) = <nonlinear model; no closed-form linear equation>
azoarene_svr_rbf_c10_eps01_g003,ln(kobs),4,ar2_homo_hartree|ar1_bond_length_c_e|ar2_sterimol_B5|ar1_Ar_NBO_OH,0.6235517010075284,0.45166667989346143,2.718150402430957,LOOCV,ln(kobs) = <nonlinear model; no closed-form linear equation>
azoarene_svr_rbf_c10_eps01_g003,ln(kobs),4,ar2_Ar_HOMO|ar1_bond_length_c_a|ar2_lumo_hartree|ar2_gap_hartree,0.6034889330957758,0.4513898433108052,2.7896419858463712,LOOCV,ln(kobs) = <nonlinear model; no closed-form linear equation>
azoarene_svr_rbf_c10_eps01_g003,ln(kobs),4,ar2_Ar_HOMO|ar1_bond_length_c_a|ar2_Ar_LUMO|ar2_gap_hartree,0.6034889330957758,0.4513898433108052,2.7896419858463712,LOOCV,ln(kobs) = <nonlinear model; no closed-form linear equation>
azoarene_svr_rbf_c10_eps01_g003,ln(kobs),4,ar2_homo_hartree|ar1_bond_length_c_a|ar2_lumo_hartree|ar2_gap_hartree,0.6034889330957758,0.4513898433108052,2.7896419858463712,LOOCV,ln(kobs) = <nonlinear model; no closed-form linear equation>
azoarene_svr_rbf_c10_eps01_g003,ln(kobs),4,ar2_homo_hartree|ar1_bond_length_c_a|ar2_Ar_LUMO|ar2_gap_hartree,0.6034889330957758,0.4513898433108052,2.7896419858463712,LOOCV,ln(kobs) = <nonlinear model; no closed-form linear equation>
azoarene_svr_rbf_c10_eps01_g003,ln(kobs),3,ar2_lumo_hartree|ar1_q_a|ar2_Ar_Ster_B5,0.5691007761767641,0.4513246215734181,2.9080955381554787,LOOCV,ln(kobs) = <nonlinear model; no closed-form linear equation>
azoarene_svr_rbf_c10_eps01_g003,ln(kobs),3,ar2_lumo_hartree|ar1_q_a|ar2_sterimol_B5,0.5691007761767641,0.4513246215734181,2.9080955381554787,LOOCV,ln(kobs) = <nonlinear model; no closed-form linear equation>
azoarene_svr_rbf_c10_eps01_g003,ln(kobs),3,ar2_Ar_LUMO|ar1_q_a|ar2_Ar_Ster_B5,0.5691007761767641,0.4513246215734181,2.9080955381554787,LOOCV,ln(kobs) = <nonlinear model; no closed-form linear equation>
azoarene_svr_rbf_c10_eps01_g003,ln(kobs),3,ar2_Ar_LUMO|ar1_q_a|ar2_sterimol_B5,0.5691007761767641,0.4513246215734181,2.9080955381554787,LOOCV,ln(kobs) = <nonlinear model; no closed-form linear equation>
azoarene_svr_rbf_c10_eps01_g003,ln(kobs),4,ar2_Ar_HOMO|ar2_homo_hartree|ar1_bond_length_c_a|ar2_Ar_Ster_B5,0.6203250412484089,0.45123330779534354,2.7297746186454055,LOOCV,ln(kobs) = <nonlinear model; no closed-form linear equation>
azoarene_svr_rbf_c10_eps01_g003,ln(kobs),4,ar2_Ar_HOMO|ar2_homo_hartree|ar1_bond_length_c_a|ar2_sterimol_B5,0.6203250412484089,0.45123330779534354,2.7297746186454055,LOOCV,ln(kobs) = <nonlinear model; no closed-form linear equation>
azoarene_svr_rbf_c10_eps01_g003,ln(kobs),4,ar2_Ar_HOMO|ar2_scf_energy_hartree|ar1_bond_length_c_e|ar1_nbo_q_a,0.6085834235339143,0.45066664070442275,2.7716629802085437,LOOCV,ln(kobs) = <nonlinear model; no closed-form linear equation>
azoarene_svr_rbf_c10_eps01_g003,ln(kobs),4,ar2_Ar_HOMO|ar2_scf_energy_hartree|ar1_bond_length_c_e|ar1_Ar_NBO_OH,0.6085834235339143,0.45066664070442275,2.7716629802085437,LOOCV,ln(kobs) = <nonlinear model; no closed-form linear equation>
azoarene_svr_rbf_c10_eps01_g003,ln(kobs),4,ar2_homo_hartree|ar2_scf_energy_hartree|ar1_bond_length_c_e|ar1_nbo_q_a,0.6085834235339143,0.45066664070442275,2.7716629802085437,LOOCV,ln(kobs) = <nonlinear model; no closed-form linear equation>
azoarene_svr_rbf_c10_eps01_g003,ln(kobs),4,ar2_homo_hartree|ar2_scf_energy_hartree|ar1_bond_length_c_e|ar1_Ar_NBO_OH,0.6085834235339143,0.45066664070442275,2.7716629802085437,LOOCV,ln(kobs) = <nonlinear model; no closed-form linear equation>
azoarene_svr_rbf_c10_eps01_g003,ln(kobs),4,ar2_Ar_HOMO|ar2_gibbs_free_energy_hartree|ar1_bond_length_c_e|ar1_nbo_q_a,0.6085795225696254,0.45061370278196444,2.771676791748496,LOOCV,ln(kobs) = <nonlinear model; no closed-form linear equation>
azoarene_svr_rbf_c10_eps01_g003,ln(kobs),4,ar2_Ar_HOMO|ar2_gibbs_free_energy_hartree|ar1_bond_length_c_e|ar1_Ar_NBO_OH,0.6085795225696254,0.45061370278196444,2.771676791748496,LOOCV,ln(kobs) = <nonlinear model; no closed-form linear equation>
azoarene_svr_rbf_c10_eps01_g003,ln(kobs),4,ar2_homo_hartree|ar2_gibbs_free_energy_hartree|ar1_bond_length_c_e|ar1_nbo_q_a,0.6085795225696254,0.45061370278196444,2.771676791748496,LOOCV,ln(kobs) = <nonlinear model; no closed-form linear equation>
azoarene_svr_rbf_c10_eps01_g003,ln(kobs),4,ar2_homo_hartree|ar2_gibbs_free_energy_hartree|ar1_bond_length_c_e|ar1_Ar_NBO_OH,0.6085795225696254,0.45061370278196444,2.771676791748496,LOOCV,ln(kobs) = <nonlinear model; no closed-form linear equation>
azoarene_svr_rbf_c10_eps01_g003,ln(kobs),4,ar2_Ar_HOMO|ar2_enthalpy_hartree|ar1_bond_length_c_e|ar1_nbo_q_a,0.6085794636583268,0.4505961322526675,2.771677000326077,LOOCV,ln(kobs) = <nonlinear model; no closed-form linear equation>
azoarene_svr_rbf_c10_eps01_g003,ln(kobs),4,ar2_Ar_HOMO|ar2_enthalpy_hartree|ar1_bond_length_c_e|ar1_Ar_NBO_OH,0.6085794636583268,0.4505961322526675,2.771677000326077,LOOCV,ln(kobs) = <nonlinear model; no closed-form linear equation>
azoarene_svr_rbf_c10_eps01_g003,ln(kobs),4,ar2_homo_hartree|ar2_enthalpy_hartree|ar1_bond_length_c_e|ar1_nbo_q_a,0.6085794636583268,0.4505961322526675,2.771677000326077,LOOCV,ln(kobs) = <nonlinear model; no closed-form linear equation>
azoarene_svr_rbf_c10_eps01_g003,ln(kobs),4,ar2_homo_hartree|ar2_enthalpy_hartree|ar1_bond_length_c_e|ar1_Ar_NBO_OH,0.6085794636583268,0.4505961322526675,2.771677000326077,LOOCV,ln(kobs) = <nonlinear model; no closed-form linear equation>
azoarene_svr_rbf_c10_eps01_g003,ln(kobs),4,ar2_Ar_HOMO|ar2_lumo_hartree|ar2_gap_hartree|ar1_q_a,0.5726706306675309,0.450419679608266,2.8960241898774135,LOOCV,ln(kobs) = <nonlinear model; no closed-form linear equation>
azoarene_svr_rbf_c10_eps01_g003,ln(kobs),4,ar2_Ar_HOMO|ar2_Ar_LUMO|ar2_gap_hartree|ar1_q_a,0.5726706306675309,0.450419679608266,2.8960241898774135,LOOCV,ln(kobs) = <nonlinear model; no closed-form linear equation>
azoarene_svr_rbf_c10_eps01_g003,ln(kobs),4,ar2_homo_hartree|ar2_lumo_hartree|ar2_gap_hartree|ar1_q_a,0.5726706306675309,0.450419679608266,2.8960241898774135,LOOCV,ln(kobs) = <nonlinear model; no closed-form linear equation>
azoarene_svr_rbf_c10_eps01_g003,ln(kobs),4,ar2_homo_hartree|ar2_Ar_LUMO|ar2_gap_hartree|ar1_q_a,0.5726706306675309,0.450419679608266,2.8960241898774135,LOOCV,ln(kobs) = <nonlinear model; no closed-form linear equation>
azoarene_svr_rbf_c10_eps01_g003,ln(kobs),5,ar2_Ar_HOMO|ar2_Ar_polar|rate kobs (s-1)|ar1_bond_length_c_e|ar1_nbo_q_a,0.6953430252282522,0.45022511534288334,2.445267506205314,LOOCV,ln(kobs) = <nonlinear model; no closed-form linear equation>
azoarene_svr_rbf_c10_eps01_g003,ln(kobs),5,ar2_Ar_HOMO|ar2_Ar_polar|rate kobs (s-1)|ar1_bond_length_c_e|ar1_Ar_NBO_OH,0.6953430252282522,0.45022511534288334,2.445267506205314,LOOCV,ln(kobs) = <nonlinear model; no closed-form linear equation>
azoarene_svr_rbf_c10_eps01_g003,ln(kobs),5,ar2_Ar_HOMO|ar2_isotropic_polarizability_au|rate kobs (s-1)|ar1_bond_length_c_e|ar1_nbo_q_a,0.6953430252282522,0.45022511534288334,2.445267506205314,LOOCV,ln(kobs) = <nonlinear model; no closed-form linear equation>
azoarene_svr_rbf_c10_eps01_g003,ln(kobs),5,ar2_Ar_HOMO|ar2_isotropic_polarizability_au|rate kobs (s-1)|ar1_bond_length_c_e|ar1_Ar_NBO_OH,0.6953430252282522,0.45022511534288334,2.445267506205314,LOOCV,ln(kobs) = <nonlinear model; no closed-form linear equation>
azoarene_svr_rbf_c10_eps01_g003,ln(kobs),5,ar2_homo_hartree|ar2_Ar_polar|rate kobs (s-1)|ar1_bond_length_c_e|ar1_nbo_q_a,0.6953430252282522,0.45022511534288334,2.445267506205314,LOOCV,ln(kobs) = <nonlinear model; no closed-form linear equation>
azoarene_svr_rbf_c10_eps01_g003,ln(kobs),5,ar2_homo_hartree|ar2_Ar_polar|rate kobs (s-1)|ar1_bond_length_c_e|ar1_Ar_NBO_OH,0.6953430252282522,0.45022511534288334,2.445267506205314,LOOCV,ln(kobs) = <nonlinear model; no closed-form linear equation>
azoarene_svr_rbf_c10_eps01_g003,ln(kobs),5,ar2_homo_hartree|ar2_isotropic_polarizability_au|rate kobs (s-1)|ar1_bond_length_c_e|ar1_nbo_q_a,0.6953430252282522,0.45022511534288334,2.445267506205314,LOOCV,ln(kobs) = <nonlinear model; no closed-form linear equation>
azoarene_svr_rbf_c10_eps01_g003,ln(kobs),5,ar2_homo_hartree|ar2_isotropic_polarizability_au|rate kobs (s-1)|ar1_bond_length_c_e|ar1_Ar_NBO_OH,0.6953430252282522,0.45022511534288334,2.445267506205314,LOOCV,ln(kobs) = <nonlinear model; no closed-form linear equation>
azoarene_svr_rbf_c10_eps01_g003,ln(kobs),5,ar2_Ar_HOMO|ar2_scf_energy_hartree|ar2_gibbs_free_energy_hartree|rate kobs (s-1)|ar1_q_a,0.6444545777716004,0.4500175837908519,2.6416079310891254,LOOCV,ln(kobs) = <nonlinear model; no closed-form linear equation>
azoarene_svr_rbf_c10_eps01_g003,ln(kobs),5,ar2_homo_hartree|ar2_scf_energy_hartree|ar2_gibbs_free_energy_hartree|rate kobs (s-1)|ar1_q_a,0.6444545777716004,0.4500175837908519,2.6416079310891254,LOOCV,ln(kobs) = <nonlinear model; no closed-form linear equation>
azoarene_svr_rbf_c10_eps01_g003,ln(kobs),5,ar2_Ar_HOMO|ar2_gibbs_free_energy_hartree|ar2_enthalpy_hartree|rate kobs (s-1)|ar1_q_a,0.6444578634568315,0.4499998079870098,2.6415957251772,LOOCV,ln(kobs) = <nonlinear model; no closed-form linear equation>
azoarene_svr_rbf_c10_eps01_g003,ln(kobs),5,ar2_homo_hartree|ar2_gibbs_free_energy_hartree|ar2_enthalpy_hartree|rate kobs (s-1)|ar1_q_a,0.6444578634568315,0.4499998079870098,2.6415957251772,LOOCV,ln(kobs) = <nonlinear model; no closed-form linear equation>
azoarene_svr_rbf_c10_eps01_g003,ln(kobs),5,ar2_Ar_HOMO|ar2_scf_energy_hartree|ar2_enthalpy_hartree|rate kobs (s-1)|ar1_q_a,0.6444548480363284,0.44999420492585607,2.641606927091408,LOOCV,ln(kobs) = <nonlinear model; no closed-form linear equation>
azoarene_svr_rbf_c10_eps01_g003,ln(kobs),5,ar2_homo_hartree|ar2_scf_energy_hartree|ar2_enthalpy_hartree|rate kobs (s-1)|ar1_q_a,0.6444548480363284,0.44999420492585607,2.641606927091408,LOOCV,ln(kobs) = <nonlinear model; no closed-form linear equation>
azoarene_svr_rbf_c10_eps01_g003,ln(kobs),5,ar2_Ar_HOMO|rate kobs (s-1)|ar1_bond_length_c_a|ar2_lumo_hartree|ar2_Ar_Ster_B5,0.6784319882950536,0.4499107579516318,2.512217487210376,LOOCV,ln(kobs) = <nonlinear model; no closed-form linear equation>
azoarene_svr_rbf_c10_eps01_g003,ln(kobs),5,ar2_Ar_HOMO|rate kobs (s-1)|ar1_bond_length_c_a|ar2_lumo_hartree|ar2_sterimol_B5,0.6784319882950536,0.4499107579516318,2.512217487210376,LOOCV,ln(kobs) = <nonlinear model; no closed-form linear equation>
azoarene_svr_rbf_c10_eps01_g003,ln(kobs),5,ar2_Ar_HOMO|rate kobs (s-1)|ar1_bond_length_c_a|ar2_Ar_LUMO|ar2_Ar_Ster_B5,0.6784319882950536,0.4499107579516318,2.512217487210376,LOOCV,ln(kobs) = <nonlinear model; no closed-form linear equation>
azoarene_svr_rbf_c10_eps01_g003,ln(kobs),5,ar2_Ar_HOMO|rate kobs (s-1)|ar1_bond_length_c_a|ar2_Ar_LUMO|ar2_sterimol_B5,0.6784319882950536,0.4499107579516318,2.512217487210376,LOOCV,ln(kobs) = <nonlinear model; no closed-form linear equation>
azoarene_svr_rbf_c10_eps01_g003,ln(kobs),5,ar2_homo_hartree|rate kobs (s-1)|ar1_bond_length_c_a|ar2_lumo_hartree|ar2_Ar_Ster_B5,0.6784319882950536,0.4499107579516318,2.512217487210376,LOOCV,ln(kobs) = <nonlinear model; no closed-form linear equation>
azoarene_svr_rbf_c10_eps01_g003,ln(kobs),5,ar2_homo_hartree|rate kobs (s-1)|ar1_bond_length_c_a|ar2_lumo_hartree|ar2_sterimol_B5,0.6784319882950536,0.4499107579516318,2.512217487210376,LOOCV,ln(kobs) = <nonlinear model; no closed-form linear equation>
azoarene_svr_rbf_c10_eps01_g003,ln(kobs),5,ar2_homo_hartree|rate kobs (s-1)|ar1_bond_length_c_a|ar2_Ar_LUMO|ar2_Ar_Ster_B5,0.6784319882950536,0.4499107579516318,2.512217487210376,LOOCV,ln(kobs) = <nonlinear model; no closed-form linear equation>
azoarene_svr_rbf_c10_eps01_g003,ln(kobs),5,ar2_homo_hartree|rate kobs (s-1)|ar1_bond_length_c_a|ar2_Ar_LUMO|ar2_sterimol_B5,0.6784319882950536,0.4499107579516318,2.512217487210376,LOOCV,ln(kobs) = <nonlinear model; no closed-form linear equation>
azoarene_svr_rbf_c10_eps01_g003,ln(kobs),4,ar2_Ar_HOMO|ar2_lumo_hartree|ar2_Ar_LUMO|ar1_q_a,0.5728730177503498,0.44979822321434915,2.89533831693752,LOOCV,ln(kobs) = <nonlinear model; no closed-form linear equation>
azoarene_svr_rbf_c10_eps01_g003,ln(kobs),4,ar2_homo_hartree|ar2_lumo_hartree|ar2_Ar_LUMO|ar1_q_a,0.5728730177503498,0.44979822321434915,2.89533831693752,LOOCV,ln(kobs) = <nonlinear model; no closed-form linear equation>
azoarene_svr_rbf_c10_eps01_g003,ln(kobs),3,ar2_gap_hartree|ar1_q_a|ar2_Ar_Ster_B5,0.5672475972242674,0.44967613921323735,2.9143422881873557,LOOCV,ln(kobs) = <nonlinear model; no closed-form linear equation>
azoarene_svr_rbf_c10_eps01_g003,ln(kobs),3,ar2_gap_hartree|ar1_q_a|ar2_sterimol_B5,0.5672475972242674,0.44967613921323735,2.9143422881873557,LOOCV,ln(kobs) = <nonlinear model; no closed-form linear equation>
azoarene_svr_rbf_c10_eps01_g003,ln(kobs),4,ar2_Ar_HOMO|ar2_lumo_hartree|ar1_q_a|ar2_Ar_Ster_B5,0.6287161414700931,0.4496048091768894,2.69944105448367,LOOCV,ln(kobs) = <nonlinear model; no closed-form linear equation>
azoarene_svr_rbf_c10_eps01_g003,ln(kobs),4,ar2_Ar_HOMO|ar2_lumo_hartree|ar1_q_a|ar2_sterimol_B5,0.6287161414700931,0.4496048091768894,2.69944105448367,LOOCV,ln(kobs) = <nonlinear model; no closed-form linear equation>
azoarene_svr_rbf_c10_eps01_g003,ln(kobs),4,ar2_Ar_HOMO|ar2_Ar_LUMO|ar1_q_a|ar2_Ar_Ster_B5,0.6287161414700931,0.4496048091768894,2.69944105448367,LOOCV,ln(kobs) = <nonlinear model; no closed-form linear equation>
azoarene_svr_rbf_c10_eps01_g003,ln(kobs),4,ar2_Ar_HOMO|ar2_Ar_LUMO|ar1_q_a|ar2_sterimol_B5,0.6287161414700931,0.4496048091768894,2.69944105448367,LOOCV,ln(kobs) = <nonlinear model; no closed-form linear equation>
azoarene_svr_rbf_c10_eps01_g003,ln(kobs),4,ar2_homo_hartree|ar2_lumo_hartree|ar1_q_a|ar2_Ar_Ster_B5,0.6287161414700931,0.4496048091768894,2.69944105448367,LOOCV,ln(kobs) = <nonlinear model; no closed-form linear equation>
azoarene_svr_rbf_c10_eps01_g003,ln(kobs),4,ar2_homo_hartree|ar2_lumo_hartree|ar1_q_a|ar2_sterimol_B5,0.6287161414700931,0.4496048091768894,2.69944105448367,LOOCV,ln(kobs) = <nonlinear model; no closed-form linear equation>
azoarene_svr_rbf_c10_eps01_g003,ln(kobs),4,ar2_homo_hartree|ar2_Ar_LUMO|ar1_q_a|ar2_Ar_Ster_B5,0.6287161414700931,0.4496048091768894,2.69944105448367,LOOCV,ln(kobs) = <nonlinear model; no closed-form linear equation>
azoarene_svr_rbf_c10_eps01_g003,ln(kobs),4,ar2_homo_hartree|ar2_Ar_LUMO|ar1_q_a|ar2_sterimol_B5,0.6287161414700931,0.4496048091768894,2.69944105448367,LOOCV,ln(kobs) = <nonlinear model; no closed-form linear equation>
azoarene_svr_rbf_c10_eps01_g003,ln(kobs),4,ar2_Ar_HOMO|ar2_gap_hartree|ar1_q_a|ar2_Ar_Ster_B5,0.629002312142847,0.44941406458124833,2.69840054362464,LOOCV,ln(kobs) = <nonlinear model; no closed-form linear equation>
azoarene_svr_rbf_c10_eps01_g003,ln(kobs),4,ar2_Ar_HOMO|ar2_gap_hartree|ar1_q_a|ar2_sterimol_B5,0.629002312142847,0.44941406458124833,2.69840054362464,LOOCV,ln(kobs) = <nonlinear model; no closed-form linear equation>
azoarene_svr_rbf_c10_eps01_g003,ln(kobs),4,ar2_homo_hartree|ar2_gap_hartree|ar1_q_a|ar2_Ar_Ster_B5,0.629002312142847,0.44941406458124833,2.69840054362464,LOOCV,ln(kobs) = <nonlinear model; no closed-form linear equation>
azoarene_svr_rbf_c10_eps01_g003,ln(kobs),4,ar2_homo_hartree|ar2_gap_hartree|ar1_q_a|ar2_sterimol_B5,0.629002312142847,0.44941406458124833,2.69840054362464,LOOCV,ln(kobs) = <nonlinear model; no closed-form linear equation>
azoarene_svr_rbf_c10_eps01_g003,ln(kobs),5,ar2_Ar_HOMO|ar2_Ar_polar|ar2_lumo_hartree|ar1_q_a|ar2_Ar_Ster_B5,0.6420690889224985,0.4493225028380322,2.6504548903651233,LOOCV,ln(kobs) = <nonlinear model; no closed-form linear equation>
azoarene_svr_rbf_c10_eps01_g003,ln(kobs),5,ar2_Ar_HOMO|ar2_Ar_polar|ar2_lumo_hartree|ar1_q_a|ar2_sterimol_B5,0.6420690889224985,0.4493225028380322,2.6504548903651233,LOOCV,ln(kobs) = <nonlinear model; no closed-form linear equation>
azoarene_svr_rbf_c10_eps01_g003,ln(kobs),5,ar2_Ar_HOMO|ar2_Ar_polar|ar2_Ar_LUMO|ar1_q_a|ar2_Ar_Ster_B5,0.6420690889224985,0.4493225028380322,2.6504548903651233,LOOCV,ln(kobs) = <nonlinear model; no closed-form linear equation>
azoarene_svr_rbf_c10_eps01_g003,ln(kobs),5,ar2_Ar_HOMO|ar2_Ar_polar|ar2_Ar_LUMO|ar1_q_a|ar2_sterimol_B5,0.6420690889224985,0.4493225028380322,2.6504548903651233,LOOCV,ln(kobs) = <nonlinear model; no closed-form linear equation>
azoarene_svr_rbf_c10_eps01_g003,ln(kobs),5,ar2_Ar_HOMO|ar2_isotropic_polarizability_au|ar2_lumo_hartree|ar1_q_a|ar2_Ar_Ster_B5,0.6420690889224985,0.4493225028380322,2.6504548903651233,LOOCV,ln(kobs) = <nonlinear model; no closed-form linear equation>
azoarene_svr_rbf_c10_eps01_g003,ln(kobs),5,ar2_Ar_HOMO|ar2_isotropic_polarizability_au|ar2_lumo_hartree|ar1_q_a|ar2_sterimol_B5,0.6420690889224985,0.4493225028380322,2.6504548903651233,LOOCV,ln(kobs) = <nonlinear model; no closed-form linear equation>
azoarene_svr_rbf_c10_eps01_g003,ln(kobs),5,ar2_Ar_HOMO|ar2_isotropic_polarizability_au|ar2_Ar_LUMO|ar1_q_a|ar2_Ar_Ster_B5,0.6420690889224985,0.4493225028380322,2.6504548903651233,LOOCV,ln(kobs) = <nonlinear model; no closed-form linear equation>
azoarene_svr_rbf_c10_eps01_g003,ln(kobs),5,ar2_Ar_HOMO|ar2_isotropic_polarizability_au|ar2_Ar_LUMO|ar1_q_a|ar2_sterimol_B5,0.6420690889224985,0.4493225028380322,2.6504548903651233,LOOCV,ln(kobs) = <nonlinear model; no closed-form linear equation>
azoarene_svr_rbf_c10_eps01_g003,ln(kobs),5,ar2_homo_hartree|ar2_Ar_polar|ar2_lumo_hartree|ar1_q_a|ar2_Ar_Ster_B5,0.6420690889224985,0.4493225028380322,2.6504548903651233,LOOCV,ln(kobs) = <nonlinear model; no closed-form linear equation>
azoarene_svr_rbf_c10_eps01_g003,ln(kobs),5,ar2_homo_hartree|ar2_Ar_polar|ar2_lumo_hartree|ar1_q_a|ar2_sterimol_B5,0.6420690889224985,0.4493225028380322,2.6504548903651233,LOOCV,ln(kobs) = <nonlinear model; no closed-form linear equation>
azoarene_svr_rbf_c10_eps01_g003,ln(kobs),5,ar2_homo_hartree|ar2_Ar_polar|ar2_Ar_LUMO|ar1_q_a|ar2_Ar_Ster_B5,0.6420690889224985,0.4493225028380322,2.6504548903651233,LOOCV,ln(kobs) = <nonlinear model; no closed-form linear equation>
azoarene_svr_rbf_c10_eps01_g003,ln(kobs),5,ar2_homo_hartree|ar2_Ar_polar|ar2_Ar_LUMO|ar1_q_a|ar2_sterimol_B5,0.6420690889224985,0.4493225028380322,2.6504548903651233,LOOCV,ln(kobs) = <nonlinear model; no closed-form linear equation>
azoarene_svr_rbf_c10_eps01_g003,ln(kobs),5,ar2_homo_hartree|ar2_isotropic_polarizability_au|ar2_lumo_hartree|ar1_q_a|ar2_Ar_Ster_B5,0.6420690889224985,0.4493225028380322,2.6504548903651233,LOOCV,ln(kobs) = <nonlinear model; no closed-form linear equation>
azoarene_svr_rbf_c10_eps01_g003,ln(kobs),5,ar2_homo_hartree|ar2_isotropic_polarizability_au|ar2_lumo_hartree|ar1_q_a|ar2_sterimol_B5,0.6420690889224985,0.4493225028380322,2.6504548903651233,LOOCV,ln(kobs) = <nonlinear model; no closed-form linear equation>
azoarene_svr_rbf_c10_eps01_g003,ln(kobs),5,ar2_homo_hartree|ar2_isotropic_polarizability_au|ar2_Ar_LUMO|ar1_q_a|ar2_Ar_Ster_B5,0.6420690889224985,0.4493225028380322,2.6504548903651233,LOOCV,ln(kobs) = <nonlinear model; no closed-form linear equation>
azoarene_svr_rbf_c10_eps01_g003,ln(kobs),5,ar2_homo_hartree|ar2_isotropic_polarizability_au|ar2_Ar_LUMO|ar1_q_a|ar2_sterimol_B5,0.6420690889224985,0.4493225028380322,2.6504548903651233,LOOCV,ln(kobs) = <nonlinear model; no closed-form linear equation>
azoarene_svr_rbf_c10_eps01_g003,ln(kobs),4,ar2_Ar_HOMO|ar1_bond_length_c_a|ar2_lumo_hartree|ar2_Ar_LUMO,0.6032506317371968,0.4488533732057406,2.790480141044162,LOOCV,ln(kobs) = <nonlinear model; no closed-form linear equation>
azoarene_svr_rbf_c10_eps01_g003,ln(kobs),4,ar2_homo_hartree|ar1_bond_length_c_a|ar2_lumo_hartree|ar2_Ar_LUMO,0.6032506317371968,0.4488533732057406,2.790480141044162,LOOCV,ln(kobs) = <nonlinear model; no closed-form linear equation>
azoarene_svr_rbf_c10_eps01_g003,ln(kobs),3,ar2_Ar_HOMO|rate kobs (s-1)|ar1_bond_length_c_a,0.6570983718271973,0.4483830881784755,2.59421274003041,LOOCV,ln(kobs) = <nonlinear model; no closed-form linear equation>
azoarene_svr_rbf_c10_eps01_g003,ln(kobs),3,ar2_homo_hartree|rate kobs (s-1)|ar1_bond_length_c_a,0.6570983718271973,0.4483830881784755,2.59421274003041,LOOCV,ln(kobs) = <nonlinear model; no closed-form linear equation>
azoarene_svr_rbf_c10_eps01_g003,ln(kobs),5,ar2_Ar_HOMO|ar2_Ar_polar|ar1_bond_length_c_a|ar1_bond_length_c_e|ar1_nbo_q_a,0.6362538146130139,0.44831981629426987,2.671899003288725,LOOCV,ln(kobs) = <nonlinear model; no closed-form linear equation>
azoarene_svr_rbf_c10_eps01_g003,ln(kobs),5,ar2_Ar_HOMO|ar2_Ar_polar|ar1_bond_length_c_a|ar1_bond_length_c_e|ar1_Ar_NBO_OH,0.6362538146130139,0.44831981629426987,2.671899003288725,LOOCV,ln(kobs) = <nonlinear model; no closed-form linear equation>
azoarene_svr_rbf_c10_eps01_g003,ln(kobs),5,ar2_Ar_HOMO|ar2_isotropic_polarizability_au|ar1_bond_length_c_a|ar1_bond_length_c_e|ar1_nbo_q_a,0.6362538146130139,0.44831981629426987,2.671899003288725,LOOCV,ln(kobs) = <nonlinear model; no closed-form linear equation>
azoarene_svr_rbf_c10_eps01_g003,ln(kobs),5,ar2_Ar_HOMO|ar2_isotropic_polarizability_au|ar1_bond_length_c_a|ar1_bond_length_c_e|ar1_Ar_NBO_OH,0.6362538146130139,0.44831981629426987,2.671899003288725,LOOCV,ln(kobs) = <nonlinear model; no closed-form linear equation>
azoarene_svr_rbf_c10_eps01_g003,ln(kobs),5,ar2_homo_hartree|ar2_Ar_polar|ar1_bond_length_c_a|ar1_bond_length_c_e|ar1_nbo_q_a,0.6362538146130139,0.44831981629426987,2.671899003288725,LOOCV,ln(kobs) = <nonlinear model; no closed-form linear equation>
azoarene_svr_rbf_c10_eps01_g003,ln(kobs),5,ar2_homo_hartree|ar2_Ar_polar|ar1_bond_length_c_a|ar1_bond_length_c_e|ar1_Ar_NBO_OH,0.6362538146130139,0.44831981629426987,2.671899003288725,LOOCV,ln(kobs) = <nonlinear model; no closed-form linear equation>
azoarene_svr_rbf_c10_eps01_g003,ln(kobs),5,ar2_homo_hartree|ar2_isotropic_polarizability_au|ar1_bond_length_c_a|ar1_bond_length_c_e|ar1_nbo_q_a,0.6362538146130139,0.44831981629426987,2.671899003288725,LOOCV,ln(kobs) = <nonlinear model; no closed-form linear equation>
azoarene_svr_rbf_c10_eps01_g003,ln(kobs),5,ar2_homo_hartree|ar2_isotropic_polarizability_au|ar1_bond_length_c_a|ar1_bond_length_c_e|ar1_Ar_NBO_OH,0.6362538146130139,0.44831981629426987,2.671899003288725,LOOCV,ln(kobs) = <nonlinear model; no closed-form linear equation>
azoarene_svr_rbf_c10_eps01_g003,ln(kobs),5,ar2_Ar_HOMO|ar2_Ar_polar|rate kobs (s-1)|ar1_q_a|ar2_Ar_Ster_B5,0.6503083445420377,0.44827415880229016,2.6197717140112253,LOOCV,ln(kobs) = <nonlinear model; no closed-form linear equation>
azoarene_svr_rbf_c10_eps01_g003,ln(kobs),5,ar2_Ar_HOMO|ar2_Ar_polar|rate kobs (s-1)|ar1_q_a|ar2_sterimol_B5,0.6503083445420377,0.44827415880229016,2.6197717140112253,LOOCV,ln(kobs) = <nonlinear model; no closed-form linear equation>
azoarene_svr_rbf_c10_eps01_g003,ln(kobs),5,ar2_Ar_HOMO|ar2_isotropic_polarizability_au|rate kobs (s-1)|ar1_q_a|ar2_Ar_Ster_B5,0.6503083445420377,0.44827415880229016,2.6197717140112253,LOOCV,ln(kobs) = <nonlinear model; no closed-form linear equation>
azoarene_svr_rbf_c10_eps01_g003,ln(kobs),5,ar2_Ar_HOMO|ar2_isotropic_polarizability_au|rate kobs (s-1)|ar1_q_a|ar2_sterimol_B5,0.6503083445420377,0.44827415880229016,2.6197717140112253,LOOCV,ln(kobs) = <nonlinear model; no closed-form linear equation>
azoarene_svr_rbf_c10_eps01_g003,ln(kobs),5,ar2_homo_hartree|ar2_Ar_polar|rate kobs (s-1)|ar1_q_a|ar2_Ar_Ster_B5,0.6503083445420377,0.44827415880229016,2.6197717140112253,LOOCV,ln(kobs) = <nonlinear model; no closed-form linear equation>
azoarene_svr_rbf_c10_eps01_g003,ln(kobs),5,ar2_homo_hartree|ar2_Ar_polar|rate kobs (s-1)|ar1_q_a|ar2_sterimol_B5,0.6503083445420377,0.44827415880229016,2.6197717140112253,LOOCV,ln(kobs) = <nonlinear model; no closed-form linear equation>
azoarene_svr_rbf_c10_eps01_g003,ln(kobs),5,ar2_homo_hartree|ar2_isotropic_polarizability_au|rate kobs (s-1)|ar1_q_a|ar2_Ar_Ster_B5,0.6503083445420377,0.44827415880229016,2.6197717140112253,LOOCV,ln(kobs) = <nonlinear model; no closed-form linear equation>
azoarene_svr_rbf_c10_eps01_g003,ln(kobs),5,ar2_homo_hartree|ar2_isotropic_polarizability_au|rate kobs (s-1)|ar1_q_a|ar2_sterimol_B5,0.6503083445420377,0.44827415880229016,2.6197717140112253,LOOCV,ln(kobs) = <nonlinear model; no closed-form linear equation>
azoarene_svr_rbf_c10_eps01_g003,ln(kobs),5,ar2_Ar_HOMO|ar2_lumo_hartree|ar1_q_a|ar2_Ar_Ster_B5|ar1_nbo_q_a,0.6428745623557952,0.4481105890568302,2.6474709717586835,LOOCV,ln(kobs) = <nonlinear model; no closed-form linear equation>
azoarene_svr_rbf_c10_eps01_g003,ln(kobs),5,ar2_Ar_HOMO|ar2_lumo_hartree|ar1_q_a|ar2_Ar_Ster_B5|ar1_Ar_NBO_OH,0.6428745623557952,0.4481105890568302,2.6474709717586835,LOOCV,ln(kobs) = <nonlinear model; no closed-form linear equation>
azoarene_svr_rbf_c10_eps01_g003,ln(kobs),5,ar2_Ar_HOMO|ar2_lumo_hartree|ar1_q_a|ar2_sterimol_B5|ar1_nbo_q_a,0.6428745623557952,0.4481105890568302,2.6474709717586835,LOOCV,ln(kobs) = <nonlinear model; no closed-form linear equation>
azoarene_svr_rbf_c10_eps01_g003,ln(kobs),5,ar2_Ar_HOMO|ar2_lumo_hartree|ar1_q_a|ar2_sterimol_B5|ar1_Ar_NBO_OH,0.6428745623557952,0.4481105890568302,2.6474709717586835,LOOCV,ln(kobs) = <nonlinear model; no closed-form linear equation>
azoarene_svr_rbf_c10_eps01_g003,ln(kobs),5,ar2_Ar_HOMO|ar2_Ar_LUMO|ar1_q_a|ar2_Ar_Ster_B5|ar1_nbo_q_a,0.6428745623557952,0.4481105890568302,2.6474709717586835,LOOCV,ln(kobs) = <nonlinear model; no closed-form linear equation>
azoarene_svr_rbf_c10_eps01_g003,ln(kobs),5,ar2_Ar_HOMO|ar2_Ar_LUMO|ar1_q_a|ar2_Ar_Ster_B5|ar1_Ar_NBO_OH,0.6428745623557952,0.4481105890568302,2.6474709717586835,LOOCV,ln(kobs) = <nonlinear model; no closed-form linear equation>
azoarene_svr_rbf_c10_eps01_g003,ln(kobs),5,ar2_Ar_HOMO|ar2_Ar_LUMO|ar1_q_a|ar2_sterimol_B5|ar1_nbo_q_a,0.6428745623557952,0.4481105890568302,2.6474709717586835,LOOCV,ln(kobs) = <nonlinear model; no closed-form linear equation>
azoarene_svr_rbf_c10_eps01_g003,ln(kobs),5,ar2_Ar_HOMO|ar2_Ar_LUMO|ar1_q_a|ar2_sterimol_B5|ar1_Ar_NBO_OH,0.6428745623557952,0.4481105890568302,2.6474709717586835,LOOCV,ln(kobs) = <nonlinear model; no closed-form linear equation>
azoarene_svr_rbf_c10_eps01_g003,ln(kobs),5,ar2_homo_hartree|ar2_lumo_hartree|ar1_q_a|ar2_Ar_Ster_B5|ar1_nbo_q_a,0.6428745623557952,0.4481105890568302,2.6474709717586835,LOOCV,ln(kobs) = <nonlinear model; no closed-form linear equation>
azoarene_svr_rbf_c10_eps01_g003,ln(kobs),5,ar2_homo_hartree|ar2_lumo_hartree|ar1_q_a|ar2_Ar_Ster_B5|ar1_Ar_NBO_OH,0.6428745623557952,0.4481105890568302,2.6474709717586835,LOOCV,ln(kobs) = <nonlinear model; no closed-form linear equation>
azoarene_svr_rbf_c10_eps01_g003,ln(kobs),5,ar2_homo_hartree|ar2_lumo_hartree|ar1_q_a|ar2_sterimol_B5|ar1_nbo_q_a,0.6428745623557952,0.4481105890568302,2.6474709717586835,LOOCV,ln(kobs) = <nonlinear model; no closed-form linear equation>
azoarene_svr_rbf_c10_eps01_g003,ln(kobs),5,ar2_homo_hartree|ar2_lumo_hartree|ar1_q_a|ar2_sterimol_B5|ar1_Ar_NBO_OH,0.6428745623557952,0.4481105890568302,2.6474709717586835,LOOCV,ln(kobs) = <nonlinear model; no closed-form linear equation>
azoarene_svr_rbf_c10_eps01_g003,ln(kobs),5,ar2_homo_hartree|ar2_Ar_LUMO|ar1_q_a|ar2_Ar_Ster_B5|ar1_nbo_q_a,0.6428745623557952,0.4481105890568302,2.6474709717586835,LOOCV,ln(kobs) = <nonlinear model; no closed-form linear equation>
azoarene_svr_rbf_c10_eps01_g003,ln(kobs),5,ar2_homo_hartree|ar2_Ar_LUMO|ar1_q_a|ar2_Ar_Ster_B5|ar1_Ar_NBO_OH,0.6428745623557952,0.4481105890568302,2.6474709717586835,LOOCV,ln(kobs) = <nonlinear model; no closed-form linear equation>
azoarene_svr_rbf_c10_eps01_g003,ln(kobs),5,ar2_homo_hartree|ar2_Ar_LUMO|ar1_q_a|ar2_sterimol_B5|ar1_nbo_q_a,0.6428745623557952,0.4481105890568302,2.6474709717586835,LOOCV,ln(kobs) = <nonlinear model; no closed-form linear equation>
azoarene_svr_rbf_c10_eps01_g003,ln(kobs),5,ar2_homo_hartree|ar2_Ar_LUMO|ar1_q_a|ar2_sterimol_B5|ar1_Ar_NBO_OH,0.6428745623557952,0.4481105890568302,2.6474709717586835,LOOCV,ln(kobs) = <nonlinear model; no closed-form linear equation>
azoarene_svr_rbf_c10_eps01_g003,ln(kobs),5,ar2_Ar_HOMO|ar2_gap_hartree|ar1_q_a|ar2_Ar_Ster_B5|ar1_nbo_q_a,0.6430151983403855,0.4480022802350736,2.646949633440812,LOOCV,ln(kobs) = <nonlinear model; no closed-form linear equation>
azoarene_svr_rbf_c10_eps01_g003,ln(kobs),5,ar2_Ar_HOMO|ar2_gap_hartree|ar1_q_a|ar2_Ar_Ster_B5|ar1_Ar_NBO_OH,0.6430151983403855,0.4480022802350736,2.646949633440812,LOOCV,ln(kobs) = <nonlinear model; no closed-form linear equation>
azoarene_svr_rbf_c10_eps01_g003,ln(kobs),5,ar2_Ar_HOMO|ar2_gap_hartree|ar1_q_a|ar2_sterimol_B5|ar1_nbo_q_a,0.6430151983403855,0.4480022802350736,2.646949633440812,LOOCV,ln(kobs) = <nonlinear model; no closed-form linear equation>
azoarene_svr_rbf_c10_eps01_g003,ln(kobs),5,ar2_Ar_HOMO|ar2_gap_hartree|ar1_q_a|ar2_sterimol_B5|ar1_Ar_NBO_OH,0.6430151983403855,0.4480022802350736,2.646949633440812,LOOCV,ln(kobs) = <nonlinear model; no closed-form linear equation>
azoarene_svr_rbf_c10_eps01_g003,ln(kobs),5,ar2_homo_hartree|ar2_gap_hartree|ar1_q_a|ar2_Ar_Ster_B5|ar1_nbo_q_a,0.6430151983403855,0.4480022802350736,2.646949633440812,LOOCV,ln(kobs) = <nonlinear model; no closed-form linear equation>
azoarene_svr_rbf_c10_eps01_g003,ln(kobs),5,ar2_homo_hartree|ar2_gap_hartree|ar1_q_a|ar2_Ar_Ster_B5|ar1_Ar_NBO_OH,0.6430151983403855,0.4480022802350736,2.646949633440812,LOOCV,ln(kobs) = <nonlinear model; no closed-form linear equation>
azoarene_svr_rbf_c10_eps01_g003,ln(kobs),5,ar2_homo_hartree|ar2_gap_hartree|ar1_q_a|ar2_sterimol_B5|ar1_nbo_q_a,0.6430151983403855,0.4480022802350736,2.646949633440812,LOOCV,ln(kobs) = <nonlinear model; no closed-form linear equation>
azoarene_svr_rbf_c10_eps01_g003,ln(kobs),5,ar2_homo_hartree|ar2_gap_hartree|ar1_q_a|ar2_sterimol_B5|ar1_Ar_NBO_OH,0.6430151983403855,0.4480022802350736,2.646949633440812,LOOCV,ln(kobs) = <nonlinear model; no closed-form linear equation>
azoarene_svr_rbf_c10_eps01_g003,ln(kobs),3,ar2_Ar_HOMO|ar2_Ar_polar|ar1_bond_length_c_a,0.6173944536489422,0.4478032214663512,2.740289488938256,LOOCV,ln(kobs) = <nonlinear model; no closed-form linear equation>
azoarene_svr_rbf_c10_eps01_g003,ln(kobs),3,ar2_Ar_HOMO|ar2_isotropic_polarizability_au|ar1_bond_length_c_a,0.6173944536489422,0.4478032214663512,2.740289488938256,LOOCV,ln(kobs) = <nonlinear model; no closed-form linear equation>
azoarene_svr_rbf_c10_eps01_g003,ln(kobs),3,ar2_homo_hartree|ar2_Ar_polar|ar1_bond_length_c_a,0.6173944536489422,0.4478032214663512,2.740289488938256,LOOCV,ln(kobs) = <nonlinear model; no closed-form linear equation>
azoarene_svr_rbf_c10_eps01_g003,ln(kobs),3,ar2_homo_hartree|ar2_isotropic_polarizability_au|ar1_bond_length_c_a,0.6173944536489422,0.4478032214663512,2.740289488938256,LOOCV,ln(kobs) = <nonlinear model; no closed-form linear equation>
azoarene_svr_rbf_c10_eps01_g003,ln(kobs),5,ar2_Ar_HOMO|ar2_Ar_polar|ar2_gap_hartree|ar1_q_a|ar2_Ar_Ster_B5,0.642022392532158,0.44778785553758393,2.6506277765784407,LOOCV,ln(kobs) = <nonlinear model; no closed-form linear equation>
azoarene_svr_rbf_c10_eps01_g003,ln(kobs),5,ar2_Ar_HOMO|ar2_Ar_polar|ar2_gap_hartree|ar1_q_a|ar2_sterimol_B5,0.642022392532158,0.44778785553758393,2.6506277765784407,LOOCV,ln(kobs) = <nonlinear model; no closed-form linear equation>
azoarene_svr_rbf_c10_eps01_g003,ln(kobs),5,ar2_Ar_HOMO|ar2_isotropic_polarizability_au|ar2_gap_hartree|ar1_q_a|ar2_Ar_Ster_B5,0.642022392532158,0.44778785553758393,2.6506277765784407,LOOCV,ln(kobs) = <nonlinear model; no closed-form linear equation>
azoarene_svr_rbf_c10_eps01_g003,ln(kobs),5,ar2_Ar_HOMO|ar2_isotropic_polarizability_au|ar2_gap_hartree|ar1_q_a|ar2_sterimol_B5,0.642022392532158,0.44778785553758393,2.6506277765784407,LOOCV,ln(kobs) = <nonlinear model; no closed-form linear equation>
azoarene_svr_rbf_c10_eps01_g003,ln(kobs),5,ar2_homo_hartree|ar2_Ar_polar|ar2_gap_hartree|ar1_q_a|ar2_Ar_Ster_B5,0.642022392532158,0.44778785553758393,2.6506277765784407,LOOCV,ln(kobs) = <nonlinear model; no closed-form linear equation>
azoarene_svr_rbf_c10_eps01_g003,ln(kobs),5,ar2_homo_hartree|ar2_Ar_polar|ar2_gap_hartree|ar1_q_a|ar2_sterimol_B5,0.642022392532158,0.44778785553758393,2.6506277765784407,LOOCV,ln(kobs) = <nonlinear model; no closed-form linear equation>
azoarene_svr_rbf_c10_eps01_g003,ln(kobs),5,ar2_homo_hartree|ar2_isotropic_polarizability_au|ar2_gap_hartree|ar1_q_a|ar2_Ar_Ster_B5,0.642022392532158,0.44778785553758393,2.6506277765784407,LOOCV,ln(kobs) = <nonlinear model; no closed-form linear equation>
azoarene_svr_rbf_c10_eps01_g003,ln(kobs),5,ar2_homo_hartree|ar2_isotropic_polarizability_au|ar2_gap_hartree|ar1_q_a|ar2_sterimol_B5,0.642022392532158,0.44778785553758393,2.6506277765784407,LOOCV,ln(kobs) = <nonlinear model; no closed-form linear equation>
azoarene_svr_rbf_c10_eps01_g003,ln(kobs),5,ar2_Ar_HOMO|rate kobs (s-1)|ar1_bond_length_c_a|ar2_lumo_hartree|ar1_nbo_q_a,0.7052102042176728,0.447347193784042,2.405343122522752,LOOCV,ln(kobs) = <nonlinear model; no closed-form linear equation>
azoarene_svr_rbf_c10_eps01_g003,ln(kobs),5,ar2_Ar_HOMO|rate kobs (s-1)|ar1_bond_length_c_a|ar2_lumo_hartree|ar1_Ar_NBO_OH,0.7052102042176728,0.447347193784042,2.405343122522752,LOOCV,ln(kobs) = <nonlinear model; no closed-form linear equation>
azoarene_svr_rbf_c10_eps01_g003,ln(kobs),5,ar2_Ar_HOMO|rate kobs (s-1)|ar1_bond_length_c_a|ar2_Ar_LUMO|ar1_nbo_q_a,0.7052102042176728,0.447347193784042,2.405343122522752,LOOCV,ln(kobs) = <nonlinear model; no closed-form linear equation>
azoarene_svr_rbf_c10_eps01_g003,ln(kobs),5,ar2_Ar_HOMO|rate kobs (s-1)|ar1_bond_length_c_a|ar2_Ar_LUMO|ar1_Ar_NBO_OH,0.7052102042176728,0.447347193784042,2.405343122522752,LOOCV,ln(kobs) = <nonlinear model; no closed-form linear equation>
azoarene_svr_rbf_c10_eps01_g003,ln(kobs),5,ar2_homo_hartree|rate kobs (s-1)|ar1_bond_length_c_a|ar2_lumo_hartree|ar1_nbo_q_a,0.7052102042176728,0.447347193784042,2.405343122522752,LOOCV,ln(kobs) = <nonlinear model; no closed-form linear equation>
azoarene_svr_rbf_c10_eps01_g003,ln(kobs),5,ar2_homo_hartree|rate kobs (s-1)|ar1_bond_length_c_a|ar2_lumo_hartree|ar1_Ar_NBO_OH,0.7052102042176728,0.447347193784042,2.405343122522752,LOOCV,ln(kobs) = <nonlinear model; no closed-form linear equation>
azoarene_svr_rbf_c10_eps01_g003,ln(kobs),5,ar2_homo_hartree|rate kobs (s-1)|ar1_bond_length_c_a|ar2_Ar_LUMO|ar1_nbo_q_a,0.7052102042176728,0.447347193784042,2.405343122522752,LOOCV,ln(kobs) = <nonlinear model; no closed-form linear equation>
azoarene_svr_rbf_c10_eps01_g003,ln(kobs),5,ar2_homo_hartree|rate kobs (s-1)|ar1_bond_length_c_a|ar2_Ar_LUMO|ar1_Ar_NBO_OH,0.7052102042176728,0.447347193784042,2.405343122522752,LOOCV,ln(kobs) = <nonlinear model; no closed-form linear equation>
azoarene_svr_rbf_c10_eps01_g003,ln(kobs),5,ar2_Ar_HOMO|rate kobs (s-1)|ar1_bond_length_c_a|ar2_gap_hartree|ar1_nbo_q_a,0.7051897128300002,0.44717989504198397,2.405426721009886,LOOCV,ln(kobs) = <nonlinear model; no closed-form linear equation>
azoarene_svr_rbf_c10_eps01_g003,ln(kobs),5,ar2_Ar_HOMO|rate kobs (s-1)|ar1_bond_length_c_a|ar2_gap_hartree|ar1_Ar_NBO_OH,0.7051897128300002,0.44717989504198397,2.405426721009886,LOOCV,ln(kobs) = <nonlinear model; no closed-form linear equation>
azoarene_svr_rbf_c10_eps01_g003,ln(kobs),5,ar2_homo_hartree|rate kobs (s-1)|ar1_bond_length_c_a|ar2_gap_hartree|ar1_nbo_q_a,0.7051897128300002,0.44717989504198397,2.405426721009886,LOOCV,ln(kobs) = <nonlinear model; no closed-form linear equation>
azoarene_svr_rbf_c10_eps01_g003,ln(kobs),5,ar2_homo_hartree|rate kobs (s-1)|ar1_bond_length_c_a|ar2_gap_hartree|ar1_Ar_NBO_OH,0.7051897128300002,0.44717989504198397,2.405426721009886,LOOCV,ln(kobs) = <nonlinear model; no closed-form linear equation>
azoarene_svr_rbf_c10_eps01_g003,ln(kobs),4,ar2_Ar_HOMO|rate kobs (s-1)|ar1_nbo_q_a|ar1_Ar_NBO_OH,0.6827474769622167,0.4459538325595197,2.495303389300387,LOOCV,ln(kobs) = <nonlinear model; no closed-form linear equation>
azoarene_svr_rbf_c10_eps01_g003,ln(kobs),4,ar2_homo_hartree|rate kobs (s-1)|ar1_nbo_q_a|ar1_Ar_NBO_OH,0.6827474769622167,0.4459538325595197,2.495303389300387,LOOCV,ln(kobs) = <nonlinear model; no closed-form linear equation>
azoarene_svr_rbf_c10_eps01_g003,ln(kobs),5,ar2_Ar_HOMO|ar2_gibbs_free_energy_hartree|rate kobs (s-1)|ar1_q_a|ar2_Ar_Ster_B5,0.643470938003238,0.4458078602082586,2.645259498200109,LOOCV,ln(kobs) = <nonlinear model; no closed-form linear equation>
azoarene_svr_rbf_c10_eps01_g003,ln(kobs),5,ar2_Ar_HOMO|ar2_gibbs_free_energy_hartree|rate kobs (s-1)|ar1_q_a|ar2_sterimol_B5,0.643470938003238,0.4458078602082586,2.645259498200109,LOOCV,ln(kobs) = <nonlinear model; no closed-form linear equation>
azoarene_svr_rbf_c10_eps01_g003,ln(kobs),5,ar2_homo_hartree|ar2_gibbs_free_energy_hartree|rate kobs (s-1)|ar1_q_a|ar2_Ar_Ster_B5,0.643470938003238,0.4458078602082586,2.645259498200109,LOOCV,ln(kobs) = <nonlinear model; no closed-form linear equation>
azoarene_svr_rbf_c10_eps01_g003,ln(kobs),5,ar2_homo_hartree|ar2_gibbs_free_energy_hartree|rate kobs (s-1)|ar1_q_a|ar2_sterimol_B5,0.643470938003238,0.4458078602082586,2.645259498200109,LOOCV,ln(kobs) = <nonlinear model; no closed-form linear equation>
azoarene_svr_rbf_c10_eps01_g003,ln(kobs),5,ar2_Ar_HOMO|ar2_scf_energy_hartree|rate kobs (s-1)|ar1_q_a|ar2_Ar_Ster_B5,0.6434834034666204,0.44580325751363525,2.645213254180819,LOOCV,ln(kobs) = <nonlinear model; no closed-form linear equation>
azoarene_svr_rbf_c10_eps01_g003,ln(kobs),5,ar2_Ar_HOMO|ar2_scf_energy_hartree|rate kobs (s-1)|ar1_q_a|ar2_sterimol_B5,0.6434834034666204,0.44580325751363525,2.645213254180819,LOOCV,ln(kobs) = <nonlinear model; no closed-form linear equation>
azoarene_svr_rbf_c10_eps01_g003,ln(kobs),5,ar2_homo_hartree|ar2_scf_energy_hartree|rate kobs (s-1)|ar1_q_a|ar2_Ar_Ster_B5,0.6434834034666204,0.44580325751363525,2.645213254180819,LOOCV,ln(kobs) = <nonlinear model; no closed-form linear equation>
azoarene_svr_rbf_c10_eps01_g003,ln(kobs),5,ar2_homo_hartree|ar2_scf_energy_hartree|rate kobs (s-1)|ar1_q_a|ar2_sterimol_B5,0.6434834034666204,0.44580325751363525,2.645213254180819,LOOCV,ln(kobs) = <nonlinear model; no closed-form linear equation>
azoarene_svr_rbf_c10_eps01_g003,ln(kobs),5,ar2_Ar_HOMO|ar2_enthalpy_hartree|rate kobs (s-1)|ar1_q_a|ar2_Ar_Ster_B5,0.6434843531333643,0.44580256739275725,2.6452097311011706,LOOCV,ln(kobs) = <nonlinear model; no closed-form linear equation>
azoarene_svr_rbf_c10_eps01_g003,ln(kobs),5,ar2_Ar_HOMO|ar2_enthalpy_hartree|rate kobs (s-1)|ar1_q_a|ar2_sterimol_B5,0.6434843531333643,0.44580256739275725,2.6452097311011706,LOOCV,ln(kobs) = <nonlinear model; no closed-form linear equation>
azoarene_svr_rbf_c10_eps01_g003,ln(kobs),5,ar2_homo_hartree|ar2_enthalpy_hartree|rate kobs (s-1)|ar1_q_a|ar2_Ar_Ster_B5,0.6434843531333643,0.44580256739275725,2.6452097311011706,LOOCV,ln(kobs) = <nonlinear model; no closed-form linear equation>
azoarene_svr_rbf_c10_eps01_g003,ln(kobs),5,ar2_homo_hartree|ar2_enthalpy_hartree|rate kobs (s-1)|ar1_q_a|ar2_sterimol_B5,0.6434843531333643,0.44580256739275725,2.6452097311011706,LOOCV,ln(kobs) = <nonlinear model; no closed-form linear equation>
azoarene_svr_rbf_c10_eps01_g003,ln(kobs),4,ar2_Ar_HOMO|rate kobs (s-1)|ar1_bond_length_c_a|ar1_nbo_q_a,0.6823245535783948,0.44576965889954856,2.496966056423815,LOOCV,ln(kobs) = <nonlinear model; no closed-form linear equation>
azoarene_svr_rbf_c10_eps01_g003,ln(kobs),4,ar2_Ar_HOMO|rate kobs (s-1)|ar1_bond_length_c_a|ar1_Ar_NBO_OH,0.6823245535783948,0.44576965889954856,2.496966056423815,LOOCV,ln(kobs) = <nonlinear model; no closed-form linear equation>
azoarene_svr_rbf_c10_eps01_g003,ln(kobs),4,ar2_homo_hartree|rate kobs (s-1)|ar1_bond_length_c_a|ar1_nbo_q_a,0.6823245535783948,0.44576965889954856,2.496966056423815,LOOCV,ln(kobs) = <nonlinear model; no closed-form linear equation>
azoarene_svr_rbf_c10_eps01_g003,ln(kobs),4,ar2_homo_hartree|rate kobs (s-1)|ar1_bond_length_c_a|ar1_Ar_NBO_OH,0.6823245535783948,0.44576965889954856,2.496966056423815,LOOCV,ln(kobs) = <nonlinear model; no closed-form linear equation>
azoarene_svr_rbf_c10_eps01_g003,ln(kobs),3,ar2_Ar_HOMO|ar2_scf_energy_hartree|ar1_bond_length_c_a,0.5985136965520673,0.4451375535881318,2.807088992641053,LOOCV,ln(kobs) = <nonlinear model; no closed-form linear equation>
azoarene_svr_rbf_c10_eps01_g003,ln(kobs),3,ar2_homo_hartree|ar2_scf_energy_hartree|ar1_bond_length_c_a,0.5985136965520673,0.4451375535881318,2.807088992641053,LOOCV,ln(kobs) = <nonlinear model; no closed-form linear equation>
azoarene_svr_rbf_c10_eps01_g003,ln(kobs),3,ar2_Ar_HOMO|ar2_gibbs_free_energy_hartree|ar1_bond_length_c_a,0.5985113926575989,0.44510051730112377,2.80709704674834,LOOCV,ln(kobs) = <nonlinear model; no closed-form linear equation>
azoarene_svr_rbf_c10_eps01_g003,ln(kobs),3,ar2_homo_hartree|ar2_gibbs_free_energy_hartree|ar1_bond_length_c_a,0.5985113926575989,0.44510051730112377,2.80709704674834,LOOCV,ln(kobs) = <nonlinear model; no closed-form linear equation>
azoarene_svr_rbf_c10_eps01_g003,ln(kobs),3,ar2_Ar_HOMO|ar2_enthalpy_hartree|ar1_bond_length_c_a,0.5985115332016249,0.44506795899866436,2.8070965554258622,LOOCV,ln(kobs) = <nonlinear model; no closed-form linear equation>
azoarene_svr_rbf_c10_eps01_g003,ln(kobs),3,ar2_homo_hartree|ar2_enthalpy_hartree|ar1_bond_length_c_a,0.5985115332016249,0.44506795899866436,2.8070965554258622,LOOCV,ln(kobs) = <nonlinear model; no closed-form linear equation>
azoarene_svr_rbf_c10_eps01_g003,ln(kobs),4,ar2_Ar_HOMO|rate kobs (s-1)|ar2_lumo_hartree|ar2_gap_hartree,0.6171480664259075,0.44456937144263287,2.7411716816572493,LOOCV,ln(kobs) = <nonlinear model; no closed-form linear equation>
azoarene_svr_rbf_c10_eps01_g003,ln(kobs),4,ar2_Ar_HOMO|rate kobs (s-1)|ar2_Ar_LUMO|ar2_gap_hartree,0.6171480664259075,0.44456937144263287,2.7411716816572493,LOOCV,ln(kobs) = <nonlinear model; no closed-form linear equation>
azoarene_svr_rbf_c10_eps01_g003,ln(kobs),4,ar2_homo_hartree|rate kobs (s-1)|ar2_lumo_hartree|ar2_gap_hartree,0.6171480664259075,0.44456937144263287,2.7411716816572493,LOOCV,ln(kobs) = <nonlinear model; no closed-form linear equation>
azoarene_svr_rbf_c10_eps01_g003,ln(kobs),4,ar2_homo_hartree|rate kobs (s-1)|ar2_Ar_LUMO|ar2_gap_hartree,0.6171480664259075,0.44456937144263287,2.7411716816572493,LOOCV,ln(kobs) = <nonlinear model; no closed-form linear equation>
azoarene_svr_rbf_c10_eps01_g003,ln(kobs),5,ar2_Ar_HOMO|ar2_scf_energy_hartree|rate kobs (s-1)|ar1_bond_length_c_e|ar1_nbo_q_a,0.6800471761528933,0.4437757987245483,2.505900298965555,LOOCV,ln(kobs) = <nonlinear model; no closed-form linear equation>
azoarene_svr_rbf_c10_eps01_g003,ln(kobs),5,ar2_Ar_HOMO|ar2_scf_energy_hartree|rate kobs (s-1)|ar1_bond_length_c_e|ar1_Ar_NBO_OH,0.6800471761528933,0.4437757987245483,2.505900298965555,LOOCV,ln(kobs) = <nonlinear model; no closed-form linear equation>
azoarene_svr_rbf_c10_eps01_g003,ln(kobs),5,ar2_homo_hartree|ar2_scf_energy_hartree|rate kobs (s-1)|ar1_bond_length_c_e|ar1_nbo_q_a,0.6800471761528933,0.4437757987245483,2.505900298965555,LOOCV,ln(kobs) = <nonlinear model; no closed-form linear equation>
azoarene_svr_rbf_c10_eps01_g003,ln(kobs),5,ar2_homo_hartree|ar2_scf_energy_hartree|rate kobs (s-1)|ar1_bond_length_c_e|ar1_Ar_NBO_OH,0.6800471761528933,0.4437757987245483,2.505900298965555,LOOCV,ln(kobs) = <nonlinear model; no closed-form linear equation>
azoarene_svr_rbf_c10_eps01_g003,ln(kobs),5,ar2_Ar_HOMO|ar2_gibbs_free_energy_hartree|rate kobs (s-1)|ar1_bond_length_c_e|ar1_nbo_q_a,0.6800404951853867,0.44377127958200324,2.505926461808681,LOOCV,ln(kobs) = <nonlinear model; no closed-form linear equation>
azoarene_svr_rbf_c10_eps01_g003,ln(kobs),5,ar2_Ar_HOMO|ar2_gibbs_free_energy_hartree|rate kobs (s-1)|ar1_bond_length_c_e|ar1_Ar_NBO_OH,0.6800404951853867,0.44377127958200324,2.505926461808681,LOOCV,ln(kobs) = <nonlinear model; no closed-form linear equation>
azoarene_svr_rbf_c10_eps01_g003,ln(kobs),5,ar2_homo_hartree|ar2_gibbs_free_energy_hartree|rate kobs (s-1)|ar1_bond_length_c_e|ar1_nbo_q_a,0.6800404951853867,0.44377127958200324,2.505926461808681,LOOCV,ln(kobs) = <nonlinear model; no closed-form linear equation>
azoarene_svr_rbf_c10_eps01_g003,ln(kobs),5,ar2_homo_hartree|ar2_gibbs_free_energy_hartree|rate kobs (s-1)|ar1_bond_length_c_e|ar1_Ar_NBO_OH,0.6800404951853867,0.44377127958200324,2.505926461808681,LOOCV,ln(kobs) = <nonlinear model; no closed-form linear equation>
azoarene_svr_rbf_c10_eps01_g003,ln(kobs),5,ar2_Ar_HOMO|ar2_enthalpy_hartree|rate kobs (s-1)|ar1_bond_length_c_e|ar1_nbo_q_a,0.6800491263267336,0.44376444842452545,2.5058926619823936,LOOCV,ln(kobs) = <nonlinear model; no closed-form linear equation>
azoarene_svr_rbf_c10_eps01_g003,ln(kobs),5,ar2_Ar_HOMO|ar2_enthalpy_hartree|rate kobs (s-1)|ar1_bond_length_c_e|ar1_Ar_NBO_OH,0.6800491263267336,0.44376444842452545,2.5058926619823936,LOOCV,ln(kobs) = <nonlinear model; no closed-form linear equation>
azoarene_svr_rbf_c10_eps01_g003,ln(kobs),5,ar2_homo_hartree|ar2_enthalpy_hartree|rate kobs (s-1)|ar1_bond_length_c_e|ar1_nbo_q_a,0.6800491263267336,0.44376444842452545,2.5058926619823936,LOOCV,ln(kobs) = <nonlinear model; no closed-form linear equation>
azoarene_svr_rbf_c10_eps01_g003,ln(kobs),5,ar2_homo_hartree|ar2_enthalpy_hartree|rate kobs (s-1)|ar1_bond_length_c_e|ar1_Ar_NBO_OH,0.6800491263267336,0.44376444842452545,2.5058926619823936,LOOCV,ln(kobs) = <nonlinear model; no closed-form linear equation>
azoarene_svr_rbf_c10_eps01_g003,ln(kobs),4,ar2_Ar_HOMO|ar2_Ar_polar|rate kobs (s-1)|ar2_Ar_Ster_B5,0.6099503000970647,0.4433051874949273,2.766819247617749,LOOCV,ln(kobs) = <nonlinear model; no closed-form linear equation>
azoarene_svr_rbf_c10_eps01_g003,ln(kobs),4,ar2_Ar_HOMO|ar2_Ar_polar|rate kobs (s-1)|ar2_sterimol_B5,0.6099503000970647,0.4433051874949273,2.766819247617749,LOOCV,ln(kobs) = <nonlinear model; no closed-form linear equation>
azoarene_svr_rbf_c10_eps01_g003,ln(kobs),4,ar2_Ar_HOMO|ar2_isotropic_polarizability_au|rate kobs (s-1)|ar2_Ar_Ster_B5,0.6099503000970647,0.4433051874949273,2.766819247617749,LOOCV,ln(kobs) = <nonlinear model; no closed-form linear equation>
azoarene_svr_rbf_c10_eps01_g003,ln(kobs),4,ar2_Ar_HOMO|ar2_isotropic_polarizability_au|rate kobs (s-1)|ar2_sterimol_B5,0.6099503000970647,0.4433051874949273,2.766819247617749,LOOCV,ln(kobs) = <nonlinear model; no closed-form linear equation>
azoarene_svr_rbf_c10_eps01_g003,ln(kobs),4,ar2_homo_hartree|ar2_Ar_polar|rate kobs (s-1)|ar2_Ar_Ster_B5,0.6099503000970647,0.4433051874949273,2.766819247617749,LOOCV,ln(kobs) = <nonlinear model; no closed-form linear equation>
azoarene_svr_rbf_c10_eps01_g003,ln(kobs),4,ar2_homo_hartree|ar2_Ar_polar|rate kobs (s-1)|ar2_sterimol_B5,0.6099503000970647,0.4433051874949273,2.766819247617749,LOOCV,ln(kobs) = <nonlinear model; no closed-form linear equation>
azoarene_svr_rbf_c10_eps01_g003,ln(kobs),4,ar2_homo_hartree|ar2_isotropic_polarizability_au|rate kobs (s-1)|ar2_Ar_Ster_B5,0.6099503000970647,0.4433051874949273,2.766819247617749,LOOCV,ln(kobs) = <nonlinear model; no closed-form linear equation>
azoarene_svr_rbf_c10_eps01_g003,ln(kobs),4,ar2_homo_hartree|ar2_isotropic_polarizability_au|rate kobs (s-1)|ar2_sterimol_B5,0.6099503000970647,0.4433051874949273,2.766819247617749,LOOCV,ln(kobs) = <nonlinear model; no closed-form linear equation>
azoarene_svr_rbf_c10_eps01_g003,ln(kobs),5,ar2_Ar_HOMO|rate kobs (s-1)|ar1_bond_length_c_a|ar1_bond_length_c_e|ar2_Ar_Ster_B5,0.6498041270369114,0.4432376671733398,2.6216597472524854,LOOCV,ln(kobs) = <nonlinear model; no closed-form linear equation>
azoarene_svr_rbf_c10_eps01_g003,ln(kobs),5,ar2_Ar_HOMO|rate kobs (s-1)|ar1_bond_length_c_a|ar1_bond_length_c_e|ar2_sterimol_B5,0.6498041270369114,0.4432376671733398,2.6216597472524854,LOOCV,ln(kobs) = <nonlinear model; no closed-form linear equation>
azoarene_svr_rbf_c10_eps01_g003,ln(kobs),5,ar2_homo_hartree|rate kobs (s-1)|ar1_bond_length_c_a|ar1_bond_length_c_e|ar2_Ar_Ster_B5,0.6498041270369114,0.4432376671733398,2.6216597472524854,LOOCV,ln(kobs) = <nonlinear model; no closed-form linear equation>
azoarene_svr_rbf_c10_eps01_g003,ln(kobs),5,ar2_homo_hartree|rate kobs (s-1)|ar1_bond_length_c_a|ar1_bond_length_c_e|ar2_sterimol_B5,0.6498041270369114,0.4432376671733398,2.6216597472524854,LOOCV,ln(kobs) = <nonlinear model; no closed-form linear equation>
azoarene_svr_rbf_c10_eps01_g003,ln(kobs),4,ar2_Ar_HOMO|rate kobs (s-1)|ar2_lumo_hartree|ar2_Ar_LUMO,0.6171828478927113,0.4428202848787127,2.74104716336571,LOOCV,ln(kobs) = <nonlinear model; no closed-form linear equation>
azoarene_svr_rbf_c10_eps01_g003,ln(kobs),4,ar2_homo_hartree|rate kobs (s-1)|ar2_lumo_hartree|ar2_Ar_LUMO,0.6171828478927113,0.4428202848787127,2.74104716336571,LOOCV,ln(kobs) = <nonlinear model; no closed-form linear equation>
azoarene_svr_rbf_c10_eps01_g003,ln(kobs),5,ar2_Ar_HOMO|ar2_homo_hartree|ar2_Ar_polar|ar1_q_a|ar1_bond_length_c_e,0.652798700672371,0.442385089773658,2.6104265929922748,LOOCV,ln(kobs) = <nonlinear model; no closed-form linear equation>
azoarene_svr_rbf_c10_eps01_g003,ln(kobs),5,ar2_Ar_HOMO|ar2_homo_hartree|ar2_isotropic_polarizability_au|ar1_q_a|ar1_bond_length_c_e,0.652798700672371,0.442385089773658,2.6104265929922748,LOOCV,ln(kobs) = <nonlinear model; no closed-form linear equation>
azoarene_svr_rbf_c10_eps01_g003,ln(kobs),3,ar2_Ar_HOMO|ar2_scf_energy_hartree|ar1_q_a,0.5961900700600407,0.44196940768303095,2.8152003727554282,LOOCV,ln(kobs) = <nonlinear model; no closed-form linear equation>
azoarene_svr_rbf_c10_eps01_g003,ln(kobs),3,ar2_homo_hartree|ar2_scf_energy_hartree|ar1_q_a,0.5961900700600407,0.44196940768303095,2.8152003727554282,LOOCV,ln(kobs) = <nonlinear model; no closed-form linear equation>
azoarene_svr_rbf_c10_eps01_g003,ln(kobs),3,ar2_Ar_HOMO|ar2_gibbs_free_energy_hartree|ar1_q_a,0.5961909468475788,0.44188511101447636,2.815197316448784,LOOCV,ln(kobs) = <nonlinear model; no closed-form linear equation>
azoarene_svr_rbf_c10_eps01_g003,ln(kobs),3,ar2_homo_hartree|ar2_gibbs_free_energy_hartree|ar1_q_a,0.5961909468475788,0.44188511101447636,2.815197316448784,LOOCV,ln(kobs) = <nonlinear model; no closed-form linear equation>
azoarene_svr_rbf_c10_eps01_g003,ln(kobs),3,ar2_Ar_HOMO|ar2_enthalpy_hartree|ar1_q_a,0.5961908472277644,0.4418727226625446,2.815197663703773,LOOCV,ln(kobs) = <nonlinear model; no closed-form linear equation>
azoarene_svr_rbf_c10_eps01_g003,ln(kobs),3,ar2_homo_hartree|ar2_enthalpy_hartree|ar1_q_a,0.5961908472277644,0.4418727226625446,2.815197663703773,LOOCV,ln(kobs) = <nonlinear model; no closed-form linear equation>
azoarene_svr_rbf_c10_eps01_g003,ln(kobs),5,ar2_Ar_HOMO|ar2_lumo_hartree|ar1_bond_length_c_e|ar1_nbo_q_a|ar1_Ar_NBO_OH,0.6512323904255094,0.44128391773494424,2.616308104634634,LOOCV,ln(kobs) = <nonlinear model; no closed-form linear equation>
azoarene_svr_rbf_c10_eps01_g003,ln(kobs),5,ar2_Ar_HOMO|ar2_Ar_LUMO|ar1_bond_length_c_e|ar1_nbo_q_a|ar1_Ar_NBO_OH,0.6512323904255094,0.44128391773494424,2.616308104634634,LOOCV,ln(kobs) = <nonlinear model; no closed-form linear equation>
azoarene_svr_rbf_c10_eps01_g003,ln(kobs),5,ar2_homo_hartree|ar2_lumo_hartree|ar1_bond_length_c_e|ar1_nbo_q_a|ar1_Ar_NBO_OH,0.6512323904255094,0.44128391773494424,2.616308104634634,LOOCV,ln(kobs) = <nonlinear model; no closed-form linear equation>
azoarene_svr_rbf_c10_eps01_g003,ln(kobs),5,ar2_homo_hartree|ar2_Ar_LUMO|ar1_bond_length_c_e|ar1_nbo_q_a|ar1_Ar_NBO_OH,0.6512323904255094,0.44128391773494424,2.616308104634634,LOOCV,ln(kobs) = <nonlinear model; no closed-form linear equation>
azoarene_svr_rbf_c10_eps01_g003,ln(kobs),5,ar2_Ar_HOMO|ar2_gap_hartree|ar1_bond_length_c_e|ar1_nbo_q_a|ar1_Ar_NBO_OH,0.6516848536989979,0.440351874783404,2.6146104591498904,LOOCV,ln(kobs) = <nonlinear model; no closed-form linear equation>
azoarene_svr_rbf_c10_eps01_g003,ln(kobs),5,ar2_homo_hartree|ar2_gap_hartree|ar1_bond_length_c_e|ar1_nbo_q_a|ar1_Ar_NBO_OH,0.6516848536989979,0.440351874783404,2.6146104591498904,LOOCV,ln(kobs) = <nonlinear model; no closed-form linear equation>
azoarene_svr_rbf_c10_eps01_g003,ln(kobs),4,ar2_Ar_HOMO|ar2_scf_energy_hartree|ar2_enthalpy_hartree|rate kobs (s-1),0.6011118801187467,0.43917639141750353,2.7979913343843816,LOOCV,ln(kobs) = <nonlinear model; no closed-form linear equation>
azoarene_svr_rbf_c10_eps01_g003,ln(kobs),4,ar2_homo_hartree|ar2_scf_energy_hartree|ar2_enthalpy_hartree|rate kobs (s-1),0.6011118801187467,0.43917639141750353,2.7979913343843816,LOOCV,ln(kobs) = <nonlinear model; no closed-form linear equation>
azoarene_svr_rbf_c10_eps01_g003,ln(kobs),4,ar2_Ar_HOMO|ar2_scf_energy_hartree|ar2_gibbs_free_energy_hartree|rate kobs (s-1),0.6011106560199894,0.43917365814522136,2.7979956275870586,LOOCV,ln(kobs) = <nonlinear model; no closed-form linear equation>
azoarene_svr_rbf_c10_eps01_g003,ln(kobs),4,ar2_homo_hartree|ar2_scf_energy_hartree|ar2_gibbs_free_energy_hartree|rate kobs (s-1),0.6011106560199894,0.43917365814522136,2.7979956275870586,LOOCV,ln(kobs) = <nonlinear model; no closed-form linear equation>
azoarene_svr_rbf_c10_eps01_g003,ln(kobs),4,ar2_Ar_HOMO|ar2_gibbs_free_energy_hartree|ar2_enthalpy_hartree|rate kobs (s-1),0.6011100944640849,0.4391421344804245,2.7979975970936852,LOOCV,ln(kobs) = <nonlinear model; no closed-form linear equation>
azoarene_svr_rbf_c10_eps01_g003,ln(kobs),4,ar2_homo_hartree|ar2_gibbs_free_energy_hartree|ar2_enthalpy_hartree|rate kobs (s-1),0.6011100944640849,0.4391421344804245,2.7979975970936852,LOOCV,ln(kobs) = <nonlinear model; no closed-form linear equation>
azoarene_svr_rbf_c10_eps01_g003,ln(kobs),4,ar2_Ar_HOMO|ar2_scf_energy_hartree|ar2_enthalpy_hartree|ar1_q_a,0.5973462129369249,0.43906110835650813,2.811167402498272,LOOCV,ln(kobs) = <nonlinear model; no closed-form linear equation>
azoarene_svr_rbf_c10_eps01_g003,ln(kobs),4,ar2_homo_hartree|ar2_scf_energy_hartree|ar2_enthalpy_hartree|ar1_q_a,0.5973462129369249,0.43906110835650813,2.811167402498272,LOOCV,ln(kobs) = <nonlinear model; no closed-form linear equation>
azoarene_svr_rbf_c10_eps01_g003,ln(kobs),4,ar2_Ar_HOMO|ar2_scf_energy_hartree|ar2_gibbs_free_energy_hartree|ar1_q_a,0.5973461336708242,0.4390554178877146,2.811167679200335,LOOCV,ln(kobs) = <nonlinear model; no closed-form linear equation>
azoarene_svr_rbf_c10_eps01_g003,ln(kobs),4,ar2_homo_hartree|ar2_scf_energy_hartree|ar2_gibbs_free_energy_hartree|ar1_q_a,0.5973461336708242,0.4390554178877146,2.811167679200335,LOOCV,ln(kobs) = <nonlinear model; no closed-form linear equation>
azoarene_svr_rbf_c10_eps01_g003,ln(kobs),4,ar2_Ar_HOMO|ar2_gibbs_free_energy_hartree|ar2_enthalpy_hartree|ar1_q_a,0.5973435626294741,0.43904873952900625,2.8111766541753846,LOOCV,ln(kobs) = <nonlinear model; no closed-form linear equation>
azoarene_svr_rbf_c10_eps01_g003,ln(kobs),4,ar2_homo_hartree|ar2_gibbs_free_energy_hartree|ar2_enthalpy_hartree|ar1_q_a,0.5973435626294741,0.43904873952900625,2.8111766541753846,LOOCV,ln(kobs) = <nonlinear model; no closed-form linear equation>
azoarene_svr_rbf_c10_eps01_g003,ln(kobs),4,ar2_Ar_HOMO|rate kobs (s-1)|ar2_Ar_Ster_B5|ar2_sterimol_B5,0.6037406433262477,0.43880624516904243,2.7887563953047647,LOOCV,ln(kobs) = <nonlinear model; no closed-form linear equation>
azoarene_svr_rbf_c10_eps01_g003,ln(kobs),4,ar2_homo_hartree|rate kobs (s-1)|ar2_Ar_Ster_B5|ar2_sterimol_B5,0.6037406433262477,0.43880624516904243,2.7887563953047647,LOOCV,ln(kobs) = <nonlinear model; no closed-form linear equation>
azoarene_svr_rbf_c10_eps01_g003,ln(kobs),4,rate kobs (s-1)|ar2_lumo_hartree|ar1_q_a|ar2_Ar_Ster_B5,0.6111082834863466,0.43861419125116285,2.7627091146880414,LOOCV,ln(kobs) = <nonlinear model; no closed-form linear equation>
azoarene_svr_rbf_c10_eps01_g003,ln(kobs),4,rate kobs (s-1)|ar2_lumo_hartree|ar1_q_a|ar2_sterimol_B5,0.6111082834863466,0.43861419125116285,2.7627091146880414,LOOCV,ln(kobs) = <nonlinear model; no closed-form linear equation>
azoarene_svr_rbf_c10_eps01_g003,ln(kobs),4,rate kobs (s-1)|ar2_Ar_LUMO|ar1_q_a|ar2_Ar_Ster_B5,0.6111082834863466,0.43861419125116285,2.7627091146880414,LOOCV,ln(kobs) = <nonlinear model; no closed-form linear equation>
azoarene_svr_rbf_c10_eps01_g003,ln(kobs),4,rate kobs (s-1)|ar2_Ar_LUMO|ar1_q_a|ar2_sterimol_B5,0.6111082834863466,0.43861419125116285,2.7627091146880414,LOOCV,ln(kobs) = <nonlinear model; no closed-form linear equation>
azoarene_svr_rbf_c10_eps01_g003,ln(kobs),4,ar2_Ar_HOMO|ar2_lumo_hartree|ar1_bond_length_c_e|ar1_nbo_q_a,0.6563698033776794,0.4369462524522578,2.596967259844313,LOOCV,ln(kobs) = <nonlinear model; no closed-form linear equation>
azoarene_svr_rbf_c10_eps01_g003,ln(kobs),4,ar2_Ar_HOMO|ar2_lumo_hartree|ar1_bond_length_c_e|ar1_Ar_NBO_OH,0.6563698033776794,0.4369462524522578,2.596967259844313,LOOCV,ln(kobs) = <nonlinear model; no closed-form linear equation>
azoarene_svr_rbf_c10_eps01_g003,ln(kobs),4,ar2_Ar_HOMO|ar2_Ar_LUMO|ar1_bond_length_c_e|ar1_nbo_q_a,0.6563698033776794,0.4369462524522578,2.596967259844313,LOOCV,ln(kobs) = <nonlinear model; no closed-form linear equation>
azoarene_svr_rbf_c10_eps01_g003,ln(kobs),4,ar2_Ar_HOMO|ar2_Ar_LUMO|ar1_bond_length_c_e|ar1_Ar_NBO_OH,0.6563698033776794,0.4369462524522578,2.596967259844313,LOOCV,ln(kobs) = <nonlinear model; no closed-form linear equation>
azoarene_svr_rbf_c10_eps01_g003,ln(kobs),4,ar2_homo_hartree|ar2_lumo_hartree|ar1_bond_length_c_e|ar1_nbo_q_a,0.6563698033776794,0.4369462524522578,2.596967259844313,LOOCV,ln(kobs) = <nonlinear model; no closed-form linear equation>
azoarene_svr_rbf_c10_eps01_g003,ln(kobs),4,ar2_homo_hartree|ar2_lumo_hartree|ar1_bond_length_c_e|ar1_Ar_NBO_OH,0.6563698033776794,0.4369462524522578,2.596967259844313,LOOCV,ln(kobs) = <nonlinear model; no closed-form linear equation>
azoarene_svr_rbf_c10_eps01_g003,ln(kobs),4,ar2_homo_hartree|ar2_Ar_LUMO|ar1_bond_length_c_e|ar1_nbo_q_a,0.6563698033776794,0.4369462524522578,2.596967259844313,LOOCV,ln(kobs) = <nonlinear model; no closed-form linear equation>
azoarene_svr_rbf_c10_eps01_g003,ln(kobs),4,ar2_homo_hartree|ar2_Ar_LUMO|ar1_bond_length_c_e|ar1_Ar_NBO_OH,0.6563698033776794,0.4369462524522578,2.596967259844313,LOOCV,ln(kobs) = <nonlinear model; no closed-form linear equation>
azoarene_svr_rbf_c10_eps01_g003,ln(kobs),4,ar2_Ar_HOMO|ar2_Ar_polar|ar1_q_a|ar2_Ar_Ster_B5,0.6105219208066788,0.4366050126375459,2.7647911072831577,LOOCV,ln(kobs) = <nonlinear model; no closed-form linear equation>
azoarene_svr_rbf_c10_eps01_g003,ln(kobs),4,ar2_Ar_HOMO|ar2_Ar_polar|ar1_q_a|ar2_sterimol_B5,0.6105219208066788,0.4366050126375459,2.7647911072831577,LOOCV,ln(kobs) = <nonlinear model; no closed-form linear equation>
azoarene_svr_rbf_c10_eps01_g003,ln(kobs),4,ar2_Ar_HOMO|ar2_isotropic_polarizability_au|ar1_q_a|ar2_Ar_Ster_B5,0.6105219208066788,0.4366050126375459,2.7647911072831577,LOOCV,ln(kobs) = <nonlinear model; no closed-form linear equation>
azoarene_svr_rbf_c10_eps01_g003,ln(kobs),4,ar2_Ar_HOMO|ar2_isotropic_polarizability_au|ar1_q_a|ar2_sterimol_B5,0.6105219208066788,0.4366050126375459,2.7647911072831577,LOOCV,ln(kobs) = <nonlinear model; no closed-form linear equation>
azoarene_svr_rbf_c10_eps01_g003,ln(kobs),4,ar2_homo_hartree|ar2_Ar_polar|ar1_q_a|ar2_Ar_Ster_B5,0.6105219208066788,0.4366050126375459,2.7647911072831577,LOOCV,ln(kobs) = <nonlinear model; no closed-form linear equation>
azoarene_svr_rbf_c10_eps01_g003,ln(kobs),4,ar2_homo_hartree|ar2_Ar_polar|ar1_q_a|ar2_sterimol_B5,0.6105219208066788,0.4366050126375459,2.7647911072831577,LOOCV,ln(kobs) = <nonlinear model; no closed-form linear equation>
azoarene_svr_rbf_c10_eps01_g003,ln(kobs),4,ar2_homo_hartree|ar2_isotropic_polarizability_au|ar1_q_a|ar2_Ar_Ster_B5,0.6105219208066788,0.4366050126375459,2.7647911072831577,LOOCV,ln(kobs) = <nonlinear model; no closed-form linear equation>
azoarene_svr_rbf_c10_eps01_g003,ln(kobs),4,ar2_homo_hartree|ar2_isotropic_polarizability_au|ar1_q_a|ar2_sterimol_B5,0.6105219208066788,0.4366050126375459,2.7647911072831577,LOOCV,ln(kobs) = <nonlinear model; no closed-form linear equation>
azoarene_svr_rbf_c10_eps01_g003,ln(kobs),5,ar2_Ar_HOMO|ar2_scf_energy_hartree|rate kobs (s-1)|ar1_bond_length_c_a|ar1_bond_length_c_e,0.6519939108852444,0.43650099224405225,2.613450240470102,LOOCV,ln(kobs) = <nonlinear model; no closed-form linear equation>
azoarene_svr_rbf_c10_eps01_g003,ln(kobs),5,ar2_homo_hartree|ar2_scf_energy_hartree|rate kobs (s-1)|ar1_bond_length_c_a|ar1_bond_length_c_e,0.6519939108852444,0.43650099224405225,2.613450240470102,LOOCV,ln(kobs) = <nonlinear model; no closed-form linear equation>
azoarene_svr_rbf_c10_eps01_g003,ln(kobs),5,ar2_Ar_HOMO|ar2_gibbs_free_energy_hartree|rate kobs (s-1)|ar1_bond_length_c_a|ar1_bond_length_c_e,0.651989846851943,0.4364752183566206,2.6134655004298164,LOOCV,ln(kobs) = <nonlinear model; no closed-form linear equation>
azoarene_svr_rbf_c10_eps01_g003,ln(kobs),5,ar2_homo_hartree|ar2_gibbs_free_energy_hartree|rate kobs (s-1)|ar1_bond_length_c_a|ar1_bond_length_c_e,0.651989846851943,0.4364752183566206,2.6134655004298164,LOOCV,ln(kobs) = <nonlinear model; no closed-form linear equation>
azoarene_svr_rbf_c10_eps01_g003,ln(kobs),5,ar2_Ar_HOMO|ar2_enthalpy_hartree|rate kobs (s-1)|ar1_bond_length_c_a|ar1_bond_length_c_e,0.6520339155113266,0.4364374486483791,2.6133000231208863,LOOCV,ln(kobs) = <nonlinear model; no closed-form linear equation>
azoarene_svr_rbf_c10_eps01_g003,ln(kobs),5,ar2_homo_hartree|ar2_enthalpy_hartree|rate kobs (s-1)|ar1_bond_length_c_a|ar1_bond_length_c_e,0.6520339155113266,0.4364374486483791,2.6133000231208863,LOOCV,ln(kobs) = <nonlinear model; no closed-form linear equation>
azoarene_svr_rbf_c10_eps01_g003,ln(kobs),4,ar2_Ar_HOMO|ar2_gap_hartree|ar1_bond_length_c_e|ar1_nbo_q_a,0.6566403164289756,0.4357653659115529,2.5959448644649825,LOOCV,ln(kobs) = <nonlinear model; no closed-form linear equation>
azoarene_svr_rbf_c10_eps01_g003,ln(kobs),4,ar2_Ar_HOMO|ar2_gap_hartree|ar1_bond_length_c_e|ar1_Ar_NBO_OH,0.6566403164289756,0.4357653659115529,2.5959448644649825,LOOCV,ln(kobs) = <nonlinear model; no closed-form linear equation>
azoarene_svr_rbf_c10_eps01_g003,ln(kobs),4,ar2_homo_hartree|ar2_gap_hartree|ar1_bond_length_c_e|ar1_nbo_q_a,0.6566403164289756,0.4357653659115529,2.5959448644649825,LOOCV,ln(kobs) = <nonlinear model; no closed-form linear equation>
azoarene_svr_rbf_c10_eps01_g003,ln(kobs),4,ar2_homo_hartree|ar2_gap_hartree|ar1_bond_length_c_e|ar1_Ar_NBO_OH,0.6566403164289756,0.4357653659115529,2.5959448644649825,LOOCV,ln(kobs) = <nonlinear model; no closed-form linear equation>
azoarene_svr_rbf_c10_eps01_g003,ln(kobs),4,ar2_Ar_HOMO|ar2_homo_hartree|ar1_bond_length_c_a|ar1_q_a,0.6057487557933436,0.4354303338061948,2.7816811687656977,LOOCV,ln(kobs) = <nonlinear model; no closed-form linear equation>
azoarene_svr_rbf_c10_eps01_g003,ln(kobs),3,ar2_Ar_HOMO|rate kobs (s-1)|ar1_q_a,0.6455812748177616,0.4342774436626895,2.6374190802106305,LOOCV,ln(kobs) = <nonlinear model; no closed-form linear equation>
azoarene_svr_rbf_c10_eps01_g003,ln(kobs),3,ar2_homo_hartree|rate kobs (s-1)|ar1_q_a,0.6455812748177616,0.4342774436626895,2.6374190802106305,LOOCV,ln(kobs) = <nonlinear model; no closed-form linear equation>
azoarene_svr_rbf_c10_eps01_g003,ln(kobs),3,ar2_Ar_HOMO|ar1_bond_length_c_e|ar2_Ar_Ster_B5,0.6076917290477937,0.4338132975793062,2.774818276592816,LOOCV,ln(kobs) = <nonlinear model; no closed-form linear equation>
azoarene_svr_rbf_c10_eps01_g003,ln(kobs),3,ar2_Ar_HOMO|ar1_bond_length_c_e|ar2_sterimol_B5,0.6076917290477937,0.4338132975793062,2.774818276592816,LOOCV,ln(kobs) = <nonlinear model; no closed-form linear equation>
azoarene_svr_rbf_c10_eps01_g003,ln(kobs),3,ar2_homo_hartree|ar1_bond_length_c_e|ar2_Ar_Ster_B5,0.6076917290477937,0.4338132975793062,2.774818276592816,LOOCV,ln(kobs) = <nonlinear model; no closed-form linear equation>
azoarene_svr_rbf_c10_eps01_g003,ln(kobs),3,ar2_homo_hartree|ar1_bond_length_c_e|ar2_sterimol_B5,0.6076917290477937,0.4338132975793062,2.774818276592816,LOOCV,ln(kobs) = <nonlinear model; no closed-form linear equation>
azoarene_svr_rbf_c10_eps01_g003,ln(kobs),4,rate kobs (s-1)|ar2_gap_hartree|ar1_q_a|ar2_Ar_Ster_B5,0.6093909682658041,0.4331616271450007,2.7688023483225206,LOOCV,ln(kobs) = <nonlinear model; no closed-form linear equation>
azoarene_svr_rbf_c10_eps01_g003,ln(kobs),4,rate kobs (s-1)|ar2_gap_hartree|ar1_q_a|ar2_sterimol_B5,0.6093909682658041,0.4331616271450007,2.7688023483225206,LOOCV,ln(kobs) = <nonlinear model; no closed-form linear equation>
azoarene_svr_rbf_c10_eps01_g003,ln(kobs),5,ar2_Ar_HOMO|rate kobs (s-1)|ar2_gap_hartree|ar1_bond_length_c_e|ar1_nbo_q_a,0.7034815286113105,0.43203663117170943,2.4123853947377683,LOOCV,ln(kobs) = <nonlinear model; no closed-form linear equation>
azoarene_svr_rbf_c10_eps01_g003,ln(kobs),5,ar2_Ar_HOMO|rate kobs (s-1)|ar2_gap_hartree|ar1_bond_length_c_e|ar1_Ar_NBO_OH,0.7034815286113105,0.43203663117170943,2.4123853947377683,LOOCV,ln(kobs) = <nonlinear model; no closed-form linear equation>
azoarene_svr_rbf_c10_eps01_g003,ln(kobs),5,ar2_homo_hartree|rate kobs (s-1)|ar2_gap_hartree|ar1_bond_length_c_e|ar1_nbo_q_a,0.7034815286113105,0.43203663117170943,2.4123853947377683,LOOCV,ln(kobs) = <nonlinear model; no closed-form linear equation>
azoarene_svr_rbf_c10_eps01_g003,ln(kobs),5,ar2_homo_hartree|rate kobs (s-1)|ar2_gap_hartree|ar1_bond_length_c_e|ar1_Ar_NBO_OH,0.7034815286113105,0.43203663117170943,2.4123853947377683,LOOCV,ln(kobs) = <nonlinear model; no closed-form linear equation>
azoarene_svr_rbf_c10_eps01_g003,ln(kobs),5,ar2_Ar_HOMO|ar2_Ar_polar|rate kobs (s-1)|ar1_bond_length_c_a|ar1_bond_length_c_e,0.6671466758538585,0.43179559162636827,2.555920041829733,LOOCV,ln(kobs) = <nonlinear model; no closed-form linear equation>
azoarene_svr_rbf_c10_eps01_g003,ln(kobs),5,ar2_Ar_HOMO|ar2_isotropic_polarizability_au|rate kobs (s-1)|ar1_bond_length_c_a|ar1_bond_length_c_e,0.6671466758538585,0.43179559162636827,2.555920041829733,LOOCV,ln(kobs) = <nonlinear model; no closed-form linear equation>
azoarene_svr_rbf_c10_eps01_g003,ln(kobs),5,ar2_homo_hartree|ar2_Ar_polar|rate kobs (s-1)|ar1_bond_length_c_a|ar1_bond_length_c_e,0.6671466758538585,0.43179559162636827,2.555920041829733,LOOCV,ln(kobs) = <nonlinear model; no closed-form linear equation>
azoarene_svr_rbf_c10_eps01_g003,ln(kobs),5,ar2_homo_hartree|ar2_isotropic_polarizability_au|rate kobs (s-1)|ar1_bond_length_c_a|ar1_bond_length_c_e,0.6671466758538585,0.43179559162636827,2.555920041829733,LOOCV,ln(kobs) = <nonlinear model; no closed-form linear equation>
azoarene_svr_rbf_c10_eps01_g003,ln(kobs),5,ar2_Ar_HOMO|rate kobs (s-1)|ar1_bond_length_c_a|ar1_q_a|ar2_Ar_Ster_B5,0.6548947626138468,0.4315604102089359,2.6025350630192605,LOOCV,ln(kobs) = <nonlinear model; no closed-form linear equation>
azoarene_svr_rbf_c10_eps01_g003,ln(kobs),5,ar2_Ar_HOMO|rate kobs (s-1)|ar1_bond_length_c_a|ar1_q_a|ar2_sterimol_B5,0.6548947626138468,0.4315604102089359,2.6025350630192605,LOOCV,ln(kobs) = <nonlinear model; no closed-form linear equation>
azoarene_svr_rbf_c10_eps01_g003,ln(kobs),5,ar2_homo_hartree|rate kobs (s-1)|ar1_bond_length_c_a|ar1_q_a|ar2_Ar_Ster_B5,0.6548947626138468,0.4315604102089359,2.6025350630192605,LOOCV,ln(kobs) = <nonlinear model; no closed-form linear equation>
azoarene_svr_rbf_c10_eps01_g003,ln(kobs),5,ar2_homo_hartree|rate kobs (s-1)|ar1_bond_length_c_a|ar1_q_a|ar2_sterimol_B5,0.6548947626138468,0.4315604102089359,2.6025350630192605,LOOCV,ln(kobs) = <nonlinear model; no closed-form linear equation>
azoarene_svr_rbf_c10_eps01_g003,ln(kobs),5,ar2_Ar_HOMO|ar2_homo_hartree|ar1_q_a|ar1_bond_length_c_e|ar1_nbo_q_a,0.6391181000842066,0.4315297537033289,2.661358402061763,LOOCV,ln(kobs) = <nonlinear model; no closed-form linear equation>
azoarene_svr_rbf_c10_eps01_g003,ln(kobs),5,ar2_Ar_HOMO|ar2_homo_hartree|ar1_q_a|ar1_bond_length_c_e|ar1_Ar_NBO_OH,0.6391181000842066,0.4315297537033289,2.661358402061763,LOOCV,ln(kobs) = <nonlinear model; no closed-form linear equation>
azoarene_svr_rbf_c10_eps01_g003,ln(kobs),4,ar2_Ar_HOMO|ar1_q_a|ar2_Ar_Ster_B5|ar2_sterimol_B5,0.6157905695518571,0.43091672885156773,2.746027134833789,LOOCV,ln(kobs) = <nonlinear model; no closed-form linear equation>
azoarene_svr_rbf_c10_eps01_g003,ln(kobs),4,ar2_homo_hartree|ar1_q_a|ar2_Ar_Ster_B5|ar2_sterimol_B5,0.6157905695518571,0.43091672885156773,2.746027134833789,LOOCV,ln(kobs) = <nonlinear model; no closed-form linear equation>
azoarene_svr_rbf_c10_eps01_g003,ln(kobs),4,ar2_Ar_HOMO|ar2_Ar_polar|ar2_lumo_hartree|ar2_Ar_Ster_B5,0.5449301854160731,0.4303094041902814,2.9885452003871777,LOOCV,ln(kobs) = <nonlinear model; no closed-form linear equation>
azoarene_svr_rbf_c10_eps01_g003,ln(kobs),4,ar2_Ar_HOMO|ar2_Ar_polar|ar2_lumo_hartree|ar2_sterimol_B5,0.5449301854160731,0.4303094041902814,2.9885452003871777,LOOCV,ln(kobs) = <nonlinear model; no closed-form linear equation>
azoarene_svr_rbf_c10_eps01_g003,ln(kobs),4,ar2_Ar_HOMO|ar2_Ar_polar|ar2_Ar_LUMO|ar2_Ar_Ster_B5,0.5449301854160731,0.4303094041902814,2.9885452003871777,LOOCV,ln(kobs) = <nonlinear model; no closed-form linear equation>
azoarene_svr_rbf_c10_eps01_g003,ln(kobs),4,ar2_Ar_HOMO|ar2_Ar_polar|ar2_Ar_LUMO|ar2_sterimol_B5,0.5449301854160731,0.4303094041902814,2.9885452003871777,LOOCV,ln(kobs) = <nonlinear model; no closed-form linear equation>
azoarene_svr_rbf_c10_eps01_g003,ln(kobs),4,ar2_Ar_HOMO|ar2_isotropic_polarizability_au|ar2_lumo_hartree|ar2_Ar_Ster_B5,0.5449301854160731,0.4303094041902814,2.9885452003871777,LOOCV,ln(kobs) = <nonlinear model; no closed-form linear equation>
azoarene_svr_rbf_c10_eps01_g003,ln(kobs),4,ar2_Ar_HOMO|ar2_isotropic_polarizability_au|ar2_lumo_hartree|ar2_sterimol_B5,0.5449301854160731,0.4303094041902814,2.9885452003871777,LOOCV,ln(kobs) = <nonlinear model; no closed-form linear equation>
azoarene_svr_rbf_c10_eps01_g003,ln(kobs),4,ar2_Ar_HOMO|ar2_isotropic_polarizability_au|ar2_Ar_LUMO|ar2_Ar_Ster_B5,0.5449301854160731,0.4303094041902814,2.9885452003871777,LOOCV,ln(kobs) = <nonlinear model; no closed-form linear equation>
azoarene_svr_rbf_c10_eps01_g003,ln(kobs),4,ar2_Ar_HOMO|ar2_isotropic_polarizability_au|ar2_Ar_LUMO|ar2_sterimol_B5,0.5449301854160731,0.4303094041902814,2.9885452003871777,LOOCV,ln(kobs) = <nonlinear model; no closed-form linear equation>
azoarene_svr_rbf_c10_eps01_g003,ln(kobs),4,ar2_homo_hartree|ar2_Ar_polar|ar2_lumo_hartree|ar2_Ar_Ster_B5,0.5449301854160731,0.4303094041902814,2.9885452003871777,LOOCV,ln(kobs) = <nonlinear model; no closed-form linear equation>
azoarene_svr_rbf_c10_eps01_g003,ln(kobs),4,ar2_homo_hartree|ar2_Ar_polar|ar2_lumo_hartree|ar2_sterimol_B5,0.5449301854160731,0.4303094041902814,2.9885452003871777,LOOCV,ln(kobs) = <nonlinear model; no closed-form linear equation>
azoarene_svr_rbf_c10_eps01_g003,ln(kobs),4,ar2_homo_hartree|ar2_Ar_polar|ar2_Ar_LUMO|ar2_Ar_Ster_B5,0.5449301854160731,0.4303094041902814,2.9885452003871777,LOOCV,ln(kobs) = <nonlinear model; no closed-form linear equation>
azoarene_svr_rbf_c10_eps01_g003,ln(kobs),4,ar2_homo_hartree|ar2_Ar_polar|ar2_Ar_LUMO|ar2_sterimol_B5,0.5449301854160731,0.4303094041902814,2.9885452003871777,LOOCV,ln(kobs) = <nonlinear model; no closed-form linear equation>
azoarene_svr_rbf_c10_eps01_g003,ln(kobs),4,ar2_homo_hartree|ar2_isotropic_polarizability_au|ar2_lumo_hartree|ar2_Ar_Ster_B5,0.5449301854160731,0.4303094041902814,2.9885452003871777,LOOCV,ln(kobs) = <nonlinear model; no closed-form linear equation>
azoarene_svr_rbf_c10_eps01_g003,ln(kobs),4,ar2_homo_hartree|ar2_isotropic_polarizability_au|ar2_lumo_hartree|ar2_sterimol_B5,0.5449301854160731,0.4303094041902814,2.9885452003871777,LOOCV,ln(kobs) = <nonlinear model; no closed-form linear equation>
azoarene_svr_rbf_c10_eps01_g003,ln(kobs),3,ar2_Ar_HOMO|ar2_gap_hartree|ar1_bond_length_c_e,0.5942649178387778,0.4300498740168811,2.82190308688967,LOOCV,ln(kobs) = <nonlinear model; no closed-form linear equation>
azoarene_svr_rbf_c10_eps01_g003,ln(kobs),3,ar2_homo_hartree|ar2_gap_hartree|ar1_bond_length_c_e,0.5942649178387778,0.4300498740168811,2.82190308688967,LOOCV,ln(kobs) = <nonlinear model; no closed-form linear equation>
azoarene_svr_rbf_c10_eps01_g003,ln(kobs),5,ar2_Ar_HOMO|rate kobs (s-1)|ar2_lumo_hartree|ar1_bond_length_c_e|ar1_nbo_q_a,0.7034592570338568,0.42888231567122637,2.4124759904754964,LOOCV,ln(kobs) = <nonlinear model; no closed-form linear equation>
azoarene_svr_rbf_c10_eps01_g003,ln(kobs),5,ar2_Ar_HOMO|rate kobs (s-1)|ar2_lumo_hartree|ar1_bond_length_c_e|ar1_Ar_NBO_OH,0.7034592570338568,0.42888231567122637,2.4124759904754964,LOOCV,ln(kobs) = <nonlinear model; no closed-form linear equation>
azoarene_svr_rbf_c10_eps01_g003,ln(kobs),5,ar2_Ar_HOMO|rate kobs (s-1)|ar2_Ar_LUMO|ar1_bond_length_c_e|ar1_nbo_q_a,0.7034592570338568,0.42888231567122637,2.4124759904754964,LOOCV,ln(kobs) = <nonlinear model; no closed-form linear equation>
azoarene_svr_rbf_c10_eps01_g003,ln(kobs),5,ar2_Ar_HOMO|rate kobs (s-1)|ar2_Ar_LUMO|ar1_bond_length_c_e|ar1_Ar_NBO_OH,0.7034592570338568,0.42888231567122637,2.4124759904754964,LOOCV,ln(kobs) = <nonlinear model; no closed-form linear equation>
azoarene_svr_rbf_c10_eps01_g003,ln(kobs),5,ar2_homo_hartree|rate kobs (s-1)|ar2_lumo_hartree|ar1_bond_length_c_e|ar1_nbo_q_a,0.7034592570338568,0.42888231567122637,2.4124759904754964,LOOCV,ln(kobs) = <nonlinear model; no closed-form linear equation>
azoarene_svr_rbf_c10_eps01_g003,ln(kobs),5,ar2_homo_hartree|rate kobs (s-1)|ar2_lumo_hartree|ar1_bond_length_c_e|ar1_Ar_NBO_OH,0.7034592570338568,0.42888231567122637,2.4124759904754964,LOOCV,ln(kobs) = <nonlinear model; no closed-form linear equation>
azoarene_svr_rbf_c10_eps01_g003,ln(kobs),5,ar2_homo_hartree|rate kobs (s-1)|ar2_Ar_LUMO|ar1_bond_length_c_e|ar1_nbo_q_a,0.7034592570338568,0.42888231567122637,2.4124759904754964,LOOCV,ln(kobs) = <nonlinear model; no closed-form linear equation>
azoarene_svr_rbf_c10_eps01_g003,ln(kobs),5,ar2_homo_hartree|rate kobs (s-1)|ar2_Ar_LUMO|ar1_bond_length_c_e|ar1_Ar_NBO_OH,0.7034592570338568,0.42888231567122637,2.4124759904754964,LOOCV,ln(kobs) = <nonlinear model; no closed-form linear equation>
azoarene_svr_rbf_c10_eps01_g003,ln(kobs),3,ar2_Ar_HOMO|ar2_lumo_hartree|ar1_bond_length_c_e,0.5934666149853861,0.4287680935165803,2.824677836208077,LOOCV,ln(kobs) = <nonlinear model; no closed-form linear equation>
azoarene_svr_rbf_c10_eps01_g003,ln(kobs),3,ar2_Ar_HOMO|ar2_Ar_LUMO|ar1_bond_length_c_e,0.5934666149853861,0.4287680935165803,2.824677836208077,LOOCV,ln(kobs) = <nonlinear model; no closed-form linear equation>
azoarene_svr_rbf_c10_eps01_g003,ln(kobs),3,ar2_homo_hartree|ar2_lumo_hartree|ar1_bond_length_c_e,0.5934666149853861,0.4287680935165803,2.824677836208077,LOOCV,ln(kobs) = <nonlinear model; no closed-form linear equation>
azoarene_svr_rbf_c10_eps01_g003,ln(kobs),3,ar2_homo_hartree|ar2_Ar_LUMO|ar1_bond_length_c_e,0.5934666149853861,0.4287680935165803,2.824677836208077,LOOCV,ln(kobs) = <nonlinear model; no closed-form linear equation>
azoarene_svr_rbf_c10_eps01_g003,ln(kobs),5,ar2_Ar_HOMO|ar2_lumo_hartree|ar1_bond_length_c_e|ar2_Ar_Ster_B5|ar1_nbo_q_a,0.6401256127492634,0.428249764208661,2.6576408058502077,LOOCV,ln(kobs) = <nonlinear model; no closed-form linear equation>
azoarene_svr_rbf_c10_eps01_g003,ln(kobs),5,ar2_Ar_HOMO|ar2_lumo_hartree|ar1_bond_length_c_e|ar2_Ar_Ster_B5|ar1_Ar_NBO_OH,0.6401256127492634,0.428249764208661,2.6576408058502077,LOOCV,ln(kobs) = <nonlinear model; no closed-form linear equation>
azoarene_svr_rbf_c10_eps01_g003,ln(kobs),5,ar2_Ar_HOMO|ar2_lumo_hartree|ar1_bond_length_c_e|ar2_sterimol_B5|ar1_nbo_q_a,0.6401256127492634,0.428249764208661,2.6576408058502077,LOOCV,ln(kobs) = <nonlinear model; no closed-form linear equation>
azoarene_svr_rbf_c10_eps01_g003,ln(kobs),5,ar2_Ar_HOMO|ar2_lumo_hartree|ar1_bond_length_c_e|ar2_sterimol_B5|ar1_Ar_NBO_OH,0.6401256127492634,0.428249764208661,2.6576408058502077,LOOCV,ln(kobs) = <nonlinear model; no closed-form linear equation>
azoarene_svr_rbf_c10_eps01_g003,ln(kobs),5,ar2_Ar_HOMO|ar2_Ar_LUMO|ar1_bond_length_c_e|ar2_Ar_Ster_B5|ar1_nbo_q_a,0.6401256127492634,0.428249764208661,2.6576408058502077,LOOCV,ln(kobs) = <nonlinear model; no closed-form linear equation>
azoarene_svr_rbf_c10_eps01_g003,ln(kobs),5,ar2_Ar_HOMO|ar2_Ar_LUMO|ar1_bond_length_c_e|ar2_Ar_Ster_B5|ar1_Ar_NBO_OH,0.6401256127492634,0.428249764208661,2.6576408058502077,LOOCV,ln(kobs) = <nonlinear model; no closed-form linear equation>
azoarene_svr_rbf_c10_eps01_g003,ln(kobs),5,ar2_Ar_HOMO|ar2_Ar_LUMO|ar1_bond_length_c_e|ar2_sterimol_B5|ar1_nbo_q_a,0.6401256127492634,0.428249764208661,2.6576408058502077,LOOCV,ln(kobs) = <nonlinear model; no closed-form linear equation>
azoarene_svr_rbf_c10_eps01_g003,ln(kobs),5,ar2_Ar_HOMO|ar2_Ar_LUMO|ar1_bond_length_c_e|ar2_sterimol_B5|ar1_Ar_NBO_OH,0.6401256127492634,0.428249764208661,2.6576408058502077,LOOCV,ln(kobs) = <nonlinear model; no closed-form linear equation>
azoarene_svr_rbf_c10_eps01_g003,ln(kobs),5,ar2_homo_hartree|ar2_lumo_hartree|ar1_bond_length_c_e|ar2_Ar_Ster_B5|ar1_nbo_q_a,0.6401256127492634,0.428249764208661,2.6576408058502077,LOOCV,ln(kobs) = <nonlinear model; no closed-form linear equation>
azoarene_svr_rbf_c10_eps01_g003,ln(kobs),5,ar2_homo_hartree|ar2_lumo_hartree|ar1_bond_length_c_e|ar2_Ar_Ster_B5|ar1_Ar_NBO_OH,0.6401256127492634,0.428249764208661,2.6576408058502077,LOOCV,ln(kobs) = <nonlinear model; no closed-form linear equation>
azoarene_svr_rbf_c10_eps01_g003,ln(kobs),5,ar2_homo_hartree|ar2_lumo_hartree|ar1_bond_length_c_e|ar2_sterimol_B5|ar1_nbo_q_a,0.6401256127492634,0.428249764208661,2.6576408058502077,LOOCV,ln(kobs) = <nonlinear model; no closed-form linear equation>
azoarene_svr_rbf_c10_eps01_g003,ln(kobs),5,ar2_homo_hartree|ar2_lumo_hartree|ar1_bond_length_c_e|ar2_sterimol_B5|ar1_Ar_NBO_OH,0.6401256127492634,0.428249764208661,2.6576408058502077,LOOCV,ln(kobs) = <nonlinear model; no closed-form linear equation>
azoarene_svr_rbf_c10_eps01_g003,ln(kobs),5,ar2_homo_hartree|ar2_Ar_LUMO|ar1_bond_length_c_e|ar2_Ar_Ster_B5|ar1_nbo_q_a,0.6401256127492634,0.428249764208661,2.6576408058502077,LOOCV,ln(kobs) = <nonlinear model; no closed-form linear equation>
azoarene_svr_rbf_c10_eps01_g003,ln(kobs),5,ar2_homo_hartree|ar2_Ar_LUMO|ar1_bond_length_c_e|ar2_Ar_Ster_B5|ar1_Ar_NBO_OH,0.6401256127492634,0.428249764208661,2.6576408058502077,LOOCV,ln(kobs) = <nonlinear model; no closed-form linear equation>
azoarene_svr_rbf_c10_eps01_g003,ln(kobs),5,ar2_homo_hartree|ar2_Ar_LUMO|ar1_bond_length_c_e|ar2_sterimol_B5|ar1_nbo_q_a,0.6401256127492634,0.428249764208661,2.6576408058502077,LOOCV,ln(kobs) = <nonlinear model; no closed-form linear equation>
azoarene_svr_rbf_c10_eps01_g003,ln(kobs),5,ar2_homo_hartree|ar2_Ar_LUMO|ar1_bond_length_c_e|ar2_sterimol_B5|ar1_Ar_NBO_OH,0.6401256127492634,0.428249764208661,2.6576408058502077,LOOCV,ln(kobs) = <nonlinear model; no closed-form linear equation>
azoarene_svr_rbf_c10_eps01_g003,ln(kobs),4,ar2_Ar_HOMO|ar1_bond_length_c_a|ar2_gap_hartree|ar2_Ar_Ster_B5,0.6147516471435834,0.42805480348732183,2.749737328932889,LOOCV,ln(kobs) = <nonlinear model; no closed-form linear equation>
azoarene_svr_rbf_c10_eps01_g003,ln(kobs),4,ar2_Ar_HOMO|ar1_bond_length_c_a|ar2_gap_hartree|ar2_sterimol_B5,0.6147516471435834,0.42805480348732183,2.749737328932889,LOOCV,ln(kobs) = <nonlinear model; no closed-form linear equation>
azoarene_svr_rbf_c10_eps01_g003,ln(kobs),4,ar2_homo_hartree|ar1_bond_length_c_a|ar2_gap_hartree|ar2_Ar_Ster_B5,0.6147516471435834,0.42805480348732183,2.749737328932889,LOOCV,ln(kobs) = <nonlinear model; no closed-form linear equation>
azoarene_svr_rbf_c10_eps01_g003,ln(kobs),4,ar2_homo_hartree|ar1_bond_length_c_a|ar2_gap_hartree|ar2_sterimol_B5,0.6147516471435834,0.42805480348732183,2.749737328932889,LOOCV,ln(kobs) = <nonlinear model; no closed-form linear equation>
azoarene_svr_rbf_c10_eps01_g003,ln(kobs),4,ar2_Ar_HOMO|ar1_bond_length_c_a|ar2_lumo_hartree|ar2_Ar_Ster_B5,0.6151201116800622,0.42709898690633574,2.7484220435347684,LOOCV,ln(kobs) = <nonlinear model; no closed-form linear equation>
azoarene_svr_rbf_c10_eps01_g003,ln(kobs),4,ar2_Ar_HOMO|ar1_bond_length_c_a|ar2_lumo_hartree|ar2_sterimol_B5,0.6151201116800622,0.42709898690633574,2.7484220435347684,LOOCV,ln(kobs) = <nonlinear model; no closed-form linear equation>
azoarene_svr_rbf_c10_eps01_g003,ln(kobs),4,ar2_Ar_HOMO|ar1_bond_length_c_a|ar2_Ar_LUMO|ar2_Ar_Ster_B5,0.6151201116800622,0.42709898690633574,2.7484220435347684,LOOCV,ln(kobs) = <nonlinear model; no closed-form linear equation>
azoarene_svr_rbf_c10_eps01_g003,ln(kobs),4,ar2_Ar_HOMO|ar1_bond_length_c_a|ar2_Ar_LUMO|ar2_sterimol_B5,0.6151201116800622,0.42709898690633574,2.7484220435347684,LOOCV,ln(kobs) = <nonlinear model; no closed-form linear equation>
azoarene_svr_rbf_c10_eps01_g003,ln(kobs),4,ar2_homo_hartree|ar1_bond_length_c_a|ar2_lumo_hartree|ar2_Ar_Ster_B5,0.6151201116800622,0.42709898690633574,2.7484220435347684,LOOCV,ln(kobs) = <nonlinear model; no closed-form linear equation>
azoarene_svr_rbf_c10_eps01_g003,ln(kobs),4,ar2_homo_hartree|ar1_bond_length_c_a|ar2_lumo_hartree|ar2_sterimol_B5,0.6151201116800622,0.42709898690633574,2.7484220435347684,LOOCV,ln(kobs) = <nonlinear model; no closed-form linear equation>
azoarene_svr_rbf_c10_eps01_g003,ln(kobs),4,ar2_homo_hartree|ar1_bond_length_c_a|ar2_Ar_LUMO|ar2_Ar_Ster_B5,0.6151201116800622,0.42709898690633574,2.7484220435347684,LOOCV,ln(kobs) = <nonlinear model; no closed-form linear equation>
azoarene_svr_rbf_c10_eps01_g003,ln(kobs),4,ar2_homo_hartree|ar1_bond_length_c_a|ar2_Ar_LUMO|ar2_sterimol_B5,0.6151201116800622,0.42709898690633574,2.7484220435347684,LOOCV,ln(kobs) = <nonlinear model; no closed-form linear equation>
azoarene_svr_rbf_c10_eps01_g003,ln(kobs),5,ar2_Ar_HOMO|ar2_Ar_polar|rate kobs (s-1)|ar1_q_a|ar1_nbo_q_a,0.6794168265234211,0.42702780454337463,2.5083675628408284,LOOCV,ln(kobs) = <nonlinear model; no closed-form linear equation>
azoarene_svr_rbf_c10_eps01_g003,ln(kobs),5,ar2_Ar_HOMO|ar2_Ar_polar|rate kobs (s-1)|ar1_q_a|ar1_Ar_NBO_OH,0.6794168265234211,0.42702780454337463,2.5083675628408284,LOOCV,ln(kobs) = <nonlinear model; no closed-form linear equation>
azoarene_svr_rbf_c10_eps01_g003,ln(kobs),5,ar2_Ar_HOMO|ar2_isotropic_polarizability_au|rate kobs (s-1)|ar1_q_a|ar1_nbo_q_a,0.6794168265234211,0.42702780454337463,2.5083675628408284,LOOCV,ln(kobs) = <nonlinear model; no closed-form linear equation>
azoarene_svr_rbf_c10_eps01_g003,ln(kobs),5,ar2_Ar_HOMO|ar2_isotropic_polarizability_au|rate kobs (s-1)|ar1_q_a|ar1_Ar_NBO_OH,0.6794168265234211,0.42702780454337463,2.5083675628408284,LOOCV,ln(kobs) = <nonlinear model; no closed-form linear equation>
azoarene_svr_rbf_c10_eps01_g003,ln(kobs),5,ar2_homo_hartree|ar2_Ar_polar|rate kobs (s-1)|ar1_q_a|ar1_nbo_q_a,0.6794168265234211,0.42702780454337463,2.5083675628408284,LOOCV,ln(kobs) = <nonlinear model; no closed-form linear equation>
azoarene_svr_rbf_c10_eps01_g003,ln(kobs),5,ar2_homo_hartree|ar2_Ar_polar|rate kobs (s-1)|ar1_q_a|ar1_Ar_NBO_OH,0.6794168265234211,0.42702780454337463,2.5083675628408284,LOOCV,ln(kobs) = <nonlinear model; no closed-form linear equation>
azoarene_svr_rbf_c10_eps01_g003,ln(kobs),5,ar2_homo_hartree|ar2_isotropic_polarizability_au|rate kobs (s-1)|ar1_q_a|ar1_nbo_q_a,0.6794168265234211,0.42702780454337463,2.5083675628408284,LOOCV,ln(kobs) = <nonlinear model; no closed-form linear equation>
azoarene_svr_rbf_c10_eps01_g003,ln(kobs),5,ar2_homo_hartree|ar2_isotropic_polarizability_au|rate kobs (s-1)|ar1_q_a|ar1_Ar_NBO_OH,0.6794168265234211,0.42702780454337463,2.5083675628408284,LOOCV,ln(kobs) = <nonlinear model; no closed-form linear equation>
azoarene_svr_rbf_c10_eps01_g003,ln(kobs),5,ar2_Ar_HOMO|rate kobs (s-1)|ar1_q_a|ar2_Ar_Ster_B5|ar2_sterimol_B5,0.6478524768222302,0.4269417023313895,2.6289548845108937,LOOCV,ln(kobs) = <nonlinear model; no closed-form linear equation>
azoarene_svr_rbf_c10_eps01_g003,ln(kobs),5,ar2_homo_hartree|rate kobs (s-1)|ar1_q_a|ar2_Ar_Ster_B5|ar2_sterimol_B5,0.6478524768222302,0.4269417023313895,2.6289548845108937,LOOCV,ln(kobs) = <nonlinear model; no closed-form linear equation>
azoarene_svr_rbf_c10_eps01_g003,ln(kobs),4,rate kobs (s-1)|ar1_bond_length_c_a|ar2_lumo_hartree|ar2_Ar_Ster_B5,0.6325825893179166,0.4261980970913386,2.6853486520217618,LOOCV,ln(kobs) = <nonlinear model; no closed-form linear equation>
azoarene_svr_rbf_c10_eps01_g003,ln(kobs),4,rate kobs (s-1)|ar1_bond_length_c_a|ar2_lumo_hartree|ar2_sterimol_B5,0.6325825893179166,0.4261980970913386,2.6853486520217618,LOOCV,ln(kobs) = <nonlinear model; no closed-form linear equation>
azoarene_svr_rbf_c10_eps01_g003,ln(kobs),4,rate kobs (s-1)|ar1_bond_length_c_a|ar2_Ar_LUMO|ar2_Ar_Ster_B5,0.6325825893179166,0.4261980970913386,2.6853486520217618,LOOCV,ln(kobs) = <nonlinear model; no closed-form linear equation>
azoarene_svr_rbf_c10_eps01_g003,ln(kobs),4,rate kobs (s-1)|ar1_bond_length_c_a|ar2_Ar_LUMO|ar2_sterimol_B5,0.6325825893179166,0.4261980970913386,2.6853486520217618,LOOCV,ln(kobs) = <nonlinear model; no closed-form linear equation>
azoarene_svr_rbf_c10_eps01_g003,ln(kobs),5,ar2_Ar_HOMO|ar2_gap_hartree|ar1_bond_length_c_e|ar2_Ar_Ster_B5|ar1_nbo_q_a,0.6398823278000874,0.4260478190384265,2.658538973091965,LOOCV,ln(kobs) = <nonlinear model; no closed-form linear equation>
azoarene_svr_rbf_c10_eps01_g003,ln(kobs),5,ar2_Ar_HOMO|ar2_gap_hartree|ar1_bond_length_c_e|ar2_Ar_Ster_B5|ar1_Ar_NBO_OH,0.6398823278000874,0.4260478190384265,2.658538973091965,LOOCV,ln(kobs) = <nonlinear model; no closed-form linear equation>
azoarene_svr_rbf_c10_eps01_g003,ln(kobs),5,ar2_Ar_HOMO|ar2_gap_hartree|ar1_bond_length_c_e|ar2_sterimol_B5|ar1_nbo_q_a,0.6398823278000874,0.4260478190384265,2.658538973091965,LOOCV,ln(kobs) = <nonlinear model; no closed-form linear equation>
azoarene_svr_rbf_c10_eps01_g003,ln(kobs),5,ar2_Ar_HOMO|ar2_gap_hartree|ar1_bond_length_c_e|ar2_sterimol_B5|ar1_Ar_NBO_OH,0.6398823278000874,0.4260478190384265,2.658538973091965,LOOCV,ln(kobs) = <nonlinear model; no closed-form linear equation>
azoarene_svr_rbf_c10_eps01_g003,ln(kobs),5,ar2_homo_hartree|ar2_gap_hartree|ar1_bond_length_c_e|ar2_Ar_Ster_B5|ar1_nbo_q_a,0.6398823278000874,0.4260478190384265,2.658538973091965,LOOCV,ln(kobs) = <nonlinear model; no closed-form linear equation>
azoarene_svr_rbf_c10_eps01_g003,ln(kobs),5,ar2_homo_hartree|ar2_gap_hartree|ar1_bond_length_c_e|ar2_Ar_Ster_B5|ar1_Ar_NBO_OH,0.6398823278000874,0.4260478190384265,2.658538973091965,LOOCV,ln(kobs) = <nonlinear model; no closed-form linear equation>
azoarene_svr_rbf_c10_eps01_g003,ln(kobs),5,ar2_homo_hartree|ar2_gap_hartree|ar1_bond_length_c_e|ar2_sterimol_B5|ar1_nbo_q_a,0.6398823278000874,0.4260478190384265,2.658538973091965,LOOCV,ln(kobs) = <nonlinear model; no closed-form linear equation>
azoarene_svr_rbf_c10_eps01_g003,ln(kobs),5,ar2_homo_hartree|ar2_gap_hartree|ar1_bond_length_c_e|ar2_sterimol_B5|ar1_Ar_NBO_OH,0.6398823278000874,0.4260478190384265,2.658538973091965,LOOCV,ln(kobs) = <nonlinear model; no closed-form linear equation>
azoarene_svr_rbf_c10_eps01_g003,ln(kobs),3,ar2_Ar_HOMO|ar2_gibbs_free_energy_hartree|ar2_enthalpy_hartree,0.5223591641269401,0.42596884300531856,3.061762778069966,LOOCV,ln(kobs) = <nonlinear model; no closed-form linear equation>
azoarene_svr_rbf_c10_eps01_g003,ln(kobs),3,ar2_homo_hartree|ar2_gibbs_free_energy_hartree|ar2_enthalpy_hartree,0.5223591641269401,0.42596884300531856,3.061762778069966,LOOCV,ln(kobs) = <nonlinear model; no closed-form linear equation>
azoarene_svr_rbf_c10_eps01_g003,ln(kobs),3,ar2_Ar_HOMO|ar2_scf_energy_hartree|ar2_enthalpy_hartree,0.5223620909520081,0.425955914992892,3.0617533973207642,LOOCV,ln(kobs) = <nonlinear model; no closed-form linear equation>
azoarene_svr_rbf_c10_eps01_g003,ln(kobs),3,ar2_homo_hartree|ar2_scf_energy_hartree|ar2_enthalpy_hartree,0.5223620909520081,0.425955914992892,3.0617533973207642,LOOCV,ln(kobs) = <nonlinear model; no closed-form linear equation>
azoarene_svr_rbf_c10_eps01_g003,ln(kobs),3,ar2_Ar_HOMO|ar2_scf_energy_hartree|ar2_gibbs_free_energy_hartree,0.522361989981748,0.4259448500210339,3.061753720940409,LOOCV,ln(kobs) = <nonlinear model; no closed-form linear equation>
azoarene_svr_rbf_c10_eps01_g003,ln(kobs),3,ar2_homo_hartree|ar2_scf_energy_hartree|ar2_gibbs_free_energy_hartree,0.522361989981748,0.4259448500210339,3.061753720940409,LOOCV,ln(kobs) = <nonlinear model; no closed-form linear equation>
azoarene_svr_rbf_c10_eps01_g003,ln(kobs),3,ar2_Ar_HOMO|ar1_bond_length_c_a|ar2_lumo_hartree,0.5903454590716104,0.42370335893260413,2.8355003211735745,LOOCV,ln(kobs) = <nonlinear model; no closed-form linear equation>
azoarene_svr_rbf_c10_eps01_g003,ln(kobs),3,ar2_Ar_HOMO|ar1_bond_length_c_a|ar2_Ar_LUMO,0.5903454590716104,0.42370335893260413,2.8355003211735745,LOOCV,ln(kobs) = <nonlinear model; no closed-form linear equation>
azoarene_svr_rbf_c10_eps01_g003,ln(kobs),3,ar2_homo_hartree|ar1_bond_length_c_a|ar2_lumo_hartree,0.5903454590716104,0.42370335893260413,2.8355003211735745,LOOCV,ln(kobs) = <nonlinear model; no closed-form linear equation>
azoarene_svr_rbf_c10_eps01_g003,ln(kobs),3,ar2_homo_hartree|ar1_bond_length_c_a|ar2_Ar_LUMO,0.5903454590716104,0.42370335893260413,2.8355003211735745,LOOCV,ln(kobs) = <nonlinear model; no closed-form linear equation>
azoarene_svr_rbf_c10_eps01_g003,ln(kobs),4,ar2_Ar_HOMO|ar2_lumo_hartree|ar1_bond_length_c_e|ar2_Ar_Ster_B5,0.6203304342629675,0.42327668048702816,2.7297552313165876,LOOCV,ln(kobs) = <nonlinear model; no closed-form linear equation>
azoarene_svr_rbf_c10_eps01_g003,ln(kobs),4,ar2_Ar_HOMO|ar2_lumo_hartree|ar1_bond_length_c_e|ar2_sterimol_B5,0.6203304342629675,0.42327668048702816,2.7297552313165876,LOOCV,ln(kobs) = <nonlinear model; no closed-form linear equation>
azoarene_svr_rbf_c10_eps01_g003,ln(kobs),4,ar2_Ar_HOMO|ar2_Ar_LUMO|ar1_bond_length_c_e|ar2_Ar_Ster_B5,0.6203304342629675,0.42327668048702816,2.7297552313165876,LOOCV,ln(kobs) = <nonlinear model; no closed-form linear equation>
azoarene_svr_rbf_c10_eps01_g003,ln(kobs),4,ar2_Ar_HOMO|ar2_Ar_LUMO|ar1_bond_length_c_e|ar2_sterimol_B5,0.6203304342629675,0.42327668048702816,2.7297552313165876,LOOCV,ln(kobs) = <nonlinear model; no closed-form linear equation>
azoarene_svr_rbf_c10_eps01_g003,ln(kobs),4,ar2_homo_hartree|ar2_lumo_hartree|ar1_bond_length_c_e|ar2_Ar_Ster_B5,0.6203304342629675,0.42327668048702816,2.7297552313165876,LOOCV,ln(kobs) = <nonlinear model; no closed-form linear equation>
azoarene_svr_rbf_c10_eps01_g003,ln(kobs),4,ar2_homo_hartree|ar2_lumo_hartree|ar1_bond_length_c_e|ar2_sterimol_B5,0.6203304342629675,0.42327668048702816,2.7297552313165876,LOOCV,ln(kobs) = <nonlinear model; no closed-form linear equation>
azoarene_svr_rbf_c10_eps01_g003,ln(kobs),4,ar2_homo_hartree|ar2_Ar_LUMO|ar1_bond_length_c_e|ar2_Ar_Ster_B5,0.6203304342629675,0.42327668048702816,2.7297552313165876,LOOCV,ln(kobs) = <nonlinear model; no closed-form linear equation>
azoarene_svr_rbf_c10_eps01_g003,ln(kobs),4,ar2_homo_hartree|ar2_Ar_LUMO|ar1_bond_length_c_e|ar2_sterimol_B5,0.6203304342629675,0.42327668048702816,2.7297552313165876,LOOCV,ln(kobs) = <nonlinear model; no closed-form linear equation>
azoarene_svr_rbf_c10_eps01_g003,ln(kobs),5,ar2_Ar_HOMO|ar2_gibbs_free_energy_hartree|rate kobs (s-1)|ar1_q_a|ar1_bond_length_c_e,0.6497769754971039,0.4229843286289321,2.621761377118523,LOOCV,ln(kobs) = <nonlinear model; no closed-form linear equation>
azoarene_svr_rbf_c10_eps01_g003,ln(kobs),5,ar2_homo_hartree|ar2_gibbs_free_energy_hartree|rate kobs (s-1)|ar1_q_a|ar1_bond_length_c_e,0.6497769754971039,0.4229843286289321,2.621761377118523,LOOCV,ln(kobs) = <nonlinear model; no closed-form linear equation>
azoarene_svr_rbf_c10_eps01_g003,ln(kobs),5,ar2_Ar_HOMO|ar2_scf_energy_hartree|rate kobs (s-1)|ar1_q_a|ar1_bond_length_c_e,0.6497627653637141,0.42298032058878,2.6218145649422513,LOOCV,ln(kobs) = <nonlinear model; no closed-form linear equation>
azoarene_svr_rbf_c10_eps01_g003,ln(kobs),5,ar2_homo_hartree|ar2_scf_energy_hartree|rate kobs (s-1)|ar1_q_a|ar1_bond_length_c_e,0.6497627653637141,0.42298032058878,2.6218145649422513,LOOCV,ln(kobs) = <nonlinear model; no closed-form linear equation>
azoarene_svr_rbf_c10_eps01_g003,ln(kobs),5,ar2_Ar_HOMO|ar2_enthalpy_hartree|rate kobs (s-1)|ar1_q_a|ar1_bond_length_c_e,0.6497765904514181,0.42297481457171193,2.6217628183396293,LOOCV,ln(kobs) = <nonlinear model; no closed-form linear equation>
azoarene_svr_rbf_c10_eps01_g003,ln(kobs),5,ar2_homo_hartree|ar2_enthalpy_hartree|rate kobs (s-1)|ar1_q_a|ar1_bond_length_c_e,0.6497765904514181,0.42297481457171193,2.6217628183396293,LOOCV,ln(kobs) = <nonlinear model; no closed-form linear equation>
azoarene_svr_rbf_c10_eps01_g003,ln(kobs),3,ar2_Ar_HOMO|ar1_bond_length_c_a|ar2_gap_hartree,0.591088501568596,0.4227865060767131,2.832927600402164,LOOCV,ln(kobs) = <nonlinear model; no closed-form linear equation>
azoarene_svr_rbf_c10_eps01_g003,ln(kobs),3,ar2_homo_hartree|ar1_bond_length_c_a|ar2_gap_hartree,0.591088501568596,0.4227865060767131,2.832927600402164,LOOCV,ln(kobs) = <nonlinear model; no closed-form linear equation>
azoarene_svr_rbf_c10_eps01_g003,ln(kobs),4,ar2_Ar_HOMO|ar2_scf_energy_hartree|ar1_q_a|ar2_Ar_Ster_B5,0.6045395547821621,0.42176848610131956,2.785943725397545,LOOCV,ln(kobs) = <nonlinear model; no closed-form linear equation>
azoarene_svr_rbf_c10_eps01_g003,ln(kobs),4,ar2_Ar_HOMO|ar2_scf_energy_hartree|ar1_q_a|ar2_sterimol_B5,0.6045395547821621,0.42176848610131956,2.785943725397545,LOOCV,ln(kobs) = <nonlinear model; no closed-form linear equation>
azoarene_svr_rbf_c10_eps01_g003,ln(kobs),4,ar2_homo_hartree|ar2_scf_energy_hartree|ar1_q_a|ar2_Ar_Ster_B5,0.6045395547821621,0.42176848610131956,2.785943725397545,LOOCV,ln(kobs) = <nonlinear model; no closed-form linear equation>
azoarene_svr_rbf_c10_eps01_g003,ln(kobs),4,ar2_homo_hartree|ar2_scf_energy_hartree|ar1_q_a|ar2_sterimol_B5,0.6045395547821621,0.42176848610131956,2.785943725397545,LOOCV,ln(kobs) = <nonlinear model; no closed-form linear equation>
azoarene_svr_rbf_c10_eps01_g003,ln(kobs),4,ar2_Ar_HOMO|ar2_enthalpy_hartree|ar1_q_a|ar2_Ar_Ster_B5,0.604538701024876,0.4217406425923058,2.7859467326748844,LOOCV,ln(kobs) = <nonlinear model; no closed-form linear equation>
azoarene_svr_rbf_c10_eps01_g003,ln(kobs),4,ar2_Ar_HOMO|ar2_enthalpy_hartree|ar1_q_a|ar2_sterimol_B5,0.604538701024876,0.4217406425923058,2.7859467326748844,LOOCV,ln(kobs) = <nonlinear model; no closed-form linear equation>
azoarene_svr_rbf_c10_eps01_g003,ln(kobs),4,ar2_homo_hartree|ar2_enthalpy_hartree|ar1_q_a|ar2_Ar_Ster_B5,0.604538701024876,0.4217406425923058,2.7859467326748844,LOOCV,ln(kobs) = <nonlinear model; no closed-form linear equation>
azoarene_svr_rbf_c10_eps01_g003,ln(kobs),4,ar2_homo_hartree|ar2_enthalpy_hartree|ar1_q_a|ar2_sterimol_B5,0.604538701024876,0.4217406425923058,2.7859467326748844,LOOCV,ln(kobs) = <nonlinear model; no closed-form linear equation>
azoarene_svr_rbf_c10_eps01_g003,ln(kobs),4,ar2_Ar_HOMO|ar2_gibbs_free_energy_hartree|ar1_q_a|ar2_Ar_Ster_B5,0.6045502692357327,0.4217396987193405,2.7859059844967233,LOOCV,ln(kobs) = <nonlinear model; no closed-form linear equation>
azoarene_svr_rbf_c10_eps01_g003,ln(kobs),4,ar2_Ar_HOMO|ar2_gibbs_free_energy_hartree|ar1_q_a|ar2_sterimol_B5,0.6045502692357327,0.4217396987193405,2.7859059844967233,LOOCV,ln(kobs) = <nonlinear model; no closed-form linear equation>
azoarene_svr_rbf_c10_eps01_g003,ln(kobs),4,ar2_homo_hartree|ar2_gibbs_free_energy_hartree|ar1_q_a|ar2_Ar_Ster_B5,0.6045502692357327,0.4217396987193405,2.7859059844967233,LOOCV,ln(kobs) = <nonlinear model; no closed-form linear equation>
azoarene_svr_rbf_c10_eps01_g003,ln(kobs),4,ar2_homo_hartree|ar2_gibbs_free_energy_hartree|ar1_q_a|ar2_sterimol_B5,0.6045502692357327,0.4217396987193405,2.7859059844967233,LOOCV,ln(kobs) = <nonlinear model; no closed-form linear equation>
azoarene_svr_rbf_c10_eps01_g003,ln(kobs),4,ar2_Ar_HOMO|ar2_gap_hartree|ar1_bond_length_c_e|ar2_Ar_Ster_B5,0.6207360215282806,0.4211966983384642,2.7282967923207386,LOOCV,ln(kobs) = <nonlinear model; no closed-form linear equation>
azoarene_svr_rbf_c10_eps01_g003,ln(kobs),4,ar2_Ar_HOMO|ar2_gap_hartree|ar1_bond_length_c_e|ar2_sterimol_B5,0.6207360215282806,0.4211966983384642,2.7282967923207386,LOOCV,ln(kobs) = <nonlinear model; no closed-form linear equation>
azoarene_svr_rbf_c10_eps01_g003,ln(kobs),4,ar2_homo_hartree|ar2_gap_hartree|ar1_bond_length_c_e|ar2_Ar_Ster_B5,0.6207360215282806,0.4211966983384642,2.7282967923207386,LOOCV,ln(kobs) = <nonlinear model; no closed-form linear equation>
azoarene_svr_rbf_c10_eps01_g003,ln(kobs),4,ar2_homo_hartree|ar2_gap_hartree|ar1_bond_length_c_e|ar2_sterimol_B5,0.6207360215282806,0.4211966983384642,2.7282967923207386,LOOCV,ln(kobs) = <nonlinear model; no closed-form linear equation>
azoarene_svr_rbf_c10_eps01_g003,ln(kobs),3,ar2_Ar_HOMO|ar2_Ar_polar|ar1_q_a,0.5942641107958759,0.4210765575509875,2.821905893395471,LOOCV,ln(kobs) = <nonlinear model; no closed-form linear equation>
azoarene_svr_rbf_c10_eps01_g003,ln(kobs),3,ar2_Ar_HOMO|ar2_isotropic_polarizability_au|ar1_q_a,0.5942641107958759,0.4210765575509875,2.821905893395471,LOOCV,ln(kobs) = <nonlinear model; no closed-form linear equation>
azoarene_svr_rbf_c10_eps01_g003,ln(kobs),3,ar2_homo_hartree|ar2_Ar_polar|ar1_q_a,0.5942641107958759,0.4210765575509875,2.821905893395471,LOOCV,ln(kobs) = <nonlinear model; no closed-form linear equation>
azoarene_svr_rbf_c10_eps01_g003,ln(kobs),3,ar2_homo_hartree|ar2_isotropic_polarizability_au|ar1_q_a,0.5942641107958759,0.4210765575509875,2.821905893395471,LOOCV,ln(kobs) = <nonlinear model; no closed-form linear equation>
azoarene_svr_rbf_c10_eps01_g003,ln(kobs),4,rate kobs (s-1)|ar1_bond_length_c_a|ar2_gap_hartree|ar2_Ar_Ster_B5,0.6307099490195464,0.42087714839523627,2.692183250377872,LOOCV,ln(kobs) = <nonlinear model; no closed-form linear equation>
azoarene_svr_rbf_c10_eps01_g003,ln(kobs),4,rate kobs (s-1)|ar1_bond_length_c_a|ar2_gap_hartree|ar2_sterimol_B5,0.6307099490195464,0.42087714839523627,2.692183250377872,LOOCV,ln(kobs) = <nonlinear model; no closed-form linear equation>
azoarene_svr_rbf_c10_eps01_g003,ln(kobs),5,ar2_Ar_HOMO|rate kobs (s-1)|ar1_bond_length_c_a|ar1_nbo_q_a|ar1_Ar_NBO_OH,0.6923876379143976,0.4208143351381458,2.4570992901598387,LOOCV,ln(kobs) = <nonlinear model; no closed-form linear equation>
azoarene_svr_rbf_c10_eps01_g003,ln(kobs),5,ar2_homo_hartree|rate kobs (s-1)|ar1_bond_length_c_a|ar1_nbo_q_a|ar1_Ar_NBO_OH,0.6923876379143976,0.4208143351381458,2.4570992901598387,LOOCV,ln(kobs) = <nonlinear model; no closed-form linear equation>
azoarene_svr_rbf_c10_eps01_g003,ln(kobs),5,ar2_Ar_HOMO|ar2_scf_energy_hartree|rate kobs (s-1)|ar1_bond_length_c_a|ar1_q_a,0.6507189886803368,0.42018043670421257,2.6182330586073044,LOOCV,ln(kobs) = <nonlinear model; no closed-form linear equation>
azoarene_svr_rbf_c10_eps01_g003,ln(kobs),5,ar2_homo_hartree|ar2_scf_energy_hartree|rate kobs (s-1)|ar1_bond_length_c_a|ar1_q_a,0.6507189886803368,0.42018043670421257,2.6182330586073044,LOOCV,ln(kobs) = <nonlinear model; no closed-form linear equation>
azoarene_svr_rbf_c10_eps01_g003,ln(kobs),5,ar2_Ar_HOMO|ar2_gibbs_free_energy_hartree|rate kobs (s-1)|ar1_bond_length_c_a|ar1_q_a,0.6507176843560891,0.42016914612754785,2.618237947252214,LOOCV,ln(kobs) = <nonlinear model; no closed-form linear equation>
azoarene_svr_rbf_c10_eps01_g003,ln(kobs),5,ar2_homo_hartree|ar2_gibbs_free_energy_hartree|rate kobs (s-1)|ar1_bond_length_c_a|ar1_q_a,0.6507176843560891,0.42016914612754785,2.618237947252214,LOOCV,ln(kobs) = <nonlinear model; no closed-form linear equation>
azoarene_svr_rbf_c10_eps01_g003,ln(kobs),5,ar2_Ar_HOMO|ar2_enthalpy_hartree|rate kobs (s-1)|ar1_bond_length_c_a|ar1_q_a,0.6507178478721782,0.4201688377880347,2.618237334389695,LOOCV,ln(kobs) = <nonlinear model; no closed-form linear equation>
azoarene_svr_rbf_c10_eps01_g003,ln(kobs),5,ar2_homo_hartree|ar2_enthalpy_hartree|rate kobs (s-1)|ar1_bond_length_c_a|ar1_q_a,0.6507178478721782,0.4201688377880347,2.618237334389695,LOOCV,ln(kobs) = <nonlinear model; no closed-form linear equation>
azoarene_svr_rbf_c10_eps01_g003,ln(kobs),5,ar2_Ar_HOMO|ar2_gibbs_free_energy_hartree|rate kobs (s-1)|ar1_q_a|ar1_nbo_q_a,0.6615740900676075,0.4200864336212541,2.577226669374204,LOOCV,ln(kobs) = <nonlinear model; no closed-form linear equation>
azoarene_svr_rbf_c10_eps01_g003,ln(kobs),5,ar2_Ar_HOMO|ar2_gibbs_free_energy_hartree|rate kobs (s-1)|ar1_q_a|ar1_Ar_NBO_OH,0.6615740900676075,0.4200864336212541,2.577226669374204,LOOCV,ln(kobs) = <nonlinear model; no closed-form linear equation>
azoarene_svr_rbf_c10_eps01_g003,ln(kobs),5,ar2_homo_hartree|ar2_gibbs_free_energy_hartree|rate kobs (s-1)|ar1_q_a|ar1_nbo_q_a,0.6615740900676075,0.4200864336212541,2.577226669374204,LOOCV,ln(kobs) = <nonlinear model; no closed-form linear equation>
azoarene_svr_rbf_c10_eps01_g003,ln(kobs),5,ar2_homo_hartree|ar2_gibbs_free_energy_hartree|rate kobs (s-1)|ar1_q_a|ar1_Ar_NBO_OH,0.6615740900676075,0.4200864336212541,2.577226669374204,LOOCV,ln(kobs) = <nonlinear model; no closed-form linear equation>
azoarene_svr_rbf_c10_eps01_g003,ln(kobs),5,ar2_Ar_HOMO|ar2_scf_energy_hartree|rate kobs (s-1)|ar1_q_a|ar1_nbo_q_a,0.6615862066357397,0.4200846739040526,2.577180533098694,LOOCV,ln(kobs) = <nonlinear model; no closed-form linear equation>
azoarene_svr_rbf_c10_eps01_g003,ln(kobs),5,ar2_Ar_HOMO|ar2_scf_energy_hartree|rate kobs (s-1)|ar1_q_a|ar1_Ar_NBO_OH,0.6615862066357397,0.4200846739040526,2.577180533098694,LOOCV,ln(kobs) = <nonlinear model; no closed-form linear equation>
azoarene_svr_rbf_c10_eps01_g003,ln(kobs),5,ar2_homo_hartree|ar2_scf_energy_hartree|rate kobs (s-1)|ar1_q_a|ar1_nbo_q_a,0.6615862066357397,0.4200846739040526,2.577180533098694,LOOCV,ln(kobs) = <nonlinear model; no closed-form linear equation>
azoarene_svr_rbf_c10_eps01_g003,ln(kobs),5,ar2_homo_hartree|ar2_scf_energy_hartree|rate kobs (s-1)|ar1_q_a|ar1_Ar_NBO_OH,0.6615862066357397,0.4200846739040526,2.577180533098694,LOOCV,ln(kobs) = <nonlinear model; no closed-form linear equation>
azoarene_svr_rbf_c10_eps01_g003,ln(kobs),5,ar2_Ar_HOMO|ar2_enthalpy_hartree|rate kobs (s-1)|ar1_q_a|ar1_nbo_q_a,0.6615734467861949,0.4200514207403925,2.5772291187747616,LOOCV,ln(kobs) = <nonlinear model; no closed-form linear equation>
azoarene_svr_rbf_c10_eps01_g003,ln(kobs),5,ar2_Ar_HOMO|ar2_enthalpy_hartree|rate kobs (s-1)|ar1_q_a|ar1_Ar_NBO_OH,0.6615734467861949,0.4200514207403925,2.5772291187747616,LOOCV,ln(kobs) = <nonlinear model; no closed-form linear equation>
azoarene_svr_rbf_c10_eps01_g003,ln(kobs),5,ar2_homo_hartree|ar2_enthalpy_hartree|rate kobs (s-1)|ar1_q_a|ar1_nbo_q_a,0.6615734467861949,0.4200514207403925,2.5772291187747616,LOOCV,ln(kobs) = <nonlinear model; no closed-form linear equation>
azoarene_svr_rbf_c10_eps01_g003,ln(kobs),5,ar2_homo_hartree|ar2_enthalpy_hartree|rate kobs (s-1)|ar1_q_a|ar1_Ar_NBO_OH,0.6615734467861949,0.4200514207403925,2.5772291187747616,LOOCV,ln(kobs) = <nonlinear model; no closed-form linear equation>
azoarene_svr_rbf_c10_eps01_g003,ln(kobs),5,ar2_Ar_HOMO|rate kobs (s-1)|ar1_q_a|ar1_bond_length_c_e|ar2_Ar_Ster_B5,0.6591354406685088,0.4198324891202292,2.5864955677866432,LOOCV,ln(kobs) = <nonlinear model; no closed-form linear equation>
azoarene_svr_rbf_c10_eps01_g003,ln(kobs),5,ar2_Ar_HOMO|rate kobs (s-1)|ar1_q_a|ar1_bond_length_c_e|ar2_sterimol_B5,0.6591354406685088,0.4198324891202292,2.5864955677866432,LOOCV,ln(kobs) = <nonlinear model; no closed-form linear equation>
azoarene_svr_rbf_c10_eps01_g003,ln(kobs),5,ar2_homo_hartree|rate kobs (s-1)|ar1_q_a|ar1_bond_length_c_e|ar2_Ar_Ster_B5,0.6591354406685088,0.4198324891202292,2.5864955677866432,LOOCV,ln(kobs) = <nonlinear model; no closed-form linear equation>
azoarene_svr_rbf_c10_eps01_g003,ln(kobs),5,ar2_homo_hartree|rate kobs (s-1)|ar1_q_a|ar1_bond_length_c_e|ar2_sterimol_B5,0.6591354406685088,0.4198324891202292,2.5864955677866432,LOOCV,ln(kobs) = <nonlinear model; no closed-form linear equation>
azoarene_svr_rbf_c10_eps01_g003,ln(kobs),3,ar2_Ar_HOMO|ar1_bond_length_c_a|ar1_nbo_q_a,0.5693207917789136,0.41911471406411005,2.9073530117714883,LOOCV,ln(kobs) = <nonlinear model; no closed-form linear equation>
azoarene_svr_rbf_c10_eps01_g003,ln(kobs),3,ar2_Ar_HOMO|ar1_bond_length_c_a|ar1_Ar_NBO_OH,0.5693207917789136,0.41911471406411005,2.9073530117714883,LOOCV,ln(kobs) = <nonlinear model; no closed-form linear equation>
azoarene_svr_rbf_c10_eps01_g003,ln(kobs),3,ar2_homo_hartree|ar1_bond_length_c_a|ar1_nbo_q_a,0.5693207917789136,0.41911471406411005,2.9073530117714883,LOOCV,ln(kobs) = <nonlinear model; no closed-form linear equation>
azoarene_svr_rbf_c10_eps01_g003,ln(kobs),3,ar2_homo_hartree|ar1_bond_length_c_a|ar1_Ar_NBO_OH,0.5693207917789136,0.41911471406411005,2.9073530117714883,LOOCV,ln(kobs) = <nonlinear model; no closed-form linear equation>
azoarene_svr_rbf_c10_eps01_g003,ln(kobs),5,ar2_Ar_HOMO|ar2_Ar_polar|ar1_bond_length_c_a|ar2_lumo_hartree|ar1_q_a,0.6455296698266243,0.41836706516208244,2.6376110833761084,LOOCV,ln(kobs) = <nonlinear model; no closed-form linear equation>
azoarene_svr_rbf_c10_eps01_g003,ln(kobs),5,ar2_Ar_HOMO|ar2_Ar_polar|ar1_bond_length_c_a|ar2_Ar_LUMO|ar1_q_a,0.6455296698266243,0.41836706516208244,2.6376110833761084,LOOCV,ln(kobs) = <nonlinear model; no closed-form linear equation>
azoarene_svr_rbf_c10_eps01_g003,ln(kobs),5,ar2_Ar_HOMO|ar2_isotropic_polarizability_au|ar1_bond_length_c_a|ar2_lumo_hartree|ar1_q_a,0.6455296698266243,0.41836706516208244,2.6376110833761084,LOOCV,ln(kobs) = <nonlinear model; no closed-form linear equation>
azoarene_svr_rbf_c10_eps01_g003,ln(kobs),5,ar2_Ar_HOMO|ar2_isotropic_polarizability_au|ar1_bond_length_c_a|ar2_Ar_LUMO|ar1_q_a,0.6455296698266243,0.41836706516208244,2.6376110833761084,LOOCV,ln(kobs) = <nonlinear model; no closed-form linear equation>
azoarene_svr_rbf_c10_eps01_g003,ln(kobs),5,ar2_homo_hartree|ar2_Ar_polar|ar1_bond_length_c_a|ar2_lumo_hartree|ar1_q_a,0.6455296698266243,0.41836706516208244,2.6376110833761084,LOOCV,ln(kobs) = <nonlinear model; no closed-form linear equation>
azoarene_svr_rbf_c10_eps01_g003,ln(kobs),5,ar2_homo_hartree|ar2_Ar_polar|ar1_bond_length_c_a|ar2_Ar_LUMO|ar1_q_a,0.6455296698266243,0.41836706516208244,2.6376110833761084,LOOCV,ln(kobs) = <nonlinear model; no closed-form linear equation>
azoarene_svr_rbf_c10_eps01_g003,ln(kobs),5,ar2_homo_hartree|ar2_isotropic_polarizability_au|ar1_bond_length_c_a|ar2_lumo_hartree|ar1_q_a,0.6455296698266243,0.41836706516208244,2.6376110833761084,LOOCV,ln(kobs) = <nonlinear model; no closed-form linear equation>
azoarene_svr_rbf_c10_eps01_g003,ln(kobs),5,ar2_homo_hartree|ar2_isotropic_polarizability_au|ar1_bond_length_c_a|ar2_Ar_LUMO|ar1_q_a,0.6455296698266243,0.41836706516208244,2.6376110833761084,LOOCV,ln(kobs) = <nonlinear model; no closed-form linear equation>
azoarene_svr_rbf_c10_eps01_g003,ln(kobs),5,ar2_Ar_HOMO|rate kobs (s-1)|ar1_bond_length_c_a|ar2_gap_hartree|ar1_bond_length_c_e,0.673030450140679,0.41812727287575335,2.533229103597881,LOOCV,ln(kobs) = <nonlinear model; no closed-form linear equation>
azoarene_svr_rbf_c10_eps01_g003,ln(kobs),5,ar2_homo_hartree|rate kobs (s-1)|ar1_bond_length_c_a|ar2_gap_hartree|ar1_bond_length_c_e,0.673030450140679,0.41812727287575335,2.533229103597881,LOOCV,ln(kobs) = <nonlinear model; no closed-form linear equation>
azoarene_svr_rbf_c10_eps01_g003,ln(kobs),4,ar2_Ar_HOMO|ar1_bond_length_c_a|ar1_q_a|ar2_Ar_Ster_B5,0.6114954617607744,0.4175388186743617,2.7613335038534976,LOOCV,ln(kobs) = <nonlinear model; no closed-form linear equation>
azoarene_svr_rbf_c10_eps01_g003,ln(kobs),4,ar2_Ar_HOMO|ar1_bond_length_c_a|ar1_q_a|ar2_sterimol_B5,0.6114954617607744,0.4175388186743617,2.7613335038534976,LOOCV,ln(kobs) = <nonlinear model; no closed-form linear equation>
azoarene_svr_rbf_c10_eps01_g003,ln(kobs),4,ar2_homo_hartree|ar1_bond_length_c_a|ar1_q_a|ar2_Ar_Ster_B5,0.6114954617607744,0.4175388186743617,2.7613335038534976,LOOCV,ln(kobs) = <nonlinear model; no closed-form linear equation>
azoarene_svr_rbf_c10_eps01_g003,ln(kobs),4,ar2_homo_hartree|ar1_bond_length_c_a|ar1_q_a|ar2_sterimol_B5,0.6114954617607744,0.4175388186743617,2.7613335038534976,LOOCV,ln(kobs) = <nonlinear model; no closed-form linear equation>
azoarene_svr_rbf_c10_eps01_g003,ln(kobs),5,ar2_Ar_HOMO|rate kobs (s-1)|ar1_bond_length_c_a|ar2_gap_hartree|ar1_q_a,0.6590088472565752,0.4163128298481805,2.586975821444968,LOOCV,ln(kobs) = <nonlinear model; no closed-form linear equation>
azoarene_svr_rbf_c10_eps01_g003,ln(kobs),5,ar2_homo_hartree|rate kobs (s-1)|ar1_bond_length_c_a|ar2_gap_hartree|ar1_q_a,0.6590088472565752,0.4163128298481805,2.586975821444968,LOOCV,ln(kobs) = <nonlinear model; no closed-form linear equation>
azoarene_svr_rbf_c10_eps01_g003,ln(kobs),4,ar2_Ar_HOMO|ar1_bond_length_c_a|ar1_nbo_q_a|ar1_Ar_NBO_OH,0.5996388315327716,0.4159013826357849,2.803152905830063,LOOCV,ln(kobs) = <nonlinear model; no closed-form linear equation>
azoarene_svr_rbf_c10_eps01_g003,ln(kobs),4,ar2_homo_hartree|ar1_bond_length_c_a|ar1_nbo_q_a|ar1_Ar_NBO_OH,0.5996388315327716,0.4159013826357849,2.803152905830063,LOOCV,ln(kobs) = <nonlinear model; no closed-form linear equation>
azoarene_svr_rbf_c10_eps01_g003,ln(kobs),5,ar2_Ar_HOMO|rate kobs (s-1)|ar1_bond_length_c_a|ar2_lumo_hartree|ar1_bond_length_c_e,0.6729763820531474,0.4152460052665976,2.5334385438824367,LOOCV,ln(kobs) = <nonlinear model; no closed-form linear equation>
azoarene_svr_rbf_c10_eps01_g003,ln(kobs),5,ar2_Ar_HOMO|rate kobs (s-1)|ar1_bond_length_c_a|ar2_Ar_LUMO|ar1_bond_length_c_e,0.6729763820531474,0.4152460052665976,2.5334385438824367,LOOCV,ln(kobs) = <nonlinear model; no closed-form linear equation>
azoarene_svr_rbf_c10_eps01_g003,ln(kobs),5,ar2_homo_hartree|rate kobs (s-1)|ar1_bond_length_c_a|ar2_lumo_hartree|ar1_bond_length_c_e,0.6729763820531474,0.4152460052665976,2.5334385438824367,LOOCV,ln(kobs) = <nonlinear model; no closed-form linear equation>
azoarene_svr_rbf_c10_eps01_g003,ln(kobs),5,ar2_homo_hartree|rate kobs (s-1)|ar1_bond_length_c_a|ar2_Ar_LUMO|ar1_bond_length_c_e,0.6729763820531474,0.4152460052665976,2.5334385438824367,LOOCV,ln(kobs) = <nonlinear model; no closed-form linear equation>
azoarene_svr_rbf_c10_eps01_g003,ln(kobs),3,ar2_Ar_HOMO|ar2_Ar_polar|ar2_Ar_Ster_B5,0.5315098404312246,0.41522787077639667,3.032292213730736,LOOCV,ln(kobs) = <nonlinear model; no closed-form linear equation>
azoarene_svr_rbf_c10_eps01_g003,ln(kobs),3,ar2_Ar_HOMO|ar2_Ar_polar|ar2_sterimol_B5,0.5315098404312246,0.41522787077639667,3.032292213730736,LOOCV,ln(kobs) = <nonlinear model; no closed-form linear equation>
azoarene_svr_rbf_c10_eps01_g003,ln(kobs),3,ar2_Ar_HOMO|ar2_isotropic_polarizability_au|ar2_Ar_Ster_B5,0.5315098404312246,0.41522787077639667,3.032292213730736,LOOCV,ln(kobs) = <nonlinear model; no closed-form linear equation>
azoarene_svr_rbf_c10_eps01_g003,ln(kobs),3,ar2_Ar_HOMO|ar2_isotropic_polarizability_au|ar2_sterimol_B5,0.5315098404312246,0.41522787077639667,3.032292213730736,LOOCV,ln(kobs) = <nonlinear model; no closed-form linear equation>
azoarene_svr_rbf_c10_eps01_g003,ln(kobs),3,ar2_homo_hartree|ar2_Ar_polar|ar2_Ar_Ster_B5,0.5315098404312246,0.41522787077639667,3.032292213730736,LOOCV,ln(kobs) = <nonlinear model; no closed-form linear equation>
azoarene_svr_rbf_c10_eps01_g003,ln(kobs),3,ar2_homo_hartree|ar2_Ar_polar|ar2_sterimol_B5,0.5315098404312246,0.41522787077639667,3.032292213730736,LOOCV,ln(kobs) = <nonlinear model; no closed-form linear equation>
azoarene_svr_rbf_c10_eps01_g003,ln(kobs),3,ar2_homo_hartree|ar2_isotropic_polarizability_au|ar2_Ar_Ster_B5,0.5315098404312246,0.41522787077639667,3.032292213730736,LOOCV,ln(kobs) = <nonlinear model; no closed-form linear equation>
azoarene_svr_rbf_c10_eps01_g003,ln(kobs),3,ar2_homo_hartree|ar2_isotropic_polarizability_au|ar2_sterimol_B5,0.5315098404312246,0.41522787077639667,3.032292213730736,LOOCV,ln(kobs) = <nonlinear model; no closed-form linear equation>
azoarene_svr_rbf_c10_eps01_g003,ln(kobs),5,ar2_Ar_HOMO|ar2_Ar_polar|ar1_bond_length_c_a|ar2_gap_hartree|ar1_q_a,0.6456974160713509,0.4149204708241029,2.6369869102448713,LOOCV,ln(kobs) = <nonlinear model; no closed-form linear equation>
azoarene_svr_rbf_c10_eps01_g003,ln(kobs),5,ar2_Ar_HOMO|ar2_isotropic_polarizability_au|ar1_bond_length_c_a|ar2_gap_hartree|ar1_q_a,0.6456974160713509,0.4149204708241029,2.6369869102448713,LOOCV,ln(kobs) = <nonlinear model; no closed-form linear equation>
azoarene_svr_rbf_c10_eps01_g003,ln(kobs),5,ar2_homo_hartree|ar2_Ar_polar|ar1_bond_length_c_a|ar2_gap_hartree|ar1_q_a,0.6456974160713509,0.4149204708241029,2.6369869102448713,LOOCV,ln(kobs) = <nonlinear model; no closed-form linear equation>
azoarene_svr_rbf_c10_eps01_g003,ln(kobs),5,ar2_homo_hartree|ar2_isotropic_polarizability_au|ar1_bond_length_c_a|ar2_gap_hartree|ar1_q_a,0.6456974160713509,0.4149204708241029,2.6369869102448713,LOOCV,ln(kobs) = <nonlinear model; no closed-form linear equation>
azoarene_svr_rbf_c10_eps01_g003,ln(kobs),5,ar2_Ar_HOMO|rate kobs (s-1)|ar1_bond_length_c_a|ar2_lumo_hartree|ar1_q_a,0.6573738637065392,0.4149119192749756,2.5931704175551413,LOOCV,ln(kobs) = <nonlinear model; no closed-form linear equation>
azoarene_svr_rbf_c10_eps01_g003,ln(kobs),5,ar2_Ar_HOMO|rate kobs (s-1)|ar1_bond_length_c_a|ar2_Ar_LUMO|ar1_q_a,0.6573738637065392,0.4149119192749756,2.5931704175551413,LOOCV,ln(kobs) = <nonlinear model; no closed-form linear equation>
azoarene_svr_rbf_c10_eps01_g003,ln(kobs),5,ar2_homo_hartree|rate kobs (s-1)|ar1_bond_length_c_a|ar2_lumo_hartree|ar1_q_a,0.6573738637065392,0.4149119192749756,2.5931704175551413,LOOCV,ln(kobs) = <nonlinear model; no closed-form linear equation>
azoarene_svr_rbf_c10_eps01_g003,ln(kobs),5,ar2_homo_hartree|rate kobs (s-1)|ar1_bond_length_c_a|ar2_Ar_LUMO|ar1_q_a,0.6573738637065392,0.4149119192749756,2.5931704175551413,LOOCV,ln(kobs) = <nonlinear model; no closed-form linear equation>
azoarene_svr_rbf_c10_eps01_g003,ln(kobs),4,ar2_Ar_HOMO|ar2_scf_energy_hartree|ar1_bond_length_c_a|ar1_bond_length_c_e,0.5909530071804256,0.4148908273450409,2.8333969122232965,LOOCV,ln(kobs) = <nonlinear model; no closed-form linear equation>
azoarene_svr_rbf_c10_eps01_g003,ln(kobs),4,ar2_homo_hartree|ar2_scf_energy_hartree|ar1_bond_length_c_a|ar1_bond_length_c_e,0.5909530071804256,0.4148908273450409,2.8333969122232965,LOOCV,ln(kobs) = <nonlinear model; no closed-form linear equation>
azoarene_svr_rbf_c10_eps01_g003,ln(kobs),4,ar2_Ar_HOMO|ar2_gibbs_free_energy_hartree|ar1_bond_length_c_a|ar1_bond_length_c_e,0.5909317463877892,0.41487067273225486,2.8334705461608602,LOOCV,ln(kobs) = <nonlinear model; no closed-form linear equation>
azoarene_svr_rbf_c10_eps01_g003,ln(kobs),4,ar2_homo_hartree|ar2_gibbs_free_energy_hartree|ar1_bond_length_c_a|ar1_bond_length_c_e,0.5909317463877892,0.41487067273225486,2.8334705461608602,LOOCV,ln(kobs) = <nonlinear model; no closed-form linear equation>
azoarene_svr_rbf_c10_eps01_g003,ln(kobs),4,ar2_Ar_HOMO|ar2_enthalpy_hartree|ar1_bond_length_c_a|ar1_bond_length_c_e,0.5909243647962032,0.41486218030854904,2.8334961108775114,LOOCV,ln(kobs) = <nonlinear model; no closed-form linear equation>
azoarene_svr_rbf_c10_eps01_g003,ln(kobs),4,ar2_homo_hartree|ar2_enthalpy_hartree|ar1_bond_length_c_a|ar1_bond_length_c_e,0.5909243647962032,0.41486218030854904,2.8334961108775114,LOOCV,ln(kobs) = <nonlinear model; no closed-form linear equation>
azoarene_svr_rbf_c10_eps01_g003,ln(kobs),4,ar2_Ar_HOMO|ar2_Ar_polar|ar1_bond_length_c_e|ar2_Ar_Ster_B5,0.6059163801369133,0.4141118118604319,2.781089760292947,LOOCV,ln(kobs) = <nonlinear model; no closed-form linear equation>
azoarene_svr_rbf_c10_eps01_g003,ln(kobs),4,ar2_Ar_HOMO|ar2_Ar_polar|ar1_bond_length_c_e|ar2_sterimol_B5,0.6059163801369133,0.4141118118604319,2.781089760292947,LOOCV,ln(kobs) = <nonlinear model; no closed-form linear equation>
azoarene_svr_rbf_c10_eps01_g003,ln(kobs),4,ar2_Ar_HOMO|ar2_isotropic_polarizability_au|ar1_bond_length_c_e|ar2_Ar_Ster_B5,0.6059163801369133,0.4141118118604319,2.781089760292947,LOOCV,ln(kobs) = <nonlinear model; no closed-form linear equation>
azoarene_svr_rbf_c10_eps01_g003,ln(kobs),4,ar2_Ar_HOMO|ar2_isotropic_polarizability_au|ar1_bond_length_c_e|ar2_sterimol_B5,0.6059163801369133,0.4141118118604319,2.781089760292947,LOOCV,ln(kobs) = <nonlinear model; no closed-form linear equation>
azoarene_svr_rbf_c10_eps01_g003,ln(kobs),4,ar2_homo_hartree|ar2_Ar_polar|ar1_bond_length_c_e|ar2_Ar_Ster_B5,0.6059163801369133,0.4141118118604319,2.781089760292947,LOOCV,ln(kobs) = <nonlinear model; no closed-form linear equation>
azoarene_svr_rbf_c10_eps01_g003,ln(kobs),4,ar2_homo_hartree|ar2_Ar_polar|ar1_bond_length_c_e|ar2_sterimol_B5,0.6059163801369133,0.4141118118604319,2.781089760292947,LOOCV,ln(kobs) = <nonlinear model; no closed-form linear equation>
azoarene_svr_rbf_c10_eps01_g003,ln(kobs),4,ar2_homo_hartree|ar2_isotropic_polarizability_au|ar1_bond_length_c_e|ar2_Ar_Ster_B5,0.6059163801369133,0.4141118118604319,2.781089760292947,LOOCV,ln(kobs) = <nonlinear model; no closed-form linear equation>
azoarene_svr_rbf_c10_eps01_g003,ln(kobs),4,ar2_homo_hartree|ar2_isotropic_polarizability_au|ar1_bond_length_c_e|ar2_sterimol_B5,0.6059163801369133,0.4141118118604319,2.781089760292947,LOOCV,ln(kobs) = <nonlinear model; no closed-form linear equation>
azoarene_svr_rbf_c10_eps01_g003,ln(kobs),4,ar2_Ar_HOMO|ar2_scf_energy_hartree|ar1_bond_length_c_e|ar2_Ar_Ster_B5,0.6038641331064367,0.41346157163713604,2.7883218191321073,LOOCV,ln(kobs) = <nonlinear model; no closed-form linear equation>
azoarene_svr_rbf_c10_eps01_g003,ln(kobs),4,ar2_Ar_HOMO|ar2_scf_energy_hartree|ar1_bond_length_c_e|ar2_sterimol_B5,0.6038641331064367,0.41346157163713604,2.7883218191321073,LOOCV,ln(kobs) = <nonlinear model; no closed-form linear equation>
azoarene_svr_rbf_c10_eps01_g003,ln(kobs),4,ar2_homo_hartree|ar2_scf_energy_hartree|ar1_bond_length_c_e|ar2_Ar_Ster_B5,0.6038641331064367,0.41346157163713604,2.7883218191321073,LOOCV,ln(kobs) = <nonlinear model; no closed-form linear equation>
azoarene_svr_rbf_c10_eps01_g003,ln(kobs),4,ar2_homo_hartree|ar2_scf_energy_hartree|ar1_bond_length_c_e|ar2_sterimol_B5,0.6038641331064367,0.41346157163713604,2.7883218191321073,LOOCV,ln(kobs) = <nonlinear model; no closed-form linear equation>
azoarene_svr_rbf_c10_eps01_g003,ln(kobs),4,ar2_Ar_HOMO|ar2_gibbs_free_energy_hartree|ar1_bond_length_c_e|ar2_Ar_Ster_B5,0.6038674232275283,0.41344726060715453,2.7883102398530744,LOOCV,ln(kobs) = <nonlinear model; no closed-form linear equation>
azoarene_svr_rbf_c10_eps01_g003,ln(kobs),4,ar2_Ar_HOMO|ar2_gibbs_free_energy_hartree|ar1_bond_length_c_e|ar2_sterimol_B5,0.6038674232275283,0.41344726060715453,2.7883102398530744,LOOCV,ln(kobs) = <nonlinear model; no closed-form linear equation>
azoarene_svr_rbf_c10_eps01_g003,ln(kobs),4,ar2_homo_hartree|ar2_gibbs_free_energy_hartree|ar1_bond_length_c_e|ar2_Ar_Ster_B5,0.6038674232275283,0.41344726060715453,2.7883102398530744,LOOCV,ln(kobs) = <nonlinear model; no closed-form linear equation>
azoarene_svr_rbf_c10_eps01_g003,ln(kobs),4,ar2_homo_hartree|ar2_gibbs_free_energy_hartree|ar1_bond_length_c_e|ar2_sterimol_B5,0.6038674232275283,0.41344726060715453,2.7883102398530744,LOOCV,ln(kobs) = <nonlinear model; no closed-form linear equation>
azoarene_svr_rbf_c10_eps01_g003,ln(kobs),4,ar2_Ar_HOMO|ar2_enthalpy_hartree|ar1_bond_length_c_e|ar2_Ar_Ster_B5,0.6038676865722945,0.4134338267597222,2.7883093130332752,LOOCV,ln(kobs) = <nonlinear model; no closed-form linear equation>
azoarene_svr_rbf_c10_eps01_g003,ln(kobs),4,ar2_Ar_HOMO|ar2_enthalpy_hartree|ar1_bond_length_c_e|ar2_sterimol_B5,0.6038676865722945,0.4134338267597222,2.7883093130332752,LOOCV,ln(kobs) = <nonlinear model; no closed-form linear equation>
azoarene_svr_rbf_c10_eps01_g003,ln(kobs),4,ar2_homo_hartree|ar2_enthalpy_hartree|ar1_bond_length_c_e|ar2_Ar_Ster_B5,0.6038676865722945,0.4134338267597222,2.7883093130332752,LOOCV,ln(kobs) = <nonlinear model; no closed-form linear equation>
azoarene_svr_rbf_c10_eps01_g003,ln(kobs),4,ar2_homo_hartree|ar2_enthalpy_hartree|ar1_bond_length_c_e|ar2_sterimol_B5,0.6038676865722945,0.4134338267597222,2.7883093130332752,LOOCV,ln(kobs) = <nonlinear model; no closed-form linear equation>
azoarene_svr_rbf_c10_eps01_g003,ln(kobs),5,ar2_Ar_HOMO|ar2_scf_energy_hartree|ar2_lumo_hartree|ar1_q_a|ar2_Ar_Ster_B5,0.6389948741002245,0.41342661115628876,2.6618127342373636,LOOCV,ln(kobs) = <nonlinear model; no closed-form linear equation>
azoarene_svr_rbf_c10_eps01_g003,ln(kobs),5,ar2_Ar_HOMO|ar2_scf_energy_hartree|ar2_lumo_hartree|ar1_q_a|ar2_sterimol_B5,0.6389948741002245,0.41342661115628876,2.6618127342373636,LOOCV,ln(kobs) = <nonlinear model; no closed-form linear equation>
azoarene_svr_rbf_c10_eps01_g003,ln(kobs),5,ar2_Ar_HOMO|ar2_scf_energy_hartree|ar2_Ar_LUMO|ar1_q_a|ar2_Ar_Ster_B5,0.6389948741002245,0.41342661115628876,2.6618127342373636,LOOCV,ln(kobs) = <nonlinear model; no closed-form linear equation>
azoarene_svr_rbf_c10_eps01_g003,ln(kobs),5,ar2_Ar_HOMO|ar2_scf_energy_hartree|ar2_Ar_LUMO|ar1_q_a|ar2_sterimol_B5,0.6389948741002245,0.41342661115628876,2.6618127342373636,LOOCV,ln(kobs) = <nonlinear model; no closed-form linear equation>
azoarene_svr_rbf_c10_eps01_g003,ln(kobs),5,ar2_homo_hartree|ar2_scf_energy_hartree|ar2_lumo_hartree|ar1_q_a|ar2_Ar_Ster_B5,0.6389948741002245,0.41342661115628876,2.6618127342373636,LOOCV,ln(kobs) = <nonlinear model; no closed-form linear equation>
azoarene_svr_rbf_c10_eps01_g003,ln(kobs),5,ar2_homo_hartree|ar2_scf_energy_hartree|ar2_lumo_hartree|ar1_q_a|ar2_sterimol_B5,0.6389948741002245,0.41342661115628876,2.6618127342373636,LOOCV,ln(kobs) = <nonlinear model; no closed-form linear equation>
azoarene_svr_rbf_c10_eps01_g003,ln(kobs),5,ar2_homo_hartree|ar2_scf_energy_hartree|ar2_Ar_LUMO|ar1_q_a|ar2_Ar_Ster_B5,0.6389948741002245,0.41342661115628876,2.6618127342373636,LOOCV,ln(kobs) = <nonlinear model; no closed-form linear equation>
azoarene_svr_rbf_c10_eps01_g003,ln(kobs),5,ar2_homo_hartree|ar2_scf_energy_hartree|ar2_Ar_LUMO|ar1_q_a|ar2_sterimol_B5,0.6389948741002245,0.41342661115628876,2.6618127342373636,LOOCV,ln(kobs) = <nonlinear model; no closed-form linear equation>
azoarene_svr_rbf_c10_eps01_g003,ln(kobs),4,ar2_Ar_HOMO|ar1_bond_length_c_e|ar2_Ar_Ster_B5|ar2_sterimol_B5,0.5958047374678008,0.41342501592958025,2.8165432443795364,LOOCV,ln(kobs) = <nonlinear model; no closed-form linear equation>
azoarene_svr_rbf_c10_eps01_g003,ln(kobs),4,ar2_homo_hartree|ar1_bond_length_c_e|ar2_Ar_Ster_B5|ar2_sterimol_B5,0.5958047374678008,0.41342501592958025,2.8165432443795364,LOOCV,ln(kobs) = <nonlinear model; no closed-form linear equation>
azoarene_svr_rbf_c10_eps01_g003,ln(kobs),5,ar2_Ar_HOMO|ar1_bond_length_c_a|ar2_lumo_hartree|ar1_bond_length_c_e|ar1_nbo_q_a,0.6603710976442619,0.413403184543055,2.5818032011069194,LOOCV,ln(kobs) = <nonlinear model; no closed-form linear equation>
azoarene_svr_rbf_c10_eps01_g003,ln(kobs),5,ar2_Ar_HOMO|ar1_bond_length_c_a|ar2_lumo_hartree|ar1_bond_length_c_e|ar1_Ar_NBO_OH,0.6603710976442619,0.413403184543055,2.5818032011069194,LOOCV,ln(kobs) = <nonlinear model; no closed-form linear equation>
azoarene_svr_rbf_c10_eps01_g003,ln(kobs),5,ar2_Ar_HOMO|ar1_bond_length_c_a|ar2_Ar_LUMO|ar1_bond_length_c_e|ar1_nbo_q_a,0.6603710976442619,0.413403184543055,2.5818032011069194,LOOCV,ln(kobs) = <nonlinear model; no closed-form linear equation>
azoarene_svr_rbf_c10_eps01_g003,ln(kobs),5,ar2_Ar_HOMO|ar1_bond_length_c_a|ar2_Ar_LUMO|ar1_bond_length_c_e|ar1_Ar_NBO_OH,0.6603710976442619,0.413403184543055,2.5818032011069194,LOOCV,ln(kobs) = <nonlinear model; no closed-form linear equation>
azoarene_svr_rbf_c10_eps01_g003,ln(kobs),5,ar2_homo_hartree|ar1_bond_length_c_a|ar2_lumo_hartree|ar1_bond_length_c_e|ar1_nbo_q_a,0.6603710976442619,0.413403184543055,2.5818032011069194,LOOCV,ln(kobs) = <nonlinear model; no closed-form linear equation>
azoarene_svr_rbf_c10_eps01_g003,ln(kobs),5,ar2_homo_hartree|ar1_bond_length_c_a|ar2_lumo_hartree|ar1_bond_length_c_e|ar1_Ar_NBO_OH,0.6603710976442619,0.413403184543055,2.5818032011069194,LOOCV,ln(kobs) = <nonlinear model; no closed-form linear equation>
azoarene_svr_rbf_c10_eps01_g003,ln(kobs),5,ar2_homo_hartree|ar1_bond_length_c_a|ar2_Ar_LUMO|ar1_bond_length_c_e|ar1_nbo_q_a,0.6603710976442619,0.413403184543055,2.5818032011069194,LOOCV,ln(kobs) = <nonlinear model; no closed-form linear equation>
azoarene_svr_rbf_c10_eps01_g003,ln(kobs),5,ar2_homo_hartree|ar1_bond_length_c_a|ar2_Ar_LUMO|ar1_bond_length_c_e|ar1_Ar_NBO_OH,0.6603710976442619,0.413403184543055,2.5818032011069194,LOOCV,ln(kobs) = <nonlinear model; no closed-form linear equation>
azoarene_svr_rbf_c10_eps01_g003,ln(kobs),5,ar2_Ar_HOMO|ar2_gibbs_free_energy_hartree|ar2_lumo_hartree|ar1_q_a|ar2_Ar_Ster_B5,0.6389947767872823,0.4133954286232574,2.661813092997936,LOOCV,ln(kobs) = <nonlinear model; no closed-form linear equation>
azoarene_svr_rbf_c10_eps01_g003,ln(kobs),5,ar2_Ar_HOMO|ar2_gibbs_free_energy_hartree|ar2_lumo_hartree|ar1_q_a|ar2_sterimol_B5,0.6389947767872823,0.4133954286232574,2.661813092997936,LOOCV,ln(kobs) = <nonlinear model; no closed-form linear equation>
azoarene_svr_rbf_c10_eps01_g003,ln(kobs),5,ar2_Ar_HOMO|ar2_gibbs_free_energy_hartree|ar2_Ar_LUMO|ar1_q_a|ar2_Ar_Ster_B5,0.6389947767872823,0.4133954286232574,2.661813092997936,LOOCV,ln(kobs) = <nonlinear model; no closed-form linear equation>
azoarene_svr_rbf_c10_eps01_g003,ln(kobs),5,ar2_Ar_HOMO|ar2_gibbs_free_energy_hartree|ar2_Ar_LUMO|ar1_q_a|ar2_sterimol_B5,0.6389947767872823,0.4133954286232574,2.661813092997936,LOOCV,ln(kobs) = <nonlinear model; no closed-form linear equation>
azoarene_svr_rbf_c10_eps01_g003,ln(kobs),5,ar2_homo_hartree|ar2_gibbs_free_energy_hartree|ar2_lumo_hartree|ar1_q_a|ar2_Ar_Ster_B5,0.6389947767872823,0.4133954286232574,2.661813092997936,LOOCV,ln(kobs) = <nonlinear model; no closed-form linear equation>
azoarene_svr_rbf_c10_eps01_g003,ln(kobs),5,ar2_homo_hartree|ar2_gibbs_free_energy_hartree|ar2_lumo_hartree|ar1_q_a|ar2_sterimol_B5,0.6389947767872823,0.4133954286232574,2.661813092997936,LOOCV,ln(kobs) = <nonlinear model; no closed-form linear equation>
azoarene_svr_rbf_c10_eps01_g003,ln(kobs),5,ar2_homo_hartree|ar2_gibbs_free_energy_hartree|ar2_Ar_LUMO|ar1_q_a|ar2_Ar_Ster_B5,0.6389947767872823,0.4133954286232574,2.661813092997936,LOOCV,ln(kobs) = <nonlinear model; no closed-form linear equation>
azoarene_svr_rbf_c10_eps01_g003,ln(kobs),5,ar2_homo_hartree|ar2_gibbs_free_energy_hartree|ar2_Ar_LUMO|ar1_q_a|ar2_sterimol_B5,0.6389947767872823,0.4133954286232574,2.661813092997936,LOOCV,ln(kobs) = <nonlinear model; no closed-form linear equation>
azoarene_svr_rbf_c10_eps01_g003,ln(kobs),5,ar2_Ar_HOMO|ar2_enthalpy_hartree|ar2_lumo_hartree|ar1_q_a|ar2_Ar_Ster_B5,0.6389946482612149,0.4133880525032596,2.661813566830885,LOOCV,ln(kobs) = <nonlinear model; no closed-form linear equation>
azoarene_svr_rbf_c10_eps01_g003,ln(kobs),5,ar2_Ar_HOMO|ar2_enthalpy_hartree|ar2_lumo_hartree|ar1_q_a|ar2_sterimol_B5,0.6389946482612149,0.4133880525032596,2.661813566830885,LOOCV,ln(kobs) = <nonlinear model; no closed-form linear equation>
azoarene_svr_rbf_c10_eps01_g003,ln(kobs),5,ar2_Ar_HOMO|ar2_enthalpy_hartree|ar2_Ar_LUMO|ar1_q_a|ar2_Ar_Ster_B5,0.6389946482612149,0.4133880525032596,2.661813566830885,LOOCV,ln(kobs) = <nonlinear model; no closed-form linear equation>
azoarene_svr_rbf_c10_eps01_g003,ln(kobs),5,ar2_Ar_HOMO|ar2_enthalpy_hartree|ar2_Ar_LUMO|ar1_q_a|ar2_sterimol_B5,0.6389946482612149,0.4133880525032596,2.661813566830885,LOOCV,ln(kobs) = <nonlinear model; no closed-form linear equation>
azoarene_svr_rbf_c10_eps01_g003,ln(kobs),5,ar2_homo_hartree|ar2_enthalpy_hartree|ar2_lumo_hartree|ar1_q_a|ar2_Ar_Ster_B5,0.6389946482612149,0.4133880525032596,2.661813566830885,LOOCV,ln(kobs) = <nonlinear model; no closed-form linear equation>
azoarene_svr_rbf_c10_eps01_g003,ln(kobs),5,ar2_homo_hartree|ar2_enthalpy_hartree|ar2_lumo_hartree|ar1_q_a|ar2_sterimol_B5,0.6389946482612149,0.4133880525032596,2.661813566830885,LOOCV,ln(kobs) = <nonlinear model; no closed-form linear equation>
azoarene_svr_rbf_c10_eps01_g003,ln(kobs),5,ar2_homo_hartree|ar2_enthalpy_hartree|ar2_Ar_LUMO|ar1_q_a|ar2_Ar_Ster_B5,0.6389946482612149,0.4133880525032596,2.661813566830885,LOOCV,ln(kobs) = <nonlinear model; no closed-form linear equation>
azoarene_svr_rbf_c10_eps01_g003,ln(kobs),5,ar2_homo_hartree|ar2_enthalpy_hartree|ar2_Ar_LUMO|ar1_q_a|ar2_sterimol_B5,0.6389946482612149,0.4133880525032596,2.661813566830885,LOOCV,ln(kobs) = <nonlinear model; no closed-form linear equation>
azoarene_svr_rbf_c10_eps01_g003,ln(kobs),5,ar2_Ar_HOMO|ar1_bond_length_c_a|ar2_gap_hartree|ar1_bond_length_c_e|ar1_nbo_q_a,0.6607820769235839,0.41319962583597414,2.580240629722378,LOOCV,ln(kobs) = <nonlinear model; no closed-form linear equation>
azoarene_svr_rbf_c10_eps01_g003,ln(kobs),5,ar2_Ar_HOMO|ar1_bond_length_c_a|ar2_gap_hartree|ar1_bond_length_c_e|ar1_Ar_NBO_OH,0.6607820769235839,0.41319962583597414,2.580240629722378,LOOCV,ln(kobs) = <nonlinear model; no closed-form linear equation>
azoarene_svr_rbf_c10_eps01_g003,ln(kobs),5,ar2_homo_hartree|ar1_bond_length_c_a|ar2_gap_hartree|ar1_bond_length_c_e|ar1_nbo_q_a,0.6607820769235839,0.41319962583597414,2.580240629722378,LOOCV,ln(kobs) = <nonlinear model; no closed-form linear equation>
azoarene_svr_rbf_c10_eps01_g003,ln(kobs),5,ar2_homo_hartree|ar1_bond_length_c_a|ar2_gap_hartree|ar1_bond_length_c_e|ar1_Ar_NBO_OH,0.6607820769235839,0.41319962583597414,2.580240629722378,LOOCV,ln(kobs) = <nonlinear model; no closed-form linear equation>
azoarene_svr_rbf_c10_eps01_g003,ln(kobs),5,ar2_Ar_HOMO|ar2_gibbs_free_energy_hartree|ar2_gap_hartree|ar1_q_a|ar2_Ar_Ster_B5,0.6390439314921745,0.41316703806827815,2.661631869731913,LOOCV,ln(kobs) = <nonlinear model; no closed-form linear equation>
azoarene_svr_rbf_c10_eps01_g003,ln(kobs),5,ar2_Ar_HOMO|ar2_gibbs_free_energy_hartree|ar2_gap_hartree|ar1_q_a|ar2_sterimol_B5,0.6390439314921745,0.41316703806827815,2.661631869731913,LOOCV,ln(kobs) = <nonlinear model; no closed-form linear equation>
azoarene_svr_rbf_c10_eps01_g003,ln(kobs),5,ar2_homo_hartree|ar2_gibbs_free_energy_hartree|ar2_gap_hartree|ar1_q_a|ar2_Ar_Ster_B5,0.6390439314921745,0.41316703806827815,2.661631869731913,LOOCV,ln(kobs) = <nonlinear model; no closed-form linear equation>
azoarene_svr_rbf_c10_eps01_g003,ln(kobs),5,ar2_homo_hartree|ar2_gibbs_free_energy_hartree|ar2_gap_hartree|ar1_q_a|ar2_sterimol_B5,0.6390439314921745,0.41316703806827815,2.661631869731913,LOOCV,ln(kobs) = <nonlinear model; no closed-form linear equation>
azoarene_svr_rbf_c10_eps01_g003,ln(kobs),5,ar2_Ar_HOMO|ar2_scf_energy_hartree|ar2_gap_hartree|ar1_q_a|ar2_Ar_Ster_B5,0.6390493497494275,0.4131643646055625,2.6616118929791153,LOOCV,ln(kobs) = <nonlinear model; no closed-form linear equation>
azoarene_svr_rbf_c10_eps01_g003,ln(kobs),5,ar2_Ar_HOMO|ar2_scf_energy_hartree|ar2_gap_hartree|ar1_q_a|ar2_sterimol_B5,0.6390493497494275,0.4131643646055625,2.6616118929791153,LOOCV,ln(kobs) = <nonlinear model; no closed-form linear equation>
azoarene_svr_rbf_c10_eps01_g003,ln(kobs),5,ar2_homo_hartree|ar2_scf_energy_hartree|ar2_gap_hartree|ar1_q_a|ar2_Ar_Ster_B5,0.6390493497494275,0.4131643646055625,2.6616118929791153,LOOCV,ln(kobs) = <nonlinear model; no closed-form linear equation>
azoarene_svr_rbf_c10_eps01_g003,ln(kobs),5,ar2_homo_hartree|ar2_scf_energy_hartree|ar2_gap_hartree|ar1_q_a|ar2_sterimol_B5,0.6390493497494275,0.4131643646055625,2.6616118929791153,LOOCV,ln(kobs) = <nonlinear model; no closed-form linear equation>
azoarene_svr_rbf_c10_eps01_g003,ln(kobs),5,ar2_Ar_HOMO|ar2_enthalpy_hartree|ar2_gap_hartree|ar1_q_a|ar2_Ar_Ster_B5,0.6390438438420564,0.41315241908683664,2.6616321928908153,LOOCV,ln(kobs) = <nonlinear model; no closed-form linear equation>
azoarene_svr_rbf_c10_eps01_g003,ln(kobs),5,ar2_Ar_HOMO|ar2_enthalpy_hartree|ar2_gap_hartree|ar1_q_a|ar2_sterimol_B5,0.6390438438420564,0.41315241908683664,2.6616321928908153,LOOCV,ln(kobs) = <nonlinear model; no closed-form linear equation>
azoarene_svr_rbf_c10_eps01_g003,ln(kobs),5,ar2_homo_hartree|ar2_enthalpy_hartree|ar2_gap_hartree|ar1_q_a|ar2_Ar_Ster_B5,0.6390438438420564,0.41315241908683664,2.6616321928908153,LOOCV,ln(kobs) = <nonlinear model; no closed-form linear equation>
azoarene_svr_rbf_c10_eps01_g003,ln(kobs),5,ar2_homo_hartree|ar2_enthalpy_hartree|ar2_gap_hartree|ar1_q_a|ar2_sterimol_B5,0.6390438438420564,0.41315241908683664,2.6616321928908153,LOOCV,ln(kobs) = <nonlinear model; no closed-form linear equation>
azoarene_svr_rbf_c10_eps01_g003,ln(kobs),5,ar2_Ar_HOMO|ar2_Ar_polar|ar2_lumo_hartree|ar1_bond_length_c_e|ar2_Ar_Ster_B5,0.6353798147838368,0.41300821591631054,2.6751070619378203,LOOCV,ln(kobs) = <nonlinear model; no closed-form linear equation>
azoarene_svr_rbf_c10_eps01_g003,ln(kobs),5,ar2_Ar_HOMO|ar2_Ar_polar|ar2_lumo_hartree|ar1_bond_length_c_e|ar2_sterimol_B5,0.6353798147838368,0.41300821591631054,2.6751070619378203,LOOCV,ln(kobs) = <nonlinear model; no closed-form linear equation>
azoarene_svr_rbf_c10_eps01_g003,ln(kobs),5,ar2_Ar_HOMO|ar2_Ar_polar|ar2_Ar_LUMO|ar1_bond_length_c_e|ar2_Ar_Ster_B5,0.6353798147838368,0.41300821591631054,2.6751070619378203,LOOCV,ln(kobs) = <nonlinear model; no closed-form linear equation>
azoarene_svr_rbf_c10_eps01_g003,ln(kobs),5,ar2_Ar_HOMO|ar2_Ar_polar|ar2_Ar_LUMO|ar1_bond_length_c_e|ar2_sterimol_B5,0.6353798147838368,0.41300821591631054,2.6751070619378203,LOOCV,ln(kobs) = <nonlinear model; no closed-form linear equation>
azoarene_svr_rbf_c10_eps01_g003,ln(kobs),5,ar2_Ar_HOMO|ar2_isotropic_polarizability_au|ar2_lumo_hartree|ar1_bond_length_c_e|ar2_Ar_Ster_B5,0.6353798147838368,0.41300821591631054,2.6751070619378203,LOOCV,ln(kobs) = <nonlinear model; no closed-form linear equation>
azoarene_svr_rbf_c10_eps01_g003,ln(kobs),5,ar2_Ar_HOMO|ar2_isotropic_polarizability_au|ar2_lumo_hartree|ar1_bond_length_c_e|ar2_sterimol_B5,0.6353798147838368,0.41300821591631054,2.6751070619378203,LOOCV,ln(kobs) = <nonlinear model; no closed-form linear equation>
azoarene_svr_rbf_c10_eps01_g003,ln(kobs),5,ar2_Ar_HOMO|ar2_isotropic_polarizability_au|ar2_Ar_LUMO|ar1_bond_length_c_e|ar2_Ar_Ster_B5,0.6353798147838368,0.41300821591631054,2.6751070619378203,LOOCV,ln(kobs) = <nonlinear model; no closed-form linear equation>
azoarene_svr_rbf_c10_eps01_g003,ln(kobs),5,ar2_Ar_HOMO|ar2_isotropic_polarizability_au|ar2_Ar_LUMO|ar1_bond_length_c_e|ar2_sterimol_B5,0.6353798147838368,0.41300821591631054,2.6751070619378203,LOOCV,ln(kobs) = <nonlinear model; no closed-form linear equation>
azoarene_svr_rbf_c10_eps01_g003,ln(kobs),5,ar2_homo_hartree|ar2_Ar_polar|ar2_lumo_hartree|ar1_bond_length_c_e|ar2_Ar_Ster_B5,0.6353798147838368,0.41300821591631054,2.6751070619378203,LOOCV,ln(kobs) = <nonlinear model; no closed-form linear equation>
azoarene_svr_rbf_c10_eps01_g003,ln(kobs),5,ar2_homo_hartree|ar2_Ar_polar|ar2_lumo_hartree|ar1_bond_length_c_e|ar2_sterimol_B5,0.6353798147838368,0.41300821591631054,2.6751070619378203,LOOCV,ln(kobs) = <nonlinear model; no closed-form linear equation>
azoarene_svr_rbf_c10_eps01_g003,ln(kobs),5,ar2_homo_hartree|ar2_Ar_polar|ar2_Ar_LUMO|ar1_bond_length_c_e|ar2_Ar_Ster_B5,0.6353798147838368,0.41300821591631054,2.6751070619378203,LOOCV,ln(kobs) = <nonlinear model; no closed-form linear equation>
azoarene_svr_rbf_c10_eps01_g003,ln(kobs),5,ar2_homo_hartree|ar2_Ar_polar|ar2_Ar_LUMO|ar1_bond_length_c_e|ar2_sterimol_B5,0.6353798147838368,0.41300821591631054,2.6751070619378203,LOOCV,ln(kobs) = <nonlinear model; no closed-form linear equation>
azoarene_svr_rbf_c10_eps01_g003,ln(kobs),5,ar2_homo_hartree|ar2_isotropic_polarizability_au|ar2_lumo_hartree|ar1_bond_length_c_e|ar2_Ar_Ster_B5,0.6353798147838368,0.41300821591631054,2.6751070619378203,LOOCV,ln(kobs) = <nonlinear model; no closed-form linear equation>
azoarene_svr_rbf_c10_eps01_g003,ln(kobs),5,ar2_homo_hartree|ar2_isotropic_polarizability_au|ar2_lumo_hartree|ar1_bond_length_c_e|ar2_sterimol_B5,0.6353798147838368,0.41300821591631054,2.6751070619378203,LOOCV,ln(kobs) = <nonlinear model; no closed-form linear equation>
azoarene_svr_rbf_c10_eps01_g003,ln(kobs),5,ar2_homo_hartree|ar2_isotropic_polarizability_au|ar2_Ar_LUMO|ar1_bond_length_c_e|ar2_Ar_Ster_B5,0.6353798147838368,0.41300821591631054,2.6751070619378203,LOOCV,ln(kobs) = <nonlinear model; no closed-form linear equation>
azoarene_svr_rbf_c10_eps01_g003,ln(kobs),5,ar2_homo_hartree|ar2_isotropic_polarizability_au|ar2_Ar_LUMO|ar1_bond_length_c_e|ar2_sterimol_B5,0.6353798147838368,0.41300821591631054,2.6751070619378203,LOOCV,ln(kobs) = <nonlinear model; no closed-form linear equation>
azoarene_svr_rbf_c10_eps01_g003,ln(kobs),3,ar2_Ar_HOMO|ar2_Ar_Ster_B5|ar2_sterimol_B5,0.5326040307564026,0.4126708986299029,3.0287490823556555,LOOCV,ln(kobs) = <nonlinear model; no closed-form linear equation>
azoarene_svr_rbf_c10_eps01_g003,ln(kobs),3,ar2_homo_hartree|ar2_Ar_Ster_B5|ar2_sterimol_B5,0.5326040307564026,0.4126708986299029,3.0287490823556555,LOOCV,ln(kobs) = <nonlinear model; no closed-form linear equation>
azoarene_svr_rbf_c10_eps01_g003,ln(kobs),4,ar2_Ar_HOMO|ar2_Ar_polar|ar1_bond_length_c_a|ar1_bond_length_c_e,0.6128445774264399,0.4126078319492663,2.7565348493897885,LOOCV,ln(kobs) = <nonlinear model; no closed-form linear equation>
azoarene_svr_rbf_c10_eps01_g003,ln(kobs),4,ar2_Ar_HOMO|ar2_isotropic_polarizability_au|ar1_bond_length_c_a|ar1_bond_length_c_e,0.6128445774264399,0.4126078319492663,2.7565348493897885,LOOCV,ln(kobs) = <nonlinear model; no closed-form linear equation>
azoarene_svr_rbf_c10_eps01_g003,ln(kobs),4,ar2_homo_hartree|ar2_Ar_polar|ar1_bond_length_c_a|ar1_bond_length_c_e,0.6128445774264399,0.4126078319492663,2.7565348493897885,LOOCV,ln(kobs) = <nonlinear model; no closed-form linear equation>
azoarene_svr_rbf_c10_eps01_g003,ln(kobs),4,ar2_homo_hartree|ar2_isotropic_polarizability_au|ar1_bond_length_c_a|ar1_bond_length_c_e,0.6128445774264399,0.4126078319492663,2.7565348493897885,LOOCV,ln(kobs) = <nonlinear model; no closed-form linear equation>
azoarene_svr_rbf_c10_eps01_g003,ln(kobs),4,ar2_Ar_HOMO|rate kobs (s-1)|ar1_bond_length_c_e|ar1_nbo_q_a,0.6851002854691425,0.4125997597148434,2.486033334310969,LOOCV,ln(kobs) = <nonlinear model; no closed-form linear equation>
azoarene_svr_rbf_c10_eps01_g003,ln(kobs),4,ar2_Ar_HOMO|rate kobs (s-1)|ar1_bond_length_c_e|ar1_Ar_NBO_OH,0.6851002854691425,0.4125997597148434,2.486033334310969,LOOCV,ln(kobs) = <nonlinear model; no closed-form linear equation>
azoarene_svr_rbf_c10_eps01_g003,ln(kobs),4,ar2_homo_hartree|rate kobs (s-1)|ar1_bond_length_c_e|ar1_nbo_q_a,0.6851002854691425,0.4125997597148434,2.486033334310969,LOOCV,ln(kobs) = <nonlinear model; no closed-form linear equation>
azoarene_svr_rbf_c10_eps01_g003,ln(kobs),4,ar2_homo_hartree|rate kobs (s-1)|ar1_bond_length_c_e|ar1_Ar_NBO_OH,0.6851002854691425,0.4125997597148434,2.486033334310969,LOOCV,ln(kobs) = <nonlinear model; no closed-form linear equation>
azoarene_svr_rbf_c10_eps01_g003,ln(kobs),4,ar2_Ar_HOMO|ar2_homo_hartree|ar1_q_a|ar1_bond_length_c_e,0.6088933783888779,0.4125936431319438,2.770565350994373,LOOCV,ln(kobs) = <nonlinear model; no closed-form linear equation>
azoarene_svr_rbf_c10_eps01_g003,ln(kobs),5,ar2_Ar_HOMO|ar2_Ar_polar|ar2_gap_hartree|ar1_bond_length_c_e|ar2_Ar_Ster_B5,0.6352550996481567,0.41232896833913946,2.6755645212751,LOOCV,ln(kobs) = <nonlinear model; no closed-form linear equation>
azoarene_svr_rbf_c10_eps01_g003,ln(kobs),5,ar2_Ar_HOMO|ar2_Ar_polar|ar2_gap_hartree|ar1_bond_length_c_e|ar2_sterimol_B5,0.6352550996481567,0.41232896833913946,2.6755645212751,LOOCV,ln(kobs) = <nonlinear model; no closed-form linear equation>
azoarene_svr_rbf_c10_eps01_g003,ln(kobs),5,ar2_Ar_HOMO|ar2_isotropic_polarizability_au|ar2_gap_hartree|ar1_bond_length_c_e|ar2_Ar_Ster_B5,0.6352550996481567,0.41232896833913946,2.6755645212751,LOOCV,ln(kobs) = <nonlinear model; no closed-form linear equation>
azoarene_svr_rbf_c10_eps01_g003,ln(kobs),5,ar2_Ar_HOMO|ar2_isotropic_polarizability_au|ar2_gap_hartree|ar1_bond_length_c_e|ar2_sterimol_B5,0.6352550996481567,0.41232896833913946,2.6755645212751,LOOCV,ln(kobs) = <nonlinear model; no closed-form linear equation>
azoarene_svr_rbf_c10_eps01_g003,ln(kobs),5,ar2_homo_hartree|ar2_Ar_polar|ar2_gap_hartree|ar1_bond_length_c_e|ar2_Ar_Ster_B5,0.6352550996481567,0.41232896833913946,2.6755645212751,LOOCV,ln(kobs) = <nonlinear model; no closed-form linear equation>
azoarene_svr_rbf_c10_eps01_g003,ln(kobs),5,ar2_homo_hartree|ar2_Ar_polar|ar2_gap_hartree|ar1_bond_length_c_e|ar2_sterimol_B5,0.6352550996481567,0.41232896833913946,2.6755645212751,LOOCV,ln(kobs) = <nonlinear model; no closed-form linear equation>
azoarene_svr_rbf_c10_eps01_g003,ln(kobs),5,ar2_homo_hartree|ar2_isotropic_polarizability_au|ar2_gap_hartree|ar1_bond_length_c_e|ar2_Ar_Ster_B5,0.6352550996481567,0.41232896833913946,2.6755645212751,LOOCV,ln(kobs) = <nonlinear model; no closed-form linear equation>
azoarene_svr_rbf_c10_eps01_g003,ln(kobs),5,ar2_homo_hartree|ar2_isotropic_polarizability_au|ar2_gap_hartree|ar1_bond_length_c_e|ar2_sterimol_B5,0.6352550996481567,0.41232896833913946,2.6755645212751,LOOCV,ln(kobs) = <nonlinear model; no closed-form linear equation>
azoarene_svr_rbf_c10_eps01_g003,ln(kobs),4,ar2_Ar_HOMO|ar1_bond_length_c_a|ar1_bond_length_c_e|ar2_Ar_Ster_B5,0.5943530791151047,0.41221116370379474,2.8215964877014654,LOOCV,ln(kobs) = <nonlinear model; no closed-form linear equation>
azoarene_svr_rbf_c10_eps01_g003,ln(kobs),4,ar2_Ar_HOMO|ar1_bond_length_c_a|ar1_bond_length_c_e|ar2_sterimol_B5,0.5943530791151047,0.41221116370379474,2.8215964877014654,LOOCV,ln(kobs) = <nonlinear model; no closed-form linear equation>
azoarene_svr_rbf_c10_eps01_g003,ln(kobs),4,ar2_homo_hartree|ar1_bond_length_c_a|ar1_bond_length_c_e|ar2_Ar_Ster_B5,0.5943530791151047,0.41221116370379474,2.8215964877014654,LOOCV,ln(kobs) = <nonlinear model; no closed-form linear equation>
azoarene_svr_rbf_c10_eps01_g003,ln(kobs),4,ar2_homo_hartree|ar1_bond_length_c_a|ar1_bond_length_c_e|ar2_sterimol_B5,0.5943530791151047,0.41221116370379474,2.8215964877014654,LOOCV,ln(kobs) = <nonlinear model; no closed-form linear equation>
azoarene_svr_rbf_c10_eps01_g003,ln(kobs),4,ar2_lumo_hartree|ar1_q_a|ar2_Ar_Ster_B5|ar2_sterimol_B5,0.5752289418385765,0.4119198790264864,2.8873422998312357,LOOCV,ln(kobs) = <nonlinear model; no closed-form linear equation>
azoarene_svr_rbf_c10_eps01_g003,ln(kobs),4,ar2_Ar_LUMO|ar1_q_a|ar2_Ar_Ster_B5|ar2_sterimol_B5,0.5752289418385765,0.4119198790264864,2.8873422998312357,LOOCV,ln(kobs) = <nonlinear model; no closed-form linear equation>
azoarene_svr_rbf_c10_eps01_g003,ln(kobs),4,ar2_gap_hartree|ar1_q_a|ar2_Ar_Ster_B5|ar2_sterimol_B5,0.5733143389092645,0.4092724359559128,2.8938421526299467,LOOCV,ln(kobs) = <nonlinear model; no closed-form linear equation>
azoarene_svr_rbf_c10_eps01_g003,ln(kobs),3,ar2_Ar_HOMO|ar2_homo_hartree|ar2_gap_hartree,0.5076785084986943,0.4089176919160489,3.1084594867298576,LOOCV,ln(kobs) = <nonlinear model; no closed-form linear equation>
azoarene_svr_rbf_c10_eps01_g003,ln(kobs),3,ar2_Ar_HOMO|ar2_homo_hartree|ar2_lumo_hartree,0.5076337469731099,0.4087042123187018,3.108600792999008,LOOCV,ln(kobs) = <nonlinear model; no closed-form linear equation>
azoarene_svr_rbf_c10_eps01_g003,ln(kobs),3,ar2_Ar_HOMO|ar2_homo_hartree|ar2_Ar_LUMO,0.5076337469731099,0.4087042123187018,3.108600792999008,LOOCV,ln(kobs) = <nonlinear model; no closed-form linear equation>
azoarene_svr_rbf_c10_eps01_g003,ln(kobs),3,ar2_Ar_HOMO|ar2_gap_hartree|ar1_q_a,0.5618715784131194,0.40583514184187663,2.932388635057744,LOOCV,ln(kobs) = <nonlinear model; no closed-form linear equation>
azoarene_svr_rbf_c10_eps01_g003,ln(kobs),3,ar2_homo_hartree|ar2_gap_hartree|ar1_q_a,0.5618715784131194,0.40583514184187663,2.932388635057744,LOOCV,ln(kobs) = <nonlinear model; no closed-form linear equation>
azoarene_svr_rbf_c10_eps01_g003,ln(kobs),3,ar2_Ar_HOMO|ar2_lumo_hartree|ar1_q_a,0.5620052752786695,0.4053892162702206,2.931941185105431,LOOCV,ln(kobs) = <nonlinear model; no closed-form linear equation>
azoarene_svr_rbf_c10_eps01_g003,ln(kobs),3,ar2_Ar_HOMO|ar2_Ar_LUMO|ar1_q_a,0.5620052752786695,0.4053892162702206,2.931941185105431,LOOCV,ln(kobs) = <nonlinear model; no closed-form linear equation>
azoarene_svr_rbf_c10_eps01_g003,ln(kobs),3,ar2_homo_hartree|ar2_lumo_hartree|ar1_q_a,0.5620052752786695,0.4053892162702206,2.931941185105431,LOOCV,ln(kobs) = <nonlinear model; no closed-form linear equation>
azoarene_svr_rbf_c10_eps01_g003,ln(kobs),3,ar2_homo_hartree|ar2_Ar_LUMO|ar1_q_a,0.5620052752786695,0.4053892162702206,2.931941185105431,LOOCV,ln(kobs) = <nonlinear model; no closed-form linear equation>
azoarene_svr_rbf_c10_eps01_g003,ln(kobs),5,ar2_Ar_HOMO|ar2_homo_hartree|ar1_bond_length_c_a|ar1_q_a|ar2_Ar_Ster_B5,0.6372683777117112,0.4052835998123001,2.6681701627757612,LOOCV,ln(kobs) = <nonlinear model; no closed-form linear equation>
azoarene_svr_rbf_c10_eps01_g003,ln(kobs),5,ar2_Ar_HOMO|ar2_homo_hartree|ar1_bond_length_c_a|ar1_q_a|ar2_sterimol_B5,0.6372683777117112,0.4052835998123001,2.6681701627757612,LOOCV,ln(kobs) = <nonlinear model; no closed-form linear equation>
azoarene_svr_rbf_c10_eps01_g003,ln(kobs),5,ar2_Ar_HOMO|ar2_Ar_polar|rate kobs (s-1)|ar1_q_a|ar1_bond_length_c_e,0.6629578607037396,0.4037716766973585,2.571952333904947,LOOCV,ln(kobs) = <nonlinear model; no closed-form linear equation>
azoarene_svr_rbf_c10_eps01_g003,ln(kobs),5,ar2_Ar_HOMO|ar2_isotropic_polarizability_au|rate kobs (s-1)|ar1_q_a|ar1_bond_length_c_e,0.6629578607037396,0.4037716766973585,2.571952333904947,LOOCV,ln(kobs) = <nonlinear model; no closed-form linear equation>
azoarene_svr_rbf_c10_eps01_g003,ln(kobs),5,ar2_homo_hartree|ar2_Ar_polar|rate kobs (s-1)|ar1_q_a|ar1_bond_length_c_e,0.6629578607037396,0.4037716766973585,2.571952333904947,LOOCV,ln(kobs) = <nonlinear model; no closed-form linear equation>
azoarene_svr_rbf_c10_eps01_g003,ln(kobs),5,ar2_homo_hartree|ar2_isotropic_polarizability_au|rate kobs (s-1)|ar1_q_a|ar1_bond_length_c_e,0.6629578607037396,0.4037716766973585,2.571952333904947,LOOCV,ln(kobs) = <nonlinear model; no closed-form linear equation>
azoarene_svr_rbf_c10_eps01_g003,ln(kobs),4,ar2_Ar_HOMO|ar2_scf_energy_hartree|ar1_q_a|ar1_nbo_q_a,0.6027425230872154,0.40311419542301397,2.792266424202866,LOOCV,ln(kobs) = <nonlinear model; no closed-form linear equation>
azoarene_svr_rbf_c10_eps01_g003,ln(kobs),4,ar2_Ar_HOMO|ar2_scf_energy_hartree|ar1_q_a|ar1_Ar_NBO_OH,0.6027425230872154,0.40311419542301397,2.792266424202866,LOOCV,ln(kobs) = <nonlinear model; no closed-form linear equation>
azoarene_svr_rbf_c10_eps01_g003,ln(kobs),4,ar2_homo_hartree|ar2_scf_energy_hartree|ar1_q_a|ar1_nbo_q_a,0.6027425230872154,0.40311419542301397,2.792266424202866,LOOCV,ln(kobs) = <nonlinear model; no closed-form linear equation>
azoarene_svr_rbf_c10_eps01_g003,ln(kobs),4,ar2_homo_hartree|ar2_scf_energy_hartree|ar1_q_a|ar1_Ar_NBO_OH,0.6027425230872154,0.40311419542301397,2.792266424202866,LOOCV,ln(kobs) = <nonlinear model; no closed-form linear equation>
azoarene_svr_rbf_c10_eps01_g003,ln(kobs),4,ar2_Ar_HOMO|ar2_gibbs_free_energy_hartree|ar1_q_a|ar1_nbo_q_a,0.6027411209592055,0.4030453596923773,2.79227135187791,LOOCV,ln(kobs) = <nonlinear model; no closed-form linear equation>
azoarene_svr_rbf_c10_eps01_g003,ln(kobs),4,ar2_Ar_HOMO|ar2_gibbs_free_energy_hartree|ar1_q_a|ar1_Ar_NBO_OH,0.6027411209592055,0.4030453596923773,2.79227135187791,LOOCV,ln(kobs) = <nonlinear model; no closed-form linear equation>
azoarene_svr_rbf_c10_eps01_g003,ln(kobs),4,ar2_homo_hartree|ar2_gibbs_free_energy_hartree|ar1_q_a|ar1_nbo_q_a,0.6027411209592055,0.4030453596923773,2.79227135187791,LOOCV,ln(kobs) = <nonlinear model; no closed-form linear equation>
azoarene_svr_rbf_c10_eps01_g003,ln(kobs),4,ar2_homo_hartree|ar2_gibbs_free_energy_hartree|ar1_q_a|ar1_Ar_NBO_OH,0.6027411209592055,0.4030453596923773,2.79227135187791,LOOCV,ln(kobs) = <nonlinear model; no closed-form linear equation>
azoarene_svr_rbf_c10_eps01_g003,ln(kobs),4,ar2_Ar_HOMO|ar2_enthalpy_hartree|ar1_q_a|ar1_nbo_q_a,0.602740910469668,0.4030220243617805,2.7922720916270487,LOOCV,ln(kobs) = <nonlinear model; no closed-form linear equation>
azoarene_svr_rbf_c10_eps01_g003,ln(kobs),4,ar2_Ar_HOMO|ar2_enthalpy_hartree|ar1_q_a|ar1_Ar_NBO_OH,0.602740910469668,0.4030220243617805,2.7922720916270487,LOOCV,ln(kobs) = <nonlinear model; no closed-form linear equation>
azoarene_svr_rbf_c10_eps01_g003,ln(kobs),4,ar2_homo_hartree|ar2_enthalpy_hartree|ar1_q_a|ar1_nbo_q_a,0.602740910469668,0.4030220243617805,2.7922720916270487,LOOCV,ln(kobs) = <nonlinear model; no closed-form linear equation>
azoarene_svr_rbf_c10_eps01_g003,ln(kobs),4,ar2_homo_hartree|ar2_enthalpy_hartree|ar1_q_a|ar1_Ar_NBO_OH,0.602740910469668,0.4030220243617805,2.7922720916270487,LOOCV,ln(kobs) = <nonlinear model; no closed-form linear equation>
azoarene_svr_rbf_c10_eps01_g003,ln(kobs),5,ar2_Ar_HOMO|ar2_gibbs_free_energy_hartree|ar2_gap_hartree|ar1_bond_length_c_e|ar2_Ar_Ster_B5,0.6352227131012519,0.4028101412970866,2.6756833034326464,LOOCV,ln(kobs) = <nonlinear model; no closed-form linear equation>
azoarene_svr_rbf_c10_eps01_g003,ln(kobs),5,ar2_Ar_HOMO|ar2_gibbs_free_energy_hartree|ar2_gap_hartree|ar1_bond_length_c_e|ar2_sterimol_B5,0.6352227131012519,0.4028101412970866,2.6756833034326464,LOOCV,ln(kobs) = <nonlinear model; no closed-form linear equation>
azoarene_svr_rbf_c10_eps01_g003,ln(kobs),5,ar2_homo_hartree|ar2_gibbs_free_energy_hartree|ar2_gap_hartree|ar1_bond_length_c_e|ar2_Ar_Ster_B5,0.6352227131012519,0.4028101412970866,2.6756833034326464,LOOCV,ln(kobs) = <nonlinear model; no closed-form linear equation>
azoarene_svr_rbf_c10_eps01_g003,ln(kobs),5,ar2_homo_hartree|ar2_gibbs_free_energy_hartree|ar2_gap_hartree|ar1_bond_length_c_e|ar2_sterimol_B5,0.6352227131012519,0.4028101412970866,2.6756833034326464,LOOCV,ln(kobs) = <nonlinear model; no closed-form linear equation>
azoarene_svr_rbf_c10_eps01_g003,ln(kobs),5,ar2_Ar_HOMO|ar2_homo_hartree|ar1_q_a|ar1_bond_length_c_e|ar2_Ar_Ster_B5,0.6418691953067537,0.40268494509275465,2.6511948866117026,LOOCV,ln(kobs) = <nonlinear model; no closed-form linear equation>
azoarene_svr_rbf_c10_eps01_g003,ln(kobs),5,ar2_Ar_HOMO|ar2_homo_hartree|ar1_q_a|ar1_bond_length_c_e|ar2_sterimol_B5,0.6418691953067537,0.40268494509275465,2.6511948866117026,LOOCV,ln(kobs) = <nonlinear model; no closed-form linear equation>
azoarene_svr_rbf_c10_eps01_g003,ln(kobs),5,ar2_Ar_HOMO|rate kobs (s-1)|ar2_gap_hartree|ar1_q_a|ar1_nbo_q_a,0.694458347776612,0.40066373827137103,2.44881527472398,LOOCV,ln(kobs) = <nonlinear model; no closed-form linear equation>
azoarene_svr_rbf_c10_eps01_g003,ln(kobs),5,ar2_Ar_HOMO|rate kobs (s-1)|ar2_gap_hartree|ar1_q_a|ar1_Ar_NBO_OH,0.694458347776612,0.40066373827137103,2.44881527472398,LOOCV,ln(kobs) = <nonlinear model; no closed-form linear equation>
azoarene_svr_rbf_c10_eps01_g003,ln(kobs),5,ar2_homo_hartree|rate kobs (s-1)|ar2_gap_hartree|ar1_q_a|ar1_nbo_q_a,0.694458347776612,0.40066373827137103,2.44881527472398,LOOCV,ln(kobs) = <nonlinear model; no closed-form linear equation>
azoarene_svr_rbf_c10_eps01_g003,ln(kobs),5,ar2_homo_hartree|rate kobs (s-1)|ar2_gap_hartree|ar1_q_a|ar1_Ar_NBO_OH,0.694458347776612,0.40066373827137103,2.44881527472398,LOOCV,ln(kobs) = <nonlinear model; no closed-form linear equation>
azoarene_svr_rbf_c10_eps01_g003,ln(kobs),3,ar1_bond_length_c_a|ar2_lumo_hartree|ar2_Ar_Ster_B5,0.574019267235399,0.40046119590555296,2.8914507029755776,LOOCV,ln(kobs) = <nonlinear model; no closed-form linear equation>
azoarene_svr_rbf_c10_eps01_g003,ln(kobs),3,ar1_bond_length_c_a|ar2_lumo_hartree|ar2_sterimol_B5,0.574019267235399,0.40046119590555296,2.8914507029755776,LOOCV,ln(kobs) = <nonlinear model; no closed-form linear equation>
azoarene_svr_rbf_c10_eps01_g003,ln(kobs),3,ar1_bond_length_c_a|ar2_Ar_LUMO|ar2_Ar_Ster_B5,0.574019267235399,0.40046119590555296,2.8914507029755776,LOOCV,ln(kobs) = <nonlinear model; no closed-form linear equation>
azoarene_svr_rbf_c10_eps01_g003,ln(kobs),3,ar1_bond_length_c_a|ar2_Ar_LUMO|ar2_sterimol_B5,0.574019267235399,0.40046119590555296,2.8914507029755776,LOOCV,ln(kobs) = <nonlinear model; no closed-form linear equation>
azoarene_svr_rbf_c10_eps01_g003,ln(kobs),5,ar2_Ar_HOMO|rate kobs (s-1)|ar2_lumo_hartree|ar1_q_a|ar1_nbo_q_a,0.6943755285916964,0.3995780136638233,2.449147136423128,LOOCV,ln(kobs) = <nonlinear model; no closed-form linear equation>
azoarene_svr_rbf_c10_eps01_g003,ln(kobs),5,ar2_Ar_HOMO|rate kobs (s-1)|ar2_lumo_hartree|ar1_q_a|ar1_Ar_NBO_OH,0.6943755285916964,0.3995780136638233,2.449147136423128,LOOCV,ln(kobs) = <nonlinear model; no closed-form linear equation>
azoarene_svr_rbf_c10_eps01_g003,ln(kobs),5,ar2_Ar_HOMO|rate kobs (s-1)|ar2_Ar_LUMO|ar1_q_a|ar1_nbo_q_a,0.6943755285916964,0.3995780136638233,2.449147136423128,LOOCV,ln(kobs) = <nonlinear model; no closed-form linear equation>
azoarene_svr_rbf_c10_eps01_g003,ln(kobs),5,ar2_Ar_HOMO|rate kobs (s-1)|ar2_Ar_LUMO|ar1_q_a|ar1_Ar_NBO_OH,0.6943755285916964,0.3995780136638233,2.449147136423128,LOOCV,ln(kobs) = <nonlinear model; no closed-form linear equation>
azoarene_svr_rbf_c10_eps01_g003,ln(kobs),5,ar2_homo_hartree|rate kobs (s-1)|ar2_lumo_hartree|ar1_q_a|ar1_nbo_q_a,0.6943755285916964,0.3995780136638233,2.449147136423128,LOOCV,ln(kobs) = <nonlinear model; no closed-form linear equation>
azoarene_svr_rbf_c10_eps01_g003,ln(kobs),5,ar2_homo_hartree|rate kobs (s-1)|ar2_lumo_hartree|ar1_q_a|ar1_Ar_NBO_OH,0.6943755285916964,0.3995780136638233,2.449147136423128,LOOCV,ln(kobs) = <nonlinear model; no closed-form linear equation>
azoarene_svr_rbf_c10_eps01_g003,ln(kobs),5,ar2_homo_hartree|rate kobs (s-1)|ar2_Ar_LUMO|ar1_q_a|ar1_nbo_q_a,0.6943755285916964,0.3995780136638233,2.449147136423128,LOOCV,ln(kobs) = <nonlinear model; no closed-form linear equation>
azoarene_svr_rbf_c10_eps01_g003,ln(kobs),5,ar2_homo_hartree|rate kobs (s-1)|ar2_Ar_LUMO|ar1_q_a|ar1_Ar_NBO_OH,0.6943755285916964,0.3995780136638233,2.449147136423128,LOOCV,ln(kobs) = <nonlinear model; no closed-form linear equation>
azoarene_svr_rbf_c10_eps01_g003,ln(kobs),3,ar2_Ar_HOMO|ar2_lumo_hartree|ar2_Ar_LUMO,0.48772138926553543,0.3981786062707333,3.170837061674037,LOOCV,ln(kobs) = <nonlinear model; no closed-form linear equation>
azoarene_svr_rbf_c10_eps01_g003,ln(kobs),3,ar2_homo_hartree|ar2_lumo_hartree|ar2_Ar_LUMO,0.48772138926553543,0.3981786062707333,3.170837061674037,LOOCV,ln(kobs) = <nonlinear model; no closed-form linear equation>
azoarene_svr_rbf_c10_eps01_g003,ln(kobs),5,ar2_Ar_HOMO|ar2_Ar_polar|rate kobs (s-1)|ar1_bond_length_c_a|ar1_q_a,0.6642339502193016,0.3979473328648051,2.567078827763284,LOOCV,ln(kobs) = <nonlinear model; no closed-form linear equation>
azoarene_svr_rbf_c10_eps01_g003,ln(kobs),5,ar2_Ar_HOMO|ar2_isotropic_polarizability_au|rate kobs (s-1)|ar1_bond_length_c_a|ar1_q_a,0.6642339502193016,0.3979473328648051,2.567078827763284,LOOCV,ln(kobs) = <nonlinear model; no closed-form linear equation>
azoarene_svr_rbf_c10_eps01_g003,ln(kobs),5,ar2_homo_hartree|ar2_Ar_polar|rate kobs (s-1)|ar1_bond_length_c_a|ar1_q_a,0.6642339502193016,0.3979473328648051,2.567078827763284,LOOCV,ln(kobs) = <nonlinear model; no closed-form linear equation>
azoarene_svr_rbf_c10_eps01_g003,ln(kobs),5,ar2_homo_hartree|ar2_isotropic_polarizability_au|rate kobs (s-1)|ar1_bond_length_c_a|ar1_q_a,0.6642339502193016,0.3979473328648051,2.567078827763284,LOOCV,ln(kobs) = <nonlinear model; no closed-form linear equation>
azoarene_svr_rbf_c10_eps01_g003,ln(kobs),5,ar2_Ar_HOMO|ar2_Ar_polar|ar2_lumo_hartree|ar1_q_a|ar1_bond_length_c_e,0.663183323657796,0.39774379258398684,2.5710919415195375,LOOCV,ln(kobs) = <nonlinear model; no closed-form linear equation>
azoarene_svr_rbf_c10_eps01_g003,ln(kobs),5,ar2_Ar_HOMO|ar2_Ar_polar|ar2_Ar_LUMO|ar1_q_a|ar1_bond_length_c_e,0.663183323657796,0.39774379258398684,2.5710919415195375,LOOCV,ln(kobs) = <nonlinear model; no closed-form linear equation>
azoarene_svr_rbf_c10_eps01_g003,ln(kobs),5,ar2_Ar_HOMO|ar2_isotropic_polarizability_au|ar2_lumo_hartree|ar1_q_a|ar1_bond_length_c_e,0.663183323657796,0.39774379258398684,2.5710919415195375,LOOCV,ln(kobs) = <nonlinear model; no closed-form linear equation>
azoarene_svr_rbf_c10_eps01_g003,ln(kobs),5,ar2_Ar_HOMO|ar2_isotropic_polarizability_au|ar2_Ar_LUMO|ar1_q_a|ar1_bond_length_c_e,0.663183323657796,0.39774379258398684,2.5710919415195375,LOOCV,ln(kobs) = <nonlinear model; no closed-form linear equation>
azoarene_svr_rbf_c10_eps01_g003,ln(kobs),5,ar2_homo_hartree|ar2_Ar_polar|ar2_lumo_hartree|ar1_q_a|ar1_bond_length_c_e,0.663183323657796,0.39774379258398684,2.5710919415195375,LOOCV,ln(kobs) = <nonlinear model; no closed-form linear equation>
azoarene_svr_rbf_c10_eps01_g003,ln(kobs),5,ar2_homo_hartree|ar2_Ar_polar|ar2_Ar_LUMO|ar1_q_a|ar1_bond_length_c_e,0.663183323657796,0.39774379258398684,2.5710919415195375,LOOCV,ln(kobs) = <nonlinear model; no closed-form linear equation>
azoarene_svr_rbf_c10_eps01_g003,ln(kobs),5,ar2_homo_hartree|ar2_isotropic_polarizability_au|ar2_lumo_hartree|ar1_q_a|ar1_bond_length_c_e,0.663183323657796,0.39774379258398684,2.5710919415195375,LOOCV,ln(kobs) = <nonlinear model; no closed-form linear equation>
azoarene_svr_rbf_c10_eps01_g003,ln(kobs),5,ar2_homo_hartree|ar2_isotropic_polarizability_au|ar2_Ar_LUMO|ar1_q_a|ar1_bond_length_c_e,0.663183323657796,0.39774379258398684,2.5710919415195375,LOOCV,ln(kobs) = <nonlinear model; no closed-form linear equation>
azoarene_svr_rbf_c10_eps01_g003,ln(kobs),3,ar2_Ar_HOMO|ar2_lumo_hartree|ar2_gap_hartree,0.4878918095531595,0.39770634632137036,3.1703095948796056,LOOCV,ln(kobs) = <nonlinear model; no closed-form linear equation>
azoarene_svr_rbf_c10_eps01_g003,ln(kobs),3,ar2_Ar_HOMO|ar2_Ar_LUMO|ar2_gap_hartree,0.4878918095531595,0.39770634632137036,3.1703095948796056,LOOCV,ln(kobs) = <nonlinear model; no closed-form linear equation>
azoarene_svr_rbf_c10_eps01_g003,ln(kobs),3,ar2_homo_hartree|ar2_lumo_hartree|ar2_gap_hartree,0.4878918095531595,0.39770634632137036,3.1703095948796056,LOOCV,ln(kobs) = <nonlinear model; no closed-form linear equation>
azoarene_svr_rbf_c10_eps01_g003,ln(kobs),3,ar2_homo_hartree|ar2_Ar_LUMO|ar2_gap_hartree,0.4878918095531595,0.39770634632137036,3.1703095948796056,LOOCV,ln(kobs) = <nonlinear model; no closed-form linear equation>
azoarene_svr_rbf_c10_eps01_g003,ln(kobs),3,ar2_Ar_HOMO|ar2_scf_energy_hartree|ar2_Ar_Ster_B5,0.5249193067760085,0.39739831599234365,3.053546268163089,LOOCV,ln(kobs) = <nonlinear model; no closed-form linear equation>
azoarene_svr_rbf_c10_eps01_g003,ln(kobs),3,ar2_Ar_HOMO|ar2_scf_energy_hartree|ar2_sterimol_B5,0.5249193067760085,0.39739831599234365,3.053546268163089,LOOCV,ln(kobs) = <nonlinear model; no closed-form linear equation>
azoarene_svr_rbf_c10_eps01_g003,ln(kobs),3,ar2_homo_hartree|ar2_scf_energy_hartree|ar2_Ar_Ster_B5,0.5249193067760085,0.39739831599234365,3.053546268163089,LOOCV,ln(kobs) = <nonlinear model; no closed-form linear equation>
azoarene_svr_rbf_c10_eps01_g003,ln(kobs),3,ar2_homo_hartree|ar2_scf_energy_hartree|ar2_sterimol_B5,0.5249193067760085,0.39739831599234365,3.053546268163089,LOOCV,ln(kobs) = <nonlinear model; no closed-form linear equation>
azoarene_svr_rbf_c10_eps01_g003,ln(kobs),3,ar2_Ar_HOMO|ar2_enthalpy_hartree|ar2_Ar_Ster_B5,0.5249210172557681,0.3973836375173556,3.0535407711666176,LOOCV,ln(kobs) = <nonlinear model; no closed-form linear equation>
azoarene_svr_rbf_c10_eps01_g003,ln(kobs),3,ar2_Ar_HOMO|ar2_enthalpy_hartree|ar2_sterimol_B5,0.5249210172557681,0.3973836375173556,3.0535407711666176,LOOCV,ln(kobs) = <nonlinear model; no closed-form linear equation>
azoarene_svr_rbf_c10_eps01_g003,ln(kobs),3,ar2_homo_hartree|ar2_enthalpy_hartree|ar2_Ar_Ster_B5,0.5249210172557681,0.3973836375173556,3.0535407711666176,LOOCV,ln(kobs) = <nonlinear model; no closed-form linear equation>
azoarene_svr_rbf_c10_eps01_g003,ln(kobs),3,ar2_homo_hartree|ar2_enthalpy_hartree|ar2_sterimol_B5,0.5249210172557681,0.3973836375173556,3.0535407711666176,LOOCV,ln(kobs) = <nonlinear model; no closed-form linear equation>
azoarene_svr_rbf_c10_eps01_g003,ln(kobs),3,ar2_Ar_HOMO|ar2_gibbs_free_energy_hartree|ar2_Ar_Ster_B5,0.5249207994270306,0.39737387010244396,3.0535414712069047,LOOCV,ln(kobs) = <nonlinear model; no closed-form linear equation>
azoarene_svr_rbf_c10_eps01_g003,ln(kobs),3,ar2_Ar_HOMO|ar2_gibbs_free_energy_hartree|ar2_sterimol_B5,0.5249207994270306,0.39737387010244396,3.0535414712069047,LOOCV,ln(kobs) = <nonlinear model; no closed-form linear equation>
azoarene_svr_rbf_c10_eps01_g003,ln(kobs),3,ar2_homo_hartree|ar2_gibbs_free_energy_hartree|ar2_Ar_Ster_B5,0.5249207994270306,0.39737387010244396,3.0535414712069047,LOOCV,ln(kobs) = <nonlinear model; no closed-form linear equation>
azoarene_svr_rbf_c10_eps01_g003,ln(kobs),3,ar2_homo_hartree|ar2_gibbs_free_energy_hartree|ar2_sterimol_B5,0.5249207994270306,0.39737387010244396,3.0535414712069047,LOOCV,ln(kobs) = <nonlinear model; no closed-form linear equation>
azoarene_svr_rbf_c10_eps01_g003,ln(kobs),4,ar2_Ar_HOMO|ar2_Ar_polar|ar1_q_a|ar1_nbo_q_a,0.6143572319912456,0.3973209008535189,2.751144551852096,LOOCV,ln(kobs) = <nonlinear model; no closed-form linear equation>
azoarene_svr_rbf_c10_eps01_g003,ln(kobs),4,ar2_Ar_HOMO|ar2_Ar_polar|ar1_q_a|ar1_Ar_NBO_OH,0.6143572319912456,0.3973209008535189,2.751144551852096,LOOCV,ln(kobs) = <nonlinear model; no closed-form linear equation>
azoarene_svr_rbf_c10_eps01_g003,ln(kobs),4,ar2_Ar_HOMO|ar2_isotropic_polarizability_au|ar1_q_a|ar1_nbo_q_a,0.6143572319912456,0.3973209008535189,2.751144551852096,LOOCV,ln(kobs) = <nonlinear model; no closed-form linear equation>
azoarene_svr_rbf_c10_eps01_g003,ln(kobs),4,ar2_Ar_HOMO|ar2_isotropic_polarizability_au|ar1_q_a|ar1_Ar_NBO_OH,0.6143572319912456,0.3973209008535189,2.751144551852096,LOOCV,ln(kobs) = <nonlinear model; no closed-form linear equation>
azoarene_svr_rbf_c10_eps01_g003,ln(kobs),4,ar2_homo_hartree|ar2_Ar_polar|ar1_q_a|ar1_nbo_q_a,0.6143572319912456,0.3973209008535189,2.751144551852096,LOOCV,ln(kobs) = <nonlinear model; no closed-form linear equation>
azoarene_svr_rbf_c10_eps01_g003,ln(kobs),4,ar2_homo_hartree|ar2_Ar_polar|ar1_q_a|ar1_Ar_NBO_OH,0.6143572319912456,0.3973209008535189,2.751144551852096,LOOCV,ln(kobs) = <nonlinear model; no closed-form linear equation>
azoarene_svr_rbf_c10_eps01_g003,ln(kobs),4,ar2_homo_hartree|ar2_isotropic_polarizability_au|ar1_q_a|ar1_nbo_q_a,0.6143572319912456,0.3973209008535189,2.751144551852096,LOOCV,ln(kobs) = <nonlinear model; no closed-form linear equation>
azoarene_svr_rbf_c10_eps01_g003,ln(kobs),4,ar2_homo_hartree|ar2_isotropic_polarizability_au|ar1_q_a|ar1_Ar_NBO_OH,0.6143572319912456,0.3973209008535189,2.751144551852096,LOOCV,ln(kobs) = <nonlinear model; no closed-form linear equation>
azoarene_svr_rbf_c10_eps01_g003,ln(kobs),5,ar2_Ar_HOMO|rate kobs (s-1)|ar2_gap_hartree|ar1_q_a|ar1_bond_length_c_e,0.6580410175464797,0.3965003436724147,2.590644506051772,LOOCV,ln(kobs) = <nonlinear model; no closed-form linear equation>
azoarene_svr_rbf_c10_eps01_g003,ln(kobs),5,ar2_homo_hartree|rate kobs (s-1)|ar2_gap_hartree|ar1_q_a|ar1_bond_length_c_e,0.6580410175464797,0.3965003436724147,2.590644506051772,LOOCV,ln(kobs) = <nonlinear model; no closed-form linear equation>
azoarene_svr_rbf_c10_eps01_g003,ln(kobs),4,ar2_Ar_HOMO|rate kobs (s-1)|ar1_bond_length_c_a|ar1_bond_length_c_e,0.6416409955474702,0.39603740469964166,2.652039418388057,LOOCV,ln(kobs) = <nonlinear model; no closed-form linear equation>
azoarene_svr_rbf_c10_eps01_g003,ln(kobs),4,ar2_homo_hartree|rate kobs (s-1)|ar1_bond_length_c_a|ar1_bond_length_c_e,0.6416409955474702,0.39603740469964166,2.652039418388057,LOOCV,ln(kobs) = <nonlinear model; no closed-form linear equation>
azoarene_svr_rbf_c10_eps01_g003,ln(kobs),5,rate kobs (s-1)|ar1_bond_length_c_a|ar2_lumo_hartree|ar2_Ar_LUMO|ar2_Ar_Ster_B5,0.6486728629230072,0.3951340479689146,2.6258908055360903,LOOCV,ln(kobs) = <nonlinear model; no closed-form linear equation>
azoarene_svr_rbf_c10_eps01_g003,ln(kobs),5,rate kobs (s-1)|ar1_bond_length_c_a|ar2_lumo_hartree|ar2_Ar_LUMO|ar2_sterimol_B5,0.6486728629230072,0.3951340479689146,2.6258908055360903,LOOCV,ln(kobs) = <nonlinear model; no closed-form linear equation>
azoarene_svr_rbf_c10_eps01_g003,ln(kobs),5,rate kobs (s-1)|ar1_bond_length_c_a|ar2_lumo_hartree|ar2_gap_hartree|ar2_Ar_Ster_B5,0.6493410785391183,0.3948890586095821,2.623392426984786,LOOCV,ln(kobs) = <nonlinear model; no closed-form linear equation>
azoarene_svr_rbf_c10_eps01_g003,ln(kobs),5,rate kobs (s-1)|ar1_bond_length_c_a|ar2_lumo_hartree|ar2_gap_hartree|ar2_sterimol_B5,0.6493410785391183,0.3948890586095821,2.623392426984786,LOOCV,ln(kobs) = <nonlinear model; no closed-form linear equation>
azoarene_svr_rbf_c10_eps01_g003,ln(kobs),5,rate kobs (s-1)|ar1_bond_length_c_a|ar2_Ar_LUMO|ar2_gap_hartree|ar2_Ar_Ster_B5,0.6493410785391183,0.3948890586095821,2.623392426984786,LOOCV,ln(kobs) = <nonlinear model; no closed-form linear equation>
azoarene_svr_rbf_c10_eps01_g003,ln(kobs),5,rate kobs (s-1)|ar1_bond_length_c_a|ar2_Ar_LUMO|ar2_gap_hartree|ar2_sterimol_B5,0.6493410785391183,0.3948890586095821,2.623392426984786,LOOCV,ln(kobs) = <nonlinear model; no closed-form linear equation>
azoarene_svr_rbf_c10_eps01_g003,ln(kobs),5,ar2_Ar_HOMO|ar2_Ar_polar|ar2_gap_hartree|ar1_q_a|ar1_bond_length_c_e,0.6626710349049014,0.3946985003134257,2.573046478101966,LOOCV,ln(kobs) = <nonlinear model; no closed-form linear equation>
azoarene_svr_rbf_c10_eps01_g003,ln(kobs),5,ar2_Ar_HOMO|ar2_isotropic_polarizability_au|ar2_gap_hartree|ar1_q_a|ar1_bond_length_c_e,0.6626710349049014,0.3946985003134257,2.573046478101966,LOOCV,ln(kobs) = <nonlinear model; no closed-form linear equation>
azoarene_svr_rbf_c10_eps01_g003,ln(kobs),5,ar2_homo_hartree|ar2_Ar_polar|ar2_gap_hartree|ar1_q_a|ar1_bond_length_c_e,0.6626710349049014,0.3946985003134257,2.573046478101966,LOOCV,ln(kobs) = <nonlinear model; no closed-form linear equation>
azoarene_svr_rbf_c10_eps01_g003,ln(kobs),5,ar2_homo_hartree|ar2_isotropic_polarizability_au|ar2_gap_hartree|ar1_q_a|ar1_bond_length_c_e,0.6626710349049014,0.3946985003134257,2.573046478101966,LOOCV,ln(kobs) = <nonlinear model; no closed-form linear equation>
azoarene_svr_rbf_c10_eps01_g003,ln(kobs),5,ar2_Ar_HOMO|rate kobs (s-1)|ar1_bond_length_c_a|ar1_bond_length_c_e|ar1_nbo_q_a,0.6826007616141723,0.3944504083061471,2.49588030668044,LOOCV,ln(kobs) = <nonlinear model; no closed-form linear equation>
azoarene_svr_rbf_c10_eps01_g003,ln(kobs),5,ar2_Ar_HOMO|rate kobs (s-1)|ar1_bond_length_c_a|ar1_bond_length_c_e|ar1_Ar_NBO_OH,0.6826007616141723,0.3944504083061471,2.49588030668044,LOOCV,ln(kobs) = <nonlinear model; no closed-form linear equation>
azoarene_svr_rbf_c10_eps01_g003,ln(kobs),5,ar2_homo_hartree|rate kobs (s-1)|ar1_bond_length_c_a|ar1_bond_length_c_e|ar1_nbo_q_a,0.6826007616141723,0.3944504083061471,2.49588030668044,LOOCV,ln(kobs) = <nonlinear model; no closed-form linear equation>
azoarene_svr_rbf_c10_eps01_g003,ln(kobs),5,ar2_homo_hartree|rate kobs (s-1)|ar1_bond_length_c_a|ar1_bond_length_c_e|ar1_Ar_NBO_OH,0.6826007616141723,0.3944504083061471,2.49588030668044,LOOCV,ln(kobs) = <nonlinear model; no closed-form linear equation>
azoarene_svr_rbf_c10_eps01_g003,ln(kobs),5,ar2_Ar_HOMO|rate kobs (s-1)|ar2_lumo_hartree|ar1_q_a|ar1_bond_length_c_e,0.6573062946618456,0.3941974616682141,2.5934261035514483,LOOCV,ln(kobs) = <nonlinear model; no closed-form linear equation>
azoarene_svr_rbf_c10_eps01_g003,ln(kobs),5,ar2_Ar_HOMO|rate kobs (s-1)|ar2_Ar_LUMO|ar1_q_a|ar1_bond_length_c_e,0.6573062946618456,0.3941974616682141,2.5934261035514483,LOOCV,ln(kobs) = <nonlinear model; no closed-form linear equation>
azoarene_svr_rbf_c10_eps01_g003,ln(kobs),5,ar2_homo_hartree|rate kobs (s-1)|ar2_lumo_hartree|ar1_q_a|ar1_bond_length_c_e,0.6573062946618456,0.3941974616682141,2.5934261035514483,LOOCV,ln(kobs) = <nonlinear model; no closed-form linear equation>
azoarene_svr_rbf_c10_eps01_g003,ln(kobs),5,ar2_homo_hartree|rate kobs (s-1)|ar2_Ar_LUMO|ar1_q_a|ar1_bond_length_c_e,0.6573062946618456,0.3941974616682141,2.5934261035514483,LOOCV,ln(kobs) = <nonlinear model; no closed-form linear equation>
azoarene_svr_rbf_c10_eps01_g003,ln(kobs),5,ar2_Ar_HOMO|rate kobs (s-1)|ar1_bond_length_c_e|ar1_nbo_q_a|ar1_Ar_NBO_OH,0.6884131746819111,0.39370789348081603,2.4729216533004843,LOOCV,ln(kobs) = <nonlinear model; no closed-form linear equation>
azoarene_svr_rbf_c10_eps01_g003,ln(kobs),5,ar2_homo_hartree|rate kobs (s-1)|ar1_bond_length_c_e|ar1_nbo_q_a|ar1_Ar_NBO_OH,0.6884131746819111,0.39370789348081603,2.4729216533004843,LOOCV,ln(kobs) = <nonlinear model; no closed-form linear equation>
azoarene_svr_rbf_c10_eps01_g003,ln(kobs),3,ar2_Ar_HOMO|ar1_bond_length_c_e|ar1_nbo_q_a,0.6126113685119511,0.39322316152291703,2.757364944597386,LOOCV,ln(kobs) = <nonlinear model; no closed-form linear equation>
azoarene_svr_rbf_c10_eps01_g003,ln(kobs),3,ar2_Ar_HOMO|ar1_bond_length_c_e|ar1_Ar_NBO_OH,0.6126113685119511,0.39322316152291703,2.757364944597386,LOOCV,ln(kobs) = <nonlinear model; no closed-form linear equation>
azoarene_svr_rbf_c10_eps01_g003,ln(kobs),3,ar2_homo_hartree|ar1_bond_length_c_e|ar1_nbo_q_a,0.6126113685119511,0.39322316152291703,2.757364944597386,LOOCV,ln(kobs) = <nonlinear model; no closed-form linear equation>
azoarene_svr_rbf_c10_eps01_g003,ln(kobs),3,ar2_homo_hartree|ar1_bond_length_c_e|ar1_Ar_NBO_OH,0.6126113685119511,0.39322316152291703,2.757364944597386,LOOCV,ln(kobs) = <nonlinear model; no closed-form linear equation>
azoarene_svr_rbf_c10_eps01_g003,ln(kobs),4,ar2_lumo_hartree|ar2_Ar_LUMO|ar1_q_a|ar2_Ar_Ster_B5,0.5921270356741984,0.39242274728396487,2.8293278454851496,LOOCV,ln(kobs) = <nonlinear model; no closed-form linear equation>
azoarene_svr_rbf_c10_eps01_g003,ln(kobs),4,ar2_lumo_hartree|ar2_Ar_LUMO|ar1_q_a|ar2_sterimol_B5,0.5921270356741984,0.39242274728396487,2.8293278454851496,LOOCV,ln(kobs) = <nonlinear model; no closed-form linear equation>
azoarene_svr_rbf_c10_eps01_g003,ln(kobs),4,ar2_Ar_HOMO|rate kobs (s-1)|ar1_q_a|ar1_nbo_q_a,0.668417809278556,0.39061057537908583,2.5510349724651213,LOOCV,ln(kobs) = <nonlinear model; no closed-form linear equation>
azoarene_svr_rbf_c10_eps01_g003,ln(kobs),4,ar2_Ar_HOMO|rate kobs (s-1)|ar1_q_a|ar1_Ar_NBO_OH,0.668417809278556,0.39061057537908583,2.5510349724651213,LOOCV,ln(kobs) = <nonlinear model; no closed-form linear equation>
azoarene_svr_rbf_c10_eps01_g003,ln(kobs),4,ar2_homo_hartree|rate kobs (s-1)|ar1_q_a|ar1_nbo_q_a,0.668417809278556,0.39061057537908583,2.5510349724651213,LOOCV,ln(kobs) = <nonlinear model; no closed-form linear equation>
azoarene_svr_rbf_c10_eps01_g003,ln(kobs),4,ar2_homo_hartree|rate kobs (s-1)|ar1_q_a|ar1_Ar_NBO_OH,0.668417809278556,0.39061057537908583,2.5510349724651213,LOOCV,ln(kobs) = <nonlinear model; no closed-form linear equation>
azoarene_svr_rbf_c10_eps01_g003,ln(kobs),3,ar1_bond_length_c_a|ar2_gap_hartree|ar2_Ar_Ster_B5,0.5730037878268834,0.38991460430283476,2.89489506163697,LOOCV,ln(kobs) = <nonlinear model; no closed-form linear equation>
azoarene_svr_rbf_c10_eps01_g003,ln(kobs),3,ar1_bond_length_c_a|ar2_gap_hartree|ar2_sterimol_B5,0.5730037878268834,0.38991460430283476,2.89489506163697,LOOCV,ln(kobs) = <nonlinear model; no closed-form linear equation>
azoarene_svr_rbf_c10_eps01_g003,ln(kobs),4,ar2_lumo_hartree|ar2_gap_hartree|ar1_q_a|ar2_Ar_Ster_B5,0.5917406289803359,0.3885841861914716,2.830667738667172,LOOCV,ln(kobs) = <nonlinear model; no closed-form linear equation>
azoarene_svr_rbf_c10_eps01_g003,ln(kobs),4,ar2_lumo_hartree|ar2_gap_hartree|ar1_q_a|ar2_sterimol_B5,0.5917406289803359,0.3885841861914716,2.830667738667172,LOOCV,ln(kobs) = <nonlinear model; no closed-form linear equation>
azoarene_svr_rbf_c10_eps01_g003,ln(kobs),4,ar2_Ar_LUMO|ar2_gap_hartree|ar1_q_a|ar2_Ar_Ster_B5,0.5917406289803359,0.3885841861914716,2.830667738667172,LOOCV,ln(kobs) = <nonlinear model; no closed-form linear equation>
azoarene_svr_rbf_c10_eps01_g003,ln(kobs),4,ar2_Ar_LUMO|ar2_gap_hartree|ar1_q_a|ar2_sterimol_B5,0.5917406289803359,0.3885841861914716,2.830667738667172,LOOCV,ln(kobs) = <nonlinear model; no closed-form linear equation>
azoarene_svr_rbf_c10_eps01_g003,ln(kobs),4,ar2_Ar_HOMO|ar1_bond_length_c_e|ar1_nbo_q_a|ar1_Ar_NBO_OH,0.6283672629016996,0.3864852740184297,2.700709027729085,LOOCV,ln(kobs) = <nonlinear model; no closed-form linear equation>
azoarene_svr_rbf_c10_eps01_g003,ln(kobs),4,ar2_homo_hartree|ar1_bond_length_c_e|ar1_nbo_q_a|ar1_Ar_NBO_OH,0.6283672629016996,0.3864852740184297,2.700709027729085,LOOCV,ln(kobs) = <nonlinear model; no closed-form linear equation>
azoarene_svr_rbf_c10_eps01_g003,ln(kobs),5,ar2_Ar_HOMO|ar2_scf_energy_hartree|ar2_lumo_hartree|ar1_q_a|ar1_bond_length_c_e,0.6442498434416201,0.38568948831228544,2.642368382443564,LOOCV,ln(kobs) = <nonlinear model; no closed-form linear equation>
azoarene_svr_rbf_c10_eps01_g003,ln(kobs),5,ar2_Ar_HOMO|ar2_scf_energy_hartree|ar2_Ar_LUMO|ar1_q_a|ar1_bond_length_c_e,0.6442498434416201,0.38568948831228544,2.642368382443564,LOOCV,ln(kobs) = <nonlinear model; no closed-form linear equation>
azoarene_svr_rbf_c10_eps01_g003,ln(kobs),5,ar2_homo_hartree|ar2_scf_energy_hartree|ar2_lumo_hartree|ar1_q_a|ar1_bond_length_c_e,0.6442498434416201,0.38568948831228544,2.642368382443564,LOOCV,ln(kobs) = <nonlinear model; no closed-form linear equation>
azoarene_svr_rbf_c10_eps01_g003,ln(kobs),5,ar2_homo_hartree|ar2_scf_energy_hartree|ar2_Ar_LUMO|ar1_q_a|ar1_bond_length_c_e,0.6442498434416201,0.38568948831228544,2.642368382443564,LOOCV,ln(kobs) = <nonlinear model; no closed-form linear equation>
azoarene_svr_rbf_c10_eps01_g003,ln(kobs),5,ar2_Ar_HOMO|ar2_enthalpy_hartree|ar2_lumo_hartree|ar1_q_a|ar1_bond_length_c_e,0.6442580113190279,0.38558457603838336,2.6423380484233263,LOOCV,ln(kobs) = <nonlinear model; no closed-form linear equation>
azoarene_svr_rbf_c10_eps01_g003,ln(kobs),5,ar2_Ar_HOMO|ar2_enthalpy_hartree|ar2_Ar_LUMO|ar1_q_a|ar1_bond_length_c_e,0.6442580113190279,0.38558457603838336,2.6423380484233263,LOOCV,ln(kobs) = <nonlinear model; no closed-form linear equation>
azoarene_svr_rbf_c10_eps01_g003,ln(kobs),5,ar2_homo_hartree|ar2_enthalpy_hartree|ar2_lumo_hartree|ar1_q_a|ar1_bond_length_c_e,0.6442580113190279,0.38558457603838336,2.6423380484233263,LOOCV,ln(kobs) = <nonlinear model; no closed-form linear equation>
azoarene_svr_rbf_c10_eps01_g003,ln(kobs),5,ar2_homo_hartree|ar2_enthalpy_hartree|ar2_Ar_LUMO|ar1_q_a|ar1_bond_length_c_e,0.6442580113190279,0.38558457603838336,2.6423380484233263,LOOCV,ln(kobs) = <nonlinear model; no closed-form linear equation>
azoarene_svr_rbf_c10_eps01_g003,ln(kobs),5,ar2_Ar_HOMO|ar2_gibbs_free_energy_hartree|ar2_lumo_hartree|ar1_q_a|ar1_bond_length_c_e,0.6442581000591747,0.3855828911196737,2.6423377188565498,LOOCV,ln(kobs) = <nonlinear model; no closed-form linear equation>
azoarene_svr_rbf_c10_eps01_g003,ln(kobs),5,ar2_Ar_HOMO|ar2_gibbs_free_energy_hartree|ar2_Ar_LUMO|ar1_q_a|ar1_bond_length_c_e,0.6442581000591747,0.3855828911196737,2.6423377188565498,LOOCV,ln(kobs) = <nonlinear model; no closed-form linear equation>
azoarene_svr_rbf_c10_eps01_g003,ln(kobs),5,ar2_homo_hartree|ar2_gibbs_free_energy_hartree|ar2_lumo_hartree|ar1_q_a|ar1_bond_length_c_e,0.6442581000591747,0.3855828911196737,2.6423377188565498,LOOCV,ln(kobs) = <nonlinear model; no closed-form linear equation>
azoarene_svr_rbf_c10_eps01_g003,ln(kobs),5,ar2_homo_hartree|ar2_gibbs_free_energy_hartree|ar2_Ar_LUMO|ar1_q_a|ar1_bond_length_c_e,0.6442581000591747,0.3855828911196737,2.6423377188565498,LOOCV,ln(kobs) = <nonlinear model; no closed-form linear equation>
azoarene_svr_rbf_c10_eps01_g003,ln(kobs),5,ar2_Ar_HOMO|ar2_scf_energy_hartree|ar2_gap_hartree|ar1_q_a|ar1_bond_length_c_e,0.6448126091056934,0.3852006943940387,2.64027755728832,LOOCV,ln(kobs) = <nonlinear model; no closed-form linear equation>
azoarene_svr_rbf_c10_eps01_g003,ln(kobs),5,ar2_homo_hartree|ar2_scf_energy_hartree|ar2_gap_hartree|ar1_q_a|ar1_bond_length_c_e,0.6448126091056934,0.3852006943940387,2.64027755728832,LOOCV,ln(kobs) = <nonlinear model; no closed-form linear equation>
azoarene_svr_rbf_c10_eps01_g003,ln(kobs),5,ar2_Ar_HOMO|ar2_gibbs_free_energy_hartree|ar2_gap_hartree|ar1_q_a|ar1_bond_length_c_e,0.6448400011481202,0.38508829865225624,2.6401757462567983,LOOCV,ln(kobs) = <nonlinear model; no closed-form linear equation>
azoarene_svr_rbf_c10_eps01_g003,ln(kobs),5,ar2_homo_hartree|ar2_gibbs_free_energy_hartree|ar2_gap_hartree|ar1_q_a|ar1_bond_length_c_e,0.6448400011481202,0.38508829865225624,2.6401757462567983,LOOCV,ln(kobs) = <nonlinear model; no closed-form linear equation>
azoarene_svr_rbf_c10_eps01_g003,ln(kobs),5,ar2_Ar_HOMO|ar2_enthalpy_hartree|ar2_gap_hartree|ar1_q_a|ar1_bond_length_c_e,0.6448398447650393,0.38508254931361374,2.6401763275142223,LOOCV,ln(kobs) = <nonlinear model; no closed-form linear equation>
azoarene_svr_rbf_c10_eps01_g003,ln(kobs),5,ar2_homo_hartree|ar2_enthalpy_hartree|ar2_gap_hartree|ar1_q_a|ar1_bond_length_c_e,0.6448398447650393,0.38508254931361374,2.6401763275142223,LOOCV,ln(kobs) = <nonlinear model; no closed-form linear equation>
azoarene_svr_rbf_c10_eps01_g003,ln(kobs),3,ar2_Ar_polar|ar1_q_a|ar2_Ar_Ster_B5,0.4798294066353661,0.3839389477982206,3.1951681066877677,LOOCV,ln(kobs) = <nonlinear model; no closed-form linear equation>
azoarene_svr_rbf_c10_eps01_g003,ln(kobs),3,ar2_Ar_polar|ar1_q_a|ar2_sterimol_B5,0.4798294066353661,0.3839389477982206,3.1951681066877677,LOOCV,ln(kobs) = <nonlinear model; no closed-form linear equation>
azoarene_svr_rbf_c10_eps01_g003,ln(kobs),3,ar2_isotropic_polarizability_au|ar1_q_a|ar2_Ar_Ster_B5,0.4798294066353661,0.3839389477982206,3.1951681066877677,LOOCV,ln(kobs) = <nonlinear model; no closed-form linear equation>
azoarene_svr_rbf_c10_eps01_g003,ln(kobs),3,ar2_isotropic_polarizability_au|ar1_q_a|ar2_sterimol_B5,0.4798294066353661,0.3839389477982206,3.1951681066877677,LOOCV,ln(kobs) = <nonlinear model; no closed-form linear equation>
azoarene_svr_rbf_c10_eps01_g003,ln(kobs),4,ar2_Ar_HOMO|ar1_q_a|ar1_bond_length_c_e|ar2_Ar_Ster_B5,0.6188699829332212,0.38356088494984275,2.735000382033743,LOOCV,ln(kobs) = <nonlinear model; no closed-form linear equation>
azoarene_svr_rbf_c10_eps01_g003,ln(kobs),4,ar2_Ar_HOMO|ar1_q_a|ar1_bond_length_c_e|ar2_sterimol_B5,0.6188699829332212,0.38356088494984275,2.735000382033743,LOOCV,ln(kobs) = <nonlinear model; no closed-form linear equation>
azoarene_svr_rbf_c10_eps01_g003,ln(kobs),4,ar2_homo_hartree|ar1_q_a|ar1_bond_length_c_e|ar2_Ar_Ster_B5,0.6188699829332212,0.38356088494984275,2.735000382033743,LOOCV,ln(kobs) = <nonlinear model; no closed-form linear equation>
azoarene_svr_rbf_c10_eps01_g003,ln(kobs),4,ar2_homo_hartree|ar1_q_a|ar1_bond_length_c_e|ar2_sterimol_B5,0.6188699829332212,0.38356088494984275,2.735000382033743,LOOCV,ln(kobs) = <nonlinear model; no closed-form linear equation>
azoarene_svr_rbf_c10_eps01_g003,ln(kobs),4,ar2_Ar_HOMO|ar2_lumo_hartree|ar1_q_a|ar1_nbo_q_a,0.6011030061779202,0.3831136679799082,2.7980224572358865,LOOCV,ln(kobs) = <nonlinear model; no closed-form linear equation>
azoarene_svr_rbf_c10_eps01_g003,ln(kobs),4,ar2_Ar_HOMO|ar2_lumo_hartree|ar1_q_a|ar1_Ar_NBO_OH,0.6011030061779202,0.3831136679799082,2.7980224572358865,LOOCV,ln(kobs) = <nonlinear model; no closed-form linear equation>
azoarene_svr_rbf_c10_eps01_g003,ln(kobs),4,ar2_Ar_HOMO|ar2_Ar_LUMO|ar1_q_a|ar1_nbo_q_a,0.6011030061779202,0.3831136679799082,2.7980224572358865,LOOCV,ln(kobs) = <nonlinear model; no closed-form linear equation>
azoarene_svr_rbf_c10_eps01_g003,ln(kobs),4,ar2_Ar_HOMO|ar2_Ar_LUMO|ar1_q_a|ar1_Ar_NBO_OH,0.6011030061779202,0.3831136679799082,2.7980224572358865,LOOCV,ln(kobs) = <nonlinear model; no closed-form linear equation>
azoarene_svr_rbf_c10_eps01_g003,ln(kobs),4,ar2_homo_hartree|ar2_lumo_hartree|ar1_q_a|ar1_nbo_q_a,0.6011030061779202,0.3831136679799082,2.7980224572358865,LOOCV,ln(kobs) = <nonlinear model; no closed-form linear equation>
azoarene_svr_rbf_c10_eps01_g003,ln(kobs),4,ar2_homo_hartree|ar2_lumo_hartree|ar1_q_a|ar1_Ar_NBO_OH,0.6011030061779202,0.3831136679799082,2.7980224572358865,LOOCV,ln(kobs) = <nonlinear model; no closed-form linear equation>
azoarene_svr_rbf_c10_eps01_g003,ln(kobs),4,ar2_homo_hartree|ar2_Ar_LUMO|ar1_q_a|ar1_nbo_q_a,0.6011030061779202,0.3831136679799082,2.7980224572358865,LOOCV,ln(kobs) = <nonlinear model; no closed-form linear equation>
azoarene_svr_rbf_c10_eps01_g003,ln(kobs),4,ar2_homo_hartree|ar2_Ar_LUMO|ar1_q_a|ar1_Ar_NBO_OH,0.6011030061779202,0.3831136679799082,2.7980224572358865,LOOCV,ln(kobs) = <nonlinear model; no closed-form linear equation>
azoarene_svr_rbf_c10_eps01_g003,ln(kobs),3,rate kobs (s-1)|ar1_bond_length_c_a|ar2_Ar_Ster_B5,0.5105849531167954,0.3819091428082946,3.0992704313979265,LOOCV,ln(kobs) = <nonlinear model; no closed-form linear equation>
azoarene_svr_rbf_c10_eps01_g003,ln(kobs),3,rate kobs (s-1)|ar1_bond_length_c_a|ar2_sterimol_B5,0.5105849531167954,0.3819091428082946,3.0992704313979265,LOOCV,ln(kobs) = <nonlinear model; no closed-form linear equation>
azoarene_svr_rbf_c10_eps01_g003,ln(kobs),3,ar2_lumo_hartree|ar2_Ar_Ster_B5|ar1_nbo_q_a,0.5536991346621083,0.3811625626102707,2.9596113123043497,LOOCV,ln(kobs) = <nonlinear model; no closed-form linear equation>
azoarene_svr_rbf_c10_eps01_g003,ln(kobs),3,ar2_lumo_hartree|ar2_Ar_Ster_B5|ar1_Ar_NBO_OH,0.5536991346621083,0.3811625626102707,2.9596113123043497,LOOCV,ln(kobs) = <nonlinear model; no closed-form linear equation>
azoarene_svr_rbf_c10_eps01_g003,ln(kobs),3,ar2_lumo_hartree|ar2_sterimol_B5|ar1_nbo_q_a,0.5536991346621083,0.3811625626102707,2.9596113123043497,LOOCV,ln(kobs) = <nonlinear model; no closed-form linear equation>
azoarene_svr_rbf_c10_eps01_g003,ln(kobs),3,ar2_lumo_hartree|ar2_sterimol_B5|ar1_Ar_NBO_OH,0.5536991346621083,0.3811625626102707,2.9596113123043497,LOOCV,ln(kobs) = <nonlinear model; no closed-form linear equation>
azoarene_svr_rbf_c10_eps01_g003,ln(kobs),3,ar2_Ar_LUMO|ar2_Ar_Ster_B5|ar1_nbo_q_a,0.5536991346621083,0.3811625626102707,2.9596113123043497,LOOCV,ln(kobs) = <nonlinear model; no closed-form linear equation>
azoarene_svr_rbf_c10_eps01_g003,ln(kobs),3,ar2_Ar_LUMO|ar2_Ar_Ster_B5|ar1_Ar_NBO_OH,0.5536991346621083,0.3811625626102707,2.9596113123043497,LOOCV,ln(kobs) = <nonlinear model; no closed-form linear equation>
azoarene_svr_rbf_c10_eps01_g003,ln(kobs),3,ar2_Ar_LUMO|ar2_sterimol_B5|ar1_nbo_q_a,0.5536991346621083,0.3811625626102707,2.9596113123043497,LOOCV,ln(kobs) = <nonlinear model; no closed-form linear equation>
azoarene_svr_rbf_c10_eps01_g003,ln(kobs),3,ar2_Ar_LUMO|ar2_sterimol_B5|ar1_Ar_NBO_OH,0.5536991346621083,0.3811625626102707,2.9596113123043497,LOOCV,ln(kobs) = <nonlinear model; no closed-form linear equation>
azoarene_svr_rbf_c10_eps01_g003,ln(kobs),4,ar2_Ar_HOMO|rate kobs (s-1)|ar1_bond_length_c_a|ar1_q_a,0.6422809018272846,0.3799922454108621,2.64967054398487,LOOCV,ln(kobs) = <nonlinear model; no closed-form linear equation>
azoarene_svr_rbf_c10_eps01_g003,ln(kobs),4,ar2_homo_hartree|rate kobs (s-1)|ar1_bond_length_c_a|ar1_q_a,0.6422809018272846,0.3799922454108621,2.64967054398487,LOOCV,ln(kobs) = <nonlinear model; no closed-form linear equation>
azoarene_svr_rbf_c10_eps01_g003,ln(kobs),4,ar2_Ar_HOMO|ar2_gap_hartree|ar1_q_a|ar1_nbo_q_a,0.601050394226043,0.37923801231093823,2.7982069717490026,LOOCV,ln(kobs) = <nonlinear model; no closed-form linear equation>
azoarene_svr_rbf_c10_eps01_g003,ln(kobs),4,ar2_Ar_HOMO|ar2_gap_hartree|ar1_q_a|ar1_Ar_NBO_OH,0.601050394226043,0.37923801231093823,2.7982069717490026,LOOCV,ln(kobs) = <nonlinear model; no closed-form linear equation>
azoarene_svr_rbf_c10_eps01_g003,ln(kobs),4,ar2_homo_hartree|ar2_gap_hartree|ar1_q_a|ar1_nbo_q_a,0.601050394226043,0.37923801231093823,2.7982069717490026,LOOCV,ln(kobs) = <nonlinear model; no closed-form linear equation>
azoarene_svr_rbf_c10_eps01_g003,ln(kobs),4,ar2_homo_hartree|ar2_gap_hartree|ar1_q_a|ar1_Ar_NBO_OH,0.601050394226043,0.37923801231093823,2.7982069717490026,LOOCV,ln(kobs) = <nonlinear model; no closed-form linear equation>
azoarene_svr_rbf_c10_eps01_g003,ln(kobs),3,ar2_Ar_polar|ar1_bond_length_c_a|ar2_Ar_Ster_B5,0.46238254577658466,0.37774837365050407,3.2483101875623315,LOOCV,ln(kobs) = <nonlinear model; no closed-form linear equation>
azoarene_svr_rbf_c10_eps01_g003,ln(kobs),3,ar2_Ar_polar|ar1_bond_length_c_a|ar2_sterimol_B5,0.46238254577658466,0.37774837365050407,3.2483101875623315,LOOCV,ln(kobs) = <nonlinear model; no closed-form linear equation>
azoarene_svr_rbf_c10_eps01_g003,ln(kobs),3,ar2_isotropic_polarizability_au|ar1_bond_length_c_a|ar2_Ar_Ster_B5,0.46238254577658466,0.37774837365050407,3.2483101875623315,LOOCV,ln(kobs) = <nonlinear model; no closed-form linear equation>
azoarene_svr_rbf_c10_eps01_g003,ln(kobs),3,ar2_isotropic_polarizability_au|ar1_bond_length_c_a|ar2_sterimol_B5,0.46238254577658466,0.37774837365050407,3.2483101875623315,LOOCV,ln(kobs) = <nonlinear model; no closed-form linear equation>
azoarene_svr_rbf_c10_eps01_g003,ln(kobs),3,ar2_gap_hartree|ar2_Ar_Ster_B5|ar1_nbo_q_a,0.5502902548554381,0.3774122208568561,2.970892678963188,LOOCV,ln(kobs) = <nonlinear model; no closed-form linear equation>
azoarene_svr_rbf_c10_eps01_g003,ln(kobs),3,ar2_gap_hartree|ar2_Ar_Ster_B5|ar1_Ar_NBO_OH,0.5502902548554381,0.3774122208568561,2.970892678963188,LOOCV,ln(kobs) = <nonlinear model; no closed-form linear equation>
azoarene_svr_rbf_c10_eps01_g003,ln(kobs),3,ar2_gap_hartree|ar2_sterimol_B5|ar1_nbo_q_a,0.5502902548554381,0.3774122208568561,2.970892678963188,LOOCV,ln(kobs) = <nonlinear model; no closed-form linear equation>
azoarene_svr_rbf_c10_eps01_g003,ln(kobs),3,ar2_gap_hartree|ar2_sterimol_B5|ar1_Ar_NBO_OH,0.5502902548554381,0.3774122208568561,2.970892678963188,LOOCV,ln(kobs) = <nonlinear model; no closed-form linear equation>
azoarene_svr_rbf_c10_eps01_g003,ln(kobs),5,ar2_Ar_HOMO|rate kobs (s-1)|ar1_q_a|ar1_nbo_q_a|ar1_Ar_NBO_OH,0.6796448277663982,0.3758132797384107,2.5074754189409827,LOOCV,ln(kobs) = <nonlinear model; no closed-form linear equation>
azoarene_svr_rbf_c10_eps01_g003,ln(kobs),5,ar2_homo_hartree|rate kobs (s-1)|ar1_q_a|ar1_nbo_q_a|ar1_Ar_NBO_OH,0.6796448277663982,0.3758132797384107,2.5074754189409827,LOOCV,ln(kobs) = <nonlinear model; no closed-form linear equation>
azoarene_svr_rbf_c10_eps01_g003,ln(kobs),4,ar2_lumo_hartree|ar2_Ar_LUMO|ar2_Ar_Ster_B5|ar1_nbo_q_a,0.556816559568222,0.3742385876053739,2.949256712007961,LOOCV,ln(kobs) = <nonlinear model; no closed-form linear equation>
azoarene_svr_rbf_c10_eps01_g003,ln(kobs),4,ar2_lumo_hartree|ar2_Ar_LUMO|ar2_Ar_Ster_B5|ar1_Ar_NBO_OH,0.556816559568222,0.3742385876053739,2.949256712007961,LOOCV,ln(kobs) = <nonlinear model; no closed-form linear equation>
azoarene_svr_rbf_c10_eps01_g003,ln(kobs),4,ar2_lumo_hartree|ar2_Ar_LUMO|ar2_sterimol_B5|ar1_nbo_q_a,0.556816559568222,0.3742385876053739,2.949256712007961,LOOCV,ln(kobs) = <nonlinear model; no closed-form linear equation>
azoarene_svr_rbf_c10_eps01_g003,ln(kobs),4,ar2_lumo_hartree|ar2_Ar_LUMO|ar2_sterimol_B5|ar1_Ar_NBO_OH,0.556816559568222,0.3742385876053739,2.949256712007961,LOOCV,ln(kobs) = <nonlinear model; no closed-form linear equation>
azoarene_svr_rbf_c10_eps01_g003,ln(kobs),4,ar2_Ar_HOMO|ar1_bond_length_c_a|ar1_bond_length_c_e|ar1_nbo_q_a,0.6247035781205329,0.37241485264486107,2.713988643697643,LOOCV,ln(kobs) = <nonlinear model; no closed-form linear equation>
azoarene_svr_rbf_c10_eps01_g003,ln(kobs),4,ar2_Ar_HOMO|ar1_bond_length_c_a|ar1_bond_length_c_e|ar1_Ar_NBO_OH,0.6247035781205329,0.37241485264486107,2.713988643697643,LOOCV,ln(kobs) = <nonlinear model; no closed-form linear equation>
azoarene_svr_rbf_c10_eps01_g003,ln(kobs),4,ar2_homo_hartree|ar1_bond_length_c_a|ar1_bond_length_c_e|ar1_nbo_q_a,0.6247035781205329,0.37241485264486107,2.713988643697643,LOOCV,ln(kobs) = <nonlinear model; no closed-form linear equation>
azoarene_svr_rbf_c10_eps01_g003,ln(kobs),4,ar2_homo_hartree|ar1_bond_length_c_a|ar1_bond_length_c_e|ar1_Ar_NBO_OH,0.6247035781205329,0.37241485264486107,2.713988643697643,LOOCV,ln(kobs) = <nonlinear model; no closed-form linear equation>
azoarene_svr_rbf_c10_eps01_g003,ln(kobs),4,ar2_lumo_hartree|ar2_gap_hartree|ar2_Ar_Ster_B5|ar1_nbo_q_a,0.5549755028277064,0.37212840783721934,2.95537621142924,LOOCV,ln(kobs) = <nonlinear model; no closed-form linear equation>
azoarene_svr_rbf_c10_eps01_g003,ln(kobs),4,ar2_lumo_hartree|ar2_gap_hartree|ar2_Ar_Ster_B5|ar1_Ar_NBO_OH,0.5549755028277064,0.37212840783721934,2.95537621142924,LOOCV,ln(kobs) = <nonlinear model; no closed-form linear equation>
azoarene_svr_rbf_c10_eps01_g003,ln(kobs),4,ar2_lumo_hartree|ar2_gap_hartree|ar2_sterimol_B5|ar1_nbo_q_a,0.5549755028277064,0.37212840783721934,2.95537621142924,LOOCV,ln(kobs) = <nonlinear model; no closed-form linear equation>
azoarene_svr_rbf_c10_eps01_g003,ln(kobs),4,ar2_lumo_hartree|ar2_gap_hartree|ar2_sterimol_B5|ar1_Ar_NBO_OH,0.5549755028277064,0.37212840783721934,2.95537621142924,LOOCV,ln(kobs) = <nonlinear model; no closed-form linear equation>
azoarene_svr_rbf_c10_eps01_g003,ln(kobs),4,ar2_Ar_LUMO|ar2_gap_hartree|ar2_Ar_Ster_B5|ar1_nbo_q_a,0.5549755028277064,0.37212840783721934,2.95537621142924,LOOCV,ln(kobs) = <nonlinear model; no closed-form linear equation>
azoarene_svr_rbf_c10_eps01_g003,ln(kobs),4,ar2_Ar_LUMO|ar2_gap_hartree|ar2_Ar_Ster_B5|ar1_Ar_NBO_OH,0.5549755028277064,0.37212840783721934,2.95537621142924,LOOCV,ln(kobs) = <nonlinear model; no closed-form linear equation>
azoarene_svr_rbf_c10_eps01_g003,ln(kobs),4,ar2_Ar_LUMO|ar2_gap_hartree|ar2_sterimol_B5|ar1_nbo_q_a,0.5549755028277064,0.37212840783721934,2.95537621142924,LOOCV,ln(kobs) = <nonlinear model; no closed-form linear equation>
azoarene_svr_rbf_c10_eps01_g003,ln(kobs),4,ar2_Ar_LUMO|ar2_gap_hartree|ar2_sterimol_B5|ar1_Ar_NBO_OH,0.5549755028277064,0.37212840783721934,2.95537621142924,LOOCV,ln(kobs) = <nonlinear model; no closed-form linear equation>
azoarene_svr_rbf_c10_eps01_g003,ln(kobs),4,ar2_Ar_HOMO|rate kobs (s-1)|ar1_q_a|ar1_bond_length_c_e,0.6411328430535733,0.3703560344818627,2.6539190461189732,LOOCV,ln(kobs) = <nonlinear model; no closed-form linear equation>
azoarene_svr_rbf_c10_eps01_g003,ln(kobs),4,ar2_homo_hartree|rate kobs (s-1)|ar1_q_a|ar1_bond_length_c_e,0.6411328430535733,0.3703560344818627,2.6539190461189732,LOOCV,ln(kobs) = <nonlinear model; no closed-form linear equation>
azoarene_svr_rbf_c10_eps01_g003,ln(kobs),4,ar1_bond_length_c_a|ar2_lumo_hartree|ar2_Ar_LUMO|ar2_Ar_Ster_B5,0.587836524215712,0.3681124259968591,2.84417009720443,LOOCV,ln(kobs) = <nonlinear model; no closed-form linear equation>
azoarene_svr_rbf_c10_eps01_g003,ln(kobs),4,ar1_bond_length_c_a|ar2_lumo_hartree|ar2_Ar_LUMO|ar2_sterimol_B5,0.587836524215712,0.3681124259968591,2.84417009720443,LOOCV,ln(kobs) = <nonlinear model; no closed-form linear equation>
azoarene_svr_rbf_c10_eps01_g003,ln(kobs),4,rate kobs (s-1)|ar2_lumo_hartree|ar2_Ar_Ster_B5|ar1_nbo_q_a,0.6298491943580842,0.366363440209754,2.6953189434873446,LOOCV,ln(kobs) = <nonlinear model; no closed-form linear equation>
azoarene_svr_rbf_c10_eps01_g003,ln(kobs),4,rate kobs (s-1)|ar2_lumo_hartree|ar2_Ar_Ster_B5|ar1_Ar_NBO_OH,0.6298491943580842,0.366363440209754,2.6953189434873446,LOOCV,ln(kobs) = <nonlinear model; no closed-form linear equation>
azoarene_svr_rbf_c10_eps01_g003,ln(kobs),4,rate kobs (s-1)|ar2_lumo_hartree|ar2_sterimol_B5|ar1_nbo_q_a,0.6298491943580842,0.366363440209754,2.6953189434873446,LOOCV,ln(kobs) = <nonlinear model; no closed-form linear equation>
azoarene_svr_rbf_c10_eps01_g003,ln(kobs),4,rate kobs (s-1)|ar2_lumo_hartree|ar2_sterimol_B5|ar1_Ar_NBO_OH,0.6298491943580842,0.366363440209754,2.6953189434873446,LOOCV,ln(kobs) = <nonlinear model; no closed-form linear equation>
azoarene_svr_rbf_c10_eps01_g003,ln(kobs),4,rate kobs (s-1)|ar2_Ar_LUMO|ar2_Ar_Ster_B5|ar1_nbo_q_a,0.6298491943580842,0.366363440209754,2.6953189434873446,LOOCV,ln(kobs) = <nonlinear model; no closed-form linear equation>
azoarene_svr_rbf_c10_eps01_g003,ln(kobs),4,rate kobs (s-1)|ar2_Ar_LUMO|ar2_Ar_Ster_B5|ar1_Ar_NBO_OH,0.6298491943580842,0.366363440209754,2.6953189434873446,LOOCV,ln(kobs) = <nonlinear model; no closed-form linear equation>
azoarene_svr_rbf_c10_eps01_g003,ln(kobs),4,rate kobs (s-1)|ar2_Ar_LUMO|ar2_sterimol_B5|ar1_nbo_q_a,0.6298491943580842,0.366363440209754,2.6953189434873446,LOOCV,ln(kobs) = <nonlinear model; no closed-form linear equation>
azoarene_svr_rbf_c10_eps01_g003,ln(kobs),4,rate kobs (s-1)|ar2_Ar_LUMO|ar2_sterimol_B5|ar1_Ar_NBO_OH,0.6298491943580842,0.366363440209754,2.6953189434873446,LOOCV,ln(kobs) = <nonlinear model; no closed-form linear equation>
azoarene_svr_rbf_c10_eps01_g003,ln(kobs),5,ar2_Ar_HOMO|rate kobs (s-1)|ar1_bond_length_c_a|ar1_q_a|ar1_nbo_q_a,0.6730922779970736,0.3662996798367365,2.532989583541418,LOOCV,ln(kobs) = <nonlinear model; no closed-form linear equation>
azoarene_svr_rbf_c10_eps01_g003,ln(kobs),5,ar2_Ar_HOMO|rate kobs (s-1)|ar1_bond_length_c_a|ar1_q_a|ar1_Ar_NBO_OH,0.6730922779970736,0.3662996798367365,2.532989583541418,LOOCV,ln(kobs) = <nonlinear model; no closed-form linear equation>
azoarene_svr_rbf_c10_eps01_g003,ln(kobs),5,ar2_homo_hartree|rate kobs (s-1)|ar1_bond_length_c_a|ar1_q_a|ar1_nbo_q_a,0.6730922779970736,0.3662996798367365,2.532989583541418,LOOCV,ln(kobs) = <nonlinear model; no closed-form linear equation>
azoarene_svr_rbf_c10_eps01_g003,ln(kobs),5,ar2_homo_hartree|rate kobs (s-1)|ar1_bond_length_c_a|ar1_q_a|ar1_Ar_NBO_OH,0.6730922779970736,0.3662996798367365,2.532989583541418,LOOCV,ln(kobs) = <nonlinear model; no closed-form linear equation>
azoarene_svr_rbf_c10_eps01_g003,ln(kobs),5,ar2_Ar_HOMO|ar1_bond_length_c_a|ar1_bond_length_c_e|ar1_nbo_q_a|ar1_Ar_NBO_OH,0.6417684262790876,0.3661146664830668,2.6515678502566975,LOOCV,ln(kobs) = <nonlinear model; no closed-form linear equation>
azoarene_svr_rbf_c10_eps01_g003,ln(kobs),5,ar2_homo_hartree|ar1_bond_length_c_a|ar1_bond_length_c_e|ar1_nbo_q_a|ar1_Ar_NBO_OH,0.6417684262790876,0.3661146664830668,2.6515678502566975,LOOCV,ln(kobs) = <nonlinear model; no closed-form linear equation>
azoarene_svr_rbf_c10_eps01_g003,ln(kobs),4,rate kobs (s-1)|ar2_gap_hartree|ar2_Ar_Ster_B5|ar1_nbo_q_a,0.6253186647705073,0.3647815960344287,2.7117637054474177,LOOCV,ln(kobs) = <nonlinear model; no closed-form linear equation>
azoarene_svr_rbf_c10_eps01_g003,ln(kobs),4,rate kobs (s-1)|ar2_gap_hartree|ar2_Ar_Ster_B5|ar1_Ar_NBO_OH,0.6253186647705073,0.3647815960344287,2.7117637054474177,LOOCV,ln(kobs) = <nonlinear model; no closed-form linear equation>
azoarene_svr_rbf_c10_eps01_g003,ln(kobs),4,rate kobs (s-1)|ar2_gap_hartree|ar2_sterimol_B5|ar1_nbo_q_a,0.6253186647705073,0.3647815960344287,2.7117637054474177,LOOCV,ln(kobs) = <nonlinear model; no closed-form linear equation>
azoarene_svr_rbf_c10_eps01_g003,ln(kobs),4,rate kobs (s-1)|ar2_gap_hartree|ar2_sterimol_B5|ar1_Ar_NBO_OH,0.6253186647705073,0.3647815960344287,2.7117637054474177,LOOCV,ln(kobs) = <nonlinear model; no closed-form linear equation>
azoarene_svr_rbf_c10_eps01_g003,ln(kobs),4,ar1_bond_length_c_a|ar2_lumo_hartree|ar2_gap_hartree|ar2_Ar_Ster_B5,0.5878033935903226,0.36366023912559997,2.8442844052958294,LOOCV,ln(kobs) = <nonlinear model; no closed-form linear equation>
azoarene_svr_rbf_c10_eps01_g003,ln(kobs),4,ar1_bond_length_c_a|ar2_lumo_hartree|ar2_gap_hartree|ar2_sterimol_B5,0.5878033935903226,0.36366023912559997,2.8442844052958294,LOOCV,ln(kobs) = <nonlinear model; no closed-form linear equation>
azoarene_svr_rbf_c10_eps01_g003,ln(kobs),4,ar1_bond_length_c_a|ar2_Ar_LUMO|ar2_gap_hartree|ar2_Ar_Ster_B5,0.5878033935903226,0.36366023912559997,2.8442844052958294,LOOCV,ln(kobs) = <nonlinear model; no closed-form linear equation>
azoarene_svr_rbf_c10_eps01_g003,ln(kobs),4,ar1_bond_length_c_a|ar2_Ar_LUMO|ar2_gap_hartree|ar2_sterimol_B5,0.5878033935903226,0.36366023912559997,2.8442844052958294,LOOCV,ln(kobs) = <nonlinear model; no closed-form linear equation>
azoarene_svr_rbf_c10_eps01_g003,ln(kobs),4,rate kobs (s-1)|ar2_lumo_hartree|ar2_Ar_LUMO|ar1_nbo_q_a,0.6265590545518145,0.35603631177317874,2.707271311321203,LOOCV,ln(kobs) = <nonlinear model; no closed-form linear equation>
azoarene_svr_rbf_c10_eps01_g003,ln(kobs),4,rate kobs (s-1)|ar2_lumo_hartree|ar2_Ar_LUMO|ar1_Ar_NBO_OH,0.6265590545518145,0.35603631177317874,2.707271311321203,LOOCV,ln(kobs) = <nonlinear model; no closed-form linear equation>
azoarene_svr_rbf_c10_eps01_g003,ln(kobs),3,ar2_Ar_polar|ar2_Ar_Ster_B5|ar1_nbo_q_a,0.48576293996830544,0.35471495605739567,3.176892360142375,LOOCV,ln(kobs) = <nonlinear model; no closed-form linear equation>
azoarene_svr_rbf_c10_eps01_g003,ln(kobs),3,ar2_Ar_polar|ar2_Ar_Ster_B5|ar1_Ar_NBO_OH,0.48576293996830544,0.35471495605739567,3.176892360142375,LOOCV,ln(kobs) = <nonlinear model; no closed-form linear equation>
azoarene_svr_rbf_c10_eps01_g003,ln(kobs),3,ar2_Ar_polar|ar2_sterimol_B5|ar1_nbo_q_a,0.48576293996830544,0.35471495605739567,3.176892360142375,LOOCV,ln(kobs) = <nonlinear model; no closed-form linear equation>
azoarene_svr_rbf_c10_eps01_g003,ln(kobs),3,ar2_Ar_polar|ar2_sterimol_B5|ar1_Ar_NBO_OH,0.48576293996830544,0.35471495605739567,3.176892360142375,LOOCV,ln(kobs) = <nonlinear model; no closed-form linear equation>
azoarene_svr_rbf_c10_eps01_g003,ln(kobs),3,ar2_isotropic_polarizability_au|ar2_Ar_Ster_B5|ar1_nbo_q_a,0.48576293996830544,0.35471495605739567,3.176892360142375,LOOCV,ln(kobs) = <nonlinear model; no closed-form linear equation>
azoarene_svr_rbf_c10_eps01_g003,ln(kobs),3,ar2_isotropic_polarizability_au|ar2_Ar_Ster_B5|ar1_Ar_NBO_OH,0.48576293996830544,0.35471495605739567,3.176892360142375,LOOCV,ln(kobs) = <nonlinear model; no closed-form linear equation>
azoarene_svr_rbf_c10_eps01_g003,ln(kobs),3,ar2_isotropic_polarizability_au|ar2_sterimol_B5|ar1_nbo_q_a,0.48576293996830544,0.35471495605739567,3.176892360142375,LOOCV,ln(kobs) = <nonlinear model; no closed-form linear equation>
azoarene_svr_rbf_c10_eps01_g003,ln(kobs),3,ar2_isotropic_polarizability_au|ar2_sterimol_B5|ar1_Ar_NBO_OH,0.48576293996830544,0.35471495605739567,3.176892360142375,LOOCV,ln(kobs) = <nonlinear model; no closed-form linear equation>
azoarene_svr_rbf_c10_eps01_g003,ln(kobs),4,rate kobs (s-1)|ar2_lumo_hartree|ar2_gap_hartree|ar1_nbo_q_a,0.6248223223998561,0.3542797804400766,2.713559254949785,LOOCV,ln(kobs) = <nonlinear model; no closed-form linear equation>
azoarene_svr_rbf_c10_eps01_g003,ln(kobs),4,rate kobs (s-1)|ar2_lumo_hartree|ar2_gap_hartree|ar1_Ar_NBO_OH,0.6248223223998561,0.3542797804400766,2.713559254949785,LOOCV,ln(kobs) = <nonlinear model; no closed-form linear equation>
azoarene_svr_rbf_c10_eps01_g003,ln(kobs),4,rate kobs (s-1)|ar2_Ar_LUMO|ar2_gap_hartree|ar1_nbo_q_a,0.6248223223998561,0.3542797804400766,2.713559254949785,LOOCV,ln(kobs) = <nonlinear model; no closed-form linear equation>
azoarene_svr_rbf_c10_eps01_g003,ln(kobs),4,rate kobs (s-1)|ar2_Ar_LUMO|ar2_gap_hartree|ar1_Ar_NBO_OH,0.6248223223998561,0.3542797804400766,2.713559254949785,LOOCV,ln(kobs) = <nonlinear model; no closed-form linear equation>
azoarene_svr_rbf_c10_eps01_g003,ln(kobs),3,ar2_scf_energy_hartree|ar2_lumo_hartree|ar1_nbo_q_a,0.5314489205573458,0.3510659579766414,3.032489358591334,LOOCV,ln(kobs) = <nonlinear model; no closed-form linear equation>
azoarene_svr_rbf_c10_eps01_g003,ln(kobs),3,ar2_scf_energy_hartree|ar2_lumo_hartree|ar1_Ar_NBO_OH,0.5314489205573458,0.3510659579766414,3.032489358591334,LOOCV,ln(kobs) = <nonlinear model; no closed-form linear equation>
azoarene_svr_rbf_c10_eps01_g003,ln(kobs),3,ar2_scf_energy_hartree|ar2_Ar_LUMO|ar1_nbo_q_a,0.5314489205573458,0.3510659579766414,3.032489358591334,LOOCV,ln(kobs) = <nonlinear model; no closed-form linear equation>
azoarene_svr_rbf_c10_eps01_g003,ln(kobs),3,ar2_scf_energy_hartree|ar2_Ar_LUMO|ar1_Ar_NBO_OH,0.5314489205573458,0.3510659579766414,3.032489358591334,LOOCV,ln(kobs) = <nonlinear model; no closed-form linear equation>
azoarene_svr_rbf_c10_eps01_g003,ln(kobs),3,ar2_enthalpy_hartree|ar2_lumo_hartree|ar1_nbo_q_a,0.5314484136995495,0.35097450622068316,3.0324909987972,LOOCV,ln(kobs) = <nonlinear model; no closed-form linear equation>
azoarene_svr_rbf_c10_eps01_g003,ln(kobs),3,ar2_enthalpy_hartree|ar2_lumo_hartree|ar1_Ar_NBO_OH,0.5314484136995495,0.35097450622068316,3.0324909987972,LOOCV,ln(kobs) = <nonlinear model; no closed-form linear equation>
azoarene_svr_rbf_c10_eps01_g003,ln(kobs),3,ar2_enthalpy_hartree|ar2_Ar_LUMO|ar1_nbo_q_a,0.5314484136995495,0.35097450622068316,3.0324909987972,LOOCV,ln(kobs) = <nonlinear model; no closed-form linear equation>
azoarene_svr_rbf_c10_eps01_g003,ln(kobs),3,ar2_enthalpy_hartree|ar2_Ar_LUMO|ar1_Ar_NBO_OH,0.5314484136995495,0.35097450622068316,3.0324909987972,LOOCV,ln(kobs) = <nonlinear model; no closed-form linear equation>
azoarene_svr_rbf_c10_eps01_g003,ln(kobs),3,ar2_gibbs_free_energy_hartree|ar2_lumo_hartree|ar1_nbo_q_a,0.5314490376295411,0.35094705613180466,3.032488979742342,LOOCV,ln(kobs) = <nonlinear model; no closed-form linear equation>
azoarene_svr_rbf_c10_eps01_g003,ln(kobs),3,ar2_gibbs_free_energy_hartree|ar2_lumo_hartree|ar1_Ar_NBO_OH,0.5314490376295411,0.35094705613180466,3.032488979742342,LOOCV,ln(kobs) = <nonlinear model; no closed-form linear equation>
azoarene_svr_rbf_c10_eps01_g003,ln(kobs),3,ar2_gibbs_free_energy_hartree|ar2_Ar_LUMO|ar1_nbo_q_a,0.5314490376295411,0.35094705613180466,3.032488979742342,LOOCV,ln(kobs) = <nonlinear model; no closed-form linear equation>
azoarene_svr_rbf_c10_eps01_g003,ln(kobs),3,ar2_gibbs_free_energy_hartree|ar2_Ar_LUMO|ar1_Ar_NBO_OH,0.5314490376295411,0.35094705613180466,3.032488979742342,LOOCV,ln(kobs) = <nonlinear model; no closed-form linear equation>
azoarene_svr_rbf_c10_eps01_g003,ln(kobs),4,ar2_Ar_HOMO|ar2_scf_energy_hartree|ar1_bond_length_c_a|ar1_q_a,0.5982838903895913,0.35093802531847906,2.807892250510609,LOOCV,ln(kobs) = <nonlinear model; no closed-form linear equation>
azoarene_svr_rbf_c10_eps01_g003,ln(kobs),4,ar2_homo_hartree|ar2_scf_energy_hartree|ar1_bond_length_c_a|ar1_q_a,0.5982838903895913,0.35093802531847906,2.807892250510609,LOOCV,ln(kobs) = <nonlinear model; no closed-form linear equation>
azoarene_svr_rbf_c10_eps01_g003,ln(kobs),4,ar2_Ar_HOMO|ar2_gibbs_free_energy_hartree|ar1_bond_length_c_a|ar1_q_a,0.5982807592885226,0.35083177577230595,2.807903193284728,LOOCV,ln(kobs) = <nonlinear model; no closed-form linear equation>
azoarene_svr_rbf_c10_eps01_g003,ln(kobs),4,ar2_homo_hartree|ar2_gibbs_free_energy_hartree|ar1_bond_length_c_a|ar1_q_a,0.5982807592885226,0.35083177577230595,2.807903193284728,LOOCV,ln(kobs) = <nonlinear model; no closed-form linear equation>
azoarene_svr_rbf_c10_eps01_g003,ln(kobs),4,ar2_Ar_HOMO|ar2_enthalpy_hartree|ar1_bond_length_c_a|ar1_q_a,0.5982810709738611,0.3508233469040408,2.8079021039886,LOOCV,ln(kobs) = <nonlinear model; no closed-form linear equation>
azoarene_svr_rbf_c10_eps01_g003,ln(kobs),4,ar2_homo_hartree|ar2_enthalpy_hartree|ar1_bond_length_c_a|ar1_q_a,0.5982810709738611,0.3508233469040408,2.8079021039886,LOOCV,ln(kobs) = <nonlinear model; no closed-form linear equation>
azoarene_svr_rbf_c10_eps01_g003,ln(kobs),3,ar2_scf_energy_hartree|ar1_q_a|ar2_Ar_Ster_B5,0.4443109637795347,0.35059247134276206,3.3024536293390203,LOOCV,ln(kobs) = <nonlinear model; no closed-form linear equation>
azoarene_svr_rbf_c10_eps01_g003,ln(kobs),3,ar2_scf_energy_hartree|ar1_q_a|ar2_sterimol_B5,0.4443109637795347,0.35059247134276206,3.3024536293390203,LOOCV,ln(kobs) = <nonlinear model; no closed-form linear equation>
azoarene_svr_rbf_c10_eps01_g003,ln(kobs),3,ar2_gibbs_free_energy_hartree|ar1_q_a|ar2_Ar_Ster_B5,0.4442858386025995,0.3505647706216798,3.3025282878156643,LOOCV,ln(kobs) = <nonlinear model; no closed-form linear equation>
azoarene_svr_rbf_c10_eps01_g003,ln(kobs),3,ar2_gibbs_free_energy_hartree|ar1_q_a|ar2_sterimol_B5,0.4442858386025995,0.3505647706216798,3.3025282878156643,LOOCV,ln(kobs) = <nonlinear model; no closed-form linear equation>
azoarene_svr_rbf_c10_eps01_g003,ln(kobs),3,ar2_enthalpy_hartree|ar1_q_a|ar2_Ar_Ster_B5,0.44428125274070274,0.35056361326274643,3.3025419143420747,LOOCV,ln(kobs) = <nonlinear model; no closed-form linear equation>
azoarene_svr_rbf_c10_eps01_g003,ln(kobs),3,ar2_enthalpy_hartree|ar1_q_a|ar2_sterimol_B5,0.44428125274070274,0.35056361326274643,3.3025419143420747,LOOCV,ln(kobs) = <nonlinear model; no closed-form linear equation>
azoarene_svr_rbf_c10_eps01_g003,ln(kobs),4,ar2_Ar_polar|rate kobs (s-1)|ar1_bond_length_c_a|ar2_lumo_hartree,0.5795460316198704,0.35028206837232756,2.8726323178968873,LOOCV,ln(kobs) = <nonlinear model; no closed-form linear equation>
azoarene_svr_rbf_c10_eps01_g003,ln(kobs),4,ar2_Ar_polar|rate kobs (s-1)|ar1_bond_length_c_a|ar2_Ar_LUMO,0.5795460316198704,0.35028206837232756,2.8726323178968873,LOOCV,ln(kobs) = <nonlinear model; no closed-form linear equation>
azoarene_svr_rbf_c10_eps01_g003,ln(kobs),4,ar2_isotropic_polarizability_au|rate kobs (s-1)|ar1_bond_length_c_a|ar2_lumo_hartree,0.5795460316198704,0.35028206837232756,2.8726323178968873,LOOCV,ln(kobs) = <nonlinear model; no closed-form linear equation>
azoarene_svr_rbf_c10_eps01_g003,ln(kobs),4,ar2_isotropic_polarizability_au|rate kobs (s-1)|ar1_bond_length_c_a|ar2_Ar_LUMO,0.5795460316198704,0.35028206837232756,2.8726323178968873,LOOCV,ln(kobs) = <nonlinear model; no closed-form linear equation>
azoarene_svr_rbf_c10_eps01_g003,ln(kobs),4,ar2_scf_energy_hartree|ar2_lumo_hartree|ar2_Ar_LUMO|ar1_nbo_q_a,0.5520144432593963,0.348512818655773,2.965192004250143,LOOCV,ln(kobs) = <nonlinear model; no closed-form linear equation>
azoarene_svr_rbf_c10_eps01_g003,ln(kobs),4,ar2_scf_energy_hartree|ar2_lumo_hartree|ar2_Ar_LUMO|ar1_Ar_NBO_OH,0.5520144432593963,0.348512818655773,2.965192004250143,LOOCV,ln(kobs) = <nonlinear model; no closed-form linear equation>
azoarene_svr_rbf_c10_eps01_g003,ln(kobs),3,ar2_Ar_polar|ar2_scf_energy_hartree|ar1_nbo_q_a,0.4256500853157089,0.34847450564661375,3.3574464504424957,LOOCV,ln(kobs) = <nonlinear model; no closed-form linear equation>
azoarene_svr_rbf_c10_eps01_g003,ln(kobs),3,ar2_Ar_polar|ar2_scf_energy_hartree|ar1_Ar_NBO_OH,0.4256500853157089,0.34847450564661375,3.3574464504424957,LOOCV,ln(kobs) = <nonlinear model; no closed-form linear equation>
azoarene_svr_rbf_c10_eps01_g003,ln(kobs),3,ar2_isotropic_polarizability_au|ar2_scf_energy_hartree|ar1_nbo_q_a,0.4256500853157089,0.34847450564661375,3.3574464504424957,LOOCV,ln(kobs) = <nonlinear model; no closed-form linear equation>
azoarene_svr_rbf_c10_eps01_g003,ln(kobs),3,ar2_isotropic_polarizability_au|ar2_scf_energy_hartree|ar1_Ar_NBO_OH,0.4256500853157089,0.34847450564661375,3.3574464504424957,LOOCV,ln(kobs) = <nonlinear model; no closed-form linear equation>
azoarene_svr_rbf_c10_eps01_g003,ln(kobs),4,ar2_gibbs_free_energy_hartree|ar2_lumo_hartree|ar2_Ar_LUMO|ar1_nbo_q_a,0.5519935884785827,0.34845789978167674,2.965261021776181,LOOCV,ln(kobs) = <nonlinear model; no closed-form linear equation>
azoarene_svr_rbf_c10_eps01_g003,ln(kobs),4,ar2_gibbs_free_energy_hartree|ar2_lumo_hartree|ar2_Ar_LUMO|ar1_Ar_NBO_OH,0.5519935884785827,0.34845789978167674,2.965261021776181,LOOCV,ln(kobs) = <nonlinear model; no closed-form linear equation>
azoarene_svr_rbf_c10_eps01_g003,ln(kobs),4,ar2_enthalpy_hartree|ar2_lumo_hartree|ar2_Ar_LUMO|ar1_nbo_q_a,0.5520035391753702,0.34843702293396106,2.9652280907997395,LOOCV,ln(kobs) = <nonlinear model; no closed-form linear equation>
azoarene_svr_rbf_c10_eps01_g003,ln(kobs),4,ar2_enthalpy_hartree|ar2_lumo_hartree|ar2_Ar_LUMO|ar1_Ar_NBO_OH,0.5520035391753702,0.34843702293396106,2.9652280907997395,LOOCV,ln(kobs) = <nonlinear model; no closed-form linear equation>
azoarene_svr_rbf_c10_eps01_g003,ln(kobs),3,ar2_Ar_polar|ar2_gibbs_free_energy_hartree|ar1_nbo_q_a,0.42563062406560415,0.3484067991905493,3.357503331752938,LOOCV,ln(kobs) = <nonlinear model; no closed-form linear equation>
azoarene_svr_rbf_c10_eps01_g003,ln(kobs),3,ar2_Ar_polar|ar2_gibbs_free_energy_hartree|ar1_Ar_NBO_OH,0.42563062406560415,0.3484067991905493,3.357503331752938,LOOCV,ln(kobs) = <nonlinear model; no closed-form linear equation>
azoarene_svr_rbf_c10_eps01_g003,ln(kobs),3,ar2_isotropic_polarizability_au|ar2_gibbs_free_energy_hartree|ar1_nbo_q_a,0.42563062406560415,0.3484067991905493,3.357503331752938,LOOCV,ln(kobs) = <nonlinear model; no closed-form linear equation>
azoarene_svr_rbf_c10_eps01_g003,ln(kobs),3,ar2_isotropic_polarizability_au|ar2_gibbs_free_energy_hartree|ar1_Ar_NBO_OH,0.42563062406560415,0.3484067991905493,3.357503331752938,LOOCV,ln(kobs) = <nonlinear model; no closed-form linear equation>
azoarene_svr_rbf_c10_eps01_g003,ln(kobs),3,ar2_Ar_polar|ar2_enthalpy_hartree|ar1_nbo_q_a,0.425629331900252,0.34839776445783177,3.3575071084576305,LOOCV,ln(kobs) = <nonlinear model; no closed-form linear equation>
azoarene_svr_rbf_c10_eps01_g003,ln(kobs),3,ar2_Ar_polar|ar2_enthalpy_hartree|ar1_Ar_NBO_OH,0.425629331900252,0.34839776445783177,3.3575071084576305,LOOCV,ln(kobs) = <nonlinear model; no closed-form linear equation>
azoarene_svr_rbf_c10_eps01_g003,ln(kobs),3,ar2_isotropic_polarizability_au|ar2_enthalpy_hartree|ar1_nbo_q_a,0.425629331900252,0.34839776445783177,3.3575071084576305,LOOCV,ln(kobs) = <nonlinear model; no closed-form linear equation>
azoarene_svr_rbf_c10_eps01_g003,ln(kobs),3,ar2_isotropic_polarizability_au|ar2_enthalpy_hartree|ar1_Ar_NBO_OH,0.425629331900252,0.34839776445783177,3.3575071084576305,LOOCV,ln(kobs) = <nonlinear model; no closed-form linear equation>
azoarene_svr_rbf_c10_eps01_g003,ln(kobs),3,ar2_gibbs_free_energy_hartree|ar2_enthalpy_hartree|ar1_nbo_q_a,0.40120988178346106,0.34772956955125245,3.4281366605456753,LOOCV,ln(kobs) = <nonlinear model; no closed-form linear equation>
azoarene_svr_rbf_c10_eps01_g003,ln(kobs),3,ar2_gibbs_free_energy_hartree|ar2_enthalpy_hartree|ar1_Ar_NBO_OH,0.40120988178346106,0.34772956955125245,3.4281366605456753,LOOCV,ln(kobs) = <nonlinear model; no closed-form linear equation>
azoarene_svr_rbf_c10_eps01_g003,ln(kobs),3,ar2_scf_energy_hartree|ar2_gibbs_free_energy_hartree|ar1_nbo_q_a,0.40125234989125225,0.347701382420051,3.428015091189193,LOOCV,ln(kobs) = <nonlinear model; no closed-form linear equation>
azoarene_svr_rbf_c10_eps01_g003,ln(kobs),3,ar2_scf_energy_hartree|ar2_gibbs_free_energy_hartree|ar1_Ar_NBO_OH,0.40125234989125225,0.347701382420051,3.428015091189193,LOOCV,ln(kobs) = <nonlinear model; no closed-form linear equation>
azoarene_svr_rbf_c10_eps01_g003,ln(kobs),3,ar2_scf_energy_hartree|ar2_enthalpy_hartree|ar1_nbo_q_a,0.40124956781472954,0.34769302777032984,3.428023055303311,LOOCV,ln(kobs) = <nonlinear model; no closed-form linear equation>
azoarene_svr_rbf_c10_eps01_g003,ln(kobs),3,ar2_scf_energy_hartree|ar2_enthalpy_hartree|ar1_Ar_NBO_OH,0.40124956781472954,0.34769302777032984,3.428023055303311,LOOCV,ln(kobs) = <nonlinear model; no closed-form linear equation>
azoarene_svr_rbf_c10_eps01_g003,ln(kobs),3,ar2_scf_energy_hartree|ar2_gap_hartree|ar1_nbo_q_a,0.526181979620785,0.3471361629505124,3.049485699823393,LOOCV,ln(kobs) = <nonlinear model; no closed-form linear equation>
azoarene_svr_rbf_c10_eps01_g003,ln(kobs),3,ar2_scf_energy_hartree|ar2_gap_hartree|ar1_Ar_NBO_OH,0.526181979620785,0.3471361629505124,3.049485699823393,LOOCV,ln(kobs) = <nonlinear model; no closed-form linear equation>
azoarene_svr_rbf_c10_eps01_g003,ln(kobs),3,ar2_gibbs_free_energy_hartree|ar2_gap_hartree|ar1_nbo_q_a,0.5261808929259455,0.3470499516138372,3.049489196797263,LOOCV,ln(kobs) = <nonlinear model; no closed-form linear equation>
azoarene_svr_rbf_c10_eps01_g003,ln(kobs),3,ar2_gibbs_free_energy_hartree|ar2_gap_hartree|ar1_Ar_NBO_OH,0.5261808929259455,0.3470499516138372,3.049489196797263,LOOCV,ln(kobs) = <nonlinear model; no closed-form linear equation>
azoarene_svr_rbf_c10_eps01_g003,ln(kobs),3,ar2_enthalpy_hartree|ar2_gap_hartree|ar1_nbo_q_a,0.5261801554053566,0.3470405887481164,3.049491570129363,LOOCV,ln(kobs) = <nonlinear model; no closed-form linear equation>
azoarene_svr_rbf_c10_eps01_g003,ln(kobs),3,ar2_enthalpy_hartree|ar2_gap_hartree|ar1_Ar_NBO_OH,0.5261801554053566,0.3470405887481164,3.049491570129363,LOOCV,ln(kobs) = <nonlinear model; no closed-form linear equation>
azoarene_svr_rbf_c10_eps01_g003,ln(kobs),4,ar2_Ar_HOMO|ar1_bond_length_c_a|ar2_lumo_hartree|ar1_bond_length_c_e,0.6092878270313519,0.3457857617484317,2.769167878583707,LOOCV,ln(kobs) = <nonlinear model; no closed-form linear equation>
azoarene_svr_rbf_c10_eps01_g003,ln(kobs),4,ar2_Ar_HOMO|ar1_bond_length_c_a|ar2_Ar_LUMO|ar1_bond_length_c_e,0.6092878270313519,0.3457857617484317,2.769167878583707,LOOCV,ln(kobs) = <nonlinear model; no closed-form linear equation>
azoarene_svr_rbf_c10_eps01_g003,ln(kobs),4,ar2_homo_hartree|ar1_bond_length_c_a|ar2_lumo_hartree|ar1_bond_length_c_e,0.6092878270313519,0.3457857617484317,2.769167878583707,LOOCV,ln(kobs) = <nonlinear model; no closed-form linear equation>
azoarene_svr_rbf_c10_eps01_g003,ln(kobs),4,ar2_homo_hartree|ar1_bond_length_c_a|ar2_Ar_LUMO|ar1_bond_length_c_e,0.6092878270313519,0.3457857617484317,2.769167878583707,LOOCV,ln(kobs) = <nonlinear model; no closed-form linear equation>
azoarene_svr_rbf_c10_eps01_g003,ln(kobs),4,ar2_Ar_HOMO|ar1_bond_length_c_a|ar2_gap_hartree|ar1_bond_length_c_e,0.6103139490872207,0.345711150520598,2.765529174010115,LOOCV,ln(kobs) = <nonlinear model; no closed-form linear equation>
azoarene_svr_rbf_c10_eps01_g003,ln(kobs),4,ar2_homo_hartree|ar1_bond_length_c_a|ar2_gap_hartree|ar1_bond_length_c_e,0.6103139490872207,0.345711150520598,2.765529174010115,LOOCV,ln(kobs) = <nonlinear model; no closed-form linear equation>
azoarene_svr_rbf_c10_eps01_g003,ln(kobs),4,ar2_Ar_polar|rate kobs (s-1)|ar1_bond_length_c_a|ar2_gap_hartree,0.5723407700387806,0.3455107016351995,2.897141712040604,LOOCV,ln(kobs) = <nonlinear model; no closed-form linear equation>
azoarene_svr_rbf_c10_eps01_g003,ln(kobs),4,ar2_isotropic_polarizability_au|rate kobs (s-1)|ar1_bond_length_c_a|ar2_gap_hartree,0.5723407700387806,0.3455107016351995,2.897141712040604,LOOCV,ln(kobs) = <nonlinear model; no closed-form linear equation>
azoarene_svr_rbf_c10_eps01_g003,ln(kobs),3,rate kobs (s-1)|ar2_lumo_hartree|ar1_nbo_q_a,0.6175330929932705,0.3454150940528783,2.7397929640398306,LOOCV,ln(kobs) = <nonlinear model; no closed-form linear equation>
azoarene_svr_rbf_c10_eps01_g003,ln(kobs),3,rate kobs (s-1)|ar2_lumo_hartree|ar1_Ar_NBO_OH,0.6175330929932705,0.3454150940528783,2.7397929640398306,LOOCV,ln(kobs) = <nonlinear model; no closed-form linear equation>
azoarene_svr_rbf_c10_eps01_g003,ln(kobs),3,rate kobs (s-1)|ar2_Ar_LUMO|ar1_nbo_q_a,0.6175330929932705,0.3454150940528783,2.7397929640398306,LOOCV,ln(kobs) = <nonlinear model; no closed-form linear equation>
azoarene_svr_rbf_c10_eps01_g003,ln(kobs),3,rate kobs (s-1)|ar2_Ar_LUMO|ar1_Ar_NBO_OH,0.6175330929932705,0.3454150940528783,2.7397929640398306,LOOCV,ln(kobs) = <nonlinear model; no closed-form linear equation>
azoarene_svr_rbf_c10_eps01_g003,ln(kobs),4,ar2_scf_energy_hartree|rate kobs (s-1)|ar1_bond_length_c_a|ar2_gap_hartree,0.5721201541983756,0.3443230736576478,2.8978888874784987,LOOCV,ln(kobs) = <nonlinear model; no closed-form linear equation>
azoarene_svr_rbf_c10_eps01_g003,ln(kobs),4,ar2_enthalpy_hartree|rate kobs (s-1)|ar1_bond_length_c_a|ar2_gap_hartree,0.5721458503560894,0.3443160815302899,2.897801870377039,LOOCV,ln(kobs) = <nonlinear model; no closed-form linear equation>
azoarene_svr_rbf_c10_eps01_g003,ln(kobs),4,ar2_gibbs_free_energy_hartree|rate kobs (s-1)|ar1_bond_length_c_a|ar2_gap_hartree,0.5721472467744606,0.34431235190227594,2.897797141490954,LOOCV,ln(kobs) = <nonlinear model; no closed-form linear equation>
azoarene_svr_rbf_c10_eps01_g003,ln(kobs),4,ar2_Ar_polar|rate kobs (s-1)|ar2_Ar_Ster_B5|ar1_nbo_q_a,0.546544511486621,0.34425820576252564,2.983239670875884,LOOCV,ln(kobs) = <nonlinear model; no closed-form linear equation>
azoarene_svr_rbf_c10_eps01_g003,ln(kobs),4,ar2_Ar_polar|rate kobs (s-1)|ar2_Ar_Ster_B5|ar1_Ar_NBO_OH,0.546544511486621,0.34425820576252564,2.983239670875884,LOOCV,ln(kobs) = <nonlinear model; no closed-form linear equation>
azoarene_svr_rbf_c10_eps01_g003,ln(kobs),4,ar2_Ar_polar|rate kobs (s-1)|ar2_sterimol_B5|ar1_nbo_q_a,0.546544511486621,0.34425820576252564,2.983239670875884,LOOCV,ln(kobs) = <nonlinear model; no closed-form linear equation>
azoarene_svr_rbf_c10_eps01_g003,ln(kobs),4,ar2_Ar_polar|rate kobs (s-1)|ar2_sterimol_B5|ar1_Ar_NBO_OH,0.546544511486621,0.34425820576252564,2.983239670875884,LOOCV,ln(kobs) = <nonlinear model; no closed-form linear equation>
azoarene_svr_rbf_c10_eps01_g003,ln(kobs),4,ar2_isotropic_polarizability_au|rate kobs (s-1)|ar2_Ar_Ster_B5|ar1_nbo_q_a,0.546544511486621,0.34425820576252564,2.983239670875884,LOOCV,ln(kobs) = <nonlinear model; no closed-form linear equation>
azoarene_svr_rbf_c10_eps01_g003,ln(kobs),4,ar2_isotropic_polarizability_au|rate kobs (s-1)|ar2_Ar_Ster_B5|ar1_Ar_NBO_OH,0.546544511486621,0.34425820576252564,2.983239670875884,LOOCV,ln(kobs) = <nonlinear model; no closed-form linear equation>
azoarene_svr_rbf_c10_eps01_g003,ln(kobs),4,ar2_isotropic_polarizability_au|rate kobs (s-1)|ar2_sterimol_B5|ar1_nbo_q_a,0.546544511486621,0.34425820576252564,2.983239670875884,LOOCV,ln(kobs) = <nonlinear model; no closed-form linear equation>
azoarene_svr_rbf_c10_eps01_g003,ln(kobs),4,ar2_isotropic_polarizability_au|rate kobs (s-1)|ar2_sterimol_B5|ar1_Ar_NBO_OH,0.546544511486621,0.34425820576252564,2.983239670875884,LOOCV,ln(kobs) = <nonlinear model; no closed-form linear equation>
azoarene_svr_rbf_c10_eps01_g003,ln(kobs),4,ar2_Ar_polar|ar2_isotropic_polarizability_au|rate kobs (s-1)|ar2_gap_hartree,0.5464787250391077,0.34320823197267003,2.983456064355925,LOOCV,ln(kobs) = <nonlinear model; no closed-form linear equation>
azoarene_svr_rbf_c10_eps01_g003,ln(kobs),3,ar1_bond_length_c_a|ar1_bond_length_c_e|ar2_Ar_Ster_B5,0.46186393475746945,0.34303192197137256,3.2498765461097023,LOOCV,ln(kobs) = <nonlinear model; no closed-form linear equation>
azoarene_svr_rbf_c10_eps01_g003,ln(kobs),3,ar1_bond_length_c_a|ar1_bond_length_c_e|ar2_sterimol_B5,0.46186393475746945,0.34303192197137256,3.2498765461097023,LOOCV,ln(kobs) = <nonlinear model; no closed-form linear equation>
azoarene_svr_rbf_c10_eps01_g003,ln(kobs),4,ar2_scf_energy_hartree|rate kobs (s-1)|ar1_bond_length_c_a|ar2_lumo_hartree,0.5747496675307429,0.3426613498517861,2.888970752179835,LOOCV,ln(kobs) = <nonlinear model; no closed-form linear equation>
azoarene_svr_rbf_c10_eps01_g003,ln(kobs),4,ar2_scf_energy_hartree|rate kobs (s-1)|ar1_bond_length_c_a|ar2_Ar_LUMO,0.5747496675307429,0.3426613498517861,2.888970752179835,LOOCV,ln(kobs) = <nonlinear model; no closed-form linear equation>
azoarene_svr_rbf_c10_eps01_g003,ln(kobs),4,ar2_enthalpy_hartree|rate kobs (s-1)|ar1_bond_length_c_a|ar2_lumo_hartree,0.5747299404545355,0.34265328983842913,2.889037760105414,LOOCV,ln(kobs) = <nonlinear model; no closed-form linear equation>
azoarene_svr_rbf_c10_eps01_g003,ln(kobs),4,ar2_enthalpy_hartree|rate kobs (s-1)|ar1_bond_length_c_a|ar2_Ar_LUMO,0.5747299404545355,0.34265328983842913,2.889037760105414,LOOCV,ln(kobs) = <nonlinear model; no closed-form linear equation>
azoarene_svr_rbf_c10_eps01_g003,ln(kobs),4,ar2_scf_energy_hartree|ar2_lumo_hartree|ar2_gap_hartree|ar1_nbo_q_a,0.5503475088427532,0.3426320288274948,2.9707035560146795,LOOCV,ln(kobs) = <nonlinear model; no closed-form linear equation>
azoarene_svr_rbf_c10_eps01_g003,ln(kobs),4,ar2_scf_energy_hartree|ar2_lumo_hartree|ar2_gap_hartree|ar1_Ar_NBO_OH,0.5503475088427532,0.3426320288274948,2.9707035560146795,LOOCV,ln(kobs) = <nonlinear model; no closed-form linear equation>
azoarene_svr_rbf_c10_eps01_g003,ln(kobs),4,ar2_scf_energy_hartree|ar2_Ar_LUMO|ar2_gap_hartree|ar1_nbo_q_a,0.5503475088427532,0.3426320288274948,2.9707035560146795,LOOCV,ln(kobs) = <nonlinear model; no closed-form linear equation>
azoarene_svr_rbf_c10_eps01_g003,ln(kobs),4,ar2_scf_energy_hartree|ar2_Ar_LUMO|ar2_gap_hartree|ar1_Ar_NBO_OH,0.5503475088427532,0.3426320288274948,2.9707035560146795,LOOCV,ln(kobs) = <nonlinear model; no closed-form linear equation>
azoarene_svr_rbf_c10_eps01_g003,ln(kobs),4,ar2_gibbs_free_energy_hartree|rate kobs (s-1)|ar1_bond_length_c_a|ar2_lumo_hartree,0.5747453911969718,0.3426085230939263,2.88898527794406,LOOCV,ln(kobs) = <nonlinear model; no closed-form linear equation>
azoarene_svr_rbf_c10_eps01_g003,ln(kobs),4,ar2_gibbs_free_energy_hartree|rate kobs (s-1)|ar1_bond_length_c_a|ar2_Ar_LUMO,0.5747453911969718,0.3426085230939263,2.88898527794406,LOOCV,ln(kobs) = <nonlinear model; no closed-form linear equation>
azoarene_svr_rbf_c10_eps01_g003,ln(kobs),4,ar2_gibbs_free_energy_hartree|ar2_lumo_hartree|ar2_gap_hartree|ar1_nbo_q_a,0.5503273209651279,0.34257707948138494,2.970770242542506,LOOCV,ln(kobs) = <nonlinear model; no closed-form linear equation>
azoarene_svr_rbf_c10_eps01_g003,ln(kobs),4,ar2_gibbs_free_energy_hartree|ar2_lumo_hartree|ar2_gap_hartree|ar1_Ar_NBO_OH,0.5503273209651279,0.34257707948138494,2.970770242542506,LOOCV,ln(kobs) = <nonlinear model; no closed-form linear equation>
azoarene_svr_rbf_c10_eps01_g003,ln(kobs),4,ar2_gibbs_free_energy_hartree|ar2_Ar_LUMO|ar2_gap_hartree|ar1_nbo_q_a,0.5503273209651279,0.34257707948138494,2.970770242542506,LOOCV,ln(kobs) = <nonlinear model; no closed-form linear equation>
azoarene_svr_rbf_c10_eps01_g003,ln(kobs),4,ar2_gibbs_free_energy_hartree|ar2_Ar_LUMO|ar2_gap_hartree|ar1_Ar_NBO_OH,0.5503273209651279,0.34257707948138494,2.970770242542506,LOOCV,ln(kobs) = <nonlinear model; no closed-form linear equation>
azoarene_svr_rbf_c10_eps01_g003,ln(kobs),4,ar2_enthalpy_hartree|ar2_lumo_hartree|ar2_gap_hartree|ar1_nbo_q_a,0.5503445678793024,0.3425552202846337,2.970713270979533,LOOCV,ln(kobs) = <nonlinear model; no closed-form linear equation>
azoarene_svr_rbf_c10_eps01_g003,ln(kobs),4,ar2_enthalpy_hartree|ar2_lumo_hartree|ar2_gap_hartree|ar1_Ar_NBO_OH,0.5503445678793024,0.3425552202846337,2.970713270979533,LOOCV,ln(kobs) = <nonlinear model; no closed-form linear equation>
azoarene_svr_rbf_c10_eps01_g003,ln(kobs),4,ar2_enthalpy_hartree|ar2_Ar_LUMO|ar2_gap_hartree|ar1_nbo_q_a,0.5503445678793024,0.3425552202846337,2.970713270979533,LOOCV,ln(kobs) = <nonlinear model; no closed-form linear equation>
azoarene_svr_rbf_c10_eps01_g003,ln(kobs),4,ar2_enthalpy_hartree|ar2_Ar_LUMO|ar2_gap_hartree|ar1_Ar_NBO_OH,0.5503445678793024,0.3425552202846337,2.970713270979533,LOOCV,ln(kobs) = <nonlinear model; no closed-form linear equation>
azoarene_svr_rbf_c10_eps01_g003,ln(kobs),4,ar2_scf_energy_hartree|rate kobs (s-1)|ar2_lumo_hartree|ar1_nbo_q_a,0.6132020901965509,0.33956854132764813,2.755261815398848,LOOCV,ln(kobs) = <nonlinear model; no closed-form linear equation>
azoarene_svr_rbf_c10_eps01_g003,ln(kobs),4,ar2_scf_energy_hartree|rate kobs (s-1)|ar2_lumo_hartree|ar1_Ar_NBO_OH,0.6132020901965509,0.33956854132764813,2.755261815398848,LOOCV,ln(kobs) = <nonlinear model; no closed-form linear equation>
azoarene_svr_rbf_c10_eps01_g003,ln(kobs),4,ar2_scf_energy_hartree|rate kobs (s-1)|ar2_Ar_LUMO|ar1_nbo_q_a,0.6132020901965509,0.33956854132764813,2.755261815398848,LOOCV,ln(kobs) = <nonlinear model; no closed-form linear equation>
azoarene_svr_rbf_c10_eps01_g003,ln(kobs),4,ar2_scf_energy_hartree|rate kobs (s-1)|ar2_Ar_LUMO|ar1_Ar_NBO_OH,0.6132020901965509,0.33956854132764813,2.755261815398848,LOOCV,ln(kobs) = <nonlinear model; no closed-form linear equation>
azoarene_svr_rbf_c10_eps01_g003,ln(kobs),4,ar2_gibbs_free_energy_hartree|rate kobs (s-1)|ar2_lumo_hartree|ar1_nbo_q_a,0.6132060352136672,0.33945450601102833,2.755247764673054,LOOCV,ln(kobs) = <nonlinear model; no closed-form linear equation>
azoarene_svr_rbf_c10_eps01_g003,ln(kobs),4,ar2_gibbs_free_energy_hartree|rate kobs (s-1)|ar2_lumo_hartree|ar1_Ar_NBO_OH,0.6132060352136672,0.33945450601102833,2.755247764673054,LOOCV,ln(kobs) = <nonlinear model; no closed-form linear equation>
azoarene_svr_rbf_c10_eps01_g003,ln(kobs),4,ar2_gibbs_free_energy_hartree|rate kobs (s-1)|ar2_Ar_LUMO|ar1_nbo_q_a,0.6132060352136672,0.33945450601102833,2.755247764673054,LOOCV,ln(kobs) = <nonlinear model; no closed-form linear equation>
azoarene_svr_rbf_c10_eps01_g003,ln(kobs),4,ar2_gibbs_free_energy_hartree|rate kobs (s-1)|ar2_Ar_LUMO|ar1_Ar_NBO_OH,0.6132060352136672,0.33945450601102833,2.755247764673054,LOOCV,ln(kobs) = <nonlinear model; no closed-form linear equation>
azoarene_svr_rbf_c10_eps01_g003,ln(kobs),4,ar2_enthalpy_hartree|rate kobs (s-1)|ar2_lumo_hartree|ar1_nbo_q_a,0.6132118606374611,0.33941892714639654,2.755227016486963,LOOCV,ln(kobs) = <nonlinear model; no closed-form linear equation>
azoarene_svr_rbf_c10_eps01_g003,ln(kobs),4,ar2_enthalpy_hartree|rate kobs (s-1)|ar2_lumo_hartree|ar1_Ar_NBO_OH,0.6132118606374611,0.33941892714639654,2.755227016486963,LOOCV,ln(kobs) = <nonlinear model; no closed-form linear equation>
azoarene_svr_rbf_c10_eps01_g003,ln(kobs),4,ar2_enthalpy_hartree|rate kobs (s-1)|ar2_Ar_LUMO|ar1_nbo_q_a,0.6132118606374611,0.33941892714639654,2.755227016486963,LOOCV,ln(kobs) = <nonlinear model; no closed-form linear equation>
azoarene_svr_rbf_c10_eps01_g003,ln(kobs),4,ar2_enthalpy_hartree|rate kobs (s-1)|ar2_Ar_LUMO|ar1_Ar_NBO_OH,0.6132118606374611,0.33941892714639654,2.755227016486963,LOOCV,ln(kobs) = <nonlinear model; no closed-form linear equation>
azoarene_svr_rbf_c10_eps01_g003,ln(kobs),5,ar2_Ar_HOMO|ar2_lumo_hartree|ar1_q_a|ar1_bond_length_c_e|ar2_Ar_Ster_B5,0.6378240408680806,0.3388715082640915,2.6661257144932895,LOOCV,ln(kobs) = <nonlinear model; no closed-form linear equation>
azoarene_svr_rbf_c10_eps01_g003,ln(kobs),5,ar2_Ar_HOMO|ar2_lumo_hartree|ar1_q_a|ar1_bond_length_c_e|ar2_sterimol_B5,0.6378240408680806,0.3388715082640915,2.6661257144932895,LOOCV,ln(kobs) = <nonlinear model; no closed-form linear equation>
azoarene_svr_rbf_c10_eps01_g003,ln(kobs),5,ar2_Ar_HOMO|ar2_Ar_LUMO|ar1_q_a|ar1_bond_length_c_e|ar2_Ar_Ster_B5,0.6378240408680806,0.3388715082640915,2.6661257144932895,LOOCV,ln(kobs) = <nonlinear model; no closed-form linear equation>
azoarene_svr_rbf_c10_eps01_g003,ln(kobs),5,ar2_Ar_HOMO|ar2_Ar_LUMO|ar1_q_a|ar1_bond_length_c_e|ar2_sterimol_B5,0.6378240408680806,0.3388715082640915,2.6661257144932895,LOOCV,ln(kobs) = <nonlinear model; no closed-form linear equation>
azoarene_svr_rbf_c10_eps01_g003,ln(kobs),5,ar2_homo_hartree|ar2_lumo_hartree|ar1_q_a|ar1_bond_length_c_e|ar2_Ar_Ster_B5,0.6378240408680806,0.3388715082640915,2.6661257144932895,LOOCV,ln(kobs) = <nonlinear model; no closed-form linear equation>
azoarene_svr_rbf_c10_eps01_g003,ln(kobs),5,ar2_homo_hartree|ar2_lumo_hartree|ar1_q_a|ar1_bond_length_c_e|ar2_sterimol_B5,0.6378240408680806,0.3388715082640915,2.6661257144932895,LOOCV,ln(kobs) = <nonlinear model; no closed-form linear equation>
azoarene_svr_rbf_c10_eps01_g003,ln(kobs),5,ar2_homo_hartree|ar2_Ar_LUMO|ar1_q_a|ar1_bond_length_c_e|ar2_Ar_Ster_B5,0.6378240408680806,0.3388715082640915,2.6661257144932895,LOOCV,ln(kobs) = <nonlinear model; no closed-form linear equation>
azoarene_svr_rbf_c10_eps01_g003,ln(kobs),5,ar2_homo_hartree|ar2_Ar_LUMO|ar1_q_a|ar1_bond_length_c_e|ar2_sterimol_B5,0.6378240408680806,0.3388715082640915,2.6661257144932895,LOOCV,ln(kobs) = <nonlinear model; no closed-form linear equation>
azoarene_svr_rbf_c10_eps01_g003,ln(kobs),4,ar2_scf_energy_hartree|ar2_lumo_hartree|ar1_q_a|ar2_Ar_Ster_B5,0.5621234599999326,0.3387658547139175,2.9315455935489827,LOOCV,ln(kobs) = <nonlinear model; no closed-form linear equation>
azoarene_svr_rbf_c10_eps01_g003,ln(kobs),4,ar2_scf_energy_hartree|ar2_lumo_hartree|ar1_q_a|ar2_sterimol_B5,0.5621234599999326,0.3387658547139175,2.9315455935489827,LOOCV,ln(kobs) = <nonlinear model; no closed-form linear equation>
azoarene_svr_rbf_c10_eps01_g003,ln(kobs),4,ar2_scf_energy_hartree|ar2_Ar_LUMO|ar1_q_a|ar2_Ar_Ster_B5,0.5621234599999326,0.3387658547139175,2.9315455935489827,LOOCV,ln(kobs) = <nonlinear model; no closed-form linear equation>
azoarene_svr_rbf_c10_eps01_g003,ln(kobs),4,ar2_scf_energy_hartree|ar2_Ar_LUMO|ar1_q_a|ar2_sterimol_B5,0.5621234599999326,0.3387658547139175,2.9315455935489827,LOOCV,ln(kobs) = <nonlinear model; no closed-form linear equation>
azoarene_svr_rbf_c10_eps01_g003,ln(kobs),4,ar2_gibbs_free_energy_hartree|ar2_lumo_hartree|ar1_q_a|ar2_Ar_Ster_B5,0.5621443359732491,0.338765515959667,2.93147571129744,LOOCV,ln(kobs) = <nonlinear model; no closed-form linear equation>
azoarene_svr_rbf_c10_eps01_g003,ln(kobs),4,ar2_gibbs_free_energy_hartree|ar2_lumo_hartree|ar1_q_a|ar2_sterimol_B5,0.5621443359732491,0.338765515959667,2.93147571129744,LOOCV,ln(kobs) = <nonlinear model; no closed-form linear equation>
azoarene_svr_rbf_c10_eps01_g003,ln(kobs),4,ar2_gibbs_free_energy_hartree|ar2_Ar_LUMO|ar1_q_a|ar2_Ar_Ster_B5,0.5621443359732491,0.338765515959667,2.93147571129744,LOOCV,ln(kobs) = <nonlinear model; no closed-form linear equation>
azoarene_svr_rbf_c10_eps01_g003,ln(kobs),4,ar2_gibbs_free_energy_hartree|ar2_Ar_LUMO|ar1_q_a|ar2_sterimol_B5,0.5621443359732491,0.338765515959667,2.93147571129744,LOOCV,ln(kobs) = <nonlinear model; no closed-form linear equation>
azoarene_svr_rbf_c10_eps01_g003,ln(kobs),4,ar2_enthalpy_hartree|ar2_lumo_hartree|ar1_q_a|ar2_Ar_Ster_B5,0.562144648000044,0.3387521739672107,2.931474666776141,LOOCV,ln(kobs) = <nonlinear model; no closed-form linear equation>
azoarene_svr_rbf_c10_eps01_g003,ln(kobs),4,ar2_enthalpy_hartree|ar2_lumo_hartree|ar1_q_a|ar2_sterimol_B5,0.562144648000044,0.3387521739672107,2.931474666776141,LOOCV,ln(kobs) = <nonlinear model; no closed-form linear equation>
azoarene_svr_rbf_c10_eps01_g003,ln(kobs),4,ar2_enthalpy_hartree|ar2_Ar_LUMO|ar1_q_a|ar2_Ar_Ster_B5,0.562144648000044,0.3387521739672107,2.931474666776141,LOOCV,ln(kobs) = <nonlinear model; no closed-form linear equation>
azoarene_svr_rbf_c10_eps01_g003,ln(kobs),4,ar2_enthalpy_hartree|ar2_Ar_LUMO|ar1_q_a|ar2_sterimol_B5,0.562144648000044,0.3387521739672107,2.931474666776141,LOOCV,ln(kobs) = <nonlinear model; no closed-form linear equation>
azoarene_svr_rbf_c10_eps01_g003,ln(kobs),3,rate kobs (s-1)|ar2_lumo_hartree|ar2_Ar_Ster_B5,0.5200964485540023,0.3387233650823066,3.069006414226518,LOOCV,ln(kobs) = <nonlinear model; no closed-form linear equation>
azoarene_svr_rbf_c10_eps01_g003,ln(kobs),3,rate kobs (s-1)|ar2_lumo_hartree|ar2_sterimol_B5,0.5200964485540023,0.3387233650823066,3.069006414226518,LOOCV,ln(kobs) = <nonlinear model; no closed-form linear equation>
azoarene_svr_rbf_c10_eps01_g003,ln(kobs),3,rate kobs (s-1)|ar2_Ar_LUMO|ar2_Ar_Ster_B5,0.5200964485540023,0.3387233650823066,3.069006414226518,LOOCV,ln(kobs) = <nonlinear model; no closed-form linear equation>
azoarene_svr_rbf_c10_eps01_g003,ln(kobs),3,rate kobs (s-1)|ar2_Ar_LUMO|ar2_sterimol_B5,0.5200964485540023,0.3387233650823066,3.069006414226518,LOOCV,ln(kobs) = <nonlinear model; no closed-form linear equation>
azoarene_svr_rbf_c10_eps01_g003,ln(kobs),4,ar1_bond_length_c_a|ar2_lumo_hartree|ar1_bond_length_c_e|ar2_Ar_Ster_B5,0.5703387979516685,0.3387205088011238,2.9039148908855315,LOOCV,ln(kobs) = <nonlinear model; no closed-form linear equation>
azoarene_svr_rbf_c10_eps01_g003,ln(kobs),4,ar1_bond_length_c_a|ar2_lumo_hartree|ar1_bond_length_c_e|ar2_sterimol_B5,0.5703387979516685,0.3387205088011238,2.9039148908855315,LOOCV,ln(kobs) = <nonlinear model; no closed-form linear equation>
azoarene_svr_rbf_c10_eps01_g003,ln(kobs),4,ar1_bond_length_c_a|ar2_Ar_LUMO|ar1_bond_length_c_e|ar2_Ar_Ster_B5,0.5703387979516685,0.3387205088011238,2.9039148908855315,LOOCV,ln(kobs) = <nonlinear model; no closed-form linear equation>
azoarene_svr_rbf_c10_eps01_g003,ln(kobs),4,ar1_bond_length_c_a|ar2_Ar_LUMO|ar1_bond_length_c_e|ar2_sterimol_B5,0.5703387979516685,0.3387205088011238,2.9039148908855315,LOOCV,ln(kobs) = <nonlinear model; no closed-form linear equation>
azoarene_svr_rbf_c10_eps01_g003,ln(kobs),5,ar2_Ar_HOMO|ar2_gap_hartree|ar1_q_a|ar1_bond_length_c_e|ar2_Ar_Ster_B5,0.637863776449511,0.3381144658411125,2.6659794555289897,LOOCV,ln(kobs) = <nonlinear model; no closed-form linear equation>
azoarene_svr_rbf_c10_eps01_g003,ln(kobs),5,ar2_Ar_HOMO|ar2_gap_hartree|ar1_q_a|ar1_bond_length_c_e|ar2_sterimol_B5,0.637863776449511,0.3381144658411125,2.6659794555289897,LOOCV,ln(kobs) = <nonlinear model; no closed-form linear equation>
azoarene_svr_rbf_c10_eps01_g003,ln(kobs),5,ar2_homo_hartree|ar2_gap_hartree|ar1_q_a|ar1_bond_length_c_e|ar2_Ar_Ster_B5,0.637863776449511,0.3381144658411125,2.6659794555289897,LOOCV,ln(kobs) = <nonlinear model; no closed-form linear equation>
azoarene_svr_rbf_c10_eps01_g003,ln(kobs),5,ar2_homo_hartree|ar2_gap_hartree|ar1_q_a|ar1_bond_length_c_e|ar2_sterimol_B5,0.637863776449511,0.3381144658411125,2.6659794555289897,LOOCV,ln(kobs) = <nonlinear model; no closed-form linear equation>
azoarene_svr_rbf_c10_eps01_g003,ln(kobs),4,ar2_Ar_polar|ar2_isotropic_polarizability_au|rate kobs (s-1)|ar2_lumo_hartree,0.547658580653143,0.33654300933052095,2.979572740735057,LOOCV,ln(kobs) = <nonlinear model; no closed-form linear equation>
azoarene_svr_rbf_c10_eps01_g003,ln(kobs),4,ar2_Ar_polar|ar2_isotropic_polarizability_au|rate kobs (s-1)|ar2_Ar_LUMO,0.547658580653143,0.33654300933052095,2.979572740735057,LOOCV,ln(kobs) = <nonlinear model; no closed-form linear equation>
azoarene_svr_rbf_c10_eps01_g003,ln(kobs),4,ar2_enthalpy_hartree|ar2_gap_hartree|ar1_q_a|ar2_Ar_Ster_B5,0.5600818666013182,0.3358849912882963,2.9383717917215555,LOOCV,ln(kobs) = <nonlinear model; no closed-form linear equation>
azoarene_svr_rbf_c10_eps01_g003,ln(kobs),4,ar2_enthalpy_hartree|ar2_gap_hartree|ar1_q_a|ar2_sterimol_B5,0.5600818666013182,0.3358849912882963,2.9383717917215555,LOOCV,ln(kobs) = <nonlinear model; no closed-form linear equation>
azoarene_svr_rbf_c10_eps01_g003,ln(kobs),4,ar2_scf_energy_hartree|ar2_gap_hartree|ar1_q_a|ar2_Ar_Ster_B5,0.5600992788502877,0.3358717136271909,2.938313639802368,LOOCV,ln(kobs) = <nonlinear model; no closed-form linear equation>
azoarene_svr_rbf_c10_eps01_g003,ln(kobs),4,ar2_scf_energy_hartree|ar2_gap_hartree|ar1_q_a|ar2_sterimol_B5,0.5600992788502877,0.3358717136271909,2.938313639802368,LOOCV,ln(kobs) = <nonlinear model; no closed-form linear equation>
azoarene_svr_rbf_c10_eps01_g003,ln(kobs),4,ar2_gibbs_free_energy_hartree|ar2_gap_hartree|ar1_q_a|ar2_Ar_Ster_B5,0.5601050407952499,0.3358686104952736,2.9382943963048005,LOOCV,ln(kobs) = <nonlinear model; no closed-form linear equation>
azoarene_svr_rbf_c10_eps01_g003,ln(kobs),4,ar2_gibbs_free_energy_hartree|ar2_gap_hartree|ar1_q_a|ar2_sterimol_B5,0.5601050407952499,0.3358686104952736,2.9382943963048005,LOOCV,ln(kobs) = <nonlinear model; no closed-form linear equation>
azoarene_svr_rbf_c10_eps01_g003,ln(kobs),3,ar2_Ar_polar|ar2_isotropic_polarizability_au|ar2_gap_hartree,0.46296546843913033,0.335339093336669,3.2465486867432576,LOOCV,ln(kobs) = <nonlinear model; no closed-form linear equation>
azoarene_svr_rbf_c10_eps01_g003,ln(kobs),3,ar2_scf_energy_hartree|ar1_bond_length_c_a|ar2_Ar_Ster_B5,0.4356018936334688,0.33515335902994436,3.328231971324335,LOOCV,ln(kobs) = <nonlinear model; no closed-form linear equation>
azoarene_svr_rbf_c10_eps01_g003,ln(kobs),3,ar2_scf_energy_hartree|ar1_bond_length_c_a|ar2_sterimol_B5,0.4356018936334688,0.33515335902994436,3.328231971324335,LOOCV,ln(kobs) = <nonlinear model; no closed-form linear equation>
azoarene_svr_rbf_c10_eps01_g003,ln(kobs),3,ar2_enthalpy_hartree|ar1_bond_length_c_a|ar2_Ar_Ster_B5,0.4356027086569224,0.33510991028512116,3.3282295682438994,LOOCV,ln(kobs) = <nonlinear model; no closed-form linear equation>
azoarene_svr_rbf_c10_eps01_g003,ln(kobs),3,ar2_enthalpy_hartree|ar1_bond_length_c_a|ar2_sterimol_B5,0.4356027086569224,0.33510991028512116,3.3282295682438994,LOOCV,ln(kobs) = <nonlinear model; no closed-form linear equation>
azoarene_svr_rbf_c10_eps01_g003,ln(kobs),3,ar2_gibbs_free_energy_hartree|ar1_bond_length_c_a|ar2_Ar_Ster_B5,0.4356039393758384,0.3350665699552432,3.3282259394903755,LOOCV,ln(kobs) = <nonlinear model; no closed-form linear equation>
azoarene_svr_rbf_c10_eps01_g003,ln(kobs),3,ar2_gibbs_free_energy_hartree|ar1_bond_length_c_a|ar2_sterimol_B5,0.4356039393758384,0.3350665699552432,3.3282259394903755,LOOCV,ln(kobs) = <nonlinear model; no closed-form linear equation>
azoarene_svr_rbf_c10_eps01_g003,ln(kobs),4,ar1_bond_length_c_a|ar2_gap_hartree|ar1_bond_length_c_e|ar2_Ar_Ster_B5,0.5687910706203498,0.3329338862444752,2.909140436266978,LOOCV,ln(kobs) = <nonlinear model; no closed-form linear equation>
azoarene_svr_rbf_c10_eps01_g003,ln(kobs),4,ar1_bond_length_c_a|ar2_gap_hartree|ar1_bond_length_c_e|ar2_sterimol_B5,0.5687910706203498,0.3329338862444752,2.909140436266978,LOOCV,ln(kobs) = <nonlinear model; no closed-form linear equation>
azoarene_svr_rbf_c10_eps01_g003,ln(kobs),3,ar2_Ar_polar|ar2_isotropic_polarizability_au|ar2_lumo_hartree,0.46417307916347494,0.3327737102302186,3.242896432304661,LOOCV,ln(kobs) = <nonlinear model; no closed-form linear equation>
azoarene_svr_rbf_c10_eps01_g003,ln(kobs),3,ar2_Ar_polar|ar2_isotropic_polarizability_au|ar2_Ar_LUMO,0.46417307916347494,0.3327737102302186,3.242896432304661,LOOCV,ln(kobs) = <nonlinear model; no closed-form linear equation>
azoarene_svr_rbf_c10_eps01_g003,ln(kobs),4,ar2_scf_energy_hartree|rate kobs (s-1)|ar2_gap_hartree|ar1_nbo_q_a,0.6073764492080024,0.33243048486465554,2.7759330486090836,LOOCV,ln(kobs) = <nonlinear model; no closed-form linear equation>
azoarene_svr_rbf_c10_eps01_g003,ln(kobs),4,ar2_scf_energy_hartree|rate kobs (s-1)|ar2_gap_hartree|ar1_Ar_NBO_OH,0.6073764492080024,0.33243048486465554,2.7759330486090836,LOOCV,ln(kobs) = <nonlinear model; no closed-form linear equation>
azoarene_svr_rbf_c10_eps01_g003,ln(kobs),4,ar2_enthalpy_hartree|rate kobs (s-1)|ar2_gap_hartree|ar1_nbo_q_a,0.6073646475054458,0.33234565244204295,2.7759747685847564,LOOCV,ln(kobs) = <nonlinear model; no closed-form linear equation>
azoarene_svr_rbf_c10_eps01_g003,ln(kobs),4,ar2_enthalpy_hartree|rate kobs (s-1)|ar2_gap_hartree|ar1_Ar_NBO_OH,0.6073646475054458,0.33234565244204295,2.7759747685847564,LOOCV,ln(kobs) = <nonlinear model; no closed-form linear equation>
azoarene_svr_rbf_c10_eps01_g003,ln(kobs),4,ar2_gibbs_free_energy_hartree|rate kobs (s-1)|ar2_gap_hartree|ar1_nbo_q_a,0.6073654211639858,0.3323437888360379,2.775972033658277,LOOCV,ln(kobs) = <nonlinear model; no closed-form linear equation>
azoarene_svr_rbf_c10_eps01_g003,ln(kobs),4,ar2_gibbs_free_energy_hartree|rate kobs (s-1)|ar2_gap_hartree|ar1_Ar_NBO_OH,0.6073654211639858,0.3323437888360379,2.775972033658277,LOOCV,ln(kobs) = <nonlinear model; no closed-form linear equation>
azoarene_svr_rbf_c10_eps01_g003,ln(kobs),3,rate kobs (s-1)|ar2_gap_hartree|ar1_nbo_q_a,0.6146235427046814,0.3322491555928613,2.7501944681739654,LOOCV,ln(kobs) = <nonlinear model; no closed-form linear equation>
azoarene_svr_rbf_c10_eps01_g003,ln(kobs),3,rate kobs (s-1)|ar2_gap_hartree|ar1_Ar_NBO_OH,0.6146235427046814,0.3322491555928613,2.7501944681739654,LOOCV,ln(kobs) = <nonlinear model; no closed-form linear equation>
azoarene_svr_rbf_c10_eps01_g003,ln(kobs),4,ar2_Ar_polar|rate kobs (s-1)|ar2_lumo_hartree|ar1_nbo_q_a,0.5980681294881779,0.3314512920577223,2.8086462058816077,LOOCV,ln(kobs) = <nonlinear model; no closed-form linear equation>
azoarene_svr_rbf_c10_eps01_g003,ln(kobs),4,ar2_Ar_polar|rate kobs (s-1)|ar2_lumo_hartree|ar1_Ar_NBO_OH,0.5980681294881779,0.3314512920577223,2.8086462058816077,LOOCV,ln(kobs) = <nonlinear model; no closed-form linear equation>
azoarene_svr_rbf_c10_eps01_g003,ln(kobs),4,ar2_Ar_polar|rate kobs (s-1)|ar2_Ar_LUMO|ar1_nbo_q_a,0.5980681294881779,0.3314512920577223,2.8086462058816077,LOOCV,ln(kobs) = <nonlinear model; no closed-form linear equation>
azoarene_svr_rbf_c10_eps01_g003,ln(kobs),4,ar2_Ar_polar|rate kobs (s-1)|ar2_Ar_LUMO|ar1_Ar_NBO_OH,0.5980681294881779,0.3314512920577223,2.8086462058816077,LOOCV,ln(kobs) = <nonlinear model; no closed-form linear equation>
azoarene_svr_rbf_c10_eps01_g003,ln(kobs),4,ar2_isotropic_polarizability_au|rate kobs (s-1)|ar2_lumo_hartree|ar1_nbo_q_a,0.5980681294881779,0.3314512920577223,2.8086462058816077,LOOCV,ln(kobs) = <nonlinear model; no closed-form linear equation>
azoarene_svr_rbf_c10_eps01_g003,ln(kobs),4,ar2_isotropic_polarizability_au|rate kobs (s-1)|ar2_lumo_hartree|ar1_Ar_NBO_OH,0.5980681294881779,0.3314512920577223,2.8086462058816077,LOOCV,ln(kobs) = <nonlinear model; no closed-form linear equation>
azoarene_svr_rbf_c10_eps01_g003,ln(kobs),4,ar2_isotropic_polarizability_au|rate kobs (s-1)|ar2_Ar_LUMO|ar1_nbo_q_a,0.5980681294881779,0.3314512920577223,2.8086462058816077,LOOCV,ln(kobs) = <nonlinear model; no closed-form linear equation>
azoarene_svr_rbf_c10_eps01_g003,ln(kobs),4,ar2_isotropic_polarizability_au|rate kobs (s-1)|ar2_Ar_LUMO|ar1_Ar_NBO_OH,0.5980681294881779,0.3314512920577223,2.8086462058816077,LOOCV,ln(kobs) = <nonlinear model; no closed-form linear equation>
azoarene_svr_rbf_c10_eps01_g003,ln(kobs),4,ar2_Ar_polar|rate kobs (s-1)|ar2_gap_hartree|ar1_nbo_q_a,0.5907279690825029,0.33087963391445496,2.8341762048104253,LOOCV,ln(kobs) = <nonlinear model; no closed-form linear equation>
azoarene_svr_rbf_c10_eps01_g003,ln(kobs),4,ar2_Ar_polar|rate kobs (s-1)|ar2_gap_hartree|ar1_Ar_NBO_OH,0.5907279690825029,0.33087963391445496,2.8341762048104253,LOOCV,ln(kobs) = <nonlinear model; no closed-form linear equation>
azoarene_svr_rbf_c10_eps01_g003,ln(kobs),4,ar2_isotropic_polarizability_au|rate kobs (s-1)|ar2_gap_hartree|ar1_nbo_q_a,0.5907279690825029,0.33087963391445496,2.8341762048104253,LOOCV,ln(kobs) = <nonlinear model; no closed-form linear equation>
azoarene_svr_rbf_c10_eps01_g003,ln(kobs),4,ar2_isotropic_polarizability_au|rate kobs (s-1)|ar2_gap_hartree|ar1_Ar_NBO_OH,0.5907279690825029,0.33087963391445496,2.8341762048104253,LOOCV,ln(kobs) = <nonlinear model; no closed-form linear equation>
azoarene_svr_rbf_c10_eps01_g003,ln(kobs),3,ar1_bond_length_c_e|ar2_Ar_Ster_B5|ar1_nbo_q_a,0.455456176429738,0.330636940810463,3.269167948807731,LOOCV,ln(kobs) = <nonlinear model; no closed-form linear equation>
azoarene_svr_rbf_c10_eps01_g003,ln(kobs),3,ar1_bond_length_c_e|ar2_Ar_Ster_B5|ar1_Ar_NBO_OH,0.455456176429738,0.330636940810463,3.269167948807731,LOOCV,ln(kobs) = <nonlinear model; no closed-form linear equation>
azoarene_svr_rbf_c10_eps01_g003,ln(kobs),3,ar1_bond_length_c_e|ar2_sterimol_B5|ar1_nbo_q_a,0.455456176429738,0.330636940810463,3.269167948807731,LOOCV,ln(kobs) = <nonlinear model; no closed-form linear equation>
azoarene_svr_rbf_c10_eps01_g003,ln(kobs),3,ar1_bond_length_c_e|ar2_sterimol_B5|ar1_Ar_NBO_OH,0.455456176429738,0.330636940810463,3.269167948807731,LOOCV,ln(kobs) = <nonlinear model; no closed-form linear equation>
azoarene_svr_rbf_c10_eps01_g003,ln(kobs),4,ar1_bond_length_c_a|ar2_lumo_hartree|ar2_Ar_Ster_B5|ar1_nbo_q_a,0.5716642042759599,0.329673803606778,2.8994324754981893,LOOCV,ln(kobs) = <nonlinear model; no closed-form linear equation>
azoarene_svr_rbf_c10_eps01_g003,ln(kobs),4,ar1_bond_length_c_a|ar2_lumo_hartree|ar2_Ar_Ster_B5|ar1_Ar_NBO_OH,0.5716642042759599,0.329673803606778,2.8994324754981893,LOOCV,ln(kobs) = <nonlinear model; no closed-form linear equation>
azoarene_svr_rbf_c10_eps01_g003,ln(kobs),4,ar1_bond_length_c_a|ar2_lumo_hartree|ar2_sterimol_B5|ar1_nbo_q_a,0.5716642042759599,0.329673803606778,2.8994324754981893,LOOCV,ln(kobs) = <nonlinear model; no closed-form linear equation>
azoarene_svr_rbf_c10_eps01_g003,ln(kobs),4,ar1_bond_length_c_a|ar2_lumo_hartree|ar2_sterimol_B5|ar1_Ar_NBO_OH,0.5716642042759599,0.329673803606778,2.8994324754981893,LOOCV,ln(kobs) = <nonlinear model; no closed-form linear equation>
azoarene_svr_rbf_c10_eps01_g003,ln(kobs),4,ar1_bond_length_c_a|ar2_Ar_LUMO|ar2_Ar_Ster_B5|ar1_nbo_q_a,0.5716642042759599,0.329673803606778,2.8994324754981893,LOOCV,ln(kobs) = <nonlinear model; no closed-form linear equation>
azoarene_svr_rbf_c10_eps01_g003,ln(kobs),4,ar1_bond_length_c_a|ar2_Ar_LUMO|ar2_Ar_Ster_B5|ar1_Ar_NBO_OH,0.5716642042759599,0.329673803606778,2.8994324754981893,LOOCV,ln(kobs) = <nonlinear model; no closed-form linear equation>
azoarene_svr_rbf_c10_eps01_g003,ln(kobs),4,ar1_bond_length_c_a|ar2_Ar_LUMO|ar2_sterimol_B5|ar1_nbo_q_a,0.5716642042759599,0.329673803606778,2.8994324754981893,LOOCV,ln(kobs) = <nonlinear model; no closed-form linear equation>
azoarene_svr_rbf_c10_eps01_g003,ln(kobs),4,ar1_bond_length_c_a|ar2_Ar_LUMO|ar2_sterimol_B5|ar1_Ar_NBO_OH,0.5716642042759599,0.329673803606778,2.8994324754981893,LOOCV,ln(kobs) = <nonlinear model; no closed-form linear equation>
azoarene_svr_rbf_c10_eps01_g003,ln(kobs),3,rate kobs (s-1)|ar2_gap_hartree|ar2_Ar_Ster_B5,0.5164469297272138,0.3291951324198349,3.08065373726258,LOOCV,ln(kobs) = <nonlinear model; no closed-form linear equation>
azoarene_svr_rbf_c10_eps01_g003,ln(kobs),3,rate kobs (s-1)|ar2_gap_hartree|ar2_sterimol_B5,0.5164469297272138,0.3291951324198349,3.08065373726258,LOOCV,ln(kobs) = <nonlinear model; no closed-form linear equation>
azoarene_svr_rbf_c10_eps01_g003,ln(kobs),4,ar2_lumo_hartree|ar2_Ar_Ster_B5|ar1_nbo_q_a|ar1_Ar_NBO_OH,0.5712187940109517,0.3280760726416623,2.900939589128947,LOOCV,ln(kobs) = <nonlinear model; no closed-form linear equation>
azoarene_svr_rbf_c10_eps01_g003,ln(kobs),4,ar2_lumo_hartree|ar2_sterimol_B5|ar1_nbo_q_a|ar1_Ar_NBO_OH,0.5712187940109517,0.3280760726416623,2.900939589128947,LOOCV,ln(kobs) = <nonlinear model; no closed-form linear equation>
azoarene_svr_rbf_c10_eps01_g003,ln(kobs),4,ar2_Ar_LUMO|ar2_Ar_Ster_B5|ar1_nbo_q_a|ar1_Ar_NBO_OH,0.5712187940109517,0.3280760726416623,2.900939589128947,LOOCV,ln(kobs) = <nonlinear model; no closed-form linear equation>
azoarene_svr_rbf_c10_eps01_g003,ln(kobs),4,ar2_Ar_LUMO|ar2_sterimol_B5|ar1_nbo_q_a|ar1_Ar_NBO_OH,0.5712187940109517,0.3280760726416623,2.900939589128947,LOOCV,ln(kobs) = <nonlinear model; no closed-form linear equation>
azoarene_svr_rbf_c10_eps01_g003,ln(kobs),3,rate kobs (s-1)|ar1_bond_length_c_e|ar2_Ar_Ster_B5,0.5130972971506929,0.32791953811094376,3.091305359623767,LOOCV,ln(kobs) = <nonlinear model; no closed-form linear equation>
azoarene_svr_rbf_c10_eps01_g003,ln(kobs),3,rate kobs (s-1)|ar1_bond_length_c_e|ar2_sterimol_B5,0.5130972971506929,0.32791953811094376,3.091305359623767,LOOCV,ln(kobs) = <nonlinear model; no closed-form linear equation>
azoarene_svr_rbf_c10_eps01_g003,ln(kobs),3,ar1_bond_length_c_a|ar2_Ar_Ster_B5|ar1_nbo_q_a,0.45026073760528096,0.3273368130195964,3.28472633087471,LOOCV,ln(kobs) = <nonlinear model; no closed-form linear equation>
azoarene_svr_rbf_c10_eps01_g003,ln(kobs),3,ar1_bond_length_c_a|ar2_Ar_Ster_B5|ar1_Ar_NBO_OH,0.45026073760528096,0.3273368130195964,3.28472633087471,LOOCV,ln(kobs) = <nonlinear model; no closed-form linear equation>
azoarene_svr_rbf_c10_eps01_g003,ln(kobs),3,ar1_bond_length_c_a|ar2_sterimol_B5|ar1_nbo_q_a,0.45026073760528096,0.3273368130195964,3.28472633087471,LOOCV,ln(kobs) = <nonlinear model; no closed-form linear equation>
azoarene_svr_rbf_c10_eps01_g003,ln(kobs),3,ar1_bond_length_c_a|ar2_sterimol_B5|ar1_Ar_NBO_OH,0.45026073760528096,0.3273368130195964,3.28472633087471,LOOCV,ln(kobs) = <nonlinear model; no closed-form linear equation>
azoarene_svr_rbf_c10_eps01_g003,ln(kobs),4,ar2_Ar_HOMO|ar2_scf_energy_hartree|ar1_q_a|ar1_bond_length_c_e,0.598103122259227,0.32711907847548116,2.808523940816189,LOOCV,ln(kobs) = <nonlinear model; no closed-form linear equation>
azoarene_svr_rbf_c10_eps01_g003,ln(kobs),4,ar2_homo_hartree|ar2_scf_energy_hartree|ar1_q_a|ar1_bond_length_c_e,0.598103122259227,0.32711907847548116,2.808523940816189,LOOCV,ln(kobs) = <nonlinear model; no closed-form linear equation>
azoarene_svr_rbf_c10_eps01_g003,ln(kobs),4,ar2_Ar_HOMO|ar2_gibbs_free_energy_hartree|ar1_q_a|ar1_bond_length_c_e,0.5981139974088423,0.32701099578394766,2.808485941858783,LOOCV,ln(kobs) = <nonlinear model; no closed-form linear equation>
azoarene_svr_rbf_c10_eps01_g003,ln(kobs),4,ar2_homo_hartree|ar2_gibbs_free_energy_hartree|ar1_q_a|ar1_bond_length_c_e,0.5981139974088423,0.32701099578394766,2.808485941858783,LOOCV,ln(kobs) = <nonlinear model; no closed-form linear equation>
azoarene_svr_rbf_c10_eps01_g003,ln(kobs),4,ar2_Ar_HOMO|ar2_enthalpy_hartree|ar1_q_a|ar1_bond_length_c_e,0.5981145544661498,0.3270092211513196,2.8084839954260272,LOOCV,ln(kobs) = <nonlinear model; no closed-form linear equation>
azoarene_svr_rbf_c10_eps01_g003,ln(kobs),4,ar2_homo_hartree|ar2_enthalpy_hartree|ar1_q_a|ar1_bond_length_c_e,0.5981145544661498,0.3270092211513196,2.8084839954260272,LOOCV,ln(kobs) = <nonlinear model; no closed-form linear equation>
azoarene_svr_rbf_c10_eps01_g003,ln(kobs),5,ar2_Ar_HOMO|ar2_Ar_polar|ar1_q_a|ar1_bond_length_c_e|ar1_nbo_q_a,0.6409318824932213,0.3258206055447639,2.6546620207886527,LOOCV,ln(kobs) = <nonlinear model; no closed-form linear equation>
azoarene_svr_rbf_c10_eps01_g003,ln(kobs),5,ar2_Ar_HOMO|ar2_Ar_polar|ar1_q_a|ar1_bond_length_c_e|ar1_Ar_NBO_OH,0.6409318824932213,0.3258206055447639,2.6546620207886527,LOOCV,ln(kobs) = <nonlinear model; no closed-form linear equation>
azoarene_svr_rbf_c10_eps01_g003,ln(kobs),5,ar2_Ar_HOMO|ar2_isotropic_polarizability_au|ar1_q_a|ar1_bond_length_c_e|ar1_nbo_q_a,0.6409318824932213,0.3258206055447639,2.6546620207886527,LOOCV,ln(kobs) = <nonlinear model; no closed-form linear equation>
azoarene_svr_rbf_c10_eps01_g003,ln(kobs),5,ar2_Ar_HOMO|ar2_isotropic_polarizability_au|ar1_q_a|ar1_bond_length_c_e|ar1_Ar_NBO_OH,0.6409318824932213,0.3258206055447639,2.6546620207886527,LOOCV,ln(kobs) = <nonlinear model; no closed-form linear equation>
azoarene_svr_rbf_c10_eps01_g003,ln(kobs),5,ar2_homo_hartree|ar2_Ar_polar|ar1_q_a|ar1_bond_length_c_e|ar1_nbo_q_a,0.6409318824932213,0.3258206055447639,2.6546620207886527,LOOCV,ln(kobs) = <nonlinear model; no closed-form linear equation>
azoarene_svr_rbf_c10_eps01_g003,ln(kobs),5,ar2_homo_hartree|ar2_Ar_polar|ar1_q_a|ar1_bond_length_c_e|ar1_Ar_NBO_OH,0.6409318824932213,0.3258206055447639,2.6546620207886527,LOOCV,ln(kobs) = <nonlinear model; no closed-form linear equation>
azoarene_svr_rbf_c10_eps01_g003,ln(kobs),5,ar2_homo_hartree|ar2_isotropic_polarizability_au|ar1_q_a|ar1_bond_length_c_e|ar1_nbo_q_a,0.6409318824932213,0.3258206055447639,2.6546620207886527,LOOCV,ln(kobs) = <nonlinear model; no closed-form linear equation>
azoarene_svr_rbf_c10_eps01_g003,ln(kobs),5,ar2_homo_hartree|ar2_isotropic_polarizability_au|ar1_q_a|ar1_bond_length_c_e|ar1_Ar_NBO_OH,0.6409318824932213,0.3258206055447639,2.6546620207886527,LOOCV,ln(kobs) = <nonlinear model; no closed-form linear equation>
azoarene_svr_rbf_c10_eps01_g003,ln(kobs),3,ar1_bond_length_c_a|ar2_Ar_Ster_B5|ar2_sterimol_B5,0.4431471677767599,0.3258095963933211,3.3059100337845972,LOOCV,ln(kobs) = <nonlinear model; no closed-form linear equation>
azoarene_svr_rbf_c10_eps01_g003,ln(kobs),5,ar2_Ar_HOMO|rate kobs (s-1)|ar1_q_a|ar1_bond_length_c_e|ar1_nbo_q_a,0.6735631794320462,0.32475224835848304,2.5311645757431944,LOOCV,ln(kobs) = <nonlinear model; no closed-form linear equation>
azoarene_svr_rbf_c10_eps01_g003,ln(kobs),5,ar2_Ar_HOMO|rate kobs (s-1)|ar1_q_a|ar1_bond_length_c_e|ar1_Ar_NBO_OH,0.6735631794320462,0.32475224835848304,2.5311645757431944,LOOCV,ln(kobs) = <nonlinear model; no closed-form linear equation>
azoarene_svr_rbf_c10_eps01_g003,ln(kobs),5,ar2_homo_hartree|rate kobs (s-1)|ar1_q_a|ar1_bond_length_c_e|ar1_nbo_q_a,0.6735631794320462,0.32475224835848304,2.5311645757431944,LOOCV,ln(kobs) = <nonlinear model; no closed-form linear equation>
azoarene_svr_rbf_c10_eps01_g003,ln(kobs),5,ar2_homo_hartree|rate kobs (s-1)|ar1_q_a|ar1_bond_length_c_e|ar1_Ar_NBO_OH,0.6735631794320462,0.32475224835848304,2.5311645757431944,LOOCV,ln(kobs) = <nonlinear model; no closed-form linear equation>
azoarene_svr_rbf_c10_eps01_g003,ln(kobs),3,ar1_q_a|ar2_Ar_Ster_B5|ar2_sterimol_B5,0.46049473365907756,0.3218847555296924,3.254008315014893,LOOCV,ln(kobs) = <nonlinear model; no closed-form linear equation>
azoarene_svr_rbf_c10_eps01_g003,ln(kobs),4,ar2_lumo_hartree|ar1_bond_length_c_e|ar2_Ar_Ster_B5|ar1_nbo_q_a,0.5686236021466176,0.3216501733141467,2.909705292398586,LOOCV,ln(kobs) = <nonlinear model; no closed-form linear equation>
azoarene_svr_rbf_c10_eps01_g003,ln(kobs),4,ar2_lumo_hartree|ar1_bond_length_c_e|ar2_Ar_Ster_B5|ar1_Ar_NBO_OH,0.5686236021466176,0.3216501733141467,2.909705292398586,LOOCV,ln(kobs) = <nonlinear model; no closed-form linear equation>
azoarene_svr_rbf_c10_eps01_g003,ln(kobs),4,ar2_lumo_hartree|ar1_bond_length_c_e|ar2_sterimol_B5|ar1_nbo_q_a,0.5686236021466176,0.3216501733141467,2.909705292398586,LOOCV,ln(kobs) = <nonlinear model; no closed-form linear equation>
azoarene_svr_rbf_c10_eps01_g003,ln(kobs),4,ar2_lumo_hartree|ar1_bond_length_c_e|ar2_sterimol_B5|ar1_Ar_NBO_OH,0.5686236021466176,0.3216501733141467,2.909705292398586,LOOCV,ln(kobs) = <nonlinear model; no closed-form linear equation>
azoarene_svr_rbf_c10_eps01_g003,ln(kobs),4,ar2_Ar_LUMO|ar1_bond_length_c_e|ar2_Ar_Ster_B5|ar1_nbo_q_a,0.5686236021466176,0.3216501733141467,2.909705292398586,LOOCV,ln(kobs) = <nonlinear model; no closed-form linear equation>
azoarene_svr_rbf_c10_eps01_g003,ln(kobs),4,ar2_Ar_LUMO|ar1_bond_length_c_e|ar2_Ar_Ster_B5|ar1_Ar_NBO_OH,0.5686236021466176,0.3216501733141467,2.909705292398586,LOOCV,ln(kobs) = <nonlinear model; no closed-form linear equation>
azoarene_svr_rbf_c10_eps01_g003,ln(kobs),4,ar2_Ar_LUMO|ar1_bond_length_c_e|ar2_sterimol_B5|ar1_nbo_q_a,0.5686236021466176,0.3216501733141467,2.909705292398586,LOOCV,ln(kobs) = <nonlinear model; no closed-form linear equation>
azoarene_svr_rbf_c10_eps01_g003,ln(kobs),4,ar2_Ar_LUMO|ar1_bond_length_c_e|ar2_sterimol_B5|ar1_Ar_NBO_OH,0.5686236021466176,0.3216501733141467,2.909705292398586,LOOCV,ln(kobs) = <nonlinear model; no closed-form linear equation>
azoarene_svr_rbf_c10_eps01_g003,ln(kobs),4,ar2_Ar_polar|rate kobs (s-1)|ar2_lumo_hartree|ar1_bond_length_c_e,0.5836454720016097,0.32086334963521457,2.858593884254276,LOOCV,ln(kobs) = <nonlinear model; no closed-form linear equation>
azoarene_svr_rbf_c10_eps01_g003,ln(kobs),4,ar2_Ar_polar|rate kobs (s-1)|ar2_Ar_LUMO|ar1_bond_length_c_e,0.5836454720016097,0.32086334963521457,2.858593884254276,LOOCV,ln(kobs) = <nonlinear model; no closed-form linear equation>
azoarene_svr_rbf_c10_eps01_g003,ln(kobs),4,ar2_isotropic_polarizability_au|rate kobs (s-1)|ar2_lumo_hartree|ar1_bond_length_c_e,0.5836454720016097,0.32086334963521457,2.858593884254276,LOOCV,ln(kobs) = <nonlinear model; no closed-form linear equation>
azoarene_svr_rbf_c10_eps01_g003,ln(kobs),4,ar2_isotropic_polarizability_au|rate kobs (s-1)|ar2_Ar_LUMO|ar1_bond_length_c_e,0.5836454720016097,0.32086334963521457,2.858593884254276,LOOCV,ln(kobs) = <nonlinear model; no closed-form linear equation>
azoarene_svr_rbf_c10_eps01_g003,ln(kobs),4,ar2_gap_hartree|ar2_Ar_Ster_B5|ar1_nbo_q_a|ar1_Ar_NBO_OH,0.5669882074014421,0.31997270526515,2.915215579104421,LOOCV,ln(kobs) = <nonlinear model; no closed-form linear equation>
azoarene_svr_rbf_c10_eps01_g003,ln(kobs),4,ar2_gap_hartree|ar2_sterimol_B5|ar1_nbo_q_a|ar1_Ar_NBO_OH,0.5669882074014421,0.31997270526515,2.915215579104421,LOOCV,ln(kobs) = <nonlinear model; no closed-form linear equation>
azoarene_svr_rbf_c10_eps01_g003,ln(kobs),4,ar2_Ar_polar|rate kobs (s-1)|ar2_gap_hartree|ar1_bond_length_c_e,0.5818188361496832,0.3198903229974621,2.8648576512779247,LOOCV,ln(kobs) = <nonlinear model; no closed-form linear equation>
azoarene_svr_rbf_c10_eps01_g003,ln(kobs),4,ar2_isotropic_polarizability_au|rate kobs (s-1)|ar2_gap_hartree|ar1_bond_length_c_e,0.5818188361496832,0.3198903229974621,2.8648576512779247,LOOCV,ln(kobs) = <nonlinear model; no closed-form linear equation>
azoarene_svr_rbf_c10_eps01_g003,ln(kobs),4,ar1_bond_length_c_a|ar2_gap_hartree|ar2_Ar_Ster_B5|ar1_nbo_q_a,0.5701553615453507,0.31983169761194963,2.9045347128131467,LOOCV,ln(kobs) = <nonlinear model; no closed-form linear equation>
azoarene_svr_rbf_c10_eps01_g003,ln(kobs),4,ar1_bond_length_c_a|ar2_gap_hartree|ar2_Ar_Ster_B5|ar1_Ar_NBO_OH,0.5701553615453507,0.31983169761194963,2.9045347128131467,LOOCV,ln(kobs) = <nonlinear model; no closed-form linear equation>
azoarene_svr_rbf_c10_eps01_g003,ln(kobs),4,ar1_bond_length_c_a|ar2_gap_hartree|ar2_sterimol_B5|ar1_nbo_q_a,0.5701553615453507,0.31983169761194963,2.9045347128131467,LOOCV,ln(kobs) = <nonlinear model; no closed-form linear equation>
azoarene_svr_rbf_c10_eps01_g003,ln(kobs),4,ar1_bond_length_c_a|ar2_gap_hartree|ar2_sterimol_B5|ar1_Ar_NBO_OH,0.5701553615453507,0.31983169761194963,2.9045347128131467,LOOCV,ln(kobs) = <nonlinear model; no closed-form linear equation>
azoarene_svr_rbf_c10_eps01_g003,ln(kobs),3,ar2_lumo_hartree|ar2_Ar_LUMO|ar1_nbo_q_a,0.4864263805402522,0.3196972623219003,3.1748423722181767,LOOCV,ln(kobs) = <nonlinear model; no closed-form linear equation>
azoarene_svr_rbf_c10_eps01_g003,ln(kobs),3,ar2_lumo_hartree|ar2_Ar_LUMO|ar1_Ar_NBO_OH,0.4864263805402522,0.3196972623219003,3.1748423722181767,LOOCV,ln(kobs) = <nonlinear model; no closed-form linear equation>
azoarene_svr_rbf_c10_eps01_g003,ln(kobs),3,ar2_Ar_polar|rate kobs (s-1)|ar2_Ar_Ster_B5,0.46344923888706846,0.3180769377956676,3.2450860823088803,LOOCV,ln(kobs) = <nonlinear model; no closed-form linear equation>
azoarene_svr_rbf_c10_eps01_g003,ln(kobs),3,ar2_Ar_polar|rate kobs (s-1)|ar2_sterimol_B5,0.46344923888706846,0.3180769377956676,3.2450860823088803,LOOCV,ln(kobs) = <nonlinear model; no closed-form linear equation>
azoarene_svr_rbf_c10_eps01_g003,ln(kobs),3,ar2_isotropic_polarizability_au|rate kobs (s-1)|ar2_Ar_Ster_B5,0.46344923888706846,0.3180769377956676,3.2450860823088803,LOOCV,ln(kobs) = <nonlinear model; no closed-form linear equation>
azoarene_svr_rbf_c10_eps01_g003,ln(kobs),3,ar2_isotropic_polarizability_au|rate kobs (s-1)|ar2_sterimol_B5,0.46344923888706846,0.3180769377956676,3.2450860823088803,LOOCV,ln(kobs) = <nonlinear model; no closed-form linear equation>
azoarene_svr_rbf_c10_eps01_g003,ln(kobs),4,ar2_scf_energy_hartree|ar1_bond_length_c_a|ar2_lumo_hartree|ar2_Ar_Ster_B5,0.5648577564864005,0.317914616310906,2.9223783206640834,LOOCV,ln(kobs) = <nonlinear model; no closed-form linear equation>
azoarene_svr_rbf_c10_eps01_g003,ln(kobs),4,ar2_scf_energy_hartree|ar1_bond_length_c_a|ar2_lumo_hartree|ar2_sterimol_B5,0.5648577564864005,0.317914616310906,2.9223783206640834,LOOCV,ln(kobs) = <nonlinear model; no closed-form linear equation>
azoarene_svr_rbf_c10_eps01_g003,ln(kobs),4,ar2_scf_energy_hartree|ar1_bond_length_c_a|ar2_Ar_LUMO|ar2_Ar_Ster_B5,0.5648577564864005,0.317914616310906,2.9223783206640834,LOOCV,ln(kobs) = <nonlinear model; no closed-form linear equation>
azoarene_svr_rbf_c10_eps01_g003,ln(kobs),4,ar2_scf_energy_hartree|ar1_bond_length_c_a|ar2_Ar_LUMO|ar2_sterimol_B5,0.5648577564864005,0.317914616310906,2.9223783206640834,LOOCV,ln(kobs) = <nonlinear model; no closed-form linear equation>
azoarene_svr_rbf_c10_eps01_g003,ln(kobs),4,ar2_gibbs_free_energy_hartree|ar1_bond_length_c_a|ar2_lumo_hartree|ar2_Ar_Ster_B5,0.5648816837339359,0.3178920042509362,2.922297972879219,LOOCV,ln(kobs) = <nonlinear model; no closed-form linear equation>
azoarene_svr_rbf_c10_eps01_g003,ln(kobs),4,ar2_gibbs_free_energy_hartree|ar1_bond_length_c_a|ar2_lumo_hartree|ar2_sterimol_B5,0.5648816837339359,0.3178920042509362,2.922297972879219,LOOCV,ln(kobs) = <nonlinear model; no closed-form linear equation>
azoarene_svr_rbf_c10_eps01_g003,ln(kobs),4,ar2_gibbs_free_energy_hartree|ar1_bond_length_c_a|ar2_Ar_LUMO|ar2_Ar_Ster_B5,0.5648816837339359,0.3178920042509362,2.922297972879219,LOOCV,ln(kobs) = <nonlinear model; no closed-form linear equation>
azoarene_svr_rbf_c10_eps01_g003,ln(kobs),4,ar2_gibbs_free_energy_hartree|ar1_bond_length_c_a|ar2_Ar_LUMO|ar2_sterimol_B5,0.5648816837339359,0.3178920042509362,2.922297972879219,LOOCV,ln(kobs) = <nonlinear model; no closed-form linear equation>
azoarene_svr_rbf_c10_eps01_g003,ln(kobs),4,ar2_enthalpy_hartree|ar1_bond_length_c_a|ar2_lumo_hartree|ar2_Ar_Ster_B5,0.5648826241732505,0.3178752340975931,2.922294814835435,LOOCV,ln(kobs) = <nonlinear model; no closed-form linear equation>
azoarene_svr_rbf_c10_eps01_g003,ln(kobs),4,ar2_enthalpy_hartree|ar1_bond_length_c_a|ar2_lumo_hartree|ar2_sterimol_B5,0.5648826241732505,0.3178752340975931,2.922294814835435,LOOCV,ln(kobs) = <nonlinear model; no closed-form linear equation>
azoarene_svr_rbf_c10_eps01_g003,ln(kobs),4,ar2_enthalpy_hartree|ar1_bond_length_c_a|ar2_Ar_LUMO|ar2_Ar_Ster_B5,0.5648826241732505,0.3178752340975931,2.922294814835435,LOOCV,ln(kobs) = <nonlinear model; no closed-form linear equation>
azoarene_svr_rbf_c10_eps01_g003,ln(kobs),4,ar2_enthalpy_hartree|ar1_bond_length_c_a|ar2_Ar_LUMO|ar2_sterimol_B5,0.5648826241732505,0.3178752340975931,2.922294814835435,LOOCV,ln(kobs) = <nonlinear model; no closed-form linear equation>
azoarene_svr_rbf_c10_eps01_g003,ln(kobs),3,ar1_q_a|ar2_Ar_Ster_B5|ar1_nbo_q_a,0.4755945003756529,0.3174118581973824,3.2081482793422675,LOOCV,ln(kobs) = <nonlinear model; no closed-form linear equation>
azoarene_svr_rbf_c10_eps01_g003,ln(kobs),3,ar1_q_a|ar2_Ar_Ster_B5|ar1_Ar_NBO_OH,0.4755945003756529,0.3174118581973824,3.2081482793422675,LOOCV,ln(kobs) = <nonlinear model; no closed-form linear equation>
azoarene_svr_rbf_c10_eps01_g003,ln(kobs),3,ar1_q_a|ar2_sterimol_B5|ar1_nbo_q_a,0.4755945003756529,0.3174118581973824,3.2081482793422675,LOOCV,ln(kobs) = <nonlinear model; no closed-form linear equation>
azoarene_svr_rbf_c10_eps01_g003,ln(kobs),3,ar1_q_a|ar2_sterimol_B5|ar1_Ar_NBO_OH,0.4755945003756529,0.3174118581973824,3.2081482793422675,LOOCV,ln(kobs) = <nonlinear model; no closed-form linear equation>
azoarene_svr_rbf_c10_eps01_g003,ln(kobs),3,ar2_Ar_polar|ar1_bond_length_c_e|ar2_Ar_Ster_B5,0.4656011719932929,0.31702296302176414,3.238572044301256,LOOCV,ln(kobs) = <nonlinear model; no closed-form linear equation>
azoarene_svr_rbf_c10_eps01_g003,ln(kobs),3,ar2_Ar_polar|ar1_bond_length_c_e|ar2_sterimol_B5,0.4656011719932929,0.31702296302176414,3.238572044301256,LOOCV,ln(kobs) = <nonlinear model; no closed-form linear equation>
azoarene_svr_rbf_c10_eps01_g003,ln(kobs),3,ar2_isotropic_polarizability_au|ar1_bond_length_c_e|ar2_Ar_Ster_B5,0.4656011719932929,0.31702296302176414,3.238572044301256,LOOCV,ln(kobs) = <nonlinear model; no closed-form linear equation>
azoarene_svr_rbf_c10_eps01_g003,ln(kobs),3,ar2_isotropic_polarizability_au|ar1_bond_length_c_e|ar2_sterimol_B5,0.4656011719932929,0.31702296302176414,3.238572044301256,LOOCV,ln(kobs) = <nonlinear model; no closed-form linear equation>
azoarene_svr_rbf_c10_eps01_g003,ln(kobs),3,ar2_scf_energy_hartree|ar1_bond_length_c_a|ar2_lumo_hartree,0.5144108585417033,0.3168048947595139,3.087132696666914,LOOCV,ln(kobs) = <nonlinear model; no closed-form linear equation>
azoarene_svr_rbf_c10_eps01_g003,ln(kobs),3,ar2_scf_energy_hartree|ar1_bond_length_c_a|ar2_Ar_LUMO,0.5144108585417033,0.3168048947595139,3.087132696666914,LOOCV,ln(kobs) = <nonlinear model; no closed-form linear equation>
azoarene_svr_rbf_c10_eps01_g003,ln(kobs),3,ar2_gibbs_free_energy_hartree|ar1_bond_length_c_a|ar2_lumo_hartree,0.5143145374967306,0.3166738576247444,3.087438861979908,LOOCV,ln(kobs) = <nonlinear model; no closed-form linear equation>
azoarene_svr_rbf_c10_eps01_g003,ln(kobs),3,ar2_gibbs_free_energy_hartree|ar1_bond_length_c_a|ar2_Ar_LUMO,0.5143145374967306,0.3166738576247444,3.087438861979908,LOOCV,ln(kobs) = <nonlinear model; no closed-form linear equation>
azoarene_svr_rbf_c10_eps01_g003,ln(kobs),3,ar2_enthalpy_hartree|ar1_bond_length_c_a|ar2_lumo_hartree,0.514344727057204,0.31666426200072395,3.0873429049481445,LOOCV,ln(kobs) = <nonlinear model; no closed-form linear equation>
azoarene_svr_rbf_c10_eps01_g003,ln(kobs),3,ar2_enthalpy_hartree|ar1_bond_length_c_a|ar2_Ar_LUMO,0.514344727057204,0.31666426200072395,3.0873429049481445,LOOCV,ln(kobs) = <nonlinear model; no closed-form linear equation>
azoarene_svr_rbf_c10_eps01_g003,ln(kobs),3,ar2_lumo_hartree|ar1_bond_length_c_e|ar2_Ar_Ster_B5,0.5654575882145149,0.31502070826008977,2.9203634166016568,LOOCV,ln(kobs) = <nonlinear model; no closed-form linear equation>
azoarene_svr_rbf_c10_eps01_g003,ln(kobs),3,ar2_lumo_hartree|ar1_bond_length_c_e|ar2_sterimol_B5,0.5654575882145149,0.31502070826008977,2.9203634166016568,LOOCV,ln(kobs) = <nonlinear model; no closed-form linear equation>
azoarene_svr_rbf_c10_eps01_g003,ln(kobs),3,ar2_Ar_LUMO|ar1_bond_length_c_e|ar2_Ar_Ster_B5,0.5654575882145149,0.31502070826008977,2.9203634166016568,LOOCV,ln(kobs) = <nonlinear model; no closed-form linear equation>
azoarene_svr_rbf_c10_eps01_g003,ln(kobs),3,ar2_Ar_LUMO|ar1_bond_length_c_e|ar2_sterimol_B5,0.5654575882145149,0.31502070826008977,2.9203634166016568,LOOCV,ln(kobs) = <nonlinear model; no closed-form linear equation>
azoarene_svr_rbf_c10_eps01_g003,ln(kobs),3,ar2_gap_hartree|ar1_bond_length_c_e|ar2_Ar_Ster_B5,0.5624655348949724,0.31500791957635055,2.9304002888936163,LOOCV,ln(kobs) = <nonlinear model; no closed-form linear equation>
azoarene_svr_rbf_c10_eps01_g003,ln(kobs),3,ar2_gap_hartree|ar1_bond_length_c_e|ar2_sterimol_B5,0.5624655348949724,0.31500791957635055,2.9304002888936163,LOOCV,ln(kobs) = <nonlinear model; no closed-form linear equation>
azoarene_svr_rbf_c10_eps01_g003,ln(kobs),4,ar2_gap_hartree|ar1_bond_length_c_e|ar2_Ar_Ster_B5|ar1_nbo_q_a,0.5669636373001237,0.3143607803528664,2.915298286004468,LOOCV,ln(kobs) = <nonlinear model; no closed-form linear equation>
azoarene_svr_rbf_c10_eps01_g003,ln(kobs),4,ar2_gap_hartree|ar1_bond_length_c_e|ar2_Ar_Ster_B5|ar1_Ar_NBO_OH,0.5669636373001237,0.3143607803528664,2.915298286004468,LOOCV,ln(kobs) = <nonlinear model; no closed-form linear equation>
azoarene_svr_rbf_c10_eps01_g003,ln(kobs),4,ar2_gap_hartree|ar1_bond_length_c_e|ar2_sterimol_B5|ar1_nbo_q_a,0.5669636373001237,0.3143607803528664,2.915298286004468,LOOCV,ln(kobs) = <nonlinear model; no closed-form linear equation>
azoarene_svr_rbf_c10_eps01_g003,ln(kobs),4,ar2_gap_hartree|ar1_bond_length_c_e|ar2_sterimol_B5|ar1_Ar_NBO_OH,0.5669636373001237,0.3143607803528664,2.915298286004468,LOOCV,ln(kobs) = <nonlinear model; no closed-form linear equation>
azoarene_svr_rbf_c10_eps01_g003,ln(kobs),3,ar2_Ar_HOMO|ar1_q_a|ar1_nbo_q_a,0.5524994156359824,0.31420705902624213,2.963586566760556,LOOCV,ln(kobs) = <nonlinear model; no closed-form linear equation>
azoarene_svr_rbf_c10_eps01_g003,ln(kobs),3,ar2_Ar_HOMO|ar1_q_a|ar1_Ar_NBO_OH,0.5524994156359824,0.31420705902624213,2.963586566760556,LOOCV,ln(kobs) = <nonlinear model; no closed-form linear equation>
azoarene_svr_rbf_c10_eps01_g003,ln(kobs),3,ar2_homo_hartree|ar1_q_a|ar1_nbo_q_a,0.5524994156359824,0.31420705902624213,2.963586566760556,LOOCV,ln(kobs) = <nonlinear model; no closed-form linear equation>
azoarene_svr_rbf_c10_eps01_g003,ln(kobs),3,ar2_homo_hartree|ar1_q_a|ar1_Ar_NBO_OH,0.5524994156359824,0.31420705902624213,2.963586566760556,LOOCV,ln(kobs) = <nonlinear model; no closed-form linear equation>
azoarene_svr_rbf_c10_eps01_g003,ln(kobs),3,ar2_Ar_polar|ar2_isotropic_polarizability_au|ar1_nbo_q_a,0.42653992805898955,0.3140767148136372,3.354844589315843,LOOCV,ln(kobs) = <nonlinear model; no closed-form linear equation>
azoarene_svr_rbf_c10_eps01_g003,ln(kobs),3,ar2_Ar_polar|ar2_isotropic_polarizability_au|ar1_Ar_NBO_OH,0.42653992805898955,0.3140767148136372,3.354844589315843,LOOCV,ln(kobs) = <nonlinear model; no closed-form linear equation>
azoarene_svr_rbf_c10_eps01_g003,ln(kobs),4,ar2_lumo_hartree|ar1_q_a|ar1_bond_length_c_e|ar2_Ar_Ster_B5,0.601685338493297,0.3135132234522713,2.795979355858226,LOOCV,ln(kobs) = <nonlinear model; no closed-form linear equation>
azoarene_svr_rbf_c10_eps01_g003,ln(kobs),4,ar2_lumo_hartree|ar1_q_a|ar1_bond_length_c_e|ar2_sterimol_B5,0.601685338493297,0.3135132234522713,2.795979355858226,LOOCV,ln(kobs) = <nonlinear model; no closed-form linear equation>
azoarene_svr_rbf_c10_eps01_g003,ln(kobs),4,ar2_Ar_LUMO|ar1_q_a|ar1_bond_length_c_e|ar2_Ar_Ster_B5,0.601685338493297,0.3135132234522713,2.795979355858226,LOOCV,ln(kobs) = <nonlinear model; no closed-form linear equation>
azoarene_svr_rbf_c10_eps01_g003,ln(kobs),4,ar2_Ar_LUMO|ar1_q_a|ar1_bond_length_c_e|ar2_sterimol_B5,0.601685338493297,0.3135132234522713,2.795979355858226,LOOCV,ln(kobs) = <nonlinear model; no closed-form linear equation>
azoarene_svr_rbf_c10_eps01_g003,ln(kobs),3,ar2_lumo_hartree|ar2_gap_hartree|ar1_nbo_q_a,0.48374734012792864,0.3132313347305167,3.183112333257174,LOOCV,ln(kobs) = <nonlinear model; no closed-form linear equation>
azoarene_svr_rbf_c10_eps01_g003,ln(kobs),3,ar2_lumo_hartree|ar2_gap_hartree|ar1_Ar_NBO_OH,0.48374734012792864,0.3132313347305167,3.183112333257174,LOOCV,ln(kobs) = <nonlinear model; no closed-form linear equation>
azoarene_svr_rbf_c10_eps01_g003,ln(kobs),3,ar2_Ar_LUMO|ar2_gap_hartree|ar1_nbo_q_a,0.48374734012792864,0.3132313347305167,3.183112333257174,LOOCV,ln(kobs) = <nonlinear model; no closed-form linear equation>
azoarene_svr_rbf_c10_eps01_g003,ln(kobs),3,ar2_Ar_LUMO|ar2_gap_hartree|ar1_Ar_NBO_OH,0.48374734012792864,0.3132313347305167,3.183112333257174,LOOCV,ln(kobs) = <nonlinear model; no closed-form linear equation>
azoarene_svr_rbf_c10_eps01_g003,ln(kobs),3,ar2_scf_energy_hartree|ar1_bond_length_c_a|ar2_gap_hartree,0.5071259106407023,0.31322654356653723,3.11020351613478,LOOCV,ln(kobs) = <nonlinear model; no closed-form linear equation>
azoarene_svr_rbf_c10_eps01_g003,ln(kobs),5,rate kobs (s-1)|ar2_lumo_hartree|ar2_Ar_Ster_B5|ar1_nbo_q_a|ar1_Ar_NBO_OH,0.6368180964301727,0.31322531106208396,2.669825731778014,LOOCV,ln(kobs) = <nonlinear model; no closed-form linear equation>
azoarene_svr_rbf_c10_eps01_g003,ln(kobs),5,rate kobs (s-1)|ar2_lumo_hartree|ar2_sterimol_B5|ar1_nbo_q_a|ar1_Ar_NBO_OH,0.6368180964301727,0.31322531106208396,2.669825731778014,LOOCV,ln(kobs) = <nonlinear model; no closed-form linear equation>
azoarene_svr_rbf_c10_eps01_g003,ln(kobs),5,rate kobs (s-1)|ar2_Ar_LUMO|ar2_Ar_Ster_B5|ar1_nbo_q_a|ar1_Ar_NBO_OH,0.6368180964301727,0.31322531106208396,2.669825731778014,LOOCV,ln(kobs) = <nonlinear model; no closed-form linear equation>
azoarene_svr_rbf_c10_eps01_g003,ln(kobs),5,rate kobs (s-1)|ar2_Ar_LUMO|ar2_sterimol_B5|ar1_nbo_q_a|ar1_Ar_NBO_OH,0.6368180964301727,0.31322531106208396,2.669825731778014,LOOCV,ln(kobs) = <nonlinear model; no closed-form linear equation>
azoarene_svr_rbf_c10_eps01_g003,ln(kobs),3,ar2_gibbs_free_energy_hartree|ar1_bond_length_c_a|ar2_gap_hartree,0.5071062903294765,0.31309686050631846,3.11026542094474,LOOCV,ln(kobs) = <nonlinear model; no closed-form linear equation>
azoarene_svr_rbf_c10_eps01_g003,ln(kobs),3,ar2_enthalpy_hartree|ar1_bond_length_c_a|ar2_gap_hartree,0.5070373500482677,0.3130876643251924,3.110482927347574,LOOCV,ln(kobs) = <nonlinear model; no closed-form linear equation>
azoarene_svr_rbf_c10_eps01_g003,ln(kobs),4,ar2_scf_energy_hartree|ar1_bond_length_c_a|ar2_gap_hartree|ar2_Ar_Ster_B5,0.559619007013014,0.31100566497287063,2.939917188350808,LOOCV,ln(kobs) = <nonlinear model; no closed-form linear equation>
azoarene_svr_rbf_c10_eps01_g003,ln(kobs),4,ar2_scf_energy_hartree|ar1_bond_length_c_a|ar2_gap_hartree|ar2_sterimol_B5,0.559619007013014,0.31100566497287063,2.939917188350808,LOOCV,ln(kobs) = <nonlinear model; no closed-form linear equation>
azoarene_svr_rbf_c10_eps01_g003,ln(kobs),4,ar2_enthalpy_hartree|ar1_bond_length_c_a|ar2_gap_hartree|ar2_Ar_Ster_B5,0.5596432509829421,0.31098215228499393,2.939836262690944,LOOCV,ln(kobs) = <nonlinear model; no closed-form linear equation>
azoarene_svr_rbf_c10_eps01_g003,ln(kobs),4,ar2_enthalpy_hartree|ar1_bond_length_c_a|ar2_gap_hartree|ar2_sterimol_B5,0.5596432509829421,0.31098215228499393,2.939836262690944,LOOCV,ln(kobs) = <nonlinear model; no closed-form linear equation>
azoarene_svr_rbf_c10_eps01_g003,ln(kobs),4,ar2_gibbs_free_energy_hartree|ar1_bond_length_c_a|ar2_gap_hartree|ar2_Ar_Ster_B5,0.5596442477292688,0.3109744762367226,2.9398329355332917,LOOCV,ln(kobs) = <nonlinear model; no closed-form linear equation>
azoarene_svr_rbf_c10_eps01_g003,ln(kobs),4,ar2_gibbs_free_energy_hartree|ar1_bond_length_c_a|ar2_gap_hartree|ar2_sterimol_B5,0.5596442477292688,0.3109744762367226,2.9398329355332917,LOOCV,ln(kobs) = <nonlinear model; no closed-form linear equation>
azoarene_svr_rbf_c10_eps01_g003,ln(kobs),4,ar1_bond_length_c_a|ar2_lumo_hartree|ar2_Ar_Ster_B5|ar2_sterimol_B5,0.5614486012612092,0.3097718371386504,2.933803784265559,LOOCV,ln(kobs) = <nonlinear model; no closed-form linear equation>
azoarene_svr_rbf_c10_eps01_g003,ln(kobs),4,ar1_bond_length_c_a|ar2_Ar_LUMO|ar2_Ar_Ster_B5|ar2_sterimol_B5,0.5614486012612092,0.3097718371386504,2.933803784265559,LOOCV,ln(kobs) = <nonlinear model; no closed-form linear equation>
azoarene_svr_rbf_c10_eps01_g003,ln(kobs),3,ar2_Ar_polar|ar2_isotropic_polarizability_au|ar2_gibbs_free_energy_hartree,0.3689278874167802,0.30923528833564495,3.519332568966198,LOOCV,ln(kobs) = <nonlinear model; no closed-form linear equation>
azoarene_svr_rbf_c10_eps01_g003,ln(kobs),3,ar2_Ar_polar|ar2_isotropic_polarizability_au|ar2_enthalpy_hartree,0.36893539304995293,0.3092253639394674,3.519311640377143,LOOCV,ln(kobs) = <nonlinear model; no closed-form linear equation>
azoarene_svr_rbf_c10_eps01_g003,ln(kobs),3,ar2_Ar_polar|ar2_isotropic_polarizability_au|ar2_scf_energy_hartree,0.3689218939918346,0.30922357446934545,3.5193492808483344,LOOCV,ln(kobs) = <nonlinear model; no closed-form linear equation>
azoarene_svr_rbf_c10_eps01_g003,ln(kobs),4,ar1_bond_length_c_a|ar2_lumo_hartree|ar1_q_a|ar2_Ar_Ster_B5,0.5695073616627467,0.30870134454197573,2.906723212073122,LOOCV,ln(kobs) = <nonlinear model; no closed-form linear equation>
azoarene_svr_rbf_c10_eps01_g003,ln(kobs),4,ar1_bond_length_c_a|ar2_lumo_hartree|ar1_q_a|ar2_sterimol_B5,0.5695073616627467,0.30870134454197573,2.906723212073122,LOOCV,ln(kobs) = <nonlinear model; no closed-form linear equation>
azoarene_svr_rbf_c10_eps01_g003,ln(kobs),4,ar1_bond_length_c_a|ar2_Ar_LUMO|ar1_q_a|ar2_Ar_Ster_B5,0.5695073616627467,0.30870134454197573,2.906723212073122,LOOCV,ln(kobs) = <nonlinear model; no closed-form linear equation>
azoarene_svr_rbf_c10_eps01_g003,ln(kobs),4,ar1_bond_length_c_a|ar2_Ar_LUMO|ar1_q_a|ar2_sterimol_B5,0.5695073616627467,0.30870134454197573,2.906723212073122,LOOCV,ln(kobs) = <nonlinear model; no closed-form linear equation>
azoarene_svr_rbf_c10_eps01_g003,ln(kobs),4,rate kobs (s-1)|ar2_lumo_hartree|ar1_bond_length_c_e|ar2_Ar_Ster_B5,0.6294440214608872,0.30864572837557414,2.6967937092891603,LOOCV,ln(kobs) = <nonlinear model; no closed-form linear equation>
azoarene_svr_rbf_c10_eps01_g003,ln(kobs),4,rate kobs (s-1)|ar2_lumo_hartree|ar1_bond_length_c_e|ar2_sterimol_B5,0.6294440214608872,0.30864572837557414,2.6967937092891603,LOOCV,ln(kobs) = <nonlinear model; no closed-form linear equation>
azoarene_svr_rbf_c10_eps01_g003,ln(kobs),4,rate kobs (s-1)|ar2_Ar_LUMO|ar1_bond_length_c_e|ar2_Ar_Ster_B5,0.6294440214608872,0.30864572837557414,2.6967937092891603,LOOCV,ln(kobs) = <nonlinear model; no closed-form linear equation>
azoarene_svr_rbf_c10_eps01_g003,ln(kobs),4,rate kobs (s-1)|ar2_Ar_LUMO|ar1_bond_length_c_e|ar2_sterimol_B5,0.6294440214608872,0.30864572837557414,2.6967937092891603,LOOCV,ln(kobs) = <nonlinear model; no closed-form linear equation>
azoarene_svr_rbf_c10_eps01_g003,ln(kobs),3,ar2_Ar_polar|ar2_gibbs_free_energy_hartree|ar2_enthalpy_hartree,0.3585388492013104,0.30843215610795116,3.548182860550984,LOOCV,ln(kobs) = <nonlinear model; no closed-form linear equation>
azoarene_svr_rbf_c10_eps01_g003,ln(kobs),3,ar2_isotropic_polarizability_au|ar2_gibbs_free_energy_hartree|ar2_enthalpy_hartree,0.3585388492013104,0.30843215610795116,3.548182860550984,LOOCV,ln(kobs) = <nonlinear model; no closed-form linear equation>
azoarene_svr_rbf_c10_eps01_g003,ln(kobs),3,ar2_Ar_polar|ar2_scf_energy_hartree|ar2_enthalpy_hartree,0.35853884572694084,0.30843024101364647,3.5481828701600606,LOOCV,ln(kobs) = <nonlinear model; no closed-form linear equation>
azoarene_svr_rbf_c10_eps01_g003,ln(kobs),3,ar2_isotropic_polarizability_au|ar2_scf_energy_hartree|ar2_enthalpy_hartree,0.35853884572694084,0.30843024101364647,3.5481828701600606,LOOCV,ln(kobs) = <nonlinear model; no closed-form linear equation>
azoarene_svr_rbf_c10_eps01_g003,ln(kobs),3,ar2_Ar_polar|ar2_scf_energy_hartree|ar2_gibbs_free_energy_hartree,0.3585389393114663,0.30842982568908517,3.54818261133299,LOOCV,ln(kobs) = <nonlinear model; no closed-form linear equation>
azoarene_svr_rbf_c10_eps01_g003,ln(kobs),3,ar2_isotropic_polarizability_au|ar2_scf_energy_hartree|ar2_gibbs_free_energy_hartree,0.3585389393114663,0.30842982568908517,3.54818261133299,LOOCV,ln(kobs) = <nonlinear model; no closed-form linear equation>
azoarene_svr_rbf_c10_eps01_g003,ln(kobs),4,ar2_Ar_HOMO|ar1_q_a|ar1_nbo_q_a|ar1_Ar_NBO_OH,0.5590012140799765,0.30815388606198857,2.9419786119230125,LOOCV,ln(kobs) = <nonlinear model; no closed-form linear equation>
azoarene_svr_rbf_c10_eps01_g003,ln(kobs),4,ar2_homo_hartree|ar1_q_a|ar1_nbo_q_a|ar1_Ar_NBO_OH,0.5590012140799765,0.30815388606198857,2.9419786119230125,LOOCV,ln(kobs) = <nonlinear model; no closed-form linear equation>
azoarene_svr_rbf_c10_eps01_g003,ln(kobs),3,ar2_Ar_polar|ar2_scf_energy_hartree|ar1_bond_length_c_e,0.42191765276514637,0.30796444953142754,3.3683380245345154,LOOCV,ln(kobs) = <nonlinear model; no closed-form linear equation>
azoarene_svr_rbf_c10_eps01_g003,ln(kobs),3,ar2_isotropic_polarizability_au|ar2_scf_energy_hartree|ar1_bond_length_c_e,0.42191765276514637,0.30796444953142754,3.3683380245345154,LOOCV,ln(kobs) = <nonlinear model; no closed-form linear equation>
azoarene_svr_rbf_c10_eps01_g003,ln(kobs),3,ar2_Ar_polar|ar2_gibbs_free_energy_hartree|ar1_bond_length_c_e,0.4219149217658581,0.30786563596358885,3.3683459809423937,LOOCV,ln(kobs) = <nonlinear model; no closed-form linear equation>
azoarene_svr_rbf_c10_eps01_g003,ln(kobs),3,ar2_isotropic_polarizability_au|ar2_gibbs_free_energy_hartree|ar1_bond_length_c_e,0.4219149217658581,0.30786563596358885,3.3683459809423937,LOOCV,ln(kobs) = <nonlinear model; no closed-form linear equation>
azoarene_svr_rbf_c10_eps01_g003,ln(kobs),3,ar2_Ar_polar|ar2_enthalpy_hartree|ar1_bond_length_c_e,0.4219143784998789,0.30786316025608595,3.368347563674258,LOOCV,ln(kobs) = <nonlinear model; no closed-form linear equation>
azoarene_svr_rbf_c10_eps01_g003,ln(kobs),3,ar2_isotropic_polarizability_au|ar2_enthalpy_hartree|ar1_bond_length_c_e,0.4219143784998789,0.30786316025608595,3.368347563674258,LOOCV,ln(kobs) = <nonlinear model; no closed-form linear equation>
azoarene_svr_rbf_c10_eps01_g003,ln(kobs),3,ar1_q_a|ar1_bond_length_c_e|ar2_Ar_Ster_B5,0.5076908116439536,0.30705886002513116,3.108420646187458,LOOCV,ln(kobs) = <nonlinear model; no closed-form linear equation>
azoarene_svr_rbf_c10_eps01_g003,ln(kobs),3,ar1_q_a|ar1_bond_length_c_e|ar2_sterimol_B5,0.5076908116439536,0.30705886002513116,3.108420646187458,LOOCV,ln(kobs) = <nonlinear model; no closed-form linear equation>
azoarene_svr_rbf_c10_eps01_g003,ln(kobs),4,rate kobs (s-1)|ar2_gap_hartree|ar1_bond_length_c_e|ar2_Ar_Ster_B5,0.6264861460001117,0.3068665915413793,2.707535574787378,LOOCV,ln(kobs) = <nonlinear model; no closed-form linear equation>
azoarene_svr_rbf_c10_eps01_g003,ln(kobs),4,rate kobs (s-1)|ar2_gap_hartree|ar1_bond_length_c_e|ar2_sterimol_B5,0.6264861460001117,0.3068665915413793,2.707535574787378,LOOCV,ln(kobs) = <nonlinear model; no closed-form linear equation>
azoarene_svr_rbf_c10_eps01_g003,ln(kobs),3,ar1_bond_length_c_a|ar1_q_a|ar2_Ar_Ster_B5,0.4650848662597793,0.30655448335432534,3.240136128606733,LOOCV,ln(kobs) = <nonlinear model; no closed-form linear equation>
azoarene_svr_rbf_c10_eps01_g003,ln(kobs),3,ar1_bond_length_c_a|ar1_q_a|ar2_sterimol_B5,0.4650848662597793,0.30655448335432534,3.240136128606733,LOOCV,ln(kobs) = <nonlinear model; no closed-form linear equation>
azoarene_svr_rbf_c10_eps01_g003,ln(kobs),4,ar2_gap_hartree|ar1_q_a|ar1_bond_length_c_e|ar2_Ar_Ster_B5,0.6013004722737549,0.30652301727603326,2.7973298185672095,LOOCV,ln(kobs) = <nonlinear model; no closed-form linear equation>
azoarene_svr_rbf_c10_eps01_g003,ln(kobs),4,ar2_gap_hartree|ar1_q_a|ar1_bond_length_c_e|ar2_sterimol_B5,0.6013004722737549,0.30652301727603326,2.7973298185672095,LOOCV,ln(kobs) = <nonlinear model; no closed-form linear equation>
azoarene_svr_rbf_c10_eps01_g003,ln(kobs),3,ar2_scf_energy_hartree|ar1_nbo_q_a|ar1_Ar_NBO_OH,0.4074880731280722,0.30632887960144917,3.4101176504645587,LOOCV,ln(kobs) = <nonlinear model; no closed-form linear equation>
azoarene_svr_rbf_c10_eps01_g003,ln(kobs),3,ar2_enthalpy_hartree|ar1_nbo_q_a|ar1_Ar_NBO_OH,0.4074083517874758,0.30630991132201457,3.410347055135116,LOOCV,ln(kobs) = <nonlinear model; no closed-form linear equation>
azoarene_svr_rbf_c10_eps01_g003,ln(kobs),3,ar2_gibbs_free_energy_hartree|ar1_nbo_q_a|ar1_Ar_NBO_OH,0.40741196823079284,0.3063048442599746,3.410336648858154,LOOCV,ln(kobs) = <nonlinear model; no closed-form linear equation>
azoarene_svr_rbf_c10_eps01_g003,ln(kobs),3,rate kobs (s-1)|ar1_q_a|ar2_Ar_Ster_B5,0.49679496281509183,0.3060790689955918,3.142630376753184,LOOCV,ln(kobs) = <nonlinear model; no closed-form linear equation>
azoarene_svr_rbf_c10_eps01_g003,ln(kobs),3,rate kobs (s-1)|ar1_q_a|ar2_sterimol_B5,0.49679496281509183,0.3060790689955918,3.142630376753184,LOOCV,ln(kobs) = <nonlinear model; no closed-form linear equation>
azoarene_svr_rbf_c10_eps01_g003,ln(kobs),4,ar1_bond_length_c_a|ar2_gap_hartree|ar2_Ar_Ster_B5|ar2_sterimol_B5,0.5579089701056985,0.30590048899459,2.945619632377296,LOOCV,ln(kobs) = <nonlinear model; no closed-form linear equation>
azoarene_svr_rbf_c10_eps01_g003,ln(kobs),3,ar2_Ar_polar|ar2_lumo_hartree|ar1_nbo_q_a,0.5070773193879738,0.30557236720897385,3.1103568260405794,LOOCV,ln(kobs) = <nonlinear model; no closed-form linear equation>
azoarene_svr_rbf_c10_eps01_g003,ln(kobs),3,ar2_Ar_polar|ar2_lumo_hartree|ar1_Ar_NBO_OH,0.5070773193879738,0.30557236720897385,3.1103568260405794,LOOCV,ln(kobs) = <nonlinear model; no closed-form linear equation>
azoarene_svr_rbf_c10_eps01_g003,ln(kobs),3,ar2_Ar_polar|ar2_Ar_LUMO|ar1_nbo_q_a,0.5070773193879738,0.30557236720897385,3.1103568260405794,LOOCV,ln(kobs) = <nonlinear model; no closed-form linear equation>
azoarene_svr_rbf_c10_eps01_g003,ln(kobs),3,ar2_Ar_polar|ar2_Ar_LUMO|ar1_Ar_NBO_OH,0.5070773193879738,0.30557236720897385,3.1103568260405794,LOOCV,ln(kobs) = <nonlinear model; no closed-form linear equation>
azoarene_svr_rbf_c10_eps01_g003,ln(kobs),3,ar2_isotropic_polarizability_au|ar2_lumo_hartree|ar1_nbo_q_a,0.5070773193879738,0.30557236720897385,3.1103568260405794,LOOCV,ln(kobs) = <nonlinear model; no closed-form linear equation>
azoarene_svr_rbf_c10_eps01_g003,ln(kobs),3,ar2_isotropic_polarizability_au|ar2_lumo_hartree|ar1_Ar_NBO_OH,0.5070773193879738,0.30557236720897385,3.1103568260405794,LOOCV,ln(kobs) = <nonlinear model; no closed-form linear equation>
azoarene_svr_rbf_c10_eps01_g003,ln(kobs),3,ar2_isotropic_polarizability_au|ar2_Ar_LUMO|ar1_nbo_q_a,0.5070773193879738,0.30557236720897385,3.1103568260405794,LOOCV,ln(kobs) = <nonlinear model; no closed-form linear equation>
azoarene_svr_rbf_c10_eps01_g003,ln(kobs),3,ar2_isotropic_polarizability_au|ar2_Ar_LUMO|ar1_Ar_NBO_OH,0.5070773193879738,0.30557236720897385,3.1103568260405794,LOOCV,ln(kobs) = <nonlinear model; no closed-form linear equation>
azoarene_svr_rbf_c10_eps01_g003,ln(kobs),3,ar2_scf_energy_hartree|rate kobs (s-1)|ar1_nbo_q_a,0.4810479735380896,0.3053584053960209,3.1914233649625396,LOOCV,ln(kobs) = <nonlinear model; no closed-form linear equation>
azoarene_svr_rbf_c10_eps01_g003,ln(kobs),3,ar2_scf_energy_hartree|rate kobs (s-1)|ar1_Ar_NBO_OH,0.4810479735380896,0.3053584053960209,3.1914233649625396,LOOCV,ln(kobs) = <nonlinear model; no closed-form linear equation>
azoarene_svr_rbf_c10_eps01_g003,ln(kobs),3,ar2_enthalpy_hartree|rate kobs (s-1)|ar1_nbo_q_a,0.4810024229678347,0.3052850461906038,3.1915634241173065,LOOCV,ln(kobs) = <nonlinear model; no closed-form linear equation>
azoarene_svr_rbf_c10_eps01_g003,ln(kobs),3,ar2_enthalpy_hartree|rate kobs (s-1)|ar1_Ar_NBO_OH,0.4810024229678347,0.3052850461906038,3.1915634241173065,LOOCV,ln(kobs) = <nonlinear model; no closed-form linear equation>
azoarene_svr_rbf_c10_eps01_g003,ln(kobs),3,ar2_gibbs_free_energy_hartree|rate kobs (s-1)|ar1_nbo_q_a,0.4810055206963916,0.30528272721578664,3.1915538993985506,LOOCV,ln(kobs) = <nonlinear model; no closed-form linear equation>
azoarene_svr_rbf_c10_eps01_g003,ln(kobs),3,ar2_gibbs_free_energy_hartree|rate kobs (s-1)|ar1_Ar_NBO_OH,0.4810055206963916,0.30528272721578664,3.1915538993985506,LOOCV,ln(kobs) = <nonlinear model; no closed-form linear equation>
azoarene_svr_rbf_c10_eps01_g003,ln(kobs),4,ar2_lumo_hartree|ar1_q_a|ar2_Ar_Ster_B5|ar1_nbo_q_a,0.5862143494295695,0.3052347337428668,2.849761580392592,LOOCV,ln(kobs) = <nonlinear model; no closed-form linear equation>
azoarene_svr_rbf_c10_eps01_g003,ln(kobs),4,ar2_lumo_hartree|ar1_q_a|ar2_Ar_Ster_B5|ar1_Ar_NBO_OH,0.5862143494295695,0.3052347337428668,2.849761580392592,LOOCV,ln(kobs) = <nonlinear model; no closed-form linear equation>
azoarene_svr_rbf_c10_eps01_g003,ln(kobs),4,ar2_lumo_hartree|ar1_q_a|ar2_sterimol_B5|ar1_nbo_q_a,0.5862143494295695,0.3052347337428668,2.849761580392592,LOOCV,ln(kobs) = <nonlinear model; no closed-form linear equation>
azoarene_svr_rbf_c10_eps01_g003,ln(kobs),4,ar2_lumo_hartree|ar1_q_a|ar2_sterimol_B5|ar1_Ar_NBO_OH,0.5862143494295695,0.3052347337428668,2.849761580392592,LOOCV,ln(kobs) = <nonlinear model; no closed-form linear equation>
azoarene_svr_rbf_c10_eps01_g003,ln(kobs),4,ar2_Ar_LUMO|ar1_q_a|ar2_Ar_Ster_B5|ar1_nbo_q_a,0.5862143494295695,0.3052347337428668,2.849761580392592,LOOCV,ln(kobs) = <nonlinear model; no closed-form linear equation>
azoarene_svr_rbf_c10_eps01_g003,ln(kobs),4,ar2_Ar_LUMO|ar1_q_a|ar2_Ar_Ster_B5|ar1_Ar_NBO_OH,0.5862143494295695,0.3052347337428668,2.849761580392592,LOOCV,ln(kobs) = <nonlinear model; no closed-form linear equation>
azoarene_svr_rbf_c10_eps01_g003,ln(kobs),4,ar2_Ar_LUMO|ar1_q_a|ar2_sterimol_B5|ar1_nbo_q_a,0.5862143494295695,0.3052347337428668,2.849761580392592,LOOCV,ln(kobs) = <nonlinear model; no closed-form linear equation>
azoarene_svr_rbf_c10_eps01_g003,ln(kobs),4,ar2_Ar_LUMO|ar1_q_a|ar2_sterimol_B5|ar1_Ar_NBO_OH,0.5862143494295695,0.3052347337428668,2.849761580392592,LOOCV,ln(kobs) = <nonlinear model; no closed-form linear equation>
azoarene_svr_rbf_c10_eps01_g003,ln(kobs),4,ar1_bond_length_c_a|ar2_gap_hartree|ar1_q_a|ar2_Ar_Ster_B5,0.5663595442896625,0.3046702767431688,2.917331022401087,LOOCV,ln(kobs) = <nonlinear model; no closed-form linear equation>
azoarene_svr_rbf_c10_eps01_g003,ln(kobs),4,ar1_bond_length_c_a|ar2_gap_hartree|ar1_q_a|ar2_sterimol_B5,0.5663595442896625,0.3046702767431688,2.917331022401087,LOOCV,ln(kobs) = <nonlinear model; no closed-form linear equation>
azoarene_svr_rbf_c10_eps01_g003,ln(kobs),3,ar2_Ar_polar|ar2_scf_energy_hartree|rate kobs (s-1),0.45026419690679187,0.30218479463590675,3.284715996087464,LOOCV,ln(kobs) = <nonlinear model; no closed-form linear equation>
azoarene_svr_rbf_c10_eps01_g003,ln(kobs),3,ar2_isotropic_polarizability_au|ar2_scf_energy_hartree|rate kobs (s-1),0.45026419690679187,0.30218479463590675,3.284715996087464,LOOCV,ln(kobs) = <nonlinear model; no closed-form linear equation>
azoarene_svr_rbf_c10_eps01_g003,ln(kobs),3,ar2_Ar_polar|ar2_gibbs_free_energy_hartree|rate kobs (s-1),0.4502701840710346,0.30217897109208525,3.2846981091428673,LOOCV,ln(kobs) = <nonlinear model; no closed-form linear equation>
azoarene_svr_rbf_c10_eps01_g003,ln(kobs),3,ar2_isotropic_polarizability_au|ar2_gibbs_free_energy_hartree|rate kobs (s-1),0.4502701840710346,0.30217897109208525,3.2846981091428673,LOOCV,ln(kobs) = <nonlinear model; no closed-form linear equation>
azoarene_svr_rbf_c10_eps01_g003,ln(kobs),3,ar2_Ar_polar|ar2_enthalpy_hartree|rate kobs (s-1),0.45025932479359465,0.3021059580830806,3.2847305516909064,LOOCV,ln(kobs) = <nonlinear model; no closed-form linear equation>
azoarene_svr_rbf_c10_eps01_g003,ln(kobs),3,ar2_isotropic_polarizability_au|ar2_enthalpy_hartree|rate kobs (s-1),0.45025932479359465,0.3021059580830806,3.2847305516909064,LOOCV,ln(kobs) = <nonlinear model; no closed-form linear equation>
azoarene_svr_rbf_c10_eps01_g003,ln(kobs),4,ar2_Ar_HOMO|ar2_Ar_polar|ar1_bond_length_c_a|ar1_q_a,0.6066120174636598,0.3020140700329075,2.7786340830503833,LOOCV,ln(kobs) = <nonlinear model; no closed-form linear equation>
azoarene_svr_rbf_c10_eps01_g003,ln(kobs),4,ar2_Ar_HOMO|ar2_isotropic_polarizability_au|ar1_bond_length_c_a|ar1_q_a,0.6066120174636598,0.3020140700329075,2.7786340830503833,LOOCV,ln(kobs) = <nonlinear model; no closed-form linear equation>
azoarene_svr_rbf_c10_eps01_g003,ln(kobs),4,ar2_homo_hartree|ar2_Ar_polar|ar1_bond_length_c_a|ar1_q_a,0.6066120174636598,0.3020140700329075,2.7786340830503833,LOOCV,ln(kobs) = <nonlinear model; no closed-form linear equation>
azoarene_svr_rbf_c10_eps01_g003,ln(kobs),4,ar2_homo_hartree|ar2_isotropic_polarizability_au|ar1_bond_length_c_a|ar1_q_a,0.6066120174636598,0.3020140700329075,2.7786340830503833,LOOCV,ln(kobs) = <nonlinear model; no closed-form linear equation>
azoarene_svr_rbf_c10_eps01_g003,ln(kobs),3,ar2_scf_energy_hartree|ar2_gibbs_free_energy_hartree|ar1_bond_length_c_e,0.39213696819535504,0.3019477630574825,3.4540107118354926,LOOCV,ln(kobs) = <nonlinear model; no closed-form linear equation>
azoarene_svr_rbf_c10_eps01_g003,ln(kobs),3,ar2_scf_energy_hartree|ar2_enthalpy_hartree|ar1_bond_length_c_e,0.3921351738646218,0.30194767659760946,3.4540158097215916,LOOCV,ln(kobs) = <nonlinear model; no closed-form linear equation>
azoarene_svr_rbf_c10_eps01_g003,ln(kobs),3,ar2_gibbs_free_energy_hartree|ar2_enthalpy_hartree|ar1_bond_length_c_e,0.39210818479607545,0.30191456820064544,3.454092487652868,LOOCV,ln(kobs) = <nonlinear model; no closed-form linear equation>
azoarene_svr_rbf_c10_eps01_g003,ln(kobs),3,ar2_Ar_polar|ar2_gap_hartree|ar1_nbo_q_a,0.49964747582665026,0.3016193484685291,3.1337104200716746,LOOCV,ln(kobs) = <nonlinear model; no closed-form linear equation>
azoarene_svr_rbf_c10_eps01_g003,ln(kobs),3,ar2_Ar_polar|ar2_gap_hartree|ar1_Ar_NBO_OH,0.49964747582665026,0.3016193484685291,3.1337104200716746,LOOCV,ln(kobs) = <nonlinear model; no closed-form linear equation>
azoarene_svr_rbf_c10_eps01_g003,ln(kobs),3,ar2_isotropic_polarizability_au|ar2_gap_hartree|ar1_nbo_q_a,0.49964747582665026,0.3016193484685291,3.1337104200716746,LOOCV,ln(kobs) = <nonlinear model; no closed-form linear equation>
azoarene_svr_rbf_c10_eps01_g003,ln(kobs),3,ar2_isotropic_polarizability_au|ar2_gap_hartree|ar1_Ar_NBO_OH,0.49964747582665026,0.3016193484685291,3.1337104200716746,LOOCV,ln(kobs) = <nonlinear model; no closed-form linear equation>
azoarene_svr_rbf_c10_eps01_g003,ln(kobs),4,ar2_Ar_polar|ar2_lumo_hartree|ar2_Ar_LUMO|ar1_nbo_q_a,0.5655230714319411,0.30134703910443883,2.920143366737197,LOOCV,ln(kobs) = <nonlinear model; no closed-form linear equation>
azoarene_svr_rbf_c10_eps01_g003,ln(kobs),4,ar2_Ar_polar|ar2_lumo_hartree|ar2_Ar_LUMO|ar1_Ar_NBO_OH,0.5655230714319411,0.30134703910443883,2.920143366737197,LOOCV,ln(kobs) = <nonlinear model; no closed-form linear equation>
azoarene_svr_rbf_c10_eps01_g003,ln(kobs),4,ar2_isotropic_polarizability_au|ar2_lumo_hartree|ar2_Ar_LUMO|ar1_nbo_q_a,0.5655230714319411,0.30134703910443883,2.920143366737197,LOOCV,ln(kobs) = <nonlinear model; no closed-form linear equation>
azoarene_svr_rbf_c10_eps01_g003,ln(kobs),4,ar2_isotropic_polarizability_au|ar2_lumo_hartree|ar2_Ar_LUMO|ar1_Ar_NBO_OH,0.5655230714319411,0.30134703910443883,2.920143366737197,LOOCV,ln(kobs) = <nonlinear model; no closed-form linear equation>
azoarene_svr_rbf_c10_eps01_g003,ln(kobs),3,rate kobs (s-1)|ar1_bond_length_c_a|ar2_lumo_hartree,0.5325248018464843,0.3010981881198721,3.0290057751126414,LOOCV,ln(kobs) = <nonlinear model; no closed-form linear equation>
azoarene_svr_rbf_c10_eps01_g003,ln(kobs),3,rate kobs (s-1)|ar1_bond_length_c_a|ar2_Ar_LUMO,0.5325248018464843,0.3010981881198721,3.0290057751126414,LOOCV,ln(kobs) = <nonlinear model; no closed-form linear equation>
azoarene_svr_rbf_c10_eps01_g003,ln(kobs),3,ar2_Ar_polar|rate kobs (s-1)|ar1_bond_length_c_e,0.47842985603562294,0.3006555395104864,3.199463616300038,LOOCV,ln(kobs) = <nonlinear model; no closed-form linear equation>
azoarene_svr_rbf_c10_eps01_g003,ln(kobs),3,ar2_isotropic_polarizability_au|rate kobs (s-1)|ar1_bond_length_c_e,0.47842985603562294,0.3006555395104864,3.199463616300038,LOOCV,ln(kobs) = <nonlinear model; no closed-form linear equation>
azoarene_svr_rbf_c10_eps01_g003,ln(kobs),3,ar2_scf_energy_hartree|ar1_bond_length_c_e|ar2_Ar_Ster_B5,0.44112377632478283,0.2998207963107803,3.311910797608004,LOOCV,ln(kobs) = <nonlinear model; no closed-form linear equation>
azoarene_svr_rbf_c10_eps01_g003,ln(kobs),3,ar2_scf_energy_hartree|ar1_bond_length_c_e|ar2_sterimol_B5,0.44112377632478283,0.2998207963107803,3.311910797608004,LOOCV,ln(kobs) = <nonlinear model; no closed-form linear equation>
azoarene_svr_rbf_c10_eps01_g003,ln(kobs),3,ar2_gibbs_free_energy_hartree|ar1_bond_length_c_e|ar2_Ar_Ster_B5,0.44109110511006466,0.29981283877353304,3.312007601303428,LOOCV,ln(kobs) = <nonlinear model; no closed-form linear equation>
azoarene_svr_rbf_c10_eps01_g003,ln(kobs),3,ar2_gibbs_free_energy_hartree|ar1_bond_length_c_e|ar2_sterimol_B5,0.44109110511006466,0.29981283877353304,3.312007601303428,LOOCV,ln(kobs) = <nonlinear model; no closed-form linear equation>
azoarene_svr_rbf_c10_eps01_g003,ln(kobs),3,ar2_enthalpy_hartree|ar1_bond_length_c_e|ar2_Ar_Ster_B5,0.4410761295699739,0.2998044598638251,3.3120519723725135,LOOCV,ln(kobs) = <nonlinear model; no closed-form linear equation>
azoarene_svr_rbf_c10_eps01_g003,ln(kobs),3,ar2_enthalpy_hartree|ar1_bond_length_c_e|ar2_sterimol_B5,0.4410761295699739,0.2998044598638251,3.3120519723725135,LOOCV,ln(kobs) = <nonlinear model; no closed-form linear equation>
azoarene_svr_rbf_c10_eps01_g003,ln(kobs),3,rate kobs (s-1)|ar1_bond_length_c_a|ar2_gap_hartree,0.5317824028269511,0.2994585258284965,3.0314100083535993,LOOCV,ln(kobs) = <nonlinear model; no closed-form linear equation>
azoarene_svr_rbf_c10_eps01_g003,ln(kobs),4,ar2_Ar_polar|ar2_lumo_hartree|ar2_gap_hartree|ar1_nbo_q_a,0.5634461933785372,0.2990603508926979,2.927114451801158,LOOCV,ln(kobs) = <nonlinear model; no closed-form linear equation>
azoarene_svr_rbf_c10_eps01_g003,ln(kobs),4,ar2_Ar_polar|ar2_lumo_hartree|ar2_gap_hartree|ar1_Ar_NBO_OH,0.5634461933785372,0.2990603508926979,2.927114451801158,LOOCV,ln(kobs) = <nonlinear model; no closed-form linear equation>
azoarene_svr_rbf_c10_eps01_g003,ln(kobs),4,ar2_Ar_polar|ar2_Ar_LUMO|ar2_gap_hartree|ar1_nbo_q_a,0.5634461933785372,0.2990603508926979,2.927114451801158,LOOCV,ln(kobs) = <nonlinear model; no closed-form linear equation>
azoarene_svr_rbf_c10_eps01_g003,ln(kobs),4,ar2_Ar_polar|ar2_Ar_LUMO|ar2_gap_hartree|ar1_Ar_NBO_OH,0.5634461933785372,0.2990603508926979,2.927114451801158,LOOCV,ln(kobs) = <nonlinear model; no closed-form linear equation>
azoarene_svr_rbf_c10_eps01_g003,ln(kobs),4,ar2_isotropic_polarizability_au|ar2_lumo_hartree|ar2_gap_hartree|ar1_nbo_q_a,0.5634461933785372,0.2990603508926979,2.927114451801158,LOOCV,ln(kobs) = <nonlinear model; no closed-form linear equation>
azoarene_svr_rbf_c10_eps01_g003,ln(kobs),4,ar2_isotropic_polarizability_au|ar2_lumo_hartree|ar2_gap_hartree|ar1_Ar_NBO_OH,0.5634461933785372,0.2990603508926979,2.927114451801158,LOOCV,ln(kobs) = <nonlinear model; no closed-form linear equation>
azoarene_svr_rbf_c10_eps01_g003,ln(kobs),4,ar2_isotropic_polarizability_au|ar2_Ar_LUMO|ar2_gap_hartree|ar1_nbo_q_a,0.5634461933785372,0.2990603508926979,2.927114451801158,LOOCV,ln(kobs) = <nonlinear model; no closed-form linear equation>
azoarene_svr_rbf_c10_eps01_g003,ln(kobs),4,ar2_isotropic_polarizability_au|ar2_Ar_LUMO|ar2_gap_hartree|ar1_Ar_NBO_OH,0.5634461933785372,0.2990603508926979,2.927114451801158,LOOCV,ln(kobs) = <nonlinear model; no closed-form linear equation>
azoarene_svr_rbf_c10_eps01_g003,ln(kobs),3,ar2_Ar_polar|ar2_gibbs_free_energy_hartree|ar2_lumo_hartree,0.454549167871076,0.29783264371107165,3.271889428229515,LOOCV,ln(kobs) = <nonlinear model; no closed-form linear equation>
azoarene_svr_rbf_c10_eps01_g003,ln(kobs),3,ar2_Ar_polar|ar2_gibbs_free_energy_hartree|ar2_Ar_LUMO,0.454549167871076,0.29783264371107165,3.271889428229515,LOOCV,ln(kobs) = <nonlinear model; no closed-form linear equation>
azoarene_svr_rbf_c10_eps01_g003,ln(kobs),3,ar2_isotropic_polarizability_au|ar2_gibbs_free_energy_hartree|ar2_lumo_hartree,0.454549167871076,0.29783264371107165,3.271889428229515,LOOCV,ln(kobs) = <nonlinear model; no closed-form linear equation>
azoarene_svr_rbf_c10_eps01_g003,ln(kobs),3,ar2_isotropic_polarizability_au|ar2_gibbs_free_energy_hartree|ar2_Ar_LUMO,0.454549167871076,0.29783264371107165,3.271889428229515,LOOCV,ln(kobs) = <nonlinear model; no closed-form linear equation>
azoarene_svr_rbf_c10_eps01_g003,ln(kobs),3,ar2_Ar_polar|ar2_scf_energy_hartree|ar2_lumo_hartree,0.4545387125470314,0.29781955125590776,3.2719207862349178,LOOCV,ln(kobs) = <nonlinear model; no closed-form linear equation>
azoarene_svr_rbf_c10_eps01_g003,ln(kobs),3,ar2_Ar_polar|ar2_scf_energy_hartree|ar2_Ar_LUMO,0.4545387125470314,0.29781955125590776,3.2719207862349178,LOOCV,ln(kobs) = <nonlinear model; no closed-form linear equation>
azoarene_svr_rbf_c10_eps01_g003,ln(kobs),3,ar2_isotropic_polarizability_au|ar2_scf_energy_hartree|ar2_lumo_hartree,0.4545387125470314,0.29781955125590776,3.2719207862349178,LOOCV,ln(kobs) = <nonlinear model; no closed-form linear equation>
azoarene_svr_rbf_c10_eps01_g003,ln(kobs),3,ar2_isotropic_polarizability_au|ar2_scf_energy_hartree|ar2_Ar_LUMO,0.4545387125470314,0.29781955125590776,3.2719207862349178,LOOCV,ln(kobs) = <nonlinear model; no closed-form linear equation>
azoarene_svr_rbf_c10_eps01_g003,ln(kobs),3,ar2_Ar_polar|ar2_enthalpy_hartree|ar2_lumo_hartree,0.4545546654487843,0.29781780231385413,3.2718729395648642,LOOCV,ln(kobs) = <nonlinear model; no closed-form linear equation>
azoarene_svr_rbf_c10_eps01_g003,ln(kobs),3,ar2_Ar_polar|ar2_enthalpy_hartree|ar2_Ar_LUMO,0.4545546654487843,0.29781780231385413,3.2718729395648642,LOOCV,ln(kobs) = <nonlinear model; no closed-form linear equation>
azoarene_svr_rbf_c10_eps01_g003,ln(kobs),3,ar2_isotropic_polarizability_au|ar2_enthalpy_hartree|ar2_lumo_hartree,0.4545546654487843,0.29781780231385413,3.2718729395648642,LOOCV,ln(kobs) = <nonlinear model; no closed-form linear equation>
azoarene_svr_rbf_c10_eps01_g003,ln(kobs),3,ar2_isotropic_polarizability_au|ar2_enthalpy_hartree|ar2_Ar_LUMO,0.4545546654487843,0.29781780231385413,3.2718729395648642,LOOCV,ln(kobs) = <nonlinear model; no closed-form linear equation>
azoarene_svr_rbf_c10_eps01_g003,ln(kobs),4,ar2_scf_energy_hartree|ar1_bond_length_c_a|ar2_lumo_hartree|ar2_Ar_LUMO,0.5602883893104134,0.29640933185592155,2.937681990944089,LOOCV,ln(kobs) = <nonlinear model; no closed-form linear equation>
azoarene_svr_rbf_c10_eps01_g003,ln(kobs),4,ar2_enthalpy_hartree|ar1_bond_length_c_a|ar2_lumo_hartree|ar2_Ar_LUMO,0.5602930425120722,0.29632312469972144,2.937666447048334,LOOCV,ln(kobs) = <nonlinear model; no closed-form linear equation>
azoarene_svr_rbf_c10_eps01_g003,ln(kobs),4,ar2_gibbs_free_energy_hartree|ar1_bond_length_c_a|ar2_lumo_hartree|ar2_Ar_LUMO,0.5602935473636745,0.29631520170270653,2.937664760600106,LOOCV,ln(kobs) = <nonlinear model; no closed-form linear equation>
azoarene_svr_rbf_c10_eps01_g003,ln(kobs),4,ar2_gap_hartree|ar1_q_a|ar2_Ar_Ster_B5|ar1_nbo_q_a,0.5827244995863415,0.29629924448635836,2.861753729620977,LOOCV,ln(kobs) = <nonlinear model; no closed-form linear equation>
azoarene_svr_rbf_c10_eps01_g003,ln(kobs),4,ar2_gap_hartree|ar1_q_a|ar2_Ar_Ster_B5|ar1_Ar_NBO_OH,0.5827244995863415,0.29629924448635836,2.861753729620977,LOOCV,ln(kobs) = <nonlinear model; no closed-form linear equation>
azoarene_svr_rbf_c10_eps01_g003,ln(kobs),4,ar2_gap_hartree|ar1_q_a|ar2_sterimol_B5|ar1_nbo_q_a,0.5827244995863415,0.29629924448635836,2.861753729620977,LOOCV,ln(kobs) = <nonlinear model; no closed-form linear equation>
azoarene_svr_rbf_c10_eps01_g003,ln(kobs),4,ar2_gap_hartree|ar1_q_a|ar2_sterimol_B5|ar1_Ar_NBO_OH,0.5827244995863415,0.29629924448635836,2.861753729620977,LOOCV,ln(kobs) = <nonlinear model; no closed-form linear equation>
azoarene_svr_rbf_c10_eps01_g003,ln(kobs),3,ar2_Ar_polar|ar2_isotropic_polarizability_au|ar2_Ar_Ster_B5,0.393382906744808,0.2961100366744993,3.450469048376718,LOOCV,ln(kobs) = <nonlinear model; no closed-form linear equation>
azoarene_svr_rbf_c10_eps01_g003,ln(kobs),3,ar2_Ar_polar|ar2_isotropic_polarizability_au|ar2_sterimol_B5,0.393382906744808,0.2961100366744993,3.450469048376718,LOOCV,ln(kobs) = <nonlinear model; no closed-form linear equation>
azoarene_svr_rbf_c10_eps01_g003,ln(kobs),3,ar2_Ar_Ster_B5|ar1_nbo_q_a|ar1_Ar_NBO_OH,0.4252477084123103,0.2954508186107475,3.3586223210584327,LOOCV,ln(kobs) = <nonlinear model; no closed-form linear equation>
azoarene_svr_rbf_c10_eps01_g003,ln(kobs),3,ar2_sterimol_B5|ar1_nbo_q_a|ar1_Ar_NBO_OH,0.4252477084123103,0.2954508186107475,3.3586223210584327,LOOCV,ln(kobs) = <nonlinear model; no closed-form linear equation>
azoarene_svr_rbf_c10_eps01_g003,ln(kobs),3,ar1_bond_length_c_e|ar2_Ar_Ster_B5|ar2_sterimol_B5,0.43733360759370554,0.29456472151761703,3.323122126432534,LOOCV,ln(kobs) = <nonlinear model; no closed-form linear equation>
azoarene_svr_rbf_c10_eps01_g003,ln(kobs),5,ar2_Ar_polar|rate kobs (s-1)|ar2_lumo_hartree|ar2_Ar_LUMO|ar1_nbo_q_a,0.6366846584925938,0.2942363340722951,2.670316151755623,LOOCV,ln(kobs) = <nonlinear model; no closed-form linear equation>
azoarene_svr_rbf_c10_eps01_g003,ln(kobs),5,ar2_Ar_polar|rate kobs (s-1)|ar2_lumo_hartree|ar2_Ar_LUMO|ar1_Ar_NBO_OH,0.6366846584925938,0.2942363340722951,2.670316151755623,LOOCV,ln(kobs) = <nonlinear model; no closed-form linear equation>
azoarene_svr_rbf_c10_eps01_g003,ln(kobs),5,ar2_isotropic_polarizability_au|rate kobs (s-1)|ar2_lumo_hartree|ar2_Ar_LUMO|ar1_nbo_q_a,0.6366846584925938,0.2942363340722951,2.670316151755623,LOOCV,ln(kobs) = <nonlinear model; no closed-form linear equation>
azoarene_svr_rbf_c10_eps01_g003,ln(kobs),5,ar2_isotropic_polarizability_au|rate kobs (s-1)|ar2_lumo_hartree|ar2_Ar_LUMO|ar1_Ar_NBO_OH,0.6366846584925938,0.2942363340722951,2.670316151755623,LOOCV,ln(kobs) = <nonlinear model; no closed-form linear equation>
azoarene_svr_rbf_c10_eps01_g003,ln(kobs),3,ar2_Ar_polar|rate kobs (s-1)|ar1_nbo_q_a,0.5023148919958409,0.29419359509334,3.125346237095238,LOOCV,ln(kobs) = <nonlinear model; no closed-form linear equation>
azoarene_svr_rbf_c10_eps01_g003,ln(kobs),3,ar2_Ar_polar|rate kobs (s-1)|ar1_Ar_NBO_OH,0.5023148919958409,0.29419359509334,3.125346237095238,LOOCV,ln(kobs) = <nonlinear model; no closed-form linear equation>
azoarene_svr_rbf_c10_eps01_g003,ln(kobs),3,ar2_isotropic_polarizability_au|rate kobs (s-1)|ar1_nbo_q_a,0.5023148919958409,0.29419359509334,3.125346237095238,LOOCV,ln(kobs) = <nonlinear model; no closed-form linear equation>
azoarene_svr_rbf_c10_eps01_g003,ln(kobs),3,ar2_isotropic_polarizability_au|rate kobs (s-1)|ar1_Ar_NBO_OH,0.5023148919958409,0.29419359509334,3.125346237095238,LOOCV,ln(kobs) = <nonlinear model; no closed-form linear equation>
azoarene_svr_rbf_c10_eps01_g003,ln(kobs),3,ar2_Ar_polar|ar2_gibbs_free_energy_hartree|ar2_gap_hartree,0.44786555158282415,0.2932506614106545,3.291874246389549,LOOCV,ln(kobs) = <nonlinear model; no closed-form linear equation>
azoarene_svr_rbf_c10_eps01_g003,ln(kobs),3,ar2_isotropic_polarizability_au|ar2_gibbs_free_energy_hartree|ar2_gap_hartree,0.44786555158282415,0.2932506614106545,3.291874246389549,LOOCV,ln(kobs) = <nonlinear model; no closed-form linear equation>
azoarene_svr_rbf_c10_eps01_g003,ln(kobs),3,ar2_Ar_polar|ar2_enthalpy_hartree|ar2_gap_hartree,0.44786680462027395,0.2932445797992942,3.291870511027571,LOOCV,ln(kobs) = <nonlinear model; no closed-form linear equation>
azoarene_svr_rbf_c10_eps01_g003,ln(kobs),3,ar2_isotropic_polarizability_au|ar2_enthalpy_hartree|ar2_gap_hartree,0.44786680462027395,0.2932445797992942,3.291870511027571,LOOCV,ln(kobs) = <nonlinear model; no closed-form linear equation>
azoarene_svr_rbf_c10_eps01_g003,ln(kobs),3,ar2_Ar_polar|ar2_scf_energy_hartree|ar2_gap_hartree,0.44786755712530835,0.29322147387744635,3.291868267773591,LOOCV,ln(kobs) = <nonlinear model; no closed-form linear equation>
azoarene_svr_rbf_c10_eps01_g003,ln(kobs),3,ar2_isotropic_polarizability_au|ar2_scf_energy_hartree|ar2_gap_hartree,0.44786755712530835,0.29322147387744635,3.291868267773591,LOOCV,ln(kobs) = <nonlinear model; no closed-form linear equation>
azoarene_svr_rbf_c10_eps01_g003,ln(kobs),3,ar2_Ar_HOMO|ar1_bond_length_c_a|ar1_bond_length_c_e,0.546246473119268,0.2928561851963526,2.9842198925906973,LOOCV,ln(kobs) = <nonlinear model; no closed-form linear equation>
azoarene_svr_rbf_c10_eps01_g003,ln(kobs),3,ar2_homo_hartree|ar1_bond_length_c_a|ar1_bond_length_c_e,0.546246473119268,0.2928561851963526,2.9842198925906973,LOOCV,ln(kobs) = <nonlinear model; no closed-form linear equation>
azoarene_svr_rbf_c10_eps01_g003,ln(kobs),4,ar2_scf_energy_hartree|ar1_bond_length_c_a|ar2_lumo_hartree|ar2_gap_hartree,0.557775108346328,0.2927868705159191,2.946065554094874,LOOCV,ln(kobs) = <nonlinear model; no closed-form linear equation>
azoarene_svr_rbf_c10_eps01_g003,ln(kobs),4,ar2_scf_energy_hartree|ar1_bond_length_c_a|ar2_Ar_LUMO|ar2_gap_hartree,0.557775108346328,0.2927868705159191,2.946065554094874,LOOCV,ln(kobs) = <nonlinear model; no closed-form linear equation>
azoarene_svr_rbf_c10_eps01_g003,ln(kobs),4,ar2_gibbs_free_energy_hartree|ar1_bond_length_c_a|ar2_lumo_hartree|ar2_gap_hartree,0.557791798241982,0.29271448767751074,2.9460099602199605,LOOCV,ln(kobs) = <nonlinear model; no closed-form linear equation>
azoarene_svr_rbf_c10_eps01_g003,ln(kobs),4,ar2_gibbs_free_energy_hartree|ar1_bond_length_c_a|ar2_Ar_LUMO|ar2_gap_hartree,0.557791798241982,0.29271448767751074,2.9460099602199605,LOOCV,ln(kobs) = <nonlinear model; no closed-form linear equation>
azoarene_svr_rbf_c10_eps01_g003,ln(kobs),4,ar2_Ar_polar|ar2_lumo_hartree|ar2_Ar_Ster_B5|ar1_nbo_q_a,0.5573399942837758,0.29271068375172826,2.9475145446598483,LOOCV,ln(kobs) = <nonlinear model; no closed-form linear equation>
azoarene_svr_rbf_c10_eps01_g003,ln(kobs),4,ar2_Ar_polar|ar2_lumo_hartree|ar2_Ar_Ster_B5|ar1_Ar_NBO_OH,0.5573399942837758,0.29271068375172826,2.9475145446598483,LOOCV,ln(kobs) = <nonlinear model; no closed-form linear equation>
azoarene_svr_rbf_c10_eps01_g003,ln(kobs),4,ar2_Ar_polar|ar2_lumo_hartree|ar2_sterimol_B5|ar1_nbo_q_a,0.5573399942837758,0.29271068375172826,2.9475145446598483,LOOCV,ln(kobs) = <nonlinear model; no closed-form linear equation>
azoarene_svr_rbf_c10_eps01_g003,ln(kobs),4,ar2_Ar_polar|ar2_lumo_hartree|ar2_sterimol_B5|ar1_Ar_NBO_OH,0.5573399942837758,0.29271068375172826,2.9475145446598483,LOOCV,ln(kobs) = <nonlinear model; no closed-form linear equation>
azoarene_svr_rbf_c10_eps01_g003,ln(kobs),4,ar2_Ar_polar|ar2_Ar_LUMO|ar2_Ar_Ster_B5|ar1_nbo_q_a,0.5573399942837758,0.29271068375172826,2.9475145446598483,LOOCV,ln(kobs) = <nonlinear model; no closed-form linear equation>
azoarene_svr_rbf_c10_eps01_g003,ln(kobs),4,ar2_Ar_polar|ar2_Ar_LUMO|ar2_Ar_Ster_B5|ar1_Ar_NBO_OH,0.5573399942837758,0.29271068375172826,2.9475145446598483,LOOCV,ln(kobs) = <nonlinear model; no closed-form linear equation>
azoarene_svr_rbf_c10_eps01_g003,ln(kobs),4,ar2_Ar_polar|ar2_Ar_LUMO|ar2_sterimol_B5|ar1_nbo_q_a,0.5573399942837758,0.29271068375172826,2.9475145446598483,LOOCV,ln(kobs) = <nonlinear model; no closed-form linear equation>
azoarene_svr_rbf_c10_eps01_g003,ln(kobs),4,ar2_Ar_polar|ar2_Ar_LUMO|ar2_sterimol_B5|ar1_Ar_NBO_OH,0.5573399942837758,0.29271068375172826,2.9475145446598483,LOOCV,ln(kobs) = <nonlinear model; no closed-form linear equation>
azoarene_svr_rbf_c10_eps01_g003,ln(kobs),4,ar2_isotropic_polarizability_au|ar2_lumo_hartree|ar2_Ar_Ster_B5|ar1_nbo_q_a,0.5573399942837758,0.29271068375172826,2.9475145446598483,LOOCV,ln(kobs) = <nonlinear model; no closed-form linear equation>
azoarene_svr_rbf_c10_eps01_g003,ln(kobs),4,ar2_isotropic_polarizability_au|ar2_lumo_hartree|ar2_Ar_Ster_B5|ar1_Ar_NBO_OH,0.5573399942837758,0.29271068375172826,2.9475145446598483,LOOCV,ln(kobs) = <nonlinear model; no closed-form linear equation>
azoarene_svr_rbf_c10_eps01_g003,ln(kobs),4,ar2_isotropic_polarizability_au|ar2_lumo_hartree|ar2_sterimol_B5|ar1_nbo_q_a,0.5573399942837758,0.29271068375172826,2.9475145446598483,LOOCV,ln(kobs) = <nonlinear model; no closed-form linear equation>
azoarene_svr_rbf_c10_eps01_g003,ln(kobs),4,ar2_isotropic_polarizability_au|ar2_lumo_hartree|ar2_sterimol_B5|ar1_Ar_NBO_OH,0.5573399942837758,0.29271068375172826,2.9475145446598483,LOOCV,ln(kobs) = <nonlinear model; no closed-form linear equation>
azoarene_svr_rbf_c10_eps01_g003,ln(kobs),4,ar2_isotropic_polarizability_au|ar2_Ar_LUMO|ar2_Ar_Ster_B5|ar1_nbo_q_a,0.5573399942837758,0.29271068375172826,2.9475145446598483,LOOCV,ln(kobs) = <nonlinear model; no closed-form linear equation>
azoarene_svr_rbf_c10_eps01_g003,ln(kobs),4,ar2_isotropic_polarizability_au|ar2_Ar_LUMO|ar2_Ar_Ster_B5|ar1_Ar_NBO_OH,0.5573399942837758,0.29271068375172826,2.9475145446598483,LOOCV,ln(kobs) = <nonlinear model; no closed-form linear equation>
azoarene_svr_rbf_c10_eps01_g003,ln(kobs),4,ar2_isotropic_polarizability_au|ar2_Ar_LUMO|ar2_sterimol_B5|ar1_nbo_q_a,0.5573399942837758,0.29271068375172826,2.9475145446598483,LOOCV,ln(kobs) = <nonlinear model; no closed-form linear equation>
azoarene_svr_rbf_c10_eps01_g003,ln(kobs),4,ar2_isotropic_polarizability_au|ar2_Ar_LUMO|ar2_sterimol_B5|ar1_Ar_NBO_OH,0.5573399942837758,0.29271068375172826,2.9475145446598483,LOOCV,ln(kobs) = <nonlinear model; no closed-form linear equation>
azoarene_svr_rbf_c10_eps01_g003,ln(kobs),4,ar2_enthalpy_hartree|ar1_bond_length_c_a|ar2_lumo_hartree|ar2_gap_hartree,0.557802046516325,0.29269387013072734,2.9459758228010986,LOOCV,ln(kobs) = <nonlinear model; no closed-form linear equation>
azoarene_svr_rbf_c10_eps01_g003,ln(kobs),4,ar2_enthalpy_hartree|ar1_bond_length_c_a|ar2_Ar_LUMO|ar2_gap_hartree,0.557802046516325,0.29269387013072734,2.9459758228010986,LOOCV,ln(kobs) = <nonlinear model; no closed-form linear equation>
azoarene_svr_rbf_c10_eps01_g003,ln(kobs),3,ar2_lumo_hartree|ar1_nbo_q_a|ar1_Ar_NBO_OH,0.4478760209080975,0.2918807381136591,3.2918430367215814,LOOCV,ln(kobs) = <nonlinear model; no closed-form linear equation>
azoarene_svr_rbf_c10_eps01_g003,ln(kobs),3,ar2_Ar_LUMO|ar1_nbo_q_a|ar1_Ar_NBO_OH,0.4478760209080975,0.2918807381136591,3.2918430367215814,LOOCV,ln(kobs) = <nonlinear model; no closed-form linear equation>
azoarene_svr_rbf_c10_eps01_g003,ln(kobs),3,rate kobs (s-1)|ar2_lumo_hartree|ar2_gap_hartree,0.5148913134941577,0.2904690178529047,3.085605072658867,LOOCV,ln(kobs) = <nonlinear model; no closed-form linear equation>
azoarene_svr_rbf_c10_eps01_g003,ln(kobs),3,rate kobs (s-1)|ar2_Ar_LUMO|ar2_gap_hartree,0.5148913134941577,0.2904690178529047,3.085605072658867,LOOCV,ln(kobs) = <nonlinear model; no closed-form linear equation>
azoarene_svr_rbf_c10_eps01_g003,ln(kobs),3,ar2_lumo_hartree|ar2_Ar_LUMO|ar2_Ar_Ster_B5,0.44256808284726856,0.29041230303501375,3.3076285356203647,LOOCV,ln(kobs) = <nonlinear model; no closed-form linear equation>
azoarene_svr_rbf_c10_eps01_g003,ln(kobs),3,ar2_lumo_hartree|ar2_Ar_LUMO|ar2_sterimol_B5,0.44256808284726856,0.29041230303501375,3.3076285356203647,LOOCV,ln(kobs) = <nonlinear model; no closed-form linear equation>
azoarene_svr_rbf_c10_eps01_g003,ln(kobs),4,ar2_Ar_polar|ar2_gap_hartree|ar2_Ar_Ster_B5|ar1_nbo_q_a,0.5524878611645084,0.28969107253876425,2.963624826437313,LOOCV,ln(kobs) = <nonlinear model; no closed-form linear equation>
azoarene_svr_rbf_c10_eps01_g003,ln(kobs),4,ar2_Ar_polar|ar2_gap_hartree|ar2_Ar_Ster_B5|ar1_Ar_NBO_OH,0.5524878611645084,0.28969107253876425,2.963624826437313,LOOCV,ln(kobs) = <nonlinear model; no closed-form linear equation>
azoarene_svr_rbf_c10_eps01_g003,ln(kobs),4,ar2_Ar_polar|ar2_gap_hartree|ar2_sterimol_B5|ar1_nbo_q_a,0.5524878611645084,0.28969107253876425,2.963624826437313,LOOCV,ln(kobs) = <nonlinear model; no closed-form linear equation>
azoarene_svr_rbf_c10_eps01_g003,ln(kobs),4,ar2_Ar_polar|ar2_gap_hartree|ar2_sterimol_B5|ar1_Ar_NBO_OH,0.5524878611645084,0.28969107253876425,2.963624826437313,LOOCV,ln(kobs) = <nonlinear model; no closed-form linear equation>
azoarene_svr_rbf_c10_eps01_g003,ln(kobs),4,ar2_isotropic_polarizability_au|ar2_gap_hartree|ar2_Ar_Ster_B5|ar1_nbo_q_a,0.5524878611645084,0.28969107253876425,2.963624826437313,LOOCV,ln(kobs) = <nonlinear model; no closed-form linear equation>
azoarene_svr_rbf_c10_eps01_g003,ln(kobs),4,ar2_isotropic_polarizability_au|ar2_gap_hartree|ar2_Ar_Ster_B5|ar1_Ar_NBO_OH,0.5524878611645084,0.28969107253876425,2.963624826437313,LOOCV,ln(kobs) = <nonlinear model; no closed-form linear equation>
azoarene_svr_rbf_c10_eps01_g003,ln(kobs),4,ar2_isotropic_polarizability_au|ar2_gap_hartree|ar2_sterimol_B5|ar1_nbo_q_a,0.5524878611645084,0.28969107253876425,2.963624826437313,LOOCV,ln(kobs) = <nonlinear model; no closed-form linear equation>
azoarene_svr_rbf_c10_eps01_g003,ln(kobs),4,ar2_isotropic_polarizability_au|ar2_gap_hartree|ar2_sterimol_B5|ar1_Ar_NBO_OH,0.5524878611645084,0.28969107253876425,2.963624826437313,LOOCV,ln(kobs) = <nonlinear model; no closed-form linear equation>
azoarene_svr_rbf_c10_eps01_g003,ln(kobs),3,rate kobs (s-1)|ar2_Ar_Ster_B5|ar1_nbo_q_a,0.49045970311105136,0.2895912495963886,3.162351072737278,LOOCV,ln(kobs) = <nonlinear model; no closed-form linear equation>
azoarene_svr_rbf_c10_eps01_g003,ln(kobs),3,rate kobs (s-1)|ar2_Ar_Ster_B5|ar1_Ar_NBO_OH,0.49045970311105136,0.2895912495963886,3.162351072737278,LOOCV,ln(kobs) = <nonlinear model; no closed-form linear equation>
azoarene_svr_rbf_c10_eps01_g003,ln(kobs),3,rate kobs (s-1)|ar2_sterimol_B5|ar1_nbo_q_a,0.49045970311105136,0.2895912495963886,3.162351072737278,LOOCV,ln(kobs) = <nonlinear model; no closed-form linear equation>
azoarene_svr_rbf_c10_eps01_g003,ln(kobs),3,rate kobs (s-1)|ar2_sterimol_B5|ar1_Ar_NBO_OH,0.49045970311105136,0.2895912495963886,3.162351072737278,LOOCV,ln(kobs) = <nonlinear model; no closed-form linear equation>
azoarene_svr_rbf_c10_eps01_g003,ln(kobs),3,ar2_Ar_polar|ar2_Ar_Ster_B5|ar2_sterimol_B5,0.3888445130375353,0.2891367649720027,3.4633523045705137,LOOCV,ln(kobs) = <nonlinear model; no closed-form linear equation>
azoarene_svr_rbf_c10_eps01_g003,ln(kobs),3,ar2_isotropic_polarizability_au|ar2_Ar_Ster_B5|ar2_sterimol_B5,0.3888445130375353,0.2891367649720027,3.4633523045705137,LOOCV,ln(kobs) = <nonlinear model; no closed-form linear equation>
azoarene_svr_rbf_c10_eps01_g003,ln(kobs),3,rate kobs (s-1)|ar2_lumo_hartree|ar2_Ar_LUMO,0.5169949724516003,0.2888114998753939,3.0789074878680673,LOOCV,ln(kobs) = <nonlinear model; no closed-form linear equation>
azoarene_svr_rbf_c10_eps01_g003,ln(kobs),5,rate kobs (s-1)|ar2_lumo_hartree|ar2_gap_hartree|ar1_bond_length_c_e|ar2_Ar_Ster_B5,0.6480212715298921,0.28677182038245774,2.628324741132359,LOOCV,ln(kobs) = <nonlinear model; no closed-form linear equation>
azoarene_svr_rbf_c10_eps01_g003,ln(kobs),5,rate kobs (s-1)|ar2_lumo_hartree|ar2_gap_hartree|ar1_bond_length_c_e|ar2_sterimol_B5,0.6480212715298921,0.28677182038245774,2.628324741132359,LOOCV,ln(kobs) = <nonlinear model; no closed-form linear equation>
azoarene_svr_rbf_c10_eps01_g003,ln(kobs),5,rate kobs (s-1)|ar2_Ar_LUMO|ar2_gap_hartree|ar1_bond_length_c_e|ar2_Ar_Ster_B5,0.6480212715298921,0.28677182038245774,2.628324741132359,LOOCV,ln(kobs) = <nonlinear model; no closed-form linear equation>
azoarene_svr_rbf_c10_eps01_g003,ln(kobs),5,rate kobs (s-1)|ar2_Ar_LUMO|ar2_gap_hartree|ar1_bond_length_c_e|ar2_sterimol_B5,0.6480212715298921,0.28677182038245774,2.628324741132359,LOOCV,ln(kobs) = <nonlinear model; no closed-form linear equation>
azoarene_svr_rbf_c10_eps01_g003,ln(kobs),5,rate kobs (s-1)|ar2_lumo_hartree|ar2_Ar_LUMO|ar1_bond_length_c_e|ar2_Ar_Ster_B5,0.648551482656536,0.2855749464354578,2.626344376819293,LOOCV,ln(kobs) = <nonlinear model; no closed-form linear equation>
azoarene_svr_rbf_c10_eps01_g003,ln(kobs),5,rate kobs (s-1)|ar2_lumo_hartree|ar2_Ar_LUMO|ar1_bond_length_c_e|ar2_sterimol_B5,0.648551482656536,0.2855749464354578,2.626344376819293,LOOCV,ln(kobs) = <nonlinear model; no closed-form linear equation>
azoarene_svr_rbf_c10_eps01_g003,ln(kobs),5,ar2_Ar_HOMO|ar2_lumo_hartree|ar1_q_a|ar1_bond_length_c_e|ar1_nbo_q_a,0.6425598242008181,0.28512997628007464,2.648637335915314,LOOCV,ln(kobs) = <nonlinear model; no closed-form linear equation>
azoarene_svr_rbf_c10_eps01_g003,ln(kobs),5,ar2_Ar_HOMO|ar2_lumo_hartree|ar1_q_a|ar1_bond_length_c_e|ar1_Ar_NBO_OH,0.6425598242008181,0.28512997628007464,2.648637335915314,LOOCV,ln(kobs) = <nonlinear model; no closed-form linear equation>
azoarene_svr_rbf_c10_eps01_g003,ln(kobs),5,ar2_Ar_HOMO|ar2_Ar_LUMO|ar1_q_a|ar1_bond_length_c_e|ar1_nbo_q_a,0.6425598242008181,0.28512997628007464,2.648637335915314,LOOCV,ln(kobs) = <nonlinear model; no closed-form linear equation>
azoarene_svr_rbf_c10_eps01_g003,ln(kobs),5,ar2_Ar_HOMO|ar2_Ar_LUMO|ar1_q_a|ar1_bond_length_c_e|ar1_Ar_NBO_OH,0.6425598242008181,0.28512997628007464,2.648637335915314,LOOCV,ln(kobs) = <nonlinear model; no closed-form linear equation>
azoarene_svr_rbf_c10_eps01_g003,ln(kobs),5,ar2_homo_hartree|ar2_lumo_hartree|ar1_q_a|ar1_bond_length_c_e|ar1_nbo_q_a,0.6425598242008181,0.28512997628007464,2.648637335915314,LOOCV,ln(kobs) = <nonlinear model; no closed-form linear equation>
azoarene_svr_rbf_c10_eps01_g003,ln(kobs),5,ar2_homo_hartree|ar2_lumo_hartree|ar1_q_a|ar1_bond_length_c_e|ar1_Ar_NBO_OH,0.6425598242008181,0.28512997628007464,2.648637335915314,LOOCV,ln(kobs) = <nonlinear model; no closed-form linear equation>
azoarene_svr_rbf_c10_eps01_g003,ln(kobs),5,ar2_homo_hartree|ar2_Ar_LUMO|ar1_q_a|ar1_bond_length_c_e|ar1_nbo_q_a,0.6425598242008181,0.28512997628007464,2.648637335915314,LOOCV,ln(kobs) = <nonlinear model; no closed-form linear equation>
azoarene_svr_rbf_c10_eps01_g003,ln(kobs),5,ar2_homo_hartree|ar2_Ar_LUMO|ar1_q_a|ar1_bond_length_c_e|ar1_Ar_NBO_OH,0.6425598242008181,0.28512997628007464,2.648637335915314,LOOCV,ln(kobs) = <nonlinear model; no closed-form linear equation>
azoarene_svr_rbf_c10_eps01_g003,ln(kobs),3,ar2_lumo_hartree|ar2_gap_hartree|ar2_Ar_Ster_B5,0.4407690929214465,0.28384746529697014,3.3129615611123864,LOOCV,ln(kobs) = <nonlinear model; no closed-form linear equation>
azoarene_svr_rbf_c10_eps01_g003,ln(kobs),3,ar2_lumo_hartree|ar2_gap_hartree|ar2_sterimol_B5,0.4407690929214465,0.28384746529697014,3.3129615611123864,LOOCV,ln(kobs) = <nonlinear model; no closed-form linear equation>
azoarene_svr_rbf_c10_eps01_g003,ln(kobs),3,ar2_Ar_LUMO|ar2_gap_hartree|ar2_Ar_Ster_B5,0.4407690929214465,0.28384746529697014,3.3129615611123864,LOOCV,ln(kobs) = <nonlinear model; no closed-form linear equation>
azoarene_svr_rbf_c10_eps01_g003,ln(kobs),3,ar2_Ar_LUMO|ar2_gap_hartree|ar2_sterimol_B5,0.4407690929214465,0.28384746529697014,3.3129615611123864,LOOCV,ln(kobs) = <nonlinear model; no closed-form linear equation>
azoarene_svr_rbf_c10_eps01_g003,ln(kobs),3,ar2_Ar_polar|ar2_isotropic_polarizability_au|ar1_bond_length_c_a,0.4170046665249665,0.2830076092847905,3.3826210989133227,LOOCV,ln(kobs) = <nonlinear model; no closed-form linear equation>
azoarene_svr_rbf_c10_eps01_g003,ln(kobs),5,ar2_Ar_HOMO|ar2_gap_hartree|ar1_q_a|ar1_bond_length_c_e|ar1_nbo_q_a,0.6433889146225127,0.2813244311479377,2.645563766031604,LOOCV,ln(kobs) = <nonlinear model; no closed-form linear equation>
azoarene_svr_rbf_c10_eps01_g003,ln(kobs),5,ar2_Ar_HOMO|ar2_gap_hartree|ar1_q_a|ar1_bond_length_c_e|ar1_Ar_NBO_OH,0.6433889146225127,0.2813244311479377,2.645563766031604,LOOCV,ln(kobs) = <nonlinear model; no closed-form linear equation>
azoarene_svr_rbf_c10_eps01_g003,ln(kobs),5,ar2_homo_hartree|ar2_gap_hartree|ar1_q_a|ar1_bond_length_c_e|ar1_nbo_q_a,0.6433889146225127,0.2813244311479377,2.645563766031604,LOOCV,ln(kobs) = <nonlinear model; no closed-form linear equation>
azoarene_svr_rbf_c10_eps01_g003,ln(kobs),5,ar2_homo_hartree|ar2_gap_hartree|ar1_q_a|ar1_bond_length_c_e|ar1_Ar_NBO_OH,0.6433889146225127,0.2813244311479377,2.645563766031604,LOOCV,ln(kobs) = <nonlinear model; no closed-form linear equation>
azoarene_svr_rbf_c10_eps01_g003,ln(kobs),4,ar2_Ar_HOMO|ar2_Ar_polar|ar1_q_a|ar1_bond_length_c_e,0.617537096444643,0.28116316898186855,2.7397786246860134,LOOCV,ln(kobs) = <nonlinear model; no closed-form linear equation>
azoarene_svr_rbf_c10_eps01_g003,ln(kobs),4,ar2_Ar_HOMO|ar2_isotropic_polarizability_au|ar1_q_a|ar1_bond_length_c_e,0.617537096444643,0.28116316898186855,2.7397786246860134,LOOCV,ln(kobs) = <nonlinear model; no closed-form linear equation>
azoarene_svr_rbf_c10_eps01_g003,ln(kobs),4,ar2_homo_hartree|ar2_Ar_polar|ar1_q_a|ar1_bond_length_c_e,0.617537096444643,0.28116316898186855,2.7397786246860134,LOOCV,ln(kobs) = <nonlinear model; no closed-form linear equation>
azoarene_svr_rbf_c10_eps01_g003,ln(kobs),4,ar2_homo_hartree|ar2_isotropic_polarizability_au|ar1_q_a|ar1_bond_length_c_e,0.617537096444643,0.28116316898186855,2.7397786246860134,LOOCV,ln(kobs) = <nonlinear model; no closed-form linear equation>
azoarene_svr_rbf_c10_eps01_g003,ln(kobs),3,ar2_scf_energy_hartree|rate kobs (s-1)|ar1_bond_length_c_e,0.45921429699219585,0.2808532265689715,3.2578674824551,LOOCV,ln(kobs) = <nonlinear model; no closed-form linear equation>
azoarene_svr_rbf_c10_eps01_g003,ln(kobs),3,ar2_enthalpy_hartree|rate kobs (s-1)|ar1_bond_length_c_e,0.45915040513758454,0.2807543686233275,3.258059929339939,LOOCV,ln(kobs) = <nonlinear model; no closed-form linear equation>
azoarene_svr_rbf_c10_eps01_g003,ln(kobs),3,ar2_gibbs_free_energy_hartree|rate kobs (s-1)|ar1_bond_length_c_e,0.45915413387601234,0.2807393882109648,3.2580486984225896,LOOCV,ln(kobs) = <nonlinear model; no closed-form linear equation>
azoarene_svr_rbf_c10_eps01_g003,ln(kobs),3,ar2_Ar_polar|ar1_bond_length_c_a|ar2_lumo_hartree,0.4756736081692501,0.2799141072172927,3.2079062918879018,LOOCV,ln(kobs) = <nonlinear model; no closed-form linear equation>
azoarene_svr_rbf_c10_eps01_g003,ln(kobs),3,ar2_Ar_polar|ar1_bond_length_c_a|ar2_Ar_LUMO,0.4756736081692501,0.2799141072172927,3.2079062918879018,LOOCV,ln(kobs) = <nonlinear model; no closed-form linear equation>
azoarene_svr_rbf_c10_eps01_g003,ln(kobs),3,ar2_isotropic_polarizability_au|ar1_bond_length_c_a|ar2_lumo_hartree,0.4756736081692501,0.2799141072172927,3.2079062918879018,LOOCV,ln(kobs) = <nonlinear model; no closed-form linear equation>
azoarene_svr_rbf_c10_eps01_g003,ln(kobs),3,ar2_isotropic_polarizability_au|ar1_bond_length_c_a|ar2_Ar_LUMO,0.4756736081692501,0.2799141072172927,3.2079062918879018,LOOCV,ln(kobs) = <nonlinear model; no closed-form linear equation>
azoarene_svr_rbf_c10_eps01_g003,ln(kobs),3,ar2_Ar_polar|rate kobs (s-1)|ar1_bond_length_c_a,0.46357043434104395,0.2791635107200544,3.2447195634993826,LOOCV,ln(kobs) = <nonlinear model; no closed-form linear equation>
azoarene_svr_rbf_c10_eps01_g003,ln(kobs),3,ar2_isotropic_polarizability_au|rate kobs (s-1)|ar1_bond_length_c_a,0.46357043434104395,0.2791635107200544,3.2447195634993826,LOOCV,ln(kobs) = <nonlinear model; no closed-form linear equation>
azoarene_svr_rbf_c10_eps01_g003,ln(kobs),3,ar2_Ar_polar|ar2_gibbs_free_energy_hartree|ar2_Ar_Ster_B5,0.38696338628002336,0.2790539718870829,3.4686782807421728,LOOCV,ln(kobs) = <nonlinear model; no closed-form linear equation>
azoarene_svr_rbf_c10_eps01_g003,ln(kobs),3,ar2_Ar_polar|ar2_gibbs_free_energy_hartree|ar2_sterimol_B5,0.38696338628002336,0.2790539718870829,3.4686782807421728,LOOCV,ln(kobs) = <nonlinear model; no closed-form linear equation>
azoarene_svr_rbf_c10_eps01_g003,ln(kobs),3,ar2_isotropic_polarizability_au|ar2_gibbs_free_energy_hartree|ar2_Ar_Ster_B5,0.38696338628002336,0.2790539718870829,3.4686782807421728,LOOCV,ln(kobs) = <nonlinear model; no closed-form linear equation>
azoarene_svr_rbf_c10_eps01_g003,ln(kobs),3,ar2_isotropic_polarizability_au|ar2_gibbs_free_energy_hartree|ar2_sterimol_B5,0.38696338628002336,0.2790539718870829,3.4686782807421728,LOOCV,ln(kobs) = <nonlinear model; no closed-form linear equation>
azoarene_svr_rbf_c10_eps01_g003,ln(kobs),3,ar2_Ar_polar|ar2_enthalpy_hartree|ar2_Ar_Ster_B5,0.38696472862269826,0.2790438800883768,3.4686744831244396,LOOCV,ln(kobs) = <nonlinear model; no closed-form linear equation>
azoarene_svr_rbf_c10_eps01_g003,ln(kobs),3,ar2_Ar_polar|ar2_enthalpy_hartree|ar2_sterimol_B5,0.38696472862269826,0.2790438800883768,3.4686744831244396,LOOCV,ln(kobs) = <nonlinear model; no closed-form linear equation>
azoarene_svr_rbf_c10_eps01_g003,ln(kobs),3,ar2_isotropic_polarizability_au|ar2_enthalpy_hartree|ar2_Ar_Ster_B5,0.38696472862269826,0.2790438800883768,3.4686744831244396,LOOCV,ln(kobs) = <nonlinear model; no closed-form linear equation>
azoarene_svr_rbf_c10_eps01_g003,ln(kobs),3,ar2_isotropic_polarizability_au|ar2_enthalpy_hartree|ar2_sterimol_B5,0.38696472862269826,0.2790438800883768,3.4686744831244396,LOOCV,ln(kobs) = <nonlinear model; no closed-form linear equation>
azoarene_svr_rbf_c10_eps01_g003,ln(kobs),3,ar2_Ar_polar|ar2_scf_energy_hartree|ar2_Ar_Ster_B5,0.3869573902529455,0.2789873988283744,3.4686952440340657,LOOCV,ln(kobs) = <nonlinear model; no closed-form linear equation>
azoarene_svr_rbf_c10_eps01_g003,ln(kobs),3,ar2_Ar_polar|ar2_scf_energy_hartree|ar2_sterimol_B5,0.3869573902529455,0.2789873988283744,3.4686952440340657,LOOCV,ln(kobs) = <nonlinear model; no closed-form linear equation>
azoarene_svr_rbf_c10_eps01_g003,ln(kobs),3,ar2_isotropic_polarizability_au|ar2_scf_energy_hartree|ar2_Ar_Ster_B5,0.3869573902529455,0.2789873988283744,3.4686952440340657,LOOCV,ln(kobs) = <nonlinear model; no closed-form linear equation>
azoarene_svr_rbf_c10_eps01_g003,ln(kobs),3,ar2_isotropic_polarizability_au|ar2_scf_energy_hartree|ar2_sterimol_B5,0.3869573902529455,0.2789873988283744,3.4686952440340657,LOOCV,ln(kobs) = <nonlinear model; no closed-form linear equation>
azoarene_svr_rbf_c10_eps01_g003,ln(kobs),4,ar2_gap_hartree|ar1_bond_length_c_e|ar2_Ar_Ster_B5|ar2_sterimol_B5,0.5458197514671934,0.2778466645727089,2.985622781952438,LOOCV,ln(kobs) = <nonlinear model; no closed-form linear equation>
azoarene_svr_rbf_c10_eps01_g003,ln(kobs),3,ar2_Ar_polar|ar2_scf_energy_hartree|ar1_q_a,0.42220460500910484,0.27668899547210213,3.367501922087518,LOOCV,ln(kobs) = <nonlinear model; no closed-form linear equation>
azoarene_svr_rbf_c10_eps01_g003,ln(kobs),3,ar2_isotropic_polarizability_au|ar2_scf_energy_hartree|ar1_q_a,0.42220460500910484,0.27668899547210213,3.367501922087518,LOOCV,ln(kobs) = <nonlinear model; no closed-form linear equation>
azoarene_svr_rbf_c10_eps01_g003,ln(kobs),3,ar2_Ar_polar|ar2_gibbs_free_energy_hartree|ar1_q_a,0.422200442987516,0.2765168707929976,3.367514050594064,LOOCV,ln(kobs) = <nonlinear model; no closed-form linear equation>
azoarene_svr_rbf_c10_eps01_g003,ln(kobs),3,ar2_isotropic_polarizability_au|ar2_gibbs_free_energy_hartree|ar1_q_a,0.422200442987516,0.2765168707929976,3.367514050594064,LOOCV,ln(kobs) = <nonlinear model; no closed-form linear equation>
azoarene_svr_rbf_c10_eps01_g003,ln(kobs),3,ar2_Ar_polar|ar2_enthalpy_hartree|ar1_q_a,0.42219982771792397,0.27648892446788886,3.3675158435414794,LOOCV,ln(kobs) = <nonlinear model; no closed-form linear equation>
azoarene_svr_rbf_c10_eps01_g003,ln(kobs),3,ar2_isotropic_polarizability_au|ar2_enthalpy_hartree|ar1_q_a,0.42219982771792397,0.27648892446788886,3.3675158435414794,LOOCV,ln(kobs) = <nonlinear model; no closed-form linear equation>
azoarene_svr_rbf_c10_eps01_g003,ln(kobs),3,ar2_gibbs_free_energy_hartree|ar2_Ar_Ster_B5|ar1_nbo_q_a,0.40499716562629906,0.2764801397235055,3.4172781636271417,LOOCV,ln(kobs) = <nonlinear model; no closed-form linear equation>
azoarene_svr_rbf_c10_eps01_g003,ln(kobs),3,ar2_gibbs_free_energy_hartree|ar2_Ar_Ster_B5|ar1_Ar_NBO_OH,0.40499716562629906,0.2764801397235055,3.4172781636271417,LOOCV,ln(kobs) = <nonlinear model; no closed-form linear equation>
azoarene_svr_rbf_c10_eps01_g003,ln(kobs),3,ar2_gibbs_free_energy_hartree|ar2_sterimol_B5|ar1_nbo_q_a,0.40499716562629906,0.2764801397235055,3.4172781636271417,LOOCV,ln(kobs) = <nonlinear model; no closed-form linear equation>
azoarene_svr_rbf_c10_eps01_g003,ln(kobs),3,ar2_gibbs_free_energy_hartree|ar2_sterimol_B5|ar1_Ar_NBO_OH,0.40499716562629906,0.2764801397235055,3.4172781636271417,LOOCV,ln(kobs) = <nonlinear model; no closed-form linear equation>
azoarene_svr_rbf_c10_eps01_g003,ln(kobs),3,ar2_enthalpy_hartree|ar2_Ar_Ster_B5|ar1_nbo_q_a,0.40500095645361023,0.2764703772912225,3.4172672776856996,LOOCV,ln(kobs) = <nonlinear model; no closed-form linear equation>
azoarene_svr_rbf_c10_eps01_g003,ln(kobs),3,ar2_enthalpy_hartree|ar2_Ar_Ster_B5|ar1_Ar_NBO_OH,0.40500095645361023,0.2764703772912225,3.4172672776856996,LOOCV,ln(kobs) = <nonlinear model; no closed-form linear equation>
azoarene_svr_rbf_c10_eps01_g003,ln(kobs),3,ar2_enthalpy_hartree|ar2_sterimol_B5|ar1_nbo_q_a,0.40500095645361023,0.2764703772912225,3.4172672776856996,LOOCV,ln(kobs) = <nonlinear model; no closed-form linear equation>
azoarene_svr_rbf_c10_eps01_g003,ln(kobs),3,ar2_enthalpy_hartree|ar2_sterimol_B5|ar1_Ar_NBO_OH,0.40500095645361023,0.2764703772912225,3.4172672776856996,LOOCV,ln(kobs) = <nonlinear model; no closed-form linear equation>
azoarene_svr_rbf_c10_eps01_g003,ln(kobs),3,ar2_scf_energy_hartree|ar2_Ar_Ster_B5|ar1_nbo_q_a,0.40500895837148276,0.27644767085022737,3.4172442988386416,LOOCV,ln(kobs) = <nonlinear model; no closed-form linear equation>
azoarene_svr_rbf_c10_eps01_g003,ln(kobs),3,ar2_scf_energy_hartree|ar2_Ar_Ster_B5|ar1_Ar_NBO_OH,0.40500895837148276,0.27644767085022737,3.4172442988386416,LOOCV,ln(kobs) = <nonlinear model; no closed-form linear equation>
azoarene_svr_rbf_c10_eps01_g003,ln(kobs),3,ar2_scf_energy_hartree|ar2_sterimol_B5|ar1_nbo_q_a,0.40500895837148276,0.27644767085022737,3.4172442988386416,LOOCV,ln(kobs) = <nonlinear model; no closed-form linear equation>
azoarene_svr_rbf_c10_eps01_g003,ln(kobs),3,ar2_scf_energy_hartree|ar2_sterimol_B5|ar1_Ar_NBO_OH,0.40500895837148276,0.27644767085022737,3.4172442988386416,LOOCV,ln(kobs) = <nonlinear model; no closed-form linear equation>
azoarene_svr_rbf_c10_eps01_g003,ln(kobs),4,ar2_lumo_hartree|ar1_bond_length_c_e|ar2_Ar_Ster_B5|ar2_sterimol_B5,0.5530751852479107,0.27643281624687566,2.9616794270155244,LOOCV,ln(kobs) = <nonlinear model; no closed-form linear equation>
azoarene_svr_rbf_c10_eps01_g003,ln(kobs),4,ar2_Ar_LUMO|ar1_bond_length_c_e|ar2_Ar_Ster_B5|ar2_sterimol_B5,0.5530751852479107,0.27643281624687566,2.9616794270155244,LOOCV,ln(kobs) = <nonlinear model; no closed-form linear equation>
azoarene_svr_rbf_c10_eps01_g003,ln(kobs),3,ar2_scf_energy_hartree|ar2_gibbs_free_energy_hartree|ar1_bond_length_c_a,0.3814670889548957,0.27637644358807867,3.4841931331598865,LOOCV,ln(kobs) = <nonlinear model; no closed-form linear equation>
azoarene_svr_rbf_c10_eps01_g003,ln(kobs),3,ar2_scf_energy_hartree|ar2_enthalpy_hartree|ar1_bond_length_c_a,0.3814651183835648,0.276373041336927,3.484198683265231,LOOCV,ln(kobs) = <nonlinear model; no closed-form linear equation>
azoarene_svr_rbf_c10_eps01_g003,ln(kobs),3,ar2_gibbs_free_energy_hartree|ar2_enthalpy_hartree|ar1_bond_length_c_a,0.38143606542773756,0.27628010013999227,3.484280509759427,LOOCV,ln(kobs) = <nonlinear model; no closed-form linear equation>
azoarene_svr_rbf_c10_eps01_g003,ln(kobs),3,ar2_gap_hartree|ar1_nbo_q_a|ar1_Ar_NBO_OH,0.4398980666133194,0.2754063698546515,3.31554059767287,LOOCV,ln(kobs) = <nonlinear model; no closed-form linear equation>
azoarene_svr_rbf_c10_eps01_g003,ln(kobs),4,rate kobs (s-1)|ar2_lumo_hartree|ar1_nbo_q_a|ar1_Ar_NBO_OH,0.617961443849831,0.2752286051408577,2.738258293428784,LOOCV,ln(kobs) = <nonlinear model; no closed-form linear equation>
azoarene_svr_rbf_c10_eps01_g003,ln(kobs),4,rate kobs (s-1)|ar2_Ar_LUMO|ar1_nbo_q_a|ar1_Ar_NBO_OH,0.617961443849831,0.2752286051408577,2.738258293428784,LOOCV,ln(kobs) = <nonlinear model; no closed-form linear equation>
azoarene_svr_rbf_c10_eps01_g003,ln(kobs),3,ar2_Ar_polar|ar1_bond_length_c_a|ar2_gap_hartree,0.46532759803686463,0.2745298876699651,3.2394008967979206,LOOCV,ln(kobs) = <nonlinear model; no closed-form linear equation>
azoarene_svr_rbf_c10_eps01_g003,ln(kobs),3,ar2_isotropic_polarizability_au|ar1_bond_length_c_a|ar2_gap_hartree,0.46532759803686463,0.2745298876699651,3.2394008967979206,LOOCV,ln(kobs) = <nonlinear model; no closed-form linear equation>
azoarene_svr_rbf_c10_eps01_g003,ln(kobs),4,ar2_scf_energy_hartree|ar2_gap_hartree|ar1_bond_length_c_e|ar2_Ar_Ster_B5,0.5530585541050377,0.2734840021110321,2.961734532095666,LOOCV,ln(kobs) = <nonlinear model; no closed-form linear equation>
azoarene_svr_rbf_c10_eps01_g003,ln(kobs),4,ar2_scf_energy_hartree|ar2_gap_hartree|ar1_bond_length_c_e|ar2_sterimol_B5,0.5530585541050377,0.2734840021110321,2.961734532095666,LOOCV,ln(kobs) = <nonlinear model; no closed-form linear equation>
azoarene_svr_rbf_c10_eps01_g003,ln(kobs),4,ar2_gibbs_free_energy_hartree|ar2_gap_hartree|ar1_bond_length_c_e|ar2_Ar_Ster_B5,0.5530756432680648,0.27347309750658744,2.961677909412149,LOOCV,ln(kobs) = <nonlinear model; no closed-form linear equation>
azoarene_svr_rbf_c10_eps01_g003,ln(kobs),4,ar2_gibbs_free_energy_hartree|ar2_gap_hartree|ar1_bond_length_c_e|ar2_sterimol_B5,0.5530756432680648,0.27347309750658744,2.961677909412149,LOOCV,ln(kobs) = <nonlinear model; no closed-form linear equation>
azoarene_svr_rbf_c10_eps01_g003,ln(kobs),4,ar2_enthalpy_hartree|ar2_gap_hartree|ar1_bond_length_c_e|ar2_Ar_Ster_B5,0.5530767355264259,0.27345377716990005,2.9616742903215947,LOOCV,ln(kobs) = <nonlinear model; no closed-form linear equation>
azoarene_svr_rbf_c10_eps01_g003,ln(kobs),4,ar2_enthalpy_hartree|ar2_gap_hartree|ar1_bond_length_c_e|ar2_sterimol_B5,0.5530767355264259,0.27345377716990005,2.9616742903215947,LOOCV,ln(kobs) = <nonlinear model; no closed-form linear equation>
azoarene_svr_rbf_c10_eps01_g003,ln(kobs),3,ar2_scf_energy_hartree|ar1_bond_length_c_a|ar1_nbo_q_a,0.4084621244737944,0.27317220106258644,3.4073134909234355,LOOCV,ln(kobs) = <nonlinear model; no closed-form linear equation>
azoarene_svr_rbf_c10_eps01_g003,ln(kobs),3,ar2_scf_energy_hartree|ar1_bond_length_c_a|ar1_Ar_NBO_OH,0.4084621244737944,0.27317220106258644,3.4073134909234355,LOOCV,ln(kobs) = <nonlinear model; no closed-form linear equation>
azoarene_svr_rbf_c10_eps01_g003,ln(kobs),3,ar2_gibbs_free_energy_hartree|ar1_bond_length_c_a|ar1_nbo_q_a,0.4084101833754248,0.2730997560336209,3.4074630804321493,LOOCV,ln(kobs) = <nonlinear model; no closed-form linear equation>
azoarene_svr_rbf_c10_eps01_g003,ln(kobs),3,ar2_gibbs_free_energy_hartree|ar1_bond_length_c_a|ar1_Ar_NBO_OH,0.4084101833754248,0.2730997560336209,3.4074630804321493,LOOCV,ln(kobs) = <nonlinear model; no closed-form linear equation>
azoarene_svr_rbf_c10_eps01_g003,ln(kobs),3,ar2_enthalpy_hartree|ar1_bond_length_c_a|ar1_nbo_q_a,0.4084062390261476,0.27309539244282044,3.4074744398248895,LOOCV,ln(kobs) = <nonlinear model; no closed-form linear equation>
azoarene_svr_rbf_c10_eps01_g003,ln(kobs),3,ar2_enthalpy_hartree|ar1_bond_length_c_a|ar1_Ar_NBO_OH,0.4084062390261476,0.27309539244282044,3.4074744398248895,LOOCV,ln(kobs) = <nonlinear model; no closed-form linear equation>
azoarene_svr_rbf_c10_eps01_g003,ln(kobs),4,ar2_scf_energy_hartree|ar2_lumo_hartree|ar1_bond_length_c_e|ar2_Ar_Ster_B5,0.55816077520802,0.2728586176483262,2.9447806335626794,LOOCV,ln(kobs) = <nonlinear model; no closed-form linear equation>
azoarene_svr_rbf_c10_eps01_g003,ln(kobs),4,ar2_scf_energy_hartree|ar2_lumo_hartree|ar1_bond_length_c_e|ar2_sterimol_B5,0.55816077520802,0.2728586176483262,2.9447806335626794,LOOCV,ln(kobs) = <nonlinear model; no closed-form linear equation>
azoarene_svr_rbf_c10_eps01_g003,ln(kobs),4,ar2_scf_energy_hartree|ar2_Ar_LUMO|ar1_bond_length_c_e|ar2_Ar_Ster_B5,0.55816077520802,0.2728586176483262,2.9447806335626794,LOOCV,ln(kobs) = <nonlinear model; no closed-form linear equation>
azoarene_svr_rbf_c10_eps01_g003,ln(kobs),4,ar2_scf_energy_hartree|ar2_Ar_LUMO|ar1_bond_length_c_e|ar2_sterimol_B5,0.55816077520802,0.2728586176483262,2.9447806335626794,LOOCV,ln(kobs) = <nonlinear model; no closed-form linear equation>
azoarene_svr_rbf_c10_eps01_g003,ln(kobs),4,ar2_enthalpy_hartree|ar2_lumo_hartree|ar1_bond_length_c_e|ar2_Ar_Ster_B5,0.5581399385154845,0.2728577921779536,2.944850069187458,LOOCV,ln(kobs) = <nonlinear model; no closed-form linear equation>
azoarene_svr_rbf_c10_eps01_g003,ln(kobs),4,ar2_enthalpy_hartree|ar2_lumo_hartree|ar1_bond_length_c_e|ar2_sterimol_B5,0.5581399385154845,0.2728577921779536,2.944850069187458,LOOCV,ln(kobs) = <nonlinear model; no closed-form linear equation>
azoarene_svr_rbf_c10_eps01_g003,ln(kobs),4,ar2_enthalpy_hartree|ar2_Ar_LUMO|ar1_bond_length_c_e|ar2_Ar_Ster_B5,0.5581399385154845,0.2728577921779536,2.944850069187458,LOOCV,ln(kobs) = <nonlinear model; no closed-form linear equation>
azoarene_svr_rbf_c10_eps01_g003,ln(kobs),4,ar2_enthalpy_hartree|ar2_Ar_LUMO|ar1_bond_length_c_e|ar2_sterimol_B5,0.5581399385154845,0.2728577921779536,2.944850069187458,LOOCV,ln(kobs) = <nonlinear model; no closed-form linear equation>
azoarene_svr_rbf_c10_eps01_g003,ln(kobs),4,ar2_gibbs_free_energy_hartree|ar2_lumo_hartree|ar1_bond_length_c_e|ar2_Ar_Ster_B5,0.5581623901154494,0.2728544761299674,2.944775252020931,LOOCV,ln(kobs) = <nonlinear model; no closed-form linear equation>
azoarene_svr_rbf_c10_eps01_g003,ln(kobs),4,ar2_gibbs_free_energy_hartree|ar2_lumo_hartree|ar1_bond_length_c_e|ar2_sterimol_B5,0.5581623901154494,0.2728544761299674,2.944775252020931,LOOCV,ln(kobs) = <nonlinear model; no closed-form linear equation>
azoarene_svr_rbf_c10_eps01_g003,ln(kobs),4,ar2_gibbs_free_energy_hartree|ar2_Ar_LUMO|ar1_bond_length_c_e|ar2_Ar_Ster_B5,0.5581623901154494,0.2728544761299674,2.944775252020931,LOOCV,ln(kobs) = <nonlinear model; no closed-form linear equation>
azoarene_svr_rbf_c10_eps01_g003,ln(kobs),4,ar2_gibbs_free_energy_hartree|ar2_Ar_LUMO|ar1_bond_length_c_e|ar2_sterimol_B5,0.5581623901154494,0.2728544761299674,2.944775252020931,LOOCV,ln(kobs) = <nonlinear model; no closed-form linear equation>
azoarene_svr_rbf_c10_eps01_g003,ln(kobs),3,ar2_Ar_polar|ar2_isotropic_polarizability_au|ar1_bond_length_c_e,0.41569340668055055,0.269690384922074,3.386423019536395,LOOCV,ln(kobs) = <nonlinear model; no closed-form linear equation>
azoarene_svr_rbf_c10_eps01_g003,ln(kobs),3,ar2_Ar_polar|ar2_isotropic_polarizability_au|rate kobs (s-1),0.45004769450254845,0.2690825917310986,3.2853627421264378,LOOCV,ln(kobs) = <nonlinear model; no closed-form linear equation>
azoarene_svr_rbf_c10_eps01_g003,ln(kobs),3,ar2_Ar_polar|ar2_scf_energy_hartree|ar1_bond_length_c_a,0.4155665228151375,0.2688636806973841,3.3867906853503627,LOOCV,ln(kobs) = <nonlinear model; no closed-form linear equation>
azoarene_svr_rbf_c10_eps01_g003,ln(kobs),3,ar2_isotropic_polarizability_au|ar2_scf_energy_hartree|ar1_bond_length_c_a,0.4155665228151375,0.2688636806973841,3.3867906853503627,LOOCV,ln(kobs) = <nonlinear model; no closed-form linear equation>
azoarene_svr_rbf_c10_eps01_g003,ln(kobs),3,ar2_Ar_polar|ar2_gibbs_free_energy_hartree|ar1_bond_length_c_a,0.41556820802618943,0.26877480365987283,3.3867858024497157,LOOCV,ln(kobs) = <nonlinear model; no closed-form linear equation>
azoarene_svr_rbf_c10_eps01_g003,ln(kobs),3,ar2_isotropic_polarizability_au|ar2_gibbs_free_energy_hartree|ar1_bond_length_c_a,0.41556820802618943,0.26877480365987283,3.3867858024497157,LOOCV,ln(kobs) = <nonlinear model; no closed-form linear equation>
azoarene_svr_rbf_c10_eps01_g003,ln(kobs),3,ar2_Ar_polar|ar2_enthalpy_hartree|ar1_bond_length_c_a,0.41556804735088815,0.2687525268692893,3.3867862680068597,LOOCV,ln(kobs) = <nonlinear model; no closed-form linear equation>
azoarene_svr_rbf_c10_eps01_g003,ln(kobs),3,ar2_isotropic_polarizability_au|ar2_enthalpy_hartree|ar1_bond_length_c_a,0.41556804735088815,0.2687525268692893,3.3867862680068597,LOOCV,ln(kobs) = <nonlinear model; no closed-form linear equation>
azoarene_svr_rbf_c10_eps01_g003,ln(kobs),4,ar2_scf_energy_hartree|rate kobs (s-1)|ar2_gap_hartree|ar1_bond_length_c_e,0.5840549013944258,0.2672442532445929,2.857188014793825,LOOCV,ln(kobs) = <nonlinear model; no closed-form linear equation>
azoarene_svr_rbf_c10_eps01_g003,ln(kobs),4,ar2_gibbs_free_energy_hartree|rate kobs (s-1)|ar2_gap_hartree|ar1_bond_length_c_e,0.5840502686318084,0.2672075292285724,2.857203926313174,LOOCV,ln(kobs) = <nonlinear model; no closed-form linear equation>
azoarene_svr_rbf_c10_eps01_g003,ln(kobs),4,ar2_enthalpy_hartree|rate kobs (s-1)|ar2_gap_hartree|ar1_bond_length_c_e,0.5840495600425688,0.2671731345105116,2.8572063600003994,LOOCV,ln(kobs) = <nonlinear model; no closed-form linear equation>
azoarene_svr_rbf_c10_eps01_g003,ln(kobs),4,ar2_scf_energy_hartree|rate kobs (s-1)|ar2_lumo_hartree|ar1_bond_length_c_e,0.5897161828886868,0.2663248404745593,2.837677311709846,LOOCV,ln(kobs) = <nonlinear model; no closed-form linear equation>
azoarene_svr_rbf_c10_eps01_g003,ln(kobs),4,ar2_scf_energy_hartree|rate kobs (s-1)|ar2_Ar_LUMO|ar1_bond_length_c_e,0.5897161828886868,0.2663248404745593,2.837677311709846,LOOCV,ln(kobs) = <nonlinear model; no closed-form linear equation>
azoarene_svr_rbf_c10_eps01_g003,ln(kobs),4,ar2_enthalpy_hartree|rate kobs (s-1)|ar2_lumo_hartree|ar1_bond_length_c_e,0.5897250200240214,0.26625770008404814,2.837646751068128,LOOCV,ln(kobs) = <nonlinear model; no closed-form linear equation>
azoarene_svr_rbf_c10_eps01_g003,ln(kobs),4,ar2_enthalpy_hartree|rate kobs (s-1)|ar2_Ar_LUMO|ar1_bond_length_c_e,0.5897250200240214,0.26625770008404814,2.837646751068128,LOOCV,ln(kobs) = <nonlinear model; no closed-form linear equation>
azoarene_svr_rbf_c10_eps01_g003,ln(kobs),4,ar2_gibbs_free_energy_hartree|rate kobs (s-1)|ar2_lumo_hartree|ar1_bond_length_c_e,0.5897245254329713,0.26622243821143743,2.8376484614749673,LOOCV,ln(kobs) = <nonlinear model; no closed-form linear equation>
azoarene_svr_rbf_c10_eps01_g003,ln(kobs),4,ar2_gibbs_free_energy_hartree|rate kobs (s-1)|ar2_Ar_LUMO|ar1_bond_length_c_e,0.5897245254329713,0.26622243821143743,2.8376484614749673,LOOCV,ln(kobs) = <nonlinear model; no closed-form linear equation>
azoarene_svr_rbf_c10_eps01_g003,ln(kobs),4,ar2_lumo_hartree|ar2_Ar_LUMO|ar1_bond_length_c_e|ar2_Ar_Ster_B5,0.590547328676605,0.266119989709505,2.834801596019844,LOOCV,ln(kobs) = <nonlinear model; no closed-form linear equation>
azoarene_svr_rbf_c10_eps01_g003,ln(kobs),4,ar2_lumo_hartree|ar2_Ar_LUMO|ar1_bond_length_c_e|ar2_sterimol_B5,0.590547328676605,0.266119989709505,2.834801596019844,LOOCV,ln(kobs) = <nonlinear model; no closed-form linear equation>
azoarene_svr_rbf_c10_eps01_g003,ln(kobs),3,ar2_Ar_polar|rate kobs (s-1)|ar2_gap_hartree,0.5420273033168166,0.2649364781295568,2.9980619854970585,LOOCV,ln(kobs) = <nonlinear model; no closed-form linear equation>
azoarene_svr_rbf_c10_eps01_g003,ln(kobs),3,ar2_isotropic_polarizability_au|rate kobs (s-1)|ar2_gap_hartree,0.5420273033168166,0.2649364781295568,2.9980619854970585,LOOCV,ln(kobs) = <nonlinear model; no closed-form linear equation>
azoarene_svr_rbf_c10_eps01_g003,ln(kobs),3,ar2_scf_energy_hartree|ar2_gibbs_free_energy_hartree|ar1_q_a,0.40319205345636244,0.2645022978306618,3.4224578859709465,LOOCV,ln(kobs) = <nonlinear model; no closed-form linear equation>
azoarene_svr_rbf_c10_eps01_g003,ln(kobs),3,ar2_scf_energy_hartree|ar2_enthalpy_hartree|ar1_q_a,0.4031900227247658,0.26448941189867003,3.422463708687865,LOOCV,ln(kobs) = <nonlinear model; no closed-form linear equation>
azoarene_svr_rbf_c10_eps01_g003,ln(kobs),3,ar2_gibbs_free_energy_hartree|ar2_enthalpy_hartree|ar1_q_a,0.4031612475009433,0.2643325670428064,3.4225462148254464,LOOCV,ln(kobs) = <nonlinear model; no closed-form linear equation>
azoarene_svr_rbf_c10_eps01_g003,ln(kobs),4,rate kobs (s-1)|ar2_gap_hartree|ar1_nbo_q_a|ar1_Ar_NBO_OH,0.6132319450826564,0.26332029627536035,2.755155481299139,LOOCV,ln(kobs) = <nonlinear model; no closed-form linear equation>
azoarene_svr_rbf_c10_eps01_g003,ln(kobs),4,ar2_lumo_hartree|ar2_gap_hartree|ar1_bond_length_c_e|ar2_Ar_Ster_B5,0.5897687916096608,0.26329207014441514,2.837495375019241,LOOCV,ln(kobs) = <nonlinear model; no closed-form linear equation>
azoarene_svr_rbf_c10_eps01_g003,ln(kobs),4,ar2_lumo_hartree|ar2_gap_hartree|ar1_bond_length_c_e|ar2_sterimol_B5,0.5897687916096608,0.26329207014441514,2.837495375019241,LOOCV,ln(kobs) = <nonlinear model; no closed-form linear equation>
azoarene_svr_rbf_c10_eps01_g003,ln(kobs),4,ar2_Ar_LUMO|ar2_gap_hartree|ar1_bond_length_c_e|ar2_Ar_Ster_B5,0.5897687916096608,0.26329207014441514,2.837495375019241,LOOCV,ln(kobs) = <nonlinear model; no closed-form linear equation>
azoarene_svr_rbf_c10_eps01_g003,ln(kobs),4,ar2_Ar_LUMO|ar2_gap_hartree|ar1_bond_length_c_e|ar2_sterimol_B5,0.5897687916096608,0.26329207014441514,2.837495375019241,LOOCV,ln(kobs) = <nonlinear model; no closed-form linear equation>
azoarene_svr_rbf_c10_eps01_g003,ln(kobs),3,ar2_Ar_polar|rate kobs (s-1)|ar1_q_a,0.4616395081791784,0.26301813375716565,3.2505541467132932,LOOCV,ln(kobs) = <nonlinear model; no closed-form linear equation>
azoarene_svr_rbf_c10_eps01_g003,ln(kobs),3,ar2_isotropic_polarizability_au|rate kobs (s-1)|ar1_q_a,0.4616395081791784,0.26301813375716565,3.2505541467132932,LOOCV,ln(kobs) = <nonlinear model; no closed-form linear equation>
azoarene_svr_rbf_c10_eps01_g003,ln(kobs),3,ar2_scf_energy_hartree|ar2_gibbs_free_energy_hartree|ar2_enthalpy_hartree,0.3088557507293809,0.2627889955939805,3.683029212722057,LOOCV,ln(kobs) = <nonlinear model; no closed-form linear equation>
azoarene_svr_rbf_c10_eps01_g003,ln(kobs),3,ar2_Ar_Ster_B5|ar2_sterimol_B5|ar1_nbo_q_a,0.4058477241844147,0.261228862344012,3.414834784781215,LOOCV,ln(kobs) = <nonlinear model; no closed-form linear equation>
azoarene_svr_rbf_c10_eps01_g003,ln(kobs),3,ar2_Ar_Ster_B5|ar2_sterimol_B5|ar1_Ar_NBO_OH,0.4058477241844147,0.261228862344012,3.414834784781215,LOOCV,ln(kobs) = <nonlinear model; no closed-form linear equation>
azoarene_svr_rbf_c10_eps01_g003,ln(kobs),3,ar2_scf_energy_hartree|rate kobs (s-1)|ar2_lumo_hartree,0.5273275404141773,0.26011677730564775,3.0457970628732394,LOOCV,ln(kobs) = <nonlinear model; no closed-form linear equation>
azoarene_svr_rbf_c10_eps01_g003,ln(kobs),3,ar2_scf_energy_hartree|rate kobs (s-1)|ar2_Ar_LUMO,0.5273275404141773,0.26011677730564775,3.0457970628732394,LOOCV,ln(kobs) = <nonlinear model; no closed-form linear equation>
azoarene_svr_rbf_c10_eps01_g003,ln(kobs),3,ar2_enthalpy_hartree|rate kobs (s-1)|ar2_lumo_hartree,0.5273355371248083,0.26005243502338826,3.0457712982446097,LOOCV,ln(kobs) = <nonlinear model; no closed-form linear equation>
azoarene_svr_rbf_c10_eps01_g003,ln(kobs),3,ar2_enthalpy_hartree|rate kobs (s-1)|ar2_Ar_LUMO,0.5273355371248083,0.26005243502338826,3.0457712982446097,LOOCV,ln(kobs) = <nonlinear model; no closed-form linear equation>
azoarene_svr_rbf_c10_eps01_g003,ln(kobs),3,ar2_gibbs_free_energy_hartree|rate kobs (s-1)|ar2_lumo_hartree,0.527334632782792,0.2600521665733664,3.0457742119580957,LOOCV,ln(kobs) = <nonlinear model; no closed-form linear equation>
azoarene_svr_rbf_c10_eps01_g003,ln(kobs),3,ar2_gibbs_free_energy_hartree|rate kobs (s-1)|ar2_Ar_LUMO,0.527334632782792,0.2600521665733664,3.0457742119580957,LOOCV,ln(kobs) = <nonlinear model; no closed-form linear equation>
azoarene_svr_rbf_c10_eps01_g003,ln(kobs),4,rate kobs (s-1)|ar2_lumo_hartree|ar1_q_a|ar1_nbo_q_a,0.5732928380266304,0.2599428789729057,2.893915062716168,LOOCV,ln(kobs) = <nonlinear model; no closed-form linear equation>
azoarene_svr_rbf_c10_eps01_g003,ln(kobs),4,rate kobs (s-1)|ar2_lumo_hartree|ar1_q_a|ar1_Ar_NBO_OH,0.5732928380266304,0.2599428789729057,2.893915062716168,LOOCV,ln(kobs) = <nonlinear model; no closed-form linear equation>
azoarene_svr_rbf_c10_eps01_g003,ln(kobs),4,rate kobs (s-1)|ar2_Ar_LUMO|ar1_q_a|ar1_nbo_q_a,0.5732928380266304,0.2599428789729057,2.893915062716168,LOOCV,ln(kobs) = <nonlinear model; no closed-form linear equation>
azoarene_svr_rbf_c10_eps01_g003,ln(kobs),4,rate kobs (s-1)|ar2_Ar_LUMO|ar1_q_a|ar1_Ar_NBO_OH,0.5732928380266304,0.2599428789729057,2.893915062716168,LOOCV,ln(kobs) = <nonlinear model; no closed-form linear equation>
azoarene_svr_rbf_c10_eps01_g003,ln(kobs),3,ar2_Ar_polar|rate kobs (s-1)|ar2_lumo_hartree,0.5471668453192371,0.2597817644374143,2.981191831050562,LOOCV,ln(kobs) = <nonlinear model; no closed-form linear equation>
azoarene_svr_rbf_c10_eps01_g003,ln(kobs),3,ar2_Ar_polar|rate kobs (s-1)|ar2_Ar_LUMO,0.5471668453192371,0.2597817644374143,2.981191831050562,LOOCV,ln(kobs) = <nonlinear model; no closed-form linear equation>
azoarene_svr_rbf_c10_eps01_g003,ln(kobs),3,ar2_isotropic_polarizability_au|rate kobs (s-1)|ar2_lumo_hartree,0.5471668453192371,0.2597817644374143,2.981191831050562,LOOCV,ln(kobs) = <nonlinear model; no closed-form linear equation>
azoarene_svr_rbf_c10_eps01_g003,ln(kobs),3,ar2_isotropic_polarizability_au|rate kobs (s-1)|ar2_Ar_LUMO,0.5471668453192371,0.2597817644374143,2.981191831050562,LOOCV,ln(kobs) = <nonlinear model; no closed-form linear equation>
azoarene_svr_rbf_c10_eps01_g003,ln(kobs),4,ar2_Ar_HOMO|ar1_bond_length_c_a|ar2_lumo_hartree|ar1_q_a,0.569079463535211,0.2575467959921005,2.9081674557037283,LOOCV,ln(kobs) = <nonlinear model; no closed-form linear equation>
azoarene_svr_rbf_c10_eps01_g003,ln(kobs),4,ar2_Ar_HOMO|ar1_bond_length_c_a|ar2_Ar_LUMO|ar1_q_a,0.569079463535211,0.2575467959921005,2.9081674557037283,LOOCV,ln(kobs) = <nonlinear model; no closed-form linear equation>
azoarene_svr_rbf_c10_eps01_g003,ln(kobs),4,ar2_homo_hartree|ar1_bond_length_c_a|ar2_lumo_hartree|ar1_q_a,0.569079463535211,0.2575467959921005,2.9081674557037283,LOOCV,ln(kobs) = <nonlinear model; no closed-form linear equation>
azoarene_svr_rbf_c10_eps01_g003,ln(kobs),4,ar2_homo_hartree|ar1_bond_length_c_a|ar2_Ar_LUMO|ar1_q_a,0.569079463535211,0.2575467959921005,2.9081674557037283,LOOCV,ln(kobs) = <nonlinear model; no closed-form linear equation>
azoarene_svr_rbf_c10_eps01_g003,ln(kobs),4,ar2_gibbs_free_energy_hartree|ar2_lumo_hartree|ar2_Ar_Ster_B5|ar1_nbo_q_a,0.5517921914815132,0.257350646902594,2.96592744925272,LOOCV,ln(kobs) = <nonlinear model; no closed-form linear equation>
azoarene_svr_rbf_c10_eps01_g003,ln(kobs),4,ar2_gibbs_free_energy_hartree|ar2_lumo_hartree|ar2_Ar_Ster_B5|ar1_Ar_NBO_OH,0.5517921914815132,0.257350646902594,2.96592744925272,LOOCV,ln(kobs) = <nonlinear model; no closed-form linear equation>
azoarene_svr_rbf_c10_eps01_g003,ln(kobs),4,ar2_gibbs_free_energy_hartree|ar2_lumo_hartree|ar2_sterimol_B5|ar1_nbo_q_a,0.5517921914815132,0.257350646902594,2.96592744925272,LOOCV,ln(kobs) = <nonlinear model; no closed-form linear equation>
azoarene_svr_rbf_c10_eps01_g003,ln(kobs),4,ar2_gibbs_free_energy_hartree|ar2_lumo_hartree|ar2_sterimol_B5|ar1_Ar_NBO_OH,0.5517921914815132,0.257350646902594,2.96592744925272,LOOCV,ln(kobs) = <nonlinear model; no closed-form linear equation>
azoarene_svr_rbf_c10_eps01_g003,ln(kobs),4,ar2_gibbs_free_energy_hartree|ar2_Ar_LUMO|ar2_Ar_Ster_B5|ar1_nbo_q_a,0.5517921914815132,0.257350646902594,2.96592744925272,LOOCV,ln(kobs) = <nonlinear model; no closed-form linear equation>
azoarene_svr_rbf_c10_eps01_g003,ln(kobs),4,ar2_gibbs_free_energy_hartree|ar2_Ar_LUMO|ar2_Ar_Ster_B5|ar1_Ar_NBO_OH,0.5517921914815132,0.257350646902594,2.96592744925272,LOOCV,ln(kobs) = <nonlinear model; no closed-form linear equation>
azoarene_svr_rbf_c10_eps01_g003,ln(kobs),4,ar2_gibbs_free_energy_hartree|ar2_Ar_LUMO|ar2_sterimol_B5|ar1_nbo_q_a,0.5517921914815132,0.257350646902594,2.96592744925272,LOOCV,ln(kobs) = <nonlinear model; no closed-form linear equation>
azoarene_svr_rbf_c10_eps01_g003,ln(kobs),4,ar2_gibbs_free_energy_hartree|ar2_Ar_LUMO|ar2_sterimol_B5|ar1_Ar_NBO_OH,0.5517921914815132,0.257350646902594,2.96592744925272,LOOCV,ln(kobs) = <nonlinear model; no closed-form linear equation>
azoarene_svr_rbf_c10_eps01_g003,ln(kobs),4,ar2_enthalpy_hartree|ar2_lumo_hartree|ar2_Ar_Ster_B5|ar1_nbo_q_a,0.5517929441349234,0.2573446097963691,2.9659249589833583,LOOCV,ln(kobs) = <nonlinear model; no closed-form linear equation>
azoarene_svr_rbf_c10_eps01_g003,ln(kobs),4,ar2_enthalpy_hartree|ar2_lumo_hartree|ar2_Ar_Ster_B5|ar1_Ar_NBO_OH,0.5517929441349234,0.2573446097963691,2.9659249589833583,LOOCV,ln(kobs) = <nonlinear model; no closed-form linear equation>
azoarene_svr_rbf_c10_eps01_g003,ln(kobs),4,ar2_enthalpy_hartree|ar2_lumo_hartree|ar2_sterimol_B5|ar1_nbo_q_a,0.5517929441349234,0.2573446097963691,2.9659249589833583,LOOCV,ln(kobs) = <nonlinear model; no closed-form linear equation>
azoarene_svr_rbf_c10_eps01_g003,ln(kobs),4,ar2_enthalpy_hartree|ar2_lumo_hartree|ar2_sterimol_B5|ar1_Ar_NBO_OH,0.5517929441349234,0.2573446097963691,2.9659249589833583,LOOCV,ln(kobs) = <nonlinear model; no closed-form linear equation>
azoarene_svr_rbf_c10_eps01_g003,ln(kobs),4,ar2_enthalpy_hartree|ar2_Ar_LUMO|ar2_Ar_Ster_B5|ar1_nbo_q_a,0.5517929441349234,0.2573446097963691,2.9659249589833583,LOOCV,ln(kobs) = <nonlinear model; no closed-form linear equation>
azoarene_svr_rbf_c10_eps01_g003,ln(kobs),4,ar2_enthalpy_hartree|ar2_Ar_LUMO|ar2_Ar_Ster_B5|ar1_Ar_NBO_OH,0.5517929441349234,0.2573446097963691,2.9659249589833583,LOOCV,ln(kobs) = <nonlinear model; no closed-form linear equation>
azoarene_svr_rbf_c10_eps01_g003,ln(kobs),4,ar2_enthalpy_hartree|ar2_Ar_LUMO|ar2_sterimol_B5|ar1_nbo_q_a,0.5517929441349234,0.2573446097963691,2.9659249589833583,LOOCV,ln(kobs) = <nonlinear model; no closed-form linear equation>
azoarene_svr_rbf_c10_eps01_g003,ln(kobs),4,ar2_enthalpy_hartree|ar2_Ar_LUMO|ar2_sterimol_B5|ar1_Ar_NBO_OH,0.5517929441349234,0.2573446097963691,2.9659249589833583,LOOCV,ln(kobs) = <nonlinear model; no closed-form linear equation>
azoarene_svr_rbf_c10_eps01_g003,ln(kobs),4,ar2_scf_energy_hartree|ar2_lumo_hartree|ar2_Ar_Ster_B5|ar1_nbo_q_a,0.5517755407456117,0.25728892066391507,2.965982540234039,LOOCV,ln(kobs) = <nonlinear model; no closed-form linear equation>
azoarene_svr_rbf_c10_eps01_g003,ln(kobs),4,ar2_scf_energy_hartree|ar2_lumo_hartree|ar2_Ar_Ster_B5|ar1_Ar_NBO_OH,0.5517755407456117,0.25728892066391507,2.965982540234039,LOOCV,ln(kobs) = <nonlinear model; no closed-form linear equation>
azoarene_svr_rbf_c10_eps01_g003,ln(kobs),4,ar2_scf_energy_hartree|ar2_lumo_hartree|ar2_sterimol_B5|ar1_nbo_q_a,0.5517755407456117,0.25728892066391507,2.965982540234039,LOOCV,ln(kobs) = <nonlinear model; no closed-form linear equation>
azoarene_svr_rbf_c10_eps01_g003,ln(kobs),4,ar2_scf_energy_hartree|ar2_lumo_hartree|ar2_sterimol_B5|ar1_Ar_NBO_OH,0.5517755407456117,0.25728892066391507,2.965982540234039,LOOCV,ln(kobs) = <nonlinear model; no closed-form linear equation>
azoarene_svr_rbf_c10_eps01_g003,ln(kobs),4,ar2_scf_energy_hartree|ar2_Ar_LUMO|ar2_Ar_Ster_B5|ar1_nbo_q_a,0.5517755407456117,0.25728892066391507,2.965982540234039,LOOCV,ln(kobs) = <nonlinear model; no closed-form linear equation>
azoarene_svr_rbf_c10_eps01_g003,ln(kobs),4,ar2_scf_energy_hartree|ar2_Ar_LUMO|ar2_Ar_Ster_B5|ar1_Ar_NBO_OH,0.5517755407456117,0.25728892066391507,2.965982540234039,LOOCV,ln(kobs) = <nonlinear model; no closed-form linear equation>
azoarene_svr_rbf_c10_eps01_g003,ln(kobs),4,ar2_scf_energy_hartree|ar2_Ar_LUMO|ar2_sterimol_B5|ar1_nbo_q_a,0.5517755407456117,0.25728892066391507,2.965982540234039,LOOCV,ln(kobs) = <nonlinear model; no closed-form linear equation>
azoarene_svr_rbf_c10_eps01_g003,ln(kobs),4,ar2_scf_energy_hartree|ar2_Ar_LUMO|ar2_sterimol_B5|ar1_Ar_NBO_OH,0.5517755407456117,0.25728892066391507,2.965982540234039,LOOCV,ln(kobs) = <nonlinear model; no closed-form linear equation>
azoarene_svr_rbf_c10_eps01_g003,ln(kobs),4,ar2_Ar_polar|ar1_bond_length_c_a|ar2_lumo_hartree|ar2_Ar_LUMO,0.5597669878353275,0.2570016924460935,2.939423198006522,LOOCV,ln(kobs) = <nonlinear model; no closed-form linear equation>
azoarene_svr_rbf_c10_eps01_g003,ln(kobs),4,ar2_isotropic_polarizability_au|ar1_bond_length_c_a|ar2_lumo_hartree|ar2_Ar_LUMO,0.5597669878353275,0.2570016924460935,2.939423198006522,LOOCV,ln(kobs) = <nonlinear model; no closed-form linear equation>
azoarene_svr_rbf_c10_eps01_g003,ln(kobs),4,rate kobs (s-1)|ar2_gap_hartree|ar1_q_a|ar1_nbo_q_a,0.5690074389285582,0.2568964416058127,2.9084104829532422,LOOCV,ln(kobs) = <nonlinear model; no closed-form linear equation>
azoarene_svr_rbf_c10_eps01_g003,ln(kobs),4,rate kobs (s-1)|ar2_gap_hartree|ar1_q_a|ar1_Ar_NBO_OH,0.5690074389285582,0.2568964416058127,2.9084104829532422,LOOCV,ln(kobs) = <nonlinear model; no closed-form linear equation>
azoarene_svr_rbf_c10_eps01_g003,ln(kobs),4,ar2_Ar_HOMO|ar1_bond_length_c_a|ar2_gap_hartree|ar1_q_a,0.5692401687286424,0.25683912469410686,2.907625126949892,LOOCV,ln(kobs) = <nonlinear model; no closed-form linear equation>
azoarene_svr_rbf_c10_eps01_g003,ln(kobs),4,ar2_homo_hartree|ar1_bond_length_c_a|ar2_gap_hartree|ar1_q_a,0.5692401687286424,0.25683912469410686,2.907625126949892,LOOCV,ln(kobs) = <nonlinear model; no closed-form linear equation>
azoarene_svr_rbf_c10_eps01_g003,ln(kobs),4,ar2_Ar_polar|ar2_lumo_hartree|ar2_Ar_LUMO|ar1_bond_length_c_e,0.5704348421635437,0.2559047444767003,2.903590309792735,LOOCV,ln(kobs) = <nonlinear model; no closed-form linear equation>
azoarene_svr_rbf_c10_eps01_g003,ln(kobs),4,ar2_isotropic_polarizability_au|ar2_lumo_hartree|ar2_Ar_LUMO|ar1_bond_length_c_e,0.5704348421635437,0.2559047444767003,2.903590309792735,LOOCV,ln(kobs) = <nonlinear model; no closed-form linear equation>
azoarene_svr_rbf_c10_eps01_g003,ln(kobs),3,ar2_Ar_polar|ar2_lumo_hartree|ar1_bond_length_c_e,0.5073237889786573,0.2556304822704032,3.1095791135745374,LOOCV,ln(kobs) = <nonlinear model; no closed-form linear equation>
azoarene_svr_rbf_c10_eps01_g003,ln(kobs),3,ar2_Ar_polar|ar2_Ar_LUMO|ar1_bond_length_c_e,0.5073237889786573,0.2556304822704032,3.1095791135745374,LOOCV,ln(kobs) = <nonlinear model; no closed-form linear equation>
azoarene_svr_rbf_c10_eps01_g003,ln(kobs),3,ar2_isotropic_polarizability_au|ar2_lumo_hartree|ar1_bond_length_c_e,0.5073237889786573,0.2556304822704032,3.1095791135745374,LOOCV,ln(kobs) = <nonlinear model; no closed-form linear equation>
azoarene_svr_rbf_c10_eps01_g003,ln(kobs),3,ar2_isotropic_polarizability_au|ar2_Ar_LUMO|ar1_bond_length_c_e,0.5073237889786573,0.2556304822704032,3.1095791135745374,LOOCV,ln(kobs) = <nonlinear model; no closed-form linear equation>
azoarene_svr_rbf_c10_eps01_g003,ln(kobs),3,ar2_Ar_polar|ar2_gap_hartree|ar1_bond_length_c_e,0.4984831436906102,0.25466479481468907,3.1373544104545674,LOOCV,ln(kobs) = <nonlinear model; no closed-form linear equation>
azoarene_svr_rbf_c10_eps01_g003,ln(kobs),3,ar2_isotropic_polarizability_au|ar2_gap_hartree|ar1_bond_length_c_e,0.4984831436906102,0.25466479481468907,3.1373544104545674,LOOCV,ln(kobs) = <nonlinear model; no closed-form linear equation>
azoarene_svr_rbf_c10_eps01_g003,ln(kobs),4,ar2_Ar_polar|ar1_bond_length_c_a|ar2_lumo_hartree|ar2_gap_hartree,0.5557043048519539,0.25457580089299825,2.95295525849499,LOOCV,ln(kobs) = <nonlinear model; no closed-form linear equation>
azoarene_svr_rbf_c10_eps01_g003,ln(kobs),4,ar2_Ar_polar|ar1_bond_length_c_a|ar2_Ar_LUMO|ar2_gap_hartree,0.5557043048519539,0.25457580089299825,2.95295525849499,LOOCV,ln(kobs) = <nonlinear model; no closed-form linear equation>
azoarene_svr_rbf_c10_eps01_g003,ln(kobs),4,ar2_isotropic_polarizability_au|ar1_bond_length_c_a|ar2_lumo_hartree|ar2_gap_hartree,0.5557043048519539,0.25457580089299825,2.95295525849499,LOOCV,ln(kobs) = <nonlinear model; no closed-form linear equation>
azoarene_svr_rbf_c10_eps01_g003,ln(kobs),4,ar2_isotropic_polarizability_au|ar1_bond_length_c_a|ar2_Ar_LUMO|ar2_gap_hartree,0.5557043048519539,0.25457580089299825,2.95295525849499,LOOCV,ln(kobs) = <nonlinear model; no closed-form linear equation>
azoarene_svr_rbf_c10_eps01_g003,ln(kobs),4,ar2_Ar_polar|rate kobs (s-1)|ar2_lumo_hartree|ar1_q_a,0.5589334682974989,0.2541343579439145,2.942204575118068,LOOCV,ln(kobs) = <nonlinear model; no closed-form linear equation>
azoarene_svr_rbf_c10_eps01_g003,ln(kobs),4,ar2_Ar_polar|rate kobs (s-1)|ar2_Ar_LUMO|ar1_q_a,0.5589334682974989,0.2541343579439145,2.942204575118068,LOOCV,ln(kobs) = <nonlinear model; no closed-form linear equation>
azoarene_svr_rbf_c10_eps01_g003,ln(kobs),4,ar2_isotropic_polarizability_au|rate kobs (s-1)|ar2_lumo_hartree|ar1_q_a,0.5589334682974989,0.2541343579439145,2.942204575118068,LOOCV,ln(kobs) = <nonlinear model; no closed-form linear equation>
azoarene_svr_rbf_c10_eps01_g003,ln(kobs),4,ar2_isotropic_polarizability_au|rate kobs (s-1)|ar2_Ar_LUMO|ar1_q_a,0.5589334682974989,0.2541343579439145,2.942204575118068,LOOCV,ln(kobs) = <nonlinear model; no closed-form linear equation>
azoarene_svr_rbf_c10_eps01_g003,ln(kobs),4,ar2_Ar_polar|rate kobs (s-1)|ar2_lumo_hartree|ar2_gap_hartree,0.5714523297503391,0.2539276414999738,2.900149482969931,LOOCV,ln(kobs) = <nonlinear model; no closed-form linear equation>
azoarene_svr_rbf_c10_eps01_g003,ln(kobs),4,ar2_Ar_polar|rate kobs (s-1)|ar2_Ar_LUMO|ar2_gap_hartree,0.5714523297503391,0.2539276414999738,2.900149482969931,LOOCV,ln(kobs) = <nonlinear model; no closed-form linear equation>
azoarene_svr_rbf_c10_eps01_g003,ln(kobs),4,ar2_isotropic_polarizability_au|rate kobs (s-1)|ar2_lumo_hartree|ar2_gap_hartree,0.5714523297503391,0.2539276414999738,2.900149482969931,LOOCV,ln(kobs) = <nonlinear model; no closed-form linear equation>
azoarene_svr_rbf_c10_eps01_g003,ln(kobs),4,ar2_isotropic_polarizability_au|rate kobs (s-1)|ar2_Ar_LUMO|ar2_gap_hartree,0.5714523297503391,0.2539276414999738,2.900149482969931,LOOCV,ln(kobs) = <nonlinear model; no closed-form linear equation>
azoarene_svr_rbf_c10_eps01_g003,ln(kobs),4,ar2_Ar_polar|rate kobs (s-1)|ar2_lumo_hartree|ar2_Ar_LUMO,0.5719822974134977,0.25373064562965886,2.8983556791213796,LOOCV,ln(kobs) = <nonlinear model; no closed-form linear equation>
azoarene_svr_rbf_c10_eps01_g003,ln(kobs),4,ar2_isotropic_polarizability_au|rate kobs (s-1)|ar2_lumo_hartree|ar2_Ar_LUMO,0.5719822974134977,0.25373064562965886,2.8983556791213796,LOOCV,ln(kobs) = <nonlinear model; no closed-form linear equation>
azoarene_svr_rbf_c10_eps01_g003,ln(kobs),4,ar2_Ar_polar|rate kobs (s-1)|ar2_gap_hartree|ar1_q_a,0.5571285678245663,0.252991430940643,2.948218367188571,LOOCV,ln(kobs) = <nonlinear model; no closed-form linear equation>
azoarene_svr_rbf_c10_eps01_g003,ln(kobs),4,ar2_isotropic_polarizability_au|rate kobs (s-1)|ar2_gap_hartree|ar1_q_a,0.5571285678245663,0.252991430940643,2.948218367188571,LOOCV,ln(kobs) = <nonlinear model; no closed-form linear equation>
azoarene_svr_rbf_c10_eps01_g003,ln(kobs),3,ar2_scf_energy_hartree|rate kobs (s-1)|ar2_gap_hartree,0.5236276475828805,0.2529530826671966,3.057694472826284,LOOCV,ln(kobs) = <nonlinear model; no closed-form linear equation>
azoarene_svr_rbf_c10_eps01_g003,ln(kobs),3,ar2_gibbs_free_energy_hartree|rate kobs (s-1)|ar2_gap_hartree,0.5236274120064428,0.2529108099480193,3.057695228874236,LOOCV,ln(kobs) = <nonlinear model; no closed-form linear equation>
azoarene_svr_rbf_c10_eps01_g003,ln(kobs),3,ar2_enthalpy_hartree|rate kobs (s-1)|ar2_gap_hartree,0.5236279390232446,0.252904352928191,3.0576935374910135,LOOCV,ln(kobs) = <nonlinear model; no closed-form linear equation>
azoarene_svr_rbf_c10_eps01_g003,ln(kobs),3,ar2_scf_energy_hartree|rate kobs (s-1)|ar1_bond_length_c_a,0.4492708036177391,0.2528506026734777,3.2876824592879,LOOCV,ln(kobs) = <nonlinear model; no closed-form linear equation>
azoarene_svr_rbf_c10_eps01_g003,ln(kobs),3,ar2_gibbs_free_energy_hartree|rate kobs (s-1)|ar1_bond_length_c_a,0.4492203452681707,0.25279540518821453,3.287833066185345,LOOCV,ln(kobs) = <nonlinear model; no closed-form linear equation>
azoarene_svr_rbf_c10_eps01_g003,ln(kobs),3,ar2_enthalpy_hartree|rate kobs (s-1)|ar1_bond_length_c_a,0.4492170701912498,0.2527736328621164,3.287842841319644,LOOCV,ln(kobs) = <nonlinear model; no closed-form linear equation>
azoarene_svr_rbf_c10_eps01_g003,ln(kobs),3,ar2_scf_energy_hartree|ar2_gibbs_free_energy_hartree|rate kobs (s-1),0.3875623633436345,0.25276049534514866,3.466983303284817,LOOCV,ln(kobs) = <nonlinear model; no closed-form linear equation>
azoarene_svr_rbf_c10_eps01_g003,ln(kobs),3,ar2_gibbs_free_energy_hartree|ar2_enthalpy_hartree|rate kobs (s-1),0.38755752274593014,0.25275111910353387,3.4669970044661733,LOOCV,ln(kobs) = <nonlinear model; no closed-form linear equation>
azoarene_svr_rbf_c10_eps01_g003,ln(kobs),3,ar2_scf_energy_hartree|ar2_enthalpy_hartree|rate kobs (s-1),0.38758396966746644,0.2527492531102443,3.466922146507229,LOOCV,ln(kobs) = <nonlinear model; no closed-form linear equation>
azoarene_svr_rbf_c10_eps01_g003,ln(kobs),4,ar2_Ar_polar|ar2_lumo_hartree|ar2_gap_hartree|ar1_bond_length_c_e,0.5684479505628378,0.2514109470681216,2.910297631627295,LOOCV,ln(kobs) = <nonlinear model; no closed-form linear equation>
azoarene_svr_rbf_c10_eps01_g003,ln(kobs),4,ar2_Ar_polar|ar2_Ar_LUMO|ar2_gap_hartree|ar1_bond_length_c_e,0.5684479505628378,0.2514109470681216,2.910297631627295,LOOCV,ln(kobs) = <nonlinear model; no closed-form linear equation>
azoarene_svr_rbf_c10_eps01_g003,ln(kobs),4,ar2_isotropic_polarizability_au|ar2_lumo_hartree|ar2_gap_hartree|ar1_bond_length_c_e,0.5684479505628378,0.2514109470681216,2.910297631627295,LOOCV,ln(kobs) = <nonlinear model; no closed-form linear equation>
azoarene_svr_rbf_c10_eps01_g003,ln(kobs),4,ar2_isotropic_polarizability_au|ar2_Ar_LUMO|ar2_gap_hartree|ar1_bond_length_c_e,0.5684479505628378,0.2514109470681216,2.910297631627295,LOOCV,ln(kobs) = <nonlinear model; no closed-form linear equation>
azoarene_svr_rbf_c10_eps01_g003,ln(kobs),4,ar2_Ar_HOMO|ar1_bond_length_c_a|ar1_q_a|ar1_nbo_q_a,0.5523736765346079,0.25134997868913156,2.964002893076498,LOOCV,ln(kobs) = <nonlinear model; no closed-form linear equation>
azoarene_svr_rbf_c10_eps01_g003,ln(kobs),4,ar2_Ar_HOMO|ar1_bond_length_c_a|ar1_q_a|ar1_Ar_NBO_OH,0.5523736765346079,0.25134997868913156,2.964002893076498,LOOCV,ln(kobs) = <nonlinear model; no closed-form linear equation>
azoarene_svr_rbf_c10_eps01_g003,ln(kobs),4,ar2_homo_hartree|ar1_bond_length_c_a|ar1_q_a|ar1_nbo_q_a,0.5523736765346079,0.25134997868913156,2.964002893076498,LOOCV,ln(kobs) = <nonlinear model; no closed-form linear equation>
azoarene_svr_rbf_c10_eps01_g003,ln(kobs),4,ar2_homo_hartree|ar1_bond_length_c_a|ar1_q_a|ar1_Ar_NBO_OH,0.5523736765346079,0.25134997868913156,2.964002893076498,LOOCV,ln(kobs) = <nonlinear model; no closed-form linear equation>
azoarene_svr_rbf_c10_eps01_g003,ln(kobs),3,ar2_Ar_polar|ar1_nbo_q_a|ar1_Ar_NBO_OH,0.36884190907502357,0.25121354188759815,3.519572300739174,LOOCV,ln(kobs) = <nonlinear model; no closed-form linear equation>
azoarene_svr_rbf_c10_eps01_g003,ln(kobs),3,ar2_isotropic_polarizability_au|ar1_nbo_q_a|ar1_Ar_NBO_OH,0.36884190907502357,0.25121354188759815,3.519572300739174,LOOCV,ln(kobs) = <nonlinear model; no closed-form linear equation>
azoarene_svr_rbf_c10_eps01_g003,ln(kobs),4,rate kobs (s-1)|ar1_bond_length_c_a|ar2_lumo_hartree|ar2_Ar_LUMO,0.5982135650441799,0.2482905920993188,2.808138017790306,LOOCV,ln(kobs) = <nonlinear model; no closed-form linear equation>
azoarene_svr_rbf_c10_eps01_g003,ln(kobs),4,rate kobs (s-1)|ar1_bond_length_c_a|ar2_lumo_hartree|ar2_gap_hartree,0.5931108168345129,0.24767614789151982,2.8259136453528493,LOOCV,ln(kobs) = <nonlinear model; no closed-form linear equation>
azoarene_svr_rbf_c10_eps01_g003,ln(kobs),4,rate kobs (s-1)|ar1_bond_length_c_a|ar2_Ar_LUMO|ar2_gap_hartree,0.5931108168345129,0.24767614789151982,2.8259136453528493,LOOCV,ln(kobs) = <nonlinear model; no closed-form linear equation>
azoarene_svr_rbf_c10_eps01_g003,ln(kobs),4,ar2_gibbs_free_energy_hartree|ar2_gap_hartree|ar2_Ar_Ster_B5|ar1_nbo_q_a,0.5468813909450783,0.24681798695545887,2.982131316345109,LOOCV,ln(kobs) = <nonlinear model; no closed-form linear equation>
azoarene_svr_rbf_c10_eps01_g003,ln(kobs),4,ar2_gibbs_free_energy_hartree|ar2_gap_hartree|ar2_Ar_Ster_B5|ar1_Ar_NBO_OH,0.5468813909450783,0.24681798695545887,2.982131316345109,LOOCV,ln(kobs) = <nonlinear model; no closed-form linear equation>
azoarene_svr_rbf_c10_eps01_g003,ln(kobs),4,ar2_gibbs_free_energy_hartree|ar2_gap_hartree|ar2_sterimol_B5|ar1_nbo_q_a,0.5468813909450783,0.24681798695545887,2.982131316345109,LOOCV,ln(kobs) = <nonlinear model; no closed-form linear equation>
azoarene_svr_rbf_c10_eps01_g003,ln(kobs),4,ar2_gibbs_free_energy_hartree|ar2_gap_hartree|ar2_sterimol_B5|ar1_Ar_NBO_OH,0.5468813909450783,0.24681798695545887,2.982131316345109,LOOCV,ln(kobs) = <nonlinear model; no closed-form linear equation>
azoarene_svr_rbf_c10_eps01_g003,ln(kobs),4,ar2_enthalpy_hartree|ar2_gap_hartree|ar2_Ar_Ster_B5|ar1_nbo_q_a,0.5468820281269258,0.246805307962082,2.982129219586587,LOOCV,ln(kobs) = <nonlinear model; no closed-form linear equation>
azoarene_svr_rbf_c10_eps01_g003,ln(kobs),4,ar2_enthalpy_hartree|ar2_gap_hartree|ar2_Ar_Ster_B5|ar1_Ar_NBO_OH,0.5468820281269258,0.246805307962082,2.982129219586587,LOOCV,ln(kobs) = <nonlinear model; no closed-form linear equation>
azoarene_svr_rbf_c10_eps01_g003,ln(kobs),4,ar2_enthalpy_hartree|ar2_gap_hartree|ar2_sterimol_B5|ar1_nbo_q_a,0.5468820281269258,0.246805307962082,2.982129219586587,LOOCV,ln(kobs) = <nonlinear model; no closed-form linear equation>
azoarene_svr_rbf_c10_eps01_g003,ln(kobs),4,ar2_enthalpy_hartree|ar2_gap_hartree|ar2_sterimol_B5|ar1_Ar_NBO_OH,0.5468820281269258,0.246805307962082,2.982129219586587,LOOCV,ln(kobs) = <nonlinear model; no closed-form linear equation>
azoarene_svr_rbf_c10_eps01_g003,ln(kobs),4,ar2_scf_energy_hartree|ar2_gap_hartree|ar2_Ar_Ster_B5|ar1_nbo_q_a,0.5468683529414411,0.2467691061023245,2.9821742198569994,LOOCV,ln(kobs) = <nonlinear model; no closed-form linear equation>
azoarene_svr_rbf_c10_eps01_g003,ln(kobs),4,ar2_scf_energy_hartree|ar2_gap_hartree|ar2_Ar_Ster_B5|ar1_Ar_NBO_OH,0.5468683529414411,0.2467691061023245,2.9821742198569994,LOOCV,ln(kobs) = <nonlinear model; no closed-form linear equation>
azoarene_svr_rbf_c10_eps01_g003,ln(kobs),4,ar2_scf_energy_hartree|ar2_gap_hartree|ar2_sterimol_B5|ar1_nbo_q_a,0.5468683529414411,0.2467691061023245,2.9821742198569994,LOOCV,ln(kobs) = <nonlinear model; no closed-form linear equation>
azoarene_svr_rbf_c10_eps01_g003,ln(kobs),4,ar2_scf_energy_hartree|ar2_gap_hartree|ar2_sterimol_B5|ar1_Ar_NBO_OH,0.5468683529414411,0.2467691061023245,2.9821742198569994,LOOCV,ln(kobs) = <nonlinear model; no closed-form linear equation>
azoarene_svr_rbf_c10_eps01_g003,ln(kobs),3,ar2_scf_energy_hartree|ar2_gibbs_free_energy_hartree|ar2_lumo_hartree,0.4362377187562436,0.24589764151918714,3.3263567259877913,LOOCV,ln(kobs) = <nonlinear model; no closed-form linear equation>
azoarene_svr_rbf_c10_eps01_g003,ln(kobs),3,ar2_scf_energy_hartree|ar2_gibbs_free_energy_hartree|ar2_Ar_LUMO,0.4362377187562436,0.24589764151918714,3.3263567259877913,LOOCV,ln(kobs) = <nonlinear model; no closed-form linear equation>
azoarene_svr_rbf_c10_eps01_g003,ln(kobs),3,ar2_scf_energy_hartree|ar2_enthalpy_hartree|ar2_lumo_hartree,0.43623575824789673,0.2458899936683886,3.3263625097593144,LOOCV,ln(kobs) = <nonlinear model; no closed-form linear equation>
azoarene_svr_rbf_c10_eps01_g003,ln(kobs),3,ar2_scf_energy_hartree|ar2_enthalpy_hartree|ar2_Ar_LUMO,0.43623575824789673,0.2458899936683886,3.3263625097593144,LOOCV,ln(kobs) = <nonlinear model; no closed-form linear equation>
azoarene_svr_rbf_c10_eps01_g003,ln(kobs),3,ar2_gibbs_free_energy_hartree|ar2_enthalpy_hartree|ar2_lumo_hartree,0.4362350630175751,0.24588924105339927,3.326364560782768,LOOCV,ln(kobs) = <nonlinear model; no closed-form linear equation>
azoarene_svr_rbf_c10_eps01_g003,ln(kobs),3,ar2_gibbs_free_energy_hartree|ar2_enthalpy_hartree|ar2_Ar_LUMO,0.4362350630175751,0.24588924105339927,3.326364560782768,LOOCV,ln(kobs) = <nonlinear model; no closed-form linear equation>
azoarene_svr_rbf_c10_eps01_g003,ln(kobs),3,ar2_scf_energy_hartree|ar2_lumo_hartree|ar2_Ar_LUMO,0.44851812949839653,0.24534234393782794,3.2899283077090145,LOOCV,ln(kobs) = <nonlinear model; no closed-form linear equation>
azoarene_svr_rbf_c10_eps01_g003,ln(kobs),3,ar2_gibbs_free_energy_hartree|ar2_lumo_hartree|ar2_Ar_LUMO,0.44851155648071406,0.2452913591439566,3.289947913695777,LOOCV,ln(kobs) = <nonlinear model; no closed-form linear equation>
azoarene_svr_rbf_c10_eps01_g003,ln(kobs),3,ar2_enthalpy_hartree|ar2_lumo_hartree|ar2_Ar_LUMO,0.44850403831303387,0.2452759944064935,3.2899703387312127,LOOCV,ln(kobs) = <nonlinear model; no closed-form linear equation>
azoarene_svr_rbf_c10_eps01_g003,ln(kobs),3,ar2_scf_energy_hartree|ar1_bond_length_c_e|ar1_nbo_q_a,0.4148342628741637,0.24442934265666072,3.3889117435240164,LOOCV,ln(kobs) = <nonlinear model; no closed-form linear equation>
azoarene_svr_rbf_c10_eps01_g003,ln(kobs),3,ar2_scf_energy_hartree|ar1_bond_length_c_e|ar1_Ar_NBO_OH,0.4148342628741637,0.24442934265666072,3.3889117435240164,LOOCV,ln(kobs) = <nonlinear model; no closed-form linear equation>
azoarene_svr_rbf_c10_eps01_g003,ln(kobs),3,ar2_enthalpy_hartree|ar1_bond_length_c_e|ar1_nbo_q_a,0.41475877021386287,0.2442047246564687,3.389130339466912,LOOCV,ln(kobs) = <nonlinear model; no closed-form linear equation>
azoarene_svr_rbf_c10_eps01_g003,ln(kobs),3,ar2_enthalpy_hartree|ar1_bond_length_c_e|ar1_Ar_NBO_OH,0.41475877021386287,0.2442047246564687,3.389130339466912,LOOCV,ln(kobs) = <nonlinear model; no closed-form linear equation>
azoarene_svr_rbf_c10_eps01_g003,ln(kobs),3,ar2_gibbs_free_energy_hartree|ar1_bond_length_c_e|ar1_nbo_q_a,0.41476293728951086,0.2441919203784274,3.3891182736836707,LOOCV,ln(kobs) = <nonlinear model; no closed-form linear equation>
azoarene_svr_rbf_c10_eps01_g003,ln(kobs),3,ar2_gibbs_free_energy_hartree|ar1_bond_length_c_e|ar1_Ar_NBO_OH,0.41476293728951086,0.2441919203784274,3.3891182736836707,LOOCV,ln(kobs) = <nonlinear model; no closed-form linear equation>
azoarene_svr_rbf_c10_eps01_g003,ln(kobs),3,ar2_Ar_polar|ar2_lumo_hartree|ar2_Ar_Ster_B5,0.45740153135606165,0.23818524101475136,3.2633232566218395,LOOCV,ln(kobs) = <nonlinear model; no closed-form linear equation>
azoarene_svr_rbf_c10_eps01_g003,ln(kobs),3,ar2_Ar_polar|ar2_lumo_hartree|ar2_sterimol_B5,0.45740153135606165,0.23818524101475136,3.2633232566218395,LOOCV,ln(kobs) = <nonlinear model; no closed-form linear equation>
azoarene_svr_rbf_c10_eps01_g003,ln(kobs),3,ar2_Ar_polar|ar2_Ar_LUMO|ar2_Ar_Ster_B5,0.45740153135606165,0.23818524101475136,3.2633232566218395,LOOCV,ln(kobs) = <nonlinear model; no closed-form linear equation>
azoarene_svr_rbf_c10_eps01_g003,ln(kobs),3,ar2_Ar_polar|ar2_Ar_LUMO|ar2_sterimol_B5,0.45740153135606165,0.23818524101475136,3.2633232566218395,LOOCV,ln(kobs) = <nonlinear model; no closed-form linear equation>
azoarene_svr_rbf_c10_eps01_g003,ln(kobs),3,ar2_isotropic_polarizability_au|ar2_lumo_hartree|ar2_Ar_Ster_B5,0.45740153135606165,0.23818524101475136,3.2633232566218395,LOOCV,ln(kobs) = <nonlinear model; no closed-form linear equation>
azoarene_svr_rbf_c10_eps01_g003,ln(kobs),3,ar2_isotropic_polarizability_au|ar2_lumo_hartree|ar2_sterimol_B5,0.45740153135606165,0.23818524101475136,3.2633232566218395,LOOCV,ln(kobs) = <nonlinear model; no closed-form linear equation>
azoarene_svr_rbf_c10_eps01_g003,ln(kobs),3,ar2_isotropic_polarizability_au|ar2_Ar_LUMO|ar2_Ar_Ster_B5,0.45740153135606165,0.23818524101475136,3.2633232566218395,LOOCV,ln(kobs) = <nonlinear model; no closed-form linear equation>
azoarene_svr_rbf_c10_eps01_g003,ln(kobs),3,ar2_isotropic_polarizability_au|ar2_Ar_LUMO|ar2_sterimol_B5,0.45740153135606165,0.23818524101475136,3.2633232566218395,LOOCV,ln(kobs) = <nonlinear model; no closed-form linear equation>
azoarene_svr_rbf_c10_eps01_g003,ln(kobs),3,ar2_scf_energy_hartree|ar2_enthalpy_hartree|ar2_gap_hartree,0.43049895332622046,0.2374002292045151,3.3432440277625757,LOOCV,ln(kobs) = <nonlinear model; no closed-form linear equation>
azoarene_svr_rbf_c10_eps01_g003,ln(kobs),3,ar2_scf_energy_hartree|ar2_gibbs_free_energy_hartree|ar2_gap_hartree,0.43049995098214766,0.23739979901400887,3.3432410994021273,LOOCV,ln(kobs) = <nonlinear model; no closed-form linear equation>
azoarene_svr_rbf_c10_eps01_g003,ln(kobs),3,ar2_gibbs_free_energy_hartree|ar2_enthalpy_hartree|ar2_gap_hartree,0.43049768570032054,0.23738769950302085,3.3432477485462213,LOOCV,ln(kobs) = <nonlinear model; no closed-form linear equation>
azoarene_svr_rbf_c10_eps01_g003,ln(kobs),3,ar2_scf_energy_hartree|ar2_lumo_hartree|ar2_gap_hartree,0.447011230322252,0.23575185842980906,3.2944200313203003,LOOCV,ln(kobs) = <nonlinear model; no closed-form linear equation>
azoarene_svr_rbf_c10_eps01_g003,ln(kobs),3,ar2_scf_energy_hartree|ar2_Ar_LUMO|ar2_gap_hartree,0.447011230322252,0.23575185842980906,3.2944200313203003,LOOCV,ln(kobs) = <nonlinear model; no closed-form linear equation>
azoarene_svr_rbf_c10_eps01_g003,ln(kobs),3,ar2_enthalpy_hartree|ar2_lumo_hartree|ar2_gap_hartree,0.44700310975924185,0.23567990228392055,3.2944442202809983,LOOCV,ln(kobs) = <nonlinear model; no closed-form linear equation>
azoarene_svr_rbf_c10_eps01_g003,ln(kobs),3,ar2_enthalpy_hartree|ar2_Ar_LUMO|ar2_gap_hartree,0.44700310975924185,0.23567990228392055,3.2944442202809983,LOOCV,ln(kobs) = <nonlinear model; no closed-form linear equation>
azoarene_svr_rbf_c10_eps01_g003,ln(kobs),3,ar2_gibbs_free_energy_hartree|ar2_lumo_hartree|ar2_gap_hartree,0.44699794174283913,0.23567795603036945,3.294459614311499,LOOCV,ln(kobs) = <nonlinear model; no closed-form linear equation>
azoarene_svr_rbf_c10_eps01_g003,ln(kobs),3,ar2_gibbs_free_energy_hartree|ar2_Ar_LUMO|ar2_gap_hartree,0.44699794174283913,0.23567795603036945,3.294459614311499,LOOCV,ln(kobs) = <nonlinear model; no closed-form linear equation>
azoarene_svr_rbf_c10_eps01_g003,ln(kobs),3,ar2_Ar_polar|ar2_isotropic_polarizability_au|ar1_q_a,0.4003654814252925,0.23464855477997404,3.430552949607323,LOOCV,ln(kobs) = <nonlinear model; no closed-form linear equation>
azoarene_svr_rbf_c10_eps01_g003,ln(kobs),3,ar2_scf_energy_hartree|ar2_lumo_hartree|ar1_bond_length_c_e,0.5303979709208873,0.23437132631338764,3.035888356738184,LOOCV,ln(kobs) = <nonlinear model; no closed-form linear equation>
azoarene_svr_rbf_c10_eps01_g003,ln(kobs),3,ar2_scf_energy_hartree|ar2_Ar_LUMO|ar1_bond_length_c_e,0.5303979709208873,0.23437132631338764,3.035888356738184,LOOCV,ln(kobs) = <nonlinear model; no closed-form linear equation>
azoarene_svr_rbf_c10_eps01_g003,ln(kobs),3,ar2_gibbs_free_energy_hartree|ar2_lumo_hartree|ar1_bond_length_c_e,0.5303929371920619,0.2342492667362811,3.0359046277472874,LOOCV,ln(kobs) = <nonlinear model; no closed-form linear equation>
azoarene_svr_rbf_c10_eps01_g003,ln(kobs),3,ar2_gibbs_free_energy_hartree|ar2_Ar_LUMO|ar1_bond_length_c_e,0.5303929371920619,0.2342492667362811,3.0359046277472874,LOOCV,ln(kobs) = <nonlinear model; no closed-form linear equation>
azoarene_svr_rbf_c10_eps01_g003,ln(kobs),3,ar2_enthalpy_hartree|ar2_lumo_hartree|ar1_bond_length_c_e,0.5303918587133909,0.23423657194565695,3.035908113806982,LOOCV,ln(kobs) = <nonlinear model; no closed-form linear equation>
azoarene_svr_rbf_c10_eps01_g003,ln(kobs),3,ar2_enthalpy_hartree|ar2_Ar_LUMO|ar1_bond_length_c_e,0.5303918587133909,0.23423657194565695,3.035908113806982,LOOCV,ln(kobs) = <nonlinear model; no closed-form linear equation>
azoarene_svr_rbf_c10_eps01_g003,ln(kobs),3,ar2_Ar_polar|ar2_gap_hartree|ar2_Ar_Ster_B5,0.45399004689944833,0.23395552240718043,3.2735659436191984,LOOCV,ln(kobs) = <nonlinear model; no closed-form linear equation>
azoarene_svr_rbf_c10_eps01_g003,ln(kobs),3,ar2_Ar_polar|ar2_gap_hartree|ar2_sterimol_B5,0.45399004689944833,0.23395552240718043,3.2735659436191984,LOOCV,ln(kobs) = <nonlinear model; no closed-form linear equation>
azoarene_svr_rbf_c10_eps01_g003,ln(kobs),3,ar2_isotropic_polarizability_au|ar2_gap_hartree|ar2_Ar_Ster_B5,0.45399004689944833,0.23395552240718043,3.2735659436191984,LOOCV,ln(kobs) = <nonlinear model; no closed-form linear equation>
azoarene_svr_rbf_c10_eps01_g003,ln(kobs),3,ar2_isotropic_polarizability_au|ar2_gap_hartree|ar2_sterimol_B5,0.45399004689944833,0.23395552240718043,3.2735659436191984,LOOCV,ln(kobs) = <nonlinear model; no closed-form linear equation>
azoarene_svr_rbf_c10_eps01_g003,ln(kobs),4,ar2_Ar_HOMO|ar2_lumo_hartree|ar1_q_a|ar1_bond_length_c_e,0.5703497361604186,0.2319638126718594,2.903877927076282,LOOCV,ln(kobs) = <nonlinear model; no closed-form linear equation>
azoarene_svr_rbf_c10_eps01_g003,ln(kobs),4,ar2_Ar_HOMO|ar2_Ar_LUMO|ar1_q_a|ar1_bond_length_c_e,0.5703497361604186,0.2319638126718594,2.903877927076282,LOOCV,ln(kobs) = <nonlinear model; no closed-form linear equation>
azoarene_svr_rbf_c10_eps01_g003,ln(kobs),4,ar2_homo_hartree|ar2_lumo_hartree|ar1_q_a|ar1_bond_length_c_e,0.5703497361604186,0.2319638126718594,2.903877927076282,LOOCV,ln(kobs) = <nonlinear model; no closed-form linear equation>
azoarene_svr_rbf_c10_eps01_g003,ln(kobs),4,ar2_homo_hartree|ar2_Ar_LUMO|ar1_q_a|ar1_bond_length_c_e,0.5703497361604186,0.2319638126718594,2.903877927076282,LOOCV,ln(kobs) = <nonlinear model; no closed-form linear equation>
azoarene_svr_rbf_c10_eps01_g003,ln(kobs),4,ar2_Ar_HOMO|ar2_gap_hartree|ar1_q_a|ar1_bond_length_c_e,0.5705811328805894,0.23195364400052287,2.903095851069631,LOOCV,ln(kobs) = <nonlinear model; no closed-form linear equation>
azoarene_svr_rbf_c10_eps01_g003,ln(kobs),4,ar2_homo_hartree|ar2_gap_hartree|ar1_q_a|ar1_bond_length_c_e,0.5705811328805894,0.23195364400052287,2.903095851069631,LOOCV,ln(kobs) = <nonlinear model; no closed-form linear equation>
azoarene_svr_rbf_c10_eps01_g003,ln(kobs),4,ar2_scf_energy_hartree|ar2_lumo_hartree|ar2_Ar_LUMO|ar1_bond_length_c_e,0.5699088409583487,0.23173384300906386,2.905367484593159,LOOCV,ln(kobs) = <nonlinear model; no closed-form linear equation>
azoarene_svr_rbf_c10_eps01_g003,ln(kobs),4,ar2_gibbs_free_energy_hartree|ar2_lumo_hartree|ar2_Ar_LUMO|ar1_bond_length_c_e,0.5699048708624029,0.2316487647436688,2.9053808940306824,LOOCV,ln(kobs) = <nonlinear model; no closed-form linear equation>
azoarene_svr_rbf_c10_eps01_g003,ln(kobs),4,ar2_enthalpy_hartree|ar2_lumo_hartree|ar2_Ar_LUMO|ar1_bond_length_c_e,0.5699041065371324,0.23163025134090987,2.9053834756165933,LOOCV,ln(kobs) = <nonlinear model; no closed-form linear equation>
azoarene_svr_rbf_c10_eps01_g003,ln(kobs),3,ar2_lumo_hartree|ar2_Ar_Ster_B5|ar2_sterimol_B5,0.4469411495887069,0.23158762480724138,3.294628777022533,LOOCV,ln(kobs) = <nonlinear model; no closed-form linear equation>
azoarene_svr_rbf_c10_eps01_g003,ln(kobs),3,ar2_Ar_LUMO|ar2_Ar_Ster_B5|ar2_sterimol_B5,0.4469411495887069,0.23158762480724138,3.294628777022533,LOOCV,ln(kobs) = <nonlinear model; no closed-form linear equation>
azoarene_svr_rbf_c10_eps01_g003,ln(kobs),4,rate kobs (s-1)|ar1_bond_length_c_a|ar2_lumo_hartree|ar1_nbo_q_a,0.5905394537943873,0.22991687674950345,2.834828856339421,LOOCV,ln(kobs) = <nonlinear model; no closed-form linear equation>
azoarene_svr_rbf_c10_eps01_g003,ln(kobs),4,rate kobs (s-1)|ar1_bond_length_c_a|ar2_lumo_hartree|ar1_Ar_NBO_OH,0.5905394537943873,0.22991687674950345,2.834828856339421,LOOCV,ln(kobs) = <nonlinear model; no closed-form linear equation>
azoarene_svr_rbf_c10_eps01_g003,ln(kobs),4,rate kobs (s-1)|ar1_bond_length_c_a|ar2_Ar_LUMO|ar1_nbo_q_a,0.5905394537943873,0.22991687674950345,2.834828856339421,LOOCV,ln(kobs) = <nonlinear model; no closed-form linear equation>
azoarene_svr_rbf_c10_eps01_g003,ln(kobs),4,rate kobs (s-1)|ar1_bond_length_c_a|ar2_Ar_LUMO|ar1_Ar_NBO_OH,0.5905394537943873,0.22991687674950345,2.834828856339421,LOOCV,ln(kobs) = <nonlinear model; no closed-form linear equation>
azoarene_svr_rbf_c10_eps01_g003,ln(kobs),4,rate kobs (s-1)|ar1_bond_length_c_a|ar2_gap_hartree|ar1_nbo_q_a,0.5844477169596246,0.22883346349604683,2.8558385421852965,LOOCV,ln(kobs) = <nonlinear model; no closed-form linear equation>
azoarene_svr_rbf_c10_eps01_g003,ln(kobs),4,rate kobs (s-1)|ar1_bond_length_c_a|ar2_gap_hartree|ar1_Ar_NBO_OH,0.5844477169596246,0.22883346349604683,2.8558385421852965,LOOCV,ln(kobs) = <nonlinear model; no closed-form linear equation>
azoarene_svr_rbf_c10_eps01_g003,ln(kobs),3,ar2_enthalpy_hartree|ar2_gap_hartree|ar1_bond_length_c_e,0.5237516693453104,0.22845824531657188,3.057296417249642,LOOCV,ln(kobs) = <nonlinear model; no closed-form linear equation>
azoarene_svr_rbf_c10_eps01_g003,ln(kobs),3,ar2_gibbs_free_energy_hartree|ar2_gap_hartree|ar1_bond_length_c_e,0.5237551336867903,0.22843451250605595,3.0572852974856715,LOOCV,ln(kobs) = <nonlinear model; no closed-form linear equation>
azoarene_svr_rbf_c10_eps01_g003,ln(kobs),3,ar2_scf_energy_hartree|ar2_gap_hartree|ar1_bond_length_c_e,0.5237584293567255,0.22837623484619496,3.057274719082226,LOOCV,ln(kobs) = <nonlinear model; no closed-form linear equation>
azoarene_svr_rbf_c10_eps01_g003,ln(kobs),4,ar2_scf_energy_hartree|ar2_lumo_hartree|ar2_gap_hartree|ar1_bond_length_c_e,0.568075854708567,0.22827058614588702,2.911552029974964,LOOCV,ln(kobs) = <nonlinear model; no closed-form linear equation>
azoarene_svr_rbf_c10_eps01_g003,ln(kobs),4,ar2_scf_energy_hartree|ar2_Ar_LUMO|ar2_gap_hartree|ar1_bond_length_c_e,0.568075854708567,0.22827058614588702,2.911552029974964,LOOCV,ln(kobs) = <nonlinear model; no closed-form linear equation>
azoarene_svr_rbf_c10_eps01_g003,ln(kobs),4,ar2_gibbs_free_energy_hartree|ar2_lumo_hartree|ar2_gap_hartree|ar1_bond_length_c_e,0.5680970854382792,0.22817751721837987,2.911480472116383,LOOCV,ln(kobs) = <nonlinear model; no closed-form linear equation>
azoarene_svr_rbf_c10_eps01_g003,ln(kobs),4,ar2_gibbs_free_energy_hartree|ar2_Ar_LUMO|ar2_gap_hartree|ar1_bond_length_c_e,0.5680970854382792,0.22817751721837987,2.911480472116383,LOOCV,ln(kobs) = <nonlinear model; no closed-form linear equation>
azoarene_svr_rbf_c10_eps01_g003,ln(kobs),4,ar2_enthalpy_hartree|ar2_lumo_hartree|ar2_gap_hartree|ar1_bond_length_c_e,0.5680977454078029,0.22816427324601019,2.911478247670738,LOOCV,ln(kobs) = <nonlinear model; no closed-form linear equation>
azoarene_svr_rbf_c10_eps01_g003,ln(kobs),4,ar2_enthalpy_hartree|ar2_Ar_LUMO|ar2_gap_hartree|ar1_bond_length_c_e,0.5680977454078029,0.22816427324601019,2.911478247670738,LOOCV,ln(kobs) = <nonlinear model; no closed-form linear equation>
azoarene_svr_rbf_c10_eps01_g003,ln(kobs),4,ar2_Ar_HOMO|ar1_q_a|ar1_bond_length_c_e|ar1_nbo_q_a,0.5923591652728077,0.226641394520521,2.828522614117939,LOOCV,ln(kobs) = <nonlinear model; no closed-form linear equation>
azoarene_svr_rbf_c10_eps01_g003,ln(kobs),4,ar2_Ar_HOMO|ar1_q_a|ar1_bond_length_c_e|ar1_Ar_NBO_OH,0.5923591652728077,0.226641394520521,2.828522614117939,LOOCV,ln(kobs) = <nonlinear model; no closed-form linear equation>
azoarene_svr_rbf_c10_eps01_g003,ln(kobs),4,ar2_homo_hartree|ar1_q_a|ar1_bond_length_c_e|ar1_nbo_q_a,0.5923591652728077,0.226641394520521,2.828522614117939,LOOCV,ln(kobs) = <nonlinear model; no closed-form linear equation>
azoarene_svr_rbf_c10_eps01_g003,ln(kobs),4,ar2_homo_hartree|ar1_q_a|ar1_bond_length_c_e|ar1_Ar_NBO_OH,0.5923591652728077,0.226641394520521,2.828522614117939,LOOCV,ln(kobs) = <nonlinear model; no closed-form linear equation>
azoarene_svr_rbf_c10_eps01_g003,ln(kobs),3,ar2_Ar_polar|ar1_bond_length_c_a|ar1_nbo_q_a,0.3695296495948164,0.22638534090638818,3.517654229604728,LOOCV,ln(kobs) = <nonlinear model; no closed-form linear equation>
azoarene_svr_rbf_c10_eps01_g003,ln(kobs),3,ar2_Ar_polar|ar1_bond_length_c_a|ar1_Ar_NBO_OH,0.3695296495948164,0.22638534090638818,3.517654229604728,LOOCV,ln(kobs) = <nonlinear model; no closed-form linear equation>
azoarene_svr_rbf_c10_eps01_g003,ln(kobs),3,ar2_isotropic_polarizability_au|ar1_bond_length_c_a|ar1_nbo_q_a,0.3695296495948164,0.22638534090638818,3.517654229604728,LOOCV,ln(kobs) = <nonlinear model; no closed-form linear equation>
azoarene_svr_rbf_c10_eps01_g003,ln(kobs),3,ar2_isotropic_polarizability_au|ar1_bond_length_c_a|ar1_Ar_NBO_OH,0.3695296495948164,0.22638534090638818,3.517654229604728,LOOCV,ln(kobs) = <nonlinear model; no closed-form linear equation>
azoarene_svr_rbf_c10_eps01_g003,ln(kobs),3,ar2_gap_hartree|ar2_Ar_Ster_B5|ar2_sterimol_B5,0.4442868406012912,0.2254313557974581,3.302525310448211,LOOCV,ln(kobs) = <nonlinear model; no closed-form linear equation>
azoarene_svr_rbf_c10_eps01_g003,ln(kobs),3,rate kobs (s-1)|ar2_Ar_Ster_B5|ar2_sterimol_B5,0.38523839277277816,0.2242656211205205,3.4735550239567914,LOOCV,ln(kobs) = <nonlinear model; no closed-form linear equation>
azoarene_svr_rbf_c10_eps01_g003,ln(kobs),3,ar2_gibbs_free_energy_hartree|ar2_lumo_hartree|ar2_Ar_Ster_B5,0.4436940926265108,0.22285893761336084,3.3042861500363756,LOOCV,ln(kobs) = <nonlinear model; no closed-form linear equation>
azoarene_svr_rbf_c10_eps01_g003,ln(kobs),3,ar2_gibbs_free_energy_hartree|ar2_lumo_hartree|ar2_sterimol_B5,0.4436940926265108,0.22285893761336084,3.3042861500363756,LOOCV,ln(kobs) = <nonlinear model; no closed-form linear equation>
azoarene_svr_rbf_c10_eps01_g003,ln(kobs),3,ar2_gibbs_free_energy_hartree|ar2_Ar_LUMO|ar2_Ar_Ster_B5,0.4436940926265108,0.22285893761336084,3.3042861500363756,LOOCV,ln(kobs) = <nonlinear model; no closed-form linear equation>
azoarene_svr_rbf_c10_eps01_g003,ln(kobs),3,ar2_gibbs_free_energy_hartree|ar2_Ar_LUMO|ar2_sterimol_B5,0.4436940926265108,0.22285893761336084,3.3042861500363756,LOOCV,ln(kobs) = <nonlinear model; no closed-form linear equation>
azoarene_svr_rbf_c10_eps01_g003,ln(kobs),3,ar2_scf_energy_hartree|ar2_lumo_hartree|ar2_Ar_Ster_B5,0.44369659396377725,0.2228532893662487,3.304278721440645,LOOCV,ln(kobs) = <nonlinear model; no closed-form linear equation>
azoarene_svr_rbf_c10_eps01_g003,ln(kobs),3,ar2_scf_energy_hartree|ar2_lumo_hartree|ar2_sterimol_B5,0.44369659396377725,0.2228532893662487,3.304278721440645,LOOCV,ln(kobs) = <nonlinear model; no closed-form linear equation>
azoarene_svr_rbf_c10_eps01_g003,ln(kobs),3,ar2_scf_energy_hartree|ar2_Ar_LUMO|ar2_Ar_Ster_B5,0.44369659396377725,0.2228532893662487,3.304278721440645,LOOCV,ln(kobs) = <nonlinear model; no closed-form linear equation>
azoarene_svr_rbf_c10_eps01_g003,ln(kobs),3,ar2_scf_energy_hartree|ar2_Ar_LUMO|ar2_sterimol_B5,0.44369659396377725,0.2228532893662487,3.304278721440645,LOOCV,ln(kobs) = <nonlinear model; no closed-form linear equation>
azoarene_svr_rbf_c10_eps01_g003,ln(kobs),3,ar2_enthalpy_hartree|ar2_lumo_hartree|ar2_Ar_Ster_B5,0.4436938855615459,0.22284680053377193,3.304286764987451,LOOCV,ln(kobs) = <nonlinear model; no closed-form linear equation>
azoarene_svr_rbf_c10_eps01_g003,ln(kobs),3,ar2_enthalpy_hartree|ar2_lumo_hartree|ar2_sterimol_B5,0.4436938855615459,0.22284680053377193,3.304286764987451,LOOCV,ln(kobs) = <nonlinear model; no closed-form linear equation>
azoarene_svr_rbf_c10_eps01_g003,ln(kobs),3,ar2_enthalpy_hartree|ar2_Ar_LUMO|ar2_Ar_Ster_B5,0.4436938855615459,0.22284680053377193,3.304286764987451,LOOCV,ln(kobs) = <nonlinear model; no closed-form linear equation>
azoarene_svr_rbf_c10_eps01_g003,ln(kobs),3,ar2_enthalpy_hartree|ar2_Ar_LUMO|ar2_sterimol_B5,0.4436938855615459,0.22284680053377193,3.304286764987451,LOOCV,ln(kobs) = <nonlinear model; no closed-form linear equation>
azoarene_svr_rbf_c10_eps01_g003,ln(kobs),3,ar2_scf_energy_hartree|rate kobs (s-1)|ar1_q_a,0.4471630108984711,0.2151535896278013,3.293967885351047,LOOCV,ln(kobs) = <nonlinear model; no closed-form linear equation>
azoarene_svr_rbf_c10_eps01_g003,ln(kobs),3,ar2_enthalpy_hartree|rate kobs (s-1)|ar1_q_a,0.4471373072714615,0.2151185295673781,3.2940444594040423,LOOCV,ln(kobs) = <nonlinear model; no closed-form linear equation>
azoarene_svr_rbf_c10_eps01_g003,ln(kobs),3,ar2_gibbs_free_energy_hartree|rate kobs (s-1)|ar1_q_a,0.44713867453122735,0.21511427918926962,3.294040386225204,LOOCV,ln(kobs) = <nonlinear model; no closed-form linear equation>
azoarene_svr_rbf_c10_eps01_g003,ln(kobs),4,rate kobs (s-1)|ar2_lumo_hartree|ar2_Ar_LUMO|ar1_bond_length_c_e,0.6120931867123249,0.2050760077039675,2.759208492298979,LOOCV,ln(kobs) = <nonlinear model; no closed-form linear equation>
azoarene_svr_rbf_c10_eps01_g003,ln(kobs),3,rate kobs (s-1)|ar2_lumo_hartree|ar1_bond_length_c_e,0.5748104298725435,0.20492265073128813,2.888764347991622,LOOCV,ln(kobs) = <nonlinear model; no closed-form linear equation>
azoarene_svr_rbf_c10_eps01_g003,ln(kobs),3,rate kobs (s-1)|ar2_Ar_LUMO|ar1_bond_length_c_e,0.5748104298725435,0.20492265073128813,2.888764347991622,LOOCV,ln(kobs) = <nonlinear model; no closed-form linear equation>
azoarene_svr_rbf_c10_eps01_g003,ln(kobs),4,rate kobs (s-1)|ar2_lumo_hartree|ar2_gap_hartree|ar1_bond_length_c_e,0.6134525833400775,0.19822281525671415,2.7543695070996845,LOOCV,ln(kobs) = <nonlinear model; no closed-form linear equation>
azoarene_svr_rbf_c10_eps01_g003,ln(kobs),4,rate kobs (s-1)|ar2_Ar_LUMO|ar2_gap_hartree|ar1_bond_length_c_e,0.6134525833400775,0.19822281525671415,2.7543695070996845,LOOCV,ln(kobs) = <nonlinear model; no closed-form linear equation>
azoarene_svr_rbf_c10_eps01_g003,ln(kobs),3,ar2_Ar_HOMO|ar1_bond_length_c_a|ar1_q_a,0.5200438381154434,0.19781129709548873,3.0691746327654323,LOOCV,ln(kobs) = <nonlinear model; no closed-form linear equation>
azoarene_svr_rbf_c10_eps01_g003,ln(kobs),3,ar2_homo_hartree|ar1_bond_length_c_a|ar1_q_a,0.5200438381154434,0.19781129709548873,3.0691746327654323,LOOCV,ln(kobs) = <nonlinear model; no closed-form linear equation>
azoarene_svr_rbf_c10_eps01_g003,ln(kobs),3,ar2_scf_energy_hartree|ar2_gap_hartree|ar2_Ar_Ster_B5,0.43883518784733366,0.1965083704538353,3.318684978394783,LOOCV,ln(kobs) = <nonlinear model; no closed-form linear equation>
azoarene_svr_rbf_c10_eps01_g003,ln(kobs),3,ar2_scf_energy_hartree|ar2_gap_hartree|ar2_sterimol_B5,0.43883518784733366,0.1965083704538353,3.318684978394783,LOOCV,ln(kobs) = <nonlinear model; no closed-form linear equation>
azoarene_svr_rbf_c10_eps01_g003,ln(kobs),3,ar2_gibbs_free_energy_hartree|ar2_gap_hartree|ar2_Ar_Ster_B5,0.43883084699205244,0.19648977549143543,3.3186978141099277,LOOCV,ln(kobs) = <nonlinear model; no closed-form linear equation>
azoarene_svr_rbf_c10_eps01_g003,ln(kobs),3,ar2_gibbs_free_energy_hartree|ar2_gap_hartree|ar2_sterimol_B5,0.43883084699205244,0.19648977549143543,3.3186978141099277,LOOCV,ln(kobs) = <nonlinear model; no closed-form linear equation>
azoarene_svr_rbf_c10_eps01_g003,ln(kobs),3,ar2_enthalpy_hartree|ar2_gap_hartree|ar2_Ar_Ster_B5,0.43883061538761114,0.19647946743071754,3.3186984989525192,LOOCV,ln(kobs) = <nonlinear model; no closed-form linear equation>
azoarene_svr_rbf_c10_eps01_g003,ln(kobs),3,ar2_enthalpy_hartree|ar2_gap_hartree|ar2_sterimol_B5,0.43883061538761114,0.19647946743071754,3.3186984989525192,LOOCV,ln(kobs) = <nonlinear model; no closed-form linear equation>
azoarene_svr_rbf_c10_eps01_g003,ln(kobs),3,rate kobs (s-1)|ar2_gap_hartree|ar1_bond_length_c_e,0.5653384948401343,0.19501411359245824,2.920763575593919,LOOCV,ln(kobs) = <nonlinear model; no closed-form linear equation>
azoarene_svr_rbf_c10_eps01_g003,ln(kobs),3,ar2_scf_energy_hartree|ar1_q_a|ar1_nbo_q_a,0.3966894202905714,0.19498779950840883,3.4410523898273944,LOOCV,ln(kobs) = <nonlinear model; no closed-form linear equation>
azoarene_svr_rbf_c10_eps01_g003,ln(kobs),3,ar2_scf_energy_hartree|ar1_q_a|ar1_Ar_NBO_OH,0.3966894202905714,0.19498779950840883,3.4410523898273944,LOOCV,ln(kobs) = <nonlinear model; no closed-form linear equation>
azoarene_svr_rbf_c10_eps01_g003,ln(kobs),3,ar2_gibbs_free_energy_hartree|ar1_q_a|ar1_nbo_q_a,0.39659715043886723,0.1948218657689178,3.441315515707799,LOOCV,ln(kobs) = <nonlinear model; no closed-form linear equation>
azoarene_svr_rbf_c10_eps01_g003,ln(kobs),3,ar2_gibbs_free_energy_hartree|ar1_q_a|ar1_Ar_NBO_OH,0.39659715043886723,0.1948218657689178,3.441315515707799,LOOCV,ln(kobs) = <nonlinear model; no closed-form linear equation>
azoarene_svr_rbf_c10_eps01_g003,ln(kobs),3,ar2_enthalpy_hartree|ar1_q_a|ar1_nbo_q_a,0.39659151382077407,0.19479201537569313,3.441331588996163,LOOCV,ln(kobs) = <nonlinear model; no closed-form linear equation>
azoarene_svr_rbf_c10_eps01_g003,ln(kobs),3,ar2_enthalpy_hartree|ar1_q_a|ar1_Ar_NBO_OH,0.39659151382077407,0.19479201537569313,3.441331588996163,LOOCV,ln(kobs) = <nonlinear model; no closed-form linear equation>
azoarene_svr_rbf_c10_eps01_g003,ln(kobs),3,rate kobs (s-1)|ar1_nbo_q_a|ar1_Ar_NBO_OH,0.42607645819643836,0.19016808575161404,3.3562000065477244,LOOCV,ln(kobs) = <nonlinear model; no closed-form linear equation>
azoarene_svr_rbf_c10_eps01_g003,ln(kobs),3,ar2_Ar_polar|ar1_bond_length_c_e|ar1_nbo_q_a,0.40289000169691336,0.18535545004674214,3.4233238501941265,LOOCV,ln(kobs) = <nonlinear model; no closed-form linear equation>
azoarene_svr_rbf_c10_eps01_g003,ln(kobs),3,ar2_Ar_polar|ar1_bond_length_c_e|ar1_Ar_NBO_OH,0.40289000169691336,0.18535545004674214,3.4233238501941265,LOOCV,ln(kobs) = <nonlinear model; no closed-form linear equation>
azoarene_svr_rbf_c10_eps01_g003,ln(kobs),3,ar2_isotropic_polarizability_au|ar1_bond_length_c_e|ar1_nbo_q_a,0.40289000169691336,0.18535545004674214,3.4233238501941265,LOOCV,ln(kobs) = <nonlinear model; no closed-form linear equation>
azoarene_svr_rbf_c10_eps01_g003,ln(kobs),3,ar2_isotropic_polarizability_au|ar1_bond_length_c_e|ar1_Ar_NBO_OH,0.40289000169691336,0.18535545004674214,3.4233238501941265,LOOCV,ln(kobs) = <nonlinear model; no closed-form linear equation>
azoarene_svr_rbf_c10_eps01_g003,ln(kobs),3,ar2_Ar_polar|ar2_lumo_hartree|ar2_gap_hartree,0.4936808870743846,0.1837582934891051,3.152339435923593,LOOCV,ln(kobs) = <nonlinear model; no closed-form linear equation>
azoarene_svr_rbf_c10_eps01_g003,ln(kobs),3,ar2_Ar_polar|ar2_Ar_LUMO|ar2_gap_hartree,0.4936808870743846,0.1837582934891051,3.152339435923593,LOOCV,ln(kobs) = <nonlinear model; no closed-form linear equation>
azoarene_svr_rbf_c10_eps01_g003,ln(kobs),3,ar2_isotropic_polarizability_au|ar2_lumo_hartree|ar2_gap_hartree,0.4936808870743846,0.1837582934891051,3.152339435923593,LOOCV,ln(kobs) = <nonlinear model; no closed-form linear equation>
azoarene_svr_rbf_c10_eps01_g003,ln(kobs),3,ar2_isotropic_polarizability_au|ar2_Ar_LUMO|ar2_gap_hartree,0.4936808870743846,0.1837582934891051,3.152339435923593,LOOCV,ln(kobs) = <nonlinear model; no closed-form linear equation>
azoarene_svr_rbf_c10_eps01_g003,ln(kobs),3,ar2_Ar_polar|ar2_lumo_hartree|ar2_Ar_LUMO,0.49605289020449395,0.1831072136923898,3.14494672955293,LOOCV,ln(kobs) = <nonlinear model; no closed-form linear equation>
azoarene_svr_rbf_c10_eps01_g003,ln(kobs),3,ar2_isotropic_polarizability_au|ar2_lumo_hartree|ar2_Ar_LUMO,0.49605289020449395,0.1831072136923898,3.14494672955293,LOOCV,ln(kobs) = <nonlinear model; no closed-form linear equation>
azoarene_svr_rbf_c10_eps01_g003,ln(kobs),3,rate kobs (s-1)|ar2_gap_hartree|ar1_q_a,0.5185542783951889,0.17949027879175017,3.073933585398878,LOOCV,ln(kobs) = <nonlinear model; no closed-form linear equation>
azoarene_svr_rbf_c10_eps01_g003,ln(kobs),3,ar2_scf_energy_hartree|rate kobs (s-1)|ar2_Ar_Ster_B5,0.38406078345879546,0.17749511484991787,3.476880324109977,LOOCV,ln(kobs) = <nonlinear model; no closed-form linear equation>
azoarene_svr_rbf_c10_eps01_g003,ln(kobs),3,ar2_scf_energy_hartree|rate kobs (s-1)|ar2_sterimol_B5,0.38406078345879546,0.17749511484991787,3.476880324109977,LOOCV,ln(kobs) = <nonlinear model; no closed-form linear equation>
azoarene_svr_rbf_c10_eps01_g003,ln(kobs),3,ar2_gibbs_free_energy_hartree|rate kobs (s-1)|ar2_Ar_Ster_B5,0.3839934997285991,0.17736157924518015,3.4770702219789764,LOOCV,ln(kobs) = <nonlinear model; no closed-form linear equation>
azoarene_svr_rbf_c10_eps01_g003,ln(kobs),3,ar2_gibbs_free_energy_hartree|rate kobs (s-1)|ar2_sterimol_B5,0.3839934997285991,0.17736157924518015,3.4770702219789764,LOOCV,ln(kobs) = <nonlinear model; no closed-form linear equation>
azoarene_svr_rbf_c10_eps01_g003,ln(kobs),3,ar2_enthalpy_hartree|rate kobs (s-1)|ar2_Ar_Ster_B5,0.38394982371346575,0.17735072410936148,3.477193485191128,LOOCV,ln(kobs) = <nonlinear model; no closed-form linear equation>
azoarene_svr_rbf_c10_eps01_g003,ln(kobs),3,ar2_enthalpy_hartree|rate kobs (s-1)|ar2_sterimol_B5,0.38394982371346575,0.17735072410936148,3.477193485191128,LOOCV,ln(kobs) = <nonlinear model; no closed-form linear equation>
azoarene_svr_rbf_c10_eps01_g003,ln(kobs),3,rate kobs (s-1)|ar2_lumo_hartree|ar1_q_a,0.5220144462199344,0.17666131990241396,3.0628674303682786,LOOCV,ln(kobs) = <nonlinear model; no closed-form linear equation>
azoarene_svr_rbf_c10_eps01_g003,ln(kobs),3,rate kobs (s-1)|ar2_Ar_LUMO|ar1_q_a,0.5220144462199344,0.17666131990241396,3.0628674303682786,LOOCV,ln(kobs) = <nonlinear model; no closed-form linear equation>
azoarene_svr_rbf_c10_eps01_g003,ln(kobs),3,ar2_Ar_HOMO|ar1_q_a|ar1_bond_length_c_e,0.5211951104032986,0.17604078738375373,3.0654914034885477,LOOCV,ln(kobs) = <nonlinear model; no closed-form linear equation>
azoarene_svr_rbf_c10_eps01_g003,ln(kobs),3,ar2_homo_hartree|ar1_q_a|ar1_bond_length_c_e,0.5211951104032986,0.17604078738375373,3.0654914034885477,LOOCV,ln(kobs) = <nonlinear model; no closed-form linear equation>
azoarene_svr_rbf_c10_eps01_g003,ln(kobs),3,rate kobs (s-1)|ar1_q_a|ar1_nbo_q_a,0.3978715475835235,0.17497387943001563,3.4376795362491452,LOOCV,ln(kobs) = <nonlinear model; no closed-form linear equation>
azoarene_svr_rbf_c10_eps01_g003,ln(kobs),3,rate kobs (s-1)|ar1_q_a|ar1_Ar_NBO_OH,0.3978715475835235,0.17497387943001563,3.4376795362491452,LOOCV,ln(kobs) = <nonlinear model; no closed-form linear equation>
azoarene_svr_rbf_c10_eps01_g003,ln(kobs),3,ar2_Ar_polar|ar2_gap_hartree|ar1_q_a,0.46237338286092644,0.1728487281350608,3.2483378688301423,LOOCV,ln(kobs) = <nonlinear model; no closed-form linear equation>
azoarene_svr_rbf_c10_eps01_g003,ln(kobs),3,ar2_isotropic_polarizability_au|ar2_gap_hartree|ar1_q_a,0.46237338286092644,0.1728487281350608,3.2483378688301423,LOOCV,ln(kobs) = <nonlinear model; no closed-form linear equation>
azoarene_svr_rbf_c10_eps01_g003,ln(kobs),3,ar2_scf_energy_hartree|ar1_bond_length_c_a|ar1_bond_length_c_e,0.38503815427292365,0.1717315071566099,3.474120676407184,LOOCV,ln(kobs) = <nonlinear model; no closed-form linear equation>
azoarene_svr_rbf_c10_eps01_g003,ln(kobs),3,ar2_gibbs_free_energy_hartree|ar1_bond_length_c_a|ar1_bond_length_c_e,0.38496798109457075,0.17144466005121894,3.474318886375189,LOOCV,ln(kobs) = <nonlinear model; no closed-form linear equation>
azoarene_svr_rbf_c10_eps01_g003,ln(kobs),3,ar2_enthalpy_hartree|ar1_bond_length_c_a|ar1_bond_length_c_e,0.3849635759757495,0.1714148223832591,3.4743313286218056,LOOCV,ln(kobs) = <nonlinear model; no closed-form linear equation>
azoarene_svr_rbf_c10_eps01_g003,ln(kobs),4,rate kobs (s-1)|ar2_lumo_hartree|ar1_bond_length_c_e|ar1_nbo_q_a,0.6047332461838668,0.1711619680873726,2.785261382268339,LOOCV,ln(kobs) = <nonlinear model; no closed-form linear equation>
azoarene_svr_rbf_c10_eps01_g003,ln(kobs),4,rate kobs (s-1)|ar2_lumo_hartree|ar1_bond_length_c_e|ar1_Ar_NBO_OH,0.6047332461838668,0.1711619680873726,2.785261382268339,LOOCV,ln(kobs) = <nonlinear model; no closed-form linear equation>
azoarene_svr_rbf_c10_eps01_g003,ln(kobs),4,rate kobs (s-1)|ar2_Ar_LUMO|ar1_bond_length_c_e|ar1_nbo_q_a,0.6047332461838668,0.1711619680873726,2.785261382268339,LOOCV,ln(kobs) = <nonlinear model; no closed-form linear equation>
azoarene_svr_rbf_c10_eps01_g003,ln(kobs),4,rate kobs (s-1)|ar2_Ar_LUMO|ar1_bond_length_c_e|ar1_Ar_NBO_OH,0.6047332461838668,0.1711619680873726,2.785261382268339,LOOCV,ln(kobs) = <nonlinear model; no closed-form linear equation>
azoarene_svr_rbf_c10_eps01_g003,ln(kobs),3,rate kobs (s-1)|ar1_bond_length_c_a|ar1_nbo_q_a,0.41837620692022837,0.17081838671443894,3.3786398206233055,LOOCV,ln(kobs) = <nonlinear model; no closed-form linear equation>
azoarene_svr_rbf_c10_eps01_g003,ln(kobs),3,rate kobs (s-1)|ar1_bond_length_c_a|ar1_Ar_NBO_OH,0.41837620692022837,0.17081838671443894,3.3786398206233055,LOOCV,ln(kobs) = <nonlinear model; no closed-form linear equation>
azoarene_svr_rbf_c10_eps01_g003,ln(kobs),4,rate kobs (s-1)|ar2_gap_hartree|ar1_bond_length_c_e|ar1_nbo_q_a,0.5959230504298874,0.16817704965226477,2.816130995654788,LOOCV,ln(kobs) = <nonlinear model; no closed-form linear equation>
azoarene_svr_rbf_c10_eps01_g003,ln(kobs),4,rate kobs (s-1)|ar2_gap_hartree|ar1_bond_length_c_e|ar1_Ar_NBO_OH,0.5959230504298874,0.16817704965226477,2.816130995654788,LOOCV,ln(kobs) = <nonlinear model; no closed-form linear equation>
azoarene_svr_rbf_c10_eps01_g003,ln(kobs),3,ar2_Ar_polar|ar2_lumo_hartree|ar1_q_a,0.47170287076777107,0.1673875163906865,3.2200301604763406,LOOCV,ln(kobs) = <nonlinear model; no closed-form linear equation>
azoarene_svr_rbf_c10_eps01_g003,ln(kobs),3,ar2_Ar_polar|ar2_Ar_LUMO|ar1_q_a,0.47170287076777107,0.1673875163906865,3.2200301604763406,LOOCV,ln(kobs) = <nonlinear model; no closed-form linear equation>
azoarene_svr_rbf_c10_eps01_g003,ln(kobs),3,ar2_isotropic_polarizability_au|ar2_lumo_hartree|ar1_q_a,0.47170287076777107,0.1673875163906865,3.2200301604763406,LOOCV,ln(kobs) = <nonlinear model; no closed-form linear equation>
azoarene_svr_rbf_c10_eps01_g003,ln(kobs),3,ar2_isotropic_polarizability_au|ar2_Ar_LUMO|ar1_q_a,0.47170287076777107,0.1673875163906865,3.2200301604763406,LOOCV,ln(kobs) = <nonlinear model; no closed-form linear equation>
azoarene_svr_rbf_c10_eps01_g003,ln(kobs),3,ar1_bond_length_c_a|ar2_lumo_hartree|ar1_nbo_q_a,0.411702001614321,0.16344680675096035,3.3979696815690446,LOOCV,ln(kobs) = <nonlinear model; no closed-form linear equation>
azoarene_svr_rbf_c10_eps01_g003,ln(kobs),3,ar1_bond_length_c_a|ar2_lumo_hartree|ar1_Ar_NBO_OH,0.411702001614321,0.16344680675096035,3.3979696815690446,LOOCV,ln(kobs) = <nonlinear model; no closed-form linear equation>
azoarene_svr_rbf_c10_eps01_g003,ln(kobs),3,ar1_bond_length_c_a|ar2_Ar_LUMO|ar1_nbo_q_a,0.411702001614321,0.16344680675096035,3.3979696815690446,LOOCV,ln(kobs) = <nonlinear model; no closed-form linear equation>
azoarene_svr_rbf_c10_eps01_g003,ln(kobs),3,ar1_bond_length_c_a|ar2_Ar_LUMO|ar1_Ar_NBO_OH,0.411702001614321,0.16344680675096035,3.3979696815690446,LOOCV,ln(kobs) = <nonlinear model; no closed-form linear equation>
azoarene_svr_rbf_c10_eps01_g003,ln(kobs),3,ar2_lumo_hartree|ar2_Ar_LUMO|ar2_gap_hartree,0.32890394537478185,0.16241808493625487,3.629218842148341,LOOCV,ln(kobs) = <nonlinear model; no closed-form linear equation>
azoarene_svr_rbf_c10_eps01_g003,ln(kobs),3,rate kobs (s-1)|ar1_bond_length_c_a|ar1_q_a,0.38415458459021834,0.15443922103078023,3.476615567688269,LOOCV,ln(kobs) = <nonlinear model; no closed-form linear equation>
azoarene_svr_rbf_c10_eps01_g003,ln(kobs),3,ar1_bond_length_c_a|ar2_gap_hartree|ar1_nbo_q_a,0.40044529882163005,0.152679780915295,3.430324621426959,LOOCV,ln(kobs) = <nonlinear model; no closed-form linear equation>
azoarene_svr_rbf_c10_eps01_g003,ln(kobs),3,ar1_bond_length_c_a|ar2_gap_hartree|ar1_Ar_NBO_OH,0.40044529882163005,0.152679780915295,3.430324621426959,LOOCV,ln(kobs) = <nonlinear model; no closed-form linear equation>
azoarene_svr_rbf_c10_eps01_g003,ln(kobs),3,ar2_Ar_polar|ar1_q_a|ar1_nbo_q_a,0.35141761736805144,0.14983884120038438,3.5678237165748254,LOOCV,ln(kobs) = <nonlinear model; no closed-form linear equation>
azoarene_svr_rbf_c10_eps01_g003,ln(kobs),3,ar2_Ar_polar|ar1_q_a|ar1_Ar_NBO_OH,0.35141761736805144,0.14983884120038438,3.5678237165748254,LOOCV,ln(kobs) = <nonlinear model; no closed-form linear equation>
azoarene_svr_rbf_c10_eps01_g003,ln(kobs),3,ar2_isotropic_polarizability_au|ar1_q_a|ar1_nbo_q_a,0.35141761736805144,0.14983884120038438,3.5678237165748254,LOOCV,ln(kobs) = <nonlinear model; no closed-form linear equation>
azoarene_svr_rbf_c10_eps01_g003,ln(kobs),3,ar2_isotropic_polarizability_au|ar1_q_a|ar1_Ar_NBO_OH,0.35141761736805144,0.14983884120038438,3.5678237165748254,LOOCV,ln(kobs) = <nonlinear model; no closed-form linear equation>
azoarene_svr_rbf_c10_eps01_g003,ln(kobs),3,ar2_gibbs_free_energy_hartree|ar2_enthalpy_hartree|ar2_Ar_Ster_B5,0.31408426836606496,0.1498284416409088,3.6690716770138363,LOOCV,ln(kobs) = <nonlinear model; no closed-form linear equation>
azoarene_svr_rbf_c10_eps01_g003,ln(kobs),3,ar2_gibbs_free_energy_hartree|ar2_enthalpy_hartree|ar2_sterimol_B5,0.31408426836606496,0.1498284416409088,3.6690716770138363,LOOCV,ln(kobs) = <nonlinear model; no closed-form linear equation>
azoarene_svr_rbf_c10_eps01_g003,ln(kobs),3,ar2_scf_energy_hartree|ar2_enthalpy_hartree|ar2_Ar_Ster_B5,0.3141285860839429,0.14982843321031503,3.6689531438598655,LOOCV,ln(kobs) = <nonlinear model; no closed-form linear equation>
azoarene_svr_rbf_c10_eps01_g003,ln(kobs),3,ar2_scf_energy_hartree|ar2_enthalpy_hartree|ar2_sterimol_B5,0.3141285860839429,0.14982843321031503,3.6689531438598655,LOOCV,ln(kobs) = <nonlinear model; no closed-form linear equation>
azoarene_svr_rbf_c10_eps01_g003,ln(kobs),3,ar2_scf_energy_hartree|ar2_gibbs_free_energy_hartree|ar2_Ar_Ster_B5,0.31413095931374857,0.14982477127668714,3.6689467962586155,LOOCV,ln(kobs) = <nonlinear model; no closed-form linear equation>
azoarene_svr_rbf_c10_eps01_g003,ln(kobs),3,ar2_scf_energy_hartree|ar2_gibbs_free_energy_hartree|ar2_sterimol_B5,0.31413095931374857,0.14982477127668714,3.6689467962586155,LOOCV,ln(kobs) = <nonlinear model; no closed-form linear equation>
azoarene_svr_rbf_c10_eps01_g003,ln(kobs),3,rate kobs (s-1)|ar1_bond_length_c_a|ar1_bond_length_c_e,0.3916833679968059,0.14924233607175608,3.4552991992809665,LOOCV,ln(kobs) = <nonlinear model; no closed-form linear equation>
azoarene_svr_rbf_c10_eps01_g003,ln(kobs),3,rate kobs (s-1)|ar1_bond_length_c_e|ar1_nbo_q_a,0.4224719285324545,0.1429695258970941,3.3667228256859634,LOOCV,ln(kobs) = <nonlinear model; no closed-form linear equation>
azoarene_svr_rbf_c10_eps01_g003,ln(kobs),3,rate kobs (s-1)|ar1_bond_length_c_e|ar1_Ar_NBO_OH,0.4224719285324545,0.1429695258970941,3.3667228256859634,LOOCV,ln(kobs) = <nonlinear model; no closed-form linear equation>
azoarene_svr_rbf_c10_eps01_g003,ln(kobs),3,ar1_bond_length_c_a|ar2_lumo_hartree|ar2_Ar_LUMO,0.46608204633680994,0.14079290894172425,3.2371146152959196,LOOCV,ln(kobs) = <nonlinear model; no closed-form linear equation>
azoarene_svr_rbf_c10_eps01_g003,ln(kobs),4,rate kobs (s-1)|ar2_lumo_hartree|ar2_Ar_LUMO|ar1_q_a,0.5852382816995123,0.13712565096258,2.8531207132047194,LOOCV,ln(kobs) = <nonlinear model; no closed-form linear equation>
azoarene_svr_rbf_c10_eps01_g003,ln(kobs),3,ar1_bond_length_c_a|ar2_lumo_hartree|ar2_gap_hartree,0.4609238944910451,0.1347777124992786,3.252713822791382,LOOCV,ln(kobs) = <nonlinear model; no closed-form linear equation>
azoarene_svr_rbf_c10_eps01_g003,ln(kobs),3,ar1_bond_length_c_a|ar2_Ar_LUMO|ar2_gap_hartree,0.4609238944910451,0.1347777124992786,3.252713822791382,LOOCV,ln(kobs) = <nonlinear model; no closed-form linear equation>
azoarene_svr_rbf_c10_eps01_g003,ln(kobs),4,ar2_Ar_polar|ar2_lumo_hartree|ar2_Ar_LUMO|ar1_q_a,0.5503677934449164,0.1296308085740523,2.9706365484693174,LOOCV,ln(kobs) = <nonlinear model; no closed-form linear equation>
azoarene_svr_rbf_c10_eps01_g003,ln(kobs),4,ar2_isotropic_polarizability_au|ar2_lumo_hartree|ar2_Ar_LUMO|ar1_q_a,0.5503677934449164,0.1296308085740523,2.9706365484693174,LOOCV,ln(kobs) = <nonlinear model; no closed-form linear equation>
azoarene_svr_rbf_c10_eps01_g003,ln(kobs),4,rate kobs (s-1)|ar2_lumo_hartree|ar2_gap_hartree|ar1_q_a,0.5807605562387996,0.1291798252187828,2.8684803701468673,LOOCV,ln(kobs) = <nonlinear model; no closed-form linear equation>
azoarene_svr_rbf_c10_eps01_g003,ln(kobs),4,rate kobs (s-1)|ar2_Ar_LUMO|ar2_gap_hartree|ar1_q_a,0.5807605562387996,0.1291798252187828,2.8684803701468673,LOOCV,ln(kobs) = <nonlinear model; no closed-form linear equation>
azoarene_svr_rbf_c10_eps01_g003,ln(kobs),4,ar2_Ar_polar|ar2_lumo_hartree|ar2_gap_hartree|ar1_q_a,0.546609626742818,0.12799523220174247,2.983025469708934,LOOCV,ln(kobs) = <nonlinear model; no closed-form linear equation>
azoarene_svr_rbf_c10_eps01_g003,ln(kobs),4,ar2_Ar_polar|ar2_Ar_LUMO|ar2_gap_hartree|ar1_q_a,0.546609626742818,0.12799523220174247,2.983025469708934,LOOCV,ln(kobs) = <nonlinear model; no closed-form linear equation>
azoarene_svr_rbf_c10_eps01_g003,ln(kobs),4,ar2_isotropic_polarizability_au|ar2_lumo_hartree|ar2_gap_hartree|ar1_q_a,0.546609626742818,0.12799523220174247,2.983025469708934,LOOCV,ln(kobs) = <nonlinear model; no closed-form linear equation>
azoarene_svr_rbf_c10_eps01_g003,ln(kobs),4,ar2_isotropic_polarizability_au|ar2_Ar_LUMO|ar2_gap_hartree|ar1_q_a,0.546609626742818,0.12799523220174247,2.983025469708934,LOOCV,ln(kobs) = <nonlinear model; no closed-form linear equation>
azoarene_svr_rbf_c10_eps01_g003,ln(kobs),3,ar2_scf_energy_hartree|ar2_Ar_Ster_B5|ar2_sterimol_B5,0.31039603962393336,0.12676072305996455,3.678922911316951,LOOCV,ln(kobs) = <nonlinear model; no closed-form linear equation>
azoarene_svr_rbf_c10_eps01_g003,ln(kobs),3,ar2_gibbs_free_energy_hartree|ar2_Ar_Ster_B5|ar2_sterimol_B5,0.3103993437250384,0.12675099095232922,3.678914097890321,LOOCV,ln(kobs) = <nonlinear model; no closed-form linear equation>
azoarene_svr_rbf_c10_eps01_g003,ln(kobs),3,ar2_enthalpy_hartree|ar2_Ar_Ster_B5|ar2_sterimol_B5,0.31040005450407815,0.12674679638878694,3.6789122019410643,LOOCV,ln(kobs) = <nonlinear model; no closed-form linear equation>
azoarene_svr_rbf_c10_eps01_g003,ln(kobs),3,ar2_lumo_hartree|ar1_q_a|ar1_nbo_q_a,0.3756906570902687,0.12060069309527799,3.5004246325251707,LOOCV,ln(kobs) = <nonlinear model; no closed-form linear equation>
azoarene_svr_rbf_c10_eps01_g003,ln(kobs),3,ar2_lumo_hartree|ar1_q_a|ar1_Ar_NBO_OH,0.3756906570902687,0.12060069309527799,3.5004246325251707,LOOCV,ln(kobs) = <nonlinear model; no closed-form linear equation>
azoarene_svr_rbf_c10_eps01_g003,ln(kobs),3,ar2_Ar_LUMO|ar1_q_a|ar1_nbo_q_a,0.3756906570902687,0.12060069309527799,3.5004246325251707,LOOCV,ln(kobs) = <nonlinear model; no closed-form linear equation>
azoarene_svr_rbf_c10_eps01_g003,ln(kobs),3,ar2_Ar_LUMO|ar1_q_a|ar1_Ar_NBO_OH,0.3756906570902687,0.12060069309527799,3.5004246325251707,LOOCV,ln(kobs) = <nonlinear model; no closed-form linear equation>
azoarene_svr_rbf_c10_eps01_g003,ln(kobs),3,ar2_Ar_polar|ar1_bond_length_c_a|ar1_bond_length_c_e,0.32845840025976025,0.11934857647580688,3.630423373469395,LOOCV,ln(kobs) = <nonlinear model; no closed-form linear equation>
azoarene_svr_rbf_c10_eps01_g003,ln(kobs),3,ar2_isotropic_polarizability_au|ar1_bond_length_c_a|ar1_bond_length_c_e,0.32845840025976025,0.11934857647580688,3.630423373469395,LOOCV,ln(kobs) = <nonlinear model; no closed-form linear equation>
azoarene_svr_rbf_c10_eps01_g003,ln(kobs),3,ar2_gap_hartree|ar1_q_a|ar1_nbo_q_a,0.3719461070345297,0.1129076346176846,3.5109065512295787,LOOCV,ln(kobs) = <nonlinear model; no closed-form linear equation>
azoarene_svr_rbf_c10_eps01_g003,ln(kobs),3,ar2_gap_hartree|ar1_q_a|ar1_Ar_NBO_OH,0.3719461070345297,0.1129076346176846,3.5109065512295787,LOOCV,ln(kobs) = <nonlinear model; no closed-form linear equation>
azoarene_svr_rbf_c10_eps01_g003,ln(kobs),3,ar1_bond_length_c_a|ar2_lumo_hartree|ar1_q_a,0.33017220850443707,0.10530223161897267,3.625787901739955,LOOCV,ln(kobs) = <nonlinear model; no closed-form linear equation>
azoarene_svr_rbf_c10_eps01_g003,ln(kobs),3,ar1_bond_length_c_a|ar2_Ar_LUMO|ar1_q_a,0.33017220850443707,0.10530223161897267,3.625787901739955,LOOCV,ln(kobs) = <nonlinear model; no closed-form linear equation>
azoarene_svr_rbf_c10_eps01_g003,ln(kobs),3,ar2_lumo_hartree|ar1_bond_length_c_e|ar1_nbo_q_a,0.45344793363239977,0.10482209852630986,3.275190642255582,LOOCV,ln(kobs) = <nonlinear model; no closed-form linear equation>
azoarene_svr_rbf_c10_eps01_g003,ln(kobs),3,ar2_lumo_hartree|ar1_bond_length_c_e|ar1_Ar_NBO_OH,0.45344793363239977,0.10482209852630986,3.275190642255582,LOOCV,ln(kobs) = <nonlinear model; no closed-form linear equation>
azoarene_svr_rbf_c10_eps01_g003,ln(kobs),3,ar2_Ar_LUMO|ar1_bond_length_c_e|ar1_nbo_q_a,0.45344793363239977,0.10482209852630986,3.275190642255582,LOOCV,ln(kobs) = <nonlinear model; no closed-form linear equation>
azoarene_svr_rbf_c10_eps01_g003,ln(kobs),3,ar2_Ar_LUMO|ar1_bond_length_c_e|ar1_Ar_NBO_OH,0.45344793363239977,0.10482209852630986,3.275190642255582,LOOCV,ln(kobs) = <nonlinear model; no closed-form linear equation>
azoarene_svr_rbf_c10_eps01_g003,ln(kobs),3,ar2_scf_energy_hartree|ar1_bond_length_c_a|ar1_q_a,0.38095007488317634,0.10208664007103274,3.4856489979761194,LOOCV,ln(kobs) = <nonlinear model; no closed-form linear equation>
azoarene_svr_rbf_c10_eps01_g003,ln(kobs),3,ar2_gibbs_free_energy_hartree|ar1_bond_length_c_a|ar1_q_a,0.3808308775681615,0.10177388489531747,3.485984560575087,LOOCV,ln(kobs) = <nonlinear model; no closed-form linear equation>
azoarene_svr_rbf_c10_eps01_g003,ln(kobs),3,ar2_enthalpy_hartree|ar1_bond_length_c_a|ar1_q_a,0.38082377120831945,0.10176398691101729,3.48600456527874,LOOCV,ln(kobs) = <nonlinear model; no closed-form linear equation>
azoarene_svr_rbf_c10_eps01_g003,ln(kobs),3,ar1_bond_length_c_a|ar2_gap_hartree|ar1_q_a,0.3146218601159906,0.0979318737582231,3.6676335635494555,LOOCV,ln(kobs) = <nonlinear model; no closed-form linear equation>
azoarene_svr_rbf_c10_eps01_g003,ln(kobs),3,rate kobs (s-1)|ar1_q_a|ar1_bond_length_c_e,0.39844302885657357,0.09605407074914463,3.4360477948529895,LOOCV,ln(kobs) = <nonlinear model; no closed-form linear equation>
azoarene_svr_rbf_c10_eps01_g003,ln(kobs),3,ar2_lumo_hartree|ar2_Ar_LUMO|ar1_bond_length_c_e,0.47759360416520324,0.09368160457409092,3.202027495645252,LOOCV,ln(kobs) = <nonlinear model; no closed-form linear equation>
azoarene_svr_rbf_c10_eps01_g003,ln(kobs),3,ar1_bond_length_c_a|ar2_lumo_hartree|ar1_bond_length_c_e,0.38639432590354117,0.08888780863470025,3.4702878334703926,LOOCV,ln(kobs) = <nonlinear model; no closed-form linear equation>
azoarene_svr_rbf_c10_eps01_g003,ln(kobs),3,ar1_bond_length_c_a|ar2_Ar_LUMO|ar1_bond_length_c_e,0.38639432590354117,0.08888780863470025,3.4702878334703926,LOOCV,ln(kobs) = <nonlinear model; no closed-form linear equation>
azoarene_svr_rbf_c10_eps01_g003,ln(kobs),3,ar2_gap_hartree|ar1_bond_length_c_e|ar1_nbo_q_a,0.4331820227590836,0.08667653603847825,3.3353592784167243,LOOCV,ln(kobs) = <nonlinear model; no closed-form linear equation>
azoarene_svr_rbf_c10_eps01_g003,ln(kobs),3,ar2_gap_hartree|ar1_bond_length_c_e|ar1_Ar_NBO_OH,0.4331820227590836,0.08667653603847825,3.3353592784167243,LOOCV,ln(kobs) = <nonlinear model; no closed-form linear equation>
azoarene_svr_rbf_c10_eps01_g003,ln(kobs),3,ar2_lumo_hartree|ar2_gap_hartree|ar1_bond_length_c_e,0.4749208244656682,0.0861110710691233,3.210208286862199,LOOCV,ln(kobs) = <nonlinear model; no closed-form linear equation>
azoarene_svr_rbf_c10_eps01_g003,ln(kobs),3,ar2_Ar_LUMO|ar2_gap_hartree|ar1_bond_length_c_e,0.4749208244656682,0.0861110710691233,3.210208286862199,LOOCV,ln(kobs) = <nonlinear model; no closed-form linear equation>
azoarene_svr_rbf_c10_eps01_g003,ln(kobs),3,ar1_bond_length_c_a|ar2_gap_hartree|ar1_bond_length_c_e,0.3729804636527433,0.08574624179417145,3.508014262913996,LOOCV,ln(kobs) = <nonlinear model; no closed-form linear equation>
azoarene_svr_rbf_c10_eps01_g003,ln(kobs),3,ar2_scf_energy_hartree|ar1_q_a|ar1_bond_length_c_e,0.3884620516722883,0.07386991465406822,3.4644358187581785,LOOCV,ln(kobs) = <nonlinear model; no closed-form linear equation>
azoarene_svr_rbf_c10_eps01_g003,ln(kobs),3,ar2_enthalpy_hartree|ar1_q_a|ar1_bond_length_c_e,0.3883708058215556,0.07353117982619384,3.464694268461639,LOOCV,ln(kobs) = <nonlinear model; no closed-form linear equation>
azoarene_svr_rbf_c10_eps01_g003,ln(kobs),3,ar2_gibbs_free_energy_hartree|ar1_q_a|ar1_bond_length_c_e,0.3883753111705326,0.07351109218317942,3.4646815077189594,LOOCV,ln(kobs) = <nonlinear model; no closed-form linear equation>
azoarene_svr_rbf_c10_eps01_g003,ln(kobs),4,ar2_scf_energy_hartree|ar2_lumo_hartree|ar2_Ar_LUMO|ar1_q_a,0.5640995563454605,0.0732432388216333,2.9249232164278838,LOOCV,ln(kobs) = <nonlinear model; no closed-form linear equation>
azoarene_svr_rbf_c10_eps01_g003,ln(kobs),4,ar2_gibbs_free_energy_hartree|ar2_lumo_hartree|ar2_Ar_LUMO|ar1_q_a,0.5640943063972438,0.07314289177092936,2.9249408301392394,LOOCV,ln(kobs) = <nonlinear model; no closed-form linear equation>
azoarene_svr_rbf_c10_eps01_g003,ln(kobs),4,ar2_enthalpy_hartree|ar2_lumo_hartree|ar2_Ar_LUMO|ar1_q_a,0.5641121550167338,0.07308911391366313,2.924880947128884,LOOCV,ln(kobs) = <nonlinear model; no closed-form linear equation>
azoarene_svr_rbf_c10_eps01_g003,ln(kobs),3,ar2_Ar_polar|ar1_bond_length_c_a|ar1_q_a,0.31303496001478026,0.06766512990213769,3.671877062631823,LOOCV,ln(kobs) = <nonlinear model; no closed-form linear equation>
azoarene_svr_rbf_c10_eps01_g003,ln(kobs),3,ar2_isotropic_polarizability_au|ar1_bond_length_c_a|ar1_q_a,0.31303496001478026,0.06766512990213769,3.671877062631823,LOOCV,ln(kobs) = <nonlinear model; no closed-form linear equation>
azoarene_svr_rbf_c10_eps01_g003,ln(kobs),3,ar2_scf_energy_hartree|ar2_lumo_hartree|ar1_q_a,0.5006008329812663,0.06709634924558816,3.130723556252755,LOOCV,ln(kobs) = <nonlinear model; no closed-form linear equation>
azoarene_svr_rbf_c10_eps01_g003,ln(kobs),3,ar2_scf_energy_hartree|ar2_Ar_LUMO|ar1_q_a,0.5006008329812663,0.06709634924558816,3.130723556252755,LOOCV,ln(kobs) = <nonlinear model; no closed-form linear equation>
azoarene_svr_rbf_c10_eps01_g003,ln(kobs),3,ar2_gibbs_free_energy_hartree|ar2_lumo_hartree|ar1_q_a,0.5005280011265306,0.06699987650804806,3.1309518386624102,LOOCV,ln(kobs) = <nonlinear model; no closed-form linear equation>
azoarene_svr_rbf_c10_eps01_g003,ln(kobs),3,ar2_gibbs_free_energy_hartree|ar2_Ar_LUMO|ar1_q_a,0.5005280011265306,0.06699987650804806,3.1309518386624102,LOOCV,ln(kobs) = <nonlinear model; no closed-form linear equation>
azoarene_svr_rbf_c10_eps01_g003,ln(kobs),3,ar2_enthalpy_hartree|ar2_lumo_hartree|ar1_q_a,0.5005241927398438,0.06692645764016314,3.1309637751199064,LOOCV,ln(kobs) = <nonlinear model; no closed-form linear equation>
azoarene_svr_rbf_c10_eps01_g003,ln(kobs),3,ar2_enthalpy_hartree|ar2_Ar_LUMO|ar1_q_a,0.5005241927398438,0.06692645764016314,3.1309637751199064,LOOCV,ln(kobs) = <nonlinear model; no closed-form linear equation>
azoarene_svr_rbf_c10_eps01_g003,ln(kobs),4,ar2_scf_energy_hartree|ar2_lumo_hartree|ar2_gap_hartree|ar1_q_a,0.5623227246504447,0.06620094752562944,2.9308784878380725,LOOCV,ln(kobs) = <nonlinear model; no closed-form linear equation>
azoarene_svr_rbf_c10_eps01_g003,ln(kobs),4,ar2_scf_energy_hartree|ar2_Ar_LUMO|ar2_gap_hartree|ar1_q_a,0.5623227246504447,0.06620094752562944,2.9308784878380725,LOOCV,ln(kobs) = <nonlinear model; no closed-form linear equation>
azoarene_svr_rbf_c10_eps01_g003,ln(kobs),4,ar2_enthalpy_hartree|ar2_lumo_hartree|ar2_gap_hartree|ar1_q_a,0.5623205454700442,0.06603864092130352,2.930885784201588,LOOCV,ln(kobs) = <nonlinear model; no closed-form linear equation>
azoarene_svr_rbf_c10_eps01_g003,ln(kobs),4,ar2_enthalpy_hartree|ar2_Ar_LUMO|ar2_gap_hartree|ar1_q_a,0.5623205454700442,0.06603864092130352,2.930885784201588,LOOCV,ln(kobs) = <nonlinear model; no closed-form linear equation>
azoarene_svr_rbf_c10_eps01_g003,ln(kobs),4,ar2_gibbs_free_energy_hartree|ar2_lumo_hartree|ar2_gap_hartree|ar1_q_a,0.5623534726177806,0.06601127401693574,2.930775535110222,LOOCV,ln(kobs) = <nonlinear model; no closed-form linear equation>
azoarene_svr_rbf_c10_eps01_g003,ln(kobs),4,ar2_gibbs_free_energy_hartree|ar2_Ar_LUMO|ar2_gap_hartree|ar1_q_a,0.5623534726177806,0.06601127401693574,2.930775535110222,LOOCV,ln(kobs) = <nonlinear model; no closed-form linear equation>
azoarene_svr_rbf_c10_eps01_g003,ln(kobs),3,ar1_bond_length_c_a|ar1_nbo_q_a|ar1_Ar_NBO_OH,0.1789705645156946,0.06573418863618885,4.014210827494309,LOOCV,ln(kobs) = <nonlinear model; no closed-form linear equation>
azoarene_svr_rbf_c10_eps01_g003,ln(kobs),3,ar2_scf_energy_hartree|ar2_gap_hartree|ar1_q_a,0.48811539293818496,0.06326048734768375,3.1696174501839143,LOOCV,ln(kobs) = <nonlinear model; no closed-form linear equation>
azoarene_svr_rbf_c10_eps01_g003,ln(kobs),3,ar2_enthalpy_hartree|ar2_gap_hartree|ar1_q_a,0.4880294175731742,0.06310314807671547,3.1698836210863743,LOOCV,ln(kobs) = <nonlinear model; no closed-form linear equation>
azoarene_svr_rbf_c10_eps01_g003,ln(kobs),3,ar2_gibbs_free_energy_hartree|ar2_gap_hartree|ar1_q_a,0.48803373067018996,0.0631014695538108,3.1698702687133564,LOOCV,ln(kobs) = <nonlinear model; no closed-form linear equation>
azoarene_svr_rbf_c10_eps01_g003,ln(kobs),3,ar1_q_a|ar1_nbo_q_a|ar1_Ar_NBO_OH,0.16339023181189116,0.046920273503785914,4.052119828082762,LOOCV,ln(kobs) = <nonlinear model; no closed-form linear equation>
azoarene_svr_rbf_c10_eps01_g003,ln(kobs),3,ar2_lumo_hartree|ar1_q_a|ar1_bond_length_c_e,0.37076469257368594,0.04449534278495648,3.5142071334367473,LOOCV,ln(kobs) = <nonlinear model; no closed-form linear equation>
azoarene_svr_rbf_c10_eps01_g003,ln(kobs),3,ar2_Ar_LUMO|ar1_q_a|ar1_bond_length_c_e,0.37076469257368594,0.04449534278495648,3.5142071334367473,LOOCV,ln(kobs) = <nonlinear model; no closed-form linear equation>
azoarene_svr_rbf_c10_eps01_g003,ln(kobs),3,ar2_gap_hartree|ar1_q_a|ar1_bond_length_c_e,0.36339888018589683,0.04282086921062167,3.534715898625934,LOOCV,ln(kobs) = <nonlinear model; no closed-form linear equation>
azoarene_svr_rbf_c10_eps01_g003,ln(kobs),3,ar2_Ar_polar|ar1_q_a|ar1_bond_length_c_e,0.30996127256245287,0.039524977735471034,3.680082433719734,LOOCV,ln(kobs) = <nonlinear model; no closed-form linear equation>
azoarene_svr_rbf_c10_eps01_g003,ln(kobs),3,ar2_isotropic_polarizability_au|ar1_q_a|ar1_bond_length_c_e,0.30996127256245287,0.039524977735471034,3.680082433719734,LOOCV,ln(kobs) = <nonlinear model; no closed-form linear equation>
azoarene_svr_rbf_c10_eps01_g003,ln(kobs),3,ar1_bond_length_c_e|ar1_nbo_q_a|ar1_Ar_NBO_OH,0.18226620939237304,0.02598419495830362,4.006146125222237,LOOCV,ln(kobs) = <nonlinear model; no closed-form linear equation>
azoarene_svr_rbf_c10_eps01_g003,ln(kobs),3,ar1_bond_length_c_a|ar1_q_a|ar1_nbo_q_a,0.16293631297647593,0.017472911953708703,4.053218957067032,LOOCV,ln(kobs) = <nonlinear model; no closed-form linear equation>
azoarene_svr_rbf_c10_eps01_g003,ln(kobs),3,ar1_bond_length_c_a|ar1_q_a|ar1_Ar_NBO_OH,0.16293631297647593,0.017472911953708703,4.053218957067032,LOOCV,ln(kobs) = <nonlinear model; no closed-form linear equation>
azoarene_svr_rbf_c10_eps01_g003,ln(kobs),3,ar2_lumo_hartree|ar2_Ar_LUMO|ar1_q_a,0.44172768801161233,0.01440587552459005,3.3101209180583537,LOOCV,ln(kobs) = <nonlinear model; no closed-form linear equation>
azoarene_svr_rbf_c10_eps01_g003,ln(kobs),3,ar2_lumo_hartree|ar2_gap_hartree|ar1_q_a,0.43720184120978645,0.009039482508105712,3.323511211474014,LOOCV,ln(kobs) = <nonlinear model; no closed-form linear equation>
azoarene_svr_rbf_c10_eps01_g003,ln(kobs),3,ar2_Ar_LUMO|ar2_gap_hartree|ar1_q_a,0.43720184120978645,0.009039482508105712,3.323511211474014,LOOCV,ln(kobs) = <nonlinear model; no closed-form linear equation>
azoarene_svr_rbf_c10_eps01_g003,ln(kobs),3,ar1_bond_length_c_a|ar1_bond_length_c_e|ar1_nbo_q_a,0.24923397143245973,-0.014126012849852154,3.838602313115653,LOOCV,ln(kobs) = <nonlinear model; no closed-form linear equation>
azoarene_svr_rbf_c10_eps01_g003,ln(kobs),3,ar1_bond_length_c_a|ar1_bond_length_c_e|ar1_Ar_NBO_OH,0.24923397143245973,-0.014126012849852154,3.838602313115653,LOOCV,ln(kobs) = <nonlinear model; no closed-form linear equation>
azoarene_svr_rbf_c10_eps01_g003,ln(kobs),3,ar1_q_a|ar1_bond_length_c_e|ar1_nbo_q_a,0.17581398787899927,-0.0279102394441757,4.021920056817625,LOOCV,ln(kobs) = <nonlinear model; no closed-form linear equation>
azoarene_svr_rbf_c10_eps01_g003,ln(kobs),3,ar1_q_a|ar1_bond_length_c_e|ar1_Ar_NBO_OH,0.17581398787899927,-0.0279102394441757,4.021920056817625,LOOCV,ln(kobs) = <nonlinear model; no closed-form linear equation>
azoarene_svr_rbf_c10_eps01_g003,ln(kobs),3,ar1_bond_length_c_a|ar1_q_a|ar1_bond_length_c_e,0.16268095465436716,-0.12192739509867367,4.053837156304987,LOOCV,ln(kobs) = <nonlinear model; no closed-form linear equation>
