k,features,R2,Q2,RMSE,sampled
5,Ar2_LUMO|Ar1_v_C=O|Entry|ar2_enthalpy_hartree|Ar1_I_C=O,0.9942250017610773,0.9792869362963176,0.14139329084126448,0
5,Ar2_LUMO|Ar1_v_C=O|Ar2_NBO_-O|ar2_enthalpy_hartree|Ar1_I_C=O,0.9911237616488922,0.9698241408885142,0.17529412153082966,0
5,prod_homo_hartree|Ar1_v_C=O|Ar1_HOMO|Ar2_I_C=O|Ar1_I_C=O,0.9869333469532189,0.9675303668504105,0.21268411492654404,0
5,Ar1_LUMO|Ar2_v_C=O|Entry|Ar2_I_C=O|sum_enthalpy_hartree,0.9903099104083681,0.9667775768071736,0.1831541529956568,0
5,Ar1_LUMO|Ar2_v_C=O|Entry|Ar2_I_C=O|ar2_enthalpy_hartree,0.9915979904889566,0.9655202870905903,0.170547147069075,0
4,Ar2_LUMO|Ar1_v_C=O|ar2_enthalpy_hartree|Ar1_I_C=O,0.9887592858085962,0.9641973177553538,0.1972649047934627,0
5,Ar2_LUMO|Ar1_v_C=O|Entry|Ar1_I_C=O|sum_enthalpy_hartree,0.9920377621598219,0.9630789420876253,0.16602383735119267,0
5,Ar2_LUMO|Ar1_v_C=O|Ar1_NBO_=O|ar2_enthalpy_hartree|Ar1_I_C=O,0.990227621864657,0.9611957407876314,0.18393018435413894,0
5,Ar2_LUMO|Ar1_v_C=O|Ar1_NBO_C2|ar2_enthalpy_hartree|Ar1_I_C=O,0.9898804073896139,0.958703224334704,0.18716920215473767,0
5,Ar1_LUMO|Ar2_LUMO|Ar1_v_C=O|Ar2_I_C=O|ar2_enthalpy_hartree,0.9883416529230684,0.9584605247106237,0.20089603469067863,0
5,Ar2_LUMO|Ar1_v_C=O|Ar2_HOMO|ar2_enthalpy_hartree|Ar1_I_C=O,0.9888370810401911,0.9575520973082136,0.19658109977637098,0
5,Ar1_LUMO|Ar2_LUMO|Ar1_v_C=O|Ar2_I_C=O|sum_enthalpy_hartree,0.989032847275497,0.9572382955805945,0.19484973529508118,0
5,Ar2_LUMO|Ar1_v_C=O|Ar2_v_C=O|Ar2_I_C=O|ar2_enthalpy_hartree,0.9891358799559875,0.9565775562934288,0.19393230187516447,0
5,Ar1_LUMO|Ar2_v_C=O|Ar1_NBO_-O|Ar2_I_C=O|sum_enthalpy_hartree,0.9876639403519339,0.9553797920499807,0.20665270994620913,0
5,Ar2_LUMO|Ar1_v_C=O|Ar2_NBO_-O|Ar1_I_C=O|sum_enthalpy_hartree,0.9896192840785237,0.9541792458430141,0.18956865450742616,0
5,Ar2_LUMO|Ar1_v_C=O|ar2_enthalpy_hartree|Ar1_I_C=O|sum_enthalpy_hartree,0.9890900653041695,0.9532548466257674,0.19434078380771913,0
5,Ar2_LUMO|Ar1_v_C=O|Ar1_HOMO|Ar1_NBO_C2|sum_enthalpy_hartree,0.9807695455089546,0.9524771569498073,0.25801660038418506,0
5,Ar2_LUMO|Ar1_v_C=O|Ar2_NBO_=O|ar2_enthalpy_hartree|Ar1_I_C=O,0.9888938586822061,0.9523340914976814,0.1960805299857863,0
5,Ar2_LUMO|prod_homo_hartree|Ar1_v_C=O|ar2_enthalpy_hartree|Ar1_I_C=O,0.988825592170099,0.9522261281499709,0.19668223434137486,0
5,Ar2_LUMO|sum_homo_hartree|Ar1_v_C=O|ar2_enthalpy_hartree|Ar1_I_C=O,0.9888160048602623,0.9510484427676009,0.1967665900076192,0
4,Ar2_LUMO|Ar1_v_C=O|Entry|Ar1_I_C=O,0.974464995943925,0.9510065184625929,0.29731775171631225,0
5,Ar2_LUMO|sum_homo_hartree|Ar1_v_C=O|Ar1_NBO_C2|ar2_enthalpy_hartree,0.981397874773438,0.9509273479472494,0.2537664219656194,0
5,Ar2_LUMO|Ar1_v_C=O|Ar1_NBO_=O|Entry|sum_enthalpy_hartree,0.9806558302275606,0.9503467003777173,0.25877833962111724,0
5,Ar2_LUMO|Ar2_v_C=O|Ar2_I_C=O|ar2_enthalpy_hartree|Ar1_I_C=O,0.9883328886042255,0.9503023089607439,0.2009715336488227,0
3,Ar2_LUMO|Ar1_v_C=O|Ar1_I_C=O,0.9669494990305579,0.9500128072110968,0.3382531875236489,0
5,Ar2_LUMO|Ar1_v_C=O|Ar1_NBO_-O|ar2_enthalpy_hartree|Ar1_I_C=O,0.9905449310515707,0.9496215501004338,0.18091943572834393,0
5,Ar2_LUMO|Ar2_v_C=O|Ar2_I_C=O|Ar1_I_C=O|sum_enthalpy_hartree,0.9891259410669557,0.9495707939495344,0.19402098972984613,0
5,Ar2_LUMO|prod_homo_hartree|Ar1_v_C=O|Ar1_NBO_C2|ar2_enthalpy_hartree,0.980925881290037,0.9492159243930538,0.2569656750660088,0
5,prod_homo_hartree|Ar1_v_C=O|Ar2_v_C=O|Ar2_HOMO|Ar1_I_C=O,0.9861708851128262,0.9490710308781046,0.2188013850196187,0
5,Ar1_LUMO|Ar2_v_C=O|Ar1_NBO_-O|Ar2_I_C=O|ar2_enthalpy_hartree,0.988003998412206,0.9469698858962246,0.20378449229869355,0
5,Ar2_LUMO|Ar1_v_C=O|Ar2_I_C=O|ar2_enthalpy_hartree|Ar1_I_C=O,0.9887838215504898,0.9463721811957604,0.19704949655737172,0
5,Ar2_LUMO|Ar1_v_C=O|Ar2_v_C=O|ar2_enthalpy_hartree|Ar1_I_C=O,0.9888162170570044,0.9454892316359449,0.1967647233478577,0
4,Ar2_LUMO|Ar1_v_C=O|Ar1_I_C=O|sum_enthalpy_hartree,0.9857801572563779,0.9453641130859298,0.22187086230153583,0
5,Ar1_v_C=O|Ar1_NBO_-O|Ar2_NBO_C2|ar2_enthalpy_hartree|Ar1_I_C=O,0.9741256830626721,0.9452579255374465,0.29928663356248486,0
5,Ar2_LUMO|Ar1_v_C=O|Ar1_HOMO|Ar1_NBO_C2|ar2_enthalpy_hartree,0.9803528015969661,0.9450576797373972,0.26079735943779364,0
5,Ar2_LUMO|Ar1_v_C=O|Ar2_NBO_C2|ar2_enthalpy_hartree|Ar1_I_C=O,0.988989986373461,0.9447419140494628,0.1952301116761373,0
5,Ar2_LUMO|Ar1_v_C=O|Ar1_NBO_C2|Entry|Ar1_I_C=O,0.9749515179716096,0.9445602881929618,0.29447171152578694,0
4,Ar2_LUMO|Ar1_v_C=O|Ar2_NBO_C2|Ar1_I_C=O,0.9670358911603072,0.9441292206857576,0.3378108109508611,0
4,Ar2_LUMO|Ar1_v_C=O|Ar2_NBO_-O|Ar1_I_C=O,0.9721242532002,0.9432734016005652,0.3106462604919359,0
5,Ar1_LUMO|Ar2_LUMO|Ar1_v_C=O|ar2_enthalpy_hartree|Ar1_I_C=O,0.9889066576560988,0.9429086091937523,0.19596751354884318,0
4,Ar2_LUMO|Ar1_v_C=O|Ar1_NBO_C2|Ar1_I_C=O,0.9679793202319033,0.9429002125320431,0.3329416658273603,0
4,Ar1_LUMO|Ar2_v_C=O|Ar2_I_C=O|sum_enthalpy_hartree,0.9838354043922317,0.9428225536156148,0.236556723701647,0
5,prod_homo_hartree|sum_homo_hartree|Ar1_v_C=O|Ar2_NBO_-O|Ar1_I_C=O,0.9798011492338239,0.9424711996355924,0.2644333364796243,0
5,Ar2_LUMO|sum_homo_hartree|Ar1_v_C=O|Ar1_NBO_C2|sum_enthalpy_hartree,0.9788900235019546,0.9418635240522438,0.2703315592370445,0
5,Ar2_LUMO|Ar1_v_C=O|Ar1_NBO_C2|Entry|ar2_enthalpy_hartree,0.9796718931821679,0.9418526279431332,0.26527806530350334,0
5,Ar2_LUMO|Ar1_v_C=O|Ar2_NBO_C2|Entry|Ar1_I_C=O,0.9745187370066359,0.9410763984474132,0.2970047189144966,0
4,prod_homo_hartree|sum_homo_hartree|Ar1_v_C=O|Ar1_I_C=O,0.9746728680535147,0.9407355291950779,0.2961050954661389,0
5,prod_homo_hartree|sum_homo_hartree|Ar1_v_C=O|Ar1_NBO_=O|Ar2_I_C=O,0.9784751637979873,0.9403431308672376,0.2729749543958477,0
5,Ar2_LUMO|Ar1_v_C=O|Ar2_NBO_C2|Entry|ar2_enthalpy_hartree,0.9773988397901243,0.9398240603286728,0.27971660045208785,0
5,Ar2_LUMO|prod_homo_hartree|Ar1_v_C=O|Ar1_NBO_C2|sum_enthalpy_hartree,0.9783963253278558,0.9396709441756582,0.2734744066925863,0
5,Ar2_LUMO|Ar1_v_C=O|Ar1_NBO_=O|Entry|Ar1_I_C=O,0.974640707024241,0.9395489563071823,0.2962930366714641,0
5,prod_homo_hartree|sum_homo_hartree|Ar1_v_C=O|Ar1_NBO_C2|Entry,0.9727028746274166,0.9394797205238714,0.30740528636962366,0
5,Ar1_v_C=O|Ar1_NBO_-O|Ar2_NBO_C2|Ar1_I_C=O|sum_enthalpy_hartree,0.9714575313336998,0.9394636229971536,0.31433927050122595,0
5,Ar2_LUMO|Ar1_v_C=O|Ar2_HOMO|Entry|Ar1_I_C=O,0.9771022091688175,0.9390149149164128,0.28154619759471833,0
4,Ar2_LUMO|Ar1_v_C=O|Ar1_NBO_-O|Ar1_I_C=O,0.9691201615227949,0.9389035612380568,0.326956807745126,0
5,Ar2_LUMO|Ar1_v_C=O|Entry|Ar2_I_C=O|ar2_enthalpy_hartree,0.9874113364431389,0.9384807155114534,0.2087577886963272,0
4,prod_homo_hartree|sum_homo_hartree|Ar1_v_C=O|Ar1_NBO_C2,0.9710257198268171,0.9380879186454125,0.31670812280174016,0
5,Ar2_LUMO|Ar1_v_C=O|Ar1_NBO_-O|Entry|Ar1_I_C=O,0.9747696756239025,0.9380570925033711,0.29553865432551973,0
4,Ar2_LUMO|Ar1_v_C=O|Ar1_NBO_C2|ar2_enthalpy_hartree,0.9759923870874747,0.9377103838742726,0.2882885305730311,0
5,prod_homo_hartree|Ar1_v_C=O|Ar2_v_C=O|Ar2_HOMO|Ar2_I_C=O,0.9854989843269016,0.9374449387713161,0.22405368206579246,0
5,Ar2_LUMO|prod_homo_hartree|sum_homo_hartree|Ar1_v_C=O|Ar1_I_C=O,0.9796702392733402,0.9370103376073335,0.2652888566874265,0
5,Ar2_LUMO|Ar1_v_C=O|Ar2_NBO_-O|Entry|Ar1_I_C=O,0.9758561634354788,0.9368297650941823,0.28910527493963045,0
4,Ar2_LUMO|Ar1_v_C=O|Ar2_NBO_=O|Ar2_I_C=O,0.9689269956598215,0.9365783168359095,0.32797783694696786,0
5,Ar2_LUMO|Ar1_v_C=O|Ar2_v_C=O|Ar2_I_C=O|sum_enthalpy_hartree,0.9882684676132254,0.9364735470482365,0.20152561093437787,0
5,Ar1_LUMO|prod_homo_hartree|sum_homo_hartree|Ar1_v_C=O|Ar1_NBO_C2,0.9722679655107616,0.9360907845963956,0.30984446349108447,0
5,Ar1_LUMO|Ar2_v_C=O|Ar2_I_C=O|ar2_enthalpy_hartree|Ar1_I_C=O,0.9885437323630937,0.936089103373988,0.19914731247904977,0
5,Ar1_v_C=O|Ar2_NBO_-O|Ar2_NBO_C2|Ar1_I_C=O|sum_enthalpy_hartree,0.9751671374349352,0.9357446276304936,0.29320155344401755,0
4,Ar2_LUMO|Ar1_v_C=O|Ar2_HOMO|Ar1_I_C=O,0.9689178269833233,0.9355759485012922,0.32802622140407217,0
5,Ar2_LUMO|Ar1_v_C=O|Ar2_HOMO|Ar1_I_C=O|sum_enthalpy_hartree,0.986198068243994,0.935317485582992,0.21858623631185936,0
5,Ar2_LUMO|Ar1_v_C=O|Ar1_NBO_C2|Entry|sum_enthalpy_hartree,0.9776896410239703,0.9351727618865195,0.2779112666047238,0
5,prod_homo_hartree|Ar2_v_C=O|Ar1_HOMO|Ar2_I_C=O|Ar1_I_C=O,0.9855635419622523,0.9351464474371503,0.22355438909223035,0
5,Ar2_v_C=O|Ar1_NBO_-O|Ar1_NBO_C2|Ar2_I_C=O|ar2_enthalpy_hartree,0.9755151202693957,0.9350263136137175,0.2911399895128413,0
5,Ar1_LUMO|Ar2_v_C=O|Ar2_NBO_=O|Ar2_I_C=O|sum_enthalpy_hartree,0.9844554105068718,0.9350003416613445,0.23197570498325956,0
5,Ar2_LUMO|Ar1_v_C=O|Ar1_NBO_C2|Ar1_I_C=O|sum_enthalpy_hartree,0.9870765145599305,0.9348504484960696,0.2115157460160384,0
5,Ar1_LUMO|Ar2_v_C=O|Ar2_NBO_-O|Ar2_I_C=O|sum_enthalpy_hartree,0.9860742002665126,0.9348163132742884,0.21956491658979319,0
5,Ar1_LUMO|Ar2_LUMO|Ar1_v_C=O|Ar1_I_C=O|sum_enthalpy_hartree,0.9879501357856787,0.9345879111366858,0.2042414810044162,0
5,Ar2_LUMO|Ar1_v_C=O|Ar1_NBO_=O|Ar1_I_C=O|sum_enthalpy_hartree,0.9882022691803454,0.934485130545427,0.2020933932358457,0
4,Ar2_LUMO|Ar1_v_C=O|Ar2_NBO_C2|ar2_enthalpy_hartree,0.972627218361629,0.934427204385721,0.3078309913340036,0
4,Ar1_LUMO|Ar2_v_C=O|Ar2_I_C=O|ar2_enthalpy_hartree,0.9828989403982717,0.9340872509990062,0.24331247967268785,0
4,Ar2_LUMO|Ar1_v_C=O|Entry|sum_enthalpy_hartree,0.9721429687360278,0.9338951579052495,0.3105419603732714,0
4,Ar2_LUMO|Ar1_v_C=O|Ar2_NBO_=O|Ar1_I_C=O,0.9699891749583269,0.9335314210462567,0.3223234047782992,0
5,prod_homo_hartree|sum_homo_hartree|Ar1_v_C=O|Ar1_NBO_C2|ar2_enthalpy_hartree,0.9725235139936601,0.9334832191196197,0.3084135634623815,0
5,Ar1_v_C=O|Ar2_NBO_-O|Ar2_NBO_C2|ar2_enthalpy_hartree|Ar1_I_C=O,0.9755081317303663,0.9333535285990756,0.2911815355208164,0
5,Ar2_LUMO|Ar1_v_C=O|Ar1_NBO_-O|Ar2_NBO_C2|Ar1_I_C=O,0.9724331671126893,0.9333476061067973,0.30892020276923715,0
5,Ar2_LUMO|Ar1_v_C=O|Ar2_v_C=O|Entry|Ar2_I_C=O,0.9759013996142315,0.933180793273669,0.2888343124232064,0
5,Ar2_LUMO|Ar1_v_C=O|Ar2_HOMO|Ar1_NBO_C2|ar2_enthalpy_hartree,0.9792092738138384,0.9329908339330538,0.2682796331859908,0
5,Ar2_LUMO|Ar1_HOMO|Ar2_NBO_C2|Entry|Ar2_I_C=O,0.9756123603069816,0.932783746059436,0.29056129302628037,0
5,Ar2_LUMO|Ar1_v_C=O|Ar1_NBO_=O|Entry|ar2_enthalpy_hartree,0.9803289045947966,0.9327661104615498,0.26095591591490497,0
4,Ar2_LUMO|Ar1_v_C=O|Ar2_v_C=O|Ar2_I_C=O,0.9691082881862118,0.9327510830575036,0.3270196593551835,0
5,prod_homo_hartree|sum_homo_hartree|Ar1_v_C=O|Entry|Ar1_I_C=O,0.9748987067403595,0.9327291973070851,0.2947819743446951,0
5,Ar1_LUMO|Ar2_v_C=O|Ar2_NBO_=O|Entry|ar2_enthalpy_hartree,0.9762847344732544,0.9326514069705643,0.28652786929377955,0
5,Ar1_v_C=O|Ar2_NBO_-O|Ar1_NBO_C2|ar2_enthalpy_hartree|Ar1_I_C=O,0.9748602857577232,0.9323661500840587,0.29500749026504186,0
4,Ar2_LUMO|Ar1_v_C=O|Entry|ar2_enthalpy_hartree,0.9744124652056007,0.9323590350840144,0.29762341637784756,0
5,Ar1_LUMO|Ar2_v_C=O|Ar2_NBO_C2|Ar2_I_C=O|sum_enthalpy_hartree,0.9839437310035567,0.9323368708851045,0.23576275194656487,0
3,Ar2_LUMO|Ar1_v_C=O|ar2_enthalpy_hartree,0.969788145475086,0.932173381233247,0.3234011551969047,0
5,Ar2_LUMO|Ar1_v_C=O|Ar2_NBO_=O|Entry|Ar1_I_C=O,0.975587216550838,0.9318552346290111,0.2907110393789543,0
5,prod_homo_hartree|sum_homo_hartree|Ar1_v_C=O|ar2_enthalpy_hartree|Ar1_I_C=O,0.9763030611821255,0.931742494553383,0.28641713623619547,0
5,Ar2_LUMO|Ar1_v_C=O|Ar2_NBO_=O|Entry|ar2_enthalpy_hartree,0.9770315323724417,0.9316756827629085,0.28198037598504705,0
5,Ar2_LUMO|Ar1_v_C=O|Ar2_NBO_=O|Ar1_NBO_-O|Ar1_I_C=O,0.9748898260911288,0.9314720950115111,0.2948341155587583,0
5,Ar2_LUMO|Ar1_v_C=O|Ar2_NBO_=O|Ar2_NBO_C2|Ar1_I_C=O,0.9705338942689484,0.9314168582866631,0.31938480171372124,0
5,Ar1_LUMO|Ar1_v_C=O|ar2_enthalpy_hartree|Ar1_I_C=O|sum_enthalpy_hartree,0.9858458025036619,0.931152550053775,0.22135814158477882,0
3,Ar2_LUMO|Ar1_v_C=O|sum_enthalpy_hartree,0.9667628654421945,0.931104916961178,0.3392068876697701,0
5,Ar2_LUMO|Ar1_v_C=O|Ar1_HOMO|Ar2_NBO_C2|ar2_enthalpy_hartree,0.9751096686019528,0.9310827845188577,0.29354062457768393,0
5,Ar2_LUMO|Ar2_v_C=O|Ar1_NBO_-O|Ar2_I_C=O|Ar1_I_C=O,0.9734251594257375,0.9310032486509097,0.30331103316051067,0
5,prod_homo_hartree|sum_homo_hartree|Ar1_v_C=O|Ar1_NBO_=O|Ar1_I_C=O,0.977381843110573,0.9309434389789277,0.27982175788390345,0
5,Ar2_LUMO|Ar1_v_C=O|Ar2_NBO_C2|Entry|sum_enthalpy_hartree,0.9730720666513807,0.9305656865692928,0.30531939019501286,0
4,Ar2_LUMO|Ar1_v_C=O|Ar1_NBO_=O|sum_enthalpy_hartree,0.9727666414783578,0.9304868921285223,0.30704602274645654,0
4,Ar2_LUMO|Ar1_v_C=O|Ar1_NBO_C2|sum_enthalpy_hartree,0.9733706657716976,0.9303580167849916,0.30362185462902797,0
5,Ar2_LUMO|Ar1_v_C=O|Ar2_v_C=O|Ar2_NBO_-O|Ar2_I_C=O,0.9731641539679627,0.9302953683310554,0.3047968821777171,0
5,prod_homo_hartree|sum_homo_hartree|Ar2_v_C=O|Ar2_I_C=O|Ar1_I_C=O,0.9840260779769274,0.930240159730128,0.23515740255172163,0
5,prod_homo_hartree|Ar1_v_C=O|Ar2_v_C=O|Ar2_HOMO|Ar2_NBO_C2,0.9818589170799927,0.9302268068644364,0.2506019688388423,0
5,Ar2_LUMO|Ar1_v_C=O|Ar2_NBO_=O|Ar1_I_C=O|sum_enthalpy_hartree,0.9860950605106008,0.9301705920799536,0.2194004055974713,0
5,Ar2_LUMO|Ar1_v_C=O|Ar2_v_C=O|Ar1_NBO_-O|Ar2_I_C=O,0.9727955233604648,0.9301529455722028,0.30688316329798065,0
5,Ar2_LUMO|Ar2_v_C=O|Entry|Ar2_I_C=O|Ar1_I_C=O,0.9764071649463271,0.9300743143250672,0.2857873097006875,0
5,Ar2_LUMO|prod_homo_hartree|Ar1_v_C=O|Entry|Ar1_I_C=O,0.9776253731485204,0.9300598332689629,0.2783112584340356,0
5,prod_homo_hartree|sum_homo_hartree|Ar1_v_C=O|Ar1_NBO_-O|Ar1_NBO_C2,0.9710901598774002,0.9299974994049164,0.3163557404920135,0
5,Ar2_LUMO|Ar1_v_C=O|Ar2_NBO_=O|Entry|Ar2_I_C=O,0.9736026366521874,0.9299682553821594,0.30229652137167407,0
4,Ar2_LUMO|Ar1_v_C=O|Ar1_NBO_=O|ar2_enthalpy_hartree,0.9739904436766583,0.9298659126588827,0.30006776702193333,0
5,Ar1_LUMO|Ar1_v_C=O|Ar1_NBO_-O|Ar2_NBO_-O|Ar2_I_C=O,0.9734000009899445,0.9297991668949408,0.30345457166936285,0
5,Ar2_LUMO|Ar1_v_C=O|Ar2_NBO_-O|Ar1_NBO_C2|Ar1_I_C=O,0.9725878773243176,0.9294634056907572,0.3080521241812168,0
5,Ar1_LUMO|Ar1_v_C=O|Ar2_NBO_-O|Ar2_NBO_C2|Ar1_I_C=O,0.9721425873486855,0.9292288264993612,0.3105440861627429,0
5,Ar2_LUMO|Ar1_v_C=O|Ar2_NBO_=O|Ar2_NBO_-O|Ar1_I_C=O,0.9737301282043578,0.9285705805512302,0.3015656358761901,0
5,Ar2_LUMO|sum_homo_hartree|Ar1_v_C=O|Entry|Ar1_I_C=O,0.9773623115532099,0.9284555519457744,0.27994254967456356,0
5,Ar1_LUMO|Ar1_v_C=O|Ar2_v_C=O|Ar2_I_C=O|ar2_enthalpy_hartree,0.9878204199450884,0.9282492192335418,0.20533786003431148,0
5,Ar2_LUMO|Ar1_v_C=O|Ar2_NBO_=O|Ar1_NBO_C2|Ar2_I_C=O,0.970317966772633,0.9280248454140365,0.32055289090964073,0
4,Ar2_LUMO|Ar2_v_C=O|Ar2_I_C=O|Ar1_I_C=O,0.9696628524384179,0.9280093935071743,0.3240710576209619,0
5,Ar2_LUMO|sum_homo_hartree|Ar1_NBO_C2|Entry|Ar1_I_C=O,0.9706054265810798,0.9278132537836963,0.3189968947417825,0
5,Ar2_LUMO|Ar1_v_C=O|Ar2_NBO_-O|Ar2_NBO_C2|Ar1_I_C=O,0.9727824946399839,0.9277621272300766,0.30695664047617394,0
4,Ar2_LUMO|Ar1_v_C=O|Ar1_NBO_=O|Ar1_I_C=O,0.9677684848617062,0.9276867403322796,0.33403596972972116,0
5,Ar2_LUMO|Ar1_v_C=O|Ar2_I_C=O|ar2_enthalpy_hartree|sum_enthalpy_hartree,0.9844024668744217,0.9276382613970314,0.23237041455953253,0
4,Ar2_LUMO|Ar1_v_C=O|Ar2_NBO_C2|sum_enthalpy_hartree,0.9675483973521983,0.9274400232384726,0.3351744838691496,0
5,Ar2_LUMO|Ar1_v_C=O|Ar1_NBO_-O|Ar2_NBO_-O|Ar2_I_C=O,0.973290295659404,0.9274367423428909,0.3040796906762237,0
5,Ar1_LUMO|Ar2_v_C=O|Ar1_HOMO|Ar2_I_C=O|sum_enthalpy_hartree,0.9843407015941299,0.9273842003916457,0.2328300463184098,0
5,Ar1_LUMO|Ar2_LUMO|Ar1_v_C=O|Entry|Ar2_I_C=O,0.9762414727412778,0.927371419449685,0.28678909436674516,0
4,Ar1_LUMO|Ar2_LUMO|Ar1_v_C=O|Ar2_I_C=O,0.9694920925867082,0.9269400283649816,0.3249818333092226,0
5,Ar2_LUMO|Ar1_v_C=O|Ar2_NBO_=O|Ar1_NBO_C2|Ar1_I_C=O,0.9708518570481414,0.9268761735212079,0.3176569194083561,0
5,Ar2_LUMO|Ar1_v_C=O|Ar1_NBO_=O|Ar1_NBO_C2|sum_enthalpy_hartree,0.9785014708189904,0.9268022556309659,0.2728080924210809,0
5,Ar2_LUMO|prod_homo_hartree|Ar1_NBO_C2|Entry|Ar1_I_C=O,0.9700304130529364,0.9267481345746744,0.3221018751745281,0
5,Ar2_LUMO|Ar1_v_C=O|Ar2_NBO_=O|Ar2_NBO_C2|Ar2_I_C=O,0.9689894850065319,0.9266417500036502,0.32764788115815824,0
5,Ar1_LUMO|Ar2_v_C=O|Ar1_NBO_=O|Ar1_NBO_-O|Ar2_I_C=O,0.9733367825324403,0.9266032302715713,0.30381495787025686,0
4,Ar2_LUMO|Ar1_v_C=O|Ar2_I_C=O|ar2_enthalpy_hartree,0.9807576695920748,0.926464601602317,0.2580962581678737,0
5,Ar2_LUMO|Ar1_v_C=O|Ar2_NBO_=O|Ar2_I_C=O|ar2_enthalpy_hartree,0.9825939894332578,0.9264246393760833,0.24547230229147826,0
5,Ar2_LUMO|Ar1_v_C=O|Ar2_v_C=O|Entry|Ar1_I_C=O,0.9748129114814634,0.9259422540887613,0.2952853213549651,0
5,Ar2_LUMO|Ar2_v_C=O|Ar2_NBO_C2|Ar2_I_C=O|Ar1_I_C=O,0.9705337229461072,0.9259225800340766,0.31938573020139865,0
5,prod_homo_hartree|sum_homo_hartree|Ar1_v_C=O|Ar1_I_C=O|sum_enthalpy_hartree,0.97479395013022,0.9258712880325523,0.29539644883454175,0
5,Ar2_LUMO|Ar1_v_C=O|Ar1_NBO_=O|Ar2_NBO_C2|ar2_enthalpy_hartree,0.9787784270315952,0.9258207871190423,0.2710451621759361,0
5,Ar2_LUMO|Ar1_v_C=O|Ar2_v_C=O|Ar1_NBO_C2|Ar2_I_C=O,0.9699302418512291,0.9257659632234828,0.322639727360946,0
5,Ar1_LUMO|Ar2_LUMO|Ar1_v_C=O|Entry|Ar1_I_C=O,0.9753000956688174,0.9254296475562289,0.2924155811968956,0
4,Ar2_LUMO|prod_homo_hartree|Ar1_v_C=O|ar2_enthalpy_hartree,0.9699555792180676,0.9254002674388015,0.322503767439277,0
5,Ar2_LUMO|prod_homo_hartree|sum_homo_hartree|Ar1_v_C=O|Ar1_NBO_C2,0.9759019519118902,0.9251921882527333,0.2888310026162887,0
4,Ar2_LUMO|sum_homo_hartree|Ar1_v_C=O|ar2_enthalpy_hartree,0.9699053032934611,0.9249071493927784,0.3227734913547294,0
5,Ar2_v_C=O|Ar1_NBO_=O|Ar1_NBO_-O|Ar2_NBO_C2|Ar2_I_C=O,0.9706200624868326,0.9248395295976845,0.3189174686904365,0
4,Ar1_v_C=O|Ar2_NBO_-O|ar2_enthalpy_hartree|Ar1_I_C=O,0.9665290360423443,0.9247936090064983,0.34039798809014654,0
5,Ar2_LUMO|Ar1_v_C=O|Ar2_NBO_=O|Ar2_NBO_-O|Ar2_I_C=O,0.9752640559751848,0.9246972657446298,0.2926288355967428,0
4,Ar1_LUMO|Ar2_LUMO|Ar1_v_C=O|Ar1_I_C=O,0.9687336445578895,0.9246472206212459,0.3289966720070925,0
5,Ar1_v_C=O|Ar1_NBO_=O|Ar1_NBO_-O|Ar2_NBO_C2|Ar1_I_C=O,0.9681391653214981,0.9246174697447487,0.3321096148900211,0
4,Ar2_LUMO|Ar1_v_C=O|Ar2_v_C=O|Ar1_I_C=O,0.9679896733203313,0.9245702094243857,0.33288783728279187,0
5,Ar2_LUMO|prod_homo_hartree|Ar1_v_C=O|Ar1_I_C=O|sum_enthalpy_hartree,0.9858894449348108,0.924500930571244,0.22101661513187384,0
5,Ar2_v_C=O|Ar1_NBO_-O|Ar1_NBO_C2|Ar2_I_C=O|sum_enthalpy_hartree,0.9731754922607585,0.924395371581553,0.3047324861941123,0
5,Ar1_LUMO|Ar2_LUMO|Ar1_v_C=O|Ar2_NBO_-O|Ar1_I_C=O,0.9723545843183619,0.9243921799326668,0.30936019776506674,0
5,prod_homo_hartree|sum_homo_hartree|Ar1_v_C=O|Ar1_NBO_C2|Ar1_I_C=O,0.9755587759302401,0.9243296355305022,0.29088032764878285,0
5,Ar2_LUMO|Ar1_v_C=O|Ar1_NBO_=O|Ar1_NBO_C2|Ar1_I_C=O,0.9688274972207184,0.9241526408658414,0.3285025239159992,0
5,Ar1_LUMO|Ar2_LUMO|Ar1_v_C=O|Ar1_NBO_-O|Ar1_I_C=O,0.9725607648610184,0.9241107374674309,0.3082044288356752,0
5,Ar2_LUMO|Ar2_v_C=O|Ar2_NBO_-O|Ar2_I_C=O|Ar1_I_C=O,0.9731769386679189,0.9240842387202532,0.3047242703268142,0
5,Ar2_LUMO|Ar1_v_C=O|Ar1_NBO_-O|Ar2_NBO_-O|Ar1_I_C=O,0.972280791618364,0.9239440889741999,0.30977280343954305,0
5,Ar2_LUMO|Ar1_v_C=O|Ar2_v_C=O|Ar2_NBO_C2|Ar2_I_C=O,0.9694318056066263,0.9236149490169484,0.32530277475443214,0
5,prod_homo_hartree|sum_homo_hartree|Ar1_v_C=O|Ar2_NBO_=O|Ar1_NBO_C2,0.9715582026916336,0.9233723996200114,0.3137844321230226,0
5,Ar2_LUMO|Ar1_v_C=O|Ar1_NBO_=O|Ar1_NBO_C2|ar2_enthalpy_hartree,0.9794409104202492,0.9232975141641159,0.26678094948387965,0
5,Ar1_LUMO|Ar1_v_C=O|Ar2_NBO_=O|Ar2_NBO_-O|Ar1_I_C=O,0.9742807541469989,0.9232502352218096,0.29838843691197287,0
5,Ar2_LUMO|Ar1_v_C=O|Ar1_NBO_-O|Ar1_NBO_C2|ar2_enthalpy_hartree,0.9784631319382354,0.9231998149233959,0.2730512369164217,0
5,Ar1_LUMO|Ar2_LUMO|Ar1_v_C=O|Ar2_NBO_-O|Ar2_I_C=O,0.9729696594021416,0.9231380114329587,0.3058994058939794,0
5,Ar2_LUMO|prod_homo_hartree|Ar1_v_C=O|Ar1_NBO_=O|ar2_enthalpy_hartree,0.9739937882539923,0.9230294062886243,0.3000484734956399,0
4,Ar2_LUMO|sum_homo_hartree|Ar1_v_C=O|sum_enthalpy_hartree,0.9669291159275827,0.9229940117036853,0.33835747621294354,0
5,Ar2_LUMO|Ar1_v_C=O|Ar1_NBO_-O|Ar1_NBO_C2|sum_enthalpy_hartree,0.977135976212535,0.9228641190935526,0.2813385249337984,0
5,Ar1_LUMO|Ar2_v_C=O|Ar2_NBO_C2|Ar2_I_C=O|ar2_enthalpy_hartree,0.9836487005517656,0.9226552192608833,0.23791893682934143,0
4,Ar2_LUMO|Ar1_v_C=O|Ar1_HOMO|ar2_enthalpy_hartree,0.9698862444211008,0.9226479823767283,0.3228756808730131,0
5,Ar1_LUMO|Ar2_LUMO|Ar2_v_C=O|Ar2_I_C=O|ar2_enthalpy_hartree,0.986296267754529,0.9226338527228358,0.21780723744683325,0
4,Ar2_LUMO|prod_homo_hartree|Ar1_v_C=O|sum_enthalpy_hartree,0.9669934195343307,0.922616779556956,0.3380283620470547,0
5,Ar2_LUMO|Ar2_v_C=O|Ar1_NBO_C2|Ar2_I_C=O|Ar1_I_C=O,0.9704169937551287,0.922359825494811,0.32001772026316017,0
5,Ar1_v_C=O|Ar2_NBO_=O|Ar2_NBO_-O|Ar2_NBO_C2|Ar2_I_C=O,0.9707288811712415,0.9222597572441342,0.3183263106302485,0
5,Ar1_LUMO|sum_homo_hartree|Ar2_NBO_C2|Entry|Ar2_I_C=O,0.9771093189554647,0.9222514448829089,0.2815024840150946,0
5,Ar1_LUMO|Ar2_LUMO|Ar1_v_C=O|Ar2_NBO_C2|Ar2_I_C=O,0.9704683322598382,0.9222408700710172,0.31973991946871166,0
5,Ar2_LUMO|Ar1_v_C=O|Ar1_HOMO|Ar2_I_C=O|ar2_enthalpy_hartree,0.9808865064757142,0.9221874427465561,0.2572307661989295,0
5,Ar2_LUMO|prod_homo_hartree|Ar1_v_C=O|Entry|sum_enthalpy_hartree,0.9728878620619049,0.9221709371728264,0.30636190203795044,0
5,Ar2_LUMO|sum_homo_hartree|Ar1_v_C=O|Ar1_I_C=O|sum_enthalpy_hartree,0.9858734453414464,0.9220570496474738,0.22114188214390307,0
5,Ar2_LUMO|Ar1_v_C=O|Ar1_NBO_=O|Ar2_NBO_C2|sum_enthalpy_hartree,0.9743681163959285,0.921949707102103,0.2978812280429354,0
5,Ar2_LUMO|sum_homo_hartree|Ar1_v_C=O|Ar1_NBO_=O|ar2_enthalpy_hartree,0.9740110537603694,0.9219297942051269,0.2999488559696524,0
5,Ar2_LUMO|Ar1_v_C=O|Ar2_NBO_=O|Entry|sum_enthalpy_hartree,0.9725762675784285,0.9218197060504204,0.30811735131319573,0
5,Ar1_LUMO|Ar2_LUMO|Ar1_v_C=O|Ar1_NBO_C2|Ar2_I_C=O,0.9703900038988689,0.9217812102682812,0.3201636699862383,0
5,Ar2_LUMO|Ar1_v_C=O|Ar2_NBO_C2|Ar2_I_C=O|ar2_enthalpy_hartree,0.9807988496321537,0.9217406238316266,0.25781993751114435,0
5,Ar2_LUMO|Ar2_HOMO|Ar1_NBO_C2|Entry|Ar2_I_C=O,0.9746692371242355,0.9216996032491556,0.2961263197037008,0
5,prod_homo_hartree|sum_homo_hartree|Ar1_v_C=O|Ar2_NBO_=O|Ar1_I_C=O,0.9747146299465624,0.9216525670576068,0.29586087098987324,0
5,Ar2_LUMO|Ar1_v_C=O|Ar1_NBO_=O|Ar2_I_C=O|ar2_enthalpy_hartree,0.985530522146881,0.9216264111400644,0.22380990566313896,0
5,Ar2_LUMO|Ar1_v_C=O|Ar2_v_C=O|Ar2_NBO_=O|Ar2_I_C=O,0.9713804181037418,0.9216160781576659,0.31476360952203347,0
5,Ar2_LUMO|Ar1_v_C=O|Ar2_HOMO|Ar1_NBO_=O|ar2_enthalpy_hartree,0.9741356865642813,0.9216021976985823,0.2992287730253414,0
4,Ar2_LUMO|Ar1_v_C=O|Ar1_HOMO|sum_enthalpy_hartree,0.9667628835014332,0.9215491124276247,0.33920679551653377,0
5,Ar2_LUMO|sum_homo_hartree|Ar2_NBO_-O|Entry|ar2_enthalpy_hartree,0.9767599856215405,0.9215455221285235,0.28364234725231197,0
5,Ar2_LUMO|Ar1_v_C=O|Ar2_NBO_C2|Ar1_I_C=O|sum_enthalpy_hartree,0.9858755975277312,0.9213802485242515,0.22112503597489686,0
5,Ar2_LUMO|sum_homo_hartree|Ar1_v_C=O|Entry|sum_enthalpy_hartree,0.9728448042581019,0.9213413711707678,0.30660507794439307,0
5,prod_homo_hartree|sum_homo_hartree|Ar1_v_C=O|Ar1_NBO_C2|sum_enthalpy_hartree,0.9711528494185112,0.921314078752018,0.3160125535517029,0
5,Ar2_LUMO|Ar1_v_C=O|Ar1_NBO_=O|Ar1_HOMO|ar2_enthalpy_hartree,0.9740085717545366,0.9213062725028625,0.2999631785402807,0
5,Ar1_LUMO|Ar2_LUMO|Ar1_v_C=O|Ar1_NBO_-O|Ar2_I_C=O,0.9728354195141933,0.9211586458558608,0.3066580542072434,0
5,Ar1_LUMO|Ar2_v_C=O|Ar2_NBO_-O|Ar2_I_C=O|Ar1_I_C=O,0.9728657802824958,0.9211583905893239,0.30648663655825675,0
5,Ar2_LUMO|Ar1_v_C=O|Ar2_HOMO|Ar1_NBO_=O|Ar1_I_C=O,0.9703340727354032,0.9210878698795325,0.32046591045526407,0
4,Ar2_LUMO|Ar1_v_C=O|Ar2_NBO_=O|ar2_enthalpy_hartree,0.9708255541286036,0.9208673316670112,0.31780021190429775,0
5,Ar2_LUMO|Ar1_HOMO|Ar1_NBO_C2|Entry|ar2_enthalpy_hartree,0.9626410137903274,0.9206154460139493,0.3596254478385338,0
5,Ar1_LUMO|Ar1_v_C=O|Ar1_NBO_-O|Ar2_NBO_-O|Ar1_I_C=O,0.9717466626644651,0.9206105793021793,0.31274311093507795,0
5,Ar2_LUMO|Ar1_v_C=O|Ar1_NBO_=O|Ar2_NBO_-O|Ar1_I_C=O,0.9746296641910214,0.9206044719094248,0.2963575408056246,0
5,Ar2_LUMO|Ar1_v_C=O|Ar2_v_C=O|Ar2_NBO_-O|Ar1_I_C=O,0.9721493725379715,0.9203926171706347,0.3105062644749555,0
5,Ar1_LUMO|Ar1_v_C=O|Ar2_NBO_=O|Ar1_NBO_=O|Ar2_I_C=O,0.9715373875706103,0.9203196421766827,0.31389923264501934,0
5,Ar2_LUMO|Ar1_v_C=O|Ar1_NBO_=O|Ar1_HOMO|sum_enthalpy_hartree,0.9729099243436093,0.9202100819375324,0.3062372269166001,0
5,Ar1_LUMO|Ar2_v_C=O|Ar1_NBO_=O|Ar2_NBO_-O|Ar2_I_C=O,0.9744776211859437,0.9200937757241443,0.2972442413956598,0
5,Ar1_LUMO|Ar1_v_C=O|Ar2_NBO_C2|Ar1_NBO_C2|Ar1_I_C=O,0.9704621907575727,0.9199903228350843,0.3197731648203488,0
4,Ar2_LUMO|Ar1_v_C=O|Ar2_HOMO|ar2_enthalpy_hartree,0.9698855383828612,0.9199698149316748,0.32287946587486377,0
4,prod_homo_hartree|sum_homo_hartree|Ar1_v_C=O|Ar2_I_C=O,0.9715891274639561,0.9199046416906036,0.31361379678722595,0
5,Ar2_LUMO|Ar1_v_C=O|Ar2_NBO_=O|Ar1_NBO_=O|Ar2_I_C=O,0.9716634769504794,0.9198514952934224,0.3132031740666068,0
5,Ar2_LUMO|Ar1_v_C=O|Ar2_HOMO|Entry|sum_enthalpy_hartree,0.9729590733868999,0.9194973866949263,0.30595930041825253,0
5,Ar2_LUMO|Ar1_v_C=O|Ar1_NBO_=O|Ar2_NBO_C2|Ar1_I_C=O,0.9679938845986551,0.9193433462937055,0.33286593920192487,0
5,Ar2_LUMO|Ar2_v_C=O|Ar1_NBO_=O|Ar2_I_C=O|Ar1_I_C=O,0.9715844499958562,0.9192243752244191,0.3136396118718585,0
3,prod_homo_hartree|sum_homo_hartree|Ar1_v_C=O,0.96471273741105,0.9191756846282628,0.34951181318646724,0
5,prod_homo_hartree|sum_homo_hartree|Ar1_v_C=O|Ar1_NBO_C2|Ar2_I_C=O,0.973598159032767,0.9190356375530477,0.3023221586173808,0
5,Ar2_LUMO|Ar1_v_C=O|Entry|Ar2_I_C=O|Ar1_I_C=O,0.9746275226157822,0.9187669926683012,0.2963700486924557,0
5,Ar2_v_C=O|Ar1_NBO_=O|Ar2_NBO_-O|Ar2_NBO_C2|Ar2_I_C=O,0.9706308496775986,0.9186778808021154,0.31885891615931794,0
5,Ar1_LUMO|Ar2_v_C=O|Ar1_HOMO|Ar2_I_C=O|ar2_enthalpy_hartree,0.9848846871452853,0.918412356794966,0.2287501801465337,0
5,Ar1_LUMO|Ar2_LUMO|Ar1_v_C=O|Ar2_NBO_=O|Ar2_I_C=O,0.9716052688513668,0.9183716224628321,0.31352469566942576,0
5,prod_homo_hartree|sum_homo_hartree|Ar1_v_C=O|Ar2_I_C=O|ar2_enthalpy_hartree,0.9722473822781815,0.9183122647832254,0.30995942832901596,0
5,Ar1_LUMO|Ar2_LUMO|Ar1_v_C=O|Ar2_NBO_C2|Ar1_I_C=O,0.9693708088267246,0.9182556953881537,0.3256271729312826,0
5,Ar2_LUMO|prod_homo_hartree|Ar1_v_C=O|Ar1_NBO_=O|sum_enthalpy_hartree,0.9727973884522394,0.9182118412400964,0.3068726434287395,0
5,Ar1_LUMO|Ar2_LUMO|Ar1_v_C=O|Ar1_NBO_C2|Ar1_I_C=O,0.9696025606971986,0.9181217815734241,0.32439292555745836,0
5,Ar2_LUMO|Ar1_v_C=O|Ar2_v_C=O|Ar1_NBO_-O|Ar1_I_C=O,0.9714288283110224,0.9181137146181881,0.3144972845143972,0
5,Ar1_LUMO|Ar1_v_C=O|Ar1_NBO_-O|Ar2_NBO_C2|Ar1_I_C=O,0.9659274017550993,0.9180199186866322,0.3434436576453888,0
5,Ar2_LUMO|prod_homo_hartree|Ar2_NBO_-O|Entry|ar2_enthalpy_hartree,0.9751465892474255,0.9178436324498185,0.29332283456266806,0
5,Ar2_LUMO|sum_homo_hartree|Ar1_v_C=O|Ar1_NBO_=O|sum_enthalpy_hartree,0.9728359994502295,0.9177674350719296,0.3066547807717171,0
5,Ar2_LUMO|Ar1_v_C=O|Ar2_v_C=O|Ar2_I_C=O|Ar1_I_C=O,0.9697217687073098,0.9177469273099724,0.32375622353077094,0
5,Ar2_LUMO|Ar1_v_C=O|Ar2_v_C=O|Ar1_NBO_C2|Ar1_I_C=O,0.9689128253331939,0.9177142802923522,0.3280526128406385,0
4,Ar2_LUMO|Ar1_v_C=O|Entry|Ar2_I_C=O,0.9642410413742436,0.9177050966640202,0.3518400760178073,0
5,Ar1_LUMO|Ar1_HOMO|Ar2_NBO_C2|Entry|Ar1_I_C=O,0.977666317980874,0.9176966313922535,0.2780564915953425,0
5,Ar1_LUMO|prod_homo_hartree|Ar1_NBO_-O|Entry|ar2_enthalpy_hartree,0.9694406982449131,0.9176644990328873,0.3252554541588795,0
4,Ar1_v_C=O|Ar1_NBO_-O|Ar2_NBO_C2|Ar1_I_C=O,0.9602153705558655,0.9176005239626799,0.37111673025997527,0
5,Ar1_LUMO|sum_homo_hartree|Ar1_NBO_-O|Entry|ar2_enthalpy_hartree,0.969072069140893,0.9173478670888372,0.32721131060192876,0
5,Ar2_LUMO|Ar2_v_C=O|Ar2_NBO_=O|Ar2_I_C=O|Ar1_I_C=O,0.9714426319029288,0.9173224585788706,0.31442130379009986,0
5,Ar2_LUMO|Ar1_v_C=O|Ar2_v_C=O|Ar1_I_C=O|sum_enthalpy_hartree,0.9870482229570479,0.9172623897534393,0.21174714055916094,0
5,Ar2_LUMO|Ar1_v_C=O|Ar2_HOMO|Ar1_NBO_C2|sum_enthalpy_hartree,0.9751377980333088,0.9172544605719388,0.2933747074399362,0
4,Ar1_LUMO|Ar2_v_C=O|Entry|Ar2_I_C=O,0.9705823339938129,0.9172202611207364,0.31912217326353837,0
5,Ar1_LUMO|Ar2_v_C=O|Ar2_NBO_-O|Ar2_I_C=O|ar2_enthalpy_hartree,0.9836226935735114,0.9169690480042173,0.23810806841006477,0
5,Ar2_LUMO|Ar1_v_C=O|Ar2_HOMO|Entry|ar2_enthalpy_hartree,0.9747023837086676,0.9167494444241525,0.2959325081463105,0
5,Ar2_LUMO|Ar1_v_C=O|Ar2_NBO_C2|Ar1_NBO_C2|Ar1_I_C=O,0.9699209231464242,0.9167441821718101,0.32268971697944465,0
5,Ar1_v_C=O|Ar2_v_C=O|Ar2_NBO_-O|Ar2_I_C=O|ar2_enthalpy_hartree,0.9716216282427613,0.9167305839768279,0.31343436531618674,0
4,Ar2_LUMO|Ar1_v_C=O|Ar2_HOMO|sum_enthalpy_hartree,0.967238364631915,0.9167122969874512,0.33677175540427684,0
5,Ar1_v_C=O|Ar2_NBO_=O|Ar1_NBO_-O|Ar2_NBO_C2|Ar1_I_C=O,0.9693840320581325,0.9167084975127171,0.3255568754776877,0
5,Ar1_LUMO|Ar2_v_C=O|Ar1_NBO_C2|Ar2_I_C=O|sum_enthalpy_hartree,0.9838603742894418,0.9166969344013249,0.23637394523690053,0
5,Ar1_LUMO|Ar1_v_C=O|Ar2_v_C=O|Ar2_NBO_-O|Ar2_I_C=O,0.9716913251743146,0.9166609999080776,0.31304923323028117,0
5,Ar2_LUMO|Ar1_v_C=O|Ar2_v_C=O|Ar1_NBO_C2|ar2_enthalpy_hartree,0.9759924436298348,0.9165992639974305,0.28828819108647813,0
5,Ar2_LUMO|Ar1_v_C=O|Ar2_NBO_C2|ar2_enthalpy_hartree|sum_enthalpy_hartree,0.9760666774572503,0.916501823472475,0.28784213767652517,0
5,Ar1_LUMO|Ar2_LUMO|Ar1_v_C=O|Ar1_NBO_=O|Ar2_I_C=O,0.9714482832464509,0.9163921499603418,0.314390191141503,0
5,Ar1_LUMO|Ar2_v_C=O|Ar1_HOMO|Entry|Ar2_I_C=O,0.9759389766917136,0.9161515442134051,0.28860903411938266,0
5,Ar1_LUMO|Ar2_v_C=O|Ar1_NBO_-O|Ar1_NBO_C2|Ar2_I_C=O,0.9712203328084884,0.9160749988982095,0.3156427061916936,0
5,Ar1_LUMO|prod_homo_hartree|Ar2_NBO_C2|Entry|Ar2_I_C=O,0.9781096652788196,0.9158963753604953,0.2752827991362608,0
5,Ar1_v_C=O|Ar1_NBO_-O|Ar2_NBO_-O|Ar2_I_C=O|sum_enthalpy_hartree,0.9721643403135793,0.9158615696253529,0.31042281549872425,0
5,Ar2_LUMO|Ar1_v_C=O|Ar2_v_C=O|Ar1_NBO_=O|Ar2_I_C=O,0.9707690245548527,0.9158520265487616,0.31810795410680115,0
5,prod_homo_hartree|Ar1_v_C=O|Ar2_v_C=O|Ar2_HOMO|Ar2_NBO_-O,0.9778439979170485,0.9158429617077175,0.2769482167629978,0
4,Ar1_LUMO|Ar2_v_C=O|Ar1_NBO_=O|Ar2_I_C=O,0.9677065818792262,0.9158132026787718,0.33435658611864966,0
5,Ar2_LUMO|Ar1_v_C=O|Ar2_HOMO|Ar1_NBO_-O|Ar1_I_C=O,0.9698859548639605,0.9157714265404603,0.3228772331658493,0
5,Ar2_LUMO|Ar1_v_C=O|Ar2_HOMO|Ar1_NBO_C2|Ar1_I_C=O,0.9689244725231957,0.9157361298895432,0.32799115262261885,0
5,Ar2_LUMO|Ar1_v_C=O|Ar2_NBO_=O|Ar2_I_C=O|Ar1_I_C=O,0.9708605335205306,0.9156067121913551,0.3176096377233887,0
5,Ar1_LUMO|Ar2_v_C=O|Ar1_HOMO|Entry|ar2_enthalpy_hartree,0.9712188037311005,0.9154728250337862,0.3156510912037735,0
5,prod_homo_hartree|sum_homo_hartree|Ar1_v_C=O|Ar2_NBO_C2|Ar2_I_C=O,0.9774187403313959,0.91533958823193,0.27959342673928694,0
5,Ar2_LUMO|Ar1_v_C=O|Ar2_HOMO|Ar2_NBO_-O|Ar1_I_C=O,0.9722546527770404,0.9152869693441499,0.3099188248207976,0
5,Ar2_LUMO|Ar1_v_C=O|Ar1_NBO_-O|Ar1_NBO_C2|Ar1_I_C=O,0.9691254986746386,0.9152145939600743,0.32692855154913586,0
5,Ar2_v_C=O|Ar1_NBO_=O|Ar2_NBO_-O|Ar1_NBO_C2|Ar2_I_C=O,0.9709978937920125,0.915075056117268,0.31686016482555623,0
5,Ar2_LUMO|Ar1_v_C=O|Ar1_NBO_C2|Ar2_I_C=O|ar2_enthalpy_hartree,0.9838123030742376,0.915037964003542,0.2367256985759995,0
5,Ar1_LUMO|Ar2_v_C=O|Ar2_NBO_=O|Ar2_I_C=O|ar2_enthalpy_hartree,0.984676265478146,0.9149700686267491,0.23032187329163153,0
4,Ar1_v_C=O|Ar2_NBO_=O|Ar1_NBO_-O|Ar1_I_C=O,0.962041232848432,0.9149463928950005,0.3625007619955907,0
4,Ar2_LUMO|Ar1_v_C=O|Ar2_I_C=O|Ar1_I_C=O,0.9676306820163345,0.9149359134723589,0.33474927798337195,0
4,Ar2_LUMO|Ar1_v_C=O|Ar1_NBO_C2|Entry,0.9580159352409217,0.9147490693550264,0.38123706383483946,0
4,Ar1_v_C=O|Ar2_NBO_=O|Ar2_NBO_-O|Ar2_I_C=O,0.9627058347949292,0.9147275382201389,0.3593133220862085,0
5,Ar1_LUMO|Ar2_LUMO|Ar1_v_C=O|Ar2_v_C=O|Ar2_I_C=O,0.9697217687073099,0.914659419425597,0.3237562235307709,0
5,Ar2_LUMO|prod_homo_hartree|Ar1_v_C=O|Entry|ar2_enthalpy_hartree,0.9750251356293935,0.914607521552902,0.29403866593660394,0
5,Ar1_v_C=O|Ar2_NBO_=O|Ar2_NBO_-O|ar2_enthalpy_hartree|Ar1_I_C=O,0.9716187358559382,0.9144299648754295,0.31345033787333526,0
5,Ar2_LUMO|sum_homo_hartree|Ar1_v_C=O|Ar2_NBO_C2|ar2_enthalpy_hartree,0.973089558292983,0.9142967746333046,0.3052202105656935,0
5,Ar1_LUMO|Ar2_v_C=O|Ar1_NBO_=O|Ar2_I_C=O|ar2_enthalpy_hartree,0.984561506992047,0.9142326229490417,0.2311826976597907,0
3,Ar2_LUMO|Ar1_v_C=O|Ar2_I_C=O,0.9553968604760606,0.9142023867900162,0.3929484580453482,0
5,Ar1_v_C=O|Ar2_NBO_-O|Ar1_NBO_C2|Ar1_I_C=O|sum_enthalpy_hartree,0.9714498223247852,0.9141385079152251,0.31438171743645804,0
5,Ar2_LUMO|sum_homo_hartree|Ar1_v_C=O|Ar2_NBO_=O|ar2_enthalpy_hartree,0.9709231431186657,0.9140854453260803,0.3172682432639606,0
5,Ar2_LUMO|prod_homo_hartree|Ar1_v_C=O|Ar2_NBO_=O|ar2_enthalpy_hartree,0.970977892140553,0.9140558121258634,0.31696940920572486,0
5,Ar2_LUMO|Ar1_v_C=O|Ar2_NBO_=O|Ar2_I_C=O|sum_enthalpy_hartree,0.9796288284603838,0.9140515000537127,0.2655589100011928,0
5,Ar1_LUMO|Ar2_v_C=O|Ar1_NBO_=O|Entry|Ar2_I_C=O,0.9733463974870079,0.9140351171098577,0.3037601739639899,0
5,Ar2_LUMO|Ar1_v_C=O|Ar1_NBO_C2|ar2_enthalpy_hartree|sum_enthalpy_hartree,0.976126392830187,0.9140274526901542,0.28748281991642427,0
4,Ar1_LUMO|Ar2_v_C=O|Entry|ar2_enthalpy_hartree,0.9688220370909985,0.9139795600379651,0.3285312926656485,0
5,Ar2_v_C=O|Ar2_NBO_=O|Ar1_NBO_-O|Ar1_NBO_C2|Ar2_I_C=O,0.9712034980411606,0.9139456393772656,0.3157350108495618,0
5,Ar2_LUMO|Ar1_v_C=O|Ar2_NBO_-O|Ar2_I_C=O|Ar1_I_C=O,0.9721244179346606,0.9139335982316713,0.31064534259330284,0
5,Ar2_LUMO|Ar1_v_C=O|Ar2_NBO_C2|Ar1_NBO_C2|Ar2_I_C=O,0.9697038067313969,0.9138607050865217,0.32385224035609983,0
5,Ar2_LUMO|Ar1_v_C=O|Ar1_NBO_C2|Entry|Ar2_I_C=O,0.966388917011575,0.9138595669587811,0.34110974564389845,0
5,Ar2_LUMO|Ar1_HOMO|Ar1_NBO_-O|Entry|sum_enthalpy_hartree,0.976992785581707,0.9137886523559821,0.2822181199832328,0
5,Ar1_LUMO|Ar1_v_C=O|Ar2_v_C=O|Ar1_NBO_-O|Ar2_I_C=O,0.9707464884527405,0.9137131553264015,0.3182305557650035,0
5,prod_homo_hartree|sum_homo_hartree|Ar1_v_C=O|Ar2_NBO_C2|Ar1_I_C=O,0.9757645940278993,0.9136147257801981,0.289652995373336,0
5,Ar2_LUMO|Ar1_v_C=O|Ar2_v_C=O|Ar2_NBO_=O|Ar1_I_C=O,0.9704834857292545,0.9136137862841618,0.3196578754941101,0
4,Ar1_LUMO|Ar1_v_C=O|Ar2_NBO_=O|Ar1_I_C=O,0.9656406961033922,0.9135429755124116,0.344885592957975,0
5,Ar2_LUMO|Ar1_v_C=O|Ar2_v_C=O|Ar2_NBO_C2|Ar1_I_C=O,0.9681762711238618,0.9135392110442825,0.33191616760730785,0
5,Ar1_LUMO|Ar2_LUMO|Ar1_v_C=O|Ar1_NBO_=O|Ar1_I_C=O,0.9704808094634421,0.9134636310128892,0.3196723668741739,0
5,Ar1_LUMO|Ar2_v_C=O|Ar2_NBO_C2|Entry|ar2_enthalpy_hartree,0.9720003265750324,0.9134090510983042,0.3113360115342381,0
4,Ar2_LUMO|Ar1_v_C=O|Ar2_NBO_=O|sum_enthalpy_hartree,0.9667637553945287,0.913202385736492,0.3392023463639941,0
5,Ar2_LUMO|Ar2_v_C=O|Ar1_NBO_=O|Ar1_NBO_-O|Ar2_I_C=O,0.9747948761101146,0.9131589946093194,0.29539102288152297,0
5,Ar1_LUMO|Ar2_v_C=O|Ar1_NBO_-O|Ar2_I_C=O|Ar1_I_C=O,0.9717413118000704,0.9131024968864092,0.3127727245472979,0
5,Ar2_LUMO|Ar1_v_C=O|Ar1_HOMO|Ar1_NBO_-O|Entry,0.9733912708663566,0.9130759473304834,0.3035043645017241,0
5,Ar2_LUMO|sum_homo_hartree|Ar1_v_C=O|Entry|ar2_enthalpy_hartree,0.9749865159676171,0.9129481401377858,0.2942659201693701,0
5,Ar1_v_C=O|Ar2_NBO_-O|ar2_enthalpy_hartree|Ar1_I_C=O|sum_enthalpy_hartree,0.9721319244827997,0.9129039514102804,0.31060351331023645,0
5,Ar1_v_C=O|Ar2_NBO_=O|Ar1_NBO_-O|ar2_enthalpy_hartree|Ar1_I_C=O,0.9682030663025956,0.9127286101262758,0.3317764035657361,0
5,Ar2_LUMO|Ar1_v_C=O|Ar2_NBO_=O|Ar2_HOMO|ar2_enthalpy_hartree,0.9712396008746368,0.9126118016289201,0.31553702667163264,0
5,Ar2_LUMO|Ar1_v_C=O|Ar2_NBO_=O|Ar1_NBO_=O|Ar1_I_C=O,0.970107795552026,0.91258060551644,0.32168576736757915,0
5,Ar2_LUMO|Ar1_v_C=O|Ar2_NBO_=O|Ar2_HOMO|Ar1_I_C=O,0.9706554417307993,0.9125758519821292,0.3187253910570306,0
4,prod_homo_hartree|sum_homo_hartree|Ar1_v_C=O|ar2_enthalpy_hartree,0.9658777876294705,0.912513338340186,0.34369361595761466,0
3,Ar2_LUMO|Ar1_v_C=O|Ar1_NBO_C2,0.9525878135665458,0.9125089850524777,0.4051332296990254,0
5,Ar2_LUMO|Ar1_HOMO|Ar1_NBO_-O|Ar1_NBO_C2|Entry,0.9726088686047143,0.9123770981209971,0.3079341536211531,0
5,Ar2_LUMO|prod_homo_hartree|Ar1_v_C=O|Ar2_NBO_C2|ar2_enthalpy_hartree,0.9729852331394792,0.9122226635421455,0.3058112700567172,0
5,prod_homo_hartree|sum_homo_hartree|Ar1_v_C=O|Ar2_NBO_-O|Ar1_NBO_C2,0.9712987337944853,0.9121557267674509,0.3152124792569469,0
5,Ar2_LUMO|Ar1_v_C=O|Ar2_NBO_-O|Ar1_NBO_C2|ar2_enthalpy_hartree,0.9781750899447803,0.9121344332016472,0.2748711160213049,0
5,Ar2_LUMO|Ar1_v_C=O|Ar1_NBO_-O|Ar1_I_C=O|sum_enthalpy_hartree,0.9868909780451217,0.9120997750234726,0.21302865230568835,0
5,prod_homo_hartree|sum_homo_hartree|Ar2_v_C=O|Ar2_HOMO|Ar2_I_C=O,0.9818463768501002,0.9118669745327501,0.2506885696060526,0
5,prod_homo_hartree|sum_homo_hartree|Ar2_v_C=O|Ar1_HOMO|Ar2_I_C=O,0.9818463768501003,0.9118669745327493,0.2506885696060519,0
5,prod_homo_hartree|Ar2_v_C=O|Ar2_HOMO|Ar1_HOMO|Ar2_I_C=O,0.9818463768501,0.9118669745327468,0.250688569606054,0
5,Ar2_LUMO|Ar1_v_C=O|Ar2_NBO_=O|Ar1_NBO_-O|Ar2_I_C=O,0.9723659179928228,0.9116836306329401,0.3092967777166774,0
5,Ar2_HOMO|Ar1_NBO_=O|Ar2_NBO_C2|Entry|Ar2_I_C=O,0.9683955827140316,0.9113147543705934,0.33077049876970926,0
4,Ar1_LUMO|Ar2_v_C=O|Entry|sum_enthalpy_hartree,0.9666758349648116,0.9112892849452039,0.33965069905461776,0
4,Ar2_LUMO|prod_homo_hartree|Ar1_v_C=O|Ar1_I_C=O,0.9688406447255572,0.9112835502246922,0.3284332409962068,0
5,Ar1_LUMO|Ar2_LUMO|Ar1_v_C=O|Ar2_NBO_=O|Ar1_I_C=O,0.970007116854813,0.9112097140919078,0.3222270402537328,0
5,Ar2_v_C=O|Ar2_NBO_-O|Ar2_I_C=O|ar2_enthalpy_hartree|Ar1_I_C=O,0.9720790794240564,0.9112039413127362,0.3108978660192552,0
5,Ar2_LUMO|Ar2_v_C=O|Ar1_NBO_-O|Ar2_NBO_-O|Ar2_I_C=O,0.970334111641055,0.9110606261828103,0.32046570031621974,0
5,Ar2_v_C=O|Ar2_NBO_-O|Ar2_I_C=O|Ar1_I_C=O|sum_enthalpy_hartree,0.9718261787575182,0.9109358619304627,0.3123027092957746,0
5,Ar1_LUMO|Ar2_LUMO|Ar1_v_C=O|Ar1_NBO_C2|ar2_enthalpy_hartree,0.976009981310332,0.9109185874584708,0.2881828736233188,0
5,Ar1_LUMO|Ar1_v_C=O|Ar2_NBO_=O|Ar1_NBO_-O|Ar1_I_C=O,0.9724774104842627,0.9108683694643324,0.30867220257714223,0
4,Ar1_LUMO|Ar1_v_C=O|Ar2_v_C=O|Ar2_I_C=O,0.9663559875242451,0.9108489605648658,0.34127680094529705,0
4,prod_homo_hartree|sum_homo_hartree|Ar1_v_C=O|Entry,0.964718898389871,0.9108198668475646,0.3494813003509663,0
5,Ar1_LUMO|Ar1_v_C=O|Ar2_v_C=O|Entry|Ar2_I_C=O,0.9730743547229515,0.9106839541764267,0.3053064183963944,0
5,Ar2_LUMO|Ar1_v_C=O|Ar2_v_C=O|Ar1_NBO_=O|ar2_enthalpy_hartree,0.9744081119024472,0.9106638453234478,0.2976487331944907,0
5,Ar1_LUMO|Ar1_v_C=O|Ar2_NBO_C2|Ar1_NBO_C2|ar2_enthalpy_hartree,0.9762513361684542,0.9106032403162991,0.28672955749045276,0
5,Ar2_LUMO|Ar1_v_C=O|Ar2_v_C=O|Entry|ar2_enthalpy_hartree,0.9744629512463183,0.9103584065167234,0.29732965523363164,0
4,prod_homo_hartree|Ar1_v_C=O|Ar2_v_C=O|Ar2_HOMO,0.9766983118295034,0.9102104607759898,0.2840184595128843,0
4,Ar2_v_C=O|Ar1_NBO_-O|Ar1_NBO_C2|Ar2_I_C=O,0.9611132212892889,0.910183436140515,0.3669051931905356,0
5,prod_homo_hartree|sum_homo_hartree|Ar1_v_C=O|Entry|Ar2_I_C=O,0.9716392771406777,0.9100137636744378,0.313336885596369,0
5,Ar2_LUMO|Ar1_HOMO|Ar1_NBO_C2|Entry|sum_enthalpy_hartree,0.9614093865228588,0.9099095112301506,0.3655053311128116,0
5,Ar2_LUMO|Ar1_v_C=O|Entry|Ar2_I_C=O|sum_enthalpy_hartree,0.9820660513207958,0.9098171111624903,0.24916717929463217,0
5,Ar1_LUMO|Ar2_v_C=O|Ar1_NBO_=O|Ar2_I_C=O|sum_enthalpy_hartree,0.983874119307144,0.9097908631614063,0.23627327201978832,0
5,Ar1_LUMO|Ar1_v_C=O|Ar2_NBO_C2|Ar1_NBO_C2|sum_enthalpy_hartree,0.9761132603258978,0.9097764660572926,0.2875618789854694,0
5,Ar2_LUMO|Ar1_v_C=O|Ar1_HOMO|ar2_enthalpy_hartree|Ar1_I_C=O,0.9887813199347985,0.9096821942259585,0.19707146993412625,0
5,Ar1_v_C=O|Ar1_NBO_-O|Ar2_NBO_-O|Ar2_I_C=O|ar2_enthalpy_hartree,0.9718152171428711,0.9093163908245476,0.3123634573392707,0
5,Ar2_LUMO|Ar1_v_C=O|Ar2_NBO_C2|Ar1_NBO_C2|ar2_enthalpy_hartree,0.976032371453881,0.9093143956059216,0.2880483601360232,0
4,Ar1_LUMO|prod_homo_hartree|sum_homo_hartree|Ar1_v_C=O,0.9655173322612014,0.9092972814390184,0.34550417782040255,0
5,Ar1_LUMO|Ar2_LUMO|Ar1_v_C=O|Ar2_NBO_C2|ar2_enthalpy_hartree,0.9756248122473592,0.9090661724241168,0.2904871055712783,0
5,Ar2_v_C=O|Ar1_NBO_=O|Ar1_NBO_-O|Ar1_NBO_C2|Ar2_I_C=O,0.9648037535024285,0.9089620006061233,0.3490607759584874,0
4,Ar2_LUMO|Ar1_v_C=O|Ar2_NBO_C2|Ar2_I_C=O,0.9562018363102991,0.9089014891767819,0.38938644187041155,0
5,Ar1_LUMO|Ar2_LUMO|Ar2_v_C=O|Entry|Ar2_I_C=O,0.9715863846028628,0.9088545762420757,0.31362893497631045,0
5,Ar1_LUMO|Ar2_v_C=O|Ar1_NBO_C2|Ar2_I_C=O|ar2_enthalpy_hartree,0.9832935344642453,0.9086241239737729,0.24048897095722577,0
5,Ar2_LUMO|Ar1_v_C=O|Ar1_NBO_C2|Ar2_I_C=O|Ar1_I_C=O,0.9685837333054013,0.9086143746380183,0.32978444092618986,0
5,Ar2_LUMO|sum_homo_hartree|Ar2_NBO_-O|Entry|sum_enthalpy_hartree,0.9742736228757232,0.9084641081441166,0.29842980168253896,0
5,Ar1_LUMO|Ar2_v_C=O|Ar2_HOMO|Ar2_I_C=O|sum_enthalpy_hartree,0.983864166619213,0.9082972573214971,0.2363461731984038,0
5,Ar1_v_C=O|Ar2_NBO_=O|Ar2_NBO_-O|Ar1_I_C=O|sum_enthalpy_hartree,0.9698350928360877,0.908232497447334,0.32314978476792133,0
5,Ar1_LUMO|Ar1_v_C=O|Ar2_v_C=O|ar2_enthalpy_hartree|Ar1_I_C=O,0.9863190417281534,0.9082119842308606,0.21762617732472764,0
5,Ar1_LUMO|prod_homo_hartree|sum_homo_hartree|Ar1_v_C=O|ar2_enthalpy_hartree,0.9679246339792711,0.9082025689884671,0.33322585037625,0
5,Ar2_LUMO|Ar1_v_C=O|Ar2_NBO_=O|Ar1_HOMO|ar2_enthalpy_hartree,0.970834102488461,0.9081029763107012,0.31775364941572243,0
5,Ar2_LUMO|Ar1_v_C=O|Ar1_HOMO|Ar2_NBO_C2|sum_enthalpy_hartree,0.9685682241256798,0.9080736238801306,0.32986583275945497,0
5,Ar1_LUMO|Ar2_v_C=O|Ar2_I_C=O|ar2_enthalpy_hartree|sum_enthalpy_hartree,0.984081893960915,0.9080725775022693,0.23474620022865333,0
4,Ar2_LUMO|sum_homo_hartree|Ar1_v_C=O|Ar1_I_C=O,0.9684751130323602,0.9080433609678114,0.33035405613826724,0
4,Ar2_v_C=O|Ar1_NBO_=O|Ar1_NBO_-O|Ar2_I_C=O,0.9617117322777483,0.9079962015686265,0.36407070390088847,0
5,Ar1_LUMO|Ar2_v_C=O|Ar2_HOMO|Ar2_NBO_C2|ar2_enthalpy_hartree,0.9728240456069217,0.9077648374989897,0.3067222469020611,0
5,Ar2_LUMO|Ar2_v_C=O|Ar1_NBO_-O|Ar1_NBO_C2|Ar2_I_C=O,0.9700501197967081,0.9074162290205481,0.32199595741609577,0
4,Ar2_v_C=O|Ar1_NBO_=O|Ar2_NBO_-O|Ar2_I_C=O,0.9627629240082547,0.9073687245910848,0.3590382016887735,0
5,Ar1_LUMO|Ar1_v_C=O|Ar2_NBO_=O|Ar1_NBO_=O|Ar1_I_C=O,0.9690999986596708,0.9071609180280817,0.3270635328758355,0
5,prod_homo_hartree|sum_homo_hartree|Ar1_v_C=O|Ar2_I_C=O|sum_enthalpy_hartree,0.9717445109361514,0.9070534860474497,0.3127550197122028,0
5,Ar1_v_C=O|Ar2_v_C=O|Ar1_NBO_-O|Ar2_I_C=O|ar2_enthalpy_hartree,0.9704508089561131,0.9069971645881592,0.3198347679693935,0
4,Ar1_LUMO|Ar2_HOMO|Entry|ar2_enthalpy_hartree,0.9529513607055174,0.9069936744737381,0.4035770005589642,0
5,Ar2_LUMO|Ar1_v_C=O|Ar2_HOMO|Ar2_NBO_C2|ar2_enthalpy_hartree,0.9726382552663707,0.9068922014758722,0.30776892522913735,0
5,Ar1_v_C=O|Ar1_NBO_-O|Ar2_NBO_-O|ar2_enthalpy_hartree|Ar1_I_C=O,0.9709464395183095,0.9068839658709812,0.31714112001825995,0
5,Ar2_LUMO|Ar1_v_C=O|Ar2_HOMO|Ar1_NBO_=O|sum_enthalpy_hartree,0.9727797357597178,0.9068702496659724,0.3069721972869035,0
5,Ar2_v_C=O|Ar1_HOMO|Ar2_NBO_C2|Entry|Ar2_I_C=O,0.9671425567735082,0.9065718293244931,0.33726382220085444,0
5,Ar1_LUMO|Ar2_LUMO|Ar2_v_C=O|Ar2_I_C=O|Ar1_I_C=O,0.9697217687073098,0.9065705052243483,0.323756223530771,0
5,Ar2_v_C=O|Ar1_NBO_-O|Ar2_I_C=O|ar2_enthalpy_hartree|Ar1_I_C=O,0.9716877136857153,0.9064343108445126,0.3130692012734293,0
5,prod_homo_hartree|sum_homo_hartree|Ar2_v_C=O|Ar1_HOMO|Ar1_I_C=O,0.9810625474024982,0.9064240028123398,0.2560434402620266,0
5,prod_homo_hartree|sum_homo_hartree|Ar2_v_C=O|Ar2_HOMO|Ar1_I_C=O,0.981062547402498,0.9064240028123387,0.2560434402620275,0
5,prod_homo_hartree|Ar2_v_C=O|Ar2_HOMO|Ar1_HOMO|Ar1_I_C=O,0.9810625474024978,0.906424002812337,0.2560434402620292,0
5,Ar2_LUMO|prod_homo_hartree|Ar2_NBO_-O|Entry|sum_enthalpy_hartree,0.9731437869698648,0.9064204685551936,0.30491252265558416,0
5,Ar1_LUMO|Ar1_v_C=O|Ar2_NBO_=O|Entry|Ar1_I_C=O,0.9695569532112649,0.9063521681039216,0.32463618947836537,0
5,Ar1_LUMO|Ar2_v_C=O|Ar2_I_C=O|Ar1_I_C=O|sum_enthalpy_hartree,0.98575030799773,0.9061978689017698,0.22210360780566138,0
4,Ar1_LUMO|Ar2_v_C=O|Ar2_I_C=O|Ar1_I_C=O,0.9678434674201151,0.9060869795175996,0.3336471971949836,0
5,Ar2_LUMO|Ar1_v_C=O|Ar2_NBO_=O|Ar1_NBO_C2|ar2_enthalpy_hartree,0.9770521845524915,0.906079639658405,0.281853575642159,0
5,Ar2_LUMO|Ar1_v_C=O|Ar2_v_C=O|Ar2_NBO_=O|ar2_enthalpy_hartree,0.9738075291385557,0.9060684869191975,0.301121045192991,0
5,prod_homo_hartree|sum_homo_hartree|Ar1_v_C=O|Ar2_NBO_=O|Ar2_I_C=O,0.9734465565882194,0.9059756607163715,0.30318890068057447,0
4,Ar2_LUMO|Ar1_v_C=O|Ar2_v_C=O|ar2_enthalpy_hartree,0.9697976287093303,0.9059601035797,0.3233503948304363,0
5,prod_homo_hartree|Ar1_v_C=O|Ar2_v_C=O|Ar2_HOMO|Ar1_NBO_-O,0.9775115789795036,0.9058421025420306,0.2790180866000149,0
5,Ar2_LUMO|prod_homo_hartree|sum_homo_hartree|Ar1_v_C=O|ar2_enthalpy_hartree,0.973573888534988,0.9058249836384786,0.30246108498561347,0
5,Ar1_LUMO|Ar2_v_C=O|Ar2_NBO_C2|Entry|sum_enthalpy_hartree,0.9684899822629051,0.9055916778143713,0.33027613849207177,0
5,Ar2_LUMO|Ar1_v_C=O|Ar2_NBO_C2|Ar1_NBO_C2|sum_enthalpy_hartree,0.9753483024561953,0.9055783141106314,0.29213008817896496,0
5,Ar2_LUMO|Ar1_v_C=O|Ar2_v_C=O|Ar1_NBO_=O|Ar1_I_C=O,0.9694126753816006,0.9054645203909113,0.3254045495250913,0
5,Ar1_LUMO|Ar2_v_C=O|Ar2_HOMO|Ar2_I_C=O|ar2_enthalpy_hartree,0.9829563211812162,0.9054192150299429,0.2429039321280563,0
5,Ar1_v_C=O|Ar2_NBO_=O|Ar1_NBO_-O|Ar1_I_C=O|sum_enthalpy_hartree,0.9658036261275188,0.9053224001653895,0.3440669065302202,0
5,Ar2_LUMO|Ar1_v_C=O|Ar1_NBO_-O|Ar2_I_C=O|ar2_enthalpy_hartree,0.9807629866041683,0.9052857251792045,0.25806059731734293,0
5,Ar2_LUMO|prod_homo_hartree|sum_homo_hartree|Ar1_v_C=O|sum_enthalpy_hartree,0.9714115435661211,0.9051605305121613,0.31459240107954234,0
5,Ar1_LUMO|Ar2_LUMO|Ar1_v_C=O|Ar1_NBO_C2|sum_enthalpy_hartree,0.9749701492325764,0.9047625061437893,0.2943621759483151,0
5,Ar2_LUMO|Ar1_v_C=O|Ar1_NBO_=O|Ar1_NBO_-O|Ar1_I_C=O,0.9702141630132296,0.9047256844073451,0.3211129191556713,0
5,Ar1_LUMO|Ar2_v_C=O|Ar2_NBO_=O|Ar2_I_C=O|Ar1_I_C=O,0.9706418604599159,0.9046736203016509,0.31879913888954126,0
5,Ar1_LUMO|Ar2_v_C=O|Ar1_NBO_-O|Ar2_NBO_-O|Ar2_I_C=O,0.9695165086171856,0.9046729215471742,0.32485176285799405,0
5,Ar1_LUMO|Ar2_v_C=O|Ar1_NBO_C2|Entry|Ar2_I_C=O,0.9708595417218554,0.9046317577900767,0.31761504280068764,0
5,Ar2_LUMO|Ar1_v_C=O|Ar2_NBO_=O|Ar1_NBO_=O|ar2_enthalpy_hartree,0.9743746621587323,0.9045591324461443,0.29784318978567653,0
4,Ar1_v_C=O|Ar2_NBO_-O|Ar1_I_C=O|sum_enthalpy_hartree,0.9601112428206119,0.9044949824819292,0.37160207212332824,0
5,Ar2_LUMO|Ar1_HOMO|Ar2_NBO_-O|Entry|ar2_enthalpy_hartree,0.9746525010654385,0.9044575555492977,0.2962241290193164,0
4,Ar1_LUMO|prod_homo_hartree|Ar1_NBO_-O|Entry,0.9566084045772615,0.9044297320965454,0.38757493578759766,0
5,Ar2_LUMO|Ar1_v_C=O|Ar2_NBO_C2|Ar2_I_C=O|sum_enthalpy_hartree,0.9754200683730174,0.9043599648280206,0.29170455431633013,0
4,Ar1_v_C=O|Ar2_NBO_-O|Ar2_NBO_C2|Ar1_I_C=O,0.9617371736804343,0.9043537527048845,0.3639497267830308,0
5,Ar1_LUMO|Ar1_v_C=O|Ar2_NBO_C2|Ar1_NBO_C2|Ar2_I_C=O,0.9686612170605533,0.9043282604608729,0.32937750664190235,0
4,prod_homo_hartree|sum_homo_hartree|Ar1_v_C=O|Ar1_NBO_-O,0.9647483410138827,0.9043278380125597,0.3493354461447608,0
5,Ar1_v_C=O|Ar2_v_C=O|Ar2_NBO_-O|Ar2_I_C=O|sum_enthalpy_hartree,0.9699784964160684,0.9042448554580023,0.3223807447209337,0
5,Ar1_v_C=O|Ar1_NBO_=O|Ar2_NBO_-O|Ar2_NBO_C2|Ar1_I_C=O,0.9698225502592133,0.9042430900392757,0.32321696067135913,0
4,Ar2_LUMO|Ar1_v_C=O|Ar1_NBO_C2|Ar2_I_C=O,0.9588061696561737,0.9041341449297551,0.3776321511227085,0
5,Ar1_LUMO|Ar2_HOMO|Entry|ar2_enthalpy_hartree|sum_enthalpy_hartree,0.9582601281078286,0.9039526203570216,0.3801267481065618,0
5,Ar2_LUMO|Ar1_v_C=O|Ar2_v_C=O|Ar2_NBO_C2|ar2_enthalpy_hartree,0.9744894241292101,0.9037643814659486,0.29717550245383056,0
5,Ar2_LUMO|prod_homo_hartree|sum_homo_hartree|Entry|sum_enthalpy_hartree,0.9573198106957026,0.9037349020688639,0.3843846559646407,0
5,Ar2_LUMO|Ar1_v_C=O|Ar2_NBO_=O|Ar2_NBO_C2|ar2_enthalpy_hartree,0.972648678771135,0.9034745751153346,0.3077102970883863,0
4,Ar2_LUMO|prod_homo_hartree|sum_homo_hartree|Ar1_v_C=O,0.9676995433718877,0.9034530160456877,0.33439302145445227,0
5,Ar1_LUMO|Ar2_v_C=O|Ar1_NBO_=O|Ar2_NBO_C2|Ar2_I_C=O,0.9677259068248859,0.9032677507646512,0.33425652873574957,0
5,Ar1_LUMO|Ar2_LUMO|Ar1_v_C=O|Ar2_NBO_=O|ar2_enthalpy_hartree,0.974402308617802,0.9032482186590813,0.2976824790909149,0
5,Ar2_LUMO|sum_homo_hartree|Ar1_v_C=O|Ar2_NBO_=O|sum_enthalpy_hartree,0.9669302646757735,0.9032333864245191,0.3383515995796909,0
5,Ar2_LUMO|Ar1_v_C=O|Ar2_NBO_-O|Ar2_I_C=O|ar2_enthalpy_hartree,0.9836356487967857,0.9031414312467746,0.23801387241118896,0
5,Ar2_LUMO|Ar1_v_C=O|Entry|ar2_enthalpy_hartree|sum_enthalpy_hartree,0.9744981981368577,0.902887785208869,0.2971243933691236,0
5,Ar2_LUMO|prod_homo_hartree|Ar1_v_C=O|Ar2_HOMO|ar2_enthalpy_hartree,0.9699877309956104,0.9028736808526957,0.32233115893667774,0
3,Ar2_LUMO|Ar1_v_C=O|Entry,0.9528276875413496,0.9028151147598265,0.40410707846024807,0
5,Ar1_LUMO|Ar2_v_C=O|Entry|Ar2_I_C=O|Ar1_I_C=O,0.9740966953184702,0.90275770023708,0.2994542363607391,0
5,Ar2_LUMO|Ar1_v_C=O|Ar1_NBO_=O|ar2_enthalpy_hartree|sum_enthalpy_hartree,0.9741159994820129,0.9027499468398034,0.2993426330145882,0
4,Ar1_LUMO|Ar2_LUMO|Ar2_v_C=O|Ar2_I_C=O,0.9635874369528762,0.902734622197641,0.35504099277058376,0
5,Ar2_LUMO|prod_homo_hartree|Ar1_v_C=O|Ar2_NBO_=O|sum_enthalpy_hartree,0.9669951644339453,0.9027229965816163,0.3380194269597809,0
5,Ar1_LUMO|Ar1_v_C=O|Ar2_NBO_=O|Ar1_NBO_C2|Ar1_I_C=O,0.9666520323315999,0.9026800704083613,0.3397719794807296,0
5,Ar1_LUMO|prod_homo_hartree|Ar1_v_C=O|Ar2_v_C=O|Ar2_HOMO,0.97709183661505,0.9026317437016945,0.281609959693946,0
4,Ar1_v_C=O|Ar2_NBO_-O|Ar1_NBO_C2|Ar1_I_C=O,0.9601290698849637,0.9025484079129488,0.3715190247329132,0
5,Ar2_LUMO|Ar1_v_C=O|Ar1_NBO_-O|Ar2_NBO_C2|ar2_enthalpy_hartree,0.9745768283941976,0.9025125060412398,0.2966659746985319,0
5,Ar1_LUMO|Ar2_LUMO|Ar1_v_C=O|Entry|ar2_enthalpy_hartree,0.9744146108953786,0.9025016119229818,0.2976109372368163,0
4,Ar2_LUMO|Ar1_v_C=O|Ar2_I_C=O|sum_enthalpy_hartree,0.9747136727709556,0.9024079323122592,0.2958664708313654,0
4,prod_homo_hartree|sum_homo_hartree|Ar1_v_C=O|sum_enthalpy_hartree,0.9647751540645869,0.9023550488123553,0.34920256543634665,0
4,prod_homo_hartree|sum_homo_hartree|Ar1_v_C=O|Ar2_NBO_=O,0.9653751779026611,0.9022128672421689,0.3462156136394001,0
5,Ar2_LUMO|prod_homo_hartree|Ar1_v_C=O|Ar2_NBO_-O|Ar1_I_C=O,0.9721867975828594,0.9021560291962921,0.3102975686845415,0
5,Ar2_v_C=O|Ar1_NBO_=O|Ar1_NBO_-O|Ar2_I_C=O|ar2_enthalpy_hartree,0.9704060126339941,0.9021210181298042,0.3200771095502414,0
5,Ar1_LUMO|Ar2_v_C=O|Ar2_NBO_=O|Entry|sum_enthalpy_hartree,0.9703942543059151,0.9020632807302041,0.3201406899974346,0
5,Ar1_LUMO|Ar1_v_C=O|Ar2_NBO_=O|Ar1_NBO_=O|ar2_enthalpy_hartree,0.9739961098777263,0.901876625083897,0.30003508024921804,0
4,Ar2_LUMO|Ar1_HOMO|Ar1_NBO_-O|Entry,0.9670774141150164,0.9018159436124096,0.3375979836744949,0
5,Ar1_LUMO|Ar1_v_C=O|Ar2_v_C=O|Ar1_NBO_C2|Ar2_I_C=O,0.9671631164341905,0.9017896705354093,0.3371582888102594,0
5,Ar1_NBO_=O|Ar1_HOMO|Ar2_NBO_C2|Entry|Ar1_I_C=O,0.9698023376805027,0.9017414297555362,0.32332518642828284,0
5,Ar1_LUMO|Ar2_v_C=O|Ar1_NBO_C2|Ar2_I_C=O|Ar1_I_C=O,0.9690065942093992,0.9017330276082337,0.3275574833125697,0
4,Ar1_LUMO|Ar2_v_C=O|Ar1_NBO_-O|Ar2_I_C=O,0.9674808630850564,0.9016922633533833,0.33552306447590574,0
4,Ar2_LUMO|Ar1_HOMO|Entry|sum_enthalpy_hartree,0.9565585154670782,0.9016489171425535,0.38779767724129555,0
4,Ar2_LUMO|Ar1_v_C=O|Ar1_NBO_-O|ar2_enthalpy_hartree,0.9698624552960021,0.9016370450993295,0.32300318761334657,0
5,Ar2_LUMO|Ar1_v_C=O|Ar1_NBO_-O|Ar2_I_C=O|Ar1_I_C=O,0.9708020328043097,0.9016253420571023,0.317928296184379,0
5,Ar1_LUMO|Ar2_LUMO|Ar1_v_C=O|Ar1_NBO_=O|ar2_enthalpy_hartree,0.9743447913693178,0.9015858487283187,0.2980167332540666,0
5,Ar1_LUMO|Ar2_LUMO|Ar1_v_C=O|Ar2_NBO_C2|sum_enthalpy_hartree,0.9742085375941233,0.9015470217195718,0.298807062698964,0
5,Ar1_LUMO|sum_homo_hartree|Ar2_v_C=O|Entry|ar2_enthalpy_hartree,0.970102527561836,0.901535142399101,0.32171411192834176,0
5,Ar1_LUMO|Ar2_LUMO|Ar1_v_C=O|Ar2_I_C=O|Ar1_I_C=O,0.9697217687073098,0.9015323409863667,0.323756223530771,0
4,Ar2_LUMO|Ar1_v_C=O|ar2_enthalpy_hartree|sum_enthalpy_hartree,0.9700605466797245,0.9014876298255097,0.32193990199243344,0
5,Ar1_v_C=O|Ar2_v_C=O|Ar2_NBO_-O|ar2_enthalpy_hartree|Ar1_I_C=O,0.9699469183799685,0.9014542392767508,0.32255024781031566,0
5,prod_homo_hartree|Ar1_v_C=O|Ar2_v_C=O|Ar2_NBO_=O|Ar2_HOMO,0.98124229737609,0.9014459325732291,0.25482539008756744,0
5,Ar1_LUMO|Ar2_v_C=O|Ar1_NBO_=O|Ar1_NBO_C2|Ar2_I_C=O,0.968128291145048,0.901429191192094,0.33216628494427064,0
5,Ar2_LUMO|Ar1_v_C=O|Ar2_NBO_-O|Ar2_NBO_C2|Ar2_I_C=O,0.9668229727276713,0.9013503547765185,0.33890003162126436,0
5,Ar2_LUMO|Ar1_HOMO|Ar1_NBO_-O|Entry|ar2_enthalpy_hartree,0.9756675671675484,0.9013116782006967,0.2902322315557173,0
5,Ar1_LUMO|prod_homo_hartree|Ar2_NBO_C2|Entry|ar2_enthalpy_hartree,0.9608774762393381,0.90129011126922,0.36801566556134435,0
5,Ar1_LUMO|Ar2_HOMO|Ar2_NBO_C2|Entry|Ar2_I_C=O,0.9742612821025701,0.9011255698372419,0.29850137050298586,0
5,Ar1_LUMO|Ar2_HOMO|Ar2_NBO_C2|Entry|ar2_enthalpy_hartree,0.9606990091359974,0.9011061903369455,0.3688541078633264,0
5,Ar2_LUMO|prod_homo_hartree|Ar1_v_C=O|Ar2_v_C=O|Ar2_HOMO,0.9768414261755674,0.901105874594212,0.28314492365927857,0
4,Ar1_LUMO|sum_homo_hartree|Ar1_NBO_-O|Entry,0.9545775232090042,0.90107660881613,0.3965411669527555,0
5,Ar2_LUMO|sum_homo_hartree|Ar1_v_C=O|Ar2_NBO_-O|Ar1_I_C=O,0.9723058206306288,0.9010167896765428,0.30963291744082805,0
5,Ar2_LUMO|Ar2_v_C=O|Ar2_NBO_=O|Ar1_NBO_=O|Ar2_I_C=O,0.9689962551849121,0.9009037961373214,0.32761211335995194,0
3,Ar2_LUMO|Ar1_v_C=O|Ar1_HOMO,0.9472910114981543,0.9007771523491929,0.4271645615069433,0
4,Ar2_LUMO|Ar1_v_C=O|Ar1_NBO_-O|sum_enthalpy_hartree,0.9670728244756709,0.900611130166634,0.33762151461761136,0
5,Ar1_LUMO|Ar2_v_C=O|Ar1_HOMO|Entry|sum_enthalpy_hartree,0.9676227430641664,0.9005384159618991,0.33479032604589637,0
3,Ar1_LUMO|Ar2_v_C=O|Ar2_I_C=O,0.9591209960590408,0.9005158006129327,0.37618634484229774,0
4,Ar2_LUMO|prod_homo_hartree|Ar2_NBO_-O|Entry,0.963106425559178,0.9004635189280668,0.3573783517026013,0
5,Ar1_LUMO|Ar2_v_C=O|Ar2_NBO_C2|Entry|Ar2_I_C=O,0.9705855896798327,0.900442615950668,0.3191045139709006,0
5,Ar2_LUMO|Ar1_v_C=O|Ar2_NBO_=O|Ar2_HOMO|sum_enthalpy_hartree,0.9673148550375524,0.9003243629892967,0.3363783858245925,0
5,Ar1_LUMO|Ar2_LUMO|Ar2_v_C=O|Ar1_NBO_-O|Ar2_I_C=O,0.9691398866581037,0.9002977985192433,0.32685236585325167,0
5,Ar1_LUMO|Ar1_v_C=O|Ar2_v_C=O|Ar2_NBO_=O|Ar2_I_C=O,0.9694373286873522,0.9001934338949313,0.325273385471154,0
5,Ar2_v_C=O|Ar1_NBO_-O|Ar2_NBO_-O|Ar2_I_C=O|ar2_enthalpy_hartree,0.9681101471403173,0.9001591467564203,0.3322608197113769,0
4,Ar2_LUMO|sum_homo_hartree|Ar2_NBO_-O|Entry,0.9631984717241746,0.9001134414607987,0.3569322597940228,0
5,Ar2_LUMO|Ar1_v_C=O|Ar2_I_C=O|Ar1_I_C=O|sum_enthalpy_hartree,0.9866123285336637,0.9000933131848238,0.21528084904969058,0
4,Ar2_LUMO|Ar1_v_C=O|Ar1_HOMO|Entry,0.9555439505871512,0.8999892721711974,0.3922999996267509,0
5,Ar1_LUMO|Ar2_HOMO|Ar1_NBO_C2|Entry|ar2_enthalpy_hartree,0.955769795693841,0.899935995160859,0.3913022518722339,0
5,Ar2_LUMO|Ar1_v_C=O|Ar2_v_C=O|Ar1_NBO_C2|sum_enthalpy_hartree,0.9742047196157283,0.8997483002056083,0.29882917848042884,0
5,Ar1_LUMO|prod_homo_hartree|sum_homo_hartree|Ar1_v_C=O|Entry,0.9656481701428099,0.8993198987232183,0.3448480801387706,0
5,Ar1_LUMO|Ar1_v_C=O|Ar2_HOMO|Entry|ar2_enthalpy_hartree,0.9574577989847517,0.8991993903197273,0.38376278054214435,0
5,Ar1_LUMO|Ar2_LUMO|Ar1_v_C=O|Ar2_NBO_=O|sum_enthalpy_hartree,0.9739886506964236,0.8991619274671437,0.30007810949561686,0
5,Ar2_LUMO|prod_homo_hartree|Ar2_v_C=O|Ar2_HOMO|ar2_enthalpy_hartree,0.9728299924560744,0.8991393369090177,0.30668868541778505,0
5,sum_homo_hartree|Ar1_NBO_=O|Ar2_NBO_C2|Entry|Ar2_I_C=O,0.9689829324657204,0.8991092649838002,0.32768249542873373,0
5,Ar2_LUMO|Ar1_v_C=O|Ar2_NBO_=O|Ar1_HOMO|sum_enthalpy_hartree,0.9667638077492254,0.8990978619495538,0.33920207920320117,0
5,Ar1_LUMO|Ar2_LUMO|Ar2_v_C=O|Ar2_NBO_-O|Ar2_I_C=O,0.9686645181534992,0.8990782927013294,0.32936015857831696,0
5,Ar2_LUMO|prod_homo_hartree|Ar1_HOMO|Entry|ar2_enthalpy_hartree,0.9588314635318135,0.89907051659063,0.3775161962905516,0
5,Ar1_LUMO|Ar1_v_C=O|Ar2_NBO_=O|Ar2_NBO_C2|Ar1_I_C=O,0.965797883761592,0.899036481380663,0.34409579373257415,0
4,Ar1_v_C=O|Ar2_NBO_=O|Ar2_NBO_-O|Ar1_I_C=O,0.9617042750950996,0.8989142395177587,0.36410615613883335,0
4,Ar2_LUMO|prod_homo_hartree|Ar1_v_C=O|Entry,0.9566520495850581,0.8987473560161825,0.38737996753746534,0
5,Ar1_LUMO|Ar2_v_C=O|Ar1_NBO_-O|Entry|Ar2_I_C=O,0.972578675425906,0.898646163816844,0.30810382441865375,0
5,Ar2_LUMO|Ar1_v_C=O|Ar1_HOMO|Entry|Ar2_I_C=O,0.9654558484373457,0.8986139235808941,0.345812063761598,0
5,Ar1_v_C=O|Ar1_NBO_-O|Ar2_NBO_C2|Entry|Ar1_I_C=O,0.9602642587646879,0.8985539671450115,0.37088864205624267,0
5,Ar1_LUMO|sum_homo_hartree|Ar2_NBO_C2|Entry|ar2_enthalpy_hartree,0.9605820158900455,0.8985533031584255,0.369402711992283,0
4,Ar1_LUMO|Ar2_LUMO|Ar1_v_C=O|ar2_enthalpy_hartree,0.9698583269933566,0.8984324007087934,0.32302530967513543,0
5,Ar2_LUMO|Ar1_v_C=O|Ar1_NBO_=O|Ar1_NBO_-O|ar2_enthalpy_hartree,0.9741130526351025,0.8983793582610441,0.29935967233984995,0
5,Ar2_LUMO|sum_homo_hartree|Ar2_HOMO|Entry|ar2_enthalpy_hartree,0.9586529859439734,0.8982816439318836,0.3783336325868123,0
5,Ar2_LUMO|Ar2_HOMO|Ar1_HOMO|Entry|ar2_enthalpy_hartree,0.9586529859439734,0.8982816439318835,0.3783336325868123,0
5,Ar2_LUMO|sum_homo_hartree|Ar1_HOMO|Entry|ar2_enthalpy_hartree,0.9586529859439734,0.8982816439318835,0.3783336325868124,0
5,Ar2_LUMO|Ar1_v_C=O|Ar2_NBO_-O|Entry|ar2_enthalpy_hartree,0.9757200485808324,0.8980864702032954,0.2899190688760265,0
5,Ar2_LUMO|Ar1_v_C=O|Ar1_HOMO|Ar2_I_C=O|sum_enthalpy_hartree,0.9749891381115768,0.8980432793788015,0.2942504959320482,0
5,Ar2_v_C=O|Ar1_NBO_-O|Ar2_NBO_C2|Ar2_I_C=O|sum_enthalpy_hartree,0.9726987198453204,0.8979433446713851,0.3074286799205369,0
3,Ar1_LUMO|Ar2_v_C=O|sum_enthalpy_hartree,0.9606774208404796,0.8978519663098,0.36895540096161644,0
5,Ar1_LUMO|prod_homo_hartree|Entry|ar2_enthalpy_hartree|sum_enthalpy_hartree,0.9584874552732758,0.8977820381405561,0.37909019586846965,0
5,Ar1_v_C=O|Ar2_NBO_=O|Ar2_NBO_-O|Ar1_NBO_C2|Ar1_I_C=O,0.9661140122632357,0.8977076154770184,0.34250187167950524,0
5,Ar1_LUMO|sum_homo_hartree|Entry|ar2_enthalpy_hartree|sum_enthalpy_hartree,0.9585975348823673,0.8975283932076022,0.3785872418612813,0
5,prod_homo_hartree|sum_homo_hartree|Ar1_v_C=O|Entry|ar2_enthalpy_hartree,0.9658858444781726,0.897502012481275,0.3436530375374596,0
5,Ar2_LUMO|prod_homo_hartree|sum_homo_hartree|Ar1_v_C=O|Ar2_NBO_=O,0.9691669789997942,0.8974912643296256,0.3267088611900403,0
5,prod_homo_hartree|Ar1_NBO_=O|Ar2_NBO_C2|Entry|Ar2_I_C=O,0.9713002288749598,0.8974768312396625,0.3152042692679334,0
5,Ar1_LUMO|prod_homo_hartree|Ar2_v_C=O|Entry|ar2_enthalpy_hartree,0.9700058738926784,0.8973953431971726,0.32223371703532766,0
5,Ar1_v_C=O|Ar1_NBO_-O|Ar2_NBO_-O|Ar1_I_C=O|sum_enthalpy_hartree,0.9692930586916915,0.8973769326736991,0.32604020228872255,0
5,Ar2_LUMO|Ar1_HOMO|Ar2_NBO_C2|Entry|sum_enthalpy_hartree,0.9605907681304336,0.897182462251088,0.3693616992300233,0
5,Ar2_LUMO|Ar2_v_C=O|Ar1_NBO_=O|Ar2_NBO_-O|Ar2_I_C=O,0.9727839488100193,0.8970592785987928,0.30694844036552643,0
5,Ar1_LUMO|Ar2_LUMO|Ar1_HOMO|Ar2_NBO_-O|Entry,0.9697107601415407,0.8970175657423668,0.3238150738603366,0
4,Ar2_LUMO|sum_homo_hartree|Ar1_v_C=O|Entry,0.9561510755722902,0.8969760417274906,0.3896120200441977,0
3,Ar2_LUMO|sum_homo_hartree|Ar1_v_C=O,0.9481659934554318,0.8969653243291887,0.42360420646662295,0
5,Ar1_LUMO|Ar2_LUMO|Ar2_v_C=O|Entry|ar2_enthalpy_hartree,0.9698244250644615,0.8969510062464405,0.3232069204215817,0
5,Ar1_v_C=O|Ar2_NBO_-O|Ar2_NBO_C2|Ar2_I_C=O|Ar1_I_C=O,0.9634894067596202,0.8969092489461419,0.3555185936355961,0
5,prod_homo_hartree|Ar1_v_C=O|Ar2_v_C=O|Ar2_HOMO|Ar1_NBO_C2,0.9793948687920865,0.8968305208411517,0.2670795074532296,0
5,Ar2_LUMO|Ar1_v_C=O|Ar2_v_C=O|Entry|sum_enthalpy_hartree,0.9725696919468241,0.8967640139169055,0.30815428911445203,0
3,Ar2_LUMO|prod_homo_hartree|Ar1_v_C=O,0.9487323733496661,0.8965946408872156,0.42128353014787506,0
4,Ar1_v_C=O|Ar2_NBO_=O|Ar1_NBO_-O|Ar2_I_C=O,0.9522784352624003,0.8965479910297137,0.4064528864825678,0
5,Ar1_LUMO|Ar2_LUMO|Ar1_v_C=O|Entry|sum_enthalpy_hartree,0.9732229145882766,0.8964991050157025,0.3044630028452166,0
5,Ar1_LUMO|sum_homo_hartree|Ar2_v_C=O|Ar2_I_C=O|sum_enthalpy_hartree,0.9839356649850808,0.8963563885026309,0.23582196333444924,0
5,Ar2_v_C=O|Ar2_NBO_-O|Ar1_NBO_C2|Ar2_I_C=O|sum_enthalpy_hartree,0.9700524347747173,0.8962934419021998,0.3219835128259983,0
4,Ar1_LUMO|prod_homo_hartree|Ar2_NBO_C2|Entry,0.9466956311409774,0.8962853988322337,0.42957032980075377,0
5,Ar1_LUMO|Ar2_LUMO|Ar1_v_C=O|ar2_enthalpy_hartree|sum_enthalpy_hartree,0.9701982370193106,0.8962625528236982,0.3211987545643636,0
5,Ar1_LUMO|Ar2_LUMO|Ar2_v_C=O|Ar2_I_C=O|sum_enthalpy_hartree,0.9840196491497539,0.8962031846727965,0.2352047182397696,0
5,Ar1_LUMO|Ar1_v_C=O|Ar1_NBO_C2|ar2_enthalpy_hartree|sum_enthalpy_hartree,0.972925386981852,0.8961722437025733,0.3061498164676436,0
5,Ar1_LUMO|Ar2_LUMO|Ar1_v_C=O|Ar2_v_C=O|Ar1_I_C=O,0.9697217687073099,0.8957671543050478,0.3237562235307707,0
5,Ar2_LUMO|Ar1_v_C=O|Ar1_NBO_=O|Ar1_NBO_-O|sum_enthalpy_hartree,0.9733291314150329,0.8955682204254836,0.3038585452051628,0
5,prod_homo_hartree|sum_homo_hartree|Ar1_v_C=O|Ar2_v_C=O|Ar2_HOMO,0.9783685907799144,0.8955653509982227,0.27364989203097156,0
5,Ar2_LUMO|Ar1_v_C=O|Ar2_NBO_=O|Ar1_NBO_=O|sum_enthalpy_hartree,0.9731343999837045,0.8955264284554657,0.30496580566248943,0
3,Ar2_LUMO|Ar1_v_C=O|Ar2_NBO_C2,0.9471692252645889,0.8955256221976913,0.42765776721086424,0
5,Ar2_LUMO|Ar1_v_C=O|Ar2_NBO_=O|Ar1_NBO_C2|sum_enthalpy_hartree,0.9733736952233228,0.8955010009575339,0.3036045835648185,0
5,Ar2_LUMO|Ar1_v_C=O|Ar2_v_C=O|Ar1_NBO_=O|sum_enthalpy_hartree,0.9729217824760152,0.8954329967101576,0.30617019500589976,0
5,Ar2_LUMO|sum_homo_hartree|Ar1_v_C=O|Ar2_NBO_C2|sum_enthalpy_hartree,0.9675501339945576,0.8954138918581573,0.3351655153445376,0
4,Ar2_LUMO|Ar1_v_C=O|Ar2_NBO_-O|ar2_enthalpy_hartree,0.9698039402699971,0.8953285899710358,0.32331660688301245,0
5,prod_homo_hartree|Ar1_v_C=O|Ar2_v_C=O|Ar2_HOMO|ar2_enthalpy_hartree,0.9770447603833196,0.8952966171083574,0.2818991651540156,0
5,Ar1_LUMO|prod_homo_hartree|Ar1_v_C=O|Ar1_NBO_-O|Entry,0.9573774353957781,0.8952954027483797,0.3841250796552986,0
5,prod_homo_hartree|sum_homo_hartree|Ar1_v_C=O|Ar2_NBO_=O|ar2_enthalpy_hartree,0.9666002300366978,0.8952717185657766,0.34003577574083493,0
5,Ar1_LUMO|Ar1_v_C=O|Ar2_v_C=O|Ar2_NBO_-O|Ar1_I_C=O,0.969537776311272,0.8951550935477233,0.3247384219468548,0
5,Ar2_LUMO|sum_homo_hartree|Ar1_v_C=O|Ar2_HOMO|ar2_enthalpy_hartree,0.9699054104420348,0.8951218169551197,0.32277291675598346,0
5,Ar2_LUMO|Ar1_v_C=O|Ar2_HOMO|Ar1_HOMO|ar2_enthalpy_hartree,0.9699054104420347,0.8951218169551196,0.3227729167559836,0
5,Ar2_LUMO|sum_homo_hartree|Ar1_v_C=O|Ar1_HOMO|ar2_enthalpy_hartree,0.9699054104420348,0.8951218169551195,0.3227729167559834,0
5,prod_homo_hartree|sum_homo_hartree|Ar1_v_C=O|Ar1_NBO_-O|Ar1_I_C=O,0.9763734750068666,0.8949369181317464,0.2859912852382706,0
5,Ar2_LUMO|prod_homo_hartree|Ar1_v_C=O|Ar2_v_C=O|ar2_enthalpy_hartree,0.9699569087859192,0.8949117228629384,0.32249663141578255,0
5,Ar1_LUMO|Ar2_LUMO|Ar1_v_C=O|Ar1_NBO_=O|sum_enthalpy_hartree,0.9732813629684485,0.8948662784668623,0.30413053404766177,0
5,Ar2_LUMO|Ar1_v_C=O|Ar2_NBO_-O|Entry|sum_enthalpy_hartree,0.9727345347226648,0.8947334092158787,0.30722696531634175,0
5,Ar2_LUMO|Ar1_v_C=O|Ar2_NBO_-O|Entry|Ar2_I_C=O,0.9655920052208808,0.8946998255538684,0.34512987670200845,0
5,prod_homo_hartree|sum_homo_hartree|Ar1_v_C=O|Ar1_NBO_-O|ar2_enthalpy_hartree,0.9658824774536845,0.8946652735967068,0.34366999618154315,0
5,Ar1_LUMO|Ar2_HOMO|Ar1_NBO_C2|Entry|Ar1_I_C=O,0.9656505522261172,0.8945845512274442,0.3448361234089561,0
5,Ar1_LUMO|Ar1_v_C=O|Ar2_v_C=O|Ar2_NBO_C2|Ar2_I_C=O,0.9663825064115061,0.894583619422197,0.3411422738117965,0
5,prod_homo_hartree|Ar1_v_C=O|Ar2_v_C=O|Ar2_HOMO|sum_enthalpy_hartree,0.9773366360010517,0.8945328303263563,0.28010125939993624,0
5,Ar1_LUMO|prod_homo_hartree|Ar1_NBO_-O|Entry|sum_enthalpy_hartree,0.9608881081950367,0.8944454170077477,0.3679656561071513,0
5,Ar1_LUMO|Ar2_v_C=O|Ar2_NBO_-O|Entry|Ar2_I_C=O,0.9708053268774539,0.8943611330920913,0.3179103615693588,0
4,Ar2_LUMO|Ar1_HOMO|Entry|ar2_enthalpy_hartree,0.953951845334624,0.8942740179143165,0.3992629303889649,0
5,Ar1_v_C=O|Ar1_NBO_-O|ar2_enthalpy_hartree|Ar1_I_C=O|sum_enthalpy_hartree,0.968825811640543,0.8941877373569924,0.32851140529874767,0
5,Ar2_LUMO|prod_homo_hartree|Ar2_HOMO|Entry|ar2_enthalpy_hartree,0.9580152101957978,0.894147215389324,0.38124035571334614,0
5,Ar2_LUMO|Ar1_v_C=O|Ar2_NBO_=O|ar2_enthalpy_hartree|sum_enthalpy_hartree,0.9729118008111411,0.8941172539017062,0.3062266205570603,0
5,Ar1_LUMO|Ar1_v_C=O|Ar2_v_C=O|Ar1_NBO_=O|ar2_enthalpy_hartree,0.9726215974731217,0.8940301886375859,0.3078625956277628,0
5,Ar1_LUMO|Ar2_v_C=O|Ar1_NBO_C2|Entry|sum_enthalpy_hartree,0.9694660389174578,0.8939934088293914,0.3251205704923755,0
5,Ar1_LUMO|prod_homo_hartree|Ar2_v_C=O|Ar2_I_C=O|sum_enthalpy_hartree,0.9839130541793072,0.8938237329224701,0.2359878665499254,0
5,Ar2_LUMO|prod_homo_hartree|Ar1_v_C=O|Ar1_NBO_=O|Ar1_I_C=O,0.9699196478422538,0.8937656368993337,0.3226965576677723,0
5,Ar1_LUMO|Ar1_v_C=O|Ar2_v_C=O|Ar1_NBO_=O|Ar2_I_C=O,0.9678687594584655,0.8936504778337822,0.333515959822876,0
5,Ar1_v_C=O|Ar2_NBO_=O|Ar2_NBO_-O|Ar2_I_C=O|ar2_enthalpy_hartree,0.9664094235397067,0.893499748105837,0.341005672177224,0
5,Ar2_LUMO|prod_homo_hartree|Ar1_v_C=O|Ar2_NBO_C2|sum_enthalpy_hartree,0.9675506356376546,0.8933162025406712,0.3351629246694801,0
5,Ar2_LUMO|Ar1_v_C=O|Ar2_NBO_C2|Ar2_I_C=O|Ar1_I_C=O,0.9676813638022068,0.8932685139009086,0.3344871109308257,0
5,Ar1_LUMO|Ar2_v_C=O|Ar2_NBO_=O|Entry|Ar2_I_C=O,0.9713194007899563,0.8932629834046191,0.31509897088445415,0
5,Ar2_LUMO|Ar1_v_C=O|Ar2_v_C=O|Ar1_HOMO|ar2_enthalpy_hartree,0.9699263200344523,0.8931296351337266,0.3226607666495658,0
5,Ar2_LUMO|Ar1_v_C=O|Ar2_HOMO|Ar2_NBO_C2|sum_enthalpy_hartree,0.9678213333701243,0.8930910794264556,0.33376200580117427,0
5,Ar2_LUMO|sum_homo_hartree|Ar2_v_C=O|Ar2_HOMO|ar2_enthalpy_hartree,0.9703993260789965,0.892996357663501,0.3201132671029924,0
5,Ar2_LUMO|sum_homo_hartree|Ar2_v_C=O|Ar1_HOMO|ar2_enthalpy_hartree,0.9703993260789965,0.8929963576635009,0.3201132671029924,0
5,Ar2_LUMO|Ar2_v_C=O|Ar2_HOMO|Ar1_HOMO|ar2_enthalpy_hartree,0.9703993260789965,0.8929963576635006,0.3201132671029924,0
5,Ar2_LUMO|Ar1_v_C=O|Ar2_NBO_-O|Ar1_NBO_C2|sum_enthalpy_hartree,0.9744346433564657,0.8929640771412012,0.29749440496643453,0
5,Ar2_LUMO|prod_homo_hartree|Ar2_NBO_-O|Ar1_NBO_C2|Entry,0.9657335638698457,0.8929596381411289,0.3444191919758902,0
5,Ar2_NBO_=O|Ar1_HOMO|Ar2_NBO_C2|Entry|Ar2_I_C=O,0.9681929161928186,0.8929297908804521,0.3318293536119061,0
5,Ar1_LUMO|Ar1_v_C=O|Ar2_v_C=O|Entry|Ar1_I_C=O,0.9706087163401036,0.8928572278107395,0.31897904361902935,0
5,Ar1_LUMO|prod_homo_hartree|sum_homo_hartree|Ar1_v_C=O|Ar1_NBO_-O,0.9658725475994796,0.8928324009692279,0.34372000486374815,0
5,Ar1_LUMO|Ar2_v_C=O|Ar1_NBO_-O|Ar2_NBO_C2|Ar2_I_C=O,0.9699724289537044,0.8928163993469165,0.3224133202748115,0
5,Ar1_LUMO|Ar2_LUMO|Ar1_HOMO|Entry|ar2_enthalpy_hartree,0.9584707748587706,0.8927820482074611,0.37916635051716424,0
4,Ar1_LUMO|Ar1_v_C=O|Ar2_NBO_=O|Ar2_I_C=O,0.9561863307259113,0.8925829457367386,0.3894553617696826,0
5,Ar2_LUMO|prod_homo_hartree|Ar1_HOMO|Entry|sum_enthalpy_hartree,0.9583191693030639,0.8925774486243616,0.3798578076591714,0
5,Ar1_LUMO|Ar2_v_C=O|Ar1_NBO_C2|Entry|ar2_enthalpy_hartree,0.9697362485600004,0.8925719993001511,0.32367879986973036,0
5,Ar1_LUMO|Ar2_LUMO|sum_homo_hartree|Entry|ar2_enthalpy_hartree,0.9577928016366103,0.8925499450912597,0.38224880571133807,0
4,Ar1_LUMO|Ar1_v_C=O|Ar2_v_C=O|Ar1_I_C=O,0.9639422460553713,0.8925358255792837,0.35330697377629505,0
5,Ar2_LUMO|sum_homo_hartree|Ar1_v_C=O|Ar2_v_C=O|ar2_enthalpy_hartree,0.9699077749600006,0.8923986755069387,0.32276023644760465,0
5,prod_homo_hartree|sum_homo_hartree|Ar1_v_C=O|Ar2_NBO_-O|Ar2_I_C=O,0.9772499220345485,0.8922720793549882,0.2806366058379065,0
4,Ar1_LUMO|Ar2_LUMO|Ar1_v_C=O|sum_enthalpy_hartree,0.9687186733549574,0.8922227538032335,0.32907542897121944,0
5,Ar2_LUMO|sum_homo_hartree|Ar1_NBO_C2|Entry|sum_enthalpy_hartree,0.9580534943677782,0.8921512828680159,0.3810664975116052,0
3,Ar1_LUMO|Ar2_v_C=O|ar2_enthalpy_hartree,0.9605749177152345,0.8921402541571849,0.3694359705042608,0
5,Ar1_LUMO|Ar1_v_C=O|Entry|ar2_enthalpy_hartree|sum_enthalpy_hartree,0.9720325400643998,0.8921048512330694,0.3111568647019221,0
5,Ar1_LUMO|Ar2_HOMO|Ar2_NBO_C2|Entry|sum_enthalpy_hartree,0.9578704497772657,0.8920563160554089,0.38189703428764515,0
5,Ar1_LUMO|Ar1_v_C=O|Ar2_v_C=O|Ar1_NBO_C2|ar2_enthalpy_hartree,0.9733430058643863,0.8919634905496647,0.30377949981506613,0
5,Ar2_v_C=O|Ar1_NBO_-O|Ar2_NBO_-O|Ar2_NBO_C2|Ar2_I_C=O,0.9628534670086148,0.8919541902753366,0.3586014302655275,0
5,Ar1_LUMO|prod_homo_hartree|Ar1_NBO_-O|Ar1_NBO_C2|Entry,0.9585223824242805,0.8918931906895218,0.3789306859323449,0
5,Ar2_LUMO|Ar1_v_C=O|Ar2_v_C=O|Ar2_HOMO|ar2_enthalpy_hartree,0.9698906176719836,0.8918378988782698,0.3228522353147001,0
4,Ar1_NBO_=O|Ar1_NBO_-O|Ar2_NBO_C2|Ar1_I_C=O,0.9616287534218187,0.8917864817373151,0.3644649998826929,0
5,Ar1_LUMO|Ar1_v_C=O|Ar2_v_C=O|Ar1_NBO_-O|Ar1_I_C=O,0.9681331299651814,0.8917789784563234,0.3321410689458955,0
5,prod_homo_hartree|Ar1_v_C=O|Ar2_v_C=O|Ar2_HOMO|Entry,0.9769182507369225,0.8917095088074876,0.2826748913780269,0
4,Ar1_LUMO|Ar2_v_C=O|Ar2_NBO_=O|sum_enthalpy_hartree,0.9634354509559167,0.891621062665649,0.35578119152876303,0
4,Ar1_LUMO|sum_homo_hartree|Ar2_NBO_C2|Entry,0.9455242102053613,0.891480473577034,0.43426481378590515,0
5,Ar2_LUMO|Ar2_v_C=O|Ar2_NBO_=O|Ar1_NBO_=O|ar2_enthalpy_hartree,0.970587829672063,0.891324069687506,0.31909236337476277,0
5,Ar1_LUMO|Ar2_LUMO|prod_homo_hartree|Entry|ar2_enthalpy_hartree,0.9575179224648314,0.8913165397783971,0.3834915050646581,0
4,Ar2_LUMO|Ar1_HOMO|Ar1_NBO_C2|Entry,0.9466333652449609,0.8913121655955427,0.42982115140808697,0
5,Ar1_LUMO|Ar1_v_C=O|Ar2_v_C=O|Ar2_I_C=O|sum_enthalpy_hartree,0.9849263459536233,0.8912984096493322,0.22843473728988073,0
5,Ar1_v_C=O|Ar2_NBO_-O|Entry|ar2_enthalpy_hartree|Ar1_I_C=O,0.9665395922913498,0.8911615310085331,0.34034430560145257,0
5,Ar2_v_C=O|Ar1_NBO_=O|Ar1_NBO_-O|Ar2_I_C=O|sum_enthalpy_hartree,0.968714419996572,0.8909890231703999,0.3290978005952794,0
4,Ar1_LUMO|Ar2_v_C=O|Ar2_NBO_=O|ar2_enthalpy_hartree,0.965864328441037,0.8908142088920626,0.3437613926455052,0
5,Ar2_LUMO|sum_homo_hartree|Ar2_NBO_-O|Ar1_NBO_C2|Entry,0.9653436246575887,0.8907387559682794,0.3463733290844635,0
5,Ar2_LUMO|prod_homo_hartree|Ar2_v_C=O|Ar1_HOMO|ar2_enthalpy_hartree,0.9678237004665444,0.8905771238268713,0.3337497296340493,0
5,prod_homo_hartree|sum_homo_hartree|Ar1_v_C=O|Ar2_NBO_=O|Entry,0.9653783060357033,0.8905769011452732,0.34619997409388087,0
5,Ar1_v_C=O|Ar2_NBO_=O|Ar2_NBO_-O|Ar2_NBO_C2|Ar1_I_C=O,0.9637355121701378,0.8905525288804512,0.35431835304463893,0
5,prod_homo_hartree|Ar2_HOMO|Ar2_NBO_C2|Entry|Ar1_I_C=O,0.9702587602356675,0.8904728689325817,0.3208724339078427,0
5,Ar1_LUMO|Ar2_v_C=O|Ar2_HOMO|Ar2_NBO_C2|sum_enthalpy_hartree,0.9671895206519363,0.890390756288651,0.33702270665026046,0
5,Ar1_LUMO|Ar2_v_C=O|Ar2_NBO_-O|Ar1_NBO_C2|Ar2_I_C=O,0.9681678798522447,0.890384506528934,0.33195992450253914,0
5,Ar2_LUMO|Ar1_v_C=O|Ar1_NBO_=O|Ar2_NBO_-O|ar2_enthalpy_hartree,0.9745190744515547,0.8903782029393725,0.29700275231132844,0
5,Ar2_LUMO|sum_homo_hartree|Ar1_HOMO|Entry|sum_enthalpy_hartree,0.958159836216608,0.8903093307593253,0.38058315531990755,0
5,Ar2_LUMO|sum_homo_hartree|Ar2_HOMO|Entry|sum_enthalpy_hartree,0.958159836216608,0.8903093307593252,0.38058315531990755,0
5,Ar2_LUMO|Ar2_HOMO|Ar1_HOMO|Entry|sum_enthalpy_hartree,0.958159836216608,0.8903093307593252,0.3805831553199076,0
5,Ar2_LUMO|Ar1_v_C=O|Ar2_NBO_-O|Ar2_NBO_C2|ar2_enthalpy_hartree,0.9727423704118172,0.8902672326567762,0.30718281591419716,0
5,Ar2_LUMO|Ar1_HOMO|Ar1_NBO_-O|Ar2_NBO_C2|Entry,0.9715485757299732,0.8902323188518638,0.3138375324086577,0
4,Ar1_LUMO|prod_homo_hartree|Ar2_v_C=O|sum_enthalpy_hartree,0.960875603792899,0.8901861062150305,0.36802447227051455,0
4,Ar1_LUMO|Ar2_v_C=O|Ar2_NBO_C2|Ar2_I_C=O,0.959424797331002,0.8901723915509846,0.37478588241822786,0
4,Ar2_NBO_=O|Ar1_NBO_-O|Ar1_NBO_C2|Ar2_I_C=O,0.9538959101114509,0.8901688300133269,0.3995053514305726,0
5,Ar2_LUMO|Ar1_v_C=O|Ar1_HOMO|Entry|ar2_enthalpy_hartree,0.9751670518127568,0.8901557547116415,0.2932020589140178,0
4,Ar1_LUMO|sum_homo_hartree|Ar2_v_C=O|sum_enthalpy_hartree,0.960873839667161,0.8900880226123914,0.3680327693202877,0
5,Ar1_LUMO|Ar2_LUMO|Ar2_HOMO|Entry|ar2_enthalpy_hartree,0.9568095541086712,0.890055621319521,0.3866755556659619,0
4,Ar1_LUMO|Ar2_v_C=O|Ar2_NBO_C2|sum_enthalpy_hartree,0.9634092233461287,0.8900372377367948,0.35590876889236406,0
5,Ar1_v_C=O|Ar2_NBO_=O|Ar2_NBO_-O|Ar2_I_C=O|sum_enthalpy_hartree,0.9651227448473654,0.8900148306907192,0.3474753681560599,0
4,Ar2_LUMO|Ar1_v_C=O|Ar2_NBO_-O|Ar2_I_C=O,0.9607519571976486,0.8899177740457462,0.36860555570205394,0
5,Ar2_NBO_=O|Ar1_HOMO|Ar1_NBO_-O|Ar2_NBO_C2|Ar2_I_C=O,0.9674487729971311,0.8898777156673878,0.3356885717855077,0
4,Ar2_LUMO|Ar1_v_C=O|Ar2_v_C=O|sum_enthalpy_hartree,0.9678045274782345,0.8898227087192891,0.3338491510528664,0
5,Ar2_LUMO|Ar1_v_C=O|Ar1_NBO_=O|Entry|Ar2_I_C=O,0.9644420355824458,0.8897830798105022,0.3508498700207685,0
5,Ar2_LUMO|prod_homo_hartree|Ar1_v_C=O|Ar1_NBO_C2|Ar1_I_C=O,0.9688434815851371,0.8897007000863808,0.32841828978515636,0
5,Ar2_LUMO|Ar1_v_C=O|Ar1_HOMO|Entry|sum_enthalpy_hartree,0.9725025151493896,0.8895900397067007,0.3085313931492135,0
5,prod_homo_hartree|sum_homo_hartree|Ar1_v_C=O|Entry|sum_enthalpy_hartree,0.9647808316593975,0.8893371569114706,0.3491744217991208,0
5,prod_homo_hartree|sum_homo_hartree|Ar1_v_C=O|Ar2_NBO_=O|Ar1_NBO_-O,0.9655900331512269,0.8892941960179133,0.3451397669965297,0
4,Ar2_LUMO|Ar1_v_C=O|Ar2_NBO_=O|Ar1_NBO_C2,0.9539803380124001,0.889288980514469,0.39913938764973583,0
5,Ar2_LUMO|Ar1_v_C=O|Ar2_HOMO|Ar2_NBO_C2|Ar1_I_C=O,0.9692670852025508,0.8892839415747786,0.3261780638160973,0
5,Ar1_LUMO|Ar2_LUMO|Ar2_v_C=O|Ar1_NBO_C2|Ar2_I_C=O,0.9637058692956616,0.8892690492094109,0.3544631347533796,0
5,Ar1_LUMO|prod_homo_hartree|sum_homo_hartree|Ar1_v_C=O|Ar2_NBO_=O,0.9656915218955883,0.8892057558062472,0.34463041359260577,0
5,Ar2_LUMO|Ar1_v_C=O|Ar1_HOMO|ar2_enthalpy_hartree|sum_enthalpy_hartree,0.9703108560000506,0.8891530576155288,0.3205912852169312,0
5,Ar2_LUMO|Ar1_v_C=O|Ar2_NBO_=O|Ar1_NBO_-O|ar2_enthalpy_hartree,0.9712225330879138,0.8891477765978317,0.3156306401135448,0
5,Ar1_LUMO|Ar2_v_C=O|Ar2_NBO_=O|Ar1_NBO_=O|Ar2_I_C=O,0.9677690852832059,0.8890823194307694,0.3340328584376971,0
5,Ar2_LUMO|prod_homo_hartree|Ar1_NBO_C2|Entry|sum_enthalpy_hartree,0.9576180489017662,0.8888326025844424,0.38303931096454685,0
5,Ar2_LUMO|Ar1_v_C=O|Ar2_NBO_=O|Ar2_NBO_C2|sum_enthalpy_hartree,0.9678683106453484,0.8888144501608808,0.33351828911070125,0
5,Ar1_LUMO|Ar2_v_C=O|Ar2_NBO_C2|Ar2_I_C=O|Ar1_I_C=O,0.9679375621186659,0.8887637767312314,0.33315868942136506,0
5,Ar2_LUMO|sum_homo_hartree|Ar1_v_C=O|Ar1_NBO_=O|Ar1_I_C=O,0.969587480905472,0.8887492489479513,0.32447337922938124,0
5,Ar1_v_C=O|Ar2_v_C=O|Ar1_NBO_-O|Ar2_NBO_C2|Ar2_I_C=O,0.9634177481008691,0.8887296783171531,0.3558673074644195,0
3,Ar2_LUMO|Ar1_v_C=O|Ar2_HOMO,0.9484540759769198,0.8886560505957365,0.42242541471109873,0
5,prod_homo_hartree|sum_homo_hartree|Ar1_NBO_C2|Entry|Ar1_I_C=O,0.9566646401480038,0.8884768242119905,0.3873237055224285,0
5,Ar2_HOMO|Ar2_NBO_C2|Ar1_NBO_C2|Entry|Ar2_I_C=O,0.9601196155671984,0.8883950763678399,0.37156306998980787,0
5,Ar2_LUMO|Ar2_HOMO|Ar1_HOMO|Ar1_NBO_-O|Entry,0.9696952869563542,0.8882931899886465,0.3238977733750269,0
5,Ar2_LUMO|sum_homo_hartree|Ar1_HOMO|Ar1_NBO_-O|Entry,0.9696952869563542,0.8882931899886464,0.3238977733750268,0
5,Ar2_LUMO|sum_homo_hartree|Ar2_HOMO|Ar1_NBO_-O|Entry,0.9696952869563542,0.888293189988646,0.32389777337502684,0
5,Ar1_LUMO|sum_homo_hartree|Ar1_NBO_-O|Entry|sum_enthalpy_hartree,0.9589272402252214,0.8881673867427354,0.37707680361189805,0
5,Ar2_LUMO|prod_homo_hartree|Ar1_v_C=O|ar2_enthalpy_hartree|sum_enthalpy_hartree,0.9702469565865968,0.8881289589083028,0.32093610122501354,0
5,Ar2_LUMO|Ar1_v_C=O|Ar2_NBO_=O|Ar1_NBO_C2|Entry,0.9583528108009255,0.8880155168329751,0.379704480997967,0
5,Ar2_NBO_=O|Ar2_HOMO|Ar1_NBO_C2|Entry|Ar2_I_C=O,0.9634856130229634,0.8879528709810832,0.3555370637392936,0
5,Ar2_LUMO|Ar2_v_C=O|Ar1_HOMO|Ar2_NBO_-O|Entry,0.9692576292576041,0.8878072929119943,0.3262282394116119,0
5,Ar2_LUMO|Ar1_v_C=O|Ar2_HOMO|ar2_enthalpy_hartree|sum_enthalpy_hartree,0.9701023075798875,0.8877235134797243,0.3217152954927246,0
5,Ar1_LUMO|Ar2_LUMO|Ar2_v_C=O|Ar1_NBO_=O|Ar2_I_C=O,0.9680091704904311,0.8876859581946597,0.3327864425132424,0
5,Ar1_v_C=O|Ar2_v_C=O|Ar2_NBO_-O|Ar2_NBO_C2|Ar2_I_C=O,0.9634389545913046,0.8875263887116502,0.35576414554477365,0
5,Ar1_LUMO|Ar1_v_C=O|Ar2_NBO_=O|Ar1_NBO_=O|sum_enthalpy_hartree,0.9718691165920256,0.8875076139570668,0.3120646387302191,0
5,Ar2_v_C=O|Ar1_NBO_=O|Ar2_NBO_-O|Ar2_I_C=O|ar2_enthalpy_hartree,0.9672485507089345,0.8875008403172532,0.33671939767425757,0
5,Ar2_LUMO|Ar1_v_C=O|Ar1_NBO_=O|Ar2_I_C=O|Ar1_I_C=O,0.9688826327066328,0.8874616675479999,0.32821188055097694,0
4,Ar1_LUMO|Ar2_v_C=O|Ar1_HOMO|ar2_enthalpy_hartree,0.9632494456869066,0.8873362232882743,0.35668497989610315,0
5,Ar1_LUMO|Ar2_LUMO|Ar1_v_C=O|Ar2_HOMO|Ar1_I_C=O,0.9695127266201167,0.8873143607674234,0.3248719139341139,0
4,Ar2_LUMO|Ar1_v_C=O|Ar2_NBO_-O|sum_enthalpy_hartree,0.9668513544040134,0.887306573390178,0.33875504260692796,0
5,prod_homo_hartree|sum_homo_hartree|Ar1_v_C=O|Ar1_NBO_-O|Entry,0.9648053188115656,0.8872525806765706,0.3490530138509969,0
4,Ar2_NBO_=O|Ar1_HOMO|Ar2_NBO_C2|Ar2_I_C=O,0.9541007240200886,0.887232884890563,0.39861697764786985,0
5,Ar2_LUMO|sum_homo_hartree|Ar1_v_C=O|ar2_enthalpy_hartree|sum_enthalpy_hartree,0.9701908194708746,0.8871202428540157,0.32123872466764675,0
5,Ar1_LUMO|Ar2_v_C=O|Entry|ar2_enthalpy_hartree|sum_enthalpy_hartree,0.9688242622095131,0.8870988279108318,0.3285195690949408,0
5,Ar1_v_C=O|Ar2_v_C=O|Ar1_NBO_-O|Ar2_I_C=O|sum_enthalpy_hartree,0.9678579872266361,0.887045500352003,0.333571861962154,0
5,Ar1_LUMO|Ar1_v_C=O|Ar2_NBO_=O|Ar1_NBO_C2|Ar2_I_C=O,0.9586426603024024,0.8870206513173049,0.3783808705035984,0
5,Ar1_LUMO|Ar2_LUMO|Ar2_v_C=O|Ar2_NBO_C2|Ar2_I_C=O,0.9635902770612267,0.8869370865495037,0.3550271462507683,0
4,Ar2_LUMO|sum_homo_hartree|Entry|sum_enthalpy_hartree,0.9463566317884443,0.8868940452634527,0.4309341323282404,0
5,Ar1_LUMO|sum_homo_hartree|Ar1_v_C=O|Ar1_NBO_-O|Entry,0.9547296232252497,0.8868727748631163,0.3958766887235883,0
4,Ar1_LUMO|Ar2_v_C=O|Ar1_HOMO|sum_enthalpy_hartree,0.9615507732785107,0.8868271448989853,0.3648351547566533,0
4,Ar1_LUMO|Ar2_v_C=O|Ar1_HOMO|Ar2_I_C=O,0.9653000375096874,0.8867548619642733,0.3465910766326218,0
5,Ar2_LUMO|prod_homo_hartree|Ar1_v_C=O|Ar1_HOMO|ar2_enthalpy_hartree,0.9699703025097174,0.8867219813180859,0.3224247361453756,0
4,Ar1_LUMO|Ar2_v_C=O|Ar1_NBO_C2|Ar2_I_C=O,0.9601889569121067,0.8867160614882483,0.37123990494787235,0
3,Ar1_v_C=O|Ar2_NBO_-O|Ar1_I_C=O,0.9490448644551851,0.8866825814325171,0.41999764482760743,0
5,Ar2_LUMO|Ar1_HOMO|Ar2_NBO_-O|Entry|sum_enthalpy_hartree,0.9699363038853211,0.8866324472456018,0.32260720379355523,0
5,Ar2_LUMO|sum_homo_hartree|Ar1_v_C=O|Ar1_NBO_C2|Ar1_I_C=O,0.9684843882811953,0.8863060988614473,0.33030545419575086,0
5,Ar1_LUMO|Ar2_LUMO|prod_homo_hartree|Ar1_v_C=O|ar2_enthalpy_hartree,0.9700082220567025,0.8861630557341325,0.3222211033584242,0
5,Ar1_LUMO|Ar2_LUMO|Ar1_HOMO|Entry|sum_enthalpy_hartree,0.9574799162813609,0.8860923685019914,0.38366301021396876,0
4,Ar2_LUMO|sum_homo_hartree|Ar1_v_C=O|Ar1_NBO_C2,0.9530697742871198,0.8860215639687994,0.40306881258647265,0
5,Ar1_LUMO|Ar2_NBO_=O|Ar1_HOMO|Ar2_NBO_C2|Ar2_I_C=O,0.9653208943175515,0.8859829249045966,0.34648689971806423,0
5,Ar1_v_C=O|Ar2_v_C=O|Ar2_NBO_-O|Ar2_NBO_C2|Ar1_I_C=O,0.9633186354003285,0.8859106361120859,0.35634905900167774,0
4,Ar2_LUMO|prod_homo_hartree|Entry|sum_enthalpy_hartree,0.9452573294200552,0.8857881408165155,0.43532726129490856,0
5,Ar2_LUMO|prod_homo_hartree|Ar2_HOMO|Ar2_NBO_C2|Entry,0.9521337664300917,0.8857856578416946,0.4070685051036573,0
5,Ar2_LUMO|prod_homo_hartree|Ar1_HOMO|Ar1_NBO_-O|Entry,0.9696170535476858,0.8857603920457421,0.3243155845249592,0
4,Ar1_LUMO|Ar2_LUMO|Ar2_v_C=O|ar2_enthalpy_hartree,0.9642831900936039,0.885649051934138,0.3516326597276218,0
5,Ar1_LUMO|Ar1_v_C=O|Ar2_NBO_=O|Ar2_NBO_-O|Ar2_I_C=O,0.9702089185247469,0.8854837620070183,0.3211411876055954,0
5,Ar1_LUMO|Ar1_HOMO|Entry|ar2_enthalpy_hartree|sum_enthalpy_hartree,0.9564400790628611,0.8853700345126378,0.38832595223865696,0
5,Ar2_LUMO|Ar1_HOMO|Entry|ar2_enthalpy_hartree|sum_enthalpy_hartree,0.9566863656930394,0.8851213034320211,0.3872266038303892,0
5,Ar1_v_C=O|Ar2_v_C=O|Ar1_NBO_-O|ar2_enthalpy_hartree|Ar1_I_C=O,0.9678195079884145,0.8851085125155611,0.3337714722347593,0
5,Ar1_LUMO|Ar2_LUMO|Ar1_v_C=O|Ar2_HOMO|ar2_enthalpy_hartree,0.9699059294546503,0.8850537441228231,0.32277013346602185,0
5,Ar2_LUMO|prod_homo_hartree|Ar1_v_C=O|Ar2_HOMO|sum_enthalpy_hartree,0.9674327110946171,0.885022185265579,0.3357713817538351,0
5,Ar2_LUMO|prod_homo_hartree|Ar1_v_C=O|Ar2_NBO_-O|Entry,0.9676153637240825,0.8849487621398582,0.33482847614187755,0
5,Ar1_LUMO|Ar2_LUMO|Ar1_v_C=O|Ar1_HOMO|ar2_enthalpy_hartree,0.970037174566214,0.8848319231813527,0.3220655380210734,0
5,Ar1_LUMO|Ar1_v_C=O|Ar2_v_C=O|Ar1_NBO_C2|Ar1_I_C=O,0.9649436427457714,0.8848134599500175,0.3483664055564821,0
5,Ar2_LUMO|prod_homo_hartree|sum_homo_hartree|Ar1_v_C=O|Ar2_NBO_C2,0.9691859496550818,0.8848078290620347,0.32660833852600935,0
5,Ar1_LUMO|Ar1_v_C=O|Ar2_HOMO|Entry|Ar1_I_C=O,0.9606195004369594,0.8847577826746198,0.36922702839133537,0
5,Ar2_v_C=O|Ar1_NBO_-O|Ar2_NBO_C2|Ar1_NBO_C2|Ar2_I_C=O,0.9620428542930732,0.8847224732232237,0.3624930196314543,0
5,Ar2_LUMO|Ar1_v_C=O|Ar2_HOMO|Entry|Ar2_I_C=O,0.9734264919369588,0.8846338682689476,0.3033034287795805,0
4,Ar1_LUMO|Ar2_v_C=O|Ar2_NBO_C2|ar2_enthalpy_hartree,0.9652950490165215,0.8846048126653877,0.346615988836528,0
5,Ar2_LUMO|prod_homo_hartree|Ar2_HOMO|Entry|sum_enthalpy_hartree,0.9575083372708261,0.884419077538827,0.38353476605103065,0
5,Ar2_LUMO|prod_homo_hartree|Ar2_v_C=O|Ar2_HOMO|sum_enthalpy_hartree,0.9711184512207568,0.884213650621573,0.3162009087881075,0
5,Ar1_LUMO|Ar1_v_C=O|Ar1_NBO_=O|ar2_enthalpy_hartree|sum_enthalpy_hartree,0.9710292349256976,0.8841413787390558,0.31668891103654856,0
5,Ar1_LUMO|Ar1_v_C=O|Ar2_v_C=O|Entry|ar2_enthalpy_hartree,0.9713472247380697,0.8841075507613396,0.3149460901035853,0
5,Ar2_LUMO|Ar1_v_C=O|Ar1_NBO_-O|Ar2_NBO_C2|sum_enthalpy_hartree,0.9690126994827069,0.8839937463679297,0.3275252195712523,0
5,Ar1_v_C=O|Ar2_NBO_-O|Ar2_I_C=O|ar2_enthalpy_hartree|Ar1_I_C=O,0.9691604660400547,0.8839868200120885,0.326743365257994,0
5,prod_homo_hartree|sum_homo_hartree|Ar1_v_C=O|Ar2_NBO_=O|sum_enthalpy_hartree,0.9653825685153853,0.883818461981141,0.346178662083853,0
5,Ar1_LUMO|Ar2_LUMO|Ar1_v_C=O|Ar2_v_C=O|ar2_enthalpy_hartree,0.9701982370193107,0.8837550119366733,0.3211987545643633,0
5,Ar2_LUMO|Ar1_v_C=O|Ar2_HOMO|Ar2_I_C=O|ar2_enthalpy_hartree,0.9829088706166533,0.8837390906380762,0.24324182624631238,0
5,prod_homo_hartree|Ar2_NBO_=O|Ar1_NBO_C2|Entry|Ar1_I_C=O,0.958134985915857,0.8836869490735109,0.38069615920342037,0
4,Ar1_LUMO|sum_homo_hartree|Ar2_v_C=O|ar2_enthalpy_hartree,0.9612504200095132,0.8836752445877751,0.3662573714366526,0
4,Ar1_LUMO|prod_homo_hartree|Ar2_v_C=O|ar2_enthalpy_hartree,0.9611756856176643,0.8836245788999821,0.36661039251285243,0
5,Ar2_v_C=O|Ar1_NBO_-O|Ar2_NBO_-O|Ar2_I_C=O|sum_enthalpy_hartree,0.9655217074745056,0.8836146259957015,0.3454822580774143,0
5,Ar1_LUMO|Ar2_LUMO|sum_homo_hartree|Ar1_v_C=O|ar2_enthalpy_hartree,0.9699612894479076,0.8835950307501174,0.3224731185184666,0
5,Ar1_v_C=O|Ar2_NBO_-O|Ar2_NBO_C2|Ar2_I_C=O|ar2_enthalpy_hartree,0.9656362874687204,0.8835225597905629,0.34490771834528927,0
5,Ar2_LUMO|Ar1_v_C=O|Ar1_HOMO|Ar1_I_C=O|sum_enthalpy_hartree,0.9858019091906653,0.8834651762119118,0.22170110066870125,0
4,Ar2_LUMO|Ar2_v_C=O|Ar1_NBO_=O|Ar2_I_C=O,0.9652947036717127,0.8833950297839032,0.34661771339932435,0
4,Ar1_LUMO|Ar2_v_C=O|Ar1_HOMO|Entry,0.9512450666960938,0.8833641510368826,0.4108300078265925,0
4,Ar1_LUMO|Ar2_HOMO|Entry|sum_enthalpy_hartree,0.943177025929476,0.8833573968244981,0.44352168115478874,0
3,Ar2_LUMO|Ar1_v_C=O|Ar2_NBO_=O,0.947689682542651,0.8833383943549888,0.42554603885839326,0
3,Ar2_LUMO|Ar1_v_C=O|Ar1_NBO_=O,0.9462832619980008,0.8833334418750638,0.431228732987522,0
5,Ar2_LUMO|Ar1_HOMO|Ar1_NBO_-O|Ar2_NBO_-O|Entry,0.9686096622976789,0.883307469692276,0.3296483212625722,0
4,Ar2_LUMO|Ar1_v_C=O|Ar2_NBO_C2|Entry,0.9539026407070692,0.8833041897848979,0.39947618908165844,0
4,Ar1_LUMO|Ar1_v_C=O|Ar2_HOMO|Ar1_I_C=O,0.9464409123457583,0.8832591870344932,0.4305954730786943,0
5,Ar2_LUMO|Ar1_v_C=O|Ar1_HOMO|Ar1_NBO_C2|Entry,0.9580258032625433,0.8832494844452639,0.38119225782693167,0
5,prod_homo_hartree|sum_homo_hartree|Ar2_v_C=O|Ar1_HOMO|Ar1_NBO_C2,0.9782782616638261,0.8832099830245022,0.2742206546943168,0
5,prod_homo_hartree|sum_homo_hartree|Ar2_v_C=O|Ar2_HOMO|Ar1_NBO_C2,0.978278261663826,0.8832099830245008,0.2742206546943174,0
5,prod_homo_hartree|Ar2_v_C=O|Ar2_HOMO|Ar1_HOMO|Ar1_NBO_C2,0.9782782616638259,0.8832099830244989,0.2742206546943185,0
5,Ar1_LUMO|Ar1_v_C=O|Ar2_NBO_=O|Ar2_HOMO|Ar1_I_C=O,0.9684979013990084,0.8831676027981729,0.3302346331830676,0
5,Ar1_LUMO|sum_homo_hartree|Ar2_v_C=O|Entry|sum_enthalpy_hartree,0.9673173454524032,0.883141783289727,0.336365570558109,0
4,Ar2_LUMO|Ar1_v_C=O|Ar2_HOMO|Entry,0.9556831743159793,0.8830631302108792,0.391685231803455,0
4,Ar1_LUMO|Ar2_v_C=O|Ar2_NBO_-O|Ar2_I_C=O,0.9607064641051222,0.883055312397578,0.3688191224044469,0
4,Ar1_LUMO|Ar1_v_C=O|ar2_enthalpy_hartree|sum_enthalpy_hartree,0.9668223176190491,0.8830268229916648,0.3389033775394349,0
5,Ar2_LUMO|Ar1_v_C=O|Ar2_NBO_C2|Entry|Ar2_I_C=O,0.9653252800493666,0.8828951475439728,0.34646498959902966,0
5,prod_homo_hartree|sum_homo_hartree|Ar1_v_C=O|Ar1_NBO_=O|Ar1_NBO_C2,0.9787523063167884,0.8828877029062114,0.2712119197520052,0
5,prod_homo_hartree|sum_homo_hartree|Ar1_v_C=O|Ar1_NBO_=O|sum_enthalpy_hartree,0.9730595610272079,0.8828695435786109,0.30539027878299757,0
5,sum_homo_hartree|Ar1_v_C=O|Ar2_NBO_-O|ar2_enthalpy_hartree|Ar1_I_C=O,0.9706515539928834,0.8828339463438453,0.318746503655446,0
5,Ar2_LUMO|sum_homo_hartree|Ar1_v_C=O|Ar1_NBO_-O|sum_enthalpy_hartree,0.9678180049629096,0.8827573613926124,0.33377926672680414,0
4,Ar2_LUMO|prod_homo_hartree|Ar1_NBO_C2|Entry,0.9436906085947548,0.882720461285716,0.4415127922586996,0
5,Ar1_LUMO|Ar2_LUMO|sum_homo_hartree|Entry|sum_enthalpy_hartree,0.9562277615916992,0.882718759921121,0.38927118078938167,0
4,Ar2_LUMO|prod_homo_hartree|Ar1_v_C=O|Ar1_NBO_C2,0.9527398696312396,0.8827137778543969,0.4044830547076937,0
5,Ar1_v_C=O|Ar2_NBO_-O|Ar2_NBO_C2|Ar2_I_C=O|sum_enthalpy_hartree,0.9638694741796062,0.88268757118395,0.35366331671303797,0
5,Ar2_LUMO|Ar1_v_C=O|Ar1_NBO_=O|Ar2_I_C=O|sum_enthalpy_hartree,0.9805492240963871,0.8825492550612002,0.2594904263554598,0
5,Ar2_v_C=O|Ar2_NBO_-O|Ar1_NBO_C2|Ar2_I_C=O|ar2_enthalpy_hartree,0.9661062431887404,0.8825300028749573,0.3425411323036296,0
5,Ar2_LUMO|Ar1_v_C=O|Ar1_NBO_C2|Ar2_I_C=O|sum_enthalpy_hartree,0.9785208472412721,0.8825222293022854,0.2726851250227358,0
4,Ar2_LUMO|Ar1_v_C=O|Ar2_HOMO|Ar1_NBO_C2,0.9526222365269781,0.8824442863660524,0.40498613231322167,0
5,Ar1_LUMO|Ar1_v_C=O|Ar2_HOMO|ar2_enthalpy_hartree|sum_enthalpy_hartree,0.9690059927713807,0.8824087688693885,0.32756066148165036,0
5,Ar2_LUMO|prod_homo_hartree|Ar1_v_C=O|Ar1_NBO_-O|sum_enthalpy_hartree,0.9679619856798566,0.8823952847870767,0.33303177343586093,0
5,Ar1_LUMO|Ar2_LUMO|Ar2_v_C=O|Ar2_NBO_=O|Ar2_I_C=O,0.966858671574812,0.88233493004883,0.3387176524622683,0
5,Ar2_LUMO|Ar1_v_C=O|Ar2_NBO_-O|Ar1_NBO_C2|Entry,0.9617447140993216,0.8823123106540942,0.3639138634023426,0
5,Ar2_LUMO|prod_homo_hartree|Ar2_HOMO|Ar1_NBO_-O|Entry,0.9694475995794984,0.8822891588780142,0.32521872518713324,0
5,Ar2_LUMO|sum_homo_hartree|Ar1_v_C=O|Ar2_NBO_-O|Entry,0.9668495834064567,0.8822811608597162,0.3387640916393878,0
5,Ar1_LUMO|prod_homo_hartree|sum_homo_hartree|Ar1_v_C=O|Ar2_I_C=O,0.971608201402701,0.8822087224443537,0.3135085051480192,0
5,Ar1_v_C=O|Ar2_HOMO|Ar2_NBO_C2|Entry|Ar2_I_C=O,0.9664602752434257,0.8821877185283133,0.34074745560133984,0
5,Ar1_LUMO|Ar2_LUMO|Ar1_HOMO|Ar1_NBO_-O|Entry,0.9683462681929662,0.8821377702657234,0.3310284600294142,0
5,Ar2_LUMO|Ar1_v_C=O|Ar2_HOMO|Ar1_NBO_-O|ar2_enthalpy_hartree,0.9700676055066523,0.8821048105907028,0.3219019478589911,0
5,Ar1_LUMO|prod_homo_hartree|Ar2_v_C=O|Ar2_NBO_=O|sum_enthalpy_hartree,0.9634374824291952,0.8819525535927318,0.35577130804815604,0
5,Ar2_LUMO|prod_homo_hartree|Ar1_v_C=O|Ar1_NBO_-O|Ar1_I_C=O,0.9694889247294308,0.8819211505938811,0.32499870548154386,0
5,Ar1_LUMO|Ar1_v_C=O|Ar2_NBO_C2|ar2_enthalpy_hartree|sum_enthalpy_hartree,0.9697494105233585,0.8819104508266576,0.32360840688131515,0
5,prod_homo_hartree|sum_homo_hartree|Ar1_v_C=O|Ar1_NBO_-O|sum_enthalpy_hartree,0.9648062970564253,0.881802349203553,0.3490481628099054,0
5,Ar2_LUMO|Ar1_HOMO|Ar2_NBO_C2|Entry|ar2_enthalpy_hartree,0.9578662570553645,0.8817386739859147,0.3819160369617263,0
5,Ar1_LUMO|sum_homo_hartree|Ar2_v_C=O|Ar2_NBO_=O|sum_enthalpy_hartree,0.9634417267539472,0.881603766884953,0.35575065776347053,0
5,Ar1_LUMO|prod_homo_hartree|Ar2_v_C=O|Ar2_NBO_=O|ar2_enthalpy_hartree,0.9658720284955498,0.8815668304997297,0.3437226189722479,0
3,Ar1_LUMO|Ar2_HOMO|Entry,0.9309548912618599,0.8815316727696519,0.48889920766629313,0
5,Ar2_LUMO|prod_homo_hartree|sum_homo_hartree|Ar1_v_C=O|Entry,0.9682700325408052,0.8815192680514008,0.3314268489792489,0
5,Ar2_v_C=O|Ar1_NBO_-O|Ar2_I_C=O|Ar1_I_C=O|sum_enthalpy_hartree,0.9696010523819822,0.8814247518446983,0.3244009736155764,0
5,Ar1_LUMO|sum_homo_hartree|Ar2_v_C=O|Ar2_NBO_=O|ar2_enthalpy_hartree,0.9658765325201575,0.88135013128743,0.343699936900214,0
5,Ar1_LUMO|prod_homo_hartree|Ar2_NBO_C2|Entry|sum_enthalpy_hartree,0.9564542368428708,0.8813472234256523,0.3882628405515537,0
5,Ar2_LUMO|Ar1_v_C=O|Ar2_HOMO|Ar1_NBO_-O|sum_enthalpy_hartree,0.9680062614453446,0.8813413360770046,0.33280157292363255,0
5,Ar1_LUMO|Ar2_LUMO|prod_homo_hartree|Entry|sum_enthalpy_hartree,0.95592192578108,0.8812196282941576,0.39062872885402433,0
4,Ar2_NBO_=O|Ar2_NBO_-O|Ar1_NBO_C2|Ar2_I_C=O,0.9586120538204863,0.8812099393534261,0.3785208549118824,0
5,Ar1_LUMO|prod_homo_hartree|sum_homo_hartree|Ar1_NBO_-O|Entry,0.9581012205475271,0.8811712541570632,0.3808496496000059,0
5,Ar2_v_C=O|Ar1_NBO_=O|Ar2_NBO_-O|Ar2_I_C=O|sum_enthalpy_hartree,0.9672972979118509,0.8811068007851978,0.33646871806465456,0
5,Ar1_LUMO|Ar1_v_C=O|Ar2_v_C=O|Ar2_NBO_=O|Ar1_I_C=O,0.9673329601913773,0.881102751738689,0.3362852085411958,0
4,Ar2_LUMO|sum_homo_hartree|Ar1_NBO_C2|Entry,0.9431156736056179,0.8809523402156596,0.44376105391913834,0
5,Ar1_LUMO|Ar2_LUMO|Ar2_v_C=O|Entry|sum_enthalpy_hartree,0.9667853982600505,0.8809380031029588,0.3390918870389867,0
4,Ar1_LUMO|Ar1_v_C=O|Ar2_v_C=O|ar2_enthalpy_hartree,0.9668142960752445,0.8808572538122728,0.338944344294721,0
5,Ar2_LUMO|Ar1_NBO_=O|Ar1_HOMO|Entry|ar2_enthalpy_hartree,0.9598213453102802,0.8806438303504286,0.3729499643809131,0
5,Ar1_LUMO|Ar1_v_C=O|Ar2_HOMO|Ar1_NBO_=O|ar2_enthalpy_hartree,0.9550871270971253,0.8806174548298098,0.3943104551143146,0
5,Ar2_LUMO|sum_homo_hartree|Ar2_v_C=O|Ar2_NBO_-O|Entry,0.9654276182584602,0.8806150628822433,0.34595333720875354,0
5,Ar1_LUMO|Ar2_v_C=O|Ar1_NBO_=O|Entry|ar2_enthalpy_hartree,0.9689102418373797,0.8806070776611584,0.32806624394339406,0
5,Ar2_LUMO|Ar1_v_C=O|Ar2_v_C=O|ar2_enthalpy_hartree|sum_enthalpy_hartree,0.9701982370193106,0.8805964267650239,0.32119875456436364,0
5,Ar2_LUMO|Ar2_v_C=O|Ar1_NBO_=O|Entry|Ar2_I_C=O,0.9704309103209616,0.880209150260193,0.319942439348124,0
5,Ar1_LUMO|Ar2_v_C=O|Ar2_NBO_=O|Ar1_HOMO|ar2_enthalpy_hartree,0.9666963421148489,0.8800636668867894,0.3395461752091368,0
4,Ar2_LUMO|Ar1_v_C=O|Ar1_NBO_-O|Ar1_NBO_C2,0.9548716923048014,0.8799695134698535,0.39525502357309494,0
5,Ar1_LUMO|prod_homo_hartree|Ar2_v_C=O|Entry|sum_enthalpy_hartree,0.9673276132200891,0.8798791286367252,0.33631272915206706,0
5,Ar1_LUMO|Ar1_v_C=O|Ar2_v_C=O|Ar2_I_C=O|Ar1_I_C=O,0.9697217687073099,0.879862831236808,0.3237562235307709,0
5,Ar1_v_C=O|Ar2_NBO_=O|Ar2_NBO_-O|Ar2_I_C=O|Ar1_I_C=O,0.9650273241207445,0.8798275821554118,0.34795037263692363,0
5,Ar1_NBO_=O|Ar1_NBO_-O|Ar2_NBO_C2|Entry|Ar1_I_C=O,0.9623218045185196,0.8797177588294394,0.36115856766303917,0
5,Ar2_LUMO|sum_homo_hartree|Ar1_v_C=O|Ar1_NBO_-O|ar2_enthalpy_hartree,0.9702278317056963,0.8796284119750354,0.32103923149321356,0
5,Ar2_LUMO|prod_homo_hartree|Ar1_v_C=O|Ar1_NBO_-O|ar2_enthalpy_hartree,0.970328506587741,0.8796176933897828,0.3204959731750225,0
5,Ar1_LUMO|sum_homo_hartree|Ar2_NBO_=O|Entry|ar2_enthalpy_hartree,0.957155162407313,0.8796128745006215,0.385125366784231,0
5,Ar2_LUMO|prod_homo_hartree|Ar2_v_C=O|Ar2_NBO_-O|Entry,0.9651381507920844,0.8795805949494372,0.34739861645109926,0
5,sum_homo_hartree|Ar2_NBO_=O|Ar1_NBO_C2|Entry|Ar1_I_C=O,0.9572409908117178,0.8793819559692646,0.3847394245296686,0
5,Ar1_LUMO|Ar2_LUMO|Ar2_v_C=O|Ar1_HOMO|ar2_enthalpy_hartree,0.9647418043788386,0.8793004838224285,0.34936783288257495,0
5,Ar1_LUMO|prod_homo_hartree|Ar2_NBO_=O|Entry|ar2_enthalpy_hartree,0.9572294586898134,0.8788676705244582,0.38479130322042643,0
5,Ar1_LUMO|Ar2_LUMO|Ar1_v_C=O|Ar1_HOMO|sum_enthalpy_hartree,0.9688975446027628,0.8787303228217656,0.32813322916771304,0
4,prod_homo_hartree|sum_homo_hartree|Ar1_v_C=O|Ar1_NBO_=O,0.970244062119879,0.8787262950868265,0.32095171166625813,0
5,Ar2_LUMO|prod_homo_hartree|Ar1_v_C=O|Ar2_NBO_-O|ar2_enthalpy_hartree,0.970185928121589,0.878709566820339,0.3212650794067913,0
5,Ar2_LUMO|prod_homo_hartree|sum_homo_hartree|Entry|ar2_enthalpy_hartree,0.9476442171305033,0.8786681379851213,0.42573092995466905,0
4,Ar1_LUMO|Ar2_LUMO|Entry|ar2_enthalpy_hartree,0.9470248485673309,0.8786585960456434,0.42824172315549436,0
4,prod_homo_hartree|sum_homo_hartree|Ar1_v_C=O|Ar2_NBO_-O,0.9648421606673337,0.8786130646151671,0.3488702713523414,0
5,Ar1_LUMO|Ar2_v_C=O|Ar2_NBO_C2|Ar1_NBO_C2|Ar2_I_C=O,0.9624463105723222,0.878538834447032,0.3605613570427486,0
3,Ar2_LUMO|Ar1_HOMO|Entry,0.9374336962175016,0.8785182834243741,0.46539651190106474,0
5,Ar2_LUMO|sum_homo_hartree|Ar1_v_C=O|Ar2_NBO_-O|ar2_enthalpy_hartree,0.9700881471746752,0.8784193013363794,0.32179147327248264,0
5,Ar1_LUMO|Ar2_v_C=O|Ar1_NBO_=O|Ar2_I_C=O|Ar1_I_C=O,0.9686040234404952,0.8784045636912973,0.32967792840395704,0
5,Ar2_LUMO|sum_homo_hartree|Ar2_v_C=O|Ar1_HOMO|sum_enthalpy_hartree,0.9692648841898209,0.878383344843405,0.32618974362619535,0
5,Ar2_LUMO|Ar2_v_C=O|Ar2_HOMO|Ar1_HOMO|sum_enthalpy_hartree,0.9692648841898209,0.878383344843405,0.32618974362619535,0
5,Ar2_LUMO|sum_homo_hartree|Ar2_v_C=O|Ar2_HOMO|sum_enthalpy_hartree,0.9692648841898209,0.8783833448434046,0.32618974362619535,0
5,Ar2_LUMO|sum_homo_hartree|Ar1_NBO_=O|Entry|sum_enthalpy_hartree,0.9570059735205807,0.8782559591720198,0.3857953015764102,0
5,Ar2_LUMO|Ar1_v_C=O|Ar1_NBO_-O|Ar2_I_C=O|sum_enthalpy_hartree,0.9747770040680057,0.8782558907508196,0.2954957298713502,0
5,Ar1_LUMO|prod_homo_hartree|sum_homo_hartree|Ar1_v_C=O|sum_enthalpy_hartree,0.9657795004701345,0.8782456216645779,0.34418825531391967,0
3,Ar1_LUMO|Ar2_NBO_=O|Ar2_I_C=O,0.9427168784619169,0.8782439968576945,0.445313860108951,0
5,Ar2_LUMO|prod_homo_hartree|Ar1_v_C=O|Ar1_NBO_C2|Entry,0.9581437727953708,0.8782069772526921,0.38065620571363995,0
5,Ar1_LUMO|prod_homo_hartree|Ar1_v_C=O|ar2_enthalpy_hartree|sum_enthalpy_hartree,0.9682895582433477,0.8781631712531989,0.3313248580466771,0
5,prod_homo_hartree|Ar1_v_C=O|Ar2_NBO_-O|ar2_enthalpy_hartree|Ar1_I_C=O,0.9696795447515646,0.8780315730783332,0.323981889054902,0
5,Ar2_LUMO|Ar1_NBO_=O|Ar1_HOMO|Entry|sum_enthalpy_hartree,0.9593414304391292,0.8779370393030991,0.37517070737881203,0
4,Ar1_LUMO|sum_homo_hartree|Ar2_v_C=O|Entry,0.9493491572938432,0.8779123389752187,0.418741700281396,0
5,Ar2_NBO_=O|Ar2_HOMO|Ar2_NBO_-O|Ar1_NBO_C2|Ar2_I_C=O,0.9689224277953897,0.8778822828229782,0.3280019431329124,0
5,Ar1_LUMO|Ar1_v_C=O|Ar2_NBO_=O|Entry|Ar2_I_C=O,0.9588817114474725,0.8778477370514646,0.3772857388175561,0
5,Ar1_LUMO|Ar2_NBO_=O|Ar2_HOMO|Entry|ar2_enthalpy_hartree,0.9578678947317555,0.8778370162080539,0.3819086146333138,0
5,Ar2_LUMO|Ar1_v_C=O|Ar1_NBO_=O|Ar1_NBO_C2|Ar2_I_C=O,0.9588710885456143,0.877738981813706,0.3773344715188965,0
4,Ar1_LUMO|prod_homo_hartree|Ar2_v_C=O|Entry,0.9496816264548381,0.8777257649368125,0.41736513966522737,0
5,Ar2_LUMO|Ar1_HOMO|Ar1_NBO_-O|Entry|Ar2_I_C=O,0.9686299598603454,0.8777231935374491,0.32954172573129964,0
5,Ar2_LUMO|Ar1_v_C=O|Ar2_NBO_=O|Ar2_NBO_-O|ar2_enthalpy_hartree,0.9708340929044601,0.8776995181343621,0.31775370162311667,0
5,Ar2_LUMO|sum_homo_hartree|Ar1_v_C=O|Ar1_NBO_C2|Entry,0.9580312880027532,0.8776318303158614,0.38116735194462653,0
5,Ar1_LUMO|sum_homo_hartree|Ar1_v_C=O|ar2_enthalpy_hartree|sum_enthalpy_hartree,0.9679938455796948,0.8776210127336475,0.3328661421018827,0
5,Ar1_LUMO|Ar2_v_C=O|Ar1_HOMO|Ar2_NBO_C2|Ar2_I_C=O,0.9680671206023191,0.8775996050956295,0.33248489120462077,0
4,Ar1_LUMO|Ar2_NBO_=O|Ar2_I_C=O|sum_enthalpy_hartree,0.9511893783789952,0.8775638782672918,0.41106456770536776,0
5,Ar2_LUMO|Ar1_v_C=O|Ar1_NBO_-O|Entry|sum_enthalpy_hartree,0.9741672820167804,0.8775159670485054,0.29904595051256544,0
5,Ar1_LUMO|Ar2_LUMO|Entry|ar2_enthalpy_hartree|sum_enthalpy_hartree,0.9470355254855953,0.87723893492445,0.4281985658245844,0
5,Ar2_LUMO|prod_homo_hartree|Ar1_NBO_=O|Entry|sum_enthalpy_hartree,0.9567397983555431,0.8772158029558558,0.38698768444870707,0
5,Ar2_v_C=O|Ar2_NBO_=O|Ar2_NBO_-O|Ar1_NBO_C2|Ar2_I_C=O,0.9628306122274577,0.8771588883458249,0.35871172988582073,0
5,Ar2_v_C=O|Ar1_NBO_-O|Ar2_NBO_C2|Ar2_I_C=O|Ar1_I_C=O,0.9635350204547958,0.8771581547129352,0.35529644461771054,0
5,Ar1_LUMO|Ar2_LUMO|Ar2_v_C=O|Ar2_NBO_=O|ar2_enthalpy_hartree,0.9678831674618046,0.8771017874107464,0.33344117531736234,0
5,Ar2_LUMO|Ar1_v_C=O|Ar1_HOMO|Ar2_NBO_-O|ar2_enthalpy_hartree,0.9699742488344538,0.8770799896746501,0.322403549876056,0
4,Ar2_LUMO|Ar1_v_C=O|Ar1_NBO_=O|Ar2_I_C=O,0.9554099619550447,0.8770303745976061,0.39289074255573525,0
5,Ar1_v_C=O|Ar2_v_C=O|Ar2_NBO_-O|Ar1_I_C=O|sum_enthalpy_hartree,0.9670876314392897,0.8768898088859676,0.33754559386909117,0
5,Ar1_LUMO|sum_homo_hartree|Ar1_NBO_-O|Ar1_NBO_C2|Entry,0.9558456202581824,0.8768681064463467,0.3909667000674071,0
5,prod_homo_hartree|sum_homo_hartree|Ar1_v_C=O|Ar1_NBO_=O|ar2_enthalpy_hartree,0.9750983462658162,0.8767902021123066,0.29360738117667673,0
4,Ar2_LUMO|Ar1_v_C=O|Ar2_NBO_=O|Entry,0.9531125999302082,0.8766798587632294,0.40288486268391965,0
5,prod_homo_hartree|Ar1_NBO_=O|Ar2_NBO_C2|Entry|Ar1_I_C=O,0.9589183010972965,0.8766743916505465,0.37711783511818736,0
5,Ar1_LUMO|Ar2_v_C=O|Ar2_NBO_=O|Ar1_NBO_=O|ar2_enthalpy_hartree,0.9685731667329913,0.8765919538286358,0.3298398962456724,0
5,Ar1_LUMO|Ar1_v_C=O|Ar2_NBO_=O|Ar1_NBO_C2|ar2_enthalpy_hartree,0.9603198128446627,0.8765915100542278,0.37062928381394233,0
5,Ar1_LUMO|Ar2_LUMO|Ar2_HOMO|Entry|sum_enthalpy_hartree,0.9547669520296163,0.8765343173913187,0.3957134401261003,0
4,Ar2_LUMO|Ar1_v_C=O|Ar2_NBO_=O|Ar1_HOMO,0.9496905072944084,0.8762944486536184,0.4173283070318768,0
5,Ar2_LUMO|sum_homo_hartree|Ar1_NBO_C2|Entry|ar2_enthalpy_hartree,0.9559998247918317,0.8762894368392445,0.3902833978872488,0
5,Ar2_LUMO|Ar1_v_C=O|Ar2_v_C=O|Ar1_HOMO|sum_enthalpy_hartree,0.9678880597342384,0.8761501540550715,0.3334157782425504,0
5,Ar2_LUMO|Ar1_v_C=O|Ar2_NBO_=O|Ar1_NBO_-O|sum_enthalpy_hartree,0.9671193945025528,0.8759200978195529,0.3373826753290143,0
5,Ar1_LUMO|Ar2_HOMO|Ar1_NBO_=O|Entry|ar2_enthalpy_hartree,0.9529607081061745,0.8759016459763638,0.40353690818471255,0
5,Ar1_LUMO|Ar2_v_C=O|Ar2_NBO_=O|Ar1_NBO_-O|Ar2_I_C=O,0.9715055890287371,0.8758685936658671,0.31407452842331285,0
5,Ar2_LUMO|Ar1_v_C=O|Ar2_v_C=O|Ar2_NBO_=O|sum_enthalpy_hartree,0.9707876614636183,0.8758269557964248,0.3180065292637798,0
5,Ar1_LUMO|Ar1_v_C=O|Ar2_NBO_=O|Ar2_I_C=O|ar2_enthalpy_hartree,0.963523642659582,0.8757774578053852,0.3553518700553827,0
5,Ar1_LUMO|Ar2_LUMO|Ar2_v_C=O|Ar1_NBO_C2|ar2_enthalpy_hartree,0.9685995368119211,0.8757591230315691,0.3297014838039737,0
5,Ar2_LUMO|prod_homo_hartree|Ar1_v_C=O|Ar2_NBO_=O|Ar1_I_C=O,0.9714649013737252,0.8756943530710857,0.31429868461845467,0
5,Ar2_LUMO|prod_homo_hartree|Ar1_v_C=O|Ar2_v_C=O|sum_enthalpy_hartree,0.9678861184525803,0.8756847187189633,0.3334258561784761,0
4,Ar2_LUMO|Ar1_v_C=O|Ar1_NBO_=O|Ar1_HOMO,0.9473197985004509,0.8755891843268718,0.42704789766085893,0
5,Ar1_LUMO|Ar1_v_C=O|Ar2_v_C=O|ar2_enthalpy_hartree|sum_enthalpy_hartree,0.9701982370193106,0.8755515449321408,0.3211987545643636,0
5,prod_homo_hartree|sum_homo_hartree|Ar2_v_C=O|Ar1_NBO_=O|Ar1_HOMO,0.9799370763722695,0.8755195790001081,0.26354208920648037,0
5,prod_homo_hartree|sum_homo_hartree|Ar2_v_C=O|Ar2_HOMO|Ar1_NBO_=O,0.9799370763722692,0.8755195790001075,0.26354208920648203,0
5,prod_homo_hartree|Ar2_v_C=O|Ar2_HOMO|Ar1_NBO_=O|Ar1_HOMO,0.9799370763722691,0.8755195790001042,0.26354208920648287,0
5,Ar1_v_C=O|Ar2_NBO_=O|Ar1_NBO_-O|Ar2_NBO_C2|Ar2_I_C=O,0.9656783303548772,0.875490634979589,0.34469666207497157,0
5,Ar1_LUMO|Ar2_LUMO|prod_homo_hartree|Ar1_v_C=O|sum_enthalpy_hartree,0.9687961763606787,0.8754674457322673,0.32866751545449274,0
5,Ar2_LUMO|sum_homo_hartree|Ar1_v_C=O|Ar1_NBO_-O|Ar1_I_C=O,0.9693032116041908,0.8754318834089578,0.32598629702863546,0
5,Ar1_LUMO|Ar2_LUMO|prod_homo_hartree|Ar2_v_C=O|ar2_enthalpy_hartree,0.9643973584708689,0.8754283911902181,0.3510702150039924,0
4,Ar1_LUMO|Ar2_NBO_=O|Ar2_I_C=O|ar2_enthalpy_hartree,0.9523095189890524,0.8753639942537794,0.40632049216063476,0
5,Ar1_LUMO|Ar2_LUMO|sum_homo_hartree|Ar2_v_C=O|ar2_enthalpy_hartree,0.9643822594135094,0.8753106845822457,0.3511446514388394,0
5,Ar1_LUMO|sum_homo_hartree|Ar2_v_C=O|Ar2_I_C=O|ar2_enthalpy_hartree,0.9833889990880769,0.8752850397165624,0.2398008816589204,0
5,Ar2_LUMO|Ar1_v_C=O|Ar2_HOMO|Ar1_NBO_C2|Entry,0.9580802769199597,0.875246538829113,0.38094482393206575,0
5,prod_homo_hartree|sum_homo_hartree|Ar1_v_C=O|Ar2_v_C=O|Ar2_I_C=O,0.9776598693360904,0.8751591492507763,0.2780966318222617,0
5,Ar1_v_C=O|Ar2_HOMO|Ar2_NBO_-O|ar2_enthalpy_hartree|Ar1_I_C=O,0.9673768862994574,0.8751484374994087,0.33605903761205697,0
4,Ar1_LUMO|Ar2_v_C=O|Ar2_NBO_=O|Ar2_I_C=O,0.9611186560395858,0.8750776084246001,0.3668795532706263,0
5,Ar1_LUMO|Ar1_v_C=O|Ar2_v_C=O|Ar1_NBO_=O|Ar1_I_C=O,0.9652082082240976,0.8750556997316482,0.3470493794630718,0
5,Ar2_LUMO|prod_homo_hartree|Ar2_v_C=O|Ar1_HOMO|sum_enthalpy_hartree,0.9674121981234803,0.875015482592494,0.33587711030326795,0
5,Ar1_LUMO|Ar1_v_C=O|Ar2_v_C=O|Ar2_NBO_C2|Ar1_I_C=O,0.9639438213640629,0.8748019064138476,0.353299255968546,0
4,Ar1_LUMO|Ar2_NBO_=O|Entry|ar2_enthalpy_hartree,0.9502158636166663,0.8747952794721339,0.415143615540155,0
5,Ar2_LUMO|Ar1_v_C=O|Ar2_v_C=O|Ar2_NBO_C2|sum_enthalpy_hartree,0.971354767006669,0.8747836140924322,0.3149046357536255,0
5,Ar2_LUMO|Ar1_v_C=O|Ar2_NBO_-O|Ar2_NBO_C2|sum_enthalpy_hartree,0.9675918044353816,0.8747762608938754,0.33495024509634885,0
5,Ar1_LUMO|Ar2_NBO_=O|Ar1_HOMO|Entry|ar2_enthalpy_hartree,0.9549970320133593,0.8747661283195203,0.3947057497487702,0
5,Ar1_LUMO|Ar1_v_C=O|Ar2_NBO_-O|Ar1_NBO_C2|Ar1_I_C=O,0.9660317096962471,0.8747128197642512,0.342917555116619,0
5,Ar2_LUMO|sum_homo_hartree|Ar1_NBO_=O|Entry|ar2_enthalpy_hartree,0.956092492131483,0.8745746966670067,0.38987219967741077,0
5,sum_homo_hartree|Ar1_NBO_=O|Ar2_NBO_C2|Entry|Ar1_I_C=O,0.9587128156883856,0.8744503430900152,0.37805980629607383,0
5,Ar1_LUMO|prod_homo_hartree|Ar1_NBO_=O|Ar1_NBO_-O|Entry,0.9571232541490882,0.8744241253910577,0.38526874919885573,0
5,Ar1_LUMO|prod_homo_hartree|Ar2_v_C=O|Ar2_I_C=O|ar2_enthalpy_hartree,0.9832825289769772,0.8743901767999482,0.2405681697130487,0
4,Ar2_LUMO|prod_homo_hartree|Ar2_v_C=O|Ar2_HOMO,0.9569624594045139,0.8742892019528845,0.38599048329581487,0
5,Ar2_LUMO|sum_homo_hartree|Ar1_v_C=O|Ar2_NBO_=O|Ar1_I_C=O,0.9712256133223887,0.8742596040284629,0.31561374768866673,0
5,Ar1_LUMO|Ar2_NBO_=O|Entry|Ar2_I_C=O|ar2_enthalpy_hartree,0.9600177158015686,0.8741222953409363,0.37203746404825305,0
4,Ar1_LUMO|Ar1_v_C=O|Ar2_HOMO|ar2_enthalpy_hartree,0.9471583357699801,0.8740662037044942,0.4277018394114342,0
4,Ar1_NBO_=O|Ar2_NBO_-O|Ar2_NBO_C2|Ar2_I_C=O,0.9551688919197937,0.8740181637721116,0.3939513664003884,0
5,Ar2_LUMO|Ar1_v_C=O|Ar1_NBO_-O|Entry|ar2_enthalpy_hartree,0.9755530177470129,0.8740180373903889,0.29091459032685957,0
4,Ar1_LUMO|Ar2_LUMO|Entry|sum_enthalpy_hartree,0.9462721035185973,0.8739856432918669,0.4312735198384239,0
5,Ar2_LUMO|Ar2_HOMO|Ar1_HOMO|Ar2_NBO_C2|Entry,0.949224863819997,0.8738910194968592,0.4192551662684353,0
5,Ar2_LUMO|sum_homo_hartree|Ar2_HOMO|Ar2_NBO_C2|Entry,0.9492248638199969,0.8738910194968589,0.41925516626843545,0
5,Ar2_LUMO|sum_homo_hartree|Ar1_HOMO|Ar2_NBO_C2|Entry,0.9492248638199969,0.8738910194968589,0.41925516626843545,0
5,Ar2_LUMO|sum_homo_hartree|Ar1_v_C=O|Ar2_v_C=O|sum_enthalpy_hartree,0.9678557901411576,0.8737549039980994,0.3335832625140625,0
4,Ar1_LUMO|Ar2_v_C=O|Ar1_NBO_C2|sum_enthalpy_hartree,0.9625716775401234,0.8736478104315463,0.35995901579292416,0
4,Ar2_LUMO|sum_homo_hartree|Ar1_v_C=O|Ar2_NBO_=O,0.9493852194663218,0.8736075611861898,0.41859260676775184,0
5,Ar2_LUMO|prod_homo_hartree|Ar1_NBO_C2|Entry|ar2_enthalpy_hartree,0.9555506899236414,0.8735907083865312,0.39227026304484863,0
5,Ar2_LUMO|prod_homo_hartree|Ar1_NBO_=O|Entry|ar2_enthalpy_hartree,0.9558477853796251,0.8735642837047496,0.39095711437321473,0
4,Ar2_LUMO|Ar1_HOMO|Ar2_NBO_C2|Entry,0.9463494717713055,0.8735633773816842,0.4309628907090451,0
5,Ar1_LUMO|Ar2_v_C=O|Ar2_NBO_=O|Ar2_HOMO|sum_enthalpy_hartree,0.9636888184750668,0.8735458112500623,0.3545463875758021,0
5,Ar1_LUMO|sum_homo_hartree|Ar1_NBO_=O|Ar1_NBO_-O|Entry,0.9558207186059966,0.8734998857798958,0.3910769308595423,0
3,Ar1_LUMO|Ar2_v_C=O|Entry,0.9442755706444855,0.8734178966938552,0.4392135090142466,0
3,Ar1_LUMO|Ar2_HOMO|ar2_enthalpy_hartree,0.9344552692398598,0.8733720682817695,0.4763451704729979,0
5,Ar1_v_C=O|Ar2_NBO_=O|Ar2_NBO_-O|Ar1_NBO_C2|Ar2_I_C=O,0.9690043176905195,0.8732912098772718,0.32756951292150327,0
5,Ar2_LUMO|prod_homo_hartree|sum_homo_hartree|Ar1_v_C=O|Ar1_NBO_=O,0.9710878707081186,0.8732476155571047,0.3163682652501016,0
5,Ar2_LUMO|sum_homo_hartree|Entry|ar2_enthalpy_hartree|sum_enthalpy_hartree,0.9519548148952542,0.8732332266852969,0.4078287234317258,0
5,Ar1_LUMO|Ar1_NBO_=O|Ar1_NBO_-O|Ar2_NBO_C2|Ar1_I_C=O,0.9648392937368722,0.8731918821271307,0.34888449529837917,0
5,Ar2_LUMO|Ar1_NBO_=O|Ar1_HOMO|Ar1_NBO_-O|Entry,0.9682606185950882,0.8731153052397548,0.33147601075326444,0
5,Ar2_LUMO|Ar1_v_C=O|Ar2_NBO_=O|Ar2_HOMO|Ar2_I_C=O,0.9723119520999812,0.8730989317334341,0.30959863930223475,0
5,Ar1_LUMO|sum_homo_hartree|Ar2_NBO_C2|Entry|sum_enthalpy_hartree,0.9556296791310266,0.8730189214451813,0.39192156365026243,0
4,Ar2_LUMO|prod_homo_hartree|Ar1_v_C=O|Ar2_NBO_=O,0.949854698375756,0.8729171237938999,0.41664674992558887,0
5,Ar1_LUMO|prod_homo_hartree|sum_homo_hartree|Ar1_v_C=O|Ar1_I_C=O,0.9756734896394356,0.872814398178586,0.29019690839566703,0
5,Ar1_LUMO|Ar2_LUMO|sum_homo_hartree|Ar1_v_C=O|sum_enthalpy_hartree,0.9687669670904355,0.8726221851763225,0.32882130898981304,0
4,Ar2_LUMO|Ar1_HOMO|Ar2_NBO_-O|Entry,0.956093114315637,0.8725329409706896,0.3898694373575265,0
3,Ar1_LUMO|Ar2_NBO_=O|ar2_enthalpy_hartree,0.941994612407772,0.8724196429299345,0.44811248182468133,0
3,Ar2_LUMO|Ar1_NBO_=O|sum_enthalpy_hartree,0.9415226861718514,0.8724145953551554,0.4499316890513727,0
5,Ar2_NBO_=O|Ar2_NBO_-O|Ar1_NBO_C2|Ar2_I_C=O|sum_enthalpy_hartree,0.9621085657425328,0.8723609890491996,0.3621791095691274,0
4,Ar1_LUMO|Ar2_v_C=O|Ar2_HOMO|sum_enthalpy_hartree,0.9607065200822134,0.8722923774726823,0.36881885969674555,0
5,Ar1_LUMO|prod_homo_hartree|Ar2_v_C=O|Ar2_NBO_C2|sum_enthalpy_hartree,0.9651386363473962,0.872237586685709,0.34739619716132136,0
5,Ar2_LUMO|Ar1_v_C=O|Ar2_v_C=O|Ar1_NBO_C2|Entry,0.9582081915995275,0.872226898522491,0.38036316855535707,0
4,Ar1_LUMO|Ar1_v_C=O|Ar2_NBO_-O|Ar1_I_C=O,0.9594644514873581,0.8720811514325973,0.37460269847959365,0
5,Ar1_v_C=O|Ar2_v_C=O|Ar2_NBO_=O|Ar2_NBO_-O|Ar2_I_C=O,0.965589141077756,0.8720282494141858,0.3451442408170912,0
5,Ar1_LUMO|Ar2_v_C=O|Ar2_NBO_-O|Entry|ar2_enthalpy_hartree,0.9709965503058514,0.8719366824417153,0.31686750381524076,0
5,Ar2_LUMO|prod_homo_hartree|sum_homo_hartree|Ar1_v_C=O|Ar1_NBO_-O,0.9679035587315868,0.8719311787002382,0.3333353060892914,0
5,Ar1_LUMO|Ar2_LUMO|Ar1_v_C=O|Ar2_HOMO|sum_enthalpy_hartree,0.9687192070963805,0.8718293991880965,0.3290726215145701,0
5,Ar2_v_C=O|Ar1_NBO_-O|Ar2_NBO_-O|Ar1_NBO_C2|Ar2_I_C=O,0.9615110737001851,0.8718085101020521,0.36502345587820567,0
5,prod_homo_hartree|sum_homo_hartree|Ar1_v_C=O|Ar1_NBO_=O|Ar2_NBO_C2,0.9726618013052758,0.8717452742665871,0.3076364720747981,0
5,Ar2_LUMO|Ar1_v_C=O|Ar2_NBO_=O|Ar1_HOMO|Ar2_I_C=O,0.9705749590913114,0.8716922069400254,0.31916217214429055,0
4,Ar1_LUMO|Ar2_NBO_=O|Ar1_HOMO|Ar2_I_C=O,0.9543874578198511,0.8716527895691142,0.3973699424619403,0
5,Ar1_v_C=O|Ar1_NBO_=O|Ar2_NBO_-O|Ar1_NBO_C2|Ar1_I_C=O,0.9678119282253513,0.8714853355131421,0.33381077803095904,0
5,Ar1_v_C=O|Ar2_NBO_=O|Ar1_NBO_-O|Ar2_I_C=O|ar2_enthalpy_hartree,0.9539856707512643,0.8714821967019626,0.39911626092847186,0
4,Ar2_LUMO|Ar1_v_C=O|Ar1_NBO_=O|Ar2_NBO_C2,0.9471696842036801,0.8714038076702493,0.4276559096828016,0
5,Ar1_LUMO|Ar2_NBO_=O|Ar1_HOMO|Entry|Ar2_I_C=O,0.9613899440153394,0.8714020067473909,0.36559739294682464,0
5,Ar2_LUMO|Ar1_v_C=O|Ar2_v_C=O|Ar2_HOMO|sum_enthalpy_hartree,0.9678314839570166,0.8713103049785367,0.33370935993653256,0
5,Ar2_LUMO|prod_homo_hartree|Entry|ar2_enthalpy_hartree|sum_enthalpy_hartree,0.9513942435334091,0.8712616815918783,0.41020101226848266,0
5,Ar1_LUMO|Ar1_v_C=O|Ar2_v_C=O|Ar1_I_C=O|sum_enthalpy_hartree,0.9823676788076602,0.8712590278210744,0.24706294770060314,0
4,Ar2_LUMO|Ar1_v_C=O|Ar2_NBO_=O|Ar2_NBO_C2,0.951262499287452,0.8711381293629086,0.41075655400908945,0
5,Ar1_LUMO|Ar2_v_C=O|Ar1_NBO_=O|Ar1_HOMO|Ar2_I_C=O,0.9695355086721048,0.8711113779156527,0.32475050865247984,0
4,Ar2_LUMO|Ar1_NBO_=O|Entry|sum_enthalpy_hartree,0.9497046763260596,0.870960433456438,0.41726953527656757,0
4,Ar1_LUMO|Ar2_HOMO|Ar1_NBO_C2|Entry,0.9376016312683441,0.8708484312630753,0.4647715037272335,0
4,Ar2_LUMO|Ar1_v_C=O|Ar1_HOMO|Ar1_NBO_C2,0.9537464553154763,0.8708367203848958,0.400152362147254,0
4,Ar1_LUMO|Ar2_NBO_=O|Ar1_HOMO|Entry,0.9445503182427504,0.8706423334398872,0.43812940667883205,0
5,Ar1_v_C=O|Ar2_NBO_=O|Ar2_HOMO|Ar1_NBO_-O|Ar1_I_C=O,0.9624965086941087,0.8705342574119495,0.3603202947709962,0
5,Ar2_LUMO|Ar1_v_C=O|Ar1_NBO_-O|Ar1_NBO_C2|Ar2_I_C=O,0.959663251898288,0.8704240976300193,0.37368297855666893,0
5,Ar2_LUMO|sum_homo_hartree|Ar1_v_C=O|Ar2_HOMO|sum_enthalpy_hartree,0.9676043671214546,0.8702494035832316,0.3348853188860305,0
5,Ar2_LUMO|Ar1_v_C=O|Ar2_HOMO|Ar1_HOMO|sum_enthalpy_hartree,0.9676043671214546,0.8702494035832311,0.3348853188860306,0
5,Ar2_LUMO|sum_homo_hartree|Ar1_v_C=O|Ar1_HOMO|sum_enthalpy_hartree,0.9676043671214546,0.8702494035832302,0.3348853188860306,0
5,Ar2_LUMO|prod_homo_hartree|sum_homo_hartree|Ar2_NBO_-O|Entry,0.9632064656228889,0.8702231102947553,0.3568934919027413,0
3,Ar2_LUMO|Ar1_NBO_=O|Ar2_NBO_C2,0.9287649460581561,0.8701881615137745,0.4965920392702647,0
5,Ar1_LUMO|prod_homo_hartree|Ar2_NBO_C2|Ar1_NBO_C2|Entry,0.9472511691918177,0.8700823379947459,0.4273259761616416,0
4,Ar2_LUMO|Ar1_v_C=O|Ar1_NBO_=O|Ar1_NBO_C2,0.952696281719364,0.8700336493086902,0.4046695386246933,0
5,Ar1_v_C=O|Ar2_HOMO|Ar1_NBO_-O|Ar2_NBO_C2|Ar1_I_C=O,0.9633918328553114,0.8699590741572186,0.3559933351889253,0
4,Ar1_v_C=O|Ar1_NBO_-O|Ar2_NBO_-O|Ar2_I_C=O,0.9579549369840681,0.8699505660800548,0.3815139112046274,0
5,Ar1_LUMO|Ar1_v_C=O|Ar2_v_C=O|Ar2_NBO_=O|ar2_enthalpy_hartree,0.9700898536863471,0.8699158246903376,0.3217822938221018,0
5,Ar1_v_C=O|Ar2_v_C=O|Ar1_NBO_-O|Ar2_NBO_C2|Ar1_I_C=O,0.9620443939776849,0.8698993350372097,0.3624856675166705,0
5,Ar1_LUMO|Ar1_HOMO|Ar1_NBO_-O|Ar2_NBO_-O|Entry,0.9668380875136411,0.8698894850852821,0.3388228248096088,0
5,Ar2_LUMO|prod_homo_hartree|Ar1_v_C=O|Ar2_NBO_=O|Entry,0.9567282474046862,0.8695783130024319,0.387039345989862,0
4,Ar2_LUMO|prod_homo_hartree|Ar1_NBO_C2|ar2_enthalpy_hartree,0.9372286084899011,0.8695417278713278,0.46615865556368935,0
5,prod_homo_hartree|Ar2_NBO_-O|Ar1_NBO_C2|Entry|Ar1_I_C=O,0.954058520967244,0.8695414467272516,0.3988001939160867,0
4,Ar1_LUMO|Entry|ar2_enthalpy_hartree|sum_enthalpy_hartree,0.9448008892744539,0.8695382727398747,0.437138356425708,0
4,Ar2_LUMO|prod_homo_hartree|Ar1_NBO_=O|Entry,0.9466938679982021,0.8694647126691385,0.4295774341674009,0
3,Ar2_LUMO|Ar1_NBO_=O|ar2_enthalpy_hartree,0.9408283268325452,0.8694273767775367,0.4525950495413261,0
5,Ar1_LUMO|Ar1_v_C=O|Ar1_HOMO|ar2_enthalpy_hartree|sum_enthalpy_hartree,0.9670333435528436,0.8691486366704808,0.3378238644315448,0
4,prod_homo_hartree|sum_homo_hartree|Ar1_HOMO|Ar2_NBO_C2,0.9447128002615115,0.8691430224417763,0.43748701906971277,0
4,prod_homo_hartree|sum_homo_hartree|Ar2_HOMO|Ar2_NBO_C2,0.9447128002615114,0.8691430224417762,0.43748701906971305,0
5,prod_homo_hartree|sum_homo_hartree|Ar2_HOMO|Ar1_HOMO|Ar2_NBO_C2,0.9447128002615114,0.8691430224417753,0.4374870190697132,0
4,prod_homo_hartree|Ar2_HOMO|Ar1_HOMO|Ar2_NBO_C2,0.9447128002615113,0.8691430224417739,0.43748701906971343,0
5,Ar1_LUMO|Ar2_v_C=O|Ar2_HOMO|Entry|Ar2_I_C=O,0.972691568159505,0.8690970363808949,0.3074689434054451,0
4,Ar2_LUMO|sum_homo_hartree|Ar1_NBO_C2|ar2_enthalpy_hartree,0.9371545764253928,0.8690243450482794,0.46643346640840916,0
4,Ar2_LUMO|Ar1_v_C=O|Ar1_HOMO|Ar2_I_C=O,0.955599170323407,0.8689968307598779,0.3920562821361352,0
5,Ar1_LUMO|Ar2_LUMO|Ar2_v_C=O|Ar2_NBO_C2|ar2_enthalpy_hartree,0.9674103947008305,0.868919255901274,0.3358864039649041,0
5,Ar1_LUMO|sum_homo_hartree|Ar2_v_C=O|Ar2_NBO_C2|sum_enthalpy_hartree,0.9650930977973236,0.8688589423209845,0.34762302070664935,0
4,Ar2_LUMO|sum_homo_hartree|Ar1_NBO_=O|Entry,0.9464091470283504,0.8685834056746624,0.4307231449174809,0
5,Ar1_LUMO|sum_homo_hartree|Ar2_NBO_C2|Ar1_NBO_C2|Entry,0.9465328666702463,0.8685737606915543,0.4302256747197923,0
5,Ar2_NBO_=O|Ar1_NBO_-O|Ar1_NBO_C2|Ar2_I_C=O|ar2_enthalpy_hartree,0.9545665421232682,0.8685587359078212,0.39658909685128296,0
5,Ar2_LUMO|sum_homo_hartree|Ar2_NBO_=O|Ar2_NBO_-O|Entry,0.9637841206661174,0.8685464553120612,0.3540808113271183,0
5,Ar2_LUMO|prod_homo_hartree|sum_homo_hartree|Ar1_v_C=O|Ar2_NBO_-O,0.9679143215043785,0.8685311362663204,0.33327941339797645,0
5,Ar2_NBO_=O|Ar2_NBO_-O|Ar1_NBO_C2|Ar2_I_C=O|ar2_enthalpy_hartree,0.9605566013194583,0.8684618273999544,0.36952177818436166,0
3,Ar1_LUMO|Ar2_NBO_=O|sum_enthalpy_hartree,0.9396583924042451,0.8684375438634813,0.4570474735527291,0
4,Ar1_LUMO|Ar2_HOMO|Ar2_NBO_C2|Entry,0.9422619562463266,0.8682342350816735,0.44707862554743716,0
4,Ar2_LUMO|Ar1_v_C=O|Ar1_NBO_-O|Ar2_I_C=O,0.9554089675436914,0.8682273464818541,0.39289512349881023,0
5,Ar1_LUMO|Ar2_HOMO|Ar1_NBO_-O|Entry|ar2_enthalpy_hartree,0.9699209609412537,0.8682222276731589,0.3226895142470481,0
5,Ar1_LUMO|Ar1_v_C=O|Ar2_NBO_C2|Ar1_NBO_C2|Entry,0.9596548311347557,0.8682159771801897,0.37372198184692423,0
4,Ar2_LUMO|Ar1_NBO_=O|Ar1_HOMO|Entry,0.9472641450739471,0.8680813359972681,0.427273413171533,0
4,prod_homo_hartree|Ar1_NBO_C2|Entry|Ar1_I_C=O,0.9465359103441673,0.8679964273967808,0.43021342901648885,0
5,Ar1_LUMO|Ar2_HOMO|Ar1_NBO_-O|Entry|sum_enthalpy_hartree,0.9666626565894921,0.8678132107201304,0.33971785155413614,0
4,Ar2_LUMO|Ar1_v_C=O|Ar1_NBO_=O|Entry,0.9529330267079372,0.8677057192846794,0.4036556262022524,0
5,Ar1_v_C=O|Ar2_NBO_=O|Ar1_NBO_-O|Ar1_NBO_C2|Ar1_I_C=O,0.9685400336675842,0.8676481561672211,0.3300137242574633,0
5,Ar1_v_C=O|Ar2_NBO_-O|Entry|Ar1_I_C=O|sum_enthalpy_hartree,0.9601785342809229,0.8675854327495429,0.37128849753795706,0
5,Ar1_LUMO|Ar1_HOMO|Ar2_NBO_C2|Ar1_NBO_C2|Entry,0.9490513964326612,0.8675828964892239,0.41997072405649727,0
5,sum_homo_hartree|Ar2_NBO_C2|Entry|Ar2_I_C=O|sum_enthalpy_hartree,0.9668954344750446,0.8675433833778528,0.33852973455102964,0
5,Ar2_LUMO|Ar2_NBO_=O|Ar1_HOMO|Ar1_NBO_C2|Entry,0.9493052215916061,0.8675000855980863,0.4189232739902968,0
5,Ar1_LUMO|Ar2_v_C=O|Ar1_NBO_=O|Entry|sum_enthalpy_hartree,0.968405988300963,0.867494579433221,0.3307160420698996,0
4,sum_homo_hartree|Ar2_NBO_C2|Entry|Ar2_I_C=O,0.9637366663428938,0.8674643027758853,0.3543127146381923,0
3,Ar2_LUMO|prod_homo_hartree|Ar1_NBO_=O,0.9375431782629817,0.867455563933277,0.46498914508825717,0
4,Ar2_LUMO|sum_homo_hartree|Ar1_v_C=O|Ar1_NBO_=O,0.948267038447999,0.8674344196320889,0.42319111892869926,0
5,Ar1_v_C=O|Ar2_NBO_=O|Ar2_NBO_-O|Entry|Ar1_I_C=O,0.9617323012784886,0.867382310892282,0.3639728987893562,0
5,Ar1_LUMO|Ar2_NBO_=O|Entry|Ar2_I_C=O|sum_enthalpy_hartree,0.9574036408919462,0.8673639301413307,0.38400697629721936,0
5,Ar2_LUMO|prod_homo_hartree|Ar2_NBO_-O|Entry|Ar1_I_C=O,0.963362874780984,0.8672323306209315,0.356134107650613,0
5,Ar1_LUMO|Ar1_v_C=O|Ar2_NBO_=O|Ar2_I_C=O|sum_enthalpy_hartree,0.9594275317695257,0.8672243115477714,0.3747732534459191,0
5,Ar2_LUMO|prod_homo_hartree|Ar2_v_C=O|Ar2_HOMO|Ar1_I_C=O,0.9771768161392995,0.8671527940570124,0.2810871479175543,0
3,Ar2_LUMO|sum_homo_hartree|Ar1_NBO_=O,0.9370115401668921,0.867100580121737,0.4669639662864162,0
5,prod_homo_hartree|sum_homo_hartree|Ar1_v_C=O|Ar2_v_C=O|Ar1_I_C=O,0.9748981282378748,0.8670818289580442,0.2947853712039783,0
5,Ar2_LUMO|prod_homo_hartree|Ar2_NBO_=O|Ar2_NBO_-O|Entry,0.9634979374263218,0.8670404635985589,0.35547705791221595,0
5,Ar1_LUMO|prod_homo_hartree|Ar2_v_C=O|Ar2_NBO_C2|ar2_enthalpy_hartree,0.9676046134863847,0.8670326545642655,0.33488404550212464,0
5,Ar1_LUMO|Ar1_v_C=O|Ar2_v_C=O|Ar1_HOMO|ar2_enthalpy_hartree,0.9669000359860191,0.8669469164745753,0.338506206037677,0
4,Ar1_LUMO|Ar1_v_C=O|Ar2_NBO_=O|Ar1_NBO_C2,0.9461265891515053,0.8669416460549089,0.4318571464372182,0
5,Ar1_v_C=O|Ar2_v_C=O|Ar2_NBO_-O|Ar1_NBO_C2|Ar2_I_C=O,0.9630179900723864,0.8669198334690413,0.35780642098095417,0
4,Ar1_LUMO|Ar2_v_C=O|Ar1_NBO_C2|ar2_enthalpy_hartree,0.9608566929174213,0.8669146510848579,0.36811340430337375,0
5,Ar2_LUMO|Ar2_HOMO|Ar2_NBO_-O|Entry|sum_enthalpy_hartree,0.9565012657233545,0.8668797417221119,0.38805312440364004,0
5,Ar2_LUMO|Ar1_v_C=O|Ar2_NBO_=O|Ar1_HOMO|Entry,0.956455316247258,0.8668284771528716,0.38825802842770724,0
4,prod_homo_hartree|sum_homo_hartree|Ar1_v_C=O|Ar2_NBO_C2,0.9647890240940515,0.8667486408626859,0.3491338081909626,0
5,Ar2_v_C=O|Ar1_NBO_-O|Ar2_NBO_C2|Ar2_I_C=O|ar2_enthalpy_hartree,0.9676001111664778,0.8667305784874443,0.3349073158329252,0
5,Ar2_LUMO|Ar1_v_C=O|Ar1_HOMO|Ar2_NBO_-O|sum_enthalpy_hartree,0.9668733323444991,0.8666478242670266,0.3386427247053287,0
5,Ar1_NBO_=O|Ar1_NBO_-O|Ar2_NBO_C2|Ar1_I_C=O|sum_enthalpy_hartree,0.9633957148504344,0.8665376395882243,0.3559744596054524,0
5,Ar2_LUMO|prod_homo_hartree|Ar2_v_C=O|Ar2_HOMO|Entry,0.9619689035489489,0.8665234208783836,0.3628459648294237,0
4,Ar2_LUMO|Ar1_v_C=O|Ar2_v_C=O|Ar1_NBO_C2,0.9532266720003861,0.8665062802647714,0.40239447617287344,0
4,Ar2_v_C=O|Ar1_NBO_-O|Ar2_I_C=O|sum_enthalpy_hartree,0.9603044189013946,0.8664731486542951,0.37070116972637535,0
5,Ar1_LUMO|Ar2_v_C=O|Ar2_NBO_=O|Ar2_HOMO|ar2_enthalpy_hartree,0.966537186577149,0.8664647236297778,0.3403565403061209,0
5,Ar2_LUMO|Ar2_v_C=O|Ar1_NBO_=O|Ar2_NBO_C2|Ar2_I_C=O,0.9656010783518023,0.8664268590307382,0.3450843696180332,0
5,Ar1_LUMO|Ar2_v_C=O|Ar2_NBO_=O|Ar2_NBO_C2|ar2_enthalpy_hartree,0.969472100775305,0.8663809292290355,0.32508829606026723,0
5,prod_homo_hartree|Ar2_HOMO|Ar2_NBO_C2|Entry|Ar2_I_C=O,0.9680628807765845,0.8663473833073938,0.33250696298824944,0
3,Ar1_LUMO|Ar2_NBO_=O|Ar1_HOMO,0.9366728637891464,0.8663296598941322,0.468217669344577,0
5,Ar2_LUMO|Ar2_NBO_=O|Ar1_HOMO|Entry|sum_enthalpy_hartree,0.956717048740764,0.8663210378965207,0.38708942534773,0
4,Ar1_LUMO|Ar2_v_C=O|Ar1_NBO_=O|ar2_enthalpy_hartree,0.9614282923280975,0.8661841216988408,0.3654157883649309,0
5,Ar1_LUMO|Ar1_v_C=O|Ar2_HOMO|Ar2_NBO_C2|Ar1_I_C=O,0.9657836995674828,0.8661259071658975,0.3441671374993163,0
5,Ar1_NBO_=O|Ar1_NBO_-O|Ar2_NBO_C2|ar2_enthalpy_hartree|Ar1_I_C=O,0.9636074302558513,0.8660948657764748,0.3549435069551336,0
5,Ar1_LUMO|Ar2_v_C=O|Ar2_NBO_-O|Ar2_NBO_C2|Ar2_I_C=O,0.96070719555194,0.8660888697483237,0.36881568961553235,0
5,Ar1_LUMO|Ar2_v_C=O|Ar2_NBO_-O|Ar2_NBO_C2|ar2_enthalpy_hartree,0.9678122231561931,0.866050230341403,0.3338092487172436,0
5,Ar1_LUMO|prod_homo_hartree|Ar1_v_C=O|Ar2_v_C=O|ar2_enthalpy_hartree,0.9668900903589264,0.8660231687692637,0.3385570581116173,0
4,Ar1_LUMO|Ar1_v_C=O|Ar2_NBO_=O|ar2_enthalpy_hartree,0.9523855848894399,0.8660101625179204,0.4059963240308833,0
4,Ar1_LUMO|Ar2_LUMO|Ar2_v_C=O|sum_enthalpy_hartree,0.96087275997116,0.866001494119526,0.3680378472625725,0
4,Ar2_LUMO|prod_homo_hartree|Ar1_v_C=O|Ar1_NBO_=O,0.9488281474311265,0.8659697108432185,0.420889842092267,0
4,Ar2_LUMO|Ar1_v_C=O|Ar2_NBO_=O|Ar2_HOMO,0.9489488565785299,0.8659559277507062,0.42039313103020626,0
5,Ar1_HOMO|Ar2_NBO_C2|Entry|Ar2_I_C=O|Ar1_I_C=O,0.9649964256866019,0.8658818649098016,0.3481040461519215,0
5,Ar1_LUMO|Ar2_LUMO|Ar1_v_C=O|Ar1_NBO_C2|Entry,0.9586076825408087,0.8657821558156787,0.3785408435436766,0
5,Ar2_v_C=O|Ar2_NBO_=O|Ar2_NBO_-O|Ar2_I_C=O|Ar1_I_C=O,0.9656112334823242,0.8657676300410536,0.3450334285518264,0
4,Ar1_LUMO|sum_homo_hartree|Ar2_NBO_=O|Entry,0.9449664149892334,0.8656930050425706,0.4364824403774501,0
5,Ar1_LUMO|prod_homo_hartree|Ar2_v_C=O|Ar2_HOMO|ar2_enthalpy_hartree,0.9687174957985586,0.8656357245728573,0.32908162278190345,0
5,Ar1_LUMO|Ar2_v_C=O|Ar2_NBO_=O|Ar1_NBO_C2|ar2_enthalpy_hartree,0.9664036725483,0.8656251668530109,0.34103486245860726,0
5,Ar2_LUMO|prod_homo_hartree|Ar1_v_C=O|Ar2_HOMO|Entry,0.9567886194231079,0.865400581766622,0.3867692563713755,0
5,Ar2_LUMO|Ar2_v_C=O|Ar1_HOMO|Entry|sum_enthalpy_hartree,0.9600928206387167,0.8653833087588455,0.37168787237415846,0
5,Ar2_LUMO|sum_homo_hartree|Ar1_v_C=O|Ar2_NBO_=O|Entry,0.9562550945981004,0.8652840156034491,0.3891496241409549,0
4,Ar1_v_C=O|Ar2_v_C=O|Ar2_NBO_-O|Ar2_I_C=O,0.9565048423238087,0.8652839813473137,0.3880371706117097,0
5,Ar1_LUMO|prod_homo_hartree|sum_homo_hartree|Ar1_NBO_C2|Entry,0.9467190392114327,0.8651990909253849,0.42947599872680825,0
5,Ar2_LUMO|sum_homo_hartree|Ar1_v_C=O|Ar2_NBO_-O|sum_enthalpy_hartree,0.9669318467099761,0.8650211420022736,0.3383435062248475,0
5,Ar1_LUMO|prod_homo_hartree|sum_homo_hartree|Entry|ar2_enthalpy_hartree,0.9488813984232047,0.8649731579248143,0.4206707896794769,0
5,Ar2_v_C=O|Ar2_NBO_-O|Ar2_NBO_C2|Ar1_NBO_C2|Ar2_I_C=O,0.9597489558175882,0.864953588316331,0.37328578335639473,0
5,Ar1_NBO_=O|Ar2_NBO_-O|Ar2_NBO_C2|Ar2_I_C=O|sum_enthalpy_hartree,0.9576351149549054,0.864835642644166,0.3829621834696679,0
5,Ar1_LUMO|Ar2_LUMO|Ar1_HOMO|Ar2_NBO_C2|Entry,0.9484250036815969,0.8647868200778429,0.42254452350099997,0
5,Ar1_LUMO|Ar2_v_C=O|Ar2_NBO_=O|Ar2_NBO_C2|Ar2_I_C=O,0.9615884346155252,0.864751229519472,0.36465643144809967,0
4,Ar2_LUMO|sum_homo_hartree|Entry|ar2_enthalpy_hartree,0.9351017827772283,0.8647083455651794,0.47399008577528595,0
5,Ar1_v_C=O|Ar1_HOMO|Ar2_NBO_C2|Entry|Ar1_I_C=O,0.9667793418146966,0.8646802352726832,0.33912280112143434,0
5,Ar1_LUMO|Ar1_v_C=O|Ar2_HOMO|Entry|sum_enthalpy_hartree,0.9456897764832046,0.8645752357578739,0.43360438901071613,0
4,Ar1_LUMO|prod_homo_hartree|Ar2_NBO_=O|Entry,0.9453445982360204,0.8645479725077324,0.43498013128552304,0
5,Ar1_LUMO|prod_homo_hartree|Ar1_NBO_=O|Ar2_NBO_C2|Entry,0.94702757600681,0.864538225165677,0.42823069894522947,0
4,Ar2_LUMO|Ar1_v_C=O|Ar2_NBO_-O|Ar1_NBO_C2,0.9531044912101881,0.8644992676940902,0.40291969868799954,0
5,Ar1_LUMO|Ar1_v_C=O|Ar2_v_C=O|Ar2_NBO_C2|ar2_enthalpy_hartree,0.9700167695389351,0.8644600257292866,0.32217518451659405,0
4,Ar1_LUMO|Ar1_v_C=O|Ar2_NBO_C2|Ar1_NBO_C2,0.9548099863670656,0.8643986434994233,0.3955251561304102,0
5,prod_homo_hartree|sum_homo_hartree|Ar1_v_C=O|Ar2_NBO_-O|Entry,0.9648551079251599,0.8643755459576088,0.34880602779579634,0
5,Ar2_NBO_=O|Ar1_NBO_-O|Ar1_NBO_C2|Ar2_I_C=O|sum_enthalpy_hartree,0.9539705470785839,0.8642612632189058,0.39918184493127595,0
4,Ar2_LUMO|sum_homo_hartree|Ar1_NBO_=O|ar2_enthalpy_hartree,0.9470479680141757,0.8642050850700068,0.4281482662050014,0
4,Ar2_LUMO|prod_homo_hartree|Ar1_NBO_=O|ar2_enthalpy_hartree,0.9470578858175588,0.8641444186097593,0.428108168695872,0
5,Ar1_LUMO|Ar2_v_C=O|Ar2_NBO_-O|Entry|sum_enthalpy_hartree,0.9673073632201262,0.8641109183609075,0.33641693454548577,0
4,Ar1_LUMO|Ar2_NBO_=O|Entry|Ar2_I_C=O,0.9509447640810358,0.8640304638879276,0.4120933049211562,0
5,Ar1_v_C=O|Ar2_NBO_=O|Ar2_NBO_-O|Entry|Ar2_I_C=O,0.9629875826161265,0.8640162203035324,0.35795348907694,0
5,prod_homo_hartree|Ar1_v_C=O|Ar2_NBO_C2|Entry|Ar2_I_C=O,0.9693330992214908,0.8640019725221806,0.3258275617522887,0
5,Ar1_v_C=O|Ar2_NBO_=O|Ar1_NBO_-O|Ar2_I_C=O|sum_enthalpy_hartree,0.9526260818018851,0.8639892822570098,0.4049696972337935,0
5,Ar1_LUMO|sum_homo_hartree|Ar1_v_C=O|Ar2_v_C=O|ar2_enthalpy_hartree,0.9668612083618556,0.8637351416191228,0.3387046887242935,0
4,Ar2_LUMO|prod_homo_hartree|Ar2_HOMO|Entry,0.9409045608999341,0.8636877611909299,0.4523034042328877,0
5,Ar2_LUMO|sum_homo_hartree|Ar2_NBO_-O|Entry|Ar1_I_C=O,0.9637356648515066,0.8636377308953173,0.3543176071652493,0
5,Ar1_LUMO|Ar2_LUMO|Ar1_v_C=O|Ar2_v_C=O|sum_enthalpy_hartree,0.9701982370193106,0.8636279189012546,0.32119875456436353,0
4,Ar1_LUMO|Ar2_NBO_=O|Ar1_HOMO|ar2_enthalpy_hartree,0.9475128467288285,0.8635986284925223,0.42626471438533886,0
5,Ar1_LUMO|Ar2_v_C=O|Ar2_NBO_C2|Ar1_NBO_C2|ar2_enthalpy_hartree,0.9665297912585462,0.8635954256443464,0.34039414781344945,0
5,Ar2_LUMO|prod_homo_hartree|Ar1_HOMO|Ar2_NBO_C2|Entry,0.9485231033682457,0.8635374212214801,0.4221424758221534,0
5,Ar1_LUMO|Ar2_v_C=O|Ar2_NBO_=O|Ar1_HOMO|sum_enthalpy_hartree,0.9635458847210001,0.8635335635067405,0.3552435126983931,0
5,Ar1_LUMO|Ar2_NBO_=O|Ar1_HOMO|Ar2_I_C=O|ar2_enthalpy_hartree,0.9592726293381856,0.8635081684832788,0.37548799900509333,0
4,Ar2_LUMO|Ar1_NBO_=O|Entry|ar2_enthalpy_hartree,0.9479540815396132,0.8634764299373265,0.42446922948975313,0
5,Ar1_LUMO|Ar2_NBO_=O|Entry|ar2_enthalpy_hartree|sum_enthalpy_hartree,0.9521214123560637,0.863448498439058,0.40712103305107755,0
5,Ar1_LUMO|Ar2_HOMO|Ar1_NBO_C2|Entry|sum_enthalpy_hartree,0.946482108518427,0.8634429096589286,0.4304298401430511,0
5,Ar1_LUMO|Ar1_v_C=O|Ar1_NBO_=O|Entry|ar2_enthalpy_hartree,0.9533343611724563,0.8633456027868446,0.40193098019162027,0
5,Ar1_LUMO|Ar2_LUMO|prod_homo_hartree|Ar2_NBO_C2|Entry,0.9469711191258685,0.8632854636192758,0.42845883775289617,0
5,Ar2_LUMO|prod_homo_hartree|Ar1_v_C=O|Ar2_NBO_-O|sum_enthalpy_hartree,0.9669934844535232,0.8632748279305115,0.33802802962032685,0
5,Ar2_LUMO|Ar1_v_C=O|Ar2_NBO_C2|Ar1_NBO_C2|Entry,0.958850202402584,0.8632134536540192,0.3774302686257819,0
5,Ar1_NBO_=O|Ar2_NBO_-O|Ar2_NBO_C2|Entry|Ar2_I_C=O,0.9557928067089021,0.8631027366856656,0.3912004500200053,0
4,Ar2_LUMO|sum_homo_hartree|Ar2_HOMO|Entry,0.9391081991160861,0.8630860604178637,0.45912641915192287,0
5,Ar2_LUMO|sum_homo_hartree|Ar2_HOMO|Ar1_HOMO|Entry,0.9391081991160861,0.8630860604178636,0.45912641915192287,0
4,Ar2_LUMO|Ar2_HOMO|Ar1_HOMO|Entry,0.9391081991160861,0.8630860604178636,0.4591264191519229,0
4,Ar2_LUMO|sum_homo_hartree|Ar1_HOMO|Entry,0.9391081991160861,0.8630860604178635,0.45912641915192287,0
4,Ar1_LUMO|prod_homo_hartree|Entry|ar2_enthalpy_hartree,0.9400819886931456,0.8630068522412109,0.45544041838687443,0
4,Ar1_NBO_=O|Ar2_NBO_-O|Ar2_NBO_C2|Ar1_I_C=O,0.9497017320757758,0.8629851842465603,0.4172817484196486,0
4,Ar2_LUMO|prod_homo_hartree|Entry|ar2_enthalpy_hartree,0.9337289253652207,0.8629055387609093,0.47897724425758936,0
5,Ar1_LUMO|Ar2_NBO_=O|Ar2_HOMO|Entry|sum_enthalpy_hartree,0.9541365768238277,0.8628841382849839,0.3984612635554335,0
5,Ar2_LUMO|Ar1_v_C=O|Ar2_NBO_-O|Ar2_I_C=O|sum_enthalpy_hartree,0.9784587143946296,0.8628840982225718,0.27307923898931413,0
3,Ar2_LUMO|prod_homo_hartree|Ar1_NBO_C2,0.922922168500279,0.8628661687755095,0.5165562473222188,0
5,Ar2_LUMO|prod_homo_hartree|Ar2_v_C=O|Ar2_HOMO|Ar1_NBO_C2,0.9649789386846593,0.8628093378521702,0.3481909877881874,0
3,Ar2_LUMO|Ar1_v_C=O|Ar1_NBO_-O,0.9463034016312064,0.8625985843493427,0.4311478866534255,0
4,Ar1_LUMO|Ar2_NBO_=O|Ar1_NBO_C2|Ar2_I_C=O,0.9438149706332767,0.8625679401901125,0.44102497149322195,0
5,sum_homo_hartree|Ar1_HOMO|Ar2_NBO_C2|Entry|Ar1_I_C=O,0.9649870972345341,0.8625594884692507,0.3481504279236714,0
5,Ar2_HOMO|Ar1_HOMO|Ar2_NBO_C2|Entry|Ar1_I_C=O,0.9649870972345341,0.8625594884692488,0.3481504279236714,0
5,sum_homo_hartree|Ar2_HOMO|Ar2_NBO_C2|Entry|Ar1_I_C=O,0.9649870972345341,0.8625594884692487,0.3481504279236715,0
5,Ar1_LUMO|Ar2_v_C=O|Ar1_HOMO|Ar2_NBO_-O|ar2_enthalpy_hartree,0.9649721143252158,0.8625451222793032,0.3482249111562895,0
5,Ar1_LUMO|Ar1_NBO_=O|Ar2_NBO_-O|Ar2_NBO_C2|Ar2_I_C=O,0.9577232782010017,0.8625107209410324,0.38256349510813986,0
5,Ar1_LUMO|sum_homo_hartree|Ar2_NBO_=O|Entry|sum_enthalpy_hartree,0.9527712730912397,0.8625101793329352,0.40434864671813964,0
5,Ar1_LUMO|prod_homo_hartree|Ar1_v_C=O|Ar2_HOMO|ar2_enthalpy_hartree,0.9638481572685776,0.8625037912862541,0.3537676315218387,0
5,Ar1_LUMO|Ar2_v_C=O|Ar2_NBO_=O|Ar1_NBO_C2|sum_enthalpy_hartree,0.9661405813394645,0.8624434309912627,0.34236757217398983,0
5,prod_homo_hartree|sum_homo_hartree|Ar1_v_C=O|Ar2_NBO_-O|ar2_enthalpy_hartree,0.9662994715623231,0.8624287084119495,0.34156332285714675,0
5,Ar1_LUMO|Ar1_v_C=O|Ar2_NBO_=O|Ar2_NBO_C2|Ar2_I_C=O,0.9567745959776092,0.8623823471439159,0.38683201064507644,0
5,Ar1_LUMO|prod_homo_hartree|Ar2_NBO_=O|Entry|sum_enthalpy_hartree,0.9530089308092686,0.8622923772829783,0.40333001061476137,0
5,Ar1_LUMO|prod_homo_hartree|Ar2_HOMO|Entry|ar2_enthalpy_hartree,0.9554670378819584,0.8622827129522028,0.3926392089750814,0
5,Ar2_LUMO|Ar1_v_C=O|Ar1_HOMO|Ar2_NBO_-O|Entry,0.9601412389861311,0.8622561166281854,0.3714623243047127,0
5,Ar2_LUMO|Ar1_v_C=O|Ar2_NBO_-O|ar2_enthalpy_hartree|sum_enthalpy_hartree,0.9701448227223961,0.862241219168282,0.32148647118377177,0
5,Ar1_LUMO|Ar1_v_C=O|Ar2_NBO_=O|Ar1_NBO_-O|Ar2_I_C=O,0.9620448207641042,0.8621497025371059,0.3624836295516475,0
4,Ar1_LUMO|Ar2_v_C=O|Ar2_HOMO|ar2_enthalpy_hartree,0.9606427991293546,0.8620830114351818,0.36911778930338385,0
5,Ar2_LUMO|Ar2_NBO_=O|Ar1_NBO_-O|Ar1_NBO_C2|Ar2_I_C=O,0.9649684021776807,0.8620553531134816,0.3482433625697056,0
5,Ar2_LUMO|Ar1_v_C=O|Ar2_NBO_=O|Ar2_NBO_-O|sum_enthalpy_hartree,0.9668624897084915,0.8618773662387311,0.33869814047242114,0
4,Ar1_LUMO|Ar2_LUMO|Ar1_v_C=O|Ar1_NBO_C2,0.9538418984081003,0.8618023171060349,0.39973929649427703,0
5,Ar1_v_C=O|Ar2_NBO_-O|Ar1_NBO_C2|Entry|Ar1_I_C=O,0.9601317657254662,0.8617910516812877,0.37150646454229486,0
5,Ar2_NBO_=O|Ar2_NBO_-O|Ar1_NBO_C2|Entry|Ar2_I_C=O,0.9586901573012361,0.8617006825562686,0.37816353158803584,0
5,prod_homo_hartree|Ar2_NBO_C2|Entry|Ar2_I_C=O|Ar1_I_C=O,0.9673953712541294,0.8615578782301168,0.3359638149985448,0
5,Ar1_LUMO|Ar2_v_C=O|Ar2_NBO_=O|Ar1_HOMO|Ar2_I_C=O,0.9686561345968181,0.8615394293148368,0.32940421446536694,0
4,Ar2_v_C=O|Ar2_NBO_-O|Ar1_NBO_C2|Ar2_I_C=O,0.9533441191934627,0.8615352268796834,0.40188895509458944,0
5,Ar1_LUMO|Ar2_HOMO|Ar1_HOMO|Entry|ar2_enthalpy_hartree,0.9552297796766441,0.8615090181261997,0.3936837512772486,0
5,Ar1_LUMO|sum_homo_hartree|Ar2_HOMO|Entry|ar2_enthalpy_hartree,0.9552297796766441,0.8615090181261996,0.39368375127724875,0
5,Ar1_LUMO|sum_homo_hartree|Ar1_HOMO|Entry|ar2_enthalpy_hartree,0.9552297796766441,0.8615090181261996,0.39368375127724886,0
5,Ar2_v_C=O|Ar2_NBO_=O|Ar1_NBO_-O|Ar2_I_C=O|Ar1_I_C=O,0.9655732532293314,0.8614901295506563,0.34522390994977115,0
5,Ar1_v_C=O|Ar2_v_C=O|Ar2_NBO_=O|Ar1_NBO_-O|Ar2_I_C=O,0.9646208260204493,0.8614765125358902,0.3499666972367984,0
4,Ar1_LUMO|Ar2_NBO_=O|Entry|sum_enthalpy_hartree,0.9459631127835727,0.8614649396339158,0.43251187537341074,0
4,Ar1_LUMO|Ar2_v_C=O|Ar2_NBO_C2|Entry,0.9465618307170216,0.8613936466700396,0.4301091286863563,0
5,Ar1_v_C=O|Ar1_NBO_=O|Ar2_NBO_-O|ar2_enthalpy_hartree|Ar1_I_C=O,0.9669187379074811,0.8613715120195375,0.33841056226349386,0
3,Ar2_LUMO|Ar1_NBO_=O|Entry,0.9357173003835743,0.861337987268108,0.4717369860848039,0
4,Ar1_LUMO|Ar2_v_C=O|Ar1_NBO_=O|Ar1_I_C=O,0.9596238616237682,0.8613155331527241,0.373865391418781,0
5,Ar1_v_C=O|Ar1_NBO_-O|Ar2_NBO_C2|Ar2_I_C=O|Ar1_I_C=O,0.9615240256403736,0.8612897071677037,0.36496203353903944,0
5,Ar2_LUMO|Ar2_v_C=O|Ar2_NBO_=O|Ar1_NBO_=O|Ar1_I_C=O,0.9637697771514749,0.8612387246941711,0.3541509222926156,0
5,Ar2_LUMO|Ar1_v_C=O|Ar2_v_C=O|Ar1_NBO_-O|ar2_enthalpy_hartree,0.9698630337011409,0.8612284248520561,0.32300008803105157,0
4,Ar1_LUMO|Ar2_v_C=O|Ar2_NBO_-O|sum_enthalpy_hartree,0.9607097405848399,0.8612081523128399,0.3688037451478735,0
4,Ar2_LUMO|prod_homo_hartree|Ar1_NBO_C2|sum_enthalpy_hartree,0.9403990750212498,0.8610853324998375,0.4542337236571718,0
5,Ar1_LUMO|Ar2_LUMO|Ar1_v_C=O|Ar2_NBO_C2|Ar1_NBO_C2,0.9549248421389785,0.8610437427727229,0.395022199331044,0
4,Ar2_LUMO|prod_homo_hartree|Ar1_NBO_=O|sum_enthalpy_hartree,0.9470333624835802,0.8610259590111196,0.42820730927869466,0
5,Ar1_LUMO|Ar1_v_C=O|Ar2_NBO_=O|Ar1_NBO_C2|sum_enthalpy_hartree,0.9543869831906618,0.8609894225268333,0.3973720099073618,0
5,Ar1_v_C=O|Ar1_NBO_-O|Ar2_NBO_-O|Ar1_NBO_C2|Ar2_I_C=O,0.9630707329979374,0.86098628641801,0.35755118213801823,0
4,Ar2_LUMO|sum_homo_hartree|Ar1_NBO_=O|sum_enthalpy_hartree,0.9470219850287089,0.8609776523579563,0.4282532971681169,0
4,Ar2_v_C=O|Ar2_NBO_-O|Ar2_I_C=O|Ar1_I_C=O,0.957982950397681,0.8609649603952645,0.38138679416620874,0
4,Ar2_LUMO|sum_homo_hartree|Ar1_NBO_C2|sum_enthalpy_hartree,0.9404345202055415,0.8609481556118339,0.45409863521243893,0
5,Ar1_LUMO|Ar2_LUMO|sum_homo_hartree|Ar2_NBO_C2|Entry,0.9461645615321448,0.8609080164749958,0.43170492352863826,0
3,Ar2_LUMO|Ar2_HOMO|Ar1_NBO_=O,0.9351457993606327,0.8608678815916571,0.47382931893268176,0
3,Ar2_LUMO|Entry|sum_enthalpy_hartree,0.9268540823031398,0.860723545116367,0.5032084449994787,0
5,Ar1_LUMO|Ar2_LUMO|Ar1_v_C=O|Ar2_NBO_C2|Entry,0.9579437334068517,0.8607124205918982,0.38156473805033125,0
5,Ar2_LUMO|Ar1_v_C=O|Ar1_NBO_-O|ar2_enthalpy_hartree|sum_enthalpy_hartree,0.970084218661646,0.8606674228769221,0.321812604034558,0
5,Ar2_v_C=O|Ar1_HOMO|Ar1_NBO_-O|Ar2_NBO_C2|Ar2_I_C=O,0.9626886846472114,0.8606219928255227,0.3593959297572939,0
5,Ar2_LUMO|Ar1_HOMO|Ar2_NBO_C2|Ar1_NBO_C2|Entry,0.9480492425991294,0.8605840688946652,0.4240810009467976,0
5,Ar1_LUMO|Ar1_v_C=O|Ar2_v_C=O|Ar2_HOMO|ar2_enthalpy_hartree,0.9668341261141774,0.860507699388602,0.33884306146627796,0
5,Ar2_LUMO|Ar1_v_C=O|Ar2_NBO_=O|Ar2_HOMO|Ar1_NBO_C2,0.9546915034094521,0.8604281678427268,0.3960433271755122,0
5,Ar1_NBO_=O|Ar1_HOMO|Ar2_NBO_-O|Ar2_NBO_C2|Ar2_I_C=O,0.9605375086268417,0.8603408331756459,0.3696112014135979,0
5,Ar1_LUMO|Ar2_LUMO|Ar2_v_C=O|Ar2_HOMO|ar2_enthalpy_hartree,0.9642855287043623,0.8603358035533912,0.35162114770590847,0
5,Ar1_LUMO|prod_homo_hartree|sum_homo_hartree|Ar1_v_C=O|Ar1_NBO_=O,0.9713061749642828,0.8603165328516418,0.31517161517778436,0
4,Ar2_LUMO|Ar1_v_C=O|Ar2_NBO_C2|Ar1_NBO_C2,0.9541500802043809,0.8601994825283913,0.3984026005751292,0
4,Ar1_NBO_=O|Ar2_NBO_-O|Ar1_NBO_C2|Ar1_I_C=O,0.9593086793540263,0.8601120226827103,0.37532177976655057,0
5,Ar1_LUMO|Ar1_v_C=O|Ar2_NBO_=O|Ar1_NBO_C2|Entry,0.9486483331475272,0.8598631893209447,0.4216286822249004,0
5,Ar1_LUMO|sum_homo_hartree|Ar2_v_C=O|Ar2_NBO_C2|ar2_enthalpy_hartree,0.9672534622947772,0.8597556708244015,0.33669414858954216,0
5,Ar2_HOMO|Ar1_NBO_=O|Ar2_NBO_-O|Ar2_NBO_C2|Ar2_I_C=O,0.969144713831195,0.8595794739730078,0.3268268015490656,0
5,Ar2_LUMO|Ar1_v_C=O|Ar1_NBO_=O|Ar2_NBO_-O|sum_enthalpy_hartree,0.9728840960482155,0.8594986475742488,0.30638317891136624,0
5,Ar1_LUMO|prod_homo_hartree|Ar1_HOMO|Entry|ar2_enthalpy_hartree,0.954586669935238,0.8594449900483941,0.3965012391861062,0
5,Ar1_LUMO|Ar1_v_C=O|Ar2_NBO_=O|ar2_enthalpy_hartree|Ar1_I_C=O,0.9772580462034185,0.85942659432277,0.28058649298200317,0
3,Ar2_LUMO|sum_homo_hartree|Ar1_NBO_C2,0.9214582476940205,0.8594176755756573,0.5214385886656286,0
5,Ar1_NBO_=O|Ar2_NBO_-O|Ar2_NBO_C2|Ar2_I_C=O|ar2_enthalpy_hartree,0.9575262188506278,0.8593457222882223,0.3834540569334701,0
4,Ar1_LUMO|Ar2_v_C=O|Ar2_NBO_-O|ar2_enthalpy_hartree,0.9612136995387645,0.8593016949662463,0.36643086955438287,0
5,prod_homo_hartree|sum_homo_hartree|Ar1_v_C=O|Ar1_NBO_=O|Ar2_NBO_-O,0.9704053219332968,0.859222751593136,0.3200808447041105,0
4,Ar2_NBO_=O|Ar1_NBO_-O|Ar2_NBO_C2|Ar2_I_C=O,0.9565155538020669,0.8590978489078536,0.38798938704371577,0
5,Ar1_v_C=O|Ar1_NBO_-O|Ar2_NBO_-O|Ar2_NBO_C2|Ar1_I_C=O,0.9628056277196915,0.8590468880693802,0.35883226900397486,0
5,Ar2_LUMO|prod_homo_hartree|Ar2_v_C=O|Ar2_HOMO|Ar1_NBO_=O,0.9575713297647352,0.8590313711342664,0.38325037176592897,0
5,Ar1_v_C=O|Ar1_NBO_-O|Ar2_NBO_-O|Ar2_NBO_C2|Ar2_I_C=O,0.9622076654703051,0.8589945043372548,0.361705185183182,0
4,Ar2_LUMO|Entry|ar2_enthalpy_hartree|sum_enthalpy_hartree,0.9416339970835247,0.8589065747965385,0.44950326511475575,0
5,Ar1_LUMO|Ar2_LUMO|Ar1_HOMO|Ar1_NBO_C2|Entry,0.9476236105975547,0.858886352349888,0.4258147027005489,0
5,prod_homo_hartree|Ar2_NBO_C2|Ar1_NBO_C2|Entry|Ar1_I_C=O,0.955603375953113,0.8587604003759406,0.39203771398543996,0
4,Ar1_LUMO|Ar1_v_C=O|Ar2_NBO_C2|Ar1_I_C=O,0.9403612445751439,0.858725146866574,0.45437785848811946,0
5,Ar1_v_C=O|Ar2_NBO_=O|Ar1_NBO_=O|Ar1_NBO_-O|Ar2_I_C=O,0.9658563044448362,0.858697487648303,0.3438017928765023,0
4,Ar1_LUMO|sum_homo_hartree|Entry|ar2_enthalpy_hartree,0.9382612336510834,0.8586792238521963,0.46230846769055656,0
4,Ar1_LUMO|Ar1_v_C=O|Ar2_HOMO|Entry,0.9373528778592819,0.8586698438438292,0.4656969966773364,0
5,Ar1_v_C=O|Ar2_NBO_=O|Ar2_HOMO|Ar2_NBO_-O|Ar1_I_C=O,0.9631988911923522,0.8586286785323878,0.3569302256101421,0
5,Ar2_LUMO|prod_homo_hartree|Ar2_NBO_C2|Ar1_NBO_C2|Entry,0.944960746656251,0.8585896925729725,0.436504918143604,0
5,Ar2_NBO_=O|Ar1_HOMO|Ar1_NBO_C2|Entry|Ar2_I_C=O,0.9470557172222569,0.8584868675205031,0.42811693661032696,0
4,Ar1_LUMO|Ar2_LUMO|Ar1_v_C=O|Ar2_NBO_C2,0.953150194833285,0.8584193937008544,0.4027233112361362,0
4,Ar1_LUMO|Ar2_v_C=O|ar2_enthalpy_hartree|sum_enthalpy_hartree,0.9613374884978201,0.8583659960233735,0.3658456584663088,0
5,Ar1_LUMO|Ar2_NBO_=O|Ar1_HOMO|Ar2_I_C=O|sum_enthalpy_hartree,0.9573657355867955,0.8581779663820807,0.38417779682201436,0
5,Ar1_v_C=O|Ar2_NBO_=O|Ar1_NBO_-O|Ar2_NBO_-O|Ar2_I_C=O,0.9658483505554439,0.8581745320329849,0.3438418354400142,0
5,Ar1_LUMO|Ar2_v_C=O|Ar1_NBO_-O|Entry|sum_enthalpy_hartree,0.9676346487483757,0.8581638831523061,0.33472876625416437,0
5,Ar1_LUMO|Ar2_v_C=O|Ar2_HOMO|Ar1_HOMO|ar2_enthalpy_hartree,0.9677232127610375,0.8581577178259433,0.3342704793932276,0
5,Ar1_LUMO|sum_homo_hartree|Ar2_v_C=O|Ar1_HOMO|ar2_enthalpy_hartree,0.9677232127610375,0.8581577178259432,0.33427047939322746,0
5,Ar1_LUMO|sum_homo_hartree|Ar2_v_C=O|Ar2_HOMO|ar2_enthalpy_hartree,0.9677232127610375,0.8581577178259431,0.33427047939322757,0
5,Ar1_LUMO|sum_homo_hartree|Ar2_v_C=O|Ar1_NBO_=O|ar2_enthalpy_hartree,0.9619659458779748,0.8581544784848592,0.3628600737851727,0
5,Ar1_LUMO|sum_homo_hartree|Ar1_v_C=O|Ar2_NBO_=O|ar2_enthalpy_hartree,0.9546759852017948,0.8581192667849491,0.3961111439968825,0
5,Ar1_LUMO|Ar2_NBO_=O|Ar1_NBO_C2|Entry|ar2_enthalpy_hartree,0.9507944294301831,0.8580923242760724,0.41272427234086695,0
5,Ar1_v_C=O|Ar2_NBO_=O|Ar1_NBO_=O|Ar2_NBO_-O|Ar2_I_C=O,0.9658572907075385,0.8580773025585957,0.3437968273722056,0
5,Ar2_LUMO|Ar2_NBO_=O|Ar1_HOMO|Ar2_NBO_-O|Entry,0.9632262089344207,0.8580745370662992,0.356797725010293,0
5,prod_homo_hartree|sum_homo_hartree|Ar1_v_C=O|Ar1_NBO_=O|Ar1_NBO_-O,0.9702448022184303,0.8579460140187548,0.32094772023814655,0
5,Ar1_LUMO|Ar2_LUMO|prod_homo_hartree|Ar1_NBO_C2|Entry,0.9456398758204944,0.8578930697537299,0.43380354284540523,0
5,Ar2_NBO_=O|Ar1_HOMO|Ar2_NBO_C2|Ar2_I_C=O|ar2_enthalpy_hartree,0.9543803432873614,0.8578882695155593,0.39740093164823054,0
4,Ar2_LUMO|prod_homo_hartree|Ar1_NBO_C2|Ar1_I_C=O,0.9427421006824188,0.8578375883757651,0.44521581167246227,0
3,Ar1_LUMO|Ar2_NBO_=O|Entry,0.9343831836807652,0.8578142247610997,0.4766070387549353,0
5,Ar2_LUMO|Ar1_v_C=O|Ar1_NBO_-O|Entry|Ar2_I_C=O,0.9651009402782369,0.8577808305131591,0.3475839685439761,0
5,Ar1_LUMO|sum_homo_hartree|Ar1_NBO_-O|Ar2_NBO_C2|Entry,0.9665656353814323,0.8577792146583676,0.3402118304855856,0
3,Ar2_LUMO|Ar1_NBO_=O|Ar2_I_C=O,0.9376553256736038,0.8577739003521251,0.46457149048222857,0
5,Ar1_LUMO|Ar1_v_C=O|Ar2_NBO_=O|Ar2_HOMO|ar2_enthalpy_hartree,0.9570607879518825,0.8577493393940919,0.3855492918818293,0
5,Ar2_LUMO|Ar1_v_C=O|Ar2_v_C=O|Ar2_NBO_-O|ar2_enthalpy_hartree,0.9698269409081902,0.8577044026514853,0.32319344669233563,0
3,prod_homo_hartree|sum_homo_hartree|Ar1_NBO_C2,0.9240357407959066,0.8577026259605077,0.5128112309252116,0
5,Ar1_LUMO|prod_homo_hartree|Ar2_v_C=O|Ar1_NBO_=O|ar2_enthalpy_hartree,0.9619397011896629,0.8576240730991391,0.3629852446025603,0
5,Ar1_LUMO|Ar2_LUMO|sum_homo_hartree|Ar1_NBO_C2|Entry,0.9449148848790913,0.8576145808445262,0.43668674040309396,0
3,Ar1_LUMO|Ar2_v_C=O|Ar1_HOMO,0.9410163625173948,0.8575726159303043,0.4518753492688023,0
5,Ar2_v_C=O|Ar1_NBO_=O|Ar2_NBO_-O|Ar2_I_C=O|Ar1_I_C=O,0.9648877136392207,0.8575100962689413,0.34864418765342686,0
5,sum_homo_hartree|Ar2_NBO_-O|Ar1_NBO_C2|Entry|Ar1_I_C=O,0.9524315394823407,0.8573869050878562,0.4058003550194839,0
5,Ar2_LUMO|Ar1_v_C=O|Ar2_NBO_-O|Ar1_NBO_C2|Ar2_I_C=O,0.9608697164265296,0.8573802533938288,0.3680521610479441,0
5,Ar1_LUMO|prod_homo_hartree|Ar1_v_C=O|Ar2_NBO_=O|ar2_enthalpy_hartree,0.955029534164593,0.857321790835206,0.3945631913388347,0
5,Ar1_LUMO|Ar2_v_C=O|Entry|Ar1_I_C=O|sum_enthalpy_hartree,0.980202321644993,0.8572926175711916,0.26179419152451444,0
5,Ar2_LUMO|Ar2_NBO_=O|Ar1_HOMO|Ar2_NBO_C2|Ar2_I_C=O,0.962614675976968,0.8572496855392215,0.3597521921656035,0
5,Ar1_LUMO|prod_homo_hartree|sum_homo_hartree|Ar2_NBO_C2|Entry,0.9494156810153238,0.8572493435242445,0.41846662678591706,0
5,Ar2_LUMO|Ar2_v_C=O|Ar2_NBO_C2|Ar1_NBO_C2|Ar2_I_C=O,0.9593654855490473,0.8571894835680646,0.3750597085421133,0
5,Ar1_LUMO|Ar2_LUMO|Ar2_v_C=O|Ar1_HOMO|sum_enthalpy_hartree,0.9615510962072389,0.8571770309360783,0.3648336226582216,0
5,Ar2_LUMO|Ar2_NBO_=O|Ar1_HOMO|Entry|ar2_enthalpy_hartree,0.9539532361195808,0.8571338169888164,0.39925690090662924,0
5,Ar2_LUMO|Ar2_v_C=O|Ar2_NBO_=O|Ar1_NBO_=O|sum_enthalpy_hartree,0.9663550713873921,0.8571326574229575,0.34128144745002437,0
5,Ar1_HOMO|Ar2_NBO_C2|Ar1_NBO_C2|Entry|Ar2_I_C=O,0.9614351848440553,0.8570959572528399,0.36538313818127843,0
5,Ar2_LUMO|Ar1_v_C=O|Ar2_NBO_=O|Ar2_HOMO|Entry,0.9557083091041684,0.8570744191791505,0.391574141698316,0
4,Ar1_LUMO|Ar2_NBO_=O|Ar1_NBO_C2|ar2_enthalpy_hartree,0.9420945122673394,0.8569580791555043,0.4477264343623934,0
5,Ar2_LUMO|prod_homo_hartree|Ar1_NBO_=O|Ar2_NBO_-O|Entry,0.9633399216442847,0.8569497011764011,0.3562456490842661,0
5,Ar2_LUMO|Ar2_NBO_=O|Ar2_NBO_-O|Ar1_NBO_C2|Ar2_I_C=O,0.9601195614390126,0.8568456753357486,0.3715633221441983,0
5,Ar2_LUMO|sum_homo_hartree|Ar2_NBO_C2|Ar1_NBO_C2|Entry,0.9442866553856747,0.8567626981499189,0.43916982251741465,0
5,Ar1_LUMO|Ar1_v_C=O|Ar2_NBO_=O|Entry|ar2_enthalpy_hartree,0.9557062438023426,0.8565668121969741,0.3915832710558329,0
5,Ar1_LUMO|Ar1_v_C=O|Ar1_NBO_=O|Ar2_NBO_-O|ar2_enthalpy_hartree,0.9532102016244529,0.8565591385915307,0.40246531788155687,0
4,Ar1_LUMO|Ar2_v_C=O|Ar1_NBO_-O|sum_enthalpy_hartree,0.9607310478399336,0.8564960371225709,0.3687037297590021,0
5,Ar1_LUMO|Ar2_LUMO|sum_homo_hartree|Ar2_v_C=O|sum_enthalpy_hartree,0.961005722282242,0.8564757098353746,0.3674119814157246,0
5,Ar1_LUMO|Ar1_v_C=O|Ar2_v_C=O|Ar1_NBO_C2|sum_enthalpy_hartree,0.9691090922872289,0.8563555887852372,0.32701540322082806,0
5,Ar1_LUMO|Ar2_v_C=O|Ar2_NBO_=O|Ar2_NBO_-O|ar2_enthalpy_hartree,0.9667399004791133,0.8563097227245116,0.33932405373463936,0
5,Ar1_LUMO|prod_homo_hartree|Ar2_v_C=O|Ar1_HOMO|ar2_enthalpy_hartree,0.9669797219875309,0.8562717677291629,0.33809849471409525,0
4,Ar1_LUMO|Ar2_HOMO|Ar1_NBO_C2|ar2_enthalpy_hartree,0.9397766124402478,0.856259715045502,0.45659953504423656,0
5,Ar1_LUMO|Ar2_LUMO|prod_homo_hartree|Ar2_v_C=O|sum_enthalpy_hartree,0.9610203528574155,0.8562285217666301,0.36734304882820906,0
3,Ar2_LUMO|Ar1_NBO_=O|Ar1_I_C=O,0.9426106458101052,0.8562277688552673,0.44572659040729906,0
5,Ar2_v_C=O|Ar1_NBO_=O|Ar1_NBO_-O|Ar1_NBO_C2|Ar1_I_C=O,0.9638310790956678,0.8561818462465177,0.35385118177773145,0
4,Ar1_LUMO|Ar2_NBO_=O|Ar1_NBO_C2|sum_enthalpy_hartree,0.9404062062964064,0.8561761798747956,0.45420654821844625,0
5,Ar1_LUMO|Ar2_LUMO|Ar2_v_C=O|Entry|Ar1_I_C=O,0.9632708996847851,0.8561727523582425,0.35658085308664056,0
4,Ar2_LUMO|Ar1_HOMO|Ar2_NBO_C2|Ar2_I_C=O,0.9479597725705203,0.8561243544203546,0.4244460217761102,0
4,Ar1_HOMO|Ar2_NBO_C2|Entry|Ar1_I_C=O,0.9599368969772957,0.8561214835751106,0.3724132861398285,0
5,Ar2_LUMO|Ar1_v_C=O|Ar1_HOMO|Ar1_NBO_-O|ar2_enthalpy_hartree,0.9703051611238616,0.8560195752885188,0.3206220311376237,0
5,Ar2_LUMO|Ar1_v_C=O|Ar2_HOMO|Ar2_NBO_-O|ar2_enthalpy_hartree,0.9700861333527704,0.8560128522082672,0.3218023054301327,0
5,Ar1_v_C=O|Ar1_NBO_=O|Ar1_NBO_-O|Ar2_NBO_-O|Ar2_I_C=O,0.9658165652060747,0.8558785335442843,0.3440018070849993,0
5,Ar1_LUMO|prod_homo_hartree|Ar1_NBO_-O|Ar2_NBO_C2|Entry,0.9665147703077693,0.8558191455994332,0.34047052125709887,0
5,Ar1_LUMO|Ar2_v_C=O|Ar2_NBO_=O|ar2_enthalpy_hartree|sum_enthalpy_hartree,0.9659699384643664,0.8557993423741579,0.3432292107566204,0
4,Ar2_LUMO|prod_homo_hartree|Ar1_HOMO|Entry,0.9386949588731969,0.8557790753919547,0.46068170820215365,0
4,Ar1_LUMO|Ar2_HOMO|ar2_enthalpy_hartree|sum_enthalpy_hartree,0.9383090996406586,0.8556292791076738,0.4621292193480207,0
3,Ar1_HOMO|Ar2_NBO_C2|Ar2_I_C=O,0.9187584978706431,0.8556196508697167,0.5303246901038999,0
4,Ar1_LUMO|Ar2_NBO_=O|Ar2_NBO_C2|Ar2_I_C=O,0.94295584090877,0.8556077310634452,0.4443840530614699,0
5,prod_homo_hartree|Ar1_HOMO|Ar2_NBO_C2|Entry|Ar2_I_C=O,0.9669044232983665,0.8555962547894659,0.338483771244808,0
3,Ar2_LUMO|Ar1_v_C=O|Ar2_NBO_-O,0.9465558471931353,0.8555282500115838,0.43013320788145704,0
5,Ar1_LUMO|Ar1_v_C=O|Ar2_NBO_-O|ar2_enthalpy_hartree|Ar1_I_C=O,0.9810715427185621,0.8554866490917296,0.2559826225456735,0
5,Ar1_LUMO|sum_homo_hartree|Ar1_NBO_=O|Ar2_NBO_C2|Entry,0.9457125837551877,0.8554433245554268,0.4335133345917385,0
5,Ar2_NBO_=O|Ar1_NBO_-O|Ar1_NBO_C2|Entry|Ar2_I_C=O,0.9548799120883775,0.8554057757446981,0.39521902556129546,0
5,Ar2_LUMO|Ar2_v_C=O|Ar1_NBO_=O|Ar1_NBO_C2|Ar2_I_C=O,0.9653232521199862,0.8552775830314404,0.3464751208453686,0
5,Ar1_LUMO|Ar2_v_C=O|Ar1_NBO_=O|Ar1_HOMO|ar2_enthalpy_hartree,0.963355692784782,0.8552446753778394,0.35616901252450933,0
5,Ar1_LUMO|Ar2_v_C=O|Ar1_NBO_=O|Entry|Ar1_I_C=O,0.9654618231351361,0.8552373611646685,0.34578215693474373,0
5,Ar2_LUMO|Ar2_v_C=O|Ar1_NBO_-O|Ar2_I_C=O|sum_enthalpy_hartree,0.975413081012485,0.8552020650687542,0.29174601293566266,0
5,Ar2_LUMO|Ar1_v_C=O|Ar1_NBO_=O|Ar2_NBO_-O|Ar2_I_C=O,0.9611475566459712,0.8552001271762361,0.36674317664973866,0
4,Ar1_v_C=O|Ar2_v_C=O|Ar1_NBO_-O|Ar2_I_C=O,0.9546353370355907,0.8551558082036815,0.39628872737379317,0
5,Ar1_v_C=O|Ar1_NBO_=O|Ar2_NBO_-O|Ar2_NBO_C2|Ar2_I_C=O,0.9591196140369987,0.8551056200743095,0.376192703772021,0
4,Ar1_LUMO|Ar2_LUMO|Ar1_HOMO|Entry,0.938453217467495,0.8550197026643727,0.4615891072644818,0
5,Ar1_LUMO|Ar2_LUMO|Ar2_v_C=O|Ar1_NBO_=O|ar2_enthalpy_hartree,0.9663454439725172,0.8549900163901769,0.3413302723874969,0
5,Ar2_LUMO|Ar1_v_C=O|Ar1_HOMO|Ar1_NBO_-O|sum_enthalpy_hartree,0.9673230866108544,0.8549339305188873,0.3363360256377283,0
5,Ar1_LUMO|Ar2_v_C=O|Ar1_NBO_-O|Entry|ar2_enthalpy_hartree,0.9695530803728579,0.8548786961250685,0.3246568382578418,0
5,prod_homo_hartree|sum_homo_hartree|Ar1_v_C=O|Ar2_NBO_C2|ar2_enthalpy_hartree,0.9659112417384593,0.8548169351922563,0.3435250925460367,0
5,Ar1_LUMO|Ar2_NBO_=O|Ar1_NBO_C2|Ar2_I_C=O|sum_enthalpy_hartree,0.9512343306090406,0.8547936502994103,0.41087523877698917,0
4,Ar1_LUMO|Ar2_NBO_=O|Ar1_HOMO|sum_enthalpy_hartree,0.944137454695838,0.8547207943785378,0.43975747912692037,0
4,Ar2_LUMO|Ar1_NBO_=O|Ar2_NBO_C2|sum_enthalpy_hartree,0.941842532046971,0.8547102672283737,0.4486995350307002,0
5,prod_homo_hartree|Ar1_v_C=O|Ar2_v_C=O|Ar2_HOMO|Ar1_NBO_=O,0.9793614109125784,0.8546602024834141,0.267296256606062,0
5,Ar1_LUMO|Ar1_v_C=O|Ar2_NBO_C2|Entry|Ar1_I_C=O,0.951739167234167,0.8546489466939684,0.40874295494693563,0
5,Ar2_LUMO|sum_homo_hartree|Ar1_NBO_=O|Ar2_NBO_-O|Entry,0.9633029567350433,0.8546372106658437,0.35642520775991077,0
5,Ar1_LUMO|Ar1_v_C=O|Ar2_I_C=O|ar2_enthalpy_hartree|Ar1_I_C=O,0.983720631090103,0.8545750794265575,0.2373950488104731,0
5,Ar1_LUMO|Ar2_v_C=O|Ar2_HOMO|Entry|sum_enthalpy_hartree,0.966921325613253,0.8545606530246783,0.3383973263100334,0
5,Ar1_LUMO|sum_homo_hartree|Ar2_v_C=O|Ar2_NBO_-O|ar2_enthalpy_hartree,0.9630189768675882,0.8544894066426689,0.35780164725427654,0
5,Ar2_LUMO|Ar1_v_C=O|Ar1_HOMO|Ar2_NBO_-O|Ar2_I_C=O,0.9625769259363957,0.8544846454292726,0.35993377723471764,0
4,Ar1_LUMO|Ar1_v_C=O|Ar2_NBO_-O|ar2_enthalpy_hartree,0.9441737627619186,0.8544815509963046,0.43961454490526114,0
5,prod_homo_hartree|sum_homo_hartree|Ar1_v_C=O|Ar2_NBO_=O|Ar2_NBO_-O,0.9658577067954052,0.8544723299789405,0.34379473248683684,0
5,prod_homo_hartree|Ar1_NBO_C2|Entry|ar2_enthalpy_hartree|Ar1_I_C=O,0.9514179948022734,0.8544482295877539,0.41010077738132644,0
3,Ar2_LUMO|Ar1_NBO_=O|Ar1_HOMO,0.9364460462584191,0.8543346467994701,0.46905542278086065,0
5,Ar2_LUMO|Ar1_v_C=O|Ar1_HOMO|Entry|Ar1_I_C=O,0.9766689392676378,0.85432654378492,0.2841974105488455,0
5,Ar1_v_C=O|Ar2_v_C=O|Ar1_NBO_-O|Ar1_I_C=O|sum_enthalpy_hartree,0.96390980642401,0.8542911178761202,0.3534658656943279,0
5,sum_homo_hartree|Ar2_NBO_C2|Ar1_NBO_C2|Entry|Ar1_I_C=O,0.9540789042530365,0.8541085642993518,0.39871171439442554,0
5,Ar1_LUMO|Ar2_v_C=O|Ar2_NBO_=O|Ar1_NBO_C2|Ar2_I_C=O,0.9624418146272345,0.8541006614625837,0.36058293968310945,0
4,Ar2_v_C=O|Ar1_NBO_-O|Ar2_NBO_-O|Ar2_I_C=O,0.9515258824830064,0.8540651461101341,0.4096451620474246,0
3,Ar1_LUMO|Ar2_v_C=O|Ar1_NBO_=O,0.9403938161328497,0.8538257604427477,0.4542537628744344,0
5,sum_homo_hartree|Ar1_v_C=O|Ar2_NBO_C2|Entry|Ar2_I_C=O,0.9665674660445503,0.8537934778185235,0.340202516389399,0
5,Ar1_LUMO|Ar2_NBO_=O|Ar1_HOMO|Entry|sum_enthalpy_hartree,0.9502902532186468,0.8537608060054993,0.4148333368486109,0
5,Ar1_LUMO|Ar2_v_C=O|Ar2_NBO_=O|Ar2_NBO_-O|Ar2_I_C=O,0.9629969778019195,0.8537569113489287,0.3579080549602654,0
5,Ar2_LUMO|prod_homo_hartree|Ar1_v_C=O|Ar1_HOMO|sum_enthalpy_hartree,0.9678561494989552,0.8537499107716711,0.3335813978534896,0
3,Ar1_LUMO|Ar2_LUMO|ar2_enthalpy_hartree,0.9269556013985348,0.8536985441327462,0.5028591226767827,0
5,Ar2_v_C=O|Ar2_NBO_-O|Ar1_NBO_C2|Ar2_I_C=O|Ar1_I_C=O,0.963533934931559,0.8536739829182236,0.35530173297493856,0
4,Ar2_LUMO|Ar1_NBO_=O|Ar2_NBO_C2|ar2_enthalpy_hartree,0.9420366223266888,0.8536170324488441,0.44795018156658106,0
4,Ar1_LUMO|Ar2_LUMO|ar2_enthalpy_hartree|sum_enthalpy_hartree,0.9270246520360772,0.8534850231461716,0.5026213840299932,0
5,Ar2_v_C=O|Ar1_NBO_=O|Ar1_NBO_-O|Ar2_NBO_-O|Ar2_I_C=O,0.9631123318966107,0.8534556903784449,0.3573497439889941,0
5,Ar2_NBO_=O|Ar1_HOMO|Ar2_NBO_-O|Ar1_NBO_C2|Ar2_I_C=O,0.9678670593549623,0.8533980383864351,0.33352478307622646,0
5,Ar1_LUMO|Ar2_v_C=O|Ar2_NBO_-O|Ar2_NBO_C2|sum_enthalpy_hartree,0.963984221565188,0.8533913137856749,0.35310126824450666,0
5,Ar1_NBO_=O|Ar1_NBO_-O|Ar2_NBO_C2|Ar2_I_C=O|Ar1_I_C=O,0.9616302362725999,0.8533579304912451,0.3644579574683927,0
5,sum_homo_hartree|Ar2_NBO_C2|Entry|Ar2_I_C=O|Ar1_I_C=O,0.9649141095184387,0.8533393150437345,0.3485131152991083,0
5,Ar2_LUMO|Ar1_v_C=O|Ar1_NBO_-O|Ar2_NBO_-O|ar2_enthalpy_hartree,0.9698851110347,0.8533048540453392,0.3228817568249435,0
5,Ar1_LUMO|Ar2_LUMO|Ar2_v_C=O|Ar1_NBO_C2|sum_enthalpy_hartree,0.9647717989212274,0.8532272381762793,0.349219195697454,0
3,Ar2_LUMO|Ar1_v_C=O|Ar2_v_C=O,0.9470796946058511,0.8531951253579132,0.42801998292663207,0
5,Ar1_LUMO|prod_homo_hartree|sum_homo_hartree|Ar1_v_C=O|Ar2_NBO_C2,0.9655181191418141,0.853186193914721,0.3455002356647058,0
5,Ar2_LUMO|Ar2_v_C=O|Ar1_HOMO|Entry|ar2_enthalpy_hartree,0.9558316707356058,0.8531736647878483,0.3910284534898285,0
5,prod_homo_hartree|Ar2_NBO_C2|Entry|Ar2_I_C=O|sum_enthalpy_hartree,0.9679620759124078,0.8530027012168142,0.3330313044566132,0
5,Ar1_LUMO|prod_homo_hartree|Ar2_v_C=O|Ar2_NBO_-O|ar2_enthalpy_hartree,0.9629626871950501,0.8529798058803459,0.3580738528016733,0
4,Ar2_LUMO|Ar1_v_C=O|Ar2_v_C=O|Entry,0.9530781768055089,0.8529279823000163,0.4030327276895095,0
5,Ar1_LUMO|sum_homo_hartree|Ar2_NBO_=O|Ar1_NBO_-O|Entry,0.9601902746881723,0.8528962257943508,0.37123376073421,0
5,Ar1_v_C=O|Ar2_v_C=O|Ar2_NBO_=O|Ar2_NBO_-O|Ar1_I_C=O,0.9640970261526876,0.8528625344026586,0.352547862452971,0
5,Ar1_LUMO|Ar1_v_C=O|Ar2_v_C=O|Ar1_NBO_=O|sum_enthalpy_hartree,0.9678221359433952,0.8527979909175842,0.33375784356943794,0
3,Ar1_LUMO|Ar2_HOMO|sum_enthalpy_hartree,0.9239118200494144,0.8527675589854105,0.5132293358065949,0
5,Ar2_LUMO|Ar1_HOMO|Ar2_NBO_-O|Ar1_NBO_C2|Entry,0.9567298562927454,0.8527038663506366,0.3870321506634292,0
4,Ar2_LUMO|Ar2_HOMO|Ar1_NBO_=O|sum_enthalpy_hartree,0.9449038429293941,0.8526944407685647,0.4367305056870138,0
5,Ar1_LUMO|Ar1_v_C=O|Ar2_NBO_=O|Ar1_HOMO|Ar2_I_C=O,0.9588113265543078,0.8526612791988665,0.37760851322025724,0
4,Ar1_LUMO|Ar2_HOMO|Ar1_NBO_=O|Entry,0.9336324361103211,0.8526495217684608,0.4793258076954863,0
3,Ar1_LUMO|Ar2_NBO_=O|Ar1_NBO_C2,0.9252322376254809,0.8525068121814061,0.5087566115848716,0
5,prod_homo_hartree|sum_homo_hartree|Ar1_v_C=O|Ar2_NBO_C2|sum_enthalpy_hartree,0.964817078215408,0.8524663583513856,0.3489946954043258,0
5,prod_homo_hartree|Ar2_NBO_C2|Ar1_NBO_C2|Entry|Ar2_I_C=O,0.9672886656881864,0.8523561912812558,0.3365131223707774,0
5,Ar1_LUMO|Ar2_v_C=O|Ar1_HOMO|Ar1_NBO_-O|Ar2_I_C=O,0.967785539426237,0.8523493842118302,0.3339475843130873,0
3,Ar1_LUMO|Ar2_LUMO|sum_enthalpy_hartree,0.9266623642082663,0.8523475768385955,0.5038674772091818,0
5,Ar2_HOMO|Ar1_HOMO|Ar2_NBO_C2|Entry|Ar2_I_C=O,0.9649399330990823,0.8523189213246375,0.34838483705076595,0
5,sum_homo_hartree|Ar1_HOMO|Ar2_NBO_C2|Entry|Ar2_I_C=O,0.9649399330990823,0.8523189213246372,0.34838483705076595,0
5,sum_homo_hartree|Ar2_HOMO|Ar2_NBO_C2|Entry|Ar2_I_C=O,0.9649399330990823,0.8523189213246369,0.34838483705076595,0
5,Ar2_LUMO|Ar2_NBO_=O|Ar1_HOMO|Ar1_NBO_-O|Entry,0.9672950138973483,0.8522273401287057,0.33648046764442624,0
5,Ar1_LUMO|Ar2_LUMO|Ar1_v_C=O|Ar2_NBO_-O|ar2_enthalpy_hartree,0.9699140193603351,0.8522185893661736,0.3227267469217857,0
5,Ar2_LUMO|Ar2_HOMO|Ar1_NBO_=O|Entry|sum_enthalpy_hartree,0.953398092809848,0.8521591150844602,0.4016564262370881,0
4,Ar2_LUMO|Ar1_v_C=O|Ar2_NBO_-O|Entry,0.9532088291805584,0.852086317019995,0.4024712204184027,0
4,Ar1_LUMO|Ar2_LUMO|sum_homo_hartree|Entry,0.9366161347122961,0.8519896582424717,0.46842733941551606,0
5,Ar1_LUMO|prod_homo_hartree|Ar2_NBO_=O|Ar1_NBO_-O|Entry,0.960473001217123,0.8519495998837995,0.3699131707612455,0
3,Ar1_LUMO|Ar2_v_C=O|Ar2_NBO_C2,0.9369714082380199,0.8518509821031975,0.4671127013141813,0
4,Ar2_LUMO|prod_homo_hartree|Ar1_v_C=O|Ar2_HOMO,0.9487345133788541,0.8518422204162358,0.42127473738216414,0
5,Ar1_LUMO|sum_homo_hartree|Ar2_v_C=O|Entry|Ar2_I_C=O,0.9747623284292206,0.8518290382173477,0.2955816823488788,0
4,prod_homo_hartree|Ar2_NBO_C2|Entry|Ar2_I_C=O,0.9650601379554967,0.8518087651156737,0.3477870985208295,0
5,Ar2_v_C=O|Ar2_NBO_=O|Ar1_NBO_=O|Ar2_NBO_-O|Ar2_I_C=O,0.9631902003237366,0.8515269734048551,0.35697236904923263,0
5,Ar1_LUMO|sum_homo_hartree|Ar2_v_C=O|ar2_enthalpy_hartree|sum_enthalpy_hartree,0.9617071247740332,0.8515243157671499,0.3640926088701973,0
5,Ar1_LUMO|Ar1_v_C=O|Ar2_HOMO|Ar1_NBO_-O|ar2_enthalpy_hartree,0.95365342179938,0.8515090108716128,0.4005545894853507,0
5,prod_homo_hartree|sum_homo_hartree|Ar1_v_C=O|Ar2_NBO_-O|sum_enthalpy_hartree,0.9650277774485903,0.8514911435577168,0.3479481175034508,0
3,Ar2_LUMO|sum_homo_hartree|Entry,0.9202380603472948,0.8513979778113332,0.5254733894561404,0
5,Ar1_LUMO|Ar2_v_C=O|Ar1_NBO_=O|Ar1_HOMO|Entry,0.9513170496495633,0.8513568197476804,0.4105266161605594,0
5,Ar1_LUMO|Ar2_LUMO|Ar1_v_C=O|Ar1_NBO_-O|ar2_enthalpy_hartree,0.9699010848591694,0.8512178103896866,0.32279611246745443,0
5,Ar2_LUMO|Ar2_v_C=O|Ar1_HOMO|Ar1_NBO_-O|Entry,0.9671383201701796,0.8511940363665316,0.3372855647169441,0
5,Ar1_LUMO|Ar2_v_C=O|Ar2_NBO_=O|Ar2_NBO_-O|sum_enthalpy_hartree,0.9634656011740618,0.8511455739323156,0.3556344771153637,0
4,Ar1_v_C=O|Ar2_NBO_-O|Entry|Ar1_I_C=O,0.9490454854355687,0.8511447639680069,0.41999508560476956,0
5,Ar1_LUMO|prod_homo_hartree|Ar2_v_C=O|ar2_enthalpy_hartree|sum_enthalpy_hartree,0.9616722854826287,0.8511002103571207,0.36425819900358575,0
4,Ar1_LUMO|Ar2_LUMO|Ar2_v_C=O|Ar1_I_C=O,0.9546644237075548,0.8510806531874453,0.39616166185940815,0
4,Ar1_LUMO|Ar2_NBO_=O|Ar2_HOMO|Entry,0.9426556013431208,0.8509421223985567,0.4455519778645831,0
3,Ar2_LUMO|prod_homo_hartree|Entry,0.9198069216585109,0.8508794015246841,0.5268916510193931,0
5,Ar1_LUMO|Ar1_v_C=O|Ar2_NBO_-O|Ar2_NBO_C2|Ar2_I_C=O,0.9568097181483595,0.8508646791741463,0.38667482135775405,0
5,Ar1_LUMO|Ar2_v_C=O|Ar1_HOMO|Ar1_NBO_-O|Entry,0.9640419912423266,0.8508132830351954,0.35281796557014167,0
5,Ar2_LUMO|prod_homo_hartree|Ar2_HOMO|Ar1_NBO_C2|Entry,0.9483967371422869,0.850804075530592,0.42266029893653023,0
4,Ar1_LUMO|Ar2_NBO_=O|ar2_enthalpy_hartree|sum_enthalpy_hartree,0.9420958690340491,0.8507280836295443,0.4477211890574725,0
4,Ar2_LUMO|Ar1_v_C=O|Ar2_HOMO|Ar2_I_C=O,0.9622598216663072,0.8506922956470356,0.36145550915638824,0
5,Ar2_LUMO|Ar1_v_C=O|Ar2_NBO_=O|Ar2_NBO_C2|Entry,0.9556383711358661,0.8506842852693544,0.3918831736756988,0
5,Ar1_LUMO|Ar2_NBO_=O|Ar1_NBO_-O|Ar1_NBO_C2|Ar2_I_C=O,0.9600106690663679,0.8506440939399147,0.3720702477428634,0
4,Ar1_v_C=O|Ar2_NBO_-O|Ar2_NBO_C2|Ar2_I_C=O,0.9523838396705592,0.8505520022315042,0.406003764487266,0
5,Ar1_LUMO|Ar2_v_C=O|Ar1_HOMO|ar2_enthalpy_hartree|sum_enthalpy_hartree,0.9632567420364595,0.8505268101297225,0.35664957053251434,0
5,Ar1_LUMO|Ar1_v_C=O|Ar2_HOMO|Ar1_NBO_C2|Ar1_I_C=O,0.9531556752762018,0.8505222670451809,0.4026997554640196,0
5,Ar1_v_C=O|Ar2_HOMO|Ar2_NBO_-O|Ar1_NBO_C2|Ar1_I_C=O,0.9608366224289407,0.8504774897522471,0.3682077661441129,0
5,Ar1_LUMO|Ar1_v_C=O|Ar2_v_C=O|Entry|sum_enthalpy_hartree,0.966956420016945,0.8504710297241347,0.3382177694784164,0
5,Ar1_LUMO|Ar2_NBO_=O|Ar1_NBO_C2|Ar2_I_C=O|ar2_enthalpy_hartree,0.9526690736219328,0.8504683122504249,0.4047859005711585,0
5,Ar1_LUMO|Ar1_v_C=O|Ar1_NBO_-O|Ar2_NBO_-O|ar2_enthalpy_hartree,0.9693940173706798,0.8503838121311681,0.32550378141478326,0
5,Ar1_LUMO|sum_homo_hartree|Ar2_v_C=O|Ar1_NBO_-O|Entry,0.9633889333180802,0.8503615855893156,0.3560074330743383,0
5,Ar2_LUMO|Ar1_v_C=O|Ar1_NBO_=O|Ar2_NBO_C2|Ar2_I_C=O,0.9562684079394319,0.8503282898025084,0.389090402661614,0
5,Ar2_LUMO|Ar2_v_C=O|Ar1_NBO_-O|Ar2_NBO_-O|Ar1_I_C=O,0.9634452678620159,0.850299903623086,0.35573342798318025,0
3,Ar1_LUMO|Ar1_v_C=O|Ar2_NBO_=O,0.9384215168805546,0.850263466012607,0.4617079661334439,0
5,Ar1_LUMO|prod_homo_hartree|Ar1_NBO_C2|Entry|Ar1_I_C=O,0.9591504968800788,0.8501925102234492,0.3760505806613628,0
4,Ar1_LUMO|Ar2_LUMO|prod_homo_hartree|Entry,0.9371224563972795,0.850080241966513,0.4665526472604129,0
5,Ar1_LUMO|Ar2_NBO_=O|Ar1_HOMO|Ar1_NBO_C2|Entry,0.9445512777468558,0.8500506398684895,0.43812561595569643,0
5,Ar1_LUMO|Ar2_HOMO|Ar1_NBO_=O|Entry|sum_enthalpy_hartree,0.9432814014543509,0.8500025345798574,0.44311415156966727,0
3,Ar2_LUMO|Ar2_NBO_=O|Ar1_NBO_=O,0.9285554252573569,0.8498960143443509,0.4973218061578195,0
4,Ar2_LUMO|Ar1_NBO_=O|Ar2_NBO_C2|Ar2_I_C=O,0.9398324007485419,0.8498874332801382,0.4563879991389788,0
4,Ar2_LUMO|Ar2_HOMO|Ar1_NBO_=O|ar2_enthalpy_hartree,0.9440179321531519,0.8498710735599981,0.4402276765302445,0
5,Ar2_LUMO|prod_homo_hartree|Ar1_NBO_C2|ar2_enthalpy_hartree|Ar1_I_C=O,0.9527307872000981,0.8498029803116716,0.40452191952861777,0
4,Ar2_LUMO|Ar1_v_C=O|Ar2_HOMO|Ar1_NBO_=O,0.9486458725263947,0.8497462649384248,0.4216387837082731,0
3,Ar1_LUMO|Ar2_LUMO|Ar1_NBO_=O,0.9285951832934854,0.849735748111911,0.49718341013567324,0
5,Ar2_LUMO|Ar1_v_C=O|Ar1_NBO_=O|Ar1_HOMO|Entry,0.9556778874710483,0.8496140299655708,0.3917085944574222,0
5,Ar2_v_C=O|Ar2_NBO_=O|Ar1_NBO_=O|Ar1_NBO_-O|Ar2_I_C=O,0.9629562414856344,0.8496001475915103,0.35810500975421317,0
4,Ar2_NBO_=O|Ar1_HOMO|Ar1_NBO_C2|Ar2_I_C=O,0.9418558964171057,0.8493261415517748,0.4486479773252637,0
4,Ar1_LUMO|Ar2_v_C=O|Ar1_NBO_=O|sum_enthalpy_hartree,0.9607387254608675,0.8491993855805249,0.36866768466872946,0
5,Ar2_LUMO|prod_homo_hartree|Ar2_v_C=O|Ar2_HOMO|Ar2_NBO_C2,0.9594453061744616,0.8491777026594858,0.3746911521887503,0
5,Ar2_HOMO|Ar1_NBO_=O|Ar1_NBO_-O|Ar2_NBO_C2|Ar1_I_C=O,0.9649892566843143,0.8490363631066069,0.34813969152511226,0
5,Ar1_LUMO|Ar1_v_C=O|Ar2_NBO_=O|Ar1_HOMO|ar2_enthalpy_hartree,0.9528020010721924,0.8490047984059683,0.40421708654336747,0
4,Ar1_LUMO|Ar1_v_C=O|Entry|ar2_enthalpy_hartree,0.9213884261736003,0.8489941943479467,0.5216703096690336,0
5,Ar2_LUMO|Ar2_NBO_=O|Ar1_NBO_=O|Entry|ar2_enthalpy_hartree,0.952078420160398,0.8489440225965934,0.40730377757802516,0
5,Ar1_LUMO|prod_homo_hartree|Ar2_v_C=O|Ar1_NBO_-O|Entry,0.9635465712311341,0.8489228531478421,0.3552401676793488,0
5,Ar1_v_C=O|Ar2_v_C=O|Ar1_NBO_-O|Ar1_NBO_C2|Ar2_I_C=O,0.9611275134730022,0.8488975025564197,0.3668377620672386,0
3,Ar1_LUMO|Ar2_LUMO|Entry,0.9137556884625847,0.8487671748221183,0.546409327424018,0
5,Ar2_v_C=O|Ar1_NBO_=O|Ar2_NBO_-O|Entry|Ar2_I_C=O,0.9628175891309874,0.8486896110659701,0.35877456557698345,0
5,Ar2_LUMO|sum_homo_hartree|Ar1_v_C=O|Ar2_NBO_=O|Ar1_NBO_C2,0.9546338629274601,0.8486495463870549,0.39629516595011405,0
5,Ar1_LUMO|Ar2_NBO_=O|Ar1_NBO_-O|Ar2_NBO_C2|Ar2_I_C=O,0.9643427464539305,0.8486200113560055,0.35133937067551635,0
5,Ar1_v_C=O|Ar2_NBO_=O|Ar1_NBO_-O|Entry|Ar2_I_C=O,0.9527766096209721,0.8485914711086633,0.4043258017287131,0
5,Ar1_HOMO|Ar2_NBO_-O|Ar2_NBO_C2|Entry|Ar2_I_C=O,0.9563970983149673,0.8485470748034238,0.388517486387126,0
4,Ar2_v_C=O|Ar1_NBO_-O|Ar2_I_C=O|Ar1_I_C=O,0.9565694032998553,0.8484281701499002,0.3877490769126093,0
4,Ar2_LUMO|Ar2_NBO_=O|Ar1_HOMO|Entry,0.941026302339932,0.8483574199569146,0.45183727303091786,0
3,Ar1_LUMO|Ar2_LUMO|Ar1_v_C=O,0.9478274923268214,0.848259858743541,0.4249851257750243,0
5,Ar1_v_C=O|Ar2_v_C=O|Ar1_NBO_=O|Ar2_NBO_-O|Ar2_I_C=O,0.9640378896969267,0.8481716660459776,0.3528380870631035,0
4,Ar1_v_C=O|Ar1_NBO_-O|Ar2_NBO_-O|Ar1_I_C=O,0.9556090410172282,0.8480349193360253,0.39201270093900314,0
4,Ar2_LUMO|Ar2_HOMO|Ar1_NBO_=O|Ar1_I_C=O,0.9504982727161256,0.848001300905581,0.41396445403499516,0
5,Ar1_LUMO|Ar2_LUMO|sum_homo_hartree|Ar1_HOMO|Entry,0.9395561332954765,0.84798880541989,0.45743458192514175,0
5,Ar1_LUMO|Ar2_v_C=O|Ar2_NBO_=O|Ar2_NBO_C2|sum_enthalpy_hartree,0.9653765363414114,0.8477931222268299,0.3462088220186773,0
4,Ar2_LUMO|Ar1_v_C=O|Ar1_HOMO|Ar2_NBO_C2,0.9473825811810039,0.8477681134619928,0.4267933503742225,0
5,Ar2_LUMO|Ar2_NBO_=O|Ar2_HOMO|Ar1_HOMO|Entry,0.9494891003403073,0.8477141629853817,0.4181628301330624,0
5,Ar2_LUMO|sum_homo_hartree|Ar2_NBO_=O|Ar2_HOMO|Entry,0.9494891003403073,0.8477141629853815,0.4181628301330624,0
5,Ar2_LUMO|sum_homo_hartree|Ar2_NBO_=O|Ar1_HOMO|Entry,0.9494891003403073,0.8477141629853814,0.41816283013306244,0
5,Ar2_v_C=O|Ar1_NBO_-O|Ar1_NBO_C2|Entry|Ar2_I_C=O,0.9611872679219515,0.8476852240172222,0.3665557037189453,0
5,Ar1_LUMO|prod_homo_hartree|Ar2_HOMO|Ar2_NBO_C2|Entry,0.9468511992538661,0.8476738966986654,0.42894302403734347,0
4,Ar1_LUMO|Ar1_v_C=O|Ar2_NBO_=O|Ar1_HOMO,0.9409991209281315,0.8476635318536135,0.4519413885996482,0
4,Ar2_v_C=O|Ar1_HOMO|Ar2_NBO_C2|Ar2_I_C=O,0.9482239894603124,0.8476533091127896,0.4233671591198399,0
5,Ar1_LUMO|Ar1_v_C=O|Ar2_HOMO|Ar1_NBO_-O|Entry,0.9622340366143182,0.8476176671198936,0.3615789658822108,0
5,Ar1_LUMO|Ar2_LUMO|prod_homo_hartree|Ar1_v_C=O|Ar1_I_C=O,0.9701879102207628,0.8476136251218797,0.3212544000565338,0
3,Ar2_LUMO|Ar1_HOMO|sum_enthalpy_hartree,0.9350001709947253,0.8476055168120995,0.47436100613331644,0
5,Ar2_LUMO|prod_homo_hartree|Ar1_v_C=O|Ar2_NBO_C2|Ar1_I_C=O,0.9700783099313582,0.8475922230834179,0.3218443834150738,0
5,Ar1_HOMO|Ar2_NBO_C2|Entry|Ar1_I_C=O|sum_enthalpy_hartree,0.9637248200877533,0.8475575633343642,0.35437058212671796,0
5,Ar2_LUMO|prod_homo_hartree|Ar1_v_C=O|Ar2_v_C=O|Entry,0.9566599836784002,0.8475349204481288,0.38734451431023176,0
5,Ar2_v_C=O|Ar2_NBO_-O|Ar2_NBO_C2|Ar2_I_C=O|Ar1_I_C=O,0.9620543837616323,0.8475310799660503,0.3624379618918343,0
5,Ar1_LUMO|Ar2_v_C=O|Ar1_HOMO|Ar2_NBO_-O|sum_enthalpy_hartree,0.961822576563266,0.847526360092927,0.36354333078130013,0
5,sum_homo_hartree|Ar2_NBO_C2|Entry|Ar2_I_C=O|ar2_enthalpy_hartree,0.9658110038581664,0.8474727701390443,0.3440297889998709,0
5,Ar1_LUMO|prod_homo_hartree|Ar1_v_C=O|Entry|ar2_enthalpy_hartree,0.9411655543553631,0.8473863038112054,0.4513035059495774,0
5,Ar1_NBO_=O|Ar2_NBO_-O|Ar1_NBO_C2|Entry|Ar1_I_C=O,0.9600289733140401,0.8473812157564076,0.3719850844590417,0
5,Ar2_LUMO|Ar1_v_C=O|Ar1_HOMO|Ar2_NBO_C2|Ar2_I_C=O,0.9595196082573099,0.8473567322606942,0.37434775055034014,0
4,Ar1_LUMO|Ar1_v_C=O|Ar2_NBO_=O|sum_enthalpy_hartree,0.9461790725903196,0.8473326441145641,0.4316467377161392,0
5,Ar2_LUMO|Ar1_v_C=O|Ar2_v_C=O|Ar1_HOMO|Entry,0.9563959220243586,0.847304028009134,0.3885227269373039,0
5,Ar2_NBO_=O|Ar1_HOMO|Ar2_NBO_-O|Ar2_NBO_C2|Ar2_I_C=O,0.9604830262042768,0.8472596643344996,0.36986625839676124,0
5,Ar1_v_C=O|Ar2_HOMO|Ar2_NBO_-O|Ar2_NBO_C2|Ar1_I_C=O,0.9617403453229276,0.8472534952800299,0.36393464239889667,0
4,Ar2_LUMO|Ar1_NBO_=O|Ar1_HOMO|ar2_enthalpy_hartree,0.9490053377287135,0.847251917037727,0.42016051274714544,0
5,Ar2_v_C=O|Ar2_NBO_=O|Ar1_NBO_-O|Ar2_NBO_-O|Ar2_I_C=O,0.9627131655074009,0.847224116054293,0.3592780062118807,0
5,Ar2_LUMO|Ar1_v_C=O|Ar2_HOMO|Ar2_I_C=O|sum_enthalpy_hartree,0.9778165990749378,0.8472185028992454,0.27711940549943,0
5,Ar2_v_C=O|Ar1_NBO_=O|Ar1_NBO_-O|Entry|Ar2_I_C=O,0.9617158623146972,0.8471778689763835,0.3640510677812807,0
5,prod_homo_hartree|sum_homo_hartree|Ar1_HOMO|Ar2_NBO_C2|ar2_enthalpy_hartree,0.9447193633248971,0.8471268524978601,0.43746105157392856,0
5,prod_homo_hartree|sum_homo_hartree|Ar2_HOMO|Ar2_NBO_C2|ar2_enthalpy_hartree,0.944719363324897,0.8471268524978581,0.437461051573929,0
5,prod_homo_hartree|Ar2_HOMO|Ar1_HOMO|Ar2_NBO_C2|ar2_enthalpy_hartree,0.9447193633248969,0.8471268524978581,0.4374610515739295,0
5,Ar1_LUMO|prod_homo_hartree|Ar2_NBO_=O|Ar1_NBO_C2|Entry,0.9461530530406941,0.847120009131549,0.43175106420355835,0
5,Ar2_LUMO|Ar2_HOMO|Ar2_NBO_-O|Entry|ar2_enthalpy_hartree,0.9466763174372033,0.8470945357394105,0.42964814558668346,0
4,Ar2_LUMO|sum_homo_hartree|Ar1_NBO_C2|Ar1_I_C=O,0.9419188479892916,0.847086563448997,0.4484050400151715,0
4,Ar2_LUMO|prod_homo_hartree|sum_homo_hartree|Ar1_NBO_C2,0.9291146410230524,0.8468915713684064,0.49537164726444016,0
4,Ar1_LUMO|Ar2_LUMO|Ar1_v_C=O|Entry,0.9535606066367396,0.8468440401422822,0.4009554706958911,0
4,prod_homo_hartree|sum_homo_hartree|Ar1_NBO_C2|Entry,0.9348877545034824,0.846818119660199,0.4747710300052355,0
5,Ar2_LUMO|sum_homo_hartree|Ar2_v_C=O|Ar2_HOMO|Ar1_HOMO,0.9502385009126793,0.8468179522020982,0.41504922003441125,0
4,Ar2_LUMO|sum_homo_hartree|Ar2_v_C=O|Ar2_HOMO,0.9502385009126793,0.8468179522020982,0.4150492200344113,0
4,Ar2_LUMO|Ar2_v_C=O|Ar2_HOMO|Ar1_HOMO,0.9502385009126793,0.8468179522020979,0.4150492200344113,0
4,Ar2_LUMO|sum_homo_hartree|Ar2_v_C=O|Ar1_HOMO,0.9502385009126793,0.8468179522020978,0.4150492200344112,0
3,Ar1_LUMO|Entry|ar2_enthalpy_hartree,0.9159415239587236,0.8465945675697979,0.5394406009890448,0
5,Ar1_LUMO|Ar2_LUMO|Ar1_v_C=O|Ar1_HOMO|Entry,0.9573150197489804,0.8465910315967681,0.3844062293779792,0
5,Ar1_LUMO|Ar2_LUMO|Ar2_NBO_=O|Entry|ar2_enthalpy_hartree,0.9515783632185568,0.8465785954734902,0.40942334984608447,0
3,Ar2_LUMO|Ar1_NBO_=O|Ar1_NBO_C2,0.9293685530808975,0.8465684409105387,0.49448363826366165,0
5,Ar1_LUMO|Ar2_v_C=O|Ar1_NBO_=O|Ar2_NBO_C2|Ar1_I_C=O,0.9597837475712158,0.8464491794328501,0.37312442015536185,0
5,Ar1_LUMO|Ar2_LUMO|Ar2_v_C=O|ar2_enthalpy_hartree|Ar1_I_C=O,0.9801355795819269,0.8464280249773355,0.2622351013850289,0
4,Ar1_LUMO|sum_homo_hartree|Ar2_NBO_=O|ar2_enthalpy_hartree,0.9475696894404904,0.8464194878163473,0.4260338330698311,0
5,Ar1_LUMO|Ar2_NBO_=O|Ar1_NBO_C2|Entry|sum_enthalpy_hartree,0.9473923613591239,0.846388058583798,0.4267536837670133,0
5,Ar1_LUMO|Ar2_v_C=O|Ar1_NBO_=O|Ar1_NBO_-O|Ar1_I_C=O,0.967013142181368,0.8463348055278401,0.3379273547601204,0
5,prod_homo_hartree|Ar2_HOMO|Ar1_HOMO|Ar2_NBO_C2|sum_enthalpy_hartree,0.9448267030986628,0.8463315259883029,0.43703613075475584,0
5,prod_homo_hartree|sum_homo_hartree|Ar2_HOMO|Ar2_NBO_C2|sum_enthalpy_hartree,0.944826703098663,0.8463315259882999,0.4370361307547549,0
5,prod_homo_hartree|sum_homo_hartree|Ar1_HOMO|Ar2_NBO_C2|sum_enthalpy_hartree,0.944826703098663,0.8463315259882995,0.43703613075475495,0
5,Ar2_LUMO|Ar2_v_C=O|Ar2_HOMO|Ar1_HOMO|Entry,0.9576030303822846,0.8463130693198146,0.38310717209013423,0
5,Ar2_LUMO|sum_homo_hartree|Ar2_v_C=O|Ar2_HOMO|Entry,0.9576030303822846,0.8463130693198145,0.38310717209013423,0
5,Ar2_LUMO|sum_homo_hartree|Ar2_v_C=O|Ar1_HOMO|Entry,0.9576030303822847,0.8463130693198143,0.3831071720901341,0
5,Ar1_LUMO|Ar1_v_C=O|Ar2_NBO_-O|Ar2_I_C=O|Ar1_I_C=O,0.9675992573592649,0.846229705714224,0.33491172857025875,0
5,Ar2_LUMO|Ar1_NBO_=O|Ar2_NBO_-O|Ar2_NBO_C2|Ar2_I_C=O,0.9624995052818682,0.8460906113467728,0.3603058994051767,0
5,Ar2_LUMO|Ar2_v_C=O|Entry|Ar2_I_C=O|sum_enthalpy_hartree,0.9626667348302305,0.8460766298877045,0.35950162845679423,0
5,Ar1_LUMO|Ar2_LUMO|Ar1_NBO_=O|Entry|ar2_enthalpy_hartree,0.9519102030718467,0.8460354962403539,0.4080180219166317,0
5,Ar2_LUMO|prod_homo_hartree|sum_homo_hartree|Ar1_HOMO|Ar2_NBO_C2,0.9479157774574613,0.8460038017539696,0.4246253984489536,0
5,Ar2_LUMO|prod_homo_hartree|sum_homo_hartree|Ar2_HOMO|Ar2_NBO_C2,0.9479157774574611,0.8460038017539684,0.42462539844895375,0
5,Ar2_LUMO|prod_homo_hartree|Ar2_HOMO|Ar1_HOMO|Ar2_NBO_C2,0.947915777457461,0.8460038017539682,0.4246253984489542,0
5,Ar1_LUMO|sum_homo_hartree|Ar2_NBO_=O|Ar1_NBO_C2|Entry,0.9455716967825231,0.8459637842204579,0.4340754980768187,0
5,Ar2_LUMO|Ar1_v_C=O|Ar2_HOMO|Ar1_NBO_-O|Ar1_NBO_C2,0.9548717320118475,0.8459097908481578,0.39525484968652896,0
4,Ar1_LUMO|Ar2_LUMO|Ar2_HOMO|Entry,0.93420437010087,0.8458931461402736,0.4772560021862514,0
5,Ar1_LUMO|Ar2_NBO_=O|Ar2_NBO_-O|Ar1_NBO_C2|Ar2_I_C=O,0.9652861729416292,0.845887969505268,0.3466603109389663,0
3,Ar1_LUMO|Ar2_HOMO|Ar1_NBO_C2,0.9175796326093159,0.8458394793984709,0.534158504726781,0
4,Ar2_v_C=O|Ar1_NBO_-O|Ar2_NBO_C2|Ar2_I_C=O,0.9548334933034375,0.8457673116214715,0.3954222706325997,0
5,Ar1_LUMO|sum_homo_hartree|Ar1_v_C=O|Ar2_HOMO|ar2_enthalpy_hartree,0.9651936648807833,0.8457424856415382,0.3471219070719289,0
5,Ar1_LUMO|Ar1_v_C=O|Ar2_HOMO|Ar1_HOMO|ar2_enthalpy_hartree,0.9651936648807832,0.8457424856415382,0.34712190707192897,0
5,Ar1_LUMO|sum_homo_hartree|Ar1_v_C=O|Ar1_HOMO|ar2_enthalpy_hartree,0.9651936648807832,0.8457424856415379,0.34712190707192897,0
4,Ar1_LUMO|Ar2_v_C=O|Ar1_NBO_-O|ar2_enthalpy_hartree,0.9608999280349549,0.8457242506083559,0.3679100512310499,0
4,Ar1_LUMO|sum_homo_hartree|Ar2_NBO_=O|sum_enthalpy_hartree,0.9449730089015551,0.8457112992237913,0.43645629077118775,0
5,Ar1_LUMO|Ar2_LUMO|Ar1_v_C=O|Ar2_NBO_-O|sum_enthalpy_hartree,0.9687804698580461,0.845690921540769,0.3287502227505112,0
3,Ar1_LUMO|Ar1_v_C=O|Ar2_HOMO,0.9239554135887258,0.8456908166840849,0.5130822913589951,0
4,Ar1_LUMO|Ar2_v_C=O|Ar1_NBO_=O|Entry,0.946302722659252,0.8456816766153897,0.43115061249087866,0
5,Ar2_LUMO|prod_homo_hartree|Ar2_NBO_=O|Ar2_HOMO|Entry,0.9514514231679365,0.8456483220561027,0.4099596617797051,0
5,Ar2_LUMO|Ar1_v_C=O|Ar1_NBO_=O|Ar2_NBO_C2|Entry,0.9541327826349533,0.8455516566366785,0.3984777451645444,0
3,Ar1_LUMO|Ar2_HOMO|Ar1_NBO_=O,0.9187576818419289,0.8455453327345254,0.5303273535153152,0
5,Ar2_LUMO|sum_homo_hartree|Ar2_HOMO|Ar1_NBO_C2|Entry,0.9467956827900441,0.8454247966434587,0.4291669913162696,0
5,Ar2_LUMO|sum_homo_hartree|Ar1_HOMO|Ar1_NBO_C2|Entry,0.946795682790044,0.8454247966434585,0.4291669913162697,0
5,Ar2_LUMO|Ar2_HOMO|Ar1_HOMO|Ar1_NBO_C2|Entry,0.946795682790044,0.8454247966434584,0.4291669913162697,0
5,Ar1_LUMO|Ar2_NBO_=O|Ar1_NBO_-O|Ar2_I_C=O|ar2_enthalpy_hartree,0.9604374975446958,0.8454050277819775,0.3700792639209685,0
5,Ar2_NBO_=O|Ar2_NBO_-O|Ar2_NBO_C2|Ar1_NBO_C2|Ar2_I_C=O,0.9617620132452956,0.8453718065684273,0.3638315726710501,0
5,Ar1_LUMO|prod_homo_hartree|Ar1_v_C=O|Ar2_NBO_=O|Entry,0.9484813796494669,0.8453427043138828,0.4223135213541594,0
5,Ar1_LUMO|Ar2_v_C=O|Ar2_NBO_C2|Ar1_NBO_C2|sum_enthalpy_hartree,0.9635418063035861,0.8453127235126254,0.35526338412849695,0
5,Ar2_LUMO|prod_homo_hartree|Ar2_NBO_=O|Ar1_HOMO|Entry,0.9483498524216439,0.8452909079504682,0.4228522617108445,0
4,Ar1_LUMO|Ar2_NBO_=O|Ar2_HOMO|ar2_enthalpy_hartree,0.9461719953899371,0.8452861474606582,0.43167511654744367,0
4,Ar1_LUMO|sum_homo_hartree|Ar2_NBO_C2|sum_enthalpy_hartree,0.9405398962595204,0.8452459192364561,0.45369678917419504,0
5,Ar1_LUMO|Ar1_v_C=O|Ar2_I_C=O|ar2_enthalpy_hartree|sum_enthalpy_hartree,0.973191538704049,0.8451099550642851,0.304641326943283,0
5,prod_homo_hartree|sum_homo_hartree|Ar1_v_C=O|Ar2_v_C=O|Ar1_NBO_C2,0.9711304148710419,0.8450218735145144,0.3161354117998122,0
4,Ar1_LUMO|Ar2_v_C=O|Ar1_NBO_=O|Ar1_HOMO,0.9437422077836005,0.8449580837992002,0.4413104554656663,0
5,Ar1_v_C=O|Ar1_NBO_-O|Ar2_NBO_C2|Ar1_NBO_C2|Ar1_I_C=O,0.9633997349626202,0.8449273709335234,0.35595491139475643,0
5,prod_homo_hartree|sum_homo_hartree|Ar1_v_C=O|Ar1_NBO_-O|Ar2_NBO_C2,0.9648544540877582,0.8449042493972648,0.3488092723834557,0
4,Ar1_LUMO|prod_homo_hartree|Ar2_NBO_C2|sum_enthalpy_hartree,0.9416488687801401,0.8447784004567048,0.44944599459994955,0
5,Ar2_LUMO|sum_homo_hartree|Ar1_v_C=O|Ar1_NBO_=O|Ar1_NBO_C2,0.9531381782072298,0.8446779700263202,0.40277495568952776,0
5,Ar2_LUMO|Ar1_v_C=O|Ar1_NBO_-O|Ar2_NBO_-O|sum_enthalpy_hartree,0.9685114374843447,0.8446526036704702,0.33016367656964724,0
5,Ar1_LUMO|Ar2_LUMO|Ar1_v_C=O|Ar1_NBO_-O|sum_enthalpy_hartree,0.9687536329341042,0.844637265911961,0.3288914924856472,0
4,Ar1_LUMO|Ar2_NBO_=O|Ar1_NBO_-O|Ar2_I_C=O,0.9550295104551656,0.8446211963302073,0.39456329535005563,0
4,Ar1_v_C=O|Ar2_HOMO|ar2_enthalpy_hartree|Ar1_I_C=O,0.9369742659333903,0.8445979261450962,0.4671021118269533,0
5,Ar2_LUMO|sum_homo_hartree|Ar1_NBO_C2|ar2_enthalpy_hartree|Ar1_I_C=O,0.9532499419180479,0.8445670565000946,0.4022943672899243,0
5,Ar1_LUMO|prod_homo_hartree|sum_homo_hartree|Ar2_HOMO|Ar2_NBO_C2,0.9463675202116216,0.8445018664128932,0.4308903950362139,0
5,Ar1_LUMO|prod_homo_hartree|sum_homo_hartree|Ar1_HOMO|Ar2_NBO_C2,0.9463675202116217,0.8445018664128923,0.4308903950362135,0
5,Ar1_LUMO|prod_homo_hartree|Ar2_HOMO|Ar1_HOMO|Ar2_NBO_C2,0.9463675202116215,0.8445018664128908,0.4308903950362143,0
4,Ar2_LUMO|Ar2_HOMO|Ar1_NBO_=O|Entry,0.9428764506266817,0.8444774890953828,0.4446931776888701,0
5,prod_homo_hartree|Ar1_NBO_=O|Ar2_NBO_-O|Ar1_NBO_C2|Ar1_I_C=O,0.9646298152264018,0.8443914773216494,0.3499222343194948,0
4,Ar2_LUMO|prod_homo_hartree|Ar1_v_C=O|Ar1_NBO_-O,0.9503911195438357,0.8443895992056969,0.4144122528123015,0
5,Ar1_v_C=O|Ar1_HOMO|Ar2_NBO_-O|ar2_enthalpy_hartree|Ar1_I_C=O,0.972430072773823,0.844301970455454,0.3089375402154851,0
5,Ar1_LUMO|Ar2_LUMO|Ar2_v_C=O|Ar2_NBO_C2|sum_enthalpy_hartree,0.9634139308063852,0.8442871540027871,0.3558858740479831,0
4,Ar1_LUMO|Ar1_v_C=O|Ar2_v_C=O|sum_enthalpy_hartree,0.9623384826678667,0.8442833756505816,0.3610786258934469,0
5,Ar1_v_C=O|Ar2_NBO_-O|Ar2_NBO_C2|Ar1_NBO_C2|Ar1_I_C=O,0.9621091755802611,0.8442794895805286,0.36217619504004667,0
5,Ar2_LUMO|Ar1_NBO_=O|Ar1_HOMO|Ar2_NBO_C2|Entry,0.950630908842379,0.8441141195380265,0.41340948884986656,0
5,Ar1_LUMO|Ar1_v_C=O|Ar2_NBO_-O|ar2_enthalpy_hartree|sum_enthalpy_hartree,0.9670714424379276,0.8441003731434081,0.33762859996235567,0
4,Ar1_LUMO|Ar1_HOMO|Ar2_NBO_C2|Ar2_I_C=O,0.9323623215616283,0.8440977716880707,0.4838906391842266,0
4,Ar1_LUMO|sum_homo_hartree|Ar2_NBO_C2|ar2_enthalpy_hartree,0.9448560768145612,0.8440472695266156,0.4369197784163879,0
5,Ar1_LUMO|Ar2_NBO_=O|Ar1_NBO_-O|Ar2_I_C=O|sum_enthalpy_hartree,0.9592480365417052,0.8440126967866909,0.37560134914533316,0
5,prod_homo_hartree|Ar1_HOMO|Ar2_NBO_C2|Entry|Ar1_I_C=O,0.9639106027053257,0.8438890393739578,0.3534619662996556,0
4,Ar1_LUMO|prod_homo_hartree|Ar2_NBO_=O|ar2_enthalpy_hartree,0.947598535606481,0.8438825852591882,0.42591661906370426,0
5,prod_homo_hartree|Ar1_v_C=O|Ar2_NBO_C2|Entry|Ar1_I_C=O,0.9631038107094216,0.8438538998868235,0.35739101615911567,0
5,Ar1_LUMO|Ar2_LUMO|Ar2_v_C=O|Ar2_NBO_=O|sum_enthalpy_hartree,0.963471498567901,0.8438377685742704,0.35560577264387977,0
4,Ar1_LUMO|Ar1_v_C=O|Ar1_NBO_=O|ar2_enthalpy_hartree,0.937767588049911,0.8438341005606459,0.46415303133361285,0
4,Ar2_LUMO|Ar1_NBO_=O|Entry|Ar2_I_C=O,0.9473034014199153,0.8438183275182254,0.42711435330998565,0
4,Ar2_LUMO|Ar2_HOMO|Entry|sum_enthalpy_hartree,0.930622093328879,0.8438017765669434,0.49007604017770995,0
4,Ar1_LUMO|Ar1_HOMO|Ar2_NBO_C2|ar2_enthalpy_hartree,0.938421767565044,0.84375877923777,0.46170702633160354,0
5,Ar2_LUMO|prod_homo_hartree|Ar2_NBO_=O|Ar1_NBO_C2|Entry,0.9437246113039235,0.8437448755057697,0.44137946726847666,0
5,Ar1_LUMO|sum_homo_hartree|Ar2_v_C=O|Ar2_NBO_-O|sum_enthalpy_hartree,0.9610918644220975,0.8436908531189341,0.3670059326982821,0
5,Ar1_LUMO|Ar2_HOMO|Ar1_NBO_=O|Ar2_NBO_C2|Entry,0.9456962217324885,0.8436793483217696,0.43357865931272926,0
5,Ar1_LUMO|Ar2_LUMO|Ar2_v_C=O|Ar1_HOMO|Entry,0.9514539807718674,0.8436421798648733,0.40994886302595646,0
5,Ar1_LUMO|Ar2_v_C=O|Ar2_HOMO|Ar1_NBO_C2|sum_enthalpy_hartree,0.9655447708198829,0.8436294228072475,0.34536668812029253,0
5,Ar2_LUMO|sum_homo_hartree|Ar1_v_C=O|Ar2_v_C=O|Entry,0.9561688454620889,0.8436290597598064,0.3895330664059885,0
5,Ar1_LUMO|prod_homo_hartree|Ar2_v_C=O|Entry|Ar2_I_C=O,0.9748822656440392,0.8435934166383816,0.29487849816589273,0
5,Ar1_v_C=O|Ar2_HOMO|Entry|ar2_enthalpy_hartree|Ar1_I_C=O,0.9460006458151031,0.8435523017243789,0.43236164187050957,0
5,Ar2_LUMO|Ar1_v_C=O|Ar2_NBO_=O|Ar1_NBO_-O|Ar1_NBO_C2,0.9554152728662298,0.8435293713740588,0.3928673441682715,0
5,Ar1_LUMO|prod_homo_hartree|Ar2_v_C=O|Ar1_NBO_=O|Entry,0.9506400927512526,0.8435244472602992,0.4133710347121468,0
4,Ar1_LUMO|Ar2_LUMO|Ar2_NBO_=O|Ar1_NBO_=O,0.9298932515241284,0.8435171321695085,0.49264353405839145,0
4,Ar1_LUMO|sum_homo_hartree|Ar1_v_C=O|Ar2_NBO_=O,0.9424631531432827,0.8434925077421283,0.44629898941038565,0
5,sum_homo_hartree|Ar1_v_C=O|Ar2_NBO_-O|Ar1_I_C=O|sum_enthalpy_hartree,0.9654047928833002,0.8434386555917182,0.3460675210078286,0
3,prod_homo_hartree|sum_homo_hartree|Ar1_NBO_=O,0.9255413665803112,0.8434354739908994,0.5077037895393686,0
4,Ar1_LUMO|Ar2_HOMO|Ar2_NBO_C2|sum_enthalpy_hartree,0.9418349657662906,0.8434216854748164,0.4487287219634195,0
5,Ar1_LUMO|Ar2_v_C=O|Ar2_NBO_=O|Ar1_NBO_=O|Ar1_I_C=O,0.9615533331030144,0.8433961910547718,0.36482300978530574,0
5,Ar1_LUMO|Ar1_v_C=O|Ar2_HOMO|Ar1_NBO_=O|Ar1_I_C=O,0.9472423049215817,0.8433889746899695,0.42736188002670766,0
5,Ar2_LUMO|prod_homo_hartree|Ar1_v_C=O|Ar2_NBO_C2|Entry,0.9566624755911709,0.8433605366487656,0.38733337861280287,0
5,Ar2_LUMO|Ar2_HOMO|Ar1_NBO_C2|Entry|sum_enthalpy_hartree,0.9468870299996925,0.8433519020854914,0.42879841174626193,0
5,Ar2_LUMO|Ar2_v_C=O|Ar1_NBO_-O|Ar2_NBO_-O|ar2_enthalpy_hartree,0.9663087556494597,0.8432982172574786,0.3415162713385307,0
4,Ar1_LUMO|Ar2_v_C=O|Ar2_HOMO|Entry,0.9464882008106685,0.8432790137941784,0.43040534012132176,0
4,Ar2_LUMO|Ar2_HOMO|Ar2_NBO_-O|Entry,0.9333204430149081,0.8432315362222319,0.4804511390450403,0
4,Ar1_LUMO|prod_homo_hartree|Ar2_NBO_=O|sum_enthalpy_hartree,0.9451471033084821,0.8432267839069068,0.43576531355385345,0
5,Ar1_LUMO|Ar2_LUMO|sum_homo_hartree|Ar2_NBO_-O|Entry,0.9637089875748702,0.8432214695700947,0.3544479072393958,0
4,Ar1_LUMO|Ar2_NBO_=O|Ar2_HOMO|sum_enthalpy_hartree,0.944598726638342,0.8432148969144335,0.437938118181206,0
5,Ar1_LUMO|Ar2_NBO_=O|Ar1_NBO_=O|Entry|ar2_enthalpy_hartree,0.9513966061793444,0.8432083351796058,0.41019104254882016,0
5,Ar2_LUMO|Ar1_v_C=O|Ar2_HOMO|Ar2_NBO_C2|Entry,0.9561960902774918,0.8431120457515688,0.3894119835107693,0
5,Ar1_LUMO|sum_homo_hartree|Ar1_v_C=O|Ar2_NBO_=O|Entry,0.9478081460048294,0.8431091557904776,0.4250639137937829,0
5,sum_homo_hartree|Ar2_NBO_C2|Ar1_NBO_C2|Entry|Ar2_I_C=O,0.9649731205643803,0.8430879376872629,0.3482199094261907,0
5,Ar2_LUMO|Ar1_v_C=O|Ar2_v_C=O|Ar1_NBO_-O|sum_enthalpy_hartree,0.9678925682258162,0.8430293826134763,0.3333923717622592,0
5,Ar2_LUMO|Ar1_v_C=O|Ar2_HOMO|Ar1_HOMO|Entry,0.9561512259181302,0.8429737423784114,0.38961135210767,0
5,Ar2_LUMO|sum_homo_hartree|Ar1_v_C=O|Ar2_HOMO|Entry,0.9561512259181302,0.8429737423784112,0.38961135210766995,0
5,Ar2_LUMO|sum_homo_hartree|Ar1_v_C=O|Ar1_HOMO|Entry,0.9561512259181302,0.8429737423784109,0.3896113521076699,0
4,Ar1_LUMO|sum_homo_hartree|Ar2_v_C=O|Ar1_NBO_=O,0.9427565136726391,0.8429530410591685,0.44515977316002336,0
5,sum_homo_hartree|Ar1_v_C=O|Ar2_NBO_C2|Entry|Ar1_I_C=O,0.9612273451003079,0.8428027372814115,0.3663664061384231,0
4,Ar2_LUMO|sum_homo_hartree|Ar1_v_C=O|Ar1_NBO_-O,0.9495539378922487,0.8427879416129596,0.4178943597565965,0
5,Ar2_NBO_=O|Ar1_HOMO|Ar2_NBO_C2|Ar2_I_C=O|sum_enthalpy_hartree,0.9545372647052289,0.8427850536615644,0.3967168577060372,0
5,Ar2_LUMO|prod_homo_hartree|Ar1_v_C=O|Ar2_NBO_=O|Ar1_NBO_C2,0.9542726836473232,0.8426761115218052,0.39786957644013143,0
4,prod_homo_hartree|sum_homo_hartree|Ar1_NBO_=O|Entry,0.9279953087446828,0.8426141881991759,0.4992674704801661,0
4,Ar1_LUMO|prod_homo_hartree|Ar2_NBO_C2|ar2_enthalpy_hartree,0.9453697168626249,0.8425788687468545,0.43488016532796403,0
4,Ar1_LUMO|prod_homo_hartree|sum_homo_hartree|Entry,0.9373567345225935,0.8424611019567434,0.46568266190741714,0
5,Ar2_LUMO|Ar2_v_C=O|Ar2_NBO_C2|Ar1_NBO_C2|ar2_enthalpy_hartree,0.962498635113859,0.8423341869977946,0.36031007968134077,0
4,Ar2_LUMO|Ar1_NBO_=O|Ar1_HOMO|sum_enthalpy_hartree,0.9477731393044381,0.8422913130199912,0.4252064416946038,0
5,Ar1_LUMO|prod_homo_hartree|Ar2_v_C=O|Ar2_NBO_C2|Entry,0.9498849275105886,0.8422662518000217,0.4165211472361085,0
4,Ar2_LUMO|Ar1_v_C=O|Ar2_v_C=O|Ar1_HOMO,0.9487820972877418,0.8420911980213681,0.42107918132893385,0
5,Ar1_LUMO|Ar2_LUMO|Ar1_v_C=O|Ar2_HOMO|Ar2_I_C=O,0.971380608056176,0.8420414247807446,0.3147625649537849,0
4,Ar1_LUMO|prod_homo_hartree|Ar1_v_C=O|Ar2_NBO_=O,0.9431520543142491,0.8420233290938834,0.44361912621465355,0
4,Ar2_LUMO|sum_homo_hartree|Ar1_v_C=O|Ar2_v_C=O,0.9486263848978979,0.8419924667397924,0.42171877689495674,0
5,Ar1_LUMO|sum_homo_hartree|Ar2_v_C=O|Ar1_NBO_=O|Entry,0.9502341725266759,0.8419104334272409,0.4150672706780156,0
3,Ar1_LUMO|Ar2_LUMO|Ar2_NBO_=O,0.9267300567655061,0.8419033122024084,0.5036348820895638,0
3,Ar1_LUMO|Ar2_NBO_C2|ar2_enthalpy_hartree,0.9217060257504385,0.8418756322130481,0.5206154398568306,0
5,Ar2_v_C=O|Ar2_HOMO|Ar1_NBO_-O|Ar2_I_C=O|sum_enthalpy_hartree,0.969074127127477,0.8418102135424499,0.32720042387800025,0
3,Ar1_LUMO|Ar1_HOMO|Ar2_NBO_C2,0.9193789297009336,0.8416864712607516,0.5282957953197911,0
4,Ar2_LUMO|Ar1_v_C=O|Ar2_v_C=O|Ar2_HOMO,0.948475555486314,0.8415866394578432,0.4223373918821579,0
5,Ar1_LUMO|Ar2_LUMO|Ar2_v_C=O|Ar1_NBO_C2|Ar1_I_C=O,0.9548794995277808,0.8415570447167225,0.3952208324219626,0
4,Ar2_LUMO|Ar2_NBO_=O|Ar1_NBO_=O|ar2_enthalpy_hartree,0.9427402597956887,0.841524027114815,0.44522296863509975,0
5,Ar1_LUMO|Ar2_LUMO|prod_homo_hartree|Ar1_v_C=O|Entry,0.9569545410426138,0.841351199398607,0.386025990340619,0
5,Ar2_LUMO|Ar2_NBO_=O|Ar1_NBO_=O|Entry|sum_enthalpy_hartree,0.9511948660528339,0.8413058137247649,0.41104145950057314,0
5,Ar2_LUMO|Ar2_HOMO|Entry|ar2_enthalpy_hartree|sum_enthalpy_hartree,0.9467342753474703,0.841294766454179,0.429414588210673,0
5,Ar1_LUMO|prod_homo_hartree|Ar2_v_C=O|Ar2_NBO_-O|sum_enthalpy_hartree,0.9611118463014003,0.8412481850351486,0.3669116797877049,0
5,Ar2_LUMO|Ar1_NBO_=O|Entry|ar2_enthalpy_hartree|sum_enthalpy_hartree,0.9498594945513871,0.8411921591959916,0.41662682424253655,0
3,Ar1_LUMO|Ar2_NBO_=O|Ar1_NBO_=O,0.9271263574110505,0.841157457039448,0.5022710114633792,0
4,Ar2_LUMO|prod_homo_hartree|Ar2_NBO_=O|Ar2_HOMO,0.9434066351241223,0.8411527452284739,0.4426246871047066,0
5,sum_homo_hartree|Ar1_NBO_-O|Ar2_NBO_C2|Entry|Ar2_I_C=O,0.9641279005573632,0.8411429175452465,0.3523962448394216,0
5,Ar2_NBO_=O|Ar1_NBO_-O|Ar2_NBO_C2|Ar2_I_C=O|sum_enthalpy_hartree,0.95995278676947,0.8411391972719353,0.37233942570285616,0
4,Ar1_LUMO|Ar2_LUMO|sum_homo_hartree|Ar1_v_C=O,0.9493477617246799,0.8411361075858376,0.4187474689808667,0
4,Ar2_NBO_=O|Ar1_HOMO|Entry|Ar2_I_C=O,0.9324916825725015,0.8410927782692526,0.4834276831644204,0
5,Ar1_LUMO|Ar2_HOMO|Ar2_NBO_C2|Ar1_NBO_C2|Entry,0.942561727995855,0.8410808033318449,0.4459165152330744,0
5,Ar2_LUMO|Ar1_NBO_=O|Ar1_HOMO|Ar2_NBO_C2|Ar2_I_C=O,0.9577794345993701,0.8409810220764476,0.38230933009740536,0
5,prod_homo_hartree|sum_homo_hartree|Ar1_v_C=O|Ar2_NBO_C2|Ar1_NBO_C2,0.9734866093089272,0.8409400268453031,0.30296015213557786,0
5,Ar1_LUMO|Ar2_HOMO|Ar1_NBO_=O|ar2_enthalpy_hartree|sum_enthalpy_hartree,0.9495173009782805,0.8408857845520525,0.4180460820145233,0
3,Ar1_LUMO|Ar2_v_C=O|Ar2_HOMO,0.9336132404655009,0.840844222230359,0.4793951209428798,0
4,Ar1_LUMO|Ar2_LUMO|Ar1_v_C=O|Ar1_HOMO,0.9498836899937879,0.8408147351336483,0.41652628988790896,0
3,Ar1_LUMO|ar2_enthalpy_hartree|sum_enthalpy_hartree,0.9238534854333965,0.8407629475641767,0.5134260371871662,0
5,Ar1_LUMO|sum_homo_hartree|Ar2_v_C=O|Ar1_NBO_=O|sum_enthalpy_hartree,0.9609368912601667,0.8406479781440485,0.36773610835955883,0
4,Ar1_LUMO|Ar2_LUMO|prod_homo_hartree|Ar1_v_C=O,0.9498361062759711,0.8405785128018759,0.4167239816882363,0
5,Ar2_LUMO|prod_homo_hartree|Ar2_v_C=O|Ar2_HOMO|Ar2_I_C=O,0.9756808308464093,0.840545282519289,0.29015311756239476,0
5,Ar1_NBO_=O|Ar2_NBO_-O|Ar2_NBO_C2|Entry|Ar1_I_C=O,0.9499537862141356,0.840542066111234,0.4162348963779078,0
5,Ar1_LUMO|Ar1_v_C=O|Ar2_HOMO|Ar2_NBO_C2|Ar1_NBO_C2,0.9552185281433971,0.8405170288856472,0.3937332179485519,0
5,Ar1_LUMO|Ar2_HOMO|Ar1_NBO_=O|Ar1_NBO_C2|Ar1_I_C=O,0.951833494061374,0.8405156348401213,0.40834331116069283,0
5,Ar2_LUMO|Ar2_HOMO|Ar1_NBO_=O|Entry|ar2_enthalpy_hartree,0.9515471811129826,0.8405135262294596,0.4095551569088745,0
4,Ar1_LUMO|Ar2_v_C=O|Ar1_NBO_C2|Entry,0.9447697462946393,0.840447564766124,0.437261654348173,0
4,Ar2_LUMO|Ar1_v_C=O|Ar2_v_C=O|Ar2_NBO_C2,0.9506185534635999,0.8404392345151693,0.4134612166735656,0
5,Ar1_LUMO|prod_homo_hartree|Ar2_v_C=O|Ar1_NBO_=O|sum_enthalpy_hartree,0.9609304068759169,0.8404341513998747,0.3677666287579241,0
4,Ar2_LUMO|Ar1_NBO_=O|ar2_enthalpy_hartree|sum_enthalpy_hartree,0.9415427432646089,0.8403706335022982,0.4498545215570476,0
5,Ar1_LUMO|Ar2_NBO_=O|Ar2_NBO_C2|Ar2_I_C=O|ar2_enthalpy_hartree,0.9528316401667283,0.8403064165389993,0.4040901477940185,0
5,prod_homo_hartree|sum_homo_hartree|Ar1_v_C=O|Ar1_NBO_=O|Entry,0.9703137824084658,0.8402579853940594,0.320575484758778,0
4,sum_homo_hartree|Ar1_NBO_C2|Entry|Ar1_I_C=O,0.9412628285353217,0.8402225318110107,0.45093026933091707,0
4,Ar2_LUMO|Ar1_v_C=O|Ar2_HOMO|Ar2_NBO_C2,0.9489038859733699,0.8401769472012186,0.4205782509969553,0
5,Ar1_LUMO|sum_homo_hartree|Ar1_v_C=O|Entry|ar2_enthalpy_hartree,0.9390832084311824,0.8401699131950395,0.4592206248289924,0
4,Ar2_LUMO|Ar1_NBO_C2|Entry|sum_enthalpy_hartree,0.9361705244874853,0.8401006740530003,0.4700710576053763,0
5,Ar2_LUMO|prod_homo_hartree|Ar1_NBO_=O|Ar2_NBO_C2|Entry,0.9474198707715337,0.8400893031513432,0.42664209086419747,0
5,Ar1_LUMO|Ar2_v_C=O|Ar1_NBO_=O|Ar2_NBO_C2|ar2_enthalpy_hartree,0.9656709640673181,0.8400671711733416,0.3447336503470159,0
5,Ar1_LUMO|Ar2_LUMO|Ar2_HOMO|Ar1_HOMO|Entry,0.9395561332954764,0.8399087612864469,0.45743458192514186,0
5,Ar1_LUMO|Ar1_v_C=O|Ar2_HOMO|Ar2_NBO_C2|ar2_enthalpy_hartree,0.95595934884612,0.8398944531698805,0.39046286829012866,0
4,Ar1_LUMO|prod_homo_hartree|Ar2_v_C=O|Ar1_NBO_=O,0.9431874704970599,0.8398494168523837,0.44348091766838404,0
5,Ar2_LUMO|Ar1_v_C=O|Ar2_v_C=O|Ar2_NBO_C2|Entry,0.9559212667703927,0.8398405304480319,0.3906316489855121,0
4,Ar1_LUMO|Ar2_HOMO|Ar1_NBO_=O|Ar2_NBO_C2,0.9333866200218501,0.83983020341437,0.48021266482208663,0
5,prod_homo_hartree|sum_homo_hartree|Ar1_v_C=O|Ar2_HOMO|Ar2_I_C=O,0.9758170272718838,0.8398114678312815,0.2893394939285109,0
5,prod_homo_hartree|Ar1_v_C=O|Ar2_HOMO|Ar1_HOMO|Ar2_I_C=O,0.9758170272718835,0.8398114678312757,0.2893394939285129,0
5,prod_homo_hartree|sum_homo_hartree|Ar1_v_C=O|Ar1_HOMO|Ar2_I_C=O,0.9758170272718837,0.8398114678312755,0.28933949392851105,0
5,Ar1_LUMO|Ar2_v_C=O|Ar2_HOMO|Entry|ar2_enthalpy_hartree,0.9690447579958951,0.8398058528287933,0.3273557519419524,0
5,Ar2_LUMO|prod_homo_hartree|Ar1_v_C=O|Ar1_NBO_=O|Ar1_NBO_C2,0.9528313834002258,0.839800230154998,0.40409124764859394,0
5,Ar1_LUMO|Ar2_HOMO|Ar2_NBO_-O|Entry|ar2_enthalpy_hartree,0.9577892127160338,0.8397579576179314,0.38226505686630596,0
3,Ar1_v_C=O|Ar2_NBO_=O|Ar1_I_C=O,0.937786190361965,0.8397567460026814,0.46408365458449374,0
5,prod_homo_hartree|Ar1_v_C=O|Ar1_NBO_-O|Ar2_NBO_C2|Ar1_I_C=O,0.9644968463072082,0.8397184003621666,0.3505793574601148,0
4,Ar1_LUMO|Ar1_v_C=O|Ar2_NBO_=O|Ar2_HOMO,0.9434569165264232,0.839712840777101,0.44242801444178204,0
4,Ar1_LUMO|Ar2_v_C=O|Ar1_NBO_=O|Ar2_NBO_C2,0.9430811828266618,0.8396911067199441,0.44389556676314296,0
5,Ar1_LUMO|Ar2_NBO_=O|Ar2_NBO_C2|Ar2_I_C=O|sum_enthalpy_hartree,0.9522670968707415,0.839597765140983,0.4065011691440383,0
5,Ar2_LUMO|sum_homo_hartree|Ar1_v_C=O|Ar2_NBO_C2|Ar1_I_C=O,0.9695937930273699,0.8395858815190784,0.32443970523811066,0
5,Ar2_LUMO|prod_homo_hartree|Ar2_NBO_C2|Entry|sum_enthalpy_hartree,0.9457793439184218,0.8395660307733422,0.4332466952288276,0
5,Ar2_HOMO|Ar2_NBO_C2|Entry|Ar2_I_C=O|Ar1_I_C=O,0.9646863356713117,0.8395475245447893,0.349642540166447,0
5,Ar2_LUMO|Ar1_v_C=O|Ar2_v_C=O|Ar2_HOMO|Entry,0.9559434007191021,0.8394494164591945,0.39053355965832715,0
5,Ar1_LUMO|Ar2_LUMO|Ar1_NBO_=O|Entry|sum_enthalpy_hartree,0.9509484079388805,0.8394423845884212,0.4120779993449021,0
4,Ar1_LUMO|Ar2_HOMO|Ar1_NBO_=O|ar2_enthalpy_hartree,0.9371260499909377,0.8394043033668853,0.4665393148010452,0
5,Ar2_LUMO|Ar1_NBO_=O|Ar2_NBO_C2|Entry|sum_enthalpy_hartree,0.9502609810548995,0.8393910802055821,0.4149554585956459,0
5,Ar2_NBO_=O|Ar1_NBO_-O|Ar2_NBO_C2|Ar2_I_C=O|ar2_enthalpy_hartree,0.9579556877519125,0.8393512948996067,0.38151050498241185,0
5,Ar2_LUMO|Ar1_v_C=O|Ar2_HOMO|Ar2_NBO_C2|Ar1_NBO_C2,0.9550410776859619,0.8392511976069502,0.39451254764560173,0
5,Ar1_LUMO|Ar2_v_C=O|Ar1_NBO_-O|Ar2_NBO_-O|Ar1_I_C=O,0.96180534448449,0.8391139039191563,0.36362536749303775,0
4,Ar2_LUMO|prod_homo_hartree|Ar1_v_C=O|Ar2_v_C=O,0.9491253112902709,0.8390165668783294,0.41966597239481956,0
4,Ar2_LUMO|Ar1_NBO_=O|Entry|Ar1_I_C=O,0.9500645964791464,0.8389951399457927,0.4157738359404251,0
4,Ar1_LUMO|Ar2_HOMO|Ar2_NBO_C2|ar2_enthalpy_hartree,0.9436136884273275,0.8389338628627568,0.44181424861415547,0
5,Ar1_LUMO|sum_homo_hartree|Ar2_v_C=O|Ar2_NBO_C2|Entry,0.9494782333789219,0.8389102640313827,0.4182078096817946,0
5,Ar1_v_C=O|Ar1_NBO_-O|Ar2_NBO_-O|Ar1_NBO_C2|Ar1_I_C=O,0.9613382004732784,0.8388936738625403,0.36584228990178175,0
3,Ar1_LUMO|Ar2_NBO_=O|Ar2_HOMO,0.9297200680032802,0.8388936476026579,0.4932516432549995,0
5,Ar2_LUMO|Ar1_v_C=O|Ar2_v_C=O|Ar2_NBO_-O|sum_enthalpy_hartree,0.9678120834019357,0.8388517352317467,0.3338099733900485,0
4,Ar1_LUMO|Ar1_v_C=O|Ar2_HOMO|sum_enthalpy_hartree,0.9331311059992837,0.8388504827172758,0.481132777503496,0
5,Ar2_LUMO|sum_homo_hartree|Ar2_NBO_C2|Entry|sum_enthalpy_hartree,0.9469633698324889,0.8388444339595326,0.4284901426936096,0
5,Ar1_LUMO|Ar2_v_C=O|Ar1_NBO_=O|Ar1_NBO_C2|Ar1_I_C=O,0.9596977637776176,0.8388311199824591,0.3735230838924533,0
5,Ar2_LUMO|Ar1_v_C=O|Ar2_NBO_=O|Ar1_HOMO|Ar1_NBO_C2,0.9544040011094617,0.838757259442324,0.3972978745404789,0
3,Ar1_LUMO|sum_homo_hartree|Ar2_NBO_=O,0.9341599672037217,0.8387038335355183,0.47741701572985557,0
4,Ar1_LUMO|Ar1_HOMO|Entry|ar2_enthalpy_hartree,0.9172390166969673,0.8386931456492588,0.5352611162673155,0
5,Ar1_LUMO|Ar1_v_C=O|Ar1_NBO_-O|Ar2_NBO_-O|sum_enthalpy_hartree,0.9675376293954995,0.8386684863320935,0.33523008736314086,0
4,Ar1_LUMO|Ar2_LUMO|Ar1_NBO_=O|ar2_enthalpy_hartree,0.9426157426885805,0.8385996830688096,0.44570679697400434,0
5,Ar2_LUMO|sum_homo_hartree|Ar1_v_C=O|Ar1_NBO_-O|Ar1_NBO_C2,0.9548919104317757,0.8385235576993434,0.39516647370363905,0
5,Ar2_LUMO|prod_homo_hartree|Ar1_v_C=O|Ar2_I_C=O|ar2_enthalpy_hartree,0.9812319765865113,0.8385034450973816,0.2548954849604756,0
5,Ar2_LUMO|Ar1_v_C=O|Ar2_HOMO|Ar2_NBO_-O|sum_enthalpy_hartree,0.9672908509664516,0.838459735004091,0.33650188181593915,0
5,Ar2_LUMO|sum_homo_hartree|Ar1_v_C=O|Ar2_NBO_C2|Entry,0.956175896205995,0.8384487754502767,0.389501734715283,0
3,Ar1_LUMO|Ar2_NBO_=O|Ar2_NBO_C2,0.9261448801937574,0.8384331001724579,0.5056420436668737,0
5,Ar2_LUMO|sum_homo_hartree|Ar2_NBO_=O|Ar2_HOMO|Ar1_HOMO,0.9399111496972716,0.8383329981656944,0.45608923499411363,0
4,Ar2_LUMO|sum_homo_hartree|Ar2_NBO_=O|Ar1_HOMO,0.9399111496972716,0.8383329981656942,0.45608923499411363,0
4,Ar2_LUMO|sum_homo_hartree|Ar2_NBO_=O|Ar2_HOMO,0.9399111496972716,0.8383329981656942,0.4560892349941137,0
4,Ar2_LUMO|Ar2_NBO_=O|Ar2_HOMO|Ar1_HOMO,0.9399111496972716,0.838332998165694,0.4560892349941135,0
5,Ar1_LUMO|Ar2_LUMO|Ar2_HOMO|Ar2_NBO_C2|Entry,0.9430509443340925,0.8382887302192786,0.4440134623134056,0
5,Ar2_LUMO|sum_homo_hartree|Ar2_NBO_=O|Ar1_NBO_C2|Entry,0.9431222498278179,0.838280903625685,0.44373540225173513,0
4,Ar1_LUMO|Ar2_v_C=O|Ar2_HOMO|Ar1_NBO_=O,0.9416977333382853,0.83827660741951,0.44925776706032855,0
5,Ar1_LUMO|Ar2_v_C=O|Ar1_NBO_-O|Ar2_NBO_C2|sum_enthalpy_hartree,0.9637936683753827,0.8382242342149288,0.3540341345164466,0
5,prod_homo_hartree|Ar1_v_C=O|Ar2_NBO_-O|Ar1_I_C=O|sum_enthalpy_hartree,0.9641092776384885,0.8382212769984353,0.35248770582521016,0
5,Ar1_LUMO|Ar2_HOMO|Ar1_NBO_C2|ar2_enthalpy_hartree|sum_enthalpy_hartree,0.9450897512200525,0.8382157708622301,0.4359930638007372,0
5,Ar1_LUMO|Ar2_LUMO|Ar2_v_C=O|Ar2_HOMO|sum_enthalpy_hartree,0.9608824428682309,0.838203818272681,0.36799230491029783,0
4,Ar1_LUMO|Ar2_LUMO|Ar1_NBO_=O|Ar2_I_C=O,0.9438389640785774,0.838103395893353,0.4409307930385471,0
3,Ar1_v_C=O|Ar2_HOMO|Ar1_I_C=O,0.9210711089547049,0.8380908493010046,0.5227221157439452,0
5,Ar1_LUMO|Ar1_v_C=O|Ar2_NBO_=O|Ar1_I_C=O|sum_enthalpy_hartree,0.972679389838971,0.838078840118476,0.307537494356992,0
5,Ar1_LUMO|prod_homo_hartree|Ar2_v_C=O|Ar2_NBO_-O|Entry,0.9580755410842944,0.8380714191702983,0.3809663417403931,0
5,Ar1_LUMO|Ar2_LUMO|Ar2_v_C=O|Ar2_NBO_C2|Ar1_I_C=O,0.9546644241050157,0.8380326521511434,0.39616166012281606,0
5,Ar1_LUMO|Ar2_v_C=O|Ar2_NBO_=O|Ar1_NBO_-O|sum_enthalpy_hartree,0.9634573746034842,0.8380197130217177,0.355674514553281,0
5,Ar1_LUMO|Ar1_v_C=O|Ar2_NBO_=O|Ar2_HOMO|Entry,0.9492445629492883,0.8379356805037765,0.4191738295792951,0
4,Ar2_LUMO|Ar1_NBO_=O|Ar2_NBO_C2|Ar1_I_C=O,0.9431627581522889,0.8379130164461599,0.4435773599664523,0
5,Ar1_LUMO|Ar1_v_C=O|Ar1_HOMO|Ar1_NBO_C2|ar2_enthalpy_hartree,0.9484679348773519,0.8378933280483384,0.4223686231661405,0
5,Ar1_v_C=O|Ar2_v_C=O|Ar1_NBO_-O|Ar2_NBO_-O|Ar2_I_C=O,0.9580063037373006,0.837870305775267,0.38128079084907157,0
5,Ar2_LUMO|Ar1_v_C=O|Ar2_NBO_=O|Ar2_NBO_-O|Ar1_NBO_C2,0.9551702157859882,0.8377667681235084,0.39394554964982303,0
5,Ar1_LUMO|Ar2_NBO_=O|Ar2_I_C=O|ar2_enthalpy_hartree|sum_enthalpy_hartree,0.9523177806365564,0.8377549907625644,0.4062852962263184,0
5,Ar1_LUMO|Ar2_LUMO|sum_homo_hartree|Ar2_HOMO|Entry,0.9395561332954764,0.8377536377870367,0.45743458192514186,0
4,Ar2_LUMO|Ar1_v_C=O|Ar2_HOMO|Ar1_HOMO,0.9484544672794637,0.837664166562967,0.42242381132095436,0
5,Ar2_LUMO|sum_homo_hartree|Ar1_v_C=O|Ar2_HOMO|Ar1_HOMO,0.9484544672794637,0.8376641665629669,0.4224238113209544,0
4,Ar2_LUMO|sum_homo_hartree|Ar1_v_C=O|Ar2_HOMO,0.9484544672794637,0.8376641665629668,0.42242381132095436,0
4,Ar2_LUMO|sum_homo_hartree|Ar1_v_C=O|Ar1_HOMO,0.9484544672794637,0.8376641665629665,0.4224238113209544,0
4,Ar2_LUMO|Ar1_v_C=O|Ar1_HOMO|Ar2_NBO_-O,0.9472989437916092,0.837612946595411,0.42713241782288586,0
3,Ar1_LUMO|Ar1_v_C=O|ar2_enthalpy_hartree,0.9122020859586066,0.8375348403104582,0.5513088617081918,0
3,Ar2_LUMO|Ar1_HOMO|ar2_enthalpy_hartree,0.9293318708875489,0.8375303730597752,0.49461202576494984,0
5,Ar2_NBO_=O|Ar1_HOMO|Ar1_NBO_-O|Ar1_NBO_C2|Ar2_I_C=O,0.9554913541351201,0.8375037362251481,0.3925319982977379,0
5,Ar2_LUMO|sum_homo_hartree|Ar1_NBO_=O|Ar2_NBO_C2|Entry,0.9471259795646466,0.8374553147188524,0.42783276536664133,0
5,Ar1_LUMO|Ar2_LUMO|Ar1_NBO_=O|ar2_enthalpy_hartree|sum_enthalpy_hartree,0.9428756290891555,0.8374490696274046,0.44469637541400814,0
3,Ar2_NBO_=O|Ar1_HOMO|Ar2_I_C=O,0.92291882932676,0.8374467459287764,0.5165674363517215,0
5,Ar1_LUMO|prod_homo_hartree|sum_homo_hartree|Entry|sum_enthalpy_hartree,0.9427856886330647,0.8374408093612962,0.44504631768378705,0
5,Ar1_LUMO|Ar2_LUMO|Ar2_NBO_=O|Entry|sum_enthalpy_hartree,0.9503049516091269,0.8374062927543895,0.4147720024669687,0
4,Ar1_LUMO|Ar2_LUMO|Ar1_v_C=O|Ar2_HOMO,0.9488586006258409,0.8373870193304812,0.42076458428739005,0
5,Ar2_LUMO|Ar1_v_C=O|Ar1_NBO_-O|Ar2_NBO_C2|Ar2_I_C=O,0.9573538903029366,0.8373276015357711,0.3842311621031649,0
5,Ar2_LUMO|Ar2_HOMO|Ar1_NBO_=O|Entry|Ar1_I_C=O,0.9585842615147911,0.837165013810552,0.378647923331758,0
4,Ar1_LUMO|Ar1_v_C=O|Ar2_NBO_=O|Entry,0.9417597075770606,0.8371472581450113,0.44901892719483694,0
5,Ar1_LUMO|Ar2_LUMO|prod_homo_hartree|Ar2_v_C=O|Entry,0.9499281883212295,0.8371125750260247,0.4163413317444318,0
5,Ar1_LUMO|Ar2_LUMO|Ar2_HOMO|Ar1_NBO_C2|Entry,0.9415115416105387,0.8371104982817502,0.44997456082578163,0
4,Ar1_LUMO|Ar2_LUMO|Ar2_v_C=O|Entry,0.9455710823433094,0.8370737510188582,0.4340779482014707,0
4,Ar1_v_C=O|Ar1_NBO_=O|Ar2_NBO_-O|Ar1_I_C=O,0.9555437623083174,0.8370715718712256,0.39230083035405566,0
4,Ar2_LUMO|Ar1_v_C=O|Ar2_HOMO|Ar1_NBO_-O,0.9491433571390046,0.8370308855799533,0.4195915355722464,0
5,Ar1_LUMO|Ar2_v_C=O|Ar1_NBO_=O|Ar1_HOMO|sum_enthalpy_hartree,0.9618431580267747,0.8369946093058891,0.36344532439668803,0
4,Ar2_NBO_=O|Ar2_HOMO|Ar1_NBO_C2|Ar2_I_C=O,0.9477672001875547,0.8369730732259968,0.4252306177501147,0
4,Ar1_LUMO|Ar2_LUMO|Ar2_NBO_=O|ar2_enthalpy_hartree,0.9419984461926753,0.8369674751855775,0.44809767289635016,0
5,Ar2_LUMO|prod_homo_hartree|Ar1_v_C=O|Ar1_NBO_-O|Ar1_NBO_C2,0.9549001334586285,0.8369147647684603,0.39513045341703024,0
5,Ar1_LUMO|Ar2_v_C=O|Ar2_HOMO|Ar1_NBO_=O|ar2_enthalpy_hartree,0.9614295070618923,0.8368651148200356,0.3654100343235762,0
5,Ar1_LUMO|Ar1_NBO_=O|Entry|ar2_enthalpy_hartree|sum_enthalpy_hartree,0.9496692798772703,0.8368235602352091,0.41741634079364165,0
5,Ar1_v_C=O|Ar2_NBO_=O|Ar1_NBO_-O|Ar2_I_C=O|Ar1_I_C=O,0.962163909356621,0.8368201363134421,0.36191451645317857,0
4,Ar1_v_C=O|Ar2_HOMO|Entry|Ar1_I_C=O,0.9326782625132701,0.8368084263771832,0.48275917059738405,0
5,Ar1_LUMO|Ar1_v_C=O|Ar2_NBO_-O|Entry|ar2_enthalpy_hartree,0.945445841259852,0.8368076759632168,0.4345770685004985,0
5,Ar1_NBO_=O|Ar1_HOMO|Ar1_NBO_-O|Ar2_NBO_C2|Ar1_I_C=O,0.969289369805652,0.836784536932736,0.3260597856301434,0
4,Ar2_LUMO|Ar2_HOMO|Ar1_NBO_=O|Ar2_NBO_C2,0.9351465042963119,0.8366992441333989,0.4738267437710336,0
5,Ar1_NBO_=O|Ar2_NBO_-O|Ar2_NBO_C2|Ar2_I_C=O|Ar1_I_C=O,0.9608380943481073,0.8366848979522763,0.36820084670566855,0
5,prod_homo_hartree|Ar1_NBO_C2|Entry|Ar1_I_C=O|sum_enthalpy_hartree,0.9468009082567719,0.8366527021579816,0.4291459154617307,0
5,Ar2_LUMO|Ar2_NBO_=O|Ar2_HOMO|Ar1_NBO_C2|Ar2_I_C=O,0.9591918432345893,0.8366472460416354,0.3758602202434255,0
5,Ar1_LUMO|Ar2_v_C=O|Ar2_NBO_=O|Ar1_NBO_-O|ar2_enthalpy_hartree,0.965869824205388,0.8365971984726339,0.3437337191361341,0
4,Ar1_LUMO|Ar2_LUMO|Ar2_HOMO|ar2_enthalpy_hartree,0.9374244513867317,0.8365746138901841,0.4654308942507456,0
5,Ar1_LUMO|prod_homo_hartree|Ar2_v_C=O|Ar1_NBO_C2|ar2_enthalpy_hartree,0.9612095257526793,0.8364876164549505,0.3664505848005375,0
5,Ar1_LUMO|Ar1_v_C=O|Ar2_HOMO|Ar1_NBO_-O|Ar1_I_C=O,0.9470462105398679,0.8364646009585713,0.42815537125183484,0
5,Ar2_HOMO|Ar1_NBO_=O|Ar2_NBO_-O|Ar1_NBO_C2|Ar1_I_C=O,0.9623919481687405,0.8363517176177027,0.36082223545285697,0
5,prod_homo_hartree|sum_homo_hartree|Ar1_HOMO|Ar2_NBO_C2|Entry,0.9515150626769984,0.8363470008573921,0.4096908775148746,0
5,prod_homo_hartree|Ar2_HOMO|Ar1_HOMO|Ar2_NBO_C2|Entry,0.9515150626769981,0.8363470008573919,0.4096908775148752,0
5,prod_homo_hartree|sum_homo_hartree|Ar2_HOMO|Ar2_NBO_C2|Entry,0.9515150626769984,0.8363470008573903,0.4096908775148747,0
5,Ar1_LUMO|Ar2_LUMO|prod_homo_hartree|Ar2_NBO_-O|Entry,0.9633088138779333,0.8363031259479734,0.35639676246169133,0
5,Ar1_LUMO|Ar2_v_C=O|Ar2_NBO_C2|ar2_enthalpy_hartree|sum_enthalpy_hartree,0.9653386664939564,0.8362319337514158,0.34639810539482735,0
4,Ar1_LUMO|prod_homo_hartree|ar2_enthalpy_hartree|sum_enthalpy_hartree,0.9383766286569579,0.8362198966044296,0.46187621869326,0
5,Ar1_LUMO|Ar2_LUMO|sum_homo_hartree|Ar2_v_C=O|Entry,0.9495344091289983,0.8361481252006363,0.41797523990864566,0
5,Ar1_LUMO|Ar2_LUMO|Ar1_v_C=O|Ar2_HOMO|Ar1_NBO_C2,0.9548237276438247,0.8361299023809506,0.39546501636247683,0
5,prod_homo_hartree|Ar1_NBO_=O|Ar1_NBO_-O|Ar2_NBO_C2|Ar1_I_C=O,0.967269507809629,0.8360868727238664,0.3366116498997809,0
4,Ar1_HOMO|Ar2_NBO_-O|Ar2_NBO_C2|Ar2_I_C=O,0.9398816352392767,0.836026066330284,0.45620123226094395,0
5,Ar2_LUMO|Ar2_v_C=O|Ar1_NBO_=O|Ar2_I_C=O|ar2_enthalpy_hartree,0.9737757969786496,0.8360245337332616,0.30130339394740063,0
5,Ar1_LUMO|Ar2_NBO_=O|Ar1_NBO_C2|Entry|Ar2_I_C=O,0.9512709114842128,0.8360205900886659,0.4107211037498813,0
4,Ar2_LUMO|Ar2_v_C=O|Ar1_HOMO|Entry,0.9416679869649225,0.8359583841080163,0.44937236024762367,0
5,Ar2_v_C=O|Ar1_NBO_=O|Ar1_HOMO|Ar1_NBO_-O|Ar2_I_C=O,0.962438429865218,0.8359172699829717,0.36059918727240925,0
5,sum_homo_hartree|Ar1_NBO_=O|Ar2_NBO_-O|Ar1_NBO_C2|Ar1_I_C=O,0.9644541720541117,0.8357942615452896,0.3507899897242582,0
5,Ar2_LUMO|Ar1_NBO_=O|Ar2_NBO_C2|Entry|ar2_enthalpy_hartree,0.9495572622091253,0.8357878448236503,0.4178805902362195,0
4,Ar2_LUMO|Ar2_NBO_=O|Ar1_NBO_=O|Ar2_I_C=O,0.9438360365293907,0.835775399873885,0.44094228525678664,0
5,prod_homo_hartree|sum_homo_hartree|Ar1_v_C=O|Ar2_HOMO|Ar1_I_C=O,0.9746948995951756,0.8356783924637516,0.29597627963584794,0
5,prod_homo_hartree|sum_homo_hartree|Ar1_v_C=O|Ar1_HOMO|Ar1_I_C=O,0.9746948995951756,0.8356783924637479,0.2959762796358476,0
5,prod_homo_hartree|Ar1_v_C=O|Ar2_HOMO|Ar1_HOMO|Ar1_I_C=O,0.9746948995951753,0.835678392463736,0.2959762796358501,0
4,Ar1_LUMO|Ar2_NBO_=O|Ar1_NBO_C2|Entry,0.9346287394233255,0.8356169033793399,0.47571440710940993,0
5,Ar1_LUMO|prod_homo_hartree|Ar2_v_C=O|Ar1_NBO_C2|Entry,0.9498064570322408,0.8355607495934707,0.4168471153292303,0
4,Ar2_v_C=O|Ar1_NBO_-O|Ar2_I_C=O|ar2_enthalpy_hartree,0.9554774040416693,0.835542673559738,0.3925935080218906,0
5,Ar1_LUMO|prod_homo_hartree|sum_homo_hartree|Ar1_v_C=O|Ar2_NBO_-O,0.9656442607960165,0.835523488083317,0.34486770198116884,0
4,Ar1_LUMO|Ar2_v_C=O|Ar2_HOMO|Ar2_NBO_C2,0.9380169187789049,0.8354978720753288,0.4632222963926185,0
3,Ar1_LUMO|Ar2_NBO_-O|ar2_enthalpy_hartree,0.9249083469894761,0.8354674021612961,0.5098573763143267,0
5,Ar1_v_C=O|Ar1_NBO_=O|Ar1_NBO_-O|Ar2_NBO_-O|Ar1_I_C=O,0.9629812112851583,0.8354197851303943,0.3579842968729745,0
5,Ar1_LUMO|Ar2_LUMO|sum_homo_hartree|Ar1_v_C=O|Entry,0.9564871282305049,0.835412369878924,0.3881161797163629,0
5,Ar1_LUMO|Ar2_v_C=O|Ar2_NBO_=O|Ar1_NBO_=O|sum_enthalpy_hartree,0.9634564041651353,0.8353817302789162,0.35567923722842226,0
5,Ar2_LUMO|Ar2_v_C=O|Ar1_HOMO|Ar1_NBO_C2|Entry,0.9497633517273772,0.8353567203723229,0.4170260672906164,0
3,Ar1_LUMO|sum_homo_hartree|Ar2_v_C=O,0.9370252350309912,0.8351852901098877,0.4669132001960033,0
5,Ar1_LUMO|Ar1_v_C=O|Ar1_NBO_-O|ar2_enthalpy_hartree|sum_enthalpy_hartree,0.9668644763806016,0.8351681500849912,0.33868798744298423,0
5,Ar1_LUMO|Ar2_LUMO|Ar2_NBO_=O|Ar1_NBO_=O|ar2_enthalpy_hartree,0.9428756290891555,0.8351385644636306,0.444696375414008,0
5,Ar1_v_C=O|Ar2_NBO_=O|Ar1_NBO_-O|Ar2_NBO_-O|Ar1_I_C=O,0.9626105177063805,0.8351216767137195,0.3597721987511198,0
5,Ar1_HOMO|Ar2_NBO_C2|Entry|ar2_enthalpy_hartree|Ar1_I_C=O,0.9622706479128605,0.8350662031086735,0.36140366140007946,0
5,Ar1_v_C=O|Ar2_v_C=O|Ar1_NBO_=O|Ar1_NBO_-O|Ar2_I_C=O,0.9619345366270494,0.8350235406347453,0.3630098712672382,0
5,Ar1_LUMO|Ar1_v_C=O|Ar2_v_C=O|Ar1_NBO_-O|ar2_enthalpy_hartree,0.9668451745678432,0.8350112265556568,0.3387866178503069,0
5,Ar1_LUMO|Ar2_v_C=O|Ar1_HOMO|Ar2_NBO_C2|Entry,0.9514233884688496,0.8350045399836801,0.41007801166546254,0
5,Ar1_NBO_=O|Ar2_NBO_-O|Ar1_NBO_C2|ar2_enthalpy_hartree|Ar1_I_C=O,0.9613598098932151,0.8349353432168849,0.36574003464254995,0
4,Ar1_LUMO|Ar2_NBO_=O|Ar1_NBO_=O|ar2_enthalpy_hartree,0.9420160273673744,0.8349294760745793,0.4480297550559196,0
5,Ar1_LUMO|sum_homo_hartree|Ar1_v_C=O|Ar2_NBO_=O|sum_enthalpy_hartree,0.9491422043983421,0.8349005037357928,0.41959629087515926,0
5,Ar1_LUMO|Ar2_LUMO|sum_homo_hartree|Ar1_v_C=O|Ar1_I_C=O,0.9698895389643674,0.834866698329402,0.32285801856262875,0
5,Ar2_v_C=O|Ar2_HOMO|Ar1_NBO_C2|Entry|Ar2_I_C=O,0.9570771520713768,0.8348447637901054,0.3854758185272544,0
4,Ar2_HOMO|Ar1_NBO_=O|Entry|Ar1_I_C=O,0.9144695521351048,0.8348216883959582,0.5441432516824904,0
5,Ar1_LUMO|prod_homo_hartree|sum_homo_hartree|Ar2_NBO_=O|Entry,0.9465151920287682,0.83478271142302,0.4302967787398206,0
5,Ar1_LUMO|Ar1_v_C=O|Ar2_NBO_=O|Entry|sum_enthalpy_hartree,0.949228764654994,0.8347624785950083,0.4192390611748743,0
5,Ar1_v_C=O|Ar2_HOMO|ar2_enthalpy_hartree|Ar1_I_C=O|sum_enthalpy_hartree,0.9591831187839293,0.8347134344533244,0.3759003960190556,0
4,Ar1_v_C=O|Ar2_v_C=O|Ar2_NBO_-O|Ar1_I_C=O,0.9539445707252977,0.8346065042837693,0.39929446658358475,0
3,Ar1_LUMO|prod_homo_hartree|Ar2_NBO_=O,0.9344695531606347,0.8346061783946919,0.4762932635741909,0
5,Ar1_LUMO|Ar2_v_C=O|Ar1_NBO_-O|Ar2_NBO_-O|ar2_enthalpy_hartree,0.96491168275808,0.8346007993777422,0.3485251677677372,0
4,Ar1_v_C=O|Ar2_NBO_=O|ar2_enthalpy_hartree|Ar1_I_C=O,0.9446429283539668,0.8344932310791131,0.4377633796090646,0
5,Ar1_LUMO|Ar2_LUMO|Ar1_NBO_=O|Ar1_HOMO|Entry,0.9481085930483514,0.8344171423238189,0.42383868888156323,0
5,Ar1_LUMO|Ar1_v_C=O|Ar2_NBO_=O|Ar2_HOMO|sum_enthalpy_hartree,0.95143336564392,0.8344121740938945,0.4100358964366284,0
5,Ar1_LUMO|Ar2_LUMO|Ar1_v_C=O|Ar2_v_C=O|Ar1_NBO_C2,0.9549248421389785,0.8343276305034384,0.3950221993310439,0
4,Ar1_LUMO|Ar2_NBO_-O|Ar2_NBO_C2|ar2_enthalpy_hartree,0.9333477204742067,0.8343168817693554,0.4803528568460854,0
5,Ar1_LUMO|sum_homo_hartree|Ar2_v_C=O|Ar1_NBO_C2|ar2_enthalpy_hartree,0.9612851127772297,0.834285827608469,0.3660933783399655,0
5,Ar1_LUMO|Ar2_HOMO|Ar1_NBO_=O|Ar2_NBO_C2|Ar1_I_C=O,0.9594553292028191,0.8342630004682292,0.3746448471650645,0
5,Ar1_LUMO|Ar2_NBO_=O|Ar1_NBO_=O|ar2_enthalpy_hartree|sum_enthalpy_hartree,0.9428756290891555,0.8342158710524901,0.444696375414008,0
5,Ar1_v_C=O|Ar2_v_C=O|Ar2_NBO_-O|Ar1_NBO_C2|Ar1_I_C=O,0.9606886793980511,0.8342128533714472,0.36890257885427347,0
5,Ar2_LUMO|Ar1_NBO_=O|Ar1_NBO_-O|Ar2_NBO_C2|Ar1_I_C=O,0.9656464472344217,0.8341900852835311,0.3448567279197304,0
5,Ar1_v_C=O|Ar2_NBO_=O|Ar1_NBO_=O|Ar2_NBO_-O|Ar1_I_C=O,0.9627672915256927,0.8341271493029063,0.35901714536858315,0
5,Ar1_LUMO|prod_homo_hartree|Ar1_v_C=O|Ar2_NBO_=O|Ar1_I_C=O,0.9685649401756644,0.8340883019342165,0.3298830642804784,0
5,Ar1_LUMO|Ar2_v_C=O|Ar1_HOMO|Ar2_NBO_-O|Ar2_I_C=O,0.9655240085157349,0.834022882522152,0.3454707293425802,0
5,Ar1_LUMO|Ar1_NBO_=O|Ar2_NBO_-O|Ar2_NBO_C2|Ar1_I_C=O,0.9629294128773538,0.8338985800484491,0.3582346634464407,0
5,Ar1_LUMO|Ar2_LUMO|Ar2_v_C=O|ar2_enthalpy_hartree|sum_enthalpy_hartree,0.9701982370193106,0.8338354298507744,0.3211987545643636,0
5,Ar2_v_C=O|Ar1_NBO_=O|Ar1_HOMO|Ar2_NBO_C2|Ar2_I_C=O,0.9566172094207186,0.8337849037166665,0.3875356112394189,0
4,Ar1_LUMO|Ar2_HOMO|Ar1_NBO_C2|Ar1_I_C=O,0.9382703402820256,0.8337212748239468,0.4622743705737338,0
5,prod_homo_hartree|sum_homo_hartree|Ar1_v_C=O|Ar2_HOMO|Ar1_NBO_C2,0.9710257803720042,0.8336542697143041,0.31670779190201725,0
5,prod_homo_hartree|sum_homo_hartree|Ar1_v_C=O|Ar1_HOMO|Ar1_NBO_C2,0.9710257803720042,0.8336542697142992,0.3167077919020172,0
5,prod_homo_hartree|Ar1_v_C=O|Ar2_HOMO|Ar1_HOMO|Ar1_NBO_C2,0.9710257803720037,0.8336542697142959,0.31670779190201953,0
4,Ar2_LUMO|Ar2_NBO_=O|Ar1_NBO_=O|sum_enthalpy_hartree,0.941839188818947,0.833639246207577,0.4487124317691123,0
5,Ar1_LUMO|prod_homo_hartree|Ar1_v_C=O|Ar2_NBO_=O|sum_enthalpy_hartree,0.9495857955101249,0.8335880963972729,0.41776238492245404,0
4,Ar1_LUMO|sum_homo_hartree|ar2_enthalpy_hartree|sum_enthalpy_hartree,0.9381080903880253,0.8334785964086031,0.46288149158839914,0
5,Ar1_LUMO|Ar2_NBO_-O|Ar2_NBO_C2|Ar2_I_C=O|sum_enthalpy_hartree,0.9494207408453778,0.833462375923552,0.41844569714795,0
4,Ar1_LUMO|Ar2_NBO_=O|Ar1_HOMO|Ar2_NBO_C2,0.9381817852898795,0.8334228251259853,0.4626058322439375,0
5,Ar1_v_C=O|Ar2_v_C=O|Ar2_NBO_=O|Ar1_NBO_-O|Ar1_I_C=O,0.962052711606766,0.8333772738914952,0.36244594760645976,0
5,Ar1_LUMO|Ar2_LUMO|Ar2_v_C=O|Ar2_NBO_-O|ar2_enthalpy_hartree,0.964289588445414,0.8333510372238042,0.3516011623704827,0
5,Ar1_LUMO|Ar1_v_C=O|Ar2_NBO_=O|Ar2_I_C=O|Ar1_I_C=O,0.9662407636622383,0.8332786342624028,0.34186070305969724,0
5,Ar1_LUMO|Ar1_HOMO|Ar2_NBO_C2|Entry|ar2_enthalpy_hartree,0.9525339749046692,0.8332302226494125,0.4053631879022262,0
5,Ar1_LUMO|Ar2_NBO_=O|Ar2_NBO_-O|Ar2_I_C=O|sum_enthalpy_hartree,0.9602881210948886,0.8331677633466454,0.3707772612681741,0
5,Ar2_LUMO|prod_homo_hartree|sum_homo_hartree|Ar1_NBO_C2|Entry,0.9448686922195197,0.8331226527780657,0.43686979797520337,0
4,Ar1_LUMO|Ar2_LUMO|Ar2_NBO_=O|Ar2_I_C=O,0.9433889346965787,0.8331121961393979,0.44269390046315554,0
3,Ar2_LUMO|ar2_enthalpy_hartree|sum_enthalpy_hartree,0.9213308893410384,0.8330765862641026,0.5218611833894606,0
4,Ar2_HOMO|Ar1_NBO_C2|Entry|Ar1_I_C=O,0.929970571359229,0.8329769625686173,0.4923717939906242,0
5,prod_homo_hartree|Ar2_NBO_C2|Entry|Ar2_I_C=O|ar2_enthalpy_hartree,0.9666085864910359,0.8329206362326831,0.3399932354600114,0
5,Ar2_LUMO|Ar1_v_C=O|Ar2_HOMO|Ar2_NBO_-O|Entry,0.9656322113611457,0.8328207425477354,0.3449281736333245,0
5,Ar2_HOMO|Ar1_NBO_=O|Ar1_NBO_C2|Entry|Ar1_I_C=O,0.9504293059099506,0.832795390388636,0.41425272548237907,0
5,Ar1_v_C=O|Ar2_NBO_=O|Ar1_NBO_=O|Ar1_NBO_-O|Ar1_I_C=O,0.9625069630439236,0.832773525401048,0.3602700704208688,0
5,sum_homo_hartree|Ar1_v_C=O|Ar1_NBO_-O|Ar2_NBO_C2|Ar1_I_C=O,0.9636664057464369,0.8326593398552565,0.35465579087547006,0
5,Ar2_LUMO|Ar2_HOMO|Ar1_NBO_=O|Ar1_NBO_C2|Ar1_I_C=O,0.9570291383231013,0.8326438069736639,0.38569135601922816,0
5,Ar2_LUMO|Ar2_NBO_=O|Ar1_NBO_=O|Ar1_HOMO|Entry,0.947864629979795,0.8324699274419367,0.42483384150198944,0
4,Ar1_LUMO|Ar2_LUMO|Ar1_NBO_=O|sum_enthalpy_hartree,0.9417337607208177,0.832433268083801,0.44911893812995946,0
5,sum_homo_hartree|Ar2_NBO_=O|Ar2_NBO_C2|Entry|Ar2_I_C=O,0.9661495923343489,0.8323834761585253,0.3423220120632711,0
5,Ar1_LUMO|Ar2_NBO_=O|Ar1_HOMO|Ar1_NBO_C2|Ar2_I_C=O,0.956989475263917,0.8323703126975466,0.38586931580503553,0
5,Ar1_v_C=O|Ar2_NBO_=O|Ar1_NBO_-O|Entry|Ar1_I_C=O,0.9621149174896086,0.8323700432023706,0.36214875222636156,0
5,Ar1_v_C=O|Ar2_NBO_-O|Ar2_I_C=O|Ar1_I_C=O|sum_enthalpy_hartree,0.9653826962233056,0.8323510333607671,0.3461780235356437,0
5,Ar1_NBO_=O|Ar2_NBO_-O|Ar2_NBO_C2|ar2_enthalpy_hartree|Ar1_I_C=O,0.9501115286377291,0.8323391257045568,0.41557840595207657,0
5,Ar1_LUMO|Ar2_LUMO|Ar2_v_C=O|Ar1_NBO_-O|ar2_enthalpy_hartree,0.9642842514187449,0.8323053455675385,0.35162743530590623,0
5,Ar1_LUMO|Ar1_v_C=O|Ar2_v_C=O|Ar2_NBO_-O|ar2_enthalpy_hartree,0.9668206609426839,0.8323050578973965,0.33891183874236885,0
5,Ar1_LUMO|prod_homo_hartree|Ar2_v_C=O|Ar1_NBO_C2|sum_enthalpy_hartree,0.96271419476386,0.8322972962828865,0.35927304746752187,0
3,Ar2_HOMO|Ar1_NBO_=O|Ar1_I_C=O,0.9038447274812353,0.832281727382516,0.5769516583556189,0
5,Ar1_LUMO|sum_homo_hartree|Ar2_v_C=O|Ar1_NBO_C2|Entry,0.9494077073265954,0.8321663474114925,0.4184996072748244,0
4,Ar2_LUMO|prod_homo_hartree|Ar2_HOMO|sum_enthalpy_hartree,0.9386976149221044,0.8321063985475886,0.4606717285464953,0
5,Ar2_LUMO|Ar1_v_C=O|Ar1_NBO_=O|Ar1_NBO_-O|Ar1_NBO_C2,0.9549838168100835,0.832066121034547,0.3947636985249965,0
5,Ar1_NBO_=O|Ar2_NBO_-O|Ar2_NBO_C2|Ar1_I_C=O|sum_enthalpy_hartree,0.9507854346669352,0.8320595103552431,0.41276199355245374,0
5,Ar1_NBO_=O|Ar2_NBO_-O|Ar1_NBO_C2|Ar1_I_C=O|sum_enthalpy_hartree,0.9609682914839556,0.8320523814185579,0.3675882793993438,0
4,Ar2_LUMO|sum_homo_hartree|Ar2_HOMO|sum_enthalpy_hartree,0.9384170808130078,0.8319791768442071,0.46172459638101676,0
4,Ar2_LUMO|Ar2_HOMO|Ar1_HOMO|sum_enthalpy_hartree,0.9384170808130078,0.8319791768442069,0.4617245963810169,0
4,Ar2_LUMO|sum_homo_hartree|Ar1_HOMO|sum_enthalpy_hartree,0.9384170808130078,0.8319791768442069,0.46172459638101704,0
5,Ar2_LUMO|sum_homo_hartree|Ar2_HOMO|Ar1_HOMO|sum_enthalpy_hartree,0.9384170808130078,0.8319791768442069,0.46172459638101704,0
5,Ar2_LUMO|Ar2_v_C=O|Ar2_NBO_-O|Ar1_NBO_C2|Ar2_I_C=O,0.9568482825390743,0.8319519369478925,0.3865021527801972,0
5,Ar1_v_C=O|Ar1_HOMO|Ar2_NBO_-O|Ar2_I_C=O|ar2_enthalpy_hartree,0.9475673824425551,0.8317980784271969,0.4260432059721773,0
5,Ar1_LUMO|prod_homo_hartree|Ar1_v_C=O|Ar1_HOMO|ar2_enthalpy_hartree,0.9662614924713887,0.8317786756903848,0.3417557324773731,0
5,Ar1_LUMO|Ar2_NBO_=O|Ar2_HOMO|Ar1_NBO_C2|Entry,0.9442767381710946,0.8317595473571205,0.4392089078352773,0
5,Ar2_LUMO|Ar1_v_C=O|Ar2_v_C=O|Ar2_NBO_C2|Ar1_NBO_C2,0.9549248421389785,0.8317319992607182,0.3950221993310439,0
5,Ar1_LUMO|Ar1_v_C=O|Ar2_v_C=O|Ar1_HOMO|sum_enthalpy_hartree,0.9624512074106684,0.8316445365472488,0.36053784845721476,0
5,Ar2_LUMO|Ar2_v_C=O|Ar1_NBO_=O|Ar1_HOMO|Entry,0.9508557432987351,0.8315392242318803,0.41246704933119155,0
5,Ar2_LUMO|sum_homo_hartree|Ar1_NBO_-O|Ar2_NBO_-O|Entry,0.9634763787967102,0.8314685081067286,0.35558201728250377,0
4,Ar1_LUMO|Ar2_LUMO|prod_homo_hartree|ar2_enthalpy_hartree,0.9381678221542464,0.8314290483970298,0.4626580746396238,0
5,prod_homo_hartree|sum_homo_hartree|Ar1_v_C=O|Ar2_NBO_=O|Ar2_NBO_C2,0.9655011426554382,0.8314130280267595,0.3455852753746742,0
3,Ar1_LUMO|Ar2_LUMO|Ar2_v_C=O,0.9380855539297217,0.8314081972512333,0.46296575752928393,0
5,Ar2_HOMO|Ar1_NBO_=O|Ar1_NBO_-O|Ar1_NBO_C2|Ar1_I_C=O,0.9510330807874104,0.831345850579432,0.4117221812447461,0
3,Ar1_LUMO|prod_homo_hartree|Ar2_v_C=O,0.9373407841105892,0.8313127837701162,0.46574194487662596,0
3,Ar2_NBO_=O|Ar1_NBO_-O|Ar2_I_C=O,0.9327125846321411,0.8312834263829145,0.482636094228234,0
4,Ar1_LUMO|Ar2_LUMO|sum_homo_hartree|ar2_enthalpy_hartree,0.9381285279771492,0.8312726203424297,0.46280506025110474,0
5,Ar2_LUMO|prod_homo_hartree|Ar2_HOMO|Ar1_NBO_=O|Entry,0.9481870917571293,0.831258828494016,0.4235179866315876,0
5,Ar2_LUMO|Ar2_NBO_=O|Ar1_NBO_=O|ar2_enthalpy_hartree|sum_enthalpy_hartree,0.9428756290891553,0.8312046735246339,0.44469637541400836,0
5,Ar1_LUMO|sum_homo_hartree|Ar2_v_C=O|Ar2_NBO_-O|Entry,0.9570714494892287,0.8311883906364139,0.3855014241734382,0
5,Ar1_v_C=O|Ar2_v_C=O|Ar2_NBO_-O|Ar2_I_C=O|Ar1_I_C=O,0.9580063037373006,0.8311485939509561,0.3812807908490715,0
4,Ar2_LUMO|sum_homo_hartree|Ar1_v_C=O|Ar2_NBO_C2,0.9482651728346432,0.8311422494342484,0.42319874949789604,0
4,Ar1_LUMO|Ar2_LUMO|Ar1_NBO_C2|ar2_enthalpy_hartree,0.9289268418959571,0.8310241742234519,0.49602741616088714,0
4,Ar2_v_C=O|Ar1_NBO_=O|Ar1_NBO_-O|Ar1_I_C=O,0.9521236059867492,0.8310015100511997,0.4071117065079993,0
5,sum_homo_hartree|Ar2_v_C=O|Ar2_NBO_C2|Entry|Ar2_I_C=O,0.9638133817155748,0.8309774571735464,0.3539377405257651,0
5,Ar1_LUMO|Ar2_NBO_=O|Ar1_NBO_=O|Entry|sum_enthalpy_hartree,0.949633890462178,0.8309403502695991,0.4175630655406687,0
5,Ar1_LUMO|Ar1_v_C=O|Ar2_v_C=O|Ar1_NBO_C2|Entry,0.9535963292238838,0.8309213237141636,0.4008012274853468,0
4,prod_homo_hartree|sum_homo_hartree|Ar1_NBO_C2|ar2_enthalpy_hartree,0.9251702661539319,0.8309204487449314,0.5089674100927121,0
5,Ar1_LUMO|Ar2_NBO_=O|Ar1_HOMO|ar2_enthalpy_hartree|sum_enthalpy_hartree,0.9492334520316882,0.8308730953880392,0.41921970792543756,0
5,Ar1_v_C=O|Ar2_HOMO|Ar2_NBO_-O|Ar1_I_C=O|sum_enthalpy_hartree,0.9606272513419657,0.8308402277347898,0.3691906908069206,0
4,Ar1_LUMO|Ar2_NBO_-O|Ar2_NBO_C2|sum_enthalpy_hartree,0.9303005013689989,0.8308360594714,0.49121056776181937,0
4,Ar1_LUMO|Ar2_NBO_-O|Entry|ar2_enthalpy_hartree,0.9332029504677356,0.8308327315011192,0.4808742416113297,0
5,Ar1_LUMO|Ar1_v_C=O|Ar2_NBO_=O|Ar1_HOMO|sum_enthalpy_hartree,0.9470759004058161,0.8308261033320311,0.42803532641638037,0
5,Ar1_v_C=O|Ar2_NBO_=O|Ar1_HOMO|Ar2_NBO_-O|Ar2_I_C=O,0.96359764633846,0.8308049751519611,0.3549912159325477,0
4,Ar1_LUMO|Ar2_NBO_C2|Ar1_NBO_C2|sum_enthalpy_hartree,0.9289383752126524,0.8307596036040762,0.4959871683828414,0
4,Ar2_LUMO|prod_homo_hartree|Ar1_HOMO|sum_enthalpy_hartree,0.9382743695665506,0.8307539548208394,0.46225928329338767,0
5,Ar1_LUMO|Ar2_LUMO|Ar2_v_C=O|Ar1_NBO_C2|Entry,0.9484206954909287,0.8306676432936906,0.4225621712420457,0
4,Ar2_LUMO|prod_homo_hartree|sum_homo_hartree|Ar1_NBO_=O,0.9414176066744371,0.8306421251194271,0.4503357549418073,0
5,Ar2_LUMO|prod_homo_hartree|Ar2_NBO_-O|Ar2_NBO_C2|Entry,0.9685488831547066,0.8305318013399781,0.3299673056189756,0
5,sum_homo_hartree|Ar1_NBO_C2|Entry|ar2_enthalpy_hartree|Ar1_I_C=O,0.9474634436435525,0.8304939326334422,0.426465276215248,0
4,Ar1_LUMO|Ar2_LUMO|Ar2_NBO_C2|ar2_enthalpy_hartree,0.9288688838228849,0.8304334012150756,0.49622962284086136,0
5,Ar1_v_C=O|Ar1_NBO_-O|Ar2_I_C=O|ar2_enthalpy_hartree|Ar1_I_C=O,0.9642609363636072,0.8304283074473979,0.35174218686322267,0
5,Ar1_LUMO|Ar2_LUMO|Ar2_NBO_C2|Ar1_NBO_C2|ar2_enthalpy_hartree,0.9289430831623616,0.8303695198932306,0.49597073812720605,0
4,Ar2_LUMO|Ar2_NBO_C2|Ar1_NBO_C2|ar2_enthalpy_hartree,0.9287226978458868,0.8303645554442425,0.4967392772866278,0
5,Ar2_NBO_=O|Ar1_NBO_-O|Ar2_NBO_C2|Ar1_NBO_C2|Ar2_I_C=O,0.9599281750400531,0.8302711350908849,0.3724538220481675,0
5,Ar1_LUMO|Ar2_LUMO|sum_homo_hartree|Ar1_NBO_=O|Entry,0.9465548893426541,0.830247592259412,0.43013706238594973,0
5,Ar1_LUMO|Ar2_LUMO|Ar1_NBO_C2|ar2_enthalpy_hartree|sum_enthalpy_hartree,0.9289430831623616,0.8302402198394687,0.4959707381272061,0
5,Ar1_LUMO|Ar1_HOMO|Ar2_NBO_C2|Ar2_I_C=O|ar2_enthalpy_hartree,0.946316044411653,0.8302035405721742,0.4310971271162642,0
5,Ar2_LUMO|Ar2_v_C=O|Ar1_NBO_=O|Ar1_HOMO|Ar2_I_C=O,0.9705363534812688,0.8301946282850263,0.3193714736642827,0
5,Ar2_LUMO|prod_homo_hartree|Ar1_NBO_=O|Ar1_NBO_C2|Ar1_I_C=O,0.9608402724251375,0.8301080420019714,0.3681906074062207,0
5,Ar1_LUMO|Ar2_LUMO|Ar2_NBO_C2|ar2_enthalpy_hartree|sum_enthalpy_hartree,0.9289430831623616,0.8300188870063059,0.49597073812720605,0
5,Ar1_LUMO|Ar2_LUMO|Ar1_NBO_C2|Entry|ar2_enthalpy_hartree,0.9476814186885041,0.8300168128566177,0.4255796508845851,0
4,Ar1_LUMO|Ar2_LUMO|Ar2_NBO_C2|sum_enthalpy_hartree,0.928624428538807,0.8299416599235587,0.49708158409237346,0
5,Ar1_LUMO|Ar2_LUMO|prod_homo_hartree|Ar1_NBO_=O|Entry,0.9468855842880928,0.8299283432971541,0.42880424755829993,0
4,Ar2_HOMO|Ar1_NBO_=O|Ar2_NBO_C2|Ar2_I_C=O,0.9530385247755676,0.829903777506841,0.40320298632249213,0
4,Ar2_LUMO|Ar2_NBO_=O|Ar1_NBO_=O|Entry,0.9359104439743363,0.8298926257278778,0.47102776324273843,0
4,Ar1_LUMO|Ar2_NBO_C2|Entry|ar2_enthalpy_hartree,0.9373971091596723,0.8298566178960497,0.4655325675691371,0
5,Ar2_LUMO|sum_homo_hartree|Ar2_v_C=O|Ar2_HOMO|Ar1_NBO_C2,0.9551808657198722,0.8298169700686602,0.3938987532695235,0
5,Ar2_LUMO|Ar2_v_C=O|Ar2_HOMO|Ar1_HOMO|Ar1_NBO_C2,0.9551808657198722,0.8298169700686602,0.3938987532695236,0
5,Ar2_LUMO|sum_homo_hartree|Ar2_v_C=O|Ar1_HOMO|Ar1_NBO_C2,0.9551808657198722,0.8298169700686593,0.3938987532695234,0
5,Ar2_LUMO|prod_homo_hartree|sum_homo_hartree|Ar1_NBO_C2|ar2_enthalpy_hartree,0.9372400731972733,0.8297620876710998,0.46611608348988454,0
5,Ar1_LUMO|Ar2_LUMO|sum_homo_hartree|Ar1_v_C=O|Ar1_HOMO,0.9512497063588647,0.8296638097126081,0.41081045946591055,0
5,prod_homo_hartree|Ar1_v_C=O|Ar2_NBO_-O|Ar1_NBO_C2|Ar1_I_C=O,0.9611017525958747,0.8296594099151045,0.36695929400708976,0
5,Ar2_LUMO|Ar1_v_C=O|Ar2_HOMO|Ar1_NBO_C2|Ar2_I_C=O,0.9623891059974217,0.8296325216190397,0.36083586949110263,0
5,Ar1_LUMO|Ar2_HOMO|Ar1_NBO_=O|Ar2_NBO_C2|ar2_enthalpy_hartree,0.9472382366731833,0.829619979232598,0.42737835706162847,0
5,Ar1_LUMO|Ar1_v_C=O|Ar2_NBO_=O|Ar1_HOMO|Entry,0.9456534394367371,0.8295609021481318,0.43374941942363043,0
4,Ar2_LUMO|prod_homo_hartree|Ar2_HOMO|ar2_enthalpy_hartree,0.938473552090621,0.8294993231742327,0.46151284807136,0
5,Ar2_LUMO|Ar1_v_C=O|Ar2_HOMO|Ar1_NBO_=O|Ar1_NBO_C2,0.9527121682863899,0.8294289131829263,0.40460158044044453,0
5,Ar1_LUMO|Ar2_LUMO|Ar2_NBO_=O|Ar1_HOMO|Entry,0.9470495307009266,0.8293914333198014,0.42814194853848125,0
4,Ar1_LUMO|Ar2_NBO_=O|Ar2_NBO_C2|ar2_enthalpy_hartree,0.9420934815522484,0.829387492918761,0.44773041909991185,0
4,Ar1_LUMO|Ar2_NBO_=O|Ar1_NBO_=O|Ar2_I_C=O,0.9434832789717797,0.8293794624462149,0.44232486438840074,0
5,Ar1_LUMO|Ar2_LUMO|Ar1_v_C=O|Ar2_HOMO|Ar2_NBO_C2,0.9542085678212094,0.8293772337558082,0.3981484119684225,0
5,Ar1_v_C=O|Ar2_NBO_-O|Ar2_NBO_C2|Entry|Ar2_I_C=O,0.9523845012788005,0.8293462425755556,0.40600094384436014,0
5,Ar2_v_C=O|Ar2_NBO_=O|Ar1_NBO_-O|Ar2_NBO_C2|Ar2_I_C=O,0.963922644980119,0.8292901246768701,0.35340298995784136,0
5,Ar1_LUMO|Ar2_NBO_C2|Ar1_NBO_C2|ar2_enthalpy_hartree|sum_enthalpy_hartree,0.9289430831623617,0.8292882943515607,0.49597073812720593,0
4,Ar2_LUMO|Ar1_v_C=O|Ar2_NBO_-O|Ar2_NBO_C2,0.9473701586261183,0.829252955437978,0.42684372866190545,0
4,Ar2_LUMO|Ar1_v_C=O|Ar2_NBO_=O|Ar1_NBO_-O,0.9477076400909061,0.8292336067229885,0.4254729899853916,0
5,Ar2_LUMO|prod_homo_hartree|Ar2_v_C=O|Ar1_HOMO|Entry,0.9544815913892376,0.8291845727585582,0.39695969159206906,0
5,Ar1_LUMO|prod_homo_hartree|Ar1_v_C=O|Ar2_v_C=O|sum_enthalpy_hartree,0.9624189651617479,0.8291598000364043,0.3606926078501765,0
5,Ar2_LUMO|prod_homo_hartree|sum_homo_hartree|Ar1_v_C=O|Ar2_I_C=O,0.9778188386156619,0.829154818217079,0.2771054167548562,0
5,Ar1_LUMO|sum_homo_hartree|Ar2_v_C=O|Ar1_NBO_C2|sum_enthalpy_hartree,0.9626684212623621,0.8291109821068493,0.35949350859449825,0
4,Ar1_LUMO|Ar2_NBO_C2|Ar1_NBO_C2|ar2_enthalpy_hartree,0.9286329407442507,0.8291050022191221,0.4970519423911488,0
4,Ar2_LUMO|Ar1_NBO_=O|Ar1_NBO_C2|sum_enthalpy_hartree,0.9417184273114535,0.8290786348222483,0.4491780295661838,0
4,Ar2_LUMO|sum_homo_hartree|Ar1_v_C=O|Ar2_NBO_-O,0.9483348897670538,0.829002590462725,0.4229135058164009,0
4,Ar1_LUMO|Ar2_LUMO|Ar1_NBO_=O|Entry,0.9358229359732537,0.8289166975446183,0.4713492246488261,0
5,Ar1_LUMO|Ar2_LUMO|Ar2_NBO_C2|Ar1_NBO_C2|sum_enthalpy_hartree,0.9289430831623616,0.8288876504339,0.4959707381272061,0
4,Ar1_LUMO|Ar2_LUMO|Ar1_NBO_C2|sum_enthalpy_hartree,0.928442803410708,0.8288602383815669,0.4977136290860639,0
5,Ar2_LUMO|prod_homo_hartree|sum_homo_hartree|Ar1_NBO_=O|ar2_enthalpy_hartree,0.9470581028730379,0.8288567585772668,0.42810729110229323,0
5,Ar2_v_C=O|Ar1_NBO_-O|Ar2_NBO_-O|ar2_enthalpy_hartree|Ar1_I_C=O,0.958073460626823,0.8288257646534298,0.3809757941514672,0
5,Ar2_v_C=O|Ar1_NBO_-O|Ar1_NBO_C2|Ar2_I_C=O|Ar1_I_C=O,0.9612333741457723,0.8286467352188132,0.36633792052660713,0
3,Ar1_LUMO|Ar2_v_C=O|Ar1_NBO_C2,0.9331808691998805,0.8285920929616298,0.4809537169446146,0
5,Ar2_LUMO|sum_homo_hartree|Ar2_NBO_=O|Ar1_NBO_=O|Entry,0.9467189445856069,0.8285606379065175,0.42947638009664824,0
4,Ar1_v_C=O|Ar2_HOMO|Ar1_I_C=O|sum_enthalpy_hartree,0.9261270116604067,0.8285230476993146,0.5057032075734716,0
4,Ar2_LUMO|prod_homo_hartree|Ar1_v_C=O|Ar2_NBO_C2,0.9487807389570501,0.8284802081754705,0.42108476493303654,0
5,Ar1_LUMO|prod_homo_hartree|Ar2_NBO_=O|Ar2_NBO_C2|Entry,0.9484092261519255,0.8282609979751252,0.42260914976809116,0
5,Ar1_LUMO|Ar2_LUMO|Ar2_NBO_=O|Ar1_NBO_=O|sum_enthalpy_hartree,0.9428756290891555,0.8282227160851119,0.44469637541400814,0
5,Ar2_LUMO|Ar1_v_C=O|Ar1_NBO_=O|Ar1_NBO_C2|Entry,0.9580302163935023,0.8281692330485941,0.3811722181870453,0
4,Ar1_LUMO|prod_homo_hartree|sum_homo_hartree|ar2_enthalpy_hartree,0.9346210160118621,0.8281629005731276,0.47574250836948323,0
4,Ar1_HOMO|Ar2_NBO_C2|Ar2_I_C=O|ar2_enthalpy_hartree,0.9247309268606134,0.8281501114066308,0.5104593446333064,0
5,Ar1_LUMO|Ar1_v_C=O|Ar2_v_C=O|Ar2_NBO_C2|Ar1_NBO_C2,0.9549248421389785,0.8281333619921719,0.39502219933104404,0
5,Ar2_LUMO|sum_homo_hartree|Ar2_NBO_=O|Entry|sum_enthalpy_hartree,0.9475152394976484,0.8281099892837623,0.4262549980597373,0
4,Ar2_LUMO|prod_homo_hartree|Ar1_v_C=O|Ar2_NBO_-O,0.9490509439043917,0.8280561550919519,0.41997258915376867,0
5,Ar2_v_C=O|Ar2_NBO_-O|Ar1_NBO_C2|Entry|Ar2_I_C=O,0.9539849228092048,0.8279113472928726,0.3991195046422236,0
4,Ar1_LUMO|Ar2_NBO_=O|Ar2_HOMO|Ar1_NBO_C2,0.9316739098354487,0.8279065578571021,0.4863469082051477,0
5,sum_homo_hartree|Ar1_NBO_=O|Ar1_NBO_-O|Ar2_NBO_C2|Ar1_I_C=O,0.9672364206149534,0.827867385624402,0.33678174697346436,0
5,Ar2_LUMO|prod_homo_hartree|Ar2_NBO_=O|Ar1_NBO_=O|Entry,0.9470760283804712,0.8278487924767928,0.4280348089044452,0
5,Ar2_LUMO|Ar1_v_C=O|Ar2_HOMO|Ar2_NBO_C2|Ar2_I_C=O,0.9685561066485888,0.8277511580292941,0.32992941103960804,0
5,prod_homo_hartree|Ar1_NBO_=O|Ar2_NBO_-O|Ar2_NBO_C2|Ar1_I_C=O,0.9560432662085067,0.8277391502161762,0.39009068671637775,0
5,Ar1_LUMO|prod_homo_hartree|Ar1_NBO_C2|Entry|ar2_enthalpy_hartree,0.9410254789630051,0.8277366092179015,0.45184042724289325,0
5,Ar2_LUMO|Ar2_v_C=O|Ar1_NBO_=O|Ar2_I_C=O|sum_enthalpy_hartree,0.9758136014741239,0.8276767038294176,0.2893599873454986,0
4,Ar2_LUMO|Ar1_NBO_=O|Ar2_NBO_C2|Entry,0.9361255328172573,0.8276395444568933,0.4702366986063518,0
3,Ar1_v_C=O|Ar2_NBO_=O|Ar2_I_C=O,0.9295240534308559,0.8276358417944558,0.49393901720697425,0
5,Ar2_LUMO|Ar1_v_C=O|Ar2_NBO_=O|Ar1_HOMO|Ar2_NBO_C2,0.9512672265998616,0.8276254775668827,0.4107366327819564,0
4,Ar2_LUMO|Ar1_v_C=O|Ar1_NBO_=O|Ar1_NBO_-O,0.9463245087824831,0.827622800324399,0.43106314014797426,0
5,Ar2_LUMO|Ar1_v_C=O|Ar2_HOMO|Ar1_NBO_=O|Ar2_I_C=O,0.9626669547839044,0.8276107892876248,0.35950056943047975,0
5,Ar1_LUMO|Ar1_v_C=O|Entry|Ar2_I_C=O|Ar1_I_C=O,0.9665332245474526,0.8275268584118847,0.3403766889826443,0
5,Ar1_v_C=O|Ar1_NBO_=O|Ar2_NBO_-O|Ar1_I_C=O|sum_enthalpy_hartree,0.9611326398205967,0.8275164259962645,0.36681357272342885,0
4,Ar2_LUMO|Ar1_NBO_=O|Ar1_NBO_C2|Ar1_I_C=O,0.94290481485989,0.8273212537898845,0.4445827595925397,0
4,Ar1_LUMO|Ar2_LUMO|Ar2_NBO_=O|sum_enthalpy_hartree,0.9406313513814324,0.8271966247714385,0.4533477411587161,0
5,Ar1_LUMO|Ar1_NBO_=O|Ar2_NBO_-O|Ar1_NBO_C2|Ar1_I_C=O,0.9633641551681408,0.8271830628173874,0.35612788454332994,0
5,Ar2_LUMO|sum_homo_hartree|Ar2_NBO_-O|Ar2_NBO_C2|Entry,0.9687144398509855,0.8271648502881355,0.32909769616945705,0
5,Ar1_LUMO|sum_homo_hartree|Ar1_v_C=O|Ar2_v_C=O|sum_enthalpy_hartree,0.9623863336704065,0.8271273194310914,0.3608491679864192,0
5,Ar1_LUMO|Ar2_NBO_C2|Ar1_NBO_C2|Entry|sum_enthalpy_hartree,0.9476168437404728,0.8270853828336255,0.4258422087410347,0
4,Ar2_LUMO|prod_homo_hartree|Ar2_NBO_=O|Ar1_HOMO,0.9374968311043982,0.8270788068323527,0.46516163968910074,0
5,Ar2_LUMO|prod_homo_hartree|Ar1_v_C=O|Ar1_NBO_-O|Entry,0.9665577846490191,0.8270531339441074,0.34025177075818264,0
3,Ar1_LUMO|Ar2_v_C=O|Ar2_NBO_=O,0.9335814019522677,0.8270463401201793,0.4795100640310791,0
5,Ar1_LUMO|Ar2_NBO_C2|Ar1_NBO_C2|Entry|ar2_enthalpy_hartree,0.9476459284750854,0.827026639207905,0.4257239720005112,0
4,Ar1_LUMO|Ar1_v_C=O|Ar2_HOMO|Ar1_NBO_-O,0.9317896613630484,0.8270141104034051,0.4859347723708016,0
4,Ar1_LUMO|Ar2_NBO_C2|ar2_enthalpy_hartree|sum_enthalpy_hartree,0.9272097752103556,0.8269812869566885,0.5019834566083391,0
5,Ar2_LUMO|Ar1_v_C=O|Ar1_HOMO|Ar2_NBO_C2|Entry,0.9556363861710229,0.8269427703353707,0.39189194100053604,0
5,Ar1_LUMO|sum_homo_hartree|Ar2_HOMO|Ar2_NBO_C2|Entry,0.9455524652587388,0.8268375344882866,0.43415217873278417,0
5,Ar1_LUMO|Ar2_HOMO|Ar1_HOMO|Ar2_NBO_C2|Entry,0.9455524652587388,0.8268375344882866,0.43415217873278417,0
5,Ar1_LUMO|sum_homo_hartree|Ar1_HOMO|Ar2_NBO_C2|Entry,0.9455524652587388,0.8268375344882856,0.4341521787327841,0
3,Ar1_LUMO|prod_homo_hartree|ar2_enthalpy_hartree,0.9227523280896129,0.8268324726792429,0.5171250480226168,0
5,Ar1_LUMO|Ar1_v_C=O|Ar2_NBO_=O|Ar2_NBO_C2|Ar1_NBO_C2,0.9550874120522436,0.8268040007482946,0.39430920423730165,0
5,Ar1_LUMO|Ar1_v_C=O|Ar1_NBO_-O|Ar2_I_C=O|Ar1_I_C=O,0.964144981795843,0.8267809901637448,0.3523123344867699,0
5,Ar1_LUMO|Ar2_LUMO|Ar2_NBO_C2|Entry|ar2_enthalpy_hartree,0.9477039327490117,0.8267772302908568,0.4254880719771675,0
5,Ar2_v_C=O|Ar1_NBO_-O|Ar2_NBO_-O|Ar2_I_C=O|Ar1_I_C=O,0.9580063037373006,0.8266490992459272,0.3812807908490714,0
5,Ar1_LUMO|prod_homo_hartree|sum_homo_hartree|ar2_enthalpy_hartree|sum_enthalpy_hartree,0.938963658168365,0.82661820884232,0.4596710181922163,0
4,Ar1_LUMO|Ar2_NBO_=O|Ar2_I_C=O|Ar1_I_C=O,0.9437625621627295,0.8264846446442624,0.4412306139663312,0
5,Ar2_LUMO|prod_homo_hartree|sum_homo_hartree|Ar2_v_C=O|Ar1_HOMO,0.9723691071128175,0.8264735074242348,0.30927892995538697,0
5,Ar2_LUMO|prod_homo_hartree|sum_homo_hartree|Ar2_v_C=O|Ar2_HOMO,0.9723691071128177,0.8264735074242334,0.30927892995538664,0
5,Ar2_LUMO|prod_homo_hartree|Ar2_v_C=O|Ar2_HOMO|Ar1_HOMO,0.9723691071128173,0.8264735074242271,0.309278929955388,0
5,Ar1_LUMO|Ar2_LUMO|sum_homo_hartree|Ar1_v_C=O|Ar2_HOMO,0.9512497063588647,0.8264700624741556,0.41081045946591066,0
5,Ar1_LUMO|Ar2_v_C=O|Ar2_HOMO|ar2_enthalpy_hartree|sum_enthalpy_hartree,0.9613940698735597,0.8264461340285412,0.3655778586147765,0
4,Ar1_LUMO|Ar2_LUMO|Ar2_HOMO|Ar1_NBO_=O,0.9356278393511439,0.8263401571894716,0.4720651257344272,0
5,Ar1_LUMO|prod_homo_hartree|Ar1_NBO_=O|Entry|ar2_enthalpy_hartree,0.9423754908573357,0.8263044463493102,0.44663884726735376,0
5,Ar1_LUMO|prod_homo_hartree|Ar1_v_C=O|Ar1_NBO_=O|ar2_enthalpy_hartree,0.9436427870042156,0.8262310115277192,0.4417002331325329,0
5,Ar2_v_C=O|Ar1_NBO_-O|Ar2_I_C=O|ar2_enthalpy_hartree|sum_enthalpy_hartree,0.9611699698331413,0.8262217273063506,0.3666373780362536,0
4,Ar2_LUMO|Ar1_NBO_=O|ar2_enthalpy_hartree|Ar1_I_C=O,0.9509596314516221,0.8261989898810713,0.4120308527888781,0
4,Ar1_LUMO|Ar1_v_C=O|Ar2_v_C=O|Ar1_NBO_C2,0.9487903722046738,0.8261786785828018,0.421045164551484,0
5,Ar1_LUMO|Ar2_NBO_C2|Entry|ar2_enthalpy_hartree|sum_enthalpy_hartree,0.9462516789979084,0.8261566273620229,0.4313554858051475,0
5,prod_homo_hartree|sum_homo_hartree|Ar1_v_C=O|Ar2_v_C=O|Ar1_NBO_=O,0.9720256809149858,0.8261445768009017,0.3111950186956555,0
5,Ar2_LUMO|Ar1_v_C=O|Ar1_NBO_=O|Ar1_HOMO|Ar2_I_C=O,0.9556145158646608,0.8260890765013575,0.39198852624265856,0
5,Ar2_LUMO|prod_homo_hartree|Ar2_NBO_=O|Entry|sum_enthalpy_hartree,0.946510066007326,0.8259627170030555,0.4303173982180547,0
5,prod_homo_hartree|sum_homo_hartree|Ar1_v_C=O|Ar2_HOMO|Ar1_NBO_=O,0.9730850732508131,0.8259327834151289,0.3052456443452097,0
5,prod_homo_hartree|sum_homo_hartree|Ar1_v_C=O|Ar1_NBO_=O|Ar1_HOMO,0.9730850732508131,0.8259327834151227,0.30524564434520934,0
5,prod_homo_hartree|Ar1_v_C=O|Ar2_HOMO|Ar1_NBO_=O|Ar1_HOMO,0.9730850732508126,0.8259327834151212,0.305245644345212,0
5,sum_homo_hartree|Ar1_v_C=O|Ar2_NBO_=O|Ar2_NBO_-O|Ar1_I_C=O,0.9621914830590593,0.8258988322805483,0.36178261670047196,0
4,Ar2_LUMO|Ar1_NBO_C2|Entry|ar2_enthalpy_hartree,0.9222014346026132,0.8258394977281427,0.5189657165402615,0
5,Ar2_v_C=O|Ar1_HOMO|Ar1_NBO_-O|Ar1_NBO_C2|Ar2_I_C=O,0.9614566578468995,0.8258292657398922,0.36528140081278454,0
5,Ar2_LUMO|Ar2_NBO_=O|Ar1_HOMO|Ar2_NBO_C2|Entry,0.9463987905769337,0.8258230620631729,0.4307647616075209,0
4,Ar1_LUMO|Ar2_LUMO|Ar1_HOMO|ar2_enthalpy_hartree,0.9384684709224261,0.8258211423522057,0.46153190472155514,0
5,prod_homo_hartree|sum_homo_hartree|Ar2_NBO_=O|Ar2_HOMO|Ar1_NBO_=O,0.9417864791203323,0.8258053948050241,0.4489157141881401,0
5,Ar2_NBO_=O|Ar1_NBO_-O|Ar2_NBO_C2|Entry|Ar2_I_C=O,0.9567267091596975,0.8257284159865809,0.3870462252587586,0
4,Ar1_LUMO|Ar1_v_C=O|Ar2_I_C=O|Ar1_I_C=O,0.9596583447292312,0.8256659729965288,0.3737057080758872,0
5,Ar1_LUMO|Ar2_LUMO|Ar1_NBO_C2|Entry|sum_enthalpy_hartree,0.9468483277872347,0.8256571565522536,0.42895461111858724,0
4,Ar2_LUMO|Ar2_NBO_C2|Ar1_NBO_C2|sum_enthalpy_hartree,0.9277355783898222,0.8256140954089217,0.5001671215087846,0
4,Ar2_LUMO|Ar1_v_C=O|Ar1_NBO_-O|Ar2_NBO_C2,0.9478733928551663,0.8256113867598833,0.42479813711887854,0
5,Ar1_LUMO|Ar1_v_C=O|Ar2_NBO_-O|Entry|Ar1_I_C=O,0.9602643334232089,0.825411837497822,0.37088829362923953,0
5,Ar2_LUMO|Ar1_v_C=O|Ar2_NBO_=O|Ar2_NBO_C2|Ar1_NBO_C2,0.9542551389095921,0.825346199650402,0.397945896772054,0
5,Ar2_LUMO|Ar2_NBO_C2|Ar1_NBO_C2|Entry|ar2_enthalpy_hartree,0.9472177265489826,0.8253183455501798,0.42746141656280684,0
5,Ar1_LUMO|Ar2_LUMO|Ar2_NBO_=O|Ar2_I_C=O|Ar1_I_C=O,0.9438583778902476,0.8253058341483663,0.4408545757187141,0
4,prod_homo_hartree|Ar2_NBO_-O|Ar1_NBO_C2|Ar1_I_C=O,0.9378241296956928,0.8252658962022157,0.46394212885365727,0
5,Ar2_LUMO|Ar2_NBO_C2|Ar1_NBO_C2|ar2_enthalpy_hartree|sum_enthalpy_hartree,0.9289430831623617,0.8252564891884497,0.4959707381272058,0
3,Ar1_LUMO|sum_homo_hartree|Ar2_NBO_C2,0.9256144995510999,0.8251397866369424,0.5074543959741734,0
5,Ar1_v_C=O|Ar1_HOMO|Ar2_NBO_-O|Ar1_I_C=O|sum_enthalpy_hartree,0.9693498528627356,0.8250164347650175,0.3257385481302457,0
5,Ar1_LUMO|Ar2_v_C=O|Entry|ar2_enthalpy_hartree|Ar1_I_C=O,0.9780960304140116,0.8249948675925439,0.2753685186901575,0
5,Ar2_LUMO|Ar2_NBO_=O|Ar1_NBO_=O|Ar2_I_C=O|Ar1_I_C=O,0.9438583778902476,0.8249331935584567,0.440854575718714,0
5,Ar1_LUMO|Ar2_v_C=O|Ar1_NBO_-O|Ar2_NBO_C2|ar2_enthalpy_hartree,0.9655870330706581,0.8249324965303679,0.34515481241265605,0
4,Ar1_LUMO|prod_homo_hartree|Ar2_v_C=O|Ar2_HOMO,0.9492080219504805,0.8248669650044992,0.41932469296894603,0
5,Ar2_LUMO|prod_homo_hartree|Ar1_NBO_-O|Ar2_NBO_-O|Entry,0.9631745160714502,0.8248495983343459,0.3570484119572366,0
5,Ar2_LUMO|Ar2_v_C=O|Ar1_HOMO|Entry|Ar2_I_C=O,0.968318068315535,0.8248297580283495,0.3311758815701668,0
4,Ar1_LUMO|Ar2_LUMO|Ar2_v_C=O|Ar1_NBO_C2,0.941649603848782,0.8248224007967732,0.44944316368056175,0
5,Ar1_LUMO|Ar2_NBO_=O|Ar2_NBO_-O|Ar2_I_C=O|ar2_enthalpy_hartree,0.9587661139563051,0.8247663951484714,0.3778157058524645,0
4,Ar1_LUMO|Ar1_NBO_=O|ar2_enthalpy_hartree|sum_enthalpy_hartree,0.9396183981096162,0.8247492190519058,0.45719891353070563,0
4,Ar2_HOMO|Ar1_NBO_=O|Ar2_NBO_C2|Ar1_I_C=O,0.9350617147820254,0.8247436114335613,0.47413638333801483,0
4,Ar1_LUMO|Ar2_HOMO|Ar1_NBO_C2|sum_enthalpy_hartree,0.9297869126261107,0.8246846911549365,0.4930170167923583,0
4,Ar2_LUMO|Ar1_HOMO|Ar1_NBO_C2|ar2_enthalpy_hartree,0.9453606790286302,0.8245815543927004,0.43491613633134213,0
5,Ar1_LUMO|Ar2_LUMO|Ar2_NBO_=O|Ar1_NBO_=O|Ar2_I_C=O,0.9438583778902477,0.8245763418772041,0.44085457571871384,0
5,Ar1_LUMO|sum_homo_hartree|Ar2_NBO_=O|Ar2_NBO_C2|Entry,0.9478512050033256,0.8245241096465986,0.42488853582191055,0
4,Ar2_LUMO|sum_homo_hartree|Ar2_HOMO|ar2_enthalpy_hartree,0.9377334769742514,0.8244401062711924,0.46428022060435753,0
4,Ar2_LUMO|sum_homo_hartree|Ar1_HOMO|ar2_enthalpy_hartree,0.9377334769742514,0.8244401062711921,0.4642802206043575,0
4,Ar2_LUMO|Ar2_HOMO|Ar1_HOMO|ar2_enthalpy_hartree,0.9377334769742514,0.8244401062711919,0.46428022060435753,0
5,Ar2_LUMO|sum_homo_hartree|Ar2_HOMO|Ar1_HOMO|ar2_enthalpy_hartree,0.9377334769742514,0.8244401062711919,0.46428022060435753,0
5,Ar1_LUMO|prod_homo_hartree|Ar1_v_C=O|Ar2_NBO_C2|Ar1_I_C=O,0.9661646789713024,0.8244249274004004,0.3422457195776553,0
5,Ar1_LUMO|Ar2_LUMO|Ar1_v_C=O|Ar2_HOMO|Entry,0.955684875497421,0.8243092508574776,0.391677713958576,0
5,Ar1_v_C=O|Ar2_HOMO|Entry|Ar1_I_C=O|sum_enthalpy_hartree,0.937031208600224,0.8242937947468779,0.4668910547820933,0
4,Ar1_LUMO|Ar2_LUMO|Ar2_HOMO|sum_enthalpy_hartree,0.9355261988740222,0.8242882859164353,0.4724376625514787,0
5,Ar2_LUMO|Ar1_v_C=O|Ar2_v_C=O|Ar2_HOMO|Ar1_NBO_C2,0.9541056482982615,0.8242284655911798,0.39859559437449066,0
5,Ar1_LUMO|sum_homo_hartree|Ar1_v_C=O|Ar2_NBO_=O|Ar1_I_C=O,0.9682720958313938,0.824195524737526,0.33141607303035575,0
5,Ar2_LUMO|prod_homo_hartree|Ar1_HOMO|Ar1_NBO_C2|Entry,0.9470239379499638,0.8241849517214626,0.42824540377427617,0
4,Ar1_LUMO|Ar2_LUMO|sum_homo_hartree|Ar1_NBO_=O,0.9370790303119976,0.8241109398787394,0.4667137306685789,0
4,Ar2_LUMO|Ar1_v_C=O|Ar2_NBO_=O|Ar2_NBO_-O,0.9477540975987465,0.8241063822835681,0.4252839489192911,0
5,Ar1_LUMO|Ar2_LUMO|Ar2_NBO_=O|ar2_enthalpy_hartree|sum_enthalpy_hartree,0.9428756290891555,0.8240885859208663,0.44469637541400814,0
4,Ar2_LUMO|Ar2_HOMO|Ar1_NBO_C2|Ar2_I_C=O,0.9464663432123293,0.8240214345456144,0.4304932335085638,0
5,Ar2_LUMO|sum_homo_hartree|Ar2_v_C=O|Entry|sum_enthalpy_hartree,0.9466000076292885,0.8239945771341819,0.4299554635024005,0
5,Ar1_LUMO|Ar2_LUMO|Ar1_HOMO|ar2_enthalpy_hartree|sum_enthalpy_hartree,0.9384825177201461,0.8239266028889068,0.4614792210369158,0
4,Ar1_LUMO|Ar2_LUMO|Ar1_v_C=O|Ar2_NBO_=O,0.9479255448798162,0.8238470758764967,0.4245855813040354,0
5,Ar1_LUMO|Ar2_NBO_=O|Ar1_NBO_=O|Ar1_HOMO|Entry,0.9464865620997258,0.8237938620857694,0.43041193029911134,0
5,Ar2_LUMO|sum_homo_hartree|Ar1_v_C=O|Ar1_NBO_-O|Entry,0.9659874691679402,0.8237671929198258,0.3431407915119041,0
4,Ar2_LUMO|Ar1_NBO_=O|Ar1_HOMO|Ar2_NBO_C2,0.9389512240585873,0.8237338119741279,0.4597178370928046,0
5,Ar1_LUMO|Ar1_v_C=O|Ar2_HOMO|Ar1_NBO_-O|sum_enthalpy_hartree,0.9419358393874647,0.8236930197225975,0.4483394457076878,0
4,Ar1_LUMO|Ar2_LUMO|Ar2_NBO_=O|Entry,0.9343854973467465,0.8236918684200347,0.476598636036894,0
3,Ar2_NBO_=O|Ar1_HOMO|Entry,0.9057137566181741,0.8235924502494611,0.5713168602158764,0
5,Ar2_LUMO|prod_homo_hartree|Ar2_v_C=O|Entry|sum_enthalpy_hartree,0.9454950472819563,0.8235524544887313,0.43438103731444366,0
4,prod_homo_hartree|sum_homo_hartree|Ar2_v_C=O|Ar2_HOMO,0.9704470456820976,0.8235511611921147,0.31985513379852737,0
4,prod_homo_hartree|sum_homo_hartree|Ar2_v_C=O|Ar1_HOMO,0.9704470456820977,0.8235511611921132,0.31985513379852687,0
5,prod_homo_hartree|sum_homo_hartree|Ar2_v_C=O|Ar2_HOMO|Ar1_HOMO,0.9704470456820974,0.8235511611921114,0.3198551337985284,0
4,prod_homo_hartree|Ar2_v_C=O|Ar2_HOMO|Ar1_HOMO,0.9704470456820973,0.8235511611921096,0.31985513379852915,0
5,prod_homo_hartree|Ar2_NBO_=O|Ar2_NBO_C2|Entry|Ar2_I_C=O,0.966501130537216,0.8235415673917867,0.3405398573049187,0
5,Ar2_LUMO|sum_homo_hartree|Ar1_v_C=O|Ar2_I_C=O|ar2_enthalpy_hartree,0.981148323962318,0.8234988082108053,0.2554629120343895,0
5,Ar1_LUMO|sum_homo_hartree|Ar1_HOMO|ar2_enthalpy_hartree|sum_enthalpy_hartree,0.9384825177201462,0.8234657022014673,0.46147922103691563,0
5,Ar2_LUMO|Ar2_HOMO|Ar2_NBO_-O|Ar1_NBO_C2|Entry,0.9487715679548674,0.823440166604049,0.4211224616546315,0
5,Ar2_LUMO|sum_homo_hartree|Ar1_NBO_=O|ar2_enthalpy_hartree|sum_enthalpy_hartree,0.9472280061333302,0.8234149576698013,0.4274197895224732,0
5,Ar1_LUMO|prod_homo_hartree|Ar2_v_C=O|Ar2_HOMO|Ar1_I_C=O,0.9723859474763267,0.8233996542522599,0.3091846665621748,0
4,Ar1_LUMO|Ar2_NBO_=O|Ar1_NBO_=O|sum_enthalpy_hartree,0.9403366575802382,0.823393200443834,0.4544715109697517,0
4,Ar1_LUMO|prod_homo_hartree|Ar1_NBO_=O|Ar2_NBO_C2,0.9329019688240077,0.8233727681634606,0.48195641250760257,0
5,Ar1_LUMO|Ar2_LUMO|sum_homo_hartree|Ar1_HOMO|ar2_enthalpy_hartree,0.9384825177201461,0.8233240810554563,0.4614792210369159,0
5,prod_homo_hartree|Ar1_v_C=O|Ar2_NBO_-O|Ar2_NBO_C2|Ar1_I_C=O,0.9623554549479866,0.8232741123728121,0.36099725612118055,0
5,Ar1_LUMO|Ar2_LUMO|Ar2_NBO_=O|Ar1_NBO_=O|Entry,0.9371965934760019,0.8232639028135436,0.4662775168239561,0
5,Ar2_NBO_=O|Ar1_NBO_=O|Ar2_NBO_-O|Ar2_NBO_C2|Ar1_I_C=O,0.9618091601352153,0.823198555488335,0.3636072039302007,0
5,Ar1_LUMO|sum_homo_hartree|Ar1_NBO_C2|Entry|Ar1_I_C=O,0.956133384001225,0.8231920696031786,0.38969060981250175,0
5,Ar1_v_C=O|Ar2_HOMO|Ar1_NBO_C2|Entry|Ar1_I_C=O,0.9509213239565764,0.823175662576892,0.41219174869118397,0
4,Ar1_HOMO|Ar2_NBO_C2|Entry|Ar2_I_C=O,0.9457663808123392,0.823078022828312,0.43329848256997855,0
5,Ar1_LUMO|Ar1_v_C=O|Ar2_NBO_-O|Ar2_NBO_C2|ar2_enthalpy_hartree,0.9506046579383727,0.822948524395756,0.4135193848425797,0
4,Ar1_LUMO|Ar2_LUMO|sum_homo_hartree|sum_enthalpy_hartree,0.9367866576500724,0.8229353009218392,0.4677968051133189,0
5,Ar2_LUMO|prod_homo_hartree|Ar2_NBO_-O|Ar1_NBO_C2|Ar1_I_C=O,0.9439190414027568,0.8229170616112456,0.44061632988227944,0
5,Ar1_LUMO|prod_homo_hartree|Ar2_v_C=O|Ar1_NBO_-O|sum_enthalpy_hartree,0.9608802549885069,0.8228850795785454,0.3680025958346811,0
5,Ar1_LUMO|Ar2_LUMO|sum_homo_hartree|Ar2_NBO_=O|Entry,0.9451471630024391,0.8228837096528663,0.43576507644182705,0
5,Ar1_LUMO|Ar2_LUMO|Ar2_NBO_C2|Entry|sum_enthalpy_hartree,0.9469985682060649,0.8228799945418992,0.42834793287314094,0
4,Ar2_LUMO|prod_homo_hartree|Ar1_HOMO|ar2_enthalpy_hartree,0.9372944396656255,0.8228765571246075,0.46591415068842446,0
5,Ar2_LUMO|prod_homo_hartree|Ar1_NBO_=O|ar2_enthalpy_hartree|sum_enthalpy_hartree,0.9472303324821376,0.8228461254863841,0.42741036844129715,0
4,Ar2_LUMO|Ar1_NBO_-O|Entry|sum_enthalpy_hartree,0.9321992842687639,0.8228429902864749,0.48447348544266383,0
4,Ar1_LUMO|Ar2_NBO_=O|Ar2_NBO_-O|Ar2_I_C=O,0.9495830010291909,0.8228151969174818,0.4177739631359165,0
5,Ar1_LUMO|Ar2_v_C=O|Ar1_NBO_=O|Ar1_NBO_C2|ar2_enthalpy_hartree,0.9629635461692503,0.8227570823930423,0.35806970052979664,0
4,Ar2_LUMO|Ar1_v_C=O|Ar2_v_C=O|Ar1_NBO_=O,0.9472227838118878,0.8226481284864219,0.42744093775042646,0
5,Ar1_LUMO|Ar2_LUMO|Ar2_HOMO|Ar1_HOMO|ar2_enthalpy_hartree,0.9384825177201462,0.8226458468125384,0.4614792210369158,0
4,Ar2_LUMO|Ar1_v_C=O|Ar1_NBO_-O|Entry,0.9541439360847034,0.8226413300238122,0.3984292936562588,0
5,prod_homo_hartree|sum_homo_hartree|Ar1_NBO_C2|Entry|ar2_enthalpy_hartree,0.9360182412724982,0.8225889279805721,0.47063146708932896,0
5,Ar1_LUMO|Ar2_v_C=O|Ar2_NBO_-O|Ar1_NBO_C2|sum_enthalpy_hartree,0.9639642380020248,0.8224904153790021,0.3531992148012481,0
5,Ar1_LUMO|sum_homo_hartree|Ar2_HOMO|ar2_enthalpy_hartree|sum_enthalpy_hartree,0.9384825177201461,0.8224854544565952,0.4614792210369158,0
5,Ar2_NBO_=O|Ar1_HOMO|Ar1_NBO_C2|Ar2_I_C=O|ar2_enthalpy_hartree,0.9419704801891098,0.8224472327465704,0.44820568716591475,0
5,Ar2_LUMO|sum_homo_hartree|Ar1_v_C=O|Ar2_v_C=O|Ar1_HOMO,0.9512497063588647,0.8224385366380567,0.41081045946591077,0
4,Ar1_LUMO|Ar2_LUMO|prod_homo_hartree|sum_enthalpy_hartree,0.9367674427669275,0.8224051505939972,0.4678678975255173,0
5,Ar2_LUMO|Ar1_v_C=O|Ar2_v_C=O|Ar2_HOMO|Ar1_HOMO,0.9512497063588647,0.8223979183310167,0.41081045946591077,0
5,Ar2_LUMO|prod_homo_hartree|Ar1_NBO_=O|Entry|Ar1_I_C=O,0.9622065221238157,0.8223834020601816,0.3617106565470316,0
5,Ar2_LUMO|Ar2_NBO_=O|Ar2_HOMO|Ar1_NBO_=O|Entry,0.9454516857940274,0.8223289474538438,0.43455378917021864,0
5,Ar1_LUMO|sum_homo_hartree|Ar2_v_C=O|Ar1_NBO_-O|sum_enthalpy_hartree,0.9608789958921439,0.8222972519263341,0.368008517997538,0
4,prod_homo_hartree|Ar2_HOMO|Ar2_NBO_C2|Entry,0.9261218468920205,0.8222971752413617,0.5057208851735553,0
5,Ar2_NBO_=O|Ar1_NBO_=O|Ar1_NBO_-O|Ar2_NBO_C2|Ar1_I_C=O,0.9616840598293822,0.8222745734569589,0.36420224430034814,0
5,Ar1_LUMO|sum_homo_hartree|Ar1_v_C=O|Ar2_NBO_C2|Ar1_NBO_C2,0.9552068009411221,0.8222309134655369,0.39378476925583783,0
5,Ar2_LUMO|Ar1_HOMO|Entry|Ar2_I_C=O|sum_enthalpy_hartree,0.9641727351155492,0.8221091842788988,0.3521759556729515,0
3,Ar2_LUMO|Entry|ar2_enthalpy_hartree,0.8995799685117813,0.8220955778975609,0.5896075703570929,0
4,Ar1_LUMO|sum_homo_hartree|Ar1_NBO_=O|Ar2_NBO_C2,0.9307921558087131,0.822092582907445,0.48947502259640885,0
4,Ar1_LUMO|Ar2_NBO_-O|Ar1_NBO_C2|ar2_enthalpy_hartree,0.9277797657301136,0.822078123199482,0.5000141801729221,0
5,Ar1_LUMO|Ar2_LUMO|prod_homo_hartree|Ar2_NBO_=O|Entry,0.9454517317866982,0.8219691919842974,0.4345536059721321,0
4,Ar1_LUMO|Ar2_LUMO|prod_homo_hartree|Ar1_NBO_=O,0.9375841606827083,0.821932214251915,0.4648365636177767,0
5,Ar2_LUMO|prod_homo_hartree|Ar1_v_C=O|Ar2_HOMO|Ar1_NBO_C2,0.9528524047027191,0.8218855413524428,0.4040011933752371,0
4,Ar2_LUMO|Ar2_NBO_=O|Ar2_HOMO|Ar1_NBO_=O,0.9359511184500902,0.8218761092784171,0.4708782704916892,0
4,Ar2_HOMO|Ar1_NBO_C2|Entry|Ar2_I_C=O,0.9408627460968443,0.8218385339061411,0.4524633965575118,0
5,Ar2_LUMO|Ar1_NBO_=O|Entry|ar2_enthalpy_hartree|Ar1_I_C=O,0.9583318498508636,0.8218303620712719,0.37980002124493556,0
5,Ar2_LUMO|sum_homo_hartree|Ar1_NBO_=O|Ar1_NBO_C2|Ar1_I_C=O,0.9605487613081937,0.8218105825388023,0.36955850056447614,0
5,Ar1_LUMO|Ar1_NBO_=O|Ar1_HOMO|Ar2_NBO_C2|ar2_enthalpy_hartree,0.9386112040239638,0.8217606839684919,0.46099629209965237,0
4,Ar1_LUMO|Ar2_HOMO|Ar1_NBO_-O|Entry,0.9515528044917273,0.8217404278283803,0.4095313899677119,0
4,Ar2_LUMO|Ar1_NBO_=O|Ar1_NBO_C2|ar2_enthalpy_hartree,0.9409731653432214,0.821733865762476,0.4520407863836195,0
5,Ar1_v_C=O|Ar2_NBO_-O|Ar1_NBO_C2|Ar2_I_C=O|Ar1_I_C=O,0.9603552863714279,0.8217077877780108,0.3704635780990466,0
5,Ar1_LUMO|Ar1_v_C=O|Ar2_v_C=O|Ar2_HOMO|sum_enthalpy_hartree,0.962348927826858,0.8216896032524519,0.36102855110277576,0
3,Ar1_LUMO|prod_homo_hartree|Ar2_NBO_C2,0.9272545697303276,0.821663069192692,0.5018289745433017,0
5,Ar1_LUMO|Ar2_v_C=O|Ar1_NBO_=O|Ar2_NBO_C2|sum_enthalpy_hartree,0.9635934748898185,0.8216576212594195,0.35501155507350807,0
4,Ar1_LUMO|Ar2_v_C=O|Ar1_NBO_=O|Ar1_NBO_C2,0.9441371953793398,0.8216513776665786,0.43975849981293275,0
4,Ar1_LUMO|Ar2_LUMO|Ar1_HOMO|sum_enthalpy_hartree,0.9377876535027132,0.8216465656076255,0.4640781974062412,0
5,Ar1_LUMO|prod_homo_hartree|Ar1_HOMO|Ar2_NBO_C2|Entry,0.9467007051848544,0.8215958370334949,0.42954988391028376,0
4,Ar1_LUMO|Ar1_v_C=O|Ar1_HOMO|ar2_enthalpy_hartree,0.9130732373247359,0.821588532845023,0.5485669357357355,0
5,Ar1_LUMO|Ar2_v_C=O|Ar1_HOMO|Ar1_NBO_C2|Entry,0.9513216978754566,0.8215477204146385,0.4105070172456976,0
5,Ar2_LUMO|Ar2_v_C=O|Ar2_NBO_C2|Ar1_NBO_C2|sum_enthalpy_hartree,0.9588183671399467,0.8215242056204624,0.3775762385865541,0
5,Ar1_LUMO|Ar2_v_C=O|Ar2_HOMO|Ar1_NBO_=O|sum_enthalpy_hartree,0.9608060868593215,0.8214502467769106,0.3683512834274857,0
5,Ar1_v_C=O|Ar2_NBO_=O|Ar1_NBO_-O|Ar1_NBO_C2|Ar2_I_C=O,0.9549395989788373,0.8213548131510887,0.3949575322639424,0
5,Ar1_LUMO|prod_homo_hartree|Ar2_v_C=O|Ar2_HOMO|sum_enthalpy_hartree,0.9639740509087672,0.8213483820377033,0.353151121646739,0
5,Ar1_LUMO|Ar2_LUMO|Ar2_v_C=O|Ar1_NBO_=O|Ar1_I_C=O,0.9603757670386602,0.8213378610998857,0.3703678740222791,0
4,prod_homo_hartree|sum_homo_hartree|Ar1_NBO_=O|ar2_enthalpy_hartree,0.9255857306249338,0.8213161396064845,0.5075525166205761,0
5,Ar1_LUMO|Ar2_NBO_=O|Ar1_NBO_-O|Entry|Ar2_I_C=O,0.956427148694776,0.8212845218250446,0.38838358348341684,0
5,Ar1_LUMO|Ar2_v_C=O|Ar2_HOMO|Ar1_NBO_C2|ar2_enthalpy_hartree,0.9616142689744692,0.8212696870904502,0.36453378284490673,0
5,Ar2_v_C=O|Ar2_HOMO|Ar1_NBO_-O|Ar2_I_C=O|ar2_enthalpy_hartree,0.966604440497216,0.8212648665349321,0.34001434217506293,0
5,Ar1_HOMO|Ar2_NBO_C2|Ar1_NBO_C2|Entry|Ar1_I_C=O,0.9638593751852181,0.821223697556461,0.3537127402160628,0
5,Ar2_LUMO|sum_homo_hartree|Ar2_HOMO|Ar1_NBO_=O|Entry,0.9473940036749379,0.8211618310531843,0.42674702247398005,0
5,Ar2_LUMO|Ar2_HOMO|Ar1_NBO_=O|Ar1_HOMO|Entry,0.9473940036749379,0.8211618310531835,0.42674702247397994,0
5,Ar2_LUMO|sum_homo_hartree|Ar1_NBO_=O|Ar1_HOMO|Entry,0.9473940036749379,0.8211618310531832,0.42674702247398,0
5,Ar1_LUMO|Ar2_v_C=O|Ar1_HOMO|Ar1_NBO_C2|ar2_enthalpy_hartree,0.9633127729044254,0.8210666668242123,0.3563775341069116,0
5,Ar2_LUMO|sum_homo_hartree|Ar1_v_C=O|Ar2_v_C=O|Ar2_HOMO,0.9512497063588647,0.8210576649122939,0.4108104594659107,0
5,Ar1_LUMO|Ar2_LUMO|sum_homo_hartree|Ar2_HOMO|ar2_enthalpy_hartree,0.9384825177201461,0.821056347001011,0.4614792210369158,0
5,Ar1_LUMO|prod_homo_hartree|Ar1_v_C=O|Ar2_NBO_C2|Entry,0.9477760095274775,0.8210438336646768,0.4251947575336424,0
4,Ar1_LUMO|Ar2_LUMO|Ar1_NBO_=O|Ar1_HOMO,0.9383792155553662,0.8209620642868098,0.4618665239997642,0
5,prod_homo_hartree|Ar2_NBO_-O|Ar1_NBO_C2|ar2_enthalpy_hartree|Ar1_I_C=O,0.9446087444972142,0.8209112796606326,0.4378985216129155,0
4,Ar2_LUMO|prod_homo_hartree|Ar1_NBO_=O|Ar2_NBO_C2,0.938353391224181,0.8208982674871073,0.46196329447097073,0
5,Ar1_LUMO|Ar2_LUMO|Ar2_HOMO|Ar1_NBO_=O|Entry,0.944789053030153,0.8208695244834471,0.43718522130246723,0
4,Ar1_LUMO|Ar2_NBO_=O|Ar1_NBO_=O|Entry,0.9344267794425086,0.8208210633223272,0.47644868377484767,0
5,Ar2_LUMO|Ar1_v_C=O|Ar1_NBO_=O|Ar1_HOMO|Ar2_NBO_C2,0.9473936364110727,0.8207674462908124,0.42674851211868164,0
4,Ar2_LUMO|prod_homo_hartree|Ar2_NBO_=O|Ar1_NBO_C2,0.9240758389043867,0.8206882652763452,0.512675868092493,0
5,Ar1_LUMO|Ar1_v_C=O|Ar2_NBO_=O|Ar1_HOMO|Ar1_NBO_C2,0.9466701696225749,0.8206752679146854,0.4296729124529112,0
5,Ar1_LUMO|Ar2_LUMO|Ar1_v_C=O|Ar2_v_C=O|Entry,0.9549757183096576,0.8206472469440521,0.3947992063133146,0
3,sum_homo_hartree|Ar2_NBO_C2|Entry,0.9003794712137384,0.820619412168585,0.5872557743511047,0
5,Ar2_NBO_=O|Ar1_NBO_-O|Ar2_NBO_-O|Ar2_NBO_C2|Ar1_I_C=O,0.9614422351987648,0.8205043218041937,0.3653497372889357,0
5,Ar2_LUMO|sum_homo_hartree|Ar1_v_C=O|Ar2_v_C=O|Ar1_NBO_C2,0.9539993433316412,0.8204461071977256,0.39905696032936916,0
3,Ar1_LUMO|sum_homo_hartree|ar2_enthalpy_hartree,0.9206320837077607,0.8204108094841246,0.5241738653344122,0
5,Ar1_LUMO|Ar2_v_C=O|Ar1_NBO_=O|Ar2_NBO_C2|Entry,0.9482998812136458,0.8203298407686991,0.42305676577221374,0
4,Ar1_LUMO|Ar2_NBO_=O|Ar2_NBO_C2|sum_enthalpy_hartree,0.9396589625502958,0.8203145110544166,0.4570453143093982,0
5,Ar2_LUMO|Ar1_v_C=O|Ar1_NBO_=O|Ar1_HOMO|Ar1_NBO_C2,0.9538892901366761,0.8202657117116563,0.39953403240470087,0
5,Ar1_LUMO|Ar2_LUMO|sum_homo_hartree|ar2_enthalpy_hartree|sum_enthalpy_hartree,0.9384825177201461,0.820207817805655,0.46147922103691585,0
5,sum_homo_hartree|Ar1_v_C=O|Ar2_NBO_-O|Ar1_NBO_C2|Ar1_I_C=O,0.9605873431253804,0.8201900256400936,0.3693777492535988,0
5,Ar1_v_C=O|Ar2_HOMO|Ar2_NBO_C2|ar2_enthalpy_hartree|Ar1_I_C=O,0.9566044666852573,0.8201225808871984,0.38759252206899786,0
5,Ar2_LUMO|Ar2_v_C=O|Ar1_NBO_-O|Ar2_NBO_-O|sum_enthalpy_hartree,0.963042029741058,0.8200965803914178,0.35769010839936344,0
4,Ar1_LUMO|Ar2_LUMO|Ar1_v_C=O|Ar2_v_C=O,0.9490827402385729,0.820092902647912,0.41984152025970567,0
5,Ar2_NBO_=O|Ar1_NBO_-O|Ar2_NBO_-O|Ar1_NBO_C2|Ar2_I_C=O,0.9613404808819407,0.8200732642578763,0.36583150041138673,0
3,prod_homo_hartree|Ar2_NBO_C2|Entry,0.9029248950110558,0.8200321346868004,0.5797046832705299,0
5,Ar1_LUMO|sum_homo_hartree|Ar1_NBO_=O|Entry|ar2_enthalpy_hartree,0.9411410762750928,0.8199806425189826,0.45139737863361273,0
5,sum_homo_hartree|Ar1_NBO_=O|Ar2_NBO_-O|Ar2_NBO_C2|Ar1_I_C=O,0.9560541786593941,0.8199630887973208,0.3900422628536251,0
5,Ar1_LUMO|Ar1_v_C=O|Ar2_HOMO|Ar2_NBO_C2|Entry,0.9485480936529812,0.819954605966779,0.42203999546667204,0
4,Ar2_LUMO|sum_homo_hartree|Ar2_NBO_=O|Ar1_NBO_=O,0.9370208390557587,0.8199514847378843,0.46692949643026843,0
5,Ar2_v_C=O|Ar1_NBO_=O|Ar1_NBO_-O|Ar2_I_C=O|Ar1_I_C=O,0.9617374425608057,0.8199508020543081,0.36394844800779286,0
5,Ar2_LUMO|Ar2_HOMO|Ar1_HOMO|ar2_enthalpy_hartree|sum_enthalpy_hartree,0.9384825177201461,0.8199131691526831,0.4614792210369158,0
5,Ar1_LUMO|Ar2_v_C=O|Ar1_HOMO|Ar2_NBO_-O|Entry,0.955783132088655,0.819872116398604,0.3912432542388074,0
3,Ar1_LUMO|prod_homo_hartree|Entry,0.9164032370474571,0.8198221474986208,0.5379570519383129,0
5,Ar1_LUMO|prod_homo_hartree|Ar1_v_C=O|Ar2_NBO_C2|ar2_enthalpy_hartree,0.9513561097202857,0.8197182297882566,0.4103618930260803,0
5,Ar1_LUMO|Ar1_v_C=O|Ar2_NBO_=O|Ar2_NBO_C2|ar2_enthalpy_hartree,0.9524069965675193,0.8197152669476535,0.4059050277282322,0
4,Ar1_v_C=O|Ar2_NBO_=O|Ar2_HOMO|Ar1_I_C=O,0.9460669659684533,0.8197061800537242,0.43209605443497406,0
4,Ar2_LUMO|Ar1_v_C=O|Ar2_NBO_=O|Ar1_NBO_=O,0.9477673658570801,0.8197052807982687,0.4252299433863934,0
3,Ar2_v_C=O|Ar1_NBO_=O|Ar2_I_C=O,0.9348326107435729,0.8196246735108532,0.47497202997626053,0
4,Ar2_LUMO|Ar1_v_C=O|Ar2_v_C=O|Ar2_NBO_=O,0.9477035801654673,0.8196192354683323,0.42548950630911186,0
5,Ar1_NBO_=O|Ar1_NBO_-O|Ar2_NBO_-O|Ar2_NBO_C2|Ar1_I_C=O,0.9616911323054831,0.8196065713468319,0.36416862995432087,0
5,Ar2_NBO_=O|Ar1_NBO_-O|Ar1_NBO_C2|Ar2_I_C=O|Ar1_I_C=O,0.9615789884129858,0.8195587571779267,0.3647012669907872,0
5,Ar1_LUMO|Ar1_v_C=O|Ar1_HOMO|Ar2_NBO_-O|ar2_enthalpy_hartree,0.9506545075425354,0.8194990331244278,0.4133106710220929,0
4,Ar2_LUMO|sum_homo_hartree|Ar1_NBO_=O|Ar2_NBO_C2,0.9377710151581123,0.8194933569135473,0.46414025081851684,0
4,Ar2_LUMO|prod_homo_hartree|Ar1_NBO_=O|Ar1_NBO_C2,0.938083373069954,0.8194249884991331,0.46297391115551806,0
5,prod_homo_hartree|sum_homo_hartree|Ar1_NBO_=O|Entry|ar2_enthalpy_hartree,0.9279969256965073,0.8193975386458695,0.4992618646233432,0
5,Ar2_LUMO|Ar2_NBO_C2|Ar1_NBO_C2|Entry|sum_enthalpy_hartree,0.9460917652318045,0.8193257526685799,0.43199670070742424,0
5,Ar1_LUMO|prod_homo_hartree|Ar1_v_C=O|Ar2_NBO_C2|Ar1_NBO_C2,0.9549184500645232,0.8192743961020411,0.39505020723959355,0
5,Ar2_LUMO|sum_homo_hartree|Ar1_v_C=O|Ar2_HOMO|Ar1_NBO_C2,0.9538225230809861,0.8192572910168977,0.39982318498583846,0
5,Ar2_LUMO|sum_homo_hartree|Ar1_v_C=O|Ar1_HOMO|Ar1_NBO_C2,0.9538225230809861,0.8192572910168971,0.3998231849858385,0
5,Ar2_LUMO|Ar1_v_C=O|Ar2_HOMO|Ar1_HOMO|Ar1_NBO_C2,0.953822523080986,0.8192572910168971,0.39982318498583863,0
5,Ar2_LUMO|sum_homo_hartree|Ar1_v_C=O|Ar2_NBO_C2|Ar1_NBO_C2,0.9547945286463732,0.8192476344995254,0.39559279712181233,0
5,Ar2_LUMO|prod_homo_hartree|Ar2_HOMO|Ar1_HOMO|ar2_enthalpy_hartree,0.938842539761573,0.819211318112596,0.4601268697994174,0
5,Ar2_LUMO|prod_homo_hartree|sum_homo_hartree|Ar2_HOMO|ar2_enthalpy_hartree,0.9388425397615728,0.8192113181125957,0.46012686979941775,0
5,Ar2_LUMO|prod_homo_hartree|sum_homo_hartree|Ar1_HOMO|ar2_enthalpy_hartree,0.938842539761573,0.8192113181125948,0.4601268697994172,0
4,Ar1_LUMO|Ar2_LUMO|Ar1_NBO_=O|Ar1_I_C=O,0.9426927857695968,0.8192108716620911,0.4454074974811804,0
5,Ar1_LUMO|prod_homo_hartree|Ar2_v_C=O|Ar2_HOMO|Ar1_NBO_C2,0.9591838832001938,0.8191949805073535,0.37589687608179756,0
4,Ar1_v_C=O|Ar2_NBO_=O|Ar1_I_C=O|sum_enthalpy_hartree,0.9413865781156789,0.8191912706104454,0.45045500083524675,0
4,Ar2_LUMO|Ar1_NBO_-O|Ar1_NBO_C2|sum_enthalpy_hartree,0.9303396363757521,0.8191138140226892,0.4910726454780302,0
5,Ar1_LUMO|Ar2_LUMO|sum_homo_hartree|Ar1_v_C=O|Ar1_NBO_C2,0.9545549346618611,0.8191135047509798,0.39663975443786204,0
4,Ar1_LUMO|Ar2_NBO_=O|Ar1_HOMO|Ar1_NBO_C2,0.9369212501971923,0.8190732260833473,0.46729852807837197,0
4,prod_homo_hartree|sum_homo_hartree|Ar2_NBO_=O|Ar2_HOMO,0.9367845092623577,0.8190659414214294,0.4678047543874182,0
4,prod_homo_hartree|sum_homo_hartree|Ar2_NBO_=O|Ar1_HOMO,0.9367845092623578,0.8190659414214287,0.4678047543874177,0
4,prod_homo_hartree|Ar2_NBO_=O|Ar2_HOMO|Ar1_HOMO,0.9367845092623576,0.8190659414214279,0.46780475438741836,0
5,prod_homo_hartree|sum_homo_hartree|Ar2_NBO_=O|Ar2_HOMO|Ar1_HOMO,0.9367845092623575,0.8190659414214202,0.4678047543874186,0
4,Ar2_LUMO|Ar2_NBO_=O|Ar1_NBO_=O|Ar1_I_C=O,0.942643273744896,0.8190603150425282,0.44559986650532124,0
4,Ar2_LUMO|sum_homo_hartree|Ar2_NBO_=O|Ar1_NBO_C2,0.9229362066240732,0.8190397924608133,0.5165092051921271,0
5,Ar2_LUMO|prod_homo_hartree|Ar2_v_C=O|Ar1_NBO_=O|Entry,0.9472752404325697,0.8189057837227652,0.42722846271856746,0
4,Ar2_LUMO|Ar1_HOMO|ar2_enthalpy_hartree|sum_enthalpy_hartree,0.9362630658467048,0.8188370580519332,0.46973017439373965,0
5,prod_homo_hartree|sum_homo_hartree|Ar1_v_C=O|Ar2_NBO_-O|Ar2_NBO_C2,0.9650833583930509,0.8188061493352846,0.3476715126207808,0
4,Ar2_NBO_=O|Ar1_NBO_-O|Ar1_NBO_C2|Ar1_I_C=O,0.9520812038603225,0.8187886137747458,0.4072919475427408,0
5,Ar2_LUMO|prod_homo_hartree|sum_homo_hartree|Ar1_NBO_=O|sum_enthalpy_hartree,0.9470342018017427,0.8187428667852994,0.42820391654307255,0
5,sum_homo_hartree|Ar1_v_C=O|Ar2_NBO_-O|Ar2_NBO_C2|Ar1_I_C=O,0.9619749060495949,0.8187387940049715,0.362817329458808,0
5,Ar2_NBO_=O|Ar1_NBO_=O|Ar1_NBO_-O|Ar1_NBO_C2|Ar2_I_C=O,0.9614683309899225,0.818728395925297,0.3652260825049937,0
3,Ar2_LUMO|Ar1_HOMO|Ar2_NBO_C2,0.9223665580766451,0.8187179481403448,0.5184146849121429,0
5,Ar1_LUMO|Ar2_HOMO|Ar1_HOMO|ar2_enthalpy_hartree|sum_enthalpy_hartree,0.9384825177201461,0.8186942425580462,0.4614792210369159,0
5,Ar2_LUMO|prod_homo_hartree|Ar1_v_C=O|Ar2_HOMO|Ar1_I_C=O,0.9689530257040618,0.8186693256515045,0.3278404336532011,0
4,Ar2_LUMO|Ar2_NBO_=O|Ar1_NBO_=O|Ar1_HOMO,0.9380112318493726,0.8186631986284856,0.4632435461601672,0
5,Ar1_v_C=O|Ar2_NBO_-O|Ar2_NBO_C2|Ar1_NBO_C2|Ar2_I_C=O,0.95946943381878,0.8186141083113032,0.3745796760681764,0
5,Ar2_HOMO|Ar1_NBO_C2|Entry|Ar1_I_C=O|sum_enthalpy_hartree,0.9366824058669881,0.8186113355469058,0.46818239269993706,0
4,Ar2_HOMO|Ar1_NBO_=O|Ar1_NBO_C2|Ar1_I_C=O,0.9353287078770031,0.8186055286226279,0.4731606759588466,0
4,prod_homo_hartree|sum_homo_hartree|Ar1_NBO_=O|sum_enthalpy_hartree,0.9264271154266696,0.8185320822750625,0.5046749705511435,0
5,Ar1_LUMO|Ar2_NBO_=O|Ar2_HOMO|Ar1_NBO_C2|ar2_enthalpy_hartree,0.947179109573242,0.8184854978652523,0.427617759288164,0
5,Ar1_LUMO|Ar2_LUMO|prod_homo_hartree|ar2_enthalpy_hartree|sum_enthalpy_hartree,0.9386073947494471,0.8184516516218591,0.4610105946621892,0
5,prod_homo_hartree|Ar2_v_C=O|Ar2_HOMO|Ar2_NBO_-O|Ar1_I_C=O,0.9709339165807305,0.8184462668853394,0.3172094612217766,0
5,Ar2_LUMO|sum_homo_hartree|Ar2_v_C=O|Ar1_NBO_=O|Entry,0.9470403943778261,0.818441620786835,0.4281788837583929,0
5,prod_homo_hartree|Ar2_v_C=O|Ar2_NBO_C2|Entry|Ar2_I_C=O,0.965061262532842,0.8184397206655867,0.34778150152335674,0
5,Ar1_LUMO|sum_homo_hartree|Ar2_NBO_=O|Ar1_NBO_=O|Entry,0.9450128527268474,0.8183254605248933,0.43629824799132083,0
5,Ar1_v_C=O|Ar1_NBO_-O|Ar2_NBO_-O|Entry|Ar2_I_C=O,0.9583326094969351,0.8182219087797253,0.37979655918928856,0
5,sum_homo_hartree|Ar1_v_C=O|Ar2_NBO_=O|Ar1_NBO_-O|Ar1_I_C=O,0.9625569560709196,0.8180377713487836,0.3600297991496326,0
5,Ar1_LUMO|Ar2_v_C=O|Ar1_NBO_=O|Ar2_NBO_-O|ar2_enthalpy_hartree,0.9616516812264888,0.8180081413064645,0.36435609501598926,0
5,Ar1_LUMO|Ar2_LUMO|Ar2_v_C=O|Ar2_NBO_=O|Ar1_I_C=O,0.9581641189382178,0.8179046031945689,0.3805636767463557,0
4,Ar1_LUMO|Ar2_HOMO|Ar1_NBO_=O|Ar1_I_C=O,0.9368174798644275,0.8178416503634607,0.46768274460901127,0
5,Ar2_LUMO|prod_homo_hartree|Ar2_NBO_=O|Ar2_HOMO|ar2_enthalpy_hartree,0.950431005966289,0.8178139436671161,0.4142456219000818,0
5,Ar2_LUMO|Ar2_HOMO|Ar2_NBO_-O|Entry|Ar2_I_C=O,0.9426232968194751,0.8177758698830294,0.4456774593258708,0
5,prod_homo_hartree|Ar1_NBO_-O|Ar2_NBO_C2|Entry|Ar2_I_C=O,0.9656276130836093,0.8177098955729142,0.3449512478910257,0
5,Ar1_LUMO|Ar1_v_C=O|Ar1_NBO_C2|Ar2_I_C=O|Ar1_I_C=O,0.9607697638379934,0.8176298981400133,0.3685219289689633,0
5,Ar2_LUMO|prod_homo_hartree|Ar2_HOMO|Ar1_NBO_=O|ar2_enthalpy_hartree,0.9494968647458399,0.8176241036238046,0.4181306894407052,0
5,Ar1_LUMO|prod_homo_hartree|Ar1_NBO_=O|ar2_enthalpy_hartree|sum_enthalpy_hartree,0.9491304084702201,0.8176102832742029,0.41964494851618034,0
5,Ar1_LUMO|Ar2_NBO_=O|Ar1_NBO_C2|ar2_enthalpy_hartree|sum_enthalpy_hartree,0.9421301896550798,0.8176004050416688,0.4475884839585535,0
4,Ar1_LUMO|Ar1_NBO_C2|ar2_enthalpy_hartree|sum_enthalpy_hartree,0.9257302931846134,0.8175523328036266,0.5070592727762206,0
5,prod_homo_hartree|Ar1_v_C=O|Ar2_NBO_=O|Ar2_NBO_-O|Ar1_I_C=O,0.9619137123328141,0.8175287721971405,0.3631091527432521,0
4,Ar1_LUMO|Ar2_v_C=O|Entry|Ar1_I_C=O,0.9536900017637671,0.8175228324545545,0.4003964854194326,0
5,Ar1_LUMO|prod_homo_hartree|Ar2_NBO_=O|Ar1_NBO_=O|Entry,0.9453575361403708,0.8175187000644987,0.4349286444769307,0
5,Ar2_LUMO|Ar2_HOMO|Ar1_NBO_=O|Ar1_HOMO|ar2_enthalpy_hartree,0.9492033980360086,0.8174836522788173,0.4193437794218136,0
5,Ar2_LUMO|sum_homo_hartree|Ar2_HOMO|Ar1_NBO_=O|ar2_enthalpy_hartree,0.9492033980360086,0.8174836522788171,0.4193437794218136,0
5,Ar2_LUMO|sum_homo_hartree|Ar1_NBO_=O|Ar1_HOMO|ar2_enthalpy_hartree,0.9492033980360086,0.8174836522788169,0.4193437794218136,0
5,Ar2_LUMO|Ar1_v_C=O|Ar2_v_C=O|Ar1_NBO_-O|Ar1_NBO_C2,0.9549822151246717,0.817425431926726,0.39477072135087893,0
5,Ar2_LUMO|prod_homo_hartree|Ar1_NBO_=O|Ar1_NBO_C2|Entry,0.9483783810715659,0.8174126085198798,0.42273546562258313,0
5,Ar2_LUMO|Ar2_HOMO|Ar1_NBO_=O|Ar2_NBO_C2|Ar2_I_C=O,0.9654308661434177,0.8173932651942901,0.34593708662123324,0
5,Ar2_LUMO|prod_homo_hartree|Ar1_v_C=O|Ar2_NBO_=O|Ar2_I_C=O,0.971878584603669,0.817382277908165,0.31201211851174443,0
5,Ar2_v_C=O|Ar1_NBO_=O|Ar1_NBO_-O|Ar2_NBO_C2|Ar1_I_C=O,0.9646916970112385,0.8173772693076752,0.34961599769768015,0
5,Ar2_LUMO|Ar2_HOMO|Entry|Ar2_I_C=O|sum_enthalpy_hartree,0.9506787932676422,0.8173727353213499,0.4132089516536509,0
4,Ar2_LUMO|Ar2_HOMO|Ar1_NBO_=O|Ar1_NBO_C2,0.9353190711504705,0.8173179604408825,0.47319592769142493,0
4,Ar1_LUMO|Ar1_v_C=O|Ar2_NBO_C2|ar2_enthalpy_hartree,0.9346704370806207,0.8173076399567365,0.47556266351196413,0
5,Ar1_LUMO|Ar2_v_C=O|Ar2_HOMO|Ar1_NBO_=O|Ar1_I_C=O,0.9607438717699296,0.8172988236002421,0.36864352167292835,0
5,Ar1_LUMO|Ar2_HOMO|Ar1_NBO_=O|Ar1_NBO_C2|Entry,0.9377019826837039,0.8172622096603599,0.46439762179325356,0
4,Ar2_v_C=O|Ar2_I_C=O|ar2_enthalpy_hartree|Ar1_I_C=O,0.952915382662511,0.8172596785785696,0.40373127851600105,0
5,Ar1_LUMO|Ar1_HOMO|Ar2_NBO_-O|Ar2_NBO_C2|Ar2_I_C=O,0.948982914337672,0.8172243999973112,0.42025287915950826,0
3,prod_homo_hartree|Ar2_NBO_=O|Ar2_HOMO,0.9121205139552161,0.8172163103056445,0.551564909520292,0
5,Ar2_v_C=O|Ar1_HOMO|Ar2_NBO_C2|Ar2_I_C=O|ar2_enthalpy_hartree,0.9546654842083517,0.8172042932411316,0.39615702827746785,0
5,Ar2_LUMO|Ar1_v_C=O|Ar2_v_C=O|Ar1_HOMO|Ar1_NBO_C2,0.953892435247358,0.8171537152490241,0.399520406501037,0
4,Ar1_v_C=O|Ar2_HOMO|Ar1_NBO_C2|Ar1_I_C=O,0.9347879849621564,0.817112348065231,0.4751346294818292,0
5,Ar2_NBO_=O|Ar1_NBO_=O|Ar2_NBO_-O|Ar1_NBO_C2|Ar2_I_C=O,0.9612768171063061,0.8171057304203939,0.36613259875026255,0
4,Ar2_LUMO|prod_homo_hartree|Ar2_NBO_=O|Ar1_NBO_=O,0.9375443030895468,0.8170984060785675,0.46498495791955985,0
4,Ar1_LUMO|Ar2_LUMO|Ar1_v_C=O|Ar1_NBO_=O,0.9480818383394088,0.8170223169735864,0.423947938371458,0
5,Ar1_LUMO|Ar1_v_C=O|Ar2_NBO_-O|Ar2_I_C=O|ar2_enthalpy_hartree,0.9483299856602887,0.816994553495024,0.4229335770381699,0
5,Ar2_LUMO|prod_homo_hartree|sum_homo_hartree|Ar1_NBO_=O|Entry,0.9476303845675267,0.8169485501329932,0.4257871659677562,0
4,Ar2_LUMO|Ar1_NBO_=O|Ar2_I_C=O|Ar1_I_C=O,0.9426386785397838,0.8169200129209799,0.4456177160402226,0
4,Ar2_LUMO|Ar1_NBO_-O|Ar1_NBO_C2|ar2_enthalpy_hartree,0.9247672067987859,0.8167776275126539,0.5103363082729855,0
4,Ar1_LUMO|prod_homo_hartree|Ar1_v_C=O|ar2_enthalpy_hartree,0.9292401150778712,0.8167621752004258,0.4949330248170222,0
4,Ar2_LUMO|Ar2_NBO_C2|Entry|sum_enthalpy_hartree,0.9284422300512839,0.816733466935891,0.497715623072984,0
4,Ar1_LUMO|Ar2_v_C=O|Ar1_HOMO|Ar2_NBO_-O,0.9428949685652793,0.816683885692742,0.44462109298357977,0
5,Ar1_LUMO|Ar2_NBO_-O|Ar1_NBO_C2|Entry|ar2_enthalpy_hartree,0.9340329094758247,0.8166763909803023,0.4778774520465262,0
4,prod_homo_hartree|sum_homo_hartree|Ar1_NBO_C2|sum_enthalpy_hartree,0.9247805566969987,0.8166325347686236,0.5102910272210535,0
3,Ar2_NBO_=O|Ar2_I_C=O|Ar1_I_C=O,0.8802683181634983,0.8166039851807894,0.643809552086858,0
5,Ar2_LUMO|sum_homo_hartree|Ar1_HOMO|ar2_enthalpy_hartree|sum_enthalpy_hartree,0.9384825177201462,0.8165706425348418,0.46147922103691574,0
5,Ar1_LUMO|Ar2_LUMO|Ar1_v_C=O|Ar2_HOMO|Ar1_HOMO,0.9512497063588647,0.8165046898499839,0.41081045946591055,0
5,Ar1_LUMO|Ar2_NBO_=O|Ar1_HOMO|Ar1_NBO_C2|ar2_enthalpy_hartree,0.9475242785602338,0.8164860304182505,0.4262182911044868,0
5,Ar1_LUMO|Ar2_LUMO|Ar2_HOMO|Ar1_NBO_=O|ar2_enthalpy_hartree,0.9476631035659155,0.816383521730766,0.4256541355250681,0
4,Ar1_v_C=O|Ar2_v_C=O|Ar1_NBO_-O|Ar1_I_C=O,0.9509805802925791,0.8163583022029637,0.4119428386583212,0
5,Ar2_v_C=O|Ar1_HOMO|Ar2_NBO_-O|Ar1_NBO_C2|Ar2_I_C=O,0.963383143699448,0.8163570727607161,0.3560355811996769,0
5,Ar2_LUMO|Ar2_HOMO|Ar1_NBO_=O|Ar2_NBO_C2|sum_enthalpy_hartree,0.9449411062439511,0.816353290829847,0.43658279321785926,0
3,prod_homo_hartree|Ar1_NBO_=O|Ar2_NBO_C2,0.9111012264815362,0.8163516692723107,0.5547544046374999,0
5,Ar1_LUMO|Ar1_NBO_C2|Entry|ar2_enthalpy_hartree|sum_enthalpy_hartree,0.9454368145005451,0.8163183094674937,0.43461302048317085,0
5,Ar1_LUMO|sum_homo_hartree|Ar1_v_C=O|Ar2_NBO_C2|ar2_enthalpy_hartree,0.9501753690095293,0.8163017724618972,0.41531242092354315,0
5,Ar2_LUMO|Ar1_v_C=O|Ar1_NBO_=O|Ar1_NBO_-O|Ar2_I_C=O,0.9554227837497592,0.81615360858757,0.39283425093950064,0
5,Ar1_LUMO|prod_homo_hartree|Ar1_NBO_-O|Entry|Ar1_I_C=O,0.957256830547185,0.8161216711699648,0.38466815609626814,0
4,Ar2_LUMO|sum_homo_hartree|Ar1_NBO_=O|Ar1_NBO_C2,0.937425099938687,0.8161202102794666,0.4654284823110557,0
5,Ar2_LUMO|sum_homo_hartree|Ar2_NBO_=O|Ar2_HOMO|sum_enthalpy_hartree,0.9494146043200459,0.8161107894422681,0.4184710803265845,0
5,Ar2_LUMO|Ar2_NBO_=O|Ar2_HOMO|Ar1_HOMO|sum_enthalpy_hartree,0.949414604320046,0.816110789442268,0.4184710803265841,0
5,Ar2_LUMO|sum_homo_hartree|Ar2_NBO_=O|Ar1_HOMO|sum_enthalpy_hartree,0.949414604320046,0.8161107894422679,0.41847108032658425,0
4,Ar2_LUMO|Entry|Ar2_I_C=O|sum_enthalpy_hartree,0.9393473926631201,0.8160950671401052,0.45822376776408197,0
5,Ar1_LUMO|Ar2_LUMO|sum_homo_hartree|Ar1_HOMO|sum_enthalpy_hartree,0.9384825177201461,0.8160746780644299,0.46147922103691585,0
5,Ar1_LUMO|Ar2_LUMO|sum_homo_hartree|Ar1_v_C=O|Ar2_NBO_C2,0.9537637756371211,0.8158916298148096,0.40007743365669046,0
5,Ar2_LUMO|prod_homo_hartree|Ar2_NBO_=O|Ar2_HOMO|sum_enthalpy_hartree,0.9501576681036663,0.8158162969001299,0.4153861871824545,0
5,Ar1_LUMO|Ar2_LUMO|sum_homo_hartree|Ar1_NBO_-O|Entry,0.9613839712558885,0.8157731491821775,0.3656256697880018,0
5,Ar2_LUMO|Ar2_HOMO|Ar1_NBO_=O|Ar2_NBO_C2|Ar1_I_C=O,0.9524977242120252,0.8155642342289342,0.40551795008972197,0
5,Ar2_LUMO|prod_homo_hartree|Ar1_v_C=O|Ar2_NBO_C2|Ar1_NBO_C2,0.9544091919709955,0.8155305228229747,0.3972752587737018,0
5,Ar2_LUMO|prod_homo_hartree|Ar2_HOMO|Ar1_HOMO|sum_enthalpy_hartree,0.9387717543385328,0.8154835467107263,0.4603930749034897,0
5,Ar2_LUMO|prod_homo_hartree|sum_homo_hartree|Ar2_HOMO|sum_enthalpy_hartree,0.9387717543385328,0.815483546710726,0.4603930749034897,0
5,Ar2_LUMO|prod_homo_hartree|sum_homo_hartree|Ar1_HOMO|sum_enthalpy_hartree,0.9387717543385327,0.8154835467107254,0.4603930749034898,0
5,Ar1_LUMO|Ar2_v_C=O|Ar2_HOMO|Ar1_NBO_=O|Entry,0.9488665699090327,0.8154733100039069,0.42073179947106565,0
4,Ar1_LUMO|Ar1_HOMO|Ar2_NBO_C2|Entry,0.9367761768178708,0.8154600516322688,0.46783558408328857,0
5,Ar2_LUMO|sum_homo_hartree|Ar2_NBO_=O|Ar2_HOMO|ar2_enthalpy_hartree,0.9493279760899246,0.8154277104847831,0.41882924597465965,0
5,Ar2_LUMO|sum_homo_hartree|Ar2_NBO_=O|Ar1_HOMO|ar2_enthalpy_hartree,0.9493279760899246,0.8154277104847829,0.41882924597465976,0
5,Ar2_LUMO|Ar2_NBO_=O|Ar2_HOMO|Ar1_HOMO|ar2_enthalpy_hartree,0.9493279760899246,0.8154277104847827,0.4188292459746598,0
4,Ar2_NBO_=O|Ar1_NBO_-O|Ar2_I_C=O|sum_enthalpy_hartree,0.9345580005124137,0.8154022725386326,0.4759717252338125,0
5,Ar1_LUMO|Ar2_LUMO|Ar2_v_C=O|Ar1_NBO_=O|sum_enthalpy_hartree,0.9619442211592796,0.8153572867879502,0.3629636902395864,0
5,Ar2_LUMO|sum_homo_hartree|Ar1_NBO_=O|Entry|Ar1_I_C=O,0.9624228729659717,0.8153251784936058,0.3606738543386512,0
3,Ar2_HOMO|Ar1_NBO_C2|Ar1_I_C=O,0.8930545141862458,0.815264770746509,0.6084629004154644,0
5,Ar2_LUMO|Ar2_HOMO|Ar1_NBO_C2|Entry|ar2_enthalpy_hartree,0.9382092046156899,0.8152642252693965,0.46250322699292035,0
4,Ar1_v_C=O|Ar2_NBO_=O|Ar1_NBO_C2|Ar2_I_C=O,0.9315525725586855,0.8152012176500912,0.48677855761824607,0
4,Ar1_LUMO|Ar2_LUMO|Ar2_v_C=O|Ar2_HOMO,0.9389109521985889,0.8151860110139255,0.4598694424270445,0
5,Ar1_LUMO|prod_homo_hartree|Ar2_v_C=O|Ar2_HOMO|Ar1_NBO_=O,0.9502029218677567,0.8151458880873925,0.41519757183730405,0
4,Ar2_LUMO|Ar2_v_C=O|Ar1_NBO_=O|Ar1_HOMO,0.9427163828470858,0.8151245458612364,0.4453157865374545,0
4,prod_homo_hartree|Ar1_NBO_=O|Ar2_NBO_C2|Ar1_I_C=O,0.9482379247389779,0.8150891555458567,0.4233101816093661,0
5,Ar2_LUMO|sum_homo_hartree|Ar2_NBO_=O|Ar1_NBO_=O|Ar1_HOMO,0.9399771132667833,0.8150794520733711,0.4558388263492792,0
5,Ar1_NBO_=O|Ar1_NBO_-O|Ar2_NBO_-O|Ar1_NBO_C2|Ar2_I_C=O,0.9609916615354787,0.8150685381605038,0.367478217047099,0
5,Ar1_v_C=O|Ar2_HOMO|Ar1_NBO_C2|ar2_enthalpy_hartree|Ar1_I_C=O,0.9464300394008637,0.8150255106943435,0.43063917811052504,0
5,Ar1_LUMO|Ar2_LUMO|Ar2_NBO_=O|Ar1_NBO_=O|Ar1_HOMO,0.9399771132667833,0.8150235773433281,0.45583882634927914,0
5,Ar1_LUMO|Ar1_v_C=O|Ar2_NBO_-O|Ar2_NBO_C2|Ar1_NBO_C2,0.956377996697631,0.8150101215867511,0.3886025781982218,0
5,Ar2_LUMO|prod_homo_hartree|Ar2_v_C=O|Ar2_I_C=O|Ar1_I_C=O,0.9717931241853056,0.8149578771113934,0.3124858581540975,0
5,Ar1_LUMO|Ar2_LUMO|Ar1_NBO_=O|Entry|Ar2_I_C=O,0.9513674549139831,0.814955080270727,0.4103140359712144,0
5,Ar2_LUMO|Ar2_NBO_=O|Ar1_HOMO|Entry|Ar2_I_C=O,0.963032684623445,0.8149314528165377,0.3577353279397084,0
5,Ar1_v_C=O|Ar2_v_C=O|Ar1_NBO_=O|Ar2_NBO_-O|Ar1_I_C=O,0.9610518119040653,0.8148860434387282,0.3671947843420312,0
5,Ar1_LUMO|Ar2_v_C=O|Ar1_HOMO|Ar2_NBO_C2|sum_enthalpy_hartree,0.9635417955203843,0.8147862068972918,0.3552634366664326,0
5,Ar2_LUMO|Ar2_NBO_=O|Ar2_HOMO|Ar1_NBO_=O|ar2_enthalpy_hartree,0.948176118491552,0.8147809424871791,0.42356283191691413,0
5,Ar1_LUMO|Ar2_NBO_=O|Ar2_HOMO|ar2_enthalpy_hartree|sum_enthalpy_hartree,0.9461724603360573,0.8147312017919217,0.4316732522195214,0
5,Ar2_LUMO|Ar2_HOMO|Ar1_NBO_=O|ar2_enthalpy_hartree|Ar1_I_C=O,0.9555624651199599,0.814727867175228,0.39221830087376053,0
4,Ar2_LUMO|prod_homo_hartree|Ar1_NBO_=O|Ar1_I_C=O,0.952616016442774,0.8146975351527103,0.40501271614692,0
5,Ar2_LUMO|sum_homo_hartree|Ar1_v_C=O|Ar2_NBO_=O|Ar2_NBO_C2,0.951284523807824,0.8146940989240361,0.4106637328934676,0
3,Ar2_LUMO|Ar1_NBO_-O|sum_enthalpy_hartree,0.91897417198717,0.814669700749688,0.5296202883073491,0
5,Ar1_LUMO|Ar2_LUMO|prod_homo_hartree|Ar1_v_C=O|Ar1_NBO_C2,0.9541463959941424,0.8145788838131971,0.39841860681311236,0
5,Ar2_LUMO|Ar2_HOMO|Ar1_NBO_=O|Ar2_NBO_C2|ar2_enthalpy_hartree,0.9444799633852146,0.8145761615335294,0.43840726905447797,0
5,Ar1_LUMO|Ar2_v_C=O|Ar2_NBO_C2|Ar1_NBO_C2|Entry,0.9467435838352737,0.8145213078240945,0.42937706525260155,0
5,Ar2_LUMO|prod_homo_hartree|Ar2_v_C=O|Ar1_NBO_C2|Entry,0.9438397402756367,0.8145107136026956,0.4409277459939027,0
3,Ar2_LUMO|Ar2_v_C=O|Ar1_NBO_=O,0.9334346067300863,0.8144932463722692,0.48003966672021764,0
5,Ar2_LUMO|Ar2_NBO_=O|Ar1_NBO_-O|Ar2_NBO_C2|Ar2_I_C=O,0.957923846125194,0.8144223432442079,0.38165494325836213,0
5,Ar1_LUMO|Ar2_LUMO|Ar2_NBO_=O|Ar1_NBO_=O|Ar1_I_C=O,0.9438583778902477,0.8144184224353636,0.440854575718714,0
3,Ar1_LUMO|Ar2_NBO_-O|sum_enthalpy_hartree,0.9134522869418976,0.8144165222138543,0.5473695987271994,0
5,Ar1_v_C=O|Ar1_NBO_-O|Ar2_NBO_-O|Ar2_I_C=O|Ar1_I_C=O,0.9580063037373006,0.8144046883925973,0.3812807908490715,0
3,sum_homo_hartree|Ar1_NBO_=O|Ar2_NBO_C2,0.9068617396483116,0.8143920347208646,0.5678281716911109,0
4,Ar1_LUMO|Ar2_LUMO|sum_homo_hartree|Ar2_v_C=O,0.9400838555358153,0.8143600712095042,0.45543332333973635,0
5,Ar1_LUMO|sum_homo_hartree|Ar1_NBO_=O|ar2_enthalpy_hartree|sum_enthalpy_hartree,0.9487686683489712,0.814345027278795,0.4211343795666747,0
5,Ar2_LUMO|Ar1_NBO_=O|Ar1_HOMO|ar2_enthalpy_hartree|sum_enthalpy_hartree,0.9490663414073794,0.8143204543372632,0.4199091236223721,0
5,Ar2_LUMO|Ar2_HOMO|Ar2_NBO_C2|Ar1_NBO_C2|Entry,0.9391565190261758,0.8143066118216002,0.45894421604852015,0
5,prod_homo_hartree|Ar1_v_C=O|Ar2_NBO_=O|Ar1_NBO_-O|Ar1_I_C=O,0.962302636808336,0.8142773707183562,0.36125042055665435,0
5,Ar1_LUMO|Ar1_v_C=O|Ar2_v_C=O|Ar2_NBO_C2|sum_enthalpy_hartree,0.9645279719222591,0.8142259251034482,0.35042564730093134,0
4,Ar1_HOMO|Ar2_NBO_C2|Ar2_I_C=O|sum_enthalpy_hartree,0.9213334635847783,0.8142219122492017,0.521852645039,0
4,Ar1_v_C=O|Ar2_HOMO|Ar2_NBO_-O|Ar1_I_C=O,0.9490659049151996,0.814188942904477,0.41991092289088205,0
5,Ar1_v_C=O|Ar2_NBO_=O|Ar2_HOMO|ar2_enthalpy_hartree|Ar1_I_C=O,0.9532129137038093,0.8141406257194929,0.40245365365414426,0
4,Ar2_LUMO|prod_homo_hartree|Ar2_HOMO|Ar1_NBO_=O,0.9379771466094564,0.8141041479135329,0.4633708885637316,0
4,Ar1_LUMO|Ar1_v_C=O|Ar2_NBO_-O|sum_enthalpy_hartree,0.9289684112278661,0.8140741753837684,0.4958823364660869,0
5,Ar1_v_C=O|Ar2_NBO_C2|Ar1_NBO_C2|Ar2_I_C=O|sum_enthalpy_hartree,0.9528593625724623,0.8140702972619724,0.4039713817657762,0
5,Ar1_LUMO|Ar2_LUMO|Ar2_v_C=O|Ar1_NBO_-O|Ar1_I_C=O,0.9594950587858762,0.8140606345894605,0.3744612455796925,0
4,Ar2_HOMO|Ar1_NBO_-O|Ar1_NBO_C2|Ar1_I_C=O,0.933832204885905,0.8140186514610124,0.47860386998416543,0
4,Ar1_LUMO|prod_homo_hartree|Ar2_NBO_=O|Ar2_HOMO,0.9384243934292278,0.8139292615341662,0.4616971820017081,0
4,Ar1_LUMO|Ar1_NBO_C2|Entry|ar2_enthalpy_hartree,0.9170937854310922,0.8139081737319753,0.5357305559275991,0
5,Ar2_LUMO|prod_homo_hartree|Ar2_NBO_=O|Ar1_HOMO|sum_enthalpy_hartree,0.9488497418150028,0.813908071239945,0.4208010255316573,0
5,Ar1_LUMO|Ar2_LUMO|prod_homo_hartree|sum_homo_hartree|ar2_enthalpy_hartree,0.938183973148454,0.813906899118584,0.4625976459424019,0
5,Ar2_NBO_=O|Ar1_HOMO|Ar1_NBO_C2|Entry|Ar1_I_C=O,0.9611399036736855,0.8138920627329903,0.36677929454769753,0
5,Ar2_v_C=O|Ar1_NBO_=O|Ar1_HOMO|Ar2_NBO_-O|Ar2_I_C=O,0.962771857566945,0.8137401846603555,0.35899513062100097,0
5,Ar2_LUMO|Ar2_HOMO|Ar1_NBO_=O|ar2_enthalpy_hartree|sum_enthalpy_hartree,0.9449098488475665,0.8137269359701533,0.43670670149353685,0
5,Ar2_LUMO|Ar2_NBO_=O|Ar2_HOMO|Ar1_NBO_=O|Ar1_HOMO,0.9399771132667833,0.8137052204298055,0.45583882634927914,0
5,Ar1_LUMO|Ar2_HOMO|Ar1_NBO_=O|Ar2_NBO_C2|sum_enthalpy_hartree,0.943504893886005,0.8136678441111316,0.4422402723584522,0
4,Ar2_LUMO|Ar1_HOMO|Entry|Ar2_I_C=O,0.9452455583924125,0.813603009828701,0.435374061841371,0
4,Ar1_LUMO|Ar2_v_C=O|Ar2_NBO_C2|Ar1_NBO_C2,0.9388484208913633,0.8135998151023945,0.46010474550836394,0
5,Ar1_LUMO|Ar2_NBO_-O|Ar2_NBO_C2|Ar2_I_C=O|ar2_enthalpy_hartree,0.9464364667531338,0.8135436706011888,0.430613343177144,0
5,Ar2_LUMO|prod_homo_hartree|Ar1_v_C=O|Ar1_HOMO|Entry,0.9567074428995097,0.8134582171299265,0.3871323765927698,0
5,Ar1_LUMO|Ar1_HOMO|Ar2_NBO_-O|Ar2_NBO_C2|ar2_enthalpy_hartree,0.9413743850024838,0.8134449937128277,0.4505018515652047,0
5,Ar2_NBO_=O|Ar2_HOMO|Ar1_NBO_C2|Ar2_I_C=O|ar2_enthalpy_hartree,0.9486216075397259,0.8134157263867956,0.4217383847695943,0
5,prod_homo_hartree|sum_homo_hartree|Ar1_NBO_=O|Entry|sum_enthalpy_hartree,0.9286122447407519,0.8134011812664959,0.4971240081534455,0
5,Ar2_LUMO|prod_homo_hartree|Ar1_v_C=O|Ar2_v_C=O|Ar1_NBO_C2,0.9535676496576213,0.8133560968727287,0.40092506499260483,0
5,Ar1_LUMO|sum_homo_hartree|Ar1_NBO_C2|Entry|ar2_enthalpy_hartree,0.9388721732490922,0.8133354360556028,0.4600153804086693,0
4,Ar1_LUMO|prod_homo_hartree|Ar2_HOMO|ar2_enthalpy_hartree,0.9362747331950687,0.8133166355934406,0.4696871792568887,0
4,Ar1_v_C=O|Ar2_NBO_=O|Ar1_NBO_C2|Ar1_I_C=O,0.9386056060381349,0.81330649908489,0.4610173105268769,0
5,Ar1_LUMO|prod_homo_hartree|Ar2_NBO_C2|Entry|Ar1_I_C=O,0.9656339481988696,0.8132697172156692,0.3449194577418334,0
5,Ar2_LUMO|sum_homo_hartree|Ar1_NBO_=O|Ar1_NBO_C2|Entry,0.947933832856118,0.8132445948644483,0.4245517922297675,0
5,Ar2_LUMO|prod_homo_hartree|Ar1_NBO_=O|Ar1_HOMO|ar2_enthalpy_hartree,0.9491475786935523,0.8132445614761795,0.4195741202925889,0
5,Ar2_LUMO|prod_homo_hartree|Ar2_NBO_=O|Ar1_HOMO|ar2_enthalpy_hartree,0.9484174076853623,0.8132232600322309,0.42257563866016223,0
4,prod_homo_hartree|Ar2_NBO_=O|Ar2_HOMO|Entry,0.9165881181281959,0.8131502574655166,0.5373618546576341,0
5,Ar2_LUMO|Ar1_v_C=O|Ar1_NBO_-O|Ar1_NBO_C2|Entry,0.9639123769998185,0.8131197538774888,0.3534532774135054,0
3,Ar2_LUMO|Ar1_NBO_C2|sum_enthalpy_hartree,0.9145962441877097,0.8130957922513113,0.5437400959937075,0
3,Ar2_LUMO|Ar2_NBO_=O|Ar1_HOMO,0.9213063750889281,0.8130853157903906,0.521942486203537,0
4,Ar1_LUMO|Ar2_v_C=O|Ar1_I_C=O|sum_enthalpy_hartree,0.9703457133770316,0.8129740508221179,0.32040303032340633,0
4,Ar1_LUMO|Ar1_v_C=O|Ar2_NBO_=O|Ar2_NBO_C2,0.9389277286899347,0.8129186100059063,0.4598062926010823,0
5,Ar2_HOMO|Ar1_NBO_C2|Entry|Ar2_I_C=O|ar2_enthalpy_hartree,0.9467801522946718,0.8129052077090649,0.4292296242941645,0
5,Ar2_v_C=O|Ar1_HOMO|Ar2_NBO_C2|Ar2_I_C=O|sum_enthalpy_hartree,0.955956708480628,0.8128934945733255,0.39047457280861864,0
4,Ar1_LUMO|Ar2_NBO_C2|Ar2_I_C=O|ar2_enthalpy_hartree,0.9221622125052162,0.8127634779588457,0.5190965181748535,0
4,Ar2_LUMO|sum_homo_hartree|Ar2_v_C=O|Ar1_NBO_=O,0.9393832792825825,0.812721339799186,0.4580881879777003,0
5,Ar1_LUMO|Ar1_v_C=O|Ar2_HOMO|Ar2_NBO_C2|sum_enthalpy_hartree,0.9492484529685143,0.8126649626661879,0.4191577660243811,0
5,Ar2_v_C=O|Ar2_NBO_=O|Ar1_HOMO|Ar2_NBO_C2|Ar2_I_C=O,0.9564593177813,0.8126453926509083,0.3882401885529145,0
5,Ar2_LUMO|Ar1_NBO_=O|Ar2_NBO_-O|Ar1_NBO_C2|Ar1_I_C=O,0.9634014419844271,0.8126308448567929,0.35594661050020837,0
5,Ar1_LUMO|Ar2_v_C=O|Ar2_HOMO|Ar2_NBO_-O|Entry,0.9568486108842483,0.8126270264733713,0.38650068231313933,0
5,Ar2_LUMO|Ar2_NBO_=O|Ar1_NBO_=O|Entry|Ar2_I_C=O,0.9513669104974106,0.8126246725542654,0.4103163325931119,0
4,Ar1_NBO_=O|Ar1_NBO_-O|Ar2_NBO_-O|Ar2_I_C=O,0.9359420980400268,0.8126241795337317,0.4709114277104132,0
5,Ar1_LUMO|Ar2_LUMO|prod_homo_hartree|Ar1_v_C=O|Ar2_NBO_C2,0.9533905650552307,0.812572329823156,0.4016888653485704,0
5,Ar1_LUMO|Ar2_v_C=O|Ar2_HOMO|Ar1_NBO_-O|sum_enthalpy_hartree,0.9608528283266172,0.8125262240329358,0.36813157564186855,0
4,Ar2_LUMO|Ar1_NBO_=O|Ar1_NBO_-O|sum_enthalpy_hartree,0.9432251452226045,0.8124680570086871,0.44333384806184983,0
5,Ar2_NBO_=O|Ar1_NBO_-O|Ar2_NBO_-O|Ar2_NBO_C2|Ar2_I_C=O,0.9590906227932737,0.8124406614314436,0.37632607288266146,0
5,Ar2_v_C=O|Ar2_NBO_-O|Entry|Ar2_I_C=O|Ar1_I_C=O,0.9583110995411975,0.8124076832935232,0.37989457772401897,0
5,Ar1_LUMO|Ar2_LUMO|prod_homo_hartree|Ar1_v_C=O|Ar2_I_C=O,0.9717778031690483,0.8122970547755433,0.31257071248191104,0
5,Ar2_HOMO|Ar1_NBO_C2|Entry|ar2_enthalpy_hartree|Ar1_I_C=O,0.9354780959487898,0.8122447174905892,0.4726138689789711,0
5,Ar2_v_C=O|Ar1_HOMO|Ar2_NBO_C2|Entry|Ar1_I_C=O,0.9610429775507998,0.8122267018159105,0.3672364261317005,0
3,Ar1_v_C=O|Ar2_NBO_=O|Ar1_HOMO,0.9146587165736241,0.8122163480897457,0.5435411881409348,0
5,Ar1_LUMO|Ar2_NBO_=O|Ar1_HOMO|Ar2_NBO_C2|Entry,0.9475927451871764,0.812213435141964,0.42594015054049644,0
5,Ar1_LUMO|Ar2_LUMO|Ar2_NBO_=O|Entry|Ar2_I_C=O,0.9510468068665541,0.8122103143449937,0.41166447159681224,0
5,Ar1_LUMO|Ar2_LUMO|Ar1_v_C=O|Ar2_v_C=O|Ar1_HOMO,0.9512497063588647,0.8120755967835209,0.4108104594659106,0
5,Ar1_LUMO|Ar2_v_C=O|Ar1_NBO_=O|Ar1_NBO_-O|ar2_enthalpy_hartree,0.9616023520446983,0.812019444469829,0.3645903635881282,0
5,Ar2_LUMO|Ar1_NBO_=O|Ar1_HOMO|Ar2_NBO_-O|Entry,0.9561375042388697,0.8119005985777633,0.38967230824548954,0
4,Ar1_LUMO|Ar2_LUMO|Ar2_v_C=O|Ar2_NBO_C2,0.9402752206174045,0.8118753378588315,0.45470544158821785,0
5,Ar1_LUMO|Ar2_LUMO|Ar2_v_C=O|Ar2_NBO_-O|Ar1_I_C=O,0.9586977250780778,0.8118305901944807,0.3781288910748844,0
5,Ar2_LUMO|Ar1_v_C=O|Ar2_NBO_-O|Ar2_NBO_C2|Ar1_NBO_C2,0.9558485952659097,0.8118237013717542,0.39095352868380423,0
5,Ar1_LUMO|Ar2_LUMO|Ar2_NBO_=O|Ar2_HOMO|Entry,0.9430815309383883,0.8117833001161517,0.44389420934308327,0
5,Ar1_LUMO|Ar2_LUMO|Ar2_NBO_=O|Ar2_HOMO|Ar1_HOMO,0.9399771132667833,0.8117563515481685,0.4558388263492791,0
5,Ar1_LUMO|Ar2_HOMO|Ar1_NBO_=O|Entry|Ar1_I_C=O,0.9516821193302101,0.8117256916580295,0.40898446592683246,0
4,Ar1_LUMO|Ar2_HOMO|Entry|Ar1_I_C=O,0.9391174357477952,0.8117065456658596,0.45909159555980955,0
4,Ar2_LUMO|Ar1_NBO_=O|Ar1_NBO_-O|ar2_enthalpy_hartree,0.943377195069714,0.8116804899687103,0.44273979954466725,0
4,Ar1_LUMO|Ar1_v_C=O|Ar2_NBO_=O|Ar1_NBO_=O,0.9465769751883224,0.8116696271647669,0.4300481775253017,0
4,Ar1_LUMO|Ar2_HOMO|Ar1_NBO_=O|sum_enthalpy_hartree,0.9260974021120588,0.8116052473502413,0.5058045446371858,0
4,Ar1_LUMO|Ar2_LUMO|Ar2_NBO_=O|Ar2_HOMO,0.933223164492636,0.8115653813251882,0.48080147537788953,0
5,Ar1_v_C=O|Ar2_NBO_=O|Ar1_HOMO|Ar2_NBO_C2|Ar2_I_C=O,0.956041552190324,0.811515356881953,0.3900982921041582,0
5,Ar1_LUMO|Ar1_HOMO|Ar2_NBO_C2|Entry|Ar2_I_C=O,0.9540030259494671,0.8113990620462791,0.3990409866042613,0
5,Ar1_LUMO|Ar2_LUMO|Ar2_HOMO|ar2_enthalpy_hartree|sum_enthalpy_hartree,0.9384825177201461,0.8113870946472461,0.46147922103691585,0
4,Ar1_LUMO|Ar2_v_C=O|Ar2_NBO_=O|Entry,0.9442869271450549,0.8112944213272776,0.4391687514215651,0
5,Ar2_LUMO|sum_homo_hartree|Ar2_NBO_-O|Ar1_NBO_C2|Ar1_I_C=O,0.943371224375468,0.8112894657222764,0.44276314167946873,0
5,Ar1_LUMO|Ar2_LUMO|sum_homo_hartree|Ar1_NBO_=O|Ar1_HOMO,0.9399771132667833,0.8112822436612201,0.45583882634927914,0
4,Ar1_LUMO|Ar2_HOMO|Ar1_NBO_-O|ar2_enthalpy_hartree,0.9360402335521628,0.8112528896248096,0.4705505756866958,0
5,Ar1_LUMO|Ar2_LUMO|Ar1_v_C=O|Ar2_v_C=O|Ar2_NBO_C2,0.9549248421389785,0.8111530684810656,0.3950221993310439,0
5,Ar2_LUMO|prod_homo_hartree|Ar1_v_C=O|Ar2_NBO_=O|Ar2_NBO_C2,0.9513888545298924,0.8111215915856921,0.4102237514828185,0
5,Ar1_LUMO|Ar1_v_C=O|Ar1_NBO_=O|Ar2_NBO_C2|ar2_enthalpy_hartree,0.9489306200125487,0.8111057708375976,0.42046821105798354,0
4,Ar1_LUMO|Ar2_HOMO|Ar1_HOMO|ar2_enthalpy_hartree,0.9363392636526321,0.8110871757765886,0.469449308102947,0
4,Ar1_LUMO|sum_homo_hartree|Ar2_HOMO|ar2_enthalpy_hartree,0.9363392636526321,0.8110871757765884,0.46944930810294705,0
5,Ar1_LUMO|sum_homo_hartree|Ar2_HOMO|Ar1_HOMO|ar2_enthalpy_hartree,0.9363392636526321,0.8110871757765883,0.46944930810294694,0
4,Ar1_LUMO|sum_homo_hartree|Ar1_HOMO|ar2_enthalpy_hartree,0.9363392636526321,0.8110871757765883,0.46944930810294705,0
5,Ar2_LUMO|Ar2_HOMO|Ar1_NBO_=O|Entry|Ar2_I_C=O,0.9634756221620427,0.8110848864744532,0.3555857004371192,0
4,Ar2_NBO_=O|Ar1_NBO_-O|Ar2_NBO_-O|Ar2_I_C=O,0.9359267033028821,0.811052078552508,0.4709680102858294,0
4,Ar2_NBO_=O|Ar1_NBO_=O|Ar1_NBO_-O|Ar2_I_C=O,0.9359374551810535,0.8110514763217723,0.47092849301903006,0
4,Ar1_LUMO|Ar2_NBO_=O|Ar2_HOMO|Ar1_NBO_=O,0.9341089825332761,0.8110426172403207,0.47760182911591753,0
4,Ar2_LUMO|prod_homo_hartree|Ar2_v_C=O|Ar1_NBO_=O,0.9397671566524552,0.8110268700326487,0.4566353794148604,0
5,Ar2_LUMO|prod_homo_hartree|sum_homo_hartree|Ar1_HOMO|Entry,0.9438310228393926,0.8109906660801476,0.44096196601338966,0
5,Ar2_LUMO|prod_homo_hartree|Ar2_HOMO|Ar1_HOMO|Entry,0.9438310228393925,0.8109906660801474,0.44096196601339005,0
5,Ar2_LUMO|prod_homo_hartree|sum_homo_hartree|Ar2_HOMO|Entry,0.9438310228393926,0.8109906660801456,0.4409619660133898,0
5,Ar1_LUMO|prod_homo_hartree|sum_homo_hartree|Ar2_v_C=O|Ar1_HOMO,0.9707042001674184,0.8109319601139569,0.31846048653050246,0
5,Ar1_LUMO|prod_homo_hartree|sum_homo_hartree|Ar2_v_C=O|Ar2_HOMO,0.9707042001674183,0.8109319601139561,0.31846048653050296,0
5,Ar1_LUMO|prod_homo_hartree|Ar2_v_C=O|Ar2_HOMO|Ar1_HOMO,0.9707042001674182,0.8109319601139511,0.318460486530504,0
4,Ar1_LUMO|Ar2_LUMO|prod_homo_hartree|Ar2_v_C=O,0.9405315443220487,0.8109181843477273,0.4537286518343917,0
3,Ar1_LUMO|Ar2_NBO_C2|sum_enthalpy_hartree,0.9090879805220066,0.8109151948347186,0.5610008599935926,0
4,Ar1_LUMO|Ar1_HOMO|ar2_enthalpy_hartree|sum_enthalpy_hartree,0.9352672745870292,0.8109065993424145,0.4733853577011261,0
3,Ar2_LUMO|prod_homo_hartree|sum_enthalpy_hartree,0.9191562268736543,0.8108365097834328,0.5290249584868487,0
3,Ar1_LUMO|Ar1_v_C=O|Ar2_v_C=O,0.9422973759767423,0.8108000758600608,0.4469414730506887,0
5,Ar1_v_C=O|Ar1_HOMO|Ar2_NBO_C2|Entry|Ar2_I_C=O,0.9508502649711751,0.8107937635992385,0.41249003845328236,0
3,Ar2_LUMO|sum_homo_hartree|sum_enthalpy_hartree,0.9201059813510212,0.8107621296616994,0.5259082791424553,0
5,Ar1_LUMO|Ar2_HOMO|Ar2_NBO_C2|ar2_enthalpy_hartree|sum_enthalpy_hartree,0.9436146880497842,0.8107569281858186,0.4418103323320855,0
4,Ar2_LUMO|Ar1_HOMO|Ar1_NBO_C2|sum_enthalpy_hartree,0.9446260451708965,0.8107022434809693,0.43783013057346903,0
5,Ar1_LUMO|Ar2_LUMO|sum_homo_hartree|Ar2_NBO_=O|Ar1_HOMO,0.9399771132667833,0.8106861915491921,0.45583882634927914,0
5,prod_homo_hartree|Ar1_NBO_=O|Ar1_NBO_C2|Entry|Ar1_I_C=O,0.9469143809443384,0.810667440243788,0.4286879909594494,0
4,Ar2_LUMO|Ar1_NBO_C2|ar2_enthalpy_hartree|sum_enthalpy_hartree,0.9243656490621537,0.8106462370395462,0.511696464907425,0
5,Ar1_LUMO|Ar2_LUMO|Ar1_v_C=O|Ar2_NBO_=O|Entry,0.9536281669614066,0.8105806338717273,0.40066370825904235,0
4,Ar1_LUMO|Ar2_LUMO|Ar2_NBO_=O|Ar1_HOMO,0.9367716941957198,0.8105720053178018,0.46785216875719715,0
5,Ar1_LUMO|Ar2_LUMO|Ar2_v_C=O|Ar2_NBO_-O|sum_enthalpy_hartree,0.960873002506346,0.8105672113504717,0.36803670659604415,0
5,Ar1_LUMO|sum_homo_hartree|Ar2_NBO_=O|ar2_enthalpy_hartree|sum_enthalpy_hartree,0.9479534204990789,0.8105659035702671,0.42447192509474585,0
4,Ar2_NBO_=O|Ar1_NBO_=O|Ar2_NBO_-O|Ar2_I_C=O,0.9359537383370677,0.8105496157669656,0.4708686398749265,0
5,Ar1_LUMO|Ar2_LUMO|sum_homo_hartree|Ar2_HOMO|sum_enthalpy_hartree,0.9384825177201461,0.8104075023085668,0.46147922103691585,0
5,Ar2_LUMO|sum_homo_hartree|Ar1_v_C=O|Ar2_NBO_-O|Ar1_NBO_C2,0.9532675259030529,0.8104048620362346,0.4022187031761975,0
4,Ar1_LUMO|sum_homo_hartree|Ar2_NBO_=O|Ar1_NBO_=O,0.93542099129385,0.8104006574058591,0.47282296450599454,0
5,Ar1_LUMO|Ar2_v_C=O|Ar1_NBO_-O|Ar1_NBO_C2|sum_enthalpy_hartree,0.9625795959310615,0.8103527400365883,0.359920937049468,0
4,Ar1_LUMO|Ar2_LUMO|sum_homo_hartree|Ar2_NBO_=O,0.9350273242459075,0.8103294527904605,0.4742619151879332,0
5,Ar1_HOMO|Ar2_NBO_-O|Ar2_NBO_C2|Ar2_I_C=O|sum_enthalpy_hartree,0.9473679470491061,0.810306128312078,0.4268526968426627,0
4,Ar1_v_C=O|Ar2_v_C=O|Ar2_I_C=O|ar2_enthalpy_hartree,0.9498879452545033,0.8102916142157909,0.4165086063674858,0
5,Ar1_LUMO|Ar2_LUMO|Ar2_HOMO|Ar1_HOMO|sum_enthalpy_hartree,0.9384825177201461,0.8102852066762256,0.46147922103691585,0
4,Ar2_NBO_=O|Ar1_HOMO|Ar1_NBO_C2|Entry,0.915197997257451,0.8102579042655818,0.5418211191024234,0
5,prod_homo_hartree|sum_homo_hartree|Ar1_v_C=O|Ar2_NBO_=O|Ar1_NBO_=O,0.9706325955795397,0.8102139002320117,0.3188494384477011,0
5,Ar2_LUMO|sum_homo_hartree|Ar2_NBO_=O|Ar1_NBO_=O|ar2_enthalpy_hartree,0.9486693267351677,0.8102121863220767,0.42154248829890917,0
5,Ar1_LUMO|Ar2_v_C=O|Ar1_NBO_=O|Ar1_NBO_C2|sum_enthalpy_hartree,0.9628477295032477,0.8101939208827534,0.3586291232697436,0
4,Ar2_LUMO|Ar1_NBO_=O|Ar1_NBO_C2|Ar2_I_C=O,0.9377104386613546,0.810153397959863,0.4643661033810782,0
5,Ar1_LUMO|prod_homo_hartree|Ar1_HOMO|Entry|sum_enthalpy_hartree,0.9495548293618422,0.8100856672090385,0.4178906672804613,0
5,Ar1_LUMO|prod_homo_hartree|Ar2_v_C=O|Ar2_HOMO|Entry,0.9542597257974486,0.8100816801838125,0.39792594503411816,0
5,Ar1_LUMO|Ar2_LUMO|Ar2_v_C=O|Ar2_HOMO|Entry,0.9478554466834691,0.8100498306937466,0.4248712556727253,0
4,Ar1_v_C=O|Ar2_NBO_=O|Entry|Ar1_I_C=O,0.9391884555093262,0.80998073310048,0.4588237513097289,0
5,sum_homo_hartree|Ar2_NBO_-O|Ar1_NBO_C2|ar2_enthalpy_hartree|Ar1_I_C=O,0.9440427581182903,0.8099753461295217,0.4401300534046668,0
5,Ar1_LUMO|Ar2_v_C=O|Ar2_NBO_-O|Ar1_NBO_C2|ar2_enthalpy_hartree,0.9626878502360776,0.8099395649586825,0.3593999484080138,0
5,Ar2_LUMO|sum_homo_hartree|Ar2_v_C=O|Ar2_HOMO|Ar1_NBO_=O,0.9504042334738869,0.8099054310683358,0.4143574749938368,0
5,Ar2_LUMO|sum_homo_hartree|Ar2_v_C=O|Ar1_NBO_=O|Ar1_HOMO,0.950404233473887,0.8099054310683349,0.4143574749938365,0
5,Ar2_LUMO|Ar2_v_C=O|Ar2_HOMO|Ar1_NBO_=O|Ar1_HOMO,0.950404233473887,0.8099054310683347,0.4143574749938365,0
4,Ar1_LUMO|Ar2_LUMO|Ar2_v_C=O|Ar1_HOMO,0.9416596213044887,0.8098908767415056,0.4494045823637807,0
5,Ar2_NBO_=O|Ar1_NBO_=O|Ar1_NBO_-O|Ar2_NBO_C2|Ar2_I_C=O,0.958989045716159,0.8098866670006957,0.37679298787753307,0
4,Ar1_LUMO|Ar2_NBO_=O|Ar1_NBO_=O|Ar1_I_C=O,0.9413257105743522,0.8098677785141595,0.45068882930884846,0
4,Ar1_LUMO|Ar2_NBO_=O|Ar2_NBO_-O|ar2_enthalpy_hartree,0.9430352029964266,0.8097916155370671,0.444074823145814,0
3,Ar2_HOMO|Ar1_NBO_=O|Entry,0.8913793045735092,0.8097893450047267,0.6132099087855066,0
5,Ar1_LUMO|Ar2_v_C=O|Ar2_HOMO|Ar2_NBO_-O|ar2_enthalpy_hartree,0.9612918843893065,0.8097618661305008,0.3660613602852654,0
5,Ar1_LUMO|Ar2_LUMO|sum_homo_hartree|Ar1_NBO_=O|ar2_enthalpy_hartree,0.9484238700301475,0.8097612451846771,0.4225491673751003,0
5,Ar2_LUMO|prod_homo_hartree|Ar2_NBO_=O|Ar1_NBO_=O|ar2_enthalpy_hartree,0.9487447684111817,0.8097329024271583,0.4212325998505897,0
4,Ar1_LUMO|Ar2_NBO_=O|Ar1_NBO_=O|Ar1_HOMO,0.93669145380717,0.809713434668458,0.4681489404053261,0
5,Ar1_LUMO|prod_homo_hartree|Ar1_NBO_=O|Ar2_NBO_C2|ar2_enthalpy_hartree,0.9463247991970878,0.809651183925365,0.4310619739993471,0
5,Ar1_LUMO|Ar2_v_C=O|Ar2_HOMO|Ar1_NBO_=O|Ar2_NBO_C2,0.9430997200023905,0.8096500371442248,0.4438232774868627,0
5,Ar1_LUMO|Ar2_LUMO|prod_homo_hartree|Ar1_NBO_=O|ar2_enthalpy_hartree,0.9484820211857361,0.8096260031743198,0.42231089191374993,0
5,Ar1_LUMO|Ar2_v_C=O|Ar1_HOMO|Ar2_NBO_C2|ar2_enthalpy_hartree,0.9653068520371006,0.8096231284560014,0.3465570424407591,0
5,Ar1_LUMO|Ar2_v_C=O|Ar2_HOMO|Ar1_HOMO|sum_enthalpy_hartree,0.9631880834425323,0.8096128636515674,0.3569826333978719,0
5,Ar1_LUMO|sum_homo_hartree|Ar2_v_C=O|Ar2_HOMO|sum_enthalpy_hartree,0.9631880834425323,0.8096128636515671,0.3569826333978721,0
5,Ar1_LUMO|sum_homo_hartree|Ar2_v_C=O|Ar1_HOMO|sum_enthalpy_hartree,0.9631880834425323,0.8096128636515669,0.3569826333978719,0
5,Ar1_LUMO|Ar2_NBO_=O|Ar2_HOMO|Ar1_NBO_=O|Entry,0.9434585951090463,0.809568502433544,0.44242144725935006,0
5,Ar2_LUMO|Ar2_v_C=O|Ar2_NBO_=O|Entry|sum_enthalpy_hartree,0.9472361917924749,0.8095077957598785,0.4273866389047174,0
5,Ar2_LUMO|prod_homo_hartree|Ar1_v_C=O|Ar2_HOMO|Ar1_NBO_=O,0.9488456956566899,0.8094972197677449,0.42081766859425734,0
5,Ar1_LUMO|Ar2_LUMO|Ar2_v_C=O|Ar1_NBO_-O|sum_enthalpy_hartree,0.9608890012084474,0.8094883663025716,0.36796145533692337,0
5,Ar1_HOMO|Ar2_NBO_-O|Ar2_NBO_C2|Ar2_I_C=O|ar2_enthalpy_hartree,0.9451950248713272,0.8094367873378157,0.43557492144095106,0
4,Ar1_LUMO|Ar1_NBO_=O|Ar1_HOMO|Ar2_NBO_C2,0.9197950524586591,0.8094321451623476,0.5269306416096691,0
5,Ar1_LUMO|Ar2_NBO_=O|Ar1_NBO_=O|Ar2_I_C=O|Ar1_I_C=O,0.9438583778902477,0.8093072522005094,0.44085457571871395,0
5,Ar1_LUMO|Ar1_v_C=O|Ar2_NBO_=O|ar2_enthalpy_hartree|sum_enthalpy_hartree,0.9668317484731789,0.8091689186143649,0.33885520697342175,0
4,Ar2_LUMO|Ar1_NBO_=O|Ar2_NBO_-O|Ar1_I_C=O,0.9531279425639352,0.8091620727868809,0.4028189407025039,0
4,Ar1_LUMO|Ar2_NBO_=O|Ar2_HOMO|Ar1_HOMO,0.936820277822289,0.8090946687577946,0.46767238912543424,0
4,Ar1_LUMO|sum_homo_hartree|Ar2_NBO_=O|Ar2_HOMO,0.936820277822289,0.809094668757794,0.46767238912543424,0
4,Ar1_LUMO|sum_homo_hartree|Ar2_NBO_=O|Ar1_HOMO,0.936820277822289,0.8090946687577939,0.4676723891254342,0
5,Ar1_LUMO|sum_homo_hartree|Ar2_NBO_=O|Ar2_HOMO|Ar1_HOMO,0.936820277822289,0.8090946687577939,0.46767238912543424,0
5,Ar1_LUMO|Ar2_LUMO|Ar1_v_C=O|Ar2_NBO_-O|Ar1_NBO_C2,0.9554470437203298,0.8090375148528886,0.39272734156791667,0
3,Ar1_LUMO|sum_homo_hartree|Entry,0.9123002137610672,0.8090086584723257,0.5510006889454762,0
4,Ar1_LUMO|Ar1_v_C=O|Ar2_v_C=O|Entry,0.9481228617183208,0.8090074564130456,0.4237804130463612,0
5,Ar2_LUMO|sum_homo_hartree|Ar2_NBO_=O|Ar2_HOMO|Ar1_NBO_=O,0.9399771132667833,0.8089438760551024,0.4558388263492792,0
5,Ar1_LUMO|Ar2_LUMO|Ar1_v_C=O|Ar1_HOMO|Ar2_I_C=O,0.97120462863335,0.8089389998612031,0.31572881268282704,0
5,Ar1_LUMO|prod_homo_hartree|Ar2_NBO_=O|ar2_enthalpy_hartree|sum_enthalpy_hartree,0.9479140777752105,0.8089355402973666,0.4246323268653692,0
5,Ar1_LUMO|sum_homo_hartree|Ar2_HOMO|Entry|sum_enthalpy_hartree,0.9501669756639654,0.8089168681813321,0.41534740074982346,0
5,Ar1_LUMO|sum_homo_hartree|Ar1_HOMO|Entry|sum_enthalpy_hartree,0.9501669756639654,0.8089168681813311,0.41534740074982385,0
5,Ar1_LUMO|Ar2_HOMO|Ar1_HOMO|Entry|sum_enthalpy_hartree,0.9501669756639654,0.808916868181331,0.4153474007498238,0
5,Ar2_LUMO|prod_homo_hartree|sum_homo_hartree|Ar1_v_C=O|Ar2_v_C=O,0.9681010317021419,0.8088806680898942,0.33230830325688493,0
5,prod_homo_hartree|sum_homo_hartree|Ar2_v_C=O|Ar2_HOMO|ar2_enthalpy_hartree,0.9712726758294635,0.8088596615245233,0.3153555379675542,0
5,prod_homo_hartree|sum_homo_hartree|Ar2_v_C=O|Ar1_HOMO|ar2_enthalpy_hartree,0.9712726758294636,0.8088596615245222,0.315355537967554,0
5,prod_homo_hartree|Ar2_v_C=O|Ar2_HOMO|Ar1_HOMO|ar2_enthalpy_hartree,0.9712726758294633,0.8088596615245012,0.3153555379675555,0
5,Ar1_LUMO|Ar2_v_C=O|Ar1_NBO_-O|Ar2_NBO_-O|sum_enthalpy_hartree,0.9611162885314183,0.8087624280991731,0.36689072285774144,0
5,Ar2_v_C=O|Ar2_HOMO|Ar2_NBO_-O|Ar1_NBO_C2|Ar2_I_C=O,0.9592331626801179,0.8087253224036234,0.37566988734984846,0
5,Ar1_LUMO|Ar2_LUMO|sum_homo_hartree|Ar1_v_C=O|Ar2_v_C=O,0.9512497063588647,0.8086502805393845,0.4108104594659107,0
5,Ar1_LUMO|prod_homo_hartree|Ar2_HOMO|Entry|sum_enthalpy_hartree,0.9504667606039107,0.8086372656324436,0.414096195083794,0
3,Ar2_LUMO|Ar1_NBO_=O|Ar1_NBO_-O,0.9301337205965091,0.8086174569287928,0.4917979143694643,0
5,Ar1_LUMO|sum_homo_hartree|Ar1_v_C=O|Ar1_NBO_=O|ar2_enthalpy_hartree,0.9421297738847579,0.8085683474798342,0.4475900918234545,0
4,Ar2_NBO_=O|Ar1_NBO_-O|Ar2_I_C=O|Ar1_I_C=O,0.9357854817213609,0.8085621473754896,0.47148674619059205,0
4,Ar2_LUMO|Ar2_HOMO|Ar1_NBO_C2|Entry,0.9245042440836629,0.8085116950692547,0.5112274247166808,0
5,Ar1_LUMO|Ar2_NBO_=O|Ar2_NBO_-O|Ar2_NBO_C2|Ar2_I_C=O,0.9516701924407138,0.8084898881526443,0.4090349401144594,0
4,Ar2_LUMO|prod_homo_hartree|Ar2_HOMO|Ar2_NBO_C2,0.9340476724769616,0.8084692137578973,0.47782397613856703,0
4,sum_homo_hartree|Ar2_NBO_-O|Ar1_NBO_C2|Ar1_I_C=O,0.9363055920367336,0.8084690750864463,0.4695734429155451,0
3,Ar2_NBO_=O|Ar1_HOMO|Ar1_NBO_C2,0.9076946382243724,0.8084502702256183,0.5652835387753756,0
5,Ar1_LUMO|Ar2_HOMO|Ar2_NBO_C2|Ar1_NBO_C2|ar2_enthalpy_hartree,0.9438638212868173,0.8084471245496858,0.4408332029442317,0
5,prod_homo_hartree|sum_homo_hartree|Ar2_NBO_C2|Entry|Ar2_I_C=O,0.9655279101207316,0.8083532264686424,0.3454511805435077,0
5,Ar2_LUMO|Ar2_NBO_=O|Ar1_NBO_=O|Ar1_HOMO|ar2_enthalpy_hartree,0.9490778730641628,0.8082952904897438,0.4198615860790613,0
5,Ar1_LUMO|Ar2_v_C=O|Ar2_NBO_-O|ar2_enthalpy_hartree|sum_enthalpy_hartree,0.9616015013348066,0.8082856601664119,0.3645944023629929,0
5,Ar1_LUMO|Ar2_LUMO|prod_homo_hartree|Ar2_HOMO|sum_enthalpy_hartree,0.9388939836254999,0.8082361372900227,0.45993330646423947,0
3,Ar1_LUMO|Ar2_I_C=O|ar2_enthalpy_hartree,0.9071714250787307,0.8082353906977005,0.5668833691540486,0
5,Ar2_v_C=O|Ar1_NBO_-O|Ar2_NBO_-O|Ar2_NBO_C2|Ar1_I_C=O,0.9554599022384643,0.8082347581067799,0.3926706645650576,0
5,Ar2_LUMO|Ar2_v_C=O|Ar2_HOMO|Ar1_HOMO|Ar2_NBO_C2,0.9530032105775381,0.8081805531444299,0.4033545585869226,0
5,Ar2_LUMO|sum_homo_hartree|Ar2_v_C=O|Ar1_HOMO|Ar2_NBO_C2,0.9530032105775381,0.8081805531444298,0.4033545585869227,0
5,Ar2_LUMO|sum_homo_hartree|Ar2_v_C=O|Ar2_HOMO|Ar2_NBO_C2,0.9530032105775381,0.8081805531444297,0.4033545585869227,0
5,prod_homo_hartree|sum_homo_hartree|Ar2_NBO_-O|Ar1_NBO_C2|Entry,0.9384006429121075,0.8081690350473505,0.46178621473927517,0
5,prod_homo_hartree|sum_homo_hartree|Ar1_v_C=O|ar2_enthalpy_hartree|sum_enthalpy_hartree,0.9715850680272065,0.8081484518759503,0.31363620106040524,0
5,Ar1_LUMO|Ar1_v_C=O|Ar2_HOMO|ar2_enthalpy_hartree|Ar1_I_C=O,0.9677729137850266,0.808137759760541,0.33401301904752395,0
5,Ar1_LUMO|Ar2_LUMO|prod_homo_hartree|Ar1_NBO_-O|Entry,0.9609854014825316,0.8080895921260207,0.36750770229179586,0
5,Ar1_LUMO|Ar1_NBO_=O|Ar1_HOMO|Ar2_NBO_C2|Ar1_I_C=O,0.9619965210446576,0.8080870843135818,0.36271419480802874,0
5,Ar2_LUMO|Ar1_v_C=O|Ar1_NBO_-O|Ar2_NBO_-O|Ar1_NBO_C2,0.9551995024166325,0.808064214289758,0.3938168492454219,0
5,Ar2_LUMO|sum_homo_hartree|Ar2_v_C=O|Ar1_NBO_C2|Entry,0.9432163925706041,0.8079808344932854,0.4433680198564425,0
5,prod_homo_hartree|Ar2_v_C=O|Ar2_HOMO|Ar1_NBO_=O|ar2_enthalpy_hartree,0.9478409036327105,0.8079570765966773,0.4249304995733888,0
5,prod_homo_hartree|sum_homo_hartree|Ar2_v_C=O|Ar2_HOMO|Ar1_NBO_-O,0.9706900023383316,0.8078923715708373,0.31853764605340346,0
5,prod_homo_hartree|sum_homo_hartree|Ar2_v_C=O|Ar1_HOMO|Ar1_NBO_-O,0.9706900023383317,0.807892371570835,0.31853764605340285,0
5,prod_homo_hartree|Ar2_v_C=O|Ar2_HOMO|Ar1_HOMO|Ar1_NBO_-O,0.9706900023383312,0.8078923715708315,0.31853764605340495,0
5,Ar1_LUMO|Ar2_LUMO|Ar2_HOMO|Ar1_NBO_=O|sum_enthalpy_hartree,0.9461108311051201,0.8078490226959947,0.4319203012224502,0
4,Ar1_LUMO|prod_homo_hartree|Ar1_HOMO|ar2_enthalpy_hartree,0.9364408746892181,0.8077491201043876,0.46907450659146255,0
5,Ar1_LUMO|Ar2_LUMO|Ar2_v_C=O|Ar2_NBO_C2|Entry,0.947291092297347,0.807720171679139,0.42716423410012033,0
5,prod_homo_hartree|sum_homo_hartree|Ar1_NBO_C2|Entry|sum_enthalpy_hartree,0.9352661851963316,0.8076993536064976,0.4733893409988483,0
4,Ar1_LUMO|prod_homo_hartree|Ar2_NBO_=O|Ar1_NBO_C2,0.9362227107840205,0.807683388709736,0.46987885577711336,0
5,Ar1_LUMO|Ar2_NBO_=O|Ar1_NBO_=O|Entry|Ar2_I_C=O,0.951014632245568,0.8076759489693509,0.4117997331789657,0
5,Ar1_HOMO|Ar2_NBO_C2|Entry|Ar2_I_C=O|ar2_enthalpy_hartree,0.9501354714566983,0.8076170046973532,0.41547867035797614,0
5,Ar1_LUMO|Ar2_LUMO|Ar2_NBO_=O|Ar2_HOMO|ar2_enthalpy_hartree,0.94663833170005,0.8075956279389089,0.42980115073611297,0
5,Ar1_LUMO|Ar2_LUMO|sum_homo_hartree|Ar2_NBO_=O|Ar1_NBO_=O,0.9399771132667832,0.807469990654028,0.45583882634927925,0
5,Ar1_LUMO|Ar1_v_C=O|Ar1_NBO_-O|Entry|ar2_enthalpy_hartree,0.9226689777041942,0.807442913209373,0.5174039622625276,0
4,Ar1_LUMO|prod_homo_hartree|Ar2_NBO_=O|Ar1_NBO_=O,0.9359319486596694,0.8074016287401007,0.4709487320065889,0
4,Ar2_LUMO|Ar2_NBO_=O|Entry|sum_enthalpy_hartree,0.9277928501799338,0.8073925748101279,0.49996888326359995,0
4,Ar1_LUMO|Ar2_LUMO|prod_homo_hartree|Ar2_NBO_=O,0.9354971688573438,0.8073089678850659,0.4725440106301896,0
4,Ar1_LUMO|sum_homo_hartree|Ar1_v_C=O|ar2_enthalpy_hartree,0.9266798897368778,0.8072696939009533,0.5038072688903854,0
4,Ar2_NBO_=O|Ar1_NBO_-O|Ar2_I_C=O|ar2_enthalpy_hartree,0.9334992149734954,0.8072656278825289,0.47980664737320877,0
4,prod_homo_hartree|Ar2_v_C=O|Ar2_HOMO|ar2_enthalpy_hartree,0.9415164568465659,0.8072574236158335,0.44995565301300305,0
3,Ar2_LUMO|Ar2_HOMO|Ar1_NBO_C2,0.8982847799395689,0.8072038003309797,0.5933976826705469,0
5,Ar1_LUMO|Ar1_v_C=O|Ar1_NBO_-O|Ar2_NBO_C2|Ar1_NBO_C2,0.9562807621271662,0.8071918449224035,0.38903543970247,0
3,Ar1_NBO_=O|Ar2_NBO_-O|Ar1_I_C=O,0.9308747282855526,0.8071856640283895,0.4891829370087591,0
4,prod_homo_hartree|sum_homo_hartree|Ar1_NBO_C2|Ar1_I_C=O,0.9375958350994998,0.8071372333231667,0.46479308948026266,0
4,Ar1_LUMO|Ar1_HOMO|Ar2_NBO_C2|sum_enthalpy_hartree,0.9295631962635414,0.8071364450743495,0.49380182956652335,0
5,Ar1_LUMO|Ar1_v_C=O|Ar2_NBO_-O|Ar1_NBO_C2|ar2_enthalpy_hartree,0.9455641236990259,0.8071072555191767,0.4341056953772794,0
5,Ar1_LUMO|prod_homo_hartree|Ar2_v_C=O|Ar1_HOMO|sum_enthalpy_hartree,0.9626977349917604,0.8071055693486309,0.35935233903648234,0
5,Ar1_LUMO|Ar1_v_C=O|Ar2_v_C=O|Ar2_NBO_=O|sum_enthalpy_hartree,0.9640729268107091,0.8070680056402996,0.35266616388230365,0
4,Ar1_LUMO|sum_homo_hartree|Ar2_NBO_=O|Ar1_NBO_C2,0.9356179395767199,0.8070517557161161,0.4721014237128323,0
5,Ar1_LUMO|sum_homo_hartree|Ar1_v_C=O|Ar2_NBO_C2|Entry,0.9461968964140092,0.8070174855596534,0.43157525778449235,0
5,Ar1_LUMO|Ar2_LUMO|Ar2_v_C=O|Ar1_I_C=O|sum_enthalpy_hartree,0.9761515702102016,0.8069293189794473,0.2873311885878085,0
5,Ar1_LUMO|sum_homo_hartree|Ar1_NBO_-O|Ar2_NBO_-O|Entry,0.9606735300049407,0.8069109594547991,0.36897365395147835,0
5,Ar1_v_C=O|Ar2_v_C=O|Ar1_NBO_-O|Ar2_NBO_-O|Ar1_I_C=O,0.9580063037373006,0.8068768588821328,0.38128079084907157,0
4,Ar1_LUMO|prod_homo_hartree|sum_homo_hartree|Ar1_NBO_C2,0.9360429757512732,0.8068686495631439,0.470540488429718,0
4,Ar1_LUMO|Entry|Ar2_I_C=O|ar2_enthalpy_hartree,0.9216671701841543,0.8068017570693837,0.520744608792058,0
5,Ar1_LUMO|Ar2_v_C=O|Ar1_NBO_C2|ar2_enthalpy_hartree|sum_enthalpy_hartree,0.9626066841514864,0.806718023065622,0.3597906420543946,0
5,Ar1_v_C=O|Ar2_NBO_=O|Ar1_HOMO|Ar1_NBO_-O|Ar2_I_C=O,0.9523606621066512,0.8066998169824116,0.40610256532810574,0
5,Ar2_NBO_=O|Ar1_HOMO|Ar1_NBO_C2|Ar2_I_C=O|sum_enthalpy_hartree,0.9420549950477473,0.8066105466902492,0.44787918228788937,0
3,Ar2_LUMO|prod_homo_hartree|Ar2_HOMO,0.9166559615146015,0.806573012391325,0.5371432775008641,0
5,Ar1_v_C=O|Ar2_NBO_C2|Ar1_NBO_C2|Ar2_I_C=O|ar2_enthalpy_hartree,0.9518338869406076,0.8065337803939506,0.40834164579249616,0
5,Ar1_v_C=O|Ar2_HOMO|Ar2_NBO_C2|Ar1_I_C=O|sum_enthalpy_hartree,0.9539232983719574,0.806452533276093,0.39938667017969937,0
3,Ar1_HOMO|Ar2_NBO_C2|Entry,0.9147287462089073,0.8063228362876205,0.5433181319510514,0
5,Ar1_v_C=O|Ar2_NBO_=O|Ar2_HOMO|Entry|Ar1_I_C=O,0.9499761094235721,0.8062453517508648,0.4161420548376612,0
4,Ar1_LUMO|Ar2_NBO_=O|Ar2_NBO_-O|sum_enthalpy_hartree,0.9418673206246843,0.8062205761109482,0.44860389977401793,0
5,Ar1_LUMO|Ar2_LUMO|Ar1_v_C=O|Ar2_NBO_=O|Ar1_NBO_=O,0.9494277602479778,0.8061919558972861,0.41841666013971357,0
5,Ar2_LUMO|prod_homo_hartree|Ar1_v_C=O|Ar2_v_C=O|Ar2_I_C=O,0.9707731240523398,0.8060829488627503,0.3180856468032539,0
5,Ar2_NBO_=O|Ar1_NBO_=O|Ar2_NBO_-O|Ar2_NBO_C2|Ar2_I_C=O,0.9585898758293381,0.8060761085420591,0.37862225771921854,0
5,Ar1_LUMO|Ar2_v_C=O|Ar1_NBO_=O|Ar1_NBO_C2|Entry,0.9492126475548524,0.8060726507785136,0.419305598671285,0
5,Ar1_v_C=O|Ar2_v_C=O|Ar1_NBO_-O|Ar1_NBO_C2|Ar1_I_C=O,0.956977644988283,0.8060601357866376,0.3859223798693895,0
5,Ar1_LUMO|sum_homo_hartree|Ar1_NBO_=O|Ar2_NBO_C2|ar2_enthalpy_hartree,0.9455699639540152,0.8059621199980277,0.43408240783117924,0
5,Ar1_LUMO|Ar1_v_C=O|Ar1_HOMO|Ar2_NBO_C2|Ar1_NBO_C2,0.9551280814574478,0.8059404084456276,0.39413063567226386,0
4,Ar2_LUMO|Ar1_NBO_=O|Ar1_I_C=O|sum_enthalpy_hartree,0.9511986586927305,0.8059052667437647,0.411025488204117,0
5,Ar1_LUMO|Ar2_v_C=O|Ar2_NBO_=O|Ar1_I_C=O|sum_enthalpy_hartree,0.973130438783485,0.8058963488873951,0.30498828768577146,0
4,Ar2_LUMO|sum_homo_hartree|ar2_enthalpy_hartree|sum_enthalpy_hartree,0.9314168194664209,0.8058827205454497,0.4872610371218114,0
5,Ar1_LUMO|Ar2_LUMO|sum_homo_hartree|Ar1_v_C=O|Ar2_NBO_=O,0.9494952748669543,0.8058778346443356,0.41813727093232333,0
5,Ar1_LUMO|Ar2_NBO_-O|Entry|ar2_enthalpy_hartree|sum_enthalpy_hartree,0.9448454401357674,0.805848227192869,0.43696191498364173,0
5,Ar2_LUMO|prod_homo_hartree|Ar2_NBO_=O|Ar2_HOMO|Ar1_HOMO,0.9483098025492824,0.8058348092226338,0.4230161711889614,0
5,Ar2_LUMO|prod_homo_hartree|sum_homo_hartree|Ar2_NBO_=O|Ar1_HOMO,0.9483098025492825,0.8058348092226335,0.42301617118896095,0
5,Ar2_LUMO|prod_homo_hartree|sum_homo_hartree|Ar2_NBO_=O|Ar2_HOMO,0.9483098025492824,0.8058348092226331,0.4230161711889613,0
5,Ar2_HOMO|Ar1_NBO_-O|Ar1_NBO_C2|Entry|Ar1_I_C=O,0.9445169599094069,0.8058124001505953,0.4382611754182566,0
5,Ar1_LUMO|Ar1_v_C=O|Ar2_HOMO|Ar1_NBO_=O|sum_enthalpy_hartree,0.9368637829403079,0.8057929298272901,0.46751134341692846,0
5,prod_homo_hartree|sum_homo_hartree|Ar1_v_C=O|Ar2_I_C=O|Ar1_I_C=O,0.9746780981773043,0.8057626746297198,0.296074520621215,0
5,prod_homo_hartree|Ar1_v_C=O|Ar2_v_C=O|Ar2_HOMO|Ar1_HOMO,0.9783685907799144,0.8057605529327301,0.2736498920309716,0
5,prod_homo_hartree|sum_homo_hartree|Ar2_v_C=O|Ar1_HOMO|sum_enthalpy_hartree,0.9704865494409948,0.8057463070947465,0.31964128537456926,0
5,prod_homo_hartree|sum_homo_hartree|Ar2_v_C=O|Ar2_HOMO|sum_enthalpy_hartree,0.9704865494409947,0.8057463070947415,0.31964128537456965,0
5,prod_homo_hartree|Ar2_v_C=O|Ar2_HOMO|Ar1_HOMO|sum_enthalpy_hartree,0.9704865494409946,0.8057463070947286,0.3196412853745705,0
4,Ar2_LUMO|Ar1_v_C=O|Ar1_HOMO|Ar1_NBO_-O,0.9486715758325935,0.8057162230885773,0.4215332530751084,0
5,Ar1_LUMO|Ar1_v_C=O|Ar2_NBO_C2|Entry|ar2_enthalpy_hartree,0.9426946170298252,0.8057116624072982,0.44540038089417916,0
5,Ar1_LUMO|Ar2_LUMO|Ar1_NBO_=O|Ar1_HOMO|ar2_enthalpy_hartree,0.9490424364158732,0.805654433460101,0.4200076512639932,0
5,Ar1_v_C=O|Ar1_HOMO|Ar2_NBO_-O|Ar2_I_C=O|sum_enthalpy_hartree,0.9374933757180844,0.8055842342723736,0.4651744973647839,0
5,Ar1_LUMO|Ar2_v_C=O|Ar2_NBO_C2|Ar1_NBO_C2|Ar1_I_C=O,0.9505341942170025,0.805582708514922,0.41381422772996,0
5,Ar1_LUMO|sum_homo_hartree|Ar1_v_C=O|Ar2_NBO_=O|Ar1_NBO_C2,0.946127686148776,0.8055693401854925,0.4318527495694945,0
5,Ar1_LUMO|Ar2_LUMO|Ar2_HOMO|Ar2_NBO_C2|ar2_enthalpy_hartree,0.9440802843866785,0.8055302739368815,0.4399824477689786,0
5,Ar1_LUMO|prod_homo_hartree|Ar1_v_C=O|Ar2_HOMO|sum_enthalpy_hartree,0.9571688254079417,0.8055230517699398,0.38506395462824244,0
4,Ar2_NBO_=O|Ar1_HOMO|Ar2_I_C=O|ar2_enthalpy_hartree,0.9230173412840401,0.8055218657073243,0.5162372367823558,0
5,Ar2_LUMO|Ar1_v_C=O|Ar2_NBO_=O|Ar1_NBO_-O|Ar2_NBO_C2,0.9519812526957498,0.8055137179786849,0.4077165001353055,0
4,prod_homo_hartree|sum_homo_hartree|Ar2_NBO_-O|Ar1_NBO_C2,0.9243336488150112,0.8054874271492641,0.511804700659657,0
5,Ar2_LUMO|Ar2_NBO_C2|Entry|ar2_enthalpy_hartree|sum_enthalpy_hartree,0.9418693140426344,0.8054658153454726,0.44859620820756824,0
5,Ar1_LUMO|Ar2_NBO_=O|Ar2_HOMO|Ar1_NBO_=O|ar2_enthalpy_hartree,0.9468669011904506,0.8054526957583671,0.4288796572859362,0
4,Ar2_LUMO|prod_homo_hartree|sum_homo_hartree|Entry,0.9206926288277157,0.8054356015998646,0.5239738964694022,0
5,Ar1_v_C=O|Ar2_NBO_=O|ar2_enthalpy_hartree|Ar1_I_C=O|sum_enthalpy_hartree,0.9535616374445536,0.8054285648001513,0.4009510206988533,0
5,sum_homo_hartree|Ar1_NBO_C2|Entry|Ar1_I_C=O|sum_enthalpy_hartree,0.9415717388601846,0.8053994170587118,0.44974294073389226,0
5,Ar1_v_C=O|Ar2_v_C=O|Ar2_NBO_-O|Entry|Ar2_I_C=O,0.9567337854293015,0.80538365998241,0.3870145780768302,0
5,Ar2_LUMO|prod_homo_hartree|Ar1_v_C=O|Ar1_NBO_=O|Entry,0.9566833835449374,0.8053462333724379,0.38723993389636435,0
5,Ar1_LUMO|Ar2_NBO_=O|Ar1_HOMO|Ar2_NBO_C2|ar2_enthalpy_hartree,0.9490089349514957,0.8053309497151616,0.4201456931801909,0
4,Ar2_LUMO|sum_homo_hartree|Ar1_NBO_=O|Ar1_I_C=O,0.9524980296304395,0.805311874329985,0.4055166464379881,0
5,Ar2_LUMO|prod_homo_hartree|Ar1_NBO_C2|Ar1_I_C=O|sum_enthalpy_hartree,0.9546085146693589,0.8052992828557499,0.3964058651409533,0
4,Ar1_HOMO|Ar2_NBO_C2|Ar1_NBO_C2|Entry,0.9186454378940765,0.8052700238685524,0.5306935757695546,0
4,Ar1_LUMO|Ar2_LUMO|Ar2_NBO_=O|Ar1_I_C=O,0.9401820972245327,0.8051909837346751,0.4550597938445155,0
4,Ar1_LUMO|prod_homo_hartree|sum_homo_hartree|Ar1_NBO_=O,0.9373857610718492,0.8051903539124469,0.46557475943122795,0
5,Ar1_LUMO|Ar2_LUMO|prod_homo_hartree|Ar1_v_C=O|Ar2_v_C=O,0.9519171214658333,0.8051737217443948,0.4079886712940173,0
5,Ar1_LUMO|Ar2_v_C=O|Ar2_HOMO|Ar1_I_C=O|sum_enthalpy_hartree,0.9706929379113123,0.8051394651873303,0.31852169392108365,0
5,Ar2_LUMO|Ar1_NBO_=O|Entry|Ar1_I_C=O|sum_enthalpy_hartree,0.9594535636690898,0.8051378308539303,0.3746530041053055,0
5,Ar1_LUMO|Ar2_LUMO|Ar1_v_C=O|Ar1_NBO_-O|Ar1_NBO_C2,0.955302301378207,0.8051363093211348,0.39336476483132726,0
4,Ar1_LUMO|Ar2_NBO_-O|Ar1_NBO_C2|sum_enthalpy_hartree,0.9164752703405391,0.8051060451394474,0.5377252297488158,0
5,Ar2_LUMO|sum_homo_hartree|Ar2_HOMO|ar2_enthalpy_hartree|sum_enthalpy_hartree,0.9384825177201461,0.805104417263988,0.46147922103691585,0
4,Ar2_LUMO|Ar1_NBO_=O|Ar1_NBO_C2|Entry,0.9361451150118293,0.8050872502152476,0.47016461211551186,0
5,Ar1_LUMO|Ar2_LUMO|Ar1_v_C=O|Ar2_v_C=O|Ar2_HOMO,0.9512497063588647,0.8050502449901422,0.41081045946591055,0
4,Ar2_LUMO|Ar1_NBO_=O|Ar2_NBO_-O|Ar2_I_C=O,0.9483444320060208,0.8050257598918417,0.422874449206737,0
5,Ar2_LUMO|Ar1_v_C=O|Ar2_NBO_=O|Ar2_NBO_-O|Entry,0.9536147540123,0.805021863927641,0.4007216496107371,0
4,Ar1_LUMO|Ar2_v_C=O|Ar2_NBO_=O|Ar2_HOMO,0.9341615414042855,0.8050163351115797,0.4774113083008359,0
5,Ar2_LUMO|prod_homo_hartree|Ar1_NBO_=O|Ar1_HOMO|Entry,0.9475361294727065,0.8049745584888925,0.42617016064782437,0
4,Ar2_LUMO|prod_homo_hartree|ar2_enthalpy_hartree|sum_enthalpy_hartree,0.9311257988290088,0.8049187974679186,0.488293745912767,0
4,prod_homo_hartree|sum_homo_hartree|Ar1_v_C=O|Ar2_v_C=O,0.9647138956707826,0.804894826499786,0.3495060769979445,0
5,Ar2_LUMO|Ar1_HOMO|Entry|Ar2_I_C=O|ar2_enthalpy_hartree,0.9635178065652394,0.8048739503433499,0.35538029646968716,0
5,Ar2_LUMO|prod_homo_hartree|Ar1_v_C=O|Ar2_NBO_-O|Ar1_NBO_C2,0.9531079907155628,0.8048527375146075,0.4029046647754389,0
5,Ar2_LUMO|prod_homo_hartree|sum_homo_hartree|Ar1_NBO_C2|sum_enthalpy_hartree,0.9404356434309236,0.804808623780634,0.45409435372659057,0
5,Ar1_LUMO|Ar2_LUMO|prod_homo_hartree|Ar1_v_C=O|Ar2_NBO_=O,0.9499651775553059,0.8047985380085807,0.4161875227287049,0
4,Ar2_HOMO|Ar1_NBO_=O|Ar1_I_C=O|sum_enthalpy_hartree,0.9039051489315957,0.8047716944493483,0.5767703592281186,0
5,prod_homo_hartree|sum_homo_hartree|Ar1_v_C=O|Ar2_NBO_C2|Entry,0.9647891127144594,0.8047681538483191,0.3491333688336436,0
5,Ar2_LUMO|Ar1_v_C=O|Ar2_v_C=O|Ar1_NBO_=O|Entry,0.9531157152238253,0.8047564173039247,0.40287147821935276,0
4,prod_homo_hartree|sum_homo_hartree|Ar1_NBO_=O|Ar2_NBO_C2,0.9328917256416244,0.8047540222379889,0.4819931988256979,0
5,Ar2_LUMO|Ar2_NBO_=O|Ar1_HOMO|Ar1_NBO_C2|Ar2_I_C=O,0.9648632284101545,0.8046936650515383,0.3487657283727168,0
5,Ar2_LUMO|prod_homo_hartree|Ar1_v_C=O|Ar2_HOMO|Ar2_NBO_C2,0.9489068274497475,0.8046832501147206,0.4205661450000626,0
5,Ar1_LUMO|Ar2_LUMO|Ar1_v_C=O|Ar2_NBO_=O|Ar2_HOMO,0.9489698465128761,0.8046594511609363,0.42030669877007054,0
5,Ar1_LUMO|Ar2_v_C=O|Ar2_HOMO|Ar1_NBO_=O|Ar2_I_C=O,0.968994202983236,0.8046404360604091,0.32762295584054296,0
5,Ar1_LUMO|prod_homo_hartree|Ar2_v_C=O|Ar1_NBO_-O|ar2_enthalpy_hartree,0.9611836091175212,0.8046316532582551,0.3665729805757308,0
5,Ar1_v_C=O|Ar1_HOMO|Ar2_NBO_-O|Ar2_NBO_C2|Ar2_I_C=O,0.9542334181172739,0.804618066791059,0.39804036284053107,0
4,Ar1_LUMO|prod_homo_hartree|sum_homo_hartree|sum_enthalpy_hartree,0.9294053627565375,0.8046133195601302,0.49435477105778575,0
5,Ar1_LUMO|Ar2_v_C=O|Ar1_NBO_-O|Ar1_NBO_C2|ar2_enthalpy_hartree,0.9610834978629048,0.8046068850073871,0.3670453898935802,0
4,Ar1_LUMO|Ar2_v_C=O|Ar2_NBO_-O|Entry,0.9459619099229221,0.8045698238126981,0.43251668920195874,0
5,Ar2_HOMO|Ar1_NBO_=O|Ar2_NBO_C2|Ar2_I_C=O|sum_enthalpy_hartree,0.9533153017881353,0.8045458011268585,0.40201305101701296,0
5,Ar1_LUMO|Ar2_v_C=O|Ar1_NBO_=O|Ar2_NBO_-O|Ar1_I_C=O,0.964349159815559,0.8045357005290044,0.3513077730685449,0
5,Ar1_LUMO|Ar1_v_C=O|Ar2_v_C=O|Ar1_HOMO|Entry,0.951510963440771,0.8044902683647658,0.4097081961326148,0
5,Ar1_LUMO|sum_homo_hartree|Ar2_v_C=O|Ar1_NBO_-O|ar2_enthalpy_hartree,0.961252185561889,0.8044730606784768,0.3662490274244286,0
5,Ar2_LUMO|Ar1_v_C=O|Ar2_NBO_=O|Ar2_HOMO|Ar2_NBO_C2,0.9513010429253133,0.8044587299926844,0.4105941002205836,0
5,Ar2_LUMO|Ar1_NBO_=O|Ar1_NBO_C2|Entry|sum_enthalpy_hartree,0.9497257763944773,0.8044387457394164,0.4171819989142555,0
5,Ar2_NBO_=O|Ar2_HOMO|Ar1_NBO_-O|Ar1_NBO_C2|Ar2_I_C=O,0.9648115470806464,0.8043854897748137,0.3490221271912836,0
4,Ar2_LUMO|Ar2_HOMO|Ar1_NBO_C2|sum_enthalpy_hartree,0.9270532528675111,0.8043713984493356,0.5025228795440676,0
5,Ar2_LUMO|Ar1_v_C=O|Ar2_v_C=O|Ar2_NBO_-O|Ar1_NBO_C2,0.9544948094114005,0.8043368497867519,0.396902051143562,0
3,Ar2_LUMO|Ar1_NBO_C2|Entry,0.8962531639294645,0.8042757577365784,0.5992945179471627,0
4,Ar1_NBO_=O|Ar1_HOMO|Ar2_NBO_C2|Ar2_I_C=O,0.9210313084830049,0.8041928631235937,0.5228538923623915,0
4,Ar2_LUMO|Ar2_NBO_C2|ar2_enthalpy_hartree|sum_enthalpy_hartree,0.922413785453302,0.8041797848315619,0.5182569752340982,0
5,Ar2_LUMO|Ar1_v_C=O|Ar1_HOMO|Ar1_NBO_C2|Ar2_I_C=O,0.9601349552370412,0.8041598491070044,0.3714916037403279,0
3,prod_homo_hartree|Ar2_HOMO|Ar2_NBO_C2,0.9063696828635479,0.8041369632098975,0.5693261363677277,0
5,Ar2_LUMO|Ar1_NBO_=O|Ar2_NBO_-O|Ar2_NBO_C2|Ar1_I_C=O,0.9560410380613577,0.804132684284729,0.39010057335219217,0
4,Ar2_LUMO|prod_homo_hartree|Ar2_v_C=O|Ar1_HOMO,0.9445534136317058,0.8041290104496395,0.4381171775747988,0
4,Ar2_LUMO|Ar2_v_C=O|Ar1_NBO_=O|Ar2_NBO_C2,0.9384029435891887,0.8040972023191969,0.4617775910219895,0
5,Ar2_LUMO|Ar2_HOMO|Ar1_NBO_C2|Entry|Ar1_I_C=O,0.9423723825411389,0.8040954493307001,0.44665089314907,0
5,Ar1_LUMO|sum_homo_hartree|Ar1_v_C=O|Ar2_NBO_C2|Ar1_I_C=O,0.9649475659093648,0.8040645954746244,0.34834691213580865,0
5,Ar1_LUMO|Ar2_LUMO|Ar1_v_C=O|Ar1_HOMO|Ar1_NBO_C2,0.9542432352501943,0.8040434872061143,0.397997669847505,0
5,Ar1_LUMO|Entry|Ar2_I_C=O|ar2_enthalpy_hartree|sum_enthalpy_hartree,0.9452030759854059,0.8039849401037154,0.43554292624181723,0
5,Ar2_LUMO|Ar2_NBO_=O|Ar2_HOMO|Ar1_NBO_=O|sum_enthalpy_hartree,0.9465338822885858,0.8039628832103713,0.43022158859123877,0
5,Ar1_LUMO|prod_homo_hartree|Ar2_NBO_=O|Ar2_HOMO|Entry,0.9458480310027394,0.8039024872741799,0.4329721883806825,0
5,Ar1_LUMO|Ar1_v_C=O|Ar2_NBO_=O|Ar2_HOMO|Ar2_I_C=O,0.9647300032508386,0.8038656257349279,0.3494262957379107,0
4,Ar1_v_C=O|Ar2_NBO_-O|Ar2_I_C=O|Ar1_I_C=O,0.9526838219207896,0.8038524466706229,0.40472283009040827,0
5,Ar1_LUMO|Ar2_NBO_=O|Ar1_HOMO|Ar1_NBO_C2|sum_enthalpy_hartree,0.9442469405350077,0.80383924601805,0.43932632413182987,0
5,Ar1_LUMO|sum_homo_hartree|Ar2_NBO_=O|Ar1_NBO_=O|Ar1_HOMO,0.9399771132667832,0.8037738934120008,0.45583882634927925,0
5,Ar2_LUMO|Ar2_NBO_=O|Entry|ar2_enthalpy_hartree|sum_enthalpy_hartree,0.9427454978578316,0.8037597924416728,0.4452026038997209,0
5,Ar1_LUMO|Ar2_v_C=O|Ar1_HOMO|Ar1_NBO_C2|Ar2_I_C=O,0.9672650744741775,0.8037368327666099,0.3366344461019018,0
5,Ar1_LUMO|Ar2_LUMO|sum_homo_hartree|Ar2_HOMO|Ar1_NBO_=O,0.9399771132667832,0.8037277247108839,0.45583882634927925,0
3,Ar1_LUMO|Ar2_v_C=O|Ar1_NBO_-O,0.9343645966949647,0.803693578493465,0.47667453716088615,0
5,Ar1_NBO_=O|Ar1_NBO_-O|Ar2_NBO_-O|Ar2_NBO_C2|Ar2_I_C=O,0.9583998844272154,0.8036934898004128,0.37948983121267277,0
4,Ar1_NBO_=O|Ar1_HOMO|Ar2_NBO_C2|Ar1_I_C=O,0.9521450949419353,0.8036752999923628,0.40702033175765107,0
3,Ar2_v_C=O|Ar1_NBO_-O|Ar2_I_C=O,0.9393042473764244,0.8036310491095371,0.4583867177349259,0
5,Ar1_v_C=O|Ar2_HOMO|Ar1_NBO_-O|Ar1_NBO_C2|Ar1_I_C=O,0.9455795134207026,0.8036271107433173,0.434044327410642,0
4,Ar1_LUMO|Ar2_v_C=O|Ar2_NBO_-O|Ar2_NBO_C2,0.9384124599457474,0.8036263949201718,0.46174191878207693,0
5,Ar1_LUMO|Ar2_LUMO|Ar1_v_C=O|Ar1_HOMO|Ar2_NBO_C2,0.9533737387436136,0.8036134754199545,0.4017613649630147,0
5,Ar1_LUMO|Ar1_NBO_=O|Ar2_NBO_C2|Entry|ar2_enthalpy_hartree,0.9377640556764406,0.8035766270209228,0.4641662040400658,0
5,Ar2_LUMO|Ar1_NBO_=O|Ar1_HOMO|Ar1_NBO_C2|Entry,0.9483499615262603,0.8035565193635441,0.4228518150987791,0
5,Ar1_LUMO|Ar2_v_C=O|Ar1_HOMO|Ar1_NBO_C2|sum_enthalpy_hartree,0.9629315114491767,0.8035370711282329,0.3582245234423438,0
5,Ar2_LUMO|sum_homo_hartree|Ar1_v_C=O|Ar1_NBO_=O|Entry,0.9561759126588456,0.8035146367674282,0.3895016616001031,0
4,Ar2_LUMO|Ar1_NBO_-O|Entry|ar2_enthalpy_hartree,0.9157710639977766,0.8034519995399159,0.5399872826447021,0
4,sum_homo_hartree|Ar1_NBO_=O|Ar2_NBO_C2|Ar1_I_C=O,0.9471892367138007,0.8034392797998785,0.42757676459166993,0
5,Ar1_LUMO|prod_homo_hartree|sum_homo_hartree|Ar2_NBO_C2|sum_enthalpy_hartree,0.9447693134233901,0.8034353703293688,0.4372633678802952,0
5,Ar1_LUMO|prod_homo_hartree|sum_homo_hartree|Ar2_NBO_=O|ar2_enthalpy_hartree,0.9476032373146296,0.8034223164174092,0.42589751100457934,0
5,prod_homo_hartree|Ar2_NBO_=O|Ar2_NBO_-O|Ar1_NBO_C2|Ar2_I_C=O,0.9698263750244622,0.8033648840136929,0.32319647736042934,0
4,Ar2_LUMO|Ar1_v_C=O|Ar1_HOMO|Ar1_I_C=O,0.9676201794101834,0.8033634109542073,0.33480358025030993,0
4,Ar2_LUMO|sum_homo_hartree|Ar2_HOMO|Ar1_NBO_=O,0.9371264957748536,0.8033395491034796,0.46653766088800736,0
5,Ar2_LUMO|sum_homo_hartree|Ar2_HOMO|Ar1_NBO_=O|Ar1_HOMO,0.9371264957748536,0.8033395491034796,0.4665376608880074,0
4,Ar2_LUMO|Ar2_HOMO|Ar1_NBO_=O|Ar1_HOMO,0.9371264957748536,0.8033395491034796,0.46653766088800747,0
4,Ar2_LUMO|sum_homo_hartree|Ar1_NBO_=O|Ar1_HOMO,0.9371264957748536,0.8033395491034794,0.4665376608880075,0
5,Ar1_LUMO|Ar2_v_C=O|Ar1_NBO_=O|Ar2_NBO_-O|sum_enthalpy_hartree,0.9608262970086788,0.80332726868304,0.36825630191407616,0
5,Ar1_NBO_=O|Ar1_NBO_-O|Ar2_NBO_C2|Ar1_NBO_C2|Ar1_I_C=O,0.9617679251586256,0.8032014237251565,0.36380344587814484,0
3,sum_homo_hartree|Ar1_v_C=O|Ar2_NBO_=O,0.9158465759468009,0.8031589688634765,0.5397451768014594,0
3,Ar1_LUMO|Ar2_v_C=O|Ar2_NBO_-O,0.9334031511368268,0.8031586214081787,0.48015307511690475,0
5,Ar1_LUMO|Ar2_v_C=O|Ar2_NBO_C2|Entry|Ar1_I_C=O,0.9544688650453733,0.8031436015531898,0.39701518004862657,0
5,Ar2_LUMO|prod_homo_hartree|Ar1_v_C=O|Ar2_v_C=O|Ar1_I_C=O,0.9694471159868224,0.8030978203651996,0.3252212990073425,0
4,Ar1_v_C=O|ar2_enthalpy_hartree|Ar1_I_C=O|sum_enthalpy_hartree,0.9500192491190604,0.8030950256569673,0.4159625794568952,0
5,prod_homo_hartree|sum_homo_hartree|Ar2_NBO_=O|Ar2_HOMO|sum_enthalpy_hartree,0.9383699805680619,0.8030830196505168,0.4619011322226765,0
5,prod_homo_hartree|sum_homo_hartree|Ar2_NBO_=O|Ar1_HOMO|sum_enthalpy_hartree,0.9383699805680619,0.8030830196505162,0.4619011322226763,0
5,prod_homo_hartree|Ar2_NBO_=O|Ar2_HOMO|Ar1_HOMO|sum_enthalpy_hartree,0.9383699805680615,0.8030830196505133,0.4619011322226776,0
4,Ar1_LUMO|Ar2_NBO_=O|Ar1_HOMO|Ar2_NBO_-O,0.9368787078539823,0.8030673206352594,0.4674560821170223,0
5,Ar2_LUMO|prod_homo_hartree|Ar1_v_C=O|Ar1_NBO_=O|Ar1_NBO_-O,0.9505139085953829,0.8030533213910994,0.4138990703627352,0
5,Ar2_NBO_=O|Ar2_HOMO|Ar1_NBO_C2|Ar2_I_C=O|sum_enthalpy_hartree,0.948263412648553,0.8030526780900813,0.4232059487315372,0
5,Ar2_LUMO|Ar2_NBO_=O|Ar2_HOMO|Entry|sum_enthalpy_hartree,0.933823363480844,0.8030488225118825,0.47863584467309944,0
5,Ar2_LUMO|Ar2_HOMO|Ar1_NBO_=O|Ar1_NBO_C2|Ar2_I_C=O,0.958473375662844,0.8030002048348334,0.3791544775189871,0
4,Ar1_v_C=O|Ar2_NBO_=O|Ar1_HOMO|Ar2_I_C=O,0.9401451851277025,0.8029587849202422,0.45520017506745714,0
5,prod_homo_hartree|Ar2_v_C=O|Ar2_HOMO|Ar1_NBO_C2|ar2_enthalpy_hartree,0.948172460750672,0.8029369680228409,0.4235777792317838,0
5,Ar2_LUMO|Ar1_NBO_C2|Entry|ar2_enthalpy_hartree|sum_enthalpy_hartree,0.9430159654728981,0.8028928472904755,0.44414980084411443,0
5,Ar1_LUMO|Ar2_LUMO|prod_homo_hartree|sum_homo_hartree|Ar1_v_C=O,0.9677467936316747,0.8028221042082073,0.3341483509254071,0
4,Ar2_LUMO|Ar1_HOMO|Ar2_NBO_C2|sum_enthalpy_hartree,0.9412931088713591,0.8028135727825745,0.45081402198723797,0
5,Ar2_LUMO|Ar1_v_C=O|Ar2_v_C=O|Ar2_HOMO|Ar2_NBO_C2,0.9507778732215819,0.8028064657652412,0.412793701212206,0
5,Ar2_LUMO|prod_homo_hartree|Ar2_NBO_-O|Ar1_NBO_C2|ar2_enthalpy_hartree,0.9401425672406752,0.8027585824566258,0.4552101295682431,0
5,Ar1_LUMO|Ar2_NBO_=O|Ar2_HOMO|Ar1_NBO_C2|sum_enthalpy_hartree,0.9448261787670689,0.8027451215433192,0.43703820740523236,0
5,Ar1_LUMO|Ar2_LUMO|Ar2_NBO_=O|Ar1_HOMO|ar2_enthalpy_hartree,0.9484193225209195,0.802737299647338,0.42256779521597165,0
4,Ar1_v_C=O|Ar2_HOMO|Ar2_NBO_C2|Ar1_I_C=O,0.9451383009161443,0.8027285750150156,0.435800276369096,0
5,Ar1_LUMO|Ar2_LUMO|sum_homo_hartree|Ar2_NBO_=O|Ar2_HOMO,0.9399771132667832,0.8027261340943436,0.45583882634927925,0
5,Ar1_v_C=O|Ar2_v_C=O|Ar1_NBO_-O|Ar2_I_C=O|Ar1_I_C=O,0.9580063037373006,0.8027069290679927,0.38128079084907157,0
5,Ar1_LUMO|Ar2_LUMO|sum_homo_hartree|Ar2_NBO_=O|ar2_enthalpy_hartree,0.9475749516388954,0.8026978192268945,0.42601245296748624,0
5,Ar1_LUMO|Ar2_LUMO|prod_homo_hartree|Ar2_NBO_=O|Ar1_NBO_=O,0.9407090605487128,0.8026589947185502,0.45305094468487506,0
5,Ar1_LUMO|Ar2_LUMO|sum_homo_hartree|Ar1_NBO_=O|sum_enthalpy_hartree,0.9471529417068472,0.8026389880381467,0.4277236686997874,0
5,Ar2_LUMO|Ar1_HOMO|Ar2_NBO_-O|Ar2_NBO_C2|Ar2_I_C=O,0.9494243275199784,0.8026159223200641,0.4184308604818301,0
5,Ar1_LUMO|Ar2_NBO_=O|Ar1_HOMO|Ar2_NBO_-O|ar2_enthalpy_hartree,0.947546355166235,0.8025652402675991,0.42612862637120036,0
5,Ar2_LUMO|Ar2_v_C=O|Ar1_HOMO|Ar2_I_C=O|Ar1_I_C=O,0.971373972464735,0.8025561034570395,0.31479905270890857,0
5,Ar1_LUMO|Ar1_NBO_=O|Ar2_NBO_-O|Ar2_NBO_C2|ar2_enthalpy_hartree,0.9380121267733743,0.8025383405353518,0.46324020225386997,0
5,prod_homo_hartree|sum_homo_hartree|Ar2_NBO_=O|Ar1_HOMO|Entry,0.9384880674304944,0.8025337567454351,0.461458404728469,0
5,prod_homo_hartree|Ar2_NBO_=O|Ar2_HOMO|Ar1_HOMO|Entry,0.9384880674304941,0.802533756745435,0.46145840472847033,0
5,prod_homo_hartree|sum_homo_hartree|Ar2_NBO_=O|Ar2_HOMO|Entry,0.9384880674304942,0.8025337567454331,0.4614584047284698,0
5,Ar1_LUMO|prod_homo_hartree|Ar1_NBO_C2|ar2_enthalpy_hartree|sum_enthalpy_hartree,0.9464239380107767,0.8024895229686257,0.43066370139532956,0
5,Ar2_LUMO|Ar1_v_C=O|Ar1_NBO_-O|Ar2_NBO_C2|Ar1_NBO_C2,0.9555099005813648,0.8024228930602868,0.39245020708603673,0
3,Ar2_NBO_=O|Ar1_NBO_=O|Ar2_I_C=O,0.8786725329549268,0.8023842045738578,0.6480857015985562,0
5,Ar1_LUMO|Ar2_HOMO|Ar1_NBO_-O|Ar1_NBO_C2|Entry,0.9554829615844956,0.8023778417908523,0.3925690044717364,0
5,Ar2_LUMO|sum_homo_hartree|Ar2_v_C=O|Ar1_NBO_=O|ar2_enthalpy_hartree,0.948278741377131,0.8023482827184645,0.4231432494887166,0
3,Ar1_LUMO|Ar2_LUMO|Ar1_NBO_C2,0.8898711446692416,0.8023187419554144,0.6174523346587394,0
5,Ar2_LUMO|Ar1_v_C=O|Ar2_NBO_=O|Ar1_HOMO|Ar1_I_C=O,0.971855772125916,0.8022764967269643,0.3121386471108402,0
5,Ar1_LUMO|prod_homo_hartree|Ar1_v_C=O|Ar2_v_C=O|Entry,0.9516114534518642,0.8022694074086653,0.4092834306855294,0
5,prod_homo_hartree|sum_homo_hartree|Ar2_NBO_-O|Ar1_NBO_C2|Ar1_I_C=O,0.9413207916060082,0.8022614112131587,0.4507077206975977,0
5,Ar1_LUMO|Ar2_LUMO|prod_homo_hartree|Ar1_NBO_=O|sum_enthalpy_hartree,0.9471898253844343,0.802199759840619,0.4275743815302383,0
3,Ar1_LUMO|Ar2_NBO_C2|Ar1_NBO_C2,0.8901088724659618,0.8021815891016655,0.6167855480916505,0
3,Ar1_LUMO|Ar2_LUMO|Ar2_NBO_C2,0.8900488707622791,0.8021622058443661,0.6169539107892934,0
5,Ar1_LUMO|Ar1_v_C=O|Ar2_NBO_=O|Ar2_HOMO|Ar1_NBO_C2,0.9463800596251212,0.8021357580430579,0.4308400204431494,0
4,Ar2_LUMO|Ar2_v_C=O|Ar2_HOMO|Ar1_NBO_=O,0.9360880915736035,0.8020925280644948,0.4703744975444879,0
5,Ar1_LUMO|Ar2_LUMO|prod_homo_hartree|Ar2_NBO_=O|ar2_enthalpy_hartree,0.9475986285674302,0.8020648474300309,0.4259162412724423,0
5,Ar2_NBO_=O|Ar1_NBO_-O|Ar1_NBO_C2|Ar1_I_C=O|sum_enthalpy_hartree,0.9574869996940474,0.8020575137769526,0.3836310517088512,0
4,Ar1_LUMO|Ar1_NBO_=O|Ar2_NBO_C2|ar2_enthalpy_hartree,0.9228328116434912,0.801988662905683,0.5168555841852976,0
5,Ar1_LUMO|prod_homo_hartree|Ar2_NBO_=O|Ar2_NBO_-O|Entry,0.9502509419339428,0.8019851560148306,0.41499733294247304,0
4,Ar1_LUMO|prod_homo_hartree|Ar2_HOMO|Ar2_NBO_C2,0.9285942788683353,0.8019825404650023,0.49718655882911733,0
5,Ar1_LUMO|prod_homo_hartree|sum_homo_hartree|Ar1_NBO_=O|Entry,0.9427458747567096,0.801951070898357,0.4452011385421355,0
3,Ar1_LUMO|Ar2_HOMO|Ar2_NBO_C2,0.9198168439849201,0.8019189889280642,0.5268590537380734,0
5,Ar1_LUMO|prod_homo_hartree|sum_homo_hartree|Ar2_v_C=O|sum_enthalpy_hartree,0.9608760625411374,0.8018694866104227,0.368022314651617,0
5,Ar1_LUMO|sum_homo_hartree|Ar2_NBO_=O|Ar1_NBO_=O|ar2_enthalpy_hartree,0.9475723637429985,0.8017865607141642,0.42602296761943487,0
5,Ar1_LUMO|Ar2_LUMO|Ar1_v_C=O|Ar2_NBO_-O|Ar2_NBO_C2,0.9545737647769235,0.8017546760895128,0.3965575722912573,0
5,Ar1_LUMO|Ar2_NBO_=O|Ar2_NBO_C2|ar2_enthalpy_hartree|sum_enthalpy_hartree,0.9422866931301188,0.80174821807147,0.44698284366701135,0
5,Ar1_LUMO|Ar2_NBO_=O|Entry|Ar2_I_C=O|Ar1_I_C=O,0.9509468845262853,0.8016976985560548,0.41208439832110155,0
5,Ar2_v_C=O|Ar2_NBO_=O|Ar1_NBO_-O|Ar2_I_C=O|sum_enthalpy_hartree,0.9623819487685878,0.8016863512098308,0.3608702007946415,0
5,Ar1_LUMO|Ar2_v_C=O|Ar2_HOMO|Ar2_NBO_C2|Entry,0.946811722439056,0.801685479802472,0.42910229537467676,0
5,Ar2_LUMO|prod_homo_hartree|Ar2_v_C=O|Ar1_NBO_=O|ar2_enthalpy_hartree,0.9482572067170506,0.8016811420571603,0.42323133027009646,0
4,Ar1_LUMO|Ar1_v_C=O|Ar1_NBO_-O|ar2_enthalpy_hartree,0.9122371938385809,0.801671298218978,0.551198624347484,0
5,Ar1_LUMO|Ar2_NBO_=O|Ar2_HOMO|Ar1_NBO_C2|Ar2_I_C=O,0.9631584138765555,0.8016218313829834,0.3571264643568811,0
5,Ar2_LUMO|Ar2_v_C=O|Ar1_NBO_=O|Ar1_HOMO|ar2_enthalpy_hartree,0.9528021387846551,0.8015987973496985,0.404216496838588,0
3,prod_homo_hartree|Ar2_v_C=O|Ar2_HOMO,0.9295750273751142,0.801568626781695,0.4937603564333211,0
5,Ar1_LUMO|Ar2_v_C=O|Ar1_NBO_=O|ar2_enthalpy_hartree|Ar1_I_C=O,0.9734658101526091,0.801552542397648,0.30307896153853875,0
5,Ar1_LUMO|Ar2_HOMO|Ar2_NBO_C2|Entry|Ar1_I_C=O,0.9535483444432897,0.8015299501329716,0.40100840279383637,0
4,Ar1_LUMO|prod_homo_hartree|Entry|sum_enthalpy_hartree,0.9222649475238233,0.801505017048577,0.5187538375782477,0
5,Ar1_LUMO|sum_homo_hartree|Ar2_NBO_=O|Ar2_NBO_-O|Entry,0.9493447858516607,0.8014957644072016,0.41875976973039697,0
5,prod_homo_hartree|Ar1_v_C=O|Ar1_NBO_C2|Entry|Ar1_I_C=O,0.946545775773067,0.801444879329841,0.4301737347484995,0
5,Ar1_LUMO|Ar1_v_C=O|Ar1_NBO_-O|Ar2_NBO_-O|Ar1_NBO_C2,0.9543498676763966,0.8014006046619911,0.39753364871674113,0
5,Ar2_LUMO|sum_homo_hartree|Ar1_v_C=O|Ar1_NBO_=O|Ar1_NBO_-O,0.949692513541182,0.8013834775901266,0.41731998581979746,0
4,Ar2_LUMO|Ar2_v_C=O|Ar1_NBO_=O|ar2_enthalpy_hartree,0.9435754462766199,0.8013623600977673,0.4419640461696633,0
5,Ar1_LUMO|Ar2_v_C=O|Ar2_NBO_C2|Ar1_I_C=O|sum_enthalpy_hartree,0.9715452124605632,0.8013461024473534,0.3138560813742698,0
4,Ar1_LUMO|Ar2_HOMO|Ar1_NBO_=O|Ar1_NBO_C2,0.9217769099245939,0.8013397588726188,0.5203797144874677,0
5,Ar1_LUMO|Ar2_v_C=O|Ar2_HOMO|Ar1_NBO_C2|Entry,0.9466235111404652,0.8013294502377442,0.42986083263454444,0
5,Ar1_LUMO|Ar2_LUMO|Ar1_NBO_=O|Ar2_I_C=O|Ar1_I_C=O,0.9438583778902477,0.801296772315151,0.44085457571871395,0
5,Ar2_HOMO|Ar1_NBO_=O|Entry|ar2_enthalpy_hartree|Ar1_I_C=O,0.9160389730636023,0.8011261532370814,0.5391278232029422,0
3,prod_homo_hartree|Ar1_v_C=O|Ar2_NBO_=O,0.9182212488303709,0.8011192482026794,0.5320753159368105,0
5,Ar1_LUMO|prod_homo_hartree|Ar2_NBO_=O|Ar1_NBO_=O|ar2_enthalpy_hartree,0.9476175229013117,0.8010806064632813,0.42583944815624175,0
5,Ar1_LUMO|Ar1_v_C=O|Ar2_HOMO|Ar2_NBO_-O|Ar1_I_C=O,0.9596020354673993,0.801042255834798,0.37396642809972586,0
4,Ar1_LUMO|prod_homo_hartree|Ar2_HOMO|Entry,0.931761428447459,0.8010330547936495,0.486035328505948,0
4,Ar1_LUMO|Ar2_v_C=O|Ar2_HOMO|Ar1_NBO_C2,0.9337375348789142,0.8009266827084274,0.4789461304186489,0
5,Ar2_HOMO|Ar1_NBO_=O|Ar1_NBO_-O|Ar2_NBO_C2|Ar2_I_C=O,0.9655392784348789,0.8009175598912013,0.34539421385841557,0
5,Ar1_LUMO|Ar2_NBO_=O|Ar1_NBO_-O|Entry|ar2_enthalpy_hartree,0.9502448455493716,0.8008482460947637,0.41502275961317786,0
5,Ar1_LUMO|Ar1_v_C=O|Ar2_NBO_=O|Ar2_NBO_-O|ar2_enthalpy_hartree,0.9557196812613231,0.8008420888359716,0.39152386896701885,0
4,Ar1_LUMO|Ar2_LUMO|Ar2_NBO_C2|Ar1_NBO_C2,0.8901118380214778,0.8008400874686011,0.6167772256539535,0
5,Ar1_LUMO|prod_homo_hartree|Ar2_HOMO|Ar2_NBO_C2|ar2_enthalpy_hartree,0.9453697666746339,0.800830131933635,0.4348799670655863,0
3,Ar1_LUMO|Ar1_HOMO|ar2_enthalpy_hartree,0.8998934814683821,0.8008109285171361,0.5886864687033749,0
3,Ar2_LUMO|Ar2_NBO_C2|sum_enthalpy_hartree,0.8982881950961937,0.8007699312771334,0.5933877207246511,0
5,Ar2_LUMO|Ar1_v_C=O|Ar2_HOMO|Ar1_NBO_=O|Ar2_NBO_C2,0.9490075658417947,0.8006734603614718,0.4201513335966313,0
5,prod_homo_hartree|Ar2_v_C=O|Ar2_HOMO|Ar1_HOMO|Entry,0.9704491347191223,0.8006659739519602,0.3198438286508507,0
5,prod_homo_hartree|sum_homo_hartree|Ar2_v_C=O|Ar1_HOMO|Entry,0.9704491347191228,0.8006659739519593,0.31984382865084815,0
5,prod_homo_hartree|sum_homo_hartree|Ar2_v_C=O|Ar2_HOMO|Entry,0.9704491347191226,0.8006659739519526,0.319843828650849,0
5,Ar1_LUMO|Ar2_LUMO|prod_homo_hartree|sum_homo_hartree|sum_enthalpy_hartree,0.9367890155414282,0.800608475550641,0.46778808049690107,0
5,prod_homo_hartree|Ar2_v_C=O|Ar2_HOMO|ar2_enthalpy_hartree|Ar1_I_C=O,0.9676177404467499,0.8005991838646339,0.33481618931204254,0
5,Ar2_HOMO|Ar1_NBO_=O|Ar2_NBO_C2|Ar2_I_C=O|ar2_enthalpy_hartree,0.953516787698743,0.8005495412575135,0.4011445913871912,0
5,Ar1_LUMO|sum_homo_hartree|Ar2_NBO_=O|Ar1_HOMO|ar2_enthalpy_hartree,0.9477452425204873,0.8005272585129337,0.42531998775602675,0
5,Ar1_LUMO|sum_homo_hartree|Ar2_NBO_=O|Ar2_HOMO|ar2_enthalpy_hartree,0.9477452425204873,0.8005272585129335,0.42531998775602675,0
5,Ar1_LUMO|Ar2_NBO_=O|Ar2_HOMO|Ar1_HOMO|ar2_enthalpy_hartree,0.9477452425204873,0.8005272585129334,0.42531998775602675,0
4,Ar1_LUMO|Ar2_NBO_=O|Ar1_NBO_-O|ar2_enthalpy_hartree,0.9434821687785256,0.8005128600787643,0.44232920879886967,0
5,Ar1_v_C=O|Ar2_NBO_=O|Ar1_NBO_C2|ar2_enthalpy_hartree|Ar1_I_C=O,0.9456262622606444,0.8005038612863031,0.4338578587698942,0
5,Ar2_LUMO|prod_homo_hartree|Ar2_HOMO|Ar1_NBO_C2|ar2_enthalpy_hartree,0.9468640852478154,0.8005030929055583,0.4288910219958669,0
5,Ar1_v_C=O|Ar2_NBO_C2|Ar1_NBO_C2|ar2_enthalpy_hartree|Ar1_I_C=O,0.9542669609457216,0.8004781214601975,0.3978944720365833,0
5,Ar2_v_C=O|Ar1_NBO_C2|Ar2_I_C=O|ar2_enthalpy_hartree|Ar1_I_C=O,0.9539002398620148,0.8004680105932438,0.3994865917159983,0
5,Ar2_LUMO|Ar1_v_C=O|Ar1_HOMO|Ar2_NBO_C2|Ar1_NBO_C2,0.9544631448668225,0.8003777865902937,0.39704011821891805,0
4,Ar1_LUMO|Ar1_NBO_-O|Entry|ar2_enthalpy_hartree,0.9164920755940816,0.8003728956688392,0.537671131618548,0
5,Ar1_LUMO|Ar1_NBO_=O|Ar1_HOMO|Ar2_NBO_C2|Ar2_I_C=O,0.9325182173855537,0.8003590338672295,0.48333266580623596,0
5,Ar1_LUMO|prod_homo_hartree|sum_homo_hartree|Ar2_NBO_=O|sum_enthalpy_hartree,0.9456217181943352,0.8003181693284136,0.43387598735340827,0
5,Ar2_LUMO|Ar1_NBO_=O|Ar2_NBO_C2|Ar2_I_C=O|Ar1_I_C=O,0.9436017950781846,0.8003168829700551,0.4418608412526156,0
5,Ar2_LUMO|Ar1_v_C=O|Ar1_HOMO|Ar2_NBO_-O|Ar1_NBO_C2,0.9540083640957927,0.8002766181542964,0.3990178307225221,0
5,Ar2_LUMO|Ar1_NBO_=O|Entry|Ar2_I_C=O|ar2_enthalpy_hartree,0.9612149548587968,0.8002659669860633,0.3664249397321584,0
4,Ar1_v_C=O|Ar2_NBO_=O|Ar2_I_C=O|ar2_enthalpy_hartree,0.9323978870628878,0.800219231472678,0.48376340184801025,0
5,Ar1_LUMO|Ar2_NBO_=O|Ar1_NBO_=O|Ar1_HOMO|ar2_enthalpy_hartree,0.9482261165563189,0.8002007491779778,0.42335846250693543,0
4,Ar2_LUMO|Ar1_v_C=O|Ar2_HOMO|Ar2_NBO_-O,0.9488333897436749,0.800157422476654,0.42086828246033514,0
5,Ar1_LUMO|Ar2_v_C=O|Ar1_NBO_=O|Ar1_NBO_-O|sum_enthalpy_hartree,0.9608089866485031,0.8001455067700931,0.368337656811276,0
5,Ar1_LUMO|Ar1_HOMO|Ar2_NBO_-O|Entry|ar2_enthalpy_hartree,0.9334448912475012,0.8000242909807935,0.4800025816315688,0
5,Ar1_LUMO|prod_homo_hartree|Ar2_v_C=O|Ar1_NBO_=O|Ar2_I_C=O,0.9695912957542309,0.799952039866113,0.32445302814166677,0
4,Ar2_HOMO|Ar1_NBO_=O|ar2_enthalpy_hartree|Ar1_I_C=O,0.9054716819210848,0.7999439949411309,0.5720498022360021,0
5,Ar2_LUMO|sum_homo_hartree|Ar2_NBO_=O|Ar1_NBO_=O|sum_enthalpy_hartree,0.9472812063475191,0.7999298483607904,0.42720429114530417,0
4,Ar2_LUMO|Ar2_v_C=O|Ar1_NBO_=O|Entry,0.9385565430310908,0.7999212454010216,0.46120148351854884,0
5,Ar1_LUMO|prod_homo_hartree|Ar1_NBO_-O|Ar2_NBO_-O|Entry,0.9603861781146971,0.7998658053602065,0.37031921463981626,0
5,Ar1_LUMO|Ar2_LUMO|Ar1_v_C=O|Ar2_NBO_=O|Ar1_HOMO,0.9500872843770933,0.7998479137933165,0.4156793728401,0
5,Ar2_LUMO|sum_homo_hartree|Ar1_NBO_C2|Ar1_I_C=O|sum_enthalpy_hartree,0.95514771777843,0.7998221330838247,0.39404438883013615,0
5,Ar2_NBO_=O|Ar1_NBO_-O|Ar1_NBO_C2|Entry|Ar1_I_C=O,0.9523415077046524,0.7998068334461828,0.40618419818025353,0
5,Ar2_LUMO|prod_homo_hartree|Ar2_HOMO|Ar2_NBO_C2|sum_enthalpy_hartree,0.9472928918099633,0.7997627939916453,0.42715694222078704,0
4,Ar1_LUMO|Ar2_NBO_=O|Entry|Ar1_I_C=O,0.9444453495774587,0.7997490014784282,0.43854390963865214,0
5,Ar1_LUMO|prod_homo_hartree|Ar1_v_C=O|Ar2_NBO_=O|Ar1_NBO_C2,0.9461757522861248,0.7997098957771155,0.4316600520200677,0
4,prod_homo_hartree|sum_homo_hartree|Ar1_NBO_=O|Ar1_NBO_-O,0.9260735383355312,0.7995897172683842,0.5058862023374079,0
5,Ar2_LUMO|sum_homo_hartree|Ar1_NBO_-O|Entry|sum_enthalpy_hartree,0.9490092393533299,0.7995871826161997,0.42014443910449745,0
5,Ar1_LUMO|sum_homo_hartree|Ar1_v_C=O|Ar2_NBO_-O|ar2_enthalpy_hartree,0.9442844865221537,0.7995625049138643,0.43917837065022164,0
5,Ar1_LUMO|sum_homo_hartree|Ar2_NBO_=O|Ar2_HOMO|Entry,0.9451272652681304,0.7995592255010544,0.4358441056407426,0
5,Ar1_LUMO|Ar2_NBO_=O|Ar2_HOMO|Ar1_HOMO|Entry,0.9451272652681304,0.7995592255010542,0.4358441056407425,0
5,Ar1_LUMO|sum_homo_hartree|Ar2_NBO_=O|Ar1_HOMO|Entry,0.9451272652681304,0.7995592255010535,0.4358441056407426,0
5,Ar2_NBO_=O|Ar1_NBO_-O|Ar1_NBO_C2|ar2_enthalpy_hartree|Ar1_I_C=O,0.9567633606757653,0.7995587844493273,0.3868822807595978,0
5,Ar1_LUMO|Ar2_HOMO|Ar1_NBO_=O|Ar2_NBO_C2|Ar2_I_C=O,0.9637418936397457,0.7995393513865666,0.35428717693522854,0
5,Ar2_LUMO|prod_homo_hartree|Ar2_NBO_=O|Ar1_NBO_C2|Ar1_I_C=O,0.9450079123842259,0.7993924500474299,0.43631784724791733,0
4,prod_homo_hartree|sum_homo_hartree|Ar2_NBO_=O|Ar1_NBO_C2,0.9241959378180571,0.7993225738929247,0.5122702252628185,0
3,Ar2_LUMO|sum_homo_hartree|Ar2_HOMO,0.9123570141998653,0.7993150862105809,0.5508222269934462,0
3,Ar2_LUMO|sum_homo_hartree|Ar1_HOMO,0.9123570141998653,0.7993150862105808,0.5508222269934461,0
3,Ar2_LUMO|Ar2_HOMO|Ar1_HOMO,0.9123570141998653,0.7993150862105806,0.5508222269934461,0
4,Ar2_LUMO|sum_homo_hartree|Ar2_HOMO|Ar1_HOMO,0.9123570141998653,0.7993150862105804,0.550822226993446,0
4,Ar1_LUMO|Ar2_HOMO|Ar2_NBO_-O|Entry,0.9393149137229573,0.7992519832312476,0.4583464387517157,0
5,Ar1_LUMO|sum_homo_hartree|Ar2_v_C=O|Ar1_NBO_=O|Ar2_I_C=O,0.9693374064485292,0.7992210465612328,0.3258046793851486,0
4,Ar1_LUMO|Ar2_v_C=O|Ar1_NBO_-O|Entry,0.9445396759991243,0.7992110964680255,0.4381714489055577,0
5,Ar2_LUMO|prod_homo_hartree|Ar2_NBO_=O|Ar1_NBO_=O|sum_enthalpy_hartree,0.9473320350253861,0.7991883814552616,0.42699829756838115,0
5,Ar1_LUMO|prod_homo_hartree|Ar2_NBO_=O|Ar2_HOMO|ar2_enthalpy_hartree,0.9479332878498408,0.7991599431754168,0.4245540142368688,0
5,Ar2_v_C=O|Ar1_NBO_=O|Ar1_NBO_-O|ar2_enthalpy_hartree|Ar1_I_C=O,0.9562545945985338,0.7991396211250932,0.38915184810378733,0
5,Ar1_LUMO|prod_homo_hartree|sum_homo_hartree|Ar1_v_C=O|Ar2_v_C=O,0.9657677954574349,0.7991132819989176,0.3442471145285775,0
5,Ar1_LUMO|sum_homo_hartree|Ar2_NBO_C2|Entry|Ar1_I_C=O,0.966536905090015,0.7991035876931551,0.340357971832281,0
4,Ar1_LUMO|Ar1_HOMO|Ar2_NBO_-O|ar2_enthalpy_hartree,0.9250887670148407,0.7990226125562266,0.5092444999298518,0
5,Ar2_LUMO|Ar1_NBO_=O|Entry|Ar2_I_C=O|Ar1_I_C=O,0.950567566063137,0.7990201586308229,0.4136746153808698,0
5,Ar1_LUMO|Ar2_v_C=O|Ar1_HOMO|Ar1_NBO_-O|sum_enthalpy_hartree,0.9618184679596187,0.7990129488488457,0.36356289228043,0
5,Ar2_LUMO|prod_homo_hartree|Ar1_NBO_=O|Ar2_NBO_C2|sum_enthalpy_hartree,0.9473113302296793,0.7989174894567018,0.42708221996608425,0
4,Ar1_LUMO|Ar1_v_C=O|Ar2_v_C=O|Ar1_HOMO,0.944075495103481,0.798829062084718,0.44000128866797933,0
5,Ar1_LUMO|prod_homo_hartree|Ar2_NBO_=O|Ar1_HOMO|ar2_enthalpy_hartree,0.9478084361582677,0.7987462465162161,0.42506273224993973,0
5,Ar1_LUMO|Ar2_LUMO|Ar2_v_C=O|Ar2_HOMO|Ar1_HOMO,0.9512497063588647,0.7987230476447611,0.41081045946591055,0
5,Ar1_LUMO|Ar2_v_C=O|Ar2_HOMO|Ar2_NBO_-O|sum_enthalpy_hartree,0.9607153363961326,0.7987222236870125,0.36877748126365556,0
5,Ar2_LUMO|prod_homo_hartree|Ar2_v_C=O|Ar2_NBO_=O|Ar2_HOMO,0.957201163413605,0.7987172669245992,0.3849185634296735,0
5,Ar1_LUMO|Ar1_v_C=O|Ar1_NBO_=O|Ar2_I_C=O|Ar1_I_C=O,0.9606044759930691,0.7987154843227299,0.3692974554024134,0
4,Ar2_LUMO|Ar2_NBO_=O|Ar1_HOMO|Ar2_I_C=O,0.9461957212944787,0.7986205746509415,0.4315799708002046,0
5,Ar2_HOMO|Ar1_NBO_=O|ar2_enthalpy_hartree|Ar1_I_C=O|sum_enthalpy_hartree,0.9224290165052952,0.7986186794179289,0.5182061028824793,0
4,Ar1_LUMO|Ar2_NBO_-O|Entry|sum_enthalpy_hartree,0.9190226951105758,0.798525877534386,0.529461680367815,0
5,Ar2_LUMO|Ar1_v_C=O|Ar2_v_C=O|Ar2_HOMO|Ar1_I_C=O,0.9690261170951673,0.7985219743150407,0.3274543020951096,0
4,Ar1_LUMO|sum_homo_hartree|Ar1_v_C=O|Ar2_v_C=O,0.9437964509587867,0.798518387603476,0.44109765069321477,0
4,Ar1_LUMO|Ar2_HOMO|Ar1_NBO_-O|sum_enthalpy_hartree,0.9277661630714933,0.7985009495870576,0.5000612667133563,0
5,Ar1_v_C=O|Ar2_HOMO|Ar2_NBO_C2|Entry|Ar1_I_C=O,0.954952626802287,0.7984510136945935,0.3949004332496343,0
5,Ar2_LUMO|sum_homo_hartree|Ar1_v_C=O|Ar2_NBO_=O|Ar2_I_C=O,0.9715545088045591,0.7984312417882987,0.3138048078857391,0
5,Ar2_LUMO|Ar2_v_C=O|Ar1_HOMO|Ar2_NBO_C2|Ar2_I_C=O,0.9593912361298793,0.7984174659844412,0.37494084978305436,0
5,Ar2_LUMO|Ar1_NBO_=O|Ar2_NBO_-O|Entry|sum_enthalpy_hartree,0.9498979736212931,0.7983728194213481,0.4164669286705017,0
5,Ar2_LUMO|sum_homo_hartree|Ar1_v_C=O|Ar1_NBO_=O|Ar2_NBO_C2,0.948329377806779,0.7983621081394727,0.4229360647566889,0
5,Ar1_LUMO|Ar2_v_C=O|Ar1_NBO_-O|ar2_enthalpy_hartree|sum_enthalpy_hartree,0.9614857188208148,0.7983592794766944,0.3651436671033689,0
4,Ar2_LUMO|prod_homo_hartree|Ar1_v_C=O|Ar1_HOMO,0.9495173673968595,0.7983121383348522,0.41804580700906196,0
5,Ar1_LUMO|Ar2_LUMO|Ar2_NBO_=O|Ar2_HOMO|Ar1_NBO_=O,0.9399771132667833,0.7983111912526244,0.45583882634927897,0
5,Ar1_LUMO|Ar2_NBO_=O|Ar2_NBO_-O|Entry|ar2_enthalpy_hartree,0.9504587550019182,0.7982929321640612,0.41412965701187276,0
5,Ar2_LUMO|prod_homo_hartree|Ar2_HOMO|Ar1_NBO_=O|sum_enthalpy_hartree,0.9479616826429729,0.7982876470743483,0.42443823232040306,0
5,Ar1_LUMO|Ar2_v_C=O|Ar1_NBO_=O|Ar1_I_C=O|sum_enthalpy_hartree,0.9733874758069243,0.7982827005736677,0.3035260073248188,0
3,Ar2_LUMO|Ar2_NBO_C2|Ar1_NBO_C2,0.8890625955515468,0.7980988409913923,0.6197148096047471,0
5,Ar1_LUMO|prod_homo_hartree|sum_homo_hartree|Ar2_v_C=O|ar2_enthalpy_hartree,0.9619922432588249,0.7980978890486112,0.36273460833365084,0
5,Ar1_LUMO|Ar1_HOMO|Ar2_NBO_C2|ar2_enthalpy_hartree|sum_enthalpy_hartree,0.945192033092528,0.7980939230282755,0.4355868101976593,0
5,Ar1_LUMO|Ar2_LUMO|Ar1_v_C=O|Ar1_NBO_-O|Ar2_NBO_C2,0.9543900819162756,0.7980849160308624,0.39735851192120536,0
4,Ar2_LUMO|prod_homo_hartree|Ar2_NBO_C2|Entry,0.9222450183650079,0.7980733163871804,0.5188203305228981,0
4,Ar2_HOMO|Ar1_NBO_=O|ar2_enthalpy_hartree|sum_enthalpy_hartree,0.9035278851640476,0.7980635765005644,0.5779014365338753,0
5,Ar1_LUMO|sum_homo_hartree|Ar1_v_C=O|Ar2_v_C=O|Entry,0.9511061645499702,0.7980531374629738,0.4114148161653108,0
5,Ar1_LUMO|Ar2_LUMO|Ar1_NBO_=O|Ar1_HOMO|sum_enthalpy_hartree,0.948124647393796,0.798015007267272,0.42377311945974916,0
5,Ar1_LUMO|Ar2_HOMO|Ar1_HOMO|Ar2_NBO_C2|ar2_enthalpy_hartree,0.9449901151237532,0.7979540770365842,0.43638844498788854,0
5,Ar1_LUMO|sum_homo_hartree|Ar1_HOMO|Ar2_NBO_C2|ar2_enthalpy_hartree,0.9449901151237532,0.797954077036584,0.4363884449878886,0
5,Ar1_LUMO|sum_homo_hartree|Ar2_HOMO|Ar2_NBO_C2|ar2_enthalpy_hartree,0.9449901151237532,0.7979540770365838,0.4363884449878886,0
5,Ar2_v_C=O|Ar1_HOMO|Ar2_NBO_-O|Ar2_NBO_C2|Ar2_I_C=O,0.9530709707130887,0.7979397538875996,0.40306367469228105,0
5,Ar1_v_C=O|Ar2_NBO_C2|Ar1_NBO_C2|Ar1_I_C=O|sum_enthalpy_hartree,0.9538747318348655,0.797891915700148,0.399597098859442,0
5,Ar1_LUMO|Ar2_LUMO|Ar2_v_C=O|Ar2_HOMO|Ar1_NBO_C2,0.9423209384607116,0.7978851884223405,0.4468502109394499,0
4,Ar2_LUMO|sum_homo_hartree|Ar2_NBO_C2|Entry,0.9227590293878506,0.7978774953903752,0.5171026170273048,0
5,Ar2_LUMO|prod_homo_hartree|sum_homo_hartree|Ar1_v_C=O|Ar2_HOMO,0.9685205254606067,0.7978707746893663,0.330116028535833,0
5,Ar2_LUMO|prod_homo_hartree|sum_homo_hartree|Ar1_v_C=O|Ar1_HOMO,0.9685205254606067,0.797870774689355,0.3301160285358332,0
5,Ar2_LUMO|prod_homo_hartree|Ar1_v_C=O|Ar2_HOMO|Ar1_HOMO,0.9685205254606065,0.7978707746893527,0.33011602853583427,0
5,prod_homo_hartree|Ar2_v_C=O|Ar1_NBO_C2|Entry|Ar1_I_C=O,0.9534390580608123,0.7978430717437308,0.40147985005347736,0
5,Ar1_LUMO|Ar2_LUMO|prod_homo_hartree|sum_homo_hartree|Entry,0.9390644391772209,0.7977596254980777,0.4592913652971628,0
5,Ar2_LUMO|Ar1_NBO_=O|Ar2_NBO_-O|Entry|Ar1_I_C=O,0.9546261624531445,0.797719229876976,0.3963287982081928,0
5,Ar1_LUMO|Ar2_HOMO|Ar2_NBO_C2|Ar1_NBO_C2|sum_enthalpy_hartree,0.9423915959325457,0.797690055016756,0.44657642890583266,0
4,Ar2_LUMO|Ar2_v_C=O|Ar2_NBO_=O|Ar1_NBO_=O,0.9428746882624237,0.7976307358989657,0.44470003742820774,0
5,Ar1_v_C=O|Ar2_NBO_-O|Ar2_NBO_C2|Entry|Ar1_I_C=O,0.9619536513775806,0.7976241742358064,0.36291871626968136,0
4,sum_homo_hartree|Ar1_v_C=O|Ar2_NBO_-O|Ar1_I_C=O,0.950968116712538,0.7976044796576299,0.41199520521280136,0
5,Ar1_LUMO|Ar2_HOMO|Entry|Ar2_I_C=O|ar2_enthalpy_hartree,0.9556425640255948,0.7975516577927881,0.39186465359648825,0
5,Ar2_LUMO|prod_homo_hartree|Ar1_NBO_=O|ar2_enthalpy_hartree|Ar1_I_C=O,0.958412760020507,0.7975456451359124,0.3794310989856931,0
5,Ar2_LUMO|Ar2_NBO_=O|Ar1_NBO_=O|Ar1_HOMO|sum_enthalpy_hartree,0.9479873811824939,0.7975354524388114,0.42433341734747804,0
5,Ar2_LUMO|sum_homo_hartree|Ar2_NBO_-O|Ar1_NBO_C2|ar2_enthalpy_hartree,0.9400225836907311,0.797465021748633,0.4556661329586494,0
5,Ar1_LUMO|prod_homo_hartree|sum_homo_hartree|Ar2_NBO_C2|ar2_enthalpy_hartree,0.9462318688604541,0.797432749593317,0.4314349713041302,0
5,Ar1_LUMO|Ar2_NBO_=O|Ar2_NBO_C2|Ar1_NBO_C2|Ar2_I_C=O,0.9438439290194592,0.7974055381268181,0.44091130226820413,0
5,Ar2_LUMO|Ar1_v_C=O|Ar2_v_C=O|Ar2_NBO_=O|Ar1_NBO_=O,0.9494277602479779,0.797364592327487,0.4184166601397134,0
4,Ar1_LUMO|Ar1_v_C=O|Ar2_v_C=O|Ar2_HOMO,0.9435386292335314,0.7973012243736998,0.4421082135115651,0
5,Ar2_LUMO|Ar2_v_C=O|Ar1_NBO_=O|Entry|ar2_enthalpy_hartree,0.9491935754660585,0.7972532748881473,0.4193843218433681,0
4,Ar1_LUMO|Ar2_v_C=O|Ar2_NBO_=O|Ar1_NBO_C2,0.933609589265596,0.7972433481810642,0.4794083038679526,0
5,Ar2_LUMO|prod_homo_hartree|Ar1_NBO_=O|Ar2_NBO_C2|ar2_enthalpy_hartree,0.9470638825859374,0.7972398306820898,0.4280839220420391,0
5,Ar1_v_C=O|Ar2_v_C=O|Ar2_I_C=O|ar2_enthalpy_hartree|sum_enthalpy_hartree,0.9535404454499181,0.7972121075666267,0.4010424966063174,0
5,Ar2_LUMO|Ar2_v_C=O|Ar2_I_C=O|ar2_enthalpy_hartree|sum_enthalpy_hartree,0.970995426315244,0.7971665053939316,0.3168736436477663,0
5,Ar2_v_C=O|Ar2_NBO_C2|Ar2_I_C=O|ar2_enthalpy_hartree|Ar1_I_C=O,0.9531924627789511,0.7971399859876751,0.40254160153540547,0
4,prod_homo_hartree|Ar2_NBO_C2|Entry|sum_enthalpy_hartree,0.9127911743328503,0.7970536552878906,0.5494562194899067,0
5,Ar1_LUMO|Ar1_v_C=O|Ar2_NBO_C2|ar2_enthalpy_hartree|Ar1_I_C=O,0.966719318574127,0.7970529375043247,0.33942902719269213,0
5,Ar2_LUMO|Ar1_v_C=O|Ar2_NBO_=O|Ar1_NBO_=O|Entry,0.9533804460052777,0.7969771082597976,0.4017324669188059,0
3,Ar1_LUMO|Ar2_NBO_-O|Ar1_NBO_C2,0.8933829747348331,0.7969695883296829,0.6075277990102893,0
4,Ar2_LUMO|Ar1_v_C=O|Ar1_NBO_=O|Ar2_NBO_-O,0.946624389544297,0.7969516816512987,0.42985729556266056,0
5,Ar1_v_C=O|Ar2_HOMO|Ar1_NBO_C2|Ar1_I_C=O|sum_enthalpy_hartree,0.9393984584289661,0.7969457217642641,0.4580308290267638,0
5,Ar1_v_C=O|Ar2_NBO_=O|Ar2_HOMO|Ar1_I_C=O|sum_enthalpy_hartree,0.9502651200129795,0.7968413215368189,0.4149381932874882,0
5,Ar2_LUMO|sum_homo_hartree|Ar1_v_C=O|Ar2_v_C=O|Ar2_NBO_C2,0.9506969512821957,0.7968041391858443,0.41313288148667743,0
3,Ar2_HOMO|Ar1_NBO_=O|Ar2_NBO_C2,0.9023542840392207,0.7966959158256477,0.581405949436291,0
5,Ar2_LUMO|prod_homo_hartree|Ar2_HOMO|Ar2_NBO_C2|ar2_enthalpy_hartree,0.9472665656996374,0.7966951343406827,0.42726360693182225,0
4,prod_homo_hartree|Ar1_NBO_=O|Ar2_NBO_C2|Entry,0.9221477832667496,0.7966579816704986,0.5191446298992314,0
5,Ar1_LUMO|prod_homo_hartree|Ar1_NBO_=O|Ar2_NBO_C2|Ar1_I_C=O,0.963255283059455,0.7966083618447828,0.3566566512649486,0
3,Ar2_LUMO|Ar1_NBO_-O|Ar1_NBO_C2,0.8967807943005012,0.7965378742872551,0.5977686446650451,0
5,Ar1_v_C=O|Ar1_HOMO|Ar1_NBO_-O|Ar2_NBO_C2|Ar1_I_C=O,0.9632796271969633,0.7965345274573588,0.3565384854734398,0
5,Ar1_LUMO|Ar1_v_C=O|Ar2_v_C=O|Ar1_NBO_-O|sum_enthalpy_hartree,0.9623514665213222,0.796528489701185,0.36101637938253534,0
5,Ar2_LUMO|sum_homo_hartree|Ar1_NBO_=O|Ar2_NBO_C2|sum_enthalpy_hartree,0.9473014600764601,0.7964928596527063,0.4271222206870102,0
5,Ar1_v_C=O|Ar2_I_C=O|ar2_enthalpy_hartree|Ar1_I_C=O|sum_enthalpy_hartree,0.9535404454499181,0.7964883172756636,0.4010424966063173,0
5,Ar2_LUMO|prod_homo_hartree|Ar2_NBO_=O|Ar1_NBO_C2|ar2_enthalpy_hartree,0.937528807974247,0.7964776266918162,0.46504263519370587,0
5,Ar2_HOMO|Ar1_NBO_=O|Ar2_NBO_C2|Ar1_I_C=O|sum_enthalpy_hartree,0.9352923393447686,0.7964605893869642,0.4732937005213443,0
4,Ar2_LUMO|Ar2_HOMO|Ar1_NBO_C2|Ar1_I_C=O,0.9093813652337014,0.796374185263509,0.5600949177501579,0
5,Ar1_LUMO|prod_homo_hartree|Ar1_HOMO|Ar2_NBO_C2|ar2_enthalpy_hartree,0.945416991131595,0.7962606687893236,0.4346919630136906,0
5,Ar2_LUMO|sum_homo_hartree|Ar2_v_C=O|Ar2_HOMO|Ar1_I_C=O,0.9709788670544761,0.7962587332154789,0.3169640853249283,0
5,Ar2_LUMO|sum_homo_hartree|Ar2_v_C=O|Ar1_HOMO|Ar1_I_C=O,0.9709788670544761,0.7962587332154787,0.31696408532492826,0
5,Ar2_LUMO|Ar2_v_C=O|Ar2_HOMO|Ar1_HOMO|Ar1_I_C=O,0.970978867054476,0.7962587332154781,0.3169640853249285,0
5,Ar1_LUMO|Ar2_v_C=O|Ar2_HOMO|Ar1_NBO_-O|ar2_enthalpy_hartree,0.9613585227354139,0.7962433309471,0.36574612624325314,0
5,prod_homo_hartree|Ar1_v_C=O|Ar2_NBO_C2|ar2_enthalpy_hartree|Ar1_I_C=O,0.9595644242886818,0.7962371050684354,0.37414047209038104,0
5,Ar1_LUMO|sum_homo_hartree|Ar2_NBO_-O|Entry|ar2_enthalpy_hartree,0.940048673007496,0.7961947765433111,0.4555670180594592,0
4,Ar1_LUMO|Ar1_NBO_=O|Ar2_NBO_-O|ar2_enthalpy_hartree,0.9294313257447472,0.7961811465168064,0.4942638568757455,0
5,Ar1_LUMO|Ar2_LUMO|Ar2_NBO_=O|Ar2_HOMO|sum_enthalpy_hartree,0.9447017354135584,0.7961775581154585,0.4375307948912055,0
4,prod_homo_hartree|Ar1_v_C=O|Ar2_NBO_-O|Ar1_I_C=O,0.9499967375849168,0.7961380633854249,0.4160562445328628,0
4,Ar1_LUMO|prod_homo_hartree|Ar2_NBO_=O|Ar1_HOMO,0.9366867387364755,0.7960949829684572,0.46816637339332096,0
5,Ar1_LUMO|Ar2_LUMO|prod_homo_hartree|Ar2_HOMO|ar2_enthalpy_hartree,0.9387833120295777,0.7960750735799745,0.46034962002419033,0
5,Ar2_LUMO|Ar2_HOMO|Ar2_NBO_C2|Ar1_NBO_C2|ar2_enthalpy_hartree,0.9414628948716299,0.7959820241362635,0.4501616511155442,0
5,Ar2_LUMO|Ar2_v_C=O|Ar1_NBO_=O|Entry|sum_enthalpy_hartree,0.9523160332267591,0.7959561927110743,0.4062927407246279,0
5,Ar1_LUMO|Ar1_v_C=O|Ar2_NBO_=O|Ar1_NBO_-O|ar2_enthalpy_hartree,0.9524468686798413,0.7959377146329372,0.40573496405500814,0
4,prod_homo_hartree|Ar2_NBO_=O|Ar1_NBO_C2|Entry,0.9168627624527852,0.795917602298887,0.5364764588061137,0
4,Ar2_LUMO|Ar1_NBO_=O|Ar2_I_C=O|ar2_enthalpy_hartree,0.9514275219681879,0.7959079593852223,0.4100605640379201,0
5,Ar2_LUMO|Ar2_HOMO|Ar1_NBO_=O|Ar1_NBO_C2|sum_enthalpy_hartree,0.9451605344302558,0.7959034893151797,0.4357119601699486,0
5,Ar1_LUMO|Ar2_LUMO|Ar1_v_C=O|Ar2_NBO_=O|Ar2_NBO_C2,0.9533035900103412,0.7958880538545264,0.40206347430825756,0
4,Ar2_LUMO|Ar2_NBO_=O|Ar1_HOMO|sum_enthalpy_hartree,0.938178075707749,0.7958710800806961,0.46261971204128394,0
5,Ar1_LUMO|Ar1_v_C=O|Ar2_NBO_=O|Ar2_NBO_C2|sum_enthalpy_hartree,0.9461819319425185,0.7958529489870232,0.4316352714844962,0
5,Ar1_LUMO|prod_homo_hartree|Ar2_v_C=O|Ar2_HOMO|Ar2_I_C=O,0.9709207129554632,0.7958323437940324,0.31728150118767817,0
5,Ar1_LUMO|sum_homo_hartree|Ar2_NBO_=O|Ar2_HOMO|Ar1_NBO_=O,0.9399771132667833,0.7958221466385957,0.4558388263492792,0
5,prod_homo_hartree|Ar1_NBO_=O|Ar2_NBO_-O|Ar2_NBO_C2|Ar2_I_C=O,0.9677160295611109,0.7958162252250366,0.33430767327635996,0
5,Ar1_LUMO|Ar2_LUMO|Ar2_HOMO|Ar1_NBO_=O|Ar1_HOMO,0.9399771132667832,0.7957489657138587,0.4558388263492793,0
5,Ar2_LUMO|sum_homo_hartree|Ar2_v_C=O|Ar2_I_C=O|Ar1_I_C=O,0.9713786215981579,0.7957264616003913,0.3147734885221958,0
5,Ar2_v_C=O|Ar1_NBO_-O|Ar2_NBO_-O|Ar1_I_C=O|sum_enthalpy_hartree,0.9531186711373184,0.7957189883112765,0.4028587781001694,0
4,Ar1_LUMO|Ar2_v_C=O|Ar1_HOMO|Ar2_NBO_C2,0.9410175928097975,0.7956537531978224,0.4518706365914236,0
5,Ar2_LUMO|Ar1_v_C=O|Ar2_NBO_=O|Ar2_NBO_-O|Ar2_NBO_C2,0.9513556901228358,0.7956375559097244,0.4103636628930825,0
5,Ar1_LUMO|prod_homo_hartree|Ar2_NBO_-O|Entry|ar2_enthalpy_hartree,0.9411138352691936,0.7956108591494969,0.45150182410628603,0
4,Ar1_LUMO|prod_homo_hartree|Ar1_v_C=O|Ar2_v_C=O,0.944303541916276,0.7955912071255677,0.4391032620126643,0
4,prod_homo_hartree|sum_homo_hartree|Ar1_v_C=O|Ar1_HOMO,0.9648523585424906,0.7955800477703765,0.3488196710656463,0
4,prod_homo_hartree|sum_homo_hartree|Ar1_v_C=O|Ar2_HOMO,0.9648523585424906,0.7955800477703764,0.3488196710656461,0
5,prod_homo_hartree|sum_homo_hartree|Ar1_v_C=O|Ar2_HOMO|Ar1_HOMO,0.9648523585424904,0.7955800477703722,0.34881967106564754,0
4,prod_homo_hartree|Ar1_v_C=O|Ar2_HOMO|Ar1_HOMO,0.9648523585424902,0.7955800477703707,0.34881967106564854,0
4,Ar1_LUMO|Ar1_HOMO|Ar2_NBO_-O|Ar2_NBO_C2,0.92184084755367,0.7955588770452318,0.5201669982242231,0
3,Ar2_LUMO|Ar2_HOMO|sum_enthalpy_hartree,0.900081058593669,0.79555821697444,0.5881346770062363,0
5,Ar2_LUMO|Ar1_NBO_=O|Ar1_HOMO|Ar2_NBO_C2|sum_enthalpy_hartree,0.9493268778205639,0.7955224776132219,0.41883378481878203,0
5,Ar1_v_C=O|Ar2_NBO_=O|Ar2_HOMO|Ar2_NBO_-O|Ar2_I_C=O,0.9627155869655455,0.7953769273563038,0.35926634001936325,0
5,sum_homo_hartree|Ar2_NBO_=O|Ar2_NBO_-O|Ar1_NBO_C2|Ar2_I_C=O,0.9694186905161986,0.7953630337936439,0.3253725518196922,0
4,Ar2_LUMO|Ar2_NBO_-O|Entry|sum_enthalpy_hartree,0.9306620856792438,0.7953298680054237,0.48993476957065546,0
4,Ar1_LUMO|Ar1_v_C=O|Ar2_HOMO|Ar2_NBO_C2,0.9368085550616533,0.795287787287909,0.46771577454244845,0
4,prod_homo_hartree|sum_homo_hartree|Ar1_NBO_-O|Ar1_NBO_C2,0.925236044494967,0.7952749349663714,0.5087436595142687,0
5,Ar1_LUMO|prod_homo_hartree|Ar2_NBO_=O|Ar1_HOMO|Entry,0.9454595160993575,0.7952411287422534,0.43452259837154544,0
5,prod_homo_hartree|Ar1_v_C=O|ar2_enthalpy_hartree|Ar1_I_C=O|sum_enthalpy_hartree,0.9598210887036532,0.7952055579970354,0.37295115532770196,0
5,Ar2_NBO_=O|Ar1_HOMO|Entry|Ar2_I_C=O|ar2_enthalpy_hartree,0.9326215012560776,0.7951897951535667,0.4829626430938351,0
3,Ar2_LUMO|Ar1_NBO_-O|ar2_enthalpy_hartree,0.9027974438316327,0.7951551267304493,0.5800851093884394,0
4,Ar1_v_C=O|Ar2_NBO_=O|Entry|Ar2_I_C=O,0.9301803257114586,0.7950443342229653,0.4916338572440874,0
5,Ar1_LUMO|Ar2_HOMO|Ar1_NBO_-O|Ar1_NBO_C2|ar2_enthalpy_hartree,0.9412369838763696,0.7950189909954529,0.4510294642448282,0
5,prod_homo_hartree|Ar2_NBO_=O|Ar2_NBO_-O|Ar1_NBO_C2|Ar1_I_C=O,0.9423108082848504,0.7949123458526991,0.44688944937678077,0
4,Ar1_v_C=O|Ar2_HOMO|ar2_enthalpy_hartree|sum_enthalpy_hartree,0.9351437180873544,0.7948914913920258,0.4738369218356428,0
5,Ar1_LUMO|Ar1_NBO_=O|Ar2_NBO_-O|Entry|ar2_enthalpy_hartree,0.9336860621452474,0.7948763703793013,0.4791321171675027,0
3,Ar1_LUMO|Ar1_v_C=O|Entry,0.8758060964725916,0.794855320035431,0.6556967231067246,0
4,Ar2_LUMO|Ar2_v_C=O|Ar1_NBO_=O|sum_enthalpy_hartree,0.946295589607907,0.7947632357831058,0.43117924818231435,0
3,Ar1_v_C=O|Ar2_NBO_=O|Ar1_NBO_C2,0.9106947567520857,0.7947397689004131,0.5560212033783624,0
3,Ar2_NBO_=O|Ar1_HOMO|Ar2_NBO_C2,0.9076929863169775,0.7947333606464282,0.5652885969424318,0
3,prod_homo_hartree|Ar2_NBO_=O|Ar1_NBO_C2,0.9038807245525887,0.7947004737656702,0.5768436532843197,0
5,Ar2_LUMO|Ar1_v_C=O|Ar2_v_C=O|Ar2_HOMO|Ar2_I_C=O,0.9703522588307615,0.7946645318065563,0.320367667831387,0
5,Ar2_LUMO|prod_homo_hartree|sum_homo_hartree|Ar1_NBO_C2|Ar1_I_C=O,0.943819469943768,0.7946196410068382,0.44100731244746655,0
5,prod_homo_hartree|sum_homo_hartree|Ar2_NBO_=O|Ar1_HOMO|ar2_enthalpy_hartree,0.9372616106628958,0.7945934760551804,0.46603609757326053,0
5,prod_homo_hartree|sum_homo_hartree|Ar2_NBO_=O|Ar2_HOMO|ar2_enthalpy_hartree,0.9372616106628957,0.7945934760551792,0.46603609757326114,0
5,prod_homo_hartree|Ar2_NBO_=O|Ar2_HOMO|Ar1_HOMO|ar2_enthalpy_hartree,0.9372616106628955,0.7945934760551782,0.4660360975732618,0
5,Ar2_LUMO|Ar1_v_C=O|Ar1_NBO_-O|Ar2_NBO_-O|Ar2_NBO_C2,0.9536613787238948,0.7945920686865106,0.4005202037813307,0
5,Ar2_LUMO|Ar1_v_C=O|Ar1_HOMO|Ar2_NBO_-O|Ar1_I_C=O,0.9722696741079299,0.7945114093362551,0.3098349184371937,0
5,Ar2_LUMO|sum_homo_hartree|Ar2_v_C=O|Ar1_HOMO|Ar2_I_C=O,0.9712003059216332,0.7944937327697434,0.31575251012718086,0
5,Ar2_LUMO|Ar2_v_C=O|Ar2_HOMO|Ar1_HOMO|Ar2_I_C=O,0.9712003059216332,0.7944937327697423,0.3157525101271809,0
5,Ar2_LUMO|sum_homo_hartree|Ar2_v_C=O|Ar2_HOMO|Ar2_I_C=O,0.9712003059216332,0.794493732769741,0.315752510127181,0
5,Ar2_LUMO|Ar2_v_C=O|Ar1_HOMO|Ar2_NBO_C2|Entry,0.9463584187779402,0.7944649544377842,0.43092695454273794,0
4,Ar1_LUMO|Ar2_HOMO|Ar1_NBO_=O|Ar1_NBO_-O,0.9239995459798451,0.7944634809349125,0.5129333863831738,0
5,Ar2_LUMO|Ar1_v_C=O|Ar1_NBO_=O|Ar2_NBO_-O|Entry,0.9535012999366295,0.7944599378939073,0.4012114145935614,0
5,Ar2_HOMO|Ar1_NBO_=O|Entry|Ar1_I_C=O|sum_enthalpy_hartree,0.9144724517071965,0.7944581709400972,0.5441340280902016,0
5,Ar1_LUMO|Ar2_NBO_=O|Ar2_HOMO|Ar1_NBO_=O|Ar1_HOMO,0.9399771132667833,0.7943921201887181,0.4558388263492792,0
5,Ar2_LUMO|Ar2_NBO_=O|Ar1_NBO_=O|Entry|Ar1_I_C=O,0.9502170175589162,0.7943678691721341,0.41513880422305127,0
5,Ar2_LUMO|sum_homo_hartree|Ar2_HOMO|Ar1_NBO_=O|sum_enthalpy_hartree,0.9477836270856249,0.7943623571356683,0.4251637462696665,0
5,Ar2_LUMO|Ar2_HOMO|Ar1_NBO_=O|Ar1_HOMO|sum_enthalpy_hartree,0.9477836270856248,0.7943623571356682,0.4251637462696667,0
5,Ar2_LUMO|sum_homo_hartree|Ar1_NBO_=O|Ar1_HOMO|sum_enthalpy_hartree,0.9477836270856249,0.7943623571356679,0.4251637462696666,0
5,Ar2_LUMO|sum_homo_hartree|Ar1_NBO_=O|Ar2_NBO_C2|ar2_enthalpy_hartree,0.9470526123399394,0.7943259423993536,0.42812948974306214,0
3,Ar1_LUMO|Ar2_NBO_-O|Ar2_NBO_C2,0.9005503182327131,0.7943170993279582,0.5867519928871137,0
5,Ar2_LUMO|sum_homo_hartree|Ar2_NBO_=O|Ar1_NBO_C2|ar2_enthalpy_hartree,0.9374005660378981,0.7942683501531853,0.4655197142360794,0
4,Ar2_NBO_=O|Entry|Ar2_I_C=O|Ar1_I_C=O,0.8829697884544351,0.794201234431547,0.6365050731987238,0
3,Ar2_LUMO|Ar1_NBO_=O|Ar2_NBO_-O,0.930471293197097,0.7942003028175089,0.49060836681676195,0
5,Ar2_LUMO|Ar1_NBO_=O|Ar1_HOMO|Entry|Ar2_I_C=O,0.9558744475378995,0.7941868953323297,0.3908390530859883,0
5,Ar2_LUMO|prod_homo_hartree|Ar1_NBO_=O|Ar1_NBO_C2|ar2_enthalpy_hartree,0.948074888519311,0.7941313857521607,0.4239763124819248,0
5,Ar2_HOMO|Ar1_NBO_=O|Ar2_NBO_-O|Ar2_NBO_C2|Ar1_I_C=O,0.9505755920507291,0.7940698575943284,0.4136410313365106,0
5,Ar2_LUMO|Ar1_NBO_=O|Ar2_NBO_-O|Entry|Ar2_I_C=O,0.9514373564690204,0.7940234985714876,0.41001904932351374,0
4,Ar2_LUMO|Ar1_NBO_=O|Ar2_NBO_-O|sum_enthalpy_hartree,0.9425384603570104,0.7939320322703206,0.44600682412937537,0
4,Ar2_LUMO|Ar2_v_C=O|Entry|sum_enthalpy_hartree,0.92947414795276,0.7939230370018043,0.49411387048463584,0
5,Ar2_LUMO|Ar1_v_C=O|Ar2_HOMO|Ar2_NBO_-O|Ar1_NBO_C2,0.9531680730979637,0.7938991922735154,0.40264646266707566,0
4,Ar2_NBO_=O|Ar1_HOMO|Ar2_I_C=O|sum_enthalpy_hartree,0.9231085195210069,0.7938765886924617,0.5159314305952434,0
5,Ar1_LUMO|Ar2_HOMO|Ar1_NBO_-O|Ar1_NBO_C2|Ar1_I_C=O,0.9443073993331655,0.7938557616596791,0.4390880560756465,0
5,Ar2_HOMO|Ar1_NBO_=O|Ar1_NBO_C2|Ar1_I_C=O|sum_enthalpy_hartree,0.9354695161187799,0.7938538471411821,0.4726452909582404,0
5,Ar1_LUMO|Ar2_LUMO|Ar1_NBO_=O|Entry|Ar1_I_C=O,0.9501439218663523,0.793835916786153,0.4154434638311054,0
5,Ar1_LUMO|sum_homo_hartree|Ar1_NBO_C2|ar2_enthalpy_hartree|sum_enthalpy_hartree,0.9458929950114282,0.7938209910136691,0.43279239613553994,0
4,Ar1_v_C=O|Ar2_NBO_=O|Ar1_HOMO|ar2_enthalpy_hartree,0.9195843972115583,0.793816540544579,0.5276221694934735,0
5,Ar1_LUMO|prod_homo_hartree|Ar2_NBO_=O|Ar1_NBO_C2|ar2_enthalpy_hartree,0.9481821117877944,0.7937772840783104,0.4235383392423681,0
5,Ar2_LUMO|Ar1_v_C=O|Ar2_v_C=O|Ar2_HOMO|Ar1_NBO_=O,0.9486955655328433,0.7937647398182596,0.42143473419002664,0
5,Ar2_LUMO|Ar1_v_C=O|Ar2_NBO_=O|Ar1_NBO_-O|Entry,0.9541488265296538,0.7937172172930478,0.3984080473006588,0
4,Ar2_LUMO|Ar1_v_C=O|Ar2_v_C=O|Ar1_NBO_-O,0.9470809137870698,0.7936996062170977,0.4280150525230177,0
5,Ar1_NBO_=O|Ar2_NBO_-O|Ar2_NBO_C2|Ar1_NBO_C2|Ar1_I_C=O,0.9593192926045402,0.7936513590889752,0.37527283021437813,0
5,Ar2_LUMO|Ar2_v_C=O|Ar2_HOMO|Ar1_NBO_=O|Ar2_I_C=O,0.9674412384541151,0.7936054181298346,0.3357274199929898,0
5,Ar1_v_C=O|Ar2_NBO_=O|Ar1_HOMO|Entry|Ar2_I_C=O,0.9426311233038108,0.7935820189374081,0.4456470619135296,0
4,Ar1_LUMO|sum_homo_hartree|Ar2_v_C=O|Ar2_I_C=O,0.9622199190644669,0.7935606868099798,0.36164654170525934,0
4,Ar2_v_C=O|Ar1_NBO_=O|Ar2_I_C=O|ar2_enthalpy_hartree,0.9409791184191033,0.7935528443826001,0.4520179908112983,0
5,Ar2_LUMO|sum_homo_hartree|Ar2_v_C=O|Ar1_NBO_=O|sum_enthalpy_hartree,0.9497498257340762,0.7933996177432993,0.4170822047157315,0
5,Ar1_LUMO|Ar1_v_C=O|Ar2_NBO_-O|Entry|sum_enthalpy_hartree,0.929741732953451,0.7933974517380491,0.4931756109108358,0
5,Ar1_v_C=O|Ar2_NBO_=O|Ar2_HOMO|Ar2_NBO_C2|Ar2_I_C=O,0.9580522273346539,0.7933426388551089,0.38107225270171774,0
5,Ar2_HOMO|Ar1_NBO_C2|Entry|Ar2_I_C=O|sum_enthalpy_hartree,0.9413708211365382,0.7933384892472498,0.4505155444177909,0
4,Ar1_LUMO|Ar2_NBO_=O|Ar2_NBO_C2|Ar1_NBO_C2,0.9266949667237384,0.7933036884111941,0.5037554666898928,0
5,Ar1_LUMO|Ar1_HOMO|Entry|Ar2_I_C=O|ar2_enthalpy_hartree,0.9234098814975227,0.7932055966683526,0.5149193889499952,0
5,Ar2_LUMO|Ar2_v_C=O|Entry|ar2_enthalpy_hartree|sum_enthalpy_hartree,0.9523710575235386,0.7931985141662332,0.40605825493277475,0
4,Ar1_v_C=O|Ar2_NBO_=O|Ar1_NBO_C2|ar2_enthalpy_hartree,0.9192703227903998,0.7931766618842633,0.5286515166192632,0
4,Ar2_LUMO|Ar2_HOMO|Entry|ar2_enthalpy_hartree,0.9055501059108838,0.7931728029459203,0.5718124567638329,0
4,prod_homo_hartree|Ar2_v_C=O|Ar2_HOMO|Ar2_NBO_C2,0.9301697441625485,0.7931691904089376,0.4916711107164578,0
5,Ar1_v_C=O|Ar2_v_C=O|Ar1_NBO_=O|Ar1_NBO_-O|Ar1_I_C=O,0.9577463053067816,0.7931120374196654,0.38245929438516024,0
4,sum_homo_hartree|Ar1_v_C=O|Ar2_NBO_=O|ar2_enthalpy_hartree,0.9224183338309558,0.7931059712119699,0.5182417839851943,0
5,Ar1_LUMO|Ar2_NBO_=O|Ar2_HOMO|Entry|Ar2_I_C=O,0.9633115667754565,0.793065883190438,0.35638339219116866,0
5,Ar1_LUMO|sum_homo_hartree|Ar1_NBO_-O|Entry|Ar2_I_C=O,0.954955212132004,0.7930432495837896,0.3948891011518703,0
4,Ar1_LUMO|Ar2_NBO_=O|Ar1_NBO_-O|sum_enthalpy_hartree,0.940899007381835,0.7930400499969055,0.4523246564324575,0
5,Ar1_LUMO|Ar1_v_C=O|Ar1_NBO_=O|Ar1_NBO_C2|ar2_enthalpy_hartree,0.9457265028940813,0.7929869877713496,0.43345775523682545,0
3,Ar1_NBO_=O|Ar1_HOMO|Ar2_NBO_C2,0.8974048308383261,0.7929762466150191,0.5959589281808235,0
5,Ar1_LUMO|Ar1_v_C=O|Ar2_NBO_=O|Ar1_NBO_-O|Ar1_NBO_C2,0.9469499934330821,0.7929447657044895,0.42854417416131363,0
3,Ar1_LUMO|prod_homo_hartree|sum_homo_hartree,0.9210128457575991,0.7929152790907333,0.522915009898287,0
5,Ar2_LUMO|prod_homo_hartree|Ar2_v_C=O|Ar1_NBO_=O|sum_enthalpy_hartree,0.9496888830805392,0.7928998024095018,0.41733504358314255,0
3,Ar1_HOMO|Ar2_NBO_C2|ar2_enthalpy_hartree,0.8998473281086022,0.7928930909202578,0.5888221578068062,0
5,Ar2_LUMO|prod_homo_hartree|Ar1_v_C=O|Ar1_NBO_=O|Ar2_NBO_C2,0.9488530839173934,0.7928852262708103,0.42078727796579385,0
5,prod_homo_hartree|Ar1_NBO_=O|Entry|ar2_enthalpy_hartree|sum_enthalpy_hartree,0.9171150440116019,0.7928690187830574,0.5356618662558826,0
5,Ar1_LUMO|Ar1_v_C=O|Ar2_v_C=O|Ar2_NBO_-O|sum_enthalpy_hartree,0.9624154118513955,0.7928248615105151,0.3607096593029796,0
5,Ar1_LUMO|Ar2_v_C=O|Ar1_HOMO|Ar1_NBO_-O|ar2_enthalpy_hartree,0.9637358675449321,0.792799807800009,0.3543166169644143,0
5,Ar2_LUMO|sum_homo_hartree|Ar1_NBO_C2|ar2_enthalpy_hartree|sum_enthalpy_hartree,0.940886610420614,0.7927637119441774,0.4523720935139203,0
4,Ar1_LUMO|sum_homo_hartree|Ar2_v_C=O|Ar2_NBO_-O,0.9395948175855016,0.7926614705757649,0.4572881786157003,0
5,Ar1_LUMO|Ar2_LUMO|prod_homo_hartree|Ar2_NBO_C2|ar2_enthalpy_hartree,0.9455759805274032,0.7926510951686835,0.43405841592313155,0
5,Ar2_LUMO|sum_homo_hartree|Ar1_NBO_=O|Ar1_NBO_C2|ar2_enthalpy_hartree,0.9480081062741523,0.7926371169157623,0.4242488683918791,0
5,Ar1_LUMO|prod_homo_hartree|Ar1_v_C=O|Ar2_NBO_-O|ar2_enthalpy_hartree,0.9441742991240935,0.7926321347545182,0.43961243305614306,0
5,Ar2_LUMO|prod_homo_hartree|Ar1_NBO_C2|ar2_enthalpy_hartree|sum_enthalpy_hartree,0.9408814376553055,0.7926235927639673,0.45239188567521793,0
5,Ar2_LUMO|prod_homo_hartree|Ar1_v_C=O|Ar2_v_C=O|Ar2_NBO_C2,0.9506185647735919,0.7925842982508816,0.41346116932538496,0
5,Ar2_LUMO|sum_homo_hartree|Ar1_v_C=O|Ar2_v_C=O|Ar1_NBO_=O,0.9488582365380641,0.7925253975880173,0.4207660820462632,0
4,Ar2_LUMO|Ar2_v_C=O|Ar1_HOMO|sum_enthalpy_hartree,0.9435920861901403,0.7924924096488125,0.44189887254130633,0
5,Ar2_LUMO|Ar1_v_C=O|Ar2_NBO_=O|Ar2_HOMO|Ar1_NBO_-O,0.9492608112332224,0.792492033130906,0.41910672937317184,0
5,Ar2_LUMO|prod_homo_hartree|Ar1_NBO_=O|Ar1_NBO_C2|sum_enthalpy_hartree,0.9477569630794146,0.792457862876417,0.4252722861898909,0
5,Ar2_LUMO|sum_homo_hartree|Ar1_HOMO|Ar1_NBO_C2|ar2_enthalpy_hartree,0.9459334320726006,0.7924181109293407,0.4326306414454161,0
5,Ar2_LUMO|sum_homo_hartree|Ar2_HOMO|Ar1_NBO_C2|ar2_enthalpy_hartree,0.9459334320726006,0.7924181109293402,0.4326306414454162,0
5,Ar2_LUMO|Ar2_HOMO|Ar1_HOMO|Ar1_NBO_C2|ar2_enthalpy_hartree,0.9459334320726006,0.79241811092934,0.432630641445416,0
3,sum_homo_hartree|Ar2_NBO_=O|Ar1_NBO_C2,0.9002637157965072,0.7923415187186469,0.587596860181879,0
5,Ar1_LUMO|Ar2_LUMO|Ar1_v_C=O|Ar1_NBO_=O|Entry,0.9535649827499255,0.7923332657366506,0.40093657867628263,0
5,Ar2_v_C=O|Ar1_NBO_=O|Ar1_NBO_-O|Ar1_I_C=O|sum_enthalpy_hartree,0.9554629190551989,0.7921757349392557,0.3926573660368603,0
5,Ar2_LUMO|Ar2_v_C=O|Ar2_NBO_C2|Entry|sum_enthalpy_hartree,0.9370811250841083,0.7921637540172077,0.466705961660498,0
5,Ar1_LUMO|Ar1_NBO_=O|Ar1_HOMO|ar2_enthalpy_hartree|sum_enthalpy_hartree,0.9462381320160873,0.7921404661156853,0.4314098428218143,0
5,Ar2_LUMO|prod_homo_hartree|sum_homo_hartree|Ar2_NBO_=O|Ar1_NBO_C2,0.9291200523813531,0.7921155287932085,0.49535273867262675,0
5,Ar2_HOMO|Ar1_NBO_=O|Ar2_NBO_C2|ar2_enthalpy_hartree|Ar1_I_C=O,0.935280590283451,0.7920767192980366,0.47333666687383374,0
5,Ar1_LUMO|Ar2_NBO_=O|Ar2_HOMO|Ar2_NBO_-O|Entry,0.952220587110733,0.7920707554641917,0.40669916326729916,0
4,Ar1_LUMO|Ar1_NBO_=O|Ar2_NBO_-O|Ar2_NBO_C2,0.9193189513504054,0.7919872615868763,0.5284922726127633,0
5,Ar1_LUMO|Ar2_NBO_=O|Ar2_HOMO|Ar1_NBO_=O|sum_enthalpy_hartree,0.9446060420017991,0.7919211501106814,0.43790920384336895,0
4,prod_homo_hartree|Ar1_v_C=O|Ar2_NBO_=O|ar2_enthalpy_hartree,0.9244783944552071,0.7918741123194297,0.5113149389604714,0
5,Ar2_LUMO|prod_homo_hartree|Ar1_v_C=O|Ar2_HOMO|Ar2_I_C=O,0.9671491225940259,0.7917818088708948,0.337230123225182,0
3,Ar2_LUMO|prod_homo_hartree|Ar1_HOMO,0.91115090658248,0.791742717999538,0.554599373779126,0
5,Ar2_NBO_=O|Ar1_HOMO|Ar2_NBO_C2|Entry|Ar1_I_C=O,0.9600930680048964,0.7917406999609008,0.37168672041161765,0
5,Ar1_LUMO|Ar2_LUMO|sum_homo_hartree|Ar2_NBO_=O|sum_enthalpy_hartree,0.9459257121185963,0.7917280360108153,0.4326615271624768,0
5,Ar1_LUMO|Ar2_HOMO|Ar1_NBO_=O|Ar1_NBO_-O|Entry,0.9550378287670042,0.7916990253422783,0.3945268019479072,0
4,Ar1_LUMO|Ar2_v_C=O|Ar1_NBO_=O|Ar1_NBO_-O,0.9407395664927423,0.7916869451893689,0.45293437944671183,0
5,Ar1_LUMO|Ar2_LUMO|Ar2_HOMO|Ar2_NBO_C2|sum_enthalpy_hartree,0.9420536413350475,0.7915526881765653,0.4478844139398362,0
5,Ar2_NBO_=O|Ar1_NBO_=O|Ar1_NBO_-O|Ar2_NBO_-O|Ar2_I_C=O,0.9359548426561026,0.7915236004913605,0.4708645803761365,0
4,prod_homo_hartree|Ar1_NBO_=O|ar2_enthalpy_hartree|sum_enthalpy_hartree,0.9098955254085807,0.7914918966772376,0.5585036989341656,0
5,Ar1_LUMO|sum_homo_hartree|Ar1_NBO_-O|Entry|Ar1_I_C=O,0.9556710164991824,0.7914842278980567,0.391738955312065,0
5,Ar1_LUMO|prod_homo_hartree|Ar1_NBO_=O|Ar2_NBO_C2|sum_enthalpy_hartree,0.9418170088821748,0.7914824870321875,0.44879798305779633,0
4,Ar1_LUMO|Ar1_NBO_=O|Entry|ar2_enthalpy_hartree,0.9180328734516133,0.7914659571273214,0.532687774765259,0
3,Ar1_LUMO|Ar1_HOMO|Entry,0.873584146703943,0.7914403723994585,0.6615362463756848,0
4,Ar2_NBO_=O|Ar1_HOMO|Entry|ar2_enthalpy_hartree,0.9078450717855747,0.7914291267525667,0.5648227188960527,0
5,Ar1_v_C=O|Ar2_HOMO|Ar2_NBO_-O|Entry|Ar1_I_C=O,0.9490728350052567,0.7914087559673181,0.41988235539107865,0
5,Ar2_LUMO|Ar2_v_C=O|Ar1_HOMO|Ar2_I_C=O|sum_enthalpy_hartree,0.9690176944773582,0.7913978505495634,0.3274988208106937,0
4,Ar2_LUMO|Ar2_NBO_=O|Ar2_I_C=O|Ar1_I_C=O,0.9406316479179583,0.7913828639140743,0.4533466089590184,0
5,Ar1_LUMO|Ar2_v_C=O|Ar2_HOMO|Ar1_NBO_=O|Ar1_NBO_C2,0.9442194353535842,0.7913823398367148,0.4394346792641332,0
5,Ar1_LUMO|Ar2_LUMO|sum_homo_hartree|Ar2_v_C=O|Ar1_HOMO,0.9512497063588647,0.7913722479413468,0.41081045946591066,0
3,Ar1_v_C=O|Ar2_HOMO|ar2_enthalpy_hartree,0.9103431438344458,0.7913599324382385,0.5571147124120515,0
4,Ar2_LUMO|Ar2_v_C=O|Ar1_NBO_=O|Ar1_I_C=O,0.9498171996712801,0.7913438192986129,0.41680250523142,0
5,Ar1_v_C=O|Ar2_HOMO|Ar1_NBO_=O|Ar2_NBO_C2|Ar2_I_C=O,0.9554024613788745,0.7913383727126873,0.3929237856204478,0
5,Ar1_LUMO|Ar2_LUMO|Ar2_HOMO|Ar1_NBO_C2|ar2_enthalpy_hartree,0.9433281529876312,0.7912945630329888,0.4429314907030963,0
5,Ar2_LUMO|prod_homo_hartree|Ar1_NBO_-O|Entry|sum_enthalpy_hartree,0.9470766208358108,0.7912690573110892,0.4280324130882394,0
5,Ar1_LUMO|prod_homo_hartree|Ar2_NBO_C2|Ar1_NBO_C2|ar2_enthalpy_hartree,0.9456801256568467,0.7912655713986948,0.43364291264872784,0
4,prod_homo_hartree|Ar1_v_C=O|ar2_enthalpy_hartree|sum_enthalpy_hartree,0.9365612569275736,0.7912512180857637,0.4686300778636925,0
5,Ar2_LUMO|Ar2_v_C=O|Ar1_NBO_=O|Ar1_HOMO|sum_enthalpy_hartree,0.9537669664976618,0.7912482594668347,0.4000636283196443,0
5,Ar1_LUMO|Ar2_v_C=O|Ar2_HOMO|Entry|Ar1_I_C=O,0.9554284549608455,0.7912480762679073,0.3928092615277699,0
5,Ar2_LUMO|sum_homo_hartree|Ar1_HOMO|Ar2_NBO_C2|sum_enthalpy_hartree,0.9459697968253596,0.7912473663135642,0.4324851249719679,0
5,Ar2_LUMO|Ar2_HOMO|Ar1_HOMO|Ar2_NBO_C2|sum_enthalpy_hartree,0.9459697968253596,0.7912473663135642,0.4324851249719679,0
5,Ar2_LUMO|sum_homo_hartree|Ar2_HOMO|Ar2_NBO_C2|sum_enthalpy_hartree,0.9459697968253596,0.7912473663135638,0.43248512497196806,0
5,Ar1_LUMO|Ar2_LUMO|sum_homo_hartree|Ar1_v_C=O|Ar2_I_C=O,0.9713318740419681,0.791216752878203,0.3150304448355117,0
5,Ar2_LUMO|Ar2_v_C=O|Ar2_HOMO|Ar2_I_C=O|Ar1_I_C=O,0.9713811423997706,0.7912166134473917,0.31475962652403455,0
5,Ar2_LUMO|prod_homo_hartree|Ar1_NBO_=O|Ar2_NBO_C2|Ar1_I_C=O,0.9589040170396864,0.7912047909211526,0.3771833911305267,0
5,Ar1_LUMO|Ar2_HOMO|Entry|ar2_enthalpy_hartree|Ar1_I_C=O,0.961291011370885,0.7911315032238486,0.366065488315059,0
5,Ar1_LUMO|Ar1_HOMO|Ar2_NBO_C2|Ar2_I_C=O|sum_enthalpy_hartree,0.9384685573284239,0.7911285793300828,0.4615315806670474,0
4,Ar1_LUMO|Ar2_HOMO|Ar1_HOMO|Entry,0.9321284420345919,0.7911136462395105,0.48472652276838407,0
5,Ar1_LUMO|sum_homo_hartree|Ar2_HOMO|Ar1_HOMO|Entry,0.9321284420345919,0.7911136462395103,0.484726522768384,0
4,Ar1_LUMO|sum_homo_hartree|Ar2_HOMO|Entry,0.9321284420345919,0.7911136462395103,0.48472652276838407,0
4,Ar1_LUMO|sum_homo_hartree|Ar1_HOMO|Entry,0.9321284420345919,0.79111364623951,0.4847265227683843,0
5,Ar2_LUMO|sum_homo_hartree|Ar1_NBO_=O|Ar1_NBO_C2|sum_enthalpy_hartree,0.9476941380962265,0.7910787271630464,0.4255279154398887,0
5,Ar2_LUMO|prod_homo_hartree|Ar2_NBO_=O|Ar1_NBO_C2|sum_enthalpy_hartree,0.9404016577498507,0.7910452483599159,0.4542238817366004,0
4,Ar2_LUMO|Ar2_NBO_=O|Ar1_NBO_=O|Ar2_NBO_C2,0.9289995424177332,0.7910115185353744,0.49577365876892776,0
3,Ar1_LUMO|Ar1_NBO_C2|ar2_enthalpy_hartree,0.8985963059407132,0.790993830259958,0.5924882781228882,0
5,Ar1_v_C=O|Ar2_v_C=O|Ar1_NBO_C2|Ar2_I_C=O|ar2_enthalpy_hartree,0.9506769668653251,0.7909897127159489,0.4132166023058775,0
5,Ar1_LUMO|sum_homo_hartree|Ar2_v_C=O|Ar1_NBO_=O|Ar2_NBO_C2,0.9433023507455003,0.7909760190167969,0.4430323108248002,0
5,Ar1_LUMO|Ar2_LUMO|prod_homo_hartree|Ar2_NBO_=O|sum_enthalpy_hartree,0.9459325120092897,0.7909636862203281,0.43263432251767786,0
4,Ar1_LUMO|sum_homo_hartree|Entry|sum_enthalpy_hartree,0.9185214683346388,0.7909476941854519,0.5310977621066088,0
3,Ar1_LUMO|Ar1_NBO_=O|Ar2_NBO_-O,0.9063947821177665,0.7909175000715958,0.5692498223081142,0
5,Ar1_LUMO|prod_homo_hartree|Ar1_v_C=O|Ar1_NBO_-O|ar2_enthalpy_hartree,0.9358004319287603,0.7908913749207145,0.47143185801927767,0
5,Ar1_LUMO|Ar2_LUMO|Ar2_NBO_=O|Ar1_HOMO|sum_enthalpy_hartree,0.9471364720388218,0.790885138426726,0.4277903130721987,0
5,Ar2_LUMO|Ar2_HOMO|Ar1_NBO_=O|Ar1_I_C=O|sum_enthalpy_hartree,0.9559895757562722,0.7908360032420473,0.3903288499280422,0
4,Ar2_LUMO|Ar2_HOMO|ar2_enthalpy_hartree|sum_enthalpy_hartree,0.9261932141739906,0.7907738415519457,0.5054765595913325,0
5,Ar2_LUMO|sum_homo_hartree|Ar2_NBO_C2|Entry|Ar2_I_C=O,0.9728702154250581,0.7907681027703337,0.30646158760732245,0
5,Ar2_LUMO|Ar1_v_C=O|Ar2_v_C=O|Ar1_NBO_=O|Ar1_HOMO,0.9490267121926005,0.7907552465280088,0.4200724481677207,0
3,prod_homo_hartree|Ar1_NBO_C2|Ar1_I_C=O,0.9150286058287393,0.7907185213915608,0.5423619911562221,0
5,Ar2_LUMO|Ar1_v_C=O|Ar2_HOMO|Ar1_NBO_=O|Ar1_NBO_-O,0.9493712730375997,0.7907042825341473,0.41865027243186187,0
5,Ar1_LUMO|prod_homo_hartree|Ar2_v_C=O|Ar1_NBO_=O|Ar2_NBO_C2,0.9435310688676142,0.7906676460934139,0.4421378124031461,0
5,prod_homo_hartree|Ar1_NBO_=O|Ar2_NBO_C2|Ar1_I_C=O|sum_enthalpy_hartree,0.9484377380420009,0.7906591336738813,0.42249235513629807,0
5,Ar2_LUMO|Ar2_HOMO|Ar1_NBO_=O|Ar2_NBO_C2|Entry,0.9428922865636576,0.7906235421954806,0.4446315339242579,0
5,Ar2_LUMO|Ar2_v_C=O|Ar1_NBO_-O|Ar2_I_C=O|ar2_enthalpy_hartree,0.9657554889529483,0.7906180040809003,0.34430898752259176,0
5,Ar2_NBO_=O|Ar1_NBO_-O|Ar2_NBO_-O|Ar2_I_C=O|Ar1_I_C=O,0.9359548426561026,0.7906176005032991,0.4708645803761366,0
5,Ar2_LUMO|prod_homo_hartree|Ar1_v_C=O|Entry|Ar2_I_C=O,0.9698176230120187,0.7906137455006662,0.32324334634799345,0
5,Ar2_LUMO|prod_homo_hartree|Ar2_NBO_C2|Entry|Ar2_I_C=O,0.972076185510278,0.7905531280272893,0.31091397738463566,0
5,Ar1_LUMO|prod_homo_hartree|Ar2_NBO_C2|ar2_enthalpy_hartree|sum_enthalpy_hartree,0.9459959353580036,0.7905026030106773,0.43238049928634065,0
4,Ar1_LUMO|prod_homo_hartree|Ar1_v_C=O|Entry,0.9175288170497253,0.7904708510382437,0.5343231447404954,0
5,Ar1_v_C=O|Ar1_NBO_-O|Ar2_NBO_C2|Ar1_NBO_C2|Ar2_I_C=O,0.9563803726701364,0.7904094690010337,0.38859199498855324,0
5,Ar2_LUMO|sum_homo_hartree|Ar1_NBO_=O|ar2_enthalpy_hartree|Ar1_I_C=O,0.9586518757748874,0.7903978228428191,0.3783387116897822,0
5,Ar1_LUMO|Ar2_NBO_=O|Ar2_NBO_C2|Entry|ar2_enthalpy_hartree,0.950253702211239,0.790361444423707,0.414985819924434,0
5,Ar1_LUMO|Ar2_LUMO|Ar2_NBO_-O|Entry|ar2_enthalpy_hartree,0.9471711244719762,0.7903591052433534,0.42765008023206774,0
5,Ar1_LUMO|Ar1_v_C=O|Ar1_HOMO|Ar2_NBO_-O|sum_enthalpy_hartree,0.938416582742568,0.7903559423295382,0.46172646354573404,0
5,Ar2_LUMO|sum_homo_hartree|Ar1_v_C=O|Ar2_HOMO|Ar1_NBO_=O,0.9486480536661355,0.790317778738028,0.4216298295801645,0
5,Ar2_LUMO|sum_homo_hartree|Ar1_v_C=O|Ar1_NBO_=O|Ar1_HOMO,0.9486480536661355,0.7903177787380273,0.42162982958016454,0
5,Ar2_LUMO|Ar1_v_C=O|Ar2_HOMO|Ar1_NBO_=O|Ar1_HOMO,0.9486480536661354,0.7903177787380268,0.42162982958016465,0
4,Ar1_LUMO|sum_homo_hartree|Ar2_NBO_=O|Ar2_NBO_C2,0.934734968195272,0.7903168615790988,0.47532773027870967,0
5,Ar2_LUMO|Ar1_NBO_=O|Ar2_NBO_C2|ar2_enthalpy_hartree|sum_enthalpy_hartree,0.9421338052855529,0.7903102484950439,0.4475745013670199,0
5,prod_homo_hartree|sum_homo_hartree|Ar1_NBO_=O|ar2_enthalpy_hartree|sum_enthalpy_hartree,0.9310513020246556,0.7902712661051976,0.4885577525500143,0
5,Ar1_LUMO|Ar1_v_C=O|Ar2_v_C=O|Ar2_HOMO|Entry,0.9507206646695715,0.7902534929413052,0.41303351685721884,0
5,Ar1_LUMO|Ar2_NBO_=O|Ar1_HOMO|Ar2_NBO_-O|Entry,0.945446826623723,0.7902509595740872,0.43457314379076034,0
5,Ar2_LUMO|Ar1_v_C=O|Ar2_v_C=O|Ar1_HOMO|Ar2_NBO_C2,0.9506446803329721,0.7902433809788503,0.41335182461256487,0
5,Ar2_v_C=O|Ar1_HOMO|Entry|Ar2_I_C=O|sum_enthalpy_hartree,0.9514378477736629,0.7902423306146615,0.4100169752521979,0
4,Ar2_LUMO|Ar2_HOMO|Ar1_NBO_C2|ar2_enthalpy_hartree,0.9153864312601413,0.7902320467141628,0.5412188084353696,0
5,Ar2_LUMO|Ar2_NBO_=O|Ar2_HOMO|Ar2_NBO_-O|Entry,0.9378138647684034,0.7901549538045332,0.4639804245433897,0
5,Ar1_LUMO|prod_homo_hartree|Ar1_v_C=O|Ar2_HOMO|Entry,0.9462231341794756,0.7901158198260977,0.4314700133794542,0
4,Ar1_LUMO|sum_homo_hartree|Ar2_v_C=O|Ar1_HOMO,0.945229179262101,0.7900927918924396,0.43543917542003036,0
4,Ar1_LUMO|Ar2_v_C=O|Ar2_HOMO|Ar1_HOMO,0.9452291792621009,0.7900927918924395,0.4354391754200304,0
5,Ar1_LUMO|sum_homo_hartree|Ar2_v_C=O|Ar2_HOMO|Ar1_HOMO,0.9452291792621009,0.7900927918924394,0.4354391754200306,0
4,Ar1_LUMO|sum_homo_hartree|Ar2_v_C=O|Ar2_HOMO,0.9452291792621009,0.7900927918924386,0.4354391754200304,0
4,sum_homo_hartree|Ar2_NBO_C2|Entry|sum_enthalpy_hartree,0.9108208615251305,0.7900396216974258,0.5556284957667562,0
5,Ar2_LUMO|Ar1_NBO_=O|Ar1_NBO_-O|Entry|sum_enthalpy_hartree,0.9498337724149503,0.7900244890812531,0.41673367555840035,0
3,Ar1_LUMO|Ar1_v_C=O|Ar2_NBO_-O,0.9152293985705449,0.7900207862880295,0.5417207944086609,0
5,Ar1_LUMO|Ar1_NBO_-O|Ar2_NBO_-O|Entry|ar2_enthalpy_hartree,0.9470675235226556,0.7900062636049717,0.4280692000209715,0
5,Ar2_LUMO|prod_homo_hartree|Ar1_HOMO|Ar1_NBO_C2|ar2_enthalpy_hartree,0.9457574252155984,0.7899994294606071,0.43333425637924267,0
5,Ar2_LUMO|sum_homo_hartree|Ar1_v_C=O|Ar2_NBO_=O|Ar1_NBO_-O,0.9500505399213732,0.7899255218406865,0.4158323509148003,0
5,Ar1_LUMO|Ar1_HOMO|Ar2_NBO_-O|Ar2_NBO_C2|sum_enthalpy_hartree,0.9362061946898971,0.7898928448392418,0.4699396929586574,0
5,Ar1_LUMO|Ar2_v_C=O|Ar1_NBO_C2|Ar1_I_C=O|sum_enthalpy_hartree,0.9704951091332642,0.7898853783211905,0.3195949297401558,0
5,Ar1_LUMO|Ar2_NBO_=O|Ar2_NBO_C2|Entry|Ar2_I_C=O,0.9519765493445285,0.789831438637886,0.4077364672007917,0
5,Ar1_LUMO|sum_homo_hartree|Ar2_NBO_=O|Ar1_NBO_C2|ar2_enthalpy_hartree,0.9480354640332113,0.789774883709662,0.42413723535924275,0
4,prod_homo_hartree|Ar1_v_C=O|Ar2_NBO_=O|Entry,0.921821301545834,0.7897392193644698,0.5202320357299604,0
4,Ar2_LUMO|Ar1_v_C=O|Ar2_v_C=O|Ar2_NBO_-O,0.9471307176785981,0.7896992584584117,0.42781359559486004,0
5,prod_homo_hartree|Ar1_v_C=O|Ar1_NBO_=O|Ar2_NBO_C2|Ar1_I_C=O,0.9565004741725882,0.7895917451073937,0.38805665510810444,0
4,Ar2_LUMO|Ar2_v_C=O|Ar2_NBO_C2|Ar1_NBO_C2,0.9337079281086593,0.7895868156222073,0.4790531175676086,0
5,Ar1_LUMO|sum_homo_hartree|Ar2_NBO_=O|Ar2_NBO_C2|Ar2_I_C=O,0.9638359539113261,0.789571120281367,0.35382733509714825,0
5,Ar1_LUMO|Ar2_HOMO|Ar1_NBO_C2|Entry|Ar2_I_C=O,0.9533245748110322,0.7895704926671578,0.4019731229302313,0
5,sum_homo_hartree|Ar2_NBO_=O|Ar2_NBO_-O|Ar1_NBO_C2|Ar1_I_C=O,0.9417555398192904,0.7895460848394236,0.4490349931224455,0
5,Ar1_LUMO|sum_homo_hartree|Ar2_v_C=O|Ar1_NBO_-O|Ar2_I_C=O,0.9676508034743421,0.7895119427189081,0.33464521816623666,0
5,Ar2_LUMO|Ar1_NBO_-O|Ar2_NBO_-O|Entry|ar2_enthalpy_hartree,0.9471276225396335,0.7894115703043463,0.42782611820810446,0
5,prod_homo_hartree|Ar2_v_C=O|Ar2_HOMO|Ar1_NBO_-O|Ar1_I_C=O,0.9659568221678716,0.7893981652693689,0.343295350254758,0
5,Ar2_LUMO|prod_homo_hartree|Ar1_v_C=O|Ar2_I_C=O|sum_enthalpy_hartree,0.9753447974761852,0.7893869485989743,0.29215085497859966,0
4,Ar2_LUMO|Ar2_NBO_=O|Ar1_HOMO|Ar1_NBO_C2,0.9348160139657012,0.7893850420886493,0.47503250887161996,0
5,Ar1_NBO_=O|Ar1_NBO_-O|Ar2_NBO_-O|Ar1_NBO_C2|Ar1_I_C=O,0.9593620101947704,0.7893397989241963,0.37507574709346014,0
5,prod_homo_hartree|Ar2_NBO_-O|Ar1_NBO_C2|Ar1_I_C=O|sum_enthalpy_hartree,0.9448434853975258,0.7893202674058418,0.4369696581203797,0
4,Ar1_v_C=O|Ar2_NBO_=O|Ar1_HOMO|Entry,0.9176286704685775,0.789302842483996,0.5339995762498548,0
5,Ar1_LUMO|Ar2_LUMO|Ar1_NBO_-O|Entry|ar2_enthalpy_hartree,0.9471670635748698,0.7892982213701467,0.42766651641004655,0
3,Ar1_LUMO|Ar2_NBO_-O|Entry,0.8970298579729754,0.789172094315453,0.5970470135827252,0
5,Ar2_NBO_=O|Ar1_NBO_=O|Ar2_NBO_-O|Ar1_NBO_C2|Ar1_I_C=O,0.9593807791309409,0.7891551200645708,0.3749891214284148,0
5,Ar1_LUMO|Ar2_NBO_-O|Ar1_NBO_C2|Entry|sum_enthalpy_hartree,0.9203576473636028,0.7891432479411205,0.5250793207646313,0
5,Ar2_LUMO|Ar1_v_C=O|Ar2_v_C=O|Ar2_NBO_=O|Entry,0.95312595176851,0.7891354650024238,0.4028274950697887,0
4,Ar1_LUMO|Ar2_v_C=O|Ar2_HOMO|Ar2_I_C=O,0.9595319494240987,0.7890779060190702,0.37429068291839435,0
4,Ar1_LUMO|prod_homo_hartree|Ar2_v_C=O|Ar2_NBO_-O,0.9402284535059764,0.789074779488836,0.45488343386374974,0
4,Ar1_LUMO|Ar2_NBO_C2|Entry|sum_enthalpy_hartree,0.9243563300913629,0.7890428237228693,0.5117279872083237,0
4,Ar2_LUMO|Ar1_v_C=O|Ar1_NBO_-O|Ar2_NBO_-O,0.9476329839430748,0.7890388651082989,0.4257765988242614,0
5,Ar1_LUMO|Ar1_v_C=O|Ar2_NBO_-O|Ar2_NBO_C2|sum_enthalpy_hartree,0.9419810590083791,0.7890370283224644,0.44816483120941836,0
4,Ar1_LUMO|Ar2_LUMO|Ar2_HOMO|Ar2_NBO_C2,0.9225415551271265,0.7889926671189789,0.5178300642844914,0
5,Ar2_NBO_=O|Ar1_NBO_=O|Ar2_NBO_-O|Ar2_I_C=O|Ar1_I_C=O,0.9359548426561026,0.7889663074368767,0.4708645803761364,0
5,Ar1_LUMO|sum_homo_hartree|Ar2_NBO_=O|Ar1_NBO_=O|sum_enthalpy_hartree,0.9455725563955938,0.7889477461808023,0.43407207027893546,0
5,Ar1_LUMO|Ar2_LUMO|Ar1_v_C=O|Ar2_v_C=O|Ar2_NBO_=O,0.9494277602479779,0.78889941466364,0.4184166601397135,0
5,Ar1_LUMO|Ar1_v_C=O|Ar2_NBO_=O|Ar1_HOMO|Ar1_I_C=O,0.9677133890906447,0.7888377447312245,0.3343213443254479,0
4,Ar1_LUMO|Ar2_LUMO|Ar1_v_C=O|Ar2_NBO_-O,0.9478339224416651,0.7887899788029964,0.4249589358572674,0
5,Ar1_LUMO|Ar2_HOMO|Ar1_NBO_=O|Ar1_NBO_C2|ar2_enthalpy_hartree,0.940047883433958,0.7887353749314155,0.4555700180137214,0
5,Ar1_HOMO|Ar2_NBO_C2|Entry|Ar2_I_C=O|sum_enthalpy_hartree,0.9466113311256222,0.7886885944604902,0.4299098749449581,0
4,Ar1_LUMO|Ar2_NBO_-O|Ar2_I_C=O|ar2_enthalpy_hartree,0.925758917934826,0.7886833048686415,0.5069615489232269,0
4,Ar2_LUMO|Ar1_NBO_=O|Ar1_NBO_-O|Ar1_I_C=O,0.9515677097028106,0.788658062341004,0.40946838713215,0
4,Ar1_LUMO|Ar2_v_C=O|Ar1_NBO_=O|Ar2_NBO_-O,0.9406082153983525,0.7886447280640078,0.45343606744080805,0
5,Ar2_LUMO|Ar2_HOMO|Ar1_NBO_=O|Ar1_NBO_C2|ar2_enthalpy_hartree,0.9443072908522998,0.788531068714864,0.4390884837144055,0
5,Ar1_v_C=O|Ar2_HOMO|Ar2_NBO_-O|Ar2_NBO_C2|Ar2_I_C=O,0.9629994909801297,0.7884981085578264,0.357895900520642,0
5,Ar2_LUMO|sum_homo_hartree|Ar2_NBO_=O|Ar1_NBO_C2|sum_enthalpy_hartree,0.940447578332783,0.788460910951393,0.4540488580361664,0
5,Ar1_LUMO|Ar1_v_C=O|Ar2_NBO_=O|Ar1_NBO_=O|Entry,0.9521261860976863,0.788414361777929,0.4071007365139098,0
5,prod_homo_hartree|sum_homo_hartree|Ar1_v_C=O|Ar2_v_C=O|sum_enthalpy_hartree,0.9647836526765958,0.7883818945848045,0.34916043727277885,0
5,Ar1_LUMO|Ar2_NBO_=O|Ar2_NBO_-O|Entry|Ar2_I_C=O,0.9551244037286104,0.788377157582285,0.39414678693069205,0
5,Ar2_LUMO|Ar1_v_C=O|Ar2_NBO_=O|Ar1_HOMO|Ar2_NBO_-O,0.950140006366993,0.7883105200572306,0.4154597771547818,0
5,Ar2_LUMO|prod_homo_hartree|Ar1_v_C=O|Ar2_v_C=O|Ar1_NBO_=O,0.949339391699756,0.7882754342321835,0.41878206549713787,0
5,Ar1_LUMO|Ar1_NBO_=O|Ar2_NBO_-O|Ar2_NBO_C2|sum_enthalpy_hartree,0.9328544954500573,0.7882535132035408,0.4821268798893008,0
5,Ar1_LUMO|sum_homo_hartree|Ar1_v_C=O|Ar2_HOMO|sum_enthalpy_hartree,0.959246737442263,0.7882425639942509,0.37560733584601147,0
5,Ar1_LUMO|Ar1_v_C=O|Ar2_HOMO|Ar1_HOMO|sum_enthalpy_hartree,0.9592467374422629,0.7882425639942505,0.37560733584601175,0
5,Ar1_LUMO|sum_homo_hartree|Ar1_v_C=O|Ar1_HOMO|sum_enthalpy_hartree,0.9592467374422627,0.7882425639942494,0.3756073358460122,0
5,prod_homo_hartree|sum_homo_hartree|Ar1_v_C=O|Ar2_v_C=O|ar2_enthalpy_hartree,0.965926153996974,0.7882334060837267,0.343449946139857,0
4,Ar1_LUMO|Ar1_v_C=O|Ar1_NBO_C2|ar2_enthalpy_hartree,0.9233489243554371,0.7882283276780057,0.5151242572288147,0
4,Ar2_v_C=O|Ar1_NBO_=O|Entry|Ar2_I_C=O,0.9368237268471449,0.7882048930988167,0.46765962367116043,0
5,Ar2_NBO_=O|Ar2_NBO_-O|Ar1_NBO_C2|Ar2_I_C=O|Ar1_I_C=O,0.9601281241355532,0.7881144578503144,0.3715234309734253,0
4,Ar2_LUMO|Ar1_NBO_=O|Ar2_NBO_-O|ar2_enthalpy_hartree,0.9415363604867074,0.7880760486371472,0.4498790800403382,0
3,Ar1_LUMO|Ar2_LUMO|prod_homo_hartree,0.9115840726220106,0.7880647319230015,0.5532458026636591,0
5,Ar1_LUMO|prod_homo_hartree|Ar2_NBO_=O|Ar1_NBO_=O|sum_enthalpy_hartree,0.9456102966908532,0.7880040007549003,0.4339215501751032,0
5,Ar1_LUMO|Ar2_LUMO|sum_homo_hartree|Ar2_NBO_C2|ar2_enthalpy_hartree,0.9453020720136794,0.7879921509679887,0.4351493228415329,0
5,Ar1_LUMO|Ar2_NBO_=O|Ar1_HOMO|Ar2_NBO_C2|sum_enthalpy_hartree,0.945919587980151,0.7879756169145233,0.43268602682931095,0
5,Ar2_LUMO|Entry|Ar2_I_C=O|ar2_enthalpy_hartree|sum_enthalpy_hartree,0.9479647727000252,0.7879600052607432,0.4244256304734358,0
5,Ar1_LUMO|sum_homo_hartree|Ar1_NBO_=O|Ar2_NBO_C2|sum_enthalpy_hartree,0.9406062799722675,0.7878337462050974,0.45344345554043475,0
3,Ar1_LUMO|Ar2_NBO_=O|Ar1_NBO_-O,0.9280495296543042,0.787821700010966,0.49907945610195675,0
4,Ar2_LUMO|Ar1_HOMO|Ar2_NBO_C2|ar2_enthalpy_hartree,0.9359612929383186,0.7878077063164782,0.4708408683108406,0
5,Ar1_LUMO|prod_homo_hartree|sum_homo_hartree|Ar1_v_C=O|Ar1_HOMO,0.9655321816103715,0.787742615407291,0.34542977718709006,0
5,Ar1_LUMO|prod_homo_hartree|sum_homo_hartree|Ar1_v_C=O|Ar2_HOMO,0.9655321816103714,0.7877426154072906,0.3454297771870903,0
5,Ar1_LUMO|prod_homo_hartree|Ar1_v_C=O|Ar2_HOMO|Ar1_HOMO,0.965532181610371,0.7877426154072873,0.34542977718709234,0
4,prod_homo_hartree|Ar2_NBO_=O|Ar1_NBO_C2|Ar1_I_C=O,0.9369558569573814,0.7877251997200319,0.46717032399366154,0
5,Ar2_LUMO|prod_homo_hartree|Ar2_v_C=O|Ar2_HOMO|Ar2_NBO_-O,0.9573899623172851,0.7876771944287191,0.38406862765179656,0
5,Ar2_LUMO|prod_homo_hartree|Ar2_v_C=O|Ar1_HOMO|Ar2_I_C=O,0.9673702150407417,0.7876432506538672,0.3360933970266701,0
3,Ar1_LUMO|Ar2_NBO_=O|Ar1_I_C=O,0.9311404823158126,0.787618643690208,0.48824169277215895,0
5,sum_homo_hartree|Ar1_NBO_=O|Entry|ar2_enthalpy_hartree|sum_enthalpy_hartree,0.9144140972198793,0.7876021253340677,0.5443196247114089,0
5,Ar2_LUMO|Ar1_v_C=O|Ar2_NBO_=O|Ar2_HOMO|Ar1_NBO_=O,0.9489668055591689,0.7875834897095833,0.42031922189694343,0
5,Ar2_v_C=O|Ar2_HOMO|Ar1_NBO_=O|Ar2_NBO_-O|Ar2_I_C=O,0.9635796707685312,0.7875607907447767,0.3550788528738381,0
4,Ar1_LUMO|Ar2_HOMO|Ar2_NBO_C2|Ar1_NBO_C2,0.9215852832819215,0.7875410469594377,0.5210167234632958,0
5,Ar2_LUMO|prod_homo_hartree|Ar1_HOMO|Ar2_NBO_C2|sum_enthalpy_hartree,0.9455100554488579,0.78748275315353,0.43432122887851116,0
3,Ar1_LUMO|Ar2_NBO_=O|Ar2_NBO_-O,0.9256699118793484,0.7874495549845504,0.5072653506085516,0
5,Ar1_LUMO|Ar2_NBO_=O|Ar1_HOMO|Ar2_NBO_-O|sum_enthalpy_hartree,0.9445156532367089,0.7874000895082502,0.4382663360992494,0
4,Ar1_v_C=O|Ar2_NBO_C2|Ar1_NBO_C2|ar2_enthalpy_hartree,0.9342814237685937,0.7873926983103678,0.47697646159642143,0
4,Ar1_LUMO|Ar1_NBO_-O|Ar2_NBO_C2|ar2_enthalpy_hartree,0.9277222603528815,0.7873248867074111,0.5002132087614786,0
4,Ar1_LUMO|Ar2_LUMO|Ar1_v_C=O|Ar1_NBO_-O,0.9478462246318412,0.7873145750713564,0.4249088244232758,0
5,Ar1_NBO_=O|Ar2_NBO_-O|Ar1_NBO_C2|Ar2_I_C=O|Ar1_I_C=O,0.9598828320204709,0.7872435444021593,0.3726644863520267,0
5,Ar2_LUMO|prod_homo_hartree|Ar1_v_C=O|Ar2_NBO_=O|Ar1_NBO_-O,0.9507471096356677,0.7872362928289403,0.4129226780742154,0
5,Ar1_LUMO|prod_homo_hartree|Ar1_v_C=O|Ar2_NBO_C2|sum_enthalpy_hartree,0.9442719471701225,0.7871750270272767,0.4392277886850983,0
5,Ar1_LUMO|Ar2_NBO_=O|Ar2_NBO_-O|Entry|sum_enthalpy_hartree,0.9468827030019248,0.7871198497061926,0.428815878025995,0
5,Ar2_LUMO|Ar2_HOMO|Ar2_NBO_-O|Ar1_NBO_C2|Ar2_I_C=O,0.9522160629461279,0.7871115913228416,0.40671841769398676,0
5,Ar2_LUMO|Ar1_NBO_-O|Ar2_NBO_-O|Entry|sum_enthalpy_hartree,0.9467545124030388,0.7870891052933132,0.42933300748971753,0
5,Ar1_v_C=O|Ar1_NBO_=O|Ar2_NBO_-O|Entry|Ar1_I_C=O,0.955909426889694,0.787063679118684,0.39068410876877135,0
4,Ar1_v_C=O|Ar2_NBO_=O|Ar2_I_C=O|sum_enthalpy_hartree,0.9302047479057916,0.7870354198693659,0.4915478655242053,0
5,Ar2_LUMO|Ar2_NBO_=O|Ar1_NBO_-O|Ar1_NBO_C2|Ar1_I_C=O,0.952777142547535,0.786976056043135,0.4043235202685512,0
4,Ar1_LUMO|Ar2_NBO_=O|Ar2_NBO_C2|Entry,0.9345571642043571,0.786917224635545,0.4759747665354226,0
5,Ar1_LUMO|Ar2_NBO_-O|Entry|Ar2_I_C=O|ar2_enthalpy_hartree,0.933700673430429,0.7869085630379002,0.47907932945876874,0
3,Ar1_LUMO|Ar2_LUMO|sum_homo_hartree,0.9103493536810643,0.786894882149244,0.5570954185344387,0
3,Ar2_HOMO|Ar1_NBO_=O|ar2_enthalpy_hartree,0.8855051119844859,0.7868896696759125,0.6295727510891503,0
5,Ar2_LUMO|sum_homo_hartree|Ar2_NBO_=O|Ar1_NBO_C2|Ar1_I_C=O,0.9447607208365493,0.786834817354013,0.43729738046977473,0
5,Ar1_LUMO|Ar2_NBO_=O|Ar1_NBO_=O|Ar1_HOMO|sum_enthalpy_hartree,0.9465425554642675,0.7867991026689751,0.43018669229694445,0
4,Ar2_v_C=O|Ar1_HOMO|Entry|Ar2_I_C=O,0.9413652403917412,0.7867934311896411,0.4505369855542857,0
4,Ar2_LUMO|Ar1_HOMO|Ar2_NBO_-O|sum_enthalpy_hartree,0.9377467648219983,0.7867920354596805,0.4642306786213288,0
5,Ar2_LUMO|Ar1_NBO_=O|Entry|Ar2_I_C=O|sum_enthalpy_hartree,0.9603757789295434,0.786778440983942,0.3703678184502074,0
4,sum_homo_hartree|Ar1_v_C=O|ar2_enthalpy_hartree|sum_enthalpy_hartree,0.9343893532624307,0.7866724334230697,0.4765846318832293,0
5,Ar1_LUMO|Ar2_NBO_=O|Entry|Ar1_I_C=O|sum_enthalpy_hartree,0.9591095022827278,0.7866454381718441,0.3762392264856753,0
5,Ar2_HOMO|Ar1_NBO_-O|Ar1_NBO_C2|Ar1_I_C=O|sum_enthalpy_hartree,0.9399815922708792,0.7866352036765099,0.45582181831974566,0
4,Ar1_LUMO|prod_homo_hartree|Ar2_v_C=O|Ar2_I_C=O,0.9623457337628678,0.7866348754249133,0.36104386439629776,0
5,sum_homo_hartree|Ar1_v_C=O|Ar2_NBO_C2|ar2_enthalpy_hartree|Ar1_I_C=O,0.9575275373488787,0.786625042159793,0.3834481051743686,0
4,Ar1_LUMO|Ar2_HOMO|Ar1_NBO_-O|Ar1_NBO_C2,0.9190580585520947,0.7865808046357343,0.5293460576521197,0
5,Ar2_LUMO|prod_homo_hartree|Ar1_NBO_=O|Ar1_HOMO|sum_enthalpy_hartree,0.9477965989877679,0.7865525263643676,0.4251109321351843,0
5,prod_homo_hartree|Ar1_NBO_=O|Ar2_NBO_C2|ar2_enthalpy_hartree|Ar1_I_C=O,0.9484644449729853,0.7864598374564901,0.42238292495225455,0
4,Ar2_LUMO|sum_homo_hartree|Ar2_HOMO|Ar2_NBO_C2,0.928146118264889,0.7864496615457974,0.49874435349604496,0
5,Ar2_LUMO|sum_homo_hartree|Ar2_HOMO|Ar1_HOMO|Ar2_NBO_C2,0.928146118264889,0.7864496615457974,0.49874435349604496,0
4,Ar2_LUMO|sum_homo_hartree|Ar1_HOMO|Ar2_NBO_C2,0.9281461182648891,0.7864496615457972,0.4987443534960449,0
4,Ar2_LUMO|Ar2_HOMO|Ar1_HOMO|Ar2_NBO_C2,0.928146118264889,0.786449661545797,0.498744353496045,0
4,Ar2_LUMO|Ar2_v_C=O|Ar1_HOMO|Ar2_I_C=O,0.9471017668875882,0.7864293391075079,0.42793071319474024,0
5,Ar1_v_C=O|Ar2_NBO_C2|Ar1_NBO_C2|ar2_enthalpy_hartree|sum_enthalpy_hartree,0.9344010831060111,0.7863902970265259,0.47654202817985664,0
5,Ar2_LUMO|Ar1_NBO_=O|Ar2_NBO_-O|ar2_enthalpy_hartree|Ar1_I_C=O,0.957619027515527,0.786386537454763,0.38303488868460445,0
4,Ar1_v_C=O|Ar2_NBO_C2|Ar1_NBO_C2|Ar2_I_C=O,0.936840070783083,0.786352344594808,0.4675991271195559,0
5,Ar2_LUMO|sum_homo_hartree|Ar1_v_C=O|Ar2_v_C=O|Ar2_I_C=O,0.9704367126557175,0.7863440711197154,0.3199110466972903,0
5,Ar1_LUMO|Ar2_LUMO|Ar1_v_C=O|Ar2_v_C=O|Ar1_NBO_=O,0.9494277602479778,0.786302442091745,0.4184166601397137,0
4,sum_homo_hartree|Ar1_v_C=O|Ar2_NBO_=O|Entry,0.9193489911269381,0.7862991895390201,0.528393877338669,0
5,Ar1_NBO_=O|Ar2_NBO_-O|Ar2_NBO_C2|Ar1_NBO_C2|Ar2_I_C=O,0.9567895961137877,0.7862745541334757,0.38676488534622616,0
5,Ar2_NBO_=O|Ar1_NBO_=O|Ar1_NBO_-O|Ar1_NBO_C2|Ar1_I_C=O,0.9589208992990935,0.7862533991564096,0.37710590956793283,0
3,Ar1_LUMO|Ar2_LUMO|Ar2_HOMO,0.9081277615336485,0.7862344201282692,0.5639557428593577,0
5,Ar2_LUMO|sum_homo_hartree|Ar1_v_C=O|Ar2_NBO_=O|Ar2_NBO_-O,0.9499183448888657,0.786211826094187,0.41638225323506506,0
5,Ar2_LUMO|Ar1_NBO_=O|Ar1_HOMO|Ar2_NBO_C2|ar2_enthalpy_hartree,0.9497450967191723,0.7861813907004347,0.41710182993681955,0
4,sum_homo_hartree|Ar1_NBO_=O|ar2_enthalpy_hartree|sum_enthalpy_hartree,0.9069104179114056,0.7861688811696669,0.5676797659684366,0
5,Ar2_LUMO|sum_homo_hartree|Ar2_NBO_=O|Entry|ar2_enthalpy_hartree,0.9375911747332438,0.7861623632461723,0.4648104446166849,0
5,Ar1_LUMO|Ar2_LUMO|Ar2_NBO_=O|Ar2_NBO_C2|Ar2_I_C=O,0.9439713215292026,0.7861323117129646,0.4404109050011072,0
3,Ar1_LUMO|Ar2_LUMO|Ar1_HOMO,0.9118497711357204,0.7860872588429799,0.5524138983174915,0
5,Ar1_LUMO|Ar1_v_C=O|Ar1_HOMO|Entry|ar2_enthalpy_hartree,0.9214489813394946,0.7858512921268991,0.5214693474160873,0
4,prod_homo_hartree|Ar2_NBO_=O|Ar2_HOMO|ar2_enthalpy_hartree,0.9126952281626229,0.785806913213408,0.5497583891816609,0
4,Ar2_LUMO|Ar2_HOMO|Ar1_NBO_=O|Ar2_I_C=O,0.9516260352609095,0.7858014369888863,0.40922175759402346,0
5,Ar1_LUMO|prod_homo_hartree|Ar2_v_C=O|Ar2_I_C=O|Ar1_I_C=O,0.9693693379181039,0.7857972651335117,0.3256349916500802,0
5,sum_homo_hartree|Ar1_HOMO|Ar2_NBO_C2|Ar1_NBO_C2|Entry,0.9199336040743817,0.7857858893729923,0.5264753165290178,0
5,Ar1_v_C=O|Ar2_NBO_=O|Ar1_NBO_C2|Ar2_I_C=O|ar2_enthalpy_hartree,0.9349255378744699,0.7857543149843921,0.4746332598138317,0
3,Ar1_v_C=O|Ar2_NBO_=O|Ar2_HOMO,0.9154397953918025,0.7857254563971285,0.5410481134310412,0
5,Ar1_LUMO|Ar2_LUMO|Ar2_NBO_-O|Entry|sum_enthalpy_hartree,0.9464360308574842,0.7857183416671674,0.4306150953216507,0
5,Ar1_LUMO|sum_homo_hartree|Ar2_NBO_C2|Ar1_NBO_C2|ar2_enthalpy_hartree,0.9454289626780823,0.7856990608472247,0.43464429048222597,0
5,sum_homo_hartree|Ar1_v_C=O|Ar1_HOMO|ar2_enthalpy_hartree|sum_enthalpy_hartree,0.9351453210732191,0.7856315553691284,0.47383106613008247,0
5,Ar2_NBO_=O|Ar1_NBO_-O|Ar2_NBO_-O|Ar1_NBO_C2|Ar1_I_C=O,0.9586701445314628,0.785617604627507,0.3782551221487898,0
4,Ar1_LUMO|sum_homo_hartree|Ar2_v_C=O|Ar2_NBO_C2,0.9375462164242433,0.7856107663436189,0.46497783544145743,0
5,prod_homo_hartree|Ar2_v_C=O|Ar2_HOMO|Ar2_NBO_C2|Ar1_I_C=O,0.9645295114655796,0.7854817342315954,0.35041804269883,0
5,Ar1_LUMO|Ar2_NBO_=O|Ar1_NBO_=O|Entry|Ar1_I_C=O,0.9488475483911379,0.7854779061407544,0.42081004782352616,0
5,Ar1_LUMO|Ar2_LUMO|Ar1_NBO_-O|Entry|sum_enthalpy_hartree,0.9463995622874599,0.7854389834096266,0.4307616606803125,0
4,Ar1_LUMO|Ar2_NBO_-O|ar2_enthalpy_hartree|sum_enthalpy_hartree,0.9290589192598344,0.7854380006564974,0.4955663105884727,0
4,Ar1_LUMO|prod_homo_hartree|Ar2_NBO_=O|Ar2_NBO_C2,0.9351078811635374,0.7854058894265711,0.47396781519003456,0
5,Ar2_LUMO|prod_homo_hartree|Ar1_v_C=O|Ar2_NBO_=O|Ar2_NBO_-O,0.9505851936007821,0.7853908013142297,0.41360085090605353,0
5,prod_homo_hartree|Ar1_v_C=O|Ar2_NBO_C2|Ar1_I_C=O|sum_enthalpy_hartree,0.9573523136716596,0.7853867877625433,0.3842382645712818,0
4,Ar2_LUMO|prod_homo_hartree|sum_homo_hartree|Ar2_HOMO,0.9278752489019175,0.7853549944811247,0.4996835337054851,0
4,Ar2_LUMO|prod_homo_hartree|sum_homo_hartree|Ar1_HOMO,0.9278752489019177,0.7853549944811241,0.4996835337054845,0
4,Ar2_LUMO|prod_homo_hartree|Ar2_HOMO|Ar1_HOMO,0.9278752489019175,0.7853549944811232,0.4996835337054853,0
5,Ar2_LUMO|prod_homo_hartree|sum_homo_hartree|Ar2_HOMO|Ar1_HOMO,0.9278752489019175,0.7853549944811222,0.4996835337054852,0
5,Ar1_LUMO|Ar1_v_C=O|Ar1_NBO_-O|Ar2_NBO_-O|Ar2_NBO_C2,0.9524616069192661,0.785285043932146,0.405672084048125,0
4,Ar2_v_C=O|Ar2_I_C=O|Ar1_I_C=O|sum_enthalpy_hartree,0.9504976800616494,0.7852702322543511,0.4139669321015784,0
5,Ar1_LUMO|Ar2_v_C=O|Ar2_HOMO|Ar2_NBO_C2|Ar1_NBO_C2,0.939126035948597,0.7852130692840353,0.4590591690400088,0
4,Ar1_v_C=O|Ar2_NBO_=O|Ar2_HOMO|ar2_enthalpy_hartree,0.9240256353372935,0.7851921714053598,0.5128453392044902,0
4,Ar1_v_C=O|Ar2_NBO_=O|Ar2_NBO_C2|Ar1_I_C=O,0.9379101014976031,0.7851703993015791,0.46362126693476385,0
5,Ar2_v_C=O|Ar1_HOMO|Ar1_NBO_C2|Entry|Ar2_I_C=O,0.9557403018930619,0.785154138415133,0.3914326951691669,0
5,Ar1_v_C=O|Ar2_HOMO|Ar1_NBO_=O|Ar2_NBO_C2|Ar1_I_C=O,0.9514991349749544,0.7851115971642671,0.4097581654063384,0
3,Ar1_HOMO|Ar2_NBO_C2|sum_enthalpy_hartree,0.8970256227257495,0.7850690345490643,0.5970592919755561,0
5,Ar1_LUMO|prod_homo_hartree|sum_homo_hartree|Ar2_HOMO|ar2_enthalpy_hartree,0.93645142814852,0.7850677570693962,0.4690355620323681,0
5,Ar1_LUMO|prod_homo_hartree|Ar2_HOMO|Ar1_HOMO|ar2_enthalpy_hartree,0.93645142814852,0.7850677570693955,0.46903556203236796,0
5,Ar1_LUMO|prod_homo_hartree|sum_homo_hartree|Ar1_HOMO|ar2_enthalpy_hartree,0.9364514281485199,0.7850677570693952,0.4690355620323681,0
3,Ar1_LUMO|Ar1_v_C=O|Ar1_NBO_=O,0.8658691791188762,0.7850571083569406,0.6814235923617626,0
5,Ar2_LUMO|prod_homo_hartree|Ar2_v_C=O|Ar2_HOMO|Ar1_NBO_-O,0.9587637304869943,0.7850454610030869,0.3778266252589722,0
5,Ar1_LUMO|sum_homo_hartree|Ar2_NBO_C2|ar2_enthalpy_hartree|sum_enthalpy_hartree,0.9457491884848732,0.7850388653412623,0.4333671560167539,0
5,Ar2_LUMO|Ar2_v_C=O|Ar1_NBO_=O|Ar2_NBO_C2|ar2_enthalpy_hartree,0.9500483932330348,0.7850269238527227,0.41584128647552704,0
3,Ar2_HOMO|Ar1_NBO_=O|sum_enthalpy_hartree,0.8812925466795737,0.7850209172766764,0.6410499467736052,0
5,Ar2_LUMO|Ar1_NBO_=O|Ar2_NBO_C2|Entry|Ar1_I_C=O,0.9504014811457285,0.7850124254033147,0.41436897226471353,0
5,Ar2_v_C=O|Ar1_HOMO|Entry|Ar2_I_C=O|ar2_enthalpy_hartree,0.9512441960666737,0.7849814236649874,0.4108336759589275,0
5,Ar1_LUMO|Ar2_NBO_-O|Ar2_NBO_C2|ar2_enthalpy_hartree|sum_enthalpy_hartree,0.9334506376360546,0.7849303106144025,0.47998185939902543,0
3,Ar2_LUMO|Ar2_HOMO|Entry,0.8845534409954443,0.7849014856122843,0.6321838120224094,0
4,Ar1_LUMO|Ar2_LUMO|Ar2_NBO_=O|Ar2_NBO_C2,0.927099935628509,0.7848887964371323,0.5023620573633913,0
5,Ar2_NBO_=O|Ar1_HOMO|Entry|Ar2_I_C=O|sum_enthalpy_hartree,0.9325081778836976,0.7848880957810803,0.48336861801839687,0
5,prod_homo_hartree|sum_homo_hartree|Ar1_NBO_=O|Ar1_NBO_-O|Entry,0.92806764381248,0.7848835580313576,0.499016628345318,0
5,Ar2_LUMO|Ar2_NBO_=O|Ar1_NBO_=O|Ar2_NBO_C2|Ar2_I_C=O,0.944233900335189,0.7848745038844088,0.4393776986049098,0
5,Ar1_LUMO|sum_homo_hartree|Ar1_v_C=O|Ar2_v_C=O|Ar1_HOMO,0.9512497063588646,0.7848654627909666,0.41081045946591116,0
4,Ar1_v_C=O|Ar2_NBO_C2|Ar1_NBO_C2|sum_enthalpy_hartree,0.9338029157716714,0.7848394272637866,0.47870978504819967,0
5,Ar1_LUMO|Ar2_LUMO|sum_homo_hartree|Ar2_v_C=O|Ar2_HOMO,0.9512497063588647,0.784783176492404,0.4108104594659107,0
5,Ar2_LUMO|Ar1_NBO_=O|Ar2_NBO_-O|Entry|ar2_enthalpy_hartree,0.9482179588515385,0.7847761263641098,0.4233918142384677,0
4,Ar2_v_C=O|Ar1_NBO_=O|Ar1_HOMO|Ar2_I_C=O,0.9469422648124349,0.7847147441677633,0.42857538937641076,0
5,Ar1_LUMO|Ar1_v_C=O|Ar2_HOMO|Ar1_NBO_C2|Entry,0.9387585270625599,0.7846916741301744,0.46044280209501737,0
5,sum_homo_hartree|Ar1_NBO_=O|Ar2_NBO_-O|Ar2_NBO_C2|Ar2_I_C=O,0.9666470563834987,0.7846887994715135,0.3397973277221808,0
5,Ar1_v_C=O|Ar1_NBO_C2|ar2_enthalpy_hartree|Ar1_I_C=O|sum_enthalpy_hartree,0.9508309574589643,0.7845911882362689,0.41257104982050985,0
5,Ar2_NBO_=O|Ar1_NBO_-O|Ar2_NBO_C2|Ar1_NBO_C2|Ar1_I_C=O,0.9564436058676075,0.7845700540954358,0.38831023162318784,0
5,Ar2_LUMO|sum_homo_hartree|Ar1_v_C=O|Ar2_NBO_=O|Ar1_NBO_=O,0.949391837913974,0.7845651501805652,0.4185652380446391,0
5,Ar1_LUMO|Ar2_HOMO|Ar2_NBO_-O|Entry|sum_enthalpy_hartree,0.9461641709409658,0.7845238856536009,0.4317064895958424,0
5,Ar2_LUMO|Ar1_NBO_=O|Ar1_NBO_C2|Entry|ar2_enthalpy_hartree,0.9479687569624392,0.784421223508242,0.42440938133274964,0
5,Ar2_LUMO|Ar1_v_C=O|Ar1_NBO_-O|Ar2_NBO_C2|Entry,0.9584418424084734,0.784399334359975,0.37929840573304585,0
5,Ar2_LUMO|Ar2_v_C=O|Ar1_HOMO|Ar2_NBO_-O|sum_enthalpy_hartree,0.9527595977482263,0.784349413456057,0.40439862284210276,0
5,Ar2_v_C=O|Ar1_HOMO|Ar1_NBO_-O|Ar2_I_C=O|sum_enthalpy_hartree,0.9603319167486483,0.7843188198435129,0.3705727517794129,0
5,sum_homo_hartree|Ar1_v_C=O|Ar2_NBO_-O|Entry|Ar1_I_C=O,0.9518342006639968,0.7842819554002954,0.40834031595160186,0
5,Ar2_LUMO|prod_homo_hartree|Ar1_v_C=O|Ar1_HOMO|Ar1_NBO_C2,0.9542903562788584,0.7842704631607251,0.39779268496160797,0
5,Ar2_LUMO|Ar1_HOMO|Ar1_NBO_C2|Entry|Ar2_I_C=O,0.9577732774123449,0.7842552757722229,0.38233720589927384,0
5,Ar2_LUMO|Ar1_v_C=O|Ar2_v_C=O|Ar1_HOMO|Ar2_I_C=O,0.970521064646416,0.7842207466325428,0.31945432465234774,0
5,Ar1_LUMO|Ar2_HOMO|Entry|Ar1_I_C=O|sum_enthalpy_hartree,0.9542435241733189,0.784154849178001,0.39799641330202423,0
3,Ar2_NBO_=O|Ar1_HOMO|ar2_enthalpy_hartree,0.8963812325702182,0.7841070203950218,0.5989245089048321,0
4,prod_homo_hartree|sum_homo_hartree|Ar2_NBO_C2|Ar1_NBO_C2,0.92518130890937,0.7840984259246616,0.5089298540991573,0
5,Ar2_LUMO|Ar1_NBO_=O|Ar1_NBO_-O|Entry|ar2_enthalpy_hartree,0.9484914139944218,0.7840555381238183,0.42227239208976663,0
5,Ar1_LUMO|Ar2_v_C=O|Ar2_HOMO|Ar1_NBO_-O|Ar2_I_C=O,0.9691213675770046,0.7840132347085231,0.32695042281074554,0
5,Ar2_LUMO|sum_homo_hartree|Ar1_NBO_=O|Ar1_NBO_-O|Entry,0.9538011517164077,0.7839498761554478,0.3999156952224588,0
5,Ar1_LUMO|Ar2_v_C=O|Ar1_NBO_-O|Ar1_I_C=O|sum_enthalpy_hartree,0.9735765759588387,0.7838849138742725,0.30244570508756347,0
4,Ar2_NBO_=O|Ar1_NBO_=O|Ar2_I_C=O|Ar1_I_C=O,0.8806938717217672,0.7838832316884436,0.6426644110605145,0
4,Ar1_LUMO|prod_homo_hartree|Ar2_v_C=O|Ar2_NBO_C2,0.9377380533281795,0.7838592481927119,0.4642631588707883,0
4,Ar2_LUMO|Ar1_NBO_=O|Ar2_I_C=O|sum_enthalpy_hartree,0.9497322758713639,0.7838244890866444,0.4171550312934201,0
5,Ar2_LUMO|Ar1_v_C=O|Ar1_NBO_=O|Ar1_HOMO|Ar1_I_C=O,0.9684560858090787,0.7838041261960752,0.33045373567439384,0
5,Ar1_LUMO|Ar1_v_C=O|Ar2_HOMO|Ar2_NBO_C2|Ar2_I_C=O,0.9621363740918801,0.7837814109335546,0.3620461843848895,0
5,Ar1_LUMO|sum_homo_hartree|Ar2_NBO_C2|Ar2_I_C=O|sum_enthalpy_hartree,0.9587997881248217,0.7837420968917876,0.37766140038246265,0
5,prod_homo_hartree|sum_homo_hartree|Ar1_v_C=O|Ar2_v_C=O|Entry,0.9647197428366978,0.7837388263635501,0.3494771179398802,0
5,Ar2_LUMO|Ar1_v_C=O|Ar2_HOMO|Ar1_NBO_-O|Ar2_I_C=O,0.9630952581024677,0.7837138143376179,0.3574324357181074,0
4,Ar2_LUMO|Ar1_HOMO|Ar2_NBO_-O|ar2_enthalpy_hartree,0.9358029306125011,0.7836999311853964,0.4714226837318498,0
5,Ar2_LUMO|Ar1_NBO_=O|Ar1_NBO_C2|ar2_enthalpy_hartree|Ar1_I_C=O,0.9516292289222382,0.7836350758467556,0.4092082489093357,0
5,Ar2_LUMO|Ar2_v_C=O|Ar2_NBO_C2|Ar1_NBO_C2|Entry,0.942013775160032,0.7835877176502657,0.44803845613364757,0
5,prod_homo_hartree|sum_homo_hartree|Ar1_HOMO|Ar2_NBO_-O|Ar2_NBO_C2,0.9447150310458525,0.7835869114215027,0.4374781928943875,0
5,prod_homo_hartree|sum_homo_hartree|Ar2_HOMO|Ar2_NBO_-O|Ar2_NBO_C2,0.9447150310458524,0.7835869114215002,0.43747819289438755,0
5,prod_homo_hartree|Ar2_HOMO|Ar1_HOMO|Ar2_NBO_-O|Ar2_NBO_C2,0.9447150310458523,0.7835869114214986,0.43747819289438816,0
5,Ar2_LUMO|sum_homo_hartree|Ar1_v_C=O|Ar2_v_C=O|Ar1_I_C=O,0.9691462311875272,0.7835538020799218,0.3268187653440038,0
5,Ar1_LUMO|Ar2_NBO_=O|Ar1_NBO_-O|Entry|sum_enthalpy_hartree,0.9459675384286592,0.7835447273902302,0.4324941635533131,0
4,Ar2_LUMO|Ar2_NBO_=O|Ar1_HOMO|ar2_enthalpy_hartree,0.9320994931189275,0.7834565442776105,0.4848298857357678,0
3,Ar1_LUMO|Ar1_NBO_=O|Ar2_NBO_C2,0.8928936147225812,0.7834195343047492,0.6089204445470552,0
3,Ar2_LUMO|Ar1_HOMO|Ar1_NBO_C2,0.9260348785346086,0.7834168024357219,0.5060184614988048,0
5,Ar2_LUMO|Ar1_v_C=O|Ar1_HOMO|Ar2_NBO_C2|Ar1_I_C=O,0.9695577326832414,0.7833843188274863,0.32463203341550767,0
4,Ar2_v_C=O|Ar1_NBO_=O|Ar2_NBO_-O|Ar1_I_C=O,0.9437644205540828,0.783337712758093,0.4412233235743465,0
5,Ar1_LUMO|prod_homo_hartree|Ar2_v_C=O|Ar1_NBO_-O|Ar2_I_C=O,0.9675948903318865,0.783325194937555,0.3349342977969221,0
5,sum_homo_hartree|Ar1_v_C=O|Ar2_HOMO|ar2_enthalpy_hartree|sum_enthalpy_hartree,0.9351453210732192,0.7833158982924212,0.47383106613008213,0
5,Ar1_LUMO|Ar2_NBO_=O|Ar2_HOMO|Ar1_NBO_C2|Ar1_I_C=O,0.946514660759663,0.7832455674689371,0.4302989158215978,0
5,Ar2_LUMO|Ar1_v_C=O|Ar1_HOMO|Ar1_NBO_-O|Ar1_I_C=O,0.9692489698610725,0.7832107216518205,0.32627418155457316,0
5,sum_homo_hartree|Ar1_v_C=O|ar2_enthalpy_hartree|Ar1_I_C=O|sum_enthalpy_hartree,0.9582830723090409,0.7832047869209389,0.38002225684798413,0
5,Ar2_LUMO|Ar1_NBO_=O|Ar2_NBO_C2|Entry|Ar2_I_C=O,0.9496307140580788,0.7831399717641473,0.41757623241154646,0
4,Ar1_LUMO|prod_homo_hartree|sum_homo_hartree|Ar2_NBO_=O,0.9354019582901185,0.7831131954153565,0.47289263558373307,0
4,Ar1_v_C=O|Ar2_HOMO|Ar1_NBO_-O|Ar1_I_C=O,0.9228351557639518,0.7831069149128471,0.5168477338218398,0
5,Ar2_LUMO|prod_homo_hartree|Ar2_HOMO|Ar1_NBO_=O|Ar2_NBO_C2,0.94095955588817,0.783086151774903,0.4520928955152665,0
5,Ar1_LUMO|prod_homo_hartree|Ar2_NBO_=O|Ar2_NBO_C2|Ar2_I_C=O,0.9637503346550247,0.7830774281105424,0.35424593488143125,0
4,Ar1_LUMO|Ar1_v_C=O|Ar1_NBO_-O|Ar2_NBO_-O,0.9468057216685484,0.7830594513808651,0.42912650063092717,0
5,Ar2_LUMO|Ar2_NBO_=O|Ar1_NBO_-O|Ar2_I_C=O|sum_enthalpy_hartree,0.953230588516437,0.7829926945523377,0.402377628778382,0
3,Ar1_v_C=O|Ar2_NBO_=O|ar2_enthalpy_hartree,0.9102762870438105,0.782991103366747,0.5573223929071545,0
5,Ar2_LUMO|prod_homo_hartree|Ar2_NBO_C2|Ar1_NBO_C2|ar2_enthalpy_hartree,0.9440996294635413,0.782979096819755,0.4399063365939758,0
5,Ar1_LUMO|Ar1_v_C=O|Ar2_v_C=O|Ar2_HOMO|Ar1_NBO_C2,0.950128688905849,0.782867536106752,0.4155069260085499,0
5,Ar1_v_C=O|Ar2_NBO_=O|Ar2_HOMO|Entry|Ar2_I_C=O,0.9511651494961749,0.7828654244207878,0.4111665782848679,0
4,Ar1_LUMO|Ar1_v_C=O|Ar2_v_C=O|Ar2_NBO_C2,0.944542626795127,0.7828467866593397,0.43815979217814227,0
5,Ar1_LUMO|Ar2_NBO_=O|Ar1_HOMO|Ar1_NBO_-O|Ar2_I_C=O,0.9566679689631014,0.7828028211352313,0.3873088290593745,0
4,Ar2_LUMO|prod_homo_hartree|Ar1_NBO_=O|Ar1_NBO_-O,0.9380380715775141,0.7827545043074005,0.46314324833733544,0
5,Ar2_LUMO|Ar1_NBO_-O|Entry|ar2_enthalpy_hartree|sum_enthalpy_hartree,0.9416942422967505,0.7827356679977795,0.4492712172582132,0
5,Ar2_LUMO|Ar2_HOMO|Ar1_NBO_C2|Ar2_I_C=O|ar2_enthalpy_hartree,0.9595363937509334,0.7827108171748011,0.3742701294721973,0
4,Ar1_LUMO|Ar1_v_C=O|Entry|Ar1_I_C=O,0.9066866204024028,0.7826834348831024,0.5683617383687556,0
4,Ar2_HOMO|Ar1_NBO_C2|Ar1_I_C=O|sum_enthalpy_hartree,0.9036775099053588,0.7826742607088216,0.577453110577538,0
4,Ar1_NBO_=O|Ar2_NBO_-O|ar2_enthalpy_hartree|Ar1_I_C=O,0.9324817095660848,0.7826696230653938,0.48346339024114116,0
4,prod_homo_hartree|Ar2_NBO_C2|Entry|ar2_enthalpy_hartree,0.9083527926261995,0.7826612245380522,0.5632646451676375,0
5,Ar1_v_C=O|Ar2_HOMO|Ar2_NBO_C2|Ar2_I_C=O|ar2_enthalpy_hartree,0.9565207328423954,0.7826328138323769,0.38796628139684036,0
5,Ar1_LUMO|sum_homo_hartree|Ar1_v_C=O|Ar2_v_C=O|Ar2_HOMO,0.9512497063588649,0.7826145319300317,0.4108104594659103,0
5,Ar1_LUMO|Ar2_HOMO|Ar1_NBO_-O|Entry|Ar1_I_C=O,0.9520712470975997,0.7825990084703789,0.4073342597351578,0
5,Ar1_LUMO|Ar2_v_C=O|Ar2_HOMO|Ar1_NBO_C2|Ar2_I_C=O,0.9636231867069674,0.7825821741873861,0.3548666608361003,0
4,Ar2_LUMO|prod_homo_hartree|sum_homo_hartree|sum_enthalpy_hartree,0.9267159427891138,0.7825709855003875,0.503683387303558,0
5,Ar2_LUMO|prod_homo_hartree|Ar2_NBO_=O|Entry|ar2_enthalpy_hartree,0.9362993080892971,0.7825612545511449,0.4695966058756196,0
5,Ar1_LUMO|Ar1_v_C=O|Ar2_HOMO|Ar2_NBO_-O|ar2_enthalpy_hartree,0.9488457459669347,0.7825479325174567,0.4208174616571735,0
5,Ar1_LUMO|prod_homo_hartree|Ar2_NBO_C2|Ar1_NBO_C2|sum_enthalpy_hartree,0.9447287437444577,0.7825284478852996,0.4374239342164996,0
5,Ar1_LUMO|Ar2_v_C=O|Ar1_NBO_C2|Entry|Ar1_I_C=O,0.9550548619142539,0.7825140386348203,0.3944520650136115,0
4,Ar2_NBO_=O|Ar1_HOMO|Entry|sum_enthalpy_hartree,0.9071493933592257,0.7825122556531807,0.5669506365575797,0
5,Ar1_LUMO|Ar2_LUMO|prod_homo_hartree|sum_homo_hartree|Ar2_NBO_C2,0.9388180214700352,0.7824347287100767,0.46021909398774713,0
5,Ar2_LUMO|prod_homo_hartree|Ar2_HOMO|Ar2_NBO_-O|Entry,0.9633056427144413,0.7823858342985764,0.3564121635443777,0
5,Ar1_LUMO|Ar2_LUMO|Ar1_v_C=O|Ar2_NBO_=O|Ar1_NBO_C2,0.9540598663840508,0.782357621023254,0.39879435435211175,0
4,Ar2_LUMO|Ar2_HOMO|Ar1_NBO_=O|Ar1_NBO_-O,0.9351725584907772,0.7823473321948479,0.4737315568105968,0
5,prod_homo_hartree|sum_homo_hartree|Ar1_HOMO|Ar1_NBO_-O|Ar2_NBO_C2,0.9449395026501729,0.7823327489076342,0.4365891509223604,0
5,prod_homo_hartree|sum_homo_hartree|Ar2_HOMO|Ar1_NBO_-O|Ar2_NBO_C2,0.9449395026501727,0.7823327489076307,0.4365891509223611,0
5,prod_homo_hartree|Ar2_HOMO|Ar1_HOMO|Ar1_NBO_-O|Ar2_NBO_C2,0.9449395026501727,0.7823327489076273,0.4365891509223614,0
5,Ar2_LUMO|prod_homo_hartree|Ar2_NBO_-O|Ar1_NBO_C2|sum_enthalpy_hartree,0.9417845770112284,0.7822069853502284,0.44892304822049983,0
5,Ar1_LUMO|Ar1_NBO_-O|Ar2_NBO_-O|Entry|sum_enthalpy_hartree,0.9457045499480284,0.7821567111805117,0.4335454104753507,0
4,Ar1_v_C=O|Ar2_NBO_=O|Ar2_HOMO|Ar2_I_C=O,0.9473231210084316,0.7821508653641109,0.4270344306240949,0
5,Ar1_LUMO|Ar2_v_C=O|Ar2_HOMO|Ar1_HOMO|Ar1_NBO_C2,0.9522958136529249,0.7821504360013567,0.4063788723527731,0
5,Ar1_LUMO|sum_homo_hartree|Ar2_v_C=O|Ar2_HOMO|Ar1_NBO_C2,0.9522958136529249,0.7821504360013566,0.40637887235277326,0
5,Ar1_LUMO|sum_homo_hartree|Ar2_v_C=O|Ar1_HOMO|Ar1_NBO_C2,0.952295813652925,0.782150436001356,0.40637887235277287,0
3,Ar1_v_C=O|Ar2_NBO_-O|ar2_enthalpy_hartree,0.9162008310003578,0.7821186055013661,0.5386079140480285,0
5,Ar1_v_C=O|Ar2_NBO_=O|Entry|ar2_enthalpy_hartree|Ar1_I_C=O,0.9459007460541,0.7820825453219432,0.43276139541318,0
4,Ar1_LUMO|prod_homo_hartree|Ar1_NBO_-O|ar2_enthalpy_hartree,0.9267676425928048,0.7820628719750166,0.5035056888549793,0
5,Ar2_LUMO|prod_homo_hartree|Ar1_v_C=O|Ar2_NBO_=O|Ar1_NBO_=O,0.9498601727588534,0.7820119170977242,0.4166240065567572,0
5,Ar1_LUMO|Ar2_HOMO|Ar1_NBO_=O|Ar1_NBO_-O|ar2_enthalpy_hartree,0.9403312251517141,0.7819901926019573,0.45449220062359313,0
4,Ar1_LUMO|Ar1_v_C=O|Ar2_v_C=O|Ar1_NBO_=O,0.9423792011832206,0.7819826971468428,0.44662446794875066,0
3,sum_homo_hartree|Ar2_NBO_=O|Ar1_HOMO,0.9024858088321096,0.7819621640936366,0.5810142524532562,0
4,sum_homo_hartree|Ar2_NBO_=O|Ar2_HOMO|Ar1_HOMO,0.9024858088321096,0.7819621640936366,0.5810142524532562,0
3,Ar2_NBO_=O|Ar2_HOMO|Ar1_HOMO,0.9024858088321096,0.7819621640936364,0.5810142524532563,0
3,sum_homo_hartree|Ar2_NBO_=O|Ar2_HOMO,0.9024858088321095,0.7819621640936361,0.5810142524532564,0
5,Ar1_v_C=O|Ar2_NBO_=O|Ar1_NBO_=O|Ar2_I_C=O|ar2_enthalpy_hartree,0.9539282968348377,0.781956396894415,0.3993650065892185,0
5,Ar1_LUMO|sum_homo_hartree|Ar1_v_C=O|Ar2_NBO_C2|sum_enthalpy_hartree,0.9426112701539439,0.78194486391485,0.4457241658512882,0
5,Ar1_LUMO|Ar2_v_C=O|Ar1_HOMO|Ar2_I_C=O|Ar1_I_C=O,0.9689301627326,0.7819230189817067,0.32796112217846535,0
3,Ar1_LUMO|Ar2_v_C=O|Ar1_I_C=O,0.9381824584526746,0.7818741811654136,0.4626033134888724,0
5,Ar1_LUMO|Ar2_LUMO|prod_homo_hartree|Ar2_NBO_C2|sum_enthalpy_hartree,0.9441300281767031,0.7818488454826098,0.4397867094348091,0
5,Ar1_LUMO|Ar2_LUMO|prod_homo_hartree|Ar1_NBO_C2|ar2_enthalpy_hartree,0.9449759738408751,0.7818252204092924,0.4364445321430657,0
4,Ar2_LUMO|sum_homo_hartree|Ar1_NBO_=O|Ar1_NBO_-O,0.9374680794006639,0.7817519029885575,0.46526861548087173,0
4,Ar1_v_C=O|Ar2_v_C=O|ar2_enthalpy_hartree|Ar1_I_C=O,0.9470696900400088,0.7816698723601054,0.4280604395311745,0
5,prod_homo_hartree|Ar1_v_C=O|Ar2_NBO_-O|Entry|Ar1_I_C=O,0.9504142896752227,0.7816654092663834,0.41431546461947927,0
5,Ar2_HOMO|Ar1_NBO_-O|Ar1_NBO_C2|ar2_enthalpy_hartree|Ar1_I_C=O,0.9444123188945684,0.7815461339476804,0.4386742610334019,0
5,prod_homo_hartree|sum_homo_hartree|Ar1_v_C=O|Ar1_HOMO|ar2_enthalpy_hartree,0.9658904719800024,0.7815226598687334,0.3436297288996243,0
5,prod_homo_hartree|sum_homo_hartree|Ar1_v_C=O|Ar2_HOMO|ar2_enthalpy_hartree,0.9658904719800023,0.7815226598687328,0.34362972889962434,0
5,prod_homo_hartree|Ar1_v_C=O|Ar2_HOMO|Ar1_HOMO|ar2_enthalpy_hartree,0.9658904719800021,0.7815226598687259,0.34362972889962584,0
4,Ar1_LUMO|prod_homo_hartree|Ar1_HOMO|Entry,0.9336566043262723,0.7815132187117795,0.4792385248137277,0
5,Ar2_LUMO|Ar2_HOMO|Ar2_NBO_C2|Ar1_NBO_C2|sum_enthalpy_hartree,0.9392779074670922,0.7815112235558774,0.4584861691333682,0
4,Ar2_LUMO|sum_homo_hartree|Ar2_NBO_=O|Entry,0.9202681314933806,0.7814844035110776,0.525374325436684,0
5,Ar1_LUMO|Ar2_LUMO|Ar2_NBO_=O|Entry|Ar1_I_C=O,0.9480868137163616,0.7814745380882228,0.423927624176282,0
5,Ar1_LUMO|Ar1_v_C=O|Ar2_NBO_C2|Ar2_I_C=O|Ar1_I_C=O,0.9600247958760478,0.7814680809908411,0.37200452233885123,0
5,Ar2_LUMO|Ar1_v_C=O|Ar1_NBO_=O|Ar1_NBO_-O|Ar2_NBO_C2,0.947879769805571,0.7814439081882756,0.424772152313275,0
4,Ar2_LUMO|Ar1_NBO_=O|Ar2_NBO_-O|Entry,0.9357327796455704,0.7813984276064292,0.4716801855763782,0
5,Ar1_LUMO|sum_homo_hartree|Ar2_NBO_=O|Ar2_NBO_-O|ar2_enthalpy_hartree,0.9477059135514845,0.7813940826150908,0.42548001385874445,0
4,prod_homo_hartree|Ar2_v_C=O|Ar2_HOMO|Entry,0.9323649395869378,0.7813673960144235,0.48388127421023125,0
5,Ar2_LUMO|Ar2_NBO_=O|Ar2_NBO_C2|Ar1_NBO_C2|Ar2_I_C=O,0.9427372336584292,0.781264542307544,0.44523473334105895,0
5,Ar1_LUMO|Ar2_LUMO|Ar1_v_C=O|Ar2_HOMO|Ar1_NBO_=O,0.9491974451662368,0.7812433022962585,0.41936835021671653,0
4,Ar1_LUMO|Ar1_NBO_=O|Ar2_NBO_C2|Ar1_NBO_C2,0.9304717790120749,0.781242836478353,0.4906066528102734,0
4,Ar1_LUMO|Ar2_LUMO|Ar1_NBO_=O|Ar2_NBO_C2,0.9291639407911431,0.7812085949372585,0.49519935530318837,0
4,Ar2_NBO_=O|Ar1_HOMO|Ar2_NBO_C2|Entry,0.9226654024985408,0.7811681879678871,0.5174159225608402,0
4,Ar1_LUMO|sum_homo_hartree|Ar2_NBO_-O|ar2_enthalpy_hartree,0.9282816756028764,0.7811547872735,0.4982736734688207,0
5,sum_homo_hartree|Ar2_NBO_=O|Ar1_NBO_-O|Ar2_NBO_C2|Ar2_I_C=O,0.9649476550883602,0.7811509264161329,0.34834646901041344,0
5,Ar2_LUMO|Ar2_v_C=O|Ar1_NBO_C2|Entry|Ar2_I_C=O,0.9471886448955967,0.7811194823730082,0.42757916038173427,0
3,Ar1_v_C=O|Ar2_HOMO|Entry,0.9037170878997542,0.7811040059812399,0.5773344633950284,0
4,prod_homo_hartree|Ar2_NBO_=O|Ar2_HOMO|sum_enthalpy_hartree,0.9121381988062062,0.7810662907628687,0.5515094083193567,0
4,Ar1_LUMO|Ar2_HOMO|Ar2_NBO_-O|ar2_enthalpy_hartree,0.9345693034125846,0.7809939415070039,0.4759306194206183,0
3,Ar1_LUMO|Ar1_NBO_-O|ar2_enthalpy_hartree,0.9001112622110197,0.7809841820052534,0.5880457792602078,0
5,Ar1_LUMO|prod_homo_hartree|Ar2_v_C=O|Ar2_HOMO|Ar2_NBO_C2,0.949877488484616,0.7809778985992508,0.41655206005836093,0
5,Ar1_LUMO|sum_homo_hartree|Ar2_NBO_C2|Ar2_I_C=O|ar2_enthalpy_hartree,0.9608023745786578,0.7809761719378792,0.3683687273474686,0
5,Ar1_LUMO|sum_homo_hartree|Ar2_NBO_-O|Ar2_NBO_C2|ar2_enthalpy_hartree,0.9448620491882476,0.7809755461456758,0.43689611743349993,0
5,Ar2_v_C=O|Ar1_NBO_=O|Ar1_HOMO|Entry|Ar2_I_C=O,0.9516982068142612,0.7809219251570029,0.40891637437627215,0
5,Ar1_LUMO|Ar2_NBO_=O|Ar1_NBO_-O|Ar1_NBO_C2|Ar1_I_C=O,0.9597595925994351,0.7808597699882853,0.3732364576572056,0
5,Ar2_LUMO|Ar2_HOMO|Ar1_NBO_=O|Ar1_NBO_-O|sum_enthalpy_hartree,0.9451956028089958,0.7808491724771036,0.4355726247898016,0
4,Ar1_LUMO|Ar2_NBO_-O|Ar1_NBO_C2|Entry,0.9004376890996659,0.7808188428734624,0.5870841541714581,0
5,Ar1_LUMO|Ar2_LUMO|Ar1_v_C=O|Ar1_NBO_-O|Ar2_NBO_-O,0.9490956937232138,0.7807767246518811,0.41978811246988823,0
4,Ar1_LUMO|Ar2_LUMO|Ar2_v_C=O|Ar1_NBO_=O,0.9403938325796123,0.7807294116703607,0.4542537002047261,0
4,Ar2_LUMO|Ar2_NBO_=O|Ar1_NBO_=O|Ar1_NBO_C2,0.9293688204655073,0.7806509410242746,0.4944827022964295,0
5,Ar1_v_C=O|Ar2_NBO_=O|Ar1_NBO_C2|Ar1_I_C=O|sum_enthalpy_hartree,0.9423514091356036,0.7806231270544228,0.4467321644087346,0
4,Ar1_LUMO|Ar2_LUMO|Ar2_v_C=O|Ar2_NBO_=O,0.939227803106434,0.7805926527540056,0.4586752882706315,0
5,sum_homo_hartree|Ar1_v_C=O|Ar1_NBO_=O|Ar2_NBO_C2|Ar1_I_C=O,0.954517234168818,0.7805791526852001,0.39680424330127056,0
5,Ar1_v_C=O|Ar2_v_C=O|Ar2_NBO_C2|Ar2_I_C=O|ar2_enthalpy_hartree,0.9499043202268852,0.7805633940671091,0.41644055014612685,0
5,Ar2_v_C=O|Ar1_NBO_-O|Ar1_NBO_C2|Ar1_I_C=O|sum_enthalpy_hartree,0.956950143357318,0.7805194902472645,0.3860457087674407,0
4,sum_homo_hartree|Ar2_NBO_C2|Entry|ar2_enthalpy_hartree,0.9067220762193114,0.7805001388879065,0.5682537493299805,0
5,Ar1_LUMO|Ar2_NBO_=O|Ar1_HOMO|Ar1_NBO_-O|Entry,0.953637216152033,0.7804550372615764,0.4006246127679282,0
5,Ar1_LUMO|Ar2_v_C=O|Ar2_HOMO|Ar1_HOMO|Entry,0.9519855156978094,0.7804312663893391,0.4076984016325831,0
5,Ar1_LUMO|sum_homo_hartree|Ar2_v_C=O|Ar1_HOMO|Entry,0.9519855156978094,0.7804312663893388,0.407698401632583,0
5,Ar1_LUMO|sum_homo_hartree|Ar2_v_C=O|Ar2_HOMO|Entry,0.9519855156978094,0.7804312663893386,0.407698401632583,0
4,Ar1_LUMO|Ar1_HOMO|Ar2_I_C=O|ar2_enthalpy_hartree,0.9092450181662542,0.7804220844462126,0.5605161257901867,0
3,Ar1_LUMO|Ar2_NBO_C2|Entry,0.9043313916856557,0.780402482837144,0.5754897629766145,0
5,Ar1_v_C=O|Ar2_NBO_=O|Ar2_HOMO|ar2_enthalpy_hartree|sum_enthalpy_hartree,0.9351474728859273,0.7803174961328843,0.4738232054469068,0
4,Ar1_v_C=O|Ar2_NBO_=O|Ar1_HOMO|Ar1_NBO_C2,0.9149834679874105,0.7802827083002406,0.5425060266839636,0
5,Ar2_LUMO|Ar2_v_C=O|Ar1_HOMO|Ar1_NBO_C2|Ar2_I_C=O,0.9667888848560494,0.7802370199220713,0.3390740890317437,0
4,Ar1_v_C=O|Ar2_NBO_=O|Ar1_NBO_=O|Ar2_I_C=O,0.9440077441951609,0.7802173903793301,0.44026773236609656,0
5,Ar1_LUMO|Ar1_v_C=O|Ar1_HOMO|Ar2_NBO_C2|Ar1_I_C=O,0.9605050886892025,0.7801820052930653,0.3697629950740891,0
5,prod_homo_hartree|Ar2_v_C=O|Ar2_HOMO|Ar1_NBO_=O|sum_enthalpy_hartree,0.9424013585060114,0.7801286741789183,0.446538587899938,0
5,Ar2_LUMO|Ar2_NBO_=O|Ar1_NBO_C2|Entry|sum_enthalpy_hartree,0.9369902156210483,0.7801178093627146,0.4670430041917758,0
4,Ar1_LUMO|Ar2_HOMO|Ar1_HOMO|Ar2_NBO_C2,0.925787177517587,0.7800967835746464,0.5068650532563852,0
4,Ar1_LUMO|sum_homo_hartree|Ar1_HOMO|Ar2_NBO_C2,0.925787177517587,0.7800967835746462,0.5068650532563852,0
5,Ar1_LUMO|sum_homo_hartree|Ar2_HOMO|Ar1_HOMO|Ar2_NBO_C2,0.9257871775175871,0.7800967835746461,0.5068650532563851,0
4,Ar1_LUMO|sum_homo_hartree|Ar2_HOMO|Ar2_NBO_C2,0.925787177517587,0.7800967835746457,0.5068650532563853,0
5,Ar1_LUMO|Ar2_LUMO|Ar2_NBO_=O|Ar2_I_C=O|ar2_enthalpy_hartree,0.9523097568846512,0.7800506992593541,0.40631947873012075,0
5,Ar1_LUMO|Ar2_LUMO|Ar2_v_C=O|Ar2_HOMO|Ar2_NBO_C2,0.940391669208839,0.7800054232244965,0.45426194356530936,0
5,Ar1_LUMO|Ar1_v_C=O|Ar2_v_C=O|Ar2_HOMO|Ar1_HOMO,0.9512497063588647,0.7800040919698936,0.41081045946591066,0
4,Ar1_LUMO|prod_homo_hartree|Ar1_v_C=O|Ar2_NBO_C2,0.9342646493218899,0.7799611211378699,0.4770373310354734,0
5,Ar1_v_C=O|Ar2_NBO_=O|Ar1_NBO_=O|Ar2_I_C=O|sum_enthalpy_hartree,0.9532826295341891,0.7799358609458777,0.40215370069160056,0
4,Ar1_LUMO|Ar2_LUMO|sum_homo_hartree|Ar1_HOMO,0.9123646272283754,0.7799067438742706,0.5507983031371997,0
5,prod_homo_hartree|Ar2_HOMO|Ar2_NBO_C2|Entry|ar2_enthalpy_hartree,0.9306084537403121,0.7799031016486613,0.490124211903913,0
3,Ar1_LUMO|Ar1_NBO_C2|Entry,0.866974102718483,0.7798694992136349,0.6786111216733658,0
5,prod_homo_hartree|sum_homo_hartree|Ar1_NBO_=O|Ar2_NBO_C2|sum_enthalpy_hartree,0.9329002131396961,0.7797822289308012,0.4819627178921451,0
4,Ar1_LUMO|Ar2_LUMO|prod_homo_hartree|Ar2_NBO_C2,0.9272942016559551,0.7797078744051759,0.5016922569647358,0
5,Ar2_LUMO|Ar1_NBO_=O|Ar1_NBO_C2|Entry|Ar2_I_C=O,0.947333631986764,0.7797067565156804,0.42699182394671104,0
5,Ar2_LUMO|Ar1_NBO_=O|Ar1_NBO_C2|Entry|Ar1_I_C=O,0.9507829374806784,0.7797061454443638,0.4127724653558293,0
5,Ar2_LUMO|Ar1_v_C=O|Ar1_NBO_=O|Ar1_NBO_-O|Entry,0.9543373428519023,0.7796462184422824,0.3975881797493469,0
5,Ar1_NBO_=O|Ar1_HOMO|Ar2_NBO_C2|Ar2_I_C=O|ar2_enthalpy_hartree,0.9262199919094097,0.7796253534596472,0.5053848556555421,0
5,Ar1_LUMO|Ar1_NBO_=O|Ar1_HOMO|Ar2_NBO_C2|Entry,0.9383562959998469,0.7795977986640575,0.46195241053452335,0
5,Ar2_LUMO|Ar1_HOMO|Ar2_NBO_C2|Ar2_I_C=O|sum_enthalpy_hartree,0.9606518389152233,0.7795494613282947,0.3690753963317732,0
5,Ar1_LUMO|sum_homo_hartree|Ar2_v_C=O|Ar2_NBO_=O|Ar2_I_C=O,0.9650640813882743,0.7795471941172845,0.34776747174408823,0
5,Ar2_LUMO|Ar1_NBO_C2|Entry|Ar2_I_C=O|sum_enthalpy_hartree,0.9522163478815249,0.7795400524532585,0.40671720506215164,0
4,Ar1_LUMO|Ar2_NBO_=O|Ar1_NBO_C2|Ar1_I_C=O,0.9337735343076111,0.7795361323777207,0.478816010527401,0
4,Ar2_v_C=O|Ar1_NBO_=O|Ar2_I_C=O|sum_enthalpy_hartree,0.9400613413458059,0.7795058299006316,0.4555188824942255,0
5,Ar2_LUMO|prod_homo_hartree|Ar1_NBO_=O|Ar1_NBO_-O|Entry,0.9535679157056727,0.7794718202416334,0.4009239163808687,0
5,prod_homo_hartree|sum_homo_hartree|Ar1_v_C=O|Ar2_HOMO|sum_enthalpy_hartree,0.9648602353786652,0.7794524125175422,0.3487805823921871,0
5,prod_homo_hartree|Ar1_v_C=O|Ar2_HOMO|Ar1_HOMO|sum_enthalpy_hartree,0.9648602353786647,0.7794524125175374,0.34878058239218934,0
5,prod_homo_hartree|sum_homo_hartree|Ar1_v_C=O|Ar1_HOMO|sum_enthalpy_hartree,0.964860235378665,0.7794524125175364,0.34878058239218734,0
5,Ar1_LUMO|Ar2_LUMO|Ar2_NBO_=O|Ar1_NBO_C2|Ar2_I_C=O,0.9438790030937725,0.7794242895731008,0.4407735881173861,0
4,Ar2_HOMO|Ar1_NBO_C2|ar2_enthalpy_hartree|Ar1_I_C=O,0.9016706472730711,0.7793811061280187,0.5834376679390638,0
4,prod_homo_hartree|Ar1_v_C=O|Ar2_NBO_C2|Ar1_I_C=O,0.9508139387637468,0.7793557475161756,0.41264244447373344,0
4,Ar2_LUMO|prod_homo_hartree|Ar1_NBO_=O|Ar1_HOMO,0.93758032560188,0.779348230243036,0.46485084411476224,0
5,Ar2_LUMO|sum_homo_hartree|Ar2_HOMO|Ar2_NBO_C2|ar2_enthalpy_hartree,0.945312967020545,0.7791593722036183,0.4351059830740159,0
5,Ar2_LUMO|sum_homo_hartree|Ar1_HOMO|Ar2_NBO_C2|ar2_enthalpy_hartree,0.9453129670205449,0.7791593722036183,0.4351059830740161,0
5,Ar2_LUMO|Ar2_HOMO|Ar1_HOMO|Ar2_NBO_C2|ar2_enthalpy_hartree,0.9453129670205449,0.7791593722036179,0.43510598307401605,0
4,Ar1_LUMO|prod_homo_hartree|Ar1_NBO_=O|Entry,0.9164038262050275,0.7791511829110009,0.537955156278619,0
5,Ar1_NBO_=O|Ar1_HOMO|Ar2_NBO_C2|Ar1_I_C=O|sum_enthalpy_hartree,0.9524812077277618,0.7791451538283919,0.405588443014882,0
5,Ar2_LUMO|Ar2_v_C=O|Ar2_NBO_C2|Ar1_NBO_C2|Ar1_I_C=O,0.9450656608508731,0.7791418912744228,0.4360886933266543,0
4,Ar1_LUMO|prod_homo_hartree|Ar2_NBO_-O|ar2_enthalpy_hartree,0.9288807713608981,0.7791162101122677,0.4961881557916803,0
5,prod_homo_hartree|Ar2_NBO_=O|Ar2_HOMO|Entry|ar2_enthalpy_hartree,0.9174198696119238,0.7790967229041138,0.5346759584310778,0
4,Ar2_LUMO|Ar1_NBO_=O|Ar2_NBO_-O|Ar2_NBO_C2,0.9305772718119107,0.7790853682615809,0.4902343211491348,0
5,Ar2_LUMO|prod_homo_hartree|Ar1_v_C=O|Ar1_HOMO|Ar2_I_C=O,0.9723142702472549,0.7790535190319785,0.309585678651002,0
4,Ar2_NBO_=O|Ar1_HOMO|Ar1_NBO_C2|ar2_enthalpy_hartree,0.9101491286290345,0.779043005548314,0.557717177844383,0
5,Ar2_HOMO|Ar1_NBO_=O|Entry|ar2_enthalpy_hartree|sum_enthalpy_hartree,0.9095668085989543,0.7790280917092929,0.5595215308341893,0
5,Ar1_LUMO|prod_homo_hartree|Ar2_NBO_C2|Ar2_I_C=O|sum_enthalpy_hartree,0.9600937921083839,0.779000990590737,0.371683348304844,0
5,Ar1_v_C=O|Ar2_HOMO|Ar2_NBO_C2|ar2_enthalpy_hartree|sum_enthalpy_hartree,0.9355328235498105,0.7789492630271411,0.4724133904697235,0
5,Ar1_v_C=O|Ar2_HOMO|Ar1_NBO_C2|ar2_enthalpy_hartree|sum_enthalpy_hartree,0.9357118005095307,0.7789390210600139,0.47175716599734885,0
5,Ar1_LUMO|Ar2_LUMO|sum_homo_hartree|Ar2_NBO_C2|sum_enthalpy_hartree,0.9439176715665919,0.7789374057629284,0.440621711107146,0
5,sum_homo_hartree|Ar2_v_C=O|Ar1_NBO_C2|Entry|Ar1_I_C=O,0.951314935822813,0.778858021777634,0.4105355286516584,0
4,Ar1_LUMO|Ar2_NBO_C2|Ar2_I_C=O|sum_enthalpy_hartree,0.9094362701380175,0.7788194206424175,0.5599252141487284,0
5,Ar2_LUMO|Ar1_v_C=O|Ar2_v_C=O|Ar1_NBO_=O|Ar2_NBO_C2,0.950776440705808,0.778749550575857,0.41279970795373394,0
5,Ar2_LUMO|sum_homo_hartree|Ar2_NBO_C2|Ar1_NBO_C2|ar2_enthalpy_hartree,0.94395335592423,0.7787220762828976,0.4404815082564089,0
4,prod_homo_hartree|Ar1_NBO_-O|Ar1_NBO_C2|Entry,0.9093684986927795,0.7786419843715089,0.5601346790443543,0
5,prod_homo_hartree|Ar1_v_C=O|Ar2_NBO_=O|ar2_enthalpy_hartree|sum_enthalpy_hartree,0.9368928226360609,0.7786383587306248,0.4674038144162174,0
4,Ar1_LUMO|prod_homo_hartree|Ar2_v_C=O|Ar1_NBO_C2,0.9379774364452889,0.7786174991927375,0.46336980588503524,0
5,Ar1_LUMO|Ar2_LUMO|Ar1_v_C=O|Ar1_HOMO|Ar1_I_C=O,0.9703045341770001,0.7785827749327778,0.3206254157647632,0
4,Ar1_LUMO|Ar2_LUMO|Ar1_NBO_C2|Entry,0.9159908926866032,0.7785239850472119,0.5392821671885302,0
4,Ar2_HOMO|Ar1_NBO_=O|Entry|ar2_enthalpy_hartree,0.8957902766214133,0.7785221148063057,0.6006299663308136,0
5,prod_homo_hartree|sum_homo_hartree|Ar1_NBO_=O|Ar1_HOMO|Ar2_NBO_C2,0.9460472007030445,0.7784925761042469,0.43217522401090447,0
5,prod_homo_hartree|sum_homo_hartree|Ar2_HOMO|Ar1_NBO_=O|Ar2_NBO_C2,0.9460472007030446,0.7784925761042452,0.43217522401090436,0
5,prod_homo_hartree|Ar2_HOMO|Ar1_NBO_=O|Ar1_HOMO|Ar2_NBO_C2,0.9460472007030444,0.7784925761042404,0.43217522401090513,0
5,Ar2_v_C=O|Ar1_NBO_-O|Entry|Ar2_I_C=O|sum_enthalpy_hartree,0.9605249596870292,0.778432192291539,0.3696699643031487,0
5,Ar2_LUMO|Ar2_HOMO|Ar1_NBO_=O|Ar1_NBO_-O|ar2_enthalpy_hartree,0.9447494632610899,0.7784091511801635,0.437341938052178,0
4,Ar1_LUMO|sum_homo_hartree|Ar2_v_C=O|Ar2_NBO_=O,0.9379617780976367,0.7783928916536438,0.4634282938546762,0
5,sum_homo_hartree|Ar1_NBO_=O|Ar2_NBO_C2|Ar1_I_C=O|sum_enthalpy_hartree,0.9474740142127329,0.7783583491654543,0.42642237078142464,0
5,Ar1_LUMO|sum_homo_hartree|Ar2_v_C=O|Ar2_NBO_C2|Ar2_I_C=O,0.9638244029614921,0.7783421917613136,0.35388383756212516,0
4,Ar1_LUMO|Ar2_NBO_=O|Ar1_NBO_=O|Ar2_NBO_C2,0.9274565389550844,0.7782878494499461,0.501131855454136,0
4,Ar1_LUMO|Ar2_LUMO|Ar2_NBO_=O|Ar1_NBO_C2,0.9273953735940861,0.778282155358438,0.5013430767830592,0
5,prod_homo_hartree|sum_homo_hartree|Ar1_v_C=O|Ar1_NBO_-O|Ar2_I_C=O,0.9715945337974857,0.7782067376442721,0.3135839564250532,0
5,Ar1_LUMO|sum_homo_hartree|Ar1_v_C=O|Ar1_NBO_-O|ar2_enthalpy_hartree,0.9325584162375693,0.7781997848544158,0.48318868389038294,0
5,Ar2_NBO_=O|Ar1_NBO_-O|Ar2_I_C=O|ar2_enthalpy_hartree|sum_enthalpy_hartree,0.9358132463207848,0.7781997377355524,0.4713848061908284,0
5,Ar1_LUMO|Ar1_v_C=O|Ar2_NBO_=O|Ar1_HOMO|Ar2_NBO_C2,0.9412079888749079,0.7781989693417336,0.45114072459223353,0
5,Ar1_v_C=O|Ar2_v_C=O|Ar1_NBO_-O|Entry|Ar2_I_C=O,0.9548772922941652,0.7781954759995309,0.3952304991369762,0
5,Ar1_LUMO|sum_homo_hartree|Ar2_NBO_C2|Ar1_NBO_C2|sum_enthalpy_hartree,0.9445490113819328,0.7781301160663955,0.4381345696550913,0
5,Ar1_LUMO|Ar2_NBO_=O|Ar1_NBO_=O|Ar2_NBO_C2|Ar2_I_C=O,0.9440544894097418,0.7781204043831129,0.44008391492101756,0
4,Ar1_LUMO|Ar1_NBO_=O|Ar2_NBO_C2|Ar1_I_C=O,0.9239651849664482,0.7780531602949884,0.5130493259490163,0
5,Ar2_LUMO|Ar2_HOMO|Ar1_NBO_=O|Ar1_NBO_C2|Entry,0.9435071726056676,0.7779706263466748,0.44223135342869435,0
5,Ar1_LUMO|Ar2_NBO_=O|Ar2_NBO_C2|Ar1_NBO_C2|ar2_enthalpy_hartree,0.9421151537635463,0.7779673300215408,0.44764662701076346,0
5,prod_homo_hartree|sum_homo_hartree|Ar1_v_C=O|Ar2_HOMO|Entry,0.9648554688814618,0.7778958919156204,0.34880423658163007,0
5,prod_homo_hartree|Ar1_v_C=O|Ar2_HOMO|Ar1_HOMO|Entry,0.9648554688814613,0.7778958919156173,0.34880423658163223,0
5,prod_homo_hartree|sum_homo_hartree|Ar1_v_C=O|Ar1_HOMO|Entry,0.9648554688814619,0.7778958919156157,0.34880423658162946,0
5,Ar2_LUMO|Ar2_v_C=O|Ar2_HOMO|Ar1_NBO_=O|Ar2_NBO_C2,0.9384202960530083,0.7778602934909253,0.4617125429188824,0
5,Ar1_LUMO|Ar1_NBO_-O|Entry|ar2_enthalpy_hartree|sum_enthalpy_hartree,0.9449814442472309,0.7778239608041265,0.4364228362726127,0
5,Ar1_LUMO|prod_homo_hartree|Ar1_v_C=O|Ar1_HOMO|sum_enthalpy_hartree,0.9608605410165727,0.7778163505439692,0.368095309617459,0
5,Ar1_LUMO|Ar2_LUMO|Ar1_NBO_=O|Ar2_NBO_C2|Ar1_NBO_C2,0.9306262572530397,0.7778065178591389,0.49006133326176304,0
4,Ar1_LUMO|Ar2_v_C=O|Ar2_NBO_=O|Ar1_NBO_=O,0.9406168350666583,0.7777955715393599,0.4534031621295177,0
5,prod_homo_hartree|Ar2_NBO_=O|Ar1_NBO_-O|Ar1_NBO_C2|Ar1_I_C=O,0.9603310280558365,0.7777941537957751,0.37057690276768007,0
5,Ar1_LUMO|Ar2_LUMO|Ar1_NBO_=O|Ar2_NBO_C2|Ar2_I_C=O,0.9441615520355865,0.7777903609669736,0.4396626201442908,0
5,Ar2_LUMO|Ar2_v_C=O|Ar1_HOMO|Ar2_NBO_-O|ar2_enthalpy_hartree,0.949391819601563,0.7777798443449375,0.41856531377291706,0
5,Ar2_LUMO|Ar1_HOMO|Ar1_NBO_C2|ar2_enthalpy_hartree|sum_enthalpy_hartree,0.9454010137891028,0.7777564812226968,0.43475557909445384,0
5,Ar1_LUMO|Ar2_v_C=O|Ar1_NBO_-O|Ar1_NBO_C2|Ar1_I_C=O,0.9556541896476982,0.777711516318716,0.39181329840861584,0
4,Ar2_v_C=O|Ar2_NBO_=O|Ar1_NBO_-O|Ar2_I_C=O,0.9510006857949741,0.7777008788340073,0.4118583500290296,0
4,Ar1_LUMO|Ar1_HOMO|Ar2_NBO_-O|sum_enthalpy_hartree,0.9137336777901751,0.7776704324295127,0.5464790483669972,0
4,prod_homo_hartree|Ar1_NBO_=O|Ar2_NBO_C2|sum_enthalpy_hartree,0.912695456155519,0.7776481648103403,0.5497576713452447,0
3,Ar2_NBO_=O|Ar1_NBO_=O|Ar1_I_C=O,0.8739535392546174,0.7776479003992502,0.6605690206333438,0
4,Ar2_LUMO|Ar2_NBO_=O|Ar1_HOMO|Ar2_NBO_C2,0.9253842850175357,0.777638372181205,0.5082390457194595,0
5,Ar2_NBO_=O|Ar1_NBO_=O|Ar1_NBO_-O|Ar2_I_C=O|Ar1_I_C=O,0.9359548426561026,0.7776378479479691,0.47086458037613643,0
4,Ar2_HOMO|Ar1_NBO_=O|Entry|sum_enthalpy_hartree,0.8918875899918018,0.7775855573858821,0.611773482978352,0
5,Ar2_LUMO|Ar1_v_C=O|Ar2_NBO_=O|Ar1_NBO_=O|Ar1_HOMO,0.9498556940750633,0.7775832285894985,0.41664261337713576,0
4,Ar1_LUMO|Ar1_HOMO|Ar2_NBO_C2|Ar1_I_C=O,0.9490847125975977,0.7775366913908989,0.41983338857474467,0
4,prod_homo_hartree|Ar2_v_C=O|Ar2_HOMO|sum_enthalpy_hartree,0.9364745718121983,0.777514203874954,0.46895014555879794,0
4,Ar2_v_C=O|Ar1_NBO_=O|Ar2_NBO_C2|Ar2_I_C=O,0.9348687966800302,0.7774585531938081,0.4748401412011956,0
5,Ar1_LUMO|Ar1_v_C=O|Ar2_v_C=O|Ar2_NBO_=O|Ar1_NBO_=O,0.9494277602479778,0.7774195830004457,0.4184166601397137,0
4,Ar1_LUMO|Ar2_LUMO|Ar1_NBO_=O|Ar1_NBO_C2,0.9293843390884883,0.7774121470521608,0.4944283770520558,0
5,Ar1_LUMO|sum_homo_hartree|Ar1_NBO_=O|Ar2_NBO_C2|Ar1_I_C=O,0.9630292863730004,0.7774083393170503,0.35775177011691467,0
5,Ar2_LUMO|Ar1_NBO_=O|Ar1_NBO_-O|Ar1_NBO_C2|Ar1_I_C=O,0.9571686627187629,0.7774060780081278,0.3850646859376175,0
3,Ar2_LUMO|Ar2_v_C=O|Ar1_HOMO,0.9194517725928284,0.777404115270421,0.5280570780107889,0
5,Ar1_LUMO|Ar1_v_C=O|Ar1_NBO_=O|Ar2_I_C=O|ar2_enthalpy_hartree,0.9416587024140225,0.7773904369272226,0.4494081215245591,0
4,Ar1_LUMO|Ar1_v_C=O|Ar1_HOMO|Entry,0.8770195389924137,0.7773093928173971,0.652485602033276,0
5,Ar1_LUMO|Ar2_LUMO|prod_homo_hartree|sum_homo_hartree|Ar1_NBO_=O,0.9419568214069748,0.7773072583812838,0.44825843259319603,0
5,prod_homo_hartree|Ar2_v_C=O|Ar2_HOMO|Ar2_I_C=O|ar2_enthalpy_hartree,0.9648777572593258,0.7773043062192933,0.3486936146247344,0
5,Ar1_LUMO|Ar1_v_C=O|Ar2_HOMO|Ar1_NBO_C2|ar2_enthalpy_hartree,0.9471720686213194,0.7772886739597114,0.4276462587675526,0
5,Ar1_LUMO|Ar2_NBO_=O|Ar2_HOMO|Entry|Ar1_I_C=O,0.9516389879252266,0.7772818337199854,0.4091669670992691,0
5,Ar1_LUMO|Ar2_LUMO|sum_homo_hartree|Ar1_NBO_C2|ar2_enthalpy_hartree,0.9447654210402561,0.7772711192406981,0.4372787756787291,0
5,Ar2_LUMO|sum_homo_hartree|Ar1_NBO_-O|Ar1_NBO_C2|ar2_enthalpy_hartree,0.9377770136234732,0.777254366016719,0.4641178802437729,0
5,Ar2_LUMO|sum_homo_hartree|Ar2_NBO_-O|Ar1_NBO_C2|sum_enthalpy_hartree,0.9417608123998438,0.7772199698416558,0.44901466821301445,0
4,Ar2_LUMO|Ar2_HOMO|Ar2_NBO_C2|Ar1_NBO_C2,0.9180316768031311,0.7771446086525562,0.5326916631392786,0
5,Ar1_LUMO|Ar2_LUMO|sum_homo_hartree|Ar1_v_C=O|Ar1_NBO_=O,0.9497286100943511,0.777123746063181,0.4171702415448569,0
4,Ar2_LUMO|prod_homo_hartree|Ar2_NBO_=O|Entry,0.9198139228674287,0.7770703368023021,0.5268686505365614,0
4,Ar2_v_C=O|Ar1_HOMO|Ar2_NBO_C2|Entry,0.9205586669397319,0.77706272941208,0.5244162444819647,0
4,Ar1_LUMO|Ar2_I_C=O|ar2_enthalpy_hartree|sum_enthalpy_hartree,0.923982340163874,0.7769691209960521,0.5129914448390214,0
4,Ar2_NBO_=O|Ar1_NBO_=O|Entry|Ar2_I_C=O,0.8811181686722782,0.776965525491573,0.6415206164199148,0
5,Ar2_LUMO|prod_homo_hartree|Ar1_HOMO|Ar2_NBO_C2|ar2_enthalpy_hartree,0.9444515234647077,0.7769016266114002,0.43851954087871614,0
5,sum_homo_hartree|Ar1_v_C=O|Ar1_NBO_C2|Entry|Ar1_I_C=O,0.9413403053036146,0.776900354801645,0.45063277332081597,0
4,Ar1_LUMO|Ar2_NBO_C2|Ar1_NBO_C2|Entry,0.9165358553901609,0.776875488494225,0.5375301736278659,0
5,Ar2_HOMO|Ar1_NBO_=O|Ar1_NBO_C2|ar2_enthalpy_hartree|Ar1_I_C=O,0.9372209491917461,0.7768672265051859,0.4661870947868423,0
5,prod_homo_hartree|Ar2_NBO_=O|Ar1_NBO_-O|Ar2_NBO_C2|Ar2_I_C=O,0.9650812471034104,0.7768533920908958,0.34768202371424956,0
4,Ar1_v_C=O|Ar2_v_C=O|Ar2_I_C=O|sum_enthalpy_hartree,0.9460984812175894,0.7768508794624139,0.4319697904025239,0
3,Ar2_LUMO|Ar1_NBO_C2|ar2_enthalpy_hartree,0.8960210843414557,0.7768280471290192,0.5999644483996024,0
4,Ar1_LUMO|Ar1_v_C=O|Ar1_NBO_=O|Entry,0.882702634850097,0.7767589727714066,0.6372311578970907,0
4,Ar2_LUMO|Ar2_v_C=O|Ar2_I_C=O|sum_enthalpy_hartree,0.9403542018848338,0.7767263154554506,0.4544046862450984,0
5,Ar1_LUMO|sum_homo_hartree|Ar1_v_C=O|Ar2_v_C=O|Ar1_NBO_C2,0.9498358112737629,0.776704156219281,0.4167252070149098,0
5,Ar1_LUMO|prod_homo_hartree|Ar1_v_C=O|Ar2_v_C=O|Ar2_I_C=O,0.967891487520575,0.7766499123201448,0.3333979825481713,0
5,prod_homo_hartree|Ar2_NBO_=O|Ar1_NBO_-O|Ar1_NBO_C2|Ar2_I_C=O,0.9606750391960018,0.7766338729744049,0.36896657402435884,0
5,Ar1_LUMO|Ar2_HOMO|Ar2_NBO_-O|Ar1_NBO_C2|Entry,0.9433554106790631,0.7766095588748909,0.4428249586010046,0
5,Ar1_LUMO|prod_homo_hartree|Ar2_NBO_=O|Ar2_HOMO|sum_enthalpy_hartree,0.9451514414797662,0.7765197272415453,0.43574808144705024,0
5,sum_homo_hartree|Ar2_NBO_-O|Ar1_NBO_C2|Ar1_I_C=O|sum_enthalpy_hartree,0.9442585929191051,0.7764652206434607,0.43928041215293584,0
3,Ar2_LUMO|Ar1_NBO_-O|Entry,0.8879553333552164,0.7764293486168058,0.6227998063875654,0
5,Ar2_LUMO|Ar1_v_C=O|Ar2_HOMO|Ar2_NBO_-O|Ar2_I_C=O,0.9630190442405319,0.776335652140518,0.3578013213281779,0
5,Ar2_LUMO|sum_homo_hartree|Ar1_NBO_=O|Ar1_NBO_-O|sum_enthalpy_hartree,0.947067393934274,0.7762867646795834,0.42806972401648963,0
4,Ar1_LUMO|sum_homo_hartree|Ar2_v_C=O|Ar1_NBO_C2,0.9374966648987744,0.7762482714372676,0.46516225815717593,0
5,Ar1_LUMO|prod_homo_hartree|sum_homo_hartree|Ar2_NBO_=O|Ar1_NBO_C2,0.9401041270764362,0.7762467034225802,0.4553562730202679,0
5,Ar1_v_C=O|Ar2_HOMO|Ar2_NBO_C2|Ar2_I_C=O|sum_enthalpy_hartree,0.9545006564744389,0.7761893889307203,0.39687655091121254,0
5,sum_homo_hartree|Ar2_v_C=O|Ar1_NBO_=O|Ar1_NBO_-O|Ar2_I_C=O,0.962420799398022,0.7761783999212968,0.3606838054909424,0
5,Ar1_LUMO|Ar2_NBO_=O|Ar2_HOMO|Ar1_HOMO|sum_enthalpy_hartree,0.9449925125309067,0.7761561092500048,0.43637893567714353,0
5,Ar1_LUMO|sum_homo_hartree|Ar2_NBO_=O|Ar2_HOMO|sum_enthalpy_hartree,0.9449925125309068,0.7761561092500042,0.4363789356771434,0
5,Ar1_LUMO|sum_homo_hartree|Ar2_NBO_=O|Ar1_HOMO|sum_enthalpy_hartree,0.9449925125309067,0.7761561092500033,0.4363789356771436,0
5,Ar1_LUMO|prod_homo_hartree|Ar2_NBO_=O|Ar2_NBO_-O|ar2_enthalpy_hartree,0.947778720833676,0.7760967704770688,0.42518371999960397,0
5,Ar1_LUMO|prod_homo_hartree|Ar2_NBO_=O|Ar1_NBO_C2|sum_enthalpy_hartree,0.945215548541097,0.7760695010614593,0.43549335555281127,0
5,Ar1_v_C=O|Ar2_NBO_=O|Ar2_HOMO|Ar1_NBO_C2|Ar2_I_C=O,0.9531534456660663,0.7760678224805145,0.4027093388316758,0
5,Ar2_LUMO|sum_homo_hartree|Ar1_NBO_-O|Ar1_NBO_C2|sum_enthalpy_hartree,0.9405984467413024,0.7760636202758375,0.453473356093979,0
5,Ar2_LUMO|sum_homo_hartree|Ar1_NBO_=O|Ar2_NBO_C2|Ar1_I_C=O,0.9590071927903703,0.776060672863067,0.37670961445928114,0
5,Ar1_LUMO|Ar1_v_C=O|Ar2_NBO_=O|Ar2_NBO_-O|sum_enthalpy_hartree,0.9501915198772088,0.7760402477977733,0.4152451028171199,0
4,sum_homo_hartree|Ar2_NBO_=O|Ar1_NBO_C2|Entry,0.9135114522232044,0.775997528741588,0.5471824718130519,0
4,Ar1_LUMO|prod_homo_hartree|Ar2_v_C=O|Ar2_NBO_=O,0.9382024907594385,0.7759797519041287,0.4625283528698334,0
4,Ar1_LUMO|Ar2_v_C=O|Ar2_NBO_C2|Ar1_I_C=O,0.9407143484542212,0.7759152489806269,0.4530307413955876,0
5,Ar2_LUMO|Ar1_v_C=O|Ar1_NBO_=O|Ar2_NBO_-O|Ar1_NBO_C2,0.9531449581613478,0.7759024662339018,0.40274581795656317,0
5,Ar2_LUMO|Ar2_v_C=O|Ar1_NBO_=O|Entry|Ar1_I_C=O,0.9547182288783245,0.77583345432009,0.3959265057657006,0
5,Ar2_LUMO|prod_homo_hartree|sum_homo_hartree|Ar1_NBO_=O|Ar2_NBO_C2,0.9419007647141412,0.7758225437022841,0.4484748389119695,0
5,Ar2_LUMO|Ar1_v_C=O|Ar2_NBO_=O|Ar1_HOMO|Ar1_NBO_-O,0.9506591428703896,0.7758175573481999,0.41329125815007584,0
4,Ar1_LUMO|prod_homo_hartree|Ar1_NBO_=O|ar2_enthalpy_hartree,0.9228171523232322,0.7757686904232034,0.5169080235493017,0
5,Ar1_LUMO|prod_homo_hartree|Ar2_NBO_C2|Ar2_I_C=O|ar2_enthalpy_hartree,0.9614642251580934,0.7757008915630733,0.36524554074503085,0
5,Ar2_LUMO|Ar2_NBO_=O|Ar1_NBO_=O|Ar2_I_C=O|ar2_enthalpy_hartree,0.9522495808948048,0.7756362278455524,0.40657574675340535,0
5,sum_homo_hartree|Ar1_v_C=O|Ar2_NBO_=O|ar2_enthalpy_hartree|sum_enthalpy_hartree,0.934939774487127,0.7756014542794887,0.4745813382207255,0
4,Ar1_v_C=O|Ar2_NBO_=O|Ar1_HOMO|sum_enthalpy_hartree,0.9163603514912123,0.7755860857351384,0.5380950215708714,0
4,Ar1_LUMO|Ar2_NBO_-O|Ar2_NBO_C2|Ar2_I_C=O,0.9195276771210209,0.7754773197375026,0.527808212381489,0
4,Ar2_LUMO|Ar1_NBO_=O|Ar2_NBO_C2|Ar1_NBO_C2,0.9294448454968227,0.7754684665600913,0.49421650835346687,0
5,Ar2_LUMO|Ar2_NBO_=O|Entry|Ar2_I_C=O|Ar1_I_C=O,0.9490071668981269,0.7754550441802496,0.42015297713835453,0
5,Ar1_LUMO|Ar2_LUMO|Ar2_v_C=O|Ar2_HOMO|Ar1_I_C=O,0.9551009740609909,0.7754162145715793,0.39424966604455147,0
5,Ar2_LUMO|Ar1_HOMO|Ar2_NBO_C2|Entry|Ar1_I_C=O,0.966775963989999,0.7754136847451628,0.3391400414218849,0
4,prod_homo_hartree|Ar2_NBO_C2|Ar1_NBO_C2|Entry,0.9148591636926307,0.7754029256411371,0.5429024860293735,0
5,Ar2_LUMO|Ar2_NBO_=O|Ar1_HOMO|Ar1_NBO_C2|ar2_enthalpy_hartree,0.9464662573170813,0.7753888495592705,0.43049357887361456,0
4,Ar2_LUMO|Ar1_HOMO|Ar2_NBO_-O|Ar2_NBO_C2,0.9278948472548676,0.7753744321385758,0.4996156399557265,0
5,Ar1_NBO_=O|Ar1_NBO_-O|Ar2_NBO_-O|Ar2_I_C=O|ar2_enthalpy_hartree,0.9364134048900234,0.7753597886334156,0.46917586096425024,0
5,Ar1_LUMO|Ar2_LUMO|Ar1_NBO_=O|Ar2_I_C=O|ar2_enthalpy_hartree,0.9521645453841687,0.7753320359817591,0.40693760742630797,0
4,prod_homo_hartree|Ar2_v_C=O|Ar2_HOMO|Ar1_NBO_=O,0.930617136148638,0.7753314395484916,0.49009354828645,0
4,sum_homo_hartree|Ar2_NBO_=O|Ar1_NBO_C2|Ar1_I_C=O,0.9353677186464754,0.7753297472467633,0.4730179453446693,0
5,Ar2_LUMO|Ar2_v_C=O|Ar1_NBO_=O|Ar2_NBO_C2|sum_enthalpy_hartree,0.9516907082510827,0.7753055914141674,0.40894811404957815,0
5,Ar1_NBO_=O|Ar1_HOMO|Ar2_NBO_C2|ar2_enthalpy_hartree|Ar1_I_C=O,0.9530249755822977,0.7752848197046198,0.40326114762568427,0
5,Ar1_LUMO|Ar2_LUMO|Ar1_NBO_=O|Ar2_NBO_-O|Ar2_I_C=O,0.954780140529722,0.7752530828090742,0.3956557472726447,0
4,Ar1_LUMO|sum_homo_hartree|Ar2_NBO_=O|Ar2_NBO_-O,0.9354195840894355,0.7751960193301335,0.4728281159859544,0
5,Ar2_LUMO|Ar2_NBO_=O|Ar1_NBO_=O|Ar1_NBO_C2|Ar2_I_C=O,0.9442221420912246,0.7751947806358216,0.4394240174070511,0
5,sum_homo_hartree|Ar2_NBO_=O|Ar1_NBO_-O|Ar1_NBO_C2|Ar2_I_C=O,0.9598085868328445,0.7751631877326068,0.3730091736309734,0
5,Ar1_LUMO|prod_homo_hartree|Ar2_HOMO|Ar2_NBO_C2|sum_enthalpy_hartree,0.9422381260511078,0.7751548578863029,0.4471708773034467,0
4,Ar2_LUMO|prod_homo_hartree|Ar2_NBO_-O|Ar1_NBO_C2,0.9254311095484413,0.7751439537301638,0.5080795498970723,0
5,Ar1_LUMO|Ar2_LUMO|prod_homo_hartree|Ar1_v_C=O|Ar1_NBO_=O,0.9501966478191762,0.7751361388850564,0.4152237268627346,0
4,Ar1_LUMO|prod_homo_hartree|Ar2_NBO_C2|Ar1_NBO_C2,0.9272545697766309,0.775121908151415,0.5018289743835919,0
5,Ar1_LUMO|Ar2_LUMO|Ar2_NBO_=O|Ar2_NBO_-O|Ar2_I_C=O,0.9549536943224691,0.7751086353879085,0.39489575410132804,0
3,Ar1_LUMO|Ar1_v_C=O|Ar1_I_C=O,0.8923362712483632,0.7750412843650454,0.6105026913937339,0
5,Ar1_LUMO|prod_homo_hartree|sum_homo_hartree|Ar2_v_C=O|Entry,0.9511109731074734,0.7750080641880716,0.41139458498048365,0
5,Ar2_LUMO|prod_homo_hartree|Ar1_NBO_=O|Ar1_NBO_-O|sum_enthalpy_hartree,0.9470715648841036,0.775006794141998,0.42805285830130113,0
5,Ar1_LUMO|Ar2_LUMO|Ar2_NBO_=O|Ar1_NBO_-O|Ar2_I_C=O,0.9550306908760212,0.7749880844200044,0.39455811691188675,0
5,Ar2_LUMO|prod_homo_hartree|Ar1_NBO_-O|Ar1_NBO_C2|ar2_enthalpy_hartree,0.9378838284811947,0.7749382639190692,0.46371934601982284,0
5,Ar1_LUMO|Ar2_HOMO|Ar1_NBO_-O|Ar1_NBO_C2|sum_enthalpy_hartree,0.9330675824530901,0.77489290065232,0.48136125447744976,0
5,Ar1_LUMO|Ar2_v_C=O|Ar2_NBO_=O|Ar2_HOMO|Ar2_I_C=O,0.9617539113780912,0.7748835983842881,0.3638701149586123,0
5,Ar2_LUMO|Ar1_v_C=O|Ar1_HOMO|Ar2_NBO_-O|Ar2_NBO_C2,0.9474334791398504,0.774863874168459,0.42658687724543054,0
5,Ar2_LUMO|Ar2_v_C=O|Ar1_NBO_-O|Ar2_NBO_C2|Ar2_I_C=O,0.9570708718715485,0.7748343715669876,0.3855040176885543,0
5,Ar1_LUMO|Ar1_NBO_=O|Ar1_HOMO|Entry|ar2_enthalpy_hartree,0.9216172304539143,0.7748224283162445,0.5209105781677055,0
4,Ar1_LUMO|Ar2_LUMO|Ar2_HOMO|Ar1_HOMO,0.9123646272283753,0.7747955394671431,0.5507983031371998,0
5,prod_homo_hartree|Ar2_v_C=O|Ar2_HOMO|Ar2_NBO_C2|ar2_enthalpy_hartree,0.9415298967417141,0.774793657301442,0.44990394868780326,0
3,Ar1_NBO_=O|Ar2_NBO_-O|ar2_enthalpy_hartree,0.8847232906595769,0.7747882512498974,0.6317185936035726,0
5,Ar1_LUMO|Ar2_LUMO|sum_homo_hartree|Ar2_HOMO|Ar1_HOMO,0.9123646272283753,0.7747701031977491,0.5507983031371998,0
5,Ar1_LUMO|prod_homo_hartree|Ar2_NBO_-O|Ar2_NBO_C2|ar2_enthalpy_hartree,0.9454326600734158,0.7747432535811473,0.4346295658309081,0
5,Ar2_LUMO|Ar2_v_C=O|Ar1_NBO_=O|Ar2_NBO_C2|Entry,0.942759967463752,0.7747407061780381,0.44514634357913296,0
4,Ar1_v_C=O|Ar2_NBO_C2|Ar1_NBO_C2|Ar1_I_C=O,0.9382353590339841,0.7747213294942337,0.4624053339079565,0
5,Ar1_LUMO|Ar2_v_C=O|Ar1_NBO_=O|Ar1_HOMO|Ar2_NBO_C2,0.9439775916568773,0.7746928403720558,0.44038626128345354,0
4,Ar1_LUMO|sum_homo_hartree|Ar1_NBO_-O|ar2_enthalpy_hartree,0.9245138533239416,0.7746398856837861,0.5111948886924385,0
5,Ar1_LUMO|Ar2_v_C=O|Ar1_HOMO|Entry|Ar1_I_C=O,0.9668845718965057,0.7746246264170137,0.3385852707612553,0
5,Ar2_LUMO|Ar1_NBO_=O|Ar2_NBO_C2|Ar2_I_C=O|sum_enthalpy_hartree,0.9513413595091174,0.7745720760817729,0.4104241050095132,0
5,Ar2_LUMO|prod_homo_hartree|Ar1_v_C=O|Ar2_I_C=O|Ar1_I_C=O,0.9691475635164335,0.7745018852434687,0.32681170891612205,0
4,Ar1_LUMO|sum_homo_hartree|Ar1_v_C=O|Entry,0.9130987184346467,0.7744837842670607,0.5484865282843168,0
5,Ar1_v_C=O|Ar2_HOMO|Ar1_NBO_-O|ar2_enthalpy_hartree|Ar1_I_C=O,0.939737178615068,0.7744708362854794,0.4567489995668655,0
5,sum_homo_hartree|Ar1_NBO_=O|Ar2_NBO_C2|ar2_enthalpy_hartree|Ar1_I_C=O,0.9475284777744944,0.7744558970910242,0.4262012373348198,0
5,Ar2_NBO_=O|Ar2_HOMO|Ar1_NBO_-O|Ar1_NBO_C2|Ar1_I_C=O,0.9539434780641889,0.774441835220824,0.399299203168975,0
5,Ar1_LUMO|Ar2_v_C=O|Ar2_HOMO|Ar2_NBO_-O|Ar2_I_C=O,0.9607553139987796,0.7744384207555857,0.36858979234271555,0
5,sum_homo_hartree|Ar1_v_C=O|Ar2_NBO_C2|Ar1_I_C=O|sum_enthalpy_hartree,0.9551082236953118,0.7743988058374661,0.39421783594096743,0
4,Ar2_NBO_=O|Ar2_HOMO|Ar1_HOMO|Entry,0.9085343922548709,0.7743973977644332,0.5627063118859376,0
5,sum_homo_hartree|Ar2_NBO_=O|Ar2_HOMO|Ar1_HOMO|Entry,0.9085343922548709,0.7743973977644332,0.5627063118859377,0
4,sum_homo_hartree|Ar2_NBO_=O|Ar1_HOMO|Entry,0.908534392254871,0.7743973977644326,0.5627063118859376,0
4,sum_homo_hartree|Ar2_NBO_=O|Ar2_HOMO|Entry,0.9085343922548709,0.7743973977644321,0.5627063118859378,0
5,Ar2_v_C=O|Entry|Ar2_I_C=O|ar2_enthalpy_hartree|Ar1_I_C=O,0.9555193281546033,0.7743865532132939,0.3924086242491683,0
5,Ar2_LUMO|prod_homo_hartree|Ar1_NBO_=O|Ar2_NBO_-O|ar2_enthalpy_hartree,0.947939537627471,0.7743002672227143,0.42452853300615734,0
4,Ar1_v_C=O|Ar2_HOMO|Entry|ar2_enthalpy_hartree,0.9183797319446487,0.7742936866188592,0.5315594982830205,0
5,Ar1_LUMO|prod_homo_hartree|sum_homo_hartree|Ar1_NBO_=O|Ar2_NBO_C2,0.9446034658459408,0.7742600951430578,0.4379193864452791,0
5,Ar2_v_C=O|Ar1_NBO_-O|Ar2_NBO_-O|Entry|Ar2_I_C=O,0.951776590902145,0.7742397195789671,0.40858444517471226,0
5,Ar1_LUMO|Ar1_v_C=O|Ar2_NBO_=O|Ar2_HOMO|Ar1_NBO_=O,0.9476114930792611,0.7742290494345904,0.42586395694569784,0
3,Ar2_v_C=O|Ar2_I_C=O|Ar1_I_C=O,0.9362259133823991,0.7742211955761287,0.46986705806532586,0
5,Ar2_LUMO|Ar1_NBO_=O|Ar2_NBO_C2|Ar2_I_C=O|ar2_enthalpy_hartree,0.952188657386535,0.7742119782713122,0.4068350337451723,0
5,Ar2_LUMO|sum_homo_hartree|Ar1_NBO_=O|Ar2_NBO_-O|ar2_enthalpy_hartree,0.9479167620015112,0.7741954147965803,0.4246213850993748,0
4,Ar1_LUMO|prod_homo_hartree|Ar1_v_C=O|Ar2_HOMO,0.9370958362244584,0.7741832812721143,0.46665139792041005,0
5,Ar1_LUMO|Ar2_LUMO|Entry|Ar2_I_C=O|ar2_enthalpy_hartree,0.949528387874314,0.774151711459885,0.418000174326947,0
5,Ar1_LUMO|prod_homo_hartree|Ar2_NBO_=O|Ar1_HOMO|sum_enthalpy_hartree,0.9451617198077005,0.7741253139171749,0.4357072510985196,0
5,Ar1_LUMO|Ar2_LUMO|Ar1_NBO_=O|Ar1_NBO_C2|Ar2_I_C=O,0.9441931462266195,0.7740888407511137,0.4395382188511447,0
5,Ar1_LUMO|Ar2_NBO_=O|Entry|ar2_enthalpy_hartree|Ar1_I_C=O,0.9601166691726558,0.7740412221064853,0.3715767954239696,0
5,Ar1_LUMO|Ar2_HOMO|Ar1_HOMO|Ar2_NBO_C2|sum_enthalpy_hartree,0.9420242770497984,0.7740383577136457,0.4479978821563645,0
5,Ar1_LUMO|sum_homo_hartree|Ar2_HOMO|Ar2_NBO_C2|sum_enthalpy_hartree,0.9420242770497984,0.7740383577136455,0.4479978821563646,0
5,Ar1_LUMO|sum_homo_hartree|Ar1_HOMO|Ar2_NBO_C2|sum_enthalpy_hartree,0.9420242770497984,0.7740383577136453,0.44799788215636444,0
5,Ar1_LUMO|Ar1_v_C=O|Ar2_I_C=O|Ar1_I_C=O|sum_enthalpy_hartree,0.977418096694534,0.7740321586955423,0.27959741135653376,0
4,Ar1_LUMO|Ar2_LUMO|sum_homo_hartree|Ar2_NBO_C2,0.9256245292027437,0.7740314263536003,0.5074201839143004,0
5,Ar1_LUMO|Ar2_NBO_=O|Ar1_NBO_-O|Ar1_NBO_C2|ar2_enthalpy_hartree,0.9434891647134231,0.7740161052245211,0.4423018315796035,0
4,Ar1_LUMO|sum_homo_hartree|Ar1_v_C=O|Ar2_NBO_C2,0.9317910050118983,0.7740131478149924,0.4859299862274798,0
4,Ar1_LUMO|Ar2_v_C=O|Ar1_NBO_-O|Ar2_NBO_C2,0.9370128145078636,0.7740101084117492,0.4669592426090489,0
5,Ar1_v_C=O|Ar2_NBO_C2|ar2_enthalpy_hartree|Ar1_I_C=O|sum_enthalpy_hartree,0.9500498132239794,0.7739959459879063,0.4158353758042197,0
4,Ar2_LUMO|prod_homo_hartree|Ar1_HOMO|Ar2_NBO_C2,0.9264886947566383,0.7739853675433448,0.5044637238921726,0
5,Ar2_NBO_=O|Ar1_NBO_-O|Ar2_NBO_-O|Ar2_I_C=O|ar2_enthalpy_hartree,0.9364403958367481,0.773953509864697,0.4690762735844939,0
5,Ar2_LUMO|prod_homo_hartree|Ar1_NBO_-O|Ar1_NBO_C2|sum_enthalpy_hartree,0.9405969949910189,0.7739343120701365,0.453478897414154,0
5,Ar1_LUMO|sum_homo_hartree|Ar2_NBO_=O|Ar1_NBO_C2|sum_enthalpy_hartree,0.9450015533059605,0.7739160159389135,0.4363430735964128,0
5,Ar1_LUMO|prod_homo_hartree|Ar2_v_C=O|Ar2_NBO_=O|Ar2_I_C=O,0.9650392041554396,0.7738935728235017,0.34789126915826946,0
3,Ar2_NBO_=O|Ar1_HOMO|sum_enthalpy_hartree,0.8967076874440123,0.7737804456969987,0.5979802973849041,0
3,Ar2_LUMO|prod_homo_hartree|ar2_enthalpy_hartree,0.9003740986235315,0.7737315975199914,0.5872716096519356,0
5,prod_homo_hartree|Ar2_NBO_=O|Ar2_HOMO|Entry|sum_enthalpy_hartree,0.9166407636224495,0.7737213580751278,0.5371922496507036,0
5,sum_homo_hartree|Ar1_NBO_=O|Ar1_NBO_C2|Entry|Ar1_I_C=O,0.9415466501072159,0.7737213543773689,0.44983948886242875,0
3,Ar2_HOMO|Ar1_NBO_C2|Entry,0.895180153089745,0.7737101880292675,0.6023856741800852,0
3,Ar2_LUMO|sum_homo_hartree|ar2_enthalpy_hartree,0.9014725065949225,0.7736713697606244,0.5840252064188551,0
5,Ar1_LUMO|prod_homo_hartree|Ar2_v_C=O|Ar2_NBO_C2|Ar2_I_C=O,0.9640452800480654,0.7736594787736663,0.3528018304124494,0
4,Ar2_LUMO|Ar2_v_C=O|Ar1_HOMO|ar2_enthalpy_hartree,0.9355307643396065,0.7736567913511585,0.4724209353224656,0
5,Ar2_LUMO|Ar2_v_C=O|Ar1_NBO_=O|Ar2_NBO_C2|Ar1_I_C=O,0.95091509923338,0.7735369264179189,0.4122178873158981,0
4,Ar1_v_C=O|Ar2_HOMO|Ar2_NBO_C2|Ar2_I_C=O,0.9488698887958966,0.7735206405932961,0.4207181451562766,0
5,Ar2_LUMO|Ar1_NBO_=O|Ar2_NBO_C2|ar2_enthalpy_hartree|Ar1_I_C=O,0.9509609170994543,0.7735060469248776,0.41202545182982886,0
4,Ar1_LUMO|Ar2_LUMO|Ar2_NBO_C2|Entry,0.9162135366582954,0.7734840017019288,0.5385670805444376,0
4,Ar1_LUMO|Ar1_NBO_=O|Ar2_NBO_-O|sum_enthalpy_hartree,0.9174124984974638,0.7734511210461433,0.5346998205255489,0
5,Ar2_NBO_=O|Ar1_NBO_=O|Ar1_NBO_-O|Ar2_I_C=O|ar2_enthalpy_hartree,0.9364451588658461,0.7734508801290768,0.46905869743822687,0
5,Ar2_LUMO|Ar1_v_C=O|Ar2_v_C=O|Ar1_HOMO|Ar1_I_C=O,0.9692708908024182,0.7734445889876491,0.3261578681783901,0
4,Ar1_NBO_=O|Ar2_NBO_-O|Entry|Ar1_I_C=O,0.9318718082508315,0.7733822313361455,0.4856420744033887,0
5,Ar2_LUMO|prod_homo_hartree|sum_homo_hartree|Ar2_NBO_=O|Ar1_NBO_=O,0.9424250543521404,0.7733722377855939,0.44644672637442834,0
4,sum_homo_hartree|Ar1_NBO_=O|Ar2_NBO_C2|sum_enthalpy_hartree,0.9087832346745841,0.773329852637733,0.5619403378109693,0
5,Ar2_LUMO|Ar2_HOMO|Ar1_HOMO|Ar2_NBO_-O|Entry,0.9632332605733221,0.7733132599786504,0.3567635141052983,0
5,Ar2_LUMO|sum_homo_hartree|Ar2_HOMO|Ar2_NBO_-O|Entry,0.9632332605733221,0.7733132599786503,0.3567635141052984,0
5,Ar2_LUMO|sum_homo_hartree|Ar1_HOMO|Ar2_NBO_-O|Entry,0.963233260573322,0.7733132599786495,0.35676351410529855,0
5,Ar1_LUMO|Ar2_NBO_=O|Ar1_NBO_C2|Ar2_I_C=O|Ar1_I_C=O,0.9440718407322085,0.7733016759774742,0.4400156643142692,0
5,Ar2_LUMO|prod_homo_hartree|Entry|ar2_enthalpy_hartree|Ar1_I_C=O,0.9337806549682477,0.7732097838989748,0.4787902687190884,0
5,Ar2_LUMO|prod_homo_hartree|Ar1_NBO_=O|Ar1_I_C=O|sum_enthalpy_hartree,0.9580406932928248,0.7732038793869833,0.3811246392878166,0
3,Ar1_LUMO|Entry|sum_enthalpy_hartree,0.8811484586554031,0.7731911561332669,0.6414388844751042,0
5,Ar2_LUMO|Ar2_NBO_-O|Entry|ar2_enthalpy_hartree|sum_enthalpy_hartree,0.9421797359148648,0.7731741665494796,0.4473968375381736,0
5,Ar1_NBO_=O|Ar1_HOMO|Ar2_NBO_C2|Entry|Ar2_I_C=O,0.9468055750451174,0.7731605099671104,0.42912709204750876,0
5,Ar2_LUMO|sum_homo_hartree|Ar1_NBO_=O|Ar1_NBO_-O|ar2_enthalpy_hartree,0.9470481685064513,0.7731490442707688,0.4281474556553566,0
5,Ar2_NBO_=O|Ar1_NBO_=O|Ar2_NBO_-O|Ar2_I_C=O|ar2_enthalpy_hartree,0.9364457801241202,0.7731447233721696,0.46905640487243866,0
4,Ar1_LUMO|prod_homo_hartree|Ar1_NBO_C2|ar2_enthalpy_hartree,0.9253807645073692,0.7730642856910375,0.5082510354164235,0
4,prod_homo_hartree|Ar1_NBO_=O|Ar2_NBO_C2|ar2_enthalpy_hartree,0.9142034144583282,0.7730471906978716,0.5449891758284228,0
5,Ar1_v_C=O|Ar1_NBO_=O|Ar2_NBO_-O|Ar2_I_C=O|Ar1_I_C=O,0.959604753309077,0.7730212037452445,0.37395384827483347,0
5,Ar2_LUMO|Ar1_NBO_=O|Ar2_NBO_C2|Ar1_NBO_C2|Ar2_I_C=O,0.9438673263251094,0.7729990883128549,0.4408194403279318,0
4,Ar2_LUMO|Ar2_v_C=O|Ar1_HOMO|Ar2_NBO_-O,0.9328731366557322,0.7729850606491747,0.4820599502395969,0
4,Ar1_v_C=O|Ar1_HOMO|ar2_enthalpy_hartree|sum_enthalpy_hartree,0.9315455275314806,0.7729727923470001,0.4868036080845022,0
5,prod_homo_hartree|sum_homo_hartree|Ar1_NBO_C2|ar2_enthalpy_hartree|Ar1_I_C=O,0.939079268572392,0.7729720059982274,0.4592354748819566,0
5,Ar1_LUMO|Ar2_LUMO|Ar1_NBO_=O|Ar1_NBO_-O|Ar2_I_C=O,0.9545820626016612,0.7728892783194311,0.3965213518615935,0
5,Ar2_LUMO|Ar1_NBO_-O|Entry|Ar2_I_C=O|sum_enthalpy_hartree,0.9451740031865592,0.7728596265122176,0.4356584507263026,0
5,Ar1_v_C=O|Ar2_v_C=O|Ar2_I_C=O|ar2_enthalpy_hartree|Ar1_I_C=O,0.9535404454499181,0.7728427378509022,0.40104249660631736,0
5,Ar1_NBO_=O|Ar1_NBO_-O|Ar2_NBO_-O|Ar2_I_C=O|sum_enthalpy_hartree,0.9364423302861806,0.7728397406290703,0.46906913531445965,0
5,Ar1_LUMO|Ar2_LUMO|Ar2_HOMO|Ar1_NBO_C2|sum_enthalpy_hartree,0.9409961307304101,0.7728340474892299,0.4519528407763764,0
4,sum_homo_hartree|Ar1_v_C=O|Ar2_NBO_=O|sum_enthalpy_hartree,0.9187848442434987,0.7728298686447732,0.5302386917864302,0
4,Ar1_LUMO|Ar2_NBO_=O|Ar1_NBO_-O|Ar1_NBO_C2,0.9281320600200988,0.7727737969537039,0.4987931408901571,0
5,prod_homo_hartree|sum_homo_hartree|Ar2_NBO_-O|Ar1_NBO_C2|ar2_enthalpy_hartree,0.9252552751690738,0.7727504476665238,0.508678226160334,0
5,Ar2_LUMO|Ar1_v_C=O|Ar2_HOMO|Ar1_NBO_-O|Ar2_NBO_C2,0.9507161298732139,0.772721905559618,0.41305252056117775,0
4,Ar1_LUMO|Ar2_v_C=O|Ar1_NBO_C2|Ar1_I_C=O,0.9398344533783171,0.7726392497556757,0.4563802141882942,0
5,Ar1_LUMO|Ar1_v_C=O|Ar1_NBO_=O|Ar2_NBO_-O|Ar1_I_C=O,0.9624162163536496,0.7726264360042484,0.3607057987673022,0
4,Ar2_LUMO|Ar2_NBO_=O|Ar2_NBO_C2|Ar1_NBO_C2,0.9234155025142984,0.7725771511860109,0.5149004934078086,0
5,Ar2_LUMO|Ar2_NBO_=O|Ar1_NBO_C2|Entry|Ar2_I_C=O,0.9365784330641312,0.7724871564966045,0.46856663241432456,0
4,prod_homo_hartree|Ar2_HOMO|Ar2_NBO_C2|ar2_enthalpy_hartree,0.9119870956501297,0.7724143423409799,0.5519834426119451,0
5,prod_homo_hartree|sum_homo_hartree|Ar1_NBO_=O|Ar2_NBO_C2|ar2_enthalpy_hartree,0.9328991152829136,0.7724107478932896,0.48196666070552185,0
5,Ar2_LUMO|Ar2_NBO_=O|Ar1_NBO_=O|Ar2_NBO_C2|ar2_enthalpy_hartree,0.9428923216190226,0.7723963615187648,0.4446313974565014,0
5,Ar2_LUMO|Ar2_NBO_=O|Ar1_HOMO|Ar1_NBO_C2|sum_enthalpy_hartree,0.9469928232425524,0.7723675807647287,0.4283711471192569,0
4,Ar1_LUMO|Ar1_v_C=O|Ar1_HOMO|Ar2_NBO_-O,0.9190759936868124,0.7723662263347908,0.5292874080901034,0
4,Ar1_LUMO|sum_homo_hartree|Ar2_NBO_C2|Ar2_I_C=O,0.9494039363702107,0.7723456872595954,0.41851520366586104,0
5,Ar1_LUMO|Ar2_LUMO|Ar2_v_C=O|Ar1_HOMO|Ar2_I_C=O,0.9660808170692254,0.7723243848504504,0.34266959045931855,0
5,Ar1_LUMO|sum_homo_hartree|Ar1_v_C=O|Ar2_NBO_=O|Ar1_NBO_=O,0.9481174800924351,0.7723132616306236,0.4238023935234306,0
5,prod_homo_hartree|sum_homo_hartree|Ar2_v_C=O|Ar2_HOMO|Ar2_NBO_C2,0.9712656939239144,0.7723058608142999,0.31539385773592293,0
5,prod_homo_hartree|sum_homo_hartree|Ar2_v_C=O|Ar1_HOMO|Ar2_NBO_C2,0.9712656939239145,0.7723058608142979,0.3153938577359225,0
5,prod_homo_hartree|Ar2_v_C=O|Ar2_HOMO|Ar1_HOMO|Ar2_NBO_C2,0.971265693923914,0.772305860814294,0.31539385773592454,0
5,Ar1_LUMO|Ar1_NBO_=O|Ar1_NBO_-O|Ar2_NBO_-O|Ar2_I_C=O,0.9550467786719602,0.7722585956976262,0.39448753390307567,0
5,Ar1_LUMO|prod_homo_hartree|Ar1_HOMO|Ar2_NBO_C2|sum_enthalpy_hartree,0.9427321698925898,0.7722583309383187,0.44525441903506613,0
3,Ar1_LUMO|prod_homo_hartree|sum_enthalpy_hartree,0.9027455132281612,0.7722426111997542,0.5802400443437892,0
4,Ar1_LUMO|Ar2_NBO_=O|Ar1_NBO_-O|Entry,0.9344524241378561,0.7722325736001033,0.4763555087250337,0
5,Ar2_LUMO|prod_homo_hartree|Ar2_v_C=O|Ar1_HOMO|Ar1_NBO_C2,0.9457489684237298,0.7721452252118841,0.4333680349637458,0
4,Ar1_v_C=O|Ar1_NBO_C2|ar2_enthalpy_hartree|sum_enthalpy_hartree,0.9308058847142741,0.772133736181902,0.48942647109379933,0
5,Ar2_LUMO|sum_homo_hartree|Ar1_v_C=O|Ar2_NBO_=O|Ar2_HOMO,0.9497449873535717,0.772068210802638,0.4171022837887259,0
5,Ar2_LUMO|Ar1_v_C=O|Ar2_NBO_=O|Ar2_HOMO|Ar1_HOMO,0.9497449873535717,0.7720682108026371,0.4171022837887258,0
5,Ar2_LUMO|sum_homo_hartree|Ar1_v_C=O|Ar2_NBO_=O|Ar1_HOMO,0.9497449873535717,0.7720682108026371,0.417102283788726,0
5,Ar2_LUMO|Ar2_v_C=O|Ar1_NBO_=O|Ar1_NBO_-O|Ar1_I_C=O,0.9631127125468242,0.7720463275578229,0.35734790020739693,0
5,Ar2_NBO_=O|Ar1_NBO_=O|Ar1_NBO_-O|Ar2_NBO_-O|Ar1_I_C=O,0.9359548426561028,0.771970050548197,0.4708645803761358,0
5,Ar1_LUMO|Ar2_NBO_-O|Ar1_NBO_C2|Ar2_I_C=O|ar2_enthalpy_hartree,0.935458502930988,0.7719608685810149,0.4726856215815395,0
5,Ar2_LUMO|Ar2_NBO_=O|Ar1_NBO_-O|Ar2_NBO_-O|Ar2_I_C=O,0.9550419084939632,0.7719529827037404,0.394508902477095,0
3,Ar1_LUMO|Ar2_HOMO|Ar1_NBO_-O,0.907565518005184,0.7718836634863055,0.5656787705676347,0
4,Ar1_NBO_=O|Ar1_NBO_-O|Ar2_NBO_-O|Ar1_I_C=O,0.9328781687957087,0.7718770327744133,0.48204188117983715,0
4,Ar2_LUMO|Ar2_v_C=O|Ar1_NBO_-O|Ar2_NBO_-O,0.9411497932429145,0.7718359410894036,0.45136395156875975,0
5,prod_homo_hartree|sum_homo_hartree|Ar2_v_C=O|Ar2_NBO_=O|Ar2_HOMO,0.9732153372876771,0.7718186251491024,0.3045060778190995,0
5,prod_homo_hartree|sum_homo_hartree|Ar2_v_C=O|Ar2_NBO_=O|Ar1_HOMO,0.9732153372876772,0.7718186251490997,0.30450607781909894,0
5,prod_homo_hartree|Ar2_v_C=O|Ar2_NBO_=O|Ar2_HOMO|Ar1_HOMO,0.9732153372876767,0.7718186251490926,0.30450607781910105,0
5,Ar1_LUMO|Ar2_NBO_=O|Ar1_NBO_-O|Ar2_NBO_-O|Ar2_I_C=O,0.9550301355119424,0.771791670228347,0.394560553270515,0
5,Ar1_LUMO|Ar2_NBO_-O|Ar1_NBO_C2|ar2_enthalpy_hartree|sum_enthalpy_hartree,0.9327897450920031,0.7717891781469997,0.4823592883420888,0
5,Ar2_LUMO|prod_homo_hartree|Ar2_HOMO|Ar1_NBO_C2|sum_enthalpy_hartree,0.9452279229689943,0.7717665255638817,0.43544416928437496,0
4,Ar2_NBO_=O|Ar2_I_C=O|Ar1_I_C=O|sum_enthalpy_hartree,0.8803582162353183,0.7717370562353644,0.6435678111185198,0
5,Ar2_LUMO|sum_homo_hartree|Ar1_v_C=O|Ar2_HOMO|Ar2_I_C=O,0.9695477566898348,0.7717318986333711,0.3246852203499222,0
5,Ar2_LUMO|Ar1_v_C=O|Ar2_HOMO|Ar1_HOMO|Ar2_I_C=O,0.9695477566898348,0.7717318986333705,0.32468522034992214,0
5,Ar2_LUMO|sum_homo_hartree|Ar1_v_C=O|Ar1_HOMO|Ar2_I_C=O,0.9695477566898348,0.7717318986333703,0.3246852203499224,0
5,Ar2_LUMO|prod_homo_hartree|Ar2_NBO_C2|Ar1_NBO_C2|sum_enthalpy_hartree,0.9425070882332239,0.7717283280132773,0.44612856009473423,0
3,Ar2_v_C=O|Ar1_HOMO|Ar2_I_C=O,0.9249069115523183,0.7717274868923902,0.5098622494573212,0
5,Ar2_LUMO|Ar1_NBO_=O|Ar1_NBO_-O|Ar2_NBO_-O|Ar2_I_C=O,0.9549620048630935,0.7716147003809228,0.3948593254915324,0
4,prod_homo_hartree|Ar1_v_C=O|Ar2_NBO_=O|sum_enthalpy_hartree,0.9209628247161504,0.7715209925894578,0.5230805596880217,0
5,Ar2_LUMO|prod_homo_hartree|sum_homo_hartree|Ar2_NBO_-O|Ar1_NBO_C2,0.9320228274218497,0.7715054658897537,0.48510351649917,0
5,Ar1_LUMO|Ar1_v_C=O|Ar2_v_C=O|Ar2_NBO_C2|Entry,0.949789455736334,0.771481589194333,0.4169177054960651,0
5,Ar2_v_C=O|Ar1_NBO_-O|Entry|Ar2_I_C=O|Ar1_I_C=O,0.9568307890293191,0.7713713440513709,0.386580487948167,0
5,Ar2_LUMO|Ar1_NBO_=O|Ar2_I_C=O|ar2_enthalpy_hartree|sum_enthalpy_hartree,0.9516458120149527,0.7713326159470466,0.40913809786676925,0
4,Ar1_LUMO|Ar2_LUMO|sum_homo_hartree|Ar2_HOMO,0.9123646272283753,0.7713042303236572,0.5507983031371999,0
5,Ar1_LUMO|prod_homo_hartree|sum_homo_hartree|Ar1_NBO_=O|ar2_enthalpy_hartree,0.9407984967831795,0.7712367716387971,0.4527091179023328,0
5,Ar2_LUMO|prod_homo_hartree|Ar1_NBO_=O|Ar1_NBO_-O|ar2_enthalpy_hartree,0.9470586069728569,0.7711851887326786,0.4281052529308884,0
5,Ar1_LUMO|Ar2_v_C=O|Ar1_NBO_=O|Ar1_HOMO|Ar2_NBO_-O,0.9440554665672523,0.7711849010835986,0.4400800715994004,0
5,Ar1_LUMO|Ar2_LUMO|Ar2_NBO_C2|Ar1_NBO_C2|Entry,0.9165942385772747,0.7711424400320666,0.5373421395035787,0
5,Ar1_LUMO|sum_homo_hartree|Ar2_NBO_=O|Entry|Ar2_I_C=O,0.9639252426693967,0.7711410746526065,0.353390266634816,0
5,Ar1_LUMO|Ar1_v_C=O|Ar2_v_C=O|Ar1_NBO_-O|Ar1_NBO_C2,0.9502139519350287,0.7711360835282094,0.41515158609931246,0
5,Ar2_LUMO|Ar1_v_C=O|Ar2_v_C=O|Ar1_NBO_-O|Ar2_NBO_C2,0.9515956722101313,0.7711313189189808,0.40935016625288434,0
4,Ar2_HOMO|Ar1_NBO_=O|Ar1_NBO_-O|Ar1_I_C=O,0.9092147764131056,0.771116039988915,0.5606095067709597,0
5,Ar1_LUMO|Ar1_NBO_=O|Ar2_NBO_C2|Ar1_NBO_C2|Ar2_I_C=O,0.9427973208580516,0.7711043591999102,0.44500107426542374,0
5,prod_homo_hartree|sum_homo_hartree|Ar1_NBO_=O|Ar1_NBO_-O|ar2_enthalpy_hartree,0.9260799466441072,0.7710648955856059,0.5058642755125988,0
3,Ar1_LUMO|Ar1_v_C=O|sum_enthalpy_hartree,0.8727136245668691,0.7710523250903386,0.6638100669621084,0
5,Ar1_LUMO|prod_homo_hartree|sum_homo_hartree|Ar2_NBO_=O|Ar2_HOMO,0.9452928139577864,0.7710413437201153,0.43518614751155044,0
5,Ar1_LUMO|prod_homo_hartree|sum_homo_hartree|Ar2_NBO_=O|Ar1_HOMO,0.9452928139577864,0.7710413437201142,0.4351861475115503,0
5,Ar1_LUMO|prod_homo_hartree|Ar2_NBO_=O|Ar2_HOMO|Ar1_HOMO,0.9452928139577862,0.7710413437201119,0.4351861475115512,0
4,Ar2_LUMO|Ar2_NBO_=O|Ar1_HOMO|Ar2_NBO_-O,0.9317018772227883,0.7709795449662039,0.48624736171785055,0
5,Ar2_LUMO|Ar2_v_C=O|Ar2_NBO_C2|Ar2_I_C=O|sum_enthalpy_hartree,0.9432328268396156,0.770943618726293,0.44330385559386876,0
5,Ar1_LUMO|Ar2_NBO_=O|Ar1_NBO_=O|Ar2_NBO_C2|Ar1_NBO_C2,0.9306262572530397,0.770925393883569,0.4900613332617631,0
5,Ar1_LUMO|sum_homo_hartree|Ar2_v_C=O|Ar2_I_C=O|Ar1_I_C=O,0.9690189375447255,0.770911941948655,0.32749225081576244,0
5,Ar2_LUMO|Ar2_NBO_=O|Ar1_NBO_=O|Ar1_NBO_-O|Ar2_I_C=O,0.9550217156306453,0.7708643615671374,0.39459748908931913,0
5,Ar2_v_C=O|Ar1_NBO_C2|Ar2_I_C=O|Ar1_I_C=O|sum_enthalpy_hartree,0.9517295890266741,0.7708602752387388,0.40878351403364543,0
5,Ar1_LUMO|Ar1_NBO_=O|Ar1_HOMO|Ar2_NBO_C2|sum_enthalpy_hartree,0.9304382124522474,0.7708357635325163,0.49072506509109015,0
5,Ar1_LUMO|Ar2_NBO_=O|Ar1_NBO_=O|Ar1_NBO_-O|Ar2_I_C=O,0.9550299899817947,0.7708289779142334,0.39456119170260506,0
5,Ar1_LUMO|Ar2_NBO_=O|Ar1_NBO_=O|Ar2_NBO_-O|Ar2_I_C=O,0.9550428445249244,0.7707453947002436,0.3945047956027051,0
5,Ar1_LUMO|Ar1_v_C=O|Ar2_v_C=O|Ar1_HOMO|Ar1_NBO_C2,0.9495668420441388,0.7707271275837404,0.4178409074456789,0
5,Ar2_LUMO|Ar1_HOMO|Ar2_NBO_-O|Entry|Ar2_I_C=O,0.9563283544178824,0.7707139339593083,0.38882363215249843,0
5,Ar2_NBO_=O|Ar1_NBO_-O|Ar2_NBO_-O|Ar2_I_C=O|sum_enthalpy_hartree,0.9364082955443354,0.7706748409953791,0.4691947103263292,0
5,Ar2_LUMO|sum_homo_hartree|Ar1_v_C=O|Ar2_I_C=O|sum_enthalpy_hartree,0.9752257675867615,0.7705838628632636,0.2928552258676477,0
3,Ar1_v_C=O|Ar2_NBO_C2|Ar1_NBO_C2,0.9167100609425685,0.7705816700557659,0.5369689167322248,0
4,Ar1_LUMO|Ar2_v_C=O|ar2_enthalpy_hartree|Ar1_I_C=O,0.9659956884252188,0.7705577878580693,0.3430993283689445,0
5,Ar2_LUMO|Ar1_NBO_=O|Ar2_I_C=O|ar2_enthalpy_hartree|Ar1_I_C=O,0.9523407964549975,0.770510113250111,0.4061872290912101,0
5,prod_homo_hartree|Ar2_NBO_=O|Ar1_NBO_C2|Entry|Ar2_I_C=O,0.9596353316635235,0.7704667152698338,0.37381228386974774,0
3,Ar1_NBO_=O|Ar2_NBO_-O|sum_enthalpy_hartree,0.8792200049198976,0.7704570166819119,0.6466218537079196,0
5,prod_homo_hartree|sum_homo_hartree|Ar1_v_C=O|Ar1_HOMO|Ar1_NBO_-O,0.9649704770789933,0.7704553325475234,0.34823304929034177,0
5,prod_homo_hartree|sum_homo_hartree|Ar1_v_C=O|Ar2_HOMO|Ar1_NBO_-O,0.9649704770789933,0.7704553325475226,0.3482330492903422,0
5,prod_homo_hartree|Ar1_v_C=O|Ar2_HOMO|Ar1_HOMO|Ar1_NBO_-O,0.9649704770789929,0.7704553325475194,0.34823304929034427,0
5,Ar2_LUMO|Ar2_NBO_=O|Ar1_NBO_=O|Ar2_NBO_C2|Ar1_I_C=O,0.9432745655506682,0.7704259968007033,0.4431408535199534,0
5,Ar2_LUMO|Ar2_NBO_=O|Ar1_NBO_=O|Ar2_NBO_-O|Ar2_I_C=O,0.9550000845490766,0.770408175961524,0.394692363144678,0
3,Ar1_LUMO|Ar2_NBO_C2|Ar2_I_C=O,0.8825859281255102,0.770340341864816,0.6375480903007916,0
5,Ar2_LUMO|Ar1_NBO_=O|Ar2_NBO_-O|Ar1_I_C=O|sum_enthalpy_hartree,0.9584077851129363,0.7703075426989756,0.37945379318466793,0
3,Ar1_v_C=O|Ar1_NBO_-O|Ar1_I_C=O,0.8679582513885475,0.7702729269505308,0.6760962202053927,0
5,Ar1_v_C=O|Ar2_HOMO|Ar1_NBO_=O|Ar1_NBO_C2|Ar1_I_C=O,0.9398186396050243,0.7702039602499864,0.4564401872083943,0
5,Ar1_LUMO|Ar2_NBO_=O|Ar2_NBO_C2|Ar1_NBO_C2|sum_enthalpy_hartree,0.9411490067125147,0.7701702087099004,0.4513669677882661,0
5,Ar1_LUMO|prod_homo_hartree|Ar1_v_C=O|Entry|sum_enthalpy_hartree,0.9224928802005956,0.7701655378596131,0.5179927410711053,0
5,Ar2_NBO_=O|Ar1_NBO_=O|Ar1_NBO_-O|Ar2_I_C=O|sum_enthalpy_hartree,0.9364192472565589,0.7701627203585084,0.46915430641874584,0
5,Ar2_LUMO|Ar2_NBO_=O|Entry|Ar2_I_C=O|sum_enthalpy_hartree,0.9417368637896999,0.7701616127298616,0.4491069786696073,0
5,Ar2_v_C=O|Ar2_NBO_=O|Ar1_NBO_-O|Ar2_I_C=O|ar2_enthalpy_hartree,0.9579767401218074,0.7701488094651389,0.3814149783166463,0
5,Ar2_LUMO|Ar1_v_C=O|Ar1_NBO_=O|Ar2_NBO_-O|Ar2_NBO_C2,0.9473842873753634,0.7700825366084845,0.4267864306285693,0
5,prod_homo_hartree|Ar1_v_C=O|Ar2_NBO_=O|Entry|Ar1_I_C=O,0.9526101882164458,0.770074057304746,0.40503762364748536,0
4,Ar1_LUMO|prod_homo_hartree|Ar2_NBO_=O|Ar2_NBO_-O,0.9359484079548708,0.7700527937602073,0.4708882339740119,0
4,Ar1_LUMO|Ar2_NBO_=O|Ar1_NBO_=O|Ar1_NBO_C2,0.927959556600245,0.7700378022271265,0.4993914045407618,0
5,Ar2_NBO_=O|Ar1_NBO_=O|Ar2_NBO_-O|Ar2_I_C=O|sum_enthalpy_hartree,0.9364429939628105,0.7700312746310066,0.46906668627064607,0
5,Ar1_v_C=O|Ar2_NBO_=O|Ar1_HOMO|Ar2_I_C=O|ar2_enthalpy_hartree,0.941341396062317,0.7699839239549275,0.4506285836134991,0
5,sum_homo_hartree|Ar1_v_C=O|Ar2_NBO_=O|Entry|Ar1_I_C=O,0.9512389202097185,0.7699777133157386,0.41085590347748807,0
5,Ar2_LUMO|Ar2_v_C=O|Ar2_HOMO|Ar2_I_C=O|sum_enthalpy_hartree,0.9403938797126895,0.7699759823609209,0.45425352060603813,0
5,Ar1_NBO_=O|Ar2_NBO_-O|ar2_enthalpy_hartree|Ar1_I_C=O|sum_enthalpy_hartree,0.9358640232919306,0.7699553402959372,0.47119831733653494,0
5,Ar2_LUMO|Ar1_v_C=O|Ar2_v_C=O|Ar1_NBO_-O|Ar2_NBO_-O,0.9490956937232139,0.7698913269731303,0.419788112469888,0
5,Ar1_LUMO|Ar2_LUMO|Ar2_NBO_=O|Ar1_NBO_=O|Ar1_NBO_C2,0.9306262572530397,0.7698757316608064,0.49006133326176304,0
5,Ar2_v_C=O|Ar1_HOMO|Ar1_NBO_C2|Ar2_I_C=O|ar2_enthalpy_hartree,0.9563681492335103,0.7698497270223331,0.38864643833431073,0
3,Ar1_LUMO|prod_homo_hartree|Ar1_v_C=O,0.9010248089530422,0.769842002205734,0.5853505743587802,0
5,Ar1_LUMO|Ar2_LUMO|Ar1_HOMO|Ar2_NBO_C2|ar2_enthalpy_hartree,0.9459430960921498,0.7698052926513729,0.43259197487213064,0
5,Ar1_LUMO|Ar1_NBO_=O|Ar2_NBO_C2|Entry|Ar1_I_C=O,0.9366081544924119,0.7697671725765347,0.4684568266951066,0
5,Ar2_LUMO|Ar1_NBO_=O|Ar1_NBO_C2|Ar1_I_C=O|sum_enthalpy_hartree,0.9517315099720742,0.7697609097288736,0.4087753800794525,0
5,Ar1_LUMO|Ar2_NBO_=O|Ar1_HOMO|Ar2_NBO_-O|Ar2_I_C=O,0.9566950988954103,0.7697208568260082,0.3871875641743094,0
5,Ar1_LUMO|Ar1_v_C=O|Ar2_v_C=O|Ar2_HOMO|Ar2_I_C=O,0.9674053236114046,0.7697154265018356,0.33591253566733326,0
4,Ar2_LUMO|Ar2_v_C=O|Ar1_NBO_=O|Ar1_NBO_C2,0.9346384664709577,0.7697087640918725,0.47567901335379575,0
5,Ar2_LUMO|sum_homo_hartree|Ar2_v_C=O|Entry|ar2_enthalpy_hartree,0.9352556638971538,0.7696941675162221,0.47342780983106925,0
4,Ar1_LUMO|Ar2_v_C=O|Ar2_NBO_=O|Ar2_NBO_C2,0.9378215456682372,0.7696777898488484,0.4639517694645346,0
5,Ar1_LUMO|sum_homo_hartree|Ar2_NBO_=O|Ar2_I_C=O|ar2_enthalpy_hartree,0.9602599153638175,0.7696404945421982,0.37090891189369674,0
4,Ar2_LUMO|sum_homo_hartree|Ar1_NBO_=O|Ar2_NBO_-O,0.9373648890937044,0.7696119684407203,0.46565235086006396,0
5,Ar1_LUMO|Ar1_v_C=O|Ar2_NBO_-O|Ar1_I_C=O|sum_enthalpy_hartree,0.9723711217810794,0.7695880125266576,0.3092676544275707,0
4,Ar1_HOMO|Ar2_NBO_C2|Entry|ar2_enthalpy_hartree,0.9214757976698466,0.7695803564650536,0.5213803282778736,0
5,Ar1_LUMO|prod_homo_hartree|Ar1_v_C=O|Ar2_NBO_=O|Ar1_NBO_=O,0.9485745846807312,0.7695342274437069,0.4219313336746027,0
5,Ar1_LUMO|prod_homo_hartree|Ar2_v_C=O|Ar1_HOMO|Ar2_I_C=O,0.9672026036577704,0.7695083646805538,0.33695550693608495,0
4,Ar2_NBO_=O|Ar1_NBO_=O|Ar2_NBO_-O|Ar1_I_C=O,0.9327686739184542,0.7694986825100358,0.48243489495743197,0
4,Ar1_v_C=O|Ar2_NBO_=O|Ar1_NBO_C2|sum_enthalpy_hartree,0.9148670222986112,0.7694823118966724,0.5428774301609857,0
5,Ar1_LUMO|Ar2_HOMO|Ar1_NBO_C2|Ar1_I_C=O|sum_enthalpy_hartree,0.950818826333452,0.7694097929489985,0.412621942030919,0
4,Ar2_LUMO|Ar1_NBO_=O|Ar1_HOMO|Ar2_I_C=O,0.9431040284578429,0.7693828717481938,0.44380647415110797,0
4,Ar2_LUMO|prod_homo_hartree|Ar1_NBO_=O|Ar2_NBO_-O,0.9380102572208274,0.7693527331592941,0.46324718785706087,0
3,Ar1_HOMO|Ar2_NBO_-O|Ar2_NBO_C2,0.8931006060991042,0.7692631538856172,0.6083317670572423,0
5,sum_homo_hartree|Ar2_NBO_=O|Ar1_NBO_-O|Ar1_NBO_C2|Ar1_I_C=O,0.9603396625728338,0.7692575594001138,0.37053656990113715,0
4,Ar2_LUMO|Ar2_NBO_C2|Ar1_NBO_C2|Entry,0.915062525665575,0.7691575640074559,0.5422537272707385,0
5,prod_homo_hartree|Ar2_v_C=O|Ar1_NBO_-O|Ar1_NBO_C2|Ar2_I_C=O,0.9620016708024874,0.7691539912989789,0.36268961872185657,0
4,Ar2_NBO_=O|Ar2_I_C=O|ar2_enthalpy_hartree|Ar1_I_C=O,0.8802864298526353,0.7691267402537874,0.6437608560387756,0
5,Ar1_LUMO|Ar2_v_C=O|Ar2_NBO_=O|Ar1_NBO_C2|Entry,0.9447730747083539,0.7691072309008917,0.43724847851140586,0
5,Ar2_v_C=O|Ar2_NBO_=O|Ar2_I_C=O|ar2_enthalpy_hartree|Ar1_I_C=O,0.9536030960060418,0.7691009310624161,0.4007720031434935,0
4,Ar1_LUMO|Ar1_v_C=O|Ar2_NBO_=O|Ar1_NBO_-O,0.9387451749835836,0.7690673066860203,0.46049299303021557,0
4,prod_homo_hartree|Ar1_v_C=O|Ar2_NBO_=O|Ar1_I_C=O,0.9485989081699355,0.7689288332113897,0.42183153811624424,0
5,Ar2_LUMO|prod_homo_hartree|Ar1_NBO_C2|Entry|Ar2_I_C=O,0.9686152623521073,0.7689268593229435,0.32961891522527187,0
5,prod_homo_hartree|sum_homo_hartree|Ar2_NBO_=O|Ar1_NBO_=O|Entry,0.9280358831404681,0.7689251427448192,0.49912678290720636,0
5,Ar2_LUMO|sum_homo_hartree|Ar2_v_C=O|Ar2_NBO_=O|Ar2_HOMO,0.9509892582106267,0.7688973705723393,0.411906373881283,0
5,Ar2_LUMO|Ar2_v_C=O|Ar2_NBO_=O|Ar2_HOMO|Ar1_HOMO,0.9509892582106267,0.7688973705723388,0.411906373881283,0
5,Ar2_LUMO|sum_homo_hartree|Ar2_v_C=O|Ar2_NBO_=O|Ar1_HOMO,0.9509892582106267,0.7688973705723383,0.4119063738812829,0
4,Ar1_LUMO|sum_homo_hartree|Ar2_NBO_C2|Ar1_NBO_C2,0.9256929923172476,0.7688806857178567,0.5071865883218131,0
5,Ar1_HOMO|Ar2_NBO_C2|Entry|ar2_enthalpy_hartree|sum_enthalpy_hartree,0.9249075623464599,0.7688615334135778,0.5098600400923134,0
5,Ar1_LUMO|Ar1_v_C=O|Ar2_NBO_C2|Ar2_I_C=O|ar2_enthalpy_hartree,0.9357015671401121,0.76884312610388,0.47179471156008546,0
4,Ar2_LUMO|prod_homo_hartree|Ar2_NBO_C2|Ar1_NBO_C2,0.9249557493094015,0.7687923581899908,0.5096964247515351,0
5,prod_homo_hartree|sum_homo_hartree|Ar1_NBO_=O|Ar2_NBO_C2|Ar2_I_C=O,0.9636131116717569,0.768728462845066,0.3549157999202791,0
5,Ar1_LUMO|Ar1_v_C=O|Ar2_v_C=O|Ar2_HOMO|Ar1_I_C=O,0.964852732921333,0.7687121745717184,0.34881781331578066,0
4,sum_homo_hartree|Ar1_NBO_=O|Ar2_NBO_C2|ar2_enthalpy_hartree,0.9106396755309271,0.7687103620069846,0.556192646872763,0
5,Ar1_LUMO|sum_homo_hartree|Ar2_NBO_=O|Ar2_NBO_C2|sum_enthalpy_hartree,0.946788158442838,0.7687083945652581,0.4291973374184105,0
4,Ar1_v_C=O|Ar1_NBO_-O|ar2_enthalpy_hartree|Ar1_I_C=O,0.9044010304816069,0.7687026040327378,0.5752802704867974,0
4,prod_homo_hartree|Ar1_NBO_C2|ar2_enthalpy_hartree|Ar1_I_C=O,0.9224078152257109,0.7686793073114365,0.5182769146820431,0
3,Ar1_v_C=O|Ar2_HOMO|sum_enthalpy_hartree,0.8984809689327876,0.7686319088003314,0.5928251317530202,0
5,Ar2_LUMO|sum_homo_hartree|Ar2_NBO_C2|Ar1_NBO_C2|sum_enthalpy_hartree,0.942400695588343,0.7686225919002496,0.4465411575566182,0
5,Ar1_LUMO|Ar2_NBO_=O|Ar2_NBO_C2|Entry|sum_enthalpy_hartree,0.9460932241661336,0.7686148242964683,0.43199085504132445,0
5,Ar2_LUMO|Ar1_NBO_-O|Ar2_NBO_C2|Ar2_I_C=O|sum_enthalpy_hartree,0.9476862137106297,0.7686068005785336,0.4255601481519981,0
5,Ar1_LUMO|Ar1_HOMO|Ar2_NBO_C2|Ar1_NBO_C2|ar2_enthalpy_hartree,0.9459819862378163,0.7685851052723267,0.432436337103106,0
5,Ar1_LUMO|Ar2_LUMO|Ar1_HOMO|Ar1_NBO_C2|ar2_enthalpy_hartree,0.9457279239319116,0.7685258600381395,0.43345208060802115,0
4,Ar2_LUMO|Ar2_HOMO|Ar1_NBO_-O|sum_enthalpy_hartree,0.9189753822201658,0.7684563094777421,0.5296163329862041,0
5,Ar2_LUMO|sum_homo_hartree|Ar1_NBO_=O|Ar2_NBO_-O|sum_enthalpy_hartree,0.9473860102284257,0.7684483026377426,0.42677944320702266,0
5,Ar2_LUMO|Ar2_NBO_=O|Ar1_NBO_=O|Ar2_NBO_C2|Ar1_NBO_C2,0.9306262572530397,0.7684419142854595,0.4900613332617629,0
5,Ar2_LUMO|sum_homo_hartree|Ar1_v_C=O|Entry|Ar2_I_C=O,0.9692564173041862,0.7684329815740102,0.32623466977992077,0
5,Ar1_LUMO|Ar2_LUMO|Ar2_NBO_=O|Ar2_NBO_C2|ar2_enthalpy_hartree,0.9420941854101941,0.7684122261343777,0.4477276979937299,0
4,Ar1_LUMO|Ar1_v_C=O|Entry|sum_enthalpy_hartree,0.8852735989844585,0.7683945153978488,0.6302089396260205,0
5,Ar1_LUMO|Ar2_LUMO|Ar1_v_C=O|Ar1_NBO_=O|Ar1_HOMO,0.950312779342142,0.7683931587193988,0.41473933470161917,0
5,Ar2_LUMO|Ar2_HOMO|Ar1_NBO_C2|ar2_enthalpy_hartree|sum_enthalpy_hartree,0.9339463388019401,0.7683614915843606,0.4781909159933623,0
4,Ar1_LUMO|Ar2_NBO_-O|Ar2_I_C=O|sum_enthalpy_hartree,0.9140990617198952,0.7683278208904718,0.5453205050430595,0
5,Ar2_LUMO|prod_homo_hartree|Ar1_NBO_=O|Ar2_NBO_-O|sum_enthalpy_hartree,0.947415628030403,0.7682646427429188,0.4266593035970273,0
5,Ar1_LUMO|Ar2_LUMO|Ar2_v_C=O|Ar2_HOMO|Ar2_I_C=O,0.9643147136691218,0.7682196537896753,0.35147745037872696,0
5,prod_homo_hartree|Ar1_v_C=O|Ar2_NBO_C2|Ar1_NBO_C2|ar2_enthalpy_hartree,0.9364328282197036,0.7682096701392436,0.46910419764092676,0
5,Ar1_LUMO|sum_homo_hartree|Ar2_NBO_=O|Ar2_NBO_C2|ar2_enthalpy_hartree,0.94873007752965,0.7681931071579452,0.42129296280934636,0
5,Ar1_LUMO|prod_homo_hartree|Ar2_v_C=O|Ar1_HOMO|Entry,0.9514255780943471,0.7681918839565774,0.4100687692815167,0
5,prod_homo_hartree|Ar1_v_C=O|Ar2_NBO_=O|Ar1_NBO_C2|Entry,0.922085239957296,0.7681644104088678,0.5193531178919022,0
4,Ar1_LUMO|prod_homo_hartree|Ar2_NBO_C2|Ar2_I_C=O,0.9512125921794852,0.7680913003916208,0.410966807162907,0
4,Ar2_NBO_=O|Ar1_NBO_=O|Ar1_NBO_-O|Ar1_I_C=O,0.9323789158362832,0.7680698497816434,0.48383127651148683,0
5,Ar2_LUMO|sum_homo_hartree|Entry|ar2_enthalpy_hartree|Ar1_I_C=O,0.9352538723615833,0.7680611939080877,0.4734343598781094,0
5,Ar1_LUMO|prod_homo_hartree|Ar1_v_C=O|Ar2_NBO_-O|Ar1_I_C=O,0.960555366813036,0.7680606932851214,0.36952756081788557,0
5,Ar1_LUMO|Ar1_NBO_=O|Ar2_NBO_-O|ar2_enthalpy_hartree|sum_enthalpy_hartree,0.9428140394245448,0.7680456796143539,0.44493603951665955,0
5,Ar1_v_C=O|Ar2_NBO_=O|Ar1_NBO_C2|Ar2_I_C=O|sum_enthalpy_hartree,0.9325235517783993,0.768003071567831,0.4833135618557355,0
5,Ar1_v_C=O|Ar2_HOMO|Ar2_NBO_C2|Ar1_NBO_C2|ar2_enthalpy_hartree,0.9349634039967187,0.7679939712429051,0.4744951477517647,0
5,Ar2_v_C=O|Ar2_HOMO|Ar1_NBO_=O|Ar1_NBO_-O|Ar2_I_C=O,0.9623014895747358,0.767946121343921,0.3612559174327275,0
5,Ar2_LUMO|sum_homo_hartree|Ar1_v_C=O|Ar2_HOMO|Ar2_NBO_C2,0.9498632773474844,0.7679126466307795,0.41661110796647366,0
5,Ar2_LUMO|Ar1_v_C=O|Ar2_HOMO|Ar1_HOMO|Ar2_NBO_C2,0.9498632773474845,0.7679126466307781,0.41661110796647355,0
5,Ar2_LUMO|sum_homo_hartree|Ar1_v_C=O|Ar1_HOMO|Ar2_NBO_C2,0.9498632773474845,0.767912646630778,0.41661110796647355,0
5,Ar2_LUMO|Ar2_v_C=O|Ar2_HOMO|Ar1_NBO_=O|Ar1_I_C=O,0.9524154970901948,0.7679065802712154,0.40586877703248636,0
4,Ar1_LUMO|Ar1_v_C=O|Ar2_v_C=O|Ar2_NBO_=O,0.9434341639597013,0.7678974297305036,0.44251702055749903,0
5,Ar1_LUMO|prod_homo_hartree|Ar1_v_C=O|Ar2_v_C=O|Ar1_NBO_C2,0.9493105491366266,0.7678553725305645,0.41890126096142477,0
5,Ar1_LUMO|Ar1_v_C=O|Ar2_HOMO|Ar1_I_C=O|sum_enthalpy_hartree,0.9549248232661727,0.767829684818812,0.3950222820282198,0
5,Ar2_LUMO|Ar1_v_C=O|Ar1_HOMO|Ar1_NBO_-O|Ar2_I_C=O,0.9556808259053347,0.7677974516511354,0.3916956096404044,0
4,Ar2_v_C=O|Ar1_HOMO|Ar2_I_C=O|sum_enthalpy_hartree,0.9391193346683737,0.7677606539900328,0.4590844359954357,0
4,prod_homo_hartree|Ar1_v_C=O|Ar2_NBO_=O|Ar1_NBO_C2,0.9182595914408568,0.7677023963147801,0.5319505674650635,0
5,Ar2_LUMO|Ar2_v_C=O|Ar2_HOMO|Ar1_NBO_=O|ar2_enthalpy_hartree,0.9447289256555765,0.7676721582411222,0.43742321438174153,0
5,sum_homo_hartree|Ar2_v_C=O|Ar1_NBO_-O|Ar1_NBO_C2|Ar2_I_C=O,0.9615241705948734,0.7676714485533538,0.3649613460588688,0
5,Ar1_v_C=O|Ar2_v_C=O|Entry|Ar2_I_C=O|ar2_enthalpy_hartree,0.9525448812790963,0.7676548773267791,0.405316614624974,0
4,sum_homo_hartree|Ar1_v_C=O|Ar2_NBO_=O|Ar1_NBO_C2,0.9160507692060198,0.7676393658529759,0.5390899493690562,0
5,Ar1_LUMO|Ar2_NBO_=O|Ar1_NBO_=O|Ar1_NBO_C2|Ar2_I_C=O,0.9439138678450663,0.7676323410588766,0.4406366531924405,0
5,prod_homo_hartree|Ar1_v_C=O|Entry|ar2_enthalpy_hartree|sum_enthalpy_hartree,0.9415386100563666,0.7675981324026557,0.44987042471137917,0
4,sum_homo_hartree|Ar1_v_C=O|Ar2_NBO_=O|Ar1_I_C=O,0.9472574150281681,0.7675816878432707,0.4273006761968221,0
5,Ar1_v_C=O|Ar2_HOMO|Ar1_NBO_=O|Ar2_NBO_-O|Ar1_I_C=O,0.9555852672920782,0.7675704326037832,0.39211765873862087,0
3,Ar2_HOMO|Ar1_NBO_=O|Ar1_NBO_-O,0.8810509900210935,0.7675468250187103,0.6417018484998441,0
5,Ar2_LUMO|Ar2_HOMO|Ar2_NBO_C2|Entry|Ar2_I_C=O,0.9323859432576312,0.7675363148798787,0.48380613513268994,0
5,Ar2_LUMO|Ar1_v_C=O|Ar2_NBO_=O|Ar2_HOMO|Ar2_NBO_-O,0.9493319233851641,0.7675353347262511,0.41881293248687157,0
5,Ar2_NBO_=O|Ar1_HOMO|Ar1_NBO_C2|Entry|ar2_enthalpy_hartree,0.9176262205577091,0.767509003852912,0.5340075173723644,0
5,Ar1_LUMO|Ar2_NBO_=O|Ar1_NBO_-O|Ar1_NBO_C2|sum_enthalpy_hartree,0.941299247678713,0.767493236147551,0.45079045122126576,0
4,Ar1_NBO_=O|Ar2_NBO_-O|Ar1_I_C=O|sum_enthalpy_hartree,0.9312747590115628,0.7674900673544348,0.4877654225698909,0
5,prod_homo_hartree|sum_homo_hartree|Ar1_v_C=O|Ar2_v_C=O|Ar1_NBO_-O,0.9647593400173159,0.7674826348610662,0.34928094315618347,0
5,Ar2_v_C=O|Ar1_NBO_-O|Ar1_NBO_C2|ar2_enthalpy_hartree|Ar1_I_C=O,0.9557013040311828,0.7674779690257398,0.3916051057114081,0
4,Ar2_LUMO|Ar1_NBO_=O|Ar1_NBO_-O|Entry,0.9358608474691972,0.7674723165172745,0.471209983361445,0
5,Ar2_LUMO|Ar1_v_C=O|Ar2_v_C=O|Ar2_NBO_-O|Entry,0.9537739335741326,0.767401353634281,0.4000334834351824,0
5,Ar1_LUMO|Ar2_LUMO|Ar2_NBO_=O|Ar1_NBO_=O|Ar2_NBO_C2,0.9306262572530397,0.7673999769794209,0.4900613332617628,0
5,Ar2_LUMO|Ar2_NBO_=O|Ar1_NBO_-O|Entry|sum_enthalpy_hartree,0.9322013334103231,0.7673946086433824,0.48446616426438577,0
4,Ar2_LUMO|Ar1_NBO_=O|Ar1_HOMO|Ar2_NBO_-O,0.9364460736275996,0.7673802592554788,0.46905532178270753,0
4,sum_homo_hartree|Ar1_NBO_=O|Ar2_NBO_C2|Entry,0.9187464039406785,0.7673637152339639,0.530364161745966,0
4,Ar2_LUMO|Ar2_NBO_=O|Ar1_NBO_-O|Ar2_I_C=O,0.942907486896111,0.7673561064644464,0.44457235630605335,0
4,prod_homo_hartree|sum_homo_hartree|Ar2_NBO_=O|Ar1_NBO_=O,0.9255758953942836,0.7673242676390806,0.507586056768036,0
5,Ar1_LUMO|Ar1_v_C=O|Ar2_NBO_-O|Ar2_I_C=O|sum_enthalpy_hartree,0.9325416895913021,0.7673043309820343,0.483248599632876,0
5,Ar2_LUMO|prod_homo_hartree|Ar2_v_C=O|Entry|ar2_enthalpy_hartree,0.9338856162889964,0.7672995919012349,0.47841066372024826,0
5,Ar2_LUMO|prod_homo_hartree|sum_homo_hartree|ar2_enthalpy_hartree|sum_enthalpy_hartree,0.932904102514181,0.7672649451552186,0.4819487494374746,0
4,Ar2_LUMO|prod_homo_hartree|Ar1_NBO_-O|Ar1_NBO_C2,0.9229281558450747,0.7672373658836902,0.5165361840928647,0
5,Ar2_LUMO|Ar2_v_C=O|Ar1_HOMO|Ar1_NBO_C2|ar2_enthalpy_hartree,0.9491001266955715,0.7672366725962073,0.419769833568253,0
5,Ar2_LUMO|prod_homo_hartree|Ar1_v_C=O|Ar2_NBO_C2|Ar2_I_C=O,0.9666766459841951,0.767189508120176,0.33964656594316117,0
5,Ar1_LUMO|sum_homo_hartree|Ar2_NBO_-O|Ar2_NBO_C2|sum_enthalpy_hartree,0.940879018145895,0.7671507815274831,0.45240114296414946,0
5,prod_homo_hartree|Ar2_HOMO|Ar2_NBO_C2|Entry|sum_enthalpy_hartree,0.9286420996281373,0.7671465843915836,0.4970200468139592,0
4,Ar1_LUMO|Ar1_v_C=O|Ar2_HOMO|Ar1_NBO_C2,0.9244839450411828,0.767139104080919,0.5112961486443857,0
5,Ar1_LUMO|Ar2_NBO_=O|Ar1_NBO_-O|Ar2_I_C=O|Ar1_I_C=O,0.9550301556793284,0.7671174872256301,0.39456046479731244,0
5,Ar1_LUMO|Ar2_v_C=O|Ar1_NBO_-O|Entry|Ar1_I_C=O,0.9543589252437508,0.7670080535679321,0.39749420889215803,0
5,Ar2_LUMO|Ar1_NBO_=O|Ar1_NBO_C2|Ar2_I_C=O|Ar1_I_C=O,0.9429160524114392,0.7669643634351594,0.44453900574953453,0
3,Ar1_v_C=O|ar2_enthalpy_hartree|sum_enthalpy_hartree,0.9240167200000402,0.7669088599024897,0.5128754286633045,0
4,Ar2_v_C=O|Ar2_NBO_=O|Ar2_I_C=O|Ar1_I_C=O,0.9440405095281875,0.7669035489284919,0.4401388964257545,0
5,Ar2_v_C=O|Ar2_HOMO|Ar1_NBO_=O|Ar1_NBO_-O|Ar1_I_C=O,0.9544043809872689,0.7668966943250856,0.3972962195163167,0
5,Ar1_LUMO|prod_homo_hartree|Ar1_v_C=O|Ar2_v_C=O|Ar1_I_C=O,0.9653611833003425,0.7668777494986567,0.34628557299310553,0
5,Ar2_LUMO|Ar1_v_C=O|Ar2_v_C=O|Ar1_NBO_-O|Entry,0.9541562069013325,0.766728276693618,0.39837598140593694,0
4,sum_homo_hartree|Ar1_v_C=O|Ar2_NBO_C2|Ar1_I_C=O,0.947972913865823,0.7666781926651817,0.4243924274418858,0
4,Ar2_LUMO|Ar1_NBO_-O|ar2_enthalpy_hartree|sum_enthalpy_hartree,0.9265152005357012,0.7666679300346187,0.5043727691098512,0
5,Ar1_v_C=O|Ar2_NBO_=O|Entry|Ar1_I_C=O|sum_enthalpy_hartree,0.9425774222175904,0.7666199239614904,0.4458555907785687,0
4,Ar1_LUMO|Ar1_HOMO|Entry|sum_enthalpy_hartree,0.8830254902781475,0.7665071569855354,0.6363535793551474,0
4,prod_homo_hartree|Ar2_HOMO|Ar2_NBO_C2|sum_enthalpy_hartree,0.9099894234375803,0.7664680640175247,0.5582126142435418,0
5,prod_homo_hartree|Ar2_v_C=O|Ar2_NBO_-O|Ar1_NBO_C2|Ar2_I_C=O,0.9630391578881226,0.7664581532289221,0.357704005448171,0
5,Ar2_HOMO|Ar1_NBO_=O|Ar2_NBO_C2|Entry|Ar1_I_C=O,0.9430216032489012,0.7664295364253466,0.44412782908441706,0
4,Ar1_LUMO|Ar2_v_C=O|Ar2_NBO_=O|Ar1_HOMO,0.942327435419976,0.7664269773840009,0.44682504366645726,0
5,Ar2_LUMO|sum_homo_hartree|Ar1_v_C=O|Ar2_HOMO|Ar1_I_C=O,0.9689483677737979,0.7664056101693673,0.32786502543132195,0
5,Ar2_LUMO|Ar1_v_C=O|Ar2_HOMO|Ar1_HOMO|Ar1_I_C=O,0.9689483677737979,0.7664056101693655,0.32786502543132184,0
5,Ar2_LUMO|sum_homo_hartree|Ar1_v_C=O|Ar1_HOMO|Ar1_I_C=O,0.9689483677737979,0.7664056101693653,0.32786502543132184,0
5,Ar1_LUMO|Ar1_v_C=O|Ar2_NBO_=O|Ar1_NBO_-O|sum_enthalpy_hartree,0.9463457689297289,0.766376988098378,0.43097776250834396,0
5,Ar1_LUMO|sum_homo_hartree|Ar1_v_C=O|Ar2_HOMO|Entry,0.9486989680095541,0.7663477422959616,0.42142075931964684,0
5,Ar1_LUMO|Ar1_v_C=O|Ar2_HOMO|Ar1_HOMO|Entry,0.9486989680095541,0.7663477422959615,0.421420759319647,0
5,Ar1_LUMO|sum_homo_hartree|Ar1_v_C=O|Ar1_HOMO|Entry,0.948698968009554,0.7663477422959606,0.42142075931964723,0
3,Ar1_LUMO|Ar1_NBO_=O|ar2_enthalpy_hartree,0.8984934320140204,0.7663306425062382,0.5927887412631191,0
5,Ar1_v_C=O|Ar2_HOMO|Ar1_HOMO|ar2_enthalpy_hartree|sum_enthalpy_hartree,0.9351453210732192,0.7663160068673375,0.47383106613008225,0
5,prod_homo_hartree|Ar1_v_C=O|Ar2_NBO_=O|ar2_enthalpy_hartree|Ar1_I_C=O,0.9539948735019147,0.7663034917624565,0.3990763478062525,0
4,Ar1_LUMO|Ar2_LUMO|Entry|Ar2_I_C=O,0.9159013015488713,0.7662967193670993,0.5395696480940085,0
4,Ar2_LUMO|prod_homo_hartree|Entry|Ar1_I_C=O,0.9200748706968147,0.7662336341867741,0.5260106632660093,0
5,Ar2_LUMO|Ar2_HOMO|Ar1_NBO_-O|Ar1_NBO_C2|sum_enthalpy_hartree,0.9337627982018178,0.7662189425261525,0.478854819868717,0
5,Ar2_LUMO|Ar1_v_C=O|Ar1_HOMO|Ar1_NBO_-O|Ar1_NBO_C2,0.9549646441587906,0.7662143140378596,0.39484775564052194,0
5,prod_homo_hartree|Ar2_v_C=O|Ar2_HOMO|Ar1_NBO_C2|sum_enthalpy_hartree,0.9437524190837111,0.7662140837729169,0.44127040272070683,0
5,Ar2_LUMO|Ar1_NBO_=O|Ar1_NBO_-O|ar2_enthalpy_hartree|sum_enthalpy_hartree,0.9435394296537043,0.7662038765966851,0.4421050797443355,0
5,Ar2_LUMO|prod_homo_hartree|Ar1_HOMO|Ar2_NBO_-O|Entry,0.9633088505975426,0.7661500188177999,0.35639658412522285,0
4,Ar2_LUMO|Ar1_NBO_C2|Entry|Ar2_I_C=O,0.9186135868912199,0.7661246689244061,0.5307974511273409,0
5,Ar2_NBO_=O|Ar1_NBO_-O|Ar2_I_C=O|Ar1_I_C=O|sum_enthalpy_hartree,0.9363703902534426,0.7661192299543544,0.4693345266171382,0
4,Ar2_LUMO|Ar1_NBO_-O|Ar2_NBO_C2|sum_enthalpy_hartree,0.9199579876270454,0.7660928643422584,0.526395143592649,0
5,Ar2_v_C=O|Ar1_NBO_=O|Ar2_I_C=O|ar2_enthalpy_hartree|Ar1_I_C=O,0.9530054599306891,0.7659544974886245,0.40334490582431026,0
4,Ar2_NBO_=O|Ar1_NBO_=O|Ar1_HOMO|Entry,0.9066318390090725,0.7659205940217064,0.5685285476715859,0
5,prod_homo_hartree|Ar1_v_C=O|Ar2_NBO_C2|ar2_enthalpy_hartree|sum_enthalpy_hartree,0.9365618642632725,0.7658693574308135,0.4686278346252293,0
4,Ar1_LUMO|Ar1_v_C=O|Ar2_NBO_-O|Entry,0.9165028503959042,0.7658503888161302,0.5376364433729973,0
5,Ar2_v_C=O|Ar2_NBO_=O|Ar1_NBO_=O|Ar2_NBO_-O|Ar1_I_C=O,0.9542793779276826,0.76580213980453,0.3978404521858545,0
5,Ar1_v_C=O|Ar1_NBO_-O|Ar2_NBO_-O|Entry|Ar1_I_C=O,0.9558664424168182,0.7656516027489967,0.39087450388355516,0
5,prod_homo_hartree|sum_homo_hartree|Ar2_v_C=O|Ar1_HOMO|Ar2_NBO_-O,0.9704951797615902,0.7656031736147613,0.31959454721936476,0
5,prod_homo_hartree|Ar2_v_C=O|Ar2_HOMO|Ar1_HOMO|Ar2_NBO_-O,0.9704951797615899,0.7656031736147589,0.3195945472193665,0
5,prod_homo_hartree|sum_homo_hartree|Ar2_v_C=O|Ar2_HOMO|Ar2_NBO_-O,0.9704951797615902,0.7656031736147577,0.3195945472193652,0
3,Ar1_NBO_=O|ar2_enthalpy_hartree|sum_enthalpy_hartree,0.8590790920568303,0.7655782848560373,0.698458474039696,0
5,Ar1_NBO_=O|Ar1_HOMO|Ar2_NBO_C2|Ar2_I_C=O|sum_enthalpy_hartree,0.9223292023067519,0.7655742272086798,0.5185393956691708,0
3,Ar2_v_C=O|Ar1_NBO_=O|Ar1_HOMO,0.9115145887150207,0.7655288413234377,0.5534631511177653,0
5,Ar2_LUMO|prod_homo_hartree|Ar2_v_C=O|Ar1_NBO_C2|ar2_enthalpy_hartree,0.9372286134292092,0.7655189095024035,0.466158637223318,0
5,Ar1_LUMO|Ar1_v_C=O|Ar2_NBO_=O|Ar1_NBO_=O|Ar1_HOMO,0.9487006322035642,0.7654698354921419,0.421413923866597,0
4,Ar2_LUMO|Ar1_NBO_=O|Ar1_NBO_-O|Ar2_I_C=O,0.9401091357080151,0.765446099318873,0.4553372336492813,0
5,Ar2_LUMO|sum_homo_hartree|Ar1_NBO_=O|Ar1_I_C=O|sum_enthalpy_hartree,0.9582557405134811,0.7654261397614974,0.38014672658359266,0
4,Ar1_LUMO|Ar2_LUMO|Ar2_NBO_-O|ar2_enthalpy_hartree,0.9300895549825444,0.7654101248397697,0.49195333358936333,0
5,Ar1_LUMO|sum_homo_hartree|Ar2_NBO_=O|Ar2_NBO_-O|sum_enthalpy_hartree,0.944988230411973,0.7653542607924648,0.4363959205479654,0
5,Ar1_LUMO|Ar2_LUMO|Ar1_HOMO|Ar2_NBO_C2|sum_enthalpy_hartree,0.9453068128608211,0.7652782037035595,0.4351304645300532,0
4,Ar1_LUMO|sum_homo_hartree|Ar1_NBO_=O|ar2_enthalpy_hartree,0.9206428717594802,0.7652778692197013,0.5241382400641295,0
3,Ar2_LUMO|Ar2_I_C=O|sum_enthalpy_hartree,0.9051443274299794,0.7652650178902196,0.5730394592581614,0
5,prod_homo_hartree|Ar2_v_C=O|Ar2_HOMO|Ar1_NBO_=O|Ar2_NBO_C2,0.9310466239017556,0.7652438667562257,0.4885743264267559,0
5,Ar1_LUMO|Ar2_v_C=O|Ar2_HOMO|Ar1_HOMO|Ar2_I_C=O,0.9684521865135983,0.7652174274771191,0.33047415953384407,0
5,Ar1_LUMO|sum_homo_hartree|Ar2_v_C=O|Ar1_HOMO|Ar2_I_C=O,0.9684521865135984,0.7652174274771189,0.3304741595338438,0
5,Ar1_LUMO|sum_homo_hartree|Ar2_v_C=O|Ar2_HOMO|Ar2_I_C=O,0.9684521865135983,0.7652174274771183,0.3304741595338439,0
5,Ar1_LUMO|Ar1_HOMO|Ar2_NBO_C2|Entry|sum_enthalpy_hartree,0.9436295336624687,0.7652082829866579,0.44175216668018286,0
4,Ar1_LUMO|prod_homo_hartree|Ar1_HOMO|Ar2_NBO_C2,0.9274217938922473,0.7651279140772052,0.501251850924307,0
5,Ar2_LUMO|Ar1_NBO_=O|Ar2_NBO_-O|Ar2_NBO_C2|sum_enthalpy_hartree,0.942746397989211,0.7650709535892851,0.4451991042412304,0
4,Ar1_LUMO|sum_homo_hartree|Ar1_NBO_=O|Entry,0.9123318142837527,0.764996774059448,0.5509014100344801,0
4,Ar1_LUMO|Ar1_NBO_=O|Ar2_NBO_-O|Entry,0.90777051625305,0.7649648767928134,0.565051150222066,0
5,Ar1_LUMO|Ar2_LUMO|prod_homo_hartree|Ar1_NBO_C2|sum_enthalpy_hartree,0.9431910479684851,0.7649478004168945,0.4434669545047893,0
5,Ar1_LUMO|sum_homo_hartree|Ar2_NBO_=O|Ar2_I_C=O|sum_enthalpy_hartree,0.958989384236654,0.7649311468933194,0.37679143277580146,0
4,Ar2_LUMO|Ar2_NBO_=O|ar2_enthalpy_hartree|sum_enthalpy_hartree,0.9288852827934415,0.7649082464718182,0.4961724177491167,0
5,prod_homo_hartree|sum_homo_hartree|Ar1_NBO_=O|Ar1_NBO_-O|sum_enthalpy_hartree,0.9267987973717787,0.7649066993263173,0.5033985758401693,0
5,Ar1_LUMO|Ar2_LUMO|Ar2_v_C=O|Ar2_NBO_=O|Ar1_NBO_=O,0.9494277602479778,0.7648517775781474,0.41841666013971357,0
4,Ar1_LUMO|Ar1_NBO_-O|Ar2_NBO_-O|ar2_enthalpy_hartree,0.9301064613256931,0.764839905341274,0.4918938458063895,0
5,Ar2_NBO_=O|Ar1_HOMO|Ar1_NBO_-O|Ar1_NBO_C2|Ar1_I_C=O,0.9655053698410029,0.764709378406276,0.3455641022409442,0
5,Ar2_v_C=O|Ar2_HOMO|Ar1_NBO_-O|Ar1_NBO_C2|Ar2_I_C=O,0.9615435556775729,0.7646337537919743,0.36486939616038294,0
3,prod_homo_hartree|Ar1_v_C=O|Ar2_NBO_C2,0.9128691772382685,0.7646180558170023,0.5492104372012268,0
4,Ar2_v_C=O|Ar1_HOMO|Ar2_I_C=O|ar2_enthalpy_hartree,0.9363551338564731,0.76459907107532,0.46939078913958765,0
5,Ar2_HOMO|Ar2_NBO_-O|Ar1_NBO_C2|Entry|Ar1_I_C=O,0.930058827255473,0.7645859140272395,0.4920614357983934,0
4,Ar2_LUMO|sum_homo_hartree|Ar2_NBO_-O|Ar1_NBO_C2,0.9237075504811791,0.7645501209528982,0.5139177927169238,0
5,Ar1_v_C=O|Entry|ar2_enthalpy_hartree|Ar1_I_C=O|sum_enthalpy_hartree,0.953262465901907,0.7645337086321484,0.4022404778847888,0
5,prod_homo_hartree|sum_homo_hartree|Ar2_NBO_=O|Ar1_NBO_C2|Entry,0.9348969745006833,0.7645167272831747,0.4747374146498859,0
5,Ar2_LUMO|Ar2_v_C=O|Ar2_HOMO|Ar1_NBO_=O|Entry,0.9429204140895142,0.7645163173988256,0.4445220222265321,0
5,Ar2_LUMO|Ar1_HOMO|Ar1_NBO_C2|Entry|Ar1_I_C=O,0.9718361466492151,0.7645124830811824,0.3122474580937897,0
4,Ar1_LUMO|Ar2_NBO_=O|Ar1_I_C=O|sum_enthalpy_hartree,0.948917975027687,0.7644653651827782,0.4205202626502437,0
5,prod_homo_hartree|Ar1_v_C=O|Ar1_NBO_C2|ar2_enthalpy_hartree|sum_enthalpy_hartree,0.9366347771292178,0.7644339379086471,0.46835844759327117,0
5,Ar1_LUMO|Ar1_v_C=O|Ar2_NBO_=O|Ar2_NBO_C2|Entry,0.9419288742020357,0.7643634549264573,0.4483663355627885,0
5,Ar1_LUMO|prod_homo_hartree|Ar2_NBO_=O|Entry|Ar2_I_C=O,0.9639903049085364,0.7643470899929082,0.3530714462184741,0
5,Ar1_LUMO|prod_homo_hartree|Ar1_v_C=O|Ar2_NBO_=O|Ar2_NBO_C2,0.9434489553147581,0.7643247241717508,0.4424591600645446,0
5,Ar1_LUMO|Ar1_HOMO|Ar2_NBO_C2|Ar1_NBO_C2|sum_enthalpy_hartree,0.9458460744448087,0.7643107182658391,0.4329800101416712,0
5,Ar1_LUMO|Ar1_v_C=O|Ar2_NBO_C2|Ar1_I_C=O|sum_enthalpy_hartree,0.955209565224386,0.7643020544422496,0.3937726184219549,0
5,sum_homo_hartree|Ar1_v_C=O|Ar2_NBO_C2|Ar1_NBO_C2|ar2_enthalpy_hartree,0.9353460976676878,0.7641286717063265,0.47309705639870125,0
5,Ar1_LUMO|Ar1_v_C=O|Ar2_NBO_=O|Ar2_NBO_-O|Ar1_NBO_C2,0.9462295681088874,0.764074050992573,0.43144420180969806,0
5,Ar1_LUMO|Ar1_v_C=O|Ar1_NBO_C2|Entry|ar2_enthalpy_hartree,0.9306492772486331,0.7639149524981704,0.48998001902607524,0
5,Ar2_LUMO|prod_homo_hartree|Entry|Ar1_I_C=O|sum_enthalpy_hartree,0.9459982763837766,0.7639129019454729,0.4323711275393327,0
5,Ar1_LUMO|Ar2_v_C=O|Ar1_NBO_=O|Ar2_NBO_-O|Entry,0.9467553174628887,0.7638605898893993,0.4293297617679798,0
4,Ar1_v_C=O|Ar2_NBO_=O|Ar2_HOMO|sum_enthalpy_hartree,0.9199528954792241,0.7638577332959758,0.5264118875448153,0
5,Ar1_LUMO|sum_homo_hartree|Ar1_v_C=O|Ar2_NBO_=O|Ar2_NBO_C2,0.9426593038056454,0.7638476570278055,0.44553759401744414,0
3,Ar2_HOMO|Ar1_NBO_C2|Ar2_I_C=O,0.910794830480583,0.7638364037929599,0.5557095827511122,0
5,Ar2_LUMO|Ar2_NBO_=O|Ar1_NBO_=O|Ar2_NBO_C2|sum_enthalpy_hartree,0.9419248552566986,0.7637842308479309,0.44838185040422474,0
5,Ar1_LUMO|Ar2_NBO_=O|Ar1_HOMO|Ar2_NBO_-O|Ar2_NBO_C2,0.938451358792033,0.7637756346649884,0.46159607706724504,0
5,Ar1_LUMO|prod_homo_hartree|Ar2_NBO_=O|Ar2_NBO_C2|sum_enthalpy_hartree,0.9470368611736335,0.7637583468160464,0.4281931665138814,0
5,Ar2_NBO_=O|Ar1_NBO_-O|Ar2_I_C=O|ar2_enthalpy_hartree|Ar1_I_C=O,0.936232042674413,0.7637514707571132,0.46984447819189823,0
5,Ar1_v_C=O|Ar2_NBO_=O|Ar1_HOMO|Ar1_NBO_C2|ar2_enthalpy_hartree,0.9208241737261934,0.7637465473996347,0.5235391657680418,0
5,Ar2_LUMO|Ar1_HOMO|Ar2_NBO_C2|Ar1_NBO_C2|ar2_enthalpy_hartree,0.9456274883434969,0.7636725007496646,0.4338529671742276,0
4,Ar2_LUMO|Ar1_NBO_-O|Ar2_NBO_-O|sum_enthalpy_hartree,0.9299349470576201,0.7636102510579162,0.4924970139979775,0
5,Ar1_LUMO|Ar2_NBO_=O|Ar1_NBO_=O|Ar2_I_C=O|ar2_enthalpy_hartree,0.9523095227127858,0.7635794617206316,0.40632047629762397,0
5,Ar2_LUMO|prod_homo_hartree|Ar2_NBO_C2|Entry|ar2_enthalpy_hartree,0.9340114857827853,0.763560294223171,0.47795504428739277,0
5,sum_homo_hartree|Ar1_v_C=O|Ar2_NBO_=O|ar2_enthalpy_hartree|Ar1_I_C=O,0.9528621037441501,0.7635195087426727,0.40395963636867127,0
4,Ar2_LUMO|sum_homo_hartree|Ar1_NBO_-O|Ar1_NBO_C2,0.9214720307263484,0.7634717525407984,0.5213928338915933,0
5,Ar1_v_C=O|Ar2_v_C=O|Ar1_NBO_C2|ar2_enthalpy_hartree|Ar1_I_C=O,0.9480626902153204,0.7634644216932787,0.42402611004703233,0
4,Ar1_LUMO|Ar2_LUMO|Ar1_NBO_-O|ar2_enthalpy_hartree,0.9300600122130891,0.7634518521591125,0.49205726747812684,0
5,Ar1_LUMO|Ar2_v_C=O|Ar2_NBO_-O|Ar1_NBO_C2|Entry,0.9497722344016186,0.7634060172682704,0.4169891970913344,0
5,Ar1_v_C=O|Ar2_NBO_=O|Ar1_HOMO|Ar1_NBO_C2|Entry,0.9176309502746887,0.7633807719155961,0.5339921863975367,0
5,Ar1_LUMO|Ar1_v_C=O|Ar2_v_C=O|Ar1_NBO_=O|Entry,0.9482067656865516,0.7633483506844181,0.423437571785425,0
5,Ar1_LUMO|prod_homo_hartree|Ar2_NBO_=O|Ar2_I_C=O|ar2_enthalpy_hartree,0.960133089017205,0.7633388967940355,0.3715002990383065,0
5,Ar1_LUMO|prod_homo_hartree|Ar1_NBO_-O|Ar2_NBO_C2|sum_enthalpy_hartree,0.9423735364111675,0.7633144924078681,0.44664642151132516,0
4,Ar1_NBO_=O|Ar2_NBO_-O|ar2_enthalpy_hartree|sum_enthalpy_hartree,0.8963779870578118,0.7633048617783023,0.598933888488047,0
4,Ar1_LUMO|Ar2_v_C=O|Ar1_NBO_-O|Ar1_NBO_C2,0.9343646854547487,0.763293129368429,0.4766742148535555,0
4,Ar2_LUMO|sum_homo_hartree|Ar2_NBO_C2|Ar1_NBO_C2,0.9234542639221544,0.7632378537212314,0.5147701746443868,0
5,Ar2_LUMO|Ar2_v_C=O|Ar2_NBO_-O|Ar2_I_C=O|sum_enthalpy_hartree,0.9427874173636808,0.763097488054255,0.44503959409498334,0
4,Ar1_v_C=O|Ar2_NBO_=O|Ar2_NBO_-O|ar2_enthalpy_hartree,0.9275239553657593,0.7630803464362358,0.5008989442907791,0
5,Ar1_LUMO|Ar2_NBO_=O|Ar2_NBO_-O|ar2_enthalpy_hartree|sum_enthalpy_hartree,0.9430476787187234,0.7630718677390214,0.4440261926070326,0
5,Ar2_LUMO|Ar2_v_C=O|Ar2_NBO_=O|Ar1_NBO_=O|Entry,0.9488412755172355,0.7630713107527625,0.4208358492011915,0
4,Ar1_LUMO|prod_homo_hartree|Ar2_HOMO|sum_enthalpy_hartree,0.9310797779745699,0.7630525538969917,0.4884568544675764,0
3,Ar1_v_C=O|Ar2_NBO_=O|sum_enthalpy_hartree,0.9057105435292764,0.7630268363227528,0.57132659480788,0
5,Ar2_NBO_=O|Ar1_NBO_=O|Ar2_I_C=O|ar2_enthalpy_hartree|sum_enthalpy_hartree,0.8807288305531297,0.7630113227585215,0.6425702480735507,0
5,Ar1_LUMO|prod_homo_hartree|Ar2_v_C=O|Ar1_NBO_=O|Ar1_NBO_C2,0.9444862014587744,0.7629566264303241,0.43838263926509313,0
5,prod_homo_hartree|Ar2_v_C=O|Ar1_NBO_=O|Ar1_NBO_-O|Ar2_I_C=O,0.962049286024761,0.7629565265418667,0.36246230661851975,0
5,Ar2_LUMO|sum_homo_hartree|Ar2_v_C=O|Ar1_NBO_C2|ar2_enthalpy_hartree,0.9371569908957779,0.7629111374460319,0.46642450632393323,0
5,Ar1_LUMO|Ar2_NBO_=O|Ar2_NBO_C2|Ar2_I_C=O|Ar1_I_C=O,0.9442270018193025,0.762892337833412,0.43940487425749447,0
4,Ar1_LUMO|prod_homo_hartree|Ar1_NBO_C2|Entry,0.9200786119148733,0.7628882655829401,0.5259983520965483,0
5,Ar1_LUMO|sum_homo_hartree|Ar1_NBO_-O|Ar2_NBO_C2|sum_enthalpy_hartree,0.9412611634011443,0.7628803856442963,0.4509366609740873,0
5,Ar1_LUMO|Ar2_NBO_=O|Ar1_NBO_-O|ar2_enthalpy_hartree|sum_enthalpy_hartree,0.943729573289417,0.7628160675083326,0.44136000790227703,0
5,Ar1_LUMO|Ar2_LUMO|Entry|Ar2_I_C=O|sum_enthalpy_hartree,0.9496711446035722,0.7628138591245112,0.4174086081957649,0
4,Ar2_LUMO|Ar1_NBO_-O|Ar2_NBO_-O|ar2_enthalpy_hartree,0.9298298437247112,0.7627765211906283,0.4928662685533907,0
5,Ar1_LUMO|Ar2_HOMO|Ar1_NBO_-O|Ar2_NBO_C2|sum_enthalpy_hartree,0.9419161724906068,0.7627720812503123,0.44841536774833035,0
5,Ar2_v_C=O|Ar2_NBO_=O|Ar1_NBO_=O|Ar1_NBO_-O|Ar1_I_C=O,0.9537480423212806,0.7627681295488513,0.40014549727264775,0
4,Ar2_NBO_=O|Ar1_NBO_-O|Ar2_NBO_-O|Ar1_I_C=O,0.9317674616708312,0.7627626531129226,0.48601384194449876,0
4,Ar2_LUMO|Ar1_NBO_=O|Ar1_NBO_-O|Ar1_NBO_C2,0.9304721695671582,0.7627471529454022,0.4906052748863994,0
5,Ar2_LUMO|Ar1_NBO_=O|Ar1_NBO_C2|ar2_enthalpy_hartree|sum_enthalpy_hartree,0.9417281919551993,0.7627158268036849,0.4491403997720371,0
4,Ar1_LUMO|Ar2_NBO_=O|Ar2_NBO_-O|Entry,0.9343955441471412,0.762709624665203,0.4765621465835019,0
5,Ar1_v_C=O|Ar2_NBO_=O|Ar2_HOMO|Ar2_NBO_C2|Ar1_I_C=O,0.9486143371332163,0.7627081997746867,0.42176822319861335,0
5,Ar1_LUMO|prod_homo_hartree|sum_homo_hartree|Ar1_NBO_-O|ar2_enthalpy_hartree,0.9352857766568058,0.7626691814943878,0.4733177007717689,0
4,Ar1_LUMO|Ar2_LUMO|Ar2_NBO_-O|sum_enthalpy_hartree,0.9296189236818939,0.7626413700539936,0.4936064505548377,0
5,Ar1_v_C=O|Ar2_HOMO|Ar1_NBO_=O|ar2_enthalpy_hartree|Ar1_I_C=O,0.936978934872119,0.7625890866787484,0.4670848100726491,0
4,Ar1_LUMO|Ar1_v_C=O|Ar2_HOMO|Ar1_NBO_=O,0.923957635771179,0.7624455522611611,0.513074794633401,0
5,Ar1_LUMO|Ar2_HOMO|Ar1_NBO_=O|Ar1_NBO_-O|sum_enthalpy_hartree,0.9314950580267198,0.7624330737553127,0.48698302813803224,0
5,Ar1_LUMO|Ar2_v_C=O|Ar2_NBO_C2|ar2_enthalpy_hartree|Ar1_I_C=O,0.9692235293705546,0.7624324557320052,0.32640911783340487,0
5,Ar1_LUMO|sum_homo_hartree|Ar2_v_C=O|Ar1_HOMO|Ar1_I_C=O,0.9676150730486652,0.7623832535966335,0.3348299788017777,0
5,Ar1_LUMO|Ar2_v_C=O|Ar2_HOMO|Ar1_HOMO|Ar1_I_C=O,0.9676150730486652,0.7623832535966323,0.334829978801778,0
5,Ar1_LUMO|sum_homo_hartree|Ar2_v_C=O|Ar2_HOMO|Ar1_I_C=O,0.9676150730486652,0.7623832535966317,0.33482997880177795,0
5,Ar1_LUMO|Ar2_LUMO|Ar1_NBO_-O|ar2_enthalpy_hartree|sum_enthalpy_hartree,0.9301065238816042,0.7623197327010921,0.4918936256796427,0
5,Ar1_LUMO|Ar2_HOMO|Ar2_NBO_-O|Ar1_NBO_C2|ar2_enthalpy_hartree,0.9400542253291359,0.7622167773955563,0.45554592166920366,0
4,Ar1_LUMO|Ar2_v_C=O|Ar2_NBO_=O|Ar2_NBO_-O,0.9338271150806636,0.7621989352493346,0.4786222773803743,0
5,prod_homo_hartree|Ar1_v_C=O|Ar2_NBO_=O|Entry|ar2_enthalpy_hartree,0.927657671076251,0.762196789156613,0.5004366606485064,0
5,Ar1_v_C=O|Ar2_NBO_C2|Ar1_NBO_C2|Ar2_I_C=O|Ar1_I_C=O,0.9386261865597728,0.7621922302551519,0.4609400333408709,0
4,Ar1_LUMO|Ar2_LUMO|Ar1_NBO_-O|sum_enthalpy_hartree,0.9297295113474962,0.762192194350043,0.49321850362751457,0
5,Ar2_LUMO|prod_homo_hartree|Ar2_v_C=O|Ar1_NBO_=O|Ar2_I_C=O,0.9692281087516543,0.7621821495986909,0.326384832928063,0
4,Ar2_v_C=O|Ar1_NBO_C2|Ar2_I_C=O|Ar1_I_C=O,0.9371580154192658,0.7621565968593057,0.4664207042716723,0
5,Ar1_LUMO|Ar2_v_C=O|Ar1_NBO_=O|Ar2_NBO_-O|Ar2_NBO_C2,0.9431183540107453,0.7621400663530304,0.44375059872443084,0
5,Ar1_LUMO|Ar2_LUMO|Ar1_NBO_-O|Ar2_NBO_-O|ar2_enthalpy_hartree,0.9301065238816042,0.7621307137254155,0.4918936256796426,0
3,Ar1_v_C=O|Ar2_v_C=O|Ar2_I_C=O,0.9317468008931388,0.7621293328661998,0.4860874187464932,0
5,Ar1_LUMO|prod_homo_hartree|Ar2_NBO_=O|Ar2_NBO_C2|ar2_enthalpy_hartree,0.948775624542313,0.7621126628678849,0.42110578777019864,0
5,prod_homo_hartree|Ar1_NBO_-O|Ar1_NBO_C2|Entry|Ar1_I_C=O,0.9465430027076479,0.7620870021486907,0.43018489274821375,0
4,Ar2_LUMO|Ar2_NBO_-O|Ar1_NBO_C2|Ar2_I_C=O,0.9247595669524736,0.7620719132588694,0.5103622197925461,0
5,Ar2_LUMO|Ar2_HOMO|Ar1_NBO_=O|Ar2_NBO_-O|Entry,0.9535950489962788,0.7620646398445784,0.4008067562856329,0
5,prod_homo_hartree|Ar2_HOMO|Ar1_NBO_=O|Ar2_NBO_C2|Ar1_I_C=O,0.9567358359256035,0.7620388022152463,0.38700540716401044,0
4,Ar1_v_C=O|Ar2_HOMO|Ar1_NBO_=O|Ar1_I_C=O,0.925044493874804,0.761979592957039,0.5093949614958211,0
4,Ar1_LUMO|prod_homo_hartree|Ar1_v_C=O|Ar1_NBO_-O,0.9110551592473262,0.7619728820648246,0.5548981225436176,0
5,Ar1_LUMO|Ar1_NBO_-O|Ar2_NBO_-O|ar2_enthalpy_hartree|sum_enthalpy_hartree,0.9301065238816042,0.7619653174244972,0.4918936256796425,0
5,Ar1_LUMO|Ar2_NBO_=O|Ar1_NBO_=O|Ar2_NBO_C2|ar2_enthalpy_hartree,0.9420978226627601,0.7619082000443913,0.44771363615638626,0
5,Ar1_LUMO|Ar2_v_C=O|Ar2_HOMO|Ar2_I_C=O|Ar1_I_C=O,0.9691101290622144,0.7618533066185229,0.32700991545339336,0
5,prod_homo_hartree|sum_homo_hartree|Ar1_NBO_-O|Ar1_NBO_C2|ar2_enthalpy_hartree,0.9266675156579597,0.7618513296872954,0.5038497803369276,0
4,Ar1_LUMO|Ar2_LUMO|Ar2_v_C=O|Ar2_NBO_-O,0.9382021297312855,0.7618459042157412,0.4625297039397641,0
5,Ar1_v_C=O|Ar2_NBO_-O|Ar2_I_C=O|ar2_enthalpy_hartree|sum_enthalpy_hartree,0.958091912122033,0.7618221154473717,0.3808919529052142,0
5,Ar1_v_C=O|Ar2_v_C=O|Ar2_NBO_=O|Ar2_I_C=O|ar2_enthalpy_hartree,0.9509820316452009,0.7617658728325909,0.41193674027172317,0
5,Ar1_LUMO|Ar2_LUMO|Ar2_v_C=O|Ar2_NBO_C2|Ar1_NBO_C2,0.9549248421389784,0.7617496324865757,0.3950221993310442,0
5,Ar1_LUMO|Ar1_v_C=O|Ar1_NBO_-O|Ar1_NBO_C2|ar2_enthalpy_hartree,0.9261133543804247,0.7616684980569988,0.5057499513919286,0
5,Ar2_LUMO|sum_homo_hartree|Ar2_NBO_C2|Entry|ar2_enthalpy_hartree,0.9354205872073051,0.7616532580525602,0.47282444378775346,0
4,Ar1_LUMO|Ar2_LUMO|Ar2_HOMO|Ar1_NBO_C2,0.9206739230239555,0.7616193565936643,0.5240356862807276,0
5,Ar1_LUMO|Ar2_LUMO|sum_homo_hartree|Ar1_NBO_C2|sum_enthalpy_hartree,0.9430377323215585,0.7616158929828886,0.44406496423173,0
4,Ar1_LUMO|Ar2_v_C=O|Ar2_HOMO|Ar1_NBO_-O,0.9343737294923381,0.7615759854111812,0.476641372716173,0
5,Ar2_HOMO|Ar2_NBO_C2|Entry|Ar2_I_C=O|sum_enthalpy_hartree,0.9293260571459265,0.7615753524914004,0.4946323707734997,0
3,Ar1_LUMO|Ar1_v_C=O|Ar1_NBO_C2,0.8747958205005468,0.7615513100321654,0.6583582584398294,0
5,sum_homo_hartree|Ar2_NBO_=O|Ar1_NBO_C2|Entry|Ar2_I_C=O,0.9576868114355447,0.7615476932835923,0.3827284540446882,0
5,Ar1_LUMO|Ar2_v_C=O|Ar2_NBO_=O|Ar2_HOMO|Ar1_NBO_C2,0.9343853230354389,0.7615194723812352,0.47659926910178774,0
5,Ar1_LUMO|Ar2_LUMO|Ar2_NBO_-O|ar2_enthalpy_hartree|sum_enthalpy_hartree,0.9301065238816042,0.7614981302049217,0.4918936256796427,0
4,Ar1_v_C=O|Ar2_NBO_=O|Ar2_HOMO|Entry,0.9190442335805162,0.7613614154868686,0.5293912621629647,0
5,Ar1_LUMO|Ar2_LUMO|sum_homo_hartree|Ar2_v_C=O|Ar1_NBO_C2,0.9416496170290649,0.761290393312327,0.4494431129200808,0
5,Ar1_LUMO|sum_homo_hartree|Ar1_v_C=O|Ar2_NBO_-O|Ar1_I_C=O,0.9612912528939618,0.7612895789192797,0.36606434628830903,0
4,Ar1_LUMO|Ar1_v_C=O|Ar2_NBO_=O|Ar2_NBO_-O,0.9409314818482661,0.76127990720766,0.45220036900866245,0
5,Ar1_LUMO|Ar2_NBO_=O|Ar2_HOMO|Ar1_NBO_-O|Entry,0.9517353029903862,0.7612569465380518,0.40875931863892984,0
4,Ar2_LUMO|prod_homo_hartree|Ar2_HOMO|Ar1_NBO_C2,0.9294063482843464,0.7612070970327838,0.49435132035604884,0
5,Ar2_LUMO|Ar2_v_C=O|Ar1_HOMO|Ar2_I_C=O|ar2_enthalpy_hartree,0.961273186646601,0.7611843695777765,0.36614976157616413,0
5,Ar1_LUMO|Ar1_NBO_=O|Ar2_NBO_C2|Entry|sum_enthalpy_hartree,0.9256210195562437,0.7611416449319156,0.5074321559021411,0
5,Ar1_LUMO|Ar2_NBO_C2|Ar2_I_C=O|ar2_enthalpy_hartree|sum_enthalpy_hartree,0.92788480390117,0.7611344953148704,0.49965043387596736,0
5,Ar1_v_C=O|Ar1_NBO_-O|Ar2_I_C=O|Ar1_I_C=O|sum_enthalpy_hartree,0.9581226990874332,0.7611301283153665,0.38075201975121575,0
5,Ar1_LUMO|Ar1_NBO_=O|Ar2_NBO_-O|Entry|sum_enthalpy_hartree,0.9199058475012424,0.7610806713265718,0.5265665650746572,0
5,Ar1_v_C=O|Ar2_NBO_=O|Ar1_HOMO|Ar1_NBO_C2|Ar2_I_C=O,0.9422230490077428,0.7610644233699122,0.447229233917887,0
4,Ar1_LUMO|Ar1_NBO_=O|Ar2_NBO_C2|sum_enthalpy_hartree,0.9093753751653062,0.7610541171952874,0.5601134291271637,0
5,Ar1_LUMO|Ar2_LUMO|Ar2_NBO_=O|Ar2_I_C=O|sum_enthalpy_hartree,0.9519523207835003,0.760962773404132,0.4078393088546987,0
4,Ar1_LUMO|Ar2_LUMO|Ar2_v_C=O|Ar1_NBO_-O,0.9383305595260442,0.7609232935043285,0.46204883388898915,0
4,sum_homo_hartree|Ar1_HOMO|Ar2_NBO_C2|Entry,0.9167018040526482,0.760835732793199,0.5369955320918283,0
4,Ar2_HOMO|Ar1_HOMO|Ar2_NBO_C2|Entry,0.9167018040526482,0.7608357327931984,0.5369955320918282,0
5,sum_homo_hartree|Ar2_HOMO|Ar1_HOMO|Ar2_NBO_C2|Entry,0.9167018040526482,0.7608357327931983,0.5369955320918282,0
4,sum_homo_hartree|Ar2_HOMO|Ar2_NBO_C2|Entry,0.9167018040526483,0.7608357327931976,0.536995532091828,0
5,Ar2_LUMO|Ar1_NBO_C2|Entry|Ar2_I_C=O|ar2_enthalpy_hartree,0.9462175319126795,0.7607930601366024,0.4314924872363994,0
5,Ar1_LUMO|prod_homo_hartree|sum_homo_hartree|Ar2_NBO_=O|Ar1_NBO_=O,0.9407588062503452,0.7607913655355223,0.45286084762641077,0
5,Ar1_LUMO|Ar2_NBO_C2|Entry|Ar2_I_C=O|ar2_enthalpy_hartree,0.9390850938038092,0.7607907189428472,0.4592135183426474,0
5,Ar2_v_C=O|Ar1_NBO_=O|Ar1_NBO_-O|Ar2_NBO_-O|Ar1_I_C=O,0.9534000548567194,0.7607300180332366,0.40164797082102177,0
4,Ar1_LUMO|Ar1_NBO_C2|Ar2_I_C=O|ar2_enthalpy_hartree,0.9080827487743667,0.7607029384151107,0.5640938808644665,0
4,Ar2_HOMO|Ar2_NBO_C2|Entry|Ar2_I_C=O,0.9131545052127714,0.7606943301032746,0.5483104479781838,0
3,Ar1_LUMO|prod_homo_hartree|Ar1_NBO_=O,0.896883477112778,0.7606924982875746,0.5974712395547026,0
5,Ar2_LUMO|Ar2_NBO_=O|Ar1_NBO_=O|Ar1_NBO_C2|ar2_enthalpy_hartree,0.9429586652418712,0.7606430392292132,0.4443730518989815,0
5,Ar1_LUMO|Ar2_LUMO|Ar2_NBO_=O|Ar1_NBO_C2|ar2_enthalpy_hartree,0.9421725227398182,0.7606396870172609,0.44742474342128963,0
5,Ar1_v_C=O|Ar2_NBO_=O|Ar2_HOMO|Ar2_I_C=O|ar2_enthalpy_hartree,0.950035315924161,0.7606018722488669,0.4158957164470753,0
5,Ar1_LUMO|Ar1_HOMO|Ar2_NBO_-O|Entry|sum_enthalpy_hartree,0.9191165031287098,0.76058420134403,0.5291549145171928,0
5,prod_homo_hartree|Ar2_v_C=O|Ar1_NBO_=O|Ar2_NBO_C2|Ar2_I_C=O,0.9594309933818195,0.7605314177468847,0.3747572654196681,0
5,prod_homo_hartree|Ar1_v_C=O|Ar2_NBO_C2|Ar1_NBO_C2|sum_enthalpy_hartree,0.9356270263651028,0.7605181530732466,0.4720681066903416,0
3,sum_homo_hartree|Ar1_v_C=O|Ar2_NBO_C2,0.9076775368170781,0.760500827012786,0.5653359013691138,0
5,Ar1_LUMO|prod_homo_hartree|Ar1_NBO_=O|Entry|sum_enthalpy_hartree,0.9246195881152939,0.7604898937639064,0.5108367433364731,0
5,Ar2_v_C=O|Ar1_NBO_-O|Ar2_NBO_-O|Ar1_NBO_C2|Ar1_I_C=O,0.950294012153432,0.7604591670278642,0.41481765218875744,0
5,Ar2_LUMO|sum_homo_hartree|Ar2_HOMO|Ar1_NBO_C2|sum_enthalpy_hartree,0.9446455155194953,0.7604493652539049,0.4377531498450534,0
5,Ar2_LUMO|sum_homo_hartree|Ar1_HOMO|Ar1_NBO_C2|sum_enthalpy_hartree,0.9446455155194953,0.7604493652539046,0.4377531498450534,0
5,Ar2_LUMO|Ar2_HOMO|Ar1_HOMO|Ar1_NBO_C2|sum_enthalpy_hartree,0.9446455155194953,0.7604493652539045,0.4377531498450534,0
5,prod_homo_hartree|Ar2_NBO_=O|Ar1_NBO_C2|Entry|ar2_enthalpy_hartree,0.9207349645425326,0.7604214481043523,0.5238340244101507,0
5,Ar1_LUMO|sum_homo_hartree|Ar2_v_C=O|Ar1_NBO_=O|Ar1_NBO_C2,0.9443430181904361,0.7603941446690754,0.43894762165466344,0
5,Ar1_LUMO|Ar2_NBO_=O|Ar2_HOMO|Ar1_NBO_-O|ar2_enthalpy_hartree,0.9461859939831125,0.7603484885734444,0.43161898185219366,0
5,Ar2_LUMO|Ar1_v_C=O|Ar1_NBO_-O|Ar2_NBO_-O|Entry,0.9542934748017742,0.7603092347132245,0.39777911510345404,0
5,Ar2_LUMO|Ar2_v_C=O|Ar2_HOMO|Ar1_NBO_C2|Ar2_I_C=O,0.9536688205908009,0.7602950038051306,0.40048804121749876,0
4,Ar1_LUMO|Ar1_v_C=O|Ar2_HOMO|Ar1_HOMO,0.9411863422725919,0.7601778869545139,0.45122376959212895,0
4,Ar1_LUMO|sum_homo_hartree|Ar1_v_C=O|Ar2_HOMO,0.9411863422725919,0.7601778869545134,0.45122376959212895,0
4,Ar1_LUMO|sum_homo_hartree|Ar1_v_C=O|Ar1_HOMO,0.9411863422725919,0.7601778869545133,0.4512237695921292,0
5,Ar1_LUMO|sum_homo_hartree|Ar1_v_C=O|Ar2_HOMO|Ar1_HOMO,0.9411863422725919,0.7601778869545125,0.451223769592129,0
4,prod_homo_hartree|Ar2_NBO_=O|Ar1_NBO_C2|ar2_enthalpy_hartree,0.907964611838037,0.7601645024254451,0.5644562661802113,0
5,Ar2_LUMO|Ar2_NBO_=O|Ar1_HOMO|ar2_enthalpy_hartree|sum_enthalpy_hartree,0.9418775591018853,0.7601522431976473,0.44856439339738996,0
5,sum_homo_hartree|Ar1_v_C=O|Ar2_NBO_C2|ar2_enthalpy_hartree|sum_enthalpy_hartree,0.9343976195994567,0.7601320266960354,0.4765546083010755,0
5,Ar1_v_C=O|Ar2_NBO_=O|Ar2_NBO_C2|ar2_enthalpy_hartree|Ar1_I_C=O,0.9451654475380981,0.7600744122617092,0.43569244185612954,0
4,Ar1_LUMO|Ar2_v_C=O|Ar1_NBO_-O|Ar2_NBO_-O,0.9392714138269741,0.7600735100125333,0.4585106838072263,0
4,Ar1_v_C=O|Ar2_v_C=O|Ar2_NBO_=O|Ar2_I_C=O,0.9412137091775954,0.7600684551146217,0.45111877667596195,0
5,Ar1_LUMO|Ar2_LUMO|Ar1_NBO_=O|Ar2_I_C=O|sum_enthalpy_hartree,0.9523483526969303,0.7600463257656817,0.4061550278539913,0
3,Ar1_v_C=O|Ar2_NBO_=O|Entry,0.902750966564634,0.760042850732297,0.5802237762585822,0
4,Ar1_LUMO|Ar1_NBO_-O|Ar2_NBO_-O|sum_enthalpy_hartree,0.9292022607150855,0.76000880749266,0.4950653940913248,0
5,Ar1_LUMO|Ar2_NBO_=O|Ar1_NBO_=O|Ar2_NBO_C2|Ar1_I_C=O,0.9421240891955951,0.7600074019728981,0.4476120750455088,0
4,Ar1_LUMO|Ar2_v_C=O|Ar2_HOMO|Ar2_NBO_-O,0.9349595488151828,0.7599884690889207,0.4745092108941899,0
5,Ar1_LUMO|Ar2_LUMO|Ar1_NBO_-O|Ar2_NBO_-O|sum_enthalpy_hartree,0.9301065238816042,0.7599615327599454,0.4918936256796426,0
4,Ar2_HOMO|Ar1_NBO_=O|Ar2_NBO_C2|sum_enthalpy_hartree,0.9039149782400122,0.759932528351533,0.5767408602556747,0
5,Ar2_LUMO|Ar2_NBO_-O|Ar1_NBO_C2|Ar2_I_C=O|sum_enthalpy_hartree,0.9507596691207071,0.7599224044035189,0.41287002708444515,0
5,Ar1_LUMO|Ar2_HOMO|Ar2_NBO_-O|Ar2_NBO_C2|Entry,0.9583520067461933,0.7598867879675483,0.379708146331896,0
5,Ar1_LUMO|Ar2_LUMO|Ar1_NBO_=O|Ar2_NBO_C2|Ar1_I_C=O,0.9432083873022603,0.7598482270065957,0.44339927143634755,0
4,Ar1_v_C=O|Ar2_NBO_-O|Ar1_NBO_C2|ar2_enthalpy_hartree,0.9162976241873366,0.7598300041070296,0.5382967615615146,0
5,Ar2_LUMO|Ar1_v_C=O|Ar1_NBO_=O|Ar1_HOMO|Ar2_NBO_-O,0.9473360248595372,0.7597833137652676,0.4269821237456697,0
5,Ar1_LUMO|Ar1_v_C=O|Ar2_HOMO|Ar1_NBO_-O|Ar1_NBO_C2,0.9318538067710964,0.7596888354716624,0.4857062306529589,0
5,Ar2_HOMO|Ar1_HOMO|Ar2_NBO_C2|Ar1_NBO_C2|Entry,0.9199336040743817,0.7596851324331895,0.5264753165290178,0
5,Ar2_LUMO|Ar2_v_C=O|Ar1_NBO_-O|Ar2_NBO_-O|Ar1_NBO_C2,0.9461441021965328,0.7595299549403867,0.4317869471655986,0
5,Ar2_LUMO|Ar1_HOMO|Ar2_NBO_-O|Ar2_NBO_C2|sum_enthalpy_hartree,0.9447905342261919,0.7594997403312658,0.43717935687342935,0
4,prod_homo_hartree|sum_homo_hartree|Ar1_NBO_=O|Ar1_NBO_C2,0.9335471872904089,0.759480471587354,0.4796335547615079,0
5,prod_homo_hartree|Ar2_HOMO|Ar1_HOMO|Ar2_NBO_C2|Ar1_NBO_C2,0.9475690189924704,0.7594492480872169,0.4260365569963505,0
5,Ar2_LUMO|Ar2_HOMO|Ar1_NBO_-O|Ar1_NBO_C2|ar2_enthalpy_hartree,0.928074467134569,0.7594345267144165,0.498992960053929,0
4,Ar1_LUMO|Ar2_HOMO|Ar1_HOMO|sum_enthalpy_hartree,0.9313446498751701,0.7594294128217758,0.487517340368391,0
4,Ar1_LUMO|sum_homo_hartree|Ar2_HOMO|sum_enthalpy_hartree,0.9313446498751701,0.7594294128217756,0.48751734036839095,0
5,Ar1_LUMO|sum_homo_hartree|Ar2_HOMO|Ar1_HOMO|sum_enthalpy_hartree,0.93134464987517,0.7594294128217756,0.48751734036839117,0
4,Ar1_LUMO|sum_homo_hartree|Ar1_HOMO|sum_enthalpy_hartree,0.93134464987517,0.7594294128217748,0.4875173403683912,0
5,Ar1_LUMO|prod_homo_hartree|Ar1_NBO_-O|Entry|Ar2_I_C=O,0.9566981854640493,0.7594145002455261,0.38717376547880167,0
5,Ar2_LUMO|sum_homo_hartree|Entry|Ar1_I_C=O|sum_enthalpy_hartree,0.9473803503009164,0.759410021816176,0.42680239789799296,0
3,Ar1_LUMO|sum_homo_hartree|sum_enthalpy_hartree,0.8983916513792563,0.759377095743304,0.5930858614338247,0
5,Ar2_LUMO|Ar2_HOMO|Ar1_NBO_C2|Ar2_I_C=O|sum_enthalpy_hartree,0.95934478501051,0.7593578287948054,0.37515523016340946,0
5,Ar1_v_C=O|Ar2_HOMO|Ar1_NBO_-O|Ar2_NBO_C2|Ar2_I_C=O,0.9583898146083694,0.759347028397446,0.37953575852051513,0
4,Ar2_NBO_=O|Ar1_HOMO|Ar1_NBO_C2|sum_enthalpy_hartree,0.9086059684928072,0.7593405916888718,0.5624860964164251,0
5,Ar1_LUMO|Ar2_LUMO|Ar1_v_C=O|Ar2_v_C=O|Ar2_NBO_-O,0.9490956937232139,0.7593087596236812,0.41978811246988795,0
5,Ar1_v_C=O|Ar2_HOMO|Entry|ar2_enthalpy_hartree|sum_enthalpy_hartree,0.9394667987498385,0.7592987675462726,0.4577724956346015,0
5,Ar2_v_C=O|Ar2_HOMO|Ar1_NBO_=O|Ar2_NBO_C2|Ar2_I_C=O,0.9548288126052283,0.7592489312231885,0.3954427593143679,0
5,Ar1_LUMO|Ar2_LUMO|Ar1_NBO_=O|Ar2_NBO_C2|ar2_enthalpy_hartree,0.9427803048171784,0.7592284870056216,0.44506725642283823,0
5,Ar1_LUMO|Ar1_NBO_C2|Entry|Ar2_I_C=O|ar2_enthalpy_hartree,0.9237314796539902,0.759146694514305,0.5138371910834004,0
5,Ar1_LUMO|Ar2_LUMO|Ar2_NBO_=O|Ar2_NBO_C2|Ar1_I_C=O,0.9409188570765425,0.7591307569635147,0.452248691038736,0
5,Ar1_LUMO|Ar2_v_C=O|Ar2_NBO_=O|ar2_enthalpy_hartree|Ar1_I_C=O,0.9706447408504847,0.7591277257375046,0.3187834994694051,0
5,Ar1_v_C=O|Ar2_NBO_=O|Ar2_HOMO|Ar1_NBO_-O|Ar2_I_C=O,0.9548889786325777,0.7591262935025094,0.3951793154127138,0
5,prod_homo_hartree|Ar1_v_C=O|Ar2_NBO_=O|Ar2_NBO_C2|Ar2_I_C=O,0.960873374350681,0.7591259578347792,0.3680349577691684,0
4,Ar1_v_C=O|Ar2_NBO_=O|Ar2_NBO_C2|Ar2_I_C=O,0.9303499509455222,0.7590752880876069,0.4910362877107524,0
5,Ar1_LUMO|Ar2_LUMO|Ar1_v_C=O|Ar2_v_C=O|Ar1_NBO_-O,0.9490956937232139,0.7590510305225027,0.419788112469888,0
5,Ar2_LUMO|Ar1_NBO_-O|Ar2_NBO_-O|ar2_enthalpy_hartree|sum_enthalpy_hartree,0.9301065238816042,0.7589814533082211,0.4918936256796425,0
5,Ar2_LUMO|Ar1_v_C=O|Ar2_v_C=O|Ar2_NBO_-O|Ar2_NBO_C2,0.9510623866736679,0.7589471527732518,0.4115989583684111,0
5,Ar1_LUMO|Ar2_HOMO|Ar2_NBO_C2|Ar2_I_C=O|sum_enthalpy_hartree,0.960368592230046,0.7588948389384298,0.3704014039878368,0
5,Ar2_LUMO|prod_homo_hartree|Ar2_v_C=O|Ar1_NBO_C2|sum_enthalpy_hartree,0.9411638968659557,0.7588922504765231,0.4513098629867184,0
5,Ar1_v_C=O|Ar2_NBO_=O|Ar1_HOMO|ar2_enthalpy_hartree|sum_enthalpy_hartree,0.9338814888580859,0.7588600132704377,0.47842559675019936,0
4,Ar1_LUMO|Ar1_NBO_=O|Ar2_NBO_-O|Ar1_I_C=O,0.9458491659388447,0.7588353108686132,0.43296765116483393,0
5,Ar1_LUMO|Ar1_NBO_=O|Ar2_NBO_C2|Ar1_NBO_C2|Ar1_I_C=O,0.9440908011786049,0.7587328501318804,0.4399410721880843,0
5,Ar2_LUMO|Ar1_v_C=O|Ar2_v_C=O|Ar2_NBO_=O|Ar1_HOMO,0.9496912922593354,0.7586184055734494,0.4173250512908201,0
4,Ar1_LUMO|sum_homo_hartree|Ar2_NBO_-O|Ar2_NBO_C2,0.9260547150280772,0.7585796263448483,0.5059506031299629,0
4,Ar1_LUMO|Ar2_v_C=O|Ar1_HOMO|Ar1_NBO_C2,0.9410722615091994,0.7585730645599847,0.4516611766188923,0
4,prod_homo_hartree|Ar1_NBO_=O|Ar2_NBO_C2|Ar2_I_C=O,0.9521624936764862,0.758565903248005,0.4069463343012772,0
5,Ar1_LUMO|prod_homo_hartree|Ar2_NBO_-O|Ar2_NBO_C2|sum_enthalpy_hartree,0.9417698110531375,0.7585425185267767,0.44897997779596777,0
3,Ar2_LUMO|Ar1_HOMO|Ar2_NBO_-O,0.9130050754668201,0.7585387600069184,0.5487819674091652,0
5,Ar2_LUMO|Ar1_v_C=O|Ar1_HOMO|Ar2_I_C=O|Ar1_I_C=O,0.9687491338867031,0.7585291604515738,0.3289151695606679,0
4,Ar2_LUMO|Ar2_v_C=O|Ar1_NBO_-O|Ar2_I_C=O,0.9476409907404512,0.7585186716287019,0.4257440474442876,0
5,Ar1_LUMO|Ar2_v_C=O|Ar1_NBO_=O|Ar1_NBO_-O|Entry,0.946567218905394,0.7584582841452739,0.4300874441165171,0
5,Ar1_HOMO|Ar2_NBO_C2|Ar1_NBO_C2|Entry|ar2_enthalpy_hartree,0.9242298552950972,0.7584516528268315,0.5121556083341244,0
3,Ar1_v_C=O|Ar2_NBO_-O|sum_enthalpy_hartree,0.904000930230443,0.7584369732726758,0.5764828433712172,0
3,Ar1_LUMO|Ar1_v_C=O|Ar1_HOMO,0.8624503046736812,0.7583969584379947,0.6900533853756373,0
5,Ar1_LUMO|Ar2_LUMO|prod_homo_hartree|Ar2_v_C=O|Ar1_NBO_C2,0.9416987742066082,0.7583536224945024,0.44925375675084656,0
5,Ar2_LUMO|Ar1_HOMO|Ar2_NBO_-O|Ar2_NBO_C2|Entry,0.965118342365861,0.7583514205099646,0.34749729800121937,0
5,Ar1_LUMO|Ar2_LUMO|prod_homo_hartree|sum_homo_hartree|Ar2_NBO_=O,0.939376745148266,0.7583434576123185,0.4581128769501097,0
5,Ar1_LUMO|Ar2_v_C=O|Ar2_HOMO|Ar1_NBO_C2|Ar1_I_C=O,0.9442264606052099,0.7583403057884179,0.43940700621687595,0
5,Ar1_LUMO|prod_homo_hartree|Ar2_NBO_=O|Ar2_I_C=O|sum_enthalpy_hartree,0.9589792946073431,0.7583062601333368,0.3768377799473204,0
4,Ar1_LUMO|sum_homo_hartree|Ar2_NBO_=O|Ar2_I_C=O,0.9539981627125704,0.7582942818959875,0.39906208124794856,0
5,Ar1_NBO_=O|Ar1_HOMO|Entry|ar2_enthalpy_hartree|sum_enthalpy_hartree,0.9118743273981337,0.7582411229904,0.5523369491950681,0
5,sum_homo_hartree|Ar1_v_C=O|Entry|ar2_enthalpy_hartree|sum_enthalpy_hartree,0.9393875291046571,0.7582347045679657,0.4580721294760707,0
5,Ar1_LUMO|Ar2_LUMO|Ar1_v_C=O|Ar2_NBO_-O|Entry,0.9545035744929721,0.7581819388812345,0.39686382422539856,0
5,Ar2_v_C=O|Ar2_HOMO|Ar1_NBO_=O|Ar2_NBO_C2|Ar1_I_C=O,0.9355079150574587,0.7581473981081612,0.47250464597029446,0
5,Ar1_LUMO|Ar2_LUMO|Ar1_v_C=O|Ar1_NBO_-O|Entry,0.9543795469024589,0.7581404845239592,0.3974044003582544,0
5,prod_homo_hartree|Ar2_v_C=O|Ar2_HOMO|Ar1_I_C=O|sum_enthalpy_hartree,0.9640965112212043,0.7581208782251774,0.35255039061879295,0
5,Ar2_LUMO|Ar2_NBO_=O|Ar1_NBO_C2|Entry|ar2_enthalpy_hartree,0.9246088185703836,0.7581157277265721,0.5108732334711618,0
5,Ar2_LUMO|Ar2_v_C=O|Ar2_HOMO|Ar2_NBO_C2|Ar1_NBO_C2,0.9338222697686384,0.7580507499744654,0.4786397999036005,0
5,Ar1_v_C=O|Ar1_HOMO|Ar2_NBO_C2|Ar1_NBO_C2|ar2_enthalpy_hartree,0.9357211890215049,0.7579479452228026,0.4717227175328345,0
5,sum_homo_hartree|Ar1_v_C=O|Ar1_NBO_C2|ar2_enthalpy_hartree|sum_enthalpy_hartree,0.9346576102559105,0.7579455472107762,0.47560934727398124,0
4,Ar1_v_C=O|Ar2_HOMO|Entry|sum_enthalpy_hartree,0.9083667410353354,0.7579352946390956,0.5632217800061693,0
5,Ar2_LUMO|prod_homo_hartree|Ar2_v_C=O|Ar1_NBO_=O|Ar2_NBO_C2,0.9400356844602203,0.757921106855795,0.45561636503468617,0
5,Ar1_LUMO|Ar2_LUMO|Ar2_NBO_=O|Ar2_NBO_C2|sum_enthalpy_hartree,0.9406896634374955,0.7579133123814438,0.45312504674008236,0
5,Ar1_LUMO|Ar1_v_C=O|Ar1_HOMO|Ar2_NBO_C2|Ar2_I_C=O,0.9323837528139983,0.7578725349396899,0.48381397182772423,0
5,Ar1_LUMO|Ar2_NBO_=O|Ar2_NBO_-O|Ar1_NBO_C2|sum_enthalpy_hartree,0.9418944267770305,0.7578709896710993,0.44849929988634213,0
5,sum_homo_hartree|Ar2_v_C=O|Ar2_NBO_-O|Ar1_NBO_C2|Ar2_I_C=O,0.9620907591969354,0.7577998969491906,0.3622642000580529,0
5,sum_homo_hartree|Ar1_v_C=O|Ar1_NBO_=O|Ar2_NBO_-O|Ar1_I_C=O,0.9578600694437989,0.7577799660927551,0.3819440793473272,0
5,Ar2_v_C=O|Ar1_NBO_=O|Ar1_HOMO|Ar2_I_C=O|ar2_enthalpy_hartree,0.9534636178940384,0.7577713339592932,0.4013739503620067,0
5,Ar1_v_C=O|Ar2_v_C=O|Ar2_NBO_-O|Entry|Ar1_I_C=O,0.9541104010337534,0.7577608730256813,0.39857495492316064,0
5,Ar1_LUMO|prod_homo_hartree|Ar2_NBO_=O|Ar2_NBO_-O|sum_enthalpy_hartree,0.9451496551117623,0.7577349654412833,0.4357551773499646,0
5,Ar2_LUMO|Ar2_NBO_=O|Ar2_NBO_C2|Ar1_NBO_C2|ar2_enthalpy_hartree,0.94005504816235,0.7576772424142957,0.45554279518027874,0
4,Ar1_LUMO|prod_homo_hartree|Ar1_HOMO|sum_enthalpy_hartree,0.9316379162665087,0.757669954773011,0.486474992924451,0
4,Ar1_v_C=O|Ar2_HOMO|Ar2_NBO_C2|ar2_enthalpy_hartree,0.9231824437607511,0.7576579668535803,0.5156833601331823,0
5,Ar2_LUMO|Ar1_HOMO|Ar2_NBO_C2|Ar1_NBO_C2|sum_enthalpy_hartree,0.9448598205832026,0.7576532603295918,0.4369049467338157,0
5,sum_homo_hartree|Ar1_v_C=O|Ar2_NBO_=O|Entry|ar2_enthalpy_hartree,0.9255053380778168,0.7576498039154371,0.5078266066944542,0
5,Ar1_LUMO|prod_homo_hartree|Ar2_HOMO|Ar1_NBO_=O|ar2_enthalpy_hartree,0.9438000136665864,0.7575808701319208,0.4410836700196428,0
3,Ar2_NBO_=O|Ar1_HOMO|Ar2_NBO_-O,0.8945658916386063,0.7575553619362714,0.6041481351741352,0
4,Ar2_v_C=O|Ar1_NBO_-O|Ar1_NBO_C2|Ar1_I_C=O,0.9404015178096473,0.7574746053532623,0.4542244150076838,0
4,prod_homo_hartree|Ar1_v_C=O|Ar2_NBO_C2|ar2_enthalpy_hartree,0.923476148034159,0.7574610820926772,0.5146965840433562,0
4,sum_homo_hartree|Ar2_NBO_=O|Ar1_NBO_=O|Entry,0.9025366297159162,0.7574563428879124,0.5808628308721973,0
5,Ar1_v_C=O|Ar2_HOMO|Ar2_NBO_C2|Ar1_NBO_C2|sum_enthalpy_hartree,0.934180573781798,0.7574399651862482,0.4773422990227111,0
5,sum_homo_hartree|Ar2_v_C=O|Ar1_NBO_-O|Ar2_I_C=O|sum_enthalpy_hartree,0.9638067018557142,0.7574124628506305,0.3539704065432185,0
4,sum_homo_hartree|Ar2_NBO_=O|Ar1_NBO_C2|ar2_enthalpy_hartree,0.9047475556842863,0.7573625298776253,0.5742366918235723,0
4,Ar1_LUMO|Ar2_LUMO|Ar1_HOMO|Ar2_NBO_C2,0.9276157056037442,0.7573330534199413,0.5005817901768412,0
5,Ar1_LUMO|Ar1_NBO_=O|Ar2_NBO_C2|ar2_enthalpy_hartree|sum_enthalpy_hartree,0.9396360611801274,0.7573292302838257,0.45713203780156736,0
5,Ar2_LUMO|Ar1_NBO_-O|Ar1_NBO_C2|ar2_enthalpy_hartree|sum_enthalpy_hartree,0.9314238226102111,0.7572680361820904,0.48723615896513606,0
5,sum_homo_hartree|Ar1_v_C=O|Ar2_NBO_=O|Ar1_NBO_C2|Entry,0.9194236173055965,0.7572624675255579,0.5281493599900793,0
5,sum_homo_hartree|Ar2_v_C=O|Ar1_NBO_=O|Ar2_NBO_C2|Ar2_I_C=O,0.9573363510111378,0.7572518690636143,0.38431016637518367,0
5,Ar1_LUMO|Ar2_NBO_=O|Ar2_HOMO|Ar2_NBO_C2|Entry,0.9437445627447725,0.7572500021664896,0.4413012187019876,0
5,Ar1_LUMO|prod_homo_hartree|Ar1_HOMO|Ar1_NBO_-O|Entry,0.9582498684918537,0.7572324168198048,0.38017346261069,0
5,Ar2_LUMO|sum_homo_hartree|Ar2_v_C=O|Ar1_NBO_C2|sum_enthalpy_hartree,0.9413190345292057,0.7571713929420157,0.45071446859156394,0
5,Ar2_LUMO|Ar2_v_C=O|Ar1_NBO_-O|Entry|sum_enthalpy_hartree,0.9368880243238472,0.7571437974453086,0.46742158344737395,0
5,Ar2_LUMO|Ar1_NBO_=O|Ar2_NBO_-O|Ar2_I_C=O|ar2_enthalpy_hartree,0.9590233902791271,0.7570928312330656,0.37663518246711686,0
5,Ar2_NBO_=O|Ar1_NBO_=O|Entry|Ar2_I_C=O|Ar1_I_C=O,0.8831932669192881,0.757079170038382,0.6358970543513919,0
5,Ar1_LUMO|prod_homo_hartree|Ar2_NBO_=O|Ar1_NBO_C2|Ar1_I_C=O,0.95710572198037,0.7570670012080668,0.3853475087483091,0
5,prod_homo_hartree|sum_homo_hartree|Ar2_NBO_=O|Ar1_NBO_C2|Ar1_I_C=O,0.9401710961302188,0.7570634913346891,0.4551016368825465,0
4,Ar1_v_C=O|Ar2_NBO_-O|Ar2_I_C=O|ar2_enthalpy_hartree,0.9297734486384748,0.7569842475136792,0.49306428473822406,0
5,Ar2_LUMO|Ar1_HOMO|Ar2_NBO_C2|Ar2_I_C=O|ar2_enthalpy_hartree,0.9583984523446278,0.7569370950601632,0.3794963631188328,0
5,Ar2_LUMO|Ar1_NBO_=O|Ar2_NBO_-O|Ar2_NBO_C2|ar2_enthalpy_hartree,0.9425192759604495,0.7569168005707471,0.4460812709488228,0
5,Ar2_LUMO|Ar1_NBO_=O|Ar1_NBO_-O|ar2_enthalpy_hartree|Ar1_I_C=O,0.9603792834885959,0.7569156042223761,0.3703514395213988,0
5,sum_homo_hartree|Ar2_NBO_=O|Ar1_NBO_=O|Ar1_HOMO|Entry,0.9136735576384553,0.7569133531619638,0.5466694394737687,0
5,Ar1_LUMO|Ar2_LUMO|Ar2_NBO_=O|Ar2_NBO_C2|Ar1_NBO_C2,0.9306262572530396,0.7568445427067232,0.4900613332617632,0
4,prod_homo_hartree|Ar2_v_C=O|Ar2_HOMO|Ar1_NBO_C2,0.9346295280769812,0.7568414703526269,0.475711537537717,0
5,Ar1_v_C=O|Ar2_v_C=O|ar2_enthalpy_hartree|Ar1_I_C=O|sum_enthalpy_hartree,0.9535404454499181,0.7568326297716172,0.40104249660631724,0
5,Ar2_LUMO|Ar2_HOMO|Ar1_NBO_-O|Ar2_NBO_-O|Entry,0.9570204785334092,0.7568320531279216,0.38573021767617965,0
5,Ar2_LUMO|sum_homo_hartree|Ar1_v_C=O|Ar2_v_C=O|Ar2_NBO_=O,0.949534771177786,0.7568078709392468,0.4179737405929963,0
3,Ar1_LUMO|prod_homo_hartree|Ar2_HOMO,0.9061633466809628,0.756752180212588,0.5699531124204074,0
5,Ar2_LUMO|Ar2_NBO_=O|Ar1_NBO_=O|Ar1_NBO_C2|Ar1_I_C=O,0.9429696731990429,0.7567194882083722,0.4443301718053895,0
5,Ar1_LUMO|Ar2_NBO_=O|Ar2_NBO_-O|Ar1_NBO_C2|ar2_enthalpy_hartree,0.9430885036634804,0.7567190865160675,0.4438670191608762,0
5,Ar2_LUMO|Ar2_NBO_=O|Ar1_HOMO|Ar2_I_C=O|sum_enthalpy_hartree,0.9544917308110381,0.7566513117398281,0.39691547688815093,0
5,Ar1_LUMO|sum_homo_hartree|Ar1_NBO_-O|Ar2_NBO_C2|ar2_enthalpy_hartree,0.9453226718593536,0.7566214147114949,0.4350673740971195,0
5,Ar1_LUMO|Ar2_NBO_=O|Ar1_NBO_C2|Entry|Ar1_I_C=O,0.9466470459975316,0.7566093827613894,0.4297660546818685,0
3,Ar1_LUMO|Entry|Ar2_I_C=O,0.8780102355232527,0.7565793604582796,0.6498521661089411,0
5,Ar1_v_C=O|Ar2_NBO_=O|Ar1_HOMO|Ar1_NBO_-O|Ar1_I_C=O,0.96250634108565,0.7565573186535963,0.3602730586026748,0
3,Ar2_NBO_=O|Ar1_NBO_=O|Ar1_HOMO,0.8993632797063943,0.756516180680236,0.5902433623937369,0
4,Ar2_v_C=O|Ar1_NBO_=O|Ar1_HOMO|Entry,0.9165506038682254,0.7565126361089738,0.5374826795676331,0
5,Ar2_LUMO|Ar2_HOMO|Entry|Ar2_I_C=O|ar2_enthalpy_hartree,0.9345714401134009,0.7564452685709979,0.47592284837661064,0
5,Ar2_LUMO|Ar2_HOMO|Ar2_NBO_-O|Entry|Ar1_I_C=O,0.9385019726208649,0.7564369676096012,0.4614062438763258,0
5,Ar1_NBO_=O|Ar2_NBO_-O|Ar2_I_C=O|ar2_enthalpy_hartree|sum_enthalpy_hartree,0.9264793569459275,0.7564242524217096,0.5044957627545414,0
5,Ar2_v_C=O|Ar2_NBO_=O|Ar1_HOMO|Ar1_NBO_C2|Ar2_I_C=O,0.9557319890255932,0.756400249220299,0.3914694529361985,0
5,Ar1_LUMO|sum_homo_hartree|Ar2_v_C=O|Ar2_HOMO|Ar1_NBO_=O,0.9452329285075072,0.7563320766440166,0.43542427153283486,0
5,Ar1_LUMO|sum_homo_hartree|Ar2_v_C=O|Ar1_NBO_=O|Ar1_HOMO,0.9452329285075073,0.7563320766440149,0.43542427153283464,0
5,Ar1_LUMO|Ar2_v_C=O|Ar2_HOMO|Ar1_NBO_=O|Ar1_HOMO,0.9452329285075072,0.7563320766440148,0.4354242715328348,0
4,Ar1_LUMO|Ar1_NBO_-O|Ar2_NBO_C2|sum_enthalpy_hartree,0.917254357796341,0.7562869351954719,0.5352115042749451,0
5,Ar1_LUMO|prod_homo_hartree|Ar1_NBO_-O|Ar2_NBO_C2|ar2_enthalpy_hartree,0.9458074763704987,0.756242962314461,0.43313428536366144,0
4,Ar1_LUMO|prod_homo_hartree|Ar2_v_C=O|Ar1_HOMO,0.9432684472114017,0.7562369129539469,0.44316475120364635,0
5,Ar1_LUMO|Ar2_v_C=O|Ar2_HOMO|Ar2_NBO_C2|Ar2_I_C=O,0.9595444765124668,0.7562283844888408,0.37423274665376144,0
3,Ar1_NBO_=O|Ar2_NBO_-O|Entry,0.8771624301622366,0.7562010932877012,0.6521064298938487,0
5,prod_homo_hartree|Ar2_NBO_=O|Ar1_NBO_C2|ar2_enthalpy_hartree|Ar1_I_C=O,0.9393234106345999,0.7561755812992886,0.4583143496029247,0
5,Ar1_LUMO|Ar2_HOMO|Ar1_NBO_-O|Ar2_NBO_C2|ar2_enthalpy_hartree,0.943613699485229,0.7561485357428499,0.4418142052921278,0
5,Ar2_LUMO|Ar1_NBO_=O|Ar1_HOMO|Ar2_NBO_-O|ar2_enthalpy_hartree,0.9494730373692254,0.7561384116660252,0.4182293148280965,0
5,Ar1_LUMO|Ar2_LUMO|Ar1_HOMO|Ar1_NBO_C2|sum_enthalpy_hartree,0.9447254766815499,0.7561354955052751,0.43743686200654486,0
5,Ar2_LUMO|sum_homo_hartree|Ar2_HOMO|Ar1_NBO_=O|Ar2_NBO_C2,0.9389784566313614,0.7560761420708629,0.4596152904346486,0
5,Ar2_LUMO|sum_homo_hartree|Ar1_NBO_=O|Ar1_HOMO|Ar2_NBO_C2,0.9389784566313615,0.7560761420708628,0.45961529043464855,0
5,Ar2_LUMO|Ar2_HOMO|Ar1_NBO_=O|Ar1_HOMO|Ar2_NBO_C2,0.9389784566313615,0.7560761420708624,0.4596152904346484,0
5,Ar1_LUMO|sum_homo_hartree|Ar1_v_C=O|Ar2_v_C=O|Ar2_I_C=O,0.967571059463653,0.7560755629527587,0.3350574312823533,0
4,Ar1_LUMO|Ar2_LUMO|prod_homo_hartree|Ar1_NBO_C2,0.925752591911334,0.756071320471821,0.5069831473581111,0
4,Ar2_NBO_=O|Ar1_NBO_=O|Ar2_I_C=O|ar2_enthalpy_hartree,0.8787817518901908,0.7560710328017536,0.6477939326819812,0
5,sum_homo_hartree|Ar1_v_C=O|Ar2_NBO_C2|Ar1_NBO_C2|sum_enthalpy_hartree,0.934641742762149,0.7560681108483271,0.4756670913378377,0
5,Ar2_LUMO|Ar2_v_C=O|Ar2_HOMO|Ar1_NBO_=O|sum_enthalpy_hartree,0.9468619685487218,0.7560475472483894,0.42889956446851346,0
4,Ar1_LUMO|Ar2_NBO_=O|Ar2_HOMO|Ar2_NBO_C2,0.9297310562346544,0.7560331605931498,0.4932130819267765,0
5,Ar1_HOMO|Ar2_NBO_C2|Ar1_NBO_C2|Entry|sum_enthalpy_hartree,0.9237283191086858,0.75601610956637,0.5138478376049923,0
5,Ar1_LUMO|Ar2_NBO_=O|Ar2_NBO_-O|Ar2_I_C=O|Ar1_I_C=O,0.9545626567435206,0.7559855432950212,0.39660605424760237,0
4,Ar2_LUMO|sum_homo_hartree|Entry|Ar1_I_C=O,0.9206978690847484,0.7559374386511148,0.5239565853215642,0
5,prod_homo_hartree|sum_homo_hartree|Ar2_NBO_C2|Ar1_NBO_C2|sum_enthalpy_hartree,0.9253674839138877,0.7558853996769805,0.5082962621936579,0
4,Ar1_LUMO|prod_homo_hartree|Ar1_NBO_C2|Ar1_I_C=O,0.9317644100399761,0.7558810994053613,0.4860247100602824,0
5,prod_homo_hartree|sum_homo_hartree|Ar1_NBO_=O|Ar2_NBO_C2|Ar1_I_C=O,0.9501849462340098,0.7558654470745018,0.41527250360390183,0
5,Ar1_LUMO|Ar2_NBO_=O|Ar2_NBO_C2|Ar1_NBO_C2|Ar1_I_C=O,0.9390747743258328,0.7558502110973226,0.45925241393817834,0
5,Ar1_LUMO|Ar2_v_C=O|Ar2_NBO_=O|Entry|Ar1_I_C=O,0.9537254029983996,0.7558209583694413,0.40024341653152357,0
5,Ar2_LUMO|Ar2_v_C=O|Ar1_HOMO|Ar1_NBO_C2|sum_enthalpy_hartree,0.951045567050934,0.7558118048664769,0.41166968458474895,0
5,Ar1_LUMO|prod_homo_hartree|Ar1_v_C=O|Ar2_NBO_=O|Ar2_I_C=O,0.9624229740663732,0.7558029507810472,0.3606733691459437,0
5,Ar1_v_C=O|Ar1_NBO_=O|Ar1_HOMO|Ar2_NBO_C2|Ar1_I_C=O,0.9532541927591659,0.7557873431524779,0.40227607717026154,0
4,Ar2_LUMO|Ar1_NBO_=O|Ar1_NBO_-O|Ar2_NBO_C2,0.93014987003868,0.755749211655613,0.4917410720625748,0
5,Ar1_LUMO|Ar1_v_C=O|Ar1_HOMO|Ar2_NBO_-O|Ar2_I_C=O,0.9333817165956574,0.7557108311823393,0.4802303387790971,0
3,Ar2_HOMO|Ar1_HOMO|Ar2_NBO_C2,0.8920239424786006,0.7556909206339504,0.611387573747868,0
4,sum_homo_hartree|Ar2_HOMO|Ar1_HOMO|Ar2_NBO_C2,0.8920239424786005,0.7556909206339504,0.6113875737478681,0
3,sum_homo_hartree|Ar1_HOMO|Ar2_NBO_C2,0.8920239424786006,0.7556909206339499,0.611387573747868,0
3,sum_homo_hartree|Ar2_HOMO|Ar2_NBO_C2,0.8920239424786006,0.7556909206339498,0.611387573747868,0
4,Ar1_LUMO|prod_homo_hartree|sum_homo_hartree|Ar2_NBO_C2,0.9323931013016917,0.7556671988112731,0.4837805250934452,0
5,Ar1_LUMO|prod_homo_hartree|Ar2_HOMO|Ar1_NBO_C2|Entry,0.9384131540051652,0.7555913135923754,0.46173931697958637,0
4,Ar1_LUMO|Ar1_HOMO|Ar2_NBO_C2|Ar1_NBO_C2,0.9279728467781891,0.75557112167559,0.49934533800891384,0
5,Ar1_LUMO|prod_homo_hartree|Ar2_HOMO|Ar1_NBO_=O|Entry,0.9383670595866078,0.755503608156615,0.4619120780950538,0
5,Ar2_LUMO|Ar2_NBO_=O|Ar1_NBO_=O|Ar2_I_C=O|sum_enthalpy_hartree,0.9523108012540161,0.7554930825563243,0.40631502970751754,0
5,Ar1_LUMO|prod_homo_hartree|Ar1_v_C=O|Entry|Ar1_I_C=O,0.9423571162090307,0.7554720838258127,0.4467100511503802,0
5,prod_homo_hartree|sum_homo_hartree|Ar1_HOMO|Ar2_NBO_C2|Ar1_I_C=O,0.9571325667059709,0.7554101563318705,0.38522690796410386,0
5,prod_homo_hartree|Ar2_HOMO|Ar1_HOMO|Ar2_NBO_C2|Ar1_I_C=O,0.9571325667059708,0.7554101563318699,0.38522690796410425,0
5,prod_homo_hartree|sum_homo_hartree|Ar2_HOMO|Ar2_NBO_C2|Ar1_I_C=O,0.9571325667059709,0.7554101563318695,0.38522690796410386,0
5,Ar1_v_C=O|Ar2_v_C=O|Ar1_NBO_C2|Ar2_I_C=O|sum_enthalpy_hartree,0.9468580010925854,0.7554098357478939,0.42891557567932787,0
4,Ar1_LUMO|prod_homo_hartree|Ar2_NBO_-O|Ar2_NBO_C2,0.9281367218817429,0.7554097599888773,0.49877696300664864,0
5,prod_homo_hartree|Ar2_v_C=O|Ar2_HOMO|Ar2_NBO_C2|Entry,0.9346716059727164,0.7553946232793027,0.4755584090527265,0
5,Ar2_LUMO|Ar1_NBO_=O|Ar2_NBO_-O|ar2_enthalpy_hartree|sum_enthalpy_hartree,0.9425430868621091,0.7553632077548827,0.4459888686900068,0
4,Ar2_NBO_-O|Ar1_NBO_C2|Ar2_I_C=O|ar2_enthalpy_hartree,0.9107872380273518,0.7552980282481685,0.5557332310960863,0
5,Ar1_LUMO|Ar1_NBO_=O|Ar2_NBO_C2|Ar1_NBO_C2|ar2_enthalpy_hartree,0.9430826256729069,0.7552712687616119,0.44388994052965414,0
3,Ar1_v_C=O|Ar2_HOMO|Ar2_NBO_C2,0.9096588433922972,0.7552456706304118,0.5592367429360908,0
5,prod_homo_hartree|Ar1_v_C=O|Ar2_NBO_=O|Ar2_NBO_C2|Ar1_I_C=O,0.9541296221213821,0.755245177711979,0.3984914736257375,0
5,Ar1_LUMO|Ar1_NBO_-O|Ar2_NBO_C2|Ar2_I_C=O|ar2_enthalpy_hartree,0.9365780986318826,0.7552162874252597,0.4685678678267681,0
5,Ar2_LUMO|sum_homo_hartree|Ar1_NBO_-O|Entry|ar2_enthalpy_hartree,0.9364542343912938,0.7551851156559553,0.4690252058422175,0
4,Ar2_LUMO|Ar2_NBO_C2|Ar2_I_C=O|sum_enthalpy_hartree,0.9054277418585458,0.7551803353264152,0.572182741149249,0
5,Ar1_LUMO|Ar2_v_C=O|Ar2_HOMO|ar2_enthalpy_hartree|Ar1_I_C=O,0.966262325789901,0.7551150113661503,0.3417515118825993,0
4,Ar2_LUMO|prod_homo_hartree|Ar2_NBO_-O|sum_enthalpy_hartree,0.9260943804675629,0.7550837335104668,0.5058148849089751,0
5,prod_homo_hartree|Ar1_NBO_C2|Entry|ar2_enthalpy_hartree|sum_enthalpy_hartree,0.9257933350701146,0.7550644542076079,0.5068440251319477,0
4,Ar1_LUMO|Ar2_v_C=O|Ar2_HOMO|Ar1_I_C=O,0.9383897892781005,0.75506024494029,0.46182689566552965,0
5,Ar2_LUMO|sum_homo_hartree|Ar1_v_C=O|Ar2_I_C=O|Ar1_I_C=O,0.9688350166467579,0.7550267929416629,0.32846290086375085,0
5,Ar1_LUMO|Ar2_v_C=O|Ar2_HOMO|Ar1_NBO_-O|Ar2_NBO_C2,0.9383615039077965,0.7550072127311563,0.461932896323905,0
5,prod_homo_hartree|sum_homo_hartree|Ar1_NBO_-O|Ar1_NBO_C2|Entry,0.936530481157253,0.7549779524539056,0.4687437363489617,0
4,Ar1_NBO_=O|ar2_enthalpy_hartree|Ar1_I_C=O|sum_enthalpy_hartree,0.877304982261078,0.7549671532792787,0.6517279376881147,0
3,sum_homo_hartree|Ar2_v_C=O|Ar1_NBO_=O,0.907674336322182,0.7549629782131753,0.5653457003872716,0
5,Ar2_LUMO|Ar1_v_C=O|Ar2_v_C=O|Ar2_NBO_=O|Ar2_HOMO,0.9493811155431283,0.7549527045096517,0.4186095764855786,0
5,prod_homo_hartree|sum_homo_hartree|Ar1_NBO_=O|Ar1_NBO_C2|Entry,0.9380213256004031,0.7549461596528614,0.46320582920335873,0
5,Ar2_LUMO|Ar1_v_C=O|Ar2_v_C=O|Ar1_NBO_=O|Ar1_NBO_C2,0.9535114248251931,0.7549358159327366,0.40116773120010635,0
3,Ar2_HOMO|Ar1_NBO_C2|sum_enthalpy_hartree,0.8773560502424067,0.754909889902791,0.6515922928400947,0
4,Ar1_LUMO|Ar1_NBO_=O|Ar1_HOMO|Ar2_NBO_-O,0.9069474618490014,0.7548427074084889,0.5675668038848098,0
4,Ar2_LUMO|sum_homo_hartree|Ar2_NBO_-O|sum_enthalpy_hartree,0.9269898975398656,0.7548411630171875,0.5027410564546174,0
5,sum_homo_hartree|Ar1_NBO_=O|Ar1_HOMO|ar2_enthalpy_hartree|sum_enthalpy_hartree,0.906929610405504,0.7548303916953825,0.5676212430277205,0
5,Ar1_LUMO|Ar2_NBO_=O|Ar2_HOMO|Ar1_NBO_-O|sum_enthalpy_hartree,0.9446215814126107,0.7548086806017955,0.4378477772134357,0
5,Ar1_LUMO|Ar2_v_C=O|Ar1_NBO_=O|Ar1_NBO_-O|Ar2_NBO_C2,0.9431174420515143,0.7547410960858488,0.44375415594245526,0
5,Ar1_LUMO|Ar2_LUMO|Ar1_NBO_=O|Ar1_NBO_C2|ar2_enthalpy_hartree,0.9428331819167782,0.7546429377896277,0.4448615640905462,0
4,prod_homo_hartree|Ar2_HOMO|Ar1_NBO_=O|Ar2_NBO_C2,0.9128133023618945,0.754637790985031,0.5493865066228687,0
5,Ar2_NBO_=O|Ar2_I_C=O|ar2_enthalpy_hartree|Ar1_I_C=O|sum_enthalpy_hartree,0.8807288305531297,0.7546270401390613,0.6425702480735507,0
5,Ar1_LUMO|Ar1_v_C=O|Ar1_NBO_-O|Ar2_NBO_-O|Entry,0.9533007161910776,0.7545529808814111,0.4020758461370656,0
5,Ar2_LUMO|Ar1_v_C=O|Ar2_NBO_=O|Ar1_NBO_=O|Ar2_NBO_C2,0.9525735768740338,0.7545158921567505,0.405194050816318,0
5,Ar2_LUMO|Ar1_NBO_=O|Ar2_NBO_C2|Ar1_I_C=O|sum_enthalpy_hartree,0.9514224443206641,0.7545083629704383,0.4100819968397787,0
4,prod_homo_hartree|sum_homo_hartree|Ar2_NBO_C2|Entry,0.9066626289427678,0.754487975214156,0.5684347983705003,0
4,Ar2_LUMO|Ar2_NBO_=O|Ar1_NBO_-O|Ar1_NBO_C2,0.9068306182950516,0.7544585744362771,0.5679230312316483,0
5,Ar2_LUMO|Ar1_v_C=O|Ar2_HOMO|Ar2_I_C=O|Ar1_I_C=O,0.9689230999624676,0.7544542313394644,0.3279983959880717,0
5,prod_homo_hartree|Ar2_v_C=O|Ar2_HOMO|Entry|ar2_enthalpy_hartree,0.9434719916117488,0.7544439716179507,0.4423690321200742,0
5,Ar1_LUMO|Ar2_NBO_=O|Ar2_NBO_-O|Ar2_NBO_C2|ar2_enthalpy_hartree,0.9430579735258501,0.7544366596923286,0.44398605929463275,0
5,Ar1_LUMO|Ar1_v_C=O|Entry|Ar2_I_C=O|ar2_enthalpy_hartree,0.9267586892076061,0.7544237051115628,0.5035364672073406,0
5,Ar1_LUMO|sum_homo_hartree|Ar1_v_C=O|Entry|sum_enthalpy_hartree,0.9186103291811616,0.754416986372386,0.5308080743187674,0
4,Ar1_LUMO|Ar2_NBO_-O|Entry|Ar2_I_C=O,0.8975284602881516,0.7544005967708469,0.5955997480930921,0
4,Ar2_HOMO|Ar1_NBO_=O|Ar2_NBO_C2|ar2_enthalpy_hartree,0.9050106454126984,0.7543061481078444,0.5734431151363699,0
5,prod_homo_hartree|sum_homo_hartree|Ar1_NBO_=O|Ar2_NBO_C2|Entry,0.936693281540902,0.7542997839091503,0.46814218256742557,0
5,Ar2_LUMO|Ar1_NBO_=O|Ar1_NBO_-O|Ar2_NBO_C2|ar2_enthalpy_hartree,0.9435495510627885,0.7542294991315838,0.44206545096533684,0
5,Ar2_LUMO|sum_homo_hartree|Ar2_v_C=O|Ar1_NBO_=O|Ar2_NBO_C2,0.9397643407552486,0.754209326517305,0.4566460531867591,0
4,Ar2_NBO_=O|Ar1_NBO_=O|Ar2_I_C=O|sum_enthalpy_hartree,0.8786810978609161,0.7542037042060793,0.6480628259414275,0
5,Ar1_LUMO|Ar2_HOMO|Ar1_NBO_C2|ar2_enthalpy_hartree|Ar1_I_C=O,0.9560267270047035,0.7541638129361651,0.39016406776676393,0
5,prod_homo_hartree|Ar1_v_C=O|Ar1_NBO_=O|Ar2_NBO_-O|Ar1_I_C=O,0.9570430347233503,0.7541517472494524,0.38562898637339776,0
3,Ar2_v_C=O|Ar1_HOMO|Entry,0.9066451073841395,0.7541509256904381,0.5684881499710092,0
4,prod_homo_hartree|Ar1_v_C=O|Ar2_NBO_C2|Ar1_NBO_C2,0.9229684879106718,0.7541403782082953,0.5164010134757582,0
4,Ar1_HOMO|Ar2_NBO_C2|Entry|sum_enthalpy_hartree,0.9179097030639115,0.7540543022222687,0.5330878542409025,0
5,Ar1_LUMO|Ar1_v_C=O|Ar2_HOMO|Ar2_NBO_-O|Entry,0.9404728650832022,0.7540472267140256,0.4539524502085793,0
5,prod_homo_hartree|Ar2_HOMO|Ar1_NBO_=O|Ar2_NBO_C2|Entry,0.926582239043995,0.7539464225308079,0.5041426527225081,0
5,Ar1_LUMO|Ar1_v_C=O|Ar2_NBO_=O|Ar2_HOMO|Ar1_NBO_-O,0.9443138355490988,0.7539425458099466,0.43906268334063914,0
4,Ar1_v_C=O|Ar2_NBO_-O|ar2_enthalpy_hartree|sum_enthalpy_hartree,0.9343864279301238,0.7538869430386304,0.47659525632415517,0
5,Ar1_LUMO|Ar2_LUMO|Ar1_NBO_=O|Ar1_NBO_C2|Ar1_I_C=O,0.9430368425359207,0.7538838730860913,0.44406843250204747,0
5,Ar1_v_C=O|Ar1_HOMO|Ar2_NBO_C2|Ar1_NBO_C2|sum_enthalpy_hartree,0.9352444440675849,0.7537776108194648,0.47346882924337425,0
5,Ar2_LUMO|Ar2_v_C=O|Ar1_NBO_=O|Ar1_NBO_C2|Ar1_I_C=O,0.950005000409806,0.7537431750603174,0.4160218673566669,0
5,Ar2_LUMO|prod_homo_hartree|sum_homo_hartree|Ar1_NBO_=O|Ar1_HOMO,0.944315197135479,0.7537384259403521,0.4390573155313284,0
5,Ar2_LUMO|prod_homo_hartree|sum_homo_hartree|Ar2_HOMO|Ar1_NBO_=O,0.9443151971354788,0.7537384259403511,0.4390573155313286,0
5,Ar2_LUMO|prod_homo_hartree|Ar2_HOMO|Ar1_NBO_=O|Ar1_HOMO,0.9443151971354788,0.7537384259403503,0.4390573155313289,0
5,prod_homo_hartree|sum_homo_hartree|Ar2_NBO_C2|Ar2_I_C=O|Ar1_I_C=O,0.9575193550208357,0.7537100667398691,0.38348503907097825,0
5,Ar2_LUMO|Ar2_v_C=O|Entry|Ar2_I_C=O|ar2_enthalpy_hartree,0.9391688689542373,0.7536750719649299,0.45889763574436876,0
5,sum_homo_hartree|Ar2_v_C=O|Ar1_NBO_=O|Ar2_NBO_-O|Ar2_I_C=O,0.9630057284729053,0.7536417449913689,0.3578657324602077,0
5,Ar1_LUMO|Ar1_v_C=O|Ar1_HOMO|Ar2_NBO_C2|ar2_enthalpy_hartree,0.9401310589299299,0.7535110468538286,0.4552538872739073,0
4,Ar1_LUMO|sum_homo_hartree|Ar1_NBO_C2|ar2_enthalpy_hartree,0.9226533428369207,0.753510152430024,0.5174562642571857,0
5,Ar1_LUMO|Ar2_LUMO|Ar1_HOMO|Ar2_NBO_C2|Ar1_NBO_C2,0.928148242359203,0.7533744604413468,0.49873698167528135,0
5,Ar2_LUMO|prod_homo_hartree|Ar2_v_C=O|Ar1_HOMO|Ar1_I_C=O,0.9644616209237014,0.7532707927496952,0.3507532325864371,0
4,Ar2_v_C=O|Ar1_NBO_=O|Ar1_NBO_C2|Ar2_I_C=O,0.9348327901303453,0.7532584781298669,0.47497137624623564,0
5,Ar2_LUMO|Ar1_NBO_=O|Ar2_NBO_-O|Ar1_NBO_C2|Ar2_I_C=O,0.9518874051599928,0.7532352804259242,0.40811472493171796,0
3,Ar2_HOMO|Ar1_NBO_C2|ar2_enthalpy_hartree,0.8789596063242351,0.753234286718909,0.6473185285371522,0
5,prod_homo_hartree|sum_homo_hartree|Ar2_NBO_C2|Ar1_NBO_C2|ar2_enthalpy_hartree,0.9260470149919987,0.7532108291108073,0.5059769451508566,0
5,Ar1_LUMO|Ar1_v_C=O|Ar1_HOMO|Ar2_NBO_-O|Ar1_NBO_C2,0.9276330519827833,0.7531882810945042,0.5005218061580091,0
4,prod_homo_hartree|Ar2_NBO_=O|Ar1_NBO_=O|Entry,0.9053235196505605,0.7531534158604845,0.5724979378522778,0
5,sum_homo_hartree|Ar1_v_C=O|Ar2_NBO_=O|Ar1_NBO_C2|ar2_enthalpy_hartree,0.9229646668462399,0.7531259318448733,0.5164138210724327,0
3,Ar1_LUMO|Ar2_I_C=O|sum_enthalpy_hartree,0.8816295172486517,0.7530873456714395,0.6401394374678816,0
5,Ar2_LUMO|prod_homo_hartree|Ar1_NBO_=O|Ar2_NBO_-O|Ar1_I_C=O,0.954811882125764,0.7530782919295673,0.39551685973858675,0
3,Ar2_HOMO|Ar1_NBO_=O|Ar1_NBO_C2,0.892646548296582,0.7530272305262353,0.6096223501283937,0
5,Ar2_LUMO|prod_homo_hartree|Ar1_NBO_=O|Ar2_NBO_C2|Ar2_I_C=O,0.965640172502854,0.7530087184824319,0.34488822079925274,0
4,prod_homo_hartree|sum_homo_hartree|Ar1_NBO_=O|Ar2_NBO_-O,0.9263395516429538,0.7529105501521494,0.5049752041856989,0
5,Ar1_LUMO|prod_homo_hartree|Ar2_NBO_-O|Ar2_NBO_C2|Entry,0.9548785539349678,0.7528845109958873,0.3952249737326396,0
5,Ar1_v_C=O|Ar1_HOMO|Ar2_NBO_-O|Ar1_NBO_C2|ar2_enthalpy_hartree,0.9231945681323199,0.7528657123908551,0.5156426625133769,0
5,Ar1_v_C=O|Ar2_NBO_=O|Ar2_HOMO|Ar1_NBO_C2|Ar1_I_C=O,0.9478235192661695,0.7528267557207483,0.42500130728145114,0
5,Ar2_LUMO|Ar2_NBO_=O|Ar1_NBO_-O|Ar1_NBO_C2|sum_enthalpy_hartree,0.9318955860453669,0.7527591825236396,0.4855573187030965,0
4,Ar1_LUMO|Ar1_v_C=O|Ar1_HOMO|sum_enthalpy_hartree,0.8729269270769392,0.7527554918280183,0.6632536377222542,0
5,Ar2_LUMO|Ar1_v_C=O|Ar1_HOMO|Ar1_NBO_C2|Ar1_I_C=O,0.96799034925119,0.7527106900603453,0.33288432263028883,0
4,prod_homo_hartree|Ar1_v_C=O|Ar2_NBO_C2|Entry,0.924540889179869,0.7526585359237983,0.511103336601919,0
3,Ar1_LUMO|Ar1_NBO_=O|Entry,0.8671503181063225,0.7526274289233541,0.6781615048984844,0
5,Ar2_LUMO|Ar1_NBO_=O|Ar2_NBO_C2|Ar1_NBO_C2|Ar1_I_C=O,0.943164142307736,0.7526015414517417,0.4435719587212726,0
5,Ar2_LUMO|Ar1_NBO_=O|Ar1_NBO_-O|Ar2_NBO_C2|sum_enthalpy_hartree,0.943227229877961,0.7525964436622256,0.4433257088357037,0
5,Ar2_LUMO|Ar1_NBO_=O|Ar1_HOMO|Ar2_NBO_-O|sum_enthalpy_hartree,0.9478318749325308,0.7525810009496525,0.4249672755562232,0
4,Ar2_NBO_=O|Ar1_NBO_=O|Entry|Ar1_I_C=O,0.8763071421445476,0.7525387787744279,0.6543727207848523,0
5,Ar1_LUMO|Ar2_v_C=O|Ar1_NBO_C2|ar2_enthalpy_hartree|Ar1_I_C=O,0.9668758795427896,0.7525332810249941,0.33862970488153005,0
5,Ar2_NBO_=O|Ar1_NBO_-O|Ar2_NBO_C2|Ar2_I_C=O|Ar1_I_C=O,0.9575581663934742,0.7524530340847981,0.3833098183108406,0
5,Ar1_LUMO|Ar1_NBO_=O|Ar2_NBO_C2|Ar1_NBO_C2|sum_enthalpy_hartree,0.9429792684226114,0.7524486585286959,0.44429279145953016,0
4,Ar1_LUMO|Ar2_NBO_=O|Ar2_NBO_-O|Ar2_NBO_C2,0.926423768126238,0.7523878785844424,0.5046864508644594,0
5,Ar2_LUMO|Ar1_v_C=O|Ar1_NBO_=O|Ar1_HOMO|Ar1_NBO_-O,0.9486921861299946,0.75237205572735,0.42144861383126986,0
4,Ar2_LUMO|Ar2_NBO_C2|Entry|ar2_enthalpy_hartree,0.9049123729914809,0.7523592421992511,0.5737396698176462,0
5,Ar2_LUMO|Ar1_v_C=O|Ar2_HOMO|Ar1_NBO_=O|Entry,0.9556838150441918,0.7522886994020155,0.3916824003203593,0
4,Ar1_LUMO|Ar1_v_C=O|Ar2_NBO_C2|sum_enthalpy_hartree,0.9173631707046026,0.7521814513965788,0.534859479216588,0
5,Ar1_LUMO|Ar2_LUMO|Ar1_NBO_=O|Ar2_NBO_C2|sum_enthalpy_hartree,0.9418663891116955,0.7521103114116434,0.4486074939545196,0
5,Ar2_LUMO|Ar1_NBO_=O|Ar1_NBO_-O|Ar1_NBO_C2|sum_enthalpy_hartree,0.9432311209657945,0.7520625081791947,0.4433105162633971,0
5,Ar1_v_C=O|Ar2_NBO_=O|Ar1_NBO_C2|Entry|Ar2_I_C=O,0.9320365164422196,0.7520389547367496,0.4850546697612446,0
5,prod_homo_hartree|sum_homo_hartree|Ar2_NBO_=O|Ar1_HOMO|Ar2_NBO_C2,0.9483937084878585,0.7519947484404038,0.4226727019623583,0
5,prod_homo_hartree|sum_homo_hartree|Ar2_NBO_=O|Ar2_HOMO|Ar2_NBO_C2,0.9483937084878585,0.7519947484404034,0.4226727019623586,0
5,prod_homo_hartree|Ar2_NBO_=O|Ar2_HOMO|Ar1_HOMO|Ar2_NBO_C2,0.9483937084878583,0.7519947484403994,0.4226727019623593,0
5,Ar2_LUMO|prod_homo_hartree|Ar1_v_C=O|Ar2_NBO_=O|Ar1_HOMO,0.9498551488030942,0.7519612339914352,0.4166448786684431,0
4,Ar2_NBO_=O|Ar1_HOMO|Ar2_NBO_-O|Entry,0.9069744533680718,0.7519175038522644,0.567484481566698,0
4,Ar1_v_C=O|Ar2_NBO_C2|ar2_enthalpy_hartree|Ar1_I_C=O,0.9200421376290151,0.7519066750242704,0.5261183651885922,0
5,Ar1_LUMO|Ar2_v_C=O|Ar1_NBO_=O|Ar1_HOMO|Ar1_I_C=O,0.9641457235496623,0.7519032840897242,0.3523086902218334,0
4,Ar2_LUMO|Ar2_NBO_=O|Entry|ar2_enthalpy_hartree,0.9015164977009729,0.751857687228827,0.5838948124429632,0
5,Ar1_LUMO|sum_homo_hartree|Ar2_HOMO|Ar1_NBO_C2|Entry,0.93886222373326,0.7517998600395043,0.46005281625685,0
5,Ar1_LUMO|Ar2_HOMO|Ar1_HOMO|Ar1_NBO_C2|Entry,0.93886222373326,0.7517998600395039,0.46005281625685,0
5,Ar1_LUMO|sum_homo_hartree|Ar1_HOMO|Ar1_NBO_C2|Entry,0.93886222373326,0.7517998600395039,0.46005281625685013,0
5,Ar1_LUMO|Ar1_NBO_=O|Ar1_HOMO|Ar2_NBO_-O|ar2_enthalpy_hartree,0.9298376050687726,0.7517885485552971,0.4928390104519968,0
5,Ar2_LUMO|prod_homo_hartree|sum_homo_hartree|Ar1_NBO_-O|Ar1_NBO_C2,0.9296865139403626,0.7517530592216808,0.49336937687551435,0
5,Ar1_HOMO|Ar1_NBO_-O|Ar2_NBO_C2|Entry|Ar2_I_C=O,0.9457981906474671,0.7517158968921118,0.43317139189115766,0
5,Ar1_LUMO|Ar2_NBO_=O|Ar1_HOMO|Entry|Ar1_I_C=O,0.9623599009370588,0.7516825030168017,0.3609759377967655,0
5,Ar2_LUMO|Ar2_v_C=O|Ar1_NBO_-O|Ar2_NBO_-O|Entry,0.9486816722676462,0.7516689198956286,0.4214917926904135,0
3,sum_homo_hartree|Ar2_NBO_=O|Ar1_NBO_=O,0.89563434856138,0.7516561283025901,0.6010791569379523,0
5,Ar1_LUMO|sum_homo_hartree|Ar2_v_C=O|Ar1_NBO_=O|Ar2_NBO_-O,0.9429980818462722,0.7516529417854885,0.4442194904174125,0
4,Ar1_LUMO|prod_homo_hartree|Ar2_NBO_=O|Ar2_I_C=O,0.9540120737191862,0.7516388112473338,0.39900173827767654,0
4,Ar1_LUMO|Ar1_v_C=O|Ar2_I_C=O|ar2_enthalpy_hartree,0.9193075968688856,0.7516188287278358,0.5285294594412192,0
4,Ar1_LUMO|Ar2_NBO_=O|Ar2_NBO_C2|Ar1_I_C=O,0.9315255017243911,0.7515921436769544,0.48687480812394035,0
5,Ar1_LUMO|Ar1_v_C=O|Ar2_v_C=O|Ar2_NBO_-O|Ar1_NBO_C2,0.9494037523834838,0.7515812980752293,0.41851596460620816,0
5,Ar2_LUMO|Ar2_NBO_-O|Ar1_NBO_C2|Ar2_I_C=O|ar2_enthalpy_hartree,0.9475331779696596,0.7515235723902498,0.4261821481815749,0
5,Ar1_v_C=O|Ar1_HOMO|Ar2_NBO_C2|Ar1_NBO_C2|Entry,0.928834594825197,0.7514808134839019,0.4963492130233151,0
5,Ar2_LUMO|Ar2_NBO_=O|Ar1_NBO_-O|Ar1_NBO_C2|ar2_enthalpy_hartree,0.9254867840410427,0.7514231789087789,0.5078898437551878,0
3,Ar1_v_C=O|Ar2_HOMO|Ar1_NBO_C2,0.8962207186480636,0.7514175174797302,0.5993882208494561,0
4,Ar1_LUMO|Ar1_v_C=O|Ar2_NBO_-O|Ar2_NBO_C2,0.925809600477937,0.7514090691477577,0.5067884743496712,0
5,Ar2_v_C=O|Ar2_NBO_=O|Ar2_HOMO|Ar1_NBO_C2|Ar2_I_C=O,0.9481429312503014,0.751347118032794,0.4236984318733861,0
4,Ar1_LUMO|Ar2_NBO_=O|Ar2_HOMO|Ar2_I_C=O,0.9504954708249383,0.7513419568657435,0.413976169453899,0
4,Ar1_LUMO|Ar2_LUMO|sum_homo_hartree|Ar1_NBO_C2,0.9242012332808964,0.751297549340716,0.5122523320573577,0
5,Ar1_LUMO|prod_homo_hartree|sum_homo_hartree|Ar2_NBO_C2|Ar1_NBO_C2,0.9365733632549231,0.7512867009212368,0.46858536023886505,0
5,Ar2_LUMO|Ar2_NBO_=O|Ar1_NBO_=O|Ar1_NBO_-O|ar2_enthalpy_hartree,0.9441713029927372,0.7512734409107019,0.43962422976359644,0
5,Ar1_LUMO|prod_homo_hartree|Ar2_v_C=O|Ar1_NBO_C2|Ar2_I_C=O,0.9665441597827977,0.7512454451411967,0.34032107556833363,0
5,Ar2_LUMO|Ar2_HOMO|Ar1_NBO_=O|Ar2_NBO_-O|Ar1_I_C=O,0.9536052371255064,0.7512218745180275,0.4007627556445974,0
5,Ar1_LUMO|Ar2_NBO_=O|Ar1_NBO_=O|Ar1_NBO_C2|ar2_enthalpy_hartree,0.9422395779243977,0.7512197153833357,0.44716525733747103,0
5,Ar2_LUMO|Ar2_NBO_=O|Ar1_NBO_=O|Ar1_NBO_C2|sum_enthalpy_hartree,0.9420871668186216,0.7511316537055296,0.4477548310429337,0
5,Ar2_LUMO|prod_homo_hartree|Ar2_NBO_=O|Ar1_NBO_C2|Ar2_I_C=O,0.9655977907639293,0.7511185772425828,0.34510085949662606,0
5,Ar2_LUMO|Ar2_NBO_=O|Ar1_NBO_=O|Ar2_NBO_-O|ar2_enthalpy_hartree,0.9441859947274446,0.7511008739370342,0.4395663807730253,0
5,Ar2_LUMO|Ar2_HOMO|Ar1_NBO_=O|Ar1_NBO_-O|Ar1_I_C=O,0.9542747618925533,0.7510511538406518,0.39786053501795016,0
5,prod_homo_hartree|sum_homo_hartree|Ar2_NBO_=O|Ar1_NBO_C2|ar2_enthalpy_hartree,0.9253084189633995,0.7510165683705952,0.5084973578919857,0
4,Ar1_v_C=O|Ar2_HOMO|Ar1_NBO_-O|ar2_enthalpy_hartree,0.9105252442875432,0.75100355052,0.5565486519230307,0
4,Ar2_LUMO|Ar2_v_C=O|ar2_enthalpy_hartree|sum_enthalpy_hartree,0.9420422345713166,0.7510023295175381,0.4479284948830415,0
4,prod_homo_hartree|Ar1_NBO_C2|ar2_enthalpy_hartree|sum_enthalpy_hartree,0.9037679274835613,0.7509930850556557,0.5771820203561853,0
5,Ar2_LUMO|prod_homo_hartree|Ar1_HOMO|Ar1_NBO_C2|sum_enthalpy_hartree,0.9446281413911791,0.7509837776472419,0.4378218433101799,0
5,Ar2_HOMO|Ar2_NBO_C2|Ar1_NBO_C2|Entry|Ar1_I_C=O,0.9355444759445335,0.7509276884548736,0.4723706943538973,0
5,prod_homo_hartree|Ar2_v_C=O|Ar2_HOMO|Ar2_NBO_-O|Ar2_I_C=O,0.9665959627583044,0.7509135742878936,0.3400574971625126,0
5,Ar1_LUMO|Ar2_v_C=O|Ar1_HOMO|Ar2_NBO_-O|Ar2_NBO_C2,0.9429748923850579,0.7508877931429155,0.4443098396855457,0
3,Ar2_LUMO|Ar1_NBO_-O|Ar2_NBO_C2,0.8743191975836683,0.7508166733159785,0.6596101757954861,0
5,Ar1_v_C=O|Ar2_NBO_=O|Ar1_NBO_=O|ar2_enthalpy_hartree|Ar1_I_C=O,0.9513204901669085,0.7507594568110181,0.41051210955312356,0
5,Ar1_LUMO|Ar2_LUMO|Ar2_HOMO|Ar2_NBO_-O|Entry,0.9553357635395129,0.7507510149694823,0.39321749438929426,0
3,Ar1_LUMO|Ar2_NBO_-O|Ar2_I_C=O,0.8867663012116412,0.7507410065049994,0.6260957004272327,0
3,Ar1_NBO_=O|Ar2_NBO_-O|Ar2_I_C=O,0.8950386663749171,0.7507231659982209,0.6027920897163915,0
5,Ar1_v_C=O|Ar2_v_C=O|Ar1_NBO_=O|Ar2_I_C=O|ar2_enthalpy_hartree,0.9500505308125277,0.7506999067376531,0.4158323888306505,0
5,prod_homo_hartree|Ar1_NBO_=O|Ar2_NBO_C2|Entry|sum_enthalpy_hartree,0.9241764904512167,0.7506695750075519,0.5123359319534317,0
4,Ar1_LUMO|Ar1_v_C=O|Ar1_HOMO|Ar2_NBO_C2,0.9199210579538265,0.7506336819016555,0.5265165633216374,0
5,Ar1_LUMO|prod_homo_hartree|Ar1_NBO_=O|Ar2_NBO_C2|Ar2_I_C=O,0.9584905673920053,0.7506078376713142,0.3790759857565781,0
5,Ar2_LUMO|Ar1_NBO_=O|Ar1_NBO_-O|Ar2_NBO_-O|ar2_enthalpy_hartree,0.9441512970478237,0.7504881069109902,0.4397029913218595,0
5,prod_homo_hartree|Ar1_v_C=O|Ar2_NBO_=O|Ar1_NBO_C2|ar2_enthalpy_hartree,0.9247197834791044,0.7504851584875891,0.5104971292935142,0
5,prod_homo_hartree|Ar2_v_C=O|Ar1_NBO_=O|Ar2_NBO_-O|Ar2_I_C=O,0.9628788118299363,0.7504496980616729,0.358479073759279,0
5,Ar2_LUMO|Ar2_NBO_=O|Ar1_NBO_-O|Ar2_NBO_-O|ar2_enthalpy_hartree,0.9440537161750497,0.7504430305188585,0.4400869561567758,0
5,Ar2_v_C=O|Ar2_NBO_C2|Ar2_I_C=O|Ar1_I_C=O|sum_enthalpy_hartree,0.9505203821855713,0.7503389846869124,0.4138719970930716,0
5,prod_homo_hartree|Ar1_NBO_C2|ar2_enthalpy_hartree|Ar1_I_C=O|sum_enthalpy_hartree,0.9335581923245997,0.7502905209332146,0.4795938378405372,0
4,Ar1_NBO_=O|Ar1_HOMO|Ar2_NBO_C2|ar2_enthalpy_hartree,0.9041080559580401,0.7502811334734945,0.5761611038882718,0
4,Ar1_LUMO|Ar1_v_C=O|Ar2_v_C=O|Ar1_NBO_-O,0.942336695215747,0.750239462242796,0.446789171542764,0
5,Ar2_LUMO|prod_homo_hartree|Ar1_v_C=O|Ar2_v_C=O|Ar2_NBO_=O,0.9500214042071626,0.7502202260272602,0.41595361154771465,0
3,Ar1_LUMO|sum_homo_hartree|Ar1_v_C=O,0.895528575093374,0.7501858734152578,0.6013836734397632,0
5,Ar2_v_C=O|Ar2_NBO_=O|Ar1_NBO_-O|Ar2_NBO_-O|Ar1_I_C=O,0.9524184898911471,0.7501348573772009,0.405856013385837,0
4,sum_homo_hartree|Ar2_NBO_C2|Ar1_NBO_C2|Entry,0.9103945423119745,0.7500987273614246,0.5569549981728155,0
5,Ar1_LUMO|Ar2_HOMO|Ar1_HOMO|Ar1_NBO_-O|Entry,0.9579023513899215,0.7500495611310964,0.3817524156242725,0
5,Ar1_LUMO|sum_homo_hartree|Ar2_HOMO|Ar1_NBO_-O|Entry,0.9579023513899214,0.7500495611310961,0.38175241562427265,0
5,Ar1_LUMO|sum_homo_hartree|Ar1_HOMO|Ar1_NBO_-O|Entry,0.9579023513899214,0.7500495611310958,0.38175241562427276,0
3,Ar1_v_C=O|Ar2_NBO_=O|Ar2_NBO_-O,0.916457795767636,0.7500481428638017,0.5377814767270886,0
5,Ar1_LUMO|Ar1_v_C=O|Ar2_NBO_-O|Ar1_NBO_C2|sum_enthalpy_hartree,0.9295080052918819,0.7500134034828072,0.4939952516470583,0
5,Ar1_LUMO|Ar2_HOMO|Ar1_NBO_C2|Ar2_I_C=O|ar2_enthalpy_hartree,0.9464499676873898,0.7500058738255291,0.4305590707228168,0
